ISO-10303-21;
HEADER;
FILE_DESCRIPTION(('Open CASCADE Model'),'2;1');
FILE_NAME('Open CASCADE Shape Model','2026-09-29T16:56:12',('Author'),(
    'Open CASCADE'),'Open CASCADE STEP processor 7.9','Open CASCADE 7.9'
  ,'Unknown');
FILE_SCHEMA(('AUTOMOTIVE_DESIGN { 1 0 10303 214 1 1 1 1 }'));
ENDSEC;
DATA;
#1 = APPLICATION_PROTOCOL_DEFINITION('international standard',
  'automotive_design',2000,#2);
#2 = APPLICATION_CONTEXT(
  'core data for automotive mechanical design processes');
#3 = SHAPE_DEFINITION_REPRESENTATION(#4,#10);
#4 = PRODUCT_DEFINITION_SHAPE('','',#5);
#5 = PRODUCT_DEFINITION('design','',#6,#9);
#6 = PRODUCT_DEFINITION_FORMATION('','',#7);
#7 = PRODUCT('Open CASCADE STEP translator 7.9 1',
  'Open CASCADE STEP translator 7.9 1','',(#8));
#8 = PRODUCT_CONTEXT('',#2,'mechanical');
#9 = PRODUCT_DEFINITION_CONTEXT('part definition',#2,'design');
#10 = SHAPE_REPRESENTATION('',(#11,#15,#19),#23);
#11 = AXIS2_PLACEMENT_3D('',#12,#13,#14);
#12 = CARTESIAN_POINT('',(0.,0.,0.));
#13 = DIRECTION('',(0.,0.,1.));
#14 = DIRECTION('',(1.,0.,-0.));
#15 = AXIS2_PLACEMENT_3D('',#16,#17,#18);
#16 = CARTESIAN_POINT('',(0.,0.,0.));
#17 = DIRECTION('',(0.,0.,1.));
#18 = DIRECTION('',(1.,0.,-0.));
#19 = AXIS2_PLACEMENT_3D('',#20,#21,#22);
#20 = CARTESIAN_POINT('',(0.,0.,0.));
#21 = DIRECTION('',(0.,0.,1.));
#22 = DIRECTION('',(1.,0.,-0.));
#23 = ( GEOMETRIC_REPRESENTATION_CONTEXT(3) 
GLOBAL_UNCERTAINTY_ASSIGNED_CONTEXT((#27)) GLOBAL_UNIT_ASSIGNED_CONTEXT(
(#24,#25,#26)) REPRESENTATION_CONTEXT('Context #1',
  '3D Context with UNIT and UNCERTAINTY') );
#24 = ( LENGTH_UNIT() NAMED_UNIT(*) SI_UNIT(.MILLI.,.METRE.) );
#25 = ( NAMED_UNIT(*) PLANE_ANGLE_UNIT() SI_UNIT($,.RADIAN.) );
#26 = ( NAMED_UNIT(*) SI_UNIT($,.STERADIAN.) SOLID_ANGLE_UNIT() );
#27 = UNCERTAINTY_MEASURE_WITH_UNIT(LENGTH_MEASURE(2.E-06),#24,
  'distance_accuracy_value','confusion accuracy');
#28 = PRODUCT_RELATED_PRODUCT_CATEGORY('part',$,(#7));
#29 = SHAPE_DEFINITION_REPRESENTATION(#30,#36);
#30 = PRODUCT_DEFINITION_SHAPE('','',#31);
#31 = PRODUCT_DEFINITION('design','',#32,#35);
#32 = PRODUCT_DEFINITION_FORMATION('','',#33);
#33 = PRODUCT('Open CASCADE STEP translator 7.9 1.1',
  'Open CASCADE STEP translator 7.9 1.1','',(#34));
#34 = PRODUCT_CONTEXT('',#2,'mechanical');
#35 = PRODUCT_DEFINITION_CONTEXT('part definition',#2,'design');
#36 = ADVANCED_BREP_SHAPE_REPRESENTATION('',(#11,#37),#4806);
#37 = MANIFOLD_SOLID_BREP('',#38);
#38 = CLOSED_SHELL('',(#39,#376,#500,#2241,#2340,#3510,#3565,#3755,#3788
    ,#3843,#3892,#3948,#3995,#4069,#4102,#4127,#4160,#4205,#4238,#4264,
    #4271,#4326,#4427,#4460,#4486,#4519,#4526,#4559,#4585,#4592,#4668,
    #4718,#4767,#4795,#4799));
#39 = ADVANCED_FACE('',(#40),#56,.F.);
#40 = FACE_BOUND('',#41,.F.);
#41 = EDGE_LOOP('',(#42,#185,#265,#299));
#42 = ORIENTED_EDGE('',*,*,#43,.F.);
#43 = EDGE_CURVE('',#44,#46,#48,.T.);
#44 = VERTEX_POINT('',#45);
#45 = CARTESIAN_POINT('',(-30.48192064731,0.125,0.));
#46 = VERTEX_POINT('',#47);
#47 = CARTESIAN_POINT('',(-21.79365980691,0.125,23.504014306788));
#48 = SURFACE_CURVE('',#49,(#55,#171),.PCURVE_S1.);
#49 = B_SPLINE_CURVE_WITH_KNOTS('',4,(#50,#51,#52,#53,#54),
  .UNSPECIFIED.,.F.,.F.,(5,5),(0.,1.),.PIECEWISE_BEZIER_KNOTS.);
#50 = CARTESIAN_POINT('',(-30.48192064731,0.125,0.));
#51 = CARTESIAN_POINT('',(-28.3098368359,0.125,5.875996745027));
#52 = CARTESIAN_POINT('',(-26.13776508977,0.125,11.751997921325));
#53 = CARTESIAN_POINT('',(-23.96570589837,0.125,17.628003708546));
#54 = CARTESIAN_POINT('',(-21.79365980691,0.125,23.504014306788));
#55 = PCURVE('',#56,#163);
#56 = B_SPLINE_SURFACE_WITH_KNOTS('',3,1,(
    (#57,#58)
    ,(#59,#60)
    ,(#61,#62)
    ,(#63,#64)
    ,(#65,#66)
    ,(#67,#68)
    ,(#69,#70)
    ,(#71,#72)
    ,(#73,#74)
    ,(#75,#76)
    ,(#77,#78)
    ,(#79,#80)
    ,(#81,#82)
    ,(#83,#84)
    ,(#85,#86)
    ,(#87,#88)
    ,(#89,#90)
    ,(#91,#92)
    ,(#93,#94)
    ,(#95,#96)
    ,(#97,#98)
    ,(#99,#100)
    ,(#101,#102)
    ,(#103,#104)
    ,(#105,#106)
    ,(#107,#108)
    ,(#109,#110)
    ,(#111,#112)
    ,(#113,#114)
    ,(#115,#116)
    ,(#117,#118)
    ,(#119,#120)
    ,(#121,#122)
    ,(#123,#124)
    ,(#125,#126)
    ,(#127,#128)
    ,(#129,#130)
    ,(#131,#132)
    ,(#133,#134)
    ,(#135,#136)
    ,(#137,#138)
    ,(#139,#140)
    ,(#141,#142)
    ,(#143,#144)
    ,(#145,#146)
    ,(#147,#148)
    ,(#149,#150)
    ,(#151,#152)
    ,(#153,#154)
    ,(#155,#156)
    ,(#157,#158)
    ,(#159,#160)
    ,(#161,#162
    )),.UNSPECIFIED.,.T.,.F.,.F.,(1,1,2,1,1,1,1,1,1,1,1,1,1,1,1,1,1,1,1,
    1,1,1,1,1,1,1,1,1,1,1,1,1,1,1,1,1,1,1,1,1,1,1,1,1,1,1,1,1,1,1,1,1,2,
    1,1),(2,2),(-5.3149991529,-5.2632607823,0.,5.2632607823,5.3149991529
    ,11.39160693637,11.489464627932,18.197018432402,18.615802669139,
    25.027787502804,25.799383972585,32.155814694628,33.161466738418,
    38.308038921471,39.286271153523,46.504917065037,47.293923743389,
    56.094319899761,56.661954486294,62.601422896138,63.018840516419,
    67.045677520467,67.360499185637,70.96365619721,71.188031027438,
    75.560885908381,75.679133342015,80.683131743294,85.687130144573,
    85.805377578207,90.17823245915,90.402607289378,94.005764300951,
    94.320585966121,98.347422970169,98.76484059045,104.70430900029,
    105.27194358682,114.07233974319,114.86134642155,122.07999233306,
    123.05822456511,128.20479674817,129.21044879196,135.566879514,
    136.33847598378,142.75046081744,143.16924505418,149.87679885865,
    149.97465655021,156.05126433368,156.10300270428,161.36626348658,
    166.62952426888,166.68126263948),(0.,1.),.UNSPECIFIED.);
#57 = CARTESIAN_POINT('',(-30.75097048546,-1.790374972841,0.));
#58 = CARTESIAN_POINT('',(-21.99824887035,-1.740810774458,
    23.536418031097));
#59 = CARTESIAN_POINT('',(-30.24902951453,1.790374972841,0.));
#60 = CARTESIAN_POINT('',(-21.61743001406,1.740810774458,23.476102249678
    ));
#61 = CARTESIAN_POINT('',(-29.66763974488,3.471069171078,0.));
#62 = CARTESIAN_POINT('',(-21.13692314401,3.411200398714,23.399997437993
    ));
#63 = CARTESIAN_POINT('',(-27.8941143378,6.81310796501,0.));
#64 = CARTESIAN_POINT('',(-19.62597838167,6.783656228023,23.160687297448
    ));
#65 = CARTESIAN_POINT('',(-26.59404112288,8.47589583334,0.));
#66 = CARTESIAN_POINT('',(-18.4978649213,8.495914577232,22.982011678405)
  );
#67 = CARTESIAN_POINT('',(-23.62023518487,11.606158546103,0.));
#68 = CARTESIAN_POINT('',(-15.84044057828,11.73674673007,22.561117011131
    ));
#69 = CARTESIAN_POINT('',(-21.78105783336,13.17027296892,0.));
#70 = CARTESIAN_POINT('',(-14.15071695194,13.3673788433,22.29349108027)
  );
#71 = CARTESIAN_POINT('',(-18.0536115849,15.736840111518,0.));
#72 = CARTESIAN_POINT('',(-10.64914015953,16.022506328103,
    21.738895799751));
#73 = CARTESIAN_POINT('',(-15.81122670317,16.982185691323,0.));
#74 = CARTESIAN_POINT('',(-8.504436834655,17.285972125127,
    21.399208163978));
#75 = CARTESIAN_POINT('',(-11.57768173226,18.551452012694,0.));
#76 = CARTESIAN_POINT('',(-4.404909593218,18.771215308687,
    20.749906836248));
#77 = CARTESIAN_POINT('',(-8.894446453953,19.087233001107,0.));
#78 = CARTESIAN_POINT('',(-1.793935686735,19.23501280815,20.336369195367
    ));
#79 = CARTESIAN_POINT('',(-4.739205638589,19.5597814856,0.));
#80 = CARTESIAN_POINT('',(2.215965535253,19.62890694706,19.701263234566)
  );
#81 = CARTESIAN_POINT('',(-2.371459324043,19.683974757103,0.));
#82 = CARTESIAN_POINT('',(4.502033603419,19.719915740019,19.339185623046
    ));
#83 = CARTESIAN_POINT('',(2.082838027853,19.809669470019,0.));
#84 = CARTESIAN_POINT('',(8.80781088313,19.818893372068,18.657217498437)
  );
#85 = CARTESIAN_POINT('',(5.107949576748,19.826193298015,0.));
#86 = CARTESIAN_POINT('',(11.720201413837,19.771876289585,
    18.195940154224));
#87 = CARTESIAN_POINT('',(10.635210808351,19.019939584133,0.));
#88 = CARTESIAN_POINT('',(17.025355321593,18.810298729027,
    17.355686321709));
#89 = CARTESIAN_POINT('',(13.866317303376,17.870530315775,0.));
#90 = CARTESIAN_POINT('',(20.134858607067,17.657063234668,
    16.863189384152));
#91 = CARTESIAN_POINT('',(18.694379287834,16.220683880243,0.));
#92 = CARTESIAN_POINT('',(24.789433497112,16.062890701974,
    16.125977145243));
#93 = CARTESIAN_POINT('',(20.867784573782,15.521680546992,0.));
#94 = CARTESIAN_POINT('',(26.886496146852,15.369932871603,
    15.793835051139));
#95 = CARTESIAN_POINT('',(24.136022748381,14.263130696254,0.));
#96 = CARTESIAN_POINT('',(30.041341769309,14.111273626422,
    15.294156592915));
#97 = CARTESIAN_POINT('',(25.637392099103,13.6126108688,0.));
#98 = CARTESIAN_POINT('',(31.459767682406,13.433354260489,
    15.069499998528));
#99 = CARTESIAN_POINT('',(27.623766801415,11.888237983173,0.));
#100 = CARTESIAN_POINT('',(33.298783049595,11.653713157404,
    14.778228578847));
#101 = CARTESIAN_POINT('',(28.395434393424,10.66973300597,0.));
#102 = CARTESIAN_POINT('',(34.009010182933,10.44037475841,14.66573965183
    ));
#103 = CARTESIAN_POINT('',(29.418229058884,8.100420974095,0.));
#104 = CARTESIAN_POINT('',(34.93948201503,7.915836963959,14.518367391466
    ));
#105 = CARTESIAN_POINT('',(29.657943663743,6.534291652422,0.));
#106 = CARTESIAN_POINT('',(35.15800326543,6.383573937268,14.483757025522
    ));
#107 = CARTESIAN_POINT('',(29.950694037323,3.373705713717,0.));
#108 = CARTESIAN_POINT('',(35.431607783666,3.295823390736,
    14.440422327031));
#109 = CARTESIAN_POINT('',(30.048167762005,-5.427514334954E-16,0.));
#110 = CARTESIAN_POINT('',(35.523487950686,-1.008221284238E-14,
    14.425869938201));
#111 = CARTESIAN_POINT('',(29.950693973415,-3.373705713717,0.));
#112 = CARTESIAN_POINT('',(35.431607734688,-3.295823390736,
    14.440422334788));
#113 = CARTESIAN_POINT('',(29.657943723933,-6.534291652422,0.));
#114 = CARTESIAN_POINT('',(35.158003305122,-6.383573937268,
    14.483757019236));
#115 = CARTESIAN_POINT('',(29.418229249803,-8.100420974095,0.));
#116 = CARTESIAN_POINT('',(34.939482158749,-7.915836963959,
    14.518367368703));
#117 = CARTESIAN_POINT('',(28.395434208543,-10.66973300597,0.));
#118 = CARTESIAN_POINT('',(34.009010083246,-10.44037475841,
    14.665739667619));
#119 = CARTESIAN_POINT('',(27.623766248419,-11.88823798317,0.));
#120 = CARTESIAN_POINT('',(33.298782637043,-11.6537131574,
    14.778228644189));
#121 = CARTESIAN_POINT('',(25.637392866589,-13.6126108688,0.));
#122 = CARTESIAN_POINT('',(31.459768035132,-13.43335426048,
    15.069499942661));
#123 = CARTESIAN_POINT('',(24.136025208563,-14.26313069625,0.));
#124 = CARTESIAN_POINT('',(30.041343587565,-14.11127362642,
    15.294156304932));
#125 = CARTESIAN_POINT('',(20.867780072147,-15.52168054699,0.));
#126 = CARTESIAN_POINT('',(26.886494145945,-15.3699328716,
    15.793835368051));
#127 = CARTESIAN_POINT('',(18.694362765418,-16.22068388024,0.));
#128 = CARTESIAN_POINT('',(24.789421340178,-16.06289070197,
    16.125979070712));
#129 = CARTESIAN_POINT('',(13.866347190255,-17.87053031577,0.));
#130 = CARTESIAN_POINT('',(20.134872371466,-17.65706323466,
    16.863187204085));
#131 = CARTESIAN_POINT('',(10.635323704132,-19.01993958413,0.));
#132 = CARTESIAN_POINT('',(17.02543848224,-18.81029872902,
    17.355673150356));
#133 = CARTESIAN_POINT('',(5.107828623075,-19.82619329801,0.));
#134 = CARTESIAN_POINT('',(11.720151632547,-19.77187628958,
    18.195948038806));
#135 = CARTESIAN_POINT('',(2.082507446764,-19.80966947001,0.));
#136 = CARTESIAN_POINT('',(8.807565954824,-19.81889337206,
    18.657256291269));
#137 = CARTESIAN_POINT('',(-2.37110174355,-19.6839747571,0.));
#138 = CARTESIAN_POINT('',(4.502135355701,-19.71991574001,
    19.339169507067));
#139 = CARTESIAN_POINT('',(-4.738418123783,-19.5597814856,0.));
#140 = CARTESIAN_POINT('',(2.216551325446,-19.62890694706,
    19.701170454514));
#141 = CARTESIAN_POINT('',(-8.895918190854,-19.0872330011,0.));
#142 = CARTESIAN_POINT('',(-1.794321246138,-19.23501280815,
    20.336430261977));
#143 = CARTESIAN_POINT('',(-11.5815357017,-18.55145201269,0.));
#144 = CARTESIAN_POINT('',(-4.40770015636,-18.77121530868,
    20.750348818029));
#145 = CARTESIAN_POINT('',(-15.80593312717,-16.98218569132,0.));
#146 = CARTESIAN_POINT('',(-8.502550936723,-17.28597212512,
    21.398909467089));
#147 = CARTESIAN_POINT('',(-18.03955100017,-15.73684011151,0.));
#148 = CARTESIAN_POINT('',(-10.63892441321,-16.0225063281,
    21.737277784488));
#149 = CARTESIAN_POINT('',(-21.79855727753,-13.17027296892,0.));
#150 = CARTESIAN_POINT('',(-14.15944911494,-13.3673788433,
    22.294874119019));
#151 = CARTESIAN_POINT('',(-23.6735096403,-11.6061585461,0.));
#152 = CARTESIAN_POINT('',(-15.87966934423,-11.73674673007,
    22.567330237272));
#153 = CARTESIAN_POINT('',(-26.54352158649,-8.47589583334,0.));
#154 = CARTESIAN_POINT('',(-18.46391634434,-8.495914577232,
    22.976634752044));
#155 = CARTESIAN_POINT('',(-27.72569548317,-6.81310796501,0.));
#156 = CARTESIAN_POINT('',(-19.49968703901,-6.783656228023,
    23.140684713824));
#157 = CARTESIAN_POINT('',(-29.80962589578,-3.471069171078,0.));
#158 = CARTESIAN_POINT('',(-21.24938938245,-3.411200398714,
    23.417810340224));
#159 = CARTESIAN_POINT('',(-30.75097048546,-1.790374972841,0.));
#160 = CARTESIAN_POINT('',(-21.99824887035,-1.740810774458,
    23.536418031097));
#161 = CARTESIAN_POINT('',(-30.24902951453,1.790374972841,0.));
#162 = CARTESIAN_POINT('',(-21.61743001406,1.740810774458,
    23.476102249678));
#163 = DEFINITIONAL_REPRESENTATION('',(#164),#170);
#164 = B_SPLINE_CURVE_WITH_KNOTS('',4,(#165,#166,#167,#168,#169),
  .UNSPECIFIED.,.F.,.F.,(5,5),(0.,1.),.PIECEWISE_BEZIER_KNOTS.);
#165 = CARTESIAN_POINT('',(0.122690979386,0.));
#166 = CARTESIAN_POINT('',(0.123527182656,0.249999036543));
#167 = CARTESIAN_POINT('',(0.124378326022,0.499998697742));
#168 = CARTESIAN_POINT('',(0.12524499872,0.749999009325));
#169 = CARTESIAN_POINT('',(0.126127855017,1.));
#170 = ( GEOMETRIC_REPRESENTATION_CONTEXT(2) 
PARAMETRIC_REPRESENTATION_CONTEXT() REPRESENTATION_CONTEXT('2D SPACE',''
  ) );
#171 = PCURVE('',#172,#177);
#172 = PLANE('',#173);
#173 = AXIS2_PLACEMENT_3D('',#174,#175,#176);
#174 = CARTESIAN_POINT('',(-100.,0.125,-100.));
#175 = DIRECTION('',(0.,1.,0.));
#176 = DIRECTION('',(0.,0.,1.));
#177 = DEFINITIONAL_REPRESENTATION('',(#178),#184);
#178 = B_SPLINE_CURVE_WITH_KNOTS('',4,(#179,#180,#181,#182,#183),
  .UNSPECIFIED.,.F.,.F.,(5,5),(0.,1.),.PIECEWISE_BEZIER_KNOTS.);
#179 = CARTESIAN_POINT('',(100.,69.518079352685));
#180 = CARTESIAN_POINT('',(105.87599674502,71.690163164091));
#181 = CARTESIAN_POINT('',(111.75199792132,73.862234910221));
#182 = CARTESIAN_POINT('',(117.62800370854,76.034294101622));
#183 = CARTESIAN_POINT('',(123.50401430678,78.206340193082));
#184 = ( GEOMETRIC_REPRESENTATION_CONTEXT(2) 
PARAMETRIC_REPRESENTATION_CONTEXT() REPRESENTATION_CONTEXT('2D SPACE',''
  ) );
#185 = ORIENTED_EDGE('',*,*,#186,.T.);
#186 = EDGE_CURVE('',#44,#187,#189,.T.);
#187 = VERTEX_POINT('',#188);
#188 = CARTESIAN_POINT('',(29.999908873115,0.125,0.));
#189 = SURFACE_CURVE('',#190,(#220,#227),.PCURVE_S1.);
#190 = B_SPLINE_CURVE_WITH_KNOTS('',3,(#191,#192,#193,#194,#195,#196,
    #197,#198,#199,#200,#201,#202,#203,#204,#205,#206,#207,#208,#209,
    #210,#211,#212,#213,#214,#215,#216,#217,#218,#219),.UNSPECIFIED.,.T.
  ,.F.,(1,1,2,1,1,1,1,1,1,1,1,1,1,1,1,1,1,1,1,1,1,1,1,1,1,1,1,1,2,1,1),(
    -11.48946462793,-5.2632607823,0.,5.2632607823,11.489464627932,
    18.615802669139,25.799383972585,33.161466738418,39.286271153523,
    47.293923743389,56.661954486294,63.018840516419,67.360499185637,
    71.188031027438,75.679133342015,80.683131743294,85.687130144573,
    90.17823245915,94.005764300951,98.347422970169,104.70430900029,
    114.07233974319,122.07999233306,128.20479674817,135.566879514,
    142.75046081744,149.87679885865,156.10300270428,161.36626348658,
    166.62952426888,172.85572811452),.UNSPECIFIED.);
#191 = CARTESIAN_POINT('',(-30.75097048546,-1.790374972841,0.));
#192 = CARTESIAN_POINT('',(-30.24902951453,1.790374972841,0.));
#193 = CARTESIAN_POINT('',(-28.99223586296,5.423541410972,0.));
#194 = CARTESIAN_POINT('',(-25.09270022863,10.391057164978,0.));
#195 = CARTESIAN_POINT('',(-19.8344993228,14.803875130659,0.));
#196 = CARTESIAN_POINT('',(-13.39408764777,18.29089132198,0.));
#197 = CARTESIAN_POINT('',(-6.524840315286,19.506603357553,0.));
#198 = CARTESIAN_POINT('',(0.612219045963,19.811393650147,0.));
#199 = CARTESIAN_POINT('',(8.53010067855,19.837458793336,0.));
#200 = CARTESIAN_POINT('',(16.064713000071,17.060202061734,0.));
#201 = CARTESIAN_POINT('',(22.361051619895,15.04335674056,0.));
#202 = CARTESIAN_POINT('',(26.944414679483,13.041846879818,0.));
#203 = CARTESIAN_POINT('',(29.256656424578,9.261815037016,0.));
#204 = CARTESIAN_POINT('',(29.908601584998,4.830585989661,0.));
#205 = CARTESIAN_POINT('',(30.048167762005,-5.427514334954E-16,0.));
#206 = CARTESIAN_POINT('',(29.908601493492,-4.830585989661,0.));
#207 = CARTESIAN_POINT('',(29.256656727623,-9.261815037016,0.));
#208 = CARTESIAN_POINT('',(26.944413672524,-13.04184687981,0.));
#209 = CARTESIAN_POINT('',(22.36105683542,-15.04335674056,0.));
#210 = CARTESIAN_POINT('',(16.064677243337,-17.06020206173,0.));
#211 = CARTESIAN_POINT('',(8.530289903684,-19.83745879333,0.));
#212 = CARTESIAN_POINT('',(0.611690605801,-19.81139365014,0.));
#213 = CARTESIAN_POINT('',(-6.523249364139,-19.50660335755,0.));
#214 = CARTESIAN_POINT('',(-13.40137511796,-18.29089132198,0.));
#215 = CARTESIAN_POINT('',(-19.80826488344,-14.80387513065,0.));
#216 = CARTESIAN_POINT('',(-25.18460328413,-10.39105716497,0.));
#217 = CARTESIAN_POINT('',(-28.71606040276,-5.423541410972,0.));
#218 = CARTESIAN_POINT('',(-30.75097048546,-1.790374972841,0.));
#219 = CARTESIAN_POINT('',(-30.24902951453,1.790374972841,0.));
#220 = PCURVE('',#56,#221);
#221 = DEFINITIONAL_REPRESENTATION('',(#222),#226);
#222 = LINE('',#223,#224);
#223 = CARTESIAN_POINT('',(0.,0.));
#224 = VECTOR('',#225,1.);
#225 = DIRECTION('',(1.,0.));
#226 = ( GEOMETRIC_REPRESENTATION_CONTEXT(2) 
PARAMETRIC_REPRESENTATION_CONTEXT() REPRESENTATION_CONTEXT('2D SPACE',''
  ) );
#227 = PCURVE('',#228,#233);
#228 = PLANE('',#229);
#229 = AXIS2_PLACEMENT_3D('',#230,#231,#232);
#230 = CARTESIAN_POINT('',(-30.5,0.,0.));
#231 = DIRECTION('',(-0.,0.,1.));
#232 = DIRECTION('',(1.,-1.835079379546E-18,0.));
#233 = DEFINITIONAL_REPRESENTATION('',(#234),#264);
#234 = B_SPLINE_CURVE_WITH_KNOTS('',3,(#235,#236,#237,#238,#239,#240,
    #241,#242,#243,#244,#245,#246,#247,#248,#249,#250,#251,#252,#253,
    #254,#255,#256,#257,#258,#259,#260,#261,#262,#263),.UNSPECIFIED.,.F.
  ,.F.,(1,1,2,1,1,1,1,1,1,1,1,1,1,1,1,1,1,1,1,1,1,1,1,1,1,1,1,1,2,1,1),(
    -11.48946462793,-5.2632607823,0.,5.2632607823,11.489464627932,
    18.615802669139,25.799383972585,33.161466738418,39.286271153523,
    47.293923743389,56.661954486294,63.018840516419,67.360499185637,
    71.188031027438,75.679133342015,80.683131743294,85.687130144573,
    90.17823245915,94.005764300951,98.347422970169,104.70430900029,
    114.07233974319,122.07999233306,128.20479674817,135.566879514,
    142.75046081744,149.87679885865,156.10300270428,161.36626348658,
    166.62952426888,172.85572811452),.UNSPECIFIED.);
#235 = CARTESIAN_POINT('',(-0.250970485465,-1.790374972841));
#236 = CARTESIAN_POINT('',(0.250970485465,1.790374972841));
#237 = CARTESIAN_POINT('',(1.507764137034,5.423541410972));
#238 = CARTESIAN_POINT('',(5.407299771361,10.391057164978));
#239 = CARTESIAN_POINT('',(10.665500677195,14.803875130659));
#240 = CARTESIAN_POINT('',(17.105912352221,18.29089132198));
#241 = CARTESIAN_POINT('',(23.975159684714,19.506603357553));
#242 = CARTESIAN_POINT('',(31.112219045963,19.811393650147));
#243 = CARTESIAN_POINT('',(39.03010067855,19.837458793336));
#244 = CARTESIAN_POINT('',(46.564713000071,17.060202061734));
#245 = CARTESIAN_POINT('',(52.861051619895,15.04335674056));
#246 = CARTESIAN_POINT('',(57.444414679483,13.041846879818));
#247 = CARTESIAN_POINT('',(59.756656424578,9.261815037016));
#248 = CARTESIAN_POINT('',(60.408601584998,4.830585989661));
#249 = CARTESIAN_POINT('',(60.548167762005,-4.316407393661E-16));
#250 = CARTESIAN_POINT('',(60.408601493492,-4.830585989661));
#251 = CARTESIAN_POINT('',(59.756656727623,-9.261815037016));
#252 = CARTESIAN_POINT('',(57.444413672524,-13.04184687981));
#253 = CARTESIAN_POINT('',(52.86105683542,-15.04335674056));
#254 = CARTESIAN_POINT('',(46.564677243337,-17.06020206173));
#255 = CARTESIAN_POINT('',(39.030289903684,-19.83745879333));
#256 = CARTESIAN_POINT('',(31.111690605801,-19.81139365014));
#257 = CARTESIAN_POINT('',(23.976750635861,-19.50660335755));
#258 = CARTESIAN_POINT('',(17.098624882031,-18.29089132198));
#259 = CARTESIAN_POINT('',(10.691735116554,-14.80387513065));
#260 = CARTESIAN_POINT('',(5.31539671587,-10.39105716497));
#261 = CARTESIAN_POINT('',(1.78393959724,-5.423541410972));
#262 = CARTESIAN_POINT('',(-0.250970485465,-1.790374972841));
#263 = CARTESIAN_POINT('',(0.250970485465,1.790374972841));
#264 = ( GEOMETRIC_REPRESENTATION_CONTEXT(2) 
PARAMETRIC_REPRESENTATION_CONTEXT() REPRESENTATION_CONTEXT('2D SPACE',''
  ) );
#265 = ORIENTED_EDGE('',*,*,#266,.T.);
#266 = EDGE_CURVE('',#187,#267,#269,.T.);
#267 = VERTEX_POINT('',#268);
#268 = CARTESIAN_POINT('',(35.477994306948,0.125,14.433075423502));
#269 = SURFACE_CURVE('',#270,(#276,#285),.PCURVE_S1.);
#270 = B_SPLINE_CURVE_WITH_KNOTS('',4,(#271,#272,#273,#274,#275),
  .UNSPECIFIED.,.F.,.F.,(5,5),(0.,1.),.PIECEWISE_BEZIER_KNOTS.);
#271 = CARTESIAN_POINT('',(29.999908873115,0.125,0.));
#272 = CARTESIAN_POINT('',(31.369430264636,0.125,3.608268846055));
#273 = CARTESIAN_POINT('',(32.738951634796,0.125,7.21653769847));
#274 = CARTESIAN_POINT('',(34.108472982604,0.125,10.824806557518));
#275 = CARTESIAN_POINT('',(35.477994306948,0.125,14.433075423502));
#276 = PCURVE('',#56,#277);
#277 = DEFINITIONAL_REPRESENTATION('',(#278),#284);
#278 = B_SPLINE_CURVE_WITH_KNOTS('',4,(#279,#280,#281,#282,#283),
  .UNSPECIFIED.,.F.,.F.,(5,5),(0.,1.),.PIECEWISE_BEZIER_KNOTS.);
#279 = CARTESIAN_POINT('',(80.558068398662,0.));
#280 = CARTESIAN_POINT('',(80.557346623768,0.25000001064));
#281 = CARTESIAN_POINT('',(80.556613740665,0.500000014435));
#282 = CARTESIAN_POINT('',(80.555869365138,0.750000011025));
#283 = CARTESIAN_POINT('',(80.555113075321,1.));
#284 = ( GEOMETRIC_REPRESENTATION_CONTEXT(2) 
PARAMETRIC_REPRESENTATION_CONTEXT() REPRESENTATION_CONTEXT('2D SPACE',''
  ) );
#285 = PCURVE('',#286,#291);
#286 = PLANE('',#287);
#287 = AXIS2_PLACEMENT_3D('',#288,#289,#290);
#288 = CARTESIAN_POINT('',(-100.,0.125,-100.));
#289 = DIRECTION('',(0.,1.,0.));
#290 = DIRECTION('',(0.,0.,1.));
#291 = DEFINITIONAL_REPRESENTATION('',(#292),#298);
#292 = B_SPLINE_CURVE_WITH_KNOTS('',4,(#293,#294,#295,#296,#297),
  .UNSPECIFIED.,.F.,.F.,(5,5),(0.,1.),.PIECEWISE_BEZIER_KNOTS.);
#293 = CARTESIAN_POINT('',(100.,129.99990887311));
#294 = CARTESIAN_POINT('',(103.60826884605,131.36943026463));
#295 = CARTESIAN_POINT('',(107.21653769847,132.73895163479));
#296 = CARTESIAN_POINT('',(110.82480655751,134.1084729826));
#297 = CARTESIAN_POINT('',(114.4330754235,135.47799430694));
#298 = ( GEOMETRIC_REPRESENTATION_CONTEXT(2) 
PARAMETRIC_REPRESENTATION_CONTEXT() REPRESENTATION_CONTEXT('2D SPACE',''
  ) );
#299 = ORIENTED_EDGE('',*,*,#300,.F.);
#300 = EDGE_CURVE('',#46,#267,#301,.T.);
#301 = SURFACE_CURVE('',#302,(#332,#338),.PCURVE_S1.);
#302 = B_SPLINE_CURVE_WITH_KNOTS('',3,(#303,#304,#305,#306,#307,#308,
    #309,#310,#311,#312,#313,#314,#315,#316,#317,#318,#319,#320,#321,
    #322,#323,#324,#325,#326,#327,#328,#329,#330,#331),.UNSPECIFIED.,.T.
  ,.F.,(1,1,2,1,1,1,1,1,1,1,1,1,1,1,1,1,1,1,1,1,1,1,1,1,1,1,1,1,2,1,1),(
    -11.12863082616,-5.192301994299,0.,5.192301994299,11.128630826161,
    17.776938881599,24.45001912988,31.413495273302,37.423694937206,
    45.431347527073,54.799378269977,61.156264300103,65.497922969321,
    69.325454811122,73.816557125699,78.820555526978,83.824553928257,
    88.315656242834,92.143188084635,96.484846753853,102.84173278397,
    112.20976352688,120.21741611674,126.22761578065,133.19109192407,
    139.86417217235,146.51248022779,152.44880905965,157.64111105395,
    162.83341304825,168.76974188011),.UNSPECIFIED.);
#303 = CARTESIAN_POINT('',(-22.00012061374,-1.757923115404,
    23.536714486125));
#304 = CARTESIAN_POINT('',(-21.61555827067,1.757923115404,
    23.475805794649));
#305 = CARTESIAN_POINT('',(-20.5796181084,5.336215308645,23.311728991839
    ));
#306 = CARTESIAN_POINT('',(-17.28253662165,10.340548207808,
    22.789522585854));
#307 = CARTESIAN_POINT('',(-12.67845644692,14.798094545236,
    22.060307924171));
#308 = CARTESIAN_POINT('',(-6.845676362154,18.317370819243,
    21.136486314908));
#309 = CARTESIAN_POINT('',(-0.388960983281,19.517954476765,
    20.113843063291));
#310 = CARTESIAN_POINT('',(6.489395381412,19.81092651448,19.024418440116
    ));
#311 = CARTESIAN_POINT('',(14.272824377225,19.837673001601,
    17.791644394808));
#312 = CARTESIAN_POINT('',(21.714305373129,17.060161584088,
    16.613029592086));
#313 = CARTESIAN_POINT('',(27.93319258844,15.043362644683,
    15.628054621048));
#314 = CARTESIAN_POINT('',(32.460116670393,13.041845739911,
    14.911060283936));
#315 = CARTESIAN_POINT('',(34.743893029444,9.261815380072,
    14.549345643481));
#316 = CARTESIAN_POINT('',(35.387810993695,4.830585886073,
    14.447359057099));
#317 = CARTESIAN_POINT('',(35.525659133803,-7.236685780577E-16,
    14.425526056578));
#318 = CARTESIAN_POINT('',(35.38781092191,-4.830585886073,
    14.447359068468));
#319 = CARTESIAN_POINT('',(34.743893267179,-9.261815380072,
    14.549345605828));
#320 = CARTESIAN_POINT('',(32.460115880448,-13.04184573991,
    14.911060409051));
#321 = CARTESIAN_POINT('',(27.933196679946,-15.04336264468,
    15.628053973017));
#322 = CARTESIAN_POINT('',(21.714277322472,-17.06016158408,
    16.613034034874));
#323 = CARTESIAN_POINT('',(14.272972821688,-19.8376730016,
    17.791620883515));
#324 = CARTESIAN_POINT('',(6.488983573092,-19.81092651448,
    19.024483664146));
#325 = CARTESIAN_POINT('',(-0.387767093526,-19.51795447676,
    20.11365396973));
#326 = CARTESIAN_POINT('',(-6.850888549965,-18.31737081924,
    21.137311844358));
#327 = CARTESIAN_POINT('',(-12.66000921486,-14.79809454523,
    22.057386169645));
#328 = CARTESIAN_POINT('',(-17.34806986134,-10.3405482078,
    22.799902031345));
#329 = CARTESIAN_POINT('',(-20.37526570811,-5.336215308645,
    23.27936275129));
#330 = CARTESIAN_POINT('',(-22.00012061374,-1.757923115404,
    23.536714486125));
#331 = CARTESIAN_POINT('',(-21.61555827067,1.757923115404,
    23.475805794649));
#332 = PCURVE('',#56,#333);
#333 = DEFINITIONAL_REPRESENTATION('',(#334),#337);
#334 = B_SPLINE_CURVE_WITH_KNOTS('',1,(#335,#336),.UNSPECIFIED.,.F.,.F.,
  (2,2),(0.,157.64111105395),.PIECEWISE_BEZIER_KNOTS.);
#335 = CARTESIAN_POINT('',(0.,1.));
#336 = CARTESIAN_POINT('',(161.36626348658,1.));
#337 = ( GEOMETRIC_REPRESENTATION_CONTEXT(2) 
PARAMETRIC_REPRESENTATION_CONTEXT() REPRESENTATION_CONTEXT('2D SPACE',''
  ) );
#338 = PCURVE('',#339,#344);
#339 = PLANE('',#340);
#340 = AXIS2_PLACEMENT_3D('',#341,#342,#343);
#341 = CARTESIAN_POINT('',(-21.8078394422,0.,23.506260140387));
#342 = DIRECTION('',(0.15643446504,-9.261819612113E-17,0.987688340595));
#343 = DIRECTION('',(0.982289542267,-0.104414136312,-0.155579379389));
#344 = DEFINITIONAL_REPRESENTATION('',(#345),#375);
#345 = B_SPLINE_CURVE_WITH_KNOTS('',3,(#346,#347,#348,#349,#350,#351,
    #352,#353,#354,#355,#356,#357,#358,#359,#360,#361,#362,#363,#364,
    #365,#366,#367,#368,#369,#370,#371,#372,#373,#374),.UNSPECIFIED.,.F.
  ,.F.,(1,1,2,1,1,1,1,1,1,1,1,1,1,1,1,1,1,1,1,1,1,1,1,1,1,1,1,1,2,1,1),(
    -11.12863082616,-5.192301994299,0.,5.192301994299,11.128630826161,
    17.776938881599,24.45001912988,31.413495273302,37.423694937206,
    45.431347527073,54.799378269977,61.156264300103,65.497922969321,
    69.325454811122,73.816557125699,78.820555526978,83.824553928257,
    88.315656242834,92.143188084635,96.484846753853,102.84173278397,
    112.20976352688,120.21741611674,126.22761578065,133.19109192407,
    139.86417217235,146.51248022779,152.44880905965,157.64111105395,
    162.83341304825,168.76974188011),.UNSPECIFIED.);
#346 = CARTESIAN_POINT('',(-1.006182838394E-02,-1.768641273798));
#347 = CARTESIAN_POINT('',(1.006182838394E-02,1.768641273798));
#348 = CARTESIAN_POINT('',(0.679557694519,5.43688929192));
#349 = CARTESIAN_POINT('',(3.476967810037,10.762421215776));
#350 = CARTESIAN_POINT('',(7.647527531043,15.682325609354));
#351 = CARTESIAN_POINT('',(13.153271810702,19.798981449094));
#352 = CARTESIAN_POINT('',(19.529380101516,21.675578605216));
#353 = CARTESIAN_POINT('',(26.424819211023,22.694099292906));
#354 = CARTESIAN_POINT('',(34.259401626133,23.543530005257));
#355 = CARTESIAN_POINT('',(42.04247020269,21.567881890683));
#356 = CARTESIAN_POINT('',(48.515042192908,20.219540804845));
#357 = CARTESIAN_POINT('',(53.282328570166,18.70753120153));
#358 = CARTESIAN_POINT('',(55.976622149071,15.189593798554));
#359 = CARTESIAN_POINT('',(57.087686041662,10.850658046142));
#360 = CARTESIAN_POINT('',(57.730871045956,6.061049310282));
#361 = CARTESIAN_POINT('',(58.096448875726,1.242295149398));
#362 = CARTESIAN_POINT('',(57.910751295629,-3.232785010455));
#363 = CARTESIAN_POINT('',(56.00583389243,-7.233584425486));
#364 = CARTESIAN_POINT('',(51.656525748306,-9.702727152463));
#365 = CARTESIAN_POINT('',(45.605086031896,-12.36593931405));
#366 = CARTESIAN_POINT('',(38.402218085238,-15.9149310935));
#367 = CARTESIAN_POINT('',(30.561486111589,-16.71122045679));
#368 = CARTESIAN_POINT('',(23.606482984519,-17.1468301476));
#369 = CARTESIAN_POINT('',(16.973208404945,-16.63606222019));
#370 = CARTESIAN_POINT('',(10.756363140935,-13.75013773754));
#371 = CARTESIAN_POINT('',(5.570379186545,-9.812558251992));
#372 = CARTESIAN_POINT('',(1.999679065129,-5.155601554182));
#373 = CARTESIAN_POINT('',(-1.006182838394E-02,-1.768641273798));
#374 = CARTESIAN_POINT('',(1.006182838394E-02,1.768641273798));
#375 = ( GEOMETRIC_REPRESENTATION_CONTEXT(2) 
PARAMETRIC_REPRESENTATION_CONTEXT() REPRESENTATION_CONTEXT('2D SPACE',''
  ) );
#376 = ADVANCED_FACE('',(#377),#172,.F.);
#377 = FACE_BOUND('',#378,.F.);
#378 = EDGE_LOOP('',(#379,#407,#427,#428,#449,#475));
#379 = ORIENTED_EDGE('',*,*,#380,.F.);
#380 = EDGE_CURVE('',#381,#383,#385,.T.);
#381 = VERTEX_POINT('',#382);
#382 = CARTESIAN_POINT('',(-24.9,0.125,0.));
#383 = VERTEX_POINT('',#384);
#384 = CARTESIAN_POINT('',(-22.02214255499,0.125,9.41304755963));
#385 = SURFACE_CURVE('',#386,(#390,#396),.PCURVE_S1.);
#386 = LINE('',#387,#388);
#387 = CARTESIAN_POINT('',(-40.65071343954,0.125,-51.51826229672));
#388 = VECTOR('',#389,1.);
#389 = DIRECTION('',(0.292371704723,-0.,0.956304755963));
#390 = PCURVE('',#172,#391);
#391 = DEFINITIONAL_REPRESENTATION('',(#392),#395);
#392 = B_SPLINE_CURVE_WITH_KNOTS('',1,(#393,#394),.UNSPECIFIED.,.F.,.F.,
  (2,2),(53.872222192227,63.715368428754),.PIECEWISE_BEZIER_KNOTS.);
#393 = CARTESIAN_POINT('',(100.,75.1));
#394 = CARTESIAN_POINT('',(109.41304755963,77.977857445009));
#395 = ( GEOMETRIC_REPRESENTATION_CONTEXT(2) 
PARAMETRIC_REPRESENTATION_CONTEXT() REPRESENTATION_CONTEXT('2D SPACE',''
  ) );
#396 = PCURVE('',#397,#402);
#397 = PLANE('',#398);
#398 = AXIS2_PLACEMENT_3D('',#399,#400,#401);
#399 = CARTESIAN_POINT('',(-22.02214255499,1.125,9.41304755963));
#400 = DIRECTION('',(-0.956304755963,0.,0.292371704723));
#401 = DIRECTION('',(0.,-1.,0.));
#402 = DEFINITIONAL_REPRESENTATION('',(#403),#406);
#403 = B_SPLINE_CURVE_WITH_KNOTS('',1,(#404,#405),.UNSPECIFIED.,.F.,.F.,
  (2,2),(53.872222192227,63.715368428754),.PIECEWISE_BEZIER_KNOTS.);
#404 = CARTESIAN_POINT('',(1.,-9.843146236527));
#405 = CARTESIAN_POINT('',(1.,0.));
#406 = ( GEOMETRIC_REPRESENTATION_CONTEXT(2) 
PARAMETRIC_REPRESENTATION_CONTEXT() REPRESENTATION_CONTEXT('2D SPACE',''
  ) );
#407 = ORIENTED_EDGE('',*,*,#408,.T.);
#408 = EDGE_CURVE('',#381,#44,#409,.T.);
#409 = SURFACE_CURVE('',#410,(#414,#420),.PCURVE_S1.);
#410 = LINE('',#411,#412);
#411 = CARTESIAN_POINT('',(-65.25,0.125,0.));
#412 = VECTOR('',#413,1.);
#413 = DIRECTION('',(-1.,0.,-0.));
#414 = PCURVE('',#172,#415);
#415 = DEFINITIONAL_REPRESENTATION('',(#416),#419);
#416 = B_SPLINE_CURVE_WITH_KNOTS('',1,(#417,#418),.UNSPECIFIED.,.F.,.F.,
  (2,2),(-95.298167762,-34.49902951453),.PIECEWISE_BEZIER_KNOTS.);
#417 = CARTESIAN_POINT('',(100.,130.048167762));
#418 = CARTESIAN_POINT('',(100.,69.249029514535));
#419 = ( GEOMETRIC_REPRESENTATION_CONTEXT(2) 
PARAMETRIC_REPRESENTATION_CONTEXT() REPRESENTATION_CONTEXT('2D SPACE',''
  ) );
#420 = PCURVE('',#228,#421);
#421 = DEFINITIONAL_REPRESENTATION('',(#422),#426);
#422 = LINE('',#423,#424);
#423 = CARTESIAN_POINT('',(-34.75,0.125));
#424 = VECTOR('',#425,1.);
#425 = DIRECTION('',(-1.,-1.835079379546E-18));
#426 = ( GEOMETRIC_REPRESENTATION_CONTEXT(2) 
PARAMETRIC_REPRESENTATION_CONTEXT() REPRESENTATION_CONTEXT('2D SPACE',''
  ) );
#427 = ORIENTED_EDGE('',*,*,#43,.T.);
#428 = ORIENTED_EDGE('',*,*,#429,.F.);
#429 = EDGE_CURVE('',#430,#46,#432,.T.);
#430 = VERTEX_POINT('',#431);
#431 = CARTESIAN_POINT('',(-18.09328488065,0.125,22.9179324951));
#432 = SURFACE_CURVE('',#433,(#437,#443),.PCURVE_S1.);
#433 = LINE('',#434,#435);
#434 = CARTESIAN_POINT('',(-50.40578721331,0.125,28.035730092543));
#435 = VECTOR('',#436,1.);
#436 = DIRECTION('',(-0.987688340595,0.,0.15643446504));
#437 = PCURVE('',#172,#438);
#438 = DEFINITIONAL_REPRESENTATION('',(#439),#442);
#439 = B_SPLINE_CURVE_WITH_KNOTS('',1,(#440,#441),.UNSPECIFIED.,.F.,.F.,
  (2,2),(-87.38330323208,-28.95743115911),.PIECEWISE_BEZIER_KNOTS.);
#440 = CARTESIAN_POINT('',(114.36596979798,135.90168255171));
#441 = CARTESIAN_POINT('',(123.50578984022,78.195129916134));
#442 = ( GEOMETRIC_REPRESENTATION_CONTEXT(2) 
PARAMETRIC_REPRESENTATION_CONTEXT() REPRESENTATION_CONTEXT('2D SPACE',''
  ) );
#443 = PCURVE('',#339,#444);
#444 = DEFINITIONAL_REPRESENTATION('',(#445),#448);
#445 = B_SPLINE_CURVE_WITH_KNOTS('',1,(#446,#447),.UNSPECIFIED.,.F.,.F.,
  (2,2),(-87.38330323208,-28.95743115911),.PIECEWISE_BEZIER_KNOTS.);
#446 = CARTESIAN_POINT('',(58.096448875726,6.225117616586));
#447 = CARTESIAN_POINT('',(-1.006182838394E-02,0.124630645833));
#448 = ( GEOMETRIC_REPRESENTATION_CONTEXT(2) 
PARAMETRIC_REPRESENTATION_CONTEXT() REPRESENTATION_CONTEXT('2D SPACE',''
  ) );
#449 = ORIENTED_EDGE('',*,*,#450,.F.);
#450 = EDGE_CURVE('',#451,#430,#453,.T.);
#451 = VERTEX_POINT('',#452);
#452 = CARTESIAN_POINT('',(-22.22214255499,0.125,9.41304755963));
#453 = SURFACE_CURVE('',#454,(#458,#464),.PCURVE_S1.);
#454 = LINE('',#455,#456);
#455 = CARTESIAN_POINT('',(-36.1664804115,0.125,-36.19682643136));
#456 = VECTOR('',#457,1.);
#457 = DIRECTION('',(0.292371704723,-0.,0.956304755963));
#458 = PCURVE('',#172,#459);
#459 = DEFINITIONAL_REPRESENTATION('',(#460),#463);
#460 = B_SPLINE_CURVE_WITH_KNOTS('',1,(#461,#462),.UNSPECIFIED.,.F.,.F.,
  (2,2),(47.693869246802,62.428677015239),.PIECEWISE_BEZIER_KNOTS.);
#461 = CARTESIAN_POINT('',(109.41304755963,77.777857445009));
#462 = CARTESIAN_POINT('',(123.50401430678,82.085898311028));
#463 = ( GEOMETRIC_REPRESENTATION_CONTEXT(2) 
PARAMETRIC_REPRESENTATION_CONTEXT() REPRESENTATION_CONTEXT('2D SPACE',''
  ) );
#464 = PCURVE('',#465,#470);
#465 = PLANE('',#466);
#466 = AXIS2_PLACEMENT_3D('',#467,#468,#469);
#467 = CARTESIAN_POINT('',(-12.87077274165,2.4,40.));
#468 = DIRECTION('',(-0.956304755963,0.,0.292371704723));
#469 = DIRECTION('',(0.,-1.,0.));
#470 = DEFINITIONAL_REPRESENTATION('',(#471),#474);
#471 = B_SPLINE_CURVE_WITH_KNOTS('',1,(#472,#473),.UNSPECIFIED.,.F.,.F.,
  (2,2),(47.693869246802,62.428677015239),.PIECEWISE_BEZIER_KNOTS.);
#472 = CARTESIAN_POINT('',(2.275,-31.98452402295));
#473 = CARTESIAN_POINT('',(2.275,-17.24971625452));
#474 = ( GEOMETRIC_REPRESENTATION_CONTEXT(2) 
PARAMETRIC_REPRESENTATION_CONTEXT() REPRESENTATION_CONTEXT('2D SPACE',''
  ) );
#475 = ORIENTED_EDGE('',*,*,#476,.T.);
#476 = EDGE_CURVE('',#451,#383,#477,.T.);
#477 = SURFACE_CURVE('',#478,(#482,#488),.PCURVE_S1.);
#478 = LINE('',#479,#480);
#479 = CARTESIAN_POINT('',(-60.61107127749,0.125,9.41304755963));
#480 = VECTOR('',#481,1.);
#481 = DIRECTION('',(1.,0.,0.));
#482 = PCURVE('',#172,#483);
#483 = DEFINITIONAL_REPRESENTATION('',(#484),#487);
#484 = B_SPLINE_CURVE_WITH_KNOTS('',1,(#485,#486),.UNSPECIFIED.,.F.,.F.,
  (2,2),(37.588928722504,41.188928722504),.PIECEWISE_BEZIER_KNOTS.);
#485 = CARTESIAN_POINT('',(109.41304755963,76.977857445009));
#486 = CARTESIAN_POINT('',(109.41304755963,80.577857445009));
#487 = ( GEOMETRIC_REPRESENTATION_CONTEXT(2) 
PARAMETRIC_REPRESENTATION_CONTEXT() REPRESENTATION_CONTEXT('2D SPACE',''
  ) );
#488 = PCURVE('',#489,#494);
#489 = PLANE('',#490);
#490 = AXIS2_PLACEMENT_3D('',#491,#492,#493);
#491 = CARTESIAN_POINT('',(-21.22214255499,2.4,9.41304755963));
#492 = DIRECTION('',(0.,0.,1.));
#493 = DIRECTION('',(1.,0.,0.));
#494 = DEFINITIONAL_REPRESENTATION('',(#495),#499);
#495 = LINE('',#496,#497);
#496 = CARTESIAN_POINT('',(-39.3889287225,-2.275));
#497 = VECTOR('',#498,1.);
#498 = DIRECTION('',(1.,0.));
#499 = ( GEOMETRIC_REPRESENTATION_CONTEXT(2) 
PARAMETRIC_REPRESENTATION_CONTEXT() REPRESENTATION_CONTEXT('2D SPACE',''
  ) );
#500 = ADVANCED_FACE('',(#501,#2206),#339,.T.);
#501 = FACE_BOUND('',#502,.T.);
#502 = EDGE_LOOP('',(#503,#504,#505,#526,#800,#885,#911,#937,#1496,#1522
    ,#1735,#1761,#1787,#2076,#2161,#2187));
#503 = ORIENTED_EDGE('',*,*,#300,.F.);
#504 = ORIENTED_EDGE('',*,*,#429,.F.);
#505 = ORIENTED_EDGE('',*,*,#506,.F.);
#506 = EDGE_CURVE('',#507,#430,#509,.T.);
#507 = VERTEX_POINT('',#508);
#508 = CARTESIAN_POINT('',(-18.09328488065,0.90333703811,22.9179324951)
  );
#509 = SURFACE_CURVE('',#510,(#514,#520),.PCURVE_S1.);
#510 = LINE('',#511,#512);
#511 = CARTESIAN_POINT('',(-18.09328488065,1.2,22.9179324951));
#512 = VECTOR('',#513,1.);
#513 = DIRECTION('',(-2.734506013376E-17,-1.,-8.944166154111E-17));
#514 = PCURVE('',#339,#515);
#515 = DEFINITIONAL_REPRESENTATION('',(#516),#519);
#516 = B_SPLINE_CURVE_WITH_KNOTS('',1,(#517,#518),.UNSPECIFIED.,.F.,.F.,
  (2,2),(0.29666295471,1.468337641632),.PIECEWISE_BEZIER_KNOTS.);
#517 = CARTESIAN_POINT('',(3.645978592549,1.291085949532));
#518 = CARTESIAN_POINT('',(3.768317993022,0.12581574779));
#519 = ( GEOMETRIC_REPRESENTATION_CONTEXT(2) 
PARAMETRIC_REPRESENTATION_CONTEXT() REPRESENTATION_CONTEXT('2D SPACE',''
  ) );
#520 = PCURVE('',#465,#521);
#521 = DEFINITIONAL_REPRESENTATION('',(#522),#525);
#522 = B_SPLINE_CURVE_WITH_KNOTS('',1,(#523,#524),.UNSPECIFIED.,.F.,.F.,
  (2,2),(0.29666295471,1.468337641632),.PIECEWISE_BEZIER_KNOTS.);
#523 = CARTESIAN_POINT('',(1.49666295471,-17.86257717363));
#524 = CARTESIAN_POINT('',(2.668337641632,-17.86257717363));
#525 = ( GEOMETRIC_REPRESENTATION_CONTEXT(2) 
PARAMETRIC_REPRESENTATION_CONTEXT() REPRESENTATION_CONTEXT('2D SPACE',''
  ) );
#526 = ORIENTED_EDGE('',*,*,#527,.T.);
#527 = EDGE_CURVE('',#507,#528,#530,.T.);
#528 = VERTEX_POINT('',#529);
#529 = CARTESIAN_POINT('',(-15.42260706669,2.4,22.494938684249));
#530 = SURFACE_CURVE('',#531,(#609,#690),.PCURVE_S1.);
#531 = B_SPLINE_CURVE_WITH_KNOTS('',6,(#532,#533,#534,#535,#536,#537,
    #538,#539,#540,#541,#542,#543,#544,#545,#546,#547,#548,#549,#550,
    #551,#552,#553,#554,#555,#556,#557,#558,#559,#560,#561,#562,#563,
    #564,#565,#566,#567,#568,#569,#570,#571,#572,#573,#574,#575,#576,
    #577,#578,#579,#580,#581,#582,#583,#584,#585,#586,#587,#588,#589,
    #590,#591,#592,#593,#594,#595,#596,#597,#598,#599,#600,#601,#602,
    #603,#604,#605,#606,#607,#608),.UNSPECIFIED.,.F.,.F.,(7,5,5,5,5,5,5,
    5,5,5,5,5,5,5,5,7),(0.,8.382839711111E-02,0.132059307581,
    0.164322140855,0.240139124757,0.330519505072,0.370783445322,
    0.434883204836,0.497555797104,0.536163479638,0.620000657054,
    0.703840310985,0.741458885813,0.804130090163,0.868228426001,1.),
  .UNSPECIFIED.);
#532 = CARTESIAN_POINT('',(-18.09328402412,0.90333643811,22.91793235944)
  );
#533 = CARTESIAN_POINT('',(-18.17606115699,0.961322324746,
    22.931042969301));
#534 = CARTESIAN_POINT('',(-18.25484921454,1.025248814862,22.9435217717)
  );
#535 = CARTESIAN_POINT('',(-18.32915898951,1.094716235993,22.95529128382
    ));
#536 = CARTESIAN_POINT('',(-18.39856497629,1.169276512424,
    22.966284112191));
#537 = CARTESIAN_POINT('',(-18.46270150991,1.248442177948,
    22.976442341172));
#538 = CARTESIAN_POINT('',(-18.55495007159,1.379595363922,
    22.991053077985));
#539 = CARTESIAN_POINT('',(-18.5867949609,1.428849337821,22.996096812955
    ));
#540 = CARTESIAN_POINT('',(-18.61673533937,1.479359159911,
    23.000838903042));
#541 = CARTESIAN_POINT('',(-18.6447193843,1.53102460823,23.005271140336)
  );
#542 = CARTESIAN_POINT('',(-18.67070168387,1.583743389267,
    23.009386332312));
#543 = CARTESIAN_POINT('',(-18.71065832659,1.67331080503,23.015714842806
    ));
#544 = CARTESIAN_POINT('',(-18.72576025752,1.709635195347,
    23.018106753685));
#545 = CARTESIAN_POINT('',(-18.73993734745,1.746353164407,
    23.020352184139));
#546 = CARTESIAN_POINT('',(-18.75317913398,1.783433337035,
    23.022449477088));
#547 = CARTESIAN_POINT('',(-18.76547637489,1.82084410738,23.024397168706
    ));
#548 = CARTESIAN_POINT('',(-18.80348079293,1.947170249898,
    23.030416477187));
#549 = CARTESIAN_POINT('',(-18.82488009207,2.037437196242,
    23.033805793205));
#550 = CARTESIAN_POINT('',(-18.84091464522,2.128940896343,
    23.036345416932));
#551 = CARTESIAN_POINT('',(-18.85151640772,2.221264197442,
    23.038024571152));
#552 = CARTESIAN_POINT('',(-18.85665244756,2.313987558213,
    23.038838039947));
#553 = CARTESIAN_POINT('',(-18.85593202903,2.517199808813,
    23.038723936861));
#554 = CARTESIAN_POINT('',(-18.84777445654,2.627681954803,
    23.037431904309));
#555 = CARTESIAN_POINT('',(-18.83185376931,2.737423176005,
    23.034910315172));
#556 = CARTESIAN_POINT('',(-18.8082408542,2.845712989462,23.031170396828
    ));
#557 = CARTESIAN_POINT('',(-18.77707809069,2.95184719975,23.02623469997)
  );
#558 = CARTESIAN_POINT('',(-18.72143313926,3.101143594335,
    23.017421405481));
#559 = CARTESIAN_POINT('',(-18.70282834485,3.146590567688,
    23.014474695532));
#560 = CARTESIAN_POINT('',(-18.6827874139,3.191410737489,23.011300523899
    ));
#561 = CARTESIAN_POINT('',(-18.66133254327,3.235543509795,
    23.007902406222));
#562 = CARTESIAN_POINT('',(-18.6384889706,3.278929055445,23.004284339749
    ));
#563 = CARTESIAN_POINT('',(-18.57575247254,3.389294025116,
    22.994347854617));
#564 = CARTESIAN_POINT('',(-18.53377177999,3.455036871157,
    22.987698766122));
#565 = CARTESIAN_POINT('',(-18.48845781272,3.518498081617,
    22.980521738778));
#566 = CARTESIAN_POINT('',(-18.43994473577,3.579446443714,
    22.972838022236));
#567 = CARTESIAN_POINT('',(-18.38838727936,3.637660241991,
    22.964672123359));
#568 = CARTESIAN_POINT('',(-18.28074859708,3.746967610297,
    22.947623830909));
#569 = CARTESIAN_POINT('',(-18.22479278927,3.798191724021,
    22.938761301606));
#570 = CARTESIAN_POINT('',(-18.16626023337,3.846404680956,
    22.929490655499));
#571 = CARTESIAN_POINT('',(-18.10533389,3.891423050506,22.919840870703)
  );
#572 = CARTESIAN_POINT('',(-18.04221472676,3.933079143084,22.90984377736
    ));
#573 = CARTESIAN_POINT('',(-17.9370240535,3.99472096363,22.893183211447)
  );
#574 = CARTESIAN_POINT('',(-17.8961766569,4.01688612019,22.886713619398)
  );
#575 = CARTESIAN_POINT('',(-17.85463139044,4.037683796085,
    22.880133495622));
#576 = CARTESIAN_POINT('',(-17.81244157611,4.057082152645,
    22.873451285492));
#577 = CARTESIAN_POINT('',(-17.76966264374,4.075052505785,
    22.866675768231));
#578 = CARTESIAN_POINT('',(-17.63230268542,4.127435855565,
    22.844920088109));
#579 = CARTESIAN_POINT('',(-17.53574134024,4.156450152069,
    22.829626273497));
#580 = CARTESIAN_POINT('',(-17.4372655492,4.178348904162,22.814029240446
    ));
#581 = CARTESIAN_POINT('',(-17.33749906287,4.1929521441,22.798227781346)
  );
#582 = CARTESIAN_POINT('',(-17.237087188,4.200168031779,22.782324102742)
  );
#583 = CARTESIAN_POINT('',(-17.0362939398,4.199827240713,22.750521576506
    ));
#584 = CARTESIAN_POINT('',(-16.93590315929,4.192270109704,
    22.734621238921));
#585 = CARTESIAN_POINT('',(-16.83618186982,4.17732776553,22.718826938299
    ));
#586 = CARTESIAN_POINT('',(-16.73777500609,4.155094585146,
    22.703240822264));
#587 = CARTESIAN_POINT('',(-16.6413055647,4.125752937483,22.687961563781
    ));
#588 = CARTESIAN_POINT('',(-16.50522127262,4.07333239955,22.666407929343
    ));
#589 = CARTESIAN_POINT('',(-16.46358172148,4.05571841884,22.65981287234)
  );
#590 = CARTESIAN_POINT('',(-16.42250435973,4.036750177891,
    22.653306857389));
#591 = CARTESIAN_POINT('',(-16.38204040059,4.016454317454,
    22.646897995867));
#592 = CARTESIAN_POINT('',(-16.34223915317,3.994860317271,22.64059409757
    ));
#593 = CARTESIAN_POINT('',(-16.23802359268,3.933916849033,22.62408797435
    ));
#594 = CARTESIAN_POINT('',(-16.17486930227,3.892319421205,
    22.614085317408));
#595 = CARTESIAN_POINT('',(-16.11390492824,3.847357642401,
    22.604429509149));
#596 = CARTESIAN_POINT('',(-16.05533160602,3.799199018306,22.59515240629
    ));
#597 = CARTESIAN_POINT('',(-15.99933247437,3.748026820289,
    22.586283015165));
#598 = CARTESIAN_POINT('',(-15.89160136357,3.638819306375,
    22.569220083476));
#599 = CARTESIAN_POINT('',(-15.83999469084,3.580653329163,
    22.561046389499));
#600 = CARTESIAN_POINT('',(-15.79143011218,3.519749973857,
    22.553354515889));
#601 = CARTESIAN_POINT('',(-15.74606255697,3.456330835897,
    22.546169001047));
#602 = CARTESIAN_POINT('',(-15.7040263889,3.390627029888,22.539511126094
    ));
#603 = CARTESIAN_POINT('',(-15.58610515594,3.183599119525,
    22.520834237609));
#604 = CARTESIAN_POINT('',(-15.52133511216,3.03566721098,22.510575670476
    ));
#605 = CARTESIAN_POINT('',(-15.47213150798,2.881162014327,
    22.502782585165));
#606 = CARTESIAN_POINT('',(-15.43911373406,2.722246904726,
    22.497553083522));
#607 = CARTESIAN_POINT('',(-15.42260706669,2.561117534233,
    22.494938684249));
#608 = CARTESIAN_POINT('',(-15.42260706669,2.4,22.494938684249));
#609 = PCURVE('',#339,#610);
#610 = DEFINITIONAL_REPRESENTATION('',(#611),#689);
#611 = B_SPLINE_CURVE_WITH_KNOTS('',6,(#612,#613,#614,#615,#616,#617,
    #618,#619,#620,#621,#622,#623,#624,#625,#626,#627,#628,#629,#630,
    #631,#632,#633,#634,#635,#636,#637,#638,#639,#640,#641,#642,#643,
    #644,#645,#646,#647,#648,#649,#650,#651,#652,#653,#654,#655,#656,
    #657,#658,#659,#660,#661,#662,#663,#664,#665,#666,#667,#668,#669,
    #670,#671,#672,#673,#674,#675,#676,#677,#678,#679,#680,#681,#682,
    #683,#684,#685,#686,#687,#688),.UNSPECIFIED.,.F.,.F.,(7,5,5,5,5,5,5,
    5,5,5,5,5,5,5,5,7),(0.,8.382839711111E-02,0.132059307581,
    0.164322140855,0.240139124757,0.330519505072,0.370783445322,
    0.434883204836,0.497555797104,0.536163479638,0.620000657054,
    0.703840310985,0.741458885813,0.804130090163,0.868228426001,1.),
  .UNSPECIFIED.);
#612 = CARTESIAN_POINT('',(3.645979518407,1.291085436218));
#613 = CARTESIAN_POINT('',(3.556574119633,1.340003526288));
#614 = CARTESIAN_POINT('',(3.470565161065,1.395251455713));
#615 = CARTESIAN_POINT('',(3.388486972047,1.456483453547));
#616 = CARTESIAN_POINT('',(3.31081479278,1.523298875912));
#617 = CARTESIAN_POINT('',(3.23796772098,1.595251577656));
#618 = CARTESIAN_POINT('',(3.131385547544,1.715935749195));
#619 = CARTESIAN_POINT('',(3.094177133507,1.761553992331));
#620 = CARTESIAN_POINT('',(3.058755301959,1.808622555714));
#621 = CARTESIAN_POINT('',(3.025182699387,1.857047243677));
#622 = CARTESIAN_POINT('',(2.993515733231,1.906731122597));
#623 = CARTESIAN_POINT('',(2.943930050851,1.991584911032));
#624 = CARTESIAN_POINT('',(2.924930670175,2.026114238007));
#625 = CARTESIAN_POINT('',(2.906821445295,2.061132762576));
#626 = CARTESIAN_POINT('',(2.889616187125,2.096610387099));
#627 = CARTESIAN_POINT('',(2.87332750206,2.132516655536));
#628 = CARTESIAN_POINT('',(2.821869444316,2.254134624776));
#629 = CARTESIAN_POINT('',(2.790896683633,2.341645922132));
#630 = CARTESIAN_POINT('',(2.76519671686,2.430954350757));
#631 = CARTESIAN_POINT('',(2.74488161691,2.521652231475));
#632 = CARTESIAN_POINT('',(2.73002835009,2.613325797644));
#633 = CARTESIAN_POINT('',(2.709535530128,2.8155034303));
#634 = CARTESIAN_POINT('',(2.706213744043,2.926244053635));
#635 = CARTESIAN_POINT('',(2.710786241057,3.037068485037));
#636 = CARTESIAN_POINT('',(2.723255827464,3.147262631263));
#637 = CARTESIAN_POINT('',(2.743552664929,3.256111094348));
#638 = CARTESIAN_POINT('',(2.78399463159,3.410473964068));
#639 = CARTESIAN_POINT('',(2.797983067403,3.457639338282));
#640 = CARTESIAN_POINT('',(2.813483040631,3.504333157252));
#641 = CARTESIAN_POINT('',(2.830478527414,3.550492811689));
#642 = CARTESIAN_POINT('',(2.84895036222,3.596056131452));
#643 = CARTESIAN_POINT('',(2.900598017378,3.71245006674));
#644 = CARTESIAN_POINT('',(2.936005191226,3.782271573247));
#645 = CARTESIAN_POINT('',(2.97500697737,3.850176295185));
#646 = CARTESIAN_POINT('',(3.01749242279,3.915920100258));
#647 = CARTESIAN_POINT('',(3.063328875053,3.979266127514));
#648 = CARTESIAN_POINT('',(3.160300355306,4.099355106951));
#649 = CARTESIAN_POINT('',(3.211295465362,4.156214630607));
#650 = CARTESIAN_POINT('',(3.265199590015,4.210351859399));
#651 = CARTESIAN_POINT('',(3.321847653312,4.261565023574));
#652 = CARTESIAN_POINT('',(3.381054803928,4.309666104728));
#653 = CARTESIAN_POINT('',(3.480538265273,4.3820912879));
#654 = CARTESIAN_POINT('',(3.519354415216,4.408453497574));
#655 = CARTESIAN_POINT('',(3.559016056197,4.433529477145));
#656 = CARTESIAN_POINT('',(3.599472821065,4.457281925004));
#657 = CARTESIAN_POINT('',(3.640671890828,4.479676454054));
#658 = CARTESIAN_POINT('',(3.773514314403,4.546294571718));
#659 = CARTESIAN_POINT('',(3.867715413428,4.585358320782));
#660 = CARTESIAN_POINT('',(3.964587190576,4.617547806607));
#661 = CARTESIAN_POINT('',(4.06352036328,4.642618104958));
#662 = CARTESIAN_POINT('',(4.163874741654,4.660409658704));
#663 = CARTESIAN_POINT('',(4.366095250215,4.681297723531));
#664 = CARTESIAN_POINT('',(4.467970900009,4.684394779308));
#665 = CARTESIAN_POINT('',(4.569943539251,4.680076214502));
#666 = CARTESIAN_POINT('',(4.671353908963,4.668367710489));
#667 = CARTESIAN_POINT('',(4.771555652743,4.649384778851));
#668 = CARTESIAN_POINT('',(4.914056575983,4.611637018899));
#669 = CARTESIAN_POINT('',(4.957823875073,4.598521270997));
#670 = CARTESIAN_POINT('',(5.001166492205,4.583999233143));
#671 = CARTESIAN_POINT('',(5.044030077548,4.568091986427));
#672 = CARTESIAN_POINT('',(5.086361902119,4.550823636704));
#673 = CARTESIAN_POINT('',(5.197663129332,4.501230509229));
#674 = CARTESIAN_POINT('',(5.265598495017,4.466536855124));
#675 = CARTESIAN_POINT('',(5.331680052028,4.428265731421));
#676 = CARTESIAN_POINT('',(5.395687780952,4.386562465043));
#677 = CARTESIAN_POINT('',(5.457418137571,4.341589964937));
#678 = CARTESIAN_POINT('',(5.577298729652,4.244368256408));
#679 = CARTESIAN_POINT('',(5.635336433092,4.191975854024));
#680 = CARTESIAN_POINT('',(5.690596778999,4.136539439298));
#681 = CARTESIAN_POINT('',(5.742900626499,4.078263017942));
#682 = CARTESIAN_POINT('',(5.792088549002,4.017362236923));
#683 = CARTESIAN_POINT('',(5.932443722126,3.823932083136));
#684 = CARTESIAN_POINT('',(6.013108862748,3.683655993142));
#685 = CARTESIAN_POINT('',(6.078786018619,3.53519692864));
#686 = CARTESIAN_POINT('',(6.128625619187,3.380640960276));
#687 = CARTESIAN_POINT('',(6.162070876593,3.222137351662));
#688 = CARTESIAN_POINT('',(6.178893824775,3.061900501182));
#689 = ( GEOMETRIC_REPRESENTATION_CONTEXT(2) 
PARAMETRIC_REPRESENTATION_CONTEXT() REPRESENTATION_CONTEXT('2D SPACE',''
  ) );
#690 = PCURVE('',#691,#720);
#691 = B_SPLINE_SURFACE_WITH_KNOTS('',13,1,(
    (#692,#693)
    ,(#694,#695)
    ,(#696,#697)
    ,(#698,#699)
    ,(#700,#701)
    ,(#702,#703)
    ,(#704,#705)
    ,(#706,#707)
    ,(#708,#709)
    ,(#710,#711)
    ,(#712,#713)
    ,(#714,#715)
    ,(#716,#717)
    ,(#718,#719
    )),.UNSPECIFIED.,.T.,.F.,.F.,(14,14),(2,2),(0.,6.28318530718),(0.,1.
    ),.PIECEWISE_BEZIER_KNOTS.);
#692 = CARTESIAN_POINT('',(-19.42214255499,2.4,9.41304755963));
#693 = CARTESIAN_POINT('',(-10.07077274165,2.4,40.));
#694 = CARTESIAN_POINT('',(-19.42214255499,3.26997950407,9.41304755963)
  );
#695 = CARTESIAN_POINT('',(-10.07077274165,3.26997950407,40.000000000001
    ));
#696 = CARTESIAN_POINT('',(-19.87766525769,4.139959356037,9.413047559634
    ));
#697 = CARTESIAN_POINT('',(-10.52629544435,4.139959356037,
    39.999999999994));
#698 = CARTESIAN_POINT('',(-20.78868354365,4.749742678671,9.413047559622
    ));
#699 = CARTESIAN_POINT('',(-11.43731373033,4.749742678671,
    40.000000000016));
#700 = CARTESIAN_POINT('',(-21.99186067899,4.839164870041,9.413047559647
    ));
#701 = CARTESIAN_POINT('',(-12.64049086563,4.839164870041,
    39.999999999966));
#702 = CARTESIAN_POINT('',(-23.15970079158,4.26204361632,9.413047559607)
  );
#703 = CARTESIAN_POINT('',(-13.80833097827,4.26204361632,40.000000000062
    ));
#704 = CARTESIAN_POINT('',(-23.89280251833,3.101005810391,9.413047559655
    ));
#705 = CARTESIAN_POINT('',(-14.54143270496,3.101005810391,
    39.999999999907));
#706 = CARTESIAN_POINT('',(-23.89280251828,1.698994189611,9.413047559611
    ));
#707 = CARTESIAN_POINT('',(-14.54143270497,1.698994189611,
    40.000000000113));
#708 = CARTESIAN_POINT('',(-23.15970079162,0.537956383676,9.413047559642
    ));
#709 = CARTESIAN_POINT('',(-13.80833097827,0.537956383676,
    39.999999999892));
#710 = CARTESIAN_POINT('',(-21.99186067896,-3.916487003712E-02,
    9.413047559626));
#711 = CARTESIAN_POINT('',(-12.64049086563,-3.916487003712E-02,
    40.000000000078));
#712 = CARTESIAN_POINT('',(-20.78868354366,5.025732132704E-02,
    9.413047559631));
#713 = CARTESIAN_POINT('',(-11.43731373033,5.025732132704E-02,
    39.999999999957));
#714 = CARTESIAN_POINT('',(-19.87766525769,0.660040643964,9.41304755963)
  );
#715 = CARTESIAN_POINT('',(-10.52629544435,0.660040643964,
    40.000000000016));
#716 = CARTESIAN_POINT('',(-19.42214255499,1.530020495929,9.41304755963)
  );
#717 = CARTESIAN_POINT('',(-10.07077274165,1.530020495929,
    39.999999999996));
#718 = CARTESIAN_POINT('',(-19.42214255499,2.4,9.41304755963));
#719 = CARTESIAN_POINT('',(-10.07077274165,2.4,40.));
#720 = DEFINITIONAL_REPRESENTATION('',(#721),#799);
#721 = B_SPLINE_CURVE_WITH_KNOTS('',6,(#722,#723,#724,#725,#726,#727,
    #728,#729,#730,#731,#732,#733,#734,#735,#736,#737,#738,#739,#740,
    #741,#742,#743,#744,#745,#746,#747,#748,#749,#750,#751,#752,#753,
    #754,#755,#756,#757,#758,#759,#760,#761,#762,#763,#764,#765,#766,
    #767,#768,#769,#770,#771,#772,#773,#774,#775,#776,#777,#778,#779,
    #780,#781,#782,#783,#784,#785,#786,#787,#788,#789,#790,#791,#792,
    #793,#794,#795,#796,#797,#798),.UNSPECIFIED.,.F.,.F.,(7,5,5,5,5,5,5,
    5,5,5,5,5,5,5,5,7),(0.,8.382839711111E-02,0.132059307581,
    0.164322140855,0.240139124757,0.330519505072,0.370783445322,
    0.434883204836,0.497555797104,0.536163479638,0.620000657054,
    0.703840310985,0.741458885813,0.804130090163,0.868228426001,1.),
  .UNSPECIFIED.);
#722 = CARTESIAN_POINT('',(4.123358614797,0.441524366513));
#723 = CARTESIAN_POINT('',(4.06537267566,0.441953000582));
#724 = CARTESIAN_POINT('',(4.00748518944,0.44236097854));
#725 = CARTESIAN_POINT('',(3.949705194403,0.442745767189));
#726 = CARTESIAN_POINT('',(3.892032767271,0.44310516319));
#727 = CARTESIAN_POINT('',(3.834464081173,0.443437273066));
#728 = CARTESIAN_POINT('',(3.743932303801,0.443914951803));
#729 = CARTESIAN_POINT('',(3.710901028728,0.444079850054));
#730 = CARTESIAN_POINT('',(3.677901414115,0.444234886424));
#731 = CARTESIAN_POINT('',(3.644931898741,0.444379792567));
#732 = CARTESIAN_POINT('',(3.611990584434,0.444514333332));
#733 = CARTESIAN_POINT('',(3.557057356127,0.444721235621));
#734 = CARTESIAN_POINT('',(3.53505108219,0.444799435988));
#735 = CARTESIAN_POINT('',(3.513055737287,0.44487284737));
#736 = CARTESIAN_POINT('',(3.491070594189,0.444941415592));
#737 = CARTESIAN_POINT('',(3.469094875405,0.445005092796));
#738 = CARTESIAN_POINT('',(3.395505475088,0.445201886134));
#739 = CARTESIAN_POINT('',(3.343930469341,0.445312695344));
#740 = CARTESIAN_POINT('',(3.292392487179,0.445395724986));
#741 = CARTESIAN_POINT('',(3.240879206454,0.445450622715));
#742 = CARTESIAN_POINT('',(3.189377690968,0.445477218003));
#743 = CARTESIAN_POINT('',(3.076481215634,0.445473487553));
#744 = CARTESIAN_POINT('',(3.015084968821,0.445431246256));
#745 = CARTESIAN_POINT('',(2.953667123629,0.44534880623));
#746 = CARTESIAN_POINT('',(2.892205652751,0.445226534541));
#747 = CARTESIAN_POINT('',(2.83068003112,0.445065168453));
#748 = CARTESIAN_POINT('',(2.7416299941,0.444777029433));
#749 = CARTESIAN_POINT('',(2.714169311809,0.444680690645));
#750 = CARTESIAN_POINT('',(2.686691265838,0.444576915297));
#751 = CARTESIAN_POINT('',(2.659194533847,0.444465818329));
#752 = CARTESIAN_POINT('',(2.631677938152,0.444347530425));
#753 = CARTESIAN_POINT('',(2.560301054191,0.444022670172));
#754 = CARTESIAN_POINT('',(2.516408358838,0.443805287008));
#755 = CARTESIAN_POINT('',(2.472458978624,0.443570643581));
#756 = CARTESIAN_POINT('',(2.428449650626,0.44331943462));
#757 = CARTESIAN_POINT('',(2.384378367536,0.443052461344));
#758 = CARTESIAN_POINT('',(2.297095271121,0.442495089946));
#759 = CARTESIAN_POINT('',(2.253885468607,0.442205341259));
#760 = CARTESIAN_POINT('',(2.210616928121,0.441902249733));
#761 = CARTESIAN_POINT('',(2.167290375006,0.441586762768));
#762 = CARTESIAN_POINT('',(2.123907820447,0.441259921009));
#763 = CARTESIAN_POINT('',(2.053717727208,0.440715225817));
#764 = CARTESIAN_POINT('',(2.026941872299,0.440503711052));
#765 = CARTESIAN_POINT('',(2.000147302336,0.440288582599));
#766 = CARTESIAN_POINT('',(1.973335103127,0.440070116567));
#767 = CARTESIAN_POINT('',(1.946506521723,0.439848599982));
#768 = CARTESIAN_POINT('',(1.861371772509,0.439137326763));
#769 = CARTESIAN_POINT('',(1.803006883409,0.438637315699));
#770 = CARTESIAN_POINT('',(1.744588986916,0.43812739131));
#771 = CARTESIAN_POINT('',(1.68613249005,0.437610783481));
#772 = CARTESIAN_POINT('',(1.627653448109,0.43709083372));
#773 = CARTESIAN_POINT('',(1.510699811972,0.436051092141));
#774 = CARTESIAN_POINT('',(1.452219769121,0.43553125161));
#775 = CARTESIAN_POINT('',(1.393762988552,0.435014877818));
#776 = CARTESIAN_POINT('',(1.335345494575,0.434505310346));
#777 = CARTESIAN_POINT('',(1.276981634685,0.434005775176));
#778 = CARTESIAN_POINT('',(1.192537636748,0.433301107574));
#779 = CARTESIAN_POINT('',(1.166397595458,0.433085490898));
#780 = CARTESIAN_POINT('',(1.140273172205,0.432872785335));
#781 = CARTESIAN_POINT('',(1.114165515354,0.432663256074));
#782 = CARTESIAN_POINT('',(1.088075627373,0.432457158448));
#783 = CARTESIAN_POINT('',(1.018570571028,0.431917512556));
#784 = CARTESIAN_POINT('',(0.975188046281,0.431590488903));
#785 = CARTESIAN_POINT('',(0.931861482535,0.431274805008));
#786 = CARTESIAN_POINT('',(0.888592903902,0.430971502387));
#787 = CARTESIAN_POINT('',(0.845383048805,0.430681529362));
#788 = CARTESIAN_POINT('',(0.758099848704,0.430123679353));
#789 = CARTESIAN_POINT('',(0.714028513495,0.429856451227));
#790 = CARTESIAN_POINT('',(0.670019147529,0.429604975582));
#791 = CARTESIAN_POINT('',(0.62606975663,0.429370054667));
#792 = CARTESIAN_POINT('',(0.582177090225,0.429152384241));
#793 = CARTESIAN_POINT('',(0.448214147195,0.428541768047));
#794 = CARTESIAN_POINT('',(0.358311507451,0.428206377748));
#795 = CARTESIAN_POINT('',(0.268603690441,0.42795159312));
#796 = CARTESIAN_POINT('',(0.179025896584,0.427780621473));
#797 = CARTESIAN_POINT('',(8.950974124075E-02,0.427695147142));
#798 = CARTESIAN_POINT('',(0.,0.427695147142));
#799 = ( GEOMETRIC_REPRESENTATION_CONTEXT(2) 
PARAMETRIC_REPRESENTATION_CONTEXT() REPRESENTATION_CONTEXT('2D SPACE',''
  ) );
#800 = ORIENTED_EDGE('',*,*,#801,.T.);
#801 = EDGE_CURVE('',#528,#802,#804,.T.);
#802 = VERTEX_POINT('',#803);
#803 = CARTESIAN_POINT('',(-16.18565787068,0.90333705205,22.615794058778
    ));
#804 = SURFACE_CURVE('',#805,(#820,#838),.PCURVE_S1.);
#805 = B_SPLINE_CURVE_WITH_KNOTS('',5,(#806,#807,#808,#809,#810,#811,
    #812,#813,#814,#815,#816,#817,#818,#819),.UNSPECIFIED.,.F.,.F.,(6,4,
    4,6),(0.,0.325592881604,0.650014674633,1.),.UNSPECIFIED.);
#806 = CARTESIAN_POINT('',(-15.42260706669,2.4,22.494938684249));
#807 = CARTESIAN_POINT('',(-15.42260706669,2.285713624687,
    22.494938684249));
#808 = CARTESIAN_POINT('',(-15.43125870109,2.171426395805,
    22.496308968522));
#809 = CARTESIAN_POINT('',(-15.44856138976,2.058050888142,
    22.499049445183));
#810 = CARTESIAN_POINT('',(-15.47440124677,1.946495372934,
    22.503142076473));
#811 = CARTESIAN_POINT('',(-15.54256140948,1.729207062265,
    22.513937585697));
#812 = CARTESIAN_POINT('',(-15.58482279692,1.623452624453,
    22.520631131893));
#813 = CARTESIAN_POINT('',(-15.63509236004,1.521279701378,
    22.528593048514));
#814 = CARTESIAN_POINT('',(-15.69301847243,1.42355125014,22.537767643404
    ));
#815 = CARTESIAN_POINT('',(-15.82833694753,1.23133349983,22.559199984348
    ));
#816 = CARTESIAN_POINT('',(-15.90690685578,1.137701718318,
    22.571644235293));
#817 = CARTESIAN_POINT('',(-15.99320526182,1.051221750632,
    22.585312560035));
#818 = CARTESIAN_POINT('',(-16.08644749654,0.972834523977,
    22.600080679195));
#819 = CARTESIAN_POINT('',(-16.18565874089,0.903336442456,
    22.615794196607));
#820 = PCURVE('',#339,#821);
#821 = DEFINITIONAL_REPRESENTATION('',(#822),#837);
#822 = B_SPLINE_CURVE_WITH_KNOTS('',5,(#823,#824,#825,#826,#827,#828,
    #829,#830,#831,#832,#833,#834,#835,#836),.UNSPECIFIED.,.F.,.F.,(6,4,
    4,6),(0.,0.325592881604,0.650014674633,1.),.UNSPECIFIED.);
#823 = CARTESIAN_POINT('',(6.178893824775,3.061900501182));
#824 = CARTESIAN_POINT('',(6.190826937945,2.948238826057));
#825 = CARTESIAN_POINT('',(6.194048542265,2.833661688687));
#826 = CARTESIAN_POINT('',(6.188463936186,2.719076736968));
#827 = CARTESIAN_POINT('',(6.174092958607,2.605399316968));
#828 = CARTESIAN_POINT('',(6.12814835624,2.382093127473));
#829 = CARTESIAN_POINT('',(6.096636317841,2.272449062509));
#830 = CARTESIAN_POINT('',(6.056686639163,2.165520345711));
#831 = CARTESIAN_POINT('',(6.008563278791,2.062202389598));
#832 = CARTESIAN_POINT('',(5.892377175907,1.856730036295));
#833 = CARTESIAN_POINT('',(5.823039189451,1.755303984376));
#834 = CARTESIAN_POINT('',(5.745172389335,1.660173630453));
#835 = CARTESIAN_POINT('',(5.659468637033,1.572357710359));
#836 = CARTESIAN_POINT('',(5.566826352095,1.492751328623));
#837 = ( GEOMETRIC_REPRESENTATION_CONTEXT(2) 
PARAMETRIC_REPRESENTATION_CONTEXT() REPRESENTATION_CONTEXT('2D SPACE',''
  ) );
#838 = PCURVE('',#839,#868);
#839 = B_SPLINE_SURFACE_WITH_KNOTS('',13,1,(
    (#840,#841)
    ,(#842,#843)
    ,(#844,#845)
    ,(#846,#847)
    ,(#848,#849)
    ,(#850,#851)
    ,(#852,#853)
    ,(#854,#855)
    ,(#856,#857)
    ,(#858,#859)
    ,(#860,#861)
    ,(#862,#863)
    ,(#864,#865)
    ,(#866,#867
    )),.UNSPECIFIED.,.T.,.F.,.F.,(14,14),(2,2),(0.,6.28318530718),(0.,1.
    ),.PIECEWISE_BEZIER_KNOTS.);
#840 = CARTESIAN_POINT('',(-19.42214255499,2.4,9.41304755963));
#841 = CARTESIAN_POINT('',(-10.07077274165,2.4,40.));
#842 = CARTESIAN_POINT('',(-19.42214255499,3.26997950407,9.41304755963)
  );
#843 = CARTESIAN_POINT('',(-10.07077274165,3.26997950407,40.000000000001
    ));
#844 = CARTESIAN_POINT('',(-19.87766525769,4.139959356037,9.413047559634
    ));
#845 = CARTESIAN_POINT('',(-10.52629544435,4.139959356037,
    39.999999999994));
#846 = CARTESIAN_POINT('',(-20.78868354365,4.749742678671,9.413047559622
    ));
#847 = CARTESIAN_POINT('',(-11.43731373033,4.749742678671,
    40.000000000016));
#848 = CARTESIAN_POINT('',(-21.99186067899,4.839164870041,9.413047559647
    ));
#849 = CARTESIAN_POINT('',(-12.64049086563,4.839164870041,
    39.999999999966));
#850 = CARTESIAN_POINT('',(-23.15970079158,4.26204361632,9.413047559607)
  );
#851 = CARTESIAN_POINT('',(-13.80833097827,4.26204361632,40.000000000062
    ));
#852 = CARTESIAN_POINT('',(-23.89280251833,3.101005810391,9.413047559655
    ));
#853 = CARTESIAN_POINT('',(-14.54143270496,3.101005810391,
    39.999999999907));
#854 = CARTESIAN_POINT('',(-23.89280251828,1.698994189611,9.413047559611
    ));
#855 = CARTESIAN_POINT('',(-14.54143270497,1.698994189611,
    40.000000000113));
#856 = CARTESIAN_POINT('',(-23.15970079162,0.537956383676,9.413047559642
    ));
#857 = CARTESIAN_POINT('',(-13.80833097827,0.537956383676,
    39.999999999892));
#858 = CARTESIAN_POINT('',(-21.99186067896,-3.916487003712E-02,
    9.413047559626));
#859 = CARTESIAN_POINT('',(-12.64049086563,-3.916487003712E-02,
    40.000000000078));
#860 = CARTESIAN_POINT('',(-20.78868354366,5.025732132704E-02,
    9.413047559631));
#861 = CARTESIAN_POINT('',(-11.43731373033,5.025732132704E-02,
    39.999999999957));
#862 = CARTESIAN_POINT('',(-19.87766525769,0.660040643964,9.41304755963)
  );
#863 = CARTESIAN_POINT('',(-10.52629544435,0.660040643964,
    40.000000000016));
#864 = CARTESIAN_POINT('',(-19.42214255499,1.530020495929,9.41304755963)
  );
#865 = CARTESIAN_POINT('',(-10.07077274165,1.530020495929,
    39.999999999996));
#866 = CARTESIAN_POINT('',(-19.42214255499,2.4,9.41304755963));
#867 = CARTESIAN_POINT('',(-10.07077274165,2.4,40.));
#868 = DEFINITIONAL_REPRESENTATION('',(#869),#884);
#869 = B_SPLINE_CURVE_WITH_KNOTS('',5,(#870,#871,#872,#873,#874,#875,
    #876,#877,#878,#879,#880,#881,#882,#883),.UNSPECIFIED.,.F.,.F.,(6,4,
    4,6),(0.,0.325592881604,0.650014674633,1.),.UNSPECIFIED.);
#870 = CARTESIAN_POINT('',(6.28318530718,0.427695147142));
#871 = CARTESIAN_POINT('',(6.21969287645,0.427695147142));
#872 = CARTESIAN_POINT('',(6.156199953806,0.427739946776));
#873 = CARTESIAN_POINT('',(6.092680397544,0.42782954304));
#874 = CARTESIAN_POINT('',(6.029105203049,0.427963346213));
#875 = CARTESIAN_POINT('',(5.902028812706,0.428316291125));
#876 = CARTESIAN_POINT('',(5.838526875166,0.428535127774));
#877 = CARTESIAN_POINT('',(5.774926590237,0.428795432119));
#878 = CARTESIAN_POINT('',(5.711207076258,0.429095383378));
#879 = CARTESIAN_POINT('',(5.578482722056,0.42979608545));
#880 = CARTESIAN_POINT('',(5.50945380752,0.430202933794));
#881 = CARTESIAN_POINT('',(5.440268313172,0.430649801613));
#882 = CARTESIAN_POINT('',(5.370917494224,0.431132625758));
#883 = CARTESIAN_POINT('',(5.301419350601,0.43164635845));
#884 = ( GEOMETRIC_REPRESENTATION_CONTEXT(2) 
PARAMETRIC_REPRESENTATION_CONTEXT() REPRESENTATION_CONTEXT('2D SPACE',''
  ) );
#885 = ORIENTED_EDGE('',*,*,#886,.F.);
#886 = EDGE_CURVE('',#887,#802,#889,.T.);
#887 = VERTEX_POINT('',#888);
#888 = CARTESIAN_POINT('',(-16.18565787068,0.125,22.615794058778));
#889 = SURFACE_CURVE('',#890,(#894,#900),.PCURVE_S1.);
#890 = LINE('',#891,#892);
#891 = CARTESIAN_POINT('',(-16.18565787068,-0.5625,22.615794058778));
#892 = VECTOR('',#893,1.);
#893 = DIRECTION('',(2.734506013376E-17,1.,8.944166154111E-17));
#894 = PCURVE('',#339,#895);
#895 = DEFINITIONAL_REPRESENTATION('',(#896),#899);
#896 = B_SPLINE_CURVE_WITH_KNOTS('',1,(#897,#898),.UNSPECIFIED.,.F.,.F.,
  (2,2),(9.138790330123E-02,1.46583705205),.PIECEWISE_BEZIER_KNOTS.);
#897 = CARTESIAN_POINT('',(5.710339085465,0.12581574779));
#898 = CARTESIAN_POINT('',(5.566827164694,1.49275202688));
#899 = ( GEOMETRIC_REPRESENTATION_CONTEXT(2) 
PARAMETRIC_REPRESENTATION_CONTEXT() REPRESENTATION_CONTEXT('2D SPACE',''
  ) );
#900 = PCURVE('',#901,#906);
#901 = PLANE('',#902);
#902 = AXIS2_PLACEMENT_3D('',#903,#904,#905);
#903 = CARTESIAN_POINT('',(-10.87077274165,-1.125,40.));
#904 = DIRECTION('',(0.956304755963,0.,-0.292371704723));
#905 = DIRECTION('',(0.,1.,0.));
#906 = DEFINITIONAL_REPRESENTATION('',(#907),#910);
#907 = B_SPLINE_CURVE_WITH_KNOTS('',1,(#908,#909),.UNSPECIFIED.,.F.,.F.,
  (2,2),(9.138790330123E-02,1.46583705205),.PIECEWISE_BEZIER_KNOTS.);
#908 = CARTESIAN_POINT('',(0.653887903301,-18.17852084581));
#909 = CARTESIAN_POINT('',(2.02833705205,-18.17852084581));
#910 = ( GEOMETRIC_REPRESENTATION_CONTEXT(2) 
PARAMETRIC_REPRESENTATION_CONTEXT() REPRESENTATION_CONTEXT('2D SPACE',''
  ) );
#911 = ORIENTED_EDGE('',*,*,#912,.F.);
#912 = EDGE_CURVE('',#913,#887,#915,.T.);
#913 = VERTEX_POINT('',#914);
#914 = CARTESIAN_POINT('',(-14.37341242548,0.125,22.32876257821));
#915 = SURFACE_CURVE('',#916,(#920,#926),.PCURVE_S1.);
#916 = LINE('',#917,#918);
#917 = CARTESIAN_POINT('',(-50.40578721331,0.125,28.035730092543));
#918 = VECTOR('',#919,1.);
#919 = DIRECTION('',(-0.987688340595,0.,0.15643446504));
#920 = PCURVE('',#339,#921);
#921 = DEFINITIONAL_REPRESENTATION('',(#922),#925);
#922 = B_SPLINE_CURVE_WITH_KNOTS('',1,(#923,#924),.UNSPECIFIED.,.F.,.F.,
  (2,2),(-87.38330323208,-28.95743115911),.PIECEWISE_BEZIER_KNOTS.);
#923 = CARTESIAN_POINT('',(58.096448875726,6.225117616586));
#924 = CARTESIAN_POINT('',(-1.006182838394E-02,0.124630645833));
#925 = ( GEOMETRIC_REPRESENTATION_CONTEXT(2) 
PARAMETRIC_REPRESENTATION_CONTEXT() REPRESENTATION_CONTEXT('2D SPACE',''
  ) );
#926 = PCURVE('',#927,#932);
#927 = PLANE('',#928);
#928 = AXIS2_PLACEMENT_3D('',#929,#930,#931);
#929 = CARTESIAN_POINT('',(-100.,0.125,-100.));
#930 = DIRECTION('',(0.,1.,0.));
#931 = DIRECTION('',(0.,0.,1.));
#932 = DEFINITIONAL_REPRESENTATION('',(#933),#936);
#933 = B_SPLINE_CURVE_WITH_KNOTS('',1,(#934,#935),.UNSPECIFIED.,.F.,.F.,
  (2,2),(-87.38330323208,-28.95743115911),.PIECEWISE_BEZIER_KNOTS.);
#934 = CARTESIAN_POINT('',(114.36596979798,135.90168255171));
#935 = CARTESIAN_POINT('',(123.50578984022,78.195129916134));
#936 = ( GEOMETRIC_REPRESENTATION_CONTEXT(2) 
PARAMETRIC_REPRESENTATION_CONTEXT() REPRESENTATION_CONTEXT('2D SPACE',''
  ) );
#937 = ORIENTED_EDGE('',*,*,#938,.T.);
#938 = EDGE_CURVE('',#913,#939,#941,.T.);
#939 = VERTEX_POINT('',#940);
#940 = CARTESIAN_POINT('',(-4.16760770788,10.1,20.71232190995));
#941 = SURFACE_CURVE('',#942,(#1113,#1287),.PCURVE_S1.);
#942 = B_SPLINE_CURVE_WITH_KNOTS('',8,(#943,#944,#945,#946,#947,#948,
    #949,#950,#951,#952,#953,#954,#955,#956,#957,#958,#959,#960,#961,
    #962,#963,#964,#965,#966,#967,#968,#969,#970,#971,#972,#973,#974,
    #975,#976,#977,#978,#979,#980,#981,#982,#983,#984,#985,#986,#987,
    #988,#989,#990,#991,#992,#993,#994,#995,#996,#997,#998,#999,#1000,
    #1001,#1002,#1003,#1004,#1005,#1006,#1007,#1008,#1009,#1010,#1011,
    #1012,#1013,#1014,#1015,#1016,#1017,#1018,#1019,#1020,#1021,#1022,
    #1023,#1024,#1025,#1026,#1027,#1028,#1029,#1030,#1031,#1032,#1033,
    #1034,#1035,#1036,#1037,#1038,#1039,#1040,#1041,#1042,#1043,#1044,
    #1045,#1046,#1047,#1048,#1049,#1050,#1051,#1052,#1053,#1054,#1055,
    #1056,#1057,#1058,#1059,#1060,#1061,#1062,#1063,#1064,#1065,#1066,
    #1067,#1068,#1069,#1070,#1071,#1072,#1073,#1074,#1075,#1076,#1077,
    #1078,#1079,#1080,#1081,#1082,#1083,#1084,#1085,#1086,#1087,#1088,
    #1089,#1090,#1091,#1092,#1093,#1094,#1095,#1096,#1097,#1098,#1099,
    #1100,#1101,#1102,#1103,#1104,#1105,#1106,#1107,#1108,#1109,#1110,
    #1111,#1112),.UNSPECIFIED.,.F.,.F.,(9,7,7,7,7,7,7,7,7,7,7,7,7,7,7,7,
    7,7,7,7,7,7,7,7,9),(0.,2.319691203775E-02,4.684648321709E-02,
    7.298362225501E-02,0.146591125764,0.205739453293,0.236371077038,
    0.266913995787,0.349496800813,0.370979618441,0.38530149686,
    0.409372845001,0.436005986587,0.490292018192,0.525957443945,
    0.54129601553,0.590825124683,0.649916910655,0.67816241011,
    0.76526037705,0.830994473824,0.846887468006,0.896956977618,
    0.940316421214,1.),.UNSPECIFIED.);
#943 = CARTESIAN_POINT('',(-14.37341728542,-0.66374728964,
    22.328763347949));
#944 = CARTESIAN_POINT('',(-14.37341277633,-0.329573172021,
    22.328762633779));
#945 = CARTESIAN_POINT('',(-14.3734106624,4.551719267002E-03,
    22.328762298965));
#946 = CARTESIAN_POINT('',(-14.3734114858,0.338660502656,22.32876242938)
  );
#947 = CARTESIAN_POINT('',(-14.37341518795,0.672786209331,
    22.328763015742));
#948 = CARTESIAN_POINT('',(-14.37342110947,1.006961783231,
    22.328763953618));
#949 = CARTESIAN_POINT('',(-14.37342799019,1.341220081048,
    22.328765043417));
#950 = CARTESIAN_POINT('',(-14.37343396918,1.675593872226,
    22.328765990397));
#951 = CARTESIAN_POINT('',(-14.37343925131,2.351165589492,
    22.328766827003));
#952 = CARTESIAN_POINT('',(-14.37344292772,2.75464652401,22.328767409291
    ));
#953 = CARTESIAN_POINT('',(-14.37342725473,3.126735402106,
    22.328764926931));
#954 = CARTESIAN_POINT('',(-14.37342042863,3.407452769104,
    22.328763845784));
#955 = CARTESIAN_POINT('',(-14.37341528773,3.572140791702,
    22.328763031546));
#956 = CARTESIAN_POINT('',(-14.37340186882,3.633535923036,
    22.328760906199));
#957 = CARTESIAN_POINT('',(-14.37340123166,3.643708542918,
    22.328760805282));
#958 = CARTESIAN_POINT('',(-14.37336779569,3.751984866913,
    22.328755509545));
#959 = CARTESIAN_POINT('',(-14.37334063039,3.808838502835,
    22.328751206984));
#960 = CARTESIAN_POINT('',(-14.37330020139,3.865700988849,22.32874480366
    ));
#961 = CARTESIAN_POINT('',(-14.373242857,3.922570687071,22.3287357212));
#962 = CARTESIAN_POINT('',(-14.3731649455,3.979445959619,22.328723381231
    ));
#963 = CARTESIAN_POINT('',(-14.37306281521,4.036325168609,
    22.328707205382));
#964 = CARTESIAN_POINT('',(-14.37293281442,4.093206676158,22.32868661528
    ));
#965 = CARTESIAN_POINT('',(-14.37231640984,4.310280607959,
    22.328588986386));
#966 = CARTESIAN_POINT('',(-14.37161153229,4.470474373102,22.32847734475
    ));
#967 = CARTESIAN_POINT('',(-14.37057507075,4.630651943806,
    22.328313185368));
#968 = CARTESIAN_POINT('',(-14.3691252768,4.790794543919,22.328083560565
    ));
#969 = CARTESIAN_POINT('',(-14.36718007168,4.950882776887,
    22.327775470341));
#970 = CARTESIAN_POINT('',(-14.36465687629,5.110896585509,
    22.327375835452));
#971 = CARTESIAN_POINT('',(-14.36147244117,5.270815211682,
    22.326871470477));
#972 = CARTESIAN_POINT('',(-14.35438485977,5.559028218891,
    22.325748907863));
#973 = CARTESIAN_POINT('',(-14.35074574508,5.687363681788,
    22.325172528721));
#974 = CARTESIAN_POINT('',(-14.3465817809,5.815612366131,22.324513021584
    ));
#975 = CARTESIAN_POINT('',(-14.34184900276,5.943762507764,
    22.323763423167));
#976 = CARTESIAN_POINT('',(-14.33650303331,6.07180175709,22.322916704788
    ));
#977 = CARTESIAN_POINT('',(-14.33049908231,6.199717179065,
    22.321965772369));
#978 = CARTESIAN_POINT('',(-14.32379194662,6.327495253201,
    22.320903466437));
#979 = CARTESIAN_POINT('',(-14.312474744,6.521216905808,22.319110997634)
  );
#980 = CARTESIAN_POINT('',(-14.30841264394,6.587271286857,
    22.318467624189));
#981 = CARTESIAN_POINT('',(-14.30414336713,6.653283042033,
    22.317791437171));
#982 = CARTESIAN_POINT('',(-14.29966053717,6.71925013845,22.317081426657
    ));
#983 = CARTESIAN_POINT('',(-14.29495774418,6.785170485019,22.31633657742
    ));
#984 = CARTESIAN_POINT('',(-14.29002854476,6.851041932447,22.31555586893
    ));
#985 = CARTESIAN_POINT('',(-14.28486646205,6.916862273238,
    22.314738275348));
#986 = CARTESIAN_POINT('',(-14.2740791512,7.048205757997,22.313029733157
    ));
#987 = CARTESIAN_POINT('',(-14.2684577132,7.113728799693,22.312139384847
    ));
#988 = CARTESIAN_POINT('',(-14.26257774508,7.179198784731,
    22.311208089385));
#989 = CARTESIAN_POINT('',(-14.25640811574,7.244617331449,
    22.310230916095));
#990 = CARTESIAN_POINT('',(-14.24992267326,7.309984937419,
    22.309203722919));
#991 = CARTESIAN_POINT('',(-14.24309643971,7.375301682058,
    22.308122553738));
#992 = CARTESIAN_POINT('',(-14.23590011951,7.440568206424,22.30698276859
    ));
#993 = CARTESIAN_POINT('',(-14.20778104238,7.682117130184,
    22.302529144297));
#994 = CARTESIAN_POINT('',(-14.1843604998,7.858079246127,22.298819694768
    ));
#995 = CARTESIAN_POINT('',(-14.15751983024,8.033672109676,
    22.294568550342));
#996 = CARTESIAN_POINT('',(-14.12674379502,8.208874585978,
    22.289694105229));
#997 = CARTESIAN_POINT('',(-14.0915401501,8.383643427188,22.28411839563)
  );
#998 = CARTESIAN_POINT('',(-14.05145280754,8.557913651302,
    22.277769184316));
#999 = CARTESIAN_POINT('',(-14.00607669129,8.731598739785,
    22.270582313538));
#1000 = CARTESIAN_POINT('',(-13.94180669025,8.949592198109,
    22.260402945394));
#1001 = CARTESIAN_POINT('',(-13.92813944193,8.99461097609,
    22.258238265919));
#1002 = CARTESIAN_POINT('',(-13.91406352455,9.039648826732,
    22.256008859622));
#1003 = CARTESIAN_POINT('',(-13.89956992063,9.084707588836,
    22.253713298278));
#1004 = CARTESIAN_POINT('',(-13.88464961274,9.129789101202,
    22.251350153663));
#1005 = CARTESIAN_POINT('',(-13.86929358343,9.174895202631,
    22.248917997554));
#1006 = CARTESIAN_POINT('',(-13.85349281523,9.220027731923,
    22.246415401727));
#1007 = CARTESIAN_POINT('',(-13.82640194102,9.295295725182,
    22.242124628777));
#1008 = CARTESIAN_POINT('',(-13.81536392185,9.325415485447,
    22.240376378289));
#1009 = CARTESIAN_POINT('',(-13.80412156137,9.355548353503,
    22.238595763316));
#1010 = CARTESIAN_POINT('',(-13.79267218773,9.38569487418,22.23678236068
    ));
#1011 = CARTESIAN_POINT('',(-13.7810131291,9.415855592308,
    22.234935747204));
#1012 = CARTESIAN_POINT('',(-13.76914171364,9.446031052716,
    22.23305549971));
#1013 = CARTESIAN_POINT('',(-13.75705526951,9.476221800234,
    22.231141195021));
#1014 = CARTESIAN_POINT('',(-13.72407106179,9.557197773833,
    22.225917009742));
#1015 = CARTESIAN_POINT('',(-13.70283251499,9.607870009662,
    22.222553154394));
#1016 = CARTESIAN_POINT('',(-13.68102624035,9.658467688332,
    22.21909937979));
#1017 = CARTESIAN_POINT('',(-13.65865456214,9.708956891826,
    22.215556054057));
#1018 = CARTESIAN_POINT('',(-13.63572077217,9.759293025313,
    22.211923698569));
#1019 = CARTESIAN_POINT('',(-13.612224083,9.809442936003,22.208202188605
    ));
#1020 = CARTESIAN_POINT('',(-13.58816013518,9.859383308503,
    22.204390833696));
#1021 = CARTESIAN_POINT('',(-13.53627240648,9.964055839403,
    22.196172624828));
#1022 = CARTESIAN_POINT('',(-13.50829653989,10.018782415443,
    22.191741682854));
#1023 = CARTESIAN_POINT('',(-13.47960694398,10.073180715512,
    22.187197697264));
#1024 = CARTESIAN_POINT('',(-13.45021110401,10.127176390327,
    22.182541853602));
#1025 = CARTESIAN_POINT('',(-13.42011650521,10.180695090605,
    22.177775337414));
#1026 = CARTESIAN_POINT('',(-13.38933063282,10.233662467061,
    22.172899334246));
#1027 = CARTESIAN_POINT('',(-13.35786097208,10.286004170413,
    22.167915029642));
#1028 = CARTESIAN_POINT('',(-13.26019225329,10.442906506259,
    22.152445824279));
#1029 = CARTESIAN_POINT('',(-13.19161279933,10.545655540812,
    22.141583905846));
#1030 = CARTESIAN_POINT('',(-13.11985346294,10.645464960401,
    22.130218343514));
#1031 = CARTESIAN_POINT('',(-13.0447868572,10.741802080254,
    22.118328961177));
#1032 = CARTESIAN_POINT('',(-12.96628712498,10.8340213429,
    22.105895825024));
#1033 = CARTESIAN_POINT('',(-12.88423460381,10.921358518369,
    22.09289998238));
#1034 = CARTESIAN_POINT('',(-12.79851942228,11.002927287197,
    22.079324031327));
#1035 = CARTESIAN_POINT('',(-12.65025951323,11.126855155246,
    22.055841968609));
#1036 = CARTESIAN_POINT('',(-12.58986778334,11.173053404119,
    22.04627685827));
#1037 = CARTESIAN_POINT('',(-12.52785280782,11.21602059718,
    22.036454651081));
#1038 = CARTESIAN_POINT('',(-12.46421960884,11.255431796093,
    22.026376142474));
#1039 = CARTESIAN_POINT('',(-12.39899787787,11.290936437019,
    22.016046035117));
#1040 = CARTESIAN_POINT('',(-12.332246994,11.322171769835,
    22.005473733734));
#1041 = CARTESIAN_POINT('',(-12.26406244402,11.3487827794,
    21.994674361948));
#1042 = CARTESIAN_POINT('',(-12.16470301003,11.379766368228,
    21.978937373604));
#1043 = CARTESIAN_POINT('',(-12.13461268947,11.388148050817,
    21.974171535023));
#1044 = CARTESIAN_POINT('',(-12.1043170492,11.395614588271,
    21.969373176994));
#1045 = CARTESIAN_POINT('',(-12.07382067464,11.402187702298,
    21.964543025778));
#1046 = CARTESIAN_POINT('',(-12.04312837013,11.407889884649,
    21.959681842306));
#1047 = CARTESIAN_POINT('',(-12.01224515886,11.412744397116,
    21.954790422174));
#1048 = CARTESIAN_POINT('',(-11.9811762829,11.416775271532,
    21.949869595643));
#1049 = CARTESIAN_POINT('',(-11.8490221697,11.430443742786,
    21.928938440388));
#1050 = CARTESIAN_POINT('',(-11.74674079956,11.432487307916,
    21.912738662823));
#1051 = CARTESIAN_POINT('',(-11.64352484873,11.427048423524,
    21.896390862218));
#1052 = CARTESIAN_POINT('',(-11.53973561469,11.41511745496,
    21.879952262472));
#1053 = CARTESIAN_POINT('',(-11.43564614491,11.397666581309,
    21.863466110057));
#1054 = CARTESIAN_POINT('',(-11.33143618667,11.375588967301,
    21.846960874145));
#1055 = CARTESIAN_POINT('',(-11.22718987813,11.349675240372,
    21.830449880912));
#1056 = CARTESIAN_POINT('',(-10.99846630604,11.285970960541,
    21.794223625957));
#1057 = CARTESIAN_POINT('',(-10.87406047167,11.246878664515,
    21.774519677506));
#1058 = CARTESIAN_POINT('',(-10.7496908179,11.2045559569,21.7548214595)
  );
#1059 = CARTESIAN_POINT('',(-10.62535372507,11.160072158663,
    21.735128398641));
#1060 = CARTESIAN_POINT('',(-10.50102733201,11.114403806548,
    21.715437032459));
#1061 = CARTESIAN_POINT('',(-10.37666905449,11.068478119987,
    21.695740616275));
#1062 = CARTESIAN_POINT('',(-10.25221310367,11.023216467997,
    21.676028730159));
#1063 = CARTESIAN_POINT('',(-10.06798843654,10.958718846407,
    21.646850409361));
#1064 = CARTESIAN_POINT('',(-10.00837322324,10.938218276957,
    21.637408287168));
#1065 = CARTESIAN_POINT('',(-9.948713199085,10.91830375545,
    21.627959067632));
#1066 = CARTESIAN_POINT('',(-9.889030351296,10.898642044646,
    21.618506233188));
#1067 = CARTESIAN_POINT('',(-9.829284045875,10.880284336087,
    21.609043348042));
#1068 = CARTESIAN_POINT('',(-9.769510968131,10.862271479847,
    21.599576222577));
#1069 = CARTESIAN_POINT('',(-9.709705614525,10.84504517031,
    21.590103985118));
#1070 = CARTESIAN_POINT('',(-9.465393212326,10.777328179183,
    21.551408702032));
#1071 = CARTESIAN_POINT('',(-9.280673207898,10.732459811132,
    21.522151927513));
#1072 = CARTESIAN_POINT('',(-9.095842674787,10.693353227379,
    21.492877646972));
#1073 = CARTESIAN_POINT('',(-8.910992477242,10.659404945373,
    21.46360025189));
#1074 = CARTESIAN_POINT('',(-8.72618028487,10.629936426548,
    21.434328876236));
#1075 = CARTESIAN_POINT('',(-8.54143105717,10.604215571185,
    21.405067473206));
#1076 = CARTESIAN_POINT('',(-8.356737371473,10.58147547119,
    21.375814867165));
#1077 = CARTESIAN_POINT('',(-8.032680601821,10.545424773803,
    21.324489317071));
#1078 = CARTESIAN_POINT('',(-7.893317672866,10.531170161523,
    21.302416397566));
#1079 = CARTESIAN_POINT('',(-7.753953080617,10.51782824755,
    21.280343214622));
#1080 = CARTESIAN_POINT('',(-7.614567862504,10.505055518667,
    21.258266764861));
#1081 = CARTESIAN_POINT('',(-7.475141975661,10.492505792624,
    21.236183873807));
#1082 = CARTESIAN_POINT('',(-7.335654452399,10.479832725913,
    21.214091220503));
#1083 = CARTESIAN_POINT('',(-7.196083555672,10.466692321534,
    21.191985362139));
#1084 = CARTESIAN_POINT('',(-7.022636337015,10.4493734005,
    21.164514021486));
#1085 = CARTESIAN_POINT('',(-6.988849601135,10.445950899338,
    21.159162728234));
#1086 = CARTESIAN_POINT('',(-6.955046995944,10.4424784633,
    21.153808921529));
#1087 = CARTESIAN_POINT('',(-6.921228823928,10.438956915953,
    21.148452649281));
#1088 = CARTESIAN_POINT('',(-6.887395421026,10.435387374421,
    21.143093964698));
#1089 = CARTESIAN_POINT('',(-6.853547156629,10.431771249377,
    21.137732926286));
#1090 = CARTESIAN_POINT('',(-6.819684433583,10.428110245051,
    21.132369597849));
#1091 = CARTESIAN_POINT('',(-6.679081918973,10.41273758587,
    21.110100347264));
#1092 = CARTESIAN_POINT('',(-6.572304360513,10.400649038537,
    21.093188443428));
#1093 = CARTESIAN_POINT('',(-6.465479786811,10.388186192709,
    21.076269093109));
#1094 = CARTESIAN_POINT('',(-6.358612693,10.375394152909,21.059343008267
    ));
#1095 = CARTESIAN_POINT('',(-6.251707295344,10.362317652692,
    21.042410856691));
#1096 = CARTESIAN_POINT('',(-6.144767531236,10.349001054653,
    21.025473262005));
#1097 = CARTESIAN_POINT('',(-6.037797059202,10.335488350422,
    21.00853080366));
#1098 = CARTESIAN_POINT('',(-5.838140770265,10.309989311499,
    20.97690835408));
#1099 = CARTESIAN_POINT('',(-5.745461900235,10.298041202732,
    20.96222946312));
#1100 = CARTESIAN_POINT('',(-5.652764871167,10.286007183027,
    20.947547696052));
#1101 = CARTESIAN_POINT('',(-5.560051877658,10.273915547231,
    20.932863400464));
#1102 = CARTESIAN_POINT('',(-5.467325086531,10.261794536382,
    20.918176919548));
#1103 = CARTESIAN_POINT('',(-5.374586636845,10.249672337702,
    20.903488592098));
#1104 = CARTESIAN_POINT('',(-5.281838639889,10.237577084603,
    20.888798752509));
#1105 = CARTESIAN_POINT('',(-5.061406774975,10.208963676029,
    20.853885774955));
#1106 = CARTESIAN_POINT('',(-4.93371651061,10.192494855445,
    20.833661623898));
#1107 = CARTESIAN_POINT('',(-4.806017691969,10.176203780608,
    20.813436117978));
#1108 = CARTESIAN_POINT('',(-4.678315996778,10.160163956954,
    20.793210156456));
#1109 = CARTESIAN_POINT('',(-4.550617486893,10.144449161918,
    20.772984699438));
#1110 = CARTESIAN_POINT('',(-4.422928620605,10.12913359718,
    20.752760769815));
#1111 = CARTESIAN_POINT('',(-4.295256264924,10.114292040908,
    20.732539455216));
#1112 = CARTESIAN_POINT('',(-4.16760770788,10.1,20.71232190995));
#1113 = PCURVE('',#339,#1114);
#1114 = DEFINITIONAL_REPRESENTATION('',(#1115),#1286);
#1115 = B_SPLINE_CURVE_WITH_KNOTS('',8,(#1116,#1117,#1118,#1119,#1120,
    #1121,#1122,#1123,#1124,#1125,#1126,#1127,#1128,#1129,#1130,#1131,
    #1132,#1133,#1134,#1135,#1136,#1137,#1138,#1139,#1140,#1141,#1142,
    #1143,#1144,#1145,#1146,#1147,#1148,#1149,#1150,#1151,#1152,#1153,
    #1154,#1155,#1156,#1157,#1158,#1159,#1160,#1161,#1162,#1163,#1164,
    #1165,#1166,#1167,#1168,#1169,#1170,#1171,#1172,#1173,#1174,#1175,
    #1176,#1177,#1178,#1179,#1180,#1181,#1182,#1183,#1184,#1185,#1186,
    #1187,#1188,#1189,#1190,#1191,#1192,#1193,#1194,#1195,#1196,#1197,
    #1198,#1199,#1200,#1201,#1202,#1203,#1204,#1205,#1206,#1207,#1208,
    #1209,#1210,#1211,#1212,#1213,#1214,#1215,#1216,#1217,#1218,#1219,
    #1220,#1221,#1222,#1223,#1224,#1225,#1226,#1227,#1228,#1229,#1230,
    #1231,#1232,#1233,#1234,#1235,#1236,#1237,#1238,#1239,#1240,#1241,
    #1242,#1243,#1244,#1245,#1246,#1247,#1248,#1249,#1250,#1251,#1252,
    #1253,#1254,#1255,#1256,#1257,#1258,#1259,#1260,#1261,#1262,#1263,
    #1264,#1265,#1266,#1267,#1268,#1269,#1270,#1271,#1272,#1273,#1274,
    #1275,#1276,#1277,#1278,#1279,#1280,#1281,#1282,#1283,#1284,#1285),
  .UNSPECIFIED.,.F.,.F.,(9,7,7,7,7,7,7,7,7,7,7,7,7,7,7,7,7,7,7,7,7,7,7,7
    ,9),(0.,2.319691203775E-02,4.684648321709E-02,7.298362225501E-02,
    0.146591125764,0.205739453293,0.236371077038,0.266913995787,
    0.349496800813,0.370979618441,0.38530149686,0.409372845001,
    0.436005986587,0.490292018192,0.525957443945,0.54129601553,
    0.590825124683,0.649916910655,0.67816241011,0.76526037705,
    0.830994473824,0.846887468006,0.896956977618,0.940316421214,1.),
  .UNSPECIFIED.);
#1116 = CARTESIAN_POINT('',(7.555253957585,0.12581574779));
#1117 = CARTESIAN_POINT('',(7.520365996058,0.458163714607));
#1118 = CARTESIAN_POINT('',(7.485480762698,0.790462470964));
#1119 = CARTESIAN_POINT('',(7.450594253533,1.122744896946));
#1120 = CARTESIAN_POINT('',(7.415703078643,1.455043849382));
#1121 = CARTESIAN_POINT('',(7.380804462162,1.787392161842));
#1122 = CARTESIAN_POINT('',(7.345896242278,2.119822644639));
#1123 = CARTESIAN_POINT('',(7.310976871236,2.452368084827));
#1124 = CARTESIAN_POINT('',(7.240432315127,3.124246504484));
#1125 = CARTESIAN_POINT('',(7.198299499931,3.525521585217));
#1126 = CARTESIAN_POINT('',(7.159463942721,3.895578247028));
#1127 = CARTESIAN_POINT('',(7.130159954703,4.174761907847));
#1128 = CARTESIAN_POINT('',(7.112969373595,4.338550273537));
#1129 = CARTESIAN_POINT('',(7.106572365895,4.399611231838));
#1130 = CARTESIAN_POINT('',(7.105510842158,4.409728314571));
#1131 = CARTESIAN_POINT('',(7.094238931018,4.517416324596));
#1132 = CARTESIAN_POINT('',(7.088329961302,4.573962064939));
#1133 = CARTESIAN_POINT('',(7.082433423143,4.63051800918));
#1134 = CARTESIAN_POINT('',(7.076553164566,4.687082914429));
#1135 = CARTESIAN_POINT('',(7.070693033598,4.743655537798));
#1136 = CARTESIAN_POINT('',(7.064856878264,4.800234636398));
#1137 = CARTESIAN_POINT('',(7.059048546592,4.856818967343));
#1138 = CARTESIAN_POINT('',(7.037003636298,5.072771516028));
#1139 = CARTESIAN_POINT('',(7.020986905649,5.232164163431));
#1140 = CARTESIAN_POINT('',(7.005305748101,5.391575758542));
#1141 = CARTESIAN_POINT('',(6.990044439144,5.550996269925));
#1142 = CARTESIAN_POINT('',(6.975287651692,5.710415084064));
#1143 = CARTESIAN_POINT('',(6.961120631459,5.869820983298));
#1144 = CARTESIAN_POINT('',(6.947629372337,6.029202123761));
#1145 = CARTESIAN_POINT('',(6.924672564802,6.316588999713));
#1146 = CARTESIAN_POINT('',(6.91493686529,6.444607680227));
#1147 = CARTESIAN_POINT('',(6.905738713864,6.572595541344));
#1148 = CARTESIAN_POINT('',(6.897123608038,6.700545530946));
#1149 = CARTESIAN_POINT('',(6.889137522209,6.828450058318));
#1150 = CARTESIAN_POINT('',(6.881826907658,6.956300994153));
#1151 = CARTESIAN_POINT('',(6.87523869255,7.084089670548));
#1152 = CARTESIAN_POINT('',(6.866407054472,7.277948827869));
#1153 = CARTESIAN_POINT('',(6.863600297378,7.34407157703));
#1154 = CARTESIAN_POINT('',(6.861006603699,7.410173835146));
#1155 = CARTESIAN_POINT('',(6.858632606284,7.476254254525));
#1156 = CARTESIAN_POINT('',(6.85648497779,7.542311433135));
#1157 = CARTESIAN_POINT('',(6.854570430677,7.608343914598));
#1158 = CARTESIAN_POINT('',(6.85289571721,7.674350188193));
#1159 = CARTESIAN_POINT('',(6.850043677257,7.806116124794));
#1160 = CARTESIAN_POINT('',(6.848862545043,7.871875285412));
#1161 = CARTESIAN_POINT('',(6.847947274674,7.93760901007));
#1162 = CARTESIAN_POINT('',(6.847329044012,8.003322199304));
#1163 = CARTESIAN_POINT('',(6.847034134286,8.069018112636));
#1164 = CARTESIAN_POINT('',(6.847087688274,8.134699469607));
#1165 = CARTESIAN_POINT('',(6.847519137644,8.200370004772));
#1166 = CARTESIAN_POINT('',(6.850611982898,8.443571226285));
#1167 = CARTESIAN_POINT('',(6.855821918445,8.621047434971));
#1168 = CARTESIAN_POINT('',(6.864514240684,8.798517970652));
#1169 = CARTESIAN_POINT('',(6.877209966128,8.976016282802));
#1170 = CARTESIAN_POINT('',(6.89440926622,9.153551397886));
#1171 = CARTESIAN_POINT('',(6.916578175009,9.331106904737));
#1172 = CARTESIAN_POINT('',(6.944133609866,9.508639580629));
#1173 = CARTESIAN_POINT('',(6.986087460872,9.732235812321));
#1174 = CARTESIAN_POINT('',(6.995148838633,9.778453355719));
#1175 = CARTESIAN_POINT('',(7.004619726454,9.82473307025));
#1176 = CARTESIAN_POINT('',(7.014509012288,9.871077737951));
#1177 = CARTESIAN_POINT('',(7.024825584089,9.917490140857));
#1178 = CARTESIAN_POINT('',(7.035578329813,9.963973061002));
#1179 = CARTESIAN_POINT('',(7.046776137412,10.010529280422));
#1180 = CARTESIAN_POINT('',(7.066195733126,10.088249781641));
#1181 = CARTESIAN_POINT('',(7.074165326891,10.119371796043));
#1182 = CARTESIAN_POINT('',(7.082339309604,10.150528448669));
#1183 = CARTESIAN_POINT('',(7.090720314733,10.181720563823));
#1184 = CARTESIAN_POINT('',(7.099310975745,10.212948965814));
#1185 = CARTESIAN_POINT('',(7.108113926108,10.244214478947));
#1186 = CARTESIAN_POINT('',(7.117131799289,10.27551792753));
#1187 = CARTESIAN_POINT('',(7.141889580747,10.359538226434));
#1188 = CARTESIAN_POINT('',(7.157984431949,10.412178730247));
#1189 = CARTESIAN_POINT('',(7.174658730675,10.464805102167));
#1190 = CARTESIAN_POINT('',(7.191913678066,10.517383363865));
#1191 = CARTESIAN_POINT('',(7.209750615825,10.569868816273));
#1192 = CARTESIAN_POINT('',(7.228173798475,10.622228571063));
#1193 = CARTESIAN_POINT('',(7.247190050141,10.674439901148));
#1194 = CARTESIAN_POINT('',(7.288508115334,10.784025628137));
#1195 = CARTESIAN_POINT('',(7.310963651559,10.841410551039));
#1196 = CARTESIAN_POINT('',(7.334172140528,10.898544444731));
#1197 = CARTESIAN_POINT('',(7.358133808236,10.955352575023));
#1198 = CARTESIAN_POINT('',(7.382848880681,11.011760207724));
#1199 = CARTESIAN_POINT('',(7.40831758386,11.067692608645));
#1200 = CARTESIAN_POINT('',(7.434540143771,11.123075043594));
#1201 = CARTESIAN_POINT('',(7.516502972334,11.289444850569));
#1202 = CARTESIAN_POINT('',(7.574829291601,11.398882172172));
#1203 = CARTESIAN_POINT('',(7.636664470086,11.505732110432));
#1204 = CARTESIAN_POINT('',(7.70219239744,11.609478359078));
#1205 = CARTESIAN_POINT('',(7.771607208419,11.709492194387));
#1206 = CARTESIAN_POINT('',(7.845109191273,11.805026213943));
#1207 = CARTESIAN_POINT('',(7.92290152319,11.895210558115));
#1208 = CARTESIAN_POINT('',(8.059249184829,12.034134420526));
#1209 = CARTESIAN_POINT('',(8.115235733213,12.086464497668));
#1210 = CARTESIAN_POINT('',(8.173194145676,12.135752782758));
#1211 = CARTESIAN_POINT('',(8.233153293395,12.181675582683));
#1212 = CARTESIAN_POINT('',(8.29511988293,12.223881110963));
#1213 = CARTESIAN_POINT('',(8.359071999884,12.262002323004));
#1214 = CARTESIAN_POINT('',(8.424950564248,12.295676049759));
#1215 = CARTESIAN_POINT('',(8.521763523394,12.336994128646));
#1216 = CARTESIAN_POINT('',(8.551187230662,12.348511014609));
#1217 = CARTESIAN_POINT('',(8.580913234788,12.35913946322));
#1218 = CARTESIAN_POINT('',(8.610934650493,12.368900592701));
#1219 = CARTESIAN_POINT('',(8.641244291704,12.377816263967));
#1220 = CARTESIAN_POINT('',(8.671834671549,12.385909080629));
#1221 = CARTESIAN_POINT('',(8.702698002362,12.393202388992));
#1222 = CARTESIAN_POINT('',(8.834340880246,12.420766907922));
#1223 = CARTESIAN_POINT('',(8.937117774756,12.433612046473));
#1224 = CARTESIAN_POINT('',(9.04161700094,12.439114435108));
#1225 = CARTESIAN_POINT('',(9.147371349066,12.438220830939));
#1226 = CARTESIAN_POINT('',(9.254004369952,12.431869233632));
#1227 = CARTESIAN_POINT('',(9.361241811488,12.420928923688));
#1228 = CARTESIAN_POINT('',(9.468916399682,12.406177312178));
#1229 = CARTESIAN_POINT('',(9.705876858239,12.367000912041));
#1230 = CARTESIAN_POINT('',(9.83522672474,12.341273944559));
#1231 = CARTESIAN_POINT('',(9.964877460509,12.312330398368));
#1232 = CARTESIAN_POINT('',(10.094721058069,12.281234132078));
#1233 = CARTESIAN_POINT('',(10.22467756587,12.248958655662));
#1234 = CARTESIAN_POINT('',(10.354693048472,12.216430622102));
#1235 = CARTESIAN_POINT('',(10.484737546749,12.184573319035));
#1236 = CARTESIAN_POINT('',(10.676973519195,12.139903681996));
#1237 = CARTESIAN_POINT('',(10.739142468542,12.125817432921));
#1238 = CARTESIAN_POINT('',(10.801295347637,12.112318765606));
#1239 = CARTESIAN_POINT('',(10.863444811541,12.099073939922));
#1240 = CARTESIAN_POINT('',(10.925522016627,12.087132697149));
#1241 = CARTESIAN_POINT('',(10.987590172136,12.075537251953));
#1242 = CARTESIAN_POINT('',(11.049608700612,12.064727466186));
#1243 = CARTESIAN_POINT('',(11.302685017608,12.02320827226));
#1244 = CARTESIAN_POINT('',(11.493370188926,11.998112958308));
#1245 = CARTESIAN_POINT('',(11.683565043257,11.978759618809));
#1246 = CARTESIAN_POINT('',(11.873241098694,11.964538464127));
#1247 = CARTESIAN_POINT('',(12.062411134944,11.954768568073));
#1248 = CARTESIAN_POINT('',(12.251126461077,11.948719194044));
#1249 = CARTESIAN_POINT('',(12.439474627254,11.94562841063));
#1250 = CARTESIAN_POINT('',(12.769541602846,11.944032648839));
#1251 = CARTESIAN_POINT('',(12.911358824685,11.944588799263));
#1252 = CARTESIAN_POINT('',(13.053082422741,11.946052834934));
#1253 = CARTESIAN_POINT('',(13.194767358648,11.948085124952));
#1254 = CARTESIAN_POINT('',(13.336469960506,11.950343498178));
#1255 = CARTESIAN_POINT('',(13.478247504489,11.952485720863));
#1256 = CARTESIAN_POINT('',(13.620157796447,11.954171974274));
#1257 = CARTESIAN_POINT('',(13.796615499781,11.955283809325));
#1258 = CARTESIAN_POINT('',(13.83099376549,11.955451803356));
#1259 = CARTESIAN_POINT('',(13.865393224404,11.955571813095));
#1260 = CARTESIAN_POINT('',(13.89981348595,11.95564462563));
#1261 = CARTESIAN_POINT('',(13.934254095219,11.955671316462));
#1262 = CARTESIAN_POINT('',(13.968714532962,11.955653249507));
#1263 = CARTESIAN_POINT('',(14.003194215597,11.95559207709));
#1264 = CARTESIAN_POINT('',(14.146376354431,11.955167335592));
#1265 = CARTESIAN_POINT('',(14.255156192188,11.954432926718));
#1266 = CARTESIAN_POINT('',(14.364022453098,11.953331235548));
#1267 = CARTESIAN_POINT('',(14.472965901324,11.951906644853));
#1268 = CARTESIAN_POINT('',(14.581977620563,11.950203197946));
#1269 = CARTESIAN_POINT('',(14.691049014051,11.948264598686));
#1270 = CARTESIAN_POINT('',(14.800171804558,11.946134211479));
#1271 = CARTESIAN_POINT('',(15.003874350435,11.941881351411));
#1272 = CARTESIAN_POINT('',(15.098443119458,11.939796161136));
#1273 = CARTESIAN_POINT('',(15.193039143693,11.937627449214));
#1274 = CARTESIAN_POINT('',(15.287657258952,11.935403123829));
#1275 = CARTESIAN_POINT('',(15.382292334629,11.933151042581));
#1276 = CARTESIAN_POINT('',(15.476939273696,11.930899012488));
#1277 = CARTESIAN_POINT('',(15.571593012705,11.928674789984));
#1278 = CARTESIAN_POINT('',(15.796540312116,11.923520887675));
#1279 = CARTESIAN_POINT('',(15.926835161998,11.92064094929));
#1280 = CARTESIAN_POINT('',(16.057120066276,11.917938689398));
#1281 = CARTESIAN_POINT('',(16.187381632867,11.915486611422));
#1282 = CARTESIAN_POINT('',(16.317606054491,11.913357448691));
#1283 = CARTESIAN_POINT('',(16.447779080394,11.911624314548));
#1284 = CARTESIAN_POINT('',(16.577885988072,11.910360852466));
#1285 = CARTESIAN_POINT('',(16.707911554994,11.909641386155));
#1286 = ( GEOMETRIC_REPRESENTATION_CONTEXT(2) 
PARAMETRIC_REPRESENTATION_CONTEXT() REPRESENTATION_CONTEXT('2D SPACE',''
  ) );
#1287 = PCURVE('',#1288,#1323);
#1288 = B_SPLINE_SURFACE_WITH_KNOTS('',3,1,(
    (#1289,#1290)
    ,(#1291,#1292)
    ,(#1293,#1294)
    ,(#1295,#1296)
    ,(#1297,#1298)
    ,(#1299,#1300)
    ,(#1301,#1302)
    ,(#1303,#1304)
    ,(#1305,#1306)
    ,(#1307,#1308)
    ,(#1309,#1310)
    ,(#1311,#1312)
    ,(#1313,#1314)
    ,(#1315,#1316)
    ,(#1317,#1318)
    ,(#1319,#1320)
    ,(#1321,#1322
    )),.UNSPECIFIED.,.F.,.F.,.F.,(4,1,1,1,1,1,1,1,1,1,1,1,1,1,4),(2,2),(
    0.,3.020347662108,6.053909924531,8.500463623104,10.890155025775,
    13.5584878386,17.059916118603,20.559916118603,24.059916118603,
    27.561344398605,30.22967721143,32.619368614101,35.065922312674,
    38.099484575098,41.119832237205),(0.,1.),.UNSPECIFIED.);
#1289 = CARTESIAN_POINT('',(-16.61461362917,10.1,-20.));
#1290 = CARTESIAN_POINT('',(7.84384088752,10.1,60.));
#1291 = CARTESIAN_POINT('',(-17.61518727237,10.206854020275,-20.));
#1292 = CARTESIAN_POINT('',(6.84326724432,10.206854020275,60.));
#1293 = CARTESIAN_POINT('',(-19.63634506035,10.503114404475,-20.));
#1294 = CARTESIAN_POINT('',(4.822109456343,10.503114404475,60.));
#1295 = CARTESIAN_POINT('',(-22.37660720078,10.623125592086,-20.));
#1296 = CARTESIAN_POINT('',(2.08184731591,10.623125592086,60.));
#1297 = CARTESIAN_POINT('',(-25.1421494418,11.992963864358,-20.));
#1298 = CARTESIAN_POINT('',(-0.683694925111,11.992963864358,60.));
#1299 = CARTESIAN_POINT('',(-26.88486760119,9.492176654313,-20.));
#1300 = CARTESIAN_POINT('',(-2.426413084503,9.492176654313,60.));
#1301 = CARTESIAN_POINT('',(-27.31423241803,6.75336269061,-20.));
#1302 = CARTESIAN_POINT('',(-2.855777901339,6.75336269061,60.));
#1303 = CARTESIAN_POINT('',(-27.3147348616,3.492256488987,-20.));
#1304 = CARTESIAN_POINT('',(-2.856280344908,3.492256488987,60.));
#1305 = CARTESIAN_POINT('',(-27.31455302532,0.,-20.));
#1306 = CARTESIAN_POINT('',(-2.856098508632,0.,60.));
#1307 = CARTESIAN_POINT('',(-27.3147348616,-3.492256488987,-20.));
#1308 = CARTESIAN_POINT('',(-2.856280344908,-3.492256488987,60.));
#1309 = CARTESIAN_POINT('',(-27.31423241803,-6.75336269061,-20.));
#1310 = CARTESIAN_POINT('',(-2.855777901339,-6.75336269061,60.));
#1311 = CARTESIAN_POINT('',(-26.88486760119,-9.492176654313,-20.));
#1312 = CARTESIAN_POINT('',(-2.426413084503,-9.492176654313,60.));
#1313 = CARTESIAN_POINT('',(-25.1421494418,-11.99296386435,-20.));
#1314 = CARTESIAN_POINT('',(-0.683694925111,-11.99296386435,60.));
#1315 = CARTESIAN_POINT('',(-22.37660720078,-10.62312559208,-20.));
#1316 = CARTESIAN_POINT('',(2.08184731591,-10.62312559208,60.));
#1317 = CARTESIAN_POINT('',(-19.63634506035,-10.50311440447,-20.));
#1318 = CARTESIAN_POINT('',(4.822109456343,-10.50311440447,60.));
#1319 = CARTESIAN_POINT('',(-17.61518727237,-10.20685402027,-20.));
#1320 = CARTESIAN_POINT('',(6.84326724432,-10.20685402027,60.));
#1321 = CARTESIAN_POINT('',(-16.61461362917,-10.1,-20.));
#1322 = CARTESIAN_POINT('',(7.84384088752,-10.1,60.));
#1323 = DEFINITIONAL_REPRESENTATION('',(#1324),#1495);
#1324 = B_SPLINE_CURVE_WITH_KNOTS('',8,(#1325,#1326,#1327,#1328,#1329,
    #1330,#1331,#1332,#1333,#1334,#1335,#1336,#1337,#1338,#1339,#1340,
    #1341,#1342,#1343,#1344,#1345,#1346,#1347,#1348,#1349,#1350,#1351,
    #1352,#1353,#1354,#1355,#1356,#1357,#1358,#1359,#1360,#1361,#1362,
    #1363,#1364,#1365,#1366,#1367,#1368,#1369,#1370,#1371,#1372,#1373,
    #1374,#1375,#1376,#1377,#1378,#1379,#1380,#1381,#1382,#1383,#1384,
    #1385,#1386,#1387,#1388,#1389,#1390,#1391,#1392,#1393,#1394,#1395,
    #1396,#1397,#1398,#1399,#1400,#1401,#1402,#1403,#1404,#1405,#1406,
    #1407,#1408,#1409,#1410,#1411,#1412,#1413,#1414,#1415,#1416,#1417,
    #1418,#1419,#1420,#1421,#1422,#1423,#1424,#1425,#1426,#1427,#1428,
    #1429,#1430,#1431,#1432,#1433,#1434,#1435,#1436,#1437,#1438,#1439,
    #1440,#1441,#1442,#1443,#1444,#1445,#1446,#1447,#1448,#1449,#1450,
    #1451,#1452,#1453,#1454,#1455,#1456,#1457,#1458,#1459,#1460,#1461,
    #1462,#1463,#1464,#1465,#1466,#1467,#1468,#1469,#1470,#1471,#1472,
    #1473,#1474,#1475,#1476,#1477,#1478,#1479,#1480,#1481,#1482,#1483,
    #1484,#1485,#1486,#1487,#1488,#1489,#1490,#1491,#1492,#1493,#1494),
  .UNSPECIFIED.,.F.,.F.,(9,7,7,7,7,7,7,7,7,7,7,7,7,7,7,7,7,7,7,7,7,7,7,7
    ,9),(0.,2.319691203775E-02,4.684648321709E-02,7.298362225501E-02,
    0.146591125764,0.205739453293,0.236371077038,0.266913995787,
    0.349496800813,0.370979618441,0.38530149686,0.409372845001,
    0.436005986587,0.490292018192,0.525957443945,0.54129601553,
    0.590825124683,0.649916910655,0.67816241011,0.76526037705,
    0.830994473824,0.846887468006,0.896956977618,0.940316421214,1.),
  .UNSPECIFIED.);
#1325 = CARTESIAN_POINT('',(21.225169074879,0.52910954185));
#1326 = CARTESIAN_POINT('',(20.890293848414,0.529109532922));
#1327 = CARTESIAN_POINT('',(20.555369563913,0.529109528737));
#1328 = CARTESIAN_POINT('',(20.220429195301,0.529109530367));
#1329 = CARTESIAN_POINT('',(19.885505671778,0.529109537697));
#1330 = CARTESIAN_POINT('',(19.550631877816,0.52910954942));
#1331 = CARTESIAN_POINT('',(19.215840653159,0.529109563043));
#1332 = CARTESIAN_POINT('',(18.881164792825,0.52910957488));
#1333 = CARTESIAN_POINT('',(18.205581404825,0.529109585338));
#1334 = CARTESIAN_POINT('',(17.802388626868,0.529109592616));
#1335 = CARTESIAN_POINT('',(17.43121913676,0.529109561587));
#1336 = CARTESIAN_POINT('',(17.151861758173,0.529109548072));
#1337 = CARTESIAN_POINT('',(16.988176680785,0.529109537894));
#1338 = CARTESIAN_POINT('',(16.927018882433,0.529109511327));
#1339 = CARTESIAN_POINT('',(16.916913526771,0.529109510066));
#1340 = CARTESIAN_POINT('',(16.80921508636,0.529109443869));
#1341 = CARTESIAN_POINT('',(16.752675317033,0.529109390087));
#1342 = CARTESIAN_POINT('',(16.696135547707,0.529109310046));
#1343 = CARTESIAN_POINT('',(16.639595778381,0.529109196515));
#1344 = CARTESIAN_POINT('',(16.583056009055,0.529109042265));
#1345 = CARTESIAN_POINT('',(16.526516239729,0.529108840067));
#1346 = CARTESIAN_POINT('',(16.469976470403,0.529108582691));
#1347 = CARTESIAN_POINT('',(16.254209202496,0.52910736233));
#1348 = CARTESIAN_POINT('',(16.09498492144,0.529105966809));
#1349 = CARTESIAN_POINT('',(15.935745585631,0.529103914817));
#1350 = CARTESIAN_POINT('',(15.776473501597,0.529101044507));
#1351 = CARTESIAN_POINT('',(15.617151515915,0.529097193379));
#1352 = CARTESIAN_POINT('',(15.457762976466,0.529092197943));
#1353 = CARTESIAN_POINT('',(15.298291693671,0.529085893381));
#1354 = CARTESIAN_POINT('',(15.010497388397,0.529071861348));
#1355 = CARTESIAN_POINT('',(14.882209505566,0.529064656609));
#1356 = CARTESIAN_POINT('',(14.753850135296,0.52905641277));
#1357 = CARTESIAN_POINT('',(14.625411577516,0.52904704279));
#1358 = CARTESIAN_POINT('',(14.496886550041,0.52903645881));
#1359 = CARTESIAN_POINT('',(14.368268188576,0.529024572155));
#1360 = CARTESIAN_POINT('',(14.239550046713,0.52901129333));
#1361 = CARTESIAN_POINT('',(14.044010992485,0.52898888747));
#1362 = CARTESIAN_POINT('',(13.977267538597,0.528980845302));
#1363 = CARTESIAN_POINT('',(13.910494908629,0.528972392965));
#1364 = CARTESIAN_POINT('',(13.843692320611,0.528963517833));
#1365 = CARTESIAN_POINT('',(13.776859036239,0.528954207218));
#1366 = CARTESIAN_POINT('',(13.709994360878,0.528944448362));
#1367 = CARTESIAN_POINT('',(13.643097643557,0.528934228442));
#1368 = CARTESIAN_POINT('',(13.509432728693,0.528912871664));
#1369 = CARTESIAN_POINT('',(13.442664166191,0.528901742311));
#1370 = CARTESIAN_POINT('',(13.375865929453,0.528890101117));
#1371 = CARTESIAN_POINT('',(13.309043502611,0.528877886451));
#1372 = CARTESIAN_POINT('',(13.2422015673,0.528865046536));
#1373 = CARTESIAN_POINT('',(13.175344838002,0.528851531922));
#1374 = CARTESIAN_POINT('',(13.108479298443,0.528837284607));
#1375 = CARTESIAN_POINT('',(12.860808602056,0.528781614304));
#1376 = CARTESIAN_POINT('',(12.679984857131,0.528735246185));
#1377 = CARTESIAN_POINT('',(12.499249999937,0.528682106879));
#1378 = CARTESIAN_POINT('',(12.318739654223,0.528621176315));
#1379 = CARTESIAN_POINT('',(12.13861255607,0.528551479945));
#1380 = CARTESIAN_POINT('',(11.959048389464,0.528472114804));
#1381 = CARTESIAN_POINT('',(11.780245192274,0.528382278919));
#1382 = CARTESIAN_POINT('',(11.556156521579,0.528255036817));
#1383 = CARTESIAN_POINT('',(11.509896710498,0.528227978324));
#1384 = CARTESIAN_POINT('',(11.463636899425,0.528200110745));
#1385 = CARTESIAN_POINT('',(11.417377088361,0.528171416228));
#1386 = CARTESIAN_POINT('',(11.371117277308,0.528141876921));
#1387 = CARTESIAN_POINT('',(11.324857466265,0.528111474969));
#1388 = CARTESIAN_POINT('',(11.278597655232,0.528080192522));
#1389 = CARTESIAN_POINT('',(11.201497970196,0.52802655786));
#1390 = CARTESIAN_POINT('',(11.170658096186,0.528004704729));
#1391 = CARTESIAN_POINT('',(11.139818222181,0.527982447041));
#1392 = CARTESIAN_POINT('',(11.108978348182,0.527959779508));
#1393 = CARTESIAN_POINT('',(11.078138474188,0.52793669684));
#1394 = CARTESIAN_POINT('',(11.047298600199,0.527913193746));
#1395 = CARTESIAN_POINT('',(11.016458726216,0.527889264938));
#1396 = CARTESIAN_POINT('',(10.933785054923,0.527823962622));
#1397 = CARTESIAN_POINT('',(10.882084801196,0.52778191443));
#1398 = CARTESIAN_POINT('',(10.830551853923,0.527738742247));
#1399 = CARTESIAN_POINT('',(10.779159677288,0.527694450676));
#1400 = CARTESIAN_POINT('',(10.72787117321,0.527649046232));
#1401 = CARTESIAN_POINT('',(10.676662624418,0.527602527358));
#1402 = CARTESIAN_POINT('',(10.625521844204,0.527554885421));
#1403 = CARTESIAN_POINT('',(10.517880763955,0.52745215781));
#1404 = CARTESIAN_POINT('',(10.461340995074,0.527396771036));
#1405 = CARTESIAN_POINT('',(10.404801226201,0.527339971216));
#1406 = CARTESIAN_POINT('',(10.348261457334,0.52728177317));
#1407 = CARTESIAN_POINT('',(10.291721688473,0.527222191718));
#1408 = CARTESIAN_POINT('',(10.235181919619,0.527161241678));
#1409 = CARTESIAN_POINT('',(10.178642150771,0.527098937871));
#1410 = CARTESIAN_POINT('',(10.006858009858,0.526905572803));
#1411 = CARTESIAN_POINT('',(9.891179240098,0.526769798823));
#1412 = CARTESIAN_POINT('',(9.774803640129,0.526627729294));
#1413 = CARTESIAN_POINT('',(9.657519784132,0.526479112015));
#1414 = CARTESIAN_POINT('',(9.539156804519,0.526323697813));
#1415 = CARTESIAN_POINT('',(9.419576545088,0.52616124978));
#1416 = CARTESIAN_POINT('',(9.298668315781,0.525991550392));
#1417 = CARTESIAN_POINT('',(9.095981771136,0.525698024608));
#1418 = CARTESIAN_POINT('',(9.015028626163,0.525578460728));
#1419 = CARTESIAN_POINT('',(8.933476808121,0.525455683139));
#1420 = CARTESIAN_POINT('',(8.851344673591,0.525329701781));
#1421 = CARTESIAN_POINT('',(8.768679143244,0.525200575439));
#1422 = CARTESIAN_POINT('',(8.685557505581,0.525068421672));
#1423 = CARTESIAN_POINT('',(8.602090822903,0.524933429524));
#1424 = CARTESIAN_POINT('',(8.482448609564,0.52473671717));
#1425 = CARTESIAN_POINT('',(8.446468953685,0.524677144188));
#1426 = CARTESIAN_POINT('',(8.410489464521,0.524617164712));
#1427 = CARTESIAN_POINT('',(8.374509825488,0.524556787822));
#1428 = CARTESIAN_POINT('',(8.338529910787,0.524496023029));
#1429 = CARTESIAN_POINT('',(8.302549785406,0.524434880277));
#1430 = CARTESIAN_POINT('',(8.266569705121,0.524373369946));
#1431 = CARTESIAN_POINT('',(8.114410003979,0.524111730505));
#1432 = CARTESIAN_POINT('',(7.998814683662,0.523909233285));
#1433 = CARTESIAN_POINT('',(7.88408118269,0.523704885778));
#1434 = CARTESIAN_POINT('',(7.770375143363,0.523499403281));
#1435 = CARTESIAN_POINT('',(7.657766563517,0.523293326376));
#1436 = CARTESIAN_POINT('',(7.546239550232,0.523087010927));
#1437 = CARTESIAN_POINT('',(7.43569608685,0.522880623511));
#1438 = CARTESIAN_POINT('',(7.195023395815,0.522427795324));
#1439 = CARTESIAN_POINT('',(7.065329664298,0.522181495969));
#1440 = CARTESIAN_POINT('',(6.936594045751,0.521935268244));
#1441 = CARTESIAN_POINT('',(6.808554381623,0.521689104983));
#1442 = CARTESIAN_POINT('',(6.680951917193,0.521442962906));
#1443 = CARTESIAN_POINT('',(6.553518290948,0.521196757703));
#1444 = CARTESIAN_POINT('',(6.425962523956,0.520950359127));
#1445 = CARTESIAN_POINT('',(6.236772661882,0.520585630117));
#1446 = CARTESIAN_POINT('',(6.175496067319,0.52046760359));
#1447 = CARTESIAN_POINT('',(6.114064937809,0.520349488345));
#1448 = CARTESIAN_POINT('',(6.052580861898,0.520231327915));
#1449 = CARTESIAN_POINT('',(5.990754403591,0.520113041851));
#1450 = CARTESIAN_POINT('',(5.928849251879,0.519994702782));
#1451 = CARTESIAN_POINT('',(5.86675639742,0.519876299814));
#1452 = CARTESIAN_POINT('',(5.612607613329,0.519392608775));
#1453 = CARTESIAN_POINT('',(5.419270685815,0.519026899094));
#1454 = CARTESIAN_POINT('',(5.224760362812,0.518660970587));
#1455 = CARTESIAN_POINT('',(5.02931066992,0.518295003149));
#1456 = CARTESIAN_POINT('',(4.833134114864,0.517929110953));
#1457 = CARTESIAN_POINT('',(4.636417754342,0.517563343415));
#1458 = CARTESIAN_POINT('',(4.439319747273,0.51719768584));
#1459 = CARTESIAN_POINT('',(4.093020961528,0.516556116463));
#1460 = CARTESIAN_POINT('',(3.943937573298,0.51628020497));
#1461 = CARTESIAN_POINT('',(3.794769877249,0.516004290183));
#1462 = CARTESIAN_POINT('',(3.645571048794,0.515728334561));
#1463 = CARTESIAN_POINT('',(3.496393431689,0.515452298423));
#1464 = CARTESIAN_POINT('',(3.347288178443,0.515176140256));
#1465 = CARTESIAN_POINT('',(3.198304890726,0.514899817027));
#1466 = CARTESIAN_POINT('',(3.013511543214,0.514556425269));
#1467 = CARTESIAN_POINT('',(2.977531666836,0.514489534103));
#1468 = CARTESIAN_POINT('',(2.941551729457,0.514422611519));
#1469 = CARTESIAN_POINT('',(2.905571799149,0.514355658116));
#1470 = CARTESIAN_POINT('',(2.86959191325,0.514288674559));
#1471 = CARTESIAN_POINT('',(2.833612078363,0.514221661579));
#1472 = CARTESIAN_POINT('',(2.797632270351,0.514154619973));
#1473 = CARTESIAN_POINT('',(2.648301059251,0.513876254341));
#1474 = CARTESIAN_POINT('',(2.535043063854,0.513664855543));
#1475 = CARTESIAN_POINT('',(2.421870826626,0.513453363664));
#1476 = CARTESIAN_POINT('',(2.30877653841,0.513241787603));
#1477 = CARTESIAN_POINT('',(2.195752202426,0.513030135709));
#1478 = CARTESIAN_POINT('',(2.082789634262,0.512818415775));
#1479 = CARTESIAN_POINT('',(1.969880461882,0.512606635046));
#1480 = CARTESIAN_POINT('',(1.759277304931,0.512211354426));
#1481 = CARTESIAN_POINT('',(1.661572205384,0.512027868289));
#1482 = CARTESIAN_POINT('',(1.563895292925,0.511844346201));
#1483 = CARTESIAN_POINT('',(1.466241025899,0.511660792506));
#1484 = CARTESIAN_POINT('',(1.368603855062,0.511477211494));
#1485 = CARTESIAN_POINT('',(1.270978223569,0.511293607401));
#1486 = CARTESIAN_POINT('',(1.173358566986,0.511109984406));
#1487 = CARTESIAN_POINT('',(0.941367976005,0.510673572187));
#1488 = CARTESIAN_POINT('',(0.806997679604,0.510420770299));
#1489 = CARTESIAN_POINT('',(0.672613709764,0.510167951475));
#1490 = CARTESIAN_POINT('',(0.538201751098,0.509915126956));
#1491 = CARTESIAN_POINT('',(0.403747857096,0.509662308743));
#1492 = CARTESIAN_POINT('',(0.26923842007,0.509409509623));
#1493 = CARTESIAN_POINT('',(0.134660141104,0.50915674319));
#1494 = CARTESIAN_POINT('',(0.,0.508904023874));
#1495 = ( GEOMETRIC_REPRESENTATION_CONTEXT(2) 
PARAMETRIC_REPRESENTATION_CONTEXT() REPRESENTATION_CONTEXT('2D SPACE',''
  ) );
#1496 = ORIENTED_EDGE('',*,*,#1497,.F.);
#1497 = EDGE_CURVE('',#1498,#939,#1500,.T.);
#1498 = VERTEX_POINT('',#1499);
#1499 = CARTESIAN_POINT('',(-4.16760770788,9.927361191462,20.71232190995
    ));
#1500 = SURFACE_CURVE('',#1501,(#1505,#1511),.PCURVE_S1.);
#1501 = LINE('',#1502,#1503);
#1502 = CARTESIAN_POINT('',(-4.16760770788,-5.05,20.71232190995));
#1503 = VECTOR('',#1504,1.);
#1504 = DIRECTION('',(2.734506013376E-17,1.,8.944166154111E-17));
#1505 = PCURVE('',#339,#1506);
#1506 = DEFINITIONAL_REPRESENTATION('',(#1507),#1510);
#1507 = B_SPLINE_CURVE_WITH_KNOTS('',1,(#1508,#1509),.UNSPECIFIED.,.F.,
  .F.,(2,2),(14.977361180092,15.15),.PIECEWISE_BEZIER_KNOTS.);
#1508 = CARTESIAN_POINT('',(16.725937488269,11.737946226442));
#1509 = CARTESIAN_POINT('',(16.707911554994,11.909641386155));
#1510 = ( GEOMETRIC_REPRESENTATION_CONTEXT(2) 
PARAMETRIC_REPRESENTATION_CONTEXT() REPRESENTATION_CONTEXT('2D SPACE',''
  ) );
#1511 = PCURVE('',#1512,#1517);
#1512 = PLANE('',#1513);
#1513 = AXIS2_PLACEMENT_3D('',#1514,#1515,#1516);
#1514 = CARTESIAN_POINT('',(7.84384088752,-10.1,60.));
#1515 = DIRECTION('',(0.956304755963,0.,-0.292371704723));
#1516 = DIRECTION('',(0.,1.,0.));
#1517 = DEFINITIONAL_REPRESENTATION('',(#1518),#1521);
#1518 = B_SPLINE_CURVE_WITH_KNOTS('',1,(#1519,#1520),.UNSPECIFIED.,.F.,
  .F.,(2,2),(14.977361180092,15.15),.PIECEWISE_BEZIER_KNOTS.);
#1519 = CARTESIAN_POINT('',(20.027361180092,-41.08280111028));
#1520 = CARTESIAN_POINT('',(20.2,-41.08280111028));
#1521 = ( GEOMETRIC_REPRESENTATION_CONTEXT(2) 
PARAMETRIC_REPRESENTATION_CONTEXT() REPRESENTATION_CONTEXT('2D SPACE',''
  ) );
#1522 = ORIENTED_EDGE('',*,*,#1523,.T.);
#1523 = EDGE_CURVE('',#1498,#1524,#1526,.T.);
#1524 = VERTEX_POINT('',#1525);
#1525 = CARTESIAN_POINT('',(19.629523545512,0.125,16.943226595052));
#1526 = SURFACE_CURVE('',#1527,(#1584,#1644),.PCURVE_S1.);
#1527 = B_SPLINE_CURVE_WITH_KNOTS('',7,(#1528,#1529,#1530,#1531,#1532,
    #1533,#1534,#1535,#1536,#1537,#1538,#1539,#1540,#1541,#1542,#1543,
    #1544,#1545,#1546,#1547,#1548,#1549,#1550,#1551,#1552,#1553,#1554,
    #1555,#1556,#1557,#1558,#1559,#1560,#1561,#1562,#1563,#1564,#1565,
    #1566,#1567,#1568,#1569,#1570,#1571,#1572,#1573,#1574,#1575,#1576,
    #1577,#1578,#1579,#1580,#1581,#1582,#1583),.UNSPECIFIED.,.F.,.F.,(8,
    6,6,6,6,6,6,6,6,8),(0.,0.117984411313,0.187483655102,0.232999661366,
    0.33859845163,0.482776641221,0.548264834412,0.65610973105,
    0.767937470999,1.),.UNSPECIFIED.);
#1528 = CARTESIAN_POINT('',(-4.167613390533,9.927354889969,
    20.712322809994));
#1529 = CARTESIAN_POINT('',(-3.788880579728,10.347331849697,
    20.652337425722));
#1530 = CARTESIAN_POINT('',(-3.390837356781,10.749464832741,
    20.589293572631));
#1531 = CARTESIAN_POINT('',(-2.974364791085,11.132546140814,
    20.523330798403));
#1532 = CARTESIAN_POINT('',(-2.540431528722,11.495425567657,
    20.454602521505));
#1533 = CARTESIAN_POINT('',(-2.090095104877,11.837012226426,
    20.383276239056));
#1534 = CARTESIAN_POINT('',(-1.624508004611,12.156282447182,
    20.309534486759));
#1535 = CARTESIAN_POINT('',(-0.862430008982,12.626660519571,
    20.188833189937));
#1536 = CARTESIAN_POINT('',(-0.575073720344,12.792958410641,
    20.143320424988));
#1537 = CARTESIAN_POINT('',(-0.283115599007,12.950995308902,
    20.097078801341));
#1538 = CARTESIAN_POINT('',(1.317903968433E-02,13.100590510621,
    20.050150340821));
#1539 = CARTESIAN_POINT('',(0.313535286235,13.241575323832,
    20.002578584813));
#1540 = CARTESIAN_POINT('',(0.617668365256,13.373793675065,
    19.954408637308));
#1541 = CARTESIAN_POINT('',(1.126744637744,13.577859495233,
    19.873778876808));
#1542 = CARTESIAN_POINT('',(1.329699755758,13.654795173641,
    19.84163394403));
#1543 = CARTESIAN_POINT('',(1.534066062079,13.72786963245,
    19.809265500982));
#1544 = CARTESIAN_POINT('',(1.739759515024,13.797045487205,
    19.776686858559));
#1545 = CARTESIAN_POINT('',(1.94669468692,13.862288087835,
    19.743911547175));
#1546 = CARTESIAN_POINT('',(2.154784764097,13.923565518656,
    19.710953316764));
#1547 = CARTESIAN_POINT('',(2.849192891469,14.113747427091,
    19.600969874154));
#1548 = CARTESIAN_POINT('',(3.340195181223,14.225149135427,
    19.523202751293));
#1549 = CARTESIAN_POINT('',(3.835834407954,14.314685372594,
    19.444701209764));
#1550 = CARTESIAN_POINT('',(4.334978190891,14.382080156617,
    19.365644601062));
#1551 = CARTESIAN_POINT('',(4.836476504592,14.427145870312,
    19.286215071323));
#1552 = CARTESIAN_POINT('',(5.339161652941,14.44978516778,
    19.206597565442));
#1553 = CARTESIAN_POINT('',(6.528184270489,14.45029046026,
    19.018274883629));
#1554 = CARTESIAN_POINT('',(7.214577087759,14.408777240391,
    18.909560941423));
#1555 = CARTESIAN_POINT('',(7.897975079402,14.325449491615,
    18.801321332997));
#1556 = CARTESIAN_POINT('',(8.575414404922,14.200649075144,
    18.694025484571));
#1557 = CARTESIAN_POINT('',(9.244011565841,14.035020728005,
    18.588130097436));
#1558 = CARTESIAN_POINT('',(9.900963023958,13.829500412865,
    18.484079208422));
#1559 = CARTESIAN_POINT('',(10.835425590521,13.474439111005,
    18.336074877813));
#1560 = CARTESIAN_POINT('',(11.124345582801,13.355562352851,
    18.290314446537));
#1561 = CARTESIAN_POINT('',(11.410061490662,13.228824904436,
    18.245061492379));
#1562 = CARTESIAN_POINT('',(11.692331437359,13.094352020011,
    18.20035432485));
#1563 = CARTESIAN_POINT('',(11.970921084823,12.9522792286,
    18.156230059457));
#1564 = CARTESIAN_POINT('',(12.245603445899,12.80275189006,
    18.112724647431));
#1565 = CARTESIAN_POINT('',(12.961704704562,12.387664357018,
    17.999305350362));
#1566 = CARTESIAN_POINT('',(13.396063644941,12.109604277582,
    17.93050965269));
#1567 = CARTESIAN_POINT('',(13.818250796812,11.812438239319,
    17.863641776928));
#1568 = CARTESIAN_POINT('',(14.227351529631,11.496917958731,
    17.798846586325));
#1569 = CARTESIAN_POINT('',(14.622517736208,11.163847790757,
    17.736258407861));
#1570 = CARTESIAN_POINT('',(15.002964265695,10.814079377177,
    17.676001597214));
#1571 = CARTESIAN_POINT('',(15.746446382038,10.069432153927,
    17.558245598326));
#1572 = CARTESIAN_POINT('',(16.108326622773,9.673357903276,
    17.500929398933));
#1573 = CARTESIAN_POINT('',(16.452801291694,9.261277057059,
    17.44636997129));
#1574 = CARTESIAN_POINT('',(16.779147012975,8.834217305542,
    17.394681886872));
#1575 = CARTESIAN_POINT('',(17.086716764058,8.393236142903,
    17.345967623986));
#1576 = CARTESIAN_POINT('',(17.374934817657,7.93941649488,
    17.300318368876));
#1577 = CARTESIAN_POINT('',(18.20018010032,6.507754356297,
    17.169612356651));
#1578 = CARTESIAN_POINT('',(18.671555253898,5.491087076803,
    17.094953866768));
#1579 = CARTESIAN_POINT('',(19.05286353203,4.433730190639,
    17.034560568545));
#1580 = CARTESIAN_POINT('',(19.340933966637,3.345748910214,
    16.988934693986));
#1581 = CARTESIAN_POINT('',(19.533677649449,2.237299279795,
    16.958407093658));
#1582 = CARTESIAN_POINT('',(19.630039241477,1.118614257181,
    16.943144916835));
#1583 = CARTESIAN_POINT('',(19.630039241477,-1.33226762955E-14,
    16.943144916836));
#1584 = PCURVE('',#339,#1585);
#1585 = DEFINITIONAL_REPRESENTATION('',(#1586),#1643);
#1586 = B_SPLINE_CURVE_WITH_KNOTS('',7,(#1587,#1588,#1589,#1590,#1591,
    #1592,#1593,#1594,#1595,#1596,#1597,#1598,#1599,#1600,#1601,#1602,
    #1603,#1604,#1605,#1606,#1607,#1608,#1609,#1610,#1611,#1612,#1613,
    #1614,#1615,#1616,#1617,#1618,#1619,#1620,#1621,#1622,#1623,#1624,
    #1625,#1626,#1627,#1628,#1629,#1630,#1631,#1632,#1633,#1634,#1635,
    #1636,#1637,#1638,#1639,#1640,#1641,#1642),.UNSPECIFIED.,.F.,.F.,(8,
    6,6,6,6,6,6,6,6,8),(0.,0.117984411313,0.187483655102,0.232999661366,
    0.33859845163,0.482776641221,0.548264834412,0.65610973105,
    0.767937470999,1.),.UNSPECIFIED.);
#1587 = CARTESIAN_POINT('',(16.725932423007,11.737939369956));
#1588 = CARTESIAN_POINT('',(17.063438659711,12.195658689185));
#1589 = CARTESIAN_POINT('',(17.422252310414,12.637672981791));
#1590 = CARTESIAN_POINT('',(17.801612299896,13.062688008039));
#1591 = CARTESIAN_POINT('',(18.200663366284,13.469457447735));
#1592 = CARTESIAN_POINT('',(18.618454548736,13.856784578884));
#1593 = CARTESIAN_POINT('',(19.053932260049,14.223529491292));
#1594 = CARTESIAN_POINT('',(19.772178018229,14.771900019599));
#1595 = CARTESIAN_POINT('',(20.044162092521,14.967666973652));
#1596 = CARTESIAN_POINT('',(20.321642458762,15.155704576101));
#1597 = CARTESIAN_POINT('',(20.604370830758,15.335805062968));
#1598 = CARTESIAN_POINT('',(20.892088007471,15.507771602133));
#1599 = CARTESIAN_POINT('',(21.18452353604,15.671418868015));
#1600 = CARTESIAN_POINT('',(21.675820806457,15.928186585087));
#1601 = CARTESIAN_POINT('',(21.872149412712,16.026157262383));
#1602 = CARTESIAN_POINT('',(22.07030215398,16.120437010592));
#1603 = CARTESIAN_POINT('',(22.270198309563,16.210979765084));
#1604 = CARTESIAN_POINT('',(22.471755477652,16.297742034145));
#1605 = CARTESIAN_POINT('',(22.674889575332,16.38068289898));
#1606 = CARTESIAN_POINT('',(23.354252892947,16.643235076618));
#1607 = CARTESIAN_POINT('',(23.837026354954,16.805934489476));
#1608 = CARTESIAN_POINT('',(24.326751956349,16.947378146813));
#1609 = CARTESIAN_POINT('',(24.822318284368,17.067171864809));
#1610 = CARTESIAN_POINT('',(25.322586932751,17.165007476097));
#1611 = CARTESIAN_POINT('',(25.826392276488,17.240664723102));
#1612 = CARTESIAN_POINT('',(27.023603125508,17.366865578232));
#1613 = CARTESIAN_POINT('',(27.719087826457,17.398141751265));
#1614 = CARTESIAN_POINT('',(28.415922972878,17.387515357576));
#1615 = CARTESIAN_POINT('',(29.111088487062,17.335013065344));
#1616 = CARTESIAN_POINT('',(29.801613565649,17.240971256422));
#1617 = CARTESIAN_POINT('',(30.484577511671,17.106024399494));
#1618 = CARTESIAN_POINT('',(31.462590159522,16.851691234312));
#1619 = CARTESIAN_POINT('',(31.765925040018,16.764007638853));
#1620 = CARTESIAN_POINT('',(32.066854396107,16.668167598476));
#1621 = CARTESIAN_POINT('',(32.365121596307,16.56427011262));
#1622 = CARTESIAN_POINT('',(32.660476527229,16.452425196285));
#1623 = CARTESIAN_POINT('',(32.952675450872,16.33275341868));
#1624 = CARTESIAN_POINT('',(33.717080938566,15.995637919071));
#1625 = CARTESIAN_POINT('',(34.183483778275,15.765016289575));
#1626 = CARTESIAN_POINT('',(34.639625400276,15.51410638744));
#1627 = CARTESIAN_POINT('',(35.084506344986,15.243559129433));
#1628 = CARTESIAN_POINT('',(35.517188641046,14.954084815592));
#1629 = CARTESIAN_POINT('',(35.93679277237,14.646447429792));
#1630 = CARTESIAN_POINT('',(36.763179582016,13.98446823032));
#1631 = CARTESIAN_POINT('',(37.168923727571,13.628815371868));
#1632 = CARTESIAN_POINT('',(37.558812979968,13.255403369709));
#1633 = CARTESIAN_POINT('',(37.93201164435,12.865177824493));
#1634 = CARTESIAN_POINT('',(38.28775779637,12.459122049612));
#1635 = CARTESIAN_POINT('',(38.625358645682,12.03825218803));
#1636 = CARTESIAN_POINT('',(39.605809382602,10.701657010082));
#1637 = CARTESIAN_POINT('',(40.186606023873,9.740378671512));
#1638 = CARTESIAN_POINT('',(40.680960115761,8.729111659296));
#1639 = CARTESIAN_POINT('',(41.084627762079,7.677530947417));
#1640 = CARTESIAN_POINT('',(41.394445141961,6.595516235898));
#1641 = CARTESIAN_POINT('',(41.608281136526,5.493132982348));
#1642 = CARTESIAN_POINT('',(41.725080278055,4.380633176996));
#1643 = ( GEOMETRIC_REPRESENTATION_CONTEXT(2) 
PARAMETRIC_REPRESENTATION_CONTEXT() REPRESENTATION_CONTEXT('2D SPACE',''
  ) );
#1644 = PCURVE('',#1645,#1676);
#1645 = B_SPLINE_SURFACE_WITH_KNOTS('',14,1,(
    (#1646,#1647)
    ,(#1648,#1649)
    ,(#1650,#1651)
    ,(#1652,#1653)
    ,(#1654,#1655)
    ,(#1656,#1657)
    ,(#1658,#1659)
    ,(#1660,#1661)
    ,(#1662,#1663)
    ,(#1664,#1665)
    ,(#1666,#1667)
    ,(#1668,#1669)
    ,(#1670,#1671)
    ,(#1672,#1673)
    ,(#1674,#1675
    )),.UNSPECIFIED.,.T.,.F.,.F.,(15,15),(2,2),(0.,6.28318530718),(0.,1.
    ),.PIECEWISE_BEZIER_KNOTS.);
#1646 = CARTESIAN_POINT('',(8.335386370827,-1.934141755892E-14,-20.));
#1647 = CARTESIAN_POINT('',(32.79384088752,-1.934141755892E-14,60.));
#1648 = CARTESIAN_POINT('',(8.335386370833,6.485144834915,-20.));
#1649 = CARTESIAN_POINT('',(32.793840887521,6.485144834915,
    60.000000000007));
#1650 = CARTESIAN_POINT('',(5.200973851469,12.970292063633,-20.));
#1651 = CARTESIAN_POINT('',(29.659428368183,12.970292063633,
    59.999999999972));
#1652 = CARTESIAN_POINT('',(-1.067855194152,17.81423955799,
    -19.99999999998));
#1653 = CARTESIAN_POINT('',(23.390599322475,17.81423955799,
    60.000000000059));
#1654 = CARTESIAN_POINT('',(-9.533637012266,19.375970259668,
    -20.00000000004));
#1655 = CARTESIAN_POINT('',(14.924817504582,19.375970259668,
    59.999999999926));
#1656 = CARTESIAN_POINT('',(-18.32162192179,16.602715641629,
    -19.99999999991));
#1657 = CARTESIAN_POINT('',(6.136832594609,16.602715641629,
    60.00000000004));
#1658 = CARTESIAN_POINT('',(-25.03026621842,9.622041794024,
    -20.00000000014));
#1659 = CARTESIAN_POINT('',(-0.571811701309,9.622041794024,
    60.000000000049));
#1660 = CARTESIAN_POINT('',(-27.55593692844,2.463202974923E-10,
    -19.99999999983));
#1661 = CARTESIAN_POINT('',(-3.097482412258,2.463202974923E-10,
    59.999999999848));
#1662 = CARTESIAN_POINT('',(-25.03026621845,-9.622041794475,
    -20.00000000016));
#1663 = CARTESIAN_POINT('',(-0.571811701273,-9.622041794475,
    60.000000000211));
#1664 = CARTESIAN_POINT('',(-18.32162192175,-16.60271564128,
    -19.99999999987));
#1665 = CARTESIAN_POINT('',(6.136832594557,-16.60271564128,59.9999999998
    ));
#1666 = CARTESIAN_POINT('',(-9.533637012299,-19.37597025988,
    -20.00000000007));
#1667 = CARTESIAN_POINT('',(14.924817504628,-19.37597025988,
    60.000000000142));
#1668 = CARTESIAN_POINT('',(-1.067855194132,-17.81423955788,
    -19.99999999996));
#1669 = CARTESIAN_POINT('',(23.390599322446,-17.81423955788,
    59.999999999925));
#1670 = CARTESIAN_POINT('',(5.200973851461,-12.97029206367,
    -20.00000000001));
#1671 = CARTESIAN_POINT('',(29.659428368195,-12.97029206367,
    60.000000000028));
#1672 = CARTESIAN_POINT('',(8.335386370835,-6.485144834907,
    -19.99999999999));
#1673 = CARTESIAN_POINT('',(32.793840887519,-6.485144834907,
    59.999999999994));
#1674 = CARTESIAN_POINT('',(8.335386370827,1.73421213834E-14,-20.));
#1675 = CARTESIAN_POINT('',(32.79384088752,1.73421213834E-14,60.));
#1676 = DEFINITIONAL_REPRESENTATION('',(#1677),#1734);
#1677 = B_SPLINE_CURVE_WITH_KNOTS('',7,(#1678,#1679,#1680,#1681,#1682,
    #1683,#1684,#1685,#1686,#1687,#1688,#1689,#1690,#1691,#1692,#1693,
    #1694,#1695,#1696,#1697,#1698,#1699,#1700,#1701,#1702,#1703,#1704,
    #1705,#1706,#1707,#1708,#1709,#1710,#1711,#1712,#1713,#1714,#1715,
    #1716,#1717,#1718,#1719,#1720,#1721,#1722,#1723,#1724,#1725,#1726,
    #1727,#1728,#1729,#1730,#1731,#1732,#1733),.UNSPECIFIED.,.F.,.F.,(8,
    6,6,6,6,6,6,6,6,8),(0.,0.117984411313,0.187483655102,0.232999661366,
    0.33859845163,0.482776641221,0.548264834412,0.65610973105,
    0.767937470999,1.),.UNSPECIFIED.);
#1678 = CARTESIAN_POINT('',(2.384220682128,0.508904035125));
#1679 = CARTESIAN_POINT('',(2.344222899463,0.508154217822));
#1680 = CARTESIAN_POINT('',(2.304159880081,0.507366169658));
#1681 = CARTESIAN_POINT('',(2.264031741421,0.50654163498));
#1682 = CARTESIAN_POINT('',(2.223838593951,0.505682531519));
#1683 = CARTESIAN_POINT('',(2.18358105895,0.504790952988));
#1684 = CARTESIAN_POINT('',(2.143261041954,0.503869181084));
#1685 = CARTESIAN_POINT('',(2.079097755859,0.502360414874));
#1686 = CARTESIAN_POINT('',(2.055292310469,0.501791505312));
#1687 = CARTESIAN_POINT('',(2.031467201647,0.501213485017));
#1688 = CARTESIAN_POINT('',(2.00762321151,0.50062687926));
#1689 = CARTESIAN_POINT('',(1.983761200004,0.50003223231));
#1690 = CARTESIAN_POINT('',(1.959882176566,0.499430107966));
#1691 = CARTESIAN_POINT('',(1.920338336999,0.49842223596));
#1692 = CARTESIAN_POINT('',(1.904682505911,0.4980204243));
#1693 = CARTESIAN_POINT('',(1.889020200335,0.497615818762));
#1694 = CARTESIAN_POINT('',(1.873351758633,0.497208585732));
#1695 = CARTESIAN_POINT('',(1.857677535721,0.49679889434));
#1696 = CARTESIAN_POINT('',(1.841997903067,0.49638691646));
#1697 = CARTESIAN_POINT('',(1.789924279978,0.495012123427));
#1698 = CARTESIAN_POINT('',(1.753507606536,0.494040034391));
#1699 = CARTESIAN_POINT('',(1.717069161362,0.493058765122));
#1700 = CARTESIAN_POINT('',(1.680614049321,0.492070557513));
#1701 = CARTESIAN_POINT('',(1.644147213991,0.491077688392));
#1702 = CARTESIAN_POINT('',(1.607674150468,0.490082469568));
#1703 = CARTESIAN_POINT('',(1.521404341284,0.487728436045));
#1704 = CARTESIAN_POINT('',(1.471604142233,0.486369511768));
#1705 = CARTESIAN_POINT('',(1.421820635878,0.485016516662));
#1706 = CARTESIAN_POINT('',(1.372067280015,0.483675318557));
#1707 = CARTESIAN_POINT('',(1.322355086443,0.482351626218));
#1708 = CARTESIAN_POINT('',(1.272695914521,0.481050990105));
#1709 = CARTESIAN_POINT('',(1.200580532442,0.479200935973));
#1710 = CARTESIAN_POINT('',(1.178069154083,0.478628930582));
#1711 = CARTESIAN_POINT('',(1.155572316893,0.478063268655));
#1712 = CARTESIAN_POINT('',(1.133090910415,0.477504429061));
#1713 = CARTESIAN_POINT('',(1.110625709412,0.476952875743));
#1714 = CARTESIAN_POINT('',(1.088177428354,0.476409058093));
#1715 = CARTESIAN_POINT('',(1.028808340448,0.47499131688));
#1716 = CARTESIAN_POINT('',(0.9919172746,0.474131370659));
#1717 = CARTESIAN_POINT('',(0.955076973999,0.473295522212));
#1718 = CARTESIAN_POINT('',(0.918289372266,0.472485582329));
#1719 = CARTESIAN_POINT('',(0.881555449018,0.471703230098));
#1720 = CARTESIAN_POINT('',(0.844875737891,0.470950019965));
#1721 = CARTESIAN_POINT('',(0.770273328971,0.469478069979));
#1722 = CARTESIAN_POINT('',(0.732354095236,0.468761617487));
#1723 = CARTESIAN_POINT('',(0.694493342467,0.468079624641));
#1724 = CARTESIAN_POINT('',(0.656689977912,0.467433523586));
#1725 = CARTESIAN_POINT('',(0.618942010179,0.4668245953));
#1726 = CARTESIAN_POINT('',(0.581246952464,0.466253979611));
#1727 = CARTESIAN_POINT('',(0.465482695823,0.464620154458));
#1728 = CARTESIAN_POINT('',(0.387577694386,0.463686923335));
#1729 = CARTESIAN_POINT('',(0.309863953288,0.462932007107));
#1730 = CARTESIAN_POINT('',(0.232297399776,0.462361683675));
#1731 = CARTESIAN_POINT('',(0.154830404702,0.461980088671));
#1732 = CARTESIAN_POINT('',(7.741275136198E-02,0.46178931146));
#1733 = CARTESIAN_POINT('',(0.,0.46178931146));
#1734 = ( GEOMETRIC_REPRESENTATION_CONTEXT(2) 
PARAMETRIC_REPRESENTATION_CONTEXT() REPRESENTATION_CONTEXT('2D SPACE',''
  ) );
#1735 = ORIENTED_EDGE('',*,*,#1736,.F.);
#1736 = EDGE_CURVE('',#1737,#1524,#1739,.T.);
#1737 = VERTEX_POINT('',#1738);
#1738 = CARTESIAN_POINT('',(29.406627667565,0.125,15.394685430686));
#1739 = SURFACE_CURVE('',#1740,(#1744,#1750),.PCURVE_S1.);
#1740 = LINE('',#1741,#1742);
#1741 = CARTESIAN_POINT('',(-50.40578721331,0.125,28.035730092543));
#1742 = VECTOR('',#1743,1.);
#1743 = DIRECTION('',(-0.987688340595,0.,0.15643446504));
#1744 = PCURVE('',#339,#1745);
#1745 = DEFINITIONAL_REPRESENTATION('',(#1746),#1749);
#1746 = B_SPLINE_CURVE_WITH_KNOTS('',1,(#1747,#1748),.UNSPECIFIED.,.F.,
  .F.,(2,2),(-87.38330323208,-28.95743115911),.PIECEWISE_BEZIER_KNOTS.);
#1747 = CARTESIAN_POINT('',(58.096448875726,6.225117616586));
#1748 = CARTESIAN_POINT('',(-1.006182838394E-02,0.124630645833));
#1749 = ( GEOMETRIC_REPRESENTATION_CONTEXT(2) 
PARAMETRIC_REPRESENTATION_CONTEXT() REPRESENTATION_CONTEXT('2D SPACE',''
  ) );
#1750 = PCURVE('',#1751,#1756);
#1751 = PLANE('',#1752);
#1752 = AXIS2_PLACEMENT_3D('',#1753,#1754,#1755);
#1753 = CARTESIAN_POINT('',(-100.,0.125,-100.));
#1754 = DIRECTION('',(0.,1.,0.));
#1755 = DIRECTION('',(0.,0.,1.));
#1756 = DEFINITIONAL_REPRESENTATION('',(#1757),#1760);
#1757 = B_SPLINE_CURVE_WITH_KNOTS('',1,(#1758,#1759),.UNSPECIFIED.,.F.,
  .F.,(2,2),(-87.38330323208,-28.95743115911),.PIECEWISE_BEZIER_KNOTS.);
#1758 = CARTESIAN_POINT('',(114.36596979798,135.90168255171));
#1759 = CARTESIAN_POINT('',(123.50578984022,78.195129916134));
#1760 = ( GEOMETRIC_REPRESENTATION_CONTEXT(2) 
PARAMETRIC_REPRESENTATION_CONTEXT() REPRESENTATION_CONTEXT('2D SPACE',''
  ) );
#1761 = ORIENTED_EDGE('',*,*,#1762,.F.);
#1762 = EDGE_CURVE('',#1763,#1737,#1765,.T.);
#1763 = VERTEX_POINT('',#1764);
#1764 = CARTESIAN_POINT('',(29.406627667565,1.125176051639,
    15.394685430686));
#1765 = SURFACE_CURVE('',#1766,(#1770,#1776),.PCURVE_S1.);
#1766 = LINE('',#1767,#1768);
#1767 = CARTESIAN_POINT('',(29.406627667565,1.45,15.394685430686));
#1768 = VECTOR('',#1769,1.);
#1769 = DIRECTION('',(-2.734506013376E-17,-1.,-8.944166154111E-17));
#1770 = PCURVE('',#339,#1771);
#1771 = DEFINITIONAL_REPRESENTATION('',(#1772),#1775);
#1772 = B_SPLINE_CURVE_WITH_KNOTS('',1,(#1773,#1774),.UNSPECIFIED.,.F.,
  .F.,(2,2),(0.32482393493,2.575),.PIECEWISE_BEZIER_KNOTS.);
#1773 = CARTESIAN_POINT('',(51.451944926882,6.533197534727));
#1774 = CARTESIAN_POINT('',(51.686895117265,4.295321145859));
#1775 = ( GEOMETRIC_REPRESENTATION_CONTEXT(2) 
PARAMETRIC_REPRESENTATION_CONTEXT() REPRESENTATION_CONTEXT('2D SPACE',''
  ) );
#1776 = PCURVE('',#1777,#1782);
#1777 = PLANE('',#1778);
#1778 = AXIS2_PLACEMENT_3D('',#1779,#1780,#1781);
#1779 = CARTESIAN_POINT('',(36.929227258346,2.9,40.));
#1780 = DIRECTION('',(-0.956304755963,0.,0.292371704723));
#1781 = DIRECTION('',(0.,-1.,0.));
#1782 = DEFINITIONAL_REPRESENTATION('',(#1783),#1786);
#1783 = B_SPLINE_CURVE_WITH_KNOTS('',1,(#1784,#1785),.UNSPECIFIED.,.F.,
  .F.,(2,2),(0.32482393493,2.575),.PIECEWISE_BEZIER_KNOTS.);
#1784 = CARTESIAN_POINT('',(1.77482393493,-25.7295746109));
#1785 = CARTESIAN_POINT('',(4.025,-25.7295746109));
#1786 = ( GEOMETRIC_REPRESENTATION_CONTEXT(2) 
PARAMETRIC_REPRESENTATION_CONTEXT() REPRESENTATION_CONTEXT('2D SPACE',''
  ) );
#1787 = ORIENTED_EDGE('',*,*,#1788,.T.);
#1788 = EDGE_CURVE('',#1763,#1789,#1791,.T.);
#1789 = VERTEX_POINT('',#1790);
#1790 = CARTESIAN_POINT('',(32.74497493501,2.9,14.865943167123));
#1791 = SURFACE_CURVE('',#1792,(#1875,#1961),.PCURVE_S1.);
#1792 = B_SPLINE_CURVE_WITH_KNOTS('',6,(#1793,#1794,#1795,#1796,#1797,
    #1798,#1799,#1800,#1801,#1802,#1803,#1804,#1805,#1806,#1807,#1808,
    #1809,#1810,#1811,#1812,#1813,#1814,#1815,#1816,#1817,#1818,#1819,
    #1820,#1821,#1822,#1823,#1824,#1825,#1826,#1827,#1828,#1829,#1830,
    #1831,#1832,#1833,#1834,#1835,#1836,#1837,#1838,#1839,#1840,#1841,
    #1842,#1843,#1844,#1845,#1846,#1847,#1848,#1849,#1850,#1851,#1852,
    #1853,#1854,#1855,#1856,#1857,#1858,#1859,#1860,#1861,#1862,#1863,
    #1864,#1865,#1866,#1867,#1868,#1869,#1870,#1871,#1872,#1873,#1874),
  .UNSPECIFIED.,.F.,.F.,(7,5,5,5,5,5,5,5,5,5,5,5,5,5,5,5,7),(0.,
    7.989208257648E-02,0.127158071928,0.158441088431,0.231292071174,
    0.323895775641,0.364179861544,0.429285907276,0.492918119599,
    0.531488138561,0.615219088668,0.674288175714,0.699935172619,
    0.738505419382,0.802138140956,0.867244708442,1.),.UNSPECIFIED.);
#1793 = CARTESIAN_POINT('',(29.406628683276,1.12517527164,
    15.394685269813));
#1794 = CARTESIAN_POINT('',(29.314105769175,1.196226784144,
    15.40933945978));
#1795 = CARTESIAN_POINT('',(29.226194004969,1.273512847882,
    15.423263315352));
#1796 = CARTESIAN_POINT('',(29.143371286831,1.356599266221,
    15.436381145211));
#1797 = CARTESIAN_POINT('',(29.066051660164,1.445009827561,
    15.448627371006));
#1798 = CARTESIAN_POINT('',(28.994590108347,1.538234230089,
    15.459945768896));
#1799 = CARTESIAN_POINT('',(28.890652726127,1.693420294845,
    15.476407833007));
#1800 = CARTESIAN_POINT('',(28.854173242349,1.752602637844,
    15.482185615629));
#1801 = CARTESIAN_POINT('',(28.81991037228,1.813172454293,
    15.487612321129));
#1802 = CARTESIAN_POINT('',(28.787918725519,1.875017233469,
    15.492679300196));
#1803 = CARTESIAN_POINT('',(28.758246039155,1.938022535145,
    15.497378992019));
#1804 = CARTESIAN_POINT('',(28.712856148062,2.044463150085,
    15.504568044516));
#1805 = CARTESIAN_POINT('',(28.695812842184,2.087311794981,
    15.507267438979));
#1806 = CARTESIAN_POINT('',(28.679815122903,2.130584280371,
    15.509801228793));
#1807 = CARTESIAN_POINT('',(28.664873611644,2.174246763651,
    15.512167731692));
#1808 = CARTESIAN_POINT('',(28.650997688477,2.218265203527,
    15.514365462016));
#1809 = CARTESIAN_POINT('',(28.608382108073,2.365863432147,
    15.521115106868));
#1810 = CARTESIAN_POINT('',(28.584391734419,2.470866623206,
    15.524914808772));
#1811 = CARTESIAN_POINT('',(28.566327340233,2.577182147356,
    15.527775927735));
#1812 = CARTESIAN_POINT('',(28.554256479252,2.684374410046,
    15.529687764296));
#1813 = CARTESIAN_POINT('',(28.548212469022,2.79200586281,
    15.530645041474));
#1814 = CARTESIAN_POINT('',(28.548174089061,3.036453054063,
    15.530651120262));
#1815 = CARTESIAN_POINT('',(28.557891332711,3.173271440187,
    15.529112060065));
#1816 = CARTESIAN_POINT('',(28.57734662834,3.309190941069,
    15.526030643956));
#1817 = CARTESIAN_POINT('',(28.606453716326,3.443312892038,
    15.521420534116));
#1818 = CARTESIAN_POINT('',(28.645036022259,3.57474554838,
    15.515309697184));
#1819 = CARTESIAN_POINT('',(28.713609559509,3.758229620529,
    15.504448715865));
#1820 = CARTESIAN_POINT('',(28.736138866667,3.813176197824,
    15.50088042416));
#1821 = CARTESIAN_POINT('',(28.760387537124,3.8673748346,15.497039812061
    ));
#1822 = CARTESIAN_POINT('',(28.786329711476,3.920753851497,
    15.492930975296));
#1823 = CARTESIAN_POINT('',(28.813935984424,3.973242381659,
    15.488558571206));
#1824 = CARTESIAN_POINT('',(28.890426129586,4.108048507463,
    15.476443722374));
#1825 = CARTESIAN_POINT('',(28.941939823271,4.188818505789,
    15.46828475483));
#1826 = CARTESIAN_POINT('',(28.99757425587,4.266783940193,15.45947312636
    ));
#1827 = CARTESIAN_POINT('',(29.057165291286,4.341657227929,
    15.450034833568));
#1828 = CARTESIAN_POINT('',(29.1205229307,4.413162026076,15.439999969309
    ));
#1829 = CARTESIAN_POINT('',(29.25282119189,4.547372747318,
    15.419045983254));
#1830 = CARTESIAN_POINT('',(29.321604123529,4.610242383474,
    15.408151837123));
#1831 = CARTESIAN_POINT('',(29.393574006855,4.669398781192,
    15.396752927432));
#1832 = CARTESIAN_POINT('',(29.468504855572,4.724612632799,
    15.384885046895));
#1833 = CARTESIAN_POINT('',(29.546147692644,4.775674021249,15.3725876296
    ));
#1834 = CARTESIAN_POINT('',(29.674770116136,4.85071502888,
    15.352215839042));
#1835 = CARTESIAN_POINT('',(29.724207255368,4.877440425754,
    15.344385765414));
#1836 = CARTESIAN_POINT('',(29.774480177724,4.902529776822,
    15.336423316743));
#1837 = CARTESIAN_POINT('',(29.825525693583,4.925945015649,
    15.328338501282));
#1838 = CARTESIAN_POINT('',(29.877278065476,4.947651785724,
    15.320141730825));
#1839 = CARTESIAN_POINT('',(30.043403549071,5.010966857626,
    15.293830039082));
#1840 = CARTESIAN_POINT('',(30.160154255814,5.046120690747,
    15.275338543737));
#1841 = CARTESIAN_POINT('',(30.279211570971,5.072764875318,
    15.256481717509));
#1842 = CARTESIAN_POINT('',(30.399835198058,5.090682176221,
    15.237376811843));
#1843 = CARTESIAN_POINT('',(30.521258355902,5.099760000517,
    15.218145272945));
#1844 = CARTESIAN_POINT('',(30.728358998966,5.10016284747,
    15.185343753503));
#1845 = CARTESIAN_POINT('',(30.814035349998,5.095929368387,
    15.171773952596));
#1846 = CARTESIAN_POINT('',(30.899446359184,5.087295187989,
    15.158246177708));
#1847 = CARTESIAN_POINT('',(30.984321176875,5.074287031924,
    15.14480332721));
#1848 = CARTESIAN_POINT('',(31.068393579797,5.056958209598,
    15.131487566727));
#1849 = CARTESIAN_POINT('',(31.187444163577,5.026022345698,
    15.112631806645));
#1850 = CARTESIAN_POINT('',(31.223285398925,5.015857149436,
    15.106955112644));
#1851 = CARTESIAN_POINT('',(31.25890524023,5.00489875196,15.101313484014
    ));
#1852 = CARTESIAN_POINT('',(31.294282879971,4.993154448989,
    15.095710216344));
#1853 = CARTESIAN_POINT('',(31.329397888992,4.980632378482,
    15.090148545293));
#1854 = CARTESIAN_POINT('',(31.416614184587,4.947353540414,
    15.076334841128));
#1855 = CARTESIAN_POINT('',(31.468358939854,4.925626698166,
    15.068139277025));
#1856 = CARTESIAN_POINT('',(31.519396210983,4.902191669808,
    15.060055767402));
#1857 = CARTESIAN_POINT('',(31.569660276035,4.877082839462,
    15.05209472159));
#1858 = CARTESIAN_POINT('',(31.619087962459,4.850338299449,
    15.044266145139));
#1859 = CARTESIAN_POINT('',(31.747683977273,4.775247423325,
    15.023898537305));
#1860 = CARTESIAN_POINT('',(31.825308853986,4.72415591162,
    15.011603964651));
#1861 = CARTESIAN_POINT('',(31.900220243468,4.668913008411,
    14.999739166154));
#1862 = CARTESIAN_POINT('',(31.972169257403,4.609728725903,
    14.98834356185));
#1863 = CARTESIAN_POINT('',(32.040930002901,4.546832453157,
    14.977452929658));
#1864 = CARTESIAN_POINT('',(32.173180910034,4.412570503826,
    14.95650644375));
#1865 = CARTESIAN_POINT('',(32.236513323102,4.34104117606,
    14.946475574952));
#1866 = CARTESIAN_POINT('',(32.296077956626,4.266144809548,
    14.937041463808));
#1867 = CARTESIAN_POINT('',(32.351684913911,4.188157806899,14.928234187)
  );
#1868 = CARTESIAN_POINT('',(32.403170160433,4.10736779938,
    14.920079725045));
#1869 = CARTESIAN_POINT('',(32.546684271232,3.854225752639,
    14.897349322927));
#1870 = CARTESIAN_POINT('',(32.625260044544,3.673950878059,
    14.884904143048));
#1871 = CARTESIAN_POINT('',(32.684928815591,3.485766362909,
    14.875453538141));
#1872 = CARTESIAN_POINT('',(32.724961381081,3.292280157953,
    14.869113002661));
#1873 = CARTESIAN_POINT('',(32.74497493501,3.096132904419,
    14.865943167123));
#1874 = CARTESIAN_POINT('',(32.74497493501,2.9,14.865943167123));
#1875 = PCURVE('',#339,#1876);
#1876 = DEFINITIONAL_REPRESENTATION('',(#1877),#1960);
#1877 = B_SPLINE_CURVE_WITH_KNOTS('',6,(#1878,#1879,#1880,#1881,#1882,
    #1883,#1884,#1885,#1886,#1887,#1888,#1889,#1890,#1891,#1892,#1893,
    #1894,#1895,#1896,#1897,#1898,#1899,#1900,#1901,#1902,#1903,#1904,
    #1905,#1906,#1907,#1908,#1909,#1910,#1911,#1912,#1913,#1914,#1915,
    #1916,#1917,#1918,#1919,#1920,#1921,#1922,#1923,#1924,#1925,#1926,
    #1927,#1928,#1929,#1930,#1931,#1932,#1933,#1934,#1935,#1936,#1937,
    #1938,#1939,#1940,#1941,#1942,#1943,#1944,#1945,#1946,#1947,#1948,
    #1949,#1950,#1951,#1952,#1953,#1954,#1955,#1956,#1957,#1958,#1959),
  .UNSPECIFIED.,.F.,.F.,(7,5,5,5,5,5,5,5,5,5,5,5,5,5,5,5,7),(0.,
    7.989208257648E-02,0.127158071928,0.158441088431,0.231292071174,
    0.323895775641,0.364179861544,0.429285907276,0.492918119599,
    0.531488138561,0.615219088668,0.674288175714,0.699935172619,
    0.738505419382,0.802138140956,0.867244708442,1.),.UNSPECIFIED.);
#1878 = CARTESIAN_POINT('',(51.451946032478,6.53319685301));
#1879 = CARTESIAN_POINT('',(51.351363069444,6.594078869187));
#1880 = CARTESIAN_POINT('',(51.254772240419,6.661648828758));
#1881 = CARTESIAN_POINT('',(51.162700090092,6.735525429562));
#1882 = CARTESIAN_POINT('',(51.075613256792,6.815278834107));
#1883 = CARTESIAN_POINT('',(50.993922466977,6.900439057244));
#1884 = CARTESIAN_POINT('',(50.873061086734,7.043789050052));
#1885 = CARTESIAN_POINT('',(50.830149294247,7.09879144361));
#1886 = CARTESIAN_POINT('',(50.789324606745,7.155408057365));
#1887 = CARTESIAN_POINT('',(50.750653760031,7.213532768676));
#1888 = CARTESIAN_POINT('',(50.71419677123,7.273056809417));
#1889 = CARTESIAN_POINT('',(50.657378382681,7.374117187018));
#1890 = CARTESIAN_POINT('',(50.635742947187,7.414929872621));
#1891 = CARTESIAN_POINT('',(50.615116090203,7.456274616855));
#1892 = CARTESIAN_POINT('',(50.595512040414,7.498118884954));
#1893 = CARTESIAN_POINT('',(50.576943797297,7.540429813317));
#1894 = CARTESIAN_POINT('',(50.518621511209,7.682716121288));
#1895 = CARTESIAN_POINT('',(50.483501045285,7.784609196462));
#1896 = CARTESIAN_POINT('',(50.454210605045,7.88843390029));
#1897 = CARTESIAN_POINT('',(50.430863694664,7.99376416071));
#1898 = CARTESIAN_POINT('',(50.413539548852,8.100168343124));
#1899 = CARTESIAN_POINT('',(50.387977160535,8.343275305436));
#1900 = CARTESIAN_POINT('',(50.383475979763,8.480373094199));
#1901 = CARTESIAN_POINT('',(50.388874200715,8.617606375818));
#1902 = CARTESIAN_POINT('',(50.404178799206,8.754072278814));
#1903 = CARTESIAN_POINT('',(50.429305087763,8.888865266153));
#1904 = CARTESIAN_POINT('',(50.479195570093,9.078595694475));
#1905 = CARTESIAN_POINT('',(50.496143826107,9.135623629396));
#1906 = CARTESIAN_POINT('',(50.514901457708,9.192089475757));
#1907 = CARTESIAN_POINT('',(50.535449910606,9.24791921226));
#1908 = CARTESIAN_POINT('',(50.557766975195,9.303039250816));
#1909 = CARTESIAN_POINT('',(50.620711600342,9.445194720596));
#1910 = CARTESIAN_POINT('',(50.664148800424,9.530969027163));
#1911 = CARTESIAN_POINT('',(50.712028135948,9.614389726503));
#1912 = CARTESIAN_POINT('',(50.764214360915,9.695153456067));
#1913 = CARTESIAN_POINT('',(50.820545013747,9.772965297598));
#1914 = CARTESIAN_POINT('',(50.939746723777,9.920428409824));
#1915 = CARTESIAN_POINT('',(51.002441903947,9.990225828391));
#1916 = CARTESIAN_POINT('',(51.068733838817,10.056667216172));
#1917 = CARTESIAN_POINT('',(51.138418918766,10.119500628619));
#1918 = CARTESIAN_POINT('',(51.21126835943,10.178490975337));
#1919 = CARTESIAN_POINT('',(51.33294690946,10.266719207579));
#1920 = CARTESIAN_POINT('',(51.379936183091,10.298524801273));
#1921 = CARTESIAN_POINT('',(51.42793785888,10.328791647317));
#1922 = CARTESIAN_POINT('',(51.476892283921,10.357475207217));
#1923 = CARTESIAN_POINT('',(51.526736852431,10.384534362778));
#1924 = CARTESIAN_POINT('',(51.687402745794,10.465065415558));
#1925 = CARTESIAN_POINT('',(51.801292082327,10.512369473866));
#1926 = CARTESIAN_POINT('',(51.918392541737,10.55145424283));
#1927 = CARTESIAN_POINT('',(52.037981379044,10.582025413818));
#1928 = CARTESIAN_POINT('',(52.159298254886,10.60388994855));
#1929 = CARTESIAN_POINT('',(52.367792227885,10.626184377084));
#1930 = CARTESIAN_POINT('',(52.454504427789,10.631031371595));
#1931 = CARTESIAN_POINT('',(52.541408942217,10.63147366865));
#1932 = CARTESIAN_POINT('',(52.628230253756,10.627509214761));
#1933 = CARTESIAN_POINT('',(52.714694727707,10.619162883967));
#1934 = CARTESIAN_POINT('',(52.837800580118,10.600981630864));
#1935 = CARTESIAN_POINT('',(52.874951617499,10.594660978799));
#1936 = CARTESIAN_POINT('',(52.911962547799,10.587528056412));
#1937 = CARTESIAN_POINT('',(52.948811657505,10.579587919865));
#1938 = CARTESIAN_POINT('',(52.98547752615,10.570846502949));
#1939 = CARTESIAN_POINT('',(53.076773089883,10.54696969944));
#1940 = CARTESIAN_POINT('',(53.131145072095,10.530831849734));
#1941 = CARTESIAN_POINT('',(53.184983025446,10.512920358865));
#1942 = CARTESIAN_POINT('',(53.2382171823,10.493262475169));
#1943 = CARTESIAN_POINT('',(53.290779954884,10.471889404422));
#1944 = CARTESIAN_POINT('',(53.428107804176,10.410803596241));
#1945 = CARTESIAN_POINT('',(53.511605366842,10.368197521572));
#1946 = CARTESIAN_POINT('',(53.592804099339,10.321175889176));
#1947 = CARTESIAN_POINT('',(53.671431460091,10.269921251913));
#1948 = CARTESIAN_POINT('',(53.747236039105,10.214637864564));
#1949 = CARTESIAN_POINT('',(53.894422408895,10.095090797282));
#1950 = CARTESIAN_POINT('',(53.96566244526,10.030647684204));
#1951 = CARTESIAN_POINT('',(54.033460154438,9.962457623588));
#1952 = CARTESIAN_POINT('',(54.097595463241,9.890775432145));
#1953 = CARTESIAN_POINT('',(54.157873167469,9.8158698279));
#1954 = CARTESIAN_POINT('',(54.328813567704,9.579283170257));
#1955 = CARTESIAN_POINT('',(54.426757186794,9.408300385925));
#1956 = CARTESIAN_POINT('',(54.506488639456,9.227452429426));
#1957 = CARTESIAN_POINT('',(54.56700136144,9.039255908001));
#1958 = CARTESIAN_POINT('',(54.607634173282,8.846296560291));
#1959 = CARTESIAN_POINT('',(54.6281132211,8.651235736965));
#1960 = ( GEOMETRIC_REPRESENTATION_CONTEXT(2) 
PARAMETRIC_REPRESENTATION_CONTEXT() REPRESENTATION_CONTEXT('2D SPACE',''
  ) );
#1961 = PCURVE('',#1962,#1991);
#1962 = B_SPLINE_SURFACE_WITH_KNOTS('',13,1,(
    (#1963,#1964)
    ,(#1965,#1966)
    ,(#1967,#1968)
    ,(#1969,#1970)
    ,(#1971,#1972)
    ,(#1973,#1974)
    ,(#1975,#1976)
    ,(#1977,#1978)
    ,(#1979,#1980)
    ,(#1981,#1982)
    ,(#1983,#1984)
    ,(#1985,#1986)
    ,(#1987,#1988)
    ,(#1989,#1990
    )),.UNSPECIFIED.,.T.,.F.,.F.,(14,14),(2,2),(0.,6.28318530718),(0.,1.
    ),.PIECEWISE_BEZIER_KNOTS.);
#1963 = CARTESIAN_POINT('',(31.077857445009,2.9,9.41304755963));
#1964 = CARTESIAN_POINT('',(40.429227258346,2.9,40.));
#1965 = CARTESIAN_POINT('',(31.077857445007,3.963308282753,9.41304755963
    ));
#1966 = CARTESIAN_POINT('',(40.429227258343,3.963308282753,
    40.000000000001));
#1967 = CARTESIAN_POINT('',(30.521107475052,5.026616990711,
    9.413047559634));
#1968 = CARTESIAN_POINT('',(39.872477288395,5.026616990711,
    39.999999999994));
#1969 = CARTESIAN_POINT('',(29.407640681034,5.771907718379,
    9.413047559622));
#1970 = CARTESIAN_POINT('',(38.75901049436,5.771907718379,
    40.000000000016));
#1971 = CARTESIAN_POINT('',(27.937090849098,5.881201507821,
    9.413047559647));
#1972 = CARTESIAN_POINT('',(37.288460662461,5.881201507821,
    39.999999999966));
#1973 = CARTESIAN_POINT('',(26.509730711273,5.175831086622,
    9.413047559607));
#1974 = CARTESIAN_POINT('',(35.861100524571,5.175831086622,
    40.000000000062));
#1975 = CARTESIAN_POINT('',(25.613717489935,3.756784879357,
    9.413047559655));
#1976 = CARTESIAN_POINT('',(34.965087303323,3.756784879357,
    39.999999999907));
#1977 = CARTESIAN_POINT('',(25.613717489771,2.043215120644,
    9.413047559611));
#1978 = CARTESIAN_POINT('',(34.965087303059,2.043215120644,
    40.000000000113));
#1979 = CARTESIAN_POINT('',(26.509730711403,0.624168913376,
    9.413047559642));
#1980 = CARTESIAN_POINT('',(35.861100524784,0.624168913376,
    39.999999999892));
#1981 = CARTESIAN_POINT('',(27.937090849018,-8.120150781993E-02,
    9.413047559626));
#1982 = CARTESIAN_POINT('',(37.288460662325,-8.120150781993E-02,
    40.000000000078));
#1983 = CARTESIAN_POINT('',(29.407640681072,2.809228162057E-02,
    9.413047559631));
#1984 = CARTESIAN_POINT('',(38.759010494427,2.809228162057E-02,
    39.999999999957));
#1985 = CARTESIAN_POINT('',(30.52110747504,0.773383009289,9.41304755963)
  );
#1986 = CARTESIAN_POINT('',(39.87247728837,0.773383009289,
    40.000000000016));
#1987 = CARTESIAN_POINT('',(31.077857445009,1.836691717247,9.41304755963
    ));
#1988 = CARTESIAN_POINT('',(40.429227258349,1.836691717247,
    39.999999999996));
#1989 = CARTESIAN_POINT('',(31.077857445009,2.9,9.41304755963));
#1990 = CARTESIAN_POINT('',(40.429227258346,2.9,40.));
#1991 = DEFINITIONAL_REPRESENTATION('',(#1992),#2075);
#1992 = B_SPLINE_CURVE_WITH_KNOTS('',6,(#1993,#1994,#1995,#1996,#1997,
    #1998,#1999,#2000,#2001,#2002,#2003,#2004,#2005,#2006,#2007,#2008,
    #2009,#2010,#2011,#2012,#2013,#2014,#2015,#2016,#2017,#2018,#2019,
    #2020,#2021,#2022,#2023,#2024,#2025,#2026,#2027,#2028,#2029,#2030,
    #2031,#2032,#2033,#2034,#2035,#2036,#2037,#2038,#2039,#2040,#2041,
    #2042,#2043,#2044,#2045,#2046,#2047,#2048,#2049,#2050,#2051,#2052,
    #2053,#2054,#2055,#2056,#2057,#2058,#2059,#2060,#2061,#2062,#2063,
    #2064,#2065,#2066,#2067,#2068,#2069,#2070,#2071,#2072,#2073,#2074),
  .UNSPECIFIED.,.F.,.F.,(7,5,5,5,5,5,5,5,5,5,5,5,5,5,5,5,7),(0.,
    7.989208257648E-02,0.127158071928,0.158441088431,0.231292071174,
    0.323895775641,0.364179861544,0.429285907276,0.492918119599,
    0.531488138561,0.615219088668,0.674288175714,0.699935172619,
    0.738505419382,0.802138140956,0.867244708442,1.),.UNSPECIFIED.);
#1993 = CARTESIAN_POINT('',(4.080204339671,0.195561742277));
#1994 = CARTESIAN_POINT('',(4.025549284802,0.196040841658));
#1995 = CARTESIAN_POINT('',(3.970992488412,0.19649606372));
#1996 = CARTESIAN_POINT('',(3.916540205856,0.196924933837));
#1997 = CARTESIAN_POINT('',(3.862191453215,0.19732530801));
#1998 = CARTESIAN_POINT('',(3.807941932025,0.197695348075));
#1999 = CARTESIAN_POINT('',(3.721749217916,0.198233553513));
#2000 = CARTESIAN_POINT('',(3.689743463958,0.198422450482));
#2001 = CARTESIAN_POINT('',(3.657769327544,0.198599869449));
#2002 = CARTESIAN_POINT('',(3.625825134269,0.198765527635));
#2003 = CARTESIAN_POINT('',(3.593908899905,0.19891917785));
#2004 = CARTESIAN_POINT('',(3.540911542507,0.199154214424));
#2005 = CARTESIAN_POINT('',(3.519815986341,0.19924246756));
#2006 = CARTESIAN_POINT('',(3.49873099015,0.19932530647));
#2007 = CARTESIAN_POINT('',(3.477655838317,0.199402676156));
#2008 = CARTESIAN_POINT('',(3.45658977137,0.199474528045));
#2009 = CARTESIAN_POINT('',(3.386493225278,0.199695198766));
#2010 = CARTESIAN_POINT('',(3.337499238016,0.199819425));
#2011 = CARTESIAN_POINT('',(3.288540230497,0.199912965505));
#2012 = CARTESIAN_POINT('',(3.239604768958,0.199975470475));
#2013 = CARTESIAN_POINT('',(3.190680898755,0.200006767388));
#2014 = CARTESIAN_POINT('',(3.079568536855,0.200006966126));
#2015 = CARTESIAN_POINT('',(3.017379078254,0.199956648586));
#2016 = CARTESIAN_POINT('',(2.955166199436,0.199855905757));
#2017 = CARTESIAN_POINT('',(2.892905134251,0.199705184307));
#2018 = CARTESIAN_POINT('',(2.830572777851,0.199505398567));
#2019 = CARTESIAN_POINT('',(2.740997143794,0.199150313131));
#2020 = CARTESIAN_POINT('',(2.71382594003,0.199033652548));
#2021 = CARTESIAN_POINT('',(2.68663627107,0.19890808881));
#2022 = CARTESIAN_POINT('',(2.659426742079,0.19877375582));
#2023 = CARTESIAN_POINT('',(2.632196106839,0.198630805845));
#2024 = CARTESIAN_POINT('',(2.560897969259,0.198234726868));
#2025 = CARTESIAN_POINT('',(2.516794297982,0.197967980203));
#2026 = CARTESIAN_POINT('',(2.472628483966,0.197679895652));
#2027 = CARTESIAN_POINT('',(2.4283968965,0.197371323139));
#2028 = CARTESIAN_POINT('',(2.384097284432,0.197043246509));
#2029 = CARTESIAN_POINT('',(2.296367109366,0.196358183619));
#2030 = CARTESIAN_POINT('',(2.252938802194,0.196002013904));
#2031 = CARTESIAN_POINT('',(2.209445992363,0.195629341611));
#2032 = CARTESIAN_POINT('',(2.165889453576,0.195241336936));
#2033 = CARTESIAN_POINT('',(2.122271386361,0.194839289125));
#2034 = CARTESIAN_POINT('',(2.052124163993,0.194173260347));
#2035 = CARTESIAN_POINT('',(2.025630482106,0.193917266434));
#2036 = CARTESIAN_POINT('',(1.999116897699,0.193656944694));
#2037 = CARTESIAN_POINT('',(1.97258455466,0.193392622334));
#2038 = CARTESIAN_POINT('',(1.946034765987,0.193124639753));
#2039 = CARTESIAN_POINT('',(1.861797907252,0.192264413753));
#2040 = CARTESIAN_POINT('',(1.804048302391,0.191659858743));
#2041 = CARTESIAN_POINT('',(1.746242001594,0.191043359722));
#2042 = CARTESIAN_POINT('',(1.688394163498,0.190418750072));
#2043 = CARTESIAN_POINT('',(1.630521697627,0.189790000316));
#2044 = CARTESIAN_POINT('',(1.531826488131,0.188717597973));
#2045 = CARTESIAN_POINT('',(1.491000556337,0.18827395126));
#2046 = CARTESIAN_POINT('',(1.450182299618,0.187831678533));
#2047 = CARTESIAN_POINT('',(1.40937830539,0.187392182296));
#2048 = CARTESIAN_POINT('',(1.368594842583,0.186956841099));
#2049 = CARTESIAN_POINT('',(1.3101439274,0.186340376934));
#2050 = CARTESIAN_POINT('',(1.292453633247,0.186154784924));
#2051 = CARTESIAN_POINT('',(1.274769024597,0.185970339329));
#2052 = CARTESIAN_POINT('',(1.25709059057,0.185787147896));
#2053 = CARTESIAN_POINT('',(1.239418794072,0.185605316408));
#2054 = CARTESIAN_POINT('',(1.195188283219,0.185153695601));
#2055 = CARTESIAN_POINT('',(1.168638472245,0.18488575246));
#2056 = CARTESIAN_POINT('',(1.142106119973,0.184621472792));
#2057 = CARTESIAN_POINT('',(1.11559253829,0.184361196917));
#2058 = CARTESIAN_POINT('',(1.089098869865,0.184105251953));
#2059 = CARTESIAN_POINT('',(1.018951616529,0.183439359924));
#2060 = CARTESIAN_POINT('',(0.975333521643,0.183037405114));
#2061 = CARTESIAN_POINT('',(0.931776974838,0.182649501202));
#2062 = CARTESIAN_POINT('',(0.888284170425,0.182276936975));
#2063 = CARTESIAN_POINT('',(0.844855875664,0.181920882143));
#2064 = CARTESIAN_POINT('',(0.757125724765,0.18123606446));
#2065 = CARTESIAN_POINT('',(0.712826124931,0.180908118457));
#2066 = CARTESIAN_POINT('',(0.66859454244,0.180599682657));
#2067 = CARTESIAN_POINT('',(0.62442871966,0.180311740378));
#2068 = CARTESIAN_POINT('',(0.580325020039,0.180045141017));
#2069 = CARTESIAN_POINT('',(0.446469165445,0.17930200055));
#2070 = CARTESIAN_POINT('',(0.356897131736,0.178895121836));
#2071 = CARTESIAN_POINT('',(0.26753344981,0.178586146794));
#2072 = CARTESIAN_POINT('',(0.178309001457,0.178378851364));
#2073 = CARTESIAN_POINT('',(8.915132019067E-02,0.178275217779));
#2074 = CARTESIAN_POINT('',(0.,0.178275217779));
#2075 = ( GEOMETRIC_REPRESENTATION_CONTEXT(2) 
PARAMETRIC_REPRESENTATION_CONTEXT() REPRESENTATION_CONTEXT('2D SPACE',''
  ) );
#2076 = ORIENTED_EDGE('',*,*,#2077,.T.);
#2077 = EDGE_CURVE('',#1789,#2078,#2080,.T.);
#2078 = VERTEX_POINT('',#2079);
#2079 = CARTESIAN_POINT('',(31.886542780524,1.125176068772,
    15.001905463468));
#2080 = SURFACE_CURVE('',#2081,(#2096,#2114),.PCURVE_S1.);
#2081 = B_SPLINE_CURVE_WITH_KNOTS('',5,(#2082,#2083,#2084,#2085,#2086,
    #2087,#2088,#2089,#2090,#2091,#2092,#2093,#2094,#2095),
  .UNSPECIFIED.,.F.,.F.,(6,4,4,6),(0.,0.329630408196,0.657037828877,1.),
  .UNSPECIFIED.);
#2082 = CARTESIAN_POINT('',(32.74497493501,2.9,14.865943167123));
#2083 = CARTESIAN_POINT('',(32.74497493501,2.764807939236,
    14.865943167123));
#2084 = CARTESIAN_POINT('',(32.735069789295,2.629615037733,
    14.867511988083));
#2085 = CARTESIAN_POINT('',(32.715260125485,2.495427567207,
    14.870649530599));
#2086 = CARTESIAN_POINT('',(32.685665320285,2.363247701178,
    14.875336887257));
#2087 = CARTESIAN_POINT('',(32.607664334277,2.105757137518,
    14.887691029771));
#2088 = CARTESIAN_POINT('',(32.559385687602,1.980403980487,
    14.895337616204));
#2089 = CARTESIAN_POINT('',(32.50194110393,1.858980559126,
    14.904435944439));
#2090 = CARTESIAN_POINT('',(32.435696816676,1.742437675431,14.9149280088
    ));
#2091 = CARTESIAN_POINT('',(32.283089097194,1.515670717395,
    14.939098697039));
#2092 = CARTESIAN_POINT('',(32.195916421519,1.406005710021,
    14.952905492488));
#2093 = CARTESIAN_POINT('',(32.100236749502,1.303739857442,
    14.968059663791));
#2094 = CARTESIAN_POINT('',(31.996799862262,1.209846253803,
    14.984442457285));
#2095 = CARTESIAN_POINT('',(31.886541755957,1.125175281972,
    15.001905625743));
#2096 = PCURVE('',#339,#2097);
#2097 = DEFINITIONAL_REPRESENTATION('',(#2098),#2113);
#2098 = B_SPLINE_CURVE_WITH_KNOTS('',5,(#2099,#2100,#2101,#2102,#2103,
    #2104,#2105,#2106,#2107,#2108,#2109,#2110,#2111,#2112),
  .UNSPECIFIED.,.F.,.F.,(6,4,4,6),(0.,0.329630408196,0.657037828877,1.),
  .UNSPECIFIED.);
#2099 = CARTESIAN_POINT('',(54.6281132211,8.651235736965));
#2100 = CARTESIAN_POINT('',(54.642229183361,8.516782648852));
#2101 = CARTESIAN_POINT('',(54.646371436164,8.381281595464));
#2102 = CARTESIAN_POINT('',(54.640435542489,8.245733414489));
#2103 = CARTESIAN_POINT('',(54.624437065345,8.111147421459));
#2104 = CARTESIAN_POINT('',(54.572781117491,7.846818399063));
#2105 = CARTESIAN_POINT('',(54.537256498201,7.71704662474));
#2106 = CARTESIAN_POINT('',(54.492092093809,7.590214122594));
#2107 = CARTESIAN_POINT('',(54.437557398887,7.467305214056));
#2108 = CARTESIAN_POINT('',(54.307569647362,7.225644758197));
#2109 = CARTESIAN_POINT('',(54.231243364036,7.107363672215));
#2110 = CARTESIAN_POINT('',(54.145578546911,6.995541973714));
#2111 = CARTESIAN_POINT('',(54.051228568975,6.891226701426));
#2112 = CARTESIAN_POINT('',(53.949047121686,6.79536253941));
#2113 = ( GEOMETRIC_REPRESENTATION_CONTEXT(2) 
PARAMETRIC_REPRESENTATION_CONTEXT() REPRESENTATION_CONTEXT('2D SPACE',''
  ) );
#2114 = PCURVE('',#2115,#2144);
#2115 = B_SPLINE_SURFACE_WITH_KNOTS('',13,1,(
    (#2116,#2117)
    ,(#2118,#2119)
    ,(#2120,#2121)
    ,(#2122,#2123)
    ,(#2124,#2125)
    ,(#2126,#2127)
    ,(#2128,#2129)
    ,(#2130,#2131)
    ,(#2132,#2133)
    ,(#2134,#2135)
    ,(#2136,#2137)
    ,(#2138,#2139)
    ,(#2140,#2141)
    ,(#2142,#2143
    )),.UNSPECIFIED.,.T.,.F.,.F.,(14,14),(2,2),(0.,6.28318530718),(0.,1.
    ),.PIECEWISE_BEZIER_KNOTS.);
#2116 = CARTESIAN_POINT('',(31.077857445009,2.9,9.41304755963));
#2117 = CARTESIAN_POINT('',(40.429227258346,2.9,40.));
#2118 = CARTESIAN_POINT('',(31.077857445007,3.963308282753,9.41304755963
    ));
#2119 = CARTESIAN_POINT('',(40.429227258343,3.963308282753,
    40.000000000001));
#2120 = CARTESIAN_POINT('',(30.521107475052,5.026616990711,
    9.413047559634));
#2121 = CARTESIAN_POINT('',(39.872477288395,5.026616990711,
    39.999999999994));
#2122 = CARTESIAN_POINT('',(29.407640681034,5.771907718379,
    9.413047559622));
#2123 = CARTESIAN_POINT('',(38.75901049436,5.771907718379,
    40.000000000016));
#2124 = CARTESIAN_POINT('',(27.937090849098,5.881201507821,
    9.413047559647));
#2125 = CARTESIAN_POINT('',(37.288460662461,5.881201507821,
    39.999999999966));
#2126 = CARTESIAN_POINT('',(26.509730711273,5.175831086622,
    9.413047559607));
#2127 = CARTESIAN_POINT('',(35.861100524571,5.175831086622,
    40.000000000062));
#2128 = CARTESIAN_POINT('',(25.613717489935,3.756784879357,
    9.413047559655));
#2129 = CARTESIAN_POINT('',(34.965087303323,3.756784879357,
    39.999999999907));
#2130 = CARTESIAN_POINT('',(25.613717489771,2.043215120644,
    9.413047559611));
#2131 = CARTESIAN_POINT('',(34.965087303059,2.043215120644,
    40.000000000113));
#2132 = CARTESIAN_POINT('',(26.509730711403,0.624168913376,
    9.413047559642));
#2133 = CARTESIAN_POINT('',(35.861100524784,0.624168913376,
    39.999999999892));
#2134 = CARTESIAN_POINT('',(27.937090849018,-8.120150781993E-02,
    9.413047559626));
#2135 = CARTESIAN_POINT('',(37.288460662325,-8.120150781993E-02,
    40.000000000078));
#2136 = CARTESIAN_POINT('',(29.407640681072,2.809228162057E-02,
    9.413047559631));
#2137 = CARTESIAN_POINT('',(38.759010494427,2.809228162057E-02,
    39.999999999957));
#2138 = CARTESIAN_POINT('',(30.52110747504,0.773383009289,9.41304755963)
  );
#2139 = CARTESIAN_POINT('',(39.87247728837,0.773383009289,
    40.000000000016));
#2140 = CARTESIAN_POINT('',(31.077857445009,1.836691717247,9.41304755963
    ));
#2141 = CARTESIAN_POINT('',(40.429227258349,1.836691717247,
    39.999999999996));
#2142 = CARTESIAN_POINT('',(31.077857445009,2.9,9.41304755963));
#2143 = CARTESIAN_POINT('',(40.429227258346,2.9,40.));
#2144 = DEFINITIONAL_REPRESENTATION('',(#2145),#2160);
#2145 = B_SPLINE_CURVE_WITH_KNOTS('',5,(#2146,#2147,#2148,#2149,#2150,
    #2151,#2152,#2153,#2154,#2155,#2156,#2157,#2158,#2159),
  .UNSPECIFIED.,.F.,.F.,(6,4,4,6),(0.,0.329630408196,0.657037828877,1.),
  .UNSPECIFIED.);
#2146 = CARTESIAN_POINT('',(6.28318530718,0.178275217779));
#2147 = CARTESIAN_POINT('',(6.221734370468,0.178275217779));
#2148 = CARTESIAN_POINT('',(6.160283037009,0.178326508307));
#2149 = CARTESIAN_POINT('',(6.098805358001,0.178429086115));
#2150 = CARTESIAN_POINT('',(6.0372731206,0.178582333048));
#2151 = CARTESIAN_POINT('',(5.914470917875,0.178986235416));
#2152 = CARTESIAN_POINT('',(5.853200920795,0.179236230457));
#2153 = CARTESIAN_POINT('',(5.791833992934,0.179533688278));
#2154 = CARTESIAN_POINT('',(5.730349535021,0.179876712461));
#2155 = CARTESIAN_POINT('',(5.604199916133,0.18066694118));
#2156 = CARTESIAN_POINT('',(5.539520013563,0.181118336116));
#2157 = CARTESIAN_POINT('',(5.474691397934,0.181613781726));
#2158 = CARTESIAN_POINT('',(5.409705198634,0.182149395515));
#2159 = CARTESIAN_POINT('',(5.344573629065,0.182720330736));
#2160 = ( GEOMETRIC_REPRESENTATION_CONTEXT(2) 
PARAMETRIC_REPRESENTATION_CONTEXT() REPRESENTATION_CONTEXT('2D SPACE',''
  ) );
#2161 = ORIENTED_EDGE('',*,*,#2162,.F.);
#2162 = EDGE_CURVE('',#2163,#2078,#2165,.T.);
#2163 = VERTEX_POINT('',#2164);
#2164 = CARTESIAN_POINT('',(31.886542780524,0.125,15.001905463468));
#2165 = SURFACE_CURVE('',#2166,(#2170,#2176),.PCURVE_S1.);
#2166 = LINE('',#2167,#2168);
#2167 = CARTESIAN_POINT('',(31.886542780524,-0.5625,15.001905463468));
#2168 = VECTOR('',#2169,1.);
#2169 = DIRECTION('',(2.734506013376E-17,1.,8.944166154111E-17));
#2170 = PCURVE('',#339,#2171);
#2171 = DEFINITIONAL_REPRESENTATION('',(#2172),#2175);
#2172 = B_SPLINE_CURVE_WITH_KNOTS('',1,(#2173,#2174),.UNSPECIFIED.,.F.,
  .F.,(2,2),(-0.5625,1.687676068772),.PIECEWISE_BEZIER_KNOTS.);
#2173 = CARTESIAN_POINT('',(54.183998261971,4.557487037672));
#2174 = CARTESIAN_POINT('',(53.949048071201,6.795363430223));
#2175 = ( GEOMETRIC_REPRESENTATION_CONTEXT(2) 
PARAMETRIC_REPRESENTATION_CONTEXT() REPRESENTATION_CONTEXT('2D SPACE',''
  ) );
#2176 = PCURVE('',#2177,#2182);
#2177 = PLANE('',#2178);
#2178 = AXIS2_PLACEMENT_3D('',#2179,#2180,#2181);
#2179 = CARTESIAN_POINT('',(39.529227258346,-1.125,40.));
#2180 = DIRECTION('',(0.956304755963,0.,-0.292371704723));
#2181 = DIRECTION('',(0.,1.,0.));
#2182 = DEFINITIONAL_REPRESENTATION('',(#2183),#2186);
#2183 = B_SPLINE_CURVE_WITH_KNOTS('',1,(#2184,#2185),.UNSPECIFIED.,.F.,
  .F.,(2,2),(-0.5625,1.687676068772),.PIECEWISE_BEZIER_KNOTS.);
#2184 = CARTESIAN_POINT('',(0.,-26.14030138473));
#2185 = CARTESIAN_POINT('',(2.250176068772,-26.14030138473));
#2186 = ( GEOMETRIC_REPRESENTATION_CONTEXT(2) 
PARAMETRIC_REPRESENTATION_CONTEXT() REPRESENTATION_CONTEXT('2D SPACE',''
  ) );
#2187 = ORIENTED_EDGE('',*,*,#2188,.F.);
#2188 = EDGE_CURVE('',#267,#2163,#2189,.T.);
#2189 = SURFACE_CURVE('',#2190,(#2194,#2200),.PCURVE_S1.);
#2190 = LINE('',#2191,#2192);
#2191 = CARTESIAN_POINT('',(-50.40578721331,0.125,28.035730092543));
#2192 = VECTOR('',#2193,1.);
#2193 = DIRECTION('',(-0.987688340595,0.,0.15643446504));
#2194 = PCURVE('',#339,#2195);
#2195 = DEFINITIONAL_REPRESENTATION('',(#2196),#2199);
#2196 = B_SPLINE_CURVE_WITH_KNOTS('',1,(#2197,#2198),.UNSPECIFIED.,.F.,
  .F.,(2,2),(-87.38330323208,-28.95743115911),.PIECEWISE_BEZIER_KNOTS.);
#2197 = CARTESIAN_POINT('',(58.096448875726,6.225117616586));
#2198 = CARTESIAN_POINT('',(-1.006182838394E-02,0.124630645833));
#2199 = ( GEOMETRIC_REPRESENTATION_CONTEXT(2) 
PARAMETRIC_REPRESENTATION_CONTEXT() REPRESENTATION_CONTEXT('2D SPACE',''
  ) );
#2200 = PCURVE('',#286,#2201);
#2201 = DEFINITIONAL_REPRESENTATION('',(#2202),#2205);
#2202 = B_SPLINE_CURVE_WITH_KNOTS('',1,(#2203,#2204),.UNSPECIFIED.,.F.,
  .F.,(2,2),(-87.38330323208,-28.95743115911),.PIECEWISE_BEZIER_KNOTS.);
#2203 = CARTESIAN_POINT('',(114.36596979798,135.90168255171));
#2204 = CARTESIAN_POINT('',(123.50578984022,78.195129916134));
#2205 = ( GEOMETRIC_REPRESENTATION_CONTEXT(2) 
PARAMETRIC_REPRESENTATION_CONTEXT() REPRESENTATION_CONTEXT('2D SPACE',''
  ) );
#2206 = FACE_BOUND('',#2207,.T.);
#2207 = EDGE_LOOP('',(#2208));
#2208 = ORIENTED_EDGE('',*,*,#2209,.T.);
#2209 = EDGE_CURVE('',#2210,#2210,#2212,.T.);
#2210 = VERTEX_POINT('',#2211);
#2211 = CARTESIAN_POINT('',(-4.523293481794,14.375,20.768657002183));
#2212 = SURFACE_CURVE('',#2213,(#2218,#2229),.PCURVE_S1.);
#2213 = CIRCLE('',#2214,1.5);
#2214 = AXIS2_PLACEMENT_3D('',#2215,#2216,#2217);
#2215 = CARTESIAN_POINT('',(-6.004825992687,14.375,21.003308699743));
#2216 = DIRECTION('',(-0.15643446504,-0.,-0.987688340595));
#2217 = DIRECTION('',(0.987688340595,0.,-0.15643446504));
#2218 = PCURVE('',#339,#2219);
#2219 = DEFINITIONAL_REPRESENTATION('',(#2220),#2228);
#2220 = ( BOUNDED_CURVE() B_SPLINE_CURVE(2,(#2221,#2222,#2223,#2224,
#2225,#2226,#2227),.UNSPECIFIED.,.T.,.F.) B_SPLINE_CURVE_WITH_KNOTS((1,2
    ,2,2,2,1),(-2.094395102393,0.,2.094395102393,4.188790204786,
6.28318530718,8.377580409573),.UNSPECIFIED.) CURVE() 
GEOMETRIC_REPRESENTATION_ITEM() RATIONAL_B_SPLINE_CURVE((1.,0.5,1.,0.5,
1.,0.5,1.)) REPRESENTATION_ITEM('') );
#2221 = CARTESIAN_POINT('',(15.903390127525,16.123672269422));
#2222 = CARTESIAN_POINT('',(16.174666011206,13.539797389531));
#2223 = CARTESIAN_POINT('',(13.801326783179,14.596803022775));
#2224 = CARTESIAN_POINT('',(11.427987555153,15.65380865602));
#2225 = CARTESIAN_POINT('',(13.530050899499,17.180677902666));
#2226 = CARTESIAN_POINT('',(15.632114243845,18.707547149313));
#2227 = CARTESIAN_POINT('',(15.903390127525,16.123672269422));
#2228 = ( GEOMETRIC_REPRESENTATION_CONTEXT(2) 
PARAMETRIC_REPRESENTATION_CONTEXT() REPRESENTATION_CONTEXT('2D SPACE',''
  ) );
#2229 = PCURVE('',#2230,#2235);
#2230 = CYLINDRICAL_SURFACE('',#2231,1.5);
#2231 = AXIS2_PLACEMENT_3D('',#2232,#2233,#2234);
#2232 = CARTESIAN_POINT('',(-6.098686671711,14.375,20.410695695386));
#2233 = DIRECTION('',(-0.15643446504,-0.,-0.987688340595));
#2234 = DIRECTION('',(0.987688340595,0.,-0.15643446504));
#2235 = DEFINITIONAL_REPRESENTATION('',(#2236),#2240);
#2236 = LINE('',#2237,#2238);
#2237 = CARTESIAN_POINT('',(-6.28318530718,-0.6));
#2238 = VECTOR('',#2239,1.);
#2239 = DIRECTION('',(1.,-0.));
#2240 = ( GEOMETRIC_REPRESENTATION_CONTEXT(2) 
PARAMETRIC_REPRESENTATION_CONTEXT() REPRESENTATION_CONTEXT('2D SPACE',''
  ) );
#2241 = ADVANCED_FACE('',(#2242),#286,.F.);
#2242 = FACE_BOUND('',#2243,.F.);
#2243 = EDGE_LOOP('',(#2244,#2245,#2267,#2293,#2320,#2339));
#2244 = ORIENTED_EDGE('',*,*,#266,.F.);
#2245 = ORIENTED_EDGE('',*,*,#2246,.T.);
#2246 = EDGE_CURVE('',#187,#2247,#2249,.T.);
#2247 = VERTEX_POINT('',#2248);
#2248 = CARTESIAN_POINT('',(27.1,0.125,0.));
#2249 = SURFACE_CURVE('',#2250,(#2254,#2260),.PCURVE_S1.);
#2250 = LINE('',#2251,#2252);
#2251 = CARTESIAN_POINT('',(-65.25,0.125,0.));
#2252 = VECTOR('',#2253,1.);
#2253 = DIRECTION('',(-1.,0.,-0.));
#2254 = PCURVE('',#286,#2255);
#2255 = DEFINITIONAL_REPRESENTATION('',(#2256),#2259);
#2256 = B_SPLINE_CURVE_WITH_KNOTS('',1,(#2257,#2258),.UNSPECIFIED.,.F.,
  .F.,(2,2),(-95.298167762,-34.49902951453),.PIECEWISE_BEZIER_KNOTS.);
#2257 = CARTESIAN_POINT('',(100.,130.048167762));
#2258 = CARTESIAN_POINT('',(100.,69.249029514535));
#2259 = ( GEOMETRIC_REPRESENTATION_CONTEXT(2) 
PARAMETRIC_REPRESENTATION_CONTEXT() REPRESENTATION_CONTEXT('2D SPACE',''
  ) );
#2260 = PCURVE('',#228,#2261);
#2261 = DEFINITIONAL_REPRESENTATION('',(#2262),#2266);
#2262 = LINE('',#2263,#2264);
#2263 = CARTESIAN_POINT('',(-34.75,0.125));
#2264 = VECTOR('',#2265,1.);
#2265 = DIRECTION('',(-1.,-1.835079379546E-18));
#2266 = ( GEOMETRIC_REPRESENTATION_CONTEXT(2) 
PARAMETRIC_REPRESENTATION_CONTEXT() REPRESENTATION_CONTEXT('2D SPACE',''
  ) );
#2267 = ORIENTED_EDGE('',*,*,#2268,.F.);
#2268 = EDGE_CURVE('',#2269,#2247,#2271,.T.);
#2269 = VERTEX_POINT('',#2270);
#2270 = CARTESIAN_POINT('',(29.977857445009,0.125,9.41304755963));
#2271 = SURFACE_CURVE('',#2272,(#2276,#2282),.PCURVE_S1.);
#2272 = LINE('',#2273,#2274);
#2273 = CARTESIAN_POINT('',(9.126775003672,0.125,-58.78777004184));
#2274 = VECTOR('',#2275,1.);
#2275 = DIRECTION('',(-0.292371704723,0.,-0.956304755963));
#2276 = PCURVE('',#286,#2277);
#2277 = DEFINITIONAL_REPRESENTATION('',(#2278),#2281);
#2278 = B_SPLINE_CURVE_WITH_KNOTS('',1,(#2279,#2280),.UNSPECIFIED.,.F.,
  .F.,(2,2),(-71.31703275154,-61.47388651501),.PIECEWISE_BEZIER_KNOTS.);
#2279 = CARTESIAN_POINT('',(109.41304755963,129.977857445));
#2280 = CARTESIAN_POINT('',(100.,127.1));
#2281 = ( GEOMETRIC_REPRESENTATION_CONTEXT(2) 
PARAMETRIC_REPRESENTATION_CONTEXT() REPRESENTATION_CONTEXT('2D SPACE',''
  ) );
#2282 = PCURVE('',#2283,#2288);
#2283 = PLANE('',#2284);
#2284 = AXIS2_PLACEMENT_3D('',#2285,#2286,#2287);
#2285 = CARTESIAN_POINT('',(29.977857445009,-2.9,9.41304755963));
#2286 = DIRECTION('',(0.956304755963,0.,-0.292371704723));
#2287 = DIRECTION('',(0.,1.,0.));
#2288 = DEFINITIONAL_REPRESENTATION('',(#2289),#2292);
#2289 = B_SPLINE_CURVE_WITH_KNOTS('',1,(#2290,#2291),.UNSPECIFIED.,.F.,
  .F.,(2,2),(-71.31703275154,-61.47388651501),.PIECEWISE_BEZIER_KNOTS.);
#2290 = CARTESIAN_POINT('',(3.025,0.));
#2291 = CARTESIAN_POINT('',(3.025,-9.843146236527));
#2292 = ( GEOMETRIC_REPRESENTATION_CONTEXT(2) 
PARAMETRIC_REPRESENTATION_CONTEXT() REPRESENTATION_CONTEXT('2D SPACE',''
  ) );
#2293 = ORIENTED_EDGE('',*,*,#2294,.T.);
#2294 = EDGE_CURVE('',#2269,#2295,#2297,.T.);
#2295 = VERTEX_POINT('',#2296);
#2296 = CARTESIAN_POINT('',(30.177857445009,0.125,9.41304755963));
#2297 = SURFACE_CURVE('',#2298,(#2302,#2308),.PCURVE_S1.);
#2298 = LINE('',#2299,#2300);
#2299 = CARTESIAN_POINT('',(-35.56107127749,0.125,9.41304755963));
#2300 = VECTOR('',#2301,1.);
#2301 = DIRECTION('',(1.,0.,0.));
#2302 = PCURVE('',#286,#2303);
#2303 = DEFINITIONAL_REPRESENTATION('',(#2304),#2307);
#2304 = B_SPLINE_CURVE_WITH_KNOTS('',1,(#2305,#2306),.UNSPECIFIED.,.F.,
  .F.,(2,2),(62.238928722504,66.638928722504),.PIECEWISE_BEZIER_KNOTS.);
#2305 = CARTESIAN_POINT('',(109.41304755963,126.677857445));
#2306 = CARTESIAN_POINT('',(109.41304755963,131.077857445));
#2307 = ( GEOMETRIC_REPRESENTATION_CONTEXT(2) 
PARAMETRIC_REPRESENTATION_CONTEXT() REPRESENTATION_CONTEXT('2D SPACE',''
  ) );
#2308 = PCURVE('',#2309,#2314);
#2309 = PLANE('',#2310);
#2310 = AXIS2_PLACEMENT_3D('',#2311,#2312,#2313);
#2311 = CARTESIAN_POINT('',(28.877857445009,2.9,9.41304755963));
#2312 = DIRECTION('',(0.,0.,1.));
#2313 = DIRECTION('',(1.,0.,0.));
#2314 = DEFINITIONAL_REPRESENTATION('',(#2315),#2319);
#2315 = LINE('',#2316,#2317);
#2316 = CARTESIAN_POINT('',(-64.4389287225,-2.775));
#2317 = VECTOR('',#2318,1.);
#2318 = DIRECTION('',(1.,0.));
#2319 = ( GEOMETRIC_REPRESENTATION_CONTEXT(2) 
PARAMETRIC_REPRESENTATION_CONTEXT() REPRESENTATION_CONTEXT('2D SPACE',''
  ) );
#2320 = ORIENTED_EDGE('',*,*,#2321,.F.);
#2321 = EDGE_CURVE('',#2163,#2295,#2322,.T.);
#2322 = SURFACE_CURVE('',#2323,(#2327,#2333),.PCURVE_S1.);
#2323 = LINE('',#2324,#2325);
#2324 = CARTESIAN_POINT('',(13.993911788969,0.125,-43.52225346683));
#2325 = VECTOR('',#2326,1.);
#2326 = DIRECTION('',(-0.292371704723,0.,-0.956304755963));
#2327 = PCURVE('',#286,#2328);
#2328 = DEFINITIONAL_REPRESENTATION('',(#2329),#2332);
#2329 = B_SPLINE_CURVE_WITH_KNOTS('',1,(#2330,#2331),.UNSPECIFIED.,.F.,
  .F.,(2,2),(-69.16001108768,-55.35400791053),.PIECEWISE_BEZIER_KNOTS.);
#2330 = CARTESIAN_POINT('',(122.61579405877,134.21434212931));
#2331 = CARTESIAN_POINT('',(109.41304755963,130.177857445));
#2332 = ( GEOMETRIC_REPRESENTATION_CONTEXT(2) 
PARAMETRIC_REPRESENTATION_CONTEXT() REPRESENTATION_CONTEXT('2D SPACE',''
  ) );
#2333 = PCURVE('',#2177,#2334);
#2334 = DEFINITIONAL_REPRESENTATION('',(#2335),#2338);
#2335 = B_SPLINE_CURVE_WITH_KNOTS('',1,(#2336,#2337),.UNSPECIFIED.,.F.,
  .F.,(2,2),(-69.16001108768,-55.35400791053),.PIECEWISE_BEZIER_KNOTS.);
#2336 = CARTESIAN_POINT('',(1.25,-18.17852084581));
#2337 = CARTESIAN_POINT('',(1.25,-31.98452402295));
#2338 = ( GEOMETRIC_REPRESENTATION_CONTEXT(2) 
PARAMETRIC_REPRESENTATION_CONTEXT() REPRESENTATION_CONTEXT('2D SPACE',''
  ) );
#2339 = ORIENTED_EDGE('',*,*,#2188,.F.);
#2340 = ADVANCED_FACE('',(#2341,#3390),#228,.F.);
#2341 = FACE_BOUND('',#2342,.F.);
#2342 = EDGE_LOOP('',(#2343,#2344,#2345,#2368,#2421,#2474,#2502,#2524,
    #3111,#3132,#3212,#3234,#3262,#3315,#3368,#3389));
#2343 = ORIENTED_EDGE('',*,*,#186,.F.);
#2344 = ORIENTED_EDGE('',*,*,#408,.F.);
#2345 = ORIENTED_EDGE('',*,*,#2346,.T.);
#2346 = EDGE_CURVE('',#381,#2347,#2349,.T.);
#2347 = VERTEX_POINT('',#2348);
#2348 = CARTESIAN_POINT('',(-24.9,-1.014359353945,0.));
#2349 = SURFACE_CURVE('',#2350,(#2354,#2361),.PCURVE_S1.);
#2350 = LINE('',#2351,#2352);
#2351 = CARTESIAN_POINT('',(-24.9,1.125,0.));
#2352 = VECTOR('',#2353,1.);
#2353 = DIRECTION('',(0.,-1.,0.));
#2354 = PCURVE('',#228,#2355);
#2355 = DEFINITIONAL_REPRESENTATION('',(#2356),#2360);
#2356 = LINE('',#2357,#2358);
#2357 = CARTESIAN_POINT('',(5.6,1.125));
#2358 = VECTOR('',#2359,1.);
#2359 = DIRECTION('',(1.835079379546E-18,-1.));
#2360 = ( GEOMETRIC_REPRESENTATION_CONTEXT(2) 
PARAMETRIC_REPRESENTATION_CONTEXT() REPRESENTATION_CONTEXT('2D SPACE',''
  ) );
#2361 = PCURVE('',#397,#2362);
#2362 = DEFINITIONAL_REPRESENTATION('',(#2363),#2367);
#2363 = LINE('',#2364,#2365);
#2364 = CARTESIAN_POINT('',(-0.,-9.843146236527));
#2365 = VECTOR('',#2366,1.);
#2366 = DIRECTION('',(1.,0.));
#2367 = ( GEOMETRIC_REPRESENTATION_CONTEXT(2) 
PARAMETRIC_REPRESENTATION_CONTEXT() REPRESENTATION_CONTEXT('2D SPACE',''
  ) );
#2368 = ORIENTED_EDGE('',*,*,#2369,.T.);
#2369 = EDGE_CURVE('',#2347,#2370,#2372,.T.);
#2370 = VERTEX_POINT('',#2371);
#2371 = CARTESIAN_POINT('',(-22.5,-2.4,0.));
#2372 = SURFACE_CURVE('',#2373,(#2378,#2385),.PCURVE_S1.);
#2373 = CIRCLE('',#2374,1.6);
#2374 = AXIS2_PLACEMENT_3D('',#2375,#2376,#2377);
#2375 = CARTESIAN_POINT('',(-24.1,-2.4,0.));
#2376 = DIRECTION('',(0.,0.,1.));
#2377 = DIRECTION('',(1.,0.,0.));
#2378 = PCURVE('',#228,#2379);
#2379 = DEFINITIONAL_REPRESENTATION('',(#2380),#2384);
#2380 = CIRCLE('',#2381,1.6);
#2381 = AXIS2_PLACEMENT_2D('',#2382,#2383);
#2382 = CARTESIAN_POINT('',(6.4,-2.4));
#2383 = DIRECTION('',(1.,1.835079379546E-18));
#2384 = ( GEOMETRIC_REPRESENTATION_CONTEXT(2) 
PARAMETRIC_REPRESENTATION_CONTEXT() REPRESENTATION_CONTEXT('2D SPACE',''
  ) );
#2385 = PCURVE('',#2386,#2415);
#2386 = B_SPLINE_SURFACE_WITH_KNOTS('',13,1,(
    (#2387,#2388)
    ,(#2389,#2390)
    ,(#2391,#2392)
    ,(#2393,#2394)
    ,(#2395,#2396)
    ,(#2397,#2398)
    ,(#2399,#2400)
    ,(#2401,#2402)
    ,(#2403,#2404)
    ,(#2405,#2406)
    ,(#2407,#2408)
    ,(#2409,#2410)
    ,(#2411,#2412)
    ,(#2413,#2414
    )),.UNSPECIFIED.,.T.,.F.,.F.,(14,14),(2,2),(0.,6.28318530718),(0.,1.
    ),.PIECEWISE_BEZIER_KNOTS.);
#2387 = CARTESIAN_POINT('',(-22.5,-2.4,0.));
#2388 = CARTESIAN_POINT('',(-19.62214255499,-2.4,9.41304755963));
#2389 = CARTESIAN_POINT('',(-22.49999999999,-1.62668488527,0.));
#2390 = CARTESIAN_POINT('',(-19.62214255498,-1.62668488527,9.41304755963
    ));
#2391 = CARTESIAN_POINT('',(-22.90490906907,-0.853369461303,0.));
#2392 = CARTESIAN_POINT('',(-20.02705162406,-0.853369461303,
    9.413047559634));
#2393 = CARTESIAN_POINT('',(-23.71470310103,-0.311339841174,0.));
#2394 = CARTESIAN_POINT('',(-20.83684565601,-0.311339841174,
    9.413047559622));
#2395 = CARTESIAN_POINT('',(-24.784193888,-0.231853448868,0.));
#2396 = CARTESIAN_POINT('',(-21.90633644302,-0.231853448868,
    9.413047559647));
#2397 = CARTESIAN_POINT('',(-25.82227398806,-0.744850118804,0.));
#2398 = CARTESIAN_POINT('',(-22.94441654301,-0.744850118804,
    9.413047559607));
#2399 = CARTESIAN_POINT('',(-26.47391996744,-1.776883724121,0.));
#2400 = CARTESIAN_POINT('',(-23.59606252248,-1.776883724121,
    9.413047559655));
#2401 = CARTESIAN_POINT('',(-26.47391996734,-3.023116275881,0.));
#2402 = CARTESIAN_POINT('',(-23.59606252228,-3.023116275881,
    9.413047559611));
#2403 = CARTESIAN_POINT('',(-25.82227398815,-4.055149881191,0.));
#2404 = CARTESIAN_POINT('',(-22.94441654317,-4.055149881191,
    9.413047559642));
#2405 = CARTESIAN_POINT('',(-24.78419388795,-4.568146551137,0.));
#2406 = CARTESIAN_POINT('',(-21.90633644292,-4.568146551137,
    9.413047559626));
#2407 = CARTESIAN_POINT('',(-23.71470310106,-4.488660158824,0.));
#2408 = CARTESIAN_POINT('',(-20.83684565606,-4.488660158824,
    9.413047559631));
#2409 = CARTESIAN_POINT('',(-22.90490906906,-3.946630538698,0.));
#2410 = CARTESIAN_POINT('',(-20.02705162405,-3.946630538698,
    9.41304755963));
#2411 = CARTESIAN_POINT('',(-22.5,-3.17331511473,0.));
#2412 = CARTESIAN_POINT('',(-19.62214255499,-3.17331511473,9.41304755963
    ));
#2413 = CARTESIAN_POINT('',(-22.5,-2.4,0.));
#2414 = CARTESIAN_POINT('',(-19.62214255499,-2.4,9.41304755963));
#2415 = DEFINITIONAL_REPRESENTATION('',(#2416),#2420);
#2416 = LINE('',#2417,#2418);
#2417 = CARTESIAN_POINT('',(0.,0.));
#2418 = VECTOR('',#2419,1.);
#2419 = DIRECTION('',(1.,0.));
#2420 = ( GEOMETRIC_REPRESENTATION_CONTEXT(2) 
PARAMETRIC_REPRESENTATION_CONTEXT() REPRESENTATION_CONTEXT('2D SPACE',''
  ) );
#2421 = ORIENTED_EDGE('',*,*,#2422,.T.);
#2422 = EDGE_CURVE('',#2370,#2423,#2425,.T.);
#2423 = VERTEX_POINT('',#2424);
#2424 = CARTESIAN_POINT('',(-23.3,-1.014359353945,0.));
#2425 = SURFACE_CURVE('',#2426,(#2431,#2438),.PCURVE_S1.);
#2426 = CIRCLE('',#2427,1.6);
#2427 = AXIS2_PLACEMENT_3D('',#2428,#2429,#2430);
#2428 = CARTESIAN_POINT('',(-24.1,-2.4,0.));
#2429 = DIRECTION('',(0.,0.,1.));
#2430 = DIRECTION('',(1.,0.,0.));
#2431 = PCURVE('',#228,#2432);
#2432 = DEFINITIONAL_REPRESENTATION('',(#2433),#2437);
#2433 = CIRCLE('',#2434,1.6);
#2434 = AXIS2_PLACEMENT_2D('',#2435,#2436);
#2435 = CARTESIAN_POINT('',(6.4,-2.4));
#2436 = DIRECTION('',(1.,1.835079379546E-18));
#2437 = ( GEOMETRIC_REPRESENTATION_CONTEXT(2) 
PARAMETRIC_REPRESENTATION_CONTEXT() REPRESENTATION_CONTEXT('2D SPACE',''
  ) );
#2438 = PCURVE('',#2439,#2468);
#2439 = B_SPLINE_SURFACE_WITH_KNOTS('',13,1,(
    (#2440,#2441)
    ,(#2442,#2443)
    ,(#2444,#2445)
    ,(#2446,#2447)
    ,(#2448,#2449)
    ,(#2450,#2451)
    ,(#2452,#2453)
    ,(#2454,#2455)
    ,(#2456,#2457)
    ,(#2458,#2459)
    ,(#2460,#2461)
    ,(#2462,#2463)
    ,(#2464,#2465)
    ,(#2466,#2467
    )),.UNSPECIFIED.,.T.,.F.,.F.,(14,14),(2,2),(0.,6.28318530718),(0.,1.
    ),.PIECEWISE_BEZIER_KNOTS.);
#2440 = CARTESIAN_POINT('',(-22.5,-2.4,0.));
#2441 = CARTESIAN_POINT('',(-19.62214255499,-2.4,9.41304755963));
#2442 = CARTESIAN_POINT('',(-22.49999999999,-1.62668488527,0.));
#2443 = CARTESIAN_POINT('',(-19.62214255498,-1.62668488527,9.41304755963
    ));
#2444 = CARTESIAN_POINT('',(-22.90490906907,-0.853369461303,0.));
#2445 = CARTESIAN_POINT('',(-20.02705162406,-0.853369461303,
    9.413047559634));
#2446 = CARTESIAN_POINT('',(-23.71470310103,-0.311339841174,0.));
#2447 = CARTESIAN_POINT('',(-20.83684565601,-0.311339841174,
    9.413047559622));
#2448 = CARTESIAN_POINT('',(-24.784193888,-0.231853448868,0.));
#2449 = CARTESIAN_POINT('',(-21.90633644302,-0.231853448868,
    9.413047559647));
#2450 = CARTESIAN_POINT('',(-25.82227398806,-0.744850118804,0.));
#2451 = CARTESIAN_POINT('',(-22.94441654301,-0.744850118804,
    9.413047559607));
#2452 = CARTESIAN_POINT('',(-26.47391996744,-1.776883724121,0.));
#2453 = CARTESIAN_POINT('',(-23.59606252248,-1.776883724121,
    9.413047559655));
#2454 = CARTESIAN_POINT('',(-26.47391996734,-3.023116275881,0.));
#2455 = CARTESIAN_POINT('',(-23.59606252228,-3.023116275881,
    9.413047559611));
#2456 = CARTESIAN_POINT('',(-25.82227398815,-4.055149881191,0.));
#2457 = CARTESIAN_POINT('',(-22.94441654317,-4.055149881191,
    9.413047559642));
#2458 = CARTESIAN_POINT('',(-24.78419388795,-4.568146551137,0.));
#2459 = CARTESIAN_POINT('',(-21.90633644292,-4.568146551137,
    9.413047559626));
#2460 = CARTESIAN_POINT('',(-23.71470310106,-4.488660158824,0.));
#2461 = CARTESIAN_POINT('',(-20.83684565606,-4.488660158824,
    9.413047559631));
#2462 = CARTESIAN_POINT('',(-22.90490906906,-3.946630538698,0.));
#2463 = CARTESIAN_POINT('',(-20.02705162405,-3.946630538698,
    9.41304755963));
#2464 = CARTESIAN_POINT('',(-22.5,-3.17331511473,0.));
#2465 = CARTESIAN_POINT('',(-19.62214255499,-3.17331511473,9.41304755963
    ));
#2466 = CARTESIAN_POINT('',(-22.5,-2.4,0.));
#2467 = CARTESIAN_POINT('',(-19.62214255499,-2.4,9.41304755963));
#2468 = DEFINITIONAL_REPRESENTATION('',(#2469),#2473);
#2469 = LINE('',#2470,#2471);
#2470 = CARTESIAN_POINT('',(0.,0.));
#2471 = VECTOR('',#2472,1.);
#2472 = DIRECTION('',(1.,0.));
#2473 = ( GEOMETRIC_REPRESENTATION_CONTEXT(2) 
PARAMETRIC_REPRESENTATION_CONTEXT() REPRESENTATION_CONTEXT('2D SPACE',''
  ) );
#2474 = ORIENTED_EDGE('',*,*,#2475,.T.);
#2475 = EDGE_CURVE('',#2423,#2476,#2478,.T.);
#2476 = VERTEX_POINT('',#2477);
#2477 = CARTESIAN_POINT('',(-23.3,0.125,0.));
#2478 = SURFACE_CURVE('',#2479,(#2483,#2490),.PCURVE_S1.);
#2479 = LINE('',#2480,#2481);
#2480 = CARTESIAN_POINT('',(-23.3,-2.4,0.));
#2481 = VECTOR('',#2482,1.);
#2482 = DIRECTION('',(0.,1.,0.));
#2483 = PCURVE('',#228,#2484);
#2484 = DEFINITIONAL_REPRESENTATION('',(#2485),#2489);
#2485 = LINE('',#2486,#2487);
#2486 = CARTESIAN_POINT('',(7.2,-2.4));
#2487 = VECTOR('',#2488,1.);
#2488 = DIRECTION('',(-1.835079379546E-18,1.));
#2489 = ( GEOMETRIC_REPRESENTATION_CONTEXT(2) 
PARAMETRIC_REPRESENTATION_CONTEXT() REPRESENTATION_CONTEXT('2D SPACE',''
  ) );
#2490 = PCURVE('',#2491,#2496);
#2491 = PLANE('',#2492);
#2492 = AXIS2_PLACEMENT_3D('',#2493,#2494,#2495);
#2493 = CARTESIAN_POINT('',(-20.42214255499,-2.4,9.41304755963));
#2494 = DIRECTION('',(0.956304755963,0.,-0.292371704723));
#2495 = DIRECTION('',(0.,1.,0.));
#2496 = DEFINITIONAL_REPRESENTATION('',(#2497),#2501);
#2497 = LINE('',#2498,#2499);
#2498 = CARTESIAN_POINT('',(0.,-9.843146236527));
#2499 = VECTOR('',#2500,1.);
#2500 = DIRECTION('',(1.,0.));
#2501 = ( GEOMETRIC_REPRESENTATION_CONTEXT(2) 
PARAMETRIC_REPRESENTATION_CONTEXT() REPRESENTATION_CONTEXT('2D SPACE',''
  ) );
#2502 = ORIENTED_EDGE('',*,*,#2503,.F.);
#2503 = EDGE_CURVE('',#2504,#2476,#2506,.T.);
#2504 = VERTEX_POINT('',#2505);
#2505 = CARTESIAN_POINT('',(-21.20000022465,0.125,0.));
#2506 = SURFACE_CURVE('',#2507,(#2511,#2518),.PCURVE_S1.);
#2507 = LINE('',#2508,#2509);
#2508 = CARTESIAN_POINT('',(-65.25,0.125,0.));
#2509 = VECTOR('',#2510,1.);
#2510 = DIRECTION('',(-1.,0.,-0.));
#2511 = PCURVE('',#228,#2512);
#2512 = DEFINITIONAL_REPRESENTATION('',(#2513),#2517);
#2513 = LINE('',#2514,#2515);
#2514 = CARTESIAN_POINT('',(-34.75,0.125));
#2515 = VECTOR('',#2516,1.);
#2516 = DIRECTION('',(-1.,-1.835079379546E-18));
#2517 = ( GEOMETRIC_REPRESENTATION_CONTEXT(2) 
PARAMETRIC_REPRESENTATION_CONTEXT() REPRESENTATION_CONTEXT('2D SPACE',''
  ) );
#2518 = PCURVE('',#927,#2519);
#2519 = DEFINITIONAL_REPRESENTATION('',(#2520),#2523);
#2520 = B_SPLINE_CURVE_WITH_KNOTS('',1,(#2521,#2522),.UNSPECIFIED.,.F.,
  .F.,(2,2),(-95.298167762,-34.49902951453),.PIECEWISE_BEZIER_KNOTS.);
#2521 = CARTESIAN_POINT('',(100.,130.048167762));
#2522 = CARTESIAN_POINT('',(100.,69.249029514535));
#2523 = ( GEOMETRIC_REPRESENTATION_CONTEXT(2) 
PARAMETRIC_REPRESENTATION_CONTEXT() REPRESENTATION_CONTEXT('2D SPACE',''
  ) );
#2524 = ORIENTED_EDGE('',*,*,#2525,.T.);
#2525 = EDGE_CURVE('',#2504,#2526,#2528,.T.);
#2526 = VERTEX_POINT('',#2527);
#2527 = CARTESIAN_POINT('',(-10.5,10.1,0.));
#2528 = SURFACE_CURVE('',#2529,(#2721,#2916),.PCURVE_S1.);
#2529 = B_SPLINE_CURVE_WITH_KNOTS('',8,(#2530,#2531,#2532,#2533,#2534,
    #2535,#2536,#2537,#2538,#2539,#2540,#2541,#2542,#2543,#2544,#2545,
    #2546,#2547,#2548,#2549,#2550,#2551,#2552,#2553,#2554,#2555,#2556,
    #2557,#2558,#2559,#2560,#2561,#2562,#2563,#2564,#2565,#2566,#2567,
    #2568,#2569,#2570,#2571,#2572,#2573,#2574,#2575,#2576,#2577,#2578,
    #2579,#2580,#2581,#2582,#2583,#2584,#2585,#2586,#2587,#2588,#2589,
    #2590,#2591,#2592,#2593,#2594,#2595,#2596,#2597,#2598,#2599,#2600,
    #2601,#2602,#2603,#2604,#2605,#2606,#2607,#2608,#2609,#2610,#2611,
    #2612,#2613,#2614,#2615,#2616,#2617,#2618,#2619,#2620,#2621,#2622,
    #2623,#2624,#2625,#2626,#2627,#2628,#2629,#2630,#2631,#2632,#2633,
    #2634,#2635,#2636,#2637,#2638,#2639,#2640,#2641,#2642,#2643,#2644,
    #2645,#2646,#2647,#2648,#2649,#2650,#2651,#2652,#2653,#2654,#2655,
    #2656,#2657,#2658,#2659,#2660,#2661,#2662,#2663,#2664,#2665,#2666,
    #2667,#2668,#2669,#2670,#2671,#2672,#2673,#2674,#2675,#2676,#2677,
    #2678,#2679,#2680,#2681,#2682,#2683,#2684,#2685,#2686,#2687,#2688,
    #2689,#2690,#2691,#2692,#2693,#2694,#2695,#2696,#2697,#2698,#2699,
    #2700,#2701,#2702,#2703,#2704,#2705,#2706,#2707,#2708,#2709,#2710,
    #2711,#2712,#2713,#2714,#2715,#2716,#2717,#2718,#2719,#2720),
  .UNSPECIFIED.,.F.,.F.,(9,7,7,7,7,7,7,7,7,7,7,7,7,7,7,7,7,7,7,7,7,7,7,7
    ,7,7,7,9),(0.,0.272801439076,0.34405184394,0.401058820985,
    0.505789464652,0.528487397456,0.554465312435,0.566382603455,
    0.597783588871,0.625843812865,0.639817864685,0.646257254766,
    0.653769843377,0.692594383348,0.712496368771,0.732904844948,
    0.7594802587,0.776271923749,0.783509600098,0.806902141983,
    0.834810782819,0.848147794786,0.889282875507,0.92033224984,
    0.927839982796,0.951493291753,0.971977448858,1.),.UNSPECIFIED.);
#2530 = CARTESIAN_POINT('',(-21.19361805319,-4.9,0.));
#2531 = CARTESIAN_POINT('',(-21.19522573449,-4.781309888032,0.));
#2532 = CARTESIAN_POINT('',(-21.19652330282,-4.662583967324,0.));
#2533 = CARTESIAN_POINT('',(-21.19754599968,-4.543830321357,0.));
#2534 = CARTESIAN_POINT('',(-21.19832897115,-4.425056899327,0.));
#2535 = CARTESIAN_POINT('',(-21.19890726792,-4.306271516145,0.));
#2536 = CARTESIAN_POINT('',(-21.19931584522,-4.187481852438,0.));
#2537 = CARTESIAN_POINT('',(-21.19958956289,-4.068695454549,0.));
#2538 = CARTESIAN_POINT('',(-21.19980853212,-3.918897837559,0.));
#2539 = CARTESIAN_POINT('',(-21.19984705273,-3.88787742334,0.));
#2540 = CARTESIAN_POINT('',(-21.19987936847,-3.856858757683,0.));
#2541 = CARTESIAN_POINT('',(-21.19990610064,-3.825842106391,0.));
#2542 = CARTESIAN_POINT('',(-21.19992787057,-3.794827735265,0.));
#2543 = CARTESIAN_POINT('',(-21.19994529954,-3.763815910108,0.));
#2544 = CARTESIAN_POINT('',(-21.19995900888,-3.732806896723,0.));
#2545 = CARTESIAN_POINT('',(-21.19997810969,-3.676993317016,0.));
#2546 = CARTESIAN_POINT('',(-21.19999445916,-3.652185188606,0.));
#2547 = CARTESIAN_POINT('',(-21.20000224506,-3.562445710717,0.));
#2548 = CARTESIAN_POINT('',(-21.20000849471,-3.38008255893,0.));
#2549 = CARTESIAN_POINT('',(-21.20001881604,-3.109350070317,0.));
#2550 = CARTESIAN_POINT('',(-21.20002823725,-2.781109771499,0.));
#2551 = CARTESIAN_POINT('',(-21.20002775606,-2.447443313819,0.));
#2552 = CARTESIAN_POINT('',(-21.20002447221,-1.677934579467,0.));
#2553 = CARTESIAN_POINT('',(-21.20001683732,-1.180006761818,0.));
#2554 = CARTESIAN_POINT('',(-21.20000105642,-0.682326993464,0.));
#2555 = CARTESIAN_POINT('',(-21.19999069825,-0.184786788041,0.));
#2556 = CARTESIAN_POINT('',(-21.1999942766,0.312722963008,0.));
#2557 = CARTESIAN_POINT('',(-21.2000072752,0.810311493764,0.));
#2558 = CARTESIAN_POINT('',(-21.20001745862,1.308087665459,0.));
#2559 = CARTESIAN_POINT('',(-21.20002477189,1.914104952771,0.));
#2560 = CARTESIAN_POINT('',(-21.20002585646,2.022064313447,0.));
#2561 = CARTESIAN_POINT('',(-21.20002667418,2.130038644944,0.));
#2562 = CARTESIAN_POINT('',(-21.20002717635,2.238029040609,0.));
#2563 = CARTESIAN_POINT('',(-21.20002731438,2.346036590624,0.));
#2564 = CARTESIAN_POINT('',(-21.20002703976,2.454062381999,0.));
#2565 = CARTESIAN_POINT('',(-21.20002630407,2.562107498576,0.));
#2566 = CARTESIAN_POINT('',(-21.20002363391,2.793854634631,0.));
#2567 = CARTESIAN_POINT('',(-21.20001619613,2.917561622441,0.));
#2568 = CARTESIAN_POINT('',(-21.20001046029,3.041297582092,0.));
#2569 = CARTESIAN_POINT('',(-21.20000991528,3.165065029798,0.));
#2570 = CARTESIAN_POINT('',(-21.20001382423,3.288865400352,0.));
#2571 = CARTESIAN_POINT('',(-21.20001722445,3.412699047127,0.));
#2572 = CARTESIAN_POINT('',(-21.20001092751,3.536565242078,0.));
#2573 = CARTESIAN_POINT('',(-21.19996802818,3.717299524548,0.));
#2574 = CARTESIAN_POINT('',(-21.19994621165,3.774148110813,0.));
#2575 = CARTESIAN_POINT('',(-21.19991224105,3.831006296651,0.));
#2576 = CARTESIAN_POINT('',(-21.19986228786,3.88787244418,0.));
#2577 = CARTESIAN_POINT('',(-21.19979252355,3.944744915515,0.));
#2578 = CARTESIAN_POINT('',(-21.1996991196,4.001622072776,0.));
#2579 = CARTESIAN_POINT('',(-21.19957824748,4.058502278078,0.));
#2580 = CARTESIAN_POINT('',(-21.19902512761,4.265261812476,0.));
#2581 = CARTESIAN_POINT('',(-21.19840677559,4.415144094273,0.));
#2582 = CARTESIAN_POINT('',(-21.19750123556,4.565015885287,0.));
#2583 = CARTESIAN_POINT('',(-21.19623835269,4.714861832151,0.));
#2584 = CARTESIAN_POINT('',(-21.19454760438,4.864666081775,0.));
#2585 = CARTESIAN_POINT('',(-21.19235810024,5.014412281347,0.));
#2586 = CARTESIAN_POINT('',(-21.18959858211,5.164083578332,0.));
#2587 = CARTESIAN_POINT('',(-21.18315811636,5.447327897907,0.));
#2588 = CARTESIAN_POINT('',(-21.1796062942,5.580919209735,0.));
#2589 = CARTESIAN_POINT('',(-21.17549076393,5.714424144863,0.));
#2590 = CARTESIAN_POINT('',(-21.17075984986,5.847829601642,0.));
#2591 = CARTESIAN_POINT('',(-21.16536139431,5.981121787865,0.));
#2592 = CARTESIAN_POINT('',(-21.1592427576,6.11428622077,0.));
#2593 = CARTESIAN_POINT('',(-21.15235081802,6.247307727037,0.));
#2594 = CARTESIAN_POINT('',(-21.14078796991,6.446336360616,0.));
#2595 = CARTESIAN_POINT('',(-21.13673888161,6.512462860825,0.));
#2596 = CARTESIAN_POINT('',(-21.13247807832,6.578547966153,0.));
#2597 = CARTESIAN_POINT('',(-21.12799889781,6.644589639652,0.));
#2598 = CARTESIAN_POINT('',(-21.12329464424,6.710585784694,0.));
#2599 = CARTESIAN_POINT('',(-21.11835858817,6.776534244966,0.));
#2600 = CARTESIAN_POINT('',(-21.11318396657,6.842432804476,0.));
#2601 = CARTESIAN_POINT('',(-21.10526639731,6.938621893546,0.));
#2602 = CARTESIAN_POINT('',(-21.10271733696,6.968946908154,0.));
#2603 = CARTESIAN_POINT('',(-21.10011653037,6.999253803814,0.));
#2604 = CARTESIAN_POINT('',(-21.09746297303,7.029542447962,0.));
#2605 = CARTESIAN_POINT('',(-21.09475492734,7.059813003033,0.));
#2606 = CARTESIAN_POINT('',(-21.09198992264,7.090065926461,0.));
#2607 = CARTESIAN_POINT('',(-21.08916475513,7.120301970675,0.));
#2608 = CARTESIAN_POINT('',(-21.08290469117,7.185778942034,0.));
#2609 = CARTESIAN_POINT('',(-21.07944757039,7.221013616589,0.));
#2610 = CARTESIAN_POINT('',(-21.07589967741,7.25622707194,0.));
#2611 = CARTESIAN_POINT('',(-21.072256564,7.291420173256,0.));
#2612 = CARTESIAN_POINT('',(-21.06851378194,7.326593785706,0.));
#2613 = CARTESIAN_POINT('',(-21.06466688299,7.361748774461,0.));
#2614 = CARTESIAN_POINT('',(-21.06071141894,7.39688600469,0.));
#2615 = CARTESIAN_POINT('',(-21.03561733089,7.613505821079,0.));
#2616 = CARTESIAN_POINT('',(-21.01156787928,7.794601285303,0.));
#2617 = CARTESIAN_POINT('',(-20.98389164069,7.975295833932,0.));
#2618 = CARTESIAN_POINT('',(-20.95199755378,8.155565965858,0.));
#2619 = CARTESIAN_POINT('',(-20.91532026903,8.335362325214,0.));
#2620 = CARTESIAN_POINT('',(-20.87333627661,8.514610226515,0.));
#2621 = CARTESIAN_POINT('',(-20.82558233483,8.693209958874,0.));
#2622 = CARTESIAN_POINT('',(-20.74404318367,8.96219335389,0.));
#2623 = CARTESIAN_POINT('',(-20.71479367044,9.05314631482,0.));
#2624 = CARTESIAN_POINT('',(-20.68387637186,9.143878073901,0.));
#2625 = CARTESIAN_POINT('',(-20.65124551065,9.234369867334,0.));
#2626 = CARTESIAN_POINT('',(-20.61686129594,9.324601876244,0.));
#2627 = CARTESIAN_POINT('',(-20.58069039913,9.414553257192,0.));
#2628 = CARTESIAN_POINT('',(-20.54270642974,9.504202172699,0.));
#2629 = CARTESIAN_POINT('',(-20.46206110473,9.685122691384,0.));
#2630 = CARTESIAN_POINT('',(-20.41930542928,9.776381828577,0.));
#2631 = CARTESIAN_POINT('',(-20.3746338867,9.867115940854,0.));
#2632 = CARTESIAN_POINT('',(-20.32804334075,9.957135648038,0.));
#2633 = CARTESIAN_POINT('',(-20.27951873878,10.046246691688,0.));
#2634 = CARTESIAN_POINT('',(-20.22903375183,10.134246161127,0.));
#2635 = CARTESIAN_POINT('',(-20.1765503331,10.220917736069,0.));
#2636 = CARTESIAN_POINT('',(-20.05100548864,10.416851755131,0.));
#2637 = CARTESIAN_POINT('',(-19.97654709059,10.524981651127,0.));
#2638 = CARTESIAN_POINT('',(-19.89850854912,10.629938756025,0.));
#2639 = CARTESIAN_POINT('',(-19.81675098883,10.731128587388,0.));
#2640 = CARTESIAN_POINT('',(-19.73113767568,10.827829137667,0.));
#2641 = CARTESIAN_POINT('',(-19.64154043819,10.91918468405,0.));
#2642 = CARTESIAN_POINT('',(-19.54784494438,11.004203328633,0.));
#2643 = CARTESIAN_POINT('',(-19.38810300617,11.130761328374,0.));
#2644 = CARTESIAN_POINT('',(-19.32459371847,11.176771124025,0.));
#2645 = CARTESIAN_POINT('',(-19.25941631535,11.21949646021,0.));
#2646 = CARTESIAN_POINT('',(-19.19258184305,11.258616258422,0.));
#2647 = CARTESIAN_POINT('',(-19.12412670997,11.293786813172,0.));
#2648 = CARTESIAN_POINT('',(-19.05411766628,11.32465516457,0.));
#2649 = CARTESIAN_POINT('',(-18.98265810319,11.350878587633,0.));
#2650 = CARTESIAN_POINT('',(-18.8785330334,11.381318856274,0.));
#2651 = CARTESIAN_POINT('',(-18.84695075145,11.389552403084,0.));
#2652 = CARTESIAN_POINT('',(-18.81515377704,11.3968731915,0.));
#2653 = CARTESIAN_POINT('',(-18.78314715583,11.403303893778,0.));
#2654 = CARTESIAN_POINT('',(-18.75093602845,11.408867501667,0.));
#2655 = CARTESIAN_POINT('',(-18.71852563053,11.413587326409,0.));
#2656 = CARTESIAN_POINT('',(-18.68592129264,11.41748699874,0.));
#2657 = CARTESIAN_POINT('',(-18.54714025665,11.430621043895,0.));
#2658 = CARTESIAN_POINT('',(-18.43977234063,11.432273391289,0.));
#2659 = CARTESIAN_POINT('',(-18.33147158024,11.426478746835,0.));
#2660 = CARTESIAN_POINT('',(-18.22260205464,11.414234178668,0.));
#2661 = CARTESIAN_POINT('',(-18.11343772972,11.396511096917,0.));
#2662 = CARTESIAN_POINT('',(-18.00415775299,11.374199120954,0.));
#2663 = CARTESIAN_POINT('',(-17.894844348,11.348085304264,0.));
#2664 = CARTESIAN_POINT('',(-17.65500933073,11.284011656654,0.));
#2665 = CARTESIAN_POINT('',(-17.52456236783,11.244763338365,0.));
#2666 = CARTESIAN_POINT('',(-17.39415264101,11.202325171741,0.));
#2667 = CARTESIAN_POINT('',(-17.2637747526,11.157763145504,0.));
#2668 = CARTESIAN_POINT('',(-17.13340547648,11.112052139488,0.));
#2669 = CARTESIAN_POINT('',(-17.00300134376,11.066119660371,0.));
#2670 = CARTESIAN_POINT('',(-16.87249602338,11.020889001052,0.));
#2671 = CARTESIAN_POINT('',(-16.67933914245,10.956501893072,0.));
#2672 = CARTESIAN_POINT('',(-16.61684462173,10.936053050385,0.));
#2673 = CARTESIAN_POINT('',(-16.55430408411,10.916180715867,0.));
#2674 = CARTESIAN_POINT('',(-16.49174141225,10.896607058917,0.));
#2675 = CARTESIAN_POINT('',(-16.42911186493,10.878326202682,0.));
#2676 = CARTESIAN_POINT('',(-16.36645875884,10.860373957872,0.));
#2677 = CARTESIAN_POINT('',(-16.30377173333,10.843217617667,0.));
#2678 = CARTESIAN_POINT('',(-16.04765225774,10.775759645802,0.));
#2679 = CARTESIAN_POINT('',(-15.85400638581,10.731072271208,0.));
#2680 = CARTESIAN_POINT('',(-15.66025104472,10.692130702708,0.));
#2681 = CARTESIAN_POINT('',(-15.46647752549,10.658329116966,0.));
#2682 = CARTESIAN_POINT('',(-15.27274353039,10.628987758376,0.));
#2683 = CARTESIAN_POINT('',(-15.0790736645,10.60337396025,0.));
#2684 = CARTESIAN_POINT('',(-14.88545977454,10.580720597209,0.));
#2685 = CARTESIAN_POINT('',(-14.54572998529,10.544784393698,0.));
#2686 = CARTESIAN_POINT('',(-14.39961470591,10.530566592069,0.));
#2687 = CARTESIAN_POINT('',(-14.25349714586,10.517250122524,0.));
#2688 = CARTESIAN_POINT('',(-14.10735796019,10.504491393306,0.));
#2689 = CARTESIAN_POINT('',(-13.96117676983,10.491944200949,0.));
#2690 = CARTESIAN_POINT('',(-13.81493232161,10.479262268941,0.));
#2691 = CARTESIAN_POINT('',(-13.66860264827,10.466101786389,0.));
#2692 = CARTESIAN_POINT('',(-13.48675668746,10.448744107625,0.));
#2693 = CARTESIAN_POINT('',(-13.45133120354,10.445313434573,0.));
#2694 = CARTESIAN_POINT('',(-13.41588910631,10.441832806086,0.));
#2695 = CARTESIAN_POINT('',(-13.38043074481,10.438303283204,0.));
#2696 = CARTESIAN_POINT('',(-13.34495648749,10.434726109446,0.));
#2697 = CARTESIAN_POINT('',(-13.30946672222,10.431102710806,0.));
#2698 = CARTESIAN_POINT('',(-13.27396185625,10.427434695754,0.));
#2699 = CARTESIAN_POINT('',(-13.12653707696,10.412032755169,0.));
#2700 = CARTESIAN_POINT('',(-13.0145795476,10.399924003314,0.));
#2701 = CARTESIAN_POINT('',(-12.90257455716,10.387443070301,0.));
#2702 = CARTESIAN_POINT('',(-12.79052665292,10.374635052393,0.));
#2703 = CARTESIAN_POINT('',(-12.67844010042,10.361544671482,0.));
#2704 = CARTESIAN_POINT('',(-12.56631888353,10.348216275092,0.));
#2705 = CARTESIAN_POINT('',(-12.45416670438,10.334693836377,0.));
#2706 = CARTESIAN_POINT('',(-12.24483748811,10.309180011755,0.));
#2707 = CARTESIAN_POINT('',(-12.14766745151,10.29722633404,0.));
#2708 = CARTESIAN_POINT('',(-12.05047912327,10.285188259368,0.));
#2709 = CARTESIAN_POINT('',(-11.95327472567,10.273094072384,0.));
#2710 = CARTESIAN_POINT('',(-11.85605645366,10.260972003993,0.));
#2711 = CARTESIAN_POINT('',(-11.75882647483,10.248850231354,0.));
#2712 = CARTESIAN_POINT('',(-11.6615869294,10.236756877885,0.));
#2713 = CARTESIAN_POINT('',(-11.43130497103,10.208253450696,0.));
#2714 = CARTESIAN_POINT('',(-11.29825634082,10.19189270565,0.));
#2715 = CARTESIAN_POINT('',(-11.16519932525,10.175709795296,0.));
#2716 = CARTESIAN_POINT('',(-11.03213957918,10.159776854269,0.));
#2717 = CARTESIAN_POINT('',(-10.89908313905,10.144166284895,0.));
#2718 = CARTESIAN_POINT('',(-10.76603643515,10.128950907412,0.));
#2719 = CARTESIAN_POINT('',(-10.63300630386,10.114204110198,0.));
#2720 = CARTESIAN_POINT('',(-10.5,10.1,0.));
#2721 = PCURVE('',#228,#2722);
#2722 = DEFINITIONAL_REPRESENTATION('',(#2723),#2915);
#2723 = B_SPLINE_CURVE_WITH_KNOTS('',8,(#2724,#2725,#2726,#2727,#2728,
    #2729,#2730,#2731,#2732,#2733,#2734,#2735,#2736,#2737,#2738,#2739,
    #2740,#2741,#2742,#2743,#2744,#2745,#2746,#2747,#2748,#2749,#2750,
    #2751,#2752,#2753,#2754,#2755,#2756,#2757,#2758,#2759,#2760,#2761,
    #2762,#2763,#2764,#2765,#2766,#2767,#2768,#2769,#2770,#2771,#2772,
    #2773,#2774,#2775,#2776,#2777,#2778,#2779,#2780,#2781,#2782,#2783,
    #2784,#2785,#2786,#2787,#2788,#2789,#2790,#2791,#2792,#2793,#2794,
    #2795,#2796,#2797,#2798,#2799,#2800,#2801,#2802,#2803,#2804,#2805,
    #2806,#2807,#2808,#2809,#2810,#2811,#2812,#2813,#2814,#2815,#2816,
    #2817,#2818,#2819,#2820,#2821,#2822,#2823,#2824,#2825,#2826,#2827,
    #2828,#2829,#2830,#2831,#2832,#2833,#2834,#2835,#2836,#2837,#2838,
    #2839,#2840,#2841,#2842,#2843,#2844,#2845,#2846,#2847,#2848,#2849,
    #2850,#2851,#2852,#2853,#2854,#2855,#2856,#2857,#2858,#2859,#2860,
    #2861,#2862,#2863,#2864,#2865,#2866,#2867,#2868,#2869,#2870,#2871,
    #2872,#2873,#2874,#2875,#2876,#2877,#2878,#2879,#2880,#2881,#2882,
    #2883,#2884,#2885,#2886,#2887,#2888,#2889,#2890,#2891,#2892,#2893,
    #2894,#2895,#2896,#2897,#2898,#2899,#2900,#2901,#2902,#2903,#2904,
    #2905,#2906,#2907,#2908,#2909,#2910,#2911,#2912,#2913,#2914),
  .UNSPECIFIED.,.F.,.F.,(9,7,7,7,7,7,7,7,7,7,7,7,7,7,7,7,7,7,7,7,7,7,7,7
    ,7,7,7,9),(0.,0.272801439076,0.34405184394,0.401058820985,
    0.505789464652,0.528487397456,0.554465312435,0.566382603455,
    0.597783588871,0.625843812865,0.639817864685,0.646257254766,
    0.653769843377,0.692594383348,0.712496368771,0.732904844948,
    0.7594802587,0.776271923749,0.783509600098,0.806902141983,
    0.834810782819,0.848147794786,0.889282875507,0.92033224984,
    0.927839982796,0.951493291753,0.971977448858,1.),.UNSPECIFIED.);
#2724 = CARTESIAN_POINT('',(9.30638194681,-4.9));
#2725 = CARTESIAN_POINT('',(9.304774265503,-4.781309888032));
#2726 = CARTESIAN_POINT('',(9.303476697176,-4.662583967324));
#2727 = CARTESIAN_POINT('',(9.302454000319,-4.543830321357));
#2728 = CARTESIAN_POINT('',(9.301671028842,-4.425056899327));
#2729 = CARTESIAN_POINT('',(9.301092732077,-4.306271516145));
#2730 = CARTESIAN_POINT('',(9.300684154773,-4.187481852438));
#2731 = CARTESIAN_POINT('',(9.300410437105,-4.068695454549));
#2732 = CARTESIAN_POINT('',(9.300191467877,-3.918897837559));
#2733 = CARTESIAN_POINT('',(9.300152947267,-3.88787742334));
#2734 = CARTESIAN_POINT('',(9.300120631528,-3.856858757683));
#2735 = CARTESIAN_POINT('',(9.300093899352,-3.825842106391));
#2736 = CARTESIAN_POINT('',(9.30007212943,-3.794827735265));
#2737 = CARTESIAN_POINT('',(9.300054700453,-3.763815910108));
#2738 = CARTESIAN_POINT('',(9.300040991115,-3.732806896723));
#2739 = CARTESIAN_POINT('',(9.300021890307,-3.676993317016));
#2740 = CARTESIAN_POINT('',(9.300005540833,-3.652185188606));
#2741 = CARTESIAN_POINT('',(9.299997754934,-3.562445710717));
#2742 = CARTESIAN_POINT('',(9.299991505285,-3.38008255893));
#2743 = CARTESIAN_POINT('',(9.299981183952,-3.109350070317));
#2744 = CARTESIAN_POINT('',(9.299971762743,-2.781109771499));
#2745 = CARTESIAN_POINT('',(9.299972243935,-2.447443313819));
#2746 = CARTESIAN_POINT('',(9.299975527787,-1.677934579467));
#2747 = CARTESIAN_POINT('',(9.299983162678,-1.180006761818));
#2748 = CARTESIAN_POINT('',(9.299998943575,-0.682326993464));
#2749 = CARTESIAN_POINT('',(9.300009301747,-0.184786788041));
#2750 = CARTESIAN_POINT('',(9.300005723394,0.312722963008));
#2751 = CARTESIAN_POINT('',(9.299992724792,0.810311493764));
#2752 = CARTESIAN_POINT('',(9.299982541374,1.308087665459));
#2753 = CARTESIAN_POINT('',(9.299975228105,1.914104952771));
#2754 = CARTESIAN_POINT('',(9.299974143533,2.022064313447));
#2755 = CARTESIAN_POINT('',(9.299973325819,2.130038644944));
#2756 = CARTESIAN_POINT('',(9.299972823646,2.238029040609));
#2757 = CARTESIAN_POINT('',(9.299972685613,2.346036590624));
#2758 = CARTESIAN_POINT('',(9.299972960231,2.454062381999));
#2759 = CARTESIAN_POINT('',(9.299973695929,2.562107498576));
#2760 = CARTESIAN_POINT('',(9.299976366088,2.793854634631));
#2761 = CARTESIAN_POINT('',(9.299983803869,2.917561622441));
#2762 = CARTESIAN_POINT('',(9.299989539709,3.041297582092));
#2763 = CARTESIAN_POINT('',(9.299990084714,3.165065029798));
#2764 = CARTESIAN_POINT('',(9.299986175768,3.288865400352));
#2765 = CARTESIAN_POINT('',(9.299982775541,3.412699047127));
#2766 = CARTESIAN_POINT('',(9.299989072482,3.536565242078));
#2767 = CARTESIAN_POINT('',(9.300031971814,3.717299524548));
#2768 = CARTESIAN_POINT('',(9.300053788347,3.774148110813));
#2769 = CARTESIAN_POINT('',(9.300087758947,3.831006296651));
#2770 = CARTESIAN_POINT('',(9.30013771214,3.88787244418));
#2771 = CARTESIAN_POINT('',(9.300207476449,3.944744915515));
#2772 = CARTESIAN_POINT('',(9.3003008804,4.001622072776));
#2773 = CARTESIAN_POINT('',(9.300421752516,4.058502278078));
#2774 = CARTESIAN_POINT('',(9.300974872383,4.265261812476));
#2775 = CARTESIAN_POINT('',(9.301593224403,4.415144094273));
#2776 = CARTESIAN_POINT('',(9.302498764432,4.565015885287));
#2777 = CARTESIAN_POINT('',(9.303761647301,4.714861832151));
#2778 = CARTESIAN_POINT('',(9.305452395614,4.864666081775));
#2779 = CARTESIAN_POINT('',(9.307641899755,5.014412281347));
#2780 = CARTESIAN_POINT('',(9.310401417884,5.164083578332));
#2781 = CARTESIAN_POINT('',(9.316841883637,5.447327897907));
#2782 = CARTESIAN_POINT('',(9.320393705791,5.580919209735));
#2783 = CARTESIAN_POINT('',(9.324509236065,5.714424144863));
#2784 = CARTESIAN_POINT('',(9.329240150135,5.847829601642));
#2785 = CARTESIAN_POINT('',(9.334638605683,5.981121787865));
#2786 = CARTESIAN_POINT('',(9.340757242398,6.11428622077));
#2787 = CARTESIAN_POINT('',(9.347649181978,6.247307727037));
#2788 = CARTESIAN_POINT('',(9.359212030086,6.446336360616));
#2789 = CARTESIAN_POINT('',(9.363261118387,6.512462860825));
#2790 = CARTESIAN_POINT('',(9.367521921673,6.578547966153));
#2791 = CARTESIAN_POINT('',(9.372001102185,6.644589639652));
#2792 = CARTESIAN_POINT('',(9.376705355759,6.710585784694));
#2793 = CARTESIAN_POINT('',(9.381641411828,6.776534244966));
#2794 = CARTESIAN_POINT('',(9.386816033421,6.842432804476));
#2795 = CARTESIAN_POINT('',(9.394733602683,6.938621893546));
#2796 = CARTESIAN_POINT('',(9.397282663034,6.968946908154));
#2797 = CARTESIAN_POINT('',(9.399883469628,6.999253803814));
#2798 = CARTESIAN_POINT('',(9.40253702697,7.029542447962));
#2799 = CARTESIAN_POINT('',(9.405245072653,7.059813003033));
#2800 = CARTESIAN_POINT('',(9.40801007736,7.090065926461));
#2801 = CARTESIAN_POINT('',(9.410835244861,7.120301970675));
#2802 = CARTESIAN_POINT('',(9.417095308826,7.185778942034));
#2803 = CARTESIAN_POINT('',(9.420552429607,7.221013616589));
#2804 = CARTESIAN_POINT('',(9.424100322588,7.25622707194));
#2805 = CARTESIAN_POINT('',(9.427743435996,7.291420173256));
#2806 = CARTESIAN_POINT('',(9.431486218059,7.326593785706));
#2807 = CARTESIAN_POINT('',(9.435333117004,7.361748774461));
#2808 = CARTESIAN_POINT('',(9.439288581059,7.39688600469));
#2809 = CARTESIAN_POINT('',(9.464382669101,7.613505821079));
#2810 = CARTESIAN_POINT('',(9.488432120719,7.794601285303));
#2811 = CARTESIAN_POINT('',(9.516108359305,7.975295833932));
#2812 = CARTESIAN_POINT('',(9.548002446213,8.155565965858));
#2813 = CARTESIAN_POINT('',(9.584679730961,8.335362325214));
#2814 = CARTESIAN_POINT('',(9.62666372339,8.514610226515));
#2815 = CARTESIAN_POINT('',(9.674417665166,8.693209958874));
#2816 = CARTESIAN_POINT('',(9.755956816329,8.96219335389));
#2817 = CARTESIAN_POINT('',(9.785206329559,9.05314631482));
#2818 = CARTESIAN_POINT('',(9.81612362814,9.143878073901));
#2819 = CARTESIAN_POINT('',(9.848754489348,9.234369867334));
#2820 = CARTESIAN_POINT('',(9.883138704055,9.324601876244));
#2821 = CARTESIAN_POINT('',(9.919309600868,9.414553257192));
#2822 = CARTESIAN_POINT('',(9.95729357026,9.504202172699));
#2823 = CARTESIAN_POINT('',(10.037938895267,9.685122691384));
#2824 = CARTESIAN_POINT('',(10.080694570716,9.776381828577));
#2825 = CARTESIAN_POINT('',(10.125366113291,9.867115940854));
#2826 = CARTESIAN_POINT('',(10.171956659247,9.957135648038));
#2827 = CARTESIAN_POINT('',(10.220481261219,10.046246691688));
#2828 = CARTESIAN_POINT('',(10.270966248164,10.134246161127));
#2829 = CARTESIAN_POINT('',(10.323449666896,10.220917736069));
#2830 = CARTESIAN_POINT('',(10.448994511357,10.416851755131));
#2831 = CARTESIAN_POINT('',(10.523452909407,10.524981651127));
#2832 = CARTESIAN_POINT('',(10.601491450873,10.629938756025));
#2833 = CARTESIAN_POINT('',(10.683249011166,10.731128587388));
#2834 = CARTESIAN_POINT('',(10.768862324311,10.827829137667));
#2835 = CARTESIAN_POINT('',(10.858459561804,10.91918468405));
#2836 = CARTESIAN_POINT('',(10.952155055616,11.004203328633));
#2837 = CARTESIAN_POINT('',(11.111896993829,11.130761328374));
#2838 = CARTESIAN_POINT('',(11.175406281527,11.176771124025));
#2839 = CARTESIAN_POINT('',(11.240583684645,11.21949646021));
#2840 = CARTESIAN_POINT('',(11.30741815695,11.258616258422));
#2841 = CARTESIAN_POINT('',(11.375873290023,11.293786813172));
#2842 = CARTESIAN_POINT('',(11.445882333718,11.32465516457));
#2843 = CARTESIAN_POINT('',(11.517341896806,11.350878587633));
#2844 = CARTESIAN_POINT('',(11.621466966597,11.381318856274));
#2845 = CARTESIAN_POINT('',(11.653049248546,11.389552403084));
#2846 = CARTESIAN_POINT('',(11.684846222957,11.3968731915));
#2847 = CARTESIAN_POINT('',(11.716852844168,11.403303893778));
#2848 = CARTESIAN_POINT('',(11.749063971541,11.408867501667));
#2849 = CARTESIAN_POINT('',(11.781474369466,11.413587326409));
#2850 = CARTESIAN_POINT('',(11.814078707351,11.41748699874));
#2851 = CARTESIAN_POINT('',(11.952859743342,11.430621043895));
#2852 = CARTESIAN_POINT('',(12.060227659362,11.432273391289));
#2853 = CARTESIAN_POINT('',(12.168528419753,11.426478746835));
#2854 = CARTESIAN_POINT('',(12.277397945351,11.414234178668));
#2855 = CARTESIAN_POINT('',(12.386562270278,11.396511096917));
#2856 = CARTESIAN_POINT('',(12.49584224701,11.374199120954));
#2857 = CARTESIAN_POINT('',(12.605155651996,11.348085304264));
#2858 = CARTESIAN_POINT('',(12.844990669261,11.284011656654));
#2859 = CARTESIAN_POINT('',(12.975437632169,11.244763338365));
#2860 = CARTESIAN_POINT('',(13.105847358989,11.202325171741));
#2861 = CARTESIAN_POINT('',(13.236225247397,11.157763145504));
#2862 = CARTESIAN_POINT('',(13.366594523517,11.112052139488));
#2863 = CARTESIAN_POINT('',(13.496998656239,11.066119660371));
#2864 = CARTESIAN_POINT('',(13.627503976616,11.020889001052));
#2865 = CARTESIAN_POINT('',(13.820660857545,10.956501893072));
#2866 = CARTESIAN_POINT('',(13.883155378261,10.936053050385));
#2867 = CARTESIAN_POINT('',(13.945695915889,10.916180715867));
#2868 = CARTESIAN_POINT('',(14.008258587748,10.896607058917));
#2869 = CARTESIAN_POINT('',(14.070888135065,10.878326202682));
#2870 = CARTESIAN_POINT('',(14.133541241154,10.860373957872));
#2871 = CARTESIAN_POINT('',(14.196228266664,10.843217617667));
#2872 = CARTESIAN_POINT('',(14.452347742254,10.775759645802));
#2873 = CARTESIAN_POINT('',(14.645993614183,10.731072271208));
#2874 = CARTESIAN_POINT('',(14.83974895528,10.692130702708));
#2875 = CARTESIAN_POINT('',(15.033522474507,10.658329116966));
#2876 = CARTESIAN_POINT('',(15.227256469607,10.628987758376));
#2877 = CARTESIAN_POINT('',(15.420926335497,10.60337396025));
#2878 = CARTESIAN_POINT('',(15.61454022546,10.580720597209));
#2879 = CARTESIAN_POINT('',(15.954270014701,10.544784393698));
#2880 = CARTESIAN_POINT('',(16.100385294085,10.530566592069));
#2881 = CARTESIAN_POINT('',(16.246502854133,10.517250122524));
#2882 = CARTESIAN_POINT('',(16.392642039805,10.504491393306));
#2883 = CARTESIAN_POINT('',(16.538823230165,10.491944200949));
#2884 = CARTESIAN_POINT('',(16.685067678383,10.479262268941));
#2885 = CARTESIAN_POINT('',(16.831397351727,10.466101786389));
#2886 = CARTESIAN_POINT('',(17.013243312531,10.448744107625));
#2887 = CARTESIAN_POINT('',(17.048668796452,10.445313434573));
#2888 = CARTESIAN_POINT('',(17.084110893686,10.441832806086));
#2889 = CARTESIAN_POINT('',(17.119569255189,10.438303283204));
#2890 = CARTESIAN_POINT('',(17.155043512506,10.434726109446));
#2891 = CARTESIAN_POINT('',(17.190533277778,10.431102710806));
#2892 = CARTESIAN_POINT('',(17.226038143742,10.427434695754));
#2893 = CARTESIAN_POINT('',(17.37346292304,10.412032755169));
#2894 = CARTESIAN_POINT('',(17.485420452398,10.399924003314));
#2895 = CARTESIAN_POINT('',(17.597425442831,10.387443070301));
#2896 = CARTESIAN_POINT('',(17.709473347075,10.374635052393));
#2897 = CARTESIAN_POINT('',(17.821559899571,10.361544671482));
#2898 = CARTESIAN_POINT('',(17.933681116466,10.348216275092));
#2899 = CARTESIAN_POINT('',(18.045833295611,10.334693836377));
#2900 = CARTESIAN_POINT('',(18.255162511889,10.309180011755));
#2901 = CARTESIAN_POINT('',(18.352332548489,10.29722633404));
#2902 = CARTESIAN_POINT('',(18.449520876728,10.285188259368));
#2903 = CARTESIAN_POINT('',(18.546725274322,10.273094072384));
#2904 = CARTESIAN_POINT('',(18.643943546333,10.260972003993));
#2905 = CARTESIAN_POINT('',(18.74117352517,10.248850231354));
#2906 = CARTESIAN_POINT('',(18.838413070592,10.236756877885));
#2907 = CARTESIAN_POINT('',(19.068695028965,10.208253450696));
#2908 = CARTESIAN_POINT('',(19.201743659174,10.19189270565));
#2909 = CARTESIAN_POINT('',(19.334800674746,10.175709795296));
#2910 = CARTESIAN_POINT('',(19.467860420814,10.159776854269));
#2911 = CARTESIAN_POINT('',(19.600916860941,10.144166284895));
#2912 = CARTESIAN_POINT('',(19.73396356485,10.128950907412));
#2913 = CARTESIAN_POINT('',(19.866993696138,10.114204110198));
#2914 = CARTESIAN_POINT('',(20.,10.1));
#2915 = ( GEOMETRIC_REPRESENTATION_CONTEXT(2) 
PARAMETRIC_REPRESENTATION_CONTEXT() REPRESENTATION_CONTEXT('2D SPACE',''
  ) );
#2916 = PCURVE('',#1288,#2917);
#2917 = DEFINITIONAL_REPRESENTATION('',(#2918),#3110);
#2918 = B_SPLINE_CURVE_WITH_KNOTS('',8,(#2919,#2920,#2921,#2922,#2923,
    #2924,#2925,#2926,#2927,#2928,#2929,#2930,#2931,#2932,#2933,#2934,
    #2935,#2936,#2937,#2938,#2939,#2940,#2941,#2942,#2943,#2944,#2945,
    #2946,#2947,#2948,#2949,#2950,#2951,#2952,#2953,#2954,#2955,#2956,
    #2957,#2958,#2959,#2960,#2961,#2962,#2963,#2964,#2965,#2966,#2967,
    #2968,#2969,#2970,#2971,#2972,#2973,#2974,#2975,#2976,#2977,#2978,
    #2979,#2980,#2981,#2982,#2983,#2984,#2985,#2986,#2987,#2988,#2989,
    #2990,#2991,#2992,#2993,#2994,#2995,#2996,#2997,#2998,#2999,#3000,
    #3001,#3002,#3003,#3004,#3005,#3006,#3007,#3008,#3009,#3010,#3011,
    #3012,#3013,#3014,#3015,#3016,#3017,#3018,#3019,#3020,#3021,#3022,
    #3023,#3024,#3025,#3026,#3027,#3028,#3029,#3030,#3031,#3032,#3033,
    #3034,#3035,#3036,#3037,#3038,#3039,#3040,#3041,#3042,#3043,#3044,
    #3045,#3046,#3047,#3048,#3049,#3050,#3051,#3052,#3053,#3054,#3055,
    #3056,#3057,#3058,#3059,#3060,#3061,#3062,#3063,#3064,#3065,#3066,
    #3067,#3068,#3069,#3070,#3071,#3072,#3073,#3074,#3075,#3076,#3077,
    #3078,#3079,#3080,#3081,#3082,#3083,#3084,#3085,#3086,#3087,#3088,
    #3089,#3090,#3091,#3092,#3093,#3094,#3095,#3096,#3097,#3098,#3099,
    #3100,#3101,#3102,#3103,#3104,#3105,#3106,#3107,#3108,#3109),
  .UNSPECIFIED.,.F.,.F.,(9,7,7,7,7,7,7,7,7,7,7,7,7,7,7,7,7,7,7,7,7,7,7,7
    ,7,7,7,9),(0.,0.272801439076,0.34405184394,0.401058820985,
    0.505789464652,0.528487397456,0.554465312435,0.566382603455,
    0.597783588871,0.625843812865,0.639817864685,0.646257254766,
    0.653769843377,0.692594383348,0.712496368771,0.732904844948,
    0.7594802587,0.776271923749,0.783509600098,0.806902141983,
    0.834810782819,0.848147794786,0.889282875507,0.92033224984,
    0.927839982796,0.951493291753,0.971977448858,1.),.UNSPECIFIED.);
#2919 = CARTESIAN_POINT('',(25.452151354402,0.25));
#2920 = CARTESIAN_POINT('',(25.333997315392,0.25));
#2921 = CARTESIAN_POINT('',(25.215875135982,0.25));
#2922 = CARTESIAN_POINT('',(25.097777991289,0.25));
#2923 = CARTESIAN_POINT('',(24.979698929226,0.25));
#2924 = CARTESIAN_POINT('',(24.861630870501,0.25));
#2925 = CARTESIAN_POINT('',(24.743566608618,0.25));
#2926 = CARTESIAN_POINT('',(24.625498809877,0.25));
#2927 = CARTESIAN_POINT('',(24.476580139196,0.25));
#2928 = CARTESIAN_POINT('',(24.445740265018,0.25));
#2929 = CARTESIAN_POINT('',(24.414900390841,0.25));
#2930 = CARTESIAN_POINT('',(24.384060516663,0.25));
#2931 = CARTESIAN_POINT('',(24.353220642485,0.25));
#2932 = CARTESIAN_POINT('',(24.322380768307,0.25));
#2933 = CARTESIAN_POINT('',(24.291540894129,0.25));
#2934 = CARTESIAN_POINT('',(24.236026240872,0.25));
#2935 = CARTESIAN_POINT('',(24.211316788313,0.25));
#2936 = CARTESIAN_POINT('',(24.122114922929,0.25));
#2937 = CARTESIAN_POINT('',(23.940746814417,0.25));
#2938 = CARTESIAN_POINT('',(23.671151073345,0.25));
#2939 = CARTESIAN_POINT('',(23.343753614592,0.25));
#2940 = CARTESIAN_POINT('',(23.010388852422,0.25));
#2941 = CARTESIAN_POINT('',(22.241174821717,0.25));
#2942 = CARTESIAN_POINT('',(21.742727285652,0.25));
#2943 = CARTESIAN_POINT('',(21.244032000467,0.25));
#2944 = CARTESIAN_POINT('',(20.745197397534,0.25));
#2945 = CARTESIAN_POINT('',(20.246332464659,0.25));
#2946 = CARTESIAN_POINT('',(19.747546250903,0.25));
#2947 = CARTESIAN_POINT('',(19.248947369687,0.25));
#2948 = CARTESIAN_POINT('',(18.642647718321,0.25));
#2949 = CARTESIAN_POINT('',(18.53466580446,0.25));
#2950 = CARTESIAN_POINT('',(18.42669885849,0.25));
#2951 = CARTESIAN_POINT('',(18.318747978597,0.25));
#2952 = CARTESIAN_POINT('',(18.210814261244,0.25));
#2953 = CARTESIAN_POINT('',(18.102898801168,0.25));
#2954 = CARTESIAN_POINT('',(17.995002691384,0.25));
#2955 = CARTESIAN_POINT('',(17.763662698874,0.25));
#2956 = CARTESIAN_POINT('',(17.640223778411,0.25));
#2957 = CARTESIAN_POINT('',(17.516813892364,0.25));
#2958 = CARTESIAN_POINT('',(17.393435585603,0.25));
#2959 = CARTESIAN_POINT('',(17.270090317304,0.25));
#2960 = CARTESIAN_POINT('',(17.146778460947,0.25));
#2961 = CARTESIAN_POINT('',(17.023499304314,0.25));
#2962 = CARTESIAN_POINT('',(16.843711280165,0.25));
#2963 = CARTESIAN_POINT('',(16.787171510839,0.25));
#2964 = CARTESIAN_POINT('',(16.730631741513,0.25));
#2965 = CARTESIAN_POINT('',(16.674091972187,0.25));
#2966 = CARTESIAN_POINT('',(16.617552202861,0.25));
#2967 = CARTESIAN_POINT('',(16.561012433535,0.25));
#2968 = CARTESIAN_POINT('',(16.504472664209,0.25));
#2969 = CARTESIAN_POINT('',(16.298955709632,0.25));
#2970 = CARTESIAN_POINT('',(16.149983861591,0.25));
#2971 = CARTESIAN_POINT('',(16.001002447797,0.25));
#2972 = CARTESIAN_POINT('',(15.851996957731,0.25));
#2973 = CARTESIAN_POINT('',(15.702953273323,0.25));
#2974 = CARTESIAN_POINT('',(15.553857668945,0.25));
#2975 = CARTESIAN_POINT('',(15.404696811417,0.25));
#2976 = CARTESIAN_POINT('',(15.12209630157,0.25));
#2977 = CARTESIAN_POINT('',(14.988672631578,0.25));
#2978 = CARTESIAN_POINT('',(14.855177510803,0.25));
#2979 = CARTESIAN_POINT('',(14.721602205015,0.25));
#2980 = CARTESIAN_POINT('',(14.587938484975,0.25));
#2981 = CARTESIAN_POINT('',(14.454178626435,0.25));
#2982 = CARTESIAN_POINT('',(14.320315410143,0.25));
#2983 = CARTESIAN_POINT('',(14.119623136494,0.25));
#2984 = CARTESIAN_POINT('',(14.052876884304,0.25));
#2985 = CARTESIAN_POINT('',(13.986102549786,0.25));
#2986 = CARTESIAN_POINT('',(13.91929936321,0.25));
#2987 = CARTESIAN_POINT('',(13.852466600587,0.25));
#2988 = CARTESIAN_POINT('',(13.785603583675,0.25));
#2989 = CARTESIAN_POINT('',(13.718709679981,0.25));
#2990 = CARTESIAN_POINT('',(13.620944384897,0.25));
#2991 = CARTESIAN_POINT('',(13.590104471401,0.25));
#2992 = CARTESIAN_POINT('',(13.559264596063,0.25));
#2993 = CARTESIAN_POINT('',(13.528424768892,0.25));
#2994 = CARTESIAN_POINT('',(13.497584976105,0.25));
#2995 = CARTESIAN_POINT('',(13.466745180127,0.25));
#2996 = CARTESIAN_POINT('',(13.435905319588,0.25));
#2997 = CARTESIAN_POINT('',(13.369085456122,0.25));
#2998 = CARTESIAN_POINT('',(13.333105602914,0.25));
#2999 = CARTESIAN_POINT('',(13.297125749707,0.25));
#3000 = CARTESIAN_POINT('',(13.261145896499,0.25));
#3001 = CARTESIAN_POINT('',(13.225166043291,0.25));
#3002 = CARTESIAN_POINT('',(13.189186190084,0.25));
#3003 = CARTESIAN_POINT('',(13.153206336876,0.25));
#3004 = CARTESIAN_POINT('',(12.931285082993,0.25));
#3005 = CARTESIAN_POINT('',(12.745295374961,0.25));
#3006 = CARTESIAN_POINT('',(12.559376048993,0.25));
#3007 = CARTESIAN_POINT('',(12.373675096031,0.25));
#3008 = CARTESIAN_POINT('',(12.188367801681,0.25));
#3009 = CARTESIAN_POINT('',(12.003654186532,0.25));
#3010 = CARTESIAN_POINT('',(11.819755893632,0.25));
#3011 = CARTESIAN_POINT('',(11.543184533124,0.25));
#3012 = CARTESIAN_POINT('',(11.449734209494,0.25));
#3013 = CARTESIAN_POINT('',(11.356594750225,0.25));
#3014 = CARTESIAN_POINT('',(11.263799938054,0.25));
#3015 = CARTESIAN_POINT('',(11.171384002286,0.25));
#3016 = CARTESIAN_POINT('',(11.079381480595,0.25));
#3017 = CARTESIAN_POINT('',(10.987827080838,0.25));
#3018 = CARTESIAN_POINT('',(10.803366301852,0.25));
#3019 = CARTESIAN_POINT('',(10.71049760114,0.25));
#3020 = CARTESIAN_POINT('',(10.617998720677,0.25));
#3021 = CARTESIAN_POINT('',(10.525733680088,0.25));
#3022 = CARTESIAN_POINT('',(10.433577707909,0.25));
#3023 = CARTESIAN_POINT('',(10.341413285386,0.25));
#3024 = CARTESIAN_POINT('',(10.249125764842,0.25));
#3025 = CARTESIAN_POINT('',(10.036111924494,0.25));
#3026 = CARTESIAN_POINT('',(9.915268059362,0.25));
#3027 = CARTESIAN_POINT('',(9.793769416808,0.25));
#3028 = CARTESIAN_POINT('',(9.671380118179,0.25));
#3029 = CARTESIAN_POINT('',(9.547912771697,0.25));
#3030 = CARTESIAN_POINT('',(9.423218989049,0.25));
#3031 = CARTESIAN_POINT('',(9.297183603408,0.25));
#3032 = CARTESIAN_POINT('',(9.089186395467,0.25));
#3033 = CARTESIAN_POINT('',(9.008103348293,0.25));
#3034 = CARTESIAN_POINT('',(8.926468383257,0.25));
#3035 = CARTESIAN_POINT('',(8.844303803301,0.25));
#3036 = CARTESIAN_POINT('',(8.761659469829,0.25));
#3037 = CARTESIAN_POINT('',(8.678614469624,0.25));
#3038 = CARTESIAN_POINT('',(8.595280257273,0.25));
#3039 = CARTESIAN_POINT('',(8.47582522485,0.25));
#3040 = CARTESIAN_POINT('',(8.439845453328,0.25));
#3041 = CARTESIAN_POINT('',(8.403865749502,0.25));
#3042 = CARTESIAN_POINT('',(8.367885983162,0.25));
#3043 = CARTESIAN_POINT('',(8.331906102929,0.25));
#3044 = CARTESIAN_POINT('',(8.295926136246,0.25));
#3045 = CARTESIAN_POINT('',(8.259946189384,0.25));
#3046 = CARTESIAN_POINT('',(8.107678072579,0.25));
#3047 = CARTESIAN_POINT('',(7.992039133218,0.25));
#3048 = CARTESIAN_POINT('',(7.877303938292,0.25));
#3049 = CARTESIAN_POINT('',(7.763620600786,0.25));
#3050 = CARTESIAN_POINT('',(7.651046064818,0.25));
#3051 = CARTESIAN_POINT('',(7.539555325414,0.25));
#3052 = CARTESIAN_POINT('',(7.42904484094,0.25));
#3053 = CARTESIAN_POINT('',(7.188434220724,0.25));
#3054 = CARTESIAN_POINT('',(7.058766173097,0.25));
#3055 = CARTESIAN_POINT('',(6.930045618077,0.25));
#3056 = CARTESIAN_POINT('',(6.80200967645,0.25));
#3057 = CARTESIAN_POINT('',(6.674399807416,0.25));
#3058 = CARTESIAN_POINT('',(6.5469488054,0.25));
#3059 = CARTESIAN_POINT('',(6.419367953319,0.25));
#3060 = CARTESIAN_POINT('',(6.230149484712,0.25));
#3061 = CARTESIAN_POINT('',(6.168871689174,0.25));
#3062 = CARTESIAN_POINT('',(6.107442575166,0.25));
#3063 = CARTESIAN_POINT('',(6.045951704421,0.25));
#3064 = CARTESIAN_POINT('',(5.984120704758,0.25));
#3065 = CARTESIAN_POINT('',(5.922219504652,0.25));
#3066 = CARTESIAN_POINT('',(5.860128319799,0.25));
#3067 = CARTESIAN_POINT('',(5.605955504813,0.25));
#3068 = CARTESIAN_POINT('',(5.412605008416,0.25));
#3069 = CARTESIAN_POINT('',(5.218091339525,0.25));
#3070 = CARTESIAN_POINT('',(5.022644827761,0.25));
#3071 = CARTESIAN_POINT('',(4.826475332772,0.25));
#3072 = CARTESIAN_POINT('',(4.629768387475,0.25));
#3073 = CARTESIAN_POINT('',(4.432681800873,0.25));
#3074 = CARTESIAN_POINT('',(4.086388230213,0.25));
#3075 = CARTESIAN_POINT('',(3.937297208348,0.25));
#3076 = CARTESIAN_POINT('',(3.788123772198,0.25));
#3077 = CARTESIAN_POINT('',(3.638921664972,0.25));
#3078 = CARTESIAN_POINT('',(3.489743885932,0.25));
#3079 = CARTESIAN_POINT('',(3.340642320594,0.25));
#3080 = CARTESIAN_POINT('',(3.191667370927,0.25));
#3081 = CARTESIAN_POINT('',(3.00688782504,0.25));
#3082 = CARTESIAN_POINT('',(2.970907955067,0.25));
#3083 = CARTESIAN_POINT('',(2.934928044112,0.25));
#3084 = CARTESIAN_POINT('',(2.898948139061,0.25));
#3085 = CARTESIAN_POINT('',(2.862968265208,0.25));
#3086 = CARTESIAN_POINT('',(2.826988426254,0.25));
#3087 = CARTESIAN_POINT('',(2.79100860431,0.25));
#3088 = CARTESIAN_POINT('',(2.641673319424,0.25));
#3089 = CARTESIAN_POINT('',(2.52841275662,0.25));
#3090 = CARTESIAN_POINT('',(2.415239266342,0.25));
#3091 = CARTESIAN_POINT('',(2.302144868132,0.25));
#3092 = CARTESIAN_POINT('',(2.189121406214,0.25));
#3093 = CARTESIAN_POINT('',(2.076160549493,0.25));
#3094 = CARTESIAN_POINT('',(1.963253791557,0.25));
#3095 = CARTESIAN_POINT('',(1.752652661202,0.25));
#3096 = CARTESIAN_POINT('',(1.654947026826,0.25));
#3097 = CARTESIAN_POINT('',(1.557269932506,0.25));
#3098 = CARTESIAN_POINT('',(1.459615757529,0.25));
#3099 = CARTESIAN_POINT('',(1.361978875506,0.25));
#3100 = CARTESIAN_POINT('',(1.264353654376,0.25));
#3101 = CARTESIAN_POINT('',(1.166734456401,0.25));
#3102 = CARTESIAN_POINT('',(0.935572026274,0.25));
#3103 = CARTESIAN_POINT('',(0.802029385729,0.25));
#3104 = CARTESIAN_POINT('',(0.668473096741,0.25));
#3105 = CARTESIAN_POINT('',(0.534888917385,0.25));
#3106 = CARTESIAN_POINT('',(0.401262953546,0.25));
#3107 = CARTESIAN_POINT('',(0.267581628865,0.25));
#3108 = CARTESIAN_POINT('',(0.133831654686,0.25));
#3109 = CARTESIAN_POINT('',(0.,0.25));
#3110 = ( GEOMETRIC_REPRESENTATION_CONTEXT(2) 
PARAMETRIC_REPRESENTATION_CONTEXT() REPRESENTATION_CONTEXT('2D SPACE',''
  ) );
#3111 = ORIENTED_EDGE('',*,*,#3112,.F.);
#3112 = EDGE_CURVE('',#3113,#2526,#3115,.T.);
#3113 = VERTEX_POINT('',#3114);
#3114 = CARTESIAN_POINT('',(-10.5,9.927361191462,4.884981308351E-15));
#3115 = SURFACE_CURVE('',#3116,(#3120,#3126),.PCURVE_S1.);
#3116 = LINE('',#3117,#3118);
#3117 = CARTESIAN_POINT('',(-10.5,-5.05,-3.552713678801E-15));
#3118 = VECTOR('',#3119,1.);
#3119 = DIRECTION('',(-0.,1.,-0.));
#3120 = PCURVE('',#228,#3121);
#3121 = DEFINITIONAL_REPRESENTATION('',(#3122),#3125);
#3122 = B_SPLINE_CURVE_WITH_KNOTS('',1,(#3123,#3124),.UNSPECIFIED.,.F.,
  .F.,(2,2),(14.977361180092,15.15),.PIECEWISE_BEZIER_KNOTS.);
#3123 = CARTESIAN_POINT('',(20.,9.927361180092));
#3124 = CARTESIAN_POINT('',(20.,10.1));
#3125 = ( GEOMETRIC_REPRESENTATION_CONTEXT(2) 
PARAMETRIC_REPRESENTATION_CONTEXT() REPRESENTATION_CONTEXT('2D SPACE',''
  ) );
#3126 = PCURVE('',#1512,#3127);
#3127 = DEFINITIONAL_REPRESENTATION('',(#3128),#3131);
#3128 = B_SPLINE_CURVE_WITH_KNOTS('',1,(#3129,#3130),.UNSPECIFIED.,.F.,
  .F.,(2,2),(14.977361180092,15.15),.PIECEWISE_BEZIER_KNOTS.);
#3129 = CARTESIAN_POINT('',(20.027361180092,-62.74150538922));
#3130 = CARTESIAN_POINT('',(20.2,-62.74150538922));
#3131 = ( GEOMETRIC_REPRESENTATION_CONTEXT(2) 
PARAMETRIC_REPRESENTATION_CONTEXT() REPRESENTATION_CONTEXT('2D SPACE',''
  ) );
#3132 = ORIENTED_EDGE('',*,*,#3133,.T.);
#3133 = EDGE_CURVE('',#3113,#3134,#3136,.T.);
#3134 = VERTEX_POINT('',#3135);
#3135 = CARTESIAN_POINT('',(14.449459332498,0.125,0.));
#3136 = SURFACE_CURVE('',#3137,(#3160,#3186),.PCURVE_S1.);
#3137 = B_SPLINE_CURVE_WITH_KNOTS('',6,(#3138,#3139,#3140,#3141,#3142,
    #3143,#3144,#3145,#3146,#3147,#3148,#3149,#3150,#3151,#3152,#3153,
    #3154,#3155,#3156,#3157,#3158,#3159),.UNSPECIFIED.,.F.,.F.,(7,5,5,5,
    7),(0.,0.250000000059,0.499999999963,0.750000000934,1.),
  .UNSPECIFIED.);
#3138 = CARTESIAN_POINT('',(-10.50000595782,9.927354889969,0.));
#3139 = CARTESIAN_POINT('',(-9.513879038815,10.970365714846,0.));
#3140 = CARTESIAN_POINT('',(-8.403122602151,11.896145758882,0.));
#3141 = CARTESIAN_POINT('',(-7.185799695815,12.685324910508,0.));
#3142 = CARTESIAN_POINT('',(-5.883042585338,13.323684293436,0.));
#3143 = CARTESIAN_POINT('',(-4.517911812149,13.800409080713,0.));
#3144 = CARTESIAN_POINT('',(-1.71470452443,14.419521689644,0.));
#3145 = CARTESIAN_POINT('',(-0.275774189311,14.562098085214,0.));
#3146 = CARTESIAN_POINT('',(1.174660610908,14.531804994697,0.));
#3147 = CARTESIAN_POINT('',(2.61112950893,14.328738780707,0.));
#3148 = CARTESIAN_POINT('',(4.008477349195,13.956895328841,0.));
#3149 = CARTESIAN_POINT('',(6.675848925846,12.895575196114,0.));
#3150 = CARTESIAN_POINT('',(7.946685108427,12.205775249524,0.));
#3151 = CARTESIAN_POINT('',(9.129996007806,11.366457597348,0.));
#3152 = CARTESIAN_POINT('',(10.204757542062,10.392000594173,0.));
#3153 = CARTESIAN_POINT('',(11.15239563527,9.299832744874,0.));
#3154 = CARTESIAN_POINT('',(12.763990256961,6.924115109578,0.));
#3155 = CARTESIAN_POINT('',(13.428437663689,5.639841701484,0.));
#3156 = CARTESIAN_POINT('',(13.936516391469,4.280969076159,0.));
#3157 = CARTESIAN_POINT('',(14.27889952101,2.871198689072,0.));
#3158 = CARTESIAN_POINT('',(14.450000000001,1.435380741387,0.));
#3159 = CARTESIAN_POINT('',(14.45,-1.15463194561E-14,0.));
#3160 = PCURVE('',#228,#3161);
#3161 = DEFINITIONAL_REPRESENTATION('',(#3162),#3185);
#3162 = B_SPLINE_CURVE_WITH_KNOTS('',6,(#3163,#3164,#3165,#3166,#3167,
    #3168,#3169,#3170,#3171,#3172,#3173,#3174,#3175,#3176,#3177,#3178,
    #3179,#3180,#3181,#3182,#3183,#3184),.UNSPECIFIED.,.F.,.F.,(7,5,5,5,
    7),(0.,0.250000000059,0.499999999963,0.750000000934,1.),
  .UNSPECIFIED.);
#3163 = CARTESIAN_POINT('',(19.999994042175,9.927354889969));
#3164 = CARTESIAN_POINT('',(20.986120961185,10.970365714846));
#3165 = CARTESIAN_POINT('',(22.096877397849,11.896145758882));
#3166 = CARTESIAN_POINT('',(23.314200304185,12.685324910508));
#3167 = CARTESIAN_POINT('',(24.616957414662,13.323684293436));
#3168 = CARTESIAN_POINT('',(25.982088187851,13.800409080713));
#3169 = CARTESIAN_POINT('',(28.78529547557,14.419521689644));
#3170 = CARTESIAN_POINT('',(30.224225810689,14.562098085214));
#3171 = CARTESIAN_POINT('',(31.674660610908,14.531804994697));
#3172 = CARTESIAN_POINT('',(33.11112950893,14.328738780707));
#3173 = CARTESIAN_POINT('',(34.508477349195,13.956895328841));
#3174 = CARTESIAN_POINT('',(37.175848925846,12.895575196114));
#3175 = CARTESIAN_POINT('',(38.446685108427,12.205775249524));
#3176 = CARTESIAN_POINT('',(39.629996007806,11.366457597348));
#3177 = CARTESIAN_POINT('',(40.704757542062,10.392000594173));
#3178 = CARTESIAN_POINT('',(41.65239563527,9.299832744874));
#3179 = CARTESIAN_POINT('',(43.263990256961,6.924115109578));
#3180 = CARTESIAN_POINT('',(43.928437663689,5.639841701484));
#3181 = CARTESIAN_POINT('',(44.436516391469,4.280969076159));
#3182 = CARTESIAN_POINT('',(44.77889952101,2.871198689072));
#3183 = CARTESIAN_POINT('',(44.950000000001,1.435380741387));
#3184 = CARTESIAN_POINT('',(44.95,-1.146383263799E-14));
#3185 = ( GEOMETRIC_REPRESENTATION_CONTEXT(2) 
PARAMETRIC_REPRESENTATION_CONTEXT() REPRESENTATION_CONTEXT('2D SPACE',''
  ) );
#3186 = PCURVE('',#1645,#3187);
#3187 = DEFINITIONAL_REPRESENTATION('',(#3188),#3211);
#3188 = B_SPLINE_CURVE_WITH_KNOTS('',6,(#3189,#3190,#3191,#3192,#3193,
    #3194,#3195,#3196,#3197,#3198,#3199,#3200,#3201,#3202,#3203,#3204,
    #3205,#3206,#3207,#3208,#3209,#3210),.UNSPECIFIED.,.F.,.F.,(7,5,5,5,
    7),(0.,0.250000000059,0.499999999963,0.750000000934,1.),
  .UNSPECIFIED.);
#3189 = CARTESIAN_POINT('',(2.384220682128,0.25));
#3190 = CARTESIAN_POINT('',(2.284886375032,0.25));
#3191 = CARTESIAN_POINT('',(2.185522441291,0.25));
#3192 = CARTESIAN_POINT('',(2.086193097632,0.25));
#3193 = CARTESIAN_POINT('',(1.986863753713,0.25));
#3194 = CARTESIAN_POINT('',(1.887499819376,0.25));
#3195 = CARTESIAN_POINT('',(1.688831203878,0.25));
#3196 = CARTESIAN_POINT('',(1.589467270003,0.25));
#3197 = CARTESIAN_POINT('',(1.490137926423,0.25));
#3198 = CARTESIAN_POINT('',(1.390808582782,0.25));
#3199 = CARTESIAN_POINT('',(1.291444648797,0.25));
#3200 = CARTESIAN_POINT('',(1.092776032908,0.25));
#3201 = CARTESIAN_POINT('',(0.993412098301,0.25));
#3202 = CARTESIAN_POINT('',(0.894082754497,0.25));
#3203 = CARTESIAN_POINT('',(0.794753411511,0.25));
#3204 = CARTESIAN_POINT('',(0.69538947813,0.25));
#3205 = CARTESIAN_POINT('',(0.496720863691,0.25));
#3206 = CARTESIAN_POINT('',(0.39735692862,0.25));
#3207 = CARTESIAN_POINT('',(0.298027584138,0.25));
#3208 = CARTESIAN_POINT('',(0.198698233179,0.25));
#3209 = CARTESIAN_POINT('',(9.933430736232E-02,0.25));
#3210 = CARTESIAN_POINT('',(0.,0.25));
#3211 = ( GEOMETRIC_REPRESENTATION_CONTEXT(2) 
PARAMETRIC_REPRESENTATION_CONTEXT() REPRESENTATION_CONTEXT('2D SPACE',''
  ) );
#3212 = ORIENTED_EDGE('',*,*,#3213,.F.);
#3213 = EDGE_CURVE('',#3214,#3134,#3216,.T.);
#3214 = VERTEX_POINT('',#3215);
#3215 = CARTESIAN_POINT('',(24.9,0.125,0.));
#3216 = SURFACE_CURVE('',#3217,(#3221,#3228),.PCURVE_S1.);
#3217 = LINE('',#3218,#3219);
#3218 = CARTESIAN_POINT('',(-65.25,0.125,0.));
#3219 = VECTOR('',#3220,1.);
#3220 = DIRECTION('',(-1.,0.,-0.));
#3221 = PCURVE('',#228,#3222);
#3222 = DEFINITIONAL_REPRESENTATION('',(#3223),#3227);
#3223 = LINE('',#3224,#3225);
#3224 = CARTESIAN_POINT('',(-34.75,0.125));
#3225 = VECTOR('',#3226,1.);
#3226 = DIRECTION('',(-1.,-1.835079379546E-18));
#3227 = ( GEOMETRIC_REPRESENTATION_CONTEXT(2) 
PARAMETRIC_REPRESENTATION_CONTEXT() REPRESENTATION_CONTEXT('2D SPACE',''
  ) );
#3228 = PCURVE('',#1751,#3229);
#3229 = DEFINITIONAL_REPRESENTATION('',(#3230),#3233);
#3230 = B_SPLINE_CURVE_WITH_KNOTS('',1,(#3231,#3232),.UNSPECIFIED.,.F.,
  .F.,(2,2),(-95.298167762,-34.49902951453),.PIECEWISE_BEZIER_KNOTS.);
#3231 = CARTESIAN_POINT('',(100.,130.048167762));
#3232 = CARTESIAN_POINT('',(100.,69.249029514535));
#3233 = ( GEOMETRIC_REPRESENTATION_CONTEXT(2) 
PARAMETRIC_REPRESENTATION_CONTEXT() REPRESENTATION_CONTEXT('2D SPACE',''
  ) );
#3234 = ORIENTED_EDGE('',*,*,#3235,.T.);
#3235 = EDGE_CURVE('',#3214,#3236,#3238,.T.);
#3236 = VERTEX_POINT('',#3237);
#3237 = CARTESIAN_POINT('',(24.9,-1.229670691151,0.));
#3238 = SURFACE_CURVE('',#3239,(#3243,#3250),.PCURVE_S1.);
#3239 = LINE('',#3240,#3241);
#3240 = CARTESIAN_POINT('',(24.9,1.125,0.));
#3241 = VECTOR('',#3242,1.);
#3242 = DIRECTION('',(0.,-1.,0.));
#3243 = PCURVE('',#228,#3244);
#3244 = DEFINITIONAL_REPRESENTATION('',(#3245),#3249);
#3245 = LINE('',#3246,#3247);
#3246 = CARTESIAN_POINT('',(55.4,1.125));
#3247 = VECTOR('',#3248,1.);
#3248 = DIRECTION('',(1.835079379546E-18,-1.));
#3249 = ( GEOMETRIC_REPRESENTATION_CONTEXT(2) 
PARAMETRIC_REPRESENTATION_CONTEXT() REPRESENTATION_CONTEXT('2D SPACE',''
  ) );
#3250 = PCURVE('',#3251,#3256);
#3251 = PLANE('',#3252);
#3252 = AXIS2_PLACEMENT_3D('',#3253,#3254,#3255);
#3253 = CARTESIAN_POINT('',(27.777857445009,1.125,9.41304755963));
#3254 = DIRECTION('',(-0.956304755963,0.,0.292371704723));
#3255 = DIRECTION('',(0.,-1.,0.));
#3256 = DEFINITIONAL_REPRESENTATION('',(#3257),#3261);
#3257 = LINE('',#3258,#3259);
#3258 = CARTESIAN_POINT('',(-0.,-9.843146236527));
#3259 = VECTOR('',#3260,1.);
#3260 = DIRECTION('',(1.,0.));
#3261 = ( GEOMETRIC_REPRESENTATION_CONTEXT(2) 
PARAMETRIC_REPRESENTATION_CONTEXT() REPRESENTATION_CONTEXT('2D SPACE',''
  ) );
#3262 = ORIENTED_EDGE('',*,*,#3263,.T.);
#3263 = EDGE_CURVE('',#3236,#3264,#3266,.T.);
#3264 = VERTEX_POINT('',#3265);
#3265 = CARTESIAN_POINT('',(28.,-2.9,0.));
#3266 = SURFACE_CURVE('',#3267,(#3272,#3279),.PCURVE_S1.);
#3267 = CIRCLE('',#3268,2.);
#3268 = AXIS2_PLACEMENT_3D('',#3269,#3270,#3271);
#3269 = CARTESIAN_POINT('',(26.,-2.9,0.));
#3270 = DIRECTION('',(0.,0.,1.));
#3271 = DIRECTION('',(1.,0.,0.));
#3272 = PCURVE('',#228,#3273);
#3273 = DEFINITIONAL_REPRESENTATION('',(#3274),#3278);
#3274 = CIRCLE('',#3275,2.);
#3275 = AXIS2_PLACEMENT_2D('',#3276,#3277);
#3276 = CARTESIAN_POINT('',(56.5,-2.9));
#3277 = DIRECTION('',(1.,1.835079379546E-18));
#3278 = ( GEOMETRIC_REPRESENTATION_CONTEXT(2) 
PARAMETRIC_REPRESENTATION_CONTEXT() REPRESENTATION_CONTEXT('2D SPACE',''
  ) );
#3279 = PCURVE('',#3280,#3309);
#3280 = B_SPLINE_SURFACE_WITH_KNOTS('',13,1,(
    (#3281,#3282)
    ,(#3283,#3284)
    ,(#3285,#3286)
    ,(#3287,#3288)
    ,(#3289,#3290)
    ,(#3291,#3292)
    ,(#3293,#3294)
    ,(#3295,#3296)
    ,(#3297,#3298)
    ,(#3299,#3300)
    ,(#3301,#3302)
    ,(#3303,#3304)
    ,(#3305,#3306)
    ,(#3307,#3308
    )),.UNSPECIFIED.,.T.,.F.,.F.,(14,14),(2,2),(0.,6.28318530718),(0.,1.
    ),.PIECEWISE_BEZIER_KNOTS.);
#3281 = CARTESIAN_POINT('',(28.,-2.9,0.));
#3282 = CARTESIAN_POINT('',(30.877857445009,-2.9,9.41304755963));
#3283 = CARTESIAN_POINT('',(27.999999999996,-1.933356106588,0.));
#3284 = CARTESIAN_POINT('',(30.877857445004,-1.933356106588,
    9.41304755963));
#3285 = CARTESIAN_POINT('',(27.493863663684,-0.966711826628,0.));
#3286 = CARTESIAN_POINT('',(30.371721108698,-0.966711826628,
    9.413047559634));
#3287 = CARTESIAN_POINT('',(26.48162112364,-0.289174801471,0.));
#3288 = CARTESIAN_POINT('',(29.359478568633,-0.289174801471,
    9.413047559622));
#3289 = CARTESIAN_POINT('',(25.144757640119,-0.189816811078,0.));
#3290 = CARTESIAN_POINT('',(28.022615085159,-0.189816811078,
    9.413047559647));
#3291 = CARTESIAN_POINT('',(23.847157514732,-0.831062648516,0.));
#3292 = CARTESIAN_POINT('',(26.725014959688,-0.831062648516,
    9.413047559607));
#3293 = CARTESIAN_POINT('',(23.032600040905,-2.121104655139,0.));
#3294 = CARTESIAN_POINT('',(25.910457485981,-2.121104655139,
    9.413047559655));
#3295 = CARTESIAN_POINT('',(23.032600040637,-3.678895344862,0.));
#3296 = CARTESIAN_POINT('',(25.910457485572,-3.678895344862,
    9.413047559611));
#3297 = CARTESIAN_POINT('',(23.847157514946,-4.968937351481,0.));
#3298 = CARTESIAN_POINT('',(26.725014960018,-4.968937351481,
    9.413047559642));
#3299 = CARTESIAN_POINT('',(25.144757639984,-5.610183188925,0.));
#3300 = CARTESIAN_POINT('',(28.022615084947,-5.610183188925,
    9.413047559626));
#3301 = CARTESIAN_POINT('',(26.481621123705,-5.510825198527,0.));
#3302 = CARTESIAN_POINT('',(29.359478568738,-5.510825198527,
    9.413047559631));
#3303 = CARTESIAN_POINT('',(27.493863663661,-4.833288173373,0.));
#3304 = CARTESIAN_POINT('',(30.371721108659,-4.833288173373,
    9.41304755963));
#3305 = CARTESIAN_POINT('',(28.000000000002,-3.866643893412,0.));
#3306 = CARTESIAN_POINT('',(30.877857445012,-3.866643893412,
    9.41304755963));
#3307 = CARTESIAN_POINT('',(28.,-2.9,0.));
#3308 = CARTESIAN_POINT('',(30.877857445009,-2.9,9.41304755963));
#3309 = DEFINITIONAL_REPRESENTATION('',(#3310),#3314);
#3310 = LINE('',#3311,#3312);
#3311 = CARTESIAN_POINT('',(0.,0.));
#3312 = VECTOR('',#3313,1.);
#3313 = DIRECTION('',(1.,0.));
#3314 = ( GEOMETRIC_REPRESENTATION_CONTEXT(2) 
PARAMETRIC_REPRESENTATION_CONTEXT() REPRESENTATION_CONTEXT('2D SPACE',''
  ) );
#3315 = ORIENTED_EDGE('',*,*,#3316,.T.);
#3316 = EDGE_CURVE('',#3264,#3317,#3319,.T.);
#3317 = VERTEX_POINT('',#3318);
#3318 = CARTESIAN_POINT('',(27.1,-1.229670691151,0.));
#3319 = SURFACE_CURVE('',#3320,(#3325,#3332),.PCURVE_S1.);
#3320 = CIRCLE('',#3321,2.);
#3321 = AXIS2_PLACEMENT_3D('',#3322,#3323,#3324);
#3322 = CARTESIAN_POINT('',(26.,-2.9,0.));
#3323 = DIRECTION('',(0.,0.,1.));
#3324 = DIRECTION('',(1.,0.,0.));
#3325 = PCURVE('',#228,#3326);
#3326 = DEFINITIONAL_REPRESENTATION('',(#3327),#3331);
#3327 = CIRCLE('',#3328,2.);
#3328 = AXIS2_PLACEMENT_2D('',#3329,#3330);
#3329 = CARTESIAN_POINT('',(56.5,-2.9));
#3330 = DIRECTION('',(1.,1.835079379546E-18));
#3331 = ( GEOMETRIC_REPRESENTATION_CONTEXT(2) 
PARAMETRIC_REPRESENTATION_CONTEXT() REPRESENTATION_CONTEXT('2D SPACE',''
  ) );
#3332 = PCURVE('',#3333,#3362);
#3333 = B_SPLINE_SURFACE_WITH_KNOTS('',13,1,(
    (#3334,#3335)
    ,(#3336,#3337)
    ,(#3338,#3339)
    ,(#3340,#3341)
    ,(#3342,#3343)
    ,(#3344,#3345)
    ,(#3346,#3347)
    ,(#3348,#3349)
    ,(#3350,#3351)
    ,(#3352,#3353)
    ,(#3354,#3355)
    ,(#3356,#3357)
    ,(#3358,#3359)
    ,(#3360,#3361
    )),.UNSPECIFIED.,.T.,.F.,.F.,(14,14),(2,2),(0.,6.28318530718),(0.,1.
    ),.PIECEWISE_BEZIER_KNOTS.);
#3334 = CARTESIAN_POINT('',(28.,-2.9,0.));
#3335 = CARTESIAN_POINT('',(30.877857445009,-2.9,9.41304755963));
#3336 = CARTESIAN_POINT('',(27.999999999996,-1.933356106588,0.));
#3337 = CARTESIAN_POINT('',(30.877857445004,-1.933356106588,
    9.41304755963));
#3338 = CARTESIAN_POINT('',(27.493863663684,-0.966711826628,0.));
#3339 = CARTESIAN_POINT('',(30.371721108698,-0.966711826628,
    9.413047559634));
#3340 = CARTESIAN_POINT('',(26.48162112364,-0.289174801471,0.));
#3341 = CARTESIAN_POINT('',(29.359478568633,-0.289174801471,
    9.413047559622));
#3342 = CARTESIAN_POINT('',(25.144757640119,-0.189816811078,0.));
#3343 = CARTESIAN_POINT('',(28.022615085159,-0.189816811078,
    9.413047559647));
#3344 = CARTESIAN_POINT('',(23.847157514732,-0.831062648516,0.));
#3345 = CARTESIAN_POINT('',(26.725014959688,-0.831062648516,
    9.413047559607));
#3346 = CARTESIAN_POINT('',(23.032600040905,-2.121104655139,0.));
#3347 = CARTESIAN_POINT('',(25.910457485981,-2.121104655139,
    9.413047559655));
#3348 = CARTESIAN_POINT('',(23.032600040637,-3.678895344862,0.));
#3349 = CARTESIAN_POINT('',(25.910457485572,-3.678895344862,
    9.413047559611));
#3350 = CARTESIAN_POINT('',(23.847157514946,-4.968937351481,0.));
#3351 = CARTESIAN_POINT('',(26.725014960018,-4.968937351481,
    9.413047559642));
#3352 = CARTESIAN_POINT('',(25.144757639984,-5.610183188925,0.));
#3353 = CARTESIAN_POINT('',(28.022615084947,-5.610183188925,
    9.413047559626));
#3354 = CARTESIAN_POINT('',(26.481621123705,-5.510825198527,0.));
#3355 = CARTESIAN_POINT('',(29.359478568738,-5.510825198527,
    9.413047559631));
#3356 = CARTESIAN_POINT('',(27.493863663661,-4.833288173373,0.));
#3357 = CARTESIAN_POINT('',(30.371721108659,-4.833288173373,
    9.41304755963));
#3358 = CARTESIAN_POINT('',(28.000000000002,-3.866643893412,0.));
#3359 = CARTESIAN_POINT('',(30.877857445012,-3.866643893412,
    9.41304755963));
#3360 = CARTESIAN_POINT('',(28.,-2.9,0.));
#3361 = CARTESIAN_POINT('',(30.877857445009,-2.9,9.41304755963));
#3362 = DEFINITIONAL_REPRESENTATION('',(#3363),#3367);
#3363 = LINE('',#3364,#3365);
#3364 = CARTESIAN_POINT('',(0.,0.));
#3365 = VECTOR('',#3366,1.);
#3366 = DIRECTION('',(1.,0.));
#3367 = ( GEOMETRIC_REPRESENTATION_CONTEXT(2) 
PARAMETRIC_REPRESENTATION_CONTEXT() REPRESENTATION_CONTEXT('2D SPACE',''
  ) );
#3368 = ORIENTED_EDGE('',*,*,#3369,.T.);
#3369 = EDGE_CURVE('',#3317,#2247,#3370,.T.);
#3370 = SURFACE_CURVE('',#3371,(#3375,#3382),.PCURVE_S1.);
#3371 = LINE('',#3372,#3373);
#3372 = CARTESIAN_POINT('',(27.1,-2.9,0.));
#3373 = VECTOR('',#3374,1.);
#3374 = DIRECTION('',(0.,1.,0.));
#3375 = PCURVE('',#228,#3376);
#3376 = DEFINITIONAL_REPRESENTATION('',(#3377),#3381);
#3377 = LINE('',#3378,#3379);
#3378 = CARTESIAN_POINT('',(57.6,-2.9));
#3379 = VECTOR('',#3380,1.);
#3380 = DIRECTION('',(-1.835079379546E-18,1.));
#3381 = ( GEOMETRIC_REPRESENTATION_CONTEXT(2) 
PARAMETRIC_REPRESENTATION_CONTEXT() REPRESENTATION_CONTEXT('2D SPACE',''
  ) );
#3382 = PCURVE('',#2283,#3383);
#3383 = DEFINITIONAL_REPRESENTATION('',(#3384),#3388);
#3384 = LINE('',#3385,#3386);
#3385 = CARTESIAN_POINT('',(0.,-9.843146236527));
#3386 = VECTOR('',#3387,1.);
#3387 = DIRECTION('',(1.,0.));
#3388 = ( GEOMETRIC_REPRESENTATION_CONTEXT(2) 
PARAMETRIC_REPRESENTATION_CONTEXT() REPRESENTATION_CONTEXT('2D SPACE',''
  ) );
#3389 = ORIENTED_EDGE('',*,*,#2246,.F.);
#3390 = FACE_BOUND('',#3391,.F.);
#3391 = EDGE_LOOP('',(#3392,#3420,#3453,#3479));
#3392 = ORIENTED_EDGE('',*,*,#3393,.F.);
#3393 = EDGE_CURVE('',#3394,#3396,#3398,.T.);
#3394 = VERTEX_POINT('',#3395);
#3395 = CARTESIAN_POINT('',(17.014676845516,7.587197085533,0.));
#3396 = VERTEX_POINT('',#3397);
#3397 = CARTESIAN_POINT('',(21.765113225257,5.472166541539,0.));
#3398 = SURFACE_CURVE('',#3399,(#3403,#3409),.PCURVE_S1.);
#3399 = LINE('',#3400,#3401);
#3400 = CARTESIAN_POINT('',(0.972441255359,14.729660546748,0.));
#3401 = VECTOR('',#3402,1.);
#3402 = DIRECTION('',(0.913545457643,-0.406736643076,0.));
#3403 = PCURVE('',#228,#3404);
#3404 = DEFINITIONAL_REPRESENTATION('',(#3405),#3408);
#3405 = B_SPLINE_CURVE_WITH_KNOTS('',1,(#3406,#3407),.UNSPECIFIED.,.F.,
  .F.,(2,2),(17.560413065326,22.760413065326),.PIECEWISE_BEZIER_KNOTS.);
#3406 = CARTESIAN_POINT('',(47.514676845516,7.587197085533));
#3407 = CARTESIAN_POINT('',(52.265113225257,5.472166541539));
#3408 = ( GEOMETRIC_REPRESENTATION_CONTEXT(2) 
PARAMETRIC_REPRESENTATION_CONTEXT() REPRESENTATION_CONTEXT('2D SPACE',''
  ) );
#3409 = PCURVE('',#3410,#3415);
#3410 = PLANE('',#3411);
#3411 = AXIS2_PLACEMENT_3D('',#3412,#3413,#3414);
#3412 = CARTESIAN_POINT('',(21.765113225257,5.472166541539,-1.));
#3413 = DIRECTION('',(-0.406736643076,-0.913545457643,0.));
#3414 = DIRECTION('',(-0.913545457643,0.406736643076,0.));
#3415 = DEFINITIONAL_REPRESENTATION('',(#3416),#3419);
#3416 = B_SPLINE_CURVE_WITH_KNOTS('',1,(#3417,#3418),.UNSPECIFIED.,.F.,
  .F.,(2,2),(17.560413065326,22.760413065326),.PIECEWISE_BEZIER_KNOTS.);
#3417 = CARTESIAN_POINT('',(5.2,-1.));
#3418 = CARTESIAN_POINT('',(0.,-1.));
#3419 = ( GEOMETRIC_REPRESENTATION_CONTEXT(2) 
PARAMETRIC_REPRESENTATION_CONTEXT() REPRESENTATION_CONTEXT('2D SPACE',''
  ) );
#3420 = ORIENTED_EDGE('',*,*,#3421,.T.);
#3421 = EDGE_CURVE('',#3394,#3422,#3424,.T.);
#3422 = VERTEX_POINT('',#3423);
#3423 = CARTESIAN_POINT('',(18.234886774743,10.327833458461,0.));
#3424 = SURFACE_CURVE('',#3425,(#3430,#3441),.PCURVE_S1.);
#3425 = CIRCLE('',#3426,1.5);
#3426 = AXIS2_PLACEMENT_3D('',#3427,#3428,#3429);
#3427 = CARTESIAN_POINT('',(17.624781810129,8.957515271997,0.));
#3428 = DIRECTION('',(-0.,0.,-1.));
#3429 = DIRECTION('',(-0.406736643076,-0.913545457643,0.));
#3430 = PCURVE('',#228,#3431);
#3431 = DEFINITIONAL_REPRESENTATION('',(#3432),#3440);
#3432 = ( BOUNDED_CURVE() B_SPLINE_CURVE(2,(#3433,#3434,#3435,#3436,
#3437,#3438,#3439),.UNSPECIFIED.,.T.,.F.) B_SPLINE_CURVE_WITH_KNOTS((1,2
    ,2,2,2,1),(-2.094395102393,0.,2.094395102393,4.188790204786,
6.28318530718,8.377580409573),.UNSPECIFIED.) CURVE() 
GEOMETRIC_REPRESENTATION_ITEM() RATIONAL_B_SPLINE_CURVE((1.,0.5,1.,0.5,
1.,0.5,1.)) REPRESENTATION_ITEM('') );
#3433 = CARTESIAN_POINT('',(47.514676845516,7.587197085533));
#3434 = CARTESIAN_POINT('',(45.141216124024,8.643929882194));
#3435 = CARTESIAN_POINT('',(47.243103931691,10.17104076356));
#3436 = CARTESIAN_POINT('',(49.344991739357,11.698151644925));
#3437 = CARTESIAN_POINT('',(49.616564653182,9.114307966899));
#3438 = CARTESIAN_POINT('',(49.888137567007,6.530464288872));
#3439 = CARTESIAN_POINT('',(47.514676845516,7.587197085533));
#3440 = ( GEOMETRIC_REPRESENTATION_CONTEXT(2) 
PARAMETRIC_REPRESENTATION_CONTEXT() REPRESENTATION_CONTEXT('2D SPACE',''
  ) );
#3441 = PCURVE('',#3442,#3447);
#3442 = CYLINDRICAL_SURFACE('',#3443,1.5);
#3443 = AXIS2_PLACEMENT_3D('',#3444,#3445,#3446);
#3444 = CARTESIAN_POINT('',(17.624781810129,8.957515271997,-1.));
#3445 = DIRECTION('',(-0.,0.,-1.));
#3446 = DIRECTION('',(-0.406736643076,-0.913545457643,0.));
#3447 = DEFINITIONAL_REPRESENTATION('',(#3448),#3452);
#3448 = LINE('',#3449,#3450);
#3449 = CARTESIAN_POINT('',(0.,-1.));
#3450 = VECTOR('',#3451,1.);
#3451 = DIRECTION('',(1.,0.));
#3452 = ( GEOMETRIC_REPRESENTATION_CONTEXT(2) 
PARAMETRIC_REPRESENTATION_CONTEXT() REPRESENTATION_CONTEXT('2D SPACE',''
  ) );
#3453 = ORIENTED_EDGE('',*,*,#3454,.F.);
#3454 = EDGE_CURVE('',#3455,#3422,#3457,.T.);
#3455 = VERTEX_POINT('',#3456);
#3456 = CARTESIAN_POINT('',(22.985323154484,8.212802914467,0.));
#3457 = SURFACE_CURVE('',#3458,(#3462,#3468),.PCURVE_S1.);
#3458 = LINE('',#3459,#3460);
#3459 = CARTESIAN_POINT('',(-0.182567005284,18.527812191673,0.));
#3460 = VECTOR('',#3461,1.);
#3461 = DIRECTION('',(-0.913545457643,0.406736643076,-0.));
#3462 = PCURVE('',#228,#3463);
#3463 = DEFINITIONAL_REPRESENTATION('',(#3464),#3467);
#3464 = B_SPLINE_CURVE_WITH_KNOTS('',1,(#3465,#3466),.UNSPECIFIED.,.F.,
  .F.,(2,2),(-25.36041306532,-20.16041306532),.PIECEWISE_BEZIER_KNOTS.);
#3465 = CARTESIAN_POINT('',(53.485323154484,8.212802914467));
#3466 = CARTESIAN_POINT('',(48.734886774743,10.327833458461));
#3467 = ( GEOMETRIC_REPRESENTATION_CONTEXT(2) 
PARAMETRIC_REPRESENTATION_CONTEXT() REPRESENTATION_CONTEXT('2D SPACE',''
  ) );
#3468 = PCURVE('',#3469,#3474);
#3469 = PLANE('',#3470);
#3470 = AXIS2_PLACEMENT_3D('',#3471,#3472,#3473);
#3471 = CARTESIAN_POINT('',(18.234886774743,10.327833458461,-1.));
#3472 = DIRECTION('',(0.406736643076,0.913545457643,-0.));
#3473 = DIRECTION('',(0.913545457643,-0.406736643076,0.));
#3474 = DEFINITIONAL_REPRESENTATION('',(#3475),#3478);
#3475 = B_SPLINE_CURVE_WITH_KNOTS('',1,(#3476,#3477),.UNSPECIFIED.,.F.,
  .F.,(2,2),(-25.36041306532,-20.16041306532),.PIECEWISE_BEZIER_KNOTS.);
#3476 = CARTESIAN_POINT('',(5.2,-1.));
#3477 = CARTESIAN_POINT('',(0.,-1.));
#3478 = ( GEOMETRIC_REPRESENTATION_CONTEXT(2) 
PARAMETRIC_REPRESENTATION_CONTEXT() REPRESENTATION_CONTEXT('2D SPACE',''
  ) );
#3479 = ORIENTED_EDGE('',*,*,#3480,.T.);
#3480 = EDGE_CURVE('',#3455,#3396,#3481,.T.);
#3481 = SURFACE_CURVE('',#3482,(#3487,#3498),.PCURVE_S1.);
#3482 = CIRCLE('',#3483,1.5);
#3483 = AXIS2_PLACEMENT_3D('',#3484,#3485,#3486);
#3484 = CARTESIAN_POINT('',(22.375218189871,6.842484728003,0.));
#3485 = DIRECTION('',(0.,0.,-1.));
#3486 = DIRECTION('',(0.406736643076,0.913545457643,0.));
#3487 = PCURVE('',#228,#3488);
#3488 = DEFINITIONAL_REPRESENTATION('',(#3489),#3497);
#3489 = ( BOUNDED_CURVE() B_SPLINE_CURVE(2,(#3490,#3491,#3492,#3493,
#3494,#3495,#3496),.UNSPECIFIED.,.T.,.F.) B_SPLINE_CURVE_WITH_KNOTS((1,2
    ,2,2,2,1),(-2.094395102393,0.,2.094395102393,4.188790204786,
6.28318530718,8.377580409573),.UNSPECIFIED.) CURVE() 
GEOMETRIC_REPRESENTATION_ITEM() RATIONAL_B_SPLINE_CURVE((1.,0.5,1.,0.5,
1.,0.5,1.)) REPRESENTATION_ITEM('') );
#3490 = CARTESIAN_POINT('',(53.485323154484,8.212802914467));
#3491 = CARTESIAN_POINT('',(55.858783875976,7.156070117806));
#3492 = CARTESIAN_POINT('',(53.756896068309,5.62895923644));
#3493 = CARTESIAN_POINT('',(51.655008260643,4.101848355075));
#3494 = CARTESIAN_POINT('',(51.383435346818,6.685692033101));
#3495 = CARTESIAN_POINT('',(51.111862432993,9.269535711128));
#3496 = CARTESIAN_POINT('',(53.485323154484,8.212802914467));
#3497 = ( GEOMETRIC_REPRESENTATION_CONTEXT(2) 
PARAMETRIC_REPRESENTATION_CONTEXT() REPRESENTATION_CONTEXT('2D SPACE',''
  ) );
#3498 = PCURVE('',#3499,#3504);
#3499 = CYLINDRICAL_SURFACE('',#3500,1.5);
#3500 = AXIS2_PLACEMENT_3D('',#3501,#3502,#3503);
#3501 = CARTESIAN_POINT('',(22.375218189871,6.842484728003,-1.));
#3502 = DIRECTION('',(0.,0.,-1.));
#3503 = DIRECTION('',(0.406736643076,0.913545457643,0.));
#3504 = DEFINITIONAL_REPRESENTATION('',(#3505),#3509);
#3505 = LINE('',#3506,#3507);
#3506 = CARTESIAN_POINT('',(0.,-1.));
#3507 = VECTOR('',#3508,1.);
#3508 = DIRECTION('',(1.,0.));
#3509 = ( GEOMETRIC_REPRESENTATION_CONTEXT(2) 
PARAMETRIC_REPRESENTATION_CONTEXT() REPRESENTATION_CONTEXT('2D SPACE',''
  ) );
#3510 = ADVANCED_FACE('',(#3511),#397,.T.);
#3511 = FACE_BOUND('',#3512,.T.);
#3512 = EDGE_LOOP('',(#3513,#3514,#3515,#3544));
#3513 = ORIENTED_EDGE('',*,*,#380,.F.);
#3514 = ORIENTED_EDGE('',*,*,#2346,.T.);
#3515 = ORIENTED_EDGE('',*,*,#3516,.T.);
#3516 = EDGE_CURVE('',#2347,#3517,#3519,.T.);
#3517 = VERTEX_POINT('',#3518);
#3518 = CARTESIAN_POINT('',(-22.02214255499,-1.014359353945,
    9.41304755963));
#3519 = SURFACE_CURVE('',#3520,(#3526,#3535),.PCURVE_S1.);
#3520 = B_SPLINE_CURVE_WITH_KNOTS('',4,(#3521,#3522,#3523,#3524,#3525),
  .UNSPECIFIED.,.F.,.F.,(5,5),(0.,1.),.PIECEWISE_BEZIER_KNOTS.);
#3521 = CARTESIAN_POINT('',(-24.9,-1.014359352166,1.7763568394E-15));
#3522 = CARTESIAN_POINT('',(-24.18053563874,-1.014359352166,
    2.353261889908));
#3523 = CARTESIAN_POINT('',(-23.46107127749,-1.014359352166,
    4.706523779815));
#3524 = CARTESIAN_POINT('',(-22.74160691624,-1.014359352166,
    7.059785669723));
#3525 = CARTESIAN_POINT('',(-22.02214255499,-1.014359352166,
    9.41304755963));
#3526 = PCURVE('',#397,#3527);
#3527 = DEFINITIONAL_REPRESENTATION('',(#3528),#3534);
#3528 = B_SPLINE_CURVE_WITH_KNOTS('',4,(#3529,#3530,#3531,#3532,#3533),
  .UNSPECIFIED.,.F.,.F.,(5,5),(0.,1.),.PIECEWISE_BEZIER_KNOTS.);
#3529 = CARTESIAN_POINT('',(2.139359352166,-9.843146236527));
#3530 = CARTESIAN_POINT('',(2.139359352166,-7.382359677395));
#3531 = CARTESIAN_POINT('',(2.139359352166,-4.921573118263));
#3532 = CARTESIAN_POINT('',(2.139359352166,-2.460786559132));
#3533 = CARTESIAN_POINT('',(2.139359352166,-1.7763568394E-15));
#3534 = ( GEOMETRIC_REPRESENTATION_CONTEXT(2) 
PARAMETRIC_REPRESENTATION_CONTEXT() REPRESENTATION_CONTEXT('2D SPACE',''
  ) );
#3535 = PCURVE('',#2386,#3536);
#3536 = DEFINITIONAL_REPRESENTATION('',(#3537),#3543);
#3537 = B_SPLINE_CURVE_WITH_KNOTS('',4,(#3538,#3539,#3540,#3541,#3542),
  .UNSPECIFIED.,.F.,.F.,(5,5),(0.,1.),.PIECEWISE_BEZIER_KNOTS.);
#3538 = CARTESIAN_POINT('',(2.094395102818,0.));
#3539 = CARTESIAN_POINT('',(2.094395102818,0.25));
#3540 = CARTESIAN_POINT('',(2.094395102818,0.5));
#3541 = CARTESIAN_POINT('',(2.094395102818,0.75));
#3542 = CARTESIAN_POINT('',(2.094395102818,1.));
#3543 = ( GEOMETRIC_REPRESENTATION_CONTEXT(2) 
PARAMETRIC_REPRESENTATION_CONTEXT() REPRESENTATION_CONTEXT('2D SPACE',''
  ) );
#3544 = ORIENTED_EDGE('',*,*,#3545,.F.);
#3545 = EDGE_CURVE('',#383,#3517,#3546,.T.);
#3546 = SURFACE_CURVE('',#3547,(#3551,#3558),.PCURVE_S1.);
#3547 = LINE('',#3548,#3549);
#3548 = CARTESIAN_POINT('',(-22.02214255499,1.125,9.41304755963));
#3549 = VECTOR('',#3550,1.);
#3550 = DIRECTION('',(0.,-1.,0.));
#3551 = PCURVE('',#397,#3552);
#3552 = DEFINITIONAL_REPRESENTATION('',(#3553),#3557);
#3553 = LINE('',#3554,#3555);
#3554 = CARTESIAN_POINT('',(0.,0.));
#3555 = VECTOR('',#3556,1.);
#3556 = DIRECTION('',(1.,0.));
#3557 = ( GEOMETRIC_REPRESENTATION_CONTEXT(2) 
PARAMETRIC_REPRESENTATION_CONTEXT() REPRESENTATION_CONTEXT('2D SPACE',''
  ) );
#3558 = PCURVE('',#489,#3559);
#3559 = DEFINITIONAL_REPRESENTATION('',(#3560),#3564);
#3560 = LINE('',#3561,#3562);
#3561 = CARTESIAN_POINT('',(-0.8,-1.275));
#3562 = VECTOR('',#3563,1.);
#3563 = DIRECTION('',(0.,-1.));
#3564 = ( GEOMETRIC_REPRESENTATION_CONTEXT(2) 
PARAMETRIC_REPRESENTATION_CONTEXT() REPRESENTATION_CONTEXT('2D SPACE',''
  ) );
#3565 = ADVANCED_FACE('',(#3566),#489,.T.);
#3566 = FACE_BOUND('',#3567,.T.);
#3567 = EDGE_LOOP('',(#3568,#3592,#3615,#3639,#3663,#3684,#3685,#3686,
    #3710,#3734));
#3568 = ORIENTED_EDGE('',*,*,#3569,.T.);
#3569 = EDGE_CURVE('',#3570,#3572,#3574,.T.);
#3570 = VERTEX_POINT('',#3571);
#3571 = CARTESIAN_POINT('',(-20.42214255499,0.125,9.41304755963));
#3572 = VERTEX_POINT('',#3573);
#3573 = CARTESIAN_POINT('',(-20.22214255499,0.125,9.41304755963));
#3574 = SURFACE_CURVE('',#3575,(#3579,#3586),.PCURVE_S1.);
#3575 = LINE('',#3576,#3577);
#3576 = CARTESIAN_POINT('',(-60.61107127749,0.125,9.41304755963));
#3577 = VECTOR('',#3578,1.);
#3578 = DIRECTION('',(1.,0.,0.));
#3579 = PCURVE('',#489,#3580);
#3580 = DEFINITIONAL_REPRESENTATION('',(#3581),#3585);
#3581 = LINE('',#3582,#3583);
#3582 = CARTESIAN_POINT('',(-39.3889287225,-2.275));
#3583 = VECTOR('',#3584,1.);
#3584 = DIRECTION('',(1.,0.));
#3585 = ( GEOMETRIC_REPRESENTATION_CONTEXT(2) 
PARAMETRIC_REPRESENTATION_CONTEXT() REPRESENTATION_CONTEXT('2D SPACE',''
  ) );
#3586 = PCURVE('',#927,#3587);
#3587 = DEFINITIONAL_REPRESENTATION('',(#3588),#3591);
#3588 = B_SPLINE_CURVE_WITH_KNOTS('',1,(#3589,#3590),.UNSPECIFIED.,.F.,
  .F.,(2,2),(37.588928722504,41.188928722504),.PIECEWISE_BEZIER_KNOTS.);
#3589 = CARTESIAN_POINT('',(109.41304755963,76.977857445009));
#3590 = CARTESIAN_POINT('',(109.41304755963,80.577857445009));
#3591 = ( GEOMETRIC_REPRESENTATION_CONTEXT(2) 
PARAMETRIC_REPRESENTATION_CONTEXT() REPRESENTATION_CONTEXT('2D SPACE',''
  ) );
#3592 = ORIENTED_EDGE('',*,*,#3593,.T.);
#3593 = EDGE_CURVE('',#3572,#3594,#3596,.T.);
#3594 = VERTEX_POINT('',#3595);
#3595 = CARTESIAN_POINT('',(-20.22214255499,0.90333704529,9.41304755963)
  );
#3596 = SURFACE_CURVE('',#3597,(#3601,#3608),.PCURVE_S1.);
#3597 = LINE('',#3598,#3599);
#3598 = CARTESIAN_POINT('',(-20.22214255499,-1.125,9.41304755963));
#3599 = VECTOR('',#3600,1.);
#3600 = DIRECTION('',(0.,1.,0.));
#3601 = PCURVE('',#489,#3602);
#3602 = DEFINITIONAL_REPRESENTATION('',(#3603),#3607);
#3603 = LINE('',#3604,#3605);
#3604 = CARTESIAN_POINT('',(1.,-3.525));
#3605 = VECTOR('',#3606,1.);
#3606 = DIRECTION('',(0.,1.));
#3607 = ( GEOMETRIC_REPRESENTATION_CONTEXT(2) 
PARAMETRIC_REPRESENTATION_CONTEXT() REPRESENTATION_CONTEXT('2D SPACE',''
  ) );
#3608 = PCURVE('',#901,#3609);
#3609 = DEFINITIONAL_REPRESENTATION('',(#3610),#3614);
#3610 = LINE('',#3611,#3612);
#3611 = CARTESIAN_POINT('',(0.,-31.98452402295));
#3612 = VECTOR('',#3613,1.);
#3613 = DIRECTION('',(1.,0.));
#3614 = ( GEOMETRIC_REPRESENTATION_CONTEXT(2) 
PARAMETRIC_REPRESENTATION_CONTEXT() REPRESENTATION_CONTEXT('2D SPACE',''
  ) );
#3615 = ORIENTED_EDGE('',*,*,#3616,.T.);
#3616 = EDGE_CURVE('',#3594,#3617,#3619,.T.);
#3617 = VERTEX_POINT('',#3618);
#3618 = CARTESIAN_POINT('',(-19.42214255499,2.4,9.41304755963));
#3619 = SURFACE_CURVE('',#3620,(#3625,#3632),.PCURVE_S1.);
#3620 = CIRCLE('',#3621,1.8);
#3621 = AXIS2_PLACEMENT_3D('',#3622,#3623,#3624);
#3622 = CARTESIAN_POINT('',(-21.22214255499,2.4,9.41304755963));
#3623 = DIRECTION('',(0.,0.,1.));
#3624 = DIRECTION('',(1.,0.,0.));
#3625 = PCURVE('',#489,#3626);
#3626 = DEFINITIONAL_REPRESENTATION('',(#3627),#3631);
#3627 = CIRCLE('',#3628,1.8);
#3628 = AXIS2_PLACEMENT_2D('',#3629,#3630);
#3629 = CARTESIAN_POINT('',(0.,0.));
#3630 = DIRECTION('',(1.,0.));
#3631 = ( GEOMETRIC_REPRESENTATION_CONTEXT(2) 
PARAMETRIC_REPRESENTATION_CONTEXT() REPRESENTATION_CONTEXT('2D SPACE',''
  ) );
#3632 = PCURVE('',#839,#3633);
#3633 = DEFINITIONAL_REPRESENTATION('',(#3634),#3638);
#3634 = LINE('',#3635,#3636);
#3635 = CARTESIAN_POINT('',(0.,0.));
#3636 = VECTOR('',#3637,1.);
#3637 = DIRECTION('',(1.,0.));
#3638 = ( GEOMETRIC_REPRESENTATION_CONTEXT(2) 
PARAMETRIC_REPRESENTATION_CONTEXT() REPRESENTATION_CONTEXT('2D SPACE',''
  ) );
#3639 = ORIENTED_EDGE('',*,*,#3640,.T.);
#3640 = EDGE_CURVE('',#3617,#3641,#3643,.T.);
#3641 = VERTEX_POINT('',#3642);
#3642 = CARTESIAN_POINT('',(-22.22214255499,0.90333704529,9.41304755963)
  );
#3643 = SURFACE_CURVE('',#3644,(#3649,#3656),.PCURVE_S1.);
#3644 = CIRCLE('',#3645,1.8);
#3645 = AXIS2_PLACEMENT_3D('',#3646,#3647,#3648);
#3646 = CARTESIAN_POINT('',(-21.22214255499,2.4,9.41304755963));
#3647 = DIRECTION('',(0.,0.,1.));
#3648 = DIRECTION('',(1.,0.,0.));
#3649 = PCURVE('',#489,#3650);
#3650 = DEFINITIONAL_REPRESENTATION('',(#3651),#3655);
#3651 = CIRCLE('',#3652,1.8);
#3652 = AXIS2_PLACEMENT_2D('',#3653,#3654);
#3653 = CARTESIAN_POINT('',(0.,0.));
#3654 = DIRECTION('',(1.,0.));
#3655 = ( GEOMETRIC_REPRESENTATION_CONTEXT(2) 
PARAMETRIC_REPRESENTATION_CONTEXT() REPRESENTATION_CONTEXT('2D SPACE',''
  ) );
#3656 = PCURVE('',#691,#3657);
#3657 = DEFINITIONAL_REPRESENTATION('',(#3658),#3662);
#3658 = LINE('',#3659,#3660);
#3659 = CARTESIAN_POINT('',(0.,0.));
#3660 = VECTOR('',#3661,1.);
#3661 = DIRECTION('',(1.,0.));
#3662 = ( GEOMETRIC_REPRESENTATION_CONTEXT(2) 
PARAMETRIC_REPRESENTATION_CONTEXT() REPRESENTATION_CONTEXT('2D SPACE',''
  ) );
#3663 = ORIENTED_EDGE('',*,*,#3664,.T.);
#3664 = EDGE_CURVE('',#3641,#451,#3665,.T.);
#3665 = SURFACE_CURVE('',#3666,(#3670,#3677),.PCURVE_S1.);
#3666 = LINE('',#3667,#3668);
#3667 = CARTESIAN_POINT('',(-22.22214255499,2.4,9.41304755963));
#3668 = VECTOR('',#3669,1.);
#3669 = DIRECTION('',(0.,-1.,0.));
#3670 = PCURVE('',#489,#3671);
#3671 = DEFINITIONAL_REPRESENTATION('',(#3672),#3676);
#3672 = LINE('',#3673,#3674);
#3673 = CARTESIAN_POINT('',(-1.,0.));
#3674 = VECTOR('',#3675,1.);
#3675 = DIRECTION('',(0.,-1.));
#3676 = ( GEOMETRIC_REPRESENTATION_CONTEXT(2) 
PARAMETRIC_REPRESENTATION_CONTEXT() REPRESENTATION_CONTEXT('2D SPACE',''
  ) );
#3677 = PCURVE('',#465,#3678);
#3678 = DEFINITIONAL_REPRESENTATION('',(#3679),#3683);
#3679 = LINE('',#3680,#3681);
#3680 = CARTESIAN_POINT('',(-0.,-31.98452402295));
#3681 = VECTOR('',#3682,1.);
#3682 = DIRECTION('',(1.,0.));
#3683 = ( GEOMETRIC_REPRESENTATION_CONTEXT(2) 
PARAMETRIC_REPRESENTATION_CONTEXT() REPRESENTATION_CONTEXT('2D SPACE',''
  ) );
#3684 = ORIENTED_EDGE('',*,*,#476,.T.);
#3685 = ORIENTED_EDGE('',*,*,#3545,.T.);
#3686 = ORIENTED_EDGE('',*,*,#3687,.T.);
#3687 = EDGE_CURVE('',#3517,#3688,#3690,.T.);
#3688 = VERTEX_POINT('',#3689);
#3689 = CARTESIAN_POINT('',(-19.62214255499,-2.4,9.41304755963));
#3690 = SURFACE_CURVE('',#3691,(#3696,#3703),.PCURVE_S1.);
#3691 = CIRCLE('',#3692,1.6);
#3692 = AXIS2_PLACEMENT_3D('',#3693,#3694,#3695);
#3693 = CARTESIAN_POINT('',(-21.22214255499,-2.4,9.41304755963));
#3694 = DIRECTION('',(0.,0.,1.));
#3695 = DIRECTION('',(1.,0.,0.));
#3696 = PCURVE('',#489,#3697);
#3697 = DEFINITIONAL_REPRESENTATION('',(#3698),#3702);
#3698 = CIRCLE('',#3699,1.6);
#3699 = AXIS2_PLACEMENT_2D('',#3700,#3701);
#3700 = CARTESIAN_POINT('',(0.,-4.8));
#3701 = DIRECTION('',(1.,0.));
#3702 = ( GEOMETRIC_REPRESENTATION_CONTEXT(2) 
PARAMETRIC_REPRESENTATION_CONTEXT() REPRESENTATION_CONTEXT('2D SPACE',''
  ) );
#3703 = PCURVE('',#2386,#3704);
#3704 = DEFINITIONAL_REPRESENTATION('',(#3705),#3709);
#3705 = LINE('',#3706,#3707);
#3706 = CARTESIAN_POINT('',(0.,1.));
#3707 = VECTOR('',#3708,1.);
#3708 = DIRECTION('',(1.,0.));
#3709 = ( GEOMETRIC_REPRESENTATION_CONTEXT(2) 
PARAMETRIC_REPRESENTATION_CONTEXT() REPRESENTATION_CONTEXT('2D SPACE',''
  ) );
#3710 = ORIENTED_EDGE('',*,*,#3711,.T.);
#3711 = EDGE_CURVE('',#3688,#3712,#3714,.T.);
#3712 = VERTEX_POINT('',#3713);
#3713 = CARTESIAN_POINT('',(-20.42214255499,-1.014359353945,
    9.41304755963));
#3714 = SURFACE_CURVE('',#3715,(#3720,#3727),.PCURVE_S1.);
#3715 = CIRCLE('',#3716,1.6);
#3716 = AXIS2_PLACEMENT_3D('',#3717,#3718,#3719);
#3717 = CARTESIAN_POINT('',(-21.22214255499,-2.4,9.41304755963));
#3718 = DIRECTION('',(0.,0.,1.));
#3719 = DIRECTION('',(1.,0.,0.));
#3720 = PCURVE('',#489,#3721);
#3721 = DEFINITIONAL_REPRESENTATION('',(#3722),#3726);
#3722 = CIRCLE('',#3723,1.6);
#3723 = AXIS2_PLACEMENT_2D('',#3724,#3725);
#3724 = CARTESIAN_POINT('',(0.,-4.8));
#3725 = DIRECTION('',(1.,0.));
#3726 = ( GEOMETRIC_REPRESENTATION_CONTEXT(2) 
PARAMETRIC_REPRESENTATION_CONTEXT() REPRESENTATION_CONTEXT('2D SPACE',''
  ) );
#3727 = PCURVE('',#2439,#3728);
#3728 = DEFINITIONAL_REPRESENTATION('',(#3729),#3733);
#3729 = LINE('',#3730,#3731);
#3730 = CARTESIAN_POINT('',(0.,1.));
#3731 = VECTOR('',#3732,1.);
#3732 = DIRECTION('',(1.,0.));
#3733 = ( GEOMETRIC_REPRESENTATION_CONTEXT(2) 
PARAMETRIC_REPRESENTATION_CONTEXT() REPRESENTATION_CONTEXT('2D SPACE',''
  ) );
#3734 = ORIENTED_EDGE('',*,*,#3735,.T.);
#3735 = EDGE_CURVE('',#3712,#3570,#3736,.T.);
#3736 = SURFACE_CURVE('',#3737,(#3741,#3748),.PCURVE_S1.);
#3737 = LINE('',#3738,#3739);
#3738 = CARTESIAN_POINT('',(-20.42214255499,-2.4,9.41304755963));
#3739 = VECTOR('',#3740,1.);
#3740 = DIRECTION('',(0.,1.,0.));
#3741 = PCURVE('',#489,#3742);
#3742 = DEFINITIONAL_REPRESENTATION('',(#3743),#3747);
#3743 = LINE('',#3744,#3745);
#3744 = CARTESIAN_POINT('',(0.8,-4.8));
#3745 = VECTOR('',#3746,1.);
#3746 = DIRECTION('',(0.,1.));
#3747 = ( GEOMETRIC_REPRESENTATION_CONTEXT(2) 
PARAMETRIC_REPRESENTATION_CONTEXT() REPRESENTATION_CONTEXT('2D SPACE',''
  ) );
#3748 = PCURVE('',#2491,#3749);
#3749 = DEFINITIONAL_REPRESENTATION('',(#3750),#3754);
#3750 = LINE('',#3751,#3752);
#3751 = CARTESIAN_POINT('',(0.,0.));
#3752 = VECTOR('',#3753,1.);
#3753 = DIRECTION('',(1.,0.));
#3754 = ( GEOMETRIC_REPRESENTATION_CONTEXT(2) 
PARAMETRIC_REPRESENTATION_CONTEXT() REPRESENTATION_CONTEXT('2D SPACE',''
  ) );
#3755 = ADVANCED_FACE('',(#3756),#465,.F.);
#3756 = FACE_BOUND('',#3757,.F.);
#3757 = EDGE_LOOP('',(#3758,#3785,#3786,#3787));
#3758 = ORIENTED_EDGE('',*,*,#3759,.F.);
#3759 = EDGE_CURVE('',#3641,#507,#3760,.T.);
#3760 = SURFACE_CURVE('',#3761,(#3767,#3776),.PCURVE_S1.);
#3761 = B_SPLINE_CURVE_WITH_KNOTS('',4,(#3762,#3763,#3764,#3765,#3766),
  .UNSPECIFIED.,.F.,.F.,(5,5),(0.,1.),.PIECEWISE_BEZIER_KNOTS.);
#3762 = CARTESIAN_POINT('',(-22.22214255499,0.90333703811,9.41304755963)
  );
#3763 = CARTESIAN_POINT('',(-19.88430010165,0.90333703811,
    17.059785669723));
#3764 = CARTESIAN_POINT('',(-17.54645764832,0.90333703811,
    24.706523779815));
#3765 = CARTESIAN_POINT('',(-15.20861519498,0.90333703811,
    32.353261889908));
#3766 = CARTESIAN_POINT('',(-12.87077274165,0.90333703811,40.));
#3767 = PCURVE('',#465,#3768);
#3768 = DEFINITIONAL_REPRESENTATION('',(#3769),#3775);
#3769 = B_SPLINE_CURVE_WITH_KNOTS('',4,(#3770,#3771,#3772,#3773,#3774),
  .UNSPECIFIED.,.F.,.F.,(5,5),(0.,1.),.PIECEWISE_BEZIER_KNOTS.);
#3770 = CARTESIAN_POINT('',(1.49666296189,-31.98452402295));
#3771 = CARTESIAN_POINT('',(1.49666296189,-23.98839301721));
#3772 = CARTESIAN_POINT('',(1.49666296189,-15.99226201148));
#3773 = CARTESIAN_POINT('',(1.49666296189,-7.99613100574));
#3774 = CARTESIAN_POINT('',(1.49666296189,0.));
#3775 = ( GEOMETRIC_REPRESENTATION_CONTEXT(2) 
PARAMETRIC_REPRESENTATION_CONTEXT() REPRESENTATION_CONTEXT('2D SPACE',''
  ) );
#3776 = PCURVE('',#691,#3777);
#3777 = DEFINITIONAL_REPRESENTATION('',(#3778),#3784);
#3778 = B_SPLINE_CURVE_WITH_KNOTS('',4,(#3779,#3780,#3781,#3782,#3783),
  .UNSPECIFIED.,.F.,.F.,(5,5),(0.,1.),.PIECEWISE_BEZIER_KNOTS.);
#3779 = CARTESIAN_POINT('',(4.123358014797,0.));
#3780 = CARTESIAN_POINT('',(4.123358014797,0.25));
#3781 = CARTESIAN_POINT('',(4.123358014797,0.5));
#3782 = CARTESIAN_POINT('',(4.123358014797,0.75));
#3783 = CARTESIAN_POINT('',(4.123358014797,1.));
#3784 = ( GEOMETRIC_REPRESENTATION_CONTEXT(2) 
PARAMETRIC_REPRESENTATION_CONTEXT() REPRESENTATION_CONTEXT('2D SPACE',''
  ) );
#3785 = ORIENTED_EDGE('',*,*,#3664,.T.);
#3786 = ORIENTED_EDGE('',*,*,#450,.T.);
#3787 = ORIENTED_EDGE('',*,*,#506,.F.);
#3788 = ADVANCED_FACE('',(#3789),#2177,.F.);
#3789 = FACE_BOUND('',#3790,.F.);
#3790 = EDGE_LOOP('',(#3791,#3792,#3815,#3842));
#3791 = ORIENTED_EDGE('',*,*,#2321,.T.);
#3792 = ORIENTED_EDGE('',*,*,#3793,.T.);
#3793 = EDGE_CURVE('',#2295,#3794,#3796,.T.);
#3794 = VERTEX_POINT('',#3795);
#3795 = CARTESIAN_POINT('',(30.177857445009,1.12517606507,9.41304755963)
  );
#3796 = SURFACE_CURVE('',#3797,(#3801,#3808),.PCURVE_S1.);
#3797 = LINE('',#3798,#3799);
#3798 = CARTESIAN_POINT('',(30.177857445009,-1.125,9.41304755963));
#3799 = VECTOR('',#3800,1.);
#3800 = DIRECTION('',(0.,1.,0.));
#3801 = PCURVE('',#2177,#3802);
#3802 = DEFINITIONAL_REPRESENTATION('',(#3803),#3807);
#3803 = LINE('',#3804,#3805);
#3804 = CARTESIAN_POINT('',(0.,-31.98452402295));
#3805 = VECTOR('',#3806,1.);
#3806 = DIRECTION('',(1.,0.));
#3807 = ( GEOMETRIC_REPRESENTATION_CONTEXT(2) 
PARAMETRIC_REPRESENTATION_CONTEXT() REPRESENTATION_CONTEXT('2D SPACE',''
  ) );
#3808 = PCURVE('',#2309,#3809);
#3809 = DEFINITIONAL_REPRESENTATION('',(#3810),#3814);
#3810 = LINE('',#3811,#3812);
#3811 = CARTESIAN_POINT('',(1.3,-4.025));
#3812 = VECTOR('',#3813,1.);
#3813 = DIRECTION('',(0.,1.));
#3814 = ( GEOMETRIC_REPRESENTATION_CONTEXT(2) 
PARAMETRIC_REPRESENTATION_CONTEXT() REPRESENTATION_CONTEXT('2D SPACE',''
  ) );
#3815 = ORIENTED_EDGE('',*,*,#3816,.T.);
#3816 = EDGE_CURVE('',#3794,#2078,#3817,.T.);
#3817 = SURFACE_CURVE('',#3818,(#3824,#3833),.PCURVE_S1.);
#3818 = B_SPLINE_CURVE_WITH_KNOTS('',4,(#3819,#3820,#3821,#3822,#3823),
  .UNSPECIFIED.,.F.,.F.,(5,5),(0.,1.),.PIECEWISE_BEZIER_KNOTS.);
#3819 = CARTESIAN_POINT('',(30.177857445009,1.125176068772,9.41304755963
    ));
#3820 = CARTESIAN_POINT('',(32.515699898343,1.125176068772,
    17.059785669723));
#3821 = CARTESIAN_POINT('',(34.853542351678,1.125176068772,
    24.706523779815));
#3822 = CARTESIAN_POINT('',(37.191384805012,1.125176068772,
    32.353261889908));
#3823 = CARTESIAN_POINT('',(39.529227258346,1.125176068772,40.));
#3824 = PCURVE('',#2177,#3825);
#3825 = DEFINITIONAL_REPRESENTATION('',(#3826),#3832);
#3826 = B_SPLINE_CURVE_WITH_KNOTS('',4,(#3827,#3828,#3829,#3830,#3831),
  .UNSPECIFIED.,.F.,.F.,(5,5),(0.,1.),.PIECEWISE_BEZIER_KNOTS.);
#3827 = CARTESIAN_POINT('',(2.250176068772,-31.98452402295));
#3828 = CARTESIAN_POINT('',(2.250176068772,-23.98839301721));
#3829 = CARTESIAN_POINT('',(2.250176068772,-15.99226201147));
#3830 = CARTESIAN_POINT('',(2.250176068772,-7.99613100574));
#3831 = CARTESIAN_POINT('',(2.250176068772,-7.105427357601E-15));
#3832 = ( GEOMETRIC_REPRESENTATION_CONTEXT(2) 
PARAMETRIC_REPRESENTATION_CONTEXT() REPRESENTATION_CONTEXT('2D SPACE',''
  ) );
#3833 = PCURVE('',#2115,#3834);
#3834 = DEFINITIONAL_REPRESENTATION('',(#3835),#3841);
#3835 = B_SPLINE_CURVE_WITH_KNOTS('',4,(#3836,#3837,#3838,#3839,#3840),
  .UNSPECIFIED.,.F.,.F.,(5,5),(0.,1.),.PIECEWISE_BEZIER_KNOTS.);
#3836 = CARTESIAN_POINT('',(5.344574234297,0.));
#3837 = CARTESIAN_POINT('',(5.344574234297,0.25));
#3838 = CARTESIAN_POINT('',(5.344574234297,0.5));
#3839 = CARTESIAN_POINT('',(5.344574234297,0.75));
#3840 = CARTESIAN_POINT('',(5.344574234297,1.));
#3841 = ( GEOMETRIC_REPRESENTATION_CONTEXT(2) 
PARAMETRIC_REPRESENTATION_CONTEXT() REPRESENTATION_CONTEXT('2D SPACE',''
  ) );
#3842 = ORIENTED_EDGE('',*,*,#2162,.F.);
#3843 = ADVANCED_FACE('',(#3844),#2115,.F.);
#3844 = FACE_BOUND('',#3845,.F.);
#3845 = EDGE_LOOP('',(#3846,#3847,#3871,#3891));
#3846 = ORIENTED_EDGE('',*,*,#3816,.F.);
#3847 = ORIENTED_EDGE('',*,*,#3848,.T.);
#3848 = EDGE_CURVE('',#3794,#3849,#3851,.T.);
#3849 = VERTEX_POINT('',#3850);
#3850 = CARTESIAN_POINT('',(31.077857445009,2.9,9.41304755963));
#3851 = SURFACE_CURVE('',#3852,(#3857,#3864),.PCURVE_S1.);
#3852 = CIRCLE('',#3853,2.2);
#3853 = AXIS2_PLACEMENT_3D('',#3854,#3855,#3856);
#3854 = CARTESIAN_POINT('',(28.877857445009,2.9,9.41304755963));
#3855 = DIRECTION('',(0.,0.,1.));
#3856 = DIRECTION('',(1.,0.,0.));
#3857 = PCURVE('',#2115,#3858);
#3858 = DEFINITIONAL_REPRESENTATION('',(#3859),#3863);
#3859 = LINE('',#3860,#3861);
#3860 = CARTESIAN_POINT('',(0.,0.));
#3861 = VECTOR('',#3862,1.);
#3862 = DIRECTION('',(1.,0.));
#3863 = ( GEOMETRIC_REPRESENTATION_CONTEXT(2) 
PARAMETRIC_REPRESENTATION_CONTEXT() REPRESENTATION_CONTEXT('2D SPACE',''
  ) );
#3864 = PCURVE('',#2309,#3865);
#3865 = DEFINITIONAL_REPRESENTATION('',(#3866),#3870);
#3866 = CIRCLE('',#3867,2.2);
#3867 = AXIS2_PLACEMENT_2D('',#3868,#3869);
#3868 = CARTESIAN_POINT('',(0.,0.));
#3869 = DIRECTION('',(1.,0.));
#3870 = ( GEOMETRIC_REPRESENTATION_CONTEXT(2) 
PARAMETRIC_REPRESENTATION_CONTEXT() REPRESENTATION_CONTEXT('2D SPACE',''
  ) );
#3871 = ORIENTED_EDGE('',*,*,#3872,.T.);
#3872 = EDGE_CURVE('',#3849,#1789,#3873,.T.);
#3873 = SURFACE_CURVE('',#3874,(#3877,#3884),.PCURVE_S1.);
#3874 = B_SPLINE_CURVE_WITH_KNOTS('',1,(#3875,#3876),.UNSPECIFIED.,.F.,
  .F.,(2,2),(0.,1.),.PIECEWISE_BEZIER_KNOTS.);
#3875 = CARTESIAN_POINT('',(31.077857445009,2.9,9.41304755963));
#3876 = CARTESIAN_POINT('',(40.429227258346,2.9,40.));
#3877 = PCURVE('',#2115,#3878);
#3878 = DEFINITIONAL_REPRESENTATION('',(#3879),#3883);
#3879 = LINE('',#3880,#3881);
#3880 = CARTESIAN_POINT('',(6.28318530718,0.));
#3881 = VECTOR('',#3882,1.);
#3882 = DIRECTION('',(0.,1.));
#3883 = ( GEOMETRIC_REPRESENTATION_CONTEXT(2) 
PARAMETRIC_REPRESENTATION_CONTEXT() REPRESENTATION_CONTEXT('2D SPACE',''
  ) );
#3884 = PCURVE('',#1962,#3885);
#3885 = DEFINITIONAL_REPRESENTATION('',(#3886),#3890);
#3886 = LINE('',#3887,#3888);
#3887 = CARTESIAN_POINT('',(0.,0.));
#3888 = VECTOR('',#3889,1.);
#3889 = DIRECTION('',(0.,1.));
#3890 = ( GEOMETRIC_REPRESENTATION_CONTEXT(2) 
PARAMETRIC_REPRESENTATION_CONTEXT() REPRESENTATION_CONTEXT('2D SPACE',''
  ) );
#3891 = ORIENTED_EDGE('',*,*,#2077,.T.);
#3892 = ADVANCED_FACE('',(#3893),#1962,.F.);
#3893 = FACE_BOUND('',#3894,.F.);
#3894 = EDGE_LOOP('',(#3895,#3896,#3897,#3921));
#3895 = ORIENTED_EDGE('',*,*,#1788,.T.);
#3896 = ORIENTED_EDGE('',*,*,#3872,.F.);
#3897 = ORIENTED_EDGE('',*,*,#3898,.T.);
#3898 = EDGE_CURVE('',#3849,#3899,#3901,.T.);
#3899 = VERTEX_POINT('',#3900);
#3900 = CARTESIAN_POINT('',(27.577857445009,1.12517606507,9.41304755963)
  );
#3901 = SURFACE_CURVE('',#3902,(#3907,#3914),.PCURVE_S1.);
#3902 = CIRCLE('',#3903,2.2);
#3903 = AXIS2_PLACEMENT_3D('',#3904,#3905,#3906);
#3904 = CARTESIAN_POINT('',(28.877857445009,2.9,9.41304755963));
#3905 = DIRECTION('',(0.,0.,1.));
#3906 = DIRECTION('',(1.,0.,0.));
#3907 = PCURVE('',#1962,#3908);
#3908 = DEFINITIONAL_REPRESENTATION('',(#3909),#3913);
#3909 = LINE('',#3910,#3911);
#3910 = CARTESIAN_POINT('',(0.,0.));
#3911 = VECTOR('',#3912,1.);
#3912 = DIRECTION('',(1.,0.));
#3913 = ( GEOMETRIC_REPRESENTATION_CONTEXT(2) 
PARAMETRIC_REPRESENTATION_CONTEXT() REPRESENTATION_CONTEXT('2D SPACE',''
  ) );
#3914 = PCURVE('',#2309,#3915);
#3915 = DEFINITIONAL_REPRESENTATION('',(#3916),#3920);
#3916 = CIRCLE('',#3917,2.2);
#3917 = AXIS2_PLACEMENT_2D('',#3918,#3919);
#3918 = CARTESIAN_POINT('',(0.,0.));
#3919 = DIRECTION('',(1.,0.));
#3920 = ( GEOMETRIC_REPRESENTATION_CONTEXT(2) 
PARAMETRIC_REPRESENTATION_CONTEXT() REPRESENTATION_CONTEXT('2D SPACE',''
  ) );
#3921 = ORIENTED_EDGE('',*,*,#3922,.T.);
#3922 = EDGE_CURVE('',#3899,#1763,#3923,.T.);
#3923 = SURFACE_CURVE('',#3924,(#3930,#3939),.PCURVE_S1.);
#3924 = B_SPLINE_CURVE_WITH_KNOTS('',4,(#3925,#3926,#3927,#3928,#3929),
  .UNSPECIFIED.,.F.,.F.,(5,5),(0.,1.),.PIECEWISE_BEZIER_KNOTS.);
#3925 = CARTESIAN_POINT('',(27.577857445009,1.125176051639,9.41304755963
    ));
#3926 = CARTESIAN_POINT('',(29.915699898343,1.125176051639,
    17.059785669723));
#3927 = CARTESIAN_POINT('',(32.253542351677,1.125176051639,
    24.706523779815));
#3928 = CARTESIAN_POINT('',(34.591384805012,1.125176051639,
    32.353261889908));
#3929 = CARTESIAN_POINT('',(36.929227258346,1.125176051639,40.));
#3930 = PCURVE('',#1962,#3931);
#3931 = DEFINITIONAL_REPRESENTATION('',(#3932),#3938);
#3932 = B_SPLINE_CURVE_WITH_KNOTS('',4,(#3933,#3934,#3935,#3936,#3937),
  .UNSPECIFIED.,.F.,.F.,(5,5),(0.,1.),.PIECEWISE_BEZIER_KNOTS.);
#3933 = CARTESIAN_POINT('',(4.080203739671,0.));
#3934 = CARTESIAN_POINT('',(4.080203739671,0.25));
#3935 = CARTESIAN_POINT('',(4.080203739671,0.5));
#3936 = CARTESIAN_POINT('',(4.080203739671,0.75));
#3937 = CARTESIAN_POINT('',(4.080203739671,1.));
#3938 = ( GEOMETRIC_REPRESENTATION_CONTEXT(2) 
PARAMETRIC_REPRESENTATION_CONTEXT() REPRESENTATION_CONTEXT('2D SPACE',''
  ) );
#3939 = PCURVE('',#1777,#3940);
#3940 = DEFINITIONAL_REPRESENTATION('',(#3941),#3947);
#3941 = B_SPLINE_CURVE_WITH_KNOTS('',4,(#3942,#3943,#3944,#3945,#3946),
  .UNSPECIFIED.,.F.,.F.,(5,5),(0.,1.),.PIECEWISE_BEZIER_KNOTS.);
#3942 = CARTESIAN_POINT('',(1.774823948361,-31.98452402295));
#3943 = CARTESIAN_POINT('',(1.774823948361,-23.98839301721));
#3944 = CARTESIAN_POINT('',(1.774823948361,-15.99226201147));
#3945 = CARTESIAN_POINT('',(1.774823948361,-7.99613100574));
#3946 = CARTESIAN_POINT('',(1.774823948361,0.));
#3947 = ( GEOMETRIC_REPRESENTATION_CONTEXT(2) 
PARAMETRIC_REPRESENTATION_CONTEXT() REPRESENTATION_CONTEXT('2D SPACE',''
  ) );
#3948 = ADVANCED_FACE('',(#3949),#1777,.F.);
#3949 = FACE_BOUND('',#3950,.F.);
#3950 = EDGE_LOOP('',(#3951,#3952,#3975,#3994));
#3951 = ORIENTED_EDGE('',*,*,#3922,.F.);
#3952 = ORIENTED_EDGE('',*,*,#3953,.T.);
#3953 = EDGE_CURVE('',#3899,#3954,#3956,.T.);
#3954 = VERTEX_POINT('',#3955);
#3955 = CARTESIAN_POINT('',(27.577857445009,0.125,9.41304755963));
#3956 = SURFACE_CURVE('',#3957,(#3961,#3968),.PCURVE_S1.);
#3957 = LINE('',#3958,#3959);
#3958 = CARTESIAN_POINT('',(27.577857445009,2.9,9.41304755963));
#3959 = VECTOR('',#3960,1.);
#3960 = DIRECTION('',(0.,-1.,0.));
#3961 = PCURVE('',#1777,#3962);
#3962 = DEFINITIONAL_REPRESENTATION('',(#3963),#3967);
#3963 = LINE('',#3964,#3965);
#3964 = CARTESIAN_POINT('',(-0.,-31.98452402295));
#3965 = VECTOR('',#3966,1.);
#3966 = DIRECTION('',(1.,0.));
#3967 = ( GEOMETRIC_REPRESENTATION_CONTEXT(2) 
PARAMETRIC_REPRESENTATION_CONTEXT() REPRESENTATION_CONTEXT('2D SPACE',''
  ) );
#3968 = PCURVE('',#2309,#3969);
#3969 = DEFINITIONAL_REPRESENTATION('',(#3970),#3974);
#3970 = LINE('',#3971,#3972);
#3971 = CARTESIAN_POINT('',(-1.3,0.));
#3972 = VECTOR('',#3973,1.);
#3973 = DIRECTION('',(0.,-1.));
#3974 = ( GEOMETRIC_REPRESENTATION_CONTEXT(2) 
PARAMETRIC_REPRESENTATION_CONTEXT() REPRESENTATION_CONTEXT('2D SPACE',''
  ) );
#3975 = ORIENTED_EDGE('',*,*,#3976,.T.);
#3976 = EDGE_CURVE('',#3954,#1737,#3977,.T.);
#3977 = SURFACE_CURVE('',#3978,(#3982,#3988),.PCURVE_S1.);
#3978 = LINE('',#3979,#3980);
#3979 = CARTESIAN_POINT('',(11.505037366808,0.125,-43.15877807957));
#3980 = VECTOR('',#3981,1.);
#3981 = DIRECTION('',(0.292371704723,-0.,0.956304755963));
#3982 = PCURVE('',#1777,#3983);
#3983 = DEFINITIONAL_REPRESENTATION('',(#3984),#3987);
#3984 = B_SPLINE_CURVE_WITH_KNOTS('',1,(#3985,#3986),.UNSPECIFIED.,.F.,
  .F.,(2,2),(54.973924694398,68.779927871546),.PIECEWISE_BEZIER_KNOTS.);
#3985 = CARTESIAN_POINT('',(2.775,-31.98452402295));
#3986 = CARTESIAN_POINT('',(2.775,-18.17852084581));
#3987 = ( GEOMETRIC_REPRESENTATION_CONTEXT(2) 
PARAMETRIC_REPRESENTATION_CONTEXT() REPRESENTATION_CONTEXT('2D SPACE',''
  ) );
#3988 = PCURVE('',#1751,#3989);
#3989 = DEFINITIONAL_REPRESENTATION('',(#3990),#3993);
#3990 = B_SPLINE_CURVE_WITH_KNOTS('',1,(#3991,#3992),.UNSPECIFIED.,.F.,
  .F.,(2,2),(54.973924694398,68.779927871546),.PIECEWISE_BEZIER_KNOTS.);
#3991 = CARTESIAN_POINT('',(109.41304755963,127.577857445));
#3992 = CARTESIAN_POINT('',(122.61579405877,131.61434212931));
#3993 = ( GEOMETRIC_REPRESENTATION_CONTEXT(2) 
PARAMETRIC_REPRESENTATION_CONTEXT() REPRESENTATION_CONTEXT('2D SPACE',''
  ) );
#3994 = ORIENTED_EDGE('',*,*,#1762,.F.);
#3995 = ADVANCED_FACE('',(#3996),#1751,.F.);
#3996 = FACE_BOUND('',#3997,.F.);
#3997 = EDGE_LOOP('',(#3998,#4019,#4020,#4047,#4048,#4049));
#3998 = ORIENTED_EDGE('',*,*,#3999,.F.);
#3999 = EDGE_CURVE('',#3214,#4000,#4002,.T.);
#4000 = VERTEX_POINT('',#4001);
#4001 = CARTESIAN_POINT('',(27.777857445009,0.125,9.41304755963));
#4002 = SURFACE_CURVE('',#4003,(#4007,#4013),.PCURVE_S1.);
#4003 = LINE('',#4004,#4005);
#4004 = CARTESIAN_POINT('',(7.020804338767,0.125,-58.48021394493));
#4005 = VECTOR('',#4006,1.);
#4006 = DIRECTION('',(0.292371704723,-0.,0.956304755963));
#4007 = PCURVE('',#1751,#4008);
#4008 = DEFINITIONAL_REPRESENTATION('',(#4009),#4012);
#4009 = B_SPLINE_CURVE_WITH_KNOTS('',1,(#4010,#4011),.UNSPECIFIED.,.F.,
  .F.,(2,2),(61.152277639823,70.99542387635),.PIECEWISE_BEZIER_KNOTS.);
#4010 = CARTESIAN_POINT('',(100.,124.9));
#4011 = CARTESIAN_POINT('',(109.41304755963,127.777857445));
#4012 = ( GEOMETRIC_REPRESENTATION_CONTEXT(2) 
PARAMETRIC_REPRESENTATION_CONTEXT() REPRESENTATION_CONTEXT('2D SPACE',''
  ) );
#4013 = PCURVE('',#3251,#4014);
#4014 = DEFINITIONAL_REPRESENTATION('',(#4015),#4018);
#4015 = B_SPLINE_CURVE_WITH_KNOTS('',1,(#4016,#4017),.UNSPECIFIED.,.F.,
  .F.,(2,2),(61.152277639823,70.99542387635),.PIECEWISE_BEZIER_KNOTS.);
#4016 = CARTESIAN_POINT('',(1.,-9.843146236527));
#4017 = CARTESIAN_POINT('',(1.,0.));
#4018 = ( GEOMETRIC_REPRESENTATION_CONTEXT(2) 
PARAMETRIC_REPRESENTATION_CONTEXT() REPRESENTATION_CONTEXT('2D SPACE',''
  ) );
#4019 = ORIENTED_EDGE('',*,*,#3213,.T.);
#4020 = ORIENTED_EDGE('',*,*,#4021,.T.);
#4021 = EDGE_CURVE('',#3134,#1524,#4022,.T.);
#4022 = SURFACE_CURVE('',#4023,(#4029,#4038),.PCURVE_S1.);
#4023 = B_SPLINE_CURVE_WITH_KNOTS('',4,(#4024,#4025,#4026,#4027,#4028),
  .UNSPECIFIED.,.F.,.F.,(5,5),(0.,1.),.PIECEWISE_BEZIER_KNOTS.);
#4024 = CARTESIAN_POINT('',(14.449459332498,0.125,0.));
#4025 = CARTESIAN_POINT('',(16.178044864828,0.125,5.653948514694));
#4026 = CARTESIAN_POINT('',(17.906630397158,0.125,11.307897029389));
#4027 = CARTESIAN_POINT('',(19.635215929487,0.125,16.961845544083));
#4028 = CARTESIAN_POINT('',(21.363801461817,0.125,22.615794058778));
#4029 = PCURVE('',#1751,#4030);
#4030 = DEFINITIONAL_REPRESENTATION('',(#4031),#4037);
#4031 = B_SPLINE_CURVE_WITH_KNOTS('',4,(#4032,#4033,#4034,#4035,#4036),
  .UNSPECIFIED.,.F.,.F.,(5,5),(0.,1.),.PIECEWISE_BEZIER_KNOTS.);
#4032 = CARTESIAN_POINT('',(100.,114.44945933249));
#4033 = CARTESIAN_POINT('',(105.65394851469,116.17804486482));
#4034 = CARTESIAN_POINT('',(111.30789702938,117.90663039715));
#4035 = CARTESIAN_POINT('',(116.96184554408,119.63521592948));
#4036 = CARTESIAN_POINT('',(122.61579405877,121.36380146181));
#4037 = ( GEOMETRIC_REPRESENTATION_CONTEXT(2) 
PARAMETRIC_REPRESENTATION_CONTEXT() REPRESENTATION_CONTEXT('2D SPACE',''
  ) );
#4038 = PCURVE('',#1645,#4039);
#4039 = DEFINITIONAL_REPRESENTATION('',(#4040),#4046);
#4040 = B_SPLINE_CURVE_WITH_KNOTS('',4,(#4041,#4042,#4043,#4044,#4045),
  .UNSPECIFIED.,.F.,.F.,(5,5),(0.,1.),.PIECEWISE_BEZIER_KNOTS.);
#4041 = CARTESIAN_POINT('',(8.650626896472E-03,0.25));
#4042 = CARTESIAN_POINT('',(8.650626896472E-03,0.320674356434));
#4043 = CARTESIAN_POINT('',(8.650626896472E-03,0.391348712867));
#4044 = CARTESIAN_POINT('',(8.650626896472E-03,0.462023069301));
#4045 = CARTESIAN_POINT('',(8.650626896472E-03,0.532697425735));
#4046 = ( GEOMETRIC_REPRESENTATION_CONTEXT(2) 
PARAMETRIC_REPRESENTATION_CONTEXT() REPRESENTATION_CONTEXT('2D SPACE',''
  ) );
#4047 = ORIENTED_EDGE('',*,*,#1736,.F.);
#4048 = ORIENTED_EDGE('',*,*,#3976,.F.);
#4049 = ORIENTED_EDGE('',*,*,#4050,.T.);
#4050 = EDGE_CURVE('',#3954,#4000,#4051,.T.);
#4051 = SURFACE_CURVE('',#4052,(#4056,#4062),.PCURVE_S1.);
#4052 = LINE('',#4053,#4054);
#4053 = CARTESIAN_POINT('',(-35.56107127749,0.125,9.41304755963));
#4054 = VECTOR('',#4055,1.);
#4055 = DIRECTION('',(1.,0.,0.));
#4056 = PCURVE('',#1751,#4057);
#4057 = DEFINITIONAL_REPRESENTATION('',(#4058),#4061);
#4058 = B_SPLINE_CURVE_WITH_KNOTS('',1,(#4059,#4060),.UNSPECIFIED.,.F.,
  .F.,(2,2),(62.238928722504,66.638928722504),.PIECEWISE_BEZIER_KNOTS.);
#4059 = CARTESIAN_POINT('',(109.41304755963,126.677857445));
#4060 = CARTESIAN_POINT('',(109.41304755963,131.077857445));
#4061 = ( GEOMETRIC_REPRESENTATION_CONTEXT(2) 
PARAMETRIC_REPRESENTATION_CONTEXT() REPRESENTATION_CONTEXT('2D SPACE',''
  ) );
#4062 = PCURVE('',#2309,#4063);
#4063 = DEFINITIONAL_REPRESENTATION('',(#4064),#4068);
#4064 = LINE('',#4065,#4066);
#4065 = CARTESIAN_POINT('',(-64.4389287225,-2.775));
#4066 = VECTOR('',#4067,1.);
#4067 = DIRECTION('',(1.,0.));
#4068 = ( GEOMETRIC_REPRESENTATION_CONTEXT(2) 
PARAMETRIC_REPRESENTATION_CONTEXT() REPRESENTATION_CONTEXT('2D SPACE',''
  ) );
#4069 = ADVANCED_FACE('',(#4070),#1645,.F.);
#4070 = FACE_BOUND('',#4071,.F.);
#4071 = EDGE_LOOP('',(#4072,#4099,#4100,#4101));
#4072 = ORIENTED_EDGE('',*,*,#4073,.T.);
#4073 = EDGE_CURVE('',#3113,#1498,#4074,.T.);
#4074 = SURFACE_CURVE('',#4075,(#4081,#4090),.PCURVE_S1.);
#4075 = B_SPLINE_CURVE_WITH_KNOTS('',4,(#4076,#4077,#4078,#4079,#4080),
  .UNSPECIFIED.,.F.,.F.,(5,5),(0.,1.),.PIECEWISE_BEZIER_KNOTS.);
#4076 = CARTESIAN_POINT('',(-16.61461362917,9.927361191462,-20.));
#4077 = CARTESIAN_POINT('',(-10.5,9.927361191462,-4.973799150321E-14));
#4078 = CARTESIAN_POINT('',(-4.385386370827,9.927361191462,20.));
#4079 = CARTESIAN_POINT('',(1.729227258346,9.927361191462,40.));
#4080 = CARTESIAN_POINT('',(7.84384088752,9.927361191462,60.));
#4081 = PCURVE('',#1645,#4082);
#4082 = DEFINITIONAL_REPRESENTATION('',(#4083),#4089);
#4083 = B_SPLINE_CURVE_WITH_KNOTS('',4,(#4084,#4085,#4086,#4087,#4088),
  .UNSPECIFIED.,.F.,.F.,(5,5),(0.,1.),.PIECEWISE_BEZIER_KNOTS.);
#4084 = CARTESIAN_POINT('',(2.384220081986,0.));
#4085 = CARTESIAN_POINT('',(2.384220081986,0.25));
#4086 = CARTESIAN_POINT('',(2.384220081986,0.5));
#4087 = CARTESIAN_POINT('',(2.384220081986,0.75));
#4088 = CARTESIAN_POINT('',(2.384220081986,1.));
#4089 = ( GEOMETRIC_REPRESENTATION_CONTEXT(2) 
PARAMETRIC_REPRESENTATION_CONTEXT() REPRESENTATION_CONTEXT('2D SPACE',''
  ) );
#4090 = PCURVE('',#1512,#4091);
#4091 = DEFINITIONAL_REPRESENTATION('',(#4092),#4098);
#4092 = B_SPLINE_CURVE_WITH_KNOTS('',4,(#4093,#4094,#4095,#4096,#4097),
  .UNSPECIFIED.,.F.,.F.,(5,5),(0.,1.),.PIECEWISE_BEZIER_KNOTS.);
#4093 = CARTESIAN_POINT('',(20.027361191462,-83.65534051897));
#4094 = CARTESIAN_POINT('',(20.027361191462,-62.74150538922));
#4095 = CARTESIAN_POINT('',(20.027361191462,-41.82767025948));
#4096 = CARTESIAN_POINT('',(20.027361191462,-20.91383512974));
#4097 = CARTESIAN_POINT('',(20.027361191462,5.684341886081E-14));
#4098 = ( GEOMETRIC_REPRESENTATION_CONTEXT(2) 
PARAMETRIC_REPRESENTATION_CONTEXT() REPRESENTATION_CONTEXT('2D SPACE',''
  ) );
#4099 = ORIENTED_EDGE('',*,*,#1523,.T.);
#4100 = ORIENTED_EDGE('',*,*,#4021,.F.);
#4101 = ORIENTED_EDGE('',*,*,#3133,.F.);
#4102 = ADVANCED_FACE('',(#4103),#1512,.F.);
#4103 = FACE_BOUND('',#4104,.F.);
#4104 = EDGE_LOOP('',(#4105,#4106,#4107,#4126));
#4105 = ORIENTED_EDGE('',*,*,#4073,.F.);
#4106 = ORIENTED_EDGE('',*,*,#3112,.T.);
#4107 = ORIENTED_EDGE('',*,*,#4108,.T.);
#4108 = EDGE_CURVE('',#2526,#939,#4109,.T.);
#4109 = SURFACE_CURVE('',#4110,(#4113,#4119),.PCURVE_S1.);
#4110 = B_SPLINE_CURVE_WITH_KNOTS('',1,(#4111,#4112),.UNSPECIFIED.,.F.,
  .F.,(2,2),(0.,1.),.PIECEWISE_BEZIER_KNOTS.);
#4111 = CARTESIAN_POINT('',(-16.61461362917,10.1,-20.));
#4112 = CARTESIAN_POINT('',(7.84384088752,10.1,60.));
#4113 = PCURVE('',#1512,#4114);
#4114 = DEFINITIONAL_REPRESENTATION('',(#4115),#4118);
#4115 = B_SPLINE_CURVE_WITH_KNOTS('',1,(#4116,#4117),.UNSPECIFIED.,.F.,
  .F.,(2,2),(0.,1.),.PIECEWISE_BEZIER_KNOTS.);
#4116 = CARTESIAN_POINT('',(20.2,-83.65534051897));
#4117 = CARTESIAN_POINT('',(20.2,0.));
#4118 = ( GEOMETRIC_REPRESENTATION_CONTEXT(2) 
PARAMETRIC_REPRESENTATION_CONTEXT() REPRESENTATION_CONTEXT('2D SPACE',''
  ) );
#4119 = PCURVE('',#1288,#4120);
#4120 = DEFINITIONAL_REPRESENTATION('',(#4121),#4125);
#4121 = LINE('',#4122,#4123);
#4122 = CARTESIAN_POINT('',(0.,0.));
#4123 = VECTOR('',#4124,1.);
#4124 = DIRECTION('',(0.,1.));
#4125 = ( GEOMETRIC_REPRESENTATION_CONTEXT(2) 
PARAMETRIC_REPRESENTATION_CONTEXT() REPRESENTATION_CONTEXT('2D SPACE',''
  ) );
#4126 = ORIENTED_EDGE('',*,*,#1497,.F.);
#4127 = ADVANCED_FACE('',(#4128),#1288,.F.);
#4128 = FACE_BOUND('',#4129,.F.);
#4129 = EDGE_LOOP('',(#4130,#4131,#4132,#4159));
#4130 = ORIENTED_EDGE('',*,*,#4108,.F.);
#4131 = ORIENTED_EDGE('',*,*,#2525,.F.);
#4132 = ORIENTED_EDGE('',*,*,#4133,.T.);
#4133 = EDGE_CURVE('',#2504,#913,#4134,.T.);
#4134 = SURFACE_CURVE('',#4135,(#4141,#4150),.PCURVE_S1.);
#4135 = B_SPLINE_CURVE_WITH_KNOTS('',4,(#4136,#4137,#4138,#4139,#4140),
  .UNSPECIFIED.,.F.,.F.,(5,5),(0.,1.),.PIECEWISE_BEZIER_KNOTS.);
#4136 = CARTESIAN_POINT('',(-21.20000022465,0.125,0.));
#4137 = CARTESIAN_POINT('',(-19.47141469232,0.125,5.653948514694));
#4138 = CARTESIAN_POINT('',(-17.74282915999,0.125,11.307897029389));
#4139 = CARTESIAN_POINT('',(-16.01424362766,0.125,16.961845544083));
#4140 = CARTESIAN_POINT('',(-14.28565809533,0.125,22.615794058778));
#4141 = PCURVE('',#1288,#4142);
#4142 = DEFINITIONAL_REPRESENTATION('',(#4143),#4149);
#4143 = B_SPLINE_CURVE_WITH_KNOTS('',4,(#4144,#4145,#4146,#4147,#4148),
  .UNSPECIFIED.,.F.,.F.,(5,5),(0.,1.),.PIECEWISE_BEZIER_KNOTS.);
#4144 = CARTESIAN_POINT('',(20.434622288307,0.25));
#4145 = CARTESIAN_POINT('',(20.434622288307,0.320674356434));
#4146 = CARTESIAN_POINT('',(20.434622288307,0.391348712867));
#4147 = CARTESIAN_POINT('',(20.434622288307,0.462023069301));
#4148 = CARTESIAN_POINT('',(20.434622288307,0.532697425735));
#4149 = ( GEOMETRIC_REPRESENTATION_CONTEXT(2) 
PARAMETRIC_REPRESENTATION_CONTEXT() REPRESENTATION_CONTEXT('2D SPACE',''
  ) );
#4150 = PCURVE('',#927,#4151);
#4151 = DEFINITIONAL_REPRESENTATION('',(#4152),#4158);
#4152 = B_SPLINE_CURVE_WITH_KNOTS('',4,(#4153,#4154,#4155,#4156,#4157),
  .UNSPECIFIED.,.F.,.F.,(5,5),(0.,1.),.PIECEWISE_BEZIER_KNOTS.);
#4153 = CARTESIAN_POINT('',(100.,78.799999775347));
#4154 = CARTESIAN_POINT('',(105.65394851469,80.528585307676));
#4155 = CARTESIAN_POINT('',(111.30789702938,82.257170840006));
#4156 = CARTESIAN_POINT('',(116.96184554408,83.985756372336));
#4157 = CARTESIAN_POINT('',(122.61579405877,85.714341904666));
#4158 = ( GEOMETRIC_REPRESENTATION_CONTEXT(2) 
PARAMETRIC_REPRESENTATION_CONTEXT() REPRESENTATION_CONTEXT('2D SPACE',''
  ) );
#4159 = ORIENTED_EDGE('',*,*,#938,.T.);
#4160 = ADVANCED_FACE('',(#4161),#927,.F.);
#4161 = FACE_BOUND('',#4162,.F.);
#4162 = EDGE_LOOP('',(#4163,#4164,#4165,#4184,#4185,#4204));
#4163 = ORIENTED_EDGE('',*,*,#4133,.F.);
#4164 = ORIENTED_EDGE('',*,*,#2503,.T.);
#4165 = ORIENTED_EDGE('',*,*,#4166,.F.);
#4166 = EDGE_CURVE('',#3570,#2476,#4167,.T.);
#4167 = SURFACE_CURVE('',#4168,(#4172,#4178),.PCURVE_S1.);
#4168 = LINE('',#4169,#4170);
#4169 = CARTESIAN_POINT('',(-39.11909841052,0.125,-51.74193945811));
#4170 = VECTOR('',#4171,1.);
#4171 = DIRECTION('',(-0.292371704723,0.,-0.956304755963));
#4172 = PCURVE('',#927,#4173);
#4173 = DEFINITIONAL_REPRESENTATION('',(#4174),#4177);
#4174 = B_SPLINE_CURVE_WITH_KNOTS('',1,(#4175,#4176),.UNSPECIFIED.,.F.,
  .F.,(2,2),(-63.94926579253,-54.106119556),.PIECEWISE_BEZIER_KNOTS.);
#4175 = CARTESIAN_POINT('',(109.41304755963,79.577857445009));
#4176 = CARTESIAN_POINT('',(100.,76.7));
#4177 = ( GEOMETRIC_REPRESENTATION_CONTEXT(2) 
PARAMETRIC_REPRESENTATION_CONTEXT() REPRESENTATION_CONTEXT('2D SPACE',''
  ) );
#4178 = PCURVE('',#2491,#4179);
#4179 = DEFINITIONAL_REPRESENTATION('',(#4180),#4183);
#4180 = B_SPLINE_CURVE_WITH_KNOTS('',1,(#4181,#4182),.UNSPECIFIED.,.F.,
  .F.,(2,2),(-63.94926579253,-54.106119556),.PIECEWISE_BEZIER_KNOTS.);
#4181 = CARTESIAN_POINT('',(2.525,0.));
#4182 = CARTESIAN_POINT('',(2.525,-9.843146236527));
#4183 = ( GEOMETRIC_REPRESENTATION_CONTEXT(2) 
PARAMETRIC_REPRESENTATION_CONTEXT() REPRESENTATION_CONTEXT('2D SPACE',''
  ) );
#4184 = ORIENTED_EDGE('',*,*,#3569,.T.);
#4185 = ORIENTED_EDGE('',*,*,#4186,.F.);
#4186 = EDGE_CURVE('',#887,#3572,#4187,.T.);
#4187 = SURFACE_CURVE('',#4188,(#4192,#4198),.PCURVE_S1.);
#4188 = LINE('',#4189,#4190);
#4189 = CARTESIAN_POINT('',(-34.25196162522,0.125,-36.4764228831));
#4190 = VECTOR('',#4191,1.);
#4191 = DIRECTION('',(-0.292371704723,0.,-0.956304755963));
#4192 = PCURVE('',#927,#4193);
#4193 = DEFINITIONAL_REPRESENTATION('',(#4194),#4197);
#4194 = B_SPLINE_CURVE_WITH_KNOTS('',1,(#4195,#4196),.UNSPECIFIED.,.F.,
  .F.,(2,2),(-62.72104871996,-47.98624095152),.PIECEWISE_BEZIER_KNOTS.);
#4195 = CARTESIAN_POINT('',(123.50401430678,84.085898311028));
#4196 = CARTESIAN_POINT('',(109.41304755963,79.777857445009));
#4197 = ( GEOMETRIC_REPRESENTATION_CONTEXT(2) 
PARAMETRIC_REPRESENTATION_CONTEXT() REPRESENTATION_CONTEXT('2D SPACE',''
  ) );
#4198 = PCURVE('',#901,#4199);
#4199 = DEFINITIONAL_REPRESENTATION('',(#4200),#4203);
#4200 = B_SPLINE_CURVE_WITH_KNOTS('',1,(#4201,#4202),.UNSPECIFIED.,.F.,
  .F.,(2,2),(-62.72104871996,-47.98624095152),.PIECEWISE_BEZIER_KNOTS.);
#4201 = CARTESIAN_POINT('',(1.25,-17.24971625452));
#4202 = CARTESIAN_POINT('',(1.25,-31.98452402295));
#4203 = ( GEOMETRIC_REPRESENTATION_CONTEXT(2) 
PARAMETRIC_REPRESENTATION_CONTEXT() REPRESENTATION_CONTEXT('2D SPACE',''
  ) );
#4204 = ORIENTED_EDGE('',*,*,#912,.F.);
#4205 = ADVANCED_FACE('',(#4206),#901,.F.);
#4206 = FACE_BOUND('',#4207,.F.);
#4207 = EDGE_LOOP('',(#4208,#4209,#4210,#4237));
#4208 = ORIENTED_EDGE('',*,*,#4186,.T.);
#4209 = ORIENTED_EDGE('',*,*,#3593,.T.);
#4210 = ORIENTED_EDGE('',*,*,#4211,.T.);
#4211 = EDGE_CURVE('',#3594,#802,#4212,.T.);
#4212 = SURFACE_CURVE('',#4213,(#4219,#4228),.PCURVE_S1.);
#4213 = B_SPLINE_CURVE_WITH_KNOTS('',4,(#4214,#4215,#4216,#4217,#4218),
  .UNSPECIFIED.,.F.,.F.,(5,5),(0.,1.),.PIECEWISE_BEZIER_KNOTS.);
#4214 = CARTESIAN_POINT('',(-20.22214255499,0.90333705205,9.41304755963)
  );
#4215 = CARTESIAN_POINT('',(-17.88430010165,0.90333705205,
    17.059785669723));
#4216 = CARTESIAN_POINT('',(-15.54645764832,0.90333705205,
    24.706523779815));
#4217 = CARTESIAN_POINT('',(-13.20861519498,0.90333705205,
    32.353261889908));
#4218 = CARTESIAN_POINT('',(-10.87077274165,0.90333705205,40.));
#4219 = PCURVE('',#901,#4220);
#4220 = DEFINITIONAL_REPRESENTATION('',(#4221),#4227);
#4221 = B_SPLINE_CURVE_WITH_KNOTS('',4,(#4222,#4223,#4224,#4225,#4226),
  .UNSPECIFIED.,.F.,.F.,(5,5),(0.,1.),.PIECEWISE_BEZIER_KNOTS.);
#4222 = CARTESIAN_POINT('',(2.02833705205,-31.98452402295));
#4223 = CARTESIAN_POINT('',(2.02833705205,-23.98839301721));
#4224 = CARTESIAN_POINT('',(2.02833705205,-15.99226201147));
#4225 = CARTESIAN_POINT('',(2.02833705205,-7.99613100574));
#4226 = CARTESIAN_POINT('',(2.02833705205,-1.42108547152E-14));
#4227 = ( GEOMETRIC_REPRESENTATION_CONTEXT(2) 
PARAMETRIC_REPRESENTATION_CONTEXT() REPRESENTATION_CONTEXT('2D SPACE',''
  ) );
#4228 = PCURVE('',#839,#4229);
#4229 = DEFINITIONAL_REPRESENTATION('',(#4230),#4236);
#4230 = B_SPLINE_CURVE_WITH_KNOTS('',4,(#4231,#4232,#4233,#4234,#4235),
  .UNSPECIFIED.,.F.,.F.,(5,5),(0.,1.),.PIECEWISE_BEZIER_KNOTS.);
#4231 = CARTESIAN_POINT('',(5.301419960195,0.));
#4232 = CARTESIAN_POINT('',(5.301419960195,0.25));
#4233 = CARTESIAN_POINT('',(5.301419960195,0.5));
#4234 = CARTESIAN_POINT('',(5.301419960195,0.75));
#4235 = CARTESIAN_POINT('',(5.301419960195,1.));
#4236 = ( GEOMETRIC_REPRESENTATION_CONTEXT(2) 
PARAMETRIC_REPRESENTATION_CONTEXT() REPRESENTATION_CONTEXT('2D SPACE',''
  ) );
#4237 = ORIENTED_EDGE('',*,*,#886,.F.);
#4238 = ADVANCED_FACE('',(#4239),#839,.F.);
#4239 = FACE_BOUND('',#4240,.F.);
#4240 = EDGE_LOOP('',(#4241,#4242,#4243,#4263));
#4241 = ORIENTED_EDGE('',*,*,#4211,.F.);
#4242 = ORIENTED_EDGE('',*,*,#3616,.T.);
#4243 = ORIENTED_EDGE('',*,*,#4244,.T.);
#4244 = EDGE_CURVE('',#3617,#528,#4245,.T.);
#4245 = SURFACE_CURVE('',#4246,(#4249,#4256),.PCURVE_S1.);
#4246 = B_SPLINE_CURVE_WITH_KNOTS('',1,(#4247,#4248),.UNSPECIFIED.,.F.,
  .F.,(2,2),(0.,1.),.PIECEWISE_BEZIER_KNOTS.);
#4247 = CARTESIAN_POINT('',(-19.42214255499,2.4,9.41304755963));
#4248 = CARTESIAN_POINT('',(-10.07077274165,2.4,40.));
#4249 = PCURVE('',#839,#4250);
#4250 = DEFINITIONAL_REPRESENTATION('',(#4251),#4255);
#4251 = LINE('',#4252,#4253);
#4252 = CARTESIAN_POINT('',(6.28318530718,0.));
#4253 = VECTOR('',#4254,1.);
#4254 = DIRECTION('',(0.,1.));
#4255 = ( GEOMETRIC_REPRESENTATION_CONTEXT(2) 
PARAMETRIC_REPRESENTATION_CONTEXT() REPRESENTATION_CONTEXT('2D SPACE',''
  ) );
#4256 = PCURVE('',#691,#4257);
#4257 = DEFINITIONAL_REPRESENTATION('',(#4258),#4262);
#4258 = LINE('',#4259,#4260);
#4259 = CARTESIAN_POINT('',(0.,0.));
#4260 = VECTOR('',#4261,1.);
#4261 = DIRECTION('',(0.,1.));
#4262 = ( GEOMETRIC_REPRESENTATION_CONTEXT(2) 
PARAMETRIC_REPRESENTATION_CONTEXT() REPRESENTATION_CONTEXT('2D SPACE',''
  ) );
#4263 = ORIENTED_EDGE('',*,*,#801,.T.);
#4264 = ADVANCED_FACE('',(#4265),#691,.F.);
#4265 = FACE_BOUND('',#4266,.F.);
#4266 = EDGE_LOOP('',(#4267,#4268,#4269,#4270));
#4267 = ORIENTED_EDGE('',*,*,#4244,.F.);
#4268 = ORIENTED_EDGE('',*,*,#3640,.T.);
#4269 = ORIENTED_EDGE('',*,*,#3759,.T.);
#4270 = ORIENTED_EDGE('',*,*,#527,.T.);
#4271 = ADVANCED_FACE('',(#4272),#2230,.T.);
#4272 = FACE_BOUND('',#4273,.F.);
#4273 = EDGE_LOOP('',(#4274,#4275,#4298,#4325));
#4274 = ORIENTED_EDGE('',*,*,#2209,.T.);
#4275 = ORIENTED_EDGE('',*,*,#4276,.T.);
#4276 = EDGE_CURVE('',#2210,#4277,#4279,.T.);
#4277 = VERTEX_POINT('',#4278);
#4278 = CARTESIAN_POINT('',(-4.23388972147,14.375,22.595880432284));
#4279 = SEAM_CURVE('',#4280,(#4284,#4291),.PCURVE_S1.);
#4280 = LINE('',#4281,#4282);
#4281 = CARTESIAN_POINT('',(-4.617154160818,14.375,20.176043997826));
#4282 = VECTOR('',#4283,1.);
#4283 = DIRECTION('',(0.15643446504,0.,0.987688340595));
#4284 = PCURVE('',#2230,#4285);
#4285 = DEFINITIONAL_REPRESENTATION('',(#4286),#4290);
#4286 = LINE('',#4287,#4288);
#4287 = CARTESIAN_POINT('',(-6.28318530718,0.));
#4288 = VECTOR('',#4289,1.);
#4289 = DIRECTION('',(-0.,-1.));
#4290 = ( GEOMETRIC_REPRESENTATION_CONTEXT(2) 
PARAMETRIC_REPRESENTATION_CONTEXT() REPRESENTATION_CONTEXT('2D SPACE',''
  ) );
#4291 = PCURVE('',#2230,#4292);
#4292 = DEFINITIONAL_REPRESENTATION('',(#4293),#4297);
#4293 = LINE('',#4294,#4295);
#4294 = CARTESIAN_POINT('',(-0.,0.));
#4295 = VECTOR('',#4296,1.);
#4296 = DIRECTION('',(-0.,-1.));
#4297 = ( GEOMETRIC_REPRESENTATION_CONTEXT(2) 
PARAMETRIC_REPRESENTATION_CONTEXT() REPRESENTATION_CONTEXT('2D SPACE',''
  ) );
#4298 = ORIENTED_EDGE('',*,*,#4299,.T.);
#4299 = EDGE_CURVE('',#4277,#4277,#4300,.T.);
#4300 = SURFACE_CURVE('',#4301,(#4306,#4313),.PCURVE_S1.);
#4301 = CIRCLE('',#4302,1.5);
#4302 = AXIS2_PLACEMENT_3D('',#4303,#4304,#4305);
#4303 = CARTESIAN_POINT('',(-5.715422232362,14.375,22.830532129844));
#4304 = DIRECTION('',(0.15643446504,-0.,0.987688340595));
#4305 = DIRECTION('',(0.987688340595,0.,-0.15643446504));
#4306 = PCURVE('',#2230,#4307);
#4307 = DEFINITIONAL_REPRESENTATION('',(#4308),#4312);
#4308 = LINE('',#4309,#4310);
#4309 = CARTESIAN_POINT('',(-0.,-2.45));
#4310 = VECTOR('',#4311,1.);
#4311 = DIRECTION('',(-1.,0.));
#4312 = ( GEOMETRIC_REPRESENTATION_CONTEXT(2) 
PARAMETRIC_REPRESENTATION_CONTEXT() REPRESENTATION_CONTEXT('2D SPACE',''
  ) );
#4313 = PCURVE('',#4314,#4319);
#4314 = PLANE('',#4315);
#4315 = AXIS2_PLACEMENT_3D('',#4316,#4317,#4318);
#4316 = CARTESIAN_POINT('',(-5.715422232362,14.375,22.830532129844));
#4317 = DIRECTION('',(0.15643446504,0.,0.987688340595));
#4318 = DIRECTION('',(0.987688340595,0.,-0.15643446504));
#4319 = DEFINITIONAL_REPRESENTATION('',(#4320),#4324);
#4320 = CIRCLE('',#4321,1.5);
#4321 = AXIS2_PLACEMENT_2D('',#4322,#4323);
#4322 = CARTESIAN_POINT('',(8.77243469506E-16,0.));
#4323 = DIRECTION('',(1.,0.));
#4324 = ( GEOMETRIC_REPRESENTATION_CONTEXT(2) 
PARAMETRIC_REPRESENTATION_CONTEXT() REPRESENTATION_CONTEXT('2D SPACE',''
  ) );
#4325 = ORIENTED_EDGE('',*,*,#4276,.F.);
#4326 = ADVANCED_FACE('',(#4327),#2309,.T.);
#4327 = FACE_BOUND('',#4328,.T.);
#4328 = EDGE_LOOP('',(#4329,#4330,#4331,#4332,#4333,#4334,#4335,#4358,
    #4382,#4406));
#4329 = ORIENTED_EDGE('',*,*,#2294,.T.);
#4330 = ORIENTED_EDGE('',*,*,#3793,.T.);
#4331 = ORIENTED_EDGE('',*,*,#3848,.T.);
#4332 = ORIENTED_EDGE('',*,*,#3898,.T.);
#4333 = ORIENTED_EDGE('',*,*,#3953,.T.);
#4334 = ORIENTED_EDGE('',*,*,#4050,.T.);
#4335 = ORIENTED_EDGE('',*,*,#4336,.T.);
#4336 = EDGE_CURVE('',#4000,#4337,#4339,.T.);
#4337 = VERTEX_POINT('',#4338);
#4338 = CARTESIAN_POINT('',(27.777857445009,-1.229670691151,
    9.41304755963));
#4339 = SURFACE_CURVE('',#4340,(#4344,#4351),.PCURVE_S1.);
#4340 = LINE('',#4341,#4342);
#4341 = CARTESIAN_POINT('',(27.777857445009,1.125,9.41304755963));
#4342 = VECTOR('',#4343,1.);
#4343 = DIRECTION('',(0.,-1.,0.));
#4344 = PCURVE('',#2309,#4345);
#4345 = DEFINITIONAL_REPRESENTATION('',(#4346),#4350);
#4346 = LINE('',#4347,#4348);
#4347 = CARTESIAN_POINT('',(-1.1,-1.775));
#4348 = VECTOR('',#4349,1.);
#4349 = DIRECTION('',(0.,-1.));
#4350 = ( GEOMETRIC_REPRESENTATION_CONTEXT(2) 
PARAMETRIC_REPRESENTATION_CONTEXT() REPRESENTATION_CONTEXT('2D SPACE',''
  ) );
#4351 = PCURVE('',#3251,#4352);
#4352 = DEFINITIONAL_REPRESENTATION('',(#4353),#4357);
#4353 = LINE('',#4354,#4355);
#4354 = CARTESIAN_POINT('',(0.,0.));
#4355 = VECTOR('',#4356,1.);
#4356 = DIRECTION('',(1.,0.));
#4357 = ( GEOMETRIC_REPRESENTATION_CONTEXT(2) 
PARAMETRIC_REPRESENTATION_CONTEXT() REPRESENTATION_CONTEXT('2D SPACE',''
  ) );
#4358 = ORIENTED_EDGE('',*,*,#4359,.T.);
#4359 = EDGE_CURVE('',#4337,#4360,#4362,.T.);
#4360 = VERTEX_POINT('',#4361);
#4361 = CARTESIAN_POINT('',(30.877857445009,-2.9,9.41304755963));
#4362 = SURFACE_CURVE('',#4363,(#4368,#4375),.PCURVE_S1.);
#4363 = CIRCLE('',#4364,2.);
#4364 = AXIS2_PLACEMENT_3D('',#4365,#4366,#4367);
#4365 = CARTESIAN_POINT('',(28.877857445009,-2.9,9.41304755963));
#4366 = DIRECTION('',(0.,0.,1.));
#4367 = DIRECTION('',(1.,0.,0.));
#4368 = PCURVE('',#2309,#4369);
#4369 = DEFINITIONAL_REPRESENTATION('',(#4370),#4374);
#4370 = CIRCLE('',#4371,2.);
#4371 = AXIS2_PLACEMENT_2D('',#4372,#4373);
#4372 = CARTESIAN_POINT('',(0.,-5.8));
#4373 = DIRECTION('',(1.,0.));
#4374 = ( GEOMETRIC_REPRESENTATION_CONTEXT(2) 
PARAMETRIC_REPRESENTATION_CONTEXT() REPRESENTATION_CONTEXT('2D SPACE',''
  ) );
#4375 = PCURVE('',#3280,#4376);
#4376 = DEFINITIONAL_REPRESENTATION('',(#4377),#4381);
#4377 = LINE('',#4378,#4379);
#4378 = CARTESIAN_POINT('',(0.,1.));
#4379 = VECTOR('',#4380,1.);
#4380 = DIRECTION('',(1.,0.));
#4381 = ( GEOMETRIC_REPRESENTATION_CONTEXT(2) 
PARAMETRIC_REPRESENTATION_CONTEXT() REPRESENTATION_CONTEXT('2D SPACE',''
  ) );
#4382 = ORIENTED_EDGE('',*,*,#4383,.T.);
#4383 = EDGE_CURVE('',#4360,#4384,#4386,.T.);
#4384 = VERTEX_POINT('',#4385);
#4385 = CARTESIAN_POINT('',(29.977857445009,-1.229670691151,
    9.41304755963));
#4386 = SURFACE_CURVE('',#4387,(#4392,#4399),.PCURVE_S1.);
#4387 = CIRCLE('',#4388,2.);
#4388 = AXIS2_PLACEMENT_3D('',#4389,#4390,#4391);
#4389 = CARTESIAN_POINT('',(28.877857445009,-2.9,9.41304755963));
#4390 = DIRECTION('',(0.,0.,1.));
#4391 = DIRECTION('',(1.,0.,0.));
#4392 = PCURVE('',#2309,#4393);
#4393 = DEFINITIONAL_REPRESENTATION('',(#4394),#4398);
#4394 = CIRCLE('',#4395,2.);
#4395 = AXIS2_PLACEMENT_2D('',#4396,#4397);
#4396 = CARTESIAN_POINT('',(0.,-5.8));
#4397 = DIRECTION('',(1.,0.));
#4398 = ( GEOMETRIC_REPRESENTATION_CONTEXT(2) 
PARAMETRIC_REPRESENTATION_CONTEXT() REPRESENTATION_CONTEXT('2D SPACE',''
  ) );
#4399 = PCURVE('',#3333,#4400);
#4400 = DEFINITIONAL_REPRESENTATION('',(#4401),#4405);
#4401 = LINE('',#4402,#4403);
#4402 = CARTESIAN_POINT('',(0.,1.));
#4403 = VECTOR('',#4404,1.);
#4404 = DIRECTION('',(1.,0.));
#4405 = ( GEOMETRIC_REPRESENTATION_CONTEXT(2) 
PARAMETRIC_REPRESENTATION_CONTEXT() REPRESENTATION_CONTEXT('2D SPACE',''
  ) );
#4406 = ORIENTED_EDGE('',*,*,#4407,.T.);
#4407 = EDGE_CURVE('',#4384,#2269,#4408,.T.);
#4408 = SURFACE_CURVE('',#4409,(#4413,#4420),.PCURVE_S1.);
#4409 = LINE('',#4410,#4411);
#4410 = CARTESIAN_POINT('',(29.977857445009,-2.9,9.41304755963));
#4411 = VECTOR('',#4412,1.);
#4412 = DIRECTION('',(0.,1.,0.));
#4413 = PCURVE('',#2309,#4414);
#4414 = DEFINITIONAL_REPRESENTATION('',(#4415),#4419);
#4415 = LINE('',#4416,#4417);
#4416 = CARTESIAN_POINT('',(1.1,-5.8));
#4417 = VECTOR('',#4418,1.);
#4418 = DIRECTION('',(0.,1.));
#4419 = ( GEOMETRIC_REPRESENTATION_CONTEXT(2) 
PARAMETRIC_REPRESENTATION_CONTEXT() REPRESENTATION_CONTEXT('2D SPACE',''
  ) );
#4420 = PCURVE('',#2283,#4421);
#4421 = DEFINITIONAL_REPRESENTATION('',(#4422),#4426);
#4422 = LINE('',#4423,#4424);
#4423 = CARTESIAN_POINT('',(0.,0.));
#4424 = VECTOR('',#4425,1.);
#4425 = DIRECTION('',(1.,0.));
#4426 = ( GEOMETRIC_REPRESENTATION_CONTEXT(2) 
PARAMETRIC_REPRESENTATION_CONTEXT() REPRESENTATION_CONTEXT('2D SPACE',''
  ) );
#4427 = ADVANCED_FACE('',(#4428),#2283,.T.);
#4428 = FACE_BOUND('',#4429,.T.);
#4429 = EDGE_LOOP('',(#4430,#4457,#4458,#4459));
#4430 = ORIENTED_EDGE('',*,*,#4431,.F.);
#4431 = EDGE_CURVE('',#3317,#4384,#4432,.T.);
#4432 = SURFACE_CURVE('',#4433,(#4439,#4448),.PCURVE_S1.);
#4433 = B_SPLINE_CURVE_WITH_KNOTS('',4,(#4434,#4435,#4436,#4437,#4438),
  .UNSPECIFIED.,.F.,.F.,(5,5),(0.,1.),.PIECEWISE_BEZIER_KNOTS.);
#4434 = CARTESIAN_POINT('',(27.1,-1.229670699175,0.));
#4435 = CARTESIAN_POINT('',(27.819464361252,-1.229670699175,
    2.353261889908));
#4436 = CARTESIAN_POINT('',(28.538928722504,-1.229670699175,
    4.706523779815));
#4437 = CARTESIAN_POINT('',(29.258393083756,-1.229670699175,
    7.059785669723));
#4438 = CARTESIAN_POINT('',(29.977857445009,-1.229670699175,
    9.41304755963));
#4439 = PCURVE('',#2283,#4440);
#4440 = DEFINITIONAL_REPRESENTATION('',(#4441),#4447);
#4441 = B_SPLINE_CURVE_WITH_KNOTS('',4,(#4442,#4443,#4444,#4445,#4446),
  .UNSPECIFIED.,.F.,.F.,(5,5),(0.,1.),.PIECEWISE_BEZIER_KNOTS.);
#4442 = CARTESIAN_POINT('',(1.670329300825,-9.843146236527));
#4443 = CARTESIAN_POINT('',(1.670329300825,-7.382359677395));
#4444 = CARTESIAN_POINT('',(1.670329300825,-4.921573118263));
#4445 = CARTESIAN_POINT('',(1.670329300825,-2.460786559132));
#4446 = CARTESIAN_POINT('',(1.670329300825,0.));
#4447 = ( GEOMETRIC_REPRESENTATION_CONTEXT(2) 
PARAMETRIC_REPRESENTATION_CONTEXT() REPRESENTATION_CONTEXT('2D SPACE',''
  ) );
#4448 = PCURVE('',#3333,#4449);
#4449 = DEFINITIONAL_REPRESENTATION('',(#4450),#4456);
#4450 = B_SPLINE_CURVE_WITH_KNOTS('',4,(#4451,#4452,#4453,#4454,#4455),
  .UNSPECIFIED.,.F.,.F.,(5,5),(0.,1.),.PIECEWISE_BEZIER_KNOTS.);
#4451 = CARTESIAN_POINT('',(0.988432078742,0.));
#4452 = CARTESIAN_POINT('',(0.988432078742,0.25));
#4453 = CARTESIAN_POINT('',(0.988432078742,0.5));
#4454 = CARTESIAN_POINT('',(0.988432078742,0.75));
#4455 = CARTESIAN_POINT('',(0.988432078742,1.));
#4456 = ( GEOMETRIC_REPRESENTATION_CONTEXT(2) 
PARAMETRIC_REPRESENTATION_CONTEXT() REPRESENTATION_CONTEXT('2D SPACE',''
  ) );
#4457 = ORIENTED_EDGE('',*,*,#3369,.T.);
#4458 = ORIENTED_EDGE('',*,*,#2268,.F.);
#4459 = ORIENTED_EDGE('',*,*,#4407,.F.);
#4460 = ADVANCED_FACE('',(#4461),#3333,.T.);
#4461 = FACE_BOUND('',#4462,.T.);
#4462 = EDGE_LOOP('',(#4463,#4483,#4484,#4485));
#4463 = ORIENTED_EDGE('',*,*,#4464,.F.);
#4464 = EDGE_CURVE('',#3264,#4360,#4465,.T.);
#4465 = SURFACE_CURVE('',#4466,(#4469,#4476),.PCURVE_S1.);
#4466 = B_SPLINE_CURVE_WITH_KNOTS('',1,(#4467,#4468),.UNSPECIFIED.,.F.,
  .F.,(2,2),(0.,1.),.PIECEWISE_BEZIER_KNOTS.);
#4467 = CARTESIAN_POINT('',(28.,-2.9,0.));
#4468 = CARTESIAN_POINT('',(30.877857445009,-2.9,9.41304755963));
#4469 = PCURVE('',#3333,#4470);
#4470 = DEFINITIONAL_REPRESENTATION('',(#4471),#4475);
#4471 = LINE('',#4472,#4473);
#4472 = CARTESIAN_POINT('',(0.,0.));
#4473 = VECTOR('',#4474,1.);
#4474 = DIRECTION('',(0.,1.));
#4475 = ( GEOMETRIC_REPRESENTATION_CONTEXT(2) 
PARAMETRIC_REPRESENTATION_CONTEXT() REPRESENTATION_CONTEXT('2D SPACE',''
  ) );
#4476 = PCURVE('',#3280,#4477);
#4477 = DEFINITIONAL_REPRESENTATION('',(#4478),#4482);
#4478 = LINE('',#4479,#4480);
#4479 = CARTESIAN_POINT('',(6.28318530718,0.));
#4480 = VECTOR('',#4481,1.);
#4481 = DIRECTION('',(0.,1.));
#4482 = ( GEOMETRIC_REPRESENTATION_CONTEXT(2) 
PARAMETRIC_REPRESENTATION_CONTEXT() REPRESENTATION_CONTEXT('2D SPACE',''
  ) );
#4483 = ORIENTED_EDGE('',*,*,#3316,.T.);
#4484 = ORIENTED_EDGE('',*,*,#4431,.T.);
#4485 = ORIENTED_EDGE('',*,*,#4383,.F.);
#4486 = ADVANCED_FACE('',(#4487),#3280,.T.);
#4487 = FACE_BOUND('',#4488,.T.);
#4488 = EDGE_LOOP('',(#4489,#4490,#4491,#4492));
#4489 = ORIENTED_EDGE('',*,*,#3263,.T.);
#4490 = ORIENTED_EDGE('',*,*,#4464,.T.);
#4491 = ORIENTED_EDGE('',*,*,#4359,.F.);
#4492 = ORIENTED_EDGE('',*,*,#4493,.F.);
#4493 = EDGE_CURVE('',#3236,#4337,#4494,.T.);
#4494 = SURFACE_CURVE('',#4495,(#4501,#4510),.PCURVE_S1.);
#4495 = B_SPLINE_CURVE_WITH_KNOTS('',4,(#4496,#4497,#4498,#4499,#4500),
  .UNSPECIFIED.,.F.,.F.,(5,5),(0.,1.),.PIECEWISE_BEZIER_KNOTS.);
#4496 = CARTESIAN_POINT('',(24.9,-1.229670683801,0.));
#4497 = CARTESIAN_POINT('',(25.619464361252,-1.229670683801,
    2.353261889908));
#4498 = CARTESIAN_POINT('',(26.338928722504,-1.229670683801,
    4.706523779815));
#4499 = CARTESIAN_POINT('',(27.058393083756,-1.229670683801,
    7.059785669723));
#4500 = CARTESIAN_POINT('',(27.777857445009,-1.229670683801,
    9.41304755963));
#4501 = PCURVE('',#3280,#4502);
#4502 = DEFINITIONAL_REPRESENTATION('',(#4503),#4509);
#4503 = B_SPLINE_CURVE_WITH_KNOTS('',4,(#4504,#4505,#4506,#4507,#4508),
  .UNSPECIFIED.,.F.,.F.,(5,5),(0.,1.),.PIECEWISE_BEZIER_KNOTS.);
#4504 = CARTESIAN_POINT('',(2.153160560555,0.));
#4505 = CARTESIAN_POINT('',(2.153160560555,0.25));
#4506 = CARTESIAN_POINT('',(2.153160560555,0.5));
#4507 = CARTESIAN_POINT('',(2.153160560555,0.75));
#4508 = CARTESIAN_POINT('',(2.153160560555,1.));
#4509 = ( GEOMETRIC_REPRESENTATION_CONTEXT(2) 
PARAMETRIC_REPRESENTATION_CONTEXT() REPRESENTATION_CONTEXT('2D SPACE',''
  ) );
#4510 = PCURVE('',#3251,#4511);
#4511 = DEFINITIONAL_REPRESENTATION('',(#4512),#4518);
#4512 = B_SPLINE_CURVE_WITH_KNOTS('',4,(#4513,#4514,#4515,#4516,#4517),
  .UNSPECIFIED.,.F.,.F.,(5,5),(0.,1.),.PIECEWISE_BEZIER_KNOTS.);
#4513 = CARTESIAN_POINT('',(2.354670683801,-9.843146236527));
#4514 = CARTESIAN_POINT('',(2.354670683801,-7.382359677395));
#4515 = CARTESIAN_POINT('',(2.354670683801,-4.921573118263));
#4516 = CARTESIAN_POINT('',(2.354670683801,-2.460786559132));
#4517 = CARTESIAN_POINT('',(2.354670683801,-1.06581410364E-14));
#4518 = ( GEOMETRIC_REPRESENTATION_CONTEXT(2) 
PARAMETRIC_REPRESENTATION_CONTEXT() REPRESENTATION_CONTEXT('2D SPACE',''
  ) );
#4519 = ADVANCED_FACE('',(#4520),#3251,.T.);
#4520 = FACE_BOUND('',#4521,.T.);
#4521 = EDGE_LOOP('',(#4522,#4523,#4524,#4525));
#4522 = ORIENTED_EDGE('',*,*,#3999,.F.);
#4523 = ORIENTED_EDGE('',*,*,#3235,.T.);
#4524 = ORIENTED_EDGE('',*,*,#4493,.T.);
#4525 = ORIENTED_EDGE('',*,*,#4336,.F.);
#4526 = ADVANCED_FACE('',(#4527),#2491,.T.);
#4527 = FACE_BOUND('',#4528,.T.);
#4528 = EDGE_LOOP('',(#4529,#4556,#4557,#4558));
#4529 = ORIENTED_EDGE('',*,*,#4530,.F.);
#4530 = EDGE_CURVE('',#2423,#3712,#4531,.T.);
#4531 = SURFACE_CURVE('',#4532,(#4538,#4547),.PCURVE_S1.);
#4532 = B_SPLINE_CURVE_WITH_KNOTS('',4,(#4533,#4534,#4535,#4536,#4537),
  .UNSPECIFIED.,.F.,.F.,(5,5),(0.,1.),.PIECEWISE_BEZIER_KNOTS.);
#4533 = CARTESIAN_POINT('',(-23.3,-1.014359362864,0.));
#4534 = CARTESIAN_POINT('',(-22.58053563874,-1.014359362864,
    2.353261889908));
#4535 = CARTESIAN_POINT('',(-21.86107127749,-1.014359362864,
    4.706523779815));
#4536 = CARTESIAN_POINT('',(-21.14160691624,-1.014359362864,
    7.059785669723));
#4537 = CARTESIAN_POINT('',(-20.42214255499,-1.014359362864,
    9.41304755963));
#4538 = PCURVE('',#2491,#4539);
#4539 = DEFINITIONAL_REPRESENTATION('',(#4540),#4546);
#4540 = B_SPLINE_CURVE_WITH_KNOTS('',4,(#4541,#4542,#4543,#4544,#4545),
  .UNSPECIFIED.,.F.,.F.,(5,5),(0.,1.),.PIECEWISE_BEZIER_KNOTS.);
#4541 = CARTESIAN_POINT('',(1.385640637136,-9.843146236527));
#4542 = CARTESIAN_POINT('',(1.385640637136,-7.382359677395));
#4543 = CARTESIAN_POINT('',(1.385640637136,-4.921573118264));
#4544 = CARTESIAN_POINT('',(1.385640637136,-2.460786559132));
#4545 = CARTESIAN_POINT('',(1.385640637136,0.));
#4546 = ( GEOMETRIC_REPRESENTATION_CONTEXT(2) 
PARAMETRIC_REPRESENTATION_CONTEXT() REPRESENTATION_CONTEXT('2D SPACE',''
  ) );
#4547 = PCURVE('',#2439,#4548);
#4548 = DEFINITIONAL_REPRESENTATION('',(#4549),#4555);
#4549 = B_SPLINE_CURVE_WITH_KNOTS('',4,(#4550,#4551,#4552,#4553,#4554),
  .UNSPECIFIED.,.F.,.F.,(5,5),(0.,1.),.PIECEWISE_BEZIER_KNOTS.);
#4550 = CARTESIAN_POINT('',(1.047197536855,0.));
#4551 = CARTESIAN_POINT('',(1.047197536855,0.25));
#4552 = CARTESIAN_POINT('',(1.047197536855,0.5));
#4553 = CARTESIAN_POINT('',(1.047197536855,0.75));
#4554 = CARTESIAN_POINT('',(1.047197536855,1.));
#4555 = ( GEOMETRIC_REPRESENTATION_CONTEXT(2) 
PARAMETRIC_REPRESENTATION_CONTEXT() REPRESENTATION_CONTEXT('2D SPACE',''
  ) );
#4556 = ORIENTED_EDGE('',*,*,#2475,.T.);
#4557 = ORIENTED_EDGE('',*,*,#4166,.F.);
#4558 = ORIENTED_EDGE('',*,*,#3735,.F.);
#4559 = ADVANCED_FACE('',(#4560),#2439,.T.);
#4560 = FACE_BOUND('',#4561,.T.);
#4561 = EDGE_LOOP('',(#4562,#4582,#4583,#4584));
#4562 = ORIENTED_EDGE('',*,*,#4563,.F.);
#4563 = EDGE_CURVE('',#2370,#3688,#4564,.T.);
#4564 = SURFACE_CURVE('',#4565,(#4568,#4575),.PCURVE_S1.);
#4565 = B_SPLINE_CURVE_WITH_KNOTS('',1,(#4566,#4567),.UNSPECIFIED.,.F.,
  .F.,(2,2),(0.,1.),.PIECEWISE_BEZIER_KNOTS.);
#4566 = CARTESIAN_POINT('',(-22.5,-2.4,0.));
#4567 = CARTESIAN_POINT('',(-19.62214255499,-2.4,9.41304755963));
#4568 = PCURVE('',#2439,#4569);
#4569 = DEFINITIONAL_REPRESENTATION('',(#4570),#4574);
#4570 = LINE('',#4571,#4572);
#4571 = CARTESIAN_POINT('',(0.,0.));
#4572 = VECTOR('',#4573,1.);
#4573 = DIRECTION('',(0.,1.));
#4574 = ( GEOMETRIC_REPRESENTATION_CONTEXT(2) 
PARAMETRIC_REPRESENTATION_CONTEXT() REPRESENTATION_CONTEXT('2D SPACE',''
  ) );
#4575 = PCURVE('',#2386,#4576);
#4576 = DEFINITIONAL_REPRESENTATION('',(#4577),#4581);
#4577 = LINE('',#4578,#4579);
#4578 = CARTESIAN_POINT('',(6.28318530718,0.));
#4579 = VECTOR('',#4580,1.);
#4580 = DIRECTION('',(0.,1.));
#4581 = ( GEOMETRIC_REPRESENTATION_CONTEXT(2) 
PARAMETRIC_REPRESENTATION_CONTEXT() REPRESENTATION_CONTEXT('2D SPACE',''
  ) );
#4582 = ORIENTED_EDGE('',*,*,#2422,.T.);
#4583 = ORIENTED_EDGE('',*,*,#4530,.T.);
#4584 = ORIENTED_EDGE('',*,*,#3711,.F.);
#4585 = ADVANCED_FACE('',(#4586),#2386,.T.);
#4586 = FACE_BOUND('',#4587,.T.);
#4587 = EDGE_LOOP('',(#4588,#4589,#4590,#4591));
#4588 = ORIENTED_EDGE('',*,*,#2369,.T.);
#4589 = ORIENTED_EDGE('',*,*,#4563,.T.);
#4590 = ORIENTED_EDGE('',*,*,#3687,.F.);
#4591 = ORIENTED_EDGE('',*,*,#3516,.F.);
#4592 = ADVANCED_FACE('',(#4593),#3410,.F.);
#4593 = FACE_BOUND('',#4594,.F.);
#4594 = EDGE_LOOP('',(#4595,#4596,#4619,#4647));
#4595 = ORIENTED_EDGE('',*,*,#3393,.T.);
#4596 = ORIENTED_EDGE('',*,*,#4597,.T.);
#4597 = EDGE_CURVE('',#3396,#4598,#4600,.T.);
#4598 = VERTEX_POINT('',#4599);
#4599 = CARTESIAN_POINT('',(21.765113225257,5.472166541539,2.5));
#4600 = SURFACE_CURVE('',#4601,(#4605,#4612),.PCURVE_S1.);
#4601 = LINE('',#4602,#4603);
#4602 = CARTESIAN_POINT('',(21.765113225257,5.472166541539,-1.));
#4603 = VECTOR('',#4604,1.);
#4604 = DIRECTION('',(0.,0.,1.));
#4605 = PCURVE('',#3410,#4606);
#4606 = DEFINITIONAL_REPRESENTATION('',(#4607),#4611);
#4607 = LINE('',#4608,#4609);
#4608 = CARTESIAN_POINT('',(0.,0.));
#4609 = VECTOR('',#4610,1.);
#4610 = DIRECTION('',(0.,-1.));
#4611 = ( GEOMETRIC_REPRESENTATION_CONTEXT(2) 
PARAMETRIC_REPRESENTATION_CONTEXT() REPRESENTATION_CONTEXT('2D SPACE',''
  ) );
#4612 = PCURVE('',#3499,#4613);
#4613 = DEFINITIONAL_REPRESENTATION('',(#4614),#4618);
#4614 = LINE('',#4615,#4616);
#4615 = CARTESIAN_POINT('',(3.14159265359,0.));
#4616 = VECTOR('',#4617,1.);
#4617 = DIRECTION('',(0.,-1.));
#4618 = ( GEOMETRIC_REPRESENTATION_CONTEXT(2) 
PARAMETRIC_REPRESENTATION_CONTEXT() REPRESENTATION_CONTEXT('2D SPACE',''
  ) );
#4619 = ORIENTED_EDGE('',*,*,#4620,.T.);
#4620 = EDGE_CURVE('',#4598,#4621,#4623,.T.);
#4621 = VERTEX_POINT('',#4622);
#4622 = CARTESIAN_POINT('',(17.014676845516,7.587197085533,2.5));
#4623 = SURFACE_CURVE('',#4624,(#4628,#4635),.PCURVE_S1.);
#4624 = LINE('',#4625,#4626);
#4625 = CARTESIAN_POINT('',(21.765113225257,5.472166541539,2.5));
#4626 = VECTOR('',#4627,1.);
#4627 = DIRECTION('',(-0.913545457643,0.406736643076,0.));
#4628 = PCURVE('',#3410,#4629);
#4629 = DEFINITIONAL_REPRESENTATION('',(#4630),#4634);
#4630 = LINE('',#4631,#4632);
#4631 = CARTESIAN_POINT('',(0.,-3.5));
#4632 = VECTOR('',#4633,1.);
#4633 = DIRECTION('',(1.,0.));
#4634 = ( GEOMETRIC_REPRESENTATION_CONTEXT(2) 
PARAMETRIC_REPRESENTATION_CONTEXT() REPRESENTATION_CONTEXT('2D SPACE',''
  ) );
#4635 = PCURVE('',#4636,#4641);
#4636 = PLANE('',#4637);
#4637 = AXIS2_PLACEMENT_3D('',#4638,#4639,#4640);
#4638 = CARTESIAN_POINT('',(20.,7.9,2.5));
#4639 = DIRECTION('',(-0.,-0.,-1.));
#4640 = DIRECTION('',(-1.,0.,0.));
#4641 = DEFINITIONAL_REPRESENTATION('',(#4642),#4646);
#4642 = LINE('',#4643,#4644);
#4643 = CARTESIAN_POINT('',(-1.765113225257,-2.427833458461));
#4644 = VECTOR('',#4645,1.);
#4645 = DIRECTION('',(0.913545457643,0.406736643076));
#4646 = ( GEOMETRIC_REPRESENTATION_CONTEXT(2) 
PARAMETRIC_REPRESENTATION_CONTEXT() REPRESENTATION_CONTEXT('2D SPACE',''
  ) );
#4647 = ORIENTED_EDGE('',*,*,#4648,.F.);
#4648 = EDGE_CURVE('',#3394,#4621,#4649,.T.);
#4649 = SURFACE_CURVE('',#4650,(#4654,#4661),.PCURVE_S1.);
#4650 = LINE('',#4651,#4652);
#4651 = CARTESIAN_POINT('',(17.014676845516,7.587197085533,-1.));
#4652 = VECTOR('',#4653,1.);
#4653 = DIRECTION('',(0.,0.,1.));
#4654 = PCURVE('',#3410,#4655);
#4655 = DEFINITIONAL_REPRESENTATION('',(#4656),#4660);
#4656 = LINE('',#4657,#4658);
#4657 = CARTESIAN_POINT('',(5.2,0.));
#4658 = VECTOR('',#4659,1.);
#4659 = DIRECTION('',(0.,-1.));
#4660 = ( GEOMETRIC_REPRESENTATION_CONTEXT(2) 
PARAMETRIC_REPRESENTATION_CONTEXT() REPRESENTATION_CONTEXT('2D SPACE',''
  ) );
#4661 = PCURVE('',#3442,#4662);
#4662 = DEFINITIONAL_REPRESENTATION('',(#4663),#4667);
#4663 = LINE('',#4664,#4665);
#4664 = CARTESIAN_POINT('',(0.,0.));
#4665 = VECTOR('',#4666,1.);
#4666 = DIRECTION('',(0.,-1.));
#4667 = ( GEOMETRIC_REPRESENTATION_CONTEXT(2) 
PARAMETRIC_REPRESENTATION_CONTEXT() REPRESENTATION_CONTEXT('2D SPACE',''
  ) );
#4668 = ADVANCED_FACE('',(#4669),#3499,.F.);
#4669 = FACE_BOUND('',#4670,.F.);
#4670 = EDGE_LOOP('',(#4671,#4672,#4695,#4717));
#4671 = ORIENTED_EDGE('',*,*,#3480,.F.);
#4672 = ORIENTED_EDGE('',*,*,#4673,.T.);
#4673 = EDGE_CURVE('',#3455,#4674,#4676,.T.);
#4674 = VERTEX_POINT('',#4675);
#4675 = CARTESIAN_POINT('',(22.985323154484,8.212802914467,2.5));
#4676 = SURFACE_CURVE('',#4677,(#4681,#4688),.PCURVE_S1.);
#4677 = LINE('',#4678,#4679);
#4678 = CARTESIAN_POINT('',(22.985323154484,8.212802914467,-1.));
#4679 = VECTOR('',#4680,1.);
#4680 = DIRECTION('',(0.,0.,1.));
#4681 = PCURVE('',#3499,#4682);
#4682 = DEFINITIONAL_REPRESENTATION('',(#4683),#4687);
#4683 = LINE('',#4684,#4685);
#4684 = CARTESIAN_POINT('',(0.,0.));
#4685 = VECTOR('',#4686,1.);
#4686 = DIRECTION('',(0.,-1.));
#4687 = ( GEOMETRIC_REPRESENTATION_CONTEXT(2) 
PARAMETRIC_REPRESENTATION_CONTEXT() REPRESENTATION_CONTEXT('2D SPACE',''
  ) );
#4688 = PCURVE('',#3469,#4689);
#4689 = DEFINITIONAL_REPRESENTATION('',(#4690),#4694);
#4690 = LINE('',#4691,#4692);
#4691 = CARTESIAN_POINT('',(5.2,0.));
#4692 = VECTOR('',#4693,1.);
#4693 = DIRECTION('',(0.,-1.));
#4694 = ( GEOMETRIC_REPRESENTATION_CONTEXT(2) 
PARAMETRIC_REPRESENTATION_CONTEXT() REPRESENTATION_CONTEXT('2D SPACE',''
  ) );
#4695 = ORIENTED_EDGE('',*,*,#4696,.T.);
#4696 = EDGE_CURVE('',#4674,#4598,#4697,.T.);
#4697 = SURFACE_CURVE('',#4698,(#4703,#4710),.PCURVE_S1.);
#4698 = CIRCLE('',#4699,1.5);
#4699 = AXIS2_PLACEMENT_3D('',#4700,#4701,#4702);
#4700 = CARTESIAN_POINT('',(22.375218189871,6.842484728003,2.5));
#4701 = DIRECTION('',(0.,0.,-1.));
#4702 = DIRECTION('',(0.406736643076,0.913545457643,0.));
#4703 = PCURVE('',#3499,#4704);
#4704 = DEFINITIONAL_REPRESENTATION('',(#4705),#4709);
#4705 = LINE('',#4706,#4707);
#4706 = CARTESIAN_POINT('',(0.,-3.5));
#4707 = VECTOR('',#4708,1.);
#4708 = DIRECTION('',(1.,0.));
#4709 = ( GEOMETRIC_REPRESENTATION_CONTEXT(2) 
PARAMETRIC_REPRESENTATION_CONTEXT() REPRESENTATION_CONTEXT('2D SPACE',''
  ) );
#4710 = PCURVE('',#4636,#4711);
#4711 = DEFINITIONAL_REPRESENTATION('',(#4712),#4716);
#4712 = CIRCLE('',#4713,1.5);
#4713 = AXIS2_PLACEMENT_2D('',#4714,#4715);
#4714 = CARTESIAN_POINT('',(-2.375218189871,-1.057515271997));
#4715 = DIRECTION('',(-0.406736643076,0.913545457643));
#4716 = ( GEOMETRIC_REPRESENTATION_CONTEXT(2) 
PARAMETRIC_REPRESENTATION_CONTEXT() REPRESENTATION_CONTEXT('2D SPACE',''
  ) );
#4717 = ORIENTED_EDGE('',*,*,#4597,.F.);
#4718 = ADVANCED_FACE('',(#4719),#3469,.F.);
#4719 = FACE_BOUND('',#4720,.F.);
#4720 = EDGE_LOOP('',(#4721,#4722,#4745,#4766));
#4721 = ORIENTED_EDGE('',*,*,#3454,.T.);
#4722 = ORIENTED_EDGE('',*,*,#4723,.T.);
#4723 = EDGE_CURVE('',#3422,#4724,#4726,.T.);
#4724 = VERTEX_POINT('',#4725);
#4725 = CARTESIAN_POINT('',(18.234886774743,10.327833458461,2.5));
#4726 = SURFACE_CURVE('',#4727,(#4731,#4738),.PCURVE_S1.);
#4727 = LINE('',#4728,#4729);
#4728 = CARTESIAN_POINT('',(18.234886774743,10.327833458461,-1.));
#4729 = VECTOR('',#4730,1.);
#4730 = DIRECTION('',(0.,0.,1.));
#4731 = PCURVE('',#3469,#4732);
#4732 = DEFINITIONAL_REPRESENTATION('',(#4733),#4737);
#4733 = LINE('',#4734,#4735);
#4734 = CARTESIAN_POINT('',(0.,0.));
#4735 = VECTOR('',#4736,1.);
#4736 = DIRECTION('',(0.,-1.));
#4737 = ( GEOMETRIC_REPRESENTATION_CONTEXT(2) 
PARAMETRIC_REPRESENTATION_CONTEXT() REPRESENTATION_CONTEXT('2D SPACE',''
  ) );
#4738 = PCURVE('',#3442,#4739);
#4739 = DEFINITIONAL_REPRESENTATION('',(#4740),#4744);
#4740 = LINE('',#4741,#4742);
#4741 = CARTESIAN_POINT('',(3.14159265359,0.));
#4742 = VECTOR('',#4743,1.);
#4743 = DIRECTION('',(0.,-1.));
#4744 = ( GEOMETRIC_REPRESENTATION_CONTEXT(2) 
PARAMETRIC_REPRESENTATION_CONTEXT() REPRESENTATION_CONTEXT('2D SPACE',''
  ) );
#4745 = ORIENTED_EDGE('',*,*,#4746,.T.);
#4746 = EDGE_CURVE('',#4724,#4674,#4747,.T.);
#4747 = SURFACE_CURVE('',#4748,(#4752,#4759),.PCURVE_S1.);
#4748 = LINE('',#4749,#4750);
#4749 = CARTESIAN_POINT('',(18.234886774743,10.327833458461,2.5));
#4750 = VECTOR('',#4751,1.);
#4751 = DIRECTION('',(0.913545457643,-0.406736643076,0.));
#4752 = PCURVE('',#3469,#4753);
#4753 = DEFINITIONAL_REPRESENTATION('',(#4754),#4758);
#4754 = LINE('',#4755,#4756);
#4755 = CARTESIAN_POINT('',(0.,-3.5));
#4756 = VECTOR('',#4757,1.);
#4757 = DIRECTION('',(1.,0.));
#4758 = ( GEOMETRIC_REPRESENTATION_CONTEXT(2) 
PARAMETRIC_REPRESENTATION_CONTEXT() REPRESENTATION_CONTEXT('2D SPACE',''
  ) );
#4759 = PCURVE('',#4636,#4760);
#4760 = DEFINITIONAL_REPRESENTATION('',(#4761),#4765);
#4761 = LINE('',#4762,#4763);
#4762 = CARTESIAN_POINT('',(1.765113225257,2.427833458461));
#4763 = VECTOR('',#4764,1.);
#4764 = DIRECTION('',(-0.913545457643,-0.406736643076));
#4765 = ( GEOMETRIC_REPRESENTATION_CONTEXT(2) 
PARAMETRIC_REPRESENTATION_CONTEXT() REPRESENTATION_CONTEXT('2D SPACE',''
  ) );
#4766 = ORIENTED_EDGE('',*,*,#4673,.F.);
#4767 = ADVANCED_FACE('',(#4768),#3442,.F.);
#4768 = FACE_BOUND('',#4769,.F.);
#4769 = EDGE_LOOP('',(#4770,#4771,#4772,#4794));
#4770 = ORIENTED_EDGE('',*,*,#3421,.F.);
#4771 = ORIENTED_EDGE('',*,*,#4648,.T.);
#4772 = ORIENTED_EDGE('',*,*,#4773,.T.);
#4773 = EDGE_CURVE('',#4621,#4724,#4774,.T.);
#4774 = SURFACE_CURVE('',#4775,(#4780,#4787),.PCURVE_S1.);
#4775 = CIRCLE('',#4776,1.5);
#4776 = AXIS2_PLACEMENT_3D('',#4777,#4778,#4779);
#4777 = CARTESIAN_POINT('',(17.624781810129,8.957515271997,2.5));
#4778 = DIRECTION('',(-0.,0.,-1.));
#4779 = DIRECTION('',(-0.406736643076,-0.913545457643,0.));
#4780 = PCURVE('',#3442,#4781);
#4781 = DEFINITIONAL_REPRESENTATION('',(#4782),#4786);
#4782 = LINE('',#4783,#4784);
#4783 = CARTESIAN_POINT('',(0.,-3.5));
#4784 = VECTOR('',#4785,1.);
#4785 = DIRECTION('',(1.,0.));
#4786 = ( GEOMETRIC_REPRESENTATION_CONTEXT(2) 
PARAMETRIC_REPRESENTATION_CONTEXT() REPRESENTATION_CONTEXT('2D SPACE',''
  ) );
#4787 = PCURVE('',#4636,#4788);
#4788 = DEFINITIONAL_REPRESENTATION('',(#4789),#4793);
#4789 = CIRCLE('',#4790,1.5);
#4790 = AXIS2_PLACEMENT_2D('',#4791,#4792);
#4791 = CARTESIAN_POINT('',(2.375218189871,1.057515271997));
#4792 = DIRECTION('',(0.406736643076,-0.913545457643));
#4793 = ( GEOMETRIC_REPRESENTATION_CONTEXT(2) 
PARAMETRIC_REPRESENTATION_CONTEXT() REPRESENTATION_CONTEXT('2D SPACE',''
  ) );
#4794 = ORIENTED_EDGE('',*,*,#4723,.F.);
#4795 = ADVANCED_FACE('',(#4796),#4314,.T.);
#4796 = FACE_BOUND('',#4797,.T.);
#4797 = EDGE_LOOP('',(#4798));
#4798 = ORIENTED_EDGE('',*,*,#4299,.T.);
#4799 = ADVANCED_FACE('',(#4800),#4636,.T.);
#4800 = FACE_BOUND('',#4801,.T.);
#4801 = EDGE_LOOP('',(#4802,#4803,#4804,#4805));
#4802 = ORIENTED_EDGE('',*,*,#4620,.T.);
#4803 = ORIENTED_EDGE('',*,*,#4773,.T.);
#4804 = ORIENTED_EDGE('',*,*,#4746,.T.);
#4805 = ORIENTED_EDGE('',*,*,#4696,.T.);
#4806 = ( GEOMETRIC_REPRESENTATION_CONTEXT(3) 
GLOBAL_UNCERTAINTY_ASSIGNED_CONTEXT((#4810)) 
GLOBAL_UNIT_ASSIGNED_CONTEXT((#4807,#4808,#4809)) REPRESENTATION_CONTEXT
('Context #1','3D Context with UNIT and UNCERTAINTY') );
#4807 = ( LENGTH_UNIT() NAMED_UNIT(*) SI_UNIT(.MILLI.,.METRE.) );
#4808 = ( NAMED_UNIT(*) PLANE_ANGLE_UNIT() SI_UNIT($,.RADIAN.) );
#4809 = ( NAMED_UNIT(*) SI_UNIT($,.STERADIAN.) SOLID_ANGLE_UNIT() );
#4810 = UNCERTAINTY_MEASURE_WITH_UNIT(LENGTH_MEASURE(2.E-06),#4807,
  'distance_accuracy_value','confusion accuracy');
#4811 = CONTEXT_DEPENDENT_SHAPE_REPRESENTATION(#4812,#4814);
#4812 = ( REPRESENTATION_RELATIONSHIP('','',#36,#10) 
REPRESENTATION_RELATIONSHIP_WITH_TRANSFORMATION(#4813) 
SHAPE_REPRESENTATION_RELATIONSHIP() );
#4813 = ITEM_DEFINED_TRANSFORMATION('','',#11,#15);
#4814 = PRODUCT_DEFINITION_SHAPE('Placement','Placement of an item',
  #4815);
#4815 = NEXT_ASSEMBLY_USAGE_OCCURRENCE('1','','',#5,#31,$);
#4816 = PRODUCT_RELATED_PRODUCT_CATEGORY('part',$,(#33));
#4817 = SHAPE_DEFINITION_REPRESENTATION(#4818,#4824);
#4818 = PRODUCT_DEFINITION_SHAPE('','',#4819);
#4819 = PRODUCT_DEFINITION('design','',#4820,#4823);
#4820 = PRODUCT_DEFINITION_FORMATION('','',#4821);
#4821 = PRODUCT('Open CASCADE STEP translator 7.9 1.2',
  'Open CASCADE STEP translator 7.9 1.2','',(#4822));
#4822 = PRODUCT_CONTEXT('',#2,'mechanical');
#4823 = PRODUCT_DEFINITION_CONTEXT('part definition',#2,'design');
#4824 = ADVANCED_BREP_SHAPE_REPRESENTATION('',(#11,#4825),#10181);
#4825 = MANIFOLD_SOLID_BREP('',#4826);
#4826 = CLOSED_SHELL('',(#4827,#5164,#5287,#7175,#7273,#8885,#8940,#9130
    ,#9163,#9218,#9267,#9323,#9370,#9444,#9469,#9502,#9535,#9580,#9613,
    #9639,#9646,#9701,#9756,#9835,#9861,#9894,#9901,#9934,#9960,#9967,
    #10043,#10093,#10142,#10170,#10174));
#4827 = ADVANCED_FACE('',(#4828),#4844,.F.);
#4828 = FACE_BOUND('',#4829,.F.);
#4829 = EDGE_LOOP('',(#4830,#4973,#5053,#5087));
#4830 = ORIENTED_EDGE('',*,*,#4831,.F.);
#4831 = EDGE_CURVE('',#4832,#4834,#4836,.T.);
#4832 = VERTEX_POINT('',#4833);
#4833 = CARTESIAN_POINT('',(29.999908870749,-0.125,0.));
#4834 = VERTEX_POINT('',#4835);
#4835 = CARTESIAN_POINT('',(35.477994305092,-0.125,14.433075423796));
#4836 = SURFACE_CURVE('',#4837,(#4843,#4959),.PCURVE_S1.);
#4837 = B_SPLINE_CURVE_WITH_KNOTS('',4,(#4838,#4839,#4840,#4841,#4842),
  .UNSPECIFIED.,.F.,.F.,(5,5),(0.,1.),.PIECEWISE_BEZIER_KNOTS.);
#4838 = CARTESIAN_POINT('',(29.999908870748,-0.125,0.));
#4839 = CARTESIAN_POINT('',(31.369430262395,-0.125,3.608268846129));
#4840 = CARTESIAN_POINT('',(32.738951632682,-0.125,7.216537698618));
#4841 = CARTESIAN_POINT('',(34.108472980618,-0.125,10.82480655774));
#4842 = CARTESIAN_POINT('',(35.477994305092,-0.125,14.433075423796));
#4843 = PCURVE('',#4844,#4951);
#4844 = B_SPLINE_SURFACE_WITH_KNOTS('',3,1,(
    (#4845,#4846)
    ,(#4847,#4848)
    ,(#4849,#4850)
    ,(#4851,#4852)
    ,(#4853,#4854)
    ,(#4855,#4856)
    ,(#4857,#4858)
    ,(#4859,#4860)
    ,(#4861,#4862)
    ,(#4863,#4864)
    ,(#4865,#4866)
    ,(#4867,#4868)
    ,(#4869,#4870)
    ,(#4871,#4872)
    ,(#4873,#4874)
    ,(#4875,#4876)
    ,(#4877,#4878)
    ,(#4879,#4880)
    ,(#4881,#4882)
    ,(#4883,#4884)
    ,(#4885,#4886)
    ,(#4887,#4888)
    ,(#4889,#4890)
    ,(#4891,#4892)
    ,(#4893,#4894)
    ,(#4895,#4896)
    ,(#4897,#4898)
    ,(#4899,#4900)
    ,(#4901,#4902)
    ,(#4903,#4904)
    ,(#4905,#4906)
    ,(#4907,#4908)
    ,(#4909,#4910)
    ,(#4911,#4912)
    ,(#4913,#4914)
    ,(#4915,#4916)
    ,(#4917,#4918)
    ,(#4919,#4920)
    ,(#4921,#4922)
    ,(#4923,#4924)
    ,(#4925,#4926)
    ,(#4927,#4928)
    ,(#4929,#4930)
    ,(#4931,#4932)
    ,(#4933,#4934)
    ,(#4935,#4936)
    ,(#4937,#4938)
    ,(#4939,#4940)
    ,(#4941,#4942)
    ,(#4943,#4944)
    ,(#4945,#4946)
    ,(#4947,#4948)
    ,(#4949,#4950
    )),.UNSPECIFIED.,.T.,.F.,.F.,(1,1,2,1,1,1,1,1,1,1,1,1,1,1,1,1,1,1,1,
    1,1,1,1,1,1,1,1,1,1,1,1,1,1,1,1,1,1,1,1,1,1,1,1,1,1,1,1,1,1,1,1,1,2,
    1,1),(2,2),(-5.3149991529,-5.2632607823,0.,5.2632607823,5.3149991529
    ,11.39160693637,11.489464627932,18.197018432402,18.615802669139,
    25.027787502804,25.799383972585,32.155814694628,33.161466738418,
    38.308038921471,39.286271153523,46.504917065037,47.293923743389,
    56.094319899761,56.661954486294,62.601422896138,63.018840516419,
    67.045677520467,67.360499185637,70.96365619721,71.188031027438,
    75.560885908381,75.679133342015,80.683131743294,85.687130144573,
    85.805377578207,90.17823245915,90.402607289378,94.005764300951,
    94.320585966121,98.347422970169,98.76484059045,104.70430900029,
    105.27194358682,114.07233974319,114.86134642155,122.07999233306,
    123.05822456511,128.20479674817,129.21044879196,135.566879514,
    136.33847598378,142.75046081744,143.16924505418,149.87679885865,
    149.97465655021,156.05126433368,156.10300270428,161.36626348658,
    166.62952426888,166.68126263948),(0.,1.),.UNSPECIFIED.);
#4845 = CARTESIAN_POINT('',(-30.75097048546,-1.790374972841,0.));
#4846 = CARTESIAN_POINT('',(-21.99824887035,-1.740810774458,
    23.536418031097));
#4847 = CARTESIAN_POINT('',(-30.24902951453,1.790374972841,0.));
#4848 = CARTESIAN_POINT('',(-21.61743001406,1.740810774458,
    23.476102249678));
#4849 = CARTESIAN_POINT('',(-29.66763974488,3.471069171078,0.));
#4850 = CARTESIAN_POINT('',(-21.13692314401,3.411200398714,
    23.399997437993));
#4851 = CARTESIAN_POINT('',(-27.8941143378,6.81310796501,0.));
#4852 = CARTESIAN_POINT('',(-19.62597838167,6.783656228023,
    23.160687297448));
#4853 = CARTESIAN_POINT('',(-26.59404112288,8.47589583334,0.));
#4854 = CARTESIAN_POINT('',(-18.4978649213,8.495914577232,
    22.982011678405));
#4855 = CARTESIAN_POINT('',(-23.62023518487,11.606158546103,0.));
#4856 = CARTESIAN_POINT('',(-15.84044057828,11.73674673007,
    22.561117011131));
#4857 = CARTESIAN_POINT('',(-21.78105783336,13.17027296892,0.));
#4858 = CARTESIAN_POINT('',(-14.15071695194,13.3673788433,22.29349108027
    ));
#4859 = CARTESIAN_POINT('',(-18.0536115849,15.736840111518,0.));
#4860 = CARTESIAN_POINT('',(-10.64914015953,16.022506328103,
    21.738895799751));
#4861 = CARTESIAN_POINT('',(-15.81122670317,16.982185691323,0.));
#4862 = CARTESIAN_POINT('',(-8.504436834655,17.285972125127,
    21.399208163978));
#4863 = CARTESIAN_POINT('',(-11.57768173226,18.551452012694,0.));
#4864 = CARTESIAN_POINT('',(-4.404909593218,18.771215308687,
    20.749906836248));
#4865 = CARTESIAN_POINT('',(-8.894446453953,19.087233001107,0.));
#4866 = CARTESIAN_POINT('',(-1.793935686735,19.23501280815,
    20.336369195367));
#4867 = CARTESIAN_POINT('',(-4.739205638589,19.5597814856,0.));
#4868 = CARTESIAN_POINT('',(2.215965535253,19.62890694706,
    19.701263234566));
#4869 = CARTESIAN_POINT('',(-2.371459324043,19.683974757103,0.));
#4870 = CARTESIAN_POINT('',(4.502033603419,19.719915740019,
    19.339185623046));
#4871 = CARTESIAN_POINT('',(2.082838027853,19.809669470019,0.));
#4872 = CARTESIAN_POINT('',(8.80781088313,19.818893372068,
    18.657217498437));
#4873 = CARTESIAN_POINT('',(5.107949576748,19.826193298015,0.));
#4874 = CARTESIAN_POINT('',(11.720201413837,19.771876289585,
    18.195940154224));
#4875 = CARTESIAN_POINT('',(10.635210808351,19.019939584133,0.));
#4876 = CARTESIAN_POINT('',(17.025355321593,18.810298729027,
    17.355686321709));
#4877 = CARTESIAN_POINT('',(13.866317303376,17.870530315775,0.));
#4878 = CARTESIAN_POINT('',(20.134858607067,17.657063234668,
    16.863189384152));
#4879 = CARTESIAN_POINT('',(18.694379287834,16.220683880243,0.));
#4880 = CARTESIAN_POINT('',(24.789433497112,16.062890701974,
    16.125977145243));
#4881 = CARTESIAN_POINT('',(20.867784573782,15.521680546992,0.));
#4882 = CARTESIAN_POINT('',(26.886496146852,15.369932871603,
    15.793835051139));
#4883 = CARTESIAN_POINT('',(24.136022748381,14.263130696254,0.));
#4884 = CARTESIAN_POINT('',(30.041341769309,14.111273626422,
    15.294156592915));
#4885 = CARTESIAN_POINT('',(25.637392099103,13.6126108688,0.));
#4886 = CARTESIAN_POINT('',(31.459767682406,13.433354260489,
    15.069499998528));
#4887 = CARTESIAN_POINT('',(27.623766801415,11.888237983173,0.));
#4888 = CARTESIAN_POINT('',(33.298783049595,11.653713157404,
    14.778228578847));
#4889 = CARTESIAN_POINT('',(28.395434393424,10.66973300597,0.));
#4890 = CARTESIAN_POINT('',(34.009010182933,10.44037475841,
    14.66573965183));
#4891 = CARTESIAN_POINT('',(29.418229058884,8.100420974095,0.));
#4892 = CARTESIAN_POINT('',(34.93948201503,7.915836963959,
    14.518367391466));
#4893 = CARTESIAN_POINT('',(29.657943663743,6.534291652422,0.));
#4894 = CARTESIAN_POINT('',(35.15800326543,6.383573937268,
    14.483757025522));
#4895 = CARTESIAN_POINT('',(29.950694037323,3.373705713717,0.));
#4896 = CARTESIAN_POINT('',(35.431607783666,3.295823390736,
    14.440422327031));
#4897 = CARTESIAN_POINT('',(30.048167762005,-5.427514334954E-16,0.));
#4898 = CARTESIAN_POINT('',(35.523487950686,-1.008221284238E-14,
    14.425869938201));
#4899 = CARTESIAN_POINT('',(29.950693973415,-3.373705713717,0.));
#4900 = CARTESIAN_POINT('',(35.431607734688,-3.295823390736,
    14.440422334788));
#4901 = CARTESIAN_POINT('',(29.657943723933,-6.534291652422,0.));
#4902 = CARTESIAN_POINT('',(35.158003305122,-6.383573937268,
    14.483757019236));
#4903 = CARTESIAN_POINT('',(29.418229249803,-8.100420974095,0.));
#4904 = CARTESIAN_POINT('',(34.939482158749,-7.915836963959,
    14.518367368703));
#4905 = CARTESIAN_POINT('',(28.395434208543,-10.66973300597,0.));
#4906 = CARTESIAN_POINT('',(34.009010083246,-10.44037475841,
    14.665739667619));
#4907 = CARTESIAN_POINT('',(27.623766248419,-11.88823798317,0.));
#4908 = CARTESIAN_POINT('',(33.298782637043,-11.6537131574,
    14.778228644189));
#4909 = CARTESIAN_POINT('',(25.637392866589,-13.6126108688,0.));
#4910 = CARTESIAN_POINT('',(31.459768035132,-13.43335426048,
    15.069499942661));
#4911 = CARTESIAN_POINT('',(24.136025208563,-14.26313069625,0.));
#4912 = CARTESIAN_POINT('',(30.041343587565,-14.11127362642,
    15.294156304932));
#4913 = CARTESIAN_POINT('',(20.867780072147,-15.52168054699,0.));
#4914 = CARTESIAN_POINT('',(26.886494145945,-15.3699328716,
    15.793835368051));
#4915 = CARTESIAN_POINT('',(18.694362765418,-16.22068388024,0.));
#4916 = CARTESIAN_POINT('',(24.789421340178,-16.06289070197,
    16.125979070712));
#4917 = CARTESIAN_POINT('',(13.866347190255,-17.87053031577,0.));
#4918 = CARTESIAN_POINT('',(20.134872371466,-17.65706323466,
    16.863187204085));
#4919 = CARTESIAN_POINT('',(10.635323704132,-19.01993958413,0.));
#4920 = CARTESIAN_POINT('',(17.02543848224,-18.81029872902,
    17.355673150356));
#4921 = CARTESIAN_POINT('',(5.107828623075,-19.82619329801,0.));
#4922 = CARTESIAN_POINT('',(11.720151632547,-19.77187628958,
    18.195948038806));
#4923 = CARTESIAN_POINT('',(2.082507446764,-19.80966947001,0.));
#4924 = CARTESIAN_POINT('',(8.807565954824,-19.81889337206,
    18.657256291269));
#4925 = CARTESIAN_POINT('',(-2.37110174355,-19.6839747571,0.));
#4926 = CARTESIAN_POINT('',(4.502135355701,-19.71991574001,
    19.339169507067));
#4927 = CARTESIAN_POINT('',(-4.738418123783,-19.5597814856,0.));
#4928 = CARTESIAN_POINT('',(2.216551325446,-19.62890694706,
    19.701170454514));
#4929 = CARTESIAN_POINT('',(-8.895918190854,-19.0872330011,0.));
#4930 = CARTESIAN_POINT('',(-1.794321246138,-19.23501280815,
    20.336430261977));
#4931 = CARTESIAN_POINT('',(-11.5815357017,-18.55145201269,0.));
#4932 = CARTESIAN_POINT('',(-4.40770015636,-18.77121530868,
    20.750348818029));
#4933 = CARTESIAN_POINT('',(-15.80593312717,-16.98218569132,0.));
#4934 = CARTESIAN_POINT('',(-8.502550936723,-17.28597212512,
    21.398909467089));
#4935 = CARTESIAN_POINT('',(-18.03955100017,-15.73684011151,0.));
#4936 = CARTESIAN_POINT('',(-10.63892441321,-16.0225063281,
    21.737277784488));
#4937 = CARTESIAN_POINT('',(-21.79855727753,-13.17027296892,0.));
#4938 = CARTESIAN_POINT('',(-14.15944911494,-13.3673788433,
    22.294874119019));
#4939 = CARTESIAN_POINT('',(-23.6735096403,-11.6061585461,0.));
#4940 = CARTESIAN_POINT('',(-15.87966934423,-11.73674673007,
    22.567330237272));
#4941 = CARTESIAN_POINT('',(-26.54352158649,-8.47589583334,0.));
#4942 = CARTESIAN_POINT('',(-18.46391634434,-8.495914577232,
    22.976634752044));
#4943 = CARTESIAN_POINT('',(-27.72569548317,-6.81310796501,0.));
#4944 = CARTESIAN_POINT('',(-19.49968703901,-6.783656228023,
    23.140684713824));
#4945 = CARTESIAN_POINT('',(-29.80962589578,-3.471069171078,0.));
#4946 = CARTESIAN_POINT('',(-21.24938938245,-3.411200398714,
    23.417810340224));
#4947 = CARTESIAN_POINT('',(-30.75097048546,-1.790374972841,0.));
#4948 = CARTESIAN_POINT('',(-21.99824887035,-1.740810774458,
    23.536418031097));
#4949 = CARTESIAN_POINT('',(-30.24902951453,1.790374972841,0.));
#4950 = CARTESIAN_POINT('',(-21.61743001406,1.740810774458,
    23.476102249678));
#4951 = DEFINITIONAL_REPRESENTATION('',(#4952),#4958);
#4952 = B_SPLINE_CURVE_WITH_KNOTS('',4,(#4953,#4954,#4955,#4956,#4957),
  .UNSPECIFIED.,.F.,.F.,(5,5),(0.,1.),.PIECEWISE_BEZIER_KNOTS.);
#4953 = CARTESIAN_POINT('',(80.808195087926,0.));
#4954 = CARTESIAN_POINT('',(80.80891686282,0.25000001064));
#4955 = CARTESIAN_POINT('',(80.809649745923,0.500000014436));
#4956 = CARTESIAN_POINT('',(80.81039412145,0.750000011025));
#4957 = CARTESIAN_POINT('',(80.811150411267,1.));
#4958 = ( GEOMETRIC_REPRESENTATION_CONTEXT(2) 
PARAMETRIC_REPRESENTATION_CONTEXT() REPRESENTATION_CONTEXT('2D SPACE',''
  ) );
#4959 = PCURVE('',#4960,#4965);
#4960 = PLANE('',#4961);
#4961 = AXIS2_PLACEMENT_3D('',#4962,#4963,#4964);
#4962 = CARTESIAN_POINT('',(-100.,-0.125,-100.));
#4963 = DIRECTION('',(0.,1.,0.));
#4964 = DIRECTION('',(0.,0.,1.));
#4965 = DEFINITIONAL_REPRESENTATION('',(#4966),#4972);
#4966 = B_SPLINE_CURVE_WITH_KNOTS('',4,(#4967,#4968,#4969,#4970,#4971),
  .UNSPECIFIED.,.F.,.F.,(5,5),(0.,1.),.PIECEWISE_BEZIER_KNOTS.);
#4967 = CARTESIAN_POINT('',(100.,129.99990887074));
#4968 = CARTESIAN_POINT('',(103.60826884612,131.36943026239));
#4969 = CARTESIAN_POINT('',(107.21653769861,132.73895163268));
#4970 = CARTESIAN_POINT('',(110.82480655774,134.10847298061));
#4971 = CARTESIAN_POINT('',(114.43307542379,135.47799430509));
#4972 = ( GEOMETRIC_REPRESENTATION_CONTEXT(2) 
PARAMETRIC_REPRESENTATION_CONTEXT() REPRESENTATION_CONTEXT('2D SPACE',''
  ) );
#4973 = ORIENTED_EDGE('',*,*,#4974,.T.);
#4974 = EDGE_CURVE('',#4832,#4975,#4977,.T.);
#4975 = VERTEX_POINT('',#4976);
#4976 = CARTESIAN_POINT('',(-30.51563683827,-0.125,0.));
#4977 = SURFACE_CURVE('',#4978,(#5008,#5015),.PCURVE_S1.);
#4978 = B_SPLINE_CURVE_WITH_KNOTS('',3,(#4979,#4980,#4981,#4982,#4983,
    #4984,#4985,#4986,#4987,#4988,#4989,#4990,#4991,#4992,#4993,#4994,
    #4995,#4996,#4997,#4998,#4999,#5000,#5001,#5002,#5003,#5004,#5005,
    #5006,#5007),.UNSPECIFIED.,.T.,.F.,(1,1,2,1,1,1,1,1,1,1,1,1,1,1,1,1,
    1,1,1,1,1,1,1,1,1,1,1,1,2,1,1),(-11.48946462793,-5.2632607823,0.,
    5.2632607823,11.489464627932,18.615802669139,25.799383972585,
    33.161466738418,39.286271153523,47.293923743389,56.661954486294,
    63.018840516419,67.360499185637,71.188031027438,75.679133342015,
    80.683131743294,85.687130144573,90.17823245915,94.005764300951,
    98.347422970169,104.70430900029,114.07233974319,122.07999233306,
    128.20479674817,135.566879514,142.75046081744,149.87679885865,
    156.10300270428,161.36626348658,166.62952426888,172.85572811452),
  .UNSPECIFIED.);
#4979 = CARTESIAN_POINT('',(-30.75097048546,-1.790374972841,0.));
#4980 = CARTESIAN_POINT('',(-30.24902951453,1.790374972841,0.));
#4981 = CARTESIAN_POINT('',(-28.99223586296,5.423541410972,0.));
#4982 = CARTESIAN_POINT('',(-25.09270022863,10.391057164978,0.));
#4983 = CARTESIAN_POINT('',(-19.8344993228,14.803875130659,0.));
#4984 = CARTESIAN_POINT('',(-13.39408764777,18.29089132198,0.));
#4985 = CARTESIAN_POINT('',(-6.524840315286,19.506603357553,0.));
#4986 = CARTESIAN_POINT('',(0.612219045963,19.811393650147,0.));
#4987 = CARTESIAN_POINT('',(8.53010067855,19.837458793336,0.));
#4988 = CARTESIAN_POINT('',(16.064713000071,17.060202061734,0.));
#4989 = CARTESIAN_POINT('',(22.361051619895,15.04335674056,0.));
#4990 = CARTESIAN_POINT('',(26.944414679483,13.041846879818,0.));
#4991 = CARTESIAN_POINT('',(29.256656424578,9.261815037016,0.));
#4992 = CARTESIAN_POINT('',(29.908601584998,4.830585989661,0.));
#4993 = CARTESIAN_POINT('',(30.048167762005,-5.427514334954E-16,0.));
#4994 = CARTESIAN_POINT('',(29.908601493492,-4.830585989661,0.));
#4995 = CARTESIAN_POINT('',(29.256656727623,-9.261815037016,0.));
#4996 = CARTESIAN_POINT('',(26.944413672524,-13.04184687981,0.));
#4997 = CARTESIAN_POINT('',(22.36105683542,-15.04335674056,0.));
#4998 = CARTESIAN_POINT('',(16.064677243337,-17.06020206173,0.));
#4999 = CARTESIAN_POINT('',(8.530289903684,-19.83745879333,0.));
#5000 = CARTESIAN_POINT('',(0.611690605801,-19.81139365014,0.));
#5001 = CARTESIAN_POINT('',(-6.523249364139,-19.50660335755,0.));
#5002 = CARTESIAN_POINT('',(-13.40137511796,-18.29089132198,0.));
#5003 = CARTESIAN_POINT('',(-19.80826488344,-14.80387513065,0.));
#5004 = CARTESIAN_POINT('',(-25.18460328413,-10.39105716497,0.));
#5005 = CARTESIAN_POINT('',(-28.71606040276,-5.423541410972,0.));
#5006 = CARTESIAN_POINT('',(-30.75097048546,-1.790374972841,0.));
#5007 = CARTESIAN_POINT('',(-30.24902951453,1.790374972841,0.));
#5008 = PCURVE('',#4844,#5009);
#5009 = DEFINITIONAL_REPRESENTATION('',(#5010),#5014);
#5010 = LINE('',#5011,#5012);
#5011 = CARTESIAN_POINT('',(0.,0.));
#5012 = VECTOR('',#5013,1.);
#5013 = DIRECTION('',(1.,0.));
#5014 = ( GEOMETRIC_REPRESENTATION_CONTEXT(2) 
PARAMETRIC_REPRESENTATION_CONTEXT() REPRESENTATION_CONTEXT('2D SPACE',''
  ) );
#5015 = PCURVE('',#5016,#5021);
#5016 = PLANE('',#5017);
#5017 = AXIS2_PLACEMENT_3D('',#5018,#5019,#5020);
#5018 = CARTESIAN_POINT('',(-30.5,0.,0.));
#5019 = DIRECTION('',(-0.,0.,1.));
#5020 = DIRECTION('',(1.,-1.835079379546E-18,0.));
#5021 = DEFINITIONAL_REPRESENTATION('',(#5022),#5052);
#5022 = B_SPLINE_CURVE_WITH_KNOTS('',3,(#5023,#5024,#5025,#5026,#5027,
    #5028,#5029,#5030,#5031,#5032,#5033,#5034,#5035,#5036,#5037,#5038,
    #5039,#5040,#5041,#5042,#5043,#5044,#5045,#5046,#5047,#5048,#5049,
    #5050,#5051),.UNSPECIFIED.,.F.,.F.,(1,1,2,1,1,1,1,1,1,1,1,1,1,1,1,1,
    1,1,1,1,1,1,1,1,1,1,1,1,2,1,1),(-11.48946462793,-5.2632607823,0.,
    5.2632607823,11.489464627932,18.615802669139,25.799383972585,
    33.161466738418,39.286271153523,47.293923743389,56.661954486294,
    63.018840516419,67.360499185637,71.188031027438,75.679133342015,
    80.683131743294,85.687130144573,90.17823245915,94.005764300951,
    98.347422970169,104.70430900029,114.07233974319,122.07999233306,
    128.20479674817,135.566879514,142.75046081744,149.87679885865,
    156.10300270428,161.36626348658,166.62952426888,172.85572811452),
  .UNSPECIFIED.);
#5023 = CARTESIAN_POINT('',(-0.250970485465,-1.790374972841));
#5024 = CARTESIAN_POINT('',(0.250970485465,1.790374972841));
#5025 = CARTESIAN_POINT('',(1.507764137034,5.423541410972));
#5026 = CARTESIAN_POINT('',(5.407299771361,10.391057164978));
#5027 = CARTESIAN_POINT('',(10.665500677195,14.803875130659));
#5028 = CARTESIAN_POINT('',(17.105912352221,18.29089132198));
#5029 = CARTESIAN_POINT('',(23.975159684714,19.506603357553));
#5030 = CARTESIAN_POINT('',(31.112219045963,19.811393650147));
#5031 = CARTESIAN_POINT('',(39.03010067855,19.837458793336));
#5032 = CARTESIAN_POINT('',(46.564713000071,17.060202061734));
#5033 = CARTESIAN_POINT('',(52.861051619895,15.04335674056));
#5034 = CARTESIAN_POINT('',(57.444414679483,13.041846879818));
#5035 = CARTESIAN_POINT('',(59.756656424578,9.261815037016));
#5036 = CARTESIAN_POINT('',(60.408601584998,4.830585989661));
#5037 = CARTESIAN_POINT('',(60.548167762005,-4.316407393661E-16));
#5038 = CARTESIAN_POINT('',(60.408601493492,-4.830585989661));
#5039 = CARTESIAN_POINT('',(59.756656727623,-9.261815037016));
#5040 = CARTESIAN_POINT('',(57.444413672524,-13.04184687981));
#5041 = CARTESIAN_POINT('',(52.86105683542,-15.04335674056));
#5042 = CARTESIAN_POINT('',(46.564677243337,-17.06020206173));
#5043 = CARTESIAN_POINT('',(39.030289903684,-19.83745879333));
#5044 = CARTESIAN_POINT('',(31.111690605801,-19.81139365014));
#5045 = CARTESIAN_POINT('',(23.976750635861,-19.50660335755));
#5046 = CARTESIAN_POINT('',(17.098624882031,-18.29089132198));
#5047 = CARTESIAN_POINT('',(10.691735116554,-14.80387513065));
#5048 = CARTESIAN_POINT('',(5.31539671587,-10.39105716497));
#5049 = CARTESIAN_POINT('',(1.78393959724,-5.423541410972));
#5050 = CARTESIAN_POINT('',(-0.250970485465,-1.790374972841));
#5051 = CARTESIAN_POINT('',(0.250970485465,1.790374972841));
#5052 = ( GEOMETRIC_REPRESENTATION_CONTEXT(2) 
PARAMETRIC_REPRESENTATION_CONTEXT() REPRESENTATION_CONTEXT('2D SPACE',''
  ) );
#5053 = ORIENTED_EDGE('',*,*,#5054,.T.);
#5054 = EDGE_CURVE('',#4975,#5055,#5057,.T.);
#5055 = VERTEX_POINT('',#5056);
#5056 = CARTESIAN_POINT('',(-21.81993456211,-0.125,23.508175819184));
#5057 = SURFACE_CURVE('',#5058,(#5064,#5073),.PCURVE_S1.);
#5058 = B_SPLINE_CURVE_WITH_KNOTS('',4,(#5059,#5060,#5061,#5062,#5063),
  .UNSPECIFIED.,.F.,.F.,(5,5),(0.,1.),.PIECEWISE_BEZIER_KNOTS.);
#5059 = CARTESIAN_POINT('',(-30.51563683827,-0.125,0.));
#5060 = CARTESIAN_POINT('',(-28.34172667442,-0.125,5.87704962564));
#5061 = CARTESIAN_POINT('',(-26.16780648679,-0.125,11.754095561485));
#5062 = CARTESIAN_POINT('',(-23.99387591472,-0.125,17.631137674649));
#5063 = CARTESIAN_POINT('',(-21.81993456211,-0.125,23.508175819184));
#5064 = PCURVE('',#4844,#5065);
#5065 = DEFINITIONAL_REPRESENTATION('',(#5066),#5072);
#5066 = B_SPLINE_CURVE_WITH_KNOTS('',4,(#5067,#5068,#5069,#5070,#5071),
  .UNSPECIFIED.,.F.,.F.,(5,5),(0.,1.),.PIECEWISE_BEZIER_KNOTS.);
#5067 = CARTESIAN_POINT('',(161.2435725072,0.));
#5068 = CARTESIAN_POINT('',(161.24273629828,0.250000725727));
#5069 = CARTESIAN_POINT('',(161.24188515273,0.50000097887));
#5070 = CARTESIAN_POINT('',(161.24101848174,0.750000742963));
#5071 = CARTESIAN_POINT('',(161.24013563157,1.));
#5072 = ( GEOMETRIC_REPRESENTATION_CONTEXT(2) 
PARAMETRIC_REPRESENTATION_CONTEXT() REPRESENTATION_CONTEXT('2D SPACE',''
  ) );
#5073 = PCURVE('',#5074,#5079);
#5074 = PLANE('',#5075);
#5075 = AXIS2_PLACEMENT_3D('',#5076,#5077,#5078);
#5076 = CARTESIAN_POINT('',(-100.,-0.125,-100.));
#5077 = DIRECTION('',(0.,1.,0.));
#5078 = DIRECTION('',(0.,0.,1.));
#5079 = DEFINITIONAL_REPRESENTATION('',(#5080),#5086);
#5080 = B_SPLINE_CURVE_WITH_KNOTS('',4,(#5081,#5082,#5083,#5084,#5085),
  .UNSPECIFIED.,.F.,.F.,(5,5),(0.,1.),.PIECEWISE_BEZIER_KNOTS.);
#5081 = CARTESIAN_POINT('',(100.,69.484363161724));
#5082 = CARTESIAN_POINT('',(105.87704962564,71.65827332558));
#5083 = CARTESIAN_POINT('',(111.75409556148,73.832193513202));
#5084 = CARTESIAN_POINT('',(117.63113767464,76.006124085273));
#5085 = CARTESIAN_POINT('',(123.50817581918,78.180065437885));
#5086 = ( GEOMETRIC_REPRESENTATION_CONTEXT(2) 
PARAMETRIC_REPRESENTATION_CONTEXT() REPRESENTATION_CONTEXT('2D SPACE',''
  ) );
#5087 = ORIENTED_EDGE('',*,*,#5088,.F.);
#5088 = EDGE_CURVE('',#4834,#5055,#5089,.T.);
#5089 = SURFACE_CURVE('',#5090,(#5120,#5126),.PCURVE_S1.);
#5090 = B_SPLINE_CURVE_WITH_KNOTS('',3,(#5091,#5092,#5093,#5094,#5095,
    #5096,#5097,#5098,#5099,#5100,#5101,#5102,#5103,#5104,#5105,#5106,
    #5107,#5108,#5109,#5110,#5111,#5112,#5113,#5114,#5115,#5116,#5117,
    #5118,#5119),.UNSPECIFIED.,.T.,.F.,(1,1,2,1,1,1,1,1,1,1,1,1,1,1,1,1,
    1,1,1,1,1,1,1,1,1,1,1,1,2,1,1),(-11.12863082616,-5.192301994299,0.,
    5.192301994299,11.128630826161,17.776938881599,24.45001912988,
    31.413495273302,37.423694937206,45.431347527073,54.799378269977,
    61.156264300103,65.497922969321,69.325454811122,73.816557125699,
    78.820555526978,83.824553928257,88.315656242834,92.143188084635,
    96.484846753853,102.84173278397,112.20976352688,120.21741611674,
    126.22761578065,133.19109192407,139.86417217235,146.51248022779,
    152.44880905965,157.64111105395,162.83341304825,168.76974188011),
  .UNSPECIFIED.);
#5091 = CARTESIAN_POINT('',(-22.00012061374,-1.757923115404,
    23.536714486125));
#5092 = CARTESIAN_POINT('',(-21.61555827067,1.757923115404,
    23.475805794649));
#5093 = CARTESIAN_POINT('',(-20.5796181084,5.336215308645,
    23.311728991839));
#5094 = CARTESIAN_POINT('',(-17.28253662165,10.340548207808,
    22.789522585854));
#5095 = CARTESIAN_POINT('',(-12.67845644692,14.798094545236,
    22.060307924171));
#5096 = CARTESIAN_POINT('',(-6.845676362154,18.317370819243,
    21.136486314908));
#5097 = CARTESIAN_POINT('',(-0.388960983281,19.517954476765,
    20.113843063291));
#5098 = CARTESIAN_POINT('',(6.489395381412,19.81092651448,
    19.024418440116));
#5099 = CARTESIAN_POINT('',(14.272824377225,19.837673001601,
    17.791644394808));
#5100 = CARTESIAN_POINT('',(21.714305373129,17.060161584088,
    16.613029592086));
#5101 = CARTESIAN_POINT('',(27.93319258844,15.043362644683,
    15.628054621048));
#5102 = CARTESIAN_POINT('',(32.460116670393,13.041845739911,
    14.911060283936));
#5103 = CARTESIAN_POINT('',(34.743893029444,9.261815380072,
    14.549345643481));
#5104 = CARTESIAN_POINT('',(35.387810993695,4.830585886073,
    14.447359057099));
#5105 = CARTESIAN_POINT('',(35.525659133803,-7.236685780577E-16,
    14.425526056578));
#5106 = CARTESIAN_POINT('',(35.38781092191,-4.830585886073,
    14.447359068468));
#5107 = CARTESIAN_POINT('',(34.743893267179,-9.261815380072,
    14.549345605828));
#5108 = CARTESIAN_POINT('',(32.460115880448,-13.04184573991,
    14.911060409051));
#5109 = CARTESIAN_POINT('',(27.933196679946,-15.04336264468,
    15.628053973017));
#5110 = CARTESIAN_POINT('',(21.714277322472,-17.06016158408,
    16.613034034874));
#5111 = CARTESIAN_POINT('',(14.272972821688,-19.8376730016,
    17.791620883515));
#5112 = CARTESIAN_POINT('',(6.488983573092,-19.81092651448,
    19.024483664146));
#5113 = CARTESIAN_POINT('',(-0.387767093526,-19.51795447676,
    20.11365396973));
#5114 = CARTESIAN_POINT('',(-6.850888549965,-18.31737081924,
    21.137311844358));
#5115 = CARTESIAN_POINT('',(-12.66000921486,-14.79809454523,
    22.057386169645));
#5116 = CARTESIAN_POINT('',(-17.34806986134,-10.3405482078,
    22.799902031345));
#5117 = CARTESIAN_POINT('',(-20.37526570811,-5.336215308645,
    23.27936275129));
#5118 = CARTESIAN_POINT('',(-22.00012061374,-1.757923115404,
    23.536714486125));
#5119 = CARTESIAN_POINT('',(-21.61555827067,1.757923115404,
    23.475805794649));
#5120 = PCURVE('',#4844,#5121);
#5121 = DEFINITIONAL_REPRESENTATION('',(#5122),#5125);
#5122 = B_SPLINE_CURVE_WITH_KNOTS('',1,(#5123,#5124),.UNSPECIFIED.,.F.,
  .F.,(2,2),(0.,157.64111105395),.PIECEWISE_BEZIER_KNOTS.);
#5123 = CARTESIAN_POINT('',(0.,1.));
#5124 = CARTESIAN_POINT('',(161.36626348658,1.));
#5125 = ( GEOMETRIC_REPRESENTATION_CONTEXT(2) 
PARAMETRIC_REPRESENTATION_CONTEXT() REPRESENTATION_CONTEXT('2D SPACE',''
  ) );
#5126 = PCURVE('',#5127,#5132);
#5127 = PLANE('',#5128);
#5128 = AXIS2_PLACEMENT_3D('',#5129,#5130,#5131);
#5129 = CARTESIAN_POINT('',(-21.8078394422,0.,23.506260140387));
#5130 = DIRECTION('',(0.15643446504,-9.261819612113E-17,0.987688340595)
  );
#5131 = DIRECTION('',(0.982289542267,-0.104414136312,-0.155579379389));
#5132 = DEFINITIONAL_REPRESENTATION('',(#5133),#5163);
#5133 = B_SPLINE_CURVE_WITH_KNOTS('',3,(#5134,#5135,#5136,#5137,#5138,
    #5139,#5140,#5141,#5142,#5143,#5144,#5145,#5146,#5147,#5148,#5149,
    #5150,#5151,#5152,#5153,#5154,#5155,#5156,#5157,#5158,#5159,#5160,
    #5161,#5162),.UNSPECIFIED.,.F.,.F.,(1,1,2,1,1,1,1,1,1,1,1,1,1,1,1,1,
    1,1,1,1,1,1,1,1,1,1,1,1,2,1,1),(-11.12863082616,-5.192301994299,0.,
    5.192301994299,11.128630826161,17.776938881599,24.45001912988,
    31.413495273302,37.423694937206,45.431347527073,54.799378269977,
    61.156264300103,65.497922969321,69.325454811122,73.816557125699,
    78.820555526978,83.824553928257,88.315656242834,92.143188084635,
    96.484846753853,102.84173278397,112.20976352688,120.21741611674,
    126.22761578065,133.19109192407,139.86417217235,146.51248022779,
    152.44880905965,157.64111105395,162.83341304825,168.76974188011),
  .UNSPECIFIED.);
#5134 = CARTESIAN_POINT('',(-1.006182838394E-02,-1.768641273798));
#5135 = CARTESIAN_POINT('',(1.006182838394E-02,1.768641273798));
#5136 = CARTESIAN_POINT('',(0.679557694519,5.43688929192));
#5137 = CARTESIAN_POINT('',(3.476967810037,10.762421215776));
#5138 = CARTESIAN_POINT('',(7.647527531043,15.682325609354));
#5139 = CARTESIAN_POINT('',(13.153271810702,19.798981449094));
#5140 = CARTESIAN_POINT('',(19.529380101516,21.675578605216));
#5141 = CARTESIAN_POINT('',(26.424819211023,22.694099292906));
#5142 = CARTESIAN_POINT('',(34.259401626133,23.543530005257));
#5143 = CARTESIAN_POINT('',(42.04247020269,21.567881890683));
#5144 = CARTESIAN_POINT('',(48.515042192908,20.219540804845));
#5145 = CARTESIAN_POINT('',(53.282328570166,18.70753120153));
#5146 = CARTESIAN_POINT('',(55.976622149071,15.189593798554));
#5147 = CARTESIAN_POINT('',(57.087686041662,10.850658046142));
#5148 = CARTESIAN_POINT('',(57.730871045956,6.061049310282));
#5149 = CARTESIAN_POINT('',(58.096448875726,1.242295149398));
#5150 = CARTESIAN_POINT('',(57.910751295629,-3.232785010455));
#5151 = CARTESIAN_POINT('',(56.00583389243,-7.233584425486));
#5152 = CARTESIAN_POINT('',(51.656525748306,-9.702727152463));
#5153 = CARTESIAN_POINT('',(45.605086031896,-12.36593931405));
#5154 = CARTESIAN_POINT('',(38.402218085238,-15.9149310935));
#5155 = CARTESIAN_POINT('',(30.561486111589,-16.71122045679));
#5156 = CARTESIAN_POINT('',(23.606482984519,-17.1468301476));
#5157 = CARTESIAN_POINT('',(16.973208404945,-16.63606222019));
#5158 = CARTESIAN_POINT('',(10.756363140935,-13.75013773754));
#5159 = CARTESIAN_POINT('',(5.570379186545,-9.812558251992));
#5160 = CARTESIAN_POINT('',(1.999679065129,-5.155601554182));
#5161 = CARTESIAN_POINT('',(-1.006182838394E-02,-1.768641273798));
#5162 = CARTESIAN_POINT('',(1.006182838394E-02,1.768641273798));
#5163 = ( GEOMETRIC_REPRESENTATION_CONTEXT(2) 
PARAMETRIC_REPRESENTATION_CONTEXT() REPRESENTATION_CONTEXT('2D SPACE',''
  ) );
#5164 = ADVANCED_FACE('',(#5165),#4960,.T.);
#5165 = FACE_BOUND('',#5166,.T.);
#5166 = EDGE_LOOP('',(#5167,#5168,#5189,#5215,#5242,#5268));
#5167 = ORIENTED_EDGE('',*,*,#4831,.F.);
#5168 = ORIENTED_EDGE('',*,*,#5169,.T.);
#5169 = EDGE_CURVE('',#4832,#5170,#5172,.T.);
#5170 = VERTEX_POINT('',#5171);
#5171 = CARTESIAN_POINT('',(27.3,-0.125,0.));
#5172 = SURFACE_CURVE('',#5173,(#5177,#5183),.PCURVE_S1.);
#5173 = LINE('',#5174,#5175);
#5174 = CARTESIAN_POINT('',(-65.25,-0.125,0.));
#5175 = VECTOR('',#5176,1.);
#5176 = DIRECTION('',(-1.,0.,-0.));
#5177 = PCURVE('',#4960,#5178);
#5178 = DEFINITIONAL_REPRESENTATION('',(#5179),#5182);
#5179 = B_SPLINE_CURVE_WITH_KNOTS('',1,(#5180,#5181),.UNSPECIFIED.,.F.,
  .F.,(2,2),(-95.298167762,-34.49902951453),.PIECEWISE_BEZIER_KNOTS.);
#5180 = CARTESIAN_POINT('',(100.,130.048167762));
#5181 = CARTESIAN_POINT('',(100.,69.249029514535));
#5182 = ( GEOMETRIC_REPRESENTATION_CONTEXT(2) 
PARAMETRIC_REPRESENTATION_CONTEXT() REPRESENTATION_CONTEXT('2D SPACE',''
  ) );
#5183 = PCURVE('',#5016,#5184);
#5184 = DEFINITIONAL_REPRESENTATION('',(#5185),#5188);
#5185 = B_SPLINE_CURVE_WITH_KNOTS('',1,(#5186,#5187),.UNSPECIFIED.,.F.,
  .F.,(2,2),(-95.298167762,-34.49902951453),.PIECEWISE_BEZIER_KNOTS.);
#5186 = CARTESIAN_POINT('',(60.548167762005,-0.125));
#5187 = CARTESIAN_POINT('',(-0.250970485465,-0.125));
#5188 = ( GEOMETRIC_REPRESENTATION_CONTEXT(2) 
PARAMETRIC_REPRESENTATION_CONTEXT() REPRESENTATION_CONTEXT('2D SPACE',''
  ) );
#5189 = ORIENTED_EDGE('',*,*,#5190,.F.);
#5190 = EDGE_CURVE('',#5191,#5170,#5193,.T.);
#5191 = VERTEX_POINT('',#5192);
#5192 = CARTESIAN_POINT('',(30.269576649446,-0.125,9.71304755963));
#5193 = SURFACE_CURVE('',#5194,(#5198,#5204),.PCURVE_S1.);
#5194 = LINE('',#5195,#5196);
#5195 = CARTESIAN_POINT('',(9.364086484519,-0.125,-58.66572968701));
#5196 = VECTOR('',#5197,1.);
#5197 = DIRECTION('',(-0.292371704723,0.,-0.956304755963));
#5198 = PCURVE('',#4960,#5199);
#5199 = DEFINITIONAL_REPRESENTATION('',(#5200),#5203);
#5200 = B_SPLINE_CURVE_WITH_KNOTS('',1,(#5201,#5202),.UNSPECIFIED.,.F.,
  .F.,(2,2),(-71.50312368549,-61.34626992201),.PIECEWISE_BEZIER_KNOTS.);
#5201 = CARTESIAN_POINT('',(109.71304755963,130.26957664944));
#5202 = CARTESIAN_POINT('',(100.,127.3));
#5203 = ( GEOMETRIC_REPRESENTATION_CONTEXT(2) 
PARAMETRIC_REPRESENTATION_CONTEXT() REPRESENTATION_CONTEXT('2D SPACE',''
  ) );
#5204 = PCURVE('',#5205,#5210);
#5205 = PLANE('',#5206);
#5206 = AXIS2_PLACEMENT_3D('',#5207,#5208,#5209);
#5207 = CARTESIAN_POINT('',(30.269576649446,-2.9,9.71304755963));
#5208 = DIRECTION('',(0.956304755963,0.,-0.292371704723));
#5209 = DIRECTION('',(0.,1.,0.));
#5210 = DEFINITIONAL_REPRESENTATION('',(#5211),#5214);
#5211 = B_SPLINE_CURVE_WITH_KNOTS('',1,(#5212,#5213),.UNSPECIFIED.,.F.,
  .F.,(2,2),(-71.50312368549,-61.34626992201),.PIECEWISE_BEZIER_KNOTS.);
#5212 = CARTESIAN_POINT('',(2.775,0.));
#5213 = CARTESIAN_POINT('',(2.775,-10.15685376347));
#5214 = ( GEOMETRIC_REPRESENTATION_CONTEXT(2) 
PARAMETRIC_REPRESENTATION_CONTEXT() REPRESENTATION_CONTEXT('2D SPACE',''
  ) );
#5215 = ORIENTED_EDGE('',*,*,#5216,.F.);
#5216 = EDGE_CURVE('',#5217,#5191,#5219,.T.);
#5217 = VERTEX_POINT('',#5218);
#5218 = CARTESIAN_POINT('',(30.069576649446,-0.125,9.71304755963));
#5219 = SURFACE_CURVE('',#5220,(#5224,#5230),.PCURVE_S1.);
#5220 = LINE('',#5221,#5222);
#5221 = CARTESIAN_POINT('',(-35.51521167527,-0.125,9.71304755963));
#5222 = VECTOR('',#5223,1.);
#5223 = DIRECTION('',(1.,0.,0.));
#5224 = PCURVE('',#4960,#5225);
#5225 = DEFINITIONAL_REPRESENTATION('',(#5226),#5229);
#5226 = B_SPLINE_CURVE_WITH_KNOTS('',1,(#5227,#5228),.UNSPECIFIED.,.F.,
  .F.,(2,2),(62.284788324723,66.684788324723),.PIECEWISE_BEZIER_KNOTS.);
#5227 = CARTESIAN_POINT('',(109.71304755963,126.76957664944));
#5228 = CARTESIAN_POINT('',(109.71304755963,131.16957664944));
#5229 = ( GEOMETRIC_REPRESENTATION_CONTEXT(2) 
PARAMETRIC_REPRESENTATION_CONTEXT() REPRESENTATION_CONTEXT('2D SPACE',''
  ) );
#5230 = PCURVE('',#5231,#5236);
#5231 = PLANE('',#5232);
#5232 = AXIS2_PLACEMENT_3D('',#5233,#5234,#5235);
#5233 = CARTESIAN_POINT('',(28.969576649446,-2.9,9.71304755963));
#5234 = DIRECTION('',(0.,0.,1.));
#5235 = DIRECTION('',(1.,0.,0.));
#5236 = DEFINITIONAL_REPRESENTATION('',(#5237),#5241);
#5237 = LINE('',#5238,#5239);
#5238 = CARTESIAN_POINT('',(-64.48478832472,2.775));
#5239 = VECTOR('',#5240,1.);
#5240 = DIRECTION('',(1.,0.));
#5241 = ( GEOMETRIC_REPRESENTATION_CONTEXT(2) 
PARAMETRIC_REPRESENTATION_CONTEXT() REPRESENTATION_CONTEXT('2D SPACE',''
  ) );
#5242 = ORIENTED_EDGE('',*,*,#5243,.F.);
#5243 = EDGE_CURVE('',#5244,#5217,#5246,.T.);
#5244 = VERTEX_POINT('',#5245);
#5245 = CARTESIAN_POINT('',(31.695780079528,-0.125,15.0321193071));
#5246 = SURFACE_CURVE('',#5247,(#5251,#5257),.PCURVE_S1.);
#5247 = LINE('',#5248,#5249);
#5248 = CARTESIAN_POINT('',(13.802459910341,-0.125,-43.49429382165));
#5249 = VECTOR('',#5250,1.);
#5250 = DIRECTION('',(-0.292371704723,0.,-0.956304755963));
#5251 = PCURVE('',#4960,#5252);
#5252 = DEFINITIONAL_REPRESENTATION('',(#5253),#5256);
#5253 = B_SPLINE_CURVE_WITH_KNOTS('',1,(#5254,#5255),.UNSPECIFIED.,.F.,
  .F.,(2,2),(-61.2005877455,-55.63847826701),.PIECEWISE_BEZIER_KNOTS.);
#5254 = CARTESIAN_POINT('',(115.0321193071,131.69578007952));
#5255 = CARTESIAN_POINT('',(109.71304755963,130.06957664944));
#5256 = ( GEOMETRIC_REPRESENTATION_CONTEXT(2) 
PARAMETRIC_REPRESENTATION_CONTEXT() REPRESENTATION_CONTEXT('2D SPACE',''
  ) );
#5257 = PCURVE('',#5258,#5263);
#5258 = PLANE('',#5259);
#5259 = AXIS2_PLACEMENT_3D('',#5260,#5261,#5262);
#5260 = CARTESIAN_POINT('',(39.329227258346,-1.125,40.));
#5261 = DIRECTION('',(0.956304755963,0.,-0.292371704723));
#5262 = DIRECTION('',(0.,1.,0.));
#5263 = DEFINITIONAL_REPRESENTATION('',(#5264),#5267);
#5264 = B_SPLINE_CURVE_WITH_KNOTS('',1,(#5265,#5266),.UNSPECIFIED.,.F.,
  .F.,(2,2),(-61.2005877455,-55.63847826701),.PIECEWISE_BEZIER_KNOTS.);
#5265 = CARTESIAN_POINT('',(1.,-26.10870701752));
#5266 = CARTESIAN_POINT('',(1.,-31.67081649601));
#5267 = ( GEOMETRIC_REPRESENTATION_CONTEXT(2) 
PARAMETRIC_REPRESENTATION_CONTEXT() REPRESENTATION_CONTEXT('2D SPACE',''
  ) );
#5268 = ORIENTED_EDGE('',*,*,#5269,.F.);
#5269 = EDGE_CURVE('',#4834,#5244,#5270,.T.);
#5270 = SURFACE_CURVE('',#5271,(#5275,#5281),.PCURVE_S1.);
#5271 = LINE('',#5272,#5273);
#5272 = CARTESIAN_POINT('',(-50.40578721331,-0.125,28.035730092543));
#5273 = VECTOR('',#5274,1.);
#5274 = DIRECTION('',(-0.987688340595,0.,0.15643446504));
#5275 = PCURVE('',#4960,#5276);
#5276 = DEFINITIONAL_REPRESENTATION('',(#5277),#5280);
#5277 = B_SPLINE_CURVE_WITH_KNOTS('',1,(#5278,#5279),.UNSPECIFIED.,.F.,
  .F.,(2,2),(-87.35705622939,-28.93118415642),.PIECEWISE_BEZIER_KNOTS.);
#5278 = CARTESIAN_POINT('',(114.3700757338,135.87575869318));
#5279 = CARTESIAN_POINT('',(123.50989577605,78.169206057603));
#5280 = ( GEOMETRIC_REPRESENTATION_CONTEXT(2) 
PARAMETRIC_REPRESENTATION_CONTEXT() REPRESENTATION_CONTEXT('2D SPACE',''
  ) );
#5281 = PCURVE('',#5127,#5282);
#5282 = DEFINITIONAL_REPRESENTATION('',(#5283),#5286);
#5283 = B_SPLINE_CURVE_WITH_KNOTS('',1,(#5284,#5285),.UNSPECIFIED.,.F.,
  .F.,(2,2),(-87.35705622939,-28.93118415642),.PIECEWISE_BEZIER_KNOTS.);
#5284 = CARTESIAN_POINT('',(58.096448875726,5.973743582226));
#5285 = CARTESIAN_POINT('',(-1.006182838394E-02,-0.126743388526));
#5286 = ( GEOMETRIC_REPRESENTATION_CONTEXT(2) 
PARAMETRIC_REPRESENTATION_CONTEXT() REPRESENTATION_CONTEXT('2D SPACE',''
  ) );
#5287 = ADVANCED_FACE('',(#5288,#7140),#5127,.T.);
#5288 = FACE_BOUND('',#5289,.T.);
#5289 = EDGE_LOOP('',(#5290,#5291,#5292,#5313,#5398,#5687,#5713,#5739,
    #5952,#5978,#6684,#6710,#6736,#6821,#7095,#7121));
#5290 = ORIENTED_EDGE('',*,*,#5088,.F.);
#5291 = ORIENTED_EDGE('',*,*,#5269,.T.);
#5292 = ORIENTED_EDGE('',*,*,#5293,.F.);
#5293 = EDGE_CURVE('',#5294,#5244,#5296,.T.);
#5294 = VERTEX_POINT('',#5295);
#5295 = CARTESIAN_POINT('',(31.695780079528,1.229670699175,15.0321193071
    ));
#5296 = SURFACE_CURVE('',#5297,(#5301,#5307),.PCURVE_S1.);
#5297 = LINE('',#5298,#5299);
#5298 = CARTESIAN_POINT('',(31.695780079528,-0.5625,15.0321193071));
#5299 = VECTOR('',#5300,1.);
#5300 = DIRECTION('',(-2.734506013376E-17,-1.,-8.944166154111E-17));
#5301 = PCURVE('',#5127,#5302);
#5302 = DEFINITIONAL_REPRESENTATION('',(#5303),#5306);
#5303 = B_SPLINE_CURVE_WITH_KNOTS('',1,(#5304,#5305),.UNSPECIFIED.,.F.,
  .F.,(2,2),(-1.792170699175,0.5625),.PIECEWISE_BEZIER_KNOTS.);
#5304 = CARTESIAN_POINT('',(53.746052497333,6.879120275983));
#5305 = CARTESIAN_POINT('',(53.991913404686,4.53732043061));
#5306 = ( GEOMETRIC_REPRESENTATION_CONTEXT(2) 
PARAMETRIC_REPRESENTATION_CONTEXT() REPRESENTATION_CONTEXT('2D SPACE',''
  ) );
#5307 = PCURVE('',#5258,#5308);
#5308 = DEFINITIONAL_REPRESENTATION('',(#5309),#5312);
#5309 = B_SPLINE_CURVE_WITH_KNOTS('',1,(#5310,#5311),.UNSPECIFIED.,.F.,
  .F.,(2,2),(-1.792170699175,0.5625),.PIECEWISE_BEZIER_KNOTS.);
#5310 = CARTESIAN_POINT('',(2.354670699175,-26.10870701752));
#5311 = CARTESIAN_POINT('',(0.,-26.10870701752));
#5312 = ( GEOMETRIC_REPRESENTATION_CONTEXT(2) 
PARAMETRIC_REPRESENTATION_CONTEXT() REPRESENTATION_CONTEXT('2D SPACE',''
  ) );
#5313 = ORIENTED_EDGE('',*,*,#5314,.F.);
#5314 = EDGE_CURVE('',#5315,#5294,#5317,.T.);
#5315 = VERTEX_POINT('',#5316);
#5316 = CARTESIAN_POINT('',(32.554212234013,2.9,14.896157010755));
#5317 = SURFACE_CURVE('',#5318,(#5333,#5351),.PCURVE_S1.);
#5318 = B_SPLINE_CURVE_WITH_KNOTS('',5,(#5319,#5320,#5321,#5322,#5323,
    #5324,#5325,#5326,#5327,#5328,#5329,#5330,#5331,#5332),
  .UNSPECIFIED.,.F.,.F.,(6,4,4,6),(0.,0.325708235448,0.650152569847,1.),
  .UNSPECIFIED.);
#5319 = CARTESIAN_POINT('',(32.554212234013,2.9,14.896157010755));
#5320 = CARTESIAN_POINT('',(32.554212234014,2.772159472513,
    14.896157010755));
#5321 = CARTESIAN_POINT('',(32.544469314488,2.644317981632,
    14.897700137611));
#5322 = CARTESIAN_POINT('',(32.524984162904,2.517507461708,
    14.90078628244));
#5323 = CARTESIAN_POINT('',(32.495885055002,2.392755140451,
    14.905395128359));
#5324 = CARTESIAN_POINT('',(32.419140336012,2.149867122806,
    14.917550297724));
#5325 = CARTESIAN_POINT('',(32.371566322159,2.031705154098,
    14.925085281282));
#5326 = CARTESIAN_POINT('',(32.314980951775,1.917593365176,
    14.934047523501));
#5327 = CARTESIAN_POINT('',(32.249781650113,1.808509179148,
    14.944374078404));
#5328 = CARTESIAN_POINT('',(32.097527138326,1.594177079934,
    14.96848882404));
#5329 = CARTESIAN_POINT('',(32.009156358832,1.489892882275,
    14.982485380491));
#5330 = CARTESIAN_POINT('',(31.912110607883,1.393696908587,
    14.997855917441));
#5331 = CARTESIAN_POINT('',(31.807280989261,1.306655487626,
    15.014459297916));
#5332 = CARTESIAN_POINT('',(31.695779107392,1.229670027972,
    15.032119461071));
#5333 = PCURVE('',#5127,#5334);
#5334 = DEFINITIONAL_REPRESENTATION('',(#5335),#5350);
#5335 = B_SPLINE_CURVE_WITH_KNOTS('',5,(#5336,#5337,#5338,#5339,#5340,
    #5341,#5342,#5343,#5344,#5345,#5346,#5347,#5348,#5349),
  .UNSPECIFIED.,.F.,.F.,(6,4,4,6),(0.,0.325708235448,0.650152569847,1.),
  .UNSPECIFIED.);
#5336 = CARTESIAN_POINT('',(54.436028363815,8.631069129903));
#5337 = CARTESIAN_POINT('',(54.449376722078,8.503927390888));
#5338 = CARTESIAN_POINT('',(54.452914734254,8.375754714462));
#5339 = CARTESIAN_POINT('',(54.446535344039,8.247577467004));
#5340 = CARTESIAN_POINT('',(54.430260459147,8.120430822053));
#5341 = CARTESIAN_POINT('',(54.378344773135,7.87075733388));
#5342 = CARTESIAN_POINT('',(54.342778808686,7.748211930894));
#5343 = CARTESIAN_POINT('',(54.297716134913,7.628741927418));
#5344 = CARTESIAN_POINT('',(54.243454874794,7.51336141795));
#5345 = CARTESIAN_POINT('',(54.112524403966,7.284105190383));
#5346 = CARTESIAN_POINT('',(54.03442988029,7.171048843749));
#5347 = CARTESIAN_POINT('',(53.946755734921,7.065119429651));
#5348 = CARTESIAN_POINT('',(53.850287907991,6.967471651827));
#5349 = CARTESIAN_POINT('',(53.746051588543,6.879119505679));
#5350 = ( GEOMETRIC_REPRESENTATION_CONTEXT(2) 
PARAMETRIC_REPRESENTATION_CONTEXT() REPRESENTATION_CONTEXT('2D SPACE',''
  ) );
#5351 = PCURVE('',#5352,#5381);
#5352 = B_SPLINE_SURFACE_WITH_KNOTS('',13,1,(
    (#5353,#5354)
    ,(#5355,#5356)
    ,(#5357,#5358)
    ,(#5359,#5360)
    ,(#5361,#5362)
    ,(#5363,#5364)
    ,(#5365,#5366)
    ,(#5367,#5368)
    ,(#5369,#5370)
    ,(#5371,#5372)
    ,(#5373,#5374)
    ,(#5375,#5376)
    ,(#5377,#5378)
    ,(#5379,#5380
    )),.UNSPECIFIED.,.T.,.F.,.F.,(14,14),(2,2),(0.,6.28318530718),(0.,1.
    ),.PIECEWISE_BEZIER_KNOTS.);
#5353 = CARTESIAN_POINT('',(30.969576649446,2.9,9.71304755963));
#5354 = CARTESIAN_POINT('',(40.229227258346,2.9,40.));
#5355 = CARTESIAN_POINT('',(30.969576649444,3.866643893412,9.71304755963
    ));
#5356 = CARTESIAN_POINT('',(40.229227258343,3.866643893412,
    40.000000000001));
#5357 = CARTESIAN_POINT('',(30.463440313125,4.833288173374,
    9.713047559631));
#5358 = CARTESIAN_POINT('',(39.723090922028,4.833288173374,
    39.999999999994));
#5359 = CARTESIAN_POINT('',(29.451197773098,5.510825198525,
    9.713047559629));
#5360 = CARTESIAN_POINT('',(38.710848381989,5.510825198525,
    40.000000000016));
#5361 = CARTESIAN_POINT('',(28.114334289541,5.610183188931,
    9.713047559632));
#5362 = CARTESIAN_POINT('',(37.373984898465,5.610183188931,
    39.999999999966));
#5363 = CARTESIAN_POINT('',(26.816734164214,4.968937351471,
    9.713047559631));
#5364 = CARTESIAN_POINT('',(36.076384773069,4.968937351471,
    40.000000000062));
#5365 = CARTESIAN_POINT('',(26.002176690307,3.678895344875,
    9.713047559624));
#5366 = CARTESIAN_POINT('',(35.261827299273,3.678895344875,
    39.999999999907));
#5367 = CARTESIAN_POINT('',(26.002176690125,2.121104655126,
    9.713047559643));
#5368 = CARTESIAN_POINT('',(35.261827298951,2.121104655126,
    40.000000000113));
#5369 = CARTESIAN_POINT('',(26.81673416436,0.831062648527,9.713047559615
    ));
#5370 = CARTESIAN_POINT('',(36.076384773327,0.831062648527,
    39.999999999892));
#5371 = CARTESIAN_POINT('',(28.114334289449,0.189816811071,
    9.713047559643));
#5372 = CARTESIAN_POINT('',(37.373984898303,0.189816811071,
    40.000000000078));
#5373 = CARTESIAN_POINT('',(29.451197773143,0.289174801474,
    9.713047559623));
#5374 = CARTESIAN_POINT('',(38.710848382067,0.289174801474,
    39.999999999957));
#5375 = CARTESIAN_POINT('',(30.46344031311,0.966711826626,9.713047559634
    ));
#5376 = CARTESIAN_POINT('',(39.723090922001,0.966711826626,
    40.000000000016));
#5377 = CARTESIAN_POINT('',(30.969576649447,1.933356106588,9.71304755963
    ));
#5378 = CARTESIAN_POINT('',(40.229227258349,1.933356106588,
    39.999999999996));
#5379 = CARTESIAN_POINT('',(30.969576649446,2.9,9.71304755963));
#5380 = CARTESIAN_POINT('',(40.229227258346,2.9,40.));
#5381 = DEFINITIONAL_REPRESENTATION('',(#5382),#5397);
#5382 = B_SPLINE_CURVE_WITH_KNOTS('',5,(#5383,#5384,#5385,#5386,#5387,
    #5388,#5389,#5390,#5391,#5392,#5393,#5394,#5395,#5396),
  .UNSPECIFIED.,.F.,.F.,(6,4,4,6),(0.,0.325708235448,0.650152569847,1.),
  .UNSPECIFIED.);
#5383 = CARTESIAN_POINT('',(6.28318530718,0.171133410049));
#5384 = CARTESIAN_POINT('',(6.219265043436,0.171133410049));
#5385 = CARTESIAN_POINT('',(6.155344278582,0.171184360268));
#5386 = CARTESIAN_POINT('',(6.091395010097,0.171286257111));
#5387 = CARTESIAN_POINT('',(6.027386368237,0.171438429764));
#5388 = CARTESIAN_POINT('',(5.899452246713,0.171839763289));
#5389 = CARTESIAN_POINT('',(5.835526054854,0.172088549745));
#5390 = CARTESIAN_POINT('',(5.771494907778,0.172384460739));
#5391 = CARTESIAN_POINT('',(5.707336620404,0.172725417953));
#5392 = CARTESIAN_POINT('',(5.573714889023,0.173521627003));
#5393 = CARTESIAN_POINT('',(5.504225887514,0.173983758559));
#5394 = CARTESIAN_POINT('',(5.434570464672,0.17449125554));
#5395 = CARTESIAN_POINT('',(5.364739463265,0.175039457955));
#5396 = CARTESIAN_POINT('',(5.294752618253,0.175622552712));
#5397 = ( GEOMETRIC_REPRESENTATION_CONTEXT(2) 
PARAMETRIC_REPRESENTATION_CONTEXT() REPRESENTATION_CONTEXT('2D SPACE',''
  ) );
#5398 = ORIENTED_EDGE('',*,*,#5399,.F.);
#5399 = EDGE_CURVE('',#5400,#5315,#5402,.T.);
#5400 = VERTEX_POINT('',#5401);
#5401 = CARTESIAN_POINT('',(29.597390368562,1.229670683801,
    15.364471587054));
#5402 = SURFACE_CURVE('',#5403,(#5486,#5572),.PCURVE_S1.);
#5403 = B_SPLINE_CURVE_WITH_KNOTS('',6,(#5404,#5405,#5406,#5407,#5408,
    #5409,#5410,#5411,#5412,#5413,#5414,#5415,#5416,#5417,#5418,#5419,
    #5420,#5421,#5422,#5423,#5424,#5425,#5426,#5427,#5428,#5429,#5430,
    #5431,#5432,#5433,#5434,#5435,#5436,#5437,#5438,#5439,#5440,#5441,
    #5442,#5443,#5444,#5445,#5446,#5447,#5448,#5449,#5450,#5451,#5452,
    #5453,#5454,#5455,#5456,#5457,#5458,#5459,#5460,#5461,#5462,#5463,
    #5464,#5465,#5466,#5467,#5468,#5469,#5470,#5471,#5472,#5473,#5474,
    #5475,#5476,#5477,#5478,#5479,#5480,#5481,#5482,#5483,#5484,#5485),
  .UNSPECIFIED.,.F.,.F.,(7,5,5,5,5,5,5,5,5,5,5,5,5,5,5,5,7),(0.,
    8.480909778526E-02,0.133049602822,0.165324513156,0.241180768019,
    0.332391868297,0.372666367094,0.436766035972,0.499417406675,
    0.537015453578,0.619812624125,0.677934178158,0.703595590469,
    0.741193921631,0.803845920484,0.867946235875,1.),.UNSPECIFIED.);
#5404 = CARTESIAN_POINT('',(29.597391324472,1.229670023801,
    15.364471435653));
#5405 = CARTESIAN_POINT('',(29.503732704428,1.294335766012,
    15.37930550377));
#5406 = CARTESIAN_POINT('',(29.414593401569,1.365812776845,
    15.393423782364));
#5407 = CARTESIAN_POINT('',(29.330542664161,1.443639430704,
    15.406736111367));
#5408 = CARTESIAN_POINT('',(29.252073822131,1.527297418129,
    15.419164354995));
#5409 = CARTESIAN_POINT('',(29.179609481792,1.616222520502,
    15.430641578983));
#5410 = CARTESIAN_POINT('',(29.075906620232,1.763052209047,
    15.447066498672));
#5411 = CARTESIAN_POINT('',(29.040364071516,1.817800359717,
    15.452695885358));
#5412 = CARTESIAN_POINT('',(29.006943872839,1.873950144693,
    15.457989124821));
#5413 = CARTESIAN_POINT('',(28.975703649916,1.931389638474,
    15.462937090044));
#5414 = CARTESIAN_POINT('',(28.946693855758,1.990004682117,
    15.467531790056));
#5415 = CARTESIAN_POINT('',(28.902070214387,2.089603413221,
    15.474599480519));
#5416 = CARTESIAN_POINT('',(28.885200417709,2.130002151392,
    15.477271393825));
#5417 = CARTESIAN_POINT('',(28.869361353991,2.170840348635,
    15.479780055067));
#5418 = CARTESIAN_POINT('',(28.854564638902,2.212083012632,
    15.482123624505));
#5419 = CARTESIAN_POINT('',(28.840820530415,2.253694907854,
    15.484300477435));
#5420 = CARTESIAN_POINT('',(28.798329800792,2.394226104204,
    15.491030347866));
#5421 = CARTESIAN_POINT('',(28.774385417229,2.494655782494,
    15.494822765655));
#5422 = CARTESIAN_POINT('',(28.756420544406,2.596468525758,
    15.497668121983));
#5423 = CARTESIAN_POINT('',(28.744510728767,2.699199630115,
    15.499554451467));
#5424 = CARTESIAN_POINT('',(28.738692667115,2.802381920018,
    15.500475941906));
#5425 = CARTESIAN_POINT('',(28.739293728973,3.029594600374,
    15.50038074306));
#5426 = CARTESIAN_POINT('',(28.748428419918,3.153619535659,
    15.498933950147));
#5427 = CARTESIAN_POINT('',(28.766367173521,3.276806404503,
    15.496092730697));
#5428 = CARTESIAN_POINT('',(28.793029668342,3.398343199557,
    15.491869806377));
#5429 = CARTESIAN_POINT('',(28.828253636714,3.517424683722,
    15.486290877861));
#5430 = CARTESIAN_POINT('',(28.891014695676,3.684401403891,
    15.476350502663));
#5431 = CARTESIAN_POINT('',(28.911859437591,3.734913492813,
    15.473049019881));
#5432 = CARTESIAN_POINT('',(28.934303659762,3.784723734488,
    15.469494204314));
#5433 = CARTESIAN_POINT('',(28.958322638325,3.833764565655,
    15.465689971837));
#5434 = CARTESIAN_POINT('',(28.983888255386,3.881969242663,
    15.461640775887));
#5435 = CARTESIAN_POINT('',(29.054069887951,4.004557220838,
    15.450525097292));
#5436 = CARTESIAN_POINT('',(29.101009075978,4.077558267248,
    15.443090660267));
#5437 = CARTESIAN_POINT('',(29.151658539243,4.148008638257,
    15.435068573376));
#5438 = CARTESIAN_POINT('',(29.205868765082,4.215650237615,
    15.426482517096));
#5439 = CARTESIAN_POINT('',(29.26346712751,4.280235385128,
    15.417359832699));
#5440 = CARTESIAN_POINT('',(29.383671899483,4.401437691326,
    15.398321267166));
#5441 = CARTESIAN_POINT('',(29.446136763988,4.458202928522,
    15.388427804562));
#5442 = CARTESIAN_POINT('',(29.511465919003,4.511604781525,
    15.378080682908));
#5443 = CARTESIAN_POINT('',(29.579454951807,4.561438298142,
    15.367312277999));
#5444 = CARTESIAN_POINT('',(29.649879093698,4.607516102563,15.3561581897
    ));
#5445 = CARTESIAN_POINT('',(29.766068660209,4.67496881124,
    15.337755570237));
#5446 = CARTESIAN_POINT('',(29.810433674948,4.698854069449,
    15.330728842207));
#5447 = CARTESIAN_POINT('',(29.855534369527,4.721290650535,
    15.323585593938));
#5448 = CARTESIAN_POINT('',(29.901315572843,4.742245614482,
    15.316334563673));
#5449 = CARTESIAN_POINT('',(29.947719956896,4.76168921272,
    15.308984831277));
#5450 = CARTESIAN_POINT('',(30.098119582862,4.819026171993,
    15.285163870693));
#5451 = CARTESIAN_POINT('',(30.204290655166,4.851001313977,
    15.268348024827));
#5452 = CARTESIAN_POINT('',(30.312556526001,4.87523447506,
    15.251200395469));
#5453 = CARTESIAN_POINT('',(30.422244389031,4.891529262823,
    15.233827544673));
#5454 = CARTESIAN_POINT('',(30.53265772984,4.899783938161,
    15.216339789484));
#5455 = CARTESIAN_POINT('',(30.720594872176,4.900145920776,
    15.186573470379));
#5456 = CARTESIAN_POINT('',(30.798117351729,4.896332512763,
    15.174295115842));
#5457 = CARTESIAN_POINT('',(30.875402501331,4.88855587812,
    15.162054350677));
#5458 = CARTESIAN_POINT('',(30.952207969418,4.876839695888,
    15.149889559601));
#5459 = CARTESIAN_POINT('',(31.028295443088,4.861231212072,
    15.137838487668));
#5460 = CARTESIAN_POINT('',(31.136604896098,4.833221746413,
    15.120683955571));
#5461 = CARTESIAN_POINT('',(31.169593113447,4.823897775865,
    15.115459135229));
#5462 = CARTESIAN_POINT('',(31.202376103178,4.813834713839,
    15.110266819748));
#5463 = CARTESIAN_POINT('',(31.234934266643,4.803039378839,
    15.10511011325));
#5464 = CARTESIAN_POINT('',(31.267248359906,4.791519390088,
    15.099992063673));
#5465 = CARTESIAN_POINT('',(31.346259853119,4.761355021484,
    15.087477872542));
#5466 = CARTESIAN_POINT('',(31.392655817615,4.741889228442,
    15.080129473672));
#5467 = CARTESIAN_POINT('',(31.438427917177,4.720912376912,15.0728798853
    ));
#5468 = CARTESIAN_POINT('',(31.483518840275,4.698454245065,
    15.065738184682));
#5469 = CARTESIAN_POINT('',(31.527873433903,4.674547800741,
    15.058713107194));
#5470 = CARTESIAN_POINT('',(31.644033713559,4.607039540224,
    15.040315126313));
#5471 = CARTESIAN_POINT('',(31.714437858751,4.560928044783,
    15.02916420518));
#5472 = CARTESIAN_POINT('',(31.782405224116,4.511062023851,
    15.018399232056));
#5473 = CARTESIAN_POINT('',(31.847711138233,4.457628959351,
    15.008055791399));
#5474 = CARTESIAN_POINT('',(31.910151291117,4.40083389471,
    14.998166242731));
#5475 = CARTESIAN_POINT('',(32.030303312234,4.27957419563,
    14.979136032112));
#5476 = CARTESIAN_POINT('',(32.087873570002,4.214961550879,
    14.970017799056));
#5477 = CARTESIAN_POINT('',(32.142054375206,4.147294065331,
    14.961436402548));
#5478 = CARTESIAN_POINT('',(32.192673215038,4.076819486917,
    14.953419165931));
#5479 = CARTESIAN_POINT('',(32.239580689699,4.003795967215,
    14.94598975181));
#5480 = CARTESIAN_POINT('',(32.371374156799,3.773351023793,
    14.925115717285));
#5481 = CARTESIAN_POINT('',(32.443809752103,3.608517208753,
    14.913643046063));
#5482 = CARTESIAN_POINT('',(32.498832630744,3.436324416147,
    14.904928278224));
#5483 = CARTESIAN_POINT('',(32.535754081989,3.259196766689,
    14.899080494833));
#5484 = CARTESIAN_POINT('',(32.554212234013,3.079591616769,
    14.896157010755));
#5485 = CARTESIAN_POINT('',(32.554212234013,2.9,14.896157010755));
#5486 = PCURVE('',#5127,#5487);
#5487 = DEFINITIONAL_REPRESENTATION('',(#5488),#5571);
#5488 = B_SPLINE_CURVE_WITH_KNOTS('',6,(#5489,#5490,#5491,#5492,#5493,
    #5494,#5495,#5496,#5497,#5498,#5499,#5500,#5501,#5502,#5503,#5504,
    #5505,#5506,#5507,#5508,#5509,#5510,#5511,#5512,#5513,#5514,#5515,
    #5516,#5517,#5518,#5519,#5520,#5521,#5522,#5523,#5524,#5525,#5526,
    #5527,#5528,#5529,#5530,#5531,#5532,#5533,#5534,#5535,#5536,#5537,
    #5538,#5539,#5540,#5541,#5542,#5543,#5544,#5545,#5546,#5547,#5548,
    #5549,#5550,#5551,#5552,#5553,#5554,#5555,#5556,#5557,#5558,#5559,
    #5560,#5561,#5562,#5563,#5564,#5565,#5566,#5567,#5568,#5569,#5570),
  .UNSPECIFIED.,.F.,.F.,(7,5,5,5,5,5,5,5,5,5,5,5,5,5,5,5,7),(0.,
    8.480909778526E-02,0.133049602822,0.165324513156,0.241180768019,
    0.332391868297,0.372666367094,0.436766035972,0.499417406675,
    0.537015453578,0.619812624125,0.677934178158,0.703595590469,
    0.741193921631,0.803845920484,0.867946235875,1.),.UNSPECIFIED.);
#5489 = CARTESIAN_POINT('',(51.633120100251,6.657287027667));
#5490 = CARTESIAN_POINT('',(51.532060324506,6.711698116862));
#5491 = CARTESIAN_POINT('',(51.434839996128,6.773361006289));
#5492 = CARTESIAN_POINT('',(51.342080509023,6.841876772104));
#5493 = CARTESIAN_POINT('',(51.25433273117,6.916782090681));
#5494 = CARTESIAN_POINT('',(51.172081110322,6.997560503583));
#5495 = CARTESIAN_POINT('',(51.052328399982,7.132624589436));
#5496 = CARTESIAN_POINT('',(51.010823028719,7.183316077101));
#5497 = CARTESIAN_POINT('',(50.971308366845,7.235625903267));
#5498 = CARTESIAN_POINT('',(50.933854126078,7.289448846168));
#5499 = CARTESIAN_POINT('',(50.89852302892,7.344676704538));
#5500 = CARTESIAN_POINT('',(50.843190590282,7.439013601294));
#5501 = CARTESIAN_POINT('',(50.821985671456,7.477408114237));
#5502 = CARTESIAN_POINT('',(50.801772743755,7.516348648754));
#5503 = CARTESIAN_POINT('',(50.782567157043,7.555801631756));
#5504 = CARTESIAN_POINT('',(50.764382919481,7.595733104744));
#5505 = CARTESIAN_POINT('',(50.706924247573,7.7310042082));
#5506 = CARTESIAN_POINT('',(50.672327629877,7.828353631734));
#5507 = CARTESIAN_POINT('',(50.643607554751,7.927710688272));
#5508 = CARTESIAN_POINT('',(50.620888613894,8.02862120049));
#5509 = CARTESIAN_POINT('',(50.604256538183,8.130624425896));
#5510 = CARTESIAN_POINT('',(50.58113755016,8.356658681807));
#5511 = CARTESIAN_POINT('',(50.577385596191,8.480971364998));
#5512 = CARTESIAN_POINT('',(50.582586230901,8.605381290097));
#5513 = CARTESIAN_POINT('',(50.596743361193,8.729072397027));
#5514 = CARTESIAN_POINT('',(50.619777672878,8.851226695959));
#5515 = CARTESIAN_POINT('',(50.665538992142,9.02392553301));
#5516 = CARTESIAN_POINT('',(50.681254030641,9.076365133946));
#5517 = CARTESIAN_POINT('',(50.698652917999,9.128275814128));
#5518 = CARTESIAN_POINT('',(50.717717813555,9.179587765903));
#5519 = CARTESIAN_POINT('',(50.738427373513,9.230231637944));
#5520 = CARTESIAN_POINT('',(50.796295509755,9.359568837006));
#5521 = CARTESIAN_POINT('',(50.835937687164,9.437133060548));
#5522 = CARTESIAN_POINT('',(50.879582181908,9.512552785162));
#5523 = CARTESIAN_POINT('',(50.927105393965,9.585555519546));
#5524 = CARTESIAN_POINT('',(50.978359362211,9.655876688075));
#5525 = CARTESIAN_POINT('',(51.08674202674,9.789124019155));
#5526 = CARTESIAN_POINT('',(51.14371273546,9.852182487276));
#5527 = CARTESIAN_POINT('',(51.203918771643,9.912198756177));
#5528 = CARTESIAN_POINT('',(51.267175705712,9.968947384325));
#5529 = CARTESIAN_POINT('',(51.333276775797,10.022218258549));
#5530 = CARTESIAN_POINT('',(51.443228623698,10.101585322374));
#5531 = CARTESIAN_POINT('',(51.485407169099,10.130030098822));
#5532 = CARTESIAN_POINT('',(51.528477755629,10.157111889644));
#5533 = CARTESIAN_POINT('',(51.572388269206,10.182792102424));
#5534 = CARTESIAN_POINT('',(51.617084090664,10.207035090735));
#5535 = CARTESIAN_POINT('',(51.762539331594,10.279958238215));
#5536 = CARTESIAN_POINT('',(51.86610760764,10.322982547253));
#5537 = CARTESIAN_POINT('',(51.972593573295,10.358528646827));
#5538 = CARTESIAN_POINT('',(52.081340265217,10.386330091845));
#5539 = CARTESIAN_POINT('',(52.191656964523,10.406212066826));
#5540 = CARTESIAN_POINT('',(52.380858883394,10.426439972041));
#5541 = CARTESIAN_POINT('',(52.459316836833,10.430842749473));
#5542 = CARTESIAN_POINT('',(52.537949632297,10.431278874152));
#5543 = CARTESIAN_POINT('',(52.616510766082,10.427746275332));
#5544 = CARTESIAN_POINT('',(52.694755340415,10.420266747354));
#5545 = CARTESIAN_POINT('',(52.806740059059,10.403860390669));
#5546 = CARTESIAN_POINT('',(52.840930468616,10.398074757383));
#5547 = CARTESIAN_POINT('',(52.874991399743,10.391532376789));
#5548 = CARTESIAN_POINT('',(52.908902406007,10.384237958234));
#5549 = CARTESIAN_POINT('',(52.94264331454,10.37619704491));
#5550 = CARTESIAN_POINT('',(53.025352014627,10.354550310685));
#5551 = CARTESIAN_POINT('',(53.074102048659,10.340095700066));
#5552 = CARTESIAN_POINT('',(53.12238166968,10.324072338248));
#5553 = CARTESIAN_POINT('',(53.170130059681,10.306503781905));
#5554 = CARTESIAN_POINT('',(53.217288241086,10.287416988133));
#5555 = CARTESIAN_POINT('',(53.341302432182,10.232557696167));
#5556 = CARTESIAN_POINT('',(53.417009233096,10.194141072038));
#5557 = CARTESIAN_POINT('',(53.490654390654,10.151732839195));
#5558 = CARTESIAN_POINT('',(53.561992100498,10.105495703478));
#5559 = CARTESIAN_POINT('',(53.630795227158,10.055611988758));
#5560 = CARTESIAN_POINT('',(53.764441236091,9.947717058329));
#5561 = CARTESIAN_POINT('',(53.829156980779,9.889543670901));
#5562 = CARTESIAN_POINT('',(53.890778749524,9.827973822472));
#5563 = CARTESIAN_POINT('',(53.949106965467,9.763235669452));
#5564 = CARTESIAN_POINT('',(54.003964238659,9.695570158438));
#5565 = CARTESIAN_POINT('',(54.160732862202,9.48031748387));
#5566 = CARTESIAN_POINT('',(54.250881481459,9.324042243735));
#5567 = CARTESIAN_POINT('',(54.324265079624,9.158607453869));
#5568 = CARTESIAN_POINT('',(54.379937060114,8.986351176992));
#5569 = CARTESIAN_POINT('',(54.41727646026,8.809679081828));
#5570 = CARTESIAN_POINT('',(54.436028363815,8.631069129903));
#5571 = ( GEOMETRIC_REPRESENTATION_CONTEXT(2) 
PARAMETRIC_REPRESENTATION_CONTEXT() REPRESENTATION_CONTEXT('2D SPACE',''
  ) );
#5572 = PCURVE('',#5573,#5602);
#5573 = B_SPLINE_SURFACE_WITH_KNOTS('',13,1,(
    (#5574,#5575)
    ,(#5576,#5577)
    ,(#5578,#5579)
    ,(#5580,#5581)
    ,(#5582,#5583)
    ,(#5584,#5585)
    ,(#5586,#5587)
    ,(#5588,#5589)
    ,(#5590,#5591)
    ,(#5592,#5593)
    ,(#5594,#5595)
    ,(#5596,#5597)
    ,(#5598,#5599)
    ,(#5600,#5601
    )),.UNSPECIFIED.,.T.,.F.,.F.,(14,14),(2,2),(0.,6.28318530718),(0.,1.
    ),.PIECEWISE_BEZIER_KNOTS.);
#5574 = CARTESIAN_POINT('',(30.969576649446,2.9,9.71304755963));
#5575 = CARTESIAN_POINT('',(40.229227258346,2.9,40.));
#5576 = CARTESIAN_POINT('',(30.969576649444,3.866643893412,9.71304755963
    ));
#5577 = CARTESIAN_POINT('',(40.229227258343,3.866643893412,
    40.000000000001));
#5578 = CARTESIAN_POINT('',(30.463440313125,4.833288173374,
    9.713047559631));
#5579 = CARTESIAN_POINT('',(39.723090922028,4.833288173374,
    39.999999999994));
#5580 = CARTESIAN_POINT('',(29.451197773098,5.510825198525,
    9.713047559629));
#5581 = CARTESIAN_POINT('',(38.710848381989,5.510825198525,
    40.000000000016));
#5582 = CARTESIAN_POINT('',(28.114334289541,5.610183188931,
    9.713047559632));
#5583 = CARTESIAN_POINT('',(37.373984898465,5.610183188931,
    39.999999999966));
#5584 = CARTESIAN_POINT('',(26.816734164214,4.968937351471,
    9.713047559631));
#5585 = CARTESIAN_POINT('',(36.076384773069,4.968937351471,
    40.000000000062));
#5586 = CARTESIAN_POINT('',(26.002176690307,3.678895344875,
    9.713047559624));
#5587 = CARTESIAN_POINT('',(35.261827299273,3.678895344875,
    39.999999999907));
#5588 = CARTESIAN_POINT('',(26.002176690125,2.121104655126,
    9.713047559643));
#5589 = CARTESIAN_POINT('',(35.261827298951,2.121104655126,
    40.000000000113));
#5590 = CARTESIAN_POINT('',(26.81673416436,0.831062648527,9.713047559615
    ));
#5591 = CARTESIAN_POINT('',(36.076384773327,0.831062648527,
    39.999999999892));
#5592 = CARTESIAN_POINT('',(28.114334289449,0.189816811071,
    9.713047559643));
#5593 = CARTESIAN_POINT('',(37.373984898303,0.189816811071,
    40.000000000078));
#5594 = CARTESIAN_POINT('',(29.451197773143,0.289174801474,
    9.713047559623));
#5595 = CARTESIAN_POINT('',(38.710848382067,0.289174801474,
    39.999999999957));
#5596 = CARTESIAN_POINT('',(30.46344031311,0.966711826626,9.713047559634
    ));
#5597 = CARTESIAN_POINT('',(39.723090922001,0.966711826626,
    40.000000000016));
#5598 = CARTESIAN_POINT('',(30.969576649447,1.933356106588,9.71304755963
    ));
#5599 = CARTESIAN_POINT('',(40.229227258349,1.933356106588,
    39.999999999996));
#5600 = CARTESIAN_POINT('',(30.969576649446,2.9,9.71304755963));
#5601 = CARTESIAN_POINT('',(40.229227258346,2.9,40.));
#5602 = DEFINITIONAL_REPRESENTATION('',(#5603),#5686);
#5603 = B_SPLINE_CURVE_WITH_KNOTS('',6,(#5604,#5605,#5606,#5607,#5608,
    #5609,#5610,#5611,#5612,#5613,#5614,#5615,#5616,#5617,#5618,#5619,
    #5620,#5621,#5622,#5623,#5624,#5625,#5626,#5627,#5628,#5629,#5630,
    #5631,#5632,#5633,#5634,#5635,#5636,#5637,#5638,#5639,#5640,#5641,
    #5642,#5643,#5644,#5645,#5646,#5647,#5648,#5649,#5650,#5651,#5652,
    #5653,#5654,#5655,#5656,#5657,#5658,#5659,#5660,#5661,#5662,#5663,
    #5664,#5665,#5666,#5667,#5668,#5669,#5670,#5671,#5672,#5673,#5674,
    #5675,#5676,#5677,#5678,#5679,#5680,#5681,#5682,#5683,#5684,#5685),
  .UNSPECIFIED.,.F.,.F.,(7,5,5,5,5,5,5,5,5,5,5,5,5,5,5,5,7),(0.,
    8.480909778526E-02,0.133049602822,0.165324513156,0.241180768019,
    0.332391868297,0.372666367094,0.436766035972,0.499417406675,
    0.537015453578,0.619812624125,0.677934178158,0.703595590469,
    0.741193921631,0.803845920484,0.867946235875,1.),.UNSPECIFIED.);
#5604 = CARTESIAN_POINT('',(4.130025346625,0.186595990044));
#5605 = CARTESIAN_POINT('',(4.071238254269,0.187085774156));
#5606 = CARTESIAN_POINT('',(4.012556698981,0.187551924675));
#5607 = CARTESIAN_POINT('',(3.953990819557,0.187991464739));
#5608 = CARTESIAN_POINT('',(3.895540791193,0.188401814497));
#5609 = CARTESIAN_POINT('',(3.837202489909,0.188780763948));
#5610 = CARTESIAN_POINT('',(3.745851563873,0.189323074031));
#5611 = CARTESIAN_POINT('',(3.712764595039,0.189508942408));
#5612 = CARTESIAN_POINT('',(3.679710963637,0.189683712037));
#5613 = CARTESIAN_POINT('',(3.646689029292,0.189847081569));
#5614 = CARTESIAN_POINT('',(3.613696798094,0.189998787159));
#5615 = CARTESIAN_POINT('',(3.558677045681,0.190232144757));
#5616 = CARTESIAN_POINT('',(3.536634400062,0.190320364703));
#5617 = CARTESIAN_POINT('',(3.514603273884,0.190403194471));
#5618 = CARTESIAN_POINT('',(3.492582902553,0.190480573317));
#5619 = CARTESIAN_POINT('',(3.470572468736,0.190552447598));
#5620 = CARTESIAN_POINT('',(3.39686092757,0.190774651217));
#5621 = CARTESIAN_POINT('',(3.345200651628,0.19089986744));
#5622 = CARTESIAN_POINT('',(3.293579450345,0.190993814044));
#5623 = CARTESIAN_POINT('',(3.241984389056,0.191056095962));
#5624 = CARTESIAN_POINT('',(3.190401888737,0.191086521289));
#5625 = CARTESIAN_POINT('',(3.076795110872,0.191083378059));
#5626 = CARTESIAN_POINT('',(3.01476955619,0.191035608548));
#5627 = CARTESIAN_POINT('',(2.952720889228,0.190941798534));
#5628 = CARTESIAN_POINT('',(2.890625374228,0.190802368054));
#5629 = CARTESIAN_POINT('',(2.828460897335,0.19061816568));
#5630 = CARTESIAN_POINT('',(2.738723942283,0.190289959162));
#5631 = CARTESIAN_POINT('',(2.711220395146,0.190180952395));
#5632 = CARTESIAN_POINT('',(2.68369850581,0.190063581208));
#5633 = CARTESIAN_POINT('',(2.656156888237,0.189937974893));
#5634 = CARTESIAN_POINT('',(2.628594308547,0.189804280493));
#5635 = CARTESIAN_POINT('',(2.557106836147,0.189437268374));
#5636 = CARTESIAN_POINT('',(2.51314778752,0.189191801715));
#5637 = CARTESIAN_POINT('',(2.469129009031,0.188926932316));
#5638 = CARTESIAN_POINT('',(2.425047099849,0.188643442047));
#5639 = CARTESIAN_POINT('',(2.380899981191,0.18834223365));
#5640 = CARTESIAN_POINT('',(2.293475141338,0.187713627468));
#5641 = CARTESIAN_POINT('',(2.250199574708,0.187386969888));
#5642 = CARTESIAN_POINT('',(2.206862303393,0.187045333611));
#5643 = CARTESIAN_POINT('',(2.163464128335,0.186689787607));
#5644 = CARTESIAN_POINT('',(2.120007206069,0.186321507295));
#5645 = CARTESIAN_POINT('',(2.050385087147,0.185713898474));
#5646 = CARTESIAN_POINT('',(2.024254131726,0.185481893354));
#5647 = CARTESIAN_POINT('',(1.9981045613,0.185246041026));
#5648 = CARTESIAN_POINT('',(1.971937439638,0.185006630003));
#5649 = CARTESIAN_POINT('',(1.945753984279,0.18476396008));
#5650 = CARTESIAN_POINT('',(1.861862280838,0.183977451083));
#5651 = CARTESIAN_POINT('',(1.804093317188,0.183422233588));
#5652 = CARTESIAN_POINT('',(1.746269657665,0.182856061426));
#5653 = CARTESIAN_POINT('',(1.688405953123,0.18228245301));
#5654 = CARTESIAN_POINT('',(1.630518538724,0.181705050737));
#5655 = CARTESIAN_POINT('',(1.531999556789,0.180722240758));
#5656 = CARTESIAN_POINT('',(1.491364951935,0.180316839965));
#5657 = CARTESIAN_POINT('',(1.450737626205,0.17991268028));
#5658 = CARTESIAN_POINT('',(1.41012384903,0.17951102907));
#5659 = CARTESIAN_POINT('',(1.369529591213,0.179113132585));
#5660 = CARTESIAN_POINT('',(1.311050812926,0.178546732511));
#5661 = CARTESIAN_POINT('',(1.293144759246,0.178374221911));
#5662 = CARTESIAN_POINT('',(1.275244303039,0.17820278454));
#5663 = CARTESIAN_POINT('',(1.25734993386,0.17803252289));
#5664 = CARTESIAN_POINT('',(1.23946211491,0.177863537596));
#5665 = CARTESIAN_POINT('',(1.195382824816,0.177450350064));
#5666 = CARTESIAN_POINT('',(1.169199345208,0.177207724171));
#5667 = CARTESIAN_POINT('',(1.143032214374,0.176968360756));
#5668 = CARTESIAN_POINT('',(1.116882648586,0.176732559527));
#5669 = CARTESIAN_POINT('',(1.090751710223,0.176500608904));
#5670 = CARTESIAN_POINT('',(1.021129558604,0.175893153237));
#5671 = CARTESIAN_POINT('',(0.977672606598,0.175524977497));
#5672 = CARTESIAN_POINT('',(0.93427442513,0.175169544802));
#5673 = CARTESIAN_POINT('',(0.890937163481,0.174828030063));
#5674 = CARTESIAN_POINT('',(0.847661615079,0.174501501711));
#5675 = CARTESIAN_POINT('',(0.760236809802,0.173873171388));
#5676 = CARTESIAN_POINT('',(0.716089708069,0.173572109963));
#5677 = CARTESIAN_POINT('',(0.672007807795,0.173288773549));
#5678 = CARTESIAN_POINT('',(0.627989022602,0.173024064294));
#5679 = CARTESIAN_POINT('',(0.584029944761,0.172778763479));
#5680 = CARTESIAN_POINT('',(0.449682175724,0.172089554666));
#5681 = CARTESIAN_POINT('',(0.359471312669,0.171710755536));
#5682 = CARTESIAN_POINT('',(0.269466107099,0.171423015532));
#5683 = CARTESIAN_POINT('',(0.179598215484,0.171229936238));
#5684 = CARTESIAN_POINT('',(8.979580838438E-02,0.171133410049));
#5685 = CARTESIAN_POINT('',(0.,0.171133410049));
#5686 = ( GEOMETRIC_REPRESENTATION_CONTEXT(2) 
PARAMETRIC_REPRESENTATION_CONTEXT() REPRESENTATION_CONTEXT('2D SPACE',''
  ) );
#5687 = ORIENTED_EDGE('',*,*,#5688,.F.);
#5688 = EDGE_CURVE('',#5689,#5400,#5691,.T.);
#5689 = VERTEX_POINT('',#5690);
#5690 = CARTESIAN_POINT('',(29.597390368562,-0.125,15.364471587054));
#5691 = SURFACE_CURVE('',#5692,(#5696,#5702),.PCURVE_S1.);
#5692 = LINE('',#5693,#5694);
#5693 = CARTESIAN_POINT('',(29.597390368562,1.45,15.364471587054));
#5694 = VECTOR('',#5695,1.);
#5695 = DIRECTION('',(2.734506013376E-17,1.,8.944166154111E-17));
#5696 = PCURVE('',#5127,#5697);
#5697 = DEFINITIONAL_REPRESENTATION('',(#5698),#5701);
#5698 = B_SPLINE_CURVE_WITH_KNOTS('',1,(#5699,#5700),.UNSPECIFIED.,.F.,
  .F.,(2,2),(-2.575,-0.220329308849),.PIECEWISE_BEZIER_KNOTS.);
#5699 = CARTESIAN_POINT('',(51.87897997455,4.315487752922));
#5700 = CARTESIAN_POINT('',(51.633119068035,6.657287590315));
#5701 = ( GEOMETRIC_REPRESENTATION_CONTEXT(2) 
PARAMETRIC_REPRESENTATION_CONTEXT() REPRESENTATION_CONTEXT('2D SPACE',''
  ) );
#5702 = PCURVE('',#5703,#5708);
#5703 = PLANE('',#5704);
#5704 = AXIS2_PLACEMENT_3D('',#5705,#5706,#5707);
#5705 = CARTESIAN_POINT('',(37.129227258346,2.9,40.));
#5706 = DIRECTION('',(-0.956304755963,0.,0.292371704723));
#5707 = DIRECTION('',(0.,-1.,0.));
#5708 = DEFINITIONAL_REPRESENTATION('',(#5709),#5712);
#5709 = B_SPLINE_CURVE_WITH_KNOTS('',1,(#5710,#5711),.UNSPECIFIED.,.F.,
  .F.,(2,2),(-2.575,-0.220329308849),.PIECEWISE_BEZIER_KNOTS.);
#5710 = CARTESIAN_POINT('',(4.025,-25.76116897812));
#5711 = CARTESIAN_POINT('',(1.670329308849,-25.76116897812));
#5712 = ( GEOMETRIC_REPRESENTATION_CONTEXT(2) 
PARAMETRIC_REPRESENTATION_CONTEXT() REPRESENTATION_CONTEXT('2D SPACE',''
  ) );
#5713 = ORIENTED_EDGE('',*,*,#5714,.T.);
#5714 = EDGE_CURVE('',#5689,#5715,#5717,.T.);
#5715 = VERTEX_POINT('',#5716);
#5716 = CARTESIAN_POINT('',(19.629523545512,-0.125,16.943226595052));
#5717 = SURFACE_CURVE('',#5718,(#5722,#5728),.PCURVE_S1.);
#5718 = LINE('',#5719,#5720);
#5719 = CARTESIAN_POINT('',(-50.40578721331,-0.125,28.035730092543));
#5720 = VECTOR('',#5721,1.);
#5721 = DIRECTION('',(-0.987688340595,0.,0.15643446504));
#5722 = PCURVE('',#5127,#5723);
#5723 = DEFINITIONAL_REPRESENTATION('',(#5724),#5727);
#5724 = B_SPLINE_CURVE_WITH_KNOTS('',1,(#5725,#5726),.UNSPECIFIED.,.F.,
  .F.,(2,2),(-87.35705622939,-28.93118415642),.PIECEWISE_BEZIER_KNOTS.);
#5725 = CARTESIAN_POINT('',(58.096448875726,5.973743582226));
#5726 = CARTESIAN_POINT('',(-1.006182838394E-02,-0.126743388526));
#5727 = ( GEOMETRIC_REPRESENTATION_CONTEXT(2) 
PARAMETRIC_REPRESENTATION_CONTEXT() REPRESENTATION_CONTEXT('2D SPACE',''
  ) );
#5728 = PCURVE('',#5729,#5734);
#5729 = PLANE('',#5730);
#5730 = AXIS2_PLACEMENT_3D('',#5731,#5732,#5733);
#5731 = CARTESIAN_POINT('',(-100.,-0.125,-100.));
#5732 = DIRECTION('',(0.,1.,0.));
#5733 = DIRECTION('',(0.,0.,1.));
#5734 = DEFINITIONAL_REPRESENTATION('',(#5735),#5738);
#5735 = B_SPLINE_CURVE_WITH_KNOTS('',1,(#5736,#5737),.UNSPECIFIED.,.F.,
  .F.,(2,2),(-87.35705622939,-28.93118415642),.PIECEWISE_BEZIER_KNOTS.);
#5736 = CARTESIAN_POINT('',(114.3700757338,135.87575869318));
#5737 = CARTESIAN_POINT('',(123.50989577605,78.169206057603));
#5738 = ( GEOMETRIC_REPRESENTATION_CONTEXT(2) 
PARAMETRIC_REPRESENTATION_CONTEXT() REPRESENTATION_CONTEXT('2D SPACE',''
  ) );
#5739 = ORIENTED_EDGE('',*,*,#5740,.T.);
#5740 = EDGE_CURVE('',#5715,#5741,#5743,.T.);
#5741 = VERTEX_POINT('',#5742);
#5742 = CARTESIAN_POINT('',(-4.16760770788,-9.927361191462,
    20.71232190995));
#5743 = SURFACE_CURVE('',#5744,(#5801,#5861),.PCURVE_S1.);
#5744 = B_SPLINE_CURVE_WITH_KNOTS('',7,(#5745,#5746,#5747,#5748,#5749,
    #5750,#5751,#5752,#5753,#5754,#5755,#5756,#5757,#5758,#5759,#5760,
    #5761,#5762,#5763,#5764,#5765,#5766,#5767,#5768,#5769,#5770,#5771,
    #5772,#5773,#5774,#5775,#5776,#5777,#5778,#5779,#5780,#5781,#5782,
    #5783,#5784,#5785,#5786,#5787,#5788,#5789,#5790,#5791,#5792,#5793,
    #5794,#5795,#5796,#5797,#5798,#5799,#5800),.UNSPECIFIED.,.F.,.F.,(8,
    6,6,6,6,6,6,6,6,8),(0.,0.231692114997,0.343523007615,0.45137093533,
    0.516860611447,0.661040271029,0.766638259237,0.812153466066,
    0.881651084296,1.),.UNSPECIFIED.);
#5745 = CARTESIAN_POINT('',(19.630039241477,5.861977570021E-14,
    16.943144916836));
#5746 = CARTESIAN_POINT('',(19.630039241477,-1.116829035302,
    16.943144916835));
#5747 = CARTESIAN_POINT('',(19.533984977155,-2.233728147027,
    16.958358417731));
#5748 = CARTESIAN_POINT('',(19.34185618028,-3.340440878997,
    16.988788629694));
#5749 = CARTESIAN_POINT('',(19.054701382172,-4.426783313869,
    17.034269481679));
#5750 = CARTESIAN_POINT('',(18.674596072295,-5.482647731875,
    17.094472248448));
#5751 = CARTESIAN_POINT('',(18.20469087698,-6.498016451911,
    17.168897919814));
#5752 = CARTESIAN_POINT('',(17.38153957654,-7.92886565725,
    17.299272277836));
#5753 = CARTESIAN_POINT('',(17.093699243691,-8.382949055577,
    17.344861707858));
#5754 = CARTESIAN_POINT('',(16.786496838624,-8.824211199766,
    17.39351778885));
#5755 = CARTESIAN_POINT('',(16.460507181265,-9.251568799028,
    17.445149478283));
#5756 = CARTESIAN_POINT('',(16.116376372029,-9.66396391931,
    17.499654443902));
#5757 = CARTESIAN_POINT('',(15.754826849711,-10.06036834773,
    17.556918262644));
#5758 = CARTESIAN_POINT('',(15.01196673823,-10.80569417168,
    17.67457574564));
#5759 = CARTESIAN_POINT('',(14.631812499247,-11.1558099363,
    17.734786262019));
#5760 = CARTESIAN_POINT('',(14.23692463625,-11.48924112206,
    17.797330355191));
#5761 = CARTESIAN_POINT('',(13.828087460898,-11.80513544463,
    17.862083802393));
#5762 = CARTESIAN_POINT('',(13.406148265288,-12.10268781326,
    17.92891240574));
#5763 = CARTESIAN_POINT('',(12.972020894553,-12.38114567988,
    17.997671426383));
#5764 = CARTESIAN_POINT('',(12.25626575885,-12.79688861558,
    18.111035902961));
#5765 = CARTESIAN_POINT('',(11.981708818103,-12.94666700393,
    18.154521450359));
#5766 = CARTESIAN_POINT('',(11.703238152054,-13.08899460036,
    18.198626870948));
#5767 = CARTESIAN_POINT('',(11.421080587773,-13.22372582581,
    18.24331623885));
#5768 = CARTESIAN_POINT('',(11.135470312985,-13.35072491936,
    18.288552462373));
#5769 = CARTESIAN_POINT('',(10.846649064479,-13.46986638244,
    18.334297254171));
#5770 = CARTESIAN_POINT('',(9.912488162175,-13.82578108998,
    18.482253805856));
#5771 = CARTESIAN_POINT('',(9.255713006961,-14.03190188844,
    18.586276771234));
#5772 = CARTESIAN_POINT('',(8.587256999066,-14.19814257203,
    18.692149801925));
#5773 = CARTESIAN_POINT('',(7.909922541644,-14.32356420484,
    18.799429040877));
#5774 = CARTESIAN_POINT('',(7.226592367602,-14.4075189027,
    18.907657908049));
#5775 = CARTESIAN_POINT('',(6.540229941771,-14.44966153612,
    19.016367036724));
#5776 = CARTESIAN_POINT('',(5.351204192371,-14.45024511257,
    19.204690214575));
#5777 = CARTESIAN_POINT('',(4.848502850794,-14.42806650604,
    19.284310285211));
#5778 = CARTESIAN_POINT('',(4.346968289763,-14.38346053026,
    19.363745555963));
#5779 = CARTESIAN_POINT('',(3.847768309538,-14.31652324407,
    19.442811065441));
#5780 = CARTESIAN_POINT('',(3.352053158121,-14.22744100411,
    19.521324632258));
#5781 = CARTESIAN_POINT('',(2.860955553905,-14.11648857066,
    19.599106851447));
#5782 = CARTESIAN_POINT('',(2.16638601722,-13.92694172565,
    19.709115858781));
#5783 = CARTESIAN_POINT('',(1.958245240773,-13.86585496132,
    19.742082119167));
#5784 = CARTESIAN_POINT('',(1.751255863103,-13.80080192016,
    19.774866015903));
#5785 = CARTESIAN_POINT('',(1.54550473443,-13.73181442653,
    19.807453793264));
#5786 = CARTESIAN_POINT('',(1.341077322166,-13.65892704167,
    19.839831914542));
#5787 = CARTESIAN_POINT('',(1.138057710917,-13.58217706365,
    19.871987062045));
#5788 = CARTESIAN_POINT('',(0.628811819096,-13.37857752711,
    19.952643687609));
#5789 = CARTESIAN_POINT('',(0.324569123266,-13.24663792294,
    20.00083099671));
#5790 = CARTESIAN_POINT('',(2.409558788116E-02,-13.10592826226,
    20.048421329445));
#5791 = CARTESIAN_POINT('',(-0.272323838615,-12.95660433325,
    20.095369554412));
#5792 = CARTESIAN_POINT('',(-0.564414061351,-12.7988345586,
    20.141632100864));
#5793 = CARTESIAN_POINT('',(-0.851909568153,-12.63279938918,
    20.187166915805));
#5794 = CARTESIAN_POINT('',(-1.615875413541,-12.16219744542,
    20.308167218653));
#5795 = CARTESIAN_POINT('',(-2.083137080426,-11.84228676315,
    20.382174196248));
#5796 = CARTESIAN_POINT('',(-2.535068026137,-11.49990883067,
    20.45375302615));
#5797 = CARTESIAN_POINT('',(-2.970504210922,-11.13609616454,
    20.522719342574));
#5798 = CARTESIAN_POINT('',(-3.388377704503,-10.75194940803,
    20.588904001981));
#5799 = CARTESIAN_POINT('',(-3.787710537825,-10.34862930961,
    20.65215210929));
#5800 = CARTESIAN_POINT('',(-4.167613390533,-9.927354889969,
    20.712322809994));
#5801 = PCURVE('',#5127,#5802);
#5802 = DEFINITIONAL_REPRESENTATION('',(#5803),#5860);
#5803 = B_SPLINE_CURVE_WITH_KNOTS('',7,(#5804,#5805,#5806,#5807,#5808,
    #5809,#5810,#5811,#5812,#5813,#5814,#5815,#5816,#5817,#5818,#5819,
    #5820,#5821,#5822,#5823,#5824,#5825,#5826,#5827,#5828,#5829,#5830,
    #5831,#5832,#5833,#5834,#5835,#5836,#5837,#5838,#5839,#5840,#5841,
    #5842,#5843,#5844,#5845,#5846,#5847,#5848,#5849,#5850,#5851,#5852,
    #5853,#5854,#5855,#5856,#5857,#5858,#5859),.UNSPECIFIED.,.F.,.F.,(8,
    6,6,6,6,6,6,6,6,8),(0.,0.231692114997,0.343523007615,0.45137093533,
    0.516860611447,0.661040271029,0.766638259237,0.812153466066,
    0.881651084296,1.),.UNSPECIFIED.);
#5804 = CARTESIAN_POINT('',(41.725080278054,4.380633176996));
#5805 = CARTESIAN_POINT('',(41.841693017184,3.269908835331));
#5806 = CARTESIAN_POINT('',(41.86159306692,2.14896035922));
#5807 = CARTESIAN_POINT('',(41.783689099544,1.027985999405));
#5808 = CARTESIAN_POINT('',(41.6079735687,-8.277514683466E-02));
#5809 = CARTESIAN_POINT('',(41.335480960024,-1.173051197728));
#5810 = CARTESIAN_POINT('',(40.968337748989,-2.232546159188));
#5811 = CARTESIAN_POINT('',(40.288882157121,-3.7425941994));
#5812 = CARTESIAN_POINT('',(40.046459558941,-4.224624768837));
#5813 = CARTESIAN_POINT('',(39.783201971873,-4.695951040799));
#5814 = CARTESIAN_POINT('',(39.499575088986,-5.155434878392));
#5815 = CARTESIAN_POINT('',(39.19611902548,-5.601955827394));
#5816 = CARTESIAN_POINT('',(38.873453867339,-6.034414922134));
#5817 = CARTESIAN_POINT('',(38.203267622457,-6.854198679934));
#5818 = CARTESIAN_POINT('',(37.857035609456,-7.242588939219));
#5819 = CARTESIAN_POINT('',(37.494225749346,-7.615943394095));
#5820 = CARTESIAN_POINT('',(37.115538799235,-7.973331504867));
#5821 = CARTESIAN_POINT('',(36.72174386086,-8.313863009439));
#5822 = CARTESIAN_POINT('',(36.313682536458,-8.636692865479));
#5823 = CARTESIAN_POINT('',(35.636376016481,-9.1258298457));
#5824 = CARTESIAN_POINT('',(35.37555513141,-9.303814502544));
#5825 = CARTESIAN_POINT('',(35.110015427413,-9.474802836298));
#5826 = CARTESIAN_POINT('',(34.839970103164,-9.638626084495));
#5827 = CARTESIAN_POINT('',(34.56564079416,-9.795124470958));
#5828 = CARTESIAN_POINT('',(34.287257808816,-9.944147627754));
#5829 = CARTESIAN_POINT('',(33.383784861989,-10.39687231889));
#5830 = CARTESIAN_POINT('',(32.743979592152,-10.67129786814));
#5831 = CARTESIAN_POINT('',(32.08824846312,-10.9072961402));
#5832 = CARTESIAN_POINT('',(31.419315263025,-11.10363707356));
#5833 = CARTESIAN_POINT('',(30.740015056427,-11.25937157537));
#5834 = CARTESIAN_POINT('',(30.053295811225,-11.37384311799));
#5835 = CARTESIAN_POINT('',(28.8560899826,-11.50012216027));
#5836 = CARTESIAN_POINT('',(28.347588710663,-11.53120819408));
#5837 = CARTESIAN_POINT('',(27.837920571717,-11.53986610178));
#5838 = CARTESIAN_POINT('',(27.328271489821,-11.52606796235));
#5839 = CARTESIAN_POINT('',(26.819819143495,-11.48987751456));
#5840 = CARTESIAN_POINT('',(26.313732790743,-11.43144827074));
#5841 = CARTESIAN_POINT('',(25.594557895279,-11.31636439187));
#5842 = CARTESIAN_POINT('',(25.378596195188,-11.27761527559));
#5843 = CARTESIAN_POINT('',(25.163379738726,-11.23479984162));
#5844 = CARTESIAN_POINT('',(24.948999300979,-11.18794055895));
#5845 = CARTESIAN_POINT('',(24.735544550408,-11.13706276465));
#5846 = CARTESIAN_POINT('',(24.523104048844,-11.08219466387));
#5847 = CARTESIAN_POINT('',(23.989069957355,-10.93354329323));
#5848 = CARTESIAN_POINT('',(23.668942227471,-10.83448810441));
#5849 = CARTESIAN_POINT('',(23.351694063811,-10.72631233771));
#5850 = CARTESIAN_POINT('',(23.037628656257,-10.60914080625));
#5851 = CARTESIAN_POINT('',(22.727040592044,-10.48311193027));
#5852 = CARTESIAN_POINT('',(22.420216065202,-10.34837710546));
#5853 = CARTESIAN_POINT('',(21.6018177571,-9.961110679116));
#5854 = CARTESIAN_POINT('',(21.097914350986,-9.692345539988));
#5855 = CARTESIAN_POINT('',(20.607102023142,-9.39961526129));
#5856 = CARTESIAN_POINT('',(20.130660690481,-9.083823658501));
#5857 = CARTESIAN_POINT('',(19.669780607713,-8.745952461706));
#5858 = CARTESIAN_POINT('',(19.22556772064,-8.387052687962));
#5859 = CARTESIAN_POINT('',(18.799044796397,-8.008242679565));
#5860 = ( GEOMETRIC_REPRESENTATION_CONTEXT(2) 
PARAMETRIC_REPRESENTATION_CONTEXT() REPRESENTATION_CONTEXT('2D SPACE',''
  ) );
#5861 = PCURVE('',#5862,#5893);
#5862 = B_SPLINE_SURFACE_WITH_KNOTS('',14,1,(
    (#5863,#5864)
    ,(#5865,#5866)
    ,(#5867,#5868)
    ,(#5869,#5870)
    ,(#5871,#5872)
    ,(#5873,#5874)
    ,(#5875,#5876)
    ,(#5877,#5878)
    ,(#5879,#5880)
    ,(#5881,#5882)
    ,(#5883,#5884)
    ,(#5885,#5886)
    ,(#5887,#5888)
    ,(#5889,#5890)
    ,(#5891,#5892
    )),.UNSPECIFIED.,.T.,.F.,.F.,(15,15),(2,2),(0.,6.28318530718),(0.,1.
    ),.PIECEWISE_BEZIER_KNOTS.);
#5863 = CARTESIAN_POINT('',(8.335386370827,-1.934141755892E-14,-20.));
#5864 = CARTESIAN_POINT('',(32.79384088752,-1.934141755892E-14,60.));
#5865 = CARTESIAN_POINT('',(8.335386370833,6.485144834915,-20.));
#5866 = CARTESIAN_POINT('',(32.793840887521,6.485144834915,
    60.000000000007));
#5867 = CARTESIAN_POINT('',(5.200973851469,12.970292063633,-20.));
#5868 = CARTESIAN_POINT('',(29.659428368183,12.970292063633,
    59.999999999972));
#5869 = CARTESIAN_POINT('',(-1.067855194152,17.81423955799,
    -19.99999999998));
#5870 = CARTESIAN_POINT('',(23.390599322475,17.81423955799,
    60.000000000059));
#5871 = CARTESIAN_POINT('',(-9.533637012266,19.375970259668,
    -20.00000000004));
#5872 = CARTESIAN_POINT('',(14.924817504582,19.375970259668,
    59.999999999926));
#5873 = CARTESIAN_POINT('',(-18.32162192179,16.602715641629,
    -19.99999999991));
#5874 = CARTESIAN_POINT('',(6.136832594609,16.602715641629,
    60.00000000004));
#5875 = CARTESIAN_POINT('',(-25.03026621842,9.622041794024,
    -20.00000000014));
#5876 = CARTESIAN_POINT('',(-0.571811701309,9.622041794024,
    60.000000000049));
#5877 = CARTESIAN_POINT('',(-27.55593692844,2.463202974923E-10,
    -19.99999999983));
#5878 = CARTESIAN_POINT('',(-3.097482412258,2.463202974923E-10,
    59.999999999848));
#5879 = CARTESIAN_POINT('',(-25.03026621845,-9.622041794475,
    -20.00000000016));
#5880 = CARTESIAN_POINT('',(-0.571811701273,-9.622041794475,
    60.000000000211));
#5881 = CARTESIAN_POINT('',(-18.32162192175,-16.60271564128,
    -19.99999999987));
#5882 = CARTESIAN_POINT('',(6.136832594557,-16.60271564128,59.9999999998
    ));
#5883 = CARTESIAN_POINT('',(-9.533637012299,-19.37597025988,
    -20.00000000007));
#5884 = CARTESIAN_POINT('',(14.924817504628,-19.37597025988,
    60.000000000142));
#5885 = CARTESIAN_POINT('',(-1.067855194132,-17.81423955788,
    -19.99999999996));
#5886 = CARTESIAN_POINT('',(23.390599322446,-17.81423955788,
    59.999999999925));
#5887 = CARTESIAN_POINT('',(5.200973851461,-12.97029206367,
    -20.00000000001));
#5888 = CARTESIAN_POINT('',(29.659428368195,-12.97029206367,
    60.000000000028));
#5889 = CARTESIAN_POINT('',(8.335386370835,-6.485144834907,
    -19.99999999999));
#5890 = CARTESIAN_POINT('',(32.793840887519,-6.485144834907,
    59.999999999994));
#5891 = CARTESIAN_POINT('',(8.335386370827,1.73421213834E-14,-20.));
#5892 = CARTESIAN_POINT('',(32.79384088752,1.73421213834E-14,60.));
#5893 = DEFINITIONAL_REPRESENTATION('',(#5894),#5951);
#5894 = B_SPLINE_CURVE_WITH_KNOTS('',7,(#5895,#5896,#5897,#5898,#5899,
    #5900,#5901,#5902,#5903,#5904,#5905,#5906,#5907,#5908,#5909,#5910,
    #5911,#5912,#5913,#5914,#5915,#5916,#5917,#5918,#5919,#5920,#5921,
    #5922,#5923,#5924,#5925,#5926,#5927,#5928,#5929,#5930,#5931,#5932,
    #5933,#5934,#5935,#5936,#5937,#5938,#5939,#5940,#5941,#5942,#5943,
    #5944,#5945,#5946,#5947,#5948,#5949,#5950),.UNSPECIFIED.,.F.,.F.,(8,
    6,6,6,6,6,6,6,6,8),(0.,0.231692114997,0.343523007615,0.45137093533,
    0.516860611447,0.661040271029,0.766638259237,0.812153466066,
    0.881651084296,1.),.UNSPECIFIED.);
#5895 = CARTESIAN_POINT('',(6.28318530718,0.46178931146));
#5896 = CARTESIAN_POINT('',(6.205896100584,0.46178931146));
#5897 = CARTESIAN_POINT('',(6.128602039813,0.461979480222));
#5898 = CARTESIAN_POINT('',(6.051258866703,0.462359857871));
#5899 = CARTESIAN_POINT('',(5.97381660137,0.462928368521));
#5900 = CARTESIAN_POINT('',(5.896227829126,0.463680903106));
#5901 = CARTESIAN_POINT('',(5.818448678885,0.464611223998));
#5902 = CARTESIAN_POINT('',(5.702811108212,0.466240903473));
#5903 = CARTESIAN_POINT('',(5.665116032489,0.466810771348));
#5904 = CARTESIAN_POINT('',(5.62736808629,0.467418972361));
#5905 = CARTESIAN_POINT('',(5.58956477363,0.468064368479));
#5906 = CARTESIAN_POINT('',(5.551704093633,0.468745680549));
#5907 = CARTESIAN_POINT('',(5.513784943192,0.469461478283));
#5908 = CARTESIAN_POINT('',(5.439182698565,0.470932196821));
#5909 = CARTESIAN_POINT('',(5.402503069567,0.471684828275));
#5910 = CARTESIAN_POINT('',(5.365769217547,0.47246662944));
#5911 = CARTESIAN_POINT('',(5.328981666248,0.47327604753));
#5912 = CARTESIAN_POINT('',(5.292141385737,0.474111405072));
#5913 = CARTESIAN_POINT('',(5.255250299909,0.47497089283));
#5914 = CARTESIAN_POINT('',(5.195881221227,0.476387948787));
#5915 = CARTESIAN_POINT('',(5.173433001712,0.476931518129));
#5916 = CARTESIAN_POINT('',(5.1509678419,0.477482835887));
#5917 = CARTESIAN_POINT('',(5.128486454234,0.478041452986));
#5918 = CARTESIAN_POINT('',(5.105989611575,0.47860690578));
#5919 = CARTESIAN_POINT('',(5.083478201643,0.479178715677));
#5920 = CARTESIAN_POINT('',(5.011363246568,0.481028172573));
#5921 = CARTESIAN_POINT('',(4.961704428425,0.48232845964));
#5922 = CARTESIAN_POINT('',(4.911992435606,0.483651872524));
#5923 = CARTESIAN_POINT('',(4.862239113982,0.484992863011));
#5924 = CARTESIAN_POINT('',(4.812455466071,0.486345723851));
#5925 = CARTESIAN_POINT('',(4.762654943665,0.487704587959));
#5926 = CARTESIAN_POINT('',(4.676384904883,0.490058627682));
#5927 = CARTESIAN_POINT('',(4.639912021028,0.491053878565));
#5928 = CARTESIAN_POINT('',(4.6034452678,0.49204681945));
#5929 = CARTESIAN_POINT('',(4.566990141905,0.493035138318));
#5930 = CARTESIAN_POINT('',(4.530551589741,0.494016557903));
#5931 = CARTESIAN_POINT('',(4.494134720348,0.494988835643));
#5932 = CARTESIAN_POINT('',(4.442060854457,0.496363948235));
#5933 = CARTESIAN_POINT('',(4.426381242394,0.49677602649));
#5934 = CARTESIAN_POINT('',(4.410707024985,0.497185825199));
#5935 = CARTESIAN_POINT('',(4.395038574184,0.497593172416));
#5936 = CARTESIAN_POINT('',(4.379376245427,0.497997898932));
#5937 = CARTESIAN_POINT('',(4.363720377634,0.498399838276));
#5938 = CARTESIAN_POINT('',(4.32417655185,0.499408046095));
#5939 = CARTESIAN_POINT('',(4.300297561425,0.500010387459));
#5940 = CARTESIAN_POINT('',(4.276435554723,0.500605266618));
#5941 = CARTESIAN_POINT('',(4.252591543424,0.50119211943));
#5942 = CARTESIAN_POINT('',(4.228766389805,0.501770401261));
#5943 = CARTESIAN_POINT('',(4.204960878464,0.502339586448));
#5944 = CARTESIAN_POINT('',(4.140671670987,0.503852090233));
#5945 = CARTESIAN_POINT('',(4.100226122307,0.504777177453));
#5946 = CARTESIAN_POINT('',(4.05984341947,0.505671912827));
#5947 = CARTESIAN_POINT('',(4.019525493131,0.506533991782));
#5948 = CARTESIAN_POINT('',(3.979272973307,0.507361300025));
#5949 = CARTESIAN_POINT('',(3.939085975257,0.508151901366));
#5950 = CARTESIAN_POINT('',(3.898964625051,0.508904035125));
#5951 = ( GEOMETRIC_REPRESENTATION_CONTEXT(2) 
PARAMETRIC_REPRESENTATION_CONTEXT() REPRESENTATION_CONTEXT('2D SPACE',''
  ) );
#5952 = ORIENTED_EDGE('',*,*,#5953,.F.);
#5953 = EDGE_CURVE('',#5954,#5741,#5956,.T.);
#5954 = VERTEX_POINT('',#5955);
#5955 = CARTESIAN_POINT('',(-4.16760770788,-10.1,20.71232190995));
#5956 = SURFACE_CURVE('',#5957,(#5961,#5967),.PCURVE_S1.);
#5957 = LINE('',#5958,#5959);
#5958 = CARTESIAN_POINT('',(-4.16760770788,-5.05,20.71232190995));
#5959 = VECTOR('',#5960,1.);
#5960 = DIRECTION('',(2.734506013376E-17,1.,8.944166154111E-17));
#5961 = PCURVE('',#5127,#5962);
#5962 = DEFINITIONAL_REPRESENTATION('',(#5963),#5966);
#5963 = B_SPLINE_CURVE_WITH_KNOTS('',1,(#5964,#5965),.UNSPECIFIED.,.F.,
  .F.,(2,2),(-5.05,-4.877361180092),.PIECEWISE_BEZIER_KNOTS.);
#5964 = CARTESIAN_POINT('',(18.817077108489,-8.179943494273));
#5965 = CARTESIAN_POINT('',(18.799051175215,-8.008248334561));
#5966 = ( GEOMETRIC_REPRESENTATION_CONTEXT(2) 
PARAMETRIC_REPRESENTATION_CONTEXT() REPRESENTATION_CONTEXT('2D SPACE',''
  ) );
#5967 = PCURVE('',#5968,#5973);
#5968 = PLANE('',#5969);
#5969 = AXIS2_PLACEMENT_3D('',#5970,#5971,#5972);
#5970 = CARTESIAN_POINT('',(7.84384088752,-10.1,60.));
#5971 = DIRECTION('',(0.956304755963,0.,-0.292371704723));
#5972 = DIRECTION('',(0.,1.,0.));
#5973 = DEFINITIONAL_REPRESENTATION('',(#5974),#5977);
#5974 = B_SPLINE_CURVE_WITH_KNOTS('',1,(#5975,#5976),.UNSPECIFIED.,.F.,
  .F.,(2,2),(-5.05,-4.877361180092),.PIECEWISE_BEZIER_KNOTS.);
#5975 = CARTESIAN_POINT('',(0.,-41.08280111028));
#5976 = CARTESIAN_POINT('',(0.172638819908,-41.08280111028));
#5977 = ( GEOMETRIC_REPRESENTATION_CONTEXT(2) 
PARAMETRIC_REPRESENTATION_CONTEXT() REPRESENTATION_CONTEXT('2D SPACE',''
  ) );
#5978 = ORIENTED_EDGE('',*,*,#5979,.T.);
#5979 = EDGE_CURVE('',#5954,#5980,#5982,.T.);
#5980 = VERTEX_POINT('',#5981);
#5981 = CARTESIAN_POINT('',(-14.37341242548,-0.125,22.32876257821));
#5982 = SURFACE_CURVE('',#5983,(#6203,#6426),.PCURVE_S1.);
#5983 = B_SPLINE_CURVE_WITH_KNOTS('',8,(#5984,#5985,#5986,#5987,#5988,
    #5989,#5990,#5991,#5992,#5993,#5994,#5995,#5996,#5997,#5998,#5999,
    #6000,#6001,#6002,#6003,#6004,#6005,#6006,#6007,#6008,#6009,#6010,
    #6011,#6012,#6013,#6014,#6015,#6016,#6017,#6018,#6019,#6020,#6021,
    #6022,#6023,#6024,#6025,#6026,#6027,#6028,#6029,#6030,#6031,#6032,
    #6033,#6034,#6035,#6036,#6037,#6038,#6039,#6040,#6041,#6042,#6043,
    #6044,#6045,#6046,#6047,#6048,#6049,#6050,#6051,#6052,#6053,#6054,
    #6055,#6056,#6057,#6058,#6059,#6060,#6061,#6062,#6063,#6064,#6065,
    #6066,#6067,#6068,#6069,#6070,#6071,#6072,#6073,#6074,#6075,#6076,
    #6077,#6078,#6079,#6080,#6081,#6082,#6083,#6084,#6085,#6086,#6087,
    #6088,#6089,#6090,#6091,#6092,#6093,#6094,#6095,#6096,#6097,#6098,
    #6099,#6100,#6101,#6102,#6103,#6104,#6105,#6106,#6107,#6108,#6109,
    #6110,#6111,#6112,#6113,#6114,#6115,#6116,#6117,#6118,#6119,#6120,
    #6121,#6122,#6123,#6124,#6125,#6126,#6127,#6128,#6129,#6130,#6131,
    #6132,#6133,#6134,#6135,#6136,#6137,#6138,#6139,#6140,#6141,#6142,
    #6143,#6144,#6145,#6146,#6147,#6148,#6149,#6150,#6151,#6152,#6153,
    #6154,#6155,#6156,#6157,#6158,#6159,#6160,#6161,#6162,#6163,#6164,
    #6165,#6166,#6167,#6168,#6169,#6170,#6171,#6172,#6173,#6174,#6175,
    #6176,#6177,#6178,#6179,#6180,#6181,#6182,#6183,#6184,#6185,#6186,
    #6187,#6188,#6189,#6190,#6191,#6192,#6193,#6194,#6195,#6196,#6197,
    #6198,#6199,#6200,#6201,#6202),.UNSPECIFIED.,.F.,.F.,(9,7,7,7,7,7,7,
    7,7,7,7,7,7,7,7,7,7,7,7,7,7,7,7,7,7,7,7,7,7,7,7,9),(0.,
    2.468641717064E-02,5.723564287068E-02,8.18351517456E-02,
    9.521592074985E-02,0.108596689972,0.135446657979,0.165059947368,
    0.175483737473,0.187065728316,0.228278136987,0.235750800575,
    0.261202596156,0.281073989831,0.296458309142,0.306963263361,
    0.341117014418,0.366970636924,0.379354317147,0.392882488226,
    0.442659822684,0.468733479667,0.569290211317,0.66812765277,
    0.768610882313,0.824226054032,0.853027933743,0.881746407146,
    0.939285557469,0.968394992836,0.984181682693,1.),.UNSPECIFIED.);
#5984 = CARTESIAN_POINT('',(-4.16760770788,-10.1,20.71232190995));
#5985 = CARTESIAN_POINT('',(-4.274938724175,-10.11201720811,
    20.729321472896));
#5986 = CARTESIAN_POINT('',(-4.382286619026,-10.12442286613,
    20.746323709142));
#5987 = CARTESIAN_POINT('',(-4.489647019075,-10.13717220925,
    20.763327926016));
#5988 = CARTESIAN_POINT('',(-4.597015772719,-10.15022071168,
    20.780333465971));
#5989 = CARTESIAN_POINT('',(-4.704388950106,-10.16352408666,
    20.797339706577));
#5990 = CARTESIAN_POINT('',(-4.811762843139,-10.17703828641,
    20.81434606053));
#5991 = CARTESIAN_POINT('',(-4.919133965474,-10.19071950221,
    20.831351975649));
#5992 = CARTESIAN_POINT('',(-5.168060722913,-10.22272571459,
    20.870778100807));
#5993 = CARTESIAN_POINT('',(-5.309611413686,-10.24114169934,
    20.893197527743));
#5994 = CARTESIAN_POINT('',(-5.451143808376,-10.25967197925,
    20.915614056864));
#5995 = CARTESIAN_POINT('',(-5.592650453165,-10.27821664652,
    20.938026507601));
#5996 = CARTESIAN_POINT('',(-5.734123736061,-10.29667574666,
    20.960433674333));
#5997 = CARTESIAN_POINT('',(-5.875555866059,-10.31494900017,
    20.982834323087));
#5998 = CARTESIAN_POINT('',(-6.016938852317,-10.33293552435,
    21.005227188237));
#5999 = CARTESIAN_POINT('',(-6.265073202723,-10.36383349995,
    21.044527808451));
#6000 = CARTESIAN_POINT('',(-6.371848877521,-10.37691145209,
    21.061439413944));
#6001 = CARTESIAN_POINT('',(-6.478587899984,-10.38972359402,
    21.078345214278));
#6002 = CARTESIAN_POINT('',(-6.585286315487,-10.40222566773,
    21.095244583101));
#6003 = CARTESIAN_POINT('',(-6.691939822519,-10.41437297466,
    21.112136839121));
#6004 = CARTESIAN_POINT('',(-6.798543772684,-10.42612037562,
    21.129021246104));
#6005 = CARTESIAN_POINT('',(-6.9050931707,-10.43742229084,
    21.145897012876));
#6006 = CARTESIAN_POINT('',(-7.069507060515,-10.45411296319,
    21.171937614796));
#6007 = CARTESIAN_POINT('',(-7.127383367792,-10.45984174507,
    21.181104321332));
#6008 = CARTESIAN_POINT('',(-7.185215649587,-10.46543045004,
    21.190264054917));
#6009 = CARTESIAN_POINT('',(-7.243010067638,-10.47092574975,
    21.199417791473));
#6010 = CARTESIAN_POINT('',(-7.300770023128,-10.47632771802,
    21.208566069697));
#6011 = CARTESIAN_POINT('',(-7.358501457528,-10.48168000605,
    21.217709830623));
#6012 = CARTESIAN_POINT('',(-7.416208702464,-10.48699765166,
    21.226849760315));
#6013 = CARTESIAN_POINT('',(-7.531584823026,-10.49761903581,
    21.245123542597));
#6014 = CARTESIAN_POINT('',(-7.589253680631,-10.5029223526,
    21.254257392333));
#6015 = CARTESIAN_POINT('',(-7.646908191053,-10.50824300287,
    21.263388969699));
#6016 = CARTESIAN_POINT('',(-7.704553210256,-10.51360569544,
    21.272519043803));
#6017 = CARTESIAN_POINT('',(-7.762193594205,-10.51903513911,
    21.281648383754));
#6018 = CARTESIAN_POINT('',(-7.819834198862,-10.52455604271,
    21.290777758663));
#6019 = CARTESIAN_POINT('',(-7.87747988019,-10.53019311503,
    21.299907937637));
#6020 = CARTESIAN_POINT('',(-8.050827751055,-10.54756514942,
    21.327363543146));
#6021 = CARTESIAN_POINT('',(-8.166513938855,-10.55972190828,
    21.345686435254));
#6022 = CARTESIAN_POINT('',(-8.282205971327,-10.57263729145,
    21.364010253067));
#6023 = CARTESIAN_POINT('',(-8.397912131359,-10.58650578831,
    21.382336308465));
#6024 = CARTESIAN_POINT('',(-8.513637010602,-10.60151893687,
    21.400665328696));
#6025 = CARTESIAN_POINT('',(-8.629381449131,-10.61786383297,
    21.418997446813));
#6026 = CARTESIAN_POINT('',(-8.745142475094,-10.63572163953,
    21.437332192122));
#6027 = CARTESIAN_POINT('',(-8.988598807818,-10.67682201103,
    21.475891887124));
#6028 = CARTESIAN_POINT('',(-9.116295140132,-10.70042939018,
    21.496116999249));
#6029 = CARTESIAN_POINT('',(-9.243990821183,-10.72632063177,
    21.516342008224));
#6030 = CARTESIAN_POINT('',(-9.371666256382,-10.754716329,
    21.536563810571));
#6031 = CARTESIAN_POINT('',(-9.499293699268,-10.7858217474,
    21.556778011683));
#6032 = CARTESIAN_POINT('',(-9.626837274093,-10.81982330252,
    21.576978929398));
#6033 = CARTESIAN_POINT('',(-9.754252998409,-10.85688503764,
    21.597159597582));
#6034 = CARTESIAN_POINT('',(-9.926275432737,-10.91131652463,
    21.624405274567));
#6035 = CARTESIAN_POINT('',(-9.971137844211,-10.9259222847,21.6315107825
    ));
#6036 = CARTESIAN_POINT('',(-10.01606545117,-10.9409144253,
    21.638626616383));
#6037 = CARTESIAN_POINT('',(-10.06104768872,-10.95624372367,
    21.645751102902));
#6038 = CARTESIAN_POINT('',(-10.10607400316,-10.97186023182,
    21.652882570515));
#6039 = CARTESIAN_POINT('',(-10.15113383919,-10.98771381769,
    21.660019347426));
#6040 = CARTESIAN_POINT('',(-10.19621662711,-11.00375470635,
    21.667159759558));
#6041 = CARTESIAN_POINT('',(-10.2914174922,-11.03791104028,
    21.682238095295));
#6042 = CARTESIAN_POINT('',(-10.34153849306,-11.05605860238,
    21.690176481964));
#6043 = CARTESIAN_POINT('',(-10.39166027792,-11.07430866505,
    21.698114992807));
#6044 = CARTESIAN_POINT('',(-10.44176835218,-11.09259318599,
    21.706051332104));
#6045 = CARTESIAN_POINT('',(-10.49184822122,-11.11084412288,
    21.713983204134));
#6046 = CARTESIAN_POINT('',(-10.54188539044,-11.1289934334,
    21.721908313176));
#6047 = CARTESIAN_POINT('',(-10.59186536523,-11.14697307525,
    21.72982436351));
#6048 = CARTESIAN_POINT('',(-10.81936321185,-11.2278464414,
    21.765856482624));
#6049 = CARTESIAN_POINT('',(-10.99650683941,-11.2881323028,
    21.793913276932));
#6050 = CARTESIAN_POINT('',(-11.17395760825,-11.34298181237,
    21.822018717639));
#6051 = CARTESIAN_POINT('',(-11.35186101295,-11.38940904326,
    21.850195848824));
#6052 = CARTESIAN_POINT('',(-11.52976473209,-11.42362480904,
    21.878373029812));
#6053 = CARTESIAN_POINT('',(-11.70663858845,-11.4410724927,
    21.906387096559));
#6054 = CARTESIAN_POINT('',(-11.88089486906,-11.4365703638,
    21.933986580038));
#6055 = CARTESIAN_POINT('',(-12.08121053307,-11.40016178893,
    21.965713464369));
#6056 = CARTESIAN_POINT('',(-12.11178506666,-11.39372165101,
    21.970555994761));
#6057 = CARTESIAN_POINT('',(-12.1421648627,-11.38638688056,
    21.975367681753));
#6058 = CARTESIAN_POINT('',(-12.17233013868,-11.37813234935,
    21.980145392107));
#6059 = CARTESIAN_POINT('',(-12.20226418305,-11.36895064159,
    21.984886478971));
#6060 = CARTESIAN_POINT('',(-12.23195335517,-11.35885205396,
    21.989588781881));
#6061 = CARTESIAN_POINT('',(-12.26138708533,-11.34786459558,
    21.994250626759));
#6062 = CARTESIAN_POINT('',(-12.38991320653,-11.29573909164,
    22.014607164531));
#6063 = CARTESIAN_POINT('',(-12.48616311211,-11.24560108066,
    22.029851651958));
#6064 = CARTESIAN_POINT('',(-12.57904349112,-11.18669608059,
    22.044562458806));
#6065 = CARTESIAN_POINT('',(-12.6684335541,-11.12015189605,22.0587204539
    ));
#6066 = CARTESIAN_POINT('',(-12.75431078182,-11.04702822746,
    22.072322070551));
#6067 = CARTESIAN_POINT('',(-12.83672536163,-10.96825904176,
    22.085375257647));
#6068 = CARTESIAN_POINT('',(-12.91578407253,-10.88462881995,
    22.097896927326));
#6069 = CARTESIAN_POINT('',(-13.05085281772,-10.72814678489,
    22.119289714938));
#6070 = CARTESIAN_POINT('',(-13.10809794726,-10.6569731115,
    22.128356452742));
#6071 = CARTESIAN_POINT('',(-13.16342860628,-10.58354323264,
    22.137119968204));
#6072 = CARTESIAN_POINT('',(-13.21689986929,-10.50813415339,
    22.145588984269));
#6073 = CARTESIAN_POINT('',(-13.26856238937,-10.43099286768,
    22.153771523598));
#6074 = CARTESIAN_POINT('',(-13.31846252865,-10.35233919065,
    22.16167492923));
#6075 = CARTESIAN_POINT('',(-13.36664248877,-10.27236859092,
    22.169305885248));
#6076 = CARTESIAN_POINT('',(-13.44913889023,-10.12845736249,
    22.182372031622));
#6077 = CARTESIAN_POINT('',(-13.48412672116,-10.06497881242,
    22.187913559642));
#6078 = CARTESIAN_POINT('',(-13.51812017328,-10.00090254451,
    22.193297593531));
#6079 = CARTESIAN_POINT('',(-13.55113221747,-9.936307492349,
    22.198526187675));
#6080 = CARTESIAN_POINT('',(-13.5831725505,-9.871269261926,
    22.203600877889));
#6081 = CARTESIAN_POINT('',(-13.6142475892,-9.805861042453,
    22.208522680502));
#6082 = CARTESIAN_POINT('',(-13.64436046462,-9.740154517072,
    22.213292091421));
#6083 = CARTESIAN_POINT('',(-13.69341603793,-9.629198895,22.221061730944
    ));
#6084 = CARTESIAN_POINT('',(-13.71287215047,-9.584072738995,
    22.22414327644));
#6085 = CARTESIAN_POINT('',(-13.73187782084,-9.538868575419,
    22.227153478905));
#6086 = CARTESIAN_POINT('',(-13.75043456981,-9.493596099116,
    22.230092579205));
#6087 = CARTESIAN_POINT('',(-13.76854590521,-9.448255113252,
    22.232961132926));
#6088 = CARTESIAN_POINT('',(-13.78621625528,-9.402842212619,
    22.235759841432));
#6089 = CARTESIAN_POINT('',(-13.80344990197,-9.357357466937,
    22.238489382918));
#6090 = CARTESIAN_POINT('',(-13.87487018463,-9.163730579144,
    22.249801244414));
#6091 = CARTESIAN_POINT('',(-13.92491228954,-9.014966625749,
    22.257727135193));
#6092 = CARTESIAN_POINT('',(-13.97052209697,-8.865608654442,
    22.264951019017));
#6093 = CARTESIAN_POINT('',(-14.01189239388,-8.715735030663,
    22.271503430339));
#6094 = CARTESIAN_POINT('',(-14.04925576934,-8.565412783623,
    22.27742120765));
#6095 = CARTESIAN_POINT('',(-14.08287749759,-8.414697315093,
    22.282746366261));
#6096 = CARTESIAN_POINT('',(-14.11304842109,-8.263632108204,
    22.287524971094));
#6097 = CARTESIAN_POINT('',(-14.16053849188,-7.997654396426,
    22.295046659376));
#6098 = CARTESIAN_POINT('',(-14.17919903771,-7.882877510107,
    22.298002199484));
#6099 = CARTESIAN_POINT('',(-14.19619407612,-7.767929560539,
    22.300693949132));
#6100 = CARTESIAN_POINT('',(-14.21166381385,-7.652819004681,
    22.303144114883));
#6101 = CARTESIAN_POINT('',(-14.22575277594,-7.53755096733,
    22.305375587259));
#6102 = CARTESIAN_POINT('',(-14.23860852246,-7.422127235257,
    22.307411737476));
#6103 = CARTESIAN_POINT('',(-14.25038036502,-7.306546251332,
    22.309276214172));
#6104 = CARTESIAN_POINT('',(-14.26640926473,-7.135363060894,
    22.311814942481));
#6105 = CARTESIAN_POINT('',(-14.27138856828,-7.079885651082,
    22.312603586687));
#6106 = CARTESIAN_POINT('',(-14.27615898387,-7.024372550929,
    22.313359146291));
#6107 = CARTESIAN_POINT('',(-14.28076412772,-6.968818728523,
    22.314088529422));
#6108 = CARTESIAN_POINT('',(-14.28520772297,-6.913225771334,
    22.314792325769));
#6109 = CARTESIAN_POINT('',(-14.28947811309,-6.857597618802,
    22.315468689118));
#6110 = CARTESIAN_POINT('',(-14.29358796211,-6.801933931014,
    22.316119625254));
#6111 = CARTESIAN_POINT('',(-14.30185580876,-6.685391175482,
    22.317429123519));
#6112 = CARTESIAN_POINT('',(-14.30598508768,-6.624479663901,
    22.318083137049));
#6113 = CARTESIAN_POINT('',(-14.30993187337,-6.563503911585,
    22.318708246491));
#6114 = CARTESIAN_POINT('',(-14.31370090672,-6.502466044953,
    22.31930520273));
#6115 = CARTESIAN_POINT('',(-14.31729692865,-6.441368190422,
    22.319874756651));
#6116 = CARTESIAN_POINT('',(-14.32072468004,-6.380212474408,
    22.320417659136));
#6117 = CARTESIAN_POINT('',(-14.3239889018,-6.31900102333,
    22.320934661072));
#6118 = CARTESIAN_POINT('',(-14.33852087407,-6.032309233659,
    22.323236299368));
#6119 = CARTESIAN_POINT('',(-14.34778203792,-5.806462738455,
    22.324703123621));
#6120 = CARTESIAN_POINT('',(-14.35512618825,-5.580268843994,
    22.32586632276));
#6121 = CARTESIAN_POINT('',(-14.36079696714,-5.353795409869,
    22.326764485902));
#6122 = CARTESIAN_POINT('',(-14.3650341106,-5.127105990974,
    22.327435583496));
#6123 = CARTESIAN_POINT('',(-14.36807426224,-4.900260039203,
    22.327917096212));
#6124 = CARTESIAN_POINT('',(-14.37015178705,-4.673313105157,
    22.328246143816));
#6125 = CARTESIAN_POINT('',(-14.37220556951,-4.327415182047,
    22.328571431003));
#6126 = CARTESIAN_POINT('',(-14.37271137952,-4.208500303091,
    22.328651543437));
#6127 = CARTESIAN_POINT('',(-14.3730504253,-4.089580066085,
    22.328705243014));
#6128 = CARTESIAN_POINT('',(-14.37325610137,-3.970662083028,
    22.328737818903));
#6129 = CARTESIAN_POINT('',(-14.37336178654,-3.851753914815,
    22.328754557789));
#6130 = CARTESIAN_POINT('',(-14.3734008439,-3.732863071237,
    22.328760743867));
#6131 = CARTESIAN_POINT('',(-14.37340662085,-3.613997010978,
    22.328761658846));
#6132 = CARTESIAN_POINT('',(-14.37343492649,-3.036863582046,
    22.32876614202));
#6133 = CARTESIAN_POINT('',(-14.37344388612,-2.579039910635,
    22.328767561086));
#6134 = CARTESIAN_POINT('',(-14.37344319736,-2.121611472116,
    22.328767451997));
#6135 = CARTESIAN_POINT('',(-14.37343587884,-1.664496223628,
    22.328766292857));
#6136 = CARTESIAN_POINT('',(-14.37342532978,-1.207611039633,
    22.328764622051));
#6137 = CARTESIAN_POINT('',(-14.37341558671,-0.75087202571,22.3287630789
    ));
#6138 = CARTESIAN_POINT('',(-14.37341060559,-0.294194841276,
    22.328762289968));
#6139 = CARTESIAN_POINT('',(-14.37341449948,0.611396256342,
    22.328762906698));
#6140 = CARTESIAN_POINT('',(-14.37342020323,1.3484940887,22.328763810084
    ));
#6141 = CARTESIAN_POINT('',(-14.37346214823,2.076809185851,
    22.32877045352));
#6142 = CARTESIAN_POINT('',(-14.37342915909,2.642978758799,
    22.328765228552));
#6143 = CARTESIAN_POINT('',(-14.3734520894,3.00329827974,22.328768860357
    ));
#6144 = CARTESIAN_POINT('',(-14.37340950532,3.201374585729,
    22.328762115701));
#6145 = CARTESIAN_POINT('',(-14.37342752236,3.342502168757,
    22.328764969321));
#6146 = CARTESIAN_POINT('',(-14.37338770278,3.803593069783,
    22.328758662519));
#6147 = CARTESIAN_POINT('',(-14.37330675873,4.036150280076,
    22.328745842241));
#6148 = CARTESIAN_POINT('',(-14.37291509677,4.268761722495,
    22.328683809081));
#6149 = CARTESIAN_POINT('',(-14.37196367229,4.50137186416,
    22.328533118246));
#6150 = CARTESIAN_POINT('',(-14.37020308515,4.733923287483,
    22.328254268638));
#6151 = CARTESIAN_POINT('',(-14.3673824208,4.966356421373,
    22.327807519294));
#6152 = CARTESIAN_POINT('',(-14.36324809133,5.19860927243,
    22.327152705834));
#6153 = CARTESIAN_POINT('',(-14.35438485977,5.559028218891,
    22.325748907863));
#6154 = CARTESIAN_POINT('',(-14.35074574508,5.687363681788,
    22.325172528721));
#6155 = CARTESIAN_POINT('',(-14.3465817809,5.815612366131,
    22.324513021584));
#6156 = CARTESIAN_POINT('',(-14.34184900276,5.943762507765,
    22.323763423167));
#6157 = CARTESIAN_POINT('',(-14.33650303331,6.07180175709,
    22.322916704788));
#6158 = CARTESIAN_POINT('',(-14.33049908231,6.199717179065,
    22.321965772369));
#6159 = CARTESIAN_POINT('',(-14.32379194662,6.327495253201,
    22.320903466437));
#6160 = CARTESIAN_POINT('',(-14.312474744,6.521216905808,22.319110997634
    ));
#6161 = CARTESIAN_POINT('',(-14.30841264394,6.587271286857,
    22.318467624189));
#6162 = CARTESIAN_POINT('',(-14.30414336713,6.653283042033,
    22.317791437171));
#6163 = CARTESIAN_POINT('',(-14.29966053717,6.71925013845,
    22.317081426657));
#6164 = CARTESIAN_POINT('',(-14.29495774418,6.785170485019,
    22.31633657742));
#6165 = CARTESIAN_POINT('',(-14.29002854476,6.851041932447,
    22.31555586893));
#6166 = CARTESIAN_POINT('',(-14.28486646205,6.916862273238,
    22.314738275348));
#6167 = CARTESIAN_POINT('',(-14.2740791512,7.048205757997,
    22.313029733157));
#6168 = CARTESIAN_POINT('',(-14.2684577132,7.113728799692,
    22.312139384847));
#6169 = CARTESIAN_POINT('',(-14.26257774508,7.179198784732,
    22.311208089385));
#6170 = CARTESIAN_POINT('',(-14.25640811574,7.244617331449,
    22.310230916095));
#6171 = CARTESIAN_POINT('',(-14.24992267326,7.309984937418,
    22.309203722919));
#6172 = CARTESIAN_POINT('',(-14.24309643971,7.375301682059,
    22.308122553738));
#6173 = CARTESIAN_POINT('',(-14.23590011951,7.440568206424,
    22.30698276859));
#6174 = CARTESIAN_POINT('',(-14.21309741452,7.636448349394,
    22.303371174923));
#6175 = CARTESIAN_POINT('',(-14.19629781488,7.76690894729,
    22.300710379736));
#6176 = CARTESIAN_POINT('',(-14.17769531393,7.897166325839,
    22.297764033034));
#6177 = CARTESIAN_POINT('',(-14.15707892969,8.027214214034,
    22.294498718555));
#6178 = CARTESIAN_POINT('',(-14.13424376198,8.15703980987,
    22.290881983299));
#6179 = CARTESIAN_POINT('',(-14.10899394526,8.286623828822,
    22.286882805209));
#6180 = CARTESIAN_POINT('',(-14.08114560139,8.415940552336,
    22.282472060851));
#6181 = CARTESIAN_POINT('',(-14.03504105291,8.610228590816,
    22.275169817744));
#6182 = CARTESIAN_POINT('',(-14.01884417939,8.675422487286,
    22.272604484996));
#6183 = CARTESIAN_POINT('',(-14.0019171576,8.740535216264,
    22.269923508123));
#6184 = CARTESIAN_POINT('',(-13.98423920943,8.805562019503,
    22.267123596196));
#6185 = CARTESIAN_POINT('',(-13.96579079301,8.870497729964,
    22.264201654086));
#6186 = CARTESIAN_POINT('',(-13.94655360263,8.935336771822,
    22.261154782455));
#6187 = CARTESIAN_POINT('',(-13.92651056881,9.000073160461,
    22.257980277761));
#6188 = CARTESIAN_POINT('',(-13.8943304648,9.099749337737,
    22.252883449997));
#6189 = CARTESIAN_POINT('',(-13.8827587601,9.134811564715,
    22.251050672026));
#6190 = CARTESIAN_POINT('',(-13.8709265014,9.169888048581,
    22.249176626354));
#6191 = CARTESIAN_POINT('',(-13.85882944591,9.204979654502,
    22.24726064099));
#6192 = CARTESIAN_POINT('',(-13.84646335085,9.24008724765,
    22.245302043945));
#6193 = CARTESIAN_POINT('',(-13.83382397344,9.275211693192,
    22.243300163228));
#6194 = CARTESIAN_POINT('',(-13.8209070709,9.310353856299,
    22.241254326849));
#6195 = CARTESIAN_POINT('',(-13.79448328747,9.380745789899,
    22.237069210699));
#6196 = CARTESIAN_POINT('',(-13.78099720468,9.415936957672,
    22.234933225024));
#6197 = CARTESIAN_POINT('',(-13.76724811849,9.451087638854,
    22.232755583702));
#6198 = CARTESIAN_POINT('',(-13.75323421101,9.48619696917,22.23053599881
    ));
#6199 = CARTESIAN_POINT('',(-13.73895388013,9.521263686672,
    22.228274216595));
#6200 = CARTESIAN_POINT('',(-13.72440573945,9.556286131741,
    22.225970017475));
#6201 = CARTESIAN_POINT('',(-13.70958861831,9.591262247089,
    22.223623216036));
#6202 = CARTESIAN_POINT('',(-13.6945015618,9.626189577755,
    22.221233661035));
#6203 = PCURVE('',#5127,#6204);
#6204 = DEFINITIONAL_REPRESENTATION('',(#6205),#6425);
#6205 = B_SPLINE_CURVE_WITH_KNOTS('',8,(#6206,#6207,#6208,#6209,#6210,
    #6211,#6212,#6213,#6214,#6215,#6216,#6217,#6218,#6219,#6220,#6221,
    #6222,#6223,#6224,#6225,#6226,#6227,#6228,#6229,#6230,#6231,#6232,
    #6233,#6234,#6235,#6236,#6237,#6238,#6239,#6240,#6241,#6242,#6243,
    #6244,#6245,#6246,#6247,#6248,#6249,#6250,#6251,#6252,#6253,#6254,
    #6255,#6256,#6257,#6258,#6259,#6260,#6261,#6262,#6263,#6264,#6265,
    #6266,#6267,#6268,#6269,#6270,#6271,#6272,#6273,#6274,#6275,#6276,
    #6277,#6278,#6279,#6280,#6281,#6282,#6283,#6284,#6285,#6286,#6287,
    #6288,#6289,#6290,#6291,#6292,#6293,#6294,#6295,#6296,#6297,#6298,
    #6299,#6300,#6301,#6302,#6303,#6304,#6305,#6306,#6307,#6308,#6309,
    #6310,#6311,#6312,#6313,#6314,#6315,#6316,#6317,#6318,#6319,#6320,
    #6321,#6322,#6323,#6324,#6325,#6326,#6327,#6328,#6329,#6330,#6331,
    #6332,#6333,#6334,#6335,#6336,#6337,#6338,#6339,#6340,#6341,#6342,
    #6343,#6344,#6345,#6346,#6347,#6348,#6349,#6350,#6351,#6352,#6353,
    #6354,#6355,#6356,#6357,#6358,#6359,#6360,#6361,#6362,#6363,#6364,
    #6365,#6366,#6367,#6368,#6369,#6370,#6371,#6372,#6373,#6374,#6375,
    #6376,#6377,#6378,#6379,#6380,#6381,#6382,#6383,#6384,#6385,#6386,
    #6387,#6388,#6389,#6390,#6391,#6392,#6393,#6394,#6395,#6396,#6397,
    #6398,#6399,#6400,#6401,#6402,#6403,#6404,#6405,#6406,#6407,#6408,
    #6409,#6410,#6411,#6412,#6413,#6414,#6415,#6416,#6417,#6418,#6419,
    #6420,#6421,#6422,#6423,#6424),.UNSPECIFIED.,.F.,.F.,(9,7,7,7,7,7,7,
    7,7,7,7,7,7,7,7,7,7,7,7,7,7,7,7,7,7,7,7,7,7,7,7,9),(0.,
    2.468641717064E-02,5.723564287068E-02,8.18351517456E-02,
    9.521592074985E-02,0.108596689972,0.135446657979,0.165059947368,
    0.175483737473,0.187065728316,0.228278136987,0.235750800575,
    0.261202596156,0.281073989831,0.296458309142,0.306963263361,
    0.341117014418,0.366970636924,0.379354317147,0.392882488226,
    0.442659822684,0.468733479667,0.569290211317,0.66812765277,
    0.768610882313,0.824226054032,0.853027933743,0.881746407146,
    0.939285557469,0.968394992836,0.984181682693,1.),.UNSPECIFIED.);
#6206 = CARTESIAN_POINT('',(18.817077108489,-8.179943494273));
#6207 = CARTESIAN_POINT('',(18.710256958575,-8.203241585664));
#6208 = CARTESIAN_POINT('',(18.603460372783,-8.226927787983));
#6209 = CARTESIAN_POINT('',(18.496687080703,-8.250957118783));
#6210 = CARTESIAN_POINT('',(18.389936613592,-8.275284856767));
#6211 = CARTESIAN_POINT('',(18.283208304373,-8.299866541793));
#6212 = CARTESIAN_POINT('',(18.176501287636,-8.324657974869));
#6213 = CARTESIAN_POINT('',(18.069814499635,-8.349615218155));
#6214 = CARTESIAN_POINT('',(17.822504357951,-8.407761940891));
#6215 = CARTESIAN_POINT('',(17.681895483317,-8.441041388467));
#6216 = CARTESIAN_POINT('',(17.541316965605,-8.47443257227));
#6217 = CARTESIAN_POINT('',(17.400765878507,-8.50783534263));
#6218 = CARTESIAN_POINT('',(17.260239450113,-8.541149486694));
#6219 = CARTESIAN_POINT('',(17.119735054828,-8.574274449484));
#6220 = CARTESIAN_POINT('',(16.979250205296,-8.607109054963));
#6221 = CARTESIAN_POINT('',(16.732622247148,-8.664069828805));
#6222 = CARTESIAN_POINT('',(16.626472044416,-8.688364157797));
#6223 = CARTESIAN_POINT('',(16.520330993709,-8.712390254786));
#6224 = CARTESIAN_POINT('',(16.414198455899,-8.736103685638));
#6225 = CARTESIAN_POINT('',(16.308074095148,-8.759459541359));
#6226 = CARTESIAN_POINT('',(16.201957878902,-8.782412438101));
#6227 = CARTESIAN_POINT('',(16.095850077892,-8.804916517159));
#6228 = CARTESIAN_POINT('',(15.932039394776,-8.838897081499));
#6229 = CARTESIAN_POINT('',(15.874360118691,-8.850712982011));
#6230 = CARTESIAN_POINT('',(15.816710547214,-8.862384917102));
#6231 = CARTESIAN_POINT('',(15.759089349081,-8.873959954701));
#6232 = CARTESIAN_POINT('',(15.701493107245,-8.88543852779));
#6233 = CARTESIAN_POINT('',(15.643920396855,-8.896864677064));
#6234 = CARTESIAN_POINT('',(15.586368426426,-8.90825381608));
#6235 = CARTESIAN_POINT('',(15.471301668716,-8.931014206813));
#6236 = CARTESIAN_POINT('',(15.413786855546,-8.942385037183));
#6237 = CARTESIAN_POINT('',(15.356288298857,-8.953771589568));
#6238 = CARTESIAN_POINT('',(15.298803688979,-8.96519895107));
#6239 = CARTESIAN_POINT('',(15.241330716242,-8.976692208793));
#6240 = CARTESIAN_POINT('',(15.183867070976,-8.98827644984));
#6241 = CARTESIAN_POINT('',(15.12641044351,-8.999976761313));
#6242 = CARTESIAN_POINT('',(14.953675002686,-9.035579425104));
#6243 = CARTESIAN_POINT('',(14.838456343519,-9.059899577009));
#6244 = CARTESIAN_POINT('',(14.723311010273,-9.084974824386));
#6245 = CARTESIAN_POINT('',(14.608250970094,-9.110999469148));
#6246 = CARTESIAN_POINT('',(14.493291598781,-9.138164487745));
#6247 = CARTESIAN_POINT('',(14.378451585889,-9.166656042154));
#6248 = CARTESIAN_POINT('',(14.263752839835,-9.196653990852));
#6249 = CARTESIAN_POINT('',(14.022900596576,-9.263266853548));
#6250 = CARTESIAN_POINT('',(13.896784158471,-9.300244696065));
#6251 = CARTESIAN_POINT('',(13.770906843666,-9.339493848358));
#6252 = CARTESIAN_POINT('',(13.645311415607,-9.381231626395));
#6253 = CARTESIAN_POINT('',(13.520047245687,-9.425659240469));
#6254 = CARTESIAN_POINT('',(13.395169922723,-9.472958294535));
#6255 = CARTESIAN_POINT('',(13.270740862438,-9.523287285562));
#6256 = CARTESIAN_POINT('',(13.103209575348,-9.595606712054));
#6257 = CARTESIAN_POINT('',(13.059561275025,-9.614875295615));
#6258 = CARTESIAN_POINT('',(13.015887670941,-9.634535039898));
#6259 = CARTESIAN_POINT('',(12.972194261666,-9.654535874319));
#6260 = CARTESIAN_POINT('',(12.928486458767,-9.674827008222));
#6261 = CARTESIAN_POINT('',(12.884769656209,-9.695357467722));
#6262 = CARTESIAN_POINT('',(12.841049299753,-9.716076632557));
#6263 = CARTESIAN_POINT('',(12.748755011545,-9.760110488122));
#6264 = CARTESIAN_POINT('',(12.700181489309,-9.783457429192));
#6265 = CARTESIAN_POINT('',(12.651617880142,-9.806906393439));
#6266 = CARTESIAN_POINT('',(12.603071674534,-9.830388178172));
#6267 = CARTESIAN_POINT('',(12.554550362978,-9.853833580695));
#6268 = CARTESIAN_POINT('',(12.506061435966,-9.877173398315));
#6269 = CARTESIAN_POINT('',(12.457612383988,-9.900338428338));
#6270 = CARTESIAN_POINT('',(12.236982096303,-10.00481982063));
#6271 = CARTESIAN_POINT('',(12.064905400977,-10.08350301136));
#6272 = CARTESIAN_POINT('',(11.891951803624,-10.1568120355));
#6273 = CARTESIAN_POINT('',(11.71766302829,-10.22179266866));
#6274 = CARTESIAN_POINT('',(11.542098886746,-10.27462861897));
#6275 = CARTESIAN_POINT('',(11.365820921051,-10.31067927045));
#6276 = CARTESIAN_POINT('',(11.189886802513,-10.32462337037));
#6277 = CARTESIAN_POINT('',(10.984381201736,-10.30959031319));
#6278 = CARTESIAN_POINT('',(10.952922317816,-10.30641758503));
#6279 = CARTESIAN_POINT('',(10.921566108874,-10.30233452768));
#6280 = CARTESIAN_POINT('',(10.890329870775,-10.29731405893));
#6281 = CARTESIAN_POINT('',(10.859229656598,-10.29134703686));
#6282 = CARTESIAN_POINT('',(10.828280276635,-10.28444225984));
#6283 = CARTESIAN_POINT('',(10.797495298395,-10.27662646651));
#6284 = CARTESIAN_POINT('',(10.662635736653,-10.23837311075));
#6285 = CARTESIAN_POINT('',(10.560483615949,-10.19868428232));
#6286 = CARTESIAN_POINT('',(10.460808978056,-10.14992017422));
#6287 = CARTESIAN_POINT('',(10.363851208368,-10.09318965707));
#6288 = CARTESIAN_POINT('',(10.269743629876,-10.02954425821));
#6289 = CARTESIAN_POINT('',(10.178533226764,-9.959918145026));
#6290 = CARTESIAN_POINT('',(10.090194390846,-9.885102798679));
#6291 = CARTESIAN_POINT('',(9.9378505618,-9.743754992415));
#6292 = CARTESIAN_POINT('',(9.872777134627,-9.6790220684));
#6293 = CARTESIAN_POINT('',(9.809395867228,-9.611842882021));
#6294 = CARTESIAN_POINT('',(9.747680226619,-9.542498746442));
#6295 = CARTESIAN_POINT('',(9.687604998304,-9.471240660342));
#6296 = CARTESIAN_POINT('',(9.629146450632,-9.398292138529));
#6297 = CARTESIAN_POINT('',(9.572282499158,-9.32385204254));
#6298 = CARTESIAN_POINT('',(9.474187957163,-9.189448609052));
#6299 = CARTESIAN_POINT('',(9.432329571263,-9.13001580081));
#6300 = CARTESIAN_POINT('',(9.391410045915,-9.069883420497));
#6301 = CARTESIAN_POINT('',(9.351424562123,-9.009131341446));
#6302 = CARTESIAN_POINT('',(9.312371250245,-8.947835781498));
#6303 = CARTESIAN_POINT('',(9.274251290968,-8.886070208156));
#6304 = CARTESIAN_POINT('',(9.237069016268,-8.823906243737));
#6305 = CARTESIAN_POINT('',(9.176088108477,-8.718743058519));
#6306 = CARTESIAN_POINT('',(9.151785339055,-8.675920382376));
#6307 = CARTESIAN_POINT('',(9.127927988672,-8.632972506263));
#6308 = CARTESIAN_POINT('',(9.104515538308,-8.589909232799));
#6309 = CARTESIAN_POINT('',(9.081544435262,-8.546730737059));
#6310 = CARTESIAN_POINT('',(9.059009865054,-8.503434100582));
#6311 = CARTESIAN_POINT('',(9.036907523325,-8.460019845377));
#6312 = CARTESIAN_POINT('',(8.944774849923,-8.275001583703));
#6313 = CARTESIAN_POINT('',(8.878852848717,-8.132341022946));
#6314 = CARTESIAN_POINT('',(8.817331840913,-7.98862112793));
#6315 = CARTESIAN_POINT('',(8.760025885826,-7.843940216346));
#6316 = CARTESIAN_POINT('',(8.706707781134,-7.698389539325));
#6317 = CARTESIAN_POINT('',(8.65711619874,-7.552052239451));
#6318 = CARTESIAN_POINT('',(8.610962820624,-7.405002308781));
#6319 = CARTESIAN_POINT('',(8.535371768082,-7.145498901181));
#6320 = CARTESIAN_POINT('',(8.504597558508,-7.033322108367));
#6321 = CARTESIAN_POINT('',(8.475482538387,-6.920799117115));
#6322 = CARTESIAN_POINT('',(8.447886412264,-6.807953160207));
#6323 = CARTESIAN_POINT('',(8.421664188482,-6.694804612993));
#6324 = CARTESIAN_POINT('',(8.396667470842,-6.581370851885));
#6325 = CARTESIAN_POINT('',(8.372745750258,-6.467666112846));
#6326 = CARTESIAN_POINT('',(8.338731810949,-6.299113131892));
#6327 = CARTESIAN_POINT('',(8.327925370538,-6.244465357294));
#6328 = CARTESIAN_POINT('',(8.31732553929,-6.189760004709));
#6329 = CARTESIAN_POINT('',(8.306887873284,-6.134996680652));
#6330 = CARTESIAN_POINT('',(8.296608789328,-6.080177357506));
#6331 = CARTESIAN_POINT('',(8.286500436084,-6.025304720901));
#6332 = CARTESIAN_POINT('',(8.276550026249,-5.97037977157));
#6333 = CARTESIAN_POINT('',(8.256056164853,-5.855348090777));
#6334 = CARTESIAN_POINT('',(8.245538243466,-5.7952060568));
#6335 = CARTESIAN_POINT('',(8.235197372507,-5.734980840841));
#6336 = CARTESIAN_POINT('',(8.225029000247,-5.674675058881));
#6337 = CARTESIAN_POINT('',(8.215028574958,-5.614291326901));
#6338 = CARTESIAN_POINT('',(8.205191544912,-5.553832260884));
#6339 = CARTESIAN_POINT('',(8.19551335838,-5.493300476809));
#6340 = CARTESIAN_POINT('',(8.15094599092,-5.209712028914));
#6341 = CARTESIAN_POINT('',(8.118039072182,-4.986079082271));
#6342 = CARTESIAN_POINT('',(8.087026180188,-4.761897976917));
#6343 = CARTESIAN_POINT('',(8.057669069699,-4.537261958304));
#6344 = CARTESIAN_POINT('',(8.029732979163,-4.31225957778));
#6345 = CARTESIAN_POINT('',(8.002985832419,-4.086974979211));
#6346 = CARTESIAN_POINT('',(7.977197440397,-3.861488185604));
#6347 = CARTESIAN_POINT('',(7.939012790488,-3.517698090404));
#6348 = CARTESIAN_POINT('',(7.926087080386,-3.399486683521));
#6349 = CARTESIAN_POINT('',(7.913328730874,-3.281252318284));
#6350 = CARTESIAN_POINT('',(7.90070491079,-3.163006095408));
#6351 = CARTESIAN_POINT('',(7.888182799447,-3.04475906312));
#6352 = CARTESIAN_POINT('',(7.875729586637,-2.926522217165));
#6353 = CARTESIAN_POINT('',(7.863312472628,-2.808306500802));
#6354 = CARTESIAN_POINT('',(7.803023082281,-2.234330730386));
#6355 = CARTESIAN_POINT('',(7.755210797322,-1.779010513843));
#6356 = CARTESIAN_POINT('',(7.707449495525,-1.324082349824));
#6357 = CARTESIAN_POINT('',(7.6597275709,-0.869464963042));
#6358 = CARTESIAN_POINT('',(7.612032921193,-0.415076041678));
#6359 = CARTESIAN_POINT('',(7.564352722133,3.916742338623E-02));
#6360 = CARTESIAN_POINT('',(7.516674183993,0.493348893516));
#6361 = CARTESIAN_POINT('',(7.422113750811,1.393989532493));
#6362 = CARTESIAN_POINT('',(7.345144573982,2.127057715077));
#6363 = CARTESIAN_POINT('',(7.26905594643,2.851387338453));
#6364 = CARTESIAN_POINT('',(7.209973057257,3.414465662183));
#6365 = CARTESIAN_POINT('',(7.172327516445,3.772813218288));
#6366 = CARTESIAN_POINT('',(7.151688429255,3.969811322171));
#6367 = CARTESIAN_POINT('',(7.136934572646,4.110165583735));
#6368 = CARTESIAN_POINT('',(7.088830260019,4.568740327633));
#6369 = CARTESIAN_POINT('',(7.064629504828,4.800034915169));
#6370 = CARTESIAN_POINT('',(7.040735958498,5.031416286147));
#6371 = CARTESIAN_POINT('',(7.017406190167,5.262855539151));
#6372 = CARTESIAN_POINT('',(6.994897323734,5.494321935947));
#6373 = CARTESIAN_POINT('',(6.973468232884,5.725782756665));
#6374 = CARTESIAN_POINT('',(6.953380736116,5.957203154986));
#6375 = CARTESIAN_POINT('',(6.924672564802,6.316588999713));
#6376 = CARTESIAN_POINT('',(6.91493686529,6.444607680227));
#6377 = CARTESIAN_POINT('',(6.905738713864,6.572595541344));
#6378 = CARTESIAN_POINT('',(6.897123608038,6.700545530946));
#6379 = CARTESIAN_POINT('',(6.889137522209,6.828450058318));
#6380 = CARTESIAN_POINT('',(6.881826907658,6.956300994153));
#6381 = CARTESIAN_POINT('',(6.87523869255,7.084089670548));
#6382 = CARTESIAN_POINT('',(6.866407054472,7.277948827869));
#6383 = CARTESIAN_POINT('',(6.863600297378,7.34407157703));
#6384 = CARTESIAN_POINT('',(6.861006603699,7.410173835146));
#6385 = CARTESIAN_POINT('',(6.858632606284,7.476254254525));
#6386 = CARTESIAN_POINT('',(6.85648497779,7.542311433135));
#6387 = CARTESIAN_POINT('',(6.854570430677,7.608343914598));
#6388 = CARTESIAN_POINT('',(6.85289571721,7.674350188193));
#6389 = CARTESIAN_POINT('',(6.850043677257,7.806116124795));
#6390 = CARTESIAN_POINT('',(6.848862545043,7.871875285411));
#6391 = CARTESIAN_POINT('',(6.847947274674,7.937609010071));
#6392 = CARTESIAN_POINT('',(6.847329044012,8.003322199304));
#6393 = CARTESIAN_POINT('',(6.847034134286,8.069018112635));
#6394 = CARTESIAN_POINT('',(6.847087688274,8.134699469608));
#6395 = CARTESIAN_POINT('',(6.847519137644,8.200370004772));
#6396 = CARTESIAN_POINT('',(6.850027229839,8.397590051539));
#6397 = CARTESIAN_POINT('',(6.853321335098,8.52911352037));
#6398 = CARTESIAN_POINT('',(6.858452056352,8.660625475591));
#6399 = CARTESIAN_POINT('',(6.865632492665,8.792141984579));
#6400 = CARTESIAN_POINT('',(6.875070301062,8.923671976461));
#6401 = CARTESIAN_POINT('',(6.886964718196,9.055216978186));
#6402 = CARTESIAN_POINT('',(6.901503582027,9.186770850578));
#6403 = CARTESIAN_POINT('',(6.927641258565,9.384870865485));
#6404 = CARTESIAN_POINT('',(6.937143226523,9.451420669284));
#6405 = CARTESIAN_POINT('',(6.947388878376,9.517966937377));
#6406 = CARTESIAN_POINT('',(6.958399633051,9.584507134093));
#6407 = CARTESIAN_POINT('',(6.970195707392,9.651038186524));
#6408 = CARTESIAN_POINT('',(6.982796116163,9.717556484518));
#6409 = CARTESIAN_POINT('',(6.996218672041,9.784057880687));
#6410 = CARTESIAN_POINT('',(7.018214211025,9.886591159816));
#6411 = CARTESIAN_POINT('',(7.026205125841,9.922685043864));
#6412 = CARTESIAN_POINT('',(7.034456911921,9.958820651511));
#6413 = CARTESIAN_POINT('',(7.042973751112,9.994999291726));
#6414 = CARTESIAN_POINT('',(7.051759825266,10.031222273478));
#6415 = CARTESIAN_POINT('',(7.06081931623,10.067490905736));
#6416 = CARTESIAN_POINT('',(7.070156405856,10.103806497467));
#6417 = CARTESIAN_POINT('',(7.089413416811,10.176607070082));
#6418 = CARTESIAN_POINT('',(7.099318514837,10.213031569887));
#6419 = CARTESIAN_POINT('',(7.109492666492,10.249443607988));
#6420 = CARTESIAN_POINT('',(7.119937792489,10.285842517009));
#6421 = CARTESIAN_POINT('',(7.130655637828,10.322227211271));
#6422 = CARTESIAN_POINT('',(7.141647771797,10.358596186792));
#6423 = CARTESIAN_POINT('',(7.152915587975,10.394947521283));
#6424 = CARTESIAN_POINT('',(7.164460304228,10.431278874152));
#6425 = ( GEOMETRIC_REPRESENTATION_CONTEXT(2) 
PARAMETRIC_REPRESENTATION_CONTEXT() REPRESENTATION_CONTEXT('2D SPACE',''
  ) );
#6426 = PCURVE('',#6427,#6462);
#6427 = B_SPLINE_SURFACE_WITH_KNOTS('',3,1,(
    (#6428,#6429)
    ,(#6430,#6431)
    ,(#6432,#6433)
    ,(#6434,#6435)
    ,(#6436,#6437)
    ,(#6438,#6439)
    ,(#6440,#6441)
    ,(#6442,#6443)
    ,(#6444,#6445)
    ,(#6446,#6447)
    ,(#6448,#6449)
    ,(#6450,#6451)
    ,(#6452,#6453)
    ,(#6454,#6455)
    ,(#6456,#6457)
    ,(#6458,#6459)
    ,(#6460,#6461
    )),.UNSPECIFIED.,.F.,.F.,.F.,(4,1,1,1,1,1,1,1,1,1,1,1,1,1,4),(2,2),(
    0.,3.020347662108,6.053909924531,8.500463623104,10.890155025775,
    13.5584878386,17.059916118603,20.559916118603,24.059916118603,
    27.561344398605,30.22967721143,32.619368614101,35.065922312674,
    38.099484575098,41.119832237205),(0.,1.),.UNSPECIFIED.);
#6428 = CARTESIAN_POINT('',(-16.61461362917,10.1,-20.));
#6429 = CARTESIAN_POINT('',(7.84384088752,10.1,60.));
#6430 = CARTESIAN_POINT('',(-17.61518727237,10.206854020275,-20.));
#6431 = CARTESIAN_POINT('',(6.84326724432,10.206854020275,60.));
#6432 = CARTESIAN_POINT('',(-19.63634506035,10.503114404475,-20.));
#6433 = CARTESIAN_POINT('',(4.822109456343,10.503114404475,60.));
#6434 = CARTESIAN_POINT('',(-22.37660720078,10.623125592086,-20.));
#6435 = CARTESIAN_POINT('',(2.08184731591,10.623125592086,60.));
#6436 = CARTESIAN_POINT('',(-25.1421494418,11.992963864358,-20.));
#6437 = CARTESIAN_POINT('',(-0.683694925111,11.992963864358,60.));
#6438 = CARTESIAN_POINT('',(-26.88486760119,9.492176654313,-20.));
#6439 = CARTESIAN_POINT('',(-2.426413084503,9.492176654313,60.));
#6440 = CARTESIAN_POINT('',(-27.31423241803,6.75336269061,-20.));
#6441 = CARTESIAN_POINT('',(-2.855777901339,6.75336269061,60.));
#6442 = CARTESIAN_POINT('',(-27.3147348616,3.492256488987,-20.));
#6443 = CARTESIAN_POINT('',(-2.856280344908,3.492256488987,60.));
#6444 = CARTESIAN_POINT('',(-27.31455302532,0.,-20.));
#6445 = CARTESIAN_POINT('',(-2.856098508632,0.,60.));
#6446 = CARTESIAN_POINT('',(-27.3147348616,-3.492256488987,-20.));
#6447 = CARTESIAN_POINT('',(-2.856280344908,-3.492256488987,60.));
#6448 = CARTESIAN_POINT('',(-27.31423241803,-6.75336269061,-20.));
#6449 = CARTESIAN_POINT('',(-2.855777901339,-6.75336269061,60.));
#6450 = CARTESIAN_POINT('',(-26.88486760119,-9.492176654313,-20.));
#6451 = CARTESIAN_POINT('',(-2.426413084503,-9.492176654313,60.));
#6452 = CARTESIAN_POINT('',(-25.1421494418,-11.99296386435,-20.));
#6453 = CARTESIAN_POINT('',(-0.683694925111,-11.99296386435,60.));
#6454 = CARTESIAN_POINT('',(-22.37660720078,-10.62312559208,-20.));
#6455 = CARTESIAN_POINT('',(2.08184731591,-10.62312559208,60.));
#6456 = CARTESIAN_POINT('',(-19.63634506035,-10.50311440447,-20.));
#6457 = CARTESIAN_POINT('',(4.822109456343,-10.50311440447,60.));
#6458 = CARTESIAN_POINT('',(-17.61518727237,-10.20685402027,-20.));
#6459 = CARTESIAN_POINT('',(6.84326724432,-10.20685402027,60.));
#6460 = CARTESIAN_POINT('',(-16.61461362917,-10.1,-20.));
#6461 = CARTESIAN_POINT('',(7.84384088752,-10.1,60.));
#6462 = DEFINITIONAL_REPRESENTATION('',(#6463),#6683);
#6463 = B_SPLINE_CURVE_WITH_KNOTS('',8,(#6464,#6465,#6466,#6467,#6468,
    #6469,#6470,#6471,#6472,#6473,#6474,#6475,#6476,#6477,#6478,#6479,
    #6480,#6481,#6482,#6483,#6484,#6485,#6486,#6487,#6488,#6489,#6490,
    #6491,#6492,#6493,#6494,#6495,#6496,#6497,#6498,#6499,#6500,#6501,
    #6502,#6503,#6504,#6505,#6506,#6507,#6508,#6509,#6510,#6511,#6512,
    #6513,#6514,#6515,#6516,#6517,#6518,#6519,#6520,#6521,#6522,#6523,
    #6524,#6525,#6526,#6527,#6528,#6529,#6530,#6531,#6532,#6533,#6534,
    #6535,#6536,#6537,#6538,#6539,#6540,#6541,#6542,#6543,#6544,#6545,
    #6546,#6547,#6548,#6549,#6550,#6551,#6552,#6553,#6554,#6555,#6556,
    #6557,#6558,#6559,#6560,#6561,#6562,#6563,#6564,#6565,#6566,#6567,
    #6568,#6569,#6570,#6571,#6572,#6573,#6574,#6575,#6576,#6577,#6578,
    #6579,#6580,#6581,#6582,#6583,#6584,#6585,#6586,#6587,#6588,#6589,
    #6590,#6591,#6592,#6593,#6594,#6595,#6596,#6597,#6598,#6599,#6600,
    #6601,#6602,#6603,#6604,#6605,#6606,#6607,#6608,#6609,#6610,#6611,
    #6612,#6613,#6614,#6615,#6616,#6617,#6618,#6619,#6620,#6621,#6622,
    #6623,#6624,#6625,#6626,#6627,#6628,#6629,#6630,#6631,#6632,#6633,
    #6634,#6635,#6636,#6637,#6638,#6639,#6640,#6641,#6642,#6643,#6644,
    #6645,#6646,#6647,#6648,#6649,#6650,#6651,#6652,#6653,#6654,#6655,
    #6656,#6657,#6658,#6659,#6660,#6661,#6662,#6663,#6664,#6665,#6666,
    #6667,#6668,#6669,#6670,#6671,#6672,#6673,#6674,#6675,#6676,#6677,
    #6678,#6679,#6680,#6681,#6682),.UNSPECIFIED.,.F.,.F.,(9,7,7,7,7,7,7,
    7,7,7,7,7,7,7,7,7,7,7,7,7,7,7,7,7,7,7,7,7,7,7,7,9),(0.,
    2.468641717064E-02,5.723564287068E-02,8.18351517456E-02,
    9.521592074985E-02,0.108596689972,0.135446657979,0.165059947368,
    0.175483737473,0.187065728316,0.228278136987,0.235750800575,
    0.261202596156,0.281073989831,0.296458309142,0.306963263361,
    0.341117014418,0.366970636924,0.379354317147,0.392882488226,
    0.442659822684,0.468733479667,0.569290211317,0.66812765277,
    0.768610882313,0.824226054032,0.853027933743,0.881746407146,
    0.939285557469,0.968394992836,0.984181682693,1.),.UNSPECIFIED.);
#6464 = CARTESIAN_POINT('',(41.119832237205,0.508904023874));
#6465 = CARTESIAN_POINT('',(41.006605655301,0.509116518411));
#6466 = CARTESIAN_POINT('',(40.893436876029,0.509329046364));
#6467 = CARTESIAN_POINT('',(40.780318238442,0.509541599075));
#6468 = CARTESIAN_POINT('',(40.667241894242,0.509754168325));
#6469 = CARTESIAN_POINT('',(40.554199807784,0.509966746332));
#6470 = CARTESIAN_POINT('',(40.441183756073,0.510179325757));
#6471 = CARTESIAN_POINT('',(40.328185328764,0.510391899696));
#6472 = CARTESIAN_POINT('',(40.066218558285,0.51088472626));
#6473 = CARTESIAN_POINT('',(39.917257362754,0.511164969097));
#6474 = CARTESIAN_POINT('',(39.768292375902,0.511445175711));
#6475 = CARTESIAN_POINT('',(39.619303804843,0.511725331345));
#6476 = CARTESIAN_POINT('',(39.470271974557,0.512005420929));
#6477 = CARTESIAN_POINT('',(39.321177272982,0.512285429039));
#6478 = CARTESIAN_POINT('',(39.172000096098,0.512565339853));
#6479 = CARTESIAN_POINT('',(38.909900980509,0.513056597606));
#6480 = CARTESIAN_POINT('',(38.797023120482,0.513267992674));
#6481 = CARTESIAN_POINT('',(38.684078829218,0.513479315178));
#6482 = CARTESIAN_POINT('',(38.571059965983,0.513690557289));
#6483 = CARTESIAN_POINT('',(38.45795863303,0.513901710489));
#6484 = CARTESIAN_POINT('',(38.344767175601,0.514112765576));
#6485 = CARTESIAN_POINT('',(38.231478181928,0.514323712661));
#6486 = CARTESIAN_POINT('',(38.056404597805,0.514649220185));
#6487 = CARTESIAN_POINT('',(37.994725377625,0.514763804017));
#6488 = CARTESIAN_POINT('',(37.933044653779,0.514878300686));
#6489 = CARTESIAN_POINT('',(37.871366027554,0.514992722393));
#6490 = CARTESIAN_POINT('',(37.809685448718,0.515107075871));
#6491 = CARTESIAN_POINT('',(37.748006067684,0.515221372883));
#6492 = CARTESIAN_POINT('',(37.686326243462,0.515335622004));
#6493 = CARTESIAN_POINT('',(37.562966747711,0.515564044282));
#6494 = CARTESIAN_POINT('',(37.501286999339,0.515678217404));
#6495 = CARTESIAN_POINT('',(37.439607250971,0.515792362121));
#6496 = CARTESIAN_POINT('',(37.377927502608,0.515906488048));
#6497 = CARTESIAN_POINT('',(37.316247754249,0.516020604797));
#6498 = CARTESIAN_POINT('',(37.254568005894,0.516134721983));
#6499 = CARTESIAN_POINT('',(37.192888257544,0.51624884922));
#6500 = CARTESIAN_POINT('',(37.007441389215,0.516592044289));
#6501 = CARTESIAN_POINT('',(36.883723558217,0.516821080441));
#6502 = CARTESIAN_POINT('',(36.760084146778,0.517050128163));
#6503 = CARTESIAN_POINT('',(36.636556040611,0.517279203856));
#6504 = CARTESIAN_POINT('',(36.513175643485,0.517508316609));
#6505 = CARTESIAN_POINT('',(36.389982640144,0.517737468085));
#6506 = CARTESIAN_POINT('',(36.267019759223,0.517966652402));
#6507 = CARTESIAN_POINT('',(36.009018697444,0.518448648589));
#6508 = CARTESIAN_POINT('',(35.874041317288,0.518701462491));
#6509 = CARTESIAN_POINT('',(35.739463783829,0.518954275103));
#6510 = CARTESIAN_POINT('',(35.605356157393,0.519207047632));
#6511 = CARTESIAN_POINT('',(35.471794410585,0.519459725146));
#6512 = CARTESIAN_POINT('',(35.338859668372,0.519712236617));
#6513 = CARTESIAN_POINT('',(35.206637448162,0.51996449497));
#6514 = CARTESIAN_POINT('',(35.028957256364,0.520305065932));
#6515 = CARTESIAN_POINT('',(34.982697272371,0.520393884781));
#6516 = CARTESIAN_POINT('',(34.936437355497,0.520482832705));
#6517 = CARTESIAN_POINT('',(34.890177592266,0.520571888786));
#6518 = CARTESIAN_POINT('',(34.843917888162,0.520661032131));
#6519 = CARTESIAN_POINT('',(34.797658107649,0.520750241843));
#6520 = CARTESIAN_POINT('',(34.751398214194,0.520839496994));
#6521 = CARTESIAN_POINT('',(34.653738620012,0.521027976191));
#6522 = CARTESIAN_POINT('',(34.602338829722,0.521127206025));
#6523 = CARTESIAN_POINT('',(34.550939039414,0.52122643741));
#6524 = CARTESIAN_POINT('',(34.49953924909,0.521325641651));
#6525 = CARTESIAN_POINT('',(34.44813945875,0.521424790052));
#6526 = CARTESIAN_POINT('',(34.396739668393,0.521523853915));
#6527 = CARTESIAN_POINT('',(34.345339878019,0.521622804544));
#6528 = CARTESIAN_POINT('',(34.111043278618,0.522073206033));
#6529 = CARTESIAN_POINT('',(33.927670923987,0.522423915962));
#6530 = CARTESIAN_POINT('',(33.742366219679,0.52277523397));
#6531 = CARTESIAN_POINT('',(33.554242398049,0.52312744811));
#6532 = CARTESIAN_POINT('',(33.362882592609,0.523479662873));
#6533 = CARTESIAN_POINT('',(33.168331887952,0.523829838707));
#6534 = CARTESIAN_POINT('',(32.971114610173,0.52417483225));
#6535 = CARTESIAN_POINT('',(32.736494482148,0.524571418305));
#6536 = CARTESIAN_POINT('',(32.700458590893,0.524631949935));
#6537 = CARTESIAN_POINT('',(32.664417373948,0.524692096022));
#6538 = CARTESIAN_POINT('',(32.628387869932,0.524751817401));
#6539 = CARTESIAN_POINT('',(32.592385394677,0.524811080987));
#6540 = CARTESIAN_POINT('',(32.556423541226,0.524869859774));
#6541 = CARTESIAN_POINT('',(32.520514179835,0.524928132834));
#6542 = CARTESIAN_POINT('',(32.362573986702,0.525182589557));
#6543 = CARTESIAN_POINT('',(32.241267236051,0.525373145649));
#6544 = CARTESIAN_POINT('',(32.121047464169,0.525557030735));
#6545 = CARTESIAN_POINT('',(32.002084868119,0.525734005674));
#6546 = CARTESIAN_POINT('',(31.88445034097,0.525904025882));
#6547 = CARTESIAN_POINT('',(31.768127425233,0.526067190721));
#6548 = CARTESIAN_POINT('',(31.653012633575,0.526223711592));
#6549 = CARTESIAN_POINT('',(31.449827126642,0.526491121437));
#6550 = CARTESIAN_POINT('',(31.361387858754,0.526604455659));
#6551 = CARTESIAN_POINT('',(31.273517946375,0.526713999603));
#6552 = CARTESIAN_POINT('',(31.186140988076,0.526819862303));
#6553 = CARTESIAN_POINT('',(31.099177399695,0.526922144045));
#6554 = CARTESIAN_POINT('',(31.012542075397,0.527020936615));
#6555 = CARTESIAN_POINT('',(30.926142048713,0.527116323566));
#6556 = CARTESIAN_POINT('',(30.773086042693,0.527279650395));
#6557 = CARTESIAN_POINT('',(30.706381613328,0.527348919496));
#6558 = CARTESIAN_POINT('',(30.639715398517,0.527416219919));
#6559 = CARTESIAN_POINT('',(30.573041923331,0.527481577346));
#6560 = CARTESIAN_POINT('',(30.506314824333,0.527545010974));
#6561 = CARTESIAN_POINT('',(30.439485969004,0.527606533506));
#6562 = CARTESIAN_POINT('',(30.37250457517,0.527666151143));
#6563 = CARTESIAN_POINT('',(30.259437834238,0.527763271637));
#6564 = CARTESIAN_POINT('',(30.213462103337,0.527801790955));
#6565 = CARTESIAN_POINT('',(30.167368466847,0.527839418486));
#6566 = CARTESIAN_POINT('',(30.121153742491,0.52787615724));
#6567 = CARTESIAN_POINT('',(30.074825190453,0.527912014162));
#6568 = CARTESIAN_POINT('',(30.028393467233,0.527946998018));
#6569 = CARTESIAN_POINT('',(29.981865579505,0.527981117286));
#6570 = CARTESIAN_POINT('',(29.78364152982,0.528122515555));
#6571 = CARTESIAN_POINT('',(29.631019129102,0.52822158919));
#6572 = CARTESIAN_POINT('',(29.477520750964,0.528311887738));
#6573 = CARTESIAN_POINT('',(29.323290611453,0.528393792879));
#6574 = CARTESIAN_POINT('',(29.168465466353,0.528467765096));
#6575 = CARTESIAN_POINT('',(29.013173050015,0.528534329578));
#6576 = CARTESIAN_POINT('',(28.857530514191,0.528594062139));
#6577 = CARTESIAN_POINT('',(28.583639418857,0.528688083242));
#6578 = CARTESIAN_POINT('',(28.465495152997,0.528725027494));
#6579 = CARTESIAN_POINT('',(28.347253868765,0.528758674364));
#6580 = CARTESIAN_POINT('',(28.228956091366,0.528789301436));
#6581 = CARTESIAN_POINT('',(28.110638906908,0.528817194841));
#6582 = CARTESIAN_POINT('',(27.992335797583,0.528842646718));
#6583 = CARTESIAN_POINT('',(27.874076476836,0.528865952677));
#6584 = CARTESIAN_POINT('',(27.699274770169,0.528897686781));
#6585 = CARTESIAN_POINT('',(27.642679612555,0.528907544834));
#6586 = CARTESIAN_POINT('',(27.586100881817,0.528916989329));
#6587 = CARTESIAN_POINT('',(27.529547795269,0.528926106618));
#6588 = CARTESIAN_POINT('',(27.473020102115,0.528934904072));
#6589 = CARTESIAN_POINT('',(27.416513734353,0.528943358614));
#6590 = CARTESIAN_POINT('',(27.360030176881,0.528951495316));
#6591 = CARTESIAN_POINT('',(27.241888821429,0.528967864044));
#6592 = CARTESIAN_POINT('',(27.180209073059,0.528976039213));
#6593 = CARTESIAN_POINT('',(27.11852932469,0.528983853081));
#6594 = CARTESIAN_POINT('',(27.056849576322,0.528991315034));
#6595 = CARTESIAN_POINT('',(26.995169827955,0.528998434458));
#6596 = CARTESIAN_POINT('',(26.933490079589,0.529005220739));
#6597 = CARTESIAN_POINT('',(26.871810331223,0.529011683263));
#6598 = CARTESIAN_POINT('',(26.583177992913,0.529040453742));
#6599 = CARTESIAN_POINT('',(26.356533527852,0.529058789045));
#6600 = CARTESIAN_POINT('',(26.130159879393,0.529073329035));
#6601 = CARTESIAN_POINT('',(25.904017172692,0.529084556074));
#6602 = CARTESIAN_POINT('',(25.67806277933,0.529092944794));
#6603 = CARTESIAN_POINT('',(25.452251130311,0.529098963703));
#6604 = CARTESIAN_POINT('',(25.226533529041,0.529103076798));
#6605 = CARTESIAN_POINT('',(24.882647792402,0.529107142888));
#6606 = CARTESIAN_POINT('',(24.764449590516,0.529108144293));
#6607 = CARTESIAN_POINT('',(24.646256120924,0.529108815538));
#6608 = CARTESIAN_POINT('',(24.528060079979,0.529109222736));
#6609 = CARTESIAN_POINT('',(24.409854098123,0.529109431972));
#6610 = CARTESIAN_POINT('',(24.291630739889,0.529109509298));
#6611 = CARTESIAN_POINT('',(24.173382503899,0.529109520736));
#6612 = CARTESIAN_POINT('',(23.598935712005,0.529109576775));
#6613 = CARTESIAN_POINT('',(23.142291748279,0.529109594514));
#6614 = CARTESIAN_POINT('',(22.68525174226,0.52910959315));
#6615 = CARTESIAN_POINT('',(22.22789853816,0.529109578661));
#6616 = CARTESIAN_POINT('',(21.770315709243,0.529109557776));
#6617 = CARTESIAN_POINT('',(21.312587244383,0.529109538486));
#6618 = CARTESIAN_POINT('',(20.854797225773,0.529109528625));
#6619 = CARTESIAN_POINT('',(19.947088551289,0.529109536334));
#6620 = CARTESIAN_POINT('',(19.20835785277,0.529109547626));
#6621 = CARTESIAN_POINT('',(18.478365786104,0.529109630669));
#6622 = CARTESIAN_POINT('',(17.913664486116,0.529109565357));
#6623 = CARTESIAN_POINT('',(17.554646963233,0.529109610754));
#6624 = CARTESIAN_POINT('',(17.357254197637,0.529109526446));
#6625 = CARTESIAN_POINT('',(17.216626282338,0.529109562117));
#6626 = CARTESIAN_POINT('',(16.757814015762,0.529109483281));
#6627 = CARTESIAN_POINT('',(16.526625343807,0.529109323028));
#6628 = CARTESIAN_POINT('',(16.295490066601,0.529108547614));
#6629 = CARTESIAN_POINT('',(16.064352222632,0.529106663978));
#6630 = CARTESIAN_POINT('',(15.833157893771,0.529103178358));
#6631 = CARTESIAN_POINT('',(15.601854940248,0.529097593991));
#6632 = CARTESIAN_POINT('',(15.370392735622,0.529089408823));
#6633 = CARTESIAN_POINT('',(15.010497388397,0.529071861348));
#6634 = CARTESIAN_POINT('',(14.882209505566,0.529064656609));
#6635 = CARTESIAN_POINT('',(14.753850135296,0.52905641277));
#6636 = CARTESIAN_POINT('',(14.625411577516,0.52904704279));
#6637 = CARTESIAN_POINT('',(14.496886550041,0.52903645881));
#6638 = CARTESIAN_POINT('',(14.368268188576,0.529024572155));
#6639 = CARTESIAN_POINT('',(14.239550046713,0.52901129333));
#6640 = CARTESIAN_POINT('',(14.044010992485,0.52898888747));
#6641 = CARTESIAN_POINT('',(13.977267538597,0.528980845302));
#6642 = CARTESIAN_POINT('',(13.910494908629,0.528972392965));
#6643 = CARTESIAN_POINT('',(13.843692320611,0.528963517833));
#6644 = CARTESIAN_POINT('',(13.776859036239,0.528954207218));
#6645 = CARTESIAN_POINT('',(13.709994360878,0.528944448362));
#6646 = CARTESIAN_POINT('',(13.643097643557,0.528934228442));
#6647 = CARTESIAN_POINT('',(13.509432728692,0.528912871664));
#6648 = CARTESIAN_POINT('',(13.442664166192,0.528901742311));
#6649 = CARTESIAN_POINT('',(13.375865929452,0.528890101117));
#6650 = CARTESIAN_POINT('',(13.30904350261,0.528877886451));
#6651 = CARTESIAN_POINT('',(13.242201567301,0.528865046536));
#6652 = CARTESIAN_POINT('',(13.175344838001,0.528851531922));
#6653 = CARTESIAN_POINT('',(13.108479298443,0.528837284607));
#6654 = CARTESIAN_POINT('',(12.90763480424,0.528792139687));
#6655 = CARTESIAN_POINT('',(12.773647080489,0.528758879747));
#6656 = CARTESIAN_POINT('',(12.639692615091,0.528722050413));
#6657 = CARTESIAN_POINT('',(12.505824092633,0.528681233982));
#6658 = CARTESIAN_POINT('',(12.372101093808,0.528636024791));
#6659 = CARTESIAN_POINT('',(12.238589635129,0.528586035065));
#6660 = CARTESIAN_POINT('',(12.105361708637,0.528530900761));
#6661 = CARTESIAN_POINT('',(11.905276587801,0.528439622722));
#6662 = CARTESIAN_POINT('',(11.83815092773,0.528407556062));
#6663 = CARTESIAN_POINT('',(11.771128104753,0.528374043852));
#6664 = CARTESIAN_POINT('',(11.704218685661,0.528339044952));
#6665 = CARTESIAN_POINT('',(11.637433540686,0.528302520676));
#6666 = CARTESIAN_POINT('',(11.570783843501,0.528264434781));
#6667 = CARTESIAN_POINT('',(11.50428107122,0.528224753472));
#6668 = CARTESIAN_POINT('',(11.40195715135,0.528161043125));
#6669 = CARTESIAN_POINT('',(11.365977298307,0.5281381334));
#6670 = CARTESIAN_POINT('',(11.329997445271,0.528114707829));
#6671 = CARTESIAN_POINT('',(11.294017592241,0.528090758012));
#6672 = CARTESIAN_POINT('',(11.258037739218,0.528066275549));
#6673 = CARTESIAN_POINT('',(11.222057886201,0.52804125204));
#6674 = CARTESIAN_POINT('',(11.18607803319,0.528015679086));
#6675 = CARTESIAN_POINT('',(11.114046244247,0.527963365134));
#6676 = CARTESIAN_POINT('',(11.078053290786,0.527936665313));
#6677 = CARTESIAN_POINT('',(11.042122096869,0.527909444796));
#6678 = CARTESIAN_POINT('',(11.006255024006,0.527881699985));
#6679 = CARTESIAN_POINT('',(10.970454018152,0.527853427707));
#6680 = CARTESIAN_POINT('',(10.934720609706,0.527824625218));
#6681 = CARTESIAN_POINT('',(10.899055913511,0.5277952902));
#6682 = CARTESIAN_POINT('',(10.863460628857,0.527765420763));
#6683 = ( GEOMETRIC_REPRESENTATION_CONTEXT(2) 
PARAMETRIC_REPRESENTATION_CONTEXT() REPRESENTATION_CONTEXT('2D SPACE',''
  ) );
#6684 = ORIENTED_EDGE('',*,*,#6685,.T.);
#6685 = EDGE_CURVE('',#5980,#6686,#6688,.T.);
#6686 = VERTEX_POINT('',#6687);
#6687 = CARTESIAN_POINT('',(-16.37642057167,-0.125,22.64600790241));
#6688 = SURFACE_CURVE('',#6689,(#6693,#6699),.PCURVE_S1.);
#6689 = LINE('',#6690,#6691);
#6690 = CARTESIAN_POINT('',(-50.40578721331,-0.125,28.035730092543));
#6691 = VECTOR('',#6692,1.);
#6692 = DIRECTION('',(-0.987688340595,0.,0.15643446504));
#6693 = PCURVE('',#5127,#6694);
#6694 = DEFINITIONAL_REPRESENTATION('',(#6695),#6698);
#6695 = B_SPLINE_CURVE_WITH_KNOTS('',1,(#6696,#6697),.UNSPECIFIED.,.F.,
  .F.,(2,2),(-87.35705622939,-28.93118415642),.PIECEWISE_BEZIER_KNOTS.);
#6696 = CARTESIAN_POINT('',(58.096448875726,5.973743582226));
#6697 = CARTESIAN_POINT('',(-1.006182838394E-02,-0.126743388526));
#6698 = ( GEOMETRIC_REPRESENTATION_CONTEXT(2) 
PARAMETRIC_REPRESENTATION_CONTEXT() REPRESENTATION_CONTEXT('2D SPACE',''
  ) );
#6699 = PCURVE('',#6700,#6705);
#6700 = PLANE('',#6701);
#6701 = AXIS2_PLACEMENT_3D('',#6702,#6703,#6704);
#6702 = CARTESIAN_POINT('',(-100.,-0.125,-100.));
#6703 = DIRECTION('',(0.,1.,0.));
#6704 = DIRECTION('',(0.,0.,1.));
#6705 = DEFINITIONAL_REPRESENTATION('',(#6706),#6709);
#6706 = B_SPLINE_CURVE_WITH_KNOTS('',1,(#6707,#6708),.UNSPECIFIED.,.F.,
  .F.,(2,2),(-87.35705622939,-28.93118415642),.PIECEWISE_BEZIER_KNOTS.);
#6707 = CARTESIAN_POINT('',(114.3700757338,135.87575869318));
#6708 = CARTESIAN_POINT('',(123.50989577605,78.169206057603));
#6709 = ( GEOMETRIC_REPRESENTATION_CONTEXT(2) 
PARAMETRIC_REPRESENTATION_CONTEXT() REPRESENTATION_CONTEXT('2D SPACE',''
  ) );
#6710 = ORIENTED_EDGE('',*,*,#6711,.F.);
#6711 = EDGE_CURVE('',#6712,#6686,#6714,.T.);
#6712 = VERTEX_POINT('',#6713);
#6713 = CARTESIAN_POINT('',(-16.37642057167,1.014359362864,
    22.64600790241));
#6714 = SURFACE_CURVE('',#6715,(#6719,#6725),.PCURVE_S1.);
#6715 = LINE('',#6716,#6717);
#6716 = CARTESIAN_POINT('',(-16.37642057167,-0.5625,22.64600790241));
#6717 = VECTOR('',#6718,1.);
#6718 = DIRECTION('',(-2.734506013376E-17,-1.,-8.944166154111E-17));
#6719 = PCURVE('',#5127,#6720);
#6720 = DEFINITIONAL_REPRESENTATION('',(#6721),#6724);
#6721 = B_SPLINE_CURVE_WITH_KNOTS('',1,(#6722,#6723),.UNSPECIFIED.,.F.,
  .F.,(2,2),(-1.576859362864,0.5625),.PIECEWISE_BEZIER_KNOTS.);
#6722 = CARTESIAN_POINT('',(5.363150008714,1.58300087213));
#6723 = CARTESIAN_POINT('',(5.586529368848,-0.544664549156));
#6724 = ( GEOMETRIC_REPRESENTATION_CONTEXT(2) 
PARAMETRIC_REPRESENTATION_CONTEXT() REPRESENTATION_CONTEXT('2D SPACE',''
  ) );
#6725 = PCURVE('',#6726,#6731);
#6726 = PLANE('',#6727);
#6727 = AXIS2_PLACEMENT_3D('',#6728,#6729,#6730);
#6728 = CARTESIAN_POINT('',(-11.07077274165,-1.125,40.));
#6729 = DIRECTION('',(0.956304755963,0.,-0.292371704723));
#6730 = DIRECTION('',(0.,1.,0.));
#6731 = DEFINITIONAL_REPRESENTATION('',(#6732),#6735);
#6732 = B_SPLINE_CURVE_WITH_KNOTS('',1,(#6733,#6734),.UNSPECIFIED.,.F.,
  .F.,(2,2),(-1.576859362864,0.5625),.PIECEWISE_BEZIER_KNOTS.);
#6733 = CARTESIAN_POINT('',(2.139359362864,-18.14692647859));
#6734 = CARTESIAN_POINT('',(0.,-18.14692647859));
#6735 = ( GEOMETRIC_REPRESENTATION_CONTEXT(2) 
PARAMETRIC_REPRESENTATION_CONTEXT() REPRESENTATION_CONTEXT('2D SPACE',''
  ) );
#6736 = ORIENTED_EDGE('',*,*,#6737,.F.);
#6737 = EDGE_CURVE('',#6738,#6712,#6740,.T.);
#6738 = VERTEX_POINT('',#6739);
#6739 = CARTESIAN_POINT('',(-15.61336976769,2.4,22.525152527881));
#6740 = SURFACE_CURVE('',#6741,(#6756,#6774),.PCURVE_S1.);
#6741 = B_SPLINE_CURVE_WITH_KNOTS('',5,(#6742,#6743,#6744,#6745,#6746,
    #6747,#6748,#6749,#6750,#6751,#6752,#6753,#6754,#6755),
  .UNSPECIFIED.,.F.,.F.,(6,4,4,6),(0.,0.320647718831,0.640106698937,1.),
  .UNSPECIFIED.);
#6742 = CARTESIAN_POINT('',(-15.61336976769,2.4,22.525152527881));
#6743 = CARTESIAN_POINT('',(-15.61336976769,2.293318917164,
    22.525152527881));
#6744 = CARTESIAN_POINT('',(-15.62185058374,2.186636836342,
    22.526495757186));
#6745 = CARTESIAN_POINT('',(-15.63881157739,2.08089647305,
    22.529182114671));
#6746 = CARTESIAN_POINT('',(-15.66412775159,1.977035482087,
    22.533191802754));
#6747 = CARTESIAN_POINT('',(-15.73082978351,1.775289526832,
    22.543756366748));
#6748 = CARTESIAN_POINT('',(-15.77215655807,1.677381359512,
    22.550301884808));
#6749 = CARTESIAN_POINT('',(-15.82126378548,1.583163446228,
    22.558079705537));
#6750 = CARTESIAN_POINT('',(-15.87776621824,1.493518325748,
    22.567028811726));
#6751 = CARTESIAN_POINT('',(-16.0125155018,1.314364628203,
    22.588371001587));
#6752 = CARTESIAN_POINT('',(-16.09261424002,1.226303364163,
    22.601057395411));
#6753 = CARTESIAN_POINT('',(-16.18065790346,1.146278289301,
    22.615002141768));
#6754 = CARTESIAN_POINT('',(-16.27566509234,1.075347300619,
    22.630049802206));
#6755 = CARTESIAN_POINT('',(-16.37642138361,1.014358871391,
    22.646008031009));
#6756 = PCURVE('',#5127,#6757);
#6757 = DEFINITIONAL_REPRESENTATION('',(#6758),#6773);
#6758 = B_SPLINE_CURVE_WITH_KNOTS('',5,(#6759,#6760,#6761,#6762,#6763,
    #6764,#6765,#6766,#6767,#6768,#6769,#6770,#6771,#6772),
  .UNSPECIFIED.,.F.,.F.,(6,4,4,6),(0.,0.320647718831,0.640106698937,1.),
  .UNSPECIFIED.);
#6759 = CARTESIAN_POINT('',(5.98680896749,3.041733894119));
#6760 = CARTESIAN_POINT('',(5.997947980615,2.93563594022));
#6761 = CARTESIAN_POINT('',(6.000547502239,2.828640438624));
#6762 = CARTESIAN_POINT('',(5.994509742434,2.721685019371));
#6763 = CARTESIAN_POINT('',(5.979862660147,2.615715426094));
#6764 = CARTESIAN_POINT('',(5.933763453104,2.408020783297));
#6765 = CARTESIAN_POINT('',(5.902373243727,2.306278903594));
#6766 = CARTESIAN_POINT('',(5.862763341313,2.207384590848));
#6767 = CARTESIAN_POINT('',(5.815229513946,2.112256286486));
#6768 = CARTESIAN_POINT('',(5.69825247582,1.91983674906));
#6769 = CARTESIAN_POINT('',(5.626793422465,1.823789144348));
#6770 = CARTESIAN_POINT('',(5.546495286702,1.734893899135));
#6771 = CARTESIAN_POINT('',(5.458235810868,1.654306877193));
#6772 = CARTESIAN_POINT('',(5.363149242463,1.583000297509));
#6773 = ( GEOMETRIC_REPRESENTATION_CONTEXT(2) 
PARAMETRIC_REPRESENTATION_CONTEXT() REPRESENTATION_CONTEXT('2D SPACE',''
  ) );
#6774 = PCURVE('',#6775,#6804);
#6775 = B_SPLINE_SURFACE_WITH_KNOTS('',13,1,(
    (#6776,#6777)
    ,(#6778,#6779)
    ,(#6780,#6781)
    ,(#6782,#6783)
    ,(#6784,#6785)
    ,(#6786,#6787)
    ,(#6788,#6789)
    ,(#6790,#6791)
    ,(#6792,#6793)
    ,(#6794,#6795)
    ,(#6796,#6797)
    ,(#6798,#6799)
    ,(#6800,#6801)
    ,(#6802,#6803
    )),.UNSPECIFIED.,.T.,.F.,.F.,(14,14),(2,2),(0.,6.28318530718),(0.,1.
    ),.PIECEWISE_BEZIER_KNOTS.);
#6776 = CARTESIAN_POINT('',(-19.53042335055,2.4,9.71304755963));
#6777 = CARTESIAN_POINT('',(-10.27077274165,2.4,40.));
#6778 = CARTESIAN_POINT('',(-19.53042335055,3.173315114729,9.71304755963
    ));
#6779 = CARTESIAN_POINT('',(-10.27077274165,3.173315114729,
    40.000000000001));
#6780 = CARTESIAN_POINT('',(-19.93533241961,3.9466305387,9.713047559631)
  );
#6781 = CARTESIAN_POINT('',(-10.67568181072,3.9466305387,39.999999999994
    ));
#6782 = CARTESIAN_POINT('',(-20.74512645161,4.488660158819,
    9.713047559629));
#6783 = CARTESIAN_POINT('',(-11.48547584268,4.488660158819,
    40.000000000016));
#6784 = CARTESIAN_POINT('',(-21.81461723852,4.568146551147,
    9.713047559632));
#6785 = CARTESIAN_POINT('',(-12.55496662966,4.568146551147,
    39.999999999966));
#6786 = CARTESIAN_POINT('',(-22.85269733867,4.055149881174,
    9.713047559631));
#6787 = CARTESIAN_POINT('',(-13.5930467297,4.055149881174,
    40.000000000062));
#6788 = CARTESIAN_POINT('',(-23.50434331792,3.023116275902,
    9.713047559624));
#6789 = CARTESIAN_POINT('',(-14.24469270911,3.023116275902,
    39.999999999907));
#6790 = CARTESIAN_POINT('',(-23.50434331796,1.776883724099,
    9.713047559643));
#6791 = CARTESIAN_POINT('',(-14.24469270898,1.776883724099,
    40.000000000113));
#6792 = CARTESIAN_POINT('',(-22.85269733864,0.744850118822,
    9.713047559615));
#6793 = CARTESIAN_POINT('',(-13.59304672981,0.744850118822,
    39.999999999892));
#6794 = CARTESIAN_POINT('',(-21.81461723854,0.231853448856,
    9.713047559643));
#6795 = CARTESIAN_POINT('',(-12.5549666296,0.231853448856,
    40.000000000078));
#6796 = CARTESIAN_POINT('',(-20.74512645159,0.311339841179,
    9.713047559623));
#6797 = CARTESIAN_POINT('',(-11.48547584271,0.311339841179,
    39.999999999957));
#6798 = CARTESIAN_POINT('',(-19.93533241962,0.853369461301,
    9.713047559634));
#6799 = CARTESIAN_POINT('',(-10.67568181071,0.853369461301,
    40.000000000016));
#6800 = CARTESIAN_POINT('',(-19.53042335055,1.62668488527,9.71304755963)
  );
#6801 = CARTESIAN_POINT('',(-10.27077274165,1.62668488527,
    39.999999999996));
#6802 = CARTESIAN_POINT('',(-19.53042335055,2.4,9.71304755963));
#6803 = CARTESIAN_POINT('',(-10.27077274165,2.4,40.));
#6804 = DEFINITIONAL_REPRESENTATION('',(#6805),#6820);
#6805 = B_SPLINE_CURVE_WITH_KNOTS('',5,(#6806,#6807,#6808,#6809,#6810,
    #6811,#6812,#6813,#6814,#6815,#6816,#6817,#6818,#6819),
  .UNSPECIFIED.,.F.,.F.,(6,4,4,6),(0.,0.320647718831,0.640106698937,1.),
  .UNSPECIFIED.);
#6806 = CARTESIAN_POINT('',(6.28318530718,0.423023907522));
#6807 = CARTESIAN_POINT('',(6.216509630407,0.423023907522));
#6808 = CARTESIAN_POINT('',(6.149833305278,0.42306825762));
#6809 = CARTESIAN_POINT('',(6.083128149053,0.423156954476));
#6810 = CARTESIAN_POINT('',(6.016362185426,0.423289344425));
#6811 = CARTESIAN_POINT('',(5.88291054229,0.423638160108));
#6812 = CARTESIAN_POINT('',(5.816223786206,0.423854276869));
#6813 = CARTESIAN_POINT('',(5.749431325528,0.424111081206));
#6814 = CARTESIAN_POINT('',(5.682510914225,0.424406558481));
#6815 = CARTESIAN_POINT('',(5.539914376551,0.425111224621));
#6816 = CARTESIAN_POINT('',(5.464197015307,0.425530097858));
#6817 = CARTESIAN_POINT('',(5.388302819874,0.425990518773));
#6818 = CARTESIAN_POINT('',(5.312222772007,0.426487355174));
#6819 = CARTESIAN_POINT('',(5.235987155983,0.427014256282));
#6820 = ( GEOMETRIC_REPRESENTATION_CONTEXT(2) 
PARAMETRIC_REPRESENTATION_CONTEXT() REPRESENTATION_CONTEXT('2D SPACE',''
  ) );
#6821 = ORIENTED_EDGE('',*,*,#6822,.F.);
#6822 = EDGE_CURVE('',#6823,#6738,#6825,.T.);
#6823 = VERTEX_POINT('',#6824);
#6824 = CARTESIAN_POINT('',(-17.90252217965,1.014359352166,
    22.887718651467));
#6825 = SURFACE_CURVE('',#6826,(#6904,#6985),.PCURVE_S1.);
#6826 = B_SPLINE_CURVE_WITH_KNOTS('',6,(#6827,#6828,#6829,#6830,#6831,
    #6832,#6833,#6834,#6835,#6836,#6837,#6838,#6839,#6840,#6841,#6842,
    #6843,#6844,#6845,#6846,#6847,#6848,#6849,#6850,#6851,#6852,#6853,
    #6854,#6855,#6856,#6857,#6858,#6859,#6860,#6861,#6862,#6863,#6864,
    #6865,#6866,#6867,#6868,#6869,#6870,#6871,#6872,#6873,#6874,#6875,
    #6876,#6877,#6878,#6879,#6880,#6881,#6882,#6883,#6884,#6885,#6886,
    #6887,#6888,#6889,#6890,#6891,#6892,#6893,#6894,#6895,#6896,#6897,
    #6898,#6899,#6900,#6901,#6902,#6903),.UNSPECIFIED.,.F.,.F.,(7,5,5,5,
    5,5,5,5,5,5,5,5,5,5,5,7),(0.,9.072916832019E-02,0.140933185541,
    0.174182491622,0.250963321758,0.340482336859,0.380734569031,
    0.44383145658,0.505533271775,0.543177759629,0.625120769995,
    0.708050789464,0.745696086505,0.807399554296,0.870498138,1.),
  .UNSPECIFIED.);
#6827 = CARTESIAN_POINT('',(-17.9025213861,1.014358871826,
    22.887718525782));
#6828 = CARTESIAN_POINT('',(-17.98686528548,1.065412774228,
    22.90107728708));
#6829 = CARTESIAN_POINT('',(-18.06734167085,1.123155254982,
    22.913823494337));
#6830 = CARTESIAN_POINT('',(-18.14333500059,1.187156247539,
    22.925859655336));
#6831 = CARTESIAN_POINT('',(-18.21430886233,1.25691464277,
    22.937100810704));
#6832 = CARTESIAN_POINT('',(-18.27980243416,1.331871617593,
    22.947473973423));
#6833 = CARTESIAN_POINT('',(-18.37241953316,1.455443405429,
    22.962143080814));
#6834 = CARTESIAN_POINT('',(-18.40361594075,1.500871031161,
    22.967084106369));
#6835 = CARTESIAN_POINT('',(-18.43295123479,1.54760525032,
    22.971730360497));
#6836 = CARTESIAN_POINT('',(-18.46036764559,1.595541859497,
    22.976072693378));
#6837 = CARTESIAN_POINT('',(-18.48581456757,1.644574042333,
    22.980103089874));
#6838 = CARTESIAN_POINT('',(-18.52476851171,1.727718696104,
    22.986272788515));
#6839 = CARTESIAN_POINT('',(-18.5394055517,1.761277682143,
    22.988591067902));
#6840 = CARTESIAN_POINT('',(-18.55314705561,1.795237650569,
    22.990767508307));
#6841 = CARTESIAN_POINT('',(-18.56598171957,1.829566641564,
    22.992800319375));
#6842 = CARTESIAN_POINT('',(-18.57789955941,1.864232412562,
    22.99468791977));
#6843 = CARTESIAN_POINT('',(-18.61427595499,1.979956833389,
    23.000449374824));
#6844 = CARTESIAN_POINT('',(-18.63472475351,2.062334202625,
    23.003688146333));
#6845 = CARTESIAN_POINT('',(-18.65013139695,2.145933592576,
    23.006128318931));
#6846 = CARTESIAN_POINT('',(-18.66042567172,2.230349803739,
    23.007758771878));
#6847 = CARTESIAN_POINT('',(-18.66557293052,2.315174840251,
    23.008574017583));
#6848 = CARTESIAN_POINT('',(-18.66557300065,2.498896537774,
    23.00857402869));
#6849 = CARTESIAN_POINT('',(-18.65857618057,2.597794890882,
    23.007465841259));
#6850 = CARTESIAN_POINT('',(-18.64458300139,2.696045078052,
    23.005249539407));
#6851 = CARTESIAN_POINT('',(-18.62365729821,2.793000552345,
    23.001935233619));
#6852 = CARTESIAN_POINT('',(-18.59592897982,2.888020977222,
    22.99754349943));
#6853 = CARTESIAN_POINT('',(-18.54615928356,3.022047890643,
    22.989660753943));
#6854 = CARTESIAN_POINT('',(-18.52938657521,3.063101605074,
    22.987004217919));
#6855 = CARTESIAN_POINT('',(-18.51129666455,3.103579504112,
    22.984139057542));
#6856 = CARTESIAN_POINT('',(-18.49191046305,3.143425077297,
    22.981068584868));
#6857 = CARTESIAN_POINT('',(-18.47125177024,3.182582585836,
    22.977796569369));
#6858 = CARTESIAN_POINT('',(-18.41501115158,3.28121319945,
    22.968888930459));
#6859 = CARTESIAN_POINT('',(-18.37761362264,3.339604113227,
    22.962965743768));
#6860 = CARTESIAN_POINT('',(-18.33725815804,3.395957748917,
    22.956574066093));
#6861 = CARTESIAN_POINT('',(-18.29406538139,3.450069067971,
    22.949733002338));
#6862 = CARTESIAN_POINT('',(-18.24817408233,3.501741799966,
    22.94246453462));
#6863 = CARTESIAN_POINT('',(-18.15238120616,3.598754128415,
    22.927292433541));
#6864 = CARTESIAN_POINT('',(-18.10259000447,3.644209224,22.919406281929)
  );
#6865 = CARTESIAN_POINT('',(-18.05051675631,3.686981532534,
    22.911158689663));
#6866 = CARTESIAN_POINT('',(-17.99632489922,3.726909233212,
    22.902575542708));
#6867 = CARTESIAN_POINT('',(-17.94019358116,3.763844661554,
    22.893685215313));
#6868 = CARTESIAN_POINT('',(-17.84700801476,3.818284957184,
    22.878926071532));
#6869 = CARTESIAN_POINT('',(-17.81104848984,3.837751016898,
    22.873230642303));
#6870 = CARTESIAN_POINT('',(-17.77448373183,3.856024649459,
    22.867439353569));
#6871 = CARTESIAN_POINT('',(-17.7373597387,3.873078675583,
    22.861559490695));
#6872 = CARTESIAN_POINT('',(-17.69972426452,3.888888604437,
    22.855598617181));
#6873 = CARTESIAN_POINT('',(-17.57869783003,3.935091492715,
    22.83642991309));
#6874 = CARTESIAN_POINT('',(-17.49357574915,3.960753650328,
    22.822947899951));
#6875 = CARTESIAN_POINT('',(-17.40677764302,3.980192768636,
    22.809200430489));
#6876 = CARTESIAN_POINT('',(-17.31884342044,3.993253545709,
    22.795273017861));
#6877 = CARTESIAN_POINT('',(-17.23033122351,3.999855726605,
    22.781254063088));
#6878 = CARTESIAN_POINT('',(-17.05222820276,4.00014221732,
    22.753045315826));
#6879 = CARTESIAN_POINT('',(-16.96262945948,3.993669973406,
    22.738854269019));
#6880 = CARTESIAN_POINT('',(-16.87360947187,3.980580447176,
    22.724754888103));
#6881 = CARTESIAN_POINT('',(-16.78574701912,3.960955703228,
    22.710838842699));
#6882 = CARTESIAN_POINT('',(-16.6996018601,3.934956571902,
    22.697194789901));
#6883 = CARTESIAN_POINT('',(-16.57762781883,3.88822960287,
    22.677875999641));
#6884 = CARTESIAN_POINT('',(-16.54000919858,3.872375446502,
    22.671917795526));
#6885 = CARTESIAN_POINT('',(-16.50290343735,3.85527781166,
    22.666040820301));
#6886 = CARTESIAN_POINT('',(-16.46635825658,3.836961249201,
    22.660252632298));
#6887 = CARTESIAN_POINT('',(-16.43041961832,3.817452994987,
    22.654560511191));
#6888 = CARTESIAN_POINT('',(-16.3372922194,3.762903247082,
    22.639810580234));
#6889 = CARTESIAN_POINT('',(-16.28120034446,3.725901857581,
    22.630926500016));
#6890 = CARTESIAN_POINT('',(-16.22705119235,3.685910516265,
    22.622350116864));
#6891 = CARTESIAN_POINT('',(-16.17502372552,3.643077095302,
    22.614109775649));
#6892 = CARTESIAN_POINT('',(-16.12528118445,3.597563595961,
    22.606231331121));
#6893 = CARTESIAN_POINT('',(-16.02959213339,3.500438924165,
    22.591075674323));
#6894 = CARTESIAN_POINT('',(-15.98375612367,3.44871238336,
    22.583815963578));
#6895 = CARTESIAN_POINT('',(-15.94062121612,3.394550412959,
    22.576984065387));
#6896 = CARTESIAN_POINT('',(-15.90032597985,3.338149420597,
    22.570601926943));
#6897 = CARTESIAN_POINT('',(-15.86299081724,3.279714558069,
    22.564688618109));
#6898 = CARTESIAN_POINT('',(-15.75838036337,3.095788953141,
    22.548119949919));
#6899 = CARTESIAN_POINT('',(-15.700941458,2.96443991521,22.539022521039)
  );
#6900 = CARTESIAN_POINT('',(-15.6572997582,2.827251484627,
    22.532110354842));
#6901 = CARTESIAN_POINT('',(-15.62801183118,2.686143225897,
    22.527471602913));
#6902 = CARTESIAN_POINT('',(-15.61336976769,2.54306647554,
    22.525152527881));
#6903 = CARTESIAN_POINT('',(-15.61336976769,2.4,22.525152527881));
#6904 = PCURVE('',#5127,#6905);
#6905 = DEFINITIONAL_REPRESENTATION('',(#6906),#6984);
#6906 = B_SPLINE_CURVE_WITH_KNOTS('',6,(#6907,#6908,#6909,#6910,#6911,
    #6912,#6913,#6914,#6915,#6916,#6917,#6918,#6919,#6920,#6921,#6922,
    #6923,#6924,#6925,#6926,#6927,#6928,#6929,#6930,#6931,#6932,#6933,
    #6934,#6935,#6936,#6937,#6938,#6939,#6940,#6941,#6942,#6943,#6944,
    #6945,#6946,#6947,#6948,#6949,#6950,#6951,#6952,#6953,#6954,#6955,
    #6956,#6957,#6958,#6959,#6960,#6961,#6962,#6963,#6964,#6965,#6966,
    #6967,#6968,#6969,#6970,#6971,#6972,#6973,#6974,#6975,#6976,#6977,
    #6978,#6979,#6980,#6981,#6982,#6983),.UNSPECIFIED.,.F.,.F.,(7,5,5,5,
    5,5,5,5,5,5,5,5,5,5,5,7),(0.,9.072916832019E-02,0.140933185541,
    0.174182491622,0.250963321758,0.340482336859,0.380734569031,
    0.44383145658,0.505533271775,0.543177759629,0.625120769995,
    0.708050789464,0.745696086505,0.807399554296,0.870498138,1.),
  .UNSPECIFIED.);
#6907 = CARTESIAN_POINT('',(3.826472000752,1.421667611167));
#6908 = CARTESIAN_POINT('',(3.736212773522,1.463525976113));
#6909 = CARTESIAN_POINT('',(3.649149483498,1.512445215848));
#6910 = CARTESIAN_POINT('',(3.565946843594,1.568062687003));
#6911 = CARTESIAN_POINT('',(3.487197306872,1.629936726754));
#6912 = CARTESIAN_POINT('',(3.413423238176,1.697560282695));
#6913 = CARTESIAN_POINT('',(3.307261578264,1.810665536568));
#6914 = CARTESIAN_POINT('',(3.271105665342,1.852546901399));
#6915 = CARTESIAN_POINT('',(3.236687338324,1.895924466562));
#6916 = CARTESIAN_POINT('',(3.204075647604,1.940700705396));
#6917 = CARTESIAN_POINT('',(3.173332702652,1.986774735212));
#6918 = CARTESIAN_POINT('',(3.125427295596,2.065346870037));
#6919 = CARTESIAN_POINT('',(3.107184775276,2.097175054955));
#6920 = CARTESIAN_POINT('',(3.089802129671,2.129496702651));
#6921 = CARTESIAN_POINT('',(3.073294078057,2.162281222999));
#6922 = CARTESIAN_POINT('',(3.057674040371,2.195497605154));
#6923 = CARTESIAN_POINT('',(3.00896225836,2.306743910209));
#6924 = CARTESIAN_POINT('',(2.9797703695,2.386509238446));
#6925 = CARTESIAN_POINT('',(2.955527986132,2.468022942529));
#6926 = CARTESIAN_POINT('',(2.936348117046,2.550889460488));
#6927 = CARTESIAN_POINT('',(2.92230825021,2.634706689369));
#6928 = CARTESIAN_POINT('',(2.903125037223,2.81742413922));
#6929 = CARTESIAN_POINT('',(2.899843965403,2.916521578066));
#6930 = CARTESIAN_POINT('',(2.903675421402,3.015714018711));
#6931 = CARTESIAN_POINT('',(2.914622636337,3.114351699936));
#6932 = CARTESIAN_POINT('',(2.932621661195,3.211784051943));
#6933 = CARTESIAN_POINT('',(2.968742001595,3.350339798386));
#6934 = CARTESIAN_POINT('',(2.981344371693,3.392942247442));
#6935 = CARTESIAN_POINT('',(2.995333196766,3.435111277493));
#6936 = CARTESIAN_POINT('',(3.010693320883,3.476788476301));
#6937 = CARTESIAN_POINT('',(3.027406599496,3.517915893764));
#6938 = CARTESIAN_POINT('',(3.073738585657,3.621952897846));
#6939 = CARTESIAN_POINT('',(3.105298476121,3.683978146231));
#6940 = CARTESIAN_POINT('',(3.140049524021,3.744289952638));
#6941 = CARTESIAN_POINT('',(3.177891678629,3.802671647473));
#6942 = CARTESIAN_POINT('',(3.218705681796,3.858913360908));
#6943 = CARTESIAN_POINT('',(3.305033029863,3.965522218995));
#6944 = CARTESIAN_POINT('',(3.350423174605,4.015992563038));
#6945 = CARTESIAN_POINT('',(3.398391303337,4.064036032473));
#6946 = CARTESIAN_POINT('',(3.448789742127,4.109474413115));
#6947 = CARTESIAN_POINT('',(3.501453519618,4.152141908885));
#6948 = CARTESIAN_POINT('',(3.589600608966,4.216135803426));
#6949 = CARTESIAN_POINT('',(3.623776833774,4.239296945138));
#6950 = CARTESIAN_POINT('',(3.658686992732,4.261336160239));
#6951 = CARTESIAN_POINT('',(3.694287606957,4.282221555303));
#6952 = CARTESIAN_POINT('',(3.730533148593,4.301923725014));
#6953 = CARTESIAN_POINT('',(3.847574169941,4.360668454724));
#6954 = CARTESIAN_POINT('',(3.93060673102,4.395189078499));
#6955 = CARTESIAN_POINT('',(4.015976706985,4.423697860827));
#6956 = CARTESIAN_POINT('',(4.103156662686,4.445983271853));
#6957 = CARTESIAN_POINT('',(4.191592967364,4.461906490949));
#6958 = CARTESIAN_POINT('',(4.370900487806,4.481019696141));
#6959 = CARTESIAN_POINT('',(4.461796024338,4.484054821452));
#6960 = CARTESIAN_POINT('',(4.552799731732,4.480447651597));
#6961 = CARTESIAN_POINT('',(4.643320250622,4.470218616571));
#6962 = CARTESIAN_POINT('',(4.73277714955,4.453468492312));
#6963 = CARTESIAN_POINT('',(4.860475536229,4.41989150503));
#6964 = CARTESIAN_POINT('',(4.900010285241,4.408100886694));
#6965 = CARTESIAN_POINT('',(4.939158457389,4.39501936962));
#6966 = CARTESIAN_POINT('',(4.977869437024,4.380666325563));
#6967 = CARTESIAN_POINT('',(5.016094099738,4.365063982603));
#6968 = CARTESIAN_POINT('',(5.115562719712,4.320657434329));
#6969 = CARTESIAN_POINT('',(5.175906829682,4.289788088172));
#6970 = CARTESIAN_POINT('',(5.234606945258,4.255739757314));
#6971 = CARTESIAN_POINT('',(5.291467423663,4.218640586501));
#6972 = CARTESIAN_POINT('',(5.346306977794,4.178634434411));
#6973 = CARTESIAN_POINT('',(5.452800428364,4.092156487604));
#6974 = CARTESIAN_POINT('',(5.504355104742,4.04555827354));
#6975 = CARTESIAN_POINT('',(5.553444251178,3.99625239334));
#6976 = CARTESIAN_POINT('',(5.599907830409,3.944419532127));
#6977 = CARTESIAN_POINT('',(5.643603184816,3.890250991903));
#6978 = CARTESIAN_POINT('',(5.768143115971,3.718389706203));
#6979 = CARTESIAN_POINT('',(5.839694820725,3.593830827056));
#6980 = CARTESIAN_POINT('',(5.897963408062,3.462005893077));
#6981 = CARTESIAN_POINT('',(5.942188023591,3.324765138374));
#6982 = CARTESIAN_POINT('',(5.971870805011,3.184018354709));
#6983 = CARTESIAN_POINT('',(5.98680896749,3.041733894119));
#6984 = ( GEOMETRIC_REPRESENTATION_CONTEXT(2) 
PARAMETRIC_REPRESENTATION_CONTEXT() REPRESENTATION_CONTEXT('2D SPACE',''
  ) );
#6985 = PCURVE('',#6986,#7015);
#6986 = B_SPLINE_SURFACE_WITH_KNOTS('',13,1,(
    (#6987,#6988)
    ,(#6989,#6990)
    ,(#6991,#6992)
    ,(#6993,#6994)
    ,(#6995,#6996)
    ,(#6997,#6998)
    ,(#6999,#7000)
    ,(#7001,#7002)
    ,(#7003,#7004)
    ,(#7005,#7006)
    ,(#7007,#7008)
    ,(#7009,#7010)
    ,(#7011,#7012)
    ,(#7013,#7014
    )),.UNSPECIFIED.,.T.,.F.,.F.,(14,14),(2,2),(0.,6.28318530718),(0.,1.
    ),.PIECEWISE_BEZIER_KNOTS.);
#6987 = CARTESIAN_POINT('',(-19.53042335055,2.4,9.71304755963));
#6988 = CARTESIAN_POINT('',(-10.27077274165,2.4,40.));
#6989 = CARTESIAN_POINT('',(-19.53042335055,3.173315114729,9.71304755963
    ));
#6990 = CARTESIAN_POINT('',(-10.27077274165,3.173315114729,
    40.000000000001));
#6991 = CARTESIAN_POINT('',(-19.93533241961,3.9466305387,9.713047559631)
  );
#6992 = CARTESIAN_POINT('',(-10.67568181072,3.9466305387,39.999999999994
    ));
#6993 = CARTESIAN_POINT('',(-20.74512645161,4.488660158819,
    9.713047559629));
#6994 = CARTESIAN_POINT('',(-11.48547584268,4.488660158819,
    40.000000000016));
#6995 = CARTESIAN_POINT('',(-21.81461723852,4.568146551147,
    9.713047559632));
#6996 = CARTESIAN_POINT('',(-12.55496662966,4.568146551147,
    39.999999999966));
#6997 = CARTESIAN_POINT('',(-22.85269733867,4.055149881174,
    9.713047559631));
#6998 = CARTESIAN_POINT('',(-13.5930467297,4.055149881174,
    40.000000000062));
#6999 = CARTESIAN_POINT('',(-23.50434331792,3.023116275902,
    9.713047559624));
#7000 = CARTESIAN_POINT('',(-14.24469270911,3.023116275902,
    39.999999999907));
#7001 = CARTESIAN_POINT('',(-23.50434331796,1.776883724099,
    9.713047559643));
#7002 = CARTESIAN_POINT('',(-14.24469270898,1.776883724099,
    40.000000000113));
#7003 = CARTESIAN_POINT('',(-22.85269733864,0.744850118822,
    9.713047559615));
#7004 = CARTESIAN_POINT('',(-13.59304672981,0.744850118822,
    39.999999999892));
#7005 = CARTESIAN_POINT('',(-21.81461723854,0.231853448856,
    9.713047559643));
#7006 = CARTESIAN_POINT('',(-12.5549666296,0.231853448856,
    40.000000000078));
#7007 = CARTESIAN_POINT('',(-20.74512645159,0.311339841179,
    9.713047559623));
#7008 = CARTESIAN_POINT('',(-11.48547584271,0.311339841179,
    39.999999999957));
#7009 = CARTESIAN_POINT('',(-19.93533241962,0.853369461301,
    9.713047559634));
#7010 = CARTESIAN_POINT('',(-10.67568181071,0.853369461301,
    40.000000000016));
#7011 = CARTESIAN_POINT('',(-19.53042335055,1.62668488527,9.71304755963)
  );
#7012 = CARTESIAN_POINT('',(-10.27077274165,1.62668488527,
    39.999999999996));
#7013 = CARTESIAN_POINT('',(-19.53042335055,2.4,9.71304755963));
#7014 = CARTESIAN_POINT('',(-10.27077274165,2.4,40.));
#7015 = DEFINITIONAL_REPRESENTATION('',(#7016),#7094);
#7016 = B_SPLINE_CURVE_WITH_KNOTS('',6,(#7017,#7018,#7019,#7020,#7021,
    #7022,#7023,#7024,#7025,#7026,#7027,#7028,#7029,#7030,#7031,#7032,
    #7033,#7034,#7035,#7036,#7037,#7038,#7039,#7040,#7041,#7042,#7043,
    #7044,#7045,#7046,#7047,#7048,#7049,#7050,#7051,#7052,#7053,#7054,
    #7055,#7056,#7057,#7058,#7059,#7060,#7061,#7062,#7063,#7064,#7065,
    #7066,#7067,#7068,#7069,#7070,#7071,#7072,#7073,#7074,#7075,#7076,
    #7077,#7078,#7079,#7080,#7081,#7082,#7083,#7084,#7085,#7086,#7087,
    #7088,#7089,#7090,#7091,#7092,#7093),.UNSPECIFIED.,.F.,.F.,(7,5,5,5,
    5,5,5,5,5,5,5,5,5,5,5,7),(0.,9.072916832019E-02,0.140933185541,
    0.174182491622,0.250963321758,0.340482336859,0.380734569031,
    0.44383145658,0.505533271775,0.543177759629,0.625120769995,
    0.708050789464,0.745696086505,0.807399554296,0.870498138,1.),
  .UNSPECIFIED.);
#7017 = CARTESIAN_POINT('',(4.188790804786,0.434994936915));
#7018 = CARTESIAN_POINT('',(4.124973360135,0.435436010058));
#7019 = CARTESIAN_POINT('',(4.061260550086,0.435856858187));
#7020 = CARTESIAN_POINT('',(3.997667752826,0.43625426235));
#7021 = CARTESIAN_POINT('',(3.934196987134,0.436625417401));
#7022 = CARTESIAN_POINT('',(3.870844910469,0.436967913488));
#7023 = CARTESIAN_POINT('',(3.772620906166,0.437452251007));
#7024 = CARTESIAN_POINT('',(3.737666256029,0.437615391408));
#7025 = CARTESIAN_POINT('',(3.702745725638,0.437768799187));
#7026 = CARTESIAN_POINT('',(3.667857762087,0.437912172242));
#7027 = CARTESIAN_POINT('',(3.633000400567,0.438045245931));
#7028 = CARTESIAN_POINT('',(3.575104492541,0.438248954068));
#7029 = CARTESIAN_POINT('',(3.552050083548,0.438325497899));
#7030 = CARTESIAN_POINT('',(3.529007336366,0.43839735856));
#7031 = CARTESIAN_POINT('',(3.505975490369,0.438464476936));
#7032 = CARTESIAN_POINT('',(3.482953725329,0.438526800816));
#7033 = CARTESIAN_POINT('',(3.406799488122,0.438717029762));
#7034 = CARTESIAN_POINT('',(3.353706632676,0.438823965959));
#7035 = CARTESIAN_POINT('',(3.300652356792,0.438904534402));
#7036 = CARTESIAN_POINT('',(3.247624042128,0.438958367912));
#7037 = CARTESIAN_POINT('',(3.194608378783,0.438985285302));
#7038 = CARTESIAN_POINT('',(3.079782317073,0.438985285668));
#7039 = CARTESIAN_POINT('',(3.017970808069,0.43894869607));
#7040 = CARTESIAN_POINT('',(2.956139460738,0.438875519283));
#7041 = CARTESIAN_POINT('',(2.894267015102,0.438766089132));
#7042 = CARTESIAN_POINT('',(2.832333665921,0.438621084969));
#7043 = CARTESIAN_POINT('',(2.742442380047,0.438360816277));
#7044 = CARTESIAN_POINT('',(2.714544656874,0.438273104051));
#7045 = CARTESIAN_POINT('',(2.686630094354,0.438178503567));
#7046 = CARTESIAN_POINT('',(2.658697391148,0.438077124179));
#7047 = CARTESIAN_POINT('',(2.630745392048,0.437969090349));
#7048 = CARTESIAN_POINT('',(2.558925449486,0.43767498222));
#7049 = CARTESIAN_POINT('',(2.515027592455,0.437479413296));
#7050 = CARTESIAN_POINT('',(2.471076379645,0.437268375963));
#7051 = CARTESIAN_POINT('',(2.427068776237,0.437042501017));
#7052 = CARTESIAN_POINT('',(2.383002935467,0.436802514252));
#7053 = CARTESIAN_POINT('',(2.29573120712,0.43630156913));
#7054 = CARTESIAN_POINT('',(2.252527183823,0.436041187977));
#7055 = CARTESIAN_POINT('',(2.20926802338,0.43576887295));
#7056 = CARTESIAN_POINT('',(2.1659544487,0.43548547874));
#7057 = CARTESIAN_POINT('',(2.122588388766,0.435191942195));
#7058 = CARTESIAN_POINT('',(2.052687169394,0.434704631898));
#7059 = CARTESIAN_POINT('',(2.026182029089,0.43451658296));
#7060 = CARTESIAN_POINT('',(1.9996596988,0.43432536898));
#7061 = CARTESIAN_POINT('',(1.973121172178,0.434131230501));
#7062 = CARTESIAN_POINT('',(1.946567587614,0.433934417252));
#7063 = CARTESIAN_POINT('',(1.862169466582,0.433301514218));
#7064 = CARTESIAN_POINT('',(1.804270701024,0.432856371605));
#7065 = CARTESIAN_POINT('',(1.746322714019,0.432402464284));
#7066 = CARTESIAN_POINT('',(1.688338766863,0.431942615685));
#7067 = CARTESIAN_POINT('',(1.630333627658,0.431479744593));
#7068 = CARTESIAN_POINT('',(1.513628920507,0.43054836177));
#7069 = CARTESIAN_POINT('',(1.454924343226,0.430079808625));
#7070 = CARTESIAN_POINT('',(1.396241155089,0.429614282061));
#7071 = CARTESIAN_POINT('',(1.337594618994,0.42915480878));
#7072 = CARTESIAN_POINT('',(1.278998428605,0.42870431602));
#7073 = CARTESIAN_POINT('',(1.193904720188,0.428066457513));
#7074 = CARTESIAN_POINT('',(1.167351087828,0.427869732401));
#7075 = CARTESIAN_POINT('',(1.140812547216,0.427675689265));
#7076 = CARTESIAN_POINT('',(1.114290233789,0.427484577663));
#7077 = CARTESIAN_POINT('',(1.087785137996,0.427296637951));
#7078 = CARTESIAN_POINT('',(1.017883870365,0.426809631839));
#7079 = CARTESIAN_POINT('',(0.974517759681,0.42651630156));
#7080 = CARTESIAN_POINT('',(0.931204184053,0.426233130674));
#7081 = CARTESIAN_POINT('',(0.887945056801,0.425961055059));
#7082 = CARTESIAN_POINT('',(0.844741084716,0.425700928374));
#7083 = CARTESIAN_POINT('',(0.757469456133,0.425200526202));
#7084 = CARTESIAN_POINT('',(0.713403665078,0.424960828571));
#7085 = CARTESIAN_POINT('',(0.6693960941,0.424735256249));
#7086 = CARTESIAN_POINT('',(0.625444880129,0.424524533877));
#7087 = CARTESIAN_POINT('',(0.581546973297,0.424329291096));
#7088 = CARTESIAN_POINT('',(0.447707256894,0.423782234794));
#7089 = CARTESIAN_POINT('',(0.357921904592,0.423481860272));
#7090 = CARTESIAN_POINT('',(0.268319592355,0.423253637699));
#7091 = CARTESIAN_POINT('',(0.178839359662,0.423100477624));
#7092 = CARTESIAN_POINT('',(8.941654721272E-02,0.423023907522));
#7093 = CARTESIAN_POINT('',(0.,0.423023907522));
#7094 = ( GEOMETRIC_REPRESENTATION_CONTEXT(2) 
PARAMETRIC_REPRESENTATION_CONTEXT() REPRESENTATION_CONTEXT('2D SPACE',''
  ) );
#7095 = ORIENTED_EDGE('',*,*,#7096,.F.);
#7096 = EDGE_CURVE('',#7097,#6823,#7099,.T.);
#7097 = VERTEX_POINT('',#7098);
#7098 = CARTESIAN_POINT('',(-17.90252217965,-0.125,22.887718651467));
#7099 = SURFACE_CURVE('',#7100,(#7104,#7110),.PCURVE_S1.);
#7100 = LINE('',#7101,#7102);
#7101 = CARTESIAN_POINT('',(-17.90252217965,1.2,22.887718651467));
#7102 = VECTOR('',#7103,1.);
#7103 = DIRECTION('',(2.734506013376E-17,1.,8.944166154111E-17));
#7104 = PCURVE('',#5127,#7105);
#7105 = DEFINITIONAL_REPRESENTATION('',(#7106),#7109);
#7106 = B_SPLINE_CURVE_WITH_KNOTS('',1,(#7107,#7108),.UNSPECIFIED.,.F.,
  .F.,(2,2),(-2.325,-0.185640646055),.PIECEWISE_BEZIER_KNOTS.);
#7107 = CARTESIAN_POINT('',(4.049850510567,-0.705997405657));
#7108 = CARTESIAN_POINT('',(3.826471151365,1.42166800676));
#7109 = ( GEOMETRIC_REPRESENTATION_CONTEXT(2) 
PARAMETRIC_REPRESENTATION_CONTEXT() REPRESENTATION_CONTEXT('2D SPACE',''
  ) );
#7110 = PCURVE('',#7111,#7116);
#7111 = PLANE('',#7112);
#7112 = AXIS2_PLACEMENT_3D('',#7113,#7114,#7115);
#7113 = CARTESIAN_POINT('',(-12.67077274165,2.4,40.));
#7114 = DIRECTION('',(-0.956304755963,0.,0.292371704723));
#7115 = DIRECTION('',(0.,-1.,0.));
#7116 = DEFINITIONAL_REPRESENTATION('',(#7117),#7120);
#7117 = B_SPLINE_CURVE_WITH_KNOTS('',1,(#7118,#7119),.UNSPECIFIED.,.F.,
  .F.,(2,2),(-2.325,-0.185640646055),.PIECEWISE_BEZIER_KNOTS.);
#7118 = CARTESIAN_POINT('',(3.525,-17.89417154084));
#7119 = CARTESIAN_POINT('',(1.385640646055,-17.89417154084));
#7120 = ( GEOMETRIC_REPRESENTATION_CONTEXT(2) 
PARAMETRIC_REPRESENTATION_CONTEXT() REPRESENTATION_CONTEXT('2D SPACE',''
  ) );
#7121 = ORIENTED_EDGE('',*,*,#7122,.T.);
#7122 = EDGE_CURVE('',#7097,#5055,#7123,.T.);
#7123 = SURFACE_CURVE('',#7124,(#7128,#7134),.PCURVE_S1.);
#7124 = LINE('',#7125,#7126);
#7125 = CARTESIAN_POINT('',(-50.40578721331,-0.125,28.035730092543));
#7126 = VECTOR('',#7127,1.);
#7127 = DIRECTION('',(-0.987688340595,0.,0.15643446504));
#7128 = PCURVE('',#5127,#7129);
#7129 = DEFINITIONAL_REPRESENTATION('',(#7130),#7133);
#7130 = B_SPLINE_CURVE_WITH_KNOTS('',1,(#7131,#7132),.UNSPECIFIED.,.F.,
  .F.,(2,2),(-87.35705622939,-28.93118415642),.PIECEWISE_BEZIER_KNOTS.);
#7131 = CARTESIAN_POINT('',(58.096448875726,5.973743582226));
#7132 = CARTESIAN_POINT('',(-1.006182838394E-02,-0.126743388526));
#7133 = ( GEOMETRIC_REPRESENTATION_CONTEXT(2) 
PARAMETRIC_REPRESENTATION_CONTEXT() REPRESENTATION_CONTEXT('2D SPACE',''
  ) );
#7134 = PCURVE('',#5074,#7135);
#7135 = DEFINITIONAL_REPRESENTATION('',(#7136),#7139);
#7136 = B_SPLINE_CURVE_WITH_KNOTS('',1,(#7137,#7138),.UNSPECIFIED.,.F.,
  .F.,(2,2),(-87.35705622939,-28.93118415642),.PIECEWISE_BEZIER_KNOTS.);
#7137 = CARTESIAN_POINT('',(114.3700757338,135.87575869318));
#7138 = CARTESIAN_POINT('',(123.50989577605,78.169206057603));
#7139 = ( GEOMETRIC_REPRESENTATION_CONTEXT(2) 
PARAMETRIC_REPRESENTATION_CONTEXT() REPRESENTATION_CONTEXT('2D SPACE',''
  ) );
#7140 = FACE_BOUND('',#7141,.T.);
#7141 = EDGE_LOOP('',(#7142));
#7142 = ORIENTED_EDGE('',*,*,#7143,.T.);
#7143 = EDGE_CURVE('',#7144,#7144,#7146,.T.);
#7144 = VERTEX_POINT('',#7145);
#7145 = CARTESIAN_POINT('',(-4.523293481794,-14.375,20.768657002183));
#7146 = SURFACE_CURVE('',#7147,(#7152,#7163),.PCURVE_S1.);
#7147 = CIRCLE('',#7148,1.5);
#7148 = AXIS2_PLACEMENT_3D('',#7149,#7150,#7151);
#7149 = CARTESIAN_POINT('',(-6.004825992687,-14.375,21.003308699743));
#7150 = DIRECTION('',(-0.15643446504,-0.,-0.987688340595));
#7151 = DIRECTION('',(0.987688340595,0.,-0.15643446504));
#7152 = PCURVE('',#5127,#7153);
#7153 = DEFINITIONAL_REPRESENTATION('',(#7154),#7162);
#7154 = ( BOUNDED_CURVE() B_SPLINE_CURVE(2,(#7155,#7156,#7157,#7158,
#7159,#7160,#7161),.UNSPECIFIED.,.T.,.F.) B_SPLINE_CURVE_WITH_KNOTS((1,2
    ,2,2,2,1),(-2.094395102393,0.,2.094395102393,4.188790204786,
6.28318530718,8.377580409573),.UNSPECIFIED.) CURVE() 
GEOMETRIC_REPRESENTATION_ITEM() RATIONAL_B_SPLINE_CURVE((1.,0.5,1.,0.5,
1.,0.5,1.)) REPRESENTATION_ITEM('') );
#7155 = CARTESIAN_POINT('',(18.905296546485,-12.46917749851));
#7156 = CARTESIAN_POINT('',(19.176572430165,-15.0530523784));
#7157 = CARTESIAN_POINT('',(16.803233202138,-13.99604674516));
#7158 = CARTESIAN_POINT('',(14.429893974112,-12.93904111191));
#7159 = CARTESIAN_POINT('',(16.531957318458,-11.41217186527));
#7160 = CARTESIAN_POINT('',(18.634020662804,-9.885302618624));
#7161 = CARTESIAN_POINT('',(18.905296546485,-12.46917749851));
#7162 = ( GEOMETRIC_REPRESENTATION_CONTEXT(2) 
PARAMETRIC_REPRESENTATION_CONTEXT() REPRESENTATION_CONTEXT('2D SPACE',''
  ) );
#7163 = PCURVE('',#7164,#7169);
#7164 = CYLINDRICAL_SURFACE('',#7165,1.5);
#7165 = AXIS2_PLACEMENT_3D('',#7166,#7167,#7168);
#7166 = CARTESIAN_POINT('',(-6.098686671711,-14.375,20.410695695386));
#7167 = DIRECTION('',(-0.15643446504,-0.,-0.987688340595));
#7168 = DIRECTION('',(0.987688340595,0.,-0.15643446504));
#7169 = DEFINITIONAL_REPRESENTATION('',(#7170),#7174);
#7170 = LINE('',#7171,#7172);
#7171 = CARTESIAN_POINT('',(-6.28318530718,-0.6));
#7172 = VECTOR('',#7173,1.);
#7173 = DIRECTION('',(1.,-0.));
#7174 = ( GEOMETRIC_REPRESENTATION_CONTEXT(2) 
PARAMETRIC_REPRESENTATION_CONTEXT() REPRESENTATION_CONTEXT('2D SPACE',''
  ) );
#7175 = ADVANCED_FACE('',(#7176),#5074,.T.);
#7176 = FACE_BOUND('',#7177,.T.);
#7177 = EDGE_LOOP('',(#7178,#7179,#7200,#7227,#7253,#7272));
#7178 = ORIENTED_EDGE('',*,*,#7122,.F.);
#7179 = ORIENTED_EDGE('',*,*,#7180,.F.);
#7180 = EDGE_CURVE('',#7181,#7097,#7183,.T.);
#7181 = VERTEX_POINT('',#7182);
#7182 = CARTESIAN_POINT('',(-21.93042335055,-0.125,9.71304755963));
#7183 = SURFACE_CURVE('',#7184,(#7188,#7194),.PCURVE_S1.);
#7184 = LINE('',#7185,#7186);
#7185 = CARTESIAN_POINT('',(-35.97502853287,-0.125,-36.22478607653));
#7186 = VECTOR('',#7187,1.);
#7187 = DIRECTION('',(0.292371704723,-0.,0.956304755963));
#7188 = PCURVE('',#5074,#7189);
#7189 = DEFINITIONAL_REPRESENTATION('',(#7190),#7193);
#7190 = B_SPLINE_CURVE_WITH_KNOTS('',1,(#7191,#7192),.UNSPECIFIED.,.F.,
  .F.,(2,2),(48.036813944221,61.813458899384),.PIECEWISE_BEZIER_KNOTS.);
#7191 = CARTESIAN_POINT('',(109.71304755963,78.069576649446));
#7192 = CARTESIAN_POINT('',(122.88771865146,82.097477820347));
#7193 = ( GEOMETRIC_REPRESENTATION_CONTEXT(2) 
PARAMETRIC_REPRESENTATION_CONTEXT() REPRESENTATION_CONTEXT('2D SPACE',''
  ) );
#7194 = PCURVE('',#7111,#7195);
#7195 = DEFINITIONAL_REPRESENTATION('',(#7196),#7199);
#7196 = B_SPLINE_CURVE_WITH_KNOTS('',1,(#7197,#7198),.UNSPECIFIED.,.F.,
  .F.,(2,2),(48.036813944221,61.813458899384),.PIECEWISE_BEZIER_KNOTS.);
#7197 = CARTESIAN_POINT('',(2.525,-31.67081649601));
#7198 = CARTESIAN_POINT('',(2.525,-17.89417154084));
#7199 = ( GEOMETRIC_REPRESENTATION_CONTEXT(2) 
PARAMETRIC_REPRESENTATION_CONTEXT() REPRESENTATION_CONTEXT('2D SPACE',''
  ) );
#7200 = ORIENTED_EDGE('',*,*,#7201,.F.);
#7201 = EDGE_CURVE('',#7202,#7181,#7204,.T.);
#7202 = VERTEX_POINT('',#7203);
#7203 = CARTESIAN_POINT('',(-22.13042335055,-0.125,9.71304755963));
#7204 = SURFACE_CURVE('',#7205,(#7209,#7215),.PCURVE_S1.);
#7205 = LINE('',#7206,#7207);
#7206 = CARTESIAN_POINT('',(-60.56521167527,-0.125,9.71304755963));
#7207 = VECTOR('',#7208,1.);
#7208 = DIRECTION('',(1.,0.,0.));
#7209 = PCURVE('',#5074,#7210);
#7210 = DEFINITIONAL_REPRESENTATION('',(#7211),#7214);
#7211 = B_SPLINE_CURVE_WITH_KNOTS('',1,(#7212,#7213),.UNSPECIFIED.,.F.,
  .F.,(2,2),(37.634788324723,41.234788324723),.PIECEWISE_BEZIER_KNOTS.);
#7212 = CARTESIAN_POINT('',(109.71304755963,77.069576649446));
#7213 = CARTESIAN_POINT('',(109.71304755963,80.669576649446));
#7214 = ( GEOMETRIC_REPRESENTATION_CONTEXT(2) 
PARAMETRIC_REPRESENTATION_CONTEXT() REPRESENTATION_CONTEXT('2D SPACE',''
  ) );
#7215 = PCURVE('',#7216,#7221);
#7216 = PLANE('',#7217);
#7217 = AXIS2_PLACEMENT_3D('',#7218,#7219,#7220);
#7218 = CARTESIAN_POINT('',(-21.13042335055,-2.4,9.71304755963));
#7219 = DIRECTION('',(0.,0.,1.));
#7220 = DIRECTION('',(1.,0.,0.));
#7221 = DEFINITIONAL_REPRESENTATION('',(#7222),#7226);
#7222 = LINE('',#7223,#7224);
#7223 = CARTESIAN_POINT('',(-39.43478832472,2.275));
#7224 = VECTOR('',#7225,1.);
#7225 = DIRECTION('',(1.,0.));
#7226 = ( GEOMETRIC_REPRESENTATION_CONTEXT(2) 
PARAMETRIC_REPRESENTATION_CONTEXT() REPRESENTATION_CONTEXT('2D SPACE',''
  ) );
#7227 = ORIENTED_EDGE('',*,*,#7228,.F.);
#7228 = EDGE_CURVE('',#7229,#7202,#7231,.T.);
#7229 = VERTEX_POINT('',#7230);
#7230 = CARTESIAN_POINT('',(-25.1,-0.125,0.));
#7231 = SURFACE_CURVE('',#7232,(#7236,#7242),.PCURVE_S1.);
#7232 = LINE('',#7233,#7234);
#7233 = CARTESIAN_POINT('',(-40.79630571595,-0.125,-51.34030265155));
#7234 = VECTOR('',#7235,1.);
#7235 = DIRECTION('',(0.292371704723,-0.,0.956304755963));
#7236 = PCURVE('',#5074,#7237);
#7237 = DEFINITIONAL_REPRESENTATION('',(#7238),#7241);
#7238 = B_SPLINE_CURVE_WITH_KNOTS('',1,(#7239,#7240),.UNSPECIFIED.,.F.,
  .F.,(2,2),(53.686131258282,63.842985021755),.PIECEWISE_BEZIER_KNOTS.);
#7239 = CARTESIAN_POINT('',(100.,74.9));
#7240 = CARTESIAN_POINT('',(109.71304755963,77.869576649446));
#7241 = ( GEOMETRIC_REPRESENTATION_CONTEXT(2) 
PARAMETRIC_REPRESENTATION_CONTEXT() REPRESENTATION_CONTEXT('2D SPACE',''
  ) );
#7242 = PCURVE('',#7243,#7248);
#7243 = PLANE('',#7244);
#7244 = AXIS2_PLACEMENT_3D('',#7245,#7246,#7247);
#7245 = CARTESIAN_POINT('',(-22.13042335055,1.125,9.71304755963));
#7246 = DIRECTION('',(-0.956304755963,0.,0.292371704723));
#7247 = DIRECTION('',(0.,-1.,0.));
#7248 = DEFINITIONAL_REPRESENTATION('',(#7249),#7252);
#7249 = B_SPLINE_CURVE_WITH_KNOTS('',1,(#7250,#7251),.UNSPECIFIED.,.F.,
  .F.,(2,2),(53.686131258282,63.842985021755),.PIECEWISE_BEZIER_KNOTS.);
#7250 = CARTESIAN_POINT('',(1.25,-10.15685376347));
#7251 = CARTESIAN_POINT('',(1.25,0.));
#7252 = ( GEOMETRIC_REPRESENTATION_CONTEXT(2) 
PARAMETRIC_REPRESENTATION_CONTEXT() REPRESENTATION_CONTEXT('2D SPACE',''
  ) );
#7253 = ORIENTED_EDGE('',*,*,#7254,.T.);
#7254 = EDGE_CURVE('',#7229,#4975,#7255,.T.);
#7255 = SURFACE_CURVE('',#7256,(#7260,#7266),.PCURVE_S1.);
#7256 = LINE('',#7257,#7258);
#7257 = CARTESIAN_POINT('',(-65.25,-0.125,0.));
#7258 = VECTOR('',#7259,1.);
#7259 = DIRECTION('',(-1.,0.,-0.));
#7260 = PCURVE('',#5074,#7261);
#7261 = DEFINITIONAL_REPRESENTATION('',(#7262),#7265);
#7262 = B_SPLINE_CURVE_WITH_KNOTS('',1,(#7263,#7264),.UNSPECIFIED.,.F.,
  .F.,(2,2),(-95.298167762,-34.49902951453),.PIECEWISE_BEZIER_KNOTS.);
#7263 = CARTESIAN_POINT('',(100.,130.048167762));
#7264 = CARTESIAN_POINT('',(100.,69.249029514535));
#7265 = ( GEOMETRIC_REPRESENTATION_CONTEXT(2) 
PARAMETRIC_REPRESENTATION_CONTEXT() REPRESENTATION_CONTEXT('2D SPACE',''
  ) );
#7266 = PCURVE('',#5016,#7267);
#7267 = DEFINITIONAL_REPRESENTATION('',(#7268),#7271);
#7268 = B_SPLINE_CURVE_WITH_KNOTS('',1,(#7269,#7270),.UNSPECIFIED.,.F.,
  .F.,(2,2),(-95.298167762,-34.49902951453),.PIECEWISE_BEZIER_KNOTS.);
#7269 = CARTESIAN_POINT('',(60.548167762005,-0.125));
#7270 = CARTESIAN_POINT('',(-0.250970485465,-0.125));
#7271 = ( GEOMETRIC_REPRESENTATION_CONTEXT(2) 
PARAMETRIC_REPRESENTATION_CONTEXT() REPRESENTATION_CONTEXT('2D SPACE',''
  ) );
#7272 = ORIENTED_EDGE('',*,*,#5054,.T.);
#7273 = ADVANCED_FACE('',(#7274,#8765),#5016,.F.);
#7274 = FACE_BOUND('',#7275,.F.);
#7275 = EDGE_LOOP('',(#7276,#7277,#7278,#7299,#7600,#7733,#7759,#7780,
    #7860,#7881,#8384,#8405,#8431,#8612,#8745,#8764));
#7276 = ORIENTED_EDGE('',*,*,#4974,.F.);
#7277 = ORIENTED_EDGE('',*,*,#5169,.T.);
#7278 = ORIENTED_EDGE('',*,*,#7279,.F.);
#7279 = EDGE_CURVE('',#7280,#5170,#7282,.T.);
#7280 = VERTEX_POINT('',#7281);
#7281 = CARTESIAN_POINT('',(27.3,-1.125176068772,6.661338147751E-16));
#7282 = SURFACE_CURVE('',#7283,(#7287,#7293),.PCURVE_S1.);
#7283 = LINE('',#7284,#7285);
#7284 = CARTESIAN_POINT('',(27.3,-1.45,0.));
#7285 = VECTOR('',#7286,1.);
#7286 = DIRECTION('',(-0.,1.,-0.));
#7287 = PCURVE('',#5016,#7288);
#7288 = DEFINITIONAL_REPRESENTATION('',(#7289),#7292);
#7289 = B_SPLINE_CURVE_WITH_KNOTS('',1,(#7290,#7291),.UNSPECIFIED.,.F.,
  .F.,(2,2),(0.324823931228,1.325),.PIECEWISE_BEZIER_KNOTS.);
#7290 = CARTESIAN_POINT('',(57.8,-1.125176068772));
#7291 = CARTESIAN_POINT('',(57.8,-0.125));
#7292 = ( GEOMETRIC_REPRESENTATION_CONTEXT(2) 
PARAMETRIC_REPRESENTATION_CONTEXT() REPRESENTATION_CONTEXT('2D SPACE',''
  ) );
#7293 = PCURVE('',#5205,#7294);
#7294 = DEFINITIONAL_REPRESENTATION('',(#7295),#7298);
#7295 = B_SPLINE_CURVE_WITH_KNOTS('',1,(#7296,#7297),.UNSPECIFIED.,.F.,
  .F.,(2,2),(0.324823931228,1.325),.PIECEWISE_BEZIER_KNOTS.);
#7296 = CARTESIAN_POINT('',(1.774823931228,-10.15685376347));
#7297 = CARTESIAN_POINT('',(2.775,-10.15685376347));
#7298 = ( GEOMETRIC_REPRESENTATION_CONTEXT(2) 
PARAMETRIC_REPRESENTATION_CONTEXT() REPRESENTATION_CONTEXT('2D SPACE',''
  ) );
#7299 = ORIENTED_EDGE('',*,*,#7300,.T.);
#7300 = EDGE_CURVE('',#7280,#7301,#7303,.T.);
#7301 = VERTEX_POINT('',#7302);
#7302 = CARTESIAN_POINT('',(28.2,-2.9,-8.881784197001E-16));
#7303 = SURFACE_CURVE('',#7304,(#7391,#7481),.PCURVE_S1.);
#7304 = B_SPLINE_CURVE_WITH_KNOTS('',4,(#7305,#7306,#7307,#7308,#7309,
    #7310,#7311,#7312,#7313,#7314,#7315,#7316,#7317,#7318,#7319,#7320,
    #7321,#7322,#7323,#7324,#7325,#7326,#7327,#7328,#7329,#7330,#7331,
    #7332,#7333,#7334,#7335,#7336,#7337,#7338,#7339,#7340,#7341,#7342,
    #7343,#7344,#7345,#7346,#7347,#7348,#7349,#7350,#7351,#7352,#7353,
    #7354,#7355,#7356,#7357,#7358,#7359,#7360,#7361,#7362,#7363,#7364,
    #7365,#7366,#7367,#7368,#7369,#7370,#7371,#7372,#7373,#7374,#7375,
    #7376,#7377,#7378,#7379,#7380,#7381,#7382,#7383,#7384,#7385,#7386,
    #7387,#7388,#7389,#7390),.UNSPECIFIED.,.F.,.F.,(5,3,3,3,3,3,3,3,3,3,
    3,3,3,3,3,3,3,3,3,3,3,3,3,3,3,3,3,3,5),(0.,2.700000306198E-02,
    5.800000664089E-02,8.400000966021E-02,0.100000011509,0.120000013788,
    0.149000016992,0.178000020037,0.202000022406,0.235000025368,
    0.274000028358,0.302000030159,0.326000031446,0.349000032451,
    0.378000033393,0.406000033977,0.431000034248,0.458000034299,
    0.487000034117,0.506000033898,0.569000032408,0.584000032144,
    0.611000031713,0.712000026955,0.765000028279,0.795000029672,
    0.821000031184,0.842000032582,1.),.UNSPECIFIED.);
#7305 = CARTESIAN_POINT('',(27.29999892582,-1.125175281972,0.));
#7306 = CARTESIAN_POINT('',(27.311243557757,-1.133411592784,0.));
#7307 = CARTESIAN_POINT('',(27.322418613448,-1.141742892683,0.));
#7308 = CARTESIAN_POINT('',(27.333522889179,-1.150168299988,0.));
#7309 = CARTESIAN_POINT('',(27.357221935776,-1.168467520873,0.));
#7310 = CARTESIAN_POINT('',(27.369793805548,-1.178370993427,0.));
#7311 = CARTESIAN_POINT('',(27.382269025771,-1.188395940244,0.));
#7312 = CARTESIAN_POINT('',(27.405026411973,-1.207049630509,0.));
#7313 = CARTESIAN_POINT('',(27.415337758952,-1.215642773419,0.));
#7314 = CARTESIAN_POINT('',(27.425578860354,-1.224319513802,0.));
#7315 = CARTESIAN_POINT('',(27.442007073628,-1.238469424213,0.));
#7316 = CARTESIAN_POINT('',(27.448238456419,-1.243891195213,0.));
#7317 = CARTESIAN_POINT('',(27.454442619789,-1.249344092527,0.));
#7318 = CARTESIAN_POINT('',(27.468340221254,-1.261682681876,0.));
#7319 = CARTESIAN_POINT('',(27.476018217828,-1.268585766517,0.));
#7320 = CARTESIAN_POINT('',(27.483652867791,-1.275536761328,0.));
#7321 = CARTESIAN_POINT('',(27.502250468629,-1.292683071411,0.));
#7322 = CARTESIAN_POINT('',(27.513165138348,-1.302930754486,0.));
#7323 = CARTESIAN_POINT('',(27.523986375161,-1.313277051272,0.));
#7324 = CARTESIAN_POINT('',(27.545439333561,-1.334164292735,0.));
#7325 = CARTESIAN_POINT('',(27.556071055196,-1.344705237456,0.));
#7326 = CARTESIAN_POINT('',(27.56660669462,-1.355342216458,0.));
#7327 = CARTESIAN_POINT('',(27.585683529417,-1.374955301315,0.));
#7328 = CARTESIAN_POINT('',(27.594255406616,-1.383901564297,0.));
#7329 = CARTESIAN_POINT('',(27.602759863692,-1.392911942189,0.));
#7330 = CARTESIAN_POINT('',(27.622796131679,-1.414462039785,0.));
#7331 = CARTESIAN_POINT('',(27.634267261101,-1.427058178379,0.));
#7332 = CARTESIAN_POINT('',(27.645607720336,-1.439772088149,0.));
#7333 = CARTESIAN_POINT('',(27.670061531132,-1.467764006383,0.));
#7334 = CARTESIAN_POINT('',(27.683122335725,-1.483087920276,0.));
#7335 = CARTESIAN_POINT('',(27.695995172167,-1.49857007241,0.));
#7336 = CARTESIAN_POINT('',(27.717782258801,-1.525433460584,0.));
#7337 = CARTESIAN_POINT('',(27.726788961554,-1.536739714803,0.));
#7338 = CARTESIAN_POINT('',(27.735696267772,-1.548124440295,0.));
#7339 = CARTESIAN_POINT('',(27.752051931295,-1.569410783603,0.));
#7340 = CARTESIAN_POINT('',(27.759526928123,-1.579291932616,0.));
#7341 = CARTESIAN_POINT('',(27.766927515566,-1.589228933607,0.));
#7342 = CARTESIAN_POINT('',(27.781273400817,-1.608796615542,0.));
#7343 = CARTESIAN_POINT('',(27.788224820795,-1.618422808097,0.));
#7344 = CARTESIAN_POINT('',(27.795106788634,-1.628098775298,0.));
#7345 = CARTESIAN_POINT('',(27.810507801624,-1.650085701003,0.));
#7346 = CARTESIAN_POINT('',(27.8189855724,-1.662425570697,0.));
#7347 = CARTESIAN_POINT('',(27.82735102681,-1.674841856516,0.));
#7348 = CARTESIAN_POINT('',(27.843570708774,-1.699393445427,0.));
#7349 = CARTESIAN_POINT('',(27.851432617839,-1.711523673903,0.));
#7350 = CARTESIAN_POINT('',(27.859187955679,-1.72372231283,0.));
#7351 = CARTESIAN_POINT('',(27.873664311542,-1.746939411893,0.));
#7352 = CARTESIAN_POINT('',(27.880407121447,-1.75794428438,0.));
#7353 = CARTESIAN_POINT('',(27.88706364486,-1.769001562512,0.));
#7354 = CARTESIAN_POINT('',(27.900728483496,-1.792107584098,0.));
#7355 = CARTESIAN_POINT('',(27.907722340341,-1.804164878239,0.));
#7356 = CARTESIAN_POINT('',(27.91461408986,-1.816280824916,0.));
#7357 = CARTESIAN_POINT('',(27.928694803339,-1.841529142621,0.));
#7358 = CARTESIAN_POINT('',(27.935867968405,-1.85467032458,0.));
#7359 = CARTESIAN_POINT('',(27.942921600014,-1.867876052172,0.));
#7360 = CARTESIAN_POINT('',(27.954397310775,-1.889837930094,0.));
#7361 = CARTESIAN_POINT('',(27.958888102237,-1.898558176318,0.));
#7362 = CARTESIAN_POINT('',(27.963326975544,-1.907304964635,0.));
#7363 = CARTESIAN_POINT('',(27.982259146692,-1.945166804322,0.));
#7364 = CARTESIAN_POINT('',(27.996231227327,-1.974542483248,0.));
#7365 = CARTESIAN_POINT('',(28.009621460327,-2.004187908002,0.));
#7366 = CARTESIAN_POINT('',(28.025470221596,-2.041204158026,0.));
#7367 = CARTESIAN_POINT('',(28.028484652731,-2.048336971369,0.));
#7368 = CARTESIAN_POINT('',(28.031465575588,-2.055483853219,0.));
#7369 = CARTESIAN_POINT('',(28.039718063778,-2.075533851829,0.));
#7370 = CARTESIAN_POINT('',(28.044914352467,-2.088467952141,0.));
#7371 = CARTESIAN_POINT('',(28.050001190967,-2.101445488161,0.));
#7372 = CARTESIAN_POINT('',(28.07359517232,-2.163167930534,0.));
#7373 = CARTESIAN_POINT('',(28.090673297042,-2.212459110234,0.));
#7374 = CARTESIAN_POINT('',(28.106184510938,-2.262265585629,0.));
#7375 = CARTESIAN_POINT('',(28.127414291733,-2.338878968918,0.));
#7376 = CARTESIAN_POINT('',(28.134283425536,-2.365367069273,0.));
#7377 = CARTESIAN_POINT('',(28.140712325513,-2.391965447175,0.));
#7378 = CARTESIAN_POINT('',(28.150086935253,-2.433774960908,0.));
#7379 = CARTESIAN_POINT('',(28.153333506893,-2.448918637592,0.));
#7380 = CARTESIAN_POINT('',(28.156437789172,-2.464092121136,0.));
#7381 = CARTESIAN_POINT('',(28.161966112033,-2.492467846588,0.));
#7382 = CARTESIAN_POINT('',(28.164425664279,-2.505663169962,0.));
#7383 = CARTESIAN_POINT('',(28.166777792644,-2.518878064915,0.));
#7384 = CARTESIAN_POINT('',(28.170835124934,-2.5427995338,0.));
#7385 = CARTESIAN_POINT('',(28.172577750415,-2.553499760665,0.));
#7386 = CARTESIAN_POINT('',(28.174250033375,-2.564211206335,0.));
#7387 = CARTESIAN_POINT('',(28.187903781063,-2.655603215778,0.));
#7388 = CARTESIAN_POINT('',(28.195967909309,-2.736869176605,0.));
#7389 = CARTESIAN_POINT('',(28.2,-2.818434665971,0.));
#7390 = CARTESIAN_POINT('',(28.2,-2.9,0.));
#7391 = PCURVE('',#5016,#7392);
#7392 = DEFINITIONAL_REPRESENTATION('',(#7393),#7480);
#7393 = B_SPLINE_CURVE_WITH_KNOTS('',4,(#7394,#7395,#7396,#7397,#7398,
    #7399,#7400,#7401,#7402,#7403,#7404,#7405,#7406,#7407,#7408,#7409,
    #7410,#7411,#7412,#7413,#7414,#7415,#7416,#7417,#7418,#7419,#7420,
    #7421,#7422,#7423,#7424,#7425,#7426,#7427,#7428,#7429,#7430,#7431,
    #7432,#7433,#7434,#7435,#7436,#7437,#7438,#7439,#7440,#7441,#7442,
    #7443,#7444,#7445,#7446,#7447,#7448,#7449,#7450,#7451,#7452,#7453,
    #7454,#7455,#7456,#7457,#7458,#7459,#7460,#7461,#7462,#7463,#7464,
    #7465,#7466,#7467,#7468,#7469,#7470,#7471,#7472,#7473,#7474,#7475,
    #7476,#7477,#7478,#7479),.UNSPECIFIED.,.F.,.F.,(5,3,3,3,3,3,3,3,3,3,
    3,3,3,3,3,3,3,3,3,3,3,3,3,3,3,3,3,3,5),(0.,2.700000306198E-02,
    5.800000664089E-02,8.400000966021E-02,0.100000011509,0.120000013788,
    0.149000016992,0.178000020037,0.202000022406,0.235000025368,
    0.274000028358,0.302000030159,0.326000031446,0.349000032451,
    0.378000033393,0.406000033977,0.431000034248,0.458000034299,
    0.487000034117,0.506000033898,0.569000032408,0.584000032144,
    0.611000031713,0.712000026955,0.765000028279,0.795000029672,
    0.821000031184,0.842000032582,1.),.UNSPECIFIED.);
#7394 = CARTESIAN_POINT('',(57.79999892582,-1.125175281972));
#7395 = CARTESIAN_POINT('',(57.811243557757,-1.133411592784));
#7396 = CARTESIAN_POINT('',(57.822418613448,-1.141742892683));
#7397 = CARTESIAN_POINT('',(57.833522889179,-1.150168299988));
#7398 = CARTESIAN_POINT('',(57.857221935776,-1.168467520873));
#7399 = CARTESIAN_POINT('',(57.869793805548,-1.178370993427));
#7400 = CARTESIAN_POINT('',(57.882269025771,-1.188395940244));
#7401 = CARTESIAN_POINT('',(57.905026411973,-1.207049630509));
#7402 = CARTESIAN_POINT('',(57.915337758952,-1.215642773419));
#7403 = CARTESIAN_POINT('',(57.925578860354,-1.224319513802));
#7404 = CARTESIAN_POINT('',(57.942007073628,-1.238469424213));
#7405 = CARTESIAN_POINT('',(57.948238456419,-1.243891195213));
#7406 = CARTESIAN_POINT('',(57.954442619789,-1.249344092527));
#7407 = CARTESIAN_POINT('',(57.968340221254,-1.261682681876));
#7408 = CARTESIAN_POINT('',(57.976018217828,-1.268585766517));
#7409 = CARTESIAN_POINT('',(57.983652867791,-1.275536761328));
#7410 = CARTESIAN_POINT('',(58.002250468629,-1.292683071411));
#7411 = CARTESIAN_POINT('',(58.013165138348,-1.302930754486));
#7412 = CARTESIAN_POINT('',(58.023986375161,-1.313277051272));
#7413 = CARTESIAN_POINT('',(58.045439333561,-1.334164292735));
#7414 = CARTESIAN_POINT('',(58.056071055196,-1.344705237456));
#7415 = CARTESIAN_POINT('',(58.06660669462,-1.355342216458));
#7416 = CARTESIAN_POINT('',(58.085683529417,-1.374955301315));
#7417 = CARTESIAN_POINT('',(58.094255406616,-1.383901564297));
#7418 = CARTESIAN_POINT('',(58.102759863692,-1.392911942189));
#7419 = CARTESIAN_POINT('',(58.122796131679,-1.414462039785));
#7420 = CARTESIAN_POINT('',(58.134267261101,-1.427058178379));
#7421 = CARTESIAN_POINT('',(58.145607720336,-1.439772088149));
#7422 = CARTESIAN_POINT('',(58.170061531132,-1.467764006383));
#7423 = CARTESIAN_POINT('',(58.183122335725,-1.483087920276));
#7424 = CARTESIAN_POINT('',(58.195995172167,-1.49857007241));
#7425 = CARTESIAN_POINT('',(58.217782258801,-1.525433460584));
#7426 = CARTESIAN_POINT('',(58.226788961554,-1.536739714803));
#7427 = CARTESIAN_POINT('',(58.235696267772,-1.548124440295));
#7428 = CARTESIAN_POINT('',(58.252051931295,-1.569410783603));
#7429 = CARTESIAN_POINT('',(58.259526928123,-1.579291932616));
#7430 = CARTESIAN_POINT('',(58.266927515566,-1.589228933607));
#7431 = CARTESIAN_POINT('',(58.281273400817,-1.608796615542));
#7432 = CARTESIAN_POINT('',(58.288224820795,-1.618422808097));
#7433 = CARTESIAN_POINT('',(58.295106788634,-1.628098775298));
#7434 = CARTESIAN_POINT('',(58.310507801624,-1.650085701003));
#7435 = CARTESIAN_POINT('',(58.3189855724,-1.662425570697));
#7436 = CARTESIAN_POINT('',(58.32735102681,-1.674841856516));
#7437 = CARTESIAN_POINT('',(58.343570708774,-1.699393445427));
#7438 = CARTESIAN_POINT('',(58.351432617839,-1.711523673903));
#7439 = CARTESIAN_POINT('',(58.359187955679,-1.72372231283));
#7440 = CARTESIAN_POINT('',(58.373664311542,-1.746939411893));
#7441 = CARTESIAN_POINT('',(58.380407121447,-1.75794428438));
#7442 = CARTESIAN_POINT('',(58.38706364486,-1.769001562512));
#7443 = CARTESIAN_POINT('',(58.400728483496,-1.792107584098));
#7444 = CARTESIAN_POINT('',(58.407722340341,-1.804164878239));
#7445 = CARTESIAN_POINT('',(58.41461408986,-1.816280824916));
#7446 = CARTESIAN_POINT('',(58.428694803339,-1.841529142621));
#7447 = CARTESIAN_POINT('',(58.435867968405,-1.85467032458));
#7448 = CARTESIAN_POINT('',(58.442921600014,-1.867876052172));
#7449 = CARTESIAN_POINT('',(58.454397310775,-1.889837930094));
#7450 = CARTESIAN_POINT('',(58.458888102237,-1.898558176318));
#7451 = CARTESIAN_POINT('',(58.463326975544,-1.907304964635));
#7452 = CARTESIAN_POINT('',(58.482259146692,-1.945166804322));
#7453 = CARTESIAN_POINT('',(58.496231227327,-1.974542483248));
#7454 = CARTESIAN_POINT('',(58.509621460327,-2.004187908002));
#7455 = CARTESIAN_POINT('',(58.525470221596,-2.041204158026));
#7456 = CARTESIAN_POINT('',(58.528484652731,-2.048336971369));
#7457 = CARTESIAN_POINT('',(58.531465575588,-2.055483853219));
#7458 = CARTESIAN_POINT('',(58.539718063778,-2.075533851829));
#7459 = CARTESIAN_POINT('',(58.544914352467,-2.088467952141));
#7460 = CARTESIAN_POINT('',(58.550001190967,-2.101445488161));
#7461 = CARTESIAN_POINT('',(58.57359517232,-2.163167930534));
#7462 = CARTESIAN_POINT('',(58.590673297042,-2.212459110234));
#7463 = CARTESIAN_POINT('',(58.606184510938,-2.262265585629));
#7464 = CARTESIAN_POINT('',(58.627414291733,-2.338878968918));
#7465 = CARTESIAN_POINT('',(58.634283425536,-2.365367069273));
#7466 = CARTESIAN_POINT('',(58.640712325513,-2.391965447175));
#7467 = CARTESIAN_POINT('',(58.650086935253,-2.433774960908));
#7468 = CARTESIAN_POINT('',(58.653333506893,-2.448918637592));
#7469 = CARTESIAN_POINT('',(58.656437789172,-2.464092121136));
#7470 = CARTESIAN_POINT('',(58.661966112033,-2.492467846588));
#7471 = CARTESIAN_POINT('',(58.664425664279,-2.505663169962));
#7472 = CARTESIAN_POINT('',(58.666777792644,-2.518878064915));
#7473 = CARTESIAN_POINT('',(58.670835124934,-2.5427995338));
#7474 = CARTESIAN_POINT('',(58.672577750415,-2.553499760665));
#7475 = CARTESIAN_POINT('',(58.674250033375,-2.564211206335));
#7476 = CARTESIAN_POINT('',(58.687903781063,-2.655603215778));
#7477 = CARTESIAN_POINT('',(58.695967909309,-2.736869176605));
#7478 = CARTESIAN_POINT('',(58.7,-2.818434665971));
#7479 = CARTESIAN_POINT('',(58.7,-2.9));
#7480 = ( GEOMETRIC_REPRESENTATION_CONTEXT(2) 
PARAMETRIC_REPRESENTATION_CONTEXT() REPRESENTATION_CONTEXT('2D SPACE',''
  ) );
#7481 = PCURVE('',#7482,#7511);
#7482 = B_SPLINE_SURFACE_WITH_KNOTS('',13,1,(
    (#7483,#7484)
    ,(#7485,#7486)
    ,(#7487,#7488)
    ,(#7489,#7490)
    ,(#7491,#7492)
    ,(#7493,#7494)
    ,(#7495,#7496)
    ,(#7497,#7498)
    ,(#7499,#7500)
    ,(#7501,#7502)
    ,(#7503,#7504)
    ,(#7505,#7506)
    ,(#7507,#7508)
    ,(#7509,#7510
    )),.UNSPECIFIED.,.T.,.F.,.F.,(14,14),(2,2),(0.,6.28318530718),(0.,1.
    ),.PIECEWISE_BEZIER_KNOTS.);
#7483 = CARTESIAN_POINT('',(22.085386370827,-2.9,-20.));
#7484 = CARTESIAN_POINT('',(31.169576649446,-2.9,9.71304755963));
#7485 = CARTESIAN_POINT('',(22.085386370825,-1.836691717247,-20.));
#7486 = CARTESIAN_POINT('',(31.169576649445,-1.836691717247,
    9.71304755963));
#7487 = CARTESIAN_POINT('',(21.528636400869,-0.77338300929,
    -19.99999999999));
#7488 = CARTESIAN_POINT('',(30.612826679486,-0.77338300929,
    9.713047559631));
#7489 = CARTESIAN_POINT('',(20.415169606858,-2.809228161798E-02,-20.));
#7490 = CARTESIAN_POINT('',(29.499359885483,-2.809228161798E-02,
    9.713047559629));
#7491 = CARTESIAN_POINT('',(18.944619774903,8.120150781528E-02,
    -19.99999999998));
#7492 = CARTESIAN_POINT('',(28.028810053511,8.120150781528E-02,
    9.713047559632));
#7493 = CARTESIAN_POINT('',(17.517259637114,-0.62416891337,
    -20.00000000003));
#7494 = CARTESIAN_POINT('',(26.601449915754,-0.62416891337,
    9.713047559631));
#7495 = CARTESIAN_POINT('',(16.621246415725,-2.04321512065,
    -19.99999999995));
#7496 = CARTESIAN_POINT('',(25.705436694312,-2.04321512065,
    9.713047559624));
#7497 = CARTESIAN_POINT('',(16.621246415619,-3.756784879353,
    -20.00000000005));
#7498 = CARTESIAN_POINT('',(25.705436694279,-3.756784879353,
    9.713047559643));
#7499 = CARTESIAN_POINT('',(17.517259637198,-5.175831086624,
    -19.99999999994));
#7500 = CARTESIAN_POINT('',(26.601449915777,-5.175831086624,
    9.713047559615));
#7501 = CARTESIAN_POINT('',(18.94461977485,-5.881201507822,
    -20.00000000003));
#7502 = CARTESIAN_POINT('',(28.0288100535,-5.881201507822,9.713047559643
    ));
#7503 = CARTESIAN_POINT('',(20.415169606884,-5.771907718378,
    -19.99999999997));
#7504 = CARTESIAN_POINT('',(29.499359885485,-5.771907718378,
    9.713047559623));
#7505 = CARTESIAN_POINT('',(21.52863640086,-5.026616990712,-20.));
#7506 = CARTESIAN_POINT('',(30.612826679486,-5.026616990712,
    9.713047559634));
#7507 = CARTESIAN_POINT('',(22.085386370827,-3.963308282753,
    -19.99999999999));
#7508 = CARTESIAN_POINT('',(31.169576649445,-3.963308282753,
    9.71304755963));
#7509 = CARTESIAN_POINT('',(22.085386370827,-2.9,-20.));
#7510 = CARTESIAN_POINT('',(31.169576649446,-2.9,9.71304755963));
#7511 = DEFINITIONAL_REPRESENTATION('',(#7512),#7599);
#7512 = B_SPLINE_CURVE_WITH_KNOTS('',4,(#7513,#7514,#7515,#7516,#7517,
    #7518,#7519,#7520,#7521,#7522,#7523,#7524,#7525,#7526,#7527,#7528,
    #7529,#7530,#7531,#7532,#7533,#7534,#7535,#7536,#7537,#7538,#7539,
    #7540,#7541,#7542,#7543,#7544,#7545,#7546,#7547,#7548,#7549,#7550,
    #7551,#7552,#7553,#7554,#7555,#7556,#7557,#7558,#7559,#7560,#7561,
    #7562,#7563,#7564,#7565,#7566,#7567,#7568,#7569,#7570,#7571,#7572,
    #7573,#7574,#7575,#7576,#7577,#7578,#7579,#7580,#7581,#7582,#7583,
    #7584,#7585,#7586,#7587,#7588,#7589,#7590,#7591,#7592,#7593,#7594,
    #7595,#7596,#7597,#7598),.UNSPECIFIED.,.F.,.F.,(5,3,3,3,3,3,3,3,3,3,
    3,3,3,3,3,3,3,3,3,3,3,3,3,3,3,3,3,3,5),(0.,2.700000306198E-02,
    5.800000664089E-02,8.400000966021E-02,0.100000011509,0.120000013788,
    0.149000016992,0.178000020037,0.202000022406,0.235000025368,
    0.274000028358,0.302000030159,0.326000031446,0.349000032451,
    0.378000033393,0.406000033977,0.431000034248,0.458000034299,
    0.487000034117,0.506000033898,0.569000032408,0.584000032144,
    0.611000031713,0.712000026955,0.765000028279,0.795000029672,
    0.821000031184,0.842000032582,1.),.UNSPECIFIED.);
#7513 = CARTESIAN_POINT('',(0.938611678114,0.673104970463));
#7514 = CARTESIAN_POINT('',(0.932276049278,0.673104970463));
#7515 = CARTESIAN_POINT('',(0.925940420447,0.673104970463));
#7516 = CARTESIAN_POINT('',(0.919604791622,0.673104970463));
#7517 = CARTESIAN_POINT('',(0.905994922296,0.673104970463));
#7518 = CARTESIAN_POINT('',(0.898720681787,0.673104970463));
#7519 = CARTESIAN_POINT('',(0.891446441282,0.673104970463));
#7520 = CARTESIAN_POINT('',(0.878071224878,0.673104970463));
#7521 = CARTESIAN_POINT('',(0.87197024897,0.673104970463));
#7522 = CARTESIAN_POINT('',(0.865869273061,0.673104970463));
#7523 = CARTESIAN_POINT('',(0.856013850442,0.673104970463));
#7524 = CARTESIAN_POINT('',(0.85225940373,0.673104970463));
#7525 = CARTESIAN_POINT('',(0.848504957017,0.673104970463));
#7526 = CARTESIAN_POINT('',(0.840057451917,0.673104970463));
#7527 = CARTESIAN_POINT('',(0.835364393528,0.673104970463));
#7528 = CARTESIAN_POINT('',(0.830671335136,0.673104970463));
#7529 = CARTESIAN_POINT('',(0.819173342091,0.673104970463));
#7530 = CARTESIAN_POINT('',(0.812368407429,0.673104970463));
#7531 = CARTESIAN_POINT('',(0.805563472756,0.673104970463));
#7532 = CARTESIAN_POINT('',(0.791953603432,0.673104970463));
#7533 = CARTESIAN_POINT('',(0.785148668771,0.673104970463));
#7534 = CARTESIAN_POINT('',(0.778343734097,0.673104970463));
#7535 = CARTESIAN_POINT('',(0.76590712936,0.673104970463));
#7536 = CARTESIAN_POINT('',(0.760275459297,0.673104970463));
#7537 = CARTESIAN_POINT('',(0.754643789222,0.673104970463));
#7538 = CARTESIAN_POINT('',(0.741268572835,0.673104970463));
#7539 = CARTESIAN_POINT('',(0.733525026501,0.673104970463));
#7540 = CARTESIAN_POINT('',(0.72578148014,0.673104970463));
#7541 = CARTESIAN_POINT('',(0.708886469971,0.673104970463));
#7542 = CARTESIAN_POINT('',(0.699735006123,0.673104970463));
#7543 = CARTESIAN_POINT('',(0.690583542231,0.673104970463));
#7544 = CARTESIAN_POINT('',(0.674861796603,0.673104970463));
#7545 = CARTESIAN_POINT('',(0.668291514867,0.673104970463));
#7546 = CARTESIAN_POINT('',(0.661721233107,0.673104970463));
#7547 = CARTESIAN_POINT('',(0.649519281284,0.673104970463));
#7548 = CARTESIAN_POINT('',(0.643887611224,0.673104970463));
#7549 = CARTESIAN_POINT('',(0.638255941145,0.673104970463));
#7550 = CARTESIAN_POINT('',(0.627227253927,0.673104970463));
#7551 = CARTESIAN_POINT('',(0.621830236786,0.673104970463));
#7552 = CARTESIAN_POINT('',(0.616433219627,0.673104970463));
#7553 = CARTESIAN_POINT('',(0.60423126783,0.673104970463));
#7554 = CARTESIAN_POINT('',(0.597426333175,0.673104970463));
#7555 = CARTESIAN_POINT('',(0.590621398492,0.673104970463));
#7556 = CARTESIAN_POINT('',(0.577246182079,0.673104970463));
#7557 = CARTESIAN_POINT('',(0.570675900342,0.673104970463));
#7558 = CARTESIAN_POINT('',(0.564105618581,0.673104970463));
#7559 = CARTESIAN_POINT('',(0.55166901384,0.673104970463));
#7560 = CARTESIAN_POINT('',(0.545802690859,0.673104970463));
#7561 = CARTESIAN_POINT('',(0.53993636786,0.673104970463));
#7562 = CARTESIAN_POINT('',(0.527734416049,0.673104970463));
#7563 = CARTESIAN_POINT('',(0.521398787229,0.673104970463));
#7564 = CARTESIAN_POINT('',(0.51506315839,0.673104970463));
#7565 = CARTESIAN_POINT('',(0.5019225949,0.673104970463));
#7566 = CARTESIAN_POINT('',(0.495117660239,0.673104970463));
#7567 = CARTESIAN_POINT('',(0.488312725561,0.673104970463));
#7568 = CARTESIAN_POINT('',(0.47704938541,0.673104970463));
#7569 = CARTESIAN_POINT('',(0.472590979942,0.673104970463));
#7570 = CARTESIAN_POINT('',(0.468132574467,0.673104970463));
#7571 = CARTESIAN_POINT('',(0.448891035212,0.673104970463));
#7572 = CARTESIAN_POINT('',(0.434107901175,0.673104970463));
#7573 = CARTESIAN_POINT('',(0.419324767113,0.673104970463));
#7574 = CARTESIAN_POINT('',(0.401021839473,0.673104970463));
#7575 = CARTESIAN_POINT('',(0.39750204568,0.673104970463));
#7576 = CARTESIAN_POINT('',(0.393982251887,0.673104970463));
#7577 = CARTESIAN_POINT('',(0.384126829261,0.673104970463));
#7578 = CARTESIAN_POINT('',(0.377791200427,0.673104970463));
#7579 = CARTESIAN_POINT('',(0.371455571601,0.673104970463));
#7580 = CARTESIAN_POINT('',(0.341419998701,0.673104970463));
#7581 = CARTESIAN_POINT('',(0.317720052542,0.673104970463));
#7582 = CARTESIAN_POINT('',(0.29402010665,0.673104970463));
#7583 = CARTESIAN_POINT('',(0.257883558463,0.673104970463));
#7584 = CARTESIAN_POINT('',(0.245446953632,0.673104970463));
#7585 = CARTESIAN_POINT('',(0.233010348902,0.673104970463));
#7586 = CARTESIAN_POINT('',(0.213534156727,0.673104970463));
#7587 = CARTESIAN_POINT('',(0.206494569124,0.673104970463));
#7588 = CARTESIAN_POINT('',(0.199454981552,0.673104970463));
#7589 = CARTESIAN_POINT('',(0.186314418076,0.673104970463));
#7590 = CARTESIAN_POINT('',(0.180213442157,0.673104970463));
#7591 = CARTESIAN_POINT('',(0.174112466259,0.673104970463));
#7592 = CARTESIAN_POINT('',(0.163083779056,0.673104970463));
#7593 = CARTESIAN_POINT('',(0.15815606774,0.673104970463));
#7594 = CARTESIAN_POINT('',(0.153228356436,0.673104970463));
#7595 = CARTESIAN_POINT('',(0.111225494093,0.673104970463));
#7596 = CARTESIAN_POINT('',(7.415032313304E-02,0.673104970463));
#7597 = CARTESIAN_POINT('',(3.707515183116E-02,0.673104970463));
#7598 = CARTESIAN_POINT('',(0.,0.673104970463));
#7599 = ( GEOMETRIC_REPRESENTATION_CONTEXT(2) 
PARAMETRIC_REPRESENTATION_CONTEXT() REPRESENTATION_CONTEXT('2D SPACE',''
  ) );
#7600 = ORIENTED_EDGE('',*,*,#7601,.T.);
#7601 = EDGE_CURVE('',#7301,#7602,#7604,.T.);
#7602 = VERTEX_POINT('',#7603);
#7603 = CARTESIAN_POINT('',(24.7,-1.125176051639,-8.881784197001E-16));
#7604 = SURFACE_CURVE('',#7605,(#7636,#7670),.PCURVE_S1.);
#7605 = B_SPLINE_CURVE_WITH_KNOTS('',8,(#7606,#7607,#7608,#7609,#7610,
    #7611,#7612,#7613,#7614,#7615,#7616,#7617,#7618,#7619,#7620,#7621,
    #7622,#7623,#7624,#7625,#7626,#7627,#7628,#7629,#7630,#7631,#7632,
    #7633,#7634,#7635),.UNSPECIFIED.,.F.,.F.,(9,7,7,7,9),(0.,
    0.250997844298,0.500997847667,0.750997856951,1.),.UNSPECIFIED.);
#7606 = CARTESIAN_POINT('',(28.2,-2.9,0.));
#7607 = CARTESIAN_POINT('',(28.2,-3.181476224714,0.));
#7608 = CARTESIAN_POINT('',(28.158841614286,-3.463392212344,0.));
#7609 = CARTESIAN_POINT('',(28.076303467864,-3.738015987449,0.));
#7610 = CARTESIAN_POINT('',(27.954163586479,-3.99838420771,0.));
#7611 = CARTESIAN_POINT('',(27.795234006665,-4.238073852219,0.));
#7612 = CARTESIAN_POINT('',(27.60354001597,-4.451344034653,0.));
#7613 = CARTESIAN_POINT('',(27.384105358122,-4.633055465675,0.));
#7614 = CARTESIAN_POINT('',(26.904151757371,-4.925119684168,0.));
#7615 = CARTESIAN_POINT('',(26.643058792803,-5.03620410703,0.));
#7616 = CARTESIAN_POINT('',(26.366780384912,-5.10847799866,0.));
#7617 = CARTESIAN_POINT('',(26.082103970862,-5.139856940626,0.));
#7618 = CARTESIAN_POINT('',(25.79589417823,-5.129404336242,0.));
#7619 = CARTESIAN_POINT('',(25.515065792165,-5.077551700226,0.));
#7620 = CARTESIAN_POINT('',(25.246540648499,-4.985880909518,0.));
#7621 = CARTESIAN_POINT('',(24.747488027944,-4.730249709409,0.));
#7622 = CARTESIAN_POINT('',(24.516193312593,-4.565896292977,0.));
#7623 = CARTESIAN_POINT('',(24.310023521205,-4.368292398261,0.));
#7624 = CARTESIAN_POINT('',(24.134306874809,-4.142131024633,0.));
#7625 = CARTESIAN_POINT('',(23.993433903125,-3.892771620765,0.));
#7626 = CARTESIAN_POINT('',(23.890655560416,-3.626332335091,0.));
#7627 = CARTESIAN_POINT('',(23.828246217942,-3.34953933945,0.));
#7628 = CARTESIAN_POINT('',(23.78499953419,-2.79161740718,0.));
#7629 = CARTESIAN_POINT('',(23.803771892157,-2.509662671769,0.));
#7630 = CARTESIAN_POINT('',(23.86369028057,-2.231654248793,0.));
#7631 = CARTESIAN_POINT('',(23.963568298273,-1.964505615978,0.));
#7632 = CARTESIAN_POINT('',(24.101173708068,-1.714688161971,0.));
#7633 = CARTESIAN_POINT('',(24.273051225661,-1.488111432692,0.));
#7634 = CARTESIAN_POINT('',(24.474728805381,-1.290179550697,0.));
#7635 = CARTESIAN_POINT('',(24.700001064895,-1.12517527164,0.));
#7636 = PCURVE('',#5016,#7637);
#7637 = DEFINITIONAL_REPRESENTATION('',(#7638),#7669);
#7638 = B_SPLINE_CURVE_WITH_KNOTS('',8,(#7639,#7640,#7641,#7642,#7643,
    #7644,#7645,#7646,#7647,#7648,#7649,#7650,#7651,#7652,#7653,#7654,
    #7655,#7656,#7657,#7658,#7659,#7660,#7661,#7662,#7663,#7664,#7665,
    #7666,#7667,#7668),.UNSPECIFIED.,.F.,.F.,(9,7,7,7,9),(0.,
    0.250997844298,0.500997847667,0.750997856951,1.),.UNSPECIFIED.);
#7639 = CARTESIAN_POINT('',(58.7,-2.9));
#7640 = CARTESIAN_POINT('',(58.7,-3.181476224714));
#7641 = CARTESIAN_POINT('',(58.658841614286,-3.463392212344));
#7642 = CARTESIAN_POINT('',(58.576303467864,-3.738015987449));
#7643 = CARTESIAN_POINT('',(58.454163586479,-3.99838420771));
#7644 = CARTESIAN_POINT('',(58.295234006665,-4.238073852219));
#7645 = CARTESIAN_POINT('',(58.10354001597,-4.451344034653));
#7646 = CARTESIAN_POINT('',(57.884105358122,-4.633055465675));
#7647 = CARTESIAN_POINT('',(57.404151757371,-4.925119684168));
#7648 = CARTESIAN_POINT('',(57.143058792803,-5.03620410703));
#7649 = CARTESIAN_POINT('',(56.866780384912,-5.10847799866));
#7650 = CARTESIAN_POINT('',(56.582103970862,-5.139856940626));
#7651 = CARTESIAN_POINT('',(56.29589417823,-5.129404336242));
#7652 = CARTESIAN_POINT('',(56.015065792165,-5.077551700226));
#7653 = CARTESIAN_POINT('',(55.746540648499,-4.985880909518));
#7654 = CARTESIAN_POINT('',(55.247488027944,-4.730249709409));
#7655 = CARTESIAN_POINT('',(55.016193312593,-4.565896292977));
#7656 = CARTESIAN_POINT('',(54.810023521205,-4.368292398261));
#7657 = CARTESIAN_POINT('',(54.634306874809,-4.142131024633));
#7658 = CARTESIAN_POINT('',(54.493433903125,-3.892771620765));
#7659 = CARTESIAN_POINT('',(54.390655560416,-3.626332335091));
#7660 = CARTESIAN_POINT('',(54.328246217942,-3.34953933945));
#7661 = CARTESIAN_POINT('',(54.28499953419,-2.79161740718));
#7662 = CARTESIAN_POINT('',(54.303771892157,-2.509662671769));
#7663 = CARTESIAN_POINT('',(54.36369028057,-2.231654248793));
#7664 = CARTESIAN_POINT('',(54.463568298273,-1.964505615978));
#7665 = CARTESIAN_POINT('',(54.601173708068,-1.714688161971));
#7666 = CARTESIAN_POINT('',(54.773051225661,-1.488111432692));
#7667 = CARTESIAN_POINT('',(54.974728805381,-1.290179550697));
#7668 = CARTESIAN_POINT('',(55.200001064895,-1.12517527164));
#7669 = ( GEOMETRIC_REPRESENTATION_CONTEXT(2) 
PARAMETRIC_REPRESENTATION_CONTEXT() REPRESENTATION_CONTEXT('2D SPACE',''
  ) );
#7670 = PCURVE('',#7671,#7700);
#7671 = B_SPLINE_SURFACE_WITH_KNOTS('',13,1,(
    (#7672,#7673)
    ,(#7674,#7675)
    ,(#7676,#7677)
    ,(#7678,#7679)
    ,(#7680,#7681)
    ,(#7682,#7683)
    ,(#7684,#7685)
    ,(#7686,#7687)
    ,(#7688,#7689)
    ,(#7690,#7691)
    ,(#7692,#7693)
    ,(#7694,#7695)
    ,(#7696,#7697)
    ,(#7698,#7699
    )),.UNSPECIFIED.,.T.,.F.,.F.,(14,14),(2,2),(0.,6.28318530718),(0.,1.
    ),.PIECEWISE_BEZIER_KNOTS.);
#7672 = CARTESIAN_POINT('',(22.085386370827,-2.9,-20.));
#7673 = CARTESIAN_POINT('',(31.169576649446,-2.9,9.71304755963));
#7674 = CARTESIAN_POINT('',(22.085386370825,-1.836691717247,-20.));
#7675 = CARTESIAN_POINT('',(31.169576649445,-1.836691717247,
    9.71304755963));
#7676 = CARTESIAN_POINT('',(21.528636400869,-0.77338300929,
    -19.99999999999));
#7677 = CARTESIAN_POINT('',(30.612826679486,-0.77338300929,
    9.713047559631));
#7678 = CARTESIAN_POINT('',(20.415169606858,-2.809228161798E-02,-20.));
#7679 = CARTESIAN_POINT('',(29.499359885483,-2.809228161798E-02,
    9.713047559629));
#7680 = CARTESIAN_POINT('',(18.944619774903,8.120150781528E-02,
    -19.99999999998));
#7681 = CARTESIAN_POINT('',(28.028810053511,8.120150781528E-02,
    9.713047559632));
#7682 = CARTESIAN_POINT('',(17.517259637114,-0.62416891337,
    -20.00000000003));
#7683 = CARTESIAN_POINT('',(26.601449915754,-0.62416891337,
    9.713047559631));
#7684 = CARTESIAN_POINT('',(16.621246415725,-2.04321512065,
    -19.99999999995));
#7685 = CARTESIAN_POINT('',(25.705436694312,-2.04321512065,
    9.713047559624));
#7686 = CARTESIAN_POINT('',(16.621246415619,-3.756784879353,
    -20.00000000005));
#7687 = CARTESIAN_POINT('',(25.705436694279,-3.756784879353,
    9.713047559643));
#7688 = CARTESIAN_POINT('',(17.517259637198,-5.175831086624,
    -19.99999999994));
#7689 = CARTESIAN_POINT('',(26.601449915777,-5.175831086624,
    9.713047559615));
#7690 = CARTESIAN_POINT('',(18.94461977485,-5.881201507822,
    -20.00000000003));
#7691 = CARTESIAN_POINT('',(28.0288100535,-5.881201507822,9.713047559643
    ));
#7692 = CARTESIAN_POINT('',(20.415169606884,-5.771907718378,
    -19.99999999997));
#7693 = CARTESIAN_POINT('',(29.499359885485,-5.771907718378,
    9.713047559623));
#7694 = CARTESIAN_POINT('',(21.52863640086,-5.026616990712,-20.));
#7695 = CARTESIAN_POINT('',(30.612826679486,-5.026616990712,
    9.713047559634));
#7696 = CARTESIAN_POINT('',(22.085386370827,-3.963308282753,
    -19.99999999999));
#7697 = CARTESIAN_POINT('',(31.169576649445,-3.963308282753,
    9.71304755963));
#7698 = CARTESIAN_POINT('',(22.085386370827,-2.9,-20.));
#7699 = CARTESIAN_POINT('',(31.169576649446,-2.9,9.71304755963));
#7700 = DEFINITIONAL_REPRESENTATION('',(#7701),#7732);
#7701 = B_SPLINE_CURVE_WITH_KNOTS('',8,(#7702,#7703,#7704,#7705,#7706,
    #7707,#7708,#7709,#7710,#7711,#7712,#7713,#7714,#7715,#7716,#7717,
    #7718,#7719,#7720,#7721,#7722,#7723,#7724,#7725,#7726,#7727,#7728,
    #7729,#7730,#7731),.UNSPECIFIED.,.F.,.F.,(9,7,7,7,9),(0.,
    0.250997844298,0.500997847667,0.750997856951,1.),.UNSPECIFIED.);
#7702 = CARTESIAN_POINT('',(6.28318530718,0.673104970463));
#7703 = CARTESIAN_POINT('',(6.155241568673,0.673104970463));
#7704 = CARTESIAN_POINT('',(6.02709849458,0.673104970463));
#7705 = CARTESIAN_POINT('',(5.899074776096,0.673104970463));
#7706 = CARTESIAN_POINT('',(5.771119633167,0.673104970463));
#7707 = CARTESIAN_POINT('',(5.64316448688,0.673104970463));
#7708 = CARTESIAN_POINT('',(5.515140850518,0.673104970463));
#7709 = CARTESIAN_POINT('',(5.386997779878,0.673104970463));
#7710 = CARTESIAN_POINT('',(5.131618895882,0.673104970463));
#7711 = CARTESIAN_POINT('',(5.003988376115,0.673104970463));
#7712 = CARTESIAN_POINT('',(4.876474700606,0.673104970463));
#7713 = CARTESIAN_POINT('',(4.749028464751,0.673104970463));
#7714 = CARTESIAN_POINT('',(4.621582234342,0.673104970463));
#7715 = CARTESIAN_POINT('',(4.494068568509,0.673104970463));
#7716 = CARTESIAN_POINT('',(4.366438053911,0.673104970463));
#7717 = CARTESIAN_POINT('',(4.111567809082,0.673104970463));
#7718 = CARTESIAN_POINT('',(3.983937292644,0.673104970463));
#7719 = CARTESIAN_POINT('',(3.856423628118,0.673104970463));
#7720 = CARTESIAN_POINT('',(3.728977402456,0.673104970463));
#7721 = CARTESIAN_POINT('',(3.601531173852,0.673104970463));
#7722 = CARTESIAN_POINT('',(3.474017502167,0.673104970463));
#7723 = CARTESIAN_POINT('',(3.346386977954,0.673104970463));
#7724 = CARTESIAN_POINT('',(3.092025371052,0.673104970463));
#7725 = CARTESIAN_POINT('',(2.96490736861,0.673104970463));
#7726 = CARTESIAN_POINT('',(2.837903689467,0.673104970463));
#7727 = CARTESIAN_POINT('',(2.710966402235,0.673104970463));
#7728 = CARTESIAN_POINT('',(2.584029116263,0.673104970463));
#7729 = CARTESIAN_POINT('',(2.457025440242,0.673104970463));
#7730 = CARTESIAN_POINT('',(2.329907441099,0.673104970463));
#7731 = CARTESIAN_POINT('',(2.202980967508,0.673104970463));
#7732 = ( GEOMETRIC_REPRESENTATION_CONTEXT(2) 
PARAMETRIC_REPRESENTATION_CONTEXT() REPRESENTATION_CONTEXT('2D SPACE',''
  ) );
#7733 = ORIENTED_EDGE('',*,*,#7734,.F.);
#7734 = EDGE_CURVE('',#7735,#7602,#7737,.T.);
#7735 = VERTEX_POINT('',#7736);
#7736 = CARTESIAN_POINT('',(24.7,-0.125,0.));
#7737 = SURFACE_CURVE('',#7738,(#7742,#7748),.PCURVE_S1.);
#7738 = LINE('',#7739,#7740);
#7739 = CARTESIAN_POINT('',(24.7,0.5625,0.));
#7740 = VECTOR('',#7741,1.);
#7741 = DIRECTION('',(0.,-1.,0.));
#7742 = PCURVE('',#5016,#7743);
#7743 = DEFINITIONAL_REPRESENTATION('',(#7744),#7747);
#7744 = B_SPLINE_CURVE_WITH_KNOTS('',1,(#7745,#7746),.UNSPECIFIED.,.F.,
  .F.,(2,2),(0.6875,1.68767606507),.PIECEWISE_BEZIER_KNOTS.);
#7745 = CARTESIAN_POINT('',(55.2,-0.125));
#7746 = CARTESIAN_POINT('',(55.2,-1.12517606507));
#7747 = ( GEOMETRIC_REPRESENTATION_CONTEXT(2) 
PARAMETRIC_REPRESENTATION_CONTEXT() REPRESENTATION_CONTEXT('2D SPACE',''
  ) );
#7748 = PCURVE('',#7749,#7754);
#7749 = PLANE('',#7750);
#7750 = AXIS2_PLACEMENT_3D('',#7751,#7752,#7753);
#7751 = CARTESIAN_POINT('',(27.669576649446,1.125,9.71304755963));
#7752 = DIRECTION('',(-0.956304755963,0.,0.292371704723));
#7753 = DIRECTION('',(0.,-1.,0.));
#7754 = DEFINITIONAL_REPRESENTATION('',(#7755),#7758);
#7755 = B_SPLINE_CURVE_WITH_KNOTS('',1,(#7756,#7757),.UNSPECIFIED.,.F.,
  .F.,(2,2),(0.6875,1.68767606507),.PIECEWISE_BEZIER_KNOTS.);
#7756 = CARTESIAN_POINT('',(1.25,-10.15685376347));
#7757 = CARTESIAN_POINT('',(2.25017606507,-10.15685376347));
#7758 = ( GEOMETRIC_REPRESENTATION_CONTEXT(2) 
PARAMETRIC_REPRESENTATION_CONTEXT() REPRESENTATION_CONTEXT('2D SPACE',''
  ) );
#7759 = ORIENTED_EDGE('',*,*,#7760,.T.);
#7760 = EDGE_CURVE('',#7735,#7761,#7763,.T.);
#7761 = VERTEX_POINT('',#7762);
#7762 = CARTESIAN_POINT('',(14.449459332498,-0.125,0.));
#7763 = SURFACE_CURVE('',#7764,(#7768,#7774),.PCURVE_S1.);
#7764 = LINE('',#7765,#7766);
#7765 = CARTESIAN_POINT('',(-65.25,-0.125,0.));
#7766 = VECTOR('',#7767,1.);
#7767 = DIRECTION('',(-1.,0.,-0.));
#7768 = PCURVE('',#5016,#7769);
#7769 = DEFINITIONAL_REPRESENTATION('',(#7770),#7773);
#7770 = B_SPLINE_CURVE_WITH_KNOTS('',1,(#7771,#7772),.UNSPECIFIED.,.F.,
  .F.,(2,2),(-95.298167762,-34.49902951453),.PIECEWISE_BEZIER_KNOTS.);
#7771 = CARTESIAN_POINT('',(60.548167762005,-0.125));
#7772 = CARTESIAN_POINT('',(-0.250970485465,-0.125));
#7773 = ( GEOMETRIC_REPRESENTATION_CONTEXT(2) 
PARAMETRIC_REPRESENTATION_CONTEXT() REPRESENTATION_CONTEXT('2D SPACE',''
  ) );
#7774 = PCURVE('',#5729,#7775);
#7775 = DEFINITIONAL_REPRESENTATION('',(#7776),#7779);
#7776 = B_SPLINE_CURVE_WITH_KNOTS('',1,(#7777,#7778),.UNSPECIFIED.,.F.,
  .F.,(2,2),(-95.298167762,-34.49902951453),.PIECEWISE_BEZIER_KNOTS.);
#7777 = CARTESIAN_POINT('',(100.,130.048167762));
#7778 = CARTESIAN_POINT('',(100.,69.249029514535));
#7779 = ( GEOMETRIC_REPRESENTATION_CONTEXT(2) 
PARAMETRIC_REPRESENTATION_CONTEXT() REPRESENTATION_CONTEXT('2D SPACE',''
  ) );
#7780 = ORIENTED_EDGE('',*,*,#7781,.T.);
#7781 = EDGE_CURVE('',#7761,#7782,#7784,.T.);
#7782 = VERTEX_POINT('',#7783);
#7783 = CARTESIAN_POINT('',(-10.5,-9.927361191462,4.440892098501E-15));
#7784 = SURFACE_CURVE('',#7785,(#7808,#7834),.PCURVE_S1.);
#7785 = B_SPLINE_CURVE_WITH_KNOTS('',6,(#7786,#7787,#7788,#7789,#7790,
    #7791,#7792,#7793,#7794,#7795,#7796,#7797,#7798,#7799,#7800,#7801,
    #7802,#7803,#7804,#7805,#7806,#7807),.UNSPECIFIED.,.F.,.F.,(7,5,5,5,
    7),(0.,0.250279712081,0.500186475368,0.750093237606,1.),
  .UNSPECIFIED.);
#7786 = CARTESIAN_POINT('',(14.449459332498,-0.125,0.));
#7787 = CARTESIAN_POINT('',(14.437073732199,-1.556721033458,0.));
#7788 = CARTESIAN_POINT('',(14.254448980843,-2.987401140158,0.));
#7789 = CARTESIAN_POINT('',(13.901632804558,-4.390759184285,0.));
#7790 = CARTESIAN_POINT('',(13.384367247469,-5.742176713315,0.));
#7791 = CARTESIAN_POINT('',(12.712092600811,-7.018203449455,0.));
#7792 = CARTESIAN_POINT('',(11.088848408021,-9.374636749755,0.));
#7793 = CARTESIAN_POINT('',(10.137808294685,-10.45603947598,0.));
#7794 = CARTESIAN_POINT('',(9.06143886969,-11.41986230548,0.));
#7795 = CARTESIAN_POINT('',(7.878197098631,-12.24899709341,0.));
#7796 = CARTESIAN_POINT('',(6.60893837897,-12.92935836396,0.));
#7797 = CARTESIAN_POINT('',(3.947222479949,-13.9737542646,0.));
#7798 = CARTESIAN_POINT('',(2.553967349491,-14.33810199385,0.));
#7799 = CARTESIAN_POINT('',(1.122602757475,-14.5348784319,0.));
#7800 = CARTESIAN_POINT('',(-0.322002023151,-14.56022775966,0.));
#7801 = CARTESIAN_POINT('',(-1.754680587261,-14.41414128907,0.));
#7802 = CARTESIAN_POINT('',(-4.545200513503,-13.79084935489,0.));
#7803 = CARTESIAN_POINT('',(-5.903878441079,-13.31345703538,0.));
#7804 = CARTESIAN_POINT('',(-7.200404366249,-12.67584736202,0.));
#7805 = CARTESIAN_POINT('',(-8.412007348692,-11.88873632529,0.));
#7806 = CARTESIAN_POINT('',(-9.517822279919,-10.96619501117,0.));
#7807 = CARTESIAN_POINT('',(-10.50000595782,-9.927354889969,0.));
#7808 = PCURVE('',#5016,#7809);
#7809 = DEFINITIONAL_REPRESENTATION('',(#7810),#7833);
#7810 = B_SPLINE_CURVE_WITH_KNOTS('',6,(#7811,#7812,#7813,#7814,#7815,
    #7816,#7817,#7818,#7819,#7820,#7821,#7822,#7823,#7824,#7825,#7826,
    #7827,#7828,#7829,#7830,#7831,#7832),.UNSPECIFIED.,.F.,.F.,(7,5,5,5,
    7),(0.,0.250279712081,0.500186475368,0.750093237606,1.),
  .UNSPECIFIED.);
#7811 = CARTESIAN_POINT('',(44.949459332498,-0.125));
#7812 = CARTESIAN_POINT('',(44.937073732199,-1.556721033458));
#7813 = CARTESIAN_POINT('',(44.754448980843,-2.987401140158));
#7814 = CARTESIAN_POINT('',(44.401632804558,-4.390759184285));
#7815 = CARTESIAN_POINT('',(43.884367247469,-5.742176713315));
#7816 = CARTESIAN_POINT('',(43.212092600811,-7.018203449455));
#7817 = CARTESIAN_POINT('',(41.588848408021,-9.374636749755));
#7818 = CARTESIAN_POINT('',(40.637808294685,-10.45603947598));
#7819 = CARTESIAN_POINT('',(39.56143886969,-11.41986230548));
#7820 = CARTESIAN_POINT('',(38.378197098631,-12.24899709341));
#7821 = CARTESIAN_POINT('',(37.10893837897,-12.92935836396));
#7822 = CARTESIAN_POINT('',(34.447222479949,-13.9737542646));
#7823 = CARTESIAN_POINT('',(33.053967349491,-14.33810199385));
#7824 = CARTESIAN_POINT('',(31.622602757475,-14.5348784319));
#7825 = CARTESIAN_POINT('',(30.177997976849,-14.56022775966));
#7826 = CARTESIAN_POINT('',(28.745319412739,-14.41414128907));
#7827 = CARTESIAN_POINT('',(25.954799486497,-13.79084935489));
#7828 = CARTESIAN_POINT('',(24.596121558921,-13.31345703538));
#7829 = CARTESIAN_POINT('',(23.299595633751,-12.67584736202));
#7830 = CARTESIAN_POINT('',(22.087992651308,-11.88873632529));
#7831 = CARTESIAN_POINT('',(20.982177720081,-10.96619501117));
#7832 = CARTESIAN_POINT('',(19.999994042175,-9.927354889969));
#7833 = ( GEOMETRIC_REPRESENTATION_CONTEXT(2) 
PARAMETRIC_REPRESENTATION_CONTEXT() REPRESENTATION_CONTEXT('2D SPACE',''
  ) );
#7834 = PCURVE('',#5862,#7835);
#7835 = DEFINITIONAL_REPRESENTATION('',(#7836),#7859);
#7836 = B_SPLINE_CURVE_WITH_KNOTS('',6,(#7837,#7838,#7839,#7840,#7841,
    #7842,#7843,#7844,#7845,#7846,#7847,#7848,#7849,#7850,#7851,#7852,
    #7853,#7854,#7855,#7856,#7857,#7858),.UNSPECIFIED.,.F.,.F.,(7,5,5,5,
    7),(0.,0.250279712081,0.500186475368,0.750093237606,1.),
  .UNSPECIFIED.);
#7837 = CARTESIAN_POINT('',(6.274534674677,0.25));
#7838 = CARTESIAN_POINT('',(6.17544992749,0.25));
#7839 = CARTESIAN_POINT('',(6.076335953543,0.25));
#7840 = CARTESIAN_POINT('',(5.9772560549,0.25));
#7841 = CARTESIAN_POINT('',(5.878176241912,0.25));
#7842 = CARTESIAN_POINT('',(5.77906222145,0.25));
#7843 = CARTESIAN_POINT('',(5.581040376702,0.25));
#7844 = CARTESIAN_POINT('',(5.482074231599,0.25));
#7845 = CARTESIAN_POINT('',(5.383142001002,0.25));
#7846 = CARTESIAN_POINT('',(5.284209769596,0.25));
#7847 = CARTESIAN_POINT('',(5.185243623251,0.25));
#7848 = CARTESIAN_POINT('',(4.987369426666,0.25));
#7849 = CARTESIAN_POINT('',(4.888403280952,0.25));
#7850 = CARTESIAN_POINT('',(4.78947104974,0.25));
#7851 = CARTESIAN_POINT('',(4.690538818585,0.25));
#7852 = CARTESIAN_POINT('',(4.591572672974,0.25));
#7853 = CARTESIAN_POINT('',(4.393698476767,0.25));
#7854 = CARTESIAN_POINT('',(4.2947323307,0.25));
#7855 = CARTESIAN_POINT('',(4.195800099209,0.25));
#7856 = CARTESIAN_POINT('',(4.096867867976,0.25));
#7857 = CARTESIAN_POINT('',(3.997901722504,0.25));
#7858 = CARTESIAN_POINT('',(3.898964625051,0.25));
#7859 = ( GEOMETRIC_REPRESENTATION_CONTEXT(2) 
PARAMETRIC_REPRESENTATION_CONTEXT() REPRESENTATION_CONTEXT('2D SPACE',''
  ) );
#7860 = ORIENTED_EDGE('',*,*,#7861,.F.);
#7861 = EDGE_CURVE('',#7862,#7782,#7864,.T.);
#7862 = VERTEX_POINT('',#7863);
#7863 = CARTESIAN_POINT('',(-10.5,-10.1,0.));
#7864 = SURFACE_CURVE('',#7865,(#7869,#7875),.PCURVE_S1.);
#7865 = LINE('',#7866,#7867);
#7866 = CARTESIAN_POINT('',(-10.5,-5.05,-3.552713678801E-15));
#7867 = VECTOR('',#7868,1.);
#7868 = DIRECTION('',(-0.,1.,-0.));
#7869 = PCURVE('',#5016,#7870);
#7870 = DEFINITIONAL_REPRESENTATION('',(#7871),#7874);
#7871 = B_SPLINE_CURVE_WITH_KNOTS('',1,(#7872,#7873),.UNSPECIFIED.,.F.,
  .F.,(2,2),(-5.05,-4.877361180092),.PIECEWISE_BEZIER_KNOTS.);
#7872 = CARTESIAN_POINT('',(20.,-10.1));
#7873 = CARTESIAN_POINT('',(20.,-9.927361180092));
#7874 = ( GEOMETRIC_REPRESENTATION_CONTEXT(2) 
PARAMETRIC_REPRESENTATION_CONTEXT() REPRESENTATION_CONTEXT('2D SPACE',''
  ) );
#7875 = PCURVE('',#5968,#7876);
#7876 = DEFINITIONAL_REPRESENTATION('',(#7877),#7880);
#7877 = B_SPLINE_CURVE_WITH_KNOTS('',1,(#7878,#7879),.UNSPECIFIED.,.F.,
  .F.,(2,2),(-5.05,-4.877361180092),.PIECEWISE_BEZIER_KNOTS.);
#7878 = CARTESIAN_POINT('',(0.,-62.74150538922));
#7879 = CARTESIAN_POINT('',(0.172638819908,-62.74150538922));
#7880 = ( GEOMETRIC_REPRESENTATION_CONTEXT(2) 
PARAMETRIC_REPRESENTATION_CONTEXT() REPRESENTATION_CONTEXT('2D SPACE',''
  ) );
#7881 = ORIENTED_EDGE('',*,*,#7882,.T.);
#7882 = EDGE_CURVE('',#7862,#7883,#7885,.T.);
#7883 = VERTEX_POINT('',#7884);
#7884 = CARTESIAN_POINT('',(-21.20000022465,-0.125,0.));
#7885 = SURFACE_CURVE('',#7886,(#8050,#8217),.PCURVE_S1.);
#7886 = B_SPLINE_CURVE_WITH_KNOTS('',8,(#7887,#7888,#7889,#7890,#7891,
    #7892,#7893,#7894,#7895,#7896,#7897,#7898,#7899,#7900,#7901,#7902,
    #7903,#7904,#7905,#7906,#7907,#7908,#7909,#7910,#7911,#7912,#7913,
    #7914,#7915,#7916,#7917,#7918,#7919,#7920,#7921,#7922,#7923,#7924,
    #7925,#7926,#7927,#7928,#7929,#7930,#7931,#7932,#7933,#7934,#7935,
    #7936,#7937,#7938,#7939,#7940,#7941,#7942,#7943,#7944,#7945,#7946,
    #7947,#7948,#7949,#7950,#7951,#7952,#7953,#7954,#7955,#7956,#7957,
    #7958,#7959,#7960,#7961,#7962,#7963,#7964,#7965,#7966,#7967,#7968,
    #7969,#7970,#7971,#7972,#7973,#7974,#7975,#7976,#7977,#7978,#7979,
    #7980,#7981,#7982,#7983,#7984,#7985,#7986,#7987,#7988,#7989,#7990,
    #7991,#7992,#7993,#7994,#7995,#7996,#7997,#7998,#7999,#8000,#8001,
    #8002,#8003,#8004,#8005,#8006,#8007,#8008,#8009,#8010,#8011,#8012,
    #8013,#8014,#8015,#8016,#8017,#8018,#8019,#8020,#8021,#8022,#8023,
    #8024,#8025,#8026,#8027,#8028,#8029,#8030,#8031,#8032,#8033,#8034,
    #8035,#8036,#8037,#8038,#8039,#8040,#8041,#8042,#8043,#8044,#8045,
    #8046,#8047,#8048,#8049),.UNSPECIFIED.,.F.,.F.,(9,7,7,7,7,7,7,7,7,7,
    7,7,7,7,7,7,7,7,7,7,7,7,7,9),(0.,4.441887078413E-02,0.102984296658,
    0.147242404741,0.171315052354,0.195387700274,0.243692496565,
    0.296967863848,0.315719012937,0.336553626276,0.40874776715,
    0.422173132357,0.469578376788,0.504939003502,0.532252306815,
    0.552929488938,0.613340996207,0.659068134208,0.680944991324,
    0.704810934983,0.79261610717,0.824610057307,0.86656112717,1.),
  .UNSPECIFIED.);
#7887 = CARTESIAN_POINT('',(-10.5,-10.1,0.));
#7888 = CARTESIAN_POINT('',(-10.61252936617,-10.11201732152,0.));
#7889 = CARTESIAN_POINT('',(-10.72507583894,-10.12442303602,0.));
#7890 = CARTESIAN_POINT('',(-10.83763498566,-10.13717238927,0.));
#7891 = CARTESIAN_POINT('',(-10.95020259854,-10.15022086739,0.));
#7892 = CARTESIAN_POINT('',(-11.06277469462,-10.1635241969,0.));
#7893 = CARTESIAN_POINT('',(-11.17534751585,-10.17703834467,0.));
#7894 = CARTESIAN_POINT('',(-11.28791752899,-10.19071951794,0.));
#7895 = CARTESIAN_POINT('',(-11.54889475614,-10.22272532483,0.));
#7896 = CARTESIAN_POINT('',(-11.69729695699,-10.24114095743,0.));
#7897 = CARTESIAN_POINT('',(-11.84568061659,-10.25967096272,0.));
#7898 = CARTESIAN_POINT('',(-11.99403818224,-10.27821547341,0.));
#7899 = CARTESIAN_POINT('',(-12.14236193874,-10.29667457233,0.));
#7900 = CARTESIAN_POINT('',(-12.29064398699,-10.31494801035,0.));
#7901 = CARTESIAN_POINT('',(-12.43887622257,-10.3329349243,0.));
#7902 = CARTESIAN_POINT('',(-12.69902602128,-10.363832905,0.));
#7903 = CARTESIAN_POINT('',(-12.81096823708,-10.37691041705,0.));
#7904 = CARTESIAN_POINT('',(-12.92287330451,-10.3897222898,0.));
#7905 = CARTESIAN_POINT('',(-13.03473721355,-10.40222427455,0.));
#7906 = CARTESIAN_POINT('',(-13.14655560137,-10.41437167516,0.));
#7907 = CARTESIAN_POINT('',(-13.25832375233,-10.4261193481,0.));
#7908 = CARTESIAN_POINT('',(-13.37003659796,-10.43742170246,0.));
#7909 = CARTESIAN_POINT('',(-13.54241797612,-10.45411296327,0.));
#7910 = CARTESIAN_POINT('',(-13.60309682019,-10.45984174451,0.));
#7911 = CARTESIAN_POINT('',(-13.66372952611,-10.4654304507,0.));
#7912 = CARTESIAN_POINT('',(-13.72432250825,-10.47092574904,0.));
#7913 = CARTESIAN_POINT('',(-13.7848793829,-10.47632771828,0.));
#7914 = CARTESIAN_POINT('',(-13.84540634144,-10.4816800059,0.));
#7915 = CARTESIAN_POINT('',(-13.90590794377,-10.48699765156,0.));
#7916 = CARTESIAN_POINT('',(-14.02687092042,-10.49761903573,0.));
#7917 = CARTESIAN_POINT('',(-14.08733227611,-10.50292235251,0.));
#7918 = CARTESIAN_POINT('',(-14.14777858989,-10.50824300278,0.));
#7919 = CARTESIAN_POINT('',(-14.20821495286,-10.51360569535,0.));
#7920 = CARTESIAN_POINT('',(-14.26864645613,-10.51903513902,0.));
#7921 = CARTESIAN_POINT('',(-14.3290781908,-10.52455604262,0.));
#7922 = CARTESIAN_POINT('',(-14.38951524798,-10.53019311494,0.));
#7923 = CARTESIAN_POINT('',(-14.57125817293,-10.54756524807,0.));
#7924 = CARTESIAN_POINT('',(-14.69254747347,-10.55972213274,0.));
#7925 = CARTESIAN_POINT('',(-14.81384270036,-10.57263764605,0.));
#7926 = CARTESIAN_POINT('',(-14.93515225205,-10.58650624424,0.));
#7927 = CARTESIAN_POINT('',(-15.05648078419,-10.60151942989,0.));
#7928 = CARTESIAN_POINT('',(-15.17782914829,-10.61786426921,0.));
#7929 = CARTESIAN_POINT('',(-15.2991943304,-10.63572190933,0.));
#7930 = CARTESIAN_POINT('',(-15.55443396148,-10.67682138176,0.));
#7931 = CARTESIAN_POINT('',(-15.6883094313,-10.70042794582,0.));
#7932 = CARTESIAN_POINT('',(-15.82218424219,-10.72631822218,0.));
#7933 = CARTESIAN_POINT('',(-15.95603853905,-10.75471289521,0.));
#7934 = CARTESIAN_POINT('',(-16.08984419041,-10.78581745482,0.));
#7935 = CARTESIAN_POINT('',(-16.22356481007,-10.81981875203,0.));
#7936 = CARTESIAN_POINT('',(-16.35715577878,-10.85688155447,0.));
#7937 = CARTESIAN_POINT('',(-16.5375195955,-10.91131652525,0.));
#7938 = CARTESIAN_POINT('',(-16.58455437842,-10.92592228524,0.));
#7939 = CARTESIAN_POINT('',(-16.63165751404,-10.94091442583,0.));
#7940 = CARTESIAN_POINT('',(-16.67881792602,-10.95624372431,0.));
#7941 = CARTESIAN_POINT('',(-16.72602454927,-10.97186023257,0.));
#7942 = CARTESIAN_POINT('',(-16.77326631698,-10.98771381846,0.));
#7943 = CARTESIAN_POINT('',(-16.82053214763,-11.00375470701,0.));
#7944 = CARTESIAN_POINT('',(-16.92034292278,-11.03791104103,0.));
#7945 = CARTESIAN_POINT('',(-16.97289093201,-11.05605860313,0.));
#7946 = CARTESIAN_POINT('',(-17.02543976319,-11.0743086658,0.));
#7947 = CARTESIAN_POINT('',(-17.07797421984,-11.09259318673,0.));
#7948 = CARTESIAN_POINT('',(-17.13047910548,-11.1108441236,0.));
#7949 = CARTESIAN_POINT('',(-17.18293922362,-11.1289934341,0.));
#7950 = CARTESIAN_POINT('',(-17.23533937779,-11.14697307591,0.));
#7951 = CARTESIAN_POINT('',(-17.46897601408,-11.22619267529,0.));
#7952 = CARTESIAN_POINT('',(-17.64987508382,-11.28498233114,0.));
#7953 = CARTESIAN_POINT('',(-17.83104613914,-11.33867492067,0.));
#7954 = CARTESIAN_POINT('',(-18.01263176093,-11.3845161822,0.));
#7955 = CARTESIAN_POINT('',(-18.19424073989,-11.41905829285,0.));
#7956 = CARTESIAN_POINT('',(-18.37496343179,-11.4381686133,0.));
#7957 = CARTESIAN_POINT('',(-18.55338628461,-11.43711629271,0.));
#7958 = CARTESIAN_POINT('',(-18.76005116671,-11.40690884276,0.));
#7959 = CARTESIAN_POINT('',(-18.79226199762,-11.40134770621,0.));
#7960 = CARTESIAN_POINT('',(-18.82426946391,-11.39491901216,0.));
#7961 = CARTESIAN_POINT('',(-18.85606671383,-11.38759179254,0.));
#7962 = CARTESIAN_POINT('',(-18.88764863874,-11.37934714026,0.));
#7963 = CARTESIAN_POINT('',(-18.91901187317,-11.37017820925,0.));
#7964 = CARTESIAN_POINT('',(-18.95015479477,-11.36009021446,0.));
#7965 = CARTESIAN_POINT('',(-19.09026632713,-11.31029528015,0.));
#7966 = CARTESIAN_POINT('',(-19.19613024614,-11.26053943579,0.));
#7967 = CARTESIAN_POINT('',(-19.29830582462,-11.20098770945,0.));
#7968 = CARTESIAN_POINT('',(-19.39661270293,-11.13289282752,0.));
#7969 = CARTESIAN_POINT('',(-19.49099571474,-11.05744877754,0.));
#7970 = CARTESIAN_POINT('',(-19.58149208855,-10.97571471849,0.));
#7971 = CARTESIAN_POINT('',(-19.66821085053,-10.88858294797,0.));
#7972 = CARTESIAN_POINT('',(-19.81329816707,-10.72825747479,0.));
#7973 = CARTESIAN_POINT('',(-19.87325434092,-10.65716673197,0.));
#7974 = CARTESIAN_POINT('',(-19.93123623173,-10.58378847428,0.));
#7975 = CARTESIAN_POINT('',(-19.98729621279,-10.50839766732,0.));
#7976 = CARTESIAN_POINT('',(-20.04148280801,-10.43124051053,0.));
#7977 = CARTESIAN_POINT('',(-20.09384065458,-10.35253698966,0.));
#7978 = CARTESIAN_POINT('',(-20.14441046564,-10.27248342937,0.));
#7979 = CARTESIAN_POINT('',(-20.23093746608,-10.1285125073,0.));
#7980 = CARTESIAN_POINT('',(-20.26759857104,-10.06507308509,0.));
#7981 = CARTESIAN_POINT('',(-20.30322779351,-10.00101989672,0.));
#7982 = CARTESIAN_POINT('',(-20.3378373585,-9.93643198199,0.));
#7983 = CARTESIAN_POINT('',(-20.37143619584,-9.871385189829,0.));
#7984 = CARTESIAN_POINT('',(-20.40402990569,-9.805953065282,0.));
#7985 = CARTESIAN_POINT('',(-20.43562072411,-9.740207736453,0.));
#7986 = CARTESIAN_POINT('',(-20.48936280191,-9.624266247937,0.));
#7987 = CARTESIAN_POINT('',(-20.51194306988,-9.574171167276,0.));
#7988 = CARTESIAN_POINT('',(-20.53394338392,-9.52398589148,0.));
#7989 = CARTESIAN_POINT('',(-20.55536809563,-9.473708140104,0.));
#7990 = CARTESIAN_POINT('',(-20.57622337606,-9.423329012875,0.));
#7991 = CARTESIAN_POINT('',(-20.59651381835,-9.372853773158,0.));
#7992 = CARTESIAN_POINT('',(-20.61624308357,-9.322297422262,0.));
#7993 = CARTESIAN_POINT('',(-20.69144272453,-9.123695775925,0.));
#7994 = CARTESIAN_POINT('',(-20.7427382145,-8.975017640824,0.));
#7995 = CARTESIAN_POINT('',(-20.78945588124,-8.825714955523,0.));
#7996 = CARTESIAN_POINT('',(-20.83179679426,-8.675870588136,0.));
#7997 = CARTESIAN_POINT('',(-20.87000455729,-8.525555629078,0.));
#7998 = CARTESIAN_POINT('',(-20.90435759436,-8.37482904149,0.));
#7999 = CARTESIAN_POINT('',(-20.93516143608,-8.223737311668,0.));
#8000 = CARTESIAN_POINT('',(-20.98361674349,-7.957697688914,0.));
#8001 = CARTESIAN_POINT('',(-21.00264519099,-7.842890980036,0.));
#8002 = CARTESIAN_POINT('',(-21.01996775524,-7.727906654554,0.));
#8003 = CARTESIAN_POINT('',(-21.0357317076,-7.612753939771,0.));
#8004 = CARTESIAN_POINT('',(-21.05008881607,-7.497438597043,0.));
#8005 = CARTESIAN_POINT('',(-21.0631939777,-7.381962910236,0.));
#8006 = CARTESIAN_POINT('',(-21.07520385094,-7.266325674175,0.));
#8007 = CARTESIAN_POINT('',(-21.09157239988,-7.09511927493,0.));
#8008 = CARTESIAN_POINT('',(-21.09665694095,-7.039660927966,0.));
#8009 = CARTESIAN_POINT('',(-21.10153960972,-6.984144669551,0.));
#8010 = CARTESIAN_POINT('',(-21.10626053173,-6.928564823717,0.));
#8011 = CARTESIAN_POINT('',(-21.11081176036,-6.87292373278,0.));
#8012 = CARTESIAN_POINT('',(-21.11517932655,-6.817225486558,0.));
#8013 = CARTESIAN_POINT('',(-21.11938804713,-6.761469351216,0.));
#8014 = CARTESIAN_POINT('',(-21.12784384936,-6.644776541282,0.));
#8015 = CARTESIAN_POINT('',(-21.1320617818,-6.583827688885,0.));
#8016 = CARTESIAN_POINT('',(-21.13609086938,-6.522815658962,0.));
#8017 = CARTESIAN_POINT('',(-21.13993608257,-6.461742577928,0.));
#8018 = CARTESIAN_POINT('',(-21.14360239182,-6.400610572202,0.));
#8019 = CARTESIAN_POINT('',(-21.14709476762,-6.339421768201,0.));
#8020 = CARTESIAN_POINT('',(-21.15041818041,-6.278178292343,0.));
#8021 = CARTESIAN_POINT('',(-21.16520142096,-5.991368133354,0.));
#8022 = CARTESIAN_POINT('',(-21.17459009784,-5.765440459386,0.));
#8023 = CARTESIAN_POINT('',(-21.182003394,-5.53917206729,0.));
#8024 = CARTESIAN_POINT('',(-21.18769626281,-5.312631149854,0.));
#8025 = CARTESIAN_POINT('',(-21.19191968899,-5.085881474235,0.));
#8026 = CARTESIAN_POINT('',(-21.19492152923,-4.858982581685,0.));
#8027 = CARTESIAN_POINT('',(-21.19694735286,-4.631989987282,0.));
#8028 = CARTESIAN_POINT('',(-21.19871275716,-4.322229798296,0.));
#8029 = CARTESIAN_POINT('',(-21.19908706996,-4.239498855224,0.));
#8030 = CARTESIAN_POINT('',(-21.19937602206,-4.156765142231,0.));
#8031 = CARTESIAN_POINT('',(-21.19959140733,-4.074031233856,0.));
#8032 = CARTESIAN_POINT('',(-21.19974501232,-3.991299687383,0.));
#8033 = CARTESIAN_POINT('',(-21.19984861623,-3.908573042843,0.));
#8034 = CARTESIAN_POINT('',(-21.19991399094,-3.825853823013,0.));
#8035 = CARTESIAN_POINT('',(-21.20000392057,-3.634694555487,0.));
#8036 = CARTESIAN_POINT('',(-21.20001566264,-3.526263250219,0.));
#8037 = CARTESIAN_POINT('',(-21.20001015532,-3.417855147192,0.));
#8038 = CARTESIAN_POINT('',(-21.20000266928,-3.309473053971,0.));
#8039 = CARTESIAN_POINT('',(-21.20000171769,-3.201118056107,0.));
#8040 = CARTESIAN_POINT('',(-21.20000905623,-3.09278951714,0.));
#8041 = CARTESIAN_POINT('',(-21.20001968314,-2.984485078594,0.));
#8042 = CARTESIAN_POINT('',(-21.20002869693,-2.531767232844,0.));
#8043 = CARTESIAN_POINT('',(-21.20002967972,-2.187556706764,0.));
#8044 = CARTESIAN_POINT('',(-21.20002635273,-1.843534102985,0.));
#8045 = CARTESIAN_POINT('',(-21.20002028648,-1.499664219007,0.));
#8046 = CARTESIAN_POINT('',(-21.20001305679,-1.155911628583,0.));
#8047 = CARTESIAN_POINT('',(-21.20000624477,-0.812240681723,0.));
#8048 = CARTESIAN_POINT('',(-21.20000143682,-0.468615504689,0.));
#8049 = CARTESIAN_POINT('',(-21.20000022465,-0.125,0.));
#8050 = PCURVE('',#5016,#8051);
#8051 = DEFINITIONAL_REPRESENTATION('',(#8052),#8216);
#8052 = B_SPLINE_CURVE_WITH_KNOTS('',8,(#8053,#8054,#8055,#8056,#8057,
    #8058,#8059,#8060,#8061,#8062,#8063,#8064,#8065,#8066,#8067,#8068,
    #8069,#8070,#8071,#8072,#8073,#8074,#8075,#8076,#8077,#8078,#8079,
    #8080,#8081,#8082,#8083,#8084,#8085,#8086,#8087,#8088,#8089,#8090,
    #8091,#8092,#8093,#8094,#8095,#8096,#8097,#8098,#8099,#8100,#8101,
    #8102,#8103,#8104,#8105,#8106,#8107,#8108,#8109,#8110,#8111,#8112,
    #8113,#8114,#8115,#8116,#8117,#8118,#8119,#8120,#8121,#8122,#8123,
    #8124,#8125,#8126,#8127,#8128,#8129,#8130,#8131,#8132,#8133,#8134,
    #8135,#8136,#8137,#8138,#8139,#8140,#8141,#8142,#8143,#8144,#8145,
    #8146,#8147,#8148,#8149,#8150,#8151,#8152,#8153,#8154,#8155,#8156,
    #8157,#8158,#8159,#8160,#8161,#8162,#8163,#8164,#8165,#8166,#8167,
    #8168,#8169,#8170,#8171,#8172,#8173,#8174,#8175,#8176,#8177,#8178,
    #8179,#8180,#8181,#8182,#8183,#8184,#8185,#8186,#8187,#8188,#8189,
    #8190,#8191,#8192,#8193,#8194,#8195,#8196,#8197,#8198,#8199,#8200,
    #8201,#8202,#8203,#8204,#8205,#8206,#8207,#8208,#8209,#8210,#8211,
    #8212,#8213,#8214,#8215),.UNSPECIFIED.,.F.,.F.,(9,7,7,7,7,7,7,7,7,7,
    7,7,7,7,7,7,7,7,7,7,7,7,7,9),(0.,4.441887078413E-02,0.102984296658,
    0.147242404741,0.171315052354,0.195387700274,0.243692496565,
    0.296967863848,0.315719012937,0.336553626276,0.40874776715,
    0.422173132357,0.469578376788,0.504939003502,0.532252306815,
    0.552929488938,0.613340996207,0.659068134208,0.680944991324,
    0.704810934983,0.79261610717,0.824610057307,0.86656112717,1.),
  .UNSPECIFIED.);
#8053 = CARTESIAN_POINT('',(20.,-10.1));
#8054 = CARTESIAN_POINT('',(19.887470633829,-10.11201732152));
#8055 = CARTESIAN_POINT('',(19.774924161055,-10.12442303602));
#8056 = CARTESIAN_POINT('',(19.662365014333,-10.13717238927));
#8057 = CARTESIAN_POINT('',(19.54979740146,-10.15022086739));
#8058 = CARTESIAN_POINT('',(19.437225305372,-10.1635241969));
#8059 = CARTESIAN_POINT('',(19.324652484148,-10.17703834467));
#8060 = CARTESIAN_POINT('',(19.212082471007,-10.19071951794));
#8061 = CARTESIAN_POINT('',(18.951105243854,-10.22272532483));
#8062 = CARTESIAN_POINT('',(18.802703043005,-10.24114095743));
#8063 = CARTESIAN_POINT('',(18.654319383402,-10.25967096272));
#8064 = CARTESIAN_POINT('',(18.505961817754,-10.27821547341));
#8065 = CARTESIAN_POINT('',(18.357638061254,-10.29667457233));
#8066 = CARTESIAN_POINT('',(18.209356013001,-10.31494801035));
#8067 = CARTESIAN_POINT('',(18.061123777422,-10.3329349243));
#8068 = CARTESIAN_POINT('',(17.800973978714,-10.363832905));
#8069 = CARTESIAN_POINT('',(17.689031762916,-10.37691041705));
#8070 = CARTESIAN_POINT('',(17.57712669549,-10.3897222898));
#8071 = CARTESIAN_POINT('',(17.465262786448,-10.40222427455));
#8072 = CARTESIAN_POINT('',(17.353444398622,-10.41437167516));
#8073 = CARTESIAN_POINT('',(17.241676247661,-10.4261193481));
#8074 = CARTESIAN_POINT('',(17.129963402037,-10.43742170246));
#8075 = CARTESIAN_POINT('',(16.957582023873,-10.45411296327));
#8076 = CARTESIAN_POINT('',(16.89690317981,-10.45984174451));
#8077 = CARTESIAN_POINT('',(16.83627047389,-10.4654304507));
#8078 = CARTESIAN_POINT('',(16.77567749175,-10.47092574904));
#8079 = CARTESIAN_POINT('',(16.715120617096,-10.47632771828));
#8080 = CARTESIAN_POINT('',(16.654593658552,-10.4816800059));
#8081 = CARTESIAN_POINT('',(16.594092056226,-10.48699765156));
#8082 = CARTESIAN_POINT('',(16.473129079579,-10.49761903573));
#8083 = CARTESIAN_POINT('',(16.412667723886,-10.50292235251));
#8084 = CARTESIAN_POINT('',(16.352221410105,-10.50824300278));
#8085 = CARTESIAN_POINT('',(16.291785047131,-10.51360569535));
#8086 = CARTESIAN_POINT('',(16.231353543861,-10.51903513902));
#8087 = CARTESIAN_POINT('',(16.170921809191,-10.52455604262));
#8088 = CARTESIAN_POINT('',(16.110484752017,-10.53019311494));
#8089 = CARTESIAN_POINT('',(15.928741827069,-10.54756524807));
#8090 = CARTESIAN_POINT('',(15.807452526525,-10.55972213274));
#8091 = CARTESIAN_POINT('',(15.686157299639,-10.57263764605));
#8092 = CARTESIAN_POINT('',(15.564847747948,-10.58650624424));
#8093 = CARTESIAN_POINT('',(15.443519215804,-10.60151942989));
#8094 = CARTESIAN_POINT('',(15.322170851702,-10.61786426921));
#8095 = CARTESIAN_POINT('',(15.200805669598,-10.63572190933));
#8096 = CARTESIAN_POINT('',(14.945566038517,-10.67682138176));
#8097 = CARTESIAN_POINT('',(14.811690568696,-10.70042794582));
#8098 = CARTESIAN_POINT('',(14.677815757808,-10.72631822218));
#8099 = CARTESIAN_POINT('',(14.543961460944,-10.75471289521));
#8100 = CARTESIAN_POINT('',(14.410155809583,-10.78581745482));
#8101 = CARTESIAN_POINT('',(14.276435189923,-10.81981875203));
#8102 = CARTESIAN_POINT('',(14.142844221219,-10.85688155447));
#8103 = CARTESIAN_POINT('',(13.962480404496,-10.91131652525));
#8104 = CARTESIAN_POINT('',(13.915445621579,-10.92592228524));
#8105 = CARTESIAN_POINT('',(13.868342485957,-10.94091442583));
#8106 = CARTESIAN_POINT('',(13.821182073977,-10.95624372431));
#8107 = CARTESIAN_POINT('',(13.773975450724,-10.97186023257));
#8108 = CARTESIAN_POINT('',(13.726733683013,-10.98771381846));
#8109 = CARTESIAN_POINT('',(13.679467852366,-11.00375470701));
#8110 = CARTESIAN_POINT('',(13.579657077214,-11.03791104103));
#8111 = CARTESIAN_POINT('',(13.527109067988,-11.05605860313));
#8112 = CARTESIAN_POINT('',(13.474560236808,-11.0743086658));
#8113 = CARTESIAN_POINT('',(13.422025780158,-11.09259318673));
#8114 = CARTESIAN_POINT('',(13.369520894519,-11.1108441236));
#8115 = CARTESIAN_POINT('',(13.317060776375,-11.1289934341));
#8116 = CARTESIAN_POINT('',(13.264660622207,-11.14697307591));
#8117 = CARTESIAN_POINT('',(13.031023985914,-11.22619267529));
#8118 = CARTESIAN_POINT('',(12.850124916172,-11.28498233114));
#8119 = CARTESIAN_POINT('',(12.668953860851,-11.33867492067));
#8120 = CARTESIAN_POINT('',(12.487368239063,-11.3845161822));
#8121 = CARTESIAN_POINT('',(12.305759260108,-11.41905829285));
#8122 = CARTESIAN_POINT('',(12.125036568206,-11.4381686133));
#8123 = CARTESIAN_POINT('',(11.946613715381,-11.43711629271));
#8124 = CARTESIAN_POINT('',(11.739948833281,-11.40690884276));
#8125 = CARTESIAN_POINT('',(11.707738002377,-11.40134770621));
#8126 = CARTESIAN_POINT('',(11.675730536082,-11.39491901216));
#8127 = CARTESIAN_POINT('',(11.643933286165,-11.38759179254));
#8128 = CARTESIAN_POINT('',(11.612351361252,-11.37934714026));
#8129 = CARTESIAN_POINT('',(11.580988126826,-11.37017820925));
#8130 = CARTESIAN_POINT('',(11.549845205228,-11.36009021446));
#8131 = CARTESIAN_POINT('',(11.409733672866,-11.31029528015));
#8132 = CARTESIAN_POINT('',(11.303869753858,-11.26053943579));
#8133 = CARTESIAN_POINT('',(11.201694175371,-11.20098770945));
#8134 = CARTESIAN_POINT('',(11.103387297069,-11.13289282752));
#8135 = CARTESIAN_POINT('',(11.009004285259,-11.05744877754));
#8136 = CARTESIAN_POINT('',(10.918507911441,-10.97571471849));
#8137 = CARTESIAN_POINT('',(10.831789149464,-10.88858294797));
#8138 = CARTESIAN_POINT('',(10.686701832925,-10.72825747479));
#8139 = CARTESIAN_POINT('',(10.626745659078,-10.65716673197));
#8140 = CARTESIAN_POINT('',(10.568763768265,-10.58378847428));
#8141 = CARTESIAN_POINT('',(10.512703787203,-10.50839766732));
#8142 = CARTESIAN_POINT('',(10.458517191983,-10.43124051053));
#8143 = CARTESIAN_POINT('',(10.406159345414,-10.35253698966));
#8144 = CARTESIAN_POINT('',(10.355589534358,-10.27248342937));
#8145 = CARTESIAN_POINT('',(10.269062533911,-10.1285125073));
#8146 = CARTESIAN_POINT('',(10.232401428954,-10.06507308509));
#8147 = CARTESIAN_POINT('',(10.196772206484,-10.00101989672));
#8148 = CARTESIAN_POINT('',(10.162162641495,-9.93643198199));
#8149 = CARTESIAN_POINT('',(10.128563804158,-9.871385189829));
#8150 = CARTESIAN_POINT('',(10.095970094302,-9.805953065282));
#8151 = CARTESIAN_POINT('',(10.064379275887,-9.740207736453));
#8152 = CARTESIAN_POINT('',(10.010637198086,-9.624266247937));
#8153 = CARTESIAN_POINT('',(9.988056930116,-9.574171167276));
#8154 = CARTESIAN_POINT('',(9.966056616077,-9.52398589148));
#8155 = CARTESIAN_POINT('',(9.944631904369,-9.473708140104));
#8156 = CARTESIAN_POINT('',(9.923776623933,-9.423329012875));
#8157 = CARTESIAN_POINT('',(9.903486181641,-9.372853773158));
#8158 = CARTESIAN_POINT('',(9.883756916427,-9.322297422262));
#8159 = CARTESIAN_POINT('',(9.808557275467,-9.123695775925));
#8160 = CARTESIAN_POINT('',(9.757261785497,-8.975017640824));
#8161 = CARTESIAN_POINT('',(9.710544118758,-8.825714955523));
#8162 = CARTESIAN_POINT('',(9.668203205731,-8.675870588136));
#8163 = CARTESIAN_POINT('',(9.62999544271,-8.525555629078));
#8164 = CARTESIAN_POINT('',(9.595642405632,-8.37482904149));
#8165 = CARTESIAN_POINT('',(9.564838563917,-8.223737311668));
#8166 = CARTESIAN_POINT('',(9.516383256507,-7.957697688914));
#8167 = CARTESIAN_POINT('',(9.497354809007,-7.842890980036));
#8168 = CARTESIAN_POINT('',(9.480032244754,-7.727906654554));
#8169 = CARTESIAN_POINT('',(9.464268292397,-7.612753939771));
#8170 = CARTESIAN_POINT('',(9.449911183924,-7.497438597043));
#8171 = CARTESIAN_POINT('',(9.436806022292,-7.381962910236));
#8172 = CARTESIAN_POINT('',(9.424796149058,-7.266325674175));
#8173 = CARTESIAN_POINT('',(9.408427600114,-7.09511927493));
#8174 = CARTESIAN_POINT('',(9.403343059048,-7.039660927966));
#8175 = CARTESIAN_POINT('',(9.398460390278,-6.984144669551));
#8176 = CARTESIAN_POINT('',(9.393739468267,-6.928564823717));
#8177 = CARTESIAN_POINT('',(9.389188239637,-6.87292373278));
#8178 = CARTESIAN_POINT('',(9.384820673448,-6.817225486558));
#8179 = CARTESIAN_POINT('',(9.380611952863,-6.761469351216));
#8180 = CARTESIAN_POINT('',(9.37215615064,-6.644776541282));
#8181 = CARTESIAN_POINT('',(9.367938218195,-6.583827688885));
#8182 = CARTESIAN_POINT('',(9.363909130613,-6.522815658962));
#8183 = CARTESIAN_POINT('',(9.360063917427,-6.461742577928));
#8184 = CARTESIAN_POINT('',(9.356397608171,-6.400610572202));
#8185 = CARTESIAN_POINT('',(9.35290523238,-6.339421768201));
#8186 = CARTESIAN_POINT('',(9.349581819586,-6.278178292343));
#8187 = CARTESIAN_POINT('',(9.334798579039,-5.991368133354));
#8188 = CARTESIAN_POINT('',(9.325409902152,-5.765440459386));
#8189 = CARTESIAN_POINT('',(9.317996605994,-5.53917206729));
#8190 = CARTESIAN_POINT('',(9.312303737186,-5.312631149854));
#8191 = CARTESIAN_POINT('',(9.308080311009,-5.085881474235));
#8192 = CARTESIAN_POINT('',(9.305078470763,-4.858982581685));
#8193 = CARTESIAN_POINT('',(9.303052647134,-4.631989987282));
#8194 = CARTESIAN_POINT('',(9.301287242836,-4.322229798296));
#8195 = CARTESIAN_POINT('',(9.300912930034,-4.239498855224));
#8196 = CARTESIAN_POINT('',(9.300623977936,-4.156765142231));
#8197 = CARTESIAN_POINT('',(9.300408592664,-4.074031233856));
#8198 = CARTESIAN_POINT('',(9.300254987677,-3.991299687383));
#8199 = CARTESIAN_POINT('',(9.300151383765,-3.908573042843));
#8200 = CARTESIAN_POINT('',(9.300086009056,-3.825853823013));
#8201 = CARTESIAN_POINT('',(9.299996079424,-3.634694555487));
#8202 = CARTESIAN_POINT('',(9.299984337358,-3.526263250219));
#8203 = CARTESIAN_POINT('',(9.299989844674,-3.417855147192));
#8204 = CARTESIAN_POINT('',(9.299997330716,-3.309473053971));
#8205 = CARTESIAN_POINT('',(9.29999828231,-3.201118056107));
#8206 = CARTESIAN_POINT('',(9.299990943762,-3.09278951714));
#8207 = CARTESIAN_POINT('',(9.299980316859,-2.984485078594));
#8208 = CARTESIAN_POINT('',(9.299971303063,-2.531767232844));
#8209 = CARTESIAN_POINT('',(9.299970320271,-2.187556706764));
#8210 = CARTESIAN_POINT('',(9.299973647264,-1.843534102985));
#8211 = CARTESIAN_POINT('',(9.299979713515,-1.499664219007));
#8212 = CARTESIAN_POINT('',(9.299986943207,-1.155911628583));
#8213 = CARTESIAN_POINT('',(9.299993755227,-0.812240681723));
#8214 = CARTESIAN_POINT('',(9.299998563173,-0.468615504689));
#8215 = CARTESIAN_POINT('',(9.299999775347,-0.125));
#8216 = ( GEOMETRIC_REPRESENTATION_CONTEXT(2) 
PARAMETRIC_REPRESENTATION_CONTEXT() REPRESENTATION_CONTEXT('2D SPACE',''
  ) );
#8217 = PCURVE('',#6427,#8218);
#8218 = DEFINITIONAL_REPRESENTATION('',(#8219),#8383);
#8219 = B_SPLINE_CURVE_WITH_KNOTS('',8,(#8220,#8221,#8222,#8223,#8224,
    #8225,#8226,#8227,#8228,#8229,#8230,#8231,#8232,#8233,#8234,#8235,
    #8236,#8237,#8238,#8239,#8240,#8241,#8242,#8243,#8244,#8245,#8246,
    #8247,#8248,#8249,#8250,#8251,#8252,#8253,#8254,#8255,#8256,#8257,
    #8258,#8259,#8260,#8261,#8262,#8263,#8264,#8265,#8266,#8267,#8268,
    #8269,#8270,#8271,#8272,#8273,#8274,#8275,#8276,#8277,#8278,#8279,
    #8280,#8281,#8282,#8283,#8284,#8285,#8286,#8287,#8288,#8289,#8290,
    #8291,#8292,#8293,#8294,#8295,#8296,#8297,#8298,#8299,#8300,#8301,
    #8302,#8303,#8304,#8305,#8306,#8307,#8308,#8309,#8310,#8311,#8312,
    #8313,#8314,#8315,#8316,#8317,#8318,#8319,#8320,#8321,#8322,#8323,
    #8324,#8325,#8326,#8327,#8328,#8329,#8330,#8331,#8332,#8333,#8334,
    #8335,#8336,#8337,#8338,#8339,#8340,#8341,#8342,#8343,#8344,#8345,
    #8346,#8347,#8348,#8349,#8350,#8351,#8352,#8353,#8354,#8355,#8356,
    #8357,#8358,#8359,#8360,#8361,#8362,#8363,#8364,#8365,#8366,#8367,
    #8368,#8369,#8370,#8371,#8372,#8373,#8374,#8375,#8376,#8377,#8378,
    #8379,#8380,#8381,#8382),.UNSPECIFIED.,.F.,.F.,(9,7,7,7,7,7,7,7,7,7,
    7,7,7,7,7,7,7,7,7,7,7,7,7,9),(0.,4.441887078413E-02,0.102984296658,
    0.147242404741,0.171315052354,0.195387700274,0.243692496565,
    0.296967863848,0.315719012937,0.336553626276,0.40874776715,
    0.422173132357,0.469578376788,0.504939003502,0.532252306815,
    0.552929488938,0.613340996207,0.659068134208,0.680944991324,
    0.704810934983,0.79261610717,0.824610057307,0.86656112717,1.),
  .UNSPECIFIED.);
#8220 = CARTESIAN_POINT('',(41.119832237205,0.25));
#8221 = CARTESIAN_POINT('',(41.0066045868,0.25));
#8222 = CARTESIAN_POINT('',(40.893435333035,0.25));
#8223 = CARTESIAN_POINT('',(40.780316660499,0.25));
#8224 = CARTESIAN_POINT('',(40.66724057451,0.25));
#8225 = CARTESIAN_POINT('',(40.554198901119,0.25));
#8226 = CARTESIAN_POINT('',(40.441183287106,0.25));
#8227 = CARTESIAN_POINT('',(40.328185199981,0.25));
#8228 = CARTESIAN_POINT('',(40.066221748395,0.25));
#8229 = CARTESIAN_POINT('',(39.917263359852,0.25));
#8230 = CARTESIAN_POINT('',(39.768300538361,0.25));
#8231 = CARTESIAN_POINT('',(39.619313229303,0.25));
#8232 = CARTESIAN_POINT('',(39.470281491004,0.25));
#8233 = CARTESIAN_POINT('',(39.321185438309,0.25));
#8234 = CARTESIAN_POINT('',(39.172005186149,0.25));
#8235 = CARTESIAN_POINT('',(38.909906027335,0.25));
#8236 = CARTESIAN_POINT('',(38.797032059692,0.25));
#8237 = CARTESIAN_POINT('',(38.684090379534,0.25));
#8238 = CARTESIAN_POINT('',(38.571072705724,0.25));
#8239 = CARTESIAN_POINT('',(38.457970986631,0.25));
#8240 = CARTESIAN_POINT('',(38.344777400125,0.25));
#8241 = CARTESIAN_POINT('',(38.231484353584,0.25));
#8242 = CARTESIAN_POINT('',(38.056404596952,0.25));
#8243 = CARTESIAN_POINT('',(37.994725383528,0.25));
#8244 = CARTESIAN_POINT('',(37.933044646948,0.25));
#8245 = CARTESIAN_POINT('',(37.871366034977,0.25));
#8246 = CARTESIAN_POINT('',(37.809685446151,0.25));
#8247 = CARTESIAN_POINT('',(37.748006069301,0.25));
#8248 = CARTESIAN_POINT('',(37.686326244616,0.25));
#8249 = CARTESIAN_POINT('',(37.562966748687,0.25));
#8250 = CARTESIAN_POINT('',(37.501287000331,0.25));
#8251 = CARTESIAN_POINT('',(37.439607251975,0.25));
#8252 = CARTESIAN_POINT('',(37.37792750362,0.25));
#8253 = CARTESIAN_POINT('',(37.316247755264,0.25));
#8254 = CARTESIAN_POINT('',(37.254568006908,0.25));
#8255 = CARTESIAN_POINT('',(37.192888258552,0.25));
#8256 = CARTESIAN_POINT('',(37.007440336061,0.25));
#8257 = CARTESIAN_POINT('',(36.883721237465,0.25));
#8258 = CARTESIAN_POINT('',(36.760080767135,0.25));
#8259 = CARTESIAN_POINT('',(36.63655210188,0.25));
#8260 = CARTESIAN_POINT('',(36.513171804481,0.25));
#8261 = CARTESIAN_POINT('',(36.389979585582,0.25));
#8262 = CARTESIAN_POINT('',(36.267018065577,0.25));
#8263 = CARTESIAN_POINT('',(36.009022647554,0.25));
#8264 = CARTESIAN_POINT('',(35.874049592602,0.25));
#8265 = CARTESIAN_POINT('',(35.739476333531,0.25));
#8266 = CARTESIAN_POINT('',(35.605372229755,0.25));
#8267 = CARTESIAN_POINT('',(35.471812295879,0.25));
#8268 = CARTESIAN_POINT('',(35.338876459354,0.25));
#8269 = CARTESIAN_POINT('',(35.206648818134,0.25));
#8270 = CARTESIAN_POINT('',(35.028957254361,0.25));
#8271 = CARTESIAN_POINT('',(34.982697270705,0.25));
#8272 = CARTESIAN_POINT('',(34.936437353914,0.25));
#8273 = CARTESIAN_POINT('',(34.890177590379,0.25));
#8274 = CARTESIAN_POINT('',(34.843917885925,0.25));
#8275 = CARTESIAN_POINT('',(34.797658105403,0.25));
#8276 = CARTESIAN_POINT('',(34.751398212275,0.25));
#8277 = CARTESIAN_POINT('',(34.653738617905,0.25));
#8278 = CARTESIAN_POINT('',(34.602338827608,0.25));
#8279 = CARTESIAN_POINT('',(34.550939037312,0.25));
#8280 = CARTESIAN_POINT('',(34.499539247015,0.25));
#8281 = CARTESIAN_POINT('',(34.448139456719,0.25));
#8282 = CARTESIAN_POINT('',(34.396739666422,0.25));
#8283 = CARTESIAN_POINT('',(34.345339876125,0.25));
#8284 = CARTESIAN_POINT('',(34.115834371013,0.25));
#8285 = CARTESIAN_POINT('',(33.937247460775,0.25));
#8286 = CARTESIAN_POINT('',(33.756877304163,0.25));
#8287 = CARTESIAN_POINT('',(33.573904450591,0.25));
#8288 = CARTESIAN_POINT('',(33.387906937403,0.25));
#8289 = CARTESIAN_POINT('',(33.198850793724,0.25));
#8290 = CARTESIAN_POINT('',(33.00710006252,0.25));
#8291 = CARTESIAN_POINT('',(32.777647329313,0.25));
#8292 = CARTESIAN_POINT('',(32.741666319582,0.25));
#8293 = CARTESIAN_POINT('',(32.705685228011,0.25));
#8294 = CARTESIAN_POINT('',(32.669705245659,0.25));
#8295 = CARTESIAN_POINT('',(32.633726622727,0.25));
#8296 = CARTESIAN_POINT('',(32.597748668561,0.25));
#8297 = CARTESIAN_POINT('',(32.561769751651,0.25));
#8298 = CARTESIAN_POINT('',(32.398732511393,0.25));
#8299 = CARTESIAN_POINT('',(32.272314908282,0.25));
#8300 = CARTESIAN_POINT('',(32.14691053317,0.25));
#8301 = CARTESIAN_POINT('',(32.022739850066,0.25));
#8302 = CARTESIAN_POINT('',(31.899905787056,0.25));
#8303 = CARTESIAN_POINT('',(31.77840870439,0.25));
#8304 = CARTESIAN_POINT('',(31.658146907652,0.25));
#8305 = CARTESIAN_POINT('',(31.449970852225,0.25));
#8306 = CARTESIAN_POINT('',(31.361626504488,0.25));
#8307 = CARTESIAN_POINT('',(31.273807498991,0.25));
#8308 = CARTESIAN_POINT('',(31.186441375866,0.25));
#8309 = CARTESIAN_POINT('',(31.09945179077,0.25));
#8310 = CARTESIAN_POINT('',(31.012756306541,0.25));
#8311 = CARTESIAN_POINT('',(30.926264184859,0.25));
#8312 = CARTESIAN_POINT('',(30.773144691395,0.25));
#8313 = CARTESIAN_POINT('',(30.706480463942,0.25));
#8314 = CARTESIAN_POINT('',(30.639837078537,0.25));
#8315 = CARTESIAN_POINT('',(30.573169932511,0.25));
#8316 = CARTESIAN_POINT('',(30.506433365535,0.25));
#8317 = CARTESIAN_POINT('',(30.439579787626,0.25));
#8318 = CARTESIAN_POINT('',(30.372558807149,0.25));
#8319 = CARTESIAN_POINT('',(30.254411335193,0.25));
#8320 = CARTESIAN_POINT('',(30.203382737841,0.25));
#8321 = CARTESIAN_POINT('',(30.152187461348,0.25));
#8322 = CARTESIAN_POINT('',(30.100837895167,0.25));
#8323 = CARTESIAN_POINT('',(30.049353516489,0.25));
#8324 = CARTESIAN_POINT('',(29.997738982851,0.25));
#8325 = CARTESIAN_POINT('',(29.94598872449,0.25));
#8326 = CARTESIAN_POINT('',(29.742569995279,0.25));
#8327 = CARTESIAN_POINT('',(29.589972751912,0.25));
#8328 = CARTESIAN_POINT('',(29.436481598754,0.25));
#8329 = CARTESIAN_POINT('',(29.282245590702,0.25));
#8330 = CARTESIAN_POINT('',(29.127405889336,0.25));
#8331 = CARTESIAN_POINT('',(28.972094107104,0.25));
#8332 = CARTESIAN_POINT('',(28.816430651517,0.25));
#8333 = CARTESIAN_POINT('',(28.542512315282,0.25));
#8334 = CARTESIAN_POINT('',(28.424361308911,0.25));
#8335 = CARTESIAN_POINT('',(28.306114810056,0.25));
#8336 = CARTESIAN_POINT('',(28.187814148652,0.25));
#8337 = CARTESIAN_POINT('',(28.069497055056,0.25));
#8338 = CARTESIAN_POINT('',(27.951197490375,0.25));
#8339 = CARTESIAN_POINT('',(27.832945476788,0.25));
#8340 = CARTESIAN_POINT('',(27.658227740388,0.25));
#8341 = CARTESIAN_POINT('',(27.601687902601,0.25));
#8342 = CARTESIAN_POINT('',(27.545145723874,0.25));
#8343 = CARTESIAN_POINT('',(27.488607692852,0.25));
#8344 = CARTESIAN_POINT('',(27.432069937907,0.25));
#8345 = CARTESIAN_POINT('',(27.375528089917,0.25));
#8346 = CARTESIAN_POINT('',(27.318987876058,0.25));
#8347 = CARTESIAN_POINT('',(27.200769024911,0.25));
#8348 = CARTESIAN_POINT('',(27.139089276555,0.25));
#8349 = CARTESIAN_POINT('',(27.0774095282,0.25));
#8350 = CARTESIAN_POINT('',(27.015729779844,0.25));
#8351 = CARTESIAN_POINT('',(26.954050031488,0.25));
#8352 = CARTESIAN_POINT('',(26.892370283132,0.25));
#8353 = CARTESIAN_POINT('',(26.830690534776,0.25));
#8354 = CARTESIAN_POINT('',(26.542084878851,0.25));
#8355 = CARTESIAN_POINT('',(26.315458556402,0.25));
#8356 = CARTESIAN_POINT('',(26.089095182335,0.25));
#8357 = CARTESIAN_POINT('',(25.862955381226,0.25));
#8358 = CARTESIAN_POINT('',(25.636996853682,0.25));
#8359 = CARTESIAN_POINT('',(25.411174191053,0.25));
#8360 = CARTESIAN_POINT('',(25.185438690155,0.25));
#8361 = CARTESIAN_POINT('',(24.877498693107,0.25));
#8362 = CARTESIAN_POINT('',(24.79526407216,0.25));
#8363 = CARTESIAN_POINT('',(24.713031875174,0.25));
#8364 = CARTESIAN_POINT('',(24.630799652912,0.25));
#8365 = CARTESIAN_POINT('',(24.548564936878,0.25));
#8366 = CARTESIAN_POINT('',(24.466325239308,0.25));
#8367 = CARTESIAN_POINT('',(24.384078053175,0.25));
#8368 = CARTESIAN_POINT('',(24.193963661356,0.25));
#8369 = CARTESIAN_POINT('',(24.086087685213,0.25));
#8370 = CARTESIAN_POINT('',(23.97818838628,0.25));
#8371 = CARTESIAN_POINT('',(23.870262957609,0.25));
#8372 = CARTESIAN_POINT('',(23.762310322786,0.25));
#8373 = CARTESIAN_POINT('',(23.654331135924,0.25));
#8374 = CARTESIAN_POINT('',(23.546327781672,0.25));
#8375 = CARTESIAN_POINT('',(23.094701181175,0.25));
#8376 = CARTESIAN_POINT('',(22.750874610867,0.25));
#8377 = CARTESIAN_POINT('',(22.406859970569,0.25));
#8378 = CARTESIAN_POINT('',(22.062692688046,0.25));
#8379 = CARTESIAN_POINT('',(21.718408312547,0.25));
#8380 = CARTESIAN_POINT('',(21.374042514801,0.25));
#8381 = CARTESIAN_POINT('',(21.029631087016,0.25));
#8382 = CARTESIAN_POINT('',(20.685209942882,0.25));
#8383 = ( GEOMETRIC_REPRESENTATION_CONTEXT(2) 
PARAMETRIC_REPRESENTATION_CONTEXT() REPRESENTATION_CONTEXT('2D SPACE',''
  ) );
#8384 = ORIENTED_EDGE('',*,*,#8385,.T.);
#8385 = EDGE_CURVE('',#7883,#8386,#8388,.T.);
#8386 = VERTEX_POINT('',#8387);
#8387 = CARTESIAN_POINT('',(-23.1,-0.125,0.));
#8388 = SURFACE_CURVE('',#8389,(#8393,#8399),.PCURVE_S1.);
#8389 = LINE('',#8390,#8391);
#8390 = CARTESIAN_POINT('',(-65.25,-0.125,0.));
#8391 = VECTOR('',#8392,1.);
#8392 = DIRECTION('',(-1.,0.,-0.));
#8393 = PCURVE('',#5016,#8394);
#8394 = DEFINITIONAL_REPRESENTATION('',(#8395),#8398);
#8395 = B_SPLINE_CURVE_WITH_KNOTS('',1,(#8396,#8397),.UNSPECIFIED.,.F.,
  .F.,(2,2),(-95.298167762,-34.49902951453),.PIECEWISE_BEZIER_KNOTS.);
#8396 = CARTESIAN_POINT('',(60.548167762005,-0.125));
#8397 = CARTESIAN_POINT('',(-0.250970485465,-0.125));
#8398 = ( GEOMETRIC_REPRESENTATION_CONTEXT(2) 
PARAMETRIC_REPRESENTATION_CONTEXT() REPRESENTATION_CONTEXT('2D SPACE',''
  ) );
#8399 = PCURVE('',#6700,#8400);
#8400 = DEFINITIONAL_REPRESENTATION('',(#8401),#8404);
#8401 = B_SPLINE_CURVE_WITH_KNOTS('',1,(#8402,#8403),.UNSPECIFIED.,.F.,
  .F.,(2,2),(-95.298167762,-34.49902951453),.PIECEWISE_BEZIER_KNOTS.);
#8402 = CARTESIAN_POINT('',(100.,130.048167762));
#8403 = CARTESIAN_POINT('',(100.,69.249029514535));
#8404 = ( GEOMETRIC_REPRESENTATION_CONTEXT(2) 
PARAMETRIC_REPRESENTATION_CONTEXT() REPRESENTATION_CONTEXT('2D SPACE',''
  ) );
#8405 = ORIENTED_EDGE('',*,*,#8406,.F.);
#8406 = EDGE_CURVE('',#8407,#8386,#8409,.T.);
#8407 = VERTEX_POINT('',#8408);
#8408 = CARTESIAN_POINT('',(-23.1,-0.90333705205,1.998401444325E-15));
#8409 = SURFACE_CURVE('',#8410,(#8414,#8420),.PCURVE_S1.);
#8410 = LINE('',#8411,#8412);
#8411 = CARTESIAN_POINT('',(-23.1,-1.2,0.));
#8412 = VECTOR('',#8413,1.);
#8413 = DIRECTION('',(-0.,1.,-0.));
#8414 = PCURVE('',#5016,#8415);
#8415 = DEFINITIONAL_REPRESENTATION('',(#8416),#8419);
#8416 = B_SPLINE_CURVE_WITH_KNOTS('',1,(#8417,#8418),.UNSPECIFIED.,.F.,
  .F.,(2,2),(0.29666294795,1.075),.PIECEWISE_BEZIER_KNOTS.);
#8417 = CARTESIAN_POINT('',(7.4,-0.90333705205));
#8418 = CARTESIAN_POINT('',(7.4,-0.125));
#8419 = ( GEOMETRIC_REPRESENTATION_CONTEXT(2) 
PARAMETRIC_REPRESENTATION_CONTEXT() REPRESENTATION_CONTEXT('2D SPACE',''
  ) );
#8420 = PCURVE('',#8421,#8426);
#8421 = PLANE('',#8422);
#8422 = AXIS2_PLACEMENT_3D('',#8423,#8424,#8425);
#8423 = CARTESIAN_POINT('',(-20.13042335055,-2.4,9.71304755963));
#8424 = DIRECTION('',(0.956304755963,0.,-0.292371704723));
#8425 = DIRECTION('',(0.,1.,0.));
#8426 = DEFINITIONAL_REPRESENTATION('',(#8427),#8430);
#8427 = B_SPLINE_CURVE_WITH_KNOTS('',1,(#8428,#8429),.UNSPECIFIED.,.F.,
  .F.,(2,2),(0.29666294795,1.075),.PIECEWISE_BEZIER_KNOTS.);
#8428 = CARTESIAN_POINT('',(1.49666294795,-10.15685376347));
#8429 = CARTESIAN_POINT('',(2.275,-10.15685376347));
#8430 = ( GEOMETRIC_REPRESENTATION_CONTEXT(2) 
PARAMETRIC_REPRESENTATION_CONTEXT() REPRESENTATION_CONTEXT('2D SPACE',''
  ) );
#8431 = ORIENTED_EDGE('',*,*,#8432,.T.);
#8432 = EDGE_CURVE('',#8407,#8433,#8435,.T.);
#8433 = VERTEX_POINT('',#8434);
#8434 = CARTESIAN_POINT('',(-22.3,-2.4,-8.881784197001E-16));
#8435 = SURFACE_CURVE('',#8436,(#8483,#8533),.PCURVE_S1.);
#8436 = B_SPLINE_CURVE_WITH_KNOTS('',5,(#8437,#8438,#8439,#8440,#8441,
    #8442,#8443,#8444,#8445,#8446,#8447,#8448,#8449,#8450,#8451,#8452,
    #8453,#8454,#8455,#8456,#8457,#8458,#8459,#8460,#8461,#8462,#8463,
    #8464,#8465,#8466,#8467,#8468,#8469,#8470,#8471,#8472,#8473,#8474,
    #8475,#8476,#8477,#8478,#8479,#8480,#8481,#8482),.UNSPECIFIED.,.F.,
  .F.,(6,4,4,4,4,4,4,4,4,4,4,6),(0.,2.900004618026E-02,0.22200022253,
    0.334000389498,0.371000446452,0.395000483113,0.424000527099,
    0.451000567769,0.484000617133,0.790999786444,0.812999820415,1.),
  .UNSPECIFIED.);
#8437 = CARTESIAN_POINT('',(-23.10000091235,-0.903336442456,0.));
#8438 = CARTESIAN_POINT('',(-23.09147854621,-0.90903067993,0.));
#8439 = CARTESIAN_POINT('',(-23.08299671051,-0.91478557793,0.));
#8440 = CARTESIAN_POINT('',(-23.07455598098,-0.920600751772,0.));
#8441 = CARTESIAN_POINT('',(-23.06615692778,-0.926475808657,0.));
#8442 = CARTESIAN_POINT('',(-23.00218412641,-0.971905701171,0.));
#8443 = CARTESIAN_POINT('',(-22.94843884026,-1.01403575094,0.));
#8444 = CARTESIAN_POINT('',(-22.89673126901,-1.058681849411,0.));
#8445 = CARTESIAN_POINT('',(-22.8472157834,-1.105710708174,0.));
#8446 = CARTESIAN_POINT('',(-22.77265406037,-1.183562669681,0.));
#8447 = CARTESIAN_POINT('',(-22.74605987262,-1.212903616328,0.));
#8448 = CARTESIAN_POINT('',(-22.72027917128,-1.242968395573,0.));
#8449 = CARTESIAN_POINT('',(-22.69533791315,-1.273726737478,0.));
#8450 = CARTESIAN_POINT('',(-22.66330620814,-1.315526834818,0.));
#8451 = CARTESIAN_POINT('',(-22.65544628935,-1.325978959814,0.));
#8452 = CARTESIAN_POINT('',(-22.64768150862,-1.336502177943,0.));
#8453 = CARTESIAN_POINT('',(-22.64001271971,-1.347095332154,0.));
#8454 = CARTESIAN_POINT('',(-22.62752921098,-1.364673088341,0.));
#8455 = CARTESIAN_POINT('',(-22.62265840502,-1.371617858733,0.));
#8456 = CARTESIAN_POINT('',(-22.61782856476,-1.378591241084,0.));
#8457 = CARTESIAN_POINT('',(-22.61303991362,-1.385592912778,0.));
#8458 = CARTESIAN_POINT('',(-22.60255642014,-1.401116691716,0.));
#8459 = CARTESIAN_POINT('',(-22.5968806287,-1.40965166441,0.));
#8460 = CARTESIAN_POINT('',(-22.59126568445,-1.418226892811,0.));
#8461 = CARTESIAN_POINT('',(-22.58571196668,-1.426841797682,0.));
#8462 = CARTESIAN_POINT('',(-22.57510649311,-1.443552963652,0.));
#8463 = CARTESIAN_POINT('',(-22.57004653407,-1.451644018729,0.));
#8464 = CARTESIAN_POINT('',(-22.56504026871,-1.459768487798,0.));
#8465 = CARTESIAN_POINT('',(-22.56008799016,-1.467925895152,0.));
#8466 = CARTESIAN_POINT('',(-22.54920353487,-1.486125597374,0.));
#8467 = CARTESIAN_POINT('',(-22.54329815989,-1.496183921276,0.));
#8468 = CARTESIAN_POINT('',(-22.53747438401,-1.506289857236,0.));
#8469 = CARTESIAN_POINT('',(-22.53173271661,-1.516442521337,0.));
#8470 = CARTESIAN_POINT('',(-22.47342743127,-1.621517577965,0.));
#8471 = CARTESIAN_POINT('',(-22.42792931725,-1.720362900648,0.));
#8472 = CARTESIAN_POINT('',(-22.38998045557,-1.822453432855,0.));
#8473 = CARTESIAN_POINT('',(-22.35986759264,-1.927017727215,0.));
#8474 = CARTESIAN_POINT('',(-22.33617529567,-2.040858361601,0.));
#8475 = CARTESIAN_POINT('',(-22.33463210715,-2.048479390154,0.));
#8476 = CARTESIAN_POINT('',(-22.33313008533,-2.056108677476,0.));
#8477 = CARTESIAN_POINT('',(-22.33166928859,-2.063745926984,0.));
#8478 = CARTESIAN_POINT('',(-22.31818388918,-2.13637257657,0.));
#8479 = CARTESIAN_POINT('',(-22.30910047457,-2.201908319141,0.));
#8480 = CARTESIAN_POINT('',(-22.30303350719,-2.267814892158,0.));
#8481 = CARTESIAN_POINT('',(-22.3,-2.333907554312,0.));
#8482 = CARTESIAN_POINT('',(-22.3,-2.4,0.));
#8483 = PCURVE('',#5016,#8484);
#8484 = DEFINITIONAL_REPRESENTATION('',(#8485),#8532);
#8485 = B_SPLINE_CURVE_WITH_KNOTS('',5,(#8486,#8487,#8488,#8489,#8490,
    #8491,#8492,#8493,#8494,#8495,#8496,#8497,#8498,#8499,#8500,#8501,
    #8502,#8503,#8504,#8505,#8506,#8507,#8508,#8509,#8510,#8511,#8512,
    #8513,#8514,#8515,#8516,#8517,#8518,#8519,#8520,#8521,#8522,#8523,
    #8524,#8525,#8526,#8527,#8528,#8529,#8530,#8531),.UNSPECIFIED.,.F.,
  .F.,(6,4,4,4,4,4,4,4,4,4,4,6),(0.,2.900004618026E-02,0.22200022253,
    0.334000389498,0.371000446452,0.395000483113,0.424000527099,
    0.451000567769,0.484000617133,0.790999786444,0.812999820415,1.),
  .UNSPECIFIED.);
#8486 = CARTESIAN_POINT('',(7.399999087643,-0.903336442456));
#8487 = CARTESIAN_POINT('',(7.408521453782,-0.90903067993));
#8488 = CARTESIAN_POINT('',(7.417003289487,-0.91478557793));
#8489 = CARTESIAN_POINT('',(7.425444019016,-0.920600751772));
#8490 = CARTESIAN_POINT('',(7.433843072219,-0.926475808657));
#8491 = CARTESIAN_POINT('',(7.497815873584,-0.971905701171));
#8492 = CARTESIAN_POINT('',(7.551561159731,-1.01403575094));
#8493 = CARTESIAN_POINT('',(7.603268730985,-1.058681849411));
#8494 = CARTESIAN_POINT('',(7.6527842166,-1.105710708174));
#8495 = CARTESIAN_POINT('',(7.727345939623,-1.183562669681));
#8496 = CARTESIAN_POINT('',(7.753940127375,-1.212903616328));
#8497 = CARTESIAN_POINT('',(7.779720828713,-1.242968395573));
#8498 = CARTESIAN_POINT('',(7.804662086842,-1.273726737478));
#8499 = CARTESIAN_POINT('',(7.836693791859,-1.315526834818));
#8500 = CARTESIAN_POINT('',(7.844553710646,-1.325978959814));
#8501 = CARTESIAN_POINT('',(7.852318491373,-1.336502177943));
#8502 = CARTESIAN_POINT('',(7.859987280283,-1.347095332154));
#8503 = CARTESIAN_POINT('',(7.87247078902,-1.364673088341));
#8504 = CARTESIAN_POINT('',(7.877341594971,-1.371617858733));
#8505 = CARTESIAN_POINT('',(7.882171435239,-1.378591241084));
#8506 = CARTESIAN_POINT('',(7.886960086375,-1.385592912778));
#8507 = CARTESIAN_POINT('',(7.897443579851,-1.401116691716));
#8508 = CARTESIAN_POINT('',(7.903119371295,-1.40965166441));
#8509 = CARTESIAN_POINT('',(7.908734315542,-1.418226892811));
#8510 = CARTESIAN_POINT('',(7.914288033314,-1.426841797682));
#8511 = CARTESIAN_POINT('',(7.924893506881,-1.443552963652));
#8512 = CARTESIAN_POINT('',(7.929953465928,-1.451644018729));
#8513 = CARTESIAN_POINT('',(7.934959731289,-1.459768487798));
#8514 = CARTESIAN_POINT('',(7.939912009835,-1.467925895152));
#8515 = CARTESIAN_POINT('',(7.950796465126,-1.486125597374));
#8516 = CARTESIAN_POINT('',(7.956701840105,-1.496183921276));
#8517 = CARTESIAN_POINT('',(7.962525615984,-1.506289857236));
#8518 = CARTESIAN_POINT('',(7.968267283387,-1.516442521337));
#8519 = CARTESIAN_POINT('',(8.026572568726,-1.621517577965));
#8520 = CARTESIAN_POINT('',(8.072070682743,-1.720362900648));
#8521 = CARTESIAN_POINT('',(8.110019544428,-1.822453432855));
#8522 = CARTESIAN_POINT('',(8.140132407356,-1.927017727215));
#8523 = CARTESIAN_POINT('',(8.163824704326,-2.040858361601));
#8524 = CARTESIAN_POINT('',(8.165367892843,-2.048479390154));
#8525 = CARTESIAN_POINT('',(8.166869914666,-2.056108677476));
#8526 = CARTESIAN_POINT('',(8.168330711406,-2.063745926984));
#8527 = CARTESIAN_POINT('',(8.181816110817,-2.13637257657));
#8528 = CARTESIAN_POINT('',(8.190899525424,-2.201908319141));
#8529 = CARTESIAN_POINT('',(8.196966492803,-2.267814892158));
#8530 = CARTESIAN_POINT('',(8.2,-2.333907554312));
#8531 = CARTESIAN_POINT('',(8.2,-2.4));
#8532 = ( GEOMETRIC_REPRESENTATION_CONTEXT(2) 
PARAMETRIC_REPRESENTATION_CONTEXT() REPRESENTATION_CONTEXT('2D SPACE',''
  ) );
#8533 = PCURVE('',#8534,#8563);
#8534 = B_SPLINE_SURFACE_WITH_KNOTS('',13,1,(
    (#8535,#8536)
    ,(#8537,#8538)
    ,(#8539,#8540)
    ,(#8541,#8542)
    ,(#8543,#8544)
    ,(#8545,#8546)
    ,(#8547,#8548)
    ,(#8549,#8550)
    ,(#8551,#8552)
    ,(#8553,#8554)
    ,(#8555,#8556)
    ,(#8557,#8558)
    ,(#8559,#8560)
    ,(#8561,#8562
    )),.UNSPECIFIED.,.T.,.F.,.F.,(14,14),(2,2),(0.,6.28318530718),(0.,1.
    ),.PIECEWISE_BEZIER_KNOTS.);
#8535 = CARTESIAN_POINT('',(-28.41461362917,-2.4,-20.));
#8536 = CARTESIAN_POINT('',(-19.33042335055,-2.4,9.71304755963));
#8537 = CARTESIAN_POINT('',(-28.41461362917,-1.530020495929,-20.));
#8538 = CARTESIAN_POINT('',(-19.33042335055,-1.530020495929,
    9.71304755963));
#8539 = CARTESIAN_POINT('',(-28.87013633187,-0.660040643965,
    -19.99999999999));
#8540 = CARTESIAN_POINT('',(-19.78594605326,-0.660040643965,
    9.713047559631));
#8541 = CARTESIAN_POINT('',(-29.78115461784,-5.025732132327E-02,-20.));
#8542 = CARTESIAN_POINT('',(-20.6969643392,-5.025732132327E-02,
    9.713047559629));
#8543 = CARTESIAN_POINT('',(-30.98433175316,3.916487002936E-02,
    -19.99999999998));
#8544 = CARTESIAN_POINT('',(-21.90014147459,3.916487002936E-02,
    9.713047559632));
#8545 = CARTESIAN_POINT('',(-32.15217186577,-0.537956383664,
    -20.00000000003));
#8546 = CARTESIAN_POINT('',(-23.06798158708,-0.537956383664,
    9.713047559631));
#8547 = CARTESIAN_POINT('',(-32.8852735925,-1.698994189627,
    -19.99999999995));
#8548 = CARTESIAN_POINT('',(-23.80108331397,-1.698994189627,
    9.713047559624));
#8549 = CARTESIAN_POINT('',(-32.88527359248,-3.101005810374,
    -20.00000000005));
#8550 = CARTESIAN_POINT('',(-23.80108331377,-3.101005810374,
    9.713047559643));
#8551 = CARTESIAN_POINT('',(-32.15217186579,-4.262043616334,
    -19.99999999994));
#8552 = CARTESIAN_POINT('',(-23.06798158724,-4.262043616334,
    9.713047559615));
#8553 = CARTESIAN_POINT('',(-30.98433175315,-4.839164870032,
    -20.00000000003));
#8554 = CARTESIAN_POINT('',(-21.90014147448,-4.839164870032,
    9.713047559643));
#8555 = CARTESIAN_POINT('',(-29.78115461785,-4.749742678675,
    -19.99999999997));
#8556 = CARTESIAN_POINT('',(-20.69696433925,-4.749742678675,
    9.713047559623));
#8557 = CARTESIAN_POINT('',(-28.87013633187,-4.139959356036,-20.));
#8558 = CARTESIAN_POINT('',(-19.78594605324,-4.139959356036,
    9.713047559634));
#8559 = CARTESIAN_POINT('',(-28.41461362917,-3.269979504071,
    -19.99999999999));
#8560 = CARTESIAN_POINT('',(-19.33042335055,-3.269979504071,
    9.71304755963));
#8561 = CARTESIAN_POINT('',(-28.41461362917,-2.4,-20.));
#8562 = CARTESIAN_POINT('',(-19.33042335055,-2.4,9.71304755963));
#8563 = DEFINITIONAL_REPRESENTATION('',(#8564),#8611);
#8564 = B_SPLINE_CURVE_WITH_KNOTS('',5,(#8565,#8566,#8567,#8568,#8569,
    #8570,#8571,#8572,#8573,#8574,#8575,#8576,#8577,#8578,#8579,#8580,
    #8581,#8582,#8583,#8584,#8585,#8586,#8587,#8588,#8589,#8590,#8591,
    #8592,#8593,#8594,#8595,#8596,#8597,#8598,#8599,#8600,#8601,#8602,
    #8603,#8604,#8605,#8606,#8607,#8608,#8609,#8610),.UNSPECIFIED.,.F.,
  .F.,(6,4,4,4,4,4,4,4,4,4,4,6),(0.,2.900004618026E-02,0.22200022253,
    0.334000389498,0.371000446452,0.395000483113,0.424000527099,
    0.451000567769,0.484000617133,0.790999786444,0.812999820415,1.),
  .UNSPECIFIED.);
#8565 = CARTESIAN_POINT('',(0.981765956579,0.673104970463));
#8566 = CARTESIAN_POINT('',(0.976071714017,0.673104970463));
#8567 = CARTESIAN_POINT('',(0.97037747146,0.673104970463));
#8568 = CARTESIAN_POINT('',(0.964683228911,0.673104970463));
#8569 = CARTESIAN_POINT('',(0.95898898637,0.673104970463));
#8570 = CARTESIAN_POINT('',(0.915398603743,0.673104970463));
#8571 = CARTESIAN_POINT('',(0.877502425072,0.673104970463));
#8572 = CARTESIAN_POINT('',(0.839606233492,0.673104970463));
#8573 = CARTESIAN_POINT('',(0.80171005466,0.673104970463));
#8574 = CARTESIAN_POINT('',(0.741822358888,0.673104970463));
#8575 = CARTESIAN_POINT('',(0.719830800842,0.673104970463));
#8576 = CARTESIAN_POINT('',(0.69783924174,0.673104970463));
#8577 = CARTESIAN_POINT('',(0.675847683256,0.673104970463));
#8578 = CARTESIAN_POINT('',(0.646591059064,0.673104970463));
#8579 = CARTESIAN_POINT('',(0.63932599101,0.673104970463));
#8580 = CARTESIAN_POINT('',(0.632060922925,0.673104970463));
#8581 = CARTESIAN_POINT('',(0.624795854815,0.673104970463));
#8582 = CARTESIAN_POINT('',(0.61281831012,0.673104970463));
#8583 = CARTESIAN_POINT('',(0.60810583354,0.673104970463));
#8584 = CARTESIAN_POINT('',(0.603393356947,0.673104970463));
#8585 = CARTESIAN_POINT('',(0.598680880344,0.673104970463));
#8586 = CARTESIAN_POINT('',(0.588274161217,0.673104970463));
#8587 = CARTESIAN_POINT('',(0.582579918683,0.673104970463));
#8588 = CARTESIAN_POINT('',(0.576885676133,0.673104970463));
#8589 = CARTESIAN_POINT('',(0.571191433567,0.673104970463));
#8590 = CARTESIAN_POINT('',(0.560195654851,0.673104970463));
#8591 = CARTESIAN_POINT('',(0.554894118698,0.673104970463));
#8592 = CARTESIAN_POINT('',(0.54959258253,0.673104970463));
#8593 = CARTESIAN_POINT('',(0.544291046351,0.673104970463));
#8594 = CARTESIAN_POINT('',(0.532509854886,0.673104970463));
#8595 = CARTESIAN_POINT('',(0.526030199587,0.673104970463));
#8596 = CARTESIAN_POINT('',(0.519550544269,0.673104970463));
#8597 = CARTESIAN_POINT('',(0.513070888936,0.673104970463));
#8598 = CARTESIAN_POINT('',(0.44631105688,0.673104970463));
#8599 = CARTESIAN_POINT('',(0.386029735946,0.673104970463));
#8600 = CARTESIAN_POINT('',(0.325750577777,0.673104970463));
#8601 = CARTESIAN_POINT('',(0.265469258734,0.673104970463));
#8602 = CARTESIAN_POINT('',(0.200869314697,0.673104970463));
#8603 = CARTESIAN_POINT('',(0.196549544479,0.673104970463));
#8604 = CARTESIAN_POINT('',(0.192229774269,0.673104970463));
#8605 = CARTESIAN_POINT('',(0.18791000407,0.673104970463));
#8606 = CARTESIAN_POINT('',(0.146872208702,0.673104970463));
#8607 = CARTESIAN_POINT('',(0.110154151266,0.673104970463));
#8608 = CARTESIAN_POINT('',(7.34360829947E-02,0.673104970463));
#8609 = CARTESIAN_POINT('',(3.67180253822E-02,0.673104970463));
#8610 = CARTESIAN_POINT('',(0.,0.673104970463));
#8611 = ( GEOMETRIC_REPRESENTATION_CONTEXT(2) 
PARAMETRIC_REPRESENTATION_CONTEXT() REPRESENTATION_CONTEXT('2D SPACE',''
  ) );
#8612 = ORIENTED_EDGE('',*,*,#8613,.T.);
#8613 = EDGE_CURVE('',#8433,#8614,#8616,.T.);
#8614 = VERTEX_POINT('',#8615);
#8615 = CARTESIAN_POINT('',(-25.1,-0.90333703811,4.440892098501E-16));
#8616 = SURFACE_CURVE('',#8617,(#8648,#8682),.PCURVE_S1.);
#8617 = B_SPLINE_CURVE_WITH_KNOTS('',8,(#8618,#8619,#8620,#8621,#8622,
    #8623,#8624,#8625,#8626,#8627,#8628,#8629,#8630,#8631,#8632,#8633,
    #8634,#8635,#8636,#8637,#8638,#8639,#8640,#8641,#8642,#8643,#8644,
    #8645,#8646,#8647),.UNSPECIFIED.,.F.,.F.,(9,7,7,7,9),(0.,
    0.250997935516,0.500997938822,0.75099794754,1.),.UNSPECIFIED.);
#8618 = CARTESIAN_POINT('',(-22.3,-2.4,0.));
#8619 = CARTESIAN_POINT('',(-22.3,-2.632739659213,0.));
#8620 = CARTESIAN_POINT('',(-22.33439264973,-2.865829501701,0.));
#8621 = CARTESIAN_POINT('',(-22.40335617622,-3.092776405942,0.));
#8622 = CARTESIAN_POINT('',(-22.5053908594,-3.307687457769,0.));
#8623 = CARTESIAN_POINT('',(-22.63808613382,-3.50514576763,0.));
#8624 = CARTESIAN_POINT('',(-22.7980149353,-3.680313244959,0.));
#8625 = CARTESIAN_POINT('',(-22.98087636894,-3.828891199278,0.));
#8626 = CARTESIAN_POINT('',(-23.38032017372,-4.066072868768,0.));
#8627 = CARTESIAN_POINT('',(-23.59735935933,-4.155265265906,0.));
#8628 = CARTESIAN_POINT('',(-23.82669024844,-4.211872058322,0.));
#8629 = CARTESIAN_POINT('',(-24.06255263153,-4.234187586557,0.));
#8630 = CARTESIAN_POINT('',(-24.29912929771,-4.221517517666,0.));
#8631 = CARTESIAN_POINT('',(-24.53057953583,-4.174318185581,0.));
#8632 = CARTESIAN_POINT('',(-24.75107831098,-4.094058708888,0.));
#8633 = CARTESIAN_POINT('',(-25.15905571183,-3.873817807741,0.));
#8634 = CARTESIAN_POINT('',(-25.34713839599,-3.733510289057,0.));
#8635 = CARTESIAN_POINT('',(-25.513590545,-3.565907563116,0.));
#8636 = CARTESIAN_POINT('',(-25.65398784569,-3.375073472374,0.));
#8637 = CARTESIAN_POINT('',(-25.76474411802,-3.165640666325,0.));
#8638 = CARTESIAN_POINT('',(-25.84324807218,-2.942853503727,0.));
#8639 = CARTESIAN_POINT('',(-25.88776518097,-2.712463571591,0.));
#8640 = CARTESIAN_POINT('',(-25.90855684355,-2.250227568313,0.));
#8641 = CARTESIAN_POINT('',(-25.88513352532,-2.017714735072,0.));
#8642 = CARTESIAN_POINT('',(-25.82745708056,-1.789660645985,0.));
#8643 = CARTESIAN_POINT('',(-25.73671606189,-1.571879779027,0.));
#8644 = CARTESIAN_POINT('',(-25.615006332,-1.36976797949,0.));
#8645 = CARTESIAN_POINT('',(-25.46543368155,-1.188210104935,0.));
#8646 = CARTESIAN_POINT('',(-25.29197864773,-1.031607990084,0.));
#8647 = CARTESIAN_POINT('',(-25.099999102,-0.90333643811,0.));
#8648 = PCURVE('',#5016,#8649);
#8649 = DEFINITIONAL_REPRESENTATION('',(#8650),#8681);
#8650 = B_SPLINE_CURVE_WITH_KNOTS('',8,(#8651,#8652,#8653,#8654,#8655,
    #8656,#8657,#8658,#8659,#8660,#8661,#8662,#8663,#8664,#8665,#8666,
    #8667,#8668,#8669,#8670,#8671,#8672,#8673,#8674,#8675,#8676,#8677,
    #8678,#8679,#8680),.UNSPECIFIED.,.F.,.F.,(9,7,7,7,9),(0.,
    0.250997935516,0.500997938822,0.75099794754,1.),.UNSPECIFIED.);
#8651 = CARTESIAN_POINT('',(8.2,-2.4));
#8652 = CARTESIAN_POINT('',(8.2,-2.632739659213));
#8653 = CARTESIAN_POINT('',(8.165607350269,-2.865829501701));
#8654 = CARTESIAN_POINT('',(8.096643823772,-3.092776405942));
#8655 = CARTESIAN_POINT('',(7.9946091406,-3.307687457769));
#8656 = CARTESIAN_POINT('',(7.861913866179,-3.50514576763));
#8657 = CARTESIAN_POINT('',(7.701985064697,-3.680313244959));
#8658 = CARTESIAN_POINT('',(7.519123631054,-3.828891199278));
#8659 = CARTESIAN_POINT('',(7.119679826275,-4.066072868768));
#8660 = CARTESIAN_POINT('',(6.902640640665,-4.155265265906));
#8661 = CARTESIAN_POINT('',(6.673309751552,-4.211872058322));
#8662 = CARTESIAN_POINT('',(6.437447368462,-4.234187586557));
#8663 = CARTESIAN_POINT('',(6.20087070229,-4.221517517666));
#8664 = CARTESIAN_POINT('',(5.969420464163,-4.174318185581));
#8665 = CARTESIAN_POINT('',(5.748921689017,-4.094058708888));
#8666 = CARTESIAN_POINT('',(5.340944288167,-3.873817807741));
#8667 = CARTESIAN_POINT('',(5.152861604004,-3.733510289057));
#8668 = CARTESIAN_POINT('',(4.986409454998,-3.565907563116));
#8669 = CARTESIAN_POINT('',(4.846012154301,-3.375073472374));
#8670 = CARTESIAN_POINT('',(4.735255881971,-3.165640666325));
#8671 = CARTESIAN_POINT('',(4.656751927812,-2.942853503727));
#8672 = CARTESIAN_POINT('',(4.612234819023,-2.712463571591));
#8673 = CARTESIAN_POINT('',(4.591443156449,-2.250227568313));
#8674 = CARTESIAN_POINT('',(4.614866474675,-2.017714735072));
#8675 = CARTESIAN_POINT('',(4.672542919434,-1.789660645985));
#8676 = CARTESIAN_POINT('',(4.763283938107,-1.571879779027));
#8677 = CARTESIAN_POINT('',(4.884993667993,-1.36976797949));
#8678 = CARTESIAN_POINT('',(5.03456631845,-1.188210104935));
#8679 = CARTESIAN_POINT('',(5.208021352268,-1.031607990084));
#8680 = CARTESIAN_POINT('',(5.400000897998,-0.90333643811));
#8681 = ( GEOMETRIC_REPRESENTATION_CONTEXT(2) 
PARAMETRIC_REPRESENTATION_CONTEXT() REPRESENTATION_CONTEXT('2D SPACE',''
  ) );
#8682 = PCURVE('',#8683,#8712);
#8683 = B_SPLINE_SURFACE_WITH_KNOTS('',13,1,(
    (#8684,#8685)
    ,(#8686,#8687)
    ,(#8688,#8689)
    ,(#8690,#8691)
    ,(#8692,#8693)
    ,(#8694,#8695)
    ,(#8696,#8697)
    ,(#8698,#8699)
    ,(#8700,#8701)
    ,(#8702,#8703)
    ,(#8704,#8705)
    ,(#8706,#8707)
    ,(#8708,#8709)
    ,(#8710,#8711
    )),.UNSPECIFIED.,.T.,.F.,.F.,(14,14),(2,2),(0.,6.28318530718),(0.,1.
    ),.PIECEWISE_BEZIER_KNOTS.);
#8684 = CARTESIAN_POINT('',(-28.41461362917,-2.4,-20.));
#8685 = CARTESIAN_POINT('',(-19.33042335055,-2.4,9.71304755963));
#8686 = CARTESIAN_POINT('',(-28.41461362917,-1.530020495929,-20.));
#8687 = CARTESIAN_POINT('',(-19.33042335055,-1.530020495929,
    9.71304755963));
#8688 = CARTESIAN_POINT('',(-28.87013633187,-0.660040643965,
    -19.99999999999));
#8689 = CARTESIAN_POINT('',(-19.78594605326,-0.660040643965,
    9.713047559631));
#8690 = CARTESIAN_POINT('',(-29.78115461784,-5.025732132327E-02,-20.));
#8691 = CARTESIAN_POINT('',(-20.6969643392,-5.025732132327E-02,
    9.713047559629));
#8692 = CARTESIAN_POINT('',(-30.98433175316,3.916487002936E-02,
    -19.99999999998));
#8693 = CARTESIAN_POINT('',(-21.90014147459,3.916487002936E-02,
    9.713047559632));
#8694 = CARTESIAN_POINT('',(-32.15217186577,-0.537956383664,
    -20.00000000003));
#8695 = CARTESIAN_POINT('',(-23.06798158708,-0.537956383664,
    9.713047559631));
#8696 = CARTESIAN_POINT('',(-32.8852735925,-1.698994189627,
    -19.99999999995));
#8697 = CARTESIAN_POINT('',(-23.80108331397,-1.698994189627,
    9.713047559624));
#8698 = CARTESIAN_POINT('',(-32.88527359248,-3.101005810374,
    -20.00000000005));
#8699 = CARTESIAN_POINT('',(-23.80108331377,-3.101005810374,
    9.713047559643));
#8700 = CARTESIAN_POINT('',(-32.15217186579,-4.262043616334,
    -19.99999999994));
#8701 = CARTESIAN_POINT('',(-23.06798158724,-4.262043616334,
    9.713047559615));
#8702 = CARTESIAN_POINT('',(-30.98433175315,-4.839164870032,
    -20.00000000003));
#8703 = CARTESIAN_POINT('',(-21.90014147448,-4.839164870032,
    9.713047559643));
#8704 = CARTESIAN_POINT('',(-29.78115461785,-4.749742678675,
    -19.99999999997));
#8705 = CARTESIAN_POINT('',(-20.69696433925,-4.749742678675,
    9.713047559623));
#8706 = CARTESIAN_POINT('',(-28.87013633187,-4.139959356036,-20.));
#8707 = CARTESIAN_POINT('',(-19.78594605324,-4.139959356036,
    9.713047559634));
#8708 = CARTESIAN_POINT('',(-28.41461362917,-3.269979504071,
    -19.99999999999));
#8709 = CARTESIAN_POINT('',(-19.33042335055,-3.269979504071,
    9.71304755963));
#8710 = CARTESIAN_POINT('',(-28.41461362917,-2.4,-20.));
#8711 = CARTESIAN_POINT('',(-19.33042335055,-2.4,9.71304755963));
#8712 = DEFINITIONAL_REPRESENTATION('',(#8713),#8744);
#8713 = B_SPLINE_CURVE_WITH_KNOTS('',8,(#8714,#8715,#8716,#8717,#8718,
    #8719,#8720,#8721,#8722,#8723,#8724,#8725,#8726,#8727,#8728,#8729,
    #8730,#8731,#8732,#8733,#8734,#8735,#8736,#8737,#8738,#8739,#8740,
    #8741,#8742,#8743),.UNSPECIFIED.,.F.,.F.,(9,7,7,7,9),(0.,
    0.250997935516,0.500997938822,0.75099794754,1.),.UNSPECIFIED.);
#8714 = CARTESIAN_POINT('',(6.28318530718,0.673104970463));
#8715 = CARTESIAN_POINT('',(6.153885496506,0.673104970463));
#8716 = CARTESIAN_POINT('',(6.024391650283,0.673104970463));
#8717 = CARTESIAN_POINT('',(5.895013022339,0.673104970463));
#8718 = CARTESIAN_POINT('',(5.765703773119,0.673104970463));
#8719 = CARTESIAN_POINT('',(5.636394520075,0.673104970463));
#8720 = CARTESIAN_POINT('',(5.507015971293,0.673104970463));
#8721 = CARTESIAN_POINT('',(5.377522128499,0.673104970463));
#8722 = CARTESIAN_POINT('',(5.119436539041,0.673104970463));
#8723 = CARTESIAN_POINT('',(4.990460575902,0.673104970463));
#8724 = CARTESIAN_POINT('',(4.861597412464,0.673104970463));
#8725 = CARTESIAN_POINT('',(4.732802456135,0.673104970463));
#8726 = CARTESIAN_POINT('',(4.604007505608,0.673104970463));
#8727 = CARTESIAN_POINT('',(4.475144352491,0.673104970463));
#8728 = CARTESIAN_POINT('',(4.346168395375,0.673104970463));
#8729 = CARTESIAN_POINT('',(4.088596884169,0.673104970463));
#8730 = CARTESIAN_POINT('',(3.959620924652,0.673104970463));
#8731 = CARTESIAN_POINT('',(3.83075777173,0.673104970463));
#8732 = CARTESIAN_POINT('',(3.701962824658,0.673104970463));
#8733 = CARTESIAN_POINT('',(3.57316787498,0.673104970463));
#8734 = CARTESIAN_POINT('',(3.444304715765,0.673104970463));
#8735 = CARTESIAN_POINT('',(3.315328749566,0.673104970463));
#8736 = CARTESIAN_POINT('',(3.058271315579,0.673104970463));
#8737 = CARTESIAN_POINT('',(2.929813199763,0.673104970463));
#8738 = CARTESIAN_POINT('',(2.801465455326,0.673104970463));
#8739 = CARTESIAN_POINT('',(2.67318483313,0.673104970463));
#8740 = CARTESIAN_POINT('',(2.544904212573,0.673104970463));
#8741 = CARTESIAN_POINT('',(2.41655647212,0.673104970463));
#8742 = CARTESIAN_POINT('',(2.288098360496,0.673104970463));
#8743 = CARTESIAN_POINT('',(2.159826692382,0.673104970463));
#8744 = ( GEOMETRIC_REPRESENTATION_CONTEXT(2) 
PARAMETRIC_REPRESENTATION_CONTEXT() REPRESENTATION_CONTEXT('2D SPACE',''
  ) );
#8745 = ORIENTED_EDGE('',*,*,#8746,.F.);
#8746 = EDGE_CURVE('',#7229,#8614,#8747,.T.);
#8747 = SURFACE_CURVE('',#8748,(#8752,#8758),.PCURVE_S1.);
#8748 = LINE('',#8749,#8750);
#8749 = CARTESIAN_POINT('',(-25.1,0.5625,0.));
#8750 = VECTOR('',#8751,1.);
#8751 = DIRECTION('',(0.,-1.,0.));
#8752 = PCURVE('',#5016,#8753);
#8753 = DEFINITIONAL_REPRESENTATION('',(#8754),#8757);
#8754 = B_SPLINE_CURVE_WITH_KNOTS('',1,(#8755,#8756),.UNSPECIFIED.,.F.,
  .F.,(2,2),(0.6875,1.46583704529),.PIECEWISE_BEZIER_KNOTS.);
#8755 = CARTESIAN_POINT('',(5.4,-0.125));
#8756 = CARTESIAN_POINT('',(5.4,-0.90333704529));
#8757 = ( GEOMETRIC_REPRESENTATION_CONTEXT(2) 
PARAMETRIC_REPRESENTATION_CONTEXT() REPRESENTATION_CONTEXT('2D SPACE',''
  ) );
#8758 = PCURVE('',#7243,#8759);
#8759 = DEFINITIONAL_REPRESENTATION('',(#8760),#8763);
#8760 = B_SPLINE_CURVE_WITH_KNOTS('',1,(#8761,#8762),.UNSPECIFIED.,.F.,
  .F.,(2,2),(0.6875,1.46583704529),.PIECEWISE_BEZIER_KNOTS.);
#8761 = CARTESIAN_POINT('',(1.25,-10.15685376347));
#8762 = CARTESIAN_POINT('',(2.02833704529,-10.15685376347));
#8763 = ( GEOMETRIC_REPRESENTATION_CONTEXT(2) 
PARAMETRIC_REPRESENTATION_CONTEXT() REPRESENTATION_CONTEXT('2D SPACE',''
  ) );
#8764 = ORIENTED_EDGE('',*,*,#7254,.T.);
#8765 = FACE_BOUND('',#8766,.F.);
#8766 = EDGE_LOOP('',(#8767,#8795,#8828,#8854));
#8767 = ORIENTED_EDGE('',*,*,#8768,.F.);
#8768 = EDGE_CURVE('',#8769,#8771,#8773,.T.);
#8769 = VERTEX_POINT('',#8770);
#8770 = CARTESIAN_POINT('',(18.234886774743,-10.32783345846,0.));
#8771 = VERTEX_POINT('',#8772);
#8772 = CARTESIAN_POINT('',(22.985323154484,-8.212802914467,0.));
#8773 = SURFACE_CURVE('',#8774,(#8778,#8784),.PCURVE_S1.);
#8774 = LINE('',#8775,#8776);
#8775 = CARTESIAN_POINT('',(2.192651184586,-17.47029691967,0.));
#8776 = VECTOR('',#8777,1.);
#8777 = DIRECTION('',(0.913545457643,0.406736643076,0.));
#8778 = PCURVE('',#5016,#8779);
#8779 = DEFINITIONAL_REPRESENTATION('',(#8780),#8783);
#8780 = B_SPLINE_CURVE_WITH_KNOTS('',1,(#8781,#8782),.UNSPECIFIED.,.F.,
  .F.,(2,2),(17.560413065326,22.760413065326),.PIECEWISE_BEZIER_KNOTS.);
#8781 = CARTESIAN_POINT('',(48.734886774743,-10.32783345846));
#8782 = CARTESIAN_POINT('',(53.485323154484,-8.212802914467));
#8783 = ( GEOMETRIC_REPRESENTATION_CONTEXT(2) 
PARAMETRIC_REPRESENTATION_CONTEXT() REPRESENTATION_CONTEXT('2D SPACE',''
  ) );
#8784 = PCURVE('',#8785,#8790);
#8785 = PLANE('',#8786);
#8786 = AXIS2_PLACEMENT_3D('',#8787,#8788,#8789);
#8787 = CARTESIAN_POINT('',(22.985323154484,-8.212802914467,-1.));
#8788 = DIRECTION('',(0.406736643076,-0.913545457643,0.));
#8789 = DIRECTION('',(-0.913545457643,-0.406736643076,0.));
#8790 = DEFINITIONAL_REPRESENTATION('',(#8791),#8794);
#8791 = B_SPLINE_CURVE_WITH_KNOTS('',1,(#8792,#8793),.UNSPECIFIED.,.F.,
  .F.,(2,2),(17.560413065326,22.760413065326),.PIECEWISE_BEZIER_KNOTS.);
#8792 = CARTESIAN_POINT('',(5.2,-1.));
#8793 = CARTESIAN_POINT('',(0.,-1.));
#8794 = ( GEOMETRIC_REPRESENTATION_CONTEXT(2) 
PARAMETRIC_REPRESENTATION_CONTEXT() REPRESENTATION_CONTEXT('2D SPACE',''
  ) );
#8795 = ORIENTED_EDGE('',*,*,#8796,.T.);
#8796 = EDGE_CURVE('',#8769,#8797,#8799,.T.);
#8797 = VERTEX_POINT('',#8798);
#8798 = CARTESIAN_POINT('',(17.014676845516,-7.587197085533,0.));
#8799 = SURFACE_CURVE('',#8800,(#8805,#8816),.PCURVE_S1.);
#8800 = CIRCLE('',#8801,1.5);
#8801 = AXIS2_PLACEMENT_3D('',#8802,#8803,#8804);
#8802 = CARTESIAN_POINT('',(17.624781810129,-8.957515271997,0.));
#8803 = DIRECTION('',(0.,-0.,-1.));
#8804 = DIRECTION('',(0.406736643076,-0.913545457643,0.));
#8805 = PCURVE('',#5016,#8806);
#8806 = DEFINITIONAL_REPRESENTATION('',(#8807),#8815);
#8807 = ( BOUNDED_CURVE() B_SPLINE_CURVE(2,(#8808,#8809,#8810,#8811,
#8812,#8813,#8814),.UNSPECIFIED.,.T.,.F.) B_SPLINE_CURVE_WITH_KNOTS((1,2
    ,2,2,2,1),(-2.094395102393,0.,2.094395102393,4.188790204786,
6.28318530718,8.377580409573),.UNSPECIFIED.) CURVE() 
GEOMETRIC_REPRESENTATION_ITEM() RATIONAL_B_SPLINE_CURVE((1.,0.5,1.,0.5,
1.,0.5,1.)) REPRESENTATION_ITEM('') );
#8808 = CARTESIAN_POINT('',(48.734886774743,-10.32783345846));
#8809 = CARTESIAN_POINT('',(46.361426053252,-11.38456625512));
#8810 = CARTESIAN_POINT('',(46.632998967077,-8.800722577096));
#8811 = CARTESIAN_POINT('',(46.904571880902,-6.216878899069));
#8812 = CARTESIAN_POINT('',(49.006459688568,-7.743989780435));
#8813 = CARTESIAN_POINT('',(51.108347496234,-9.2711006618));
#8814 = CARTESIAN_POINT('',(48.734886774743,-10.32783345846));
#8815 = ( GEOMETRIC_REPRESENTATION_CONTEXT(2) 
PARAMETRIC_REPRESENTATION_CONTEXT() REPRESENTATION_CONTEXT('2D SPACE',''
  ) );
#8816 = PCURVE('',#8817,#8822);
#8817 = CYLINDRICAL_SURFACE('',#8818,1.5);
#8818 = AXIS2_PLACEMENT_3D('',#8819,#8820,#8821);
#8819 = CARTESIAN_POINT('',(17.624781810129,-8.957515271997,-1.));
#8820 = DIRECTION('',(0.,-0.,-1.));
#8821 = DIRECTION('',(0.406736643076,-0.913545457643,0.));
#8822 = DEFINITIONAL_REPRESENTATION('',(#8823),#8827);
#8823 = LINE('',#8824,#8825);
#8824 = CARTESIAN_POINT('',(0.,-1.));
#8825 = VECTOR('',#8826,1.);
#8826 = DIRECTION('',(1.,0.));
#8827 = ( GEOMETRIC_REPRESENTATION_CONTEXT(2) 
PARAMETRIC_REPRESENTATION_CONTEXT() REPRESENTATION_CONTEXT('2D SPACE',''
  ) );
#8828 = ORIENTED_EDGE('',*,*,#8829,.F.);
#8829 = EDGE_CURVE('',#8830,#8797,#8832,.T.);
#8830 = VERTEX_POINT('',#8831);
#8831 = CARTESIAN_POINT('',(21.765113225257,-5.472166541539,0.));
#8832 = SURFACE_CURVE('',#8833,(#8837,#8843),.PCURVE_S1.);
#8833 = LINE('',#8834,#8835);
#8834 = CARTESIAN_POINT('',(-1.402776934512,-15.78717581874,0.));
#8835 = VECTOR('',#8836,1.);
#8836 = DIRECTION('',(-0.913545457643,-0.406736643076,0.));
#8837 = PCURVE('',#5016,#8838);
#8838 = DEFINITIONAL_REPRESENTATION('',(#8839),#8842);
#8839 = B_SPLINE_CURVE_WITH_KNOTS('',1,(#8840,#8841),.UNSPECIFIED.,.F.,
  .F.,(2,2),(-25.36041306532,-20.16041306532),.PIECEWISE_BEZIER_KNOTS.);
#8840 = CARTESIAN_POINT('',(52.265113225257,-5.472166541539));
#8841 = CARTESIAN_POINT('',(47.514676845516,-7.587197085533));
#8842 = ( GEOMETRIC_REPRESENTATION_CONTEXT(2) 
PARAMETRIC_REPRESENTATION_CONTEXT() REPRESENTATION_CONTEXT('2D SPACE',''
  ) );
#8843 = PCURVE('',#8844,#8849);
#8844 = PLANE('',#8845);
#8845 = AXIS2_PLACEMENT_3D('',#8846,#8847,#8848);
#8846 = CARTESIAN_POINT('',(17.014676845516,-7.587197085533,-1.));
#8847 = DIRECTION('',(-0.406736643076,0.913545457643,0.));
#8848 = DIRECTION('',(0.913545457643,0.406736643076,0.));
#8849 = DEFINITIONAL_REPRESENTATION('',(#8850),#8853);
#8850 = B_SPLINE_CURVE_WITH_KNOTS('',1,(#8851,#8852),.UNSPECIFIED.,.F.,
  .F.,(2,2),(-25.36041306532,-20.16041306532),.PIECEWISE_BEZIER_KNOTS.);
#8851 = CARTESIAN_POINT('',(5.2,-1.));
#8852 = CARTESIAN_POINT('',(0.,-1.));
#8853 = ( GEOMETRIC_REPRESENTATION_CONTEXT(2) 
PARAMETRIC_REPRESENTATION_CONTEXT() REPRESENTATION_CONTEXT('2D SPACE',''
  ) );
#8854 = ORIENTED_EDGE('',*,*,#8855,.T.);
#8855 = EDGE_CURVE('',#8830,#8771,#8856,.T.);
#8856 = SURFACE_CURVE('',#8857,(#8862,#8873),.PCURVE_S1.);
#8857 = CIRCLE('',#8858,1.5);
#8858 = AXIS2_PLACEMENT_3D('',#8859,#8860,#8861);
#8859 = CARTESIAN_POINT('',(22.375218189871,-6.842484728003,0.));
#8860 = DIRECTION('',(0.,0.,-1.));
#8861 = DIRECTION('',(-0.406736643076,0.913545457643,0.));
#8862 = PCURVE('',#5016,#8863);
#8863 = DEFINITIONAL_REPRESENTATION('',(#8864),#8872);
#8864 = ( BOUNDED_CURVE() B_SPLINE_CURVE(2,(#8865,#8866,#8867,#8868,
#8869,#8870,#8871),.UNSPECIFIED.,.T.,.F.) B_SPLINE_CURVE_WITH_KNOTS((1,2
    ,2,2,2,1),(-2.094395102393,0.,2.094395102393,4.188790204786,
6.28318530718,8.377580409573),.UNSPECIFIED.) CURVE() 
GEOMETRIC_REPRESENTATION_ITEM() RATIONAL_B_SPLINE_CURVE((1.,0.5,1.,0.5,
1.,0.5,1.)) REPRESENTATION_ITEM('') );
#8865 = CARTESIAN_POINT('',(52.265113225257,-5.472166541539));
#8866 = CARTESIAN_POINT('',(54.638573946748,-4.415433744878));
#8867 = CARTESIAN_POINT('',(54.367001032923,-6.999277422904));
#8868 = CARTESIAN_POINT('',(54.095428119098,-9.583121100931));
#8869 = CARTESIAN_POINT('',(51.993540311432,-8.056010219565));
#8870 = CARTESIAN_POINT('',(49.891652503766,-6.5288993382));
#8871 = CARTESIAN_POINT('',(52.265113225257,-5.472166541539));
#8872 = ( GEOMETRIC_REPRESENTATION_CONTEXT(2) 
PARAMETRIC_REPRESENTATION_CONTEXT() REPRESENTATION_CONTEXT('2D SPACE',''
  ) );
#8873 = PCURVE('',#8874,#8879);
#8874 = CYLINDRICAL_SURFACE('',#8875,1.5);
#8875 = AXIS2_PLACEMENT_3D('',#8876,#8877,#8878);
#8876 = CARTESIAN_POINT('',(22.375218189871,-6.842484728003,-1.));
#8877 = DIRECTION('',(0.,0.,-1.));
#8878 = DIRECTION('',(-0.406736643076,0.913545457643,0.));
#8879 = DEFINITIONAL_REPRESENTATION('',(#8880),#8884);
#8880 = LINE('',#8881,#8882);
#8881 = CARTESIAN_POINT('',(0.,-1.));
#8882 = VECTOR('',#8883,1.);
#8883 = DIRECTION('',(1.,0.));
#8884 = ( GEOMETRIC_REPRESENTATION_CONTEXT(2) 
PARAMETRIC_REPRESENTATION_CONTEXT() REPRESENTATION_CONTEXT('2D SPACE',''
  ) );
#8885 = ADVANCED_FACE('',(#8886),#5258,.T.);
#8886 = FACE_BOUND('',#8887,.T.);
#8887 = EDGE_LOOP('',(#8888,#8889,#8912,#8939));
#8888 = ORIENTED_EDGE('',*,*,#5243,.T.);
#8889 = ORIENTED_EDGE('',*,*,#8890,.T.);
#8890 = EDGE_CURVE('',#5217,#8891,#8893,.T.);
#8891 = VERTEX_POINT('',#8892);
#8892 = CARTESIAN_POINT('',(30.069576649446,1.229670691151,9.71304755963
    ));
#8893 = SURFACE_CURVE('',#8894,(#8898,#8905),.PCURVE_S1.);
#8894 = LINE('',#8895,#8896);
#8895 = CARTESIAN_POINT('',(30.069576649446,-1.125,9.71304755963));
#8896 = VECTOR('',#8897,1.);
#8897 = DIRECTION('',(0.,1.,0.));
#8898 = PCURVE('',#5258,#8899);
#8899 = DEFINITIONAL_REPRESENTATION('',(#8900),#8904);
#8900 = LINE('',#8901,#8902);
#8901 = CARTESIAN_POINT('',(0.,-31.67081649601));
#8902 = VECTOR('',#8903,1.);
#8903 = DIRECTION('',(1.,0.));
#8904 = ( GEOMETRIC_REPRESENTATION_CONTEXT(2) 
PARAMETRIC_REPRESENTATION_CONTEXT() REPRESENTATION_CONTEXT('2D SPACE',''
  ) );
#8905 = PCURVE('',#5231,#8906);
#8906 = DEFINITIONAL_REPRESENTATION('',(#8907),#8911);
#8907 = LINE('',#8908,#8909);
#8908 = CARTESIAN_POINT('',(1.1,1.775));
#8909 = VECTOR('',#8910,1.);
#8910 = DIRECTION('',(0.,1.));
#8911 = ( GEOMETRIC_REPRESENTATION_CONTEXT(2) 
PARAMETRIC_REPRESENTATION_CONTEXT() REPRESENTATION_CONTEXT('2D SPACE',''
  ) );
#8912 = ORIENTED_EDGE('',*,*,#8913,.T.);
#8913 = EDGE_CURVE('',#8891,#5294,#8914,.T.);
#8914 = SURFACE_CURVE('',#8915,(#8921,#8930),.PCURVE_S1.);
#8915 = B_SPLINE_CURVE_WITH_KNOTS('',4,(#8916,#8917,#8918,#8919,#8920),
  .UNSPECIFIED.,.F.,.F.,(5,5),(0.,1.),.PIECEWISE_BEZIER_KNOTS.);
#8916 = CARTESIAN_POINT('',(30.069576649446,1.229670699175,9.71304755963
    ));
#8917 = CARTESIAN_POINT('',(32.384489301671,1.229670699175,
    17.284785669723));
#8918 = CARTESIAN_POINT('',(34.699401953896,1.229670699175,
    24.856523779815));
#8919 = CARTESIAN_POINT('',(37.014314606121,1.229670699175,
    32.428261889908));
#8920 = CARTESIAN_POINT('',(39.329227258346,1.229670699175,40.));
#8921 = PCURVE('',#5258,#8922);
#8922 = DEFINITIONAL_REPRESENTATION('',(#8923),#8929);
#8923 = B_SPLINE_CURVE_WITH_KNOTS('',4,(#8924,#8925,#8926,#8927,#8928),
  .UNSPECIFIED.,.F.,.F.,(5,5),(0.,1.),.PIECEWISE_BEZIER_KNOTS.);
#8924 = CARTESIAN_POINT('',(2.354670699175,-31.67081649601));
#8925 = CARTESIAN_POINT('',(2.354670699175,-23.75311237201));
#8926 = CARTESIAN_POINT('',(2.354670699175,-15.835408248));
#8927 = CARTESIAN_POINT('',(2.354670699175,-7.917704124003));
#8928 = CARTESIAN_POINT('',(2.354670699175,-1.42108547152E-14));
#8929 = ( GEOMETRIC_REPRESENTATION_CONTEXT(2) 
PARAMETRIC_REPRESENTATION_CONTEXT() REPRESENTATION_CONTEXT('2D SPACE',''
  ) );
#8930 = PCURVE('',#5352,#8931);
#8931 = DEFINITIONAL_REPRESENTATION('',(#8932),#8938);
#8932 = B_SPLINE_CURVE_WITH_KNOTS('',4,(#8933,#8934,#8935,#8936,#8937),
  .UNSPECIFIED.,.F.,.F.,(5,5),(0.,1.),.PIECEWISE_BEZIER_KNOTS.);
#8933 = CARTESIAN_POINT('',(5.294753228438,0.));
#8934 = CARTESIAN_POINT('',(5.294753228438,0.25));
#8935 = CARTESIAN_POINT('',(5.294753228438,0.5));
#8936 = CARTESIAN_POINT('',(5.294753228438,0.75));
#8937 = CARTESIAN_POINT('',(5.294753228438,1.));
#8938 = ( GEOMETRIC_REPRESENTATION_CONTEXT(2) 
PARAMETRIC_REPRESENTATION_CONTEXT() REPRESENTATION_CONTEXT('2D SPACE',''
  ) );
#8939 = ORIENTED_EDGE('',*,*,#5293,.T.);
#8940 = ADVANCED_FACE('',(#8941),#5231,.F.);
#8941 = FACE_BOUND('',#8942,.F.);
#8942 = EDGE_LOOP('',(#8943,#8967,#8990,#9014,#9038,#9059,#9060,#9061,
    #9085,#9109));
#8943 = ORIENTED_EDGE('',*,*,#8944,.F.);
#8944 = EDGE_CURVE('',#8945,#8947,#8949,.T.);
#8945 = VERTEX_POINT('',#8946);
#8946 = CARTESIAN_POINT('',(27.669576649446,-0.125,9.71304755963));
#8947 = VERTEX_POINT('',#8948);
#8948 = CARTESIAN_POINT('',(27.869576649446,-0.125,9.71304755963));
#8949 = SURFACE_CURVE('',#8950,(#8954,#8961),.PCURVE_S1.);
#8950 = LINE('',#8951,#8952);
#8951 = CARTESIAN_POINT('',(-35.51521167527,-0.125,9.71304755963));
#8952 = VECTOR('',#8953,1.);
#8953 = DIRECTION('',(1.,0.,0.));
#8954 = PCURVE('',#5231,#8955);
#8955 = DEFINITIONAL_REPRESENTATION('',(#8956),#8960);
#8956 = LINE('',#8957,#8958);
#8957 = CARTESIAN_POINT('',(-64.48478832472,2.775));
#8958 = VECTOR('',#8959,1.);
#8959 = DIRECTION('',(1.,0.));
#8960 = ( GEOMETRIC_REPRESENTATION_CONTEXT(2) 
PARAMETRIC_REPRESENTATION_CONTEXT() REPRESENTATION_CONTEXT('2D SPACE',''
  ) );
#8961 = PCURVE('',#5729,#8962);
#8962 = DEFINITIONAL_REPRESENTATION('',(#8963),#8966);
#8963 = B_SPLINE_CURVE_WITH_KNOTS('',1,(#8964,#8965),.UNSPECIFIED.,.F.,
  .F.,(2,2),(62.284788324723,66.684788324723),.PIECEWISE_BEZIER_KNOTS.);
#8964 = CARTESIAN_POINT('',(109.71304755963,126.76957664944));
#8965 = CARTESIAN_POINT('',(109.71304755963,131.16957664944));
#8966 = ( GEOMETRIC_REPRESENTATION_CONTEXT(2) 
PARAMETRIC_REPRESENTATION_CONTEXT() REPRESENTATION_CONTEXT('2D SPACE',''
  ) );
#8967 = ORIENTED_EDGE('',*,*,#8968,.T.);
#8968 = EDGE_CURVE('',#8945,#8969,#8971,.T.);
#8969 = VERTEX_POINT('',#8970);
#8970 = CARTESIAN_POINT('',(27.669576649446,-1.12517606507,9.71304755963
    ));
#8971 = SURFACE_CURVE('',#8972,(#8976,#8983),.PCURVE_S1.);
#8972 = LINE('',#8973,#8974);
#8973 = CARTESIAN_POINT('',(27.669576649446,1.125,9.71304755963));
#8974 = VECTOR('',#8975,1.);
#8975 = DIRECTION('',(0.,-1.,0.));
#8976 = PCURVE('',#5231,#8977);
#8977 = DEFINITIONAL_REPRESENTATION('',(#8978),#8982);
#8978 = LINE('',#8979,#8980);
#8979 = CARTESIAN_POINT('',(-1.3,4.025));
#8980 = VECTOR('',#8981,1.);
#8981 = DIRECTION('',(0.,-1.));
#8982 = ( GEOMETRIC_REPRESENTATION_CONTEXT(2) 
PARAMETRIC_REPRESENTATION_CONTEXT() REPRESENTATION_CONTEXT('2D SPACE',''
  ) );
#8983 = PCURVE('',#7749,#8984);
#8984 = DEFINITIONAL_REPRESENTATION('',(#8985),#8989);
#8985 = LINE('',#8986,#8987);
#8986 = CARTESIAN_POINT('',(0.,0.));
#8987 = VECTOR('',#8988,1.);
#8988 = DIRECTION('',(1.,0.));
#8989 = ( GEOMETRIC_REPRESENTATION_CONTEXT(2) 
PARAMETRIC_REPRESENTATION_CONTEXT() REPRESENTATION_CONTEXT('2D SPACE',''
  ) );
#8990 = ORIENTED_EDGE('',*,*,#8991,.T.);
#8991 = EDGE_CURVE('',#8969,#8992,#8994,.T.);
#8992 = VERTEX_POINT('',#8993);
#8993 = CARTESIAN_POINT('',(31.169576649446,-2.9,9.71304755963));
#8994 = SURFACE_CURVE('',#8995,(#9000,#9007),.PCURVE_S1.);
#8995 = CIRCLE('',#8996,2.2);
#8996 = AXIS2_PLACEMENT_3D('',#8997,#8998,#8999);
#8997 = CARTESIAN_POINT('',(28.969576649446,-2.9,9.71304755963));
#8998 = DIRECTION('',(0.,0.,1.));
#8999 = DIRECTION('',(1.,0.,0.));
#9000 = PCURVE('',#5231,#9001);
#9001 = DEFINITIONAL_REPRESENTATION('',(#9002),#9006);
#9002 = CIRCLE('',#9003,2.2);
#9003 = AXIS2_PLACEMENT_2D('',#9004,#9005);
#9004 = CARTESIAN_POINT('',(0.,0.));
#9005 = DIRECTION('',(1.,0.));
#9006 = ( GEOMETRIC_REPRESENTATION_CONTEXT(2) 
PARAMETRIC_REPRESENTATION_CONTEXT() REPRESENTATION_CONTEXT('2D SPACE',''
  ) );
#9007 = PCURVE('',#7671,#9008);
#9008 = DEFINITIONAL_REPRESENTATION('',(#9009),#9013);
#9009 = LINE('',#9010,#9011);
#9010 = CARTESIAN_POINT('',(0.,1.));
#9011 = VECTOR('',#9012,1.);
#9012 = DIRECTION('',(1.,0.));
#9013 = ( GEOMETRIC_REPRESENTATION_CONTEXT(2) 
PARAMETRIC_REPRESENTATION_CONTEXT() REPRESENTATION_CONTEXT('2D SPACE',''
  ) );
#9014 = ORIENTED_EDGE('',*,*,#9015,.T.);
#9015 = EDGE_CURVE('',#8992,#9016,#9018,.T.);
#9016 = VERTEX_POINT('',#9017);
#9017 = CARTESIAN_POINT('',(30.269576649446,-1.12517606507,9.71304755963
    ));
#9018 = SURFACE_CURVE('',#9019,(#9024,#9031),.PCURVE_S1.);
#9019 = CIRCLE('',#9020,2.2);
#9020 = AXIS2_PLACEMENT_3D('',#9021,#9022,#9023);
#9021 = CARTESIAN_POINT('',(28.969576649446,-2.9,9.71304755963));
#9022 = DIRECTION('',(0.,0.,1.));
#9023 = DIRECTION('',(1.,0.,0.));
#9024 = PCURVE('',#5231,#9025);
#9025 = DEFINITIONAL_REPRESENTATION('',(#9026),#9030);
#9026 = CIRCLE('',#9027,2.2);
#9027 = AXIS2_PLACEMENT_2D('',#9028,#9029);
#9028 = CARTESIAN_POINT('',(0.,0.));
#9029 = DIRECTION('',(1.,0.));
#9030 = ( GEOMETRIC_REPRESENTATION_CONTEXT(2) 
PARAMETRIC_REPRESENTATION_CONTEXT() REPRESENTATION_CONTEXT('2D SPACE',''
  ) );
#9031 = PCURVE('',#7482,#9032);
#9032 = DEFINITIONAL_REPRESENTATION('',(#9033),#9037);
#9033 = LINE('',#9034,#9035);
#9034 = CARTESIAN_POINT('',(0.,1.));
#9035 = VECTOR('',#9036,1.);
#9036 = DIRECTION('',(1.,0.));
#9037 = ( GEOMETRIC_REPRESENTATION_CONTEXT(2) 
PARAMETRIC_REPRESENTATION_CONTEXT() REPRESENTATION_CONTEXT('2D SPACE',''
  ) );
#9038 = ORIENTED_EDGE('',*,*,#9039,.T.);
#9039 = EDGE_CURVE('',#9016,#5191,#9040,.T.);
#9040 = SURFACE_CURVE('',#9041,(#9045,#9052),.PCURVE_S1.);
#9041 = LINE('',#9042,#9043);
#9042 = CARTESIAN_POINT('',(30.269576649446,-2.9,9.71304755963));
#9043 = VECTOR('',#9044,1.);
#9044 = DIRECTION('',(0.,1.,0.));
#9045 = PCURVE('',#5231,#9046);
#9046 = DEFINITIONAL_REPRESENTATION('',(#9047),#9051);
#9047 = LINE('',#9048,#9049);
#9048 = CARTESIAN_POINT('',(1.3,0.));
#9049 = VECTOR('',#9050,1.);
#9050 = DIRECTION('',(0.,1.));
#9051 = ( GEOMETRIC_REPRESENTATION_CONTEXT(2) 
PARAMETRIC_REPRESENTATION_CONTEXT() REPRESENTATION_CONTEXT('2D SPACE',''
  ) );
#9052 = PCURVE('',#5205,#9053);
#9053 = DEFINITIONAL_REPRESENTATION('',(#9054),#9058);
#9054 = LINE('',#9055,#9056);
#9055 = CARTESIAN_POINT('',(0.,0.));
#9056 = VECTOR('',#9057,1.);
#9057 = DIRECTION('',(1.,0.));
#9058 = ( GEOMETRIC_REPRESENTATION_CONTEXT(2) 
PARAMETRIC_REPRESENTATION_CONTEXT() REPRESENTATION_CONTEXT('2D SPACE',''
  ) );
#9059 = ORIENTED_EDGE('',*,*,#5216,.F.);
#9060 = ORIENTED_EDGE('',*,*,#8890,.T.);
#9061 = ORIENTED_EDGE('',*,*,#9062,.T.);
#9062 = EDGE_CURVE('',#8891,#9063,#9065,.T.);
#9063 = VERTEX_POINT('',#9064);
#9064 = CARTESIAN_POINT('',(30.969576649446,2.9,9.71304755963));
#9065 = SURFACE_CURVE('',#9066,(#9071,#9078),.PCURVE_S1.);
#9066 = CIRCLE('',#9067,2.);
#9067 = AXIS2_PLACEMENT_3D('',#9068,#9069,#9070);
#9068 = CARTESIAN_POINT('',(28.969576649446,2.9,9.71304755963));
#9069 = DIRECTION('',(0.,0.,1.));
#9070 = DIRECTION('',(1.,0.,0.));
#9071 = PCURVE('',#5231,#9072);
#9072 = DEFINITIONAL_REPRESENTATION('',(#9073),#9077);
#9073 = CIRCLE('',#9074,2.);
#9074 = AXIS2_PLACEMENT_2D('',#9075,#9076);
#9075 = CARTESIAN_POINT('',(0.,5.8));
#9076 = DIRECTION('',(1.,0.));
#9077 = ( GEOMETRIC_REPRESENTATION_CONTEXT(2) 
PARAMETRIC_REPRESENTATION_CONTEXT() REPRESENTATION_CONTEXT('2D SPACE',''
  ) );
#9078 = PCURVE('',#5352,#9079);
#9079 = DEFINITIONAL_REPRESENTATION('',(#9080),#9084);
#9080 = LINE('',#9081,#9082);
#9081 = CARTESIAN_POINT('',(0.,0.));
#9082 = VECTOR('',#9083,1.);
#9083 = DIRECTION('',(1.,0.));
#9084 = ( GEOMETRIC_REPRESENTATION_CONTEXT(2) 
PARAMETRIC_REPRESENTATION_CONTEXT() REPRESENTATION_CONTEXT('2D SPACE',''
  ) );
#9085 = ORIENTED_EDGE('',*,*,#9086,.T.);
#9086 = EDGE_CURVE('',#9063,#9087,#9089,.T.);
#9087 = VERTEX_POINT('',#9088);
#9088 = CARTESIAN_POINT('',(27.869576649446,1.229670691151,9.71304755963
    ));
#9089 = SURFACE_CURVE('',#9090,(#9095,#9102),.PCURVE_S1.);
#9090 = CIRCLE('',#9091,2.);
#9091 = AXIS2_PLACEMENT_3D('',#9092,#9093,#9094);
#9092 = CARTESIAN_POINT('',(28.969576649446,2.9,9.71304755963));
#9093 = DIRECTION('',(0.,0.,1.));
#9094 = DIRECTION('',(1.,0.,0.));
#9095 = PCURVE('',#5231,#9096);
#9096 = DEFINITIONAL_REPRESENTATION('',(#9097),#9101);
#9097 = CIRCLE('',#9098,2.);
#9098 = AXIS2_PLACEMENT_2D('',#9099,#9100);
#9099 = CARTESIAN_POINT('',(0.,5.8));
#9100 = DIRECTION('',(1.,0.));
#9101 = ( GEOMETRIC_REPRESENTATION_CONTEXT(2) 
PARAMETRIC_REPRESENTATION_CONTEXT() REPRESENTATION_CONTEXT('2D SPACE',''
  ) );
#9102 = PCURVE('',#5573,#9103);
#9103 = DEFINITIONAL_REPRESENTATION('',(#9104),#9108);
#9104 = LINE('',#9105,#9106);
#9105 = CARTESIAN_POINT('',(0.,0.));
#9106 = VECTOR('',#9107,1.);
#9107 = DIRECTION('',(1.,0.));
#9108 = ( GEOMETRIC_REPRESENTATION_CONTEXT(2) 
PARAMETRIC_REPRESENTATION_CONTEXT() REPRESENTATION_CONTEXT('2D SPACE',''
  ) );
#9109 = ORIENTED_EDGE('',*,*,#9110,.T.);
#9110 = EDGE_CURVE('',#9087,#8947,#9111,.T.);
#9111 = SURFACE_CURVE('',#9112,(#9116,#9123),.PCURVE_S1.);
#9112 = LINE('',#9113,#9114);
#9113 = CARTESIAN_POINT('',(27.869576649446,2.9,9.71304755963));
#9114 = VECTOR('',#9115,1.);
#9115 = DIRECTION('',(0.,-1.,0.));
#9116 = PCURVE('',#5231,#9117);
#9117 = DEFINITIONAL_REPRESENTATION('',(#9118),#9122);
#9118 = LINE('',#9119,#9120);
#9119 = CARTESIAN_POINT('',(-1.1,5.8));
#9120 = VECTOR('',#9121,1.);
#9121 = DIRECTION('',(0.,-1.));
#9122 = ( GEOMETRIC_REPRESENTATION_CONTEXT(2) 
PARAMETRIC_REPRESENTATION_CONTEXT() REPRESENTATION_CONTEXT('2D SPACE',''
  ) );
#9123 = PCURVE('',#5703,#9124);
#9124 = DEFINITIONAL_REPRESENTATION('',(#9125),#9129);
#9125 = LINE('',#9126,#9127);
#9126 = CARTESIAN_POINT('',(-0.,-31.67081649601));
#9127 = VECTOR('',#9128,1.);
#9128 = DIRECTION('',(1.,0.));
#9129 = ( GEOMETRIC_REPRESENTATION_CONTEXT(2) 
PARAMETRIC_REPRESENTATION_CONTEXT() REPRESENTATION_CONTEXT('2D SPACE',''
  ) );
#9130 = ADVANCED_FACE('',(#9131),#5205,.F.);
#9131 = FACE_BOUND('',#9132,.F.);
#9132 = EDGE_LOOP('',(#9133,#9160,#9161,#9162));
#9133 = ORIENTED_EDGE('',*,*,#9134,.F.);
#9134 = EDGE_CURVE('',#7280,#9016,#9135,.T.);
#9135 = SURFACE_CURVE('',#9136,(#9142,#9151),.PCURVE_S1.);
#9136 = B_SPLINE_CURVE_WITH_KNOTS('',4,(#9137,#9138,#9139,#9140,#9141),
  .UNSPECIFIED.,.F.,.F.,(5,5),(0.,1.),.PIECEWISE_BEZIER_KNOTS.);
#9137 = CARTESIAN_POINT('',(21.185386370827,-1.125176068772,-20.));
#9138 = CARTESIAN_POINT('',(23.456433940482,-1.125176068772,
    -12.57173811009));
#9139 = CARTESIAN_POINT('',(25.727481510137,-1.125176068772,
    -5.143476220185));
#9140 = CARTESIAN_POINT('',(27.998529079791,-1.125176068772,
    2.284785669723));
#9141 = CARTESIAN_POINT('',(30.269576649446,-1.125176068772,
    9.71304755963));
#9142 = PCURVE('',#5205,#9143);
#9143 = DEFINITIONAL_REPRESENTATION('',(#9144),#9150);
#9144 = B_SPLINE_CURVE_WITH_KNOTS('',4,(#9145,#9146,#9147,#9148,#9149),
  .UNSPECIFIED.,.F.,.F.,(5,5),(0.,1.),.PIECEWISE_BEZIER_KNOTS.);
#9145 = CARTESIAN_POINT('',(1.774823931228,-31.07068889321));
#9146 = CARTESIAN_POINT('',(1.774823931228,-23.30301666991));
#9147 = CARTESIAN_POINT('',(1.774823931228,-15.5353444466));
#9148 = CARTESIAN_POINT('',(1.774823931228,-7.767672223304));
#9149 = CARTESIAN_POINT('',(1.774823931228,0.));
#9150 = ( GEOMETRIC_REPRESENTATION_CONTEXT(2) 
PARAMETRIC_REPRESENTATION_CONTEXT() REPRESENTATION_CONTEXT('2D SPACE',''
  ) );
#9151 = PCURVE('',#7482,#9152);
#9152 = DEFINITIONAL_REPRESENTATION('',(#9153),#9159);
#9153 = B_SPLINE_CURVE_WITH_KNOTS('',4,(#9154,#9155,#9156,#9157,#9158),
  .UNSPECIFIED.,.F.,.F.,(5,5),(0.,1.),.PIECEWISE_BEZIER_KNOTS.);
#9154 = CARTESIAN_POINT('',(0.938611072883,0.));
#9155 = CARTESIAN_POINT('',(0.938611072883,0.25));
#9156 = CARTESIAN_POINT('',(0.938611072883,0.5));
#9157 = CARTESIAN_POINT('',(0.938611072883,0.75));
#9158 = CARTESIAN_POINT('',(0.938611072883,1.));
#9159 = ( GEOMETRIC_REPRESENTATION_CONTEXT(2) 
PARAMETRIC_REPRESENTATION_CONTEXT() REPRESENTATION_CONTEXT('2D SPACE',''
  ) );
#9160 = ORIENTED_EDGE('',*,*,#7279,.T.);
#9161 = ORIENTED_EDGE('',*,*,#5190,.F.);
#9162 = ORIENTED_EDGE('',*,*,#9039,.F.);
#9163 = ADVANCED_FACE('',(#9164),#7111,.T.);
#9164 = FACE_BOUND('',#9165,.T.);
#9165 = EDGE_LOOP('',(#9166,#9195,#9216,#9217));
#9166 = ORIENTED_EDGE('',*,*,#9167,.F.);
#9167 = EDGE_CURVE('',#9168,#6823,#9170,.T.);
#9168 = VERTEX_POINT('',#9169);
#9169 = CARTESIAN_POINT('',(-21.93042335055,1.014359353945,9.71304755963
    ));
#9170 = SURFACE_CURVE('',#9171,(#9177,#9186),.PCURVE_S1.);
#9171 = B_SPLINE_CURVE_WITH_KNOTS('',4,(#9172,#9173,#9174,#9175,#9176),
  .UNSPECIFIED.,.F.,.F.,(5,5),(0.,1.),.PIECEWISE_BEZIER_KNOTS.);
#9172 = CARTESIAN_POINT('',(-21.93042335055,1.014359352166,9.71304755963
    ));
#9173 = CARTESIAN_POINT('',(-19.61551069832,1.014359352166,
    17.284785669723));
#9174 = CARTESIAN_POINT('',(-17.3005980461,1.014359352166,
    24.856523779815));
#9175 = CARTESIAN_POINT('',(-14.98568539387,1.014359352166,
    32.428261889908));
#9176 = CARTESIAN_POINT('',(-12.67077274165,1.014359352166,40.));
#9177 = PCURVE('',#7111,#9178);
#9178 = DEFINITIONAL_REPRESENTATION('',(#9179),#9185);
#9179 = B_SPLINE_CURVE_WITH_KNOTS('',4,(#9180,#9181,#9182,#9183,#9184),
  .UNSPECIFIED.,.F.,.F.,(5,5),(0.,1.),.PIECEWISE_BEZIER_KNOTS.);
#9180 = CARTESIAN_POINT('',(1.385640647834,-31.67081649601));
#9181 = CARTESIAN_POINT('',(1.385640647834,-23.75311237201));
#9182 = CARTESIAN_POINT('',(1.385640647834,-15.835408248));
#9183 = CARTESIAN_POINT('',(1.385640647834,-7.917704124003));
#9184 = CARTESIAN_POINT('',(1.385640647834,0.));
#9185 = ( GEOMETRIC_REPRESENTATION_CONTEXT(2) 
PARAMETRIC_REPRESENTATION_CONTEXT() REPRESENTATION_CONTEXT('2D SPACE',''
  ) );
#9186 = PCURVE('',#6986,#9187);
#9187 = DEFINITIONAL_REPRESENTATION('',(#9188),#9194);
#9188 = B_SPLINE_CURVE_WITH_KNOTS('',4,(#9189,#9190,#9191,#9192,#9193),
  .UNSPECIFIED.,.F.,.F.,(5,5),(0.,1.),.PIECEWISE_BEZIER_KNOTS.);
#9189 = CARTESIAN_POINT('',(4.188790204362,0.));
#9190 = CARTESIAN_POINT('',(4.188790204362,0.25));
#9191 = CARTESIAN_POINT('',(4.188790204362,0.5));
#9192 = CARTESIAN_POINT('',(4.188790204362,0.75));
#9193 = CARTESIAN_POINT('',(4.188790204362,1.));
#9194 = ( GEOMETRIC_REPRESENTATION_CONTEXT(2) 
PARAMETRIC_REPRESENTATION_CONTEXT() REPRESENTATION_CONTEXT('2D SPACE',''
  ) );
#9195 = ORIENTED_EDGE('',*,*,#9196,.T.);
#9196 = EDGE_CURVE('',#9168,#7181,#9197,.T.);
#9197 = SURFACE_CURVE('',#9198,(#9202,#9209),.PCURVE_S1.);
#9198 = LINE('',#9199,#9200);
#9199 = CARTESIAN_POINT('',(-21.93042335055,2.4,9.71304755963));
#9200 = VECTOR('',#9201,1.);
#9201 = DIRECTION('',(0.,-1.,0.));
#9202 = PCURVE('',#7111,#9203);
#9203 = DEFINITIONAL_REPRESENTATION('',(#9204),#9208);
#9204 = LINE('',#9205,#9206);
#9205 = CARTESIAN_POINT('',(-0.,-31.67081649601));
#9206 = VECTOR('',#9207,1.);
#9207 = DIRECTION('',(1.,0.));
#9208 = ( GEOMETRIC_REPRESENTATION_CONTEXT(2) 
PARAMETRIC_REPRESENTATION_CONTEXT() REPRESENTATION_CONTEXT('2D SPACE',''
  ) );
#9209 = PCURVE('',#7216,#9210);
#9210 = DEFINITIONAL_REPRESENTATION('',(#9211),#9215);
#9211 = LINE('',#9212,#9213);
#9212 = CARTESIAN_POINT('',(-0.8,4.8));
#9213 = VECTOR('',#9214,1.);
#9214 = DIRECTION('',(0.,-1.));
#9215 = ( GEOMETRIC_REPRESENTATION_CONTEXT(2) 
PARAMETRIC_REPRESENTATION_CONTEXT() REPRESENTATION_CONTEXT('2D SPACE',''
  ) );
#9216 = ORIENTED_EDGE('',*,*,#7180,.T.);
#9217 = ORIENTED_EDGE('',*,*,#7096,.T.);
#9218 = ADVANCED_FACE('',(#9219),#6986,.T.);
#9219 = FACE_BOUND('',#9220,.T.);
#9220 = EDGE_LOOP('',(#9221,#9243,#9265,#9266));
#9221 = ORIENTED_EDGE('',*,*,#9222,.F.);
#9222 = EDGE_CURVE('',#9223,#6738,#9225,.T.);
#9223 = VERTEX_POINT('',#9224);
#9224 = CARTESIAN_POINT('',(-19.53042335055,2.4,9.71304755963));
#9225 = SURFACE_CURVE('',#9226,(#9229,#9236),.PCURVE_S1.);
#9226 = B_SPLINE_CURVE_WITH_KNOTS('',1,(#9227,#9228),.UNSPECIFIED.,.F.,
  .F.,(2,2),(0.,1.),.PIECEWISE_BEZIER_KNOTS.);
#9227 = CARTESIAN_POINT('',(-19.53042335055,2.4,9.71304755963));
#9228 = CARTESIAN_POINT('',(-10.27077274165,2.4,40.));
#9229 = PCURVE('',#6986,#9230);
#9230 = DEFINITIONAL_REPRESENTATION('',(#9231),#9235);
#9231 = LINE('',#9232,#9233);
#9232 = CARTESIAN_POINT('',(0.,0.));
#9233 = VECTOR('',#9234,1.);
#9234 = DIRECTION('',(0.,1.));
#9235 = ( GEOMETRIC_REPRESENTATION_CONTEXT(2) 
PARAMETRIC_REPRESENTATION_CONTEXT() REPRESENTATION_CONTEXT('2D SPACE',''
  ) );
#9236 = PCURVE('',#6775,#9237);
#9237 = DEFINITIONAL_REPRESENTATION('',(#9238),#9242);
#9238 = LINE('',#9239,#9240);
#9239 = CARTESIAN_POINT('',(6.28318530718,0.));
#9240 = VECTOR('',#9241,1.);
#9241 = DIRECTION('',(0.,1.));
#9242 = ( GEOMETRIC_REPRESENTATION_CONTEXT(2) 
PARAMETRIC_REPRESENTATION_CONTEXT() REPRESENTATION_CONTEXT('2D SPACE',''
  ) );
#9243 = ORIENTED_EDGE('',*,*,#9244,.T.);
#9244 = EDGE_CURVE('',#9223,#9168,#9245,.T.);
#9245 = SURFACE_CURVE('',#9246,(#9251,#9258),.PCURVE_S1.);
#9246 = CIRCLE('',#9247,1.6);
#9247 = AXIS2_PLACEMENT_3D('',#9248,#9249,#9250);
#9248 = CARTESIAN_POINT('',(-21.13042335055,2.4,9.71304755963));
#9249 = DIRECTION('',(0.,0.,1.));
#9250 = DIRECTION('',(1.,0.,0.));
#9251 = PCURVE('',#6986,#9252);
#9252 = DEFINITIONAL_REPRESENTATION('',(#9253),#9257);
#9253 = LINE('',#9254,#9255);
#9254 = CARTESIAN_POINT('',(0.,0.));
#9255 = VECTOR('',#9256,1.);
#9256 = DIRECTION('',(1.,0.));
#9257 = ( GEOMETRIC_REPRESENTATION_CONTEXT(2) 
PARAMETRIC_REPRESENTATION_CONTEXT() REPRESENTATION_CONTEXT('2D SPACE',''
  ) );
#9258 = PCURVE('',#7216,#9259);
#9259 = DEFINITIONAL_REPRESENTATION('',(#9260),#9264);
#9260 = CIRCLE('',#9261,1.6);
#9261 = AXIS2_PLACEMENT_2D('',#9262,#9263);
#9262 = CARTESIAN_POINT('',(0.,4.8));
#9263 = DIRECTION('',(1.,0.));
#9264 = ( GEOMETRIC_REPRESENTATION_CONTEXT(2) 
PARAMETRIC_REPRESENTATION_CONTEXT() REPRESENTATION_CONTEXT('2D SPACE',''
  ) );
#9265 = ORIENTED_EDGE('',*,*,#9167,.T.);
#9266 = ORIENTED_EDGE('',*,*,#6822,.T.);
#9267 = ADVANCED_FACE('',(#9268),#6775,.T.);
#9268 = FACE_BOUND('',#9269,.T.);
#9269 = EDGE_LOOP('',(#9270,#9299,#9321,#9322));
#9270 = ORIENTED_EDGE('',*,*,#9271,.F.);
#9271 = EDGE_CURVE('',#9272,#6712,#9274,.T.);
#9272 = VERTEX_POINT('',#9273);
#9273 = CARTESIAN_POINT('',(-20.33042335055,1.014359353945,9.71304755963
    ));
#9274 = SURFACE_CURVE('',#9275,(#9281,#9290),.PCURVE_S1.);
#9275 = B_SPLINE_CURVE_WITH_KNOTS('',4,(#9276,#9277,#9278,#9279,#9280),
  .UNSPECIFIED.,.F.,.F.,(5,5),(0.,1.),.PIECEWISE_BEZIER_KNOTS.);
#9276 = CARTESIAN_POINT('',(-20.33042335055,1.014359362864,9.71304755963
    ));
#9277 = CARTESIAN_POINT('',(-18.01551069832,1.014359362864,
    17.284785669723));
#9278 = CARTESIAN_POINT('',(-15.7005980461,1.014359362864,
    24.856523779815));
#9279 = CARTESIAN_POINT('',(-13.38568539387,1.014359362864,
    32.428261889908));
#9280 = CARTESIAN_POINT('',(-11.07077274165,1.014359362864,40.));
#9281 = PCURVE('',#6775,#9282);
#9282 = DEFINITIONAL_REPRESENTATION('',(#9283),#9289);
#9283 = B_SPLINE_CURVE_WITH_KNOTS('',4,(#9284,#9285,#9286,#9287,#9288),
  .UNSPECIFIED.,.F.,.F.,(5,5),(0.,1.),.PIECEWISE_BEZIER_KNOTS.);
#9284 = CARTESIAN_POINT('',(5.235987770325,0.));
#9285 = CARTESIAN_POINT('',(5.235987770325,0.25));
#9286 = CARTESIAN_POINT('',(5.235987770325,0.5));
#9287 = CARTESIAN_POINT('',(5.235987770325,0.75));
#9288 = CARTESIAN_POINT('',(5.235987770325,1.));
#9289 = ( GEOMETRIC_REPRESENTATION_CONTEXT(2) 
PARAMETRIC_REPRESENTATION_CONTEXT() REPRESENTATION_CONTEXT('2D SPACE',''
  ) );
#9290 = PCURVE('',#6726,#9291);
#9291 = DEFINITIONAL_REPRESENTATION('',(#9292),#9298);
#9292 = B_SPLINE_CURVE_WITH_KNOTS('',4,(#9293,#9294,#9295,#9296,#9297),
  .UNSPECIFIED.,.F.,.F.,(5,5),(0.,1.),.PIECEWISE_BEZIER_KNOTS.);
#9293 = CARTESIAN_POINT('',(2.139359362864,-31.67081649601));
#9294 = CARTESIAN_POINT('',(2.139359362864,-23.75311237201));
#9295 = CARTESIAN_POINT('',(2.139359362864,-15.835408248));
#9296 = CARTESIAN_POINT('',(2.139359362864,-7.917704124003));
#9297 = CARTESIAN_POINT('',(2.139359362864,-2.13162820728E-14));
#9298 = ( GEOMETRIC_REPRESENTATION_CONTEXT(2) 
PARAMETRIC_REPRESENTATION_CONTEXT() REPRESENTATION_CONTEXT('2D SPACE',''
  ) );
#9299 = ORIENTED_EDGE('',*,*,#9300,.T.);
#9300 = EDGE_CURVE('',#9272,#9223,#9301,.T.);
#9301 = SURFACE_CURVE('',#9302,(#9307,#9314),.PCURVE_S1.);
#9302 = CIRCLE('',#9303,1.6);
#9303 = AXIS2_PLACEMENT_3D('',#9304,#9305,#9306);
#9304 = CARTESIAN_POINT('',(-21.13042335055,2.4,9.71304755963));
#9305 = DIRECTION('',(0.,0.,1.));
#9306 = DIRECTION('',(1.,0.,0.));
#9307 = PCURVE('',#6775,#9308);
#9308 = DEFINITIONAL_REPRESENTATION('',(#9309),#9313);
#9309 = LINE('',#9310,#9311);
#9310 = CARTESIAN_POINT('',(0.,0.));
#9311 = VECTOR('',#9312,1.);
#9312 = DIRECTION('',(1.,0.));
#9313 = ( GEOMETRIC_REPRESENTATION_CONTEXT(2) 
PARAMETRIC_REPRESENTATION_CONTEXT() REPRESENTATION_CONTEXT('2D SPACE',''
  ) );
#9314 = PCURVE('',#7216,#9315);
#9315 = DEFINITIONAL_REPRESENTATION('',(#9316),#9320);
#9316 = CIRCLE('',#9317,1.6);
#9317 = AXIS2_PLACEMENT_2D('',#9318,#9319);
#9318 = CARTESIAN_POINT('',(0.,4.8));
#9319 = DIRECTION('',(1.,0.));
#9320 = ( GEOMETRIC_REPRESENTATION_CONTEXT(2) 
PARAMETRIC_REPRESENTATION_CONTEXT() REPRESENTATION_CONTEXT('2D SPACE',''
  ) );
#9321 = ORIENTED_EDGE('',*,*,#9222,.T.);
#9322 = ORIENTED_EDGE('',*,*,#6737,.T.);
#9323 = ADVANCED_FACE('',(#9324),#6726,.T.);
#9324 = FACE_BOUND('',#9325,.T.);
#9325 = EDGE_LOOP('',(#9326,#9347,#9368,#9369));
#9326 = ORIENTED_EDGE('',*,*,#9327,.T.);
#9327 = EDGE_CURVE('',#6686,#9328,#9330,.T.);
#9328 = VERTEX_POINT('',#9329);
#9329 = CARTESIAN_POINT('',(-20.33042335055,-0.125,9.71304755963));
#9330 = SURFACE_CURVE('',#9331,(#9335,#9341),.PCURVE_S1.);
#9331 = LINE('',#9332,#9333);
#9332 = CARTESIAN_POINT('',(-34.44341350385,-0.125,-36.44846323792));
#9333 = VECTOR('',#9334,1.);
#9334 = DIRECTION('',(-0.292371704723,0.,-0.956304755963));
#9335 = PCURVE('',#6726,#9336);
#9336 = DEFINITIONAL_REPRESENTATION('',(#9337),#9340);
#9337 = B_SPLINE_CURVE_WITH_KNOTS('',1,(#9338,#9339),.UNSPECIFIED.,.F.,
  .F.,(2,2),(-61.79460132541,-48.27071130799),.PIECEWISE_BEZIER_KNOTS.);
#9338 = CARTESIAN_POINT('',(1.,-18.14692647859));
#9339 = CARTESIAN_POINT('',(1.,-31.67081649601));
#9340 = ( GEOMETRIC_REPRESENTATION_CONTEXT(2) 
PARAMETRIC_REPRESENTATION_CONTEXT() REPRESENTATION_CONTEXT('2D SPACE',''
  ) );
#9341 = PCURVE('',#6700,#9342);
#9342 = DEFINITIONAL_REPRESENTATION('',(#9343),#9346);
#9343 = B_SPLINE_CURVE_WITH_KNOTS('',1,(#9344,#9345),.UNSPECIFIED.,.F.,
  .F.,(2,2),(-61.79460132541,-48.27071130799),.PIECEWISE_BEZIER_KNOTS.);
#9344 = CARTESIAN_POINT('',(122.64600790241,83.623579428322));
#9345 = CARTESIAN_POINT('',(109.71304755963,79.669576649446));
#9346 = ( GEOMETRIC_REPRESENTATION_CONTEXT(2) 
PARAMETRIC_REPRESENTATION_CONTEXT() REPRESENTATION_CONTEXT('2D SPACE',''
  ) );
#9347 = ORIENTED_EDGE('',*,*,#9348,.T.);
#9348 = EDGE_CURVE('',#9328,#9272,#9349,.T.);
#9349 = SURFACE_CURVE('',#9350,(#9354,#9361),.PCURVE_S1.);
#9350 = LINE('',#9351,#9352);
#9351 = CARTESIAN_POINT('',(-20.33042335055,-1.125,9.71304755963));
#9352 = VECTOR('',#9353,1.);
#9353 = DIRECTION('',(0.,1.,0.));
#9354 = PCURVE('',#6726,#9355);
#9355 = DEFINITIONAL_REPRESENTATION('',(#9356),#9360);
#9356 = LINE('',#9357,#9358);
#9357 = CARTESIAN_POINT('',(0.,-31.67081649601));
#9358 = VECTOR('',#9359,1.);
#9359 = DIRECTION('',(1.,0.));
#9360 = ( GEOMETRIC_REPRESENTATION_CONTEXT(2) 
PARAMETRIC_REPRESENTATION_CONTEXT() REPRESENTATION_CONTEXT('2D SPACE',''
  ) );
#9361 = PCURVE('',#7216,#9362);
#9362 = DEFINITIONAL_REPRESENTATION('',(#9363),#9367);
#9363 = LINE('',#9364,#9365);
#9364 = CARTESIAN_POINT('',(0.8,1.275));
#9365 = VECTOR('',#9366,1.);
#9366 = DIRECTION('',(0.,1.));
#9367 = ( GEOMETRIC_REPRESENTATION_CONTEXT(2) 
PARAMETRIC_REPRESENTATION_CONTEXT() REPRESENTATION_CONTEXT('2D SPACE',''
  ) );
#9368 = ORIENTED_EDGE('',*,*,#9271,.T.);
#9369 = ORIENTED_EDGE('',*,*,#6711,.T.);
#9370 = ADVANCED_FACE('',(#9371),#6700,.T.);
#9371 = FACE_BOUND('',#9372,.T.);
#9372 = EDGE_LOOP('',(#9373,#9374,#9401,#9402,#9423,#9443));
#9373 = ORIENTED_EDGE('',*,*,#6685,.F.);
#9374 = ORIENTED_EDGE('',*,*,#9375,.F.);
#9375 = EDGE_CURVE('',#7883,#5980,#9376,.T.);
#9376 = SURFACE_CURVE('',#9377,(#9383,#9392),.PCURVE_S1.);
#9377 = B_SPLINE_CURVE_WITH_KNOTS('',4,(#9378,#9379,#9380,#9381,#9382),
  .UNSPECIFIED.,.F.,.F.,(5,5),(0.,1.),.PIECEWISE_BEZIER_KNOTS.);
#9378 = CARTESIAN_POINT('',(-21.20000022465,-0.125,0.));
#9379 = CARTESIAN_POINT('',(-19.46910536757,-0.125,5.661501975602));
#9380 = CARTESIAN_POINT('',(-17.73821051049,-0.125,11.323003951205));
#9381 = CARTESIAN_POINT('',(-16.00731565341,-0.125,16.984505926807));
#9382 = CARTESIAN_POINT('',(-14.27642079633,-0.125,22.64600790241));
#9383 = PCURVE('',#6700,#9384);
#9384 = DEFINITIONAL_REPRESENTATION('',(#9385),#9391);
#9385 = B_SPLINE_CURVE_WITH_KNOTS('',4,(#9386,#9387,#9388,#9389,#9390),
  .UNSPECIFIED.,.F.,.F.,(5,5),(0.,1.),.PIECEWISE_BEZIER_KNOTS.);
#9386 = CARTESIAN_POINT('',(100.,78.799999775347));
#9387 = CARTESIAN_POINT('',(105.6615019756,80.530894632427));
#9388 = CARTESIAN_POINT('',(111.3230039512,82.261789489508));
#9389 = CARTESIAN_POINT('',(116.9845059268,83.992684346588));
#9390 = CARTESIAN_POINT('',(122.64600790241,85.723579203669));
#9391 = ( GEOMETRIC_REPRESENTATION_CONTEXT(2) 
PARAMETRIC_REPRESENTATION_CONTEXT() REPRESENTATION_CONTEXT('2D SPACE',''
  ) );
#9392 = PCURVE('',#6427,#9393);
#9393 = DEFINITIONAL_REPRESENTATION('',(#9394),#9400);
#9394 = B_SPLINE_CURVE_WITH_KNOTS('',4,(#9395,#9396,#9397,#9398,#9399),
  .UNSPECIFIED.,.F.,.F.,(5,5),(0.,1.),.PIECEWISE_BEZIER_KNOTS.);
#9395 = CARTESIAN_POINT('',(20.685209948898,0.25));
#9396 = CARTESIAN_POINT('',(20.685209948898,0.320768774695));
#9397 = CARTESIAN_POINT('',(20.685209948898,0.39153754939));
#9398 = CARTESIAN_POINT('',(20.685209948898,0.462306324085));
#9399 = CARTESIAN_POINT('',(20.685209948898,0.53307509878));
#9400 = ( GEOMETRIC_REPRESENTATION_CONTEXT(2) 
PARAMETRIC_REPRESENTATION_CONTEXT() REPRESENTATION_CONTEXT('2D SPACE',''
  ) );
#9401 = ORIENTED_EDGE('',*,*,#8385,.T.);
#9402 = ORIENTED_EDGE('',*,*,#9403,.F.);
#9403 = EDGE_CURVE('',#9404,#8386,#9406,.T.);
#9404 = VERTEX_POINT('',#9405);
#9405 = CARTESIAN_POINT('',(-20.13042335055,-0.125,9.71304755963));
#9406 = SURFACE_CURVE('',#9407,(#9411,#9417),.PCURVE_S1.);
#9407 = LINE('',#9408,#9409);
#9408 = CARTESIAN_POINT('',(-38.88178692967,-0.125,-51.61989910328));
#9409 = VECTOR('',#9410,1.);
#9410 = DIRECTION('',(-0.292371704723,0.,-0.956304755963));
#9411 = PCURVE('',#6700,#9412);
#9412 = DEFINITIONAL_REPRESENTATION('',(#9413),#9416);
#9413 = B_SPLINE_CURVE_WITH_KNOTS('',1,(#9414,#9415),.UNSPECIFIED.,.F.,
  .F.,(2,2),(-64.13535672647,-53.978502963),.PIECEWISE_BEZIER_KNOTS.);
#9414 = CARTESIAN_POINT('',(109.71304755963,79.869576649446));
#9415 = CARTESIAN_POINT('',(100.,76.9));
#9416 = ( GEOMETRIC_REPRESENTATION_CONTEXT(2) 
PARAMETRIC_REPRESENTATION_CONTEXT() REPRESENTATION_CONTEXT('2D SPACE',''
  ) );
#9417 = PCURVE('',#8421,#9418);
#9418 = DEFINITIONAL_REPRESENTATION('',(#9419),#9422);
#9419 = B_SPLINE_CURVE_WITH_KNOTS('',1,(#9420,#9421),.UNSPECIFIED.,.F.,
  .F.,(2,2),(-64.13535672647,-53.978502963),.PIECEWISE_BEZIER_KNOTS.);
#9420 = CARTESIAN_POINT('',(2.275,0.));
#9421 = CARTESIAN_POINT('',(2.275,-10.15685376347));
#9422 = ( GEOMETRIC_REPRESENTATION_CONTEXT(2) 
PARAMETRIC_REPRESENTATION_CONTEXT() REPRESENTATION_CONTEXT('2D SPACE',''
  ) );
#9423 = ORIENTED_EDGE('',*,*,#9424,.F.);
#9424 = EDGE_CURVE('',#9328,#9404,#9425,.T.);
#9425 = SURFACE_CURVE('',#9426,(#9430,#9436),.PCURVE_S1.);
#9426 = LINE('',#9427,#9428);
#9427 = CARTESIAN_POINT('',(-60.56521167527,-0.125,9.71304755963));
#9428 = VECTOR('',#9429,1.);
#9429 = DIRECTION('',(1.,0.,0.));
#9430 = PCURVE('',#6700,#9431);
#9431 = DEFINITIONAL_REPRESENTATION('',(#9432),#9435);
#9432 = B_SPLINE_CURVE_WITH_KNOTS('',1,(#9433,#9434),.UNSPECIFIED.,.F.,
  .F.,(2,2),(37.634788324723,41.234788324723),.PIECEWISE_BEZIER_KNOTS.);
#9433 = CARTESIAN_POINT('',(109.71304755963,77.069576649446));
#9434 = CARTESIAN_POINT('',(109.71304755963,80.669576649446));
#9435 = ( GEOMETRIC_REPRESENTATION_CONTEXT(2) 
PARAMETRIC_REPRESENTATION_CONTEXT() REPRESENTATION_CONTEXT('2D SPACE',''
  ) );
#9436 = PCURVE('',#7216,#9437);
#9437 = DEFINITIONAL_REPRESENTATION('',(#9438),#9442);
#9438 = LINE('',#9439,#9440);
#9439 = CARTESIAN_POINT('',(-39.43478832472,2.275));
#9440 = VECTOR('',#9441,1.);
#9441 = DIRECTION('',(1.,0.));
#9442 = ( GEOMETRIC_REPRESENTATION_CONTEXT(2) 
PARAMETRIC_REPRESENTATION_CONTEXT() REPRESENTATION_CONTEXT('2D SPACE',''
  ) );
#9443 = ORIENTED_EDGE('',*,*,#9327,.F.);
#9444 = ADVANCED_FACE('',(#9445),#6427,.F.);
#9445 = FACE_BOUND('',#9446,.F.);
#9446 = EDGE_LOOP('',(#9447,#9448,#9467,#9468));
#9447 = ORIENTED_EDGE('',*,*,#7882,.F.);
#9448 = ORIENTED_EDGE('',*,*,#9449,.T.);
#9449 = EDGE_CURVE('',#7862,#5954,#9450,.T.);
#9450 = SURFACE_CURVE('',#9451,(#9454,#9461),.PCURVE_S1.);
#9451 = B_SPLINE_CURVE_WITH_KNOTS('',1,(#9452,#9453),.UNSPECIFIED.,.F.,
  .F.,(2,2),(0.,1.),.PIECEWISE_BEZIER_KNOTS.);
#9452 = CARTESIAN_POINT('',(-16.61461362917,-10.1,-20.));
#9453 = CARTESIAN_POINT('',(7.84384088752,-10.1,60.));
#9454 = PCURVE('',#6427,#9455);
#9455 = DEFINITIONAL_REPRESENTATION('',(#9456),#9460);
#9456 = LINE('',#9457,#9458);
#9457 = CARTESIAN_POINT('',(41.119832237205,0.));
#9458 = VECTOR('',#9459,1.);
#9459 = DIRECTION('',(0.,1.));
#9460 = ( GEOMETRIC_REPRESENTATION_CONTEXT(2) 
PARAMETRIC_REPRESENTATION_CONTEXT() REPRESENTATION_CONTEXT('2D SPACE',''
  ) );
#9461 = PCURVE('',#5968,#9462);
#9462 = DEFINITIONAL_REPRESENTATION('',(#9463),#9466);
#9463 = B_SPLINE_CURVE_WITH_KNOTS('',1,(#9464,#9465),.UNSPECIFIED.,.F.,
  .F.,(2,2),(0.,1.),.PIECEWISE_BEZIER_KNOTS.);
#9464 = CARTESIAN_POINT('',(0.,-83.65534051897));
#9465 = CARTESIAN_POINT('',(0.,0.));
#9466 = ( GEOMETRIC_REPRESENTATION_CONTEXT(2) 
PARAMETRIC_REPRESENTATION_CONTEXT() REPRESENTATION_CONTEXT('2D SPACE',''
  ) );
#9467 = ORIENTED_EDGE('',*,*,#5979,.T.);
#9468 = ORIENTED_EDGE('',*,*,#9375,.F.);
#9469 = ADVANCED_FACE('',(#9470),#5968,.F.);
#9470 = FACE_BOUND('',#9471,.F.);
#9471 = EDGE_LOOP('',(#9472,#9473,#9474,#9501));
#9472 = ORIENTED_EDGE('',*,*,#9449,.F.);
#9473 = ORIENTED_EDGE('',*,*,#7861,.T.);
#9474 = ORIENTED_EDGE('',*,*,#9475,.T.);
#9475 = EDGE_CURVE('',#7782,#5741,#9476,.T.);
#9476 = SURFACE_CURVE('',#9477,(#9483,#9492),.PCURVE_S1.);
#9477 = B_SPLINE_CURVE_WITH_KNOTS('',4,(#9478,#9479,#9480,#9481,#9482),
  .UNSPECIFIED.,.F.,.F.,(5,5),(0.,1.),.PIECEWISE_BEZIER_KNOTS.);
#9478 = CARTESIAN_POINT('',(-16.61461362917,-9.927361191462,-20.));
#9479 = CARTESIAN_POINT('',(-10.5,-9.927361191462,5.684341886081E-14));
#9480 = CARTESIAN_POINT('',(-4.385386370827,-9.927361191462,20.));
#9481 = CARTESIAN_POINT('',(1.729227258346,-9.927361191462,40.));
#9482 = CARTESIAN_POINT('',(7.84384088752,-9.927361191462,60.));
#9483 = PCURVE('',#5968,#9484);
#9484 = DEFINITIONAL_REPRESENTATION('',(#9485),#9491);
#9485 = B_SPLINE_CURVE_WITH_KNOTS('',4,(#9486,#9487,#9488,#9489,#9490),
  .UNSPECIFIED.,.F.,.F.,(5,5),(0.,1.),.PIECEWISE_BEZIER_KNOTS.);
#9486 = CARTESIAN_POINT('',(0.172638808538,-83.65534051897));
#9487 = CARTESIAN_POINT('',(0.172638808538,-62.74150538922));
#9488 = CARTESIAN_POINT('',(0.172638808538,-41.82767025948));
#9489 = CARTESIAN_POINT('',(0.172638808538,-20.91383512974));
#9490 = CARTESIAN_POINT('',(0.172638808538,-2.84217094304E-14));
#9491 = ( GEOMETRIC_REPRESENTATION_CONTEXT(2) 
PARAMETRIC_REPRESENTATION_CONTEXT() REPRESENTATION_CONTEXT('2D SPACE',''
  ) );
#9492 = PCURVE('',#5862,#9493);
#9493 = DEFINITIONAL_REPRESENTATION('',(#9494),#9500);
#9494 = B_SPLINE_CURVE_WITH_KNOTS('',4,(#9495,#9496,#9497,#9498,#9499),
  .UNSPECIFIED.,.F.,.F.,(5,5),(0.,1.),.PIECEWISE_BEZIER_KNOTS.);
#9495 = CARTESIAN_POINT('',(3.898965225193,0.));
#9496 = CARTESIAN_POINT('',(3.898965225193,0.25));
#9497 = CARTESIAN_POINT('',(3.898965225193,0.5));
#9498 = CARTESIAN_POINT('',(3.898965225193,0.75));
#9499 = CARTESIAN_POINT('',(3.898965225193,1.));
#9500 = ( GEOMETRIC_REPRESENTATION_CONTEXT(2) 
PARAMETRIC_REPRESENTATION_CONTEXT() REPRESENTATION_CONTEXT('2D SPACE',''
  ) );
#9501 = ORIENTED_EDGE('',*,*,#5953,.F.);
#9502 = ADVANCED_FACE('',(#9503),#5862,.F.);
#9503 = FACE_BOUND('',#9504,.F.);
#9504 = EDGE_LOOP('',(#9505,#9506,#9507,#9534));
#9505 = ORIENTED_EDGE('',*,*,#9475,.F.);
#9506 = ORIENTED_EDGE('',*,*,#7781,.F.);
#9507 = ORIENTED_EDGE('',*,*,#9508,.T.);
#9508 = EDGE_CURVE('',#7761,#5715,#9509,.T.);
#9509 = SURFACE_CURVE('',#9510,(#9516,#9525),.PCURVE_S1.);
#9510 = B_SPLINE_CURVE_WITH_KNOTS('',4,(#9511,#9512,#9513,#9514,#9515),
  .UNSPECIFIED.,.F.,.F.,(5,5),(0.,1.),.PIECEWISE_BEZIER_KNOTS.);
#9511 = CARTESIAN_POINT('',(14.449459332498,-0.125,0.));
#9512 = CARTESIAN_POINT('',(16.180354189579,-0.125,5.661501975603));
#9513 = CARTESIAN_POINT('',(17.911249046659,-0.125,11.323003951205));
#9514 = CARTESIAN_POINT('',(19.64214390374,-0.125,16.984505926807));
#9515 = CARTESIAN_POINT('',(21.37303876082,-0.125,22.64600790241));
#9516 = PCURVE('',#5862,#9517);
#9517 = DEFINITIONAL_REPRESENTATION('',(#9518),#9524);
#9518 = B_SPLINE_CURVE_WITH_KNOTS('',4,(#9519,#9520,#9521,#9522,#9523),
  .UNSPECIFIED.,.F.,.F.,(5,5),(0.,1.),.PIECEWISE_BEZIER_KNOTS.);
#9519 = CARTESIAN_POINT('',(6.274534680283,0.25));
#9520 = CARTESIAN_POINT('',(6.274534680283,0.320768774695));
#9521 = CARTESIAN_POINT('',(6.274534680283,0.39153754939));
#9522 = CARTESIAN_POINT('',(6.274534680283,0.462306324085));
#9523 = CARTESIAN_POINT('',(6.274534680283,0.53307509878));
#9524 = ( GEOMETRIC_REPRESENTATION_CONTEXT(2) 
PARAMETRIC_REPRESENTATION_CONTEXT() REPRESENTATION_CONTEXT('2D SPACE',''
  ) );
#9525 = PCURVE('',#5729,#9526);
#9526 = DEFINITIONAL_REPRESENTATION('',(#9527),#9533);
#9527 = B_SPLINE_CURVE_WITH_KNOTS('',4,(#9528,#9529,#9530,#9531,#9532),
  .UNSPECIFIED.,.F.,.F.,(5,5),(0.,1.),.PIECEWISE_BEZIER_KNOTS.);
#9528 = CARTESIAN_POINT('',(100.,114.44945933249));
#9529 = CARTESIAN_POINT('',(105.6615019756,116.18035418957));
#9530 = CARTESIAN_POINT('',(111.3230039512,117.91124904665));
#9531 = CARTESIAN_POINT('',(116.9845059268,119.64214390374));
#9532 = CARTESIAN_POINT('',(122.64600790241,121.37303876082));
#9533 = ( GEOMETRIC_REPRESENTATION_CONTEXT(2) 
PARAMETRIC_REPRESENTATION_CONTEXT() REPRESENTATION_CONTEXT('2D SPACE',''
  ) );
#9534 = ORIENTED_EDGE('',*,*,#5740,.T.);
#9535 = ADVANCED_FACE('',(#9536),#5729,.T.);
#9536 = FACE_BOUND('',#9537,.T.);
#9537 = EDGE_LOOP('',(#9538,#9539,#9558,#9559,#9578,#9579));
#9538 = ORIENTED_EDGE('',*,*,#5714,.F.);
#9539 = ORIENTED_EDGE('',*,*,#9540,.F.);
#9540 = EDGE_CURVE('',#8947,#5689,#9541,.T.);
#9541 = SURFACE_CURVE('',#9542,(#9546,#9552),.PCURVE_S1.);
#9542 = LINE('',#9543,#9544);
#9543 = CARTESIAN_POINT('',(11.696489245436,-0.125,-43.18673772475));
#9544 = VECTOR('',#9545,1.);
#9545 = DIRECTION('',(0.292371704723,-0.,0.956304755963));
#9546 = PCURVE('',#5729,#9547);
#9547 = DEFINITIONAL_REPRESENTATION('',(#9548),#9551);
#9548 = B_SPLINE_CURVE_WITH_KNOTS('',1,(#9549,#9550),.UNSPECIFIED.,.F.,
  .F.,(2,2),(55.316869391817,61.226516909707),.PIECEWISE_BEZIER_KNOTS.);
#9549 = CARTESIAN_POINT('',(109.71304755963,127.86957664944));
#9550 = CARTESIAN_POINT('',(115.36447158705,129.59739036856));
#9551 = ( GEOMETRIC_REPRESENTATION_CONTEXT(2) 
PARAMETRIC_REPRESENTATION_CONTEXT() REPRESENTATION_CONTEXT('2D SPACE',''
  ) );
#9552 = PCURVE('',#5703,#9553);
#9553 = DEFINITIONAL_REPRESENTATION('',(#9554),#9557);
#9554 = B_SPLINE_CURVE_WITH_KNOTS('',1,(#9555,#9556),.UNSPECIFIED.,.F.,
  .F.,(2,2),(55.316869391817,61.226516909707),.PIECEWISE_BEZIER_KNOTS.);
#9555 = CARTESIAN_POINT('',(3.025,-31.67081649601));
#9556 = CARTESIAN_POINT('',(3.025,-25.76116897812));
#9557 = ( GEOMETRIC_REPRESENTATION_CONTEXT(2) 
PARAMETRIC_REPRESENTATION_CONTEXT() REPRESENTATION_CONTEXT('2D SPACE',''
  ) );
#9558 = ORIENTED_EDGE('',*,*,#8944,.F.);
#9559 = ORIENTED_EDGE('',*,*,#9560,.F.);
#9560 = EDGE_CURVE('',#7735,#8945,#9561,.T.);
#9561 = SURFACE_CURVE('',#9562,(#9566,#9572),.PCURVE_S1.);
#9562 = LINE('',#9563,#9564);
#9563 = CARTESIAN_POINT('',(6.875212062358,-0.125,-58.30225429976));
#9564 = VECTOR('',#9565,1.);
#9565 = DIRECTION('',(0.292371704723,-0.,0.956304755963));
#9566 = PCURVE('',#5729,#9567);
#9567 = DEFINITIONAL_REPRESENTATION('',(#9568),#9571);
#9568 = B_SPLINE_CURVE_WITH_KNOTS('',1,(#9569,#9570),.UNSPECIFIED.,.F.,
  .F.,(2,2),(60.966186705878,71.123040469351),.PIECEWISE_BEZIER_KNOTS.);
#9569 = CARTESIAN_POINT('',(100.,124.7));
#9570 = CARTESIAN_POINT('',(109.71304755963,127.66957664944));
#9571 = ( GEOMETRIC_REPRESENTATION_CONTEXT(2) 
PARAMETRIC_REPRESENTATION_CONTEXT() REPRESENTATION_CONTEXT('2D SPACE',''
  ) );
#9572 = PCURVE('',#7749,#9573);
#9573 = DEFINITIONAL_REPRESENTATION('',(#9574),#9577);
#9574 = B_SPLINE_CURVE_WITH_KNOTS('',1,(#9575,#9576),.UNSPECIFIED.,.F.,
  .F.,(2,2),(60.966186705878,71.123040469351),.PIECEWISE_BEZIER_KNOTS.);
#9575 = CARTESIAN_POINT('',(1.25,-10.15685376347));
#9576 = CARTESIAN_POINT('',(1.25,0.));
#9577 = ( GEOMETRIC_REPRESENTATION_CONTEXT(2) 
PARAMETRIC_REPRESENTATION_CONTEXT() REPRESENTATION_CONTEXT('2D SPACE',''
  ) );
#9578 = ORIENTED_EDGE('',*,*,#7760,.T.);
#9579 = ORIENTED_EDGE('',*,*,#9508,.T.);
#9580 = ADVANCED_FACE('',(#9581),#5703,.T.);
#9581 = FACE_BOUND('',#9582,.T.);
#9582 = EDGE_LOOP('',(#9583,#9610,#9611,#9612));
#9583 = ORIENTED_EDGE('',*,*,#9584,.F.);
#9584 = EDGE_CURVE('',#9087,#5400,#9585,.T.);
#9585 = SURFACE_CURVE('',#9586,(#9592,#9601),.PCURVE_S1.);
#9586 = B_SPLINE_CURVE_WITH_KNOTS('',4,(#9587,#9588,#9589,#9590,#9591),
  .UNSPECIFIED.,.F.,.F.,(5,5),(0.,1.),.PIECEWISE_BEZIER_KNOTS.);
#9587 = CARTESIAN_POINT('',(27.869576649446,1.229670683801,9.71304755963
    ));
#9588 = CARTESIAN_POINT('',(30.184489301671,1.229670683801,
    17.284785669723));
#9589 = CARTESIAN_POINT('',(32.499401953896,1.229670683801,
    24.856523779815));
#9590 = CARTESIAN_POINT('',(34.814314606121,1.229670683801,
    32.428261889908));
#9591 = CARTESIAN_POINT('',(37.129227258346,1.229670683801,40.));
#9592 = PCURVE('',#5703,#9593);
#9593 = DEFINITIONAL_REPRESENTATION('',(#9594),#9600);
#9594 = B_SPLINE_CURVE_WITH_KNOTS('',4,(#9595,#9596,#9597,#9598,#9599),
  .UNSPECIFIED.,.F.,.F.,(5,5),(0.,1.),.PIECEWISE_BEZIER_KNOTS.);
#9595 = CARTESIAN_POINT('',(1.670329316199,-31.67081649601));
#9596 = CARTESIAN_POINT('',(1.670329316199,-23.75311237201));
#9597 = CARTESIAN_POINT('',(1.670329316199,-15.835408248));
#9598 = CARTESIAN_POINT('',(1.670329316199,-7.917704124003));
#9599 = CARTESIAN_POINT('',(1.670329316199,0.));
#9600 = ( GEOMETRIC_REPRESENTATION_CONTEXT(2) 
PARAMETRIC_REPRESENTATION_CONTEXT() REPRESENTATION_CONTEXT('2D SPACE',''
  ) );
#9601 = PCURVE('',#5573,#9602);
#9602 = DEFINITIONAL_REPRESENTATION('',(#9603),#9609);
#9603 = B_SPLINE_CURVE_WITH_KNOTS('',4,(#9604,#9605,#9606,#9607,#9608),
  .UNSPECIFIED.,.F.,.F.,(5,5),(0.,1.),.PIECEWISE_BEZIER_KNOTS.);
#9604 = CARTESIAN_POINT('',(4.130024746625,0.));
#9605 = CARTESIAN_POINT('',(4.130024746625,0.25));
#9606 = CARTESIAN_POINT('',(4.130024746625,0.5));
#9607 = CARTESIAN_POINT('',(4.130024746625,0.75));
#9608 = CARTESIAN_POINT('',(4.130024746625,1.));
#9609 = ( GEOMETRIC_REPRESENTATION_CONTEXT(2) 
PARAMETRIC_REPRESENTATION_CONTEXT() REPRESENTATION_CONTEXT('2D SPACE',''
  ) );
#9610 = ORIENTED_EDGE('',*,*,#9110,.T.);
#9611 = ORIENTED_EDGE('',*,*,#9540,.T.);
#9612 = ORIENTED_EDGE('',*,*,#5688,.T.);
#9613 = ADVANCED_FACE('',(#9614),#5573,.T.);
#9614 = FACE_BOUND('',#9615,.T.);
#9615 = EDGE_LOOP('',(#9616,#9617,#9637,#9638));
#9616 = ORIENTED_EDGE('',*,*,#5399,.T.);
#9617 = ORIENTED_EDGE('',*,*,#9618,.F.);
#9618 = EDGE_CURVE('',#9063,#5315,#9619,.T.);
#9619 = SURFACE_CURVE('',#9620,(#9623,#9630),.PCURVE_S1.);
#9620 = B_SPLINE_CURVE_WITH_KNOTS('',1,(#9621,#9622),.UNSPECIFIED.,.F.,
  .F.,(2,2),(0.,1.),.PIECEWISE_BEZIER_KNOTS.);
#9621 = CARTESIAN_POINT('',(30.969576649446,2.9,9.71304755963));
#9622 = CARTESIAN_POINT('',(40.229227258346,2.9,40.));
#9623 = PCURVE('',#5573,#9624);
#9624 = DEFINITIONAL_REPRESENTATION('',(#9625),#9629);
#9625 = LINE('',#9626,#9627);
#9626 = CARTESIAN_POINT('',(0.,0.));
#9627 = VECTOR('',#9628,1.);
#9628 = DIRECTION('',(0.,1.));
#9629 = ( GEOMETRIC_REPRESENTATION_CONTEXT(2) 
PARAMETRIC_REPRESENTATION_CONTEXT() REPRESENTATION_CONTEXT('2D SPACE',''
  ) );
#9630 = PCURVE('',#5352,#9631);
#9631 = DEFINITIONAL_REPRESENTATION('',(#9632),#9636);
#9632 = LINE('',#9633,#9634);
#9633 = CARTESIAN_POINT('',(6.28318530718,0.));
#9634 = VECTOR('',#9635,1.);
#9635 = DIRECTION('',(0.,1.));
#9636 = ( GEOMETRIC_REPRESENTATION_CONTEXT(2) 
PARAMETRIC_REPRESENTATION_CONTEXT() REPRESENTATION_CONTEXT('2D SPACE',''
  ) );
#9637 = ORIENTED_EDGE('',*,*,#9086,.T.);
#9638 = ORIENTED_EDGE('',*,*,#9584,.T.);
#9639 = ADVANCED_FACE('',(#9640),#5352,.T.);
#9640 = FACE_BOUND('',#9641,.T.);
#9641 = EDGE_LOOP('',(#9642,#9643,#9644,#9645));
#9642 = ORIENTED_EDGE('',*,*,#8913,.F.);
#9643 = ORIENTED_EDGE('',*,*,#9062,.T.);
#9644 = ORIENTED_EDGE('',*,*,#9618,.T.);
#9645 = ORIENTED_EDGE('',*,*,#5314,.T.);
#9646 = ADVANCED_FACE('',(#9647),#7164,.T.);
#9647 = FACE_BOUND('',#9648,.F.);
#9648 = EDGE_LOOP('',(#9649,#9650,#9673,#9700));
#9649 = ORIENTED_EDGE('',*,*,#7143,.T.);
#9650 = ORIENTED_EDGE('',*,*,#9651,.T.);
#9651 = EDGE_CURVE('',#7144,#9652,#9654,.T.);
#9652 = VERTEX_POINT('',#9653);
#9653 = CARTESIAN_POINT('',(-4.23388972147,-14.375,22.595880432284));
#9654 = SEAM_CURVE('',#9655,(#9659,#9666),.PCURVE_S1.);
#9655 = LINE('',#9656,#9657);
#9656 = CARTESIAN_POINT('',(-4.617154160818,-14.375,20.176043997826));
#9657 = VECTOR('',#9658,1.);
#9658 = DIRECTION('',(0.15643446504,0.,0.987688340595));
#9659 = PCURVE('',#7164,#9660);
#9660 = DEFINITIONAL_REPRESENTATION('',(#9661),#9665);
#9661 = LINE('',#9662,#9663);
#9662 = CARTESIAN_POINT('',(-6.28318530718,0.));
#9663 = VECTOR('',#9664,1.);
#9664 = DIRECTION('',(-0.,-1.));
#9665 = ( GEOMETRIC_REPRESENTATION_CONTEXT(2) 
PARAMETRIC_REPRESENTATION_CONTEXT() REPRESENTATION_CONTEXT('2D SPACE',''
  ) );
#9666 = PCURVE('',#7164,#9667);
#9667 = DEFINITIONAL_REPRESENTATION('',(#9668),#9672);
#9668 = LINE('',#9669,#9670);
#9669 = CARTESIAN_POINT('',(-0.,0.));
#9670 = VECTOR('',#9671,1.);
#9671 = DIRECTION('',(-0.,-1.));
#9672 = ( GEOMETRIC_REPRESENTATION_CONTEXT(2) 
PARAMETRIC_REPRESENTATION_CONTEXT() REPRESENTATION_CONTEXT('2D SPACE',''
  ) );
#9673 = ORIENTED_EDGE('',*,*,#9674,.T.);
#9674 = EDGE_CURVE('',#9652,#9652,#9675,.T.);
#9675 = SURFACE_CURVE('',#9676,(#9681,#9688),.PCURVE_S1.);
#9676 = CIRCLE('',#9677,1.5);
#9677 = AXIS2_PLACEMENT_3D('',#9678,#9679,#9680);
#9678 = CARTESIAN_POINT('',(-5.715422232362,-14.375,22.830532129844));
#9679 = DIRECTION('',(0.15643446504,-0.,0.987688340595));
#9680 = DIRECTION('',(0.987688340595,0.,-0.15643446504));
#9681 = PCURVE('',#7164,#9682);
#9682 = DEFINITIONAL_REPRESENTATION('',(#9683),#9687);
#9683 = LINE('',#9684,#9685);
#9684 = CARTESIAN_POINT('',(-0.,-2.45));
#9685 = VECTOR('',#9686,1.);
#9686 = DIRECTION('',(-1.,0.));
#9687 = ( GEOMETRIC_REPRESENTATION_CONTEXT(2) 
PARAMETRIC_REPRESENTATION_CONTEXT() REPRESENTATION_CONTEXT('2D SPACE',''
  ) );
#9688 = PCURVE('',#9689,#9694);
#9689 = PLANE('',#9690);
#9690 = AXIS2_PLACEMENT_3D('',#9691,#9692,#9693);
#9691 = CARTESIAN_POINT('',(-5.715422232362,-14.375,22.830532129844));
#9692 = DIRECTION('',(0.15643446504,0.,0.987688340595));
#9693 = DIRECTION('',(0.987688340595,0.,-0.15643446504));
#9694 = DEFINITIONAL_REPRESENTATION('',(#9695),#9699);
#9695 = CIRCLE('',#9696,1.5);
#9696 = AXIS2_PLACEMENT_2D('',#9697,#9698);
#9697 = CARTESIAN_POINT('',(8.77243469506E-16,0.));
#9698 = DIRECTION('',(1.,0.));
#9699 = ( GEOMETRIC_REPRESENTATION_CONTEXT(2) 
PARAMETRIC_REPRESENTATION_CONTEXT() REPRESENTATION_CONTEXT('2D SPACE',''
  ) );
#9700 = ORIENTED_EDGE('',*,*,#9651,.F.);
#9701 = ADVANCED_FACE('',(#9702),#7243,.F.);
#9702 = FACE_BOUND('',#9703,.F.);
#9703 = EDGE_LOOP('',(#9704,#9727,#9728,#9729));
#9704 = ORIENTED_EDGE('',*,*,#9705,.F.);
#9705 = EDGE_CURVE('',#7202,#9706,#9708,.T.);
#9706 = VERTEX_POINT('',#9707);
#9707 = CARTESIAN_POINT('',(-22.13042335055,-0.90333704529,9.71304755963
    ));
#9708 = SURFACE_CURVE('',#9709,(#9713,#9720),.PCURVE_S1.);
#9709 = LINE('',#9710,#9711);
#9710 = CARTESIAN_POINT('',(-22.13042335055,1.125,9.71304755963));
#9711 = VECTOR('',#9712,1.);
#9712 = DIRECTION('',(0.,-1.,0.));
#9713 = PCURVE('',#7243,#9714);
#9714 = DEFINITIONAL_REPRESENTATION('',(#9715),#9719);
#9715 = LINE('',#9716,#9717);
#9716 = CARTESIAN_POINT('',(0.,0.));
#9717 = VECTOR('',#9718,1.);
#9718 = DIRECTION('',(1.,0.));
#9719 = ( GEOMETRIC_REPRESENTATION_CONTEXT(2) 
PARAMETRIC_REPRESENTATION_CONTEXT() REPRESENTATION_CONTEXT('2D SPACE',''
  ) );
#9720 = PCURVE('',#7216,#9721);
#9721 = DEFINITIONAL_REPRESENTATION('',(#9722),#9726);
#9722 = LINE('',#9723,#9724);
#9723 = CARTESIAN_POINT('',(-1.,3.525));
#9724 = VECTOR('',#9725,1.);
#9725 = DIRECTION('',(0.,-1.));
#9726 = ( GEOMETRIC_REPRESENTATION_CONTEXT(2) 
PARAMETRIC_REPRESENTATION_CONTEXT() REPRESENTATION_CONTEXT('2D SPACE',''
  ) );
#9727 = ORIENTED_EDGE('',*,*,#7228,.F.);
#9728 = ORIENTED_EDGE('',*,*,#8746,.T.);
#9729 = ORIENTED_EDGE('',*,*,#9730,.T.);
#9730 = EDGE_CURVE('',#8614,#9706,#9731,.T.);
#9731 = SURFACE_CURVE('',#9732,(#9738,#9747),.PCURVE_S1.);
#9732 = B_SPLINE_CURVE_WITH_KNOTS('',4,(#9733,#9734,#9735,#9736,#9737),
  .UNSPECIFIED.,.F.,.F.,(5,5),(0.,1.),.PIECEWISE_BEZIER_KNOTS.);
#9733 = CARTESIAN_POINT('',(-31.21461362917,-0.90333703811,-20.));
#9734 = CARTESIAN_POINT('',(-28.94356605951,-0.90333703811,
    -12.57173811009));
#9735 = CARTESIAN_POINT('',(-26.67251848986,-0.90333703811,
    -5.143476220185));
#9736 = CARTESIAN_POINT('',(-24.4014709202,-0.90333703811,2.284785669723
    ));
#9737 = CARTESIAN_POINT('',(-22.13042335055,-0.90333703811,9.71304755963
    ));
#9738 = PCURVE('',#7243,#9739);
#9739 = DEFINITIONAL_REPRESENTATION('',(#9740),#9746);
#9740 = B_SPLINE_CURVE_WITH_KNOTS('',4,(#9741,#9742,#9743,#9744,#9745),
  .UNSPECIFIED.,.F.,.F.,(5,5),(0.,1.),.PIECEWISE_BEZIER_KNOTS.);
#9741 = CARTESIAN_POINT('',(2.02833703811,-31.07068889321));
#9742 = CARTESIAN_POINT('',(2.02833703811,-23.30301666991));
#9743 = CARTESIAN_POINT('',(2.02833703811,-15.5353444466));
#9744 = CARTESIAN_POINT('',(2.02833703811,-7.767672223304));
#9745 = CARTESIAN_POINT('',(2.02833703811,-3.552713678801E-15));
#9746 = ( GEOMETRIC_REPRESENTATION_CONTEXT(2) 
PARAMETRIC_REPRESENTATION_CONTEXT() REPRESENTATION_CONTEXT('2D SPACE',''
  ) );
#9747 = PCURVE('',#8683,#9748);
#9748 = DEFINITIONAL_REPRESENTATION('',(#9749),#9755);
#9749 = B_SPLINE_CURVE_WITH_KNOTS('',4,(#9750,#9751,#9752,#9753,#9754),
  .UNSPECIFIED.,.F.,.F.,(5,5),(0.,1.),.PIECEWISE_BEZIER_KNOTS.);
#9750 = CARTESIAN_POINT('',(2.159827292382,0.));
#9751 = CARTESIAN_POINT('',(2.159827292382,0.25));
#9752 = CARTESIAN_POINT('',(2.159827292382,0.5));
#9753 = CARTESIAN_POINT('',(2.159827292382,0.75));
#9754 = CARTESIAN_POINT('',(2.159827292382,1.));
#9755 = ( GEOMETRIC_REPRESENTATION_CONTEXT(2) 
PARAMETRIC_REPRESENTATION_CONTEXT() REPRESENTATION_CONTEXT('2D SPACE',''
  ) );
#9756 = ADVANCED_FACE('',(#9757),#7216,.F.);
#9757 = FACE_BOUND('',#9758,.F.);
#9758 = EDGE_LOOP('',(#9759,#9760,#9761,#9785,#9809,#9830,#9831,#9832,
    #9833,#9834));
#9759 = ORIENTED_EDGE('',*,*,#7201,.F.);
#9760 = ORIENTED_EDGE('',*,*,#9705,.T.);
#9761 = ORIENTED_EDGE('',*,*,#9762,.T.);
#9762 = EDGE_CURVE('',#9706,#9763,#9765,.T.);
#9763 = VERTEX_POINT('',#9764);
#9764 = CARTESIAN_POINT('',(-19.33042335055,-2.4,9.71304755963));
#9765 = SURFACE_CURVE('',#9766,(#9771,#9778),.PCURVE_S1.);
#9766 = CIRCLE('',#9767,1.8);
#9767 = AXIS2_PLACEMENT_3D('',#9768,#9769,#9770);
#9768 = CARTESIAN_POINT('',(-21.13042335055,-2.4,9.71304755963));
#9769 = DIRECTION('',(0.,0.,1.));
#9770 = DIRECTION('',(1.,0.,0.));
#9771 = PCURVE('',#7216,#9772);
#9772 = DEFINITIONAL_REPRESENTATION('',(#9773),#9777);
#9773 = CIRCLE('',#9774,1.8);
#9774 = AXIS2_PLACEMENT_2D('',#9775,#9776);
#9775 = CARTESIAN_POINT('',(0.,0.));
#9776 = DIRECTION('',(1.,0.));
#9777 = ( GEOMETRIC_REPRESENTATION_CONTEXT(2) 
PARAMETRIC_REPRESENTATION_CONTEXT() REPRESENTATION_CONTEXT('2D SPACE',''
  ) );
#9778 = PCURVE('',#8683,#9779);
#9779 = DEFINITIONAL_REPRESENTATION('',(#9780),#9784);
#9780 = LINE('',#9781,#9782);
#9781 = CARTESIAN_POINT('',(0.,1.));
#9782 = VECTOR('',#9783,1.);
#9783 = DIRECTION('',(1.,0.));
#9784 = ( GEOMETRIC_REPRESENTATION_CONTEXT(2) 
PARAMETRIC_REPRESENTATION_CONTEXT() REPRESENTATION_CONTEXT('2D SPACE',''
  ) );
#9785 = ORIENTED_EDGE('',*,*,#9786,.T.);
#9786 = EDGE_CURVE('',#9763,#9787,#9789,.T.);
#9787 = VERTEX_POINT('',#9788);
#9788 = CARTESIAN_POINT('',(-20.13042335055,-0.90333704529,9.71304755963
    ));
#9789 = SURFACE_CURVE('',#9790,(#9795,#9802),.PCURVE_S1.);
#9790 = CIRCLE('',#9791,1.8);
#9791 = AXIS2_PLACEMENT_3D('',#9792,#9793,#9794);
#9792 = CARTESIAN_POINT('',(-21.13042335055,-2.4,9.71304755963));
#9793 = DIRECTION('',(0.,0.,1.));
#9794 = DIRECTION('',(1.,0.,0.));
#9795 = PCURVE('',#7216,#9796);
#9796 = DEFINITIONAL_REPRESENTATION('',(#9797),#9801);
#9797 = CIRCLE('',#9798,1.8);
#9798 = AXIS2_PLACEMENT_2D('',#9799,#9800);
#9799 = CARTESIAN_POINT('',(0.,0.));
#9800 = DIRECTION('',(1.,0.));
#9801 = ( GEOMETRIC_REPRESENTATION_CONTEXT(2) 
PARAMETRIC_REPRESENTATION_CONTEXT() REPRESENTATION_CONTEXT('2D SPACE',''
  ) );
#9802 = PCURVE('',#8534,#9803);
#9803 = DEFINITIONAL_REPRESENTATION('',(#9804),#9808);
#9804 = LINE('',#9805,#9806);
#9805 = CARTESIAN_POINT('',(0.,1.));
#9806 = VECTOR('',#9807,1.);
#9807 = DIRECTION('',(1.,0.));
#9808 = ( GEOMETRIC_REPRESENTATION_CONTEXT(2) 
PARAMETRIC_REPRESENTATION_CONTEXT() REPRESENTATION_CONTEXT('2D SPACE',''
  ) );
#9809 = ORIENTED_EDGE('',*,*,#9810,.T.);
#9810 = EDGE_CURVE('',#9787,#9404,#9811,.T.);
#9811 = SURFACE_CURVE('',#9812,(#9816,#9823),.PCURVE_S1.);
#9812 = LINE('',#9813,#9814);
#9813 = CARTESIAN_POINT('',(-20.13042335055,-2.4,9.71304755963));
#9814 = VECTOR('',#9815,1.);
#9815 = DIRECTION('',(0.,1.,0.));
#9816 = PCURVE('',#7216,#9817);
#9817 = DEFINITIONAL_REPRESENTATION('',(#9818),#9822);
#9818 = LINE('',#9819,#9820);
#9819 = CARTESIAN_POINT('',(1.,0.));
#9820 = VECTOR('',#9821,1.);
#9821 = DIRECTION('',(0.,1.));
#9822 = ( GEOMETRIC_REPRESENTATION_CONTEXT(2) 
PARAMETRIC_REPRESENTATION_CONTEXT() REPRESENTATION_CONTEXT('2D SPACE',''
  ) );
#9823 = PCURVE('',#8421,#9824);
#9824 = DEFINITIONAL_REPRESENTATION('',(#9825),#9829);
#9825 = LINE('',#9826,#9827);
#9826 = CARTESIAN_POINT('',(0.,0.));
#9827 = VECTOR('',#9828,1.);
#9828 = DIRECTION('',(1.,0.));
#9829 = ( GEOMETRIC_REPRESENTATION_CONTEXT(2) 
PARAMETRIC_REPRESENTATION_CONTEXT() REPRESENTATION_CONTEXT('2D SPACE',''
  ) );
#9830 = ORIENTED_EDGE('',*,*,#9424,.F.);
#9831 = ORIENTED_EDGE('',*,*,#9348,.T.);
#9832 = ORIENTED_EDGE('',*,*,#9300,.T.);
#9833 = ORIENTED_EDGE('',*,*,#9244,.T.);
#9834 = ORIENTED_EDGE('',*,*,#9196,.T.);
#9835 = ADVANCED_FACE('',(#9836),#8683,.F.);
#9836 = FACE_BOUND('',#9837,.F.);
#9837 = EDGE_LOOP('',(#9838,#9839,#9840,#9860));
#9838 = ORIENTED_EDGE('',*,*,#9730,.F.);
#9839 = ORIENTED_EDGE('',*,*,#8613,.F.);
#9840 = ORIENTED_EDGE('',*,*,#9841,.T.);
#9841 = EDGE_CURVE('',#8433,#9763,#9842,.T.);
#9842 = SURFACE_CURVE('',#9843,(#9846,#9853),.PCURVE_S1.);
#9843 = B_SPLINE_CURVE_WITH_KNOTS('',1,(#9844,#9845),.UNSPECIFIED.,.F.,
  .F.,(2,2),(0.,1.),.PIECEWISE_BEZIER_KNOTS.);
#9844 = CARTESIAN_POINT('',(-28.41461362917,-2.4,-20.));
#9845 = CARTESIAN_POINT('',(-19.33042335055,-2.4,9.71304755963));
#9846 = PCURVE('',#8683,#9847);
#9847 = DEFINITIONAL_REPRESENTATION('',(#9848),#9852);
#9848 = LINE('',#9849,#9850);
#9849 = CARTESIAN_POINT('',(6.28318530718,0.));
#9850 = VECTOR('',#9851,1.);
#9851 = DIRECTION('',(0.,1.));
#9852 = ( GEOMETRIC_REPRESENTATION_CONTEXT(2) 
PARAMETRIC_REPRESENTATION_CONTEXT() REPRESENTATION_CONTEXT('2D SPACE',''
  ) );
#9853 = PCURVE('',#8534,#9854);
#9854 = DEFINITIONAL_REPRESENTATION('',(#9855),#9859);
#9855 = LINE('',#9856,#9857);
#9856 = CARTESIAN_POINT('',(0.,0.));
#9857 = VECTOR('',#9858,1.);
#9858 = DIRECTION('',(0.,1.));
#9859 = ( GEOMETRIC_REPRESENTATION_CONTEXT(2) 
PARAMETRIC_REPRESENTATION_CONTEXT() REPRESENTATION_CONTEXT('2D SPACE',''
  ) );
#9860 = ORIENTED_EDGE('',*,*,#9762,.F.);
#9861 = ADVANCED_FACE('',(#9862),#8534,.F.);
#9862 = FACE_BOUND('',#9863,.F.);
#9863 = EDGE_LOOP('',(#9864,#9865,#9866,#9867));
#9864 = ORIENTED_EDGE('',*,*,#9786,.F.);
#9865 = ORIENTED_EDGE('',*,*,#9841,.F.);
#9866 = ORIENTED_EDGE('',*,*,#8432,.F.);
#9867 = ORIENTED_EDGE('',*,*,#9868,.T.);
#9868 = EDGE_CURVE('',#8407,#9787,#9869,.T.);
#9869 = SURFACE_CURVE('',#9870,(#9876,#9885),.PCURVE_S1.);
#9870 = B_SPLINE_CURVE_WITH_KNOTS('',4,(#9871,#9872,#9873,#9874,#9875),
  .UNSPECIFIED.,.F.,.F.,(5,5),(0.,1.),.PIECEWISE_BEZIER_KNOTS.);
#9871 = CARTESIAN_POINT('',(-29.21461362917,-0.90333705205,-20.));
#9872 = CARTESIAN_POINT('',(-26.94356605951,-0.90333705205,
    -12.57173811009));
#9873 = CARTESIAN_POINT('',(-24.67251848986,-0.90333705205,
    -5.143476220185));
#9874 = CARTESIAN_POINT('',(-22.4014709202,-0.90333705205,2.284785669723
    ));
#9875 = CARTESIAN_POINT('',(-20.13042335055,-0.90333705205,9.71304755963
    ));
#9876 = PCURVE('',#8534,#9877);
#9877 = DEFINITIONAL_REPRESENTATION('',(#9878),#9884);
#9878 = B_SPLINE_CURVE_WITH_KNOTS('',4,(#9879,#9880,#9881,#9882,#9883),
  .UNSPECIFIED.,.F.,.F.,(5,5),(0.,1.),.PIECEWISE_BEZIER_KNOTS.);
#9879 = CARTESIAN_POINT('',(0.981765346985,0.));
#9880 = CARTESIAN_POINT('',(0.981765346985,0.25));
#9881 = CARTESIAN_POINT('',(0.981765346985,0.5));
#9882 = CARTESIAN_POINT('',(0.981765346985,0.75));
#9883 = CARTESIAN_POINT('',(0.981765346985,1.));
#9884 = ( GEOMETRIC_REPRESENTATION_CONTEXT(2) 
PARAMETRIC_REPRESENTATION_CONTEXT() REPRESENTATION_CONTEXT('2D SPACE',''
  ) );
#9885 = PCURVE('',#8421,#9886);
#9886 = DEFINITIONAL_REPRESENTATION('',(#9887),#9893);
#9887 = B_SPLINE_CURVE_WITH_KNOTS('',4,(#9888,#9889,#9890,#9891,#9892),
  .UNSPECIFIED.,.F.,.F.,(5,5),(0.,1.),.PIECEWISE_BEZIER_KNOTS.);
#9888 = CARTESIAN_POINT('',(1.49666294795,-31.07068889321));
#9889 = CARTESIAN_POINT('',(1.49666294795,-23.30301666991));
#9890 = CARTESIAN_POINT('',(1.49666294795,-15.5353444466));
#9891 = CARTESIAN_POINT('',(1.49666294795,-7.767672223304));
#9892 = CARTESIAN_POINT('',(1.49666294795,0.));
#9893 = ( GEOMETRIC_REPRESENTATION_CONTEXT(2) 
PARAMETRIC_REPRESENTATION_CONTEXT() REPRESENTATION_CONTEXT('2D SPACE',''
  ) );
#9894 = ADVANCED_FACE('',(#9895),#8421,.F.);
#9895 = FACE_BOUND('',#9896,.F.);
#9896 = EDGE_LOOP('',(#9897,#9898,#9899,#9900));
#9897 = ORIENTED_EDGE('',*,*,#9868,.F.);
#9898 = ORIENTED_EDGE('',*,*,#8406,.T.);
#9899 = ORIENTED_EDGE('',*,*,#9403,.F.);
#9900 = ORIENTED_EDGE('',*,*,#9810,.F.);
#9901 = ADVANCED_FACE('',(#9902),#7749,.F.);
#9902 = FACE_BOUND('',#9903,.F.);
#9903 = EDGE_LOOP('',(#9904,#9905,#9906,#9907));
#9904 = ORIENTED_EDGE('',*,*,#8968,.F.);
#9905 = ORIENTED_EDGE('',*,*,#9560,.F.);
#9906 = ORIENTED_EDGE('',*,*,#7734,.T.);
#9907 = ORIENTED_EDGE('',*,*,#9908,.T.);
#9908 = EDGE_CURVE('',#7602,#8969,#9909,.T.);
#9909 = SURFACE_CURVE('',#9910,(#9916,#9925),.PCURVE_S1.);
#9910 = B_SPLINE_CURVE_WITH_KNOTS('',4,(#9911,#9912,#9913,#9914,#9915),
  .UNSPECIFIED.,.F.,.F.,(5,5),(0.,1.),.PIECEWISE_BEZIER_KNOTS.);
#9911 = CARTESIAN_POINT('',(18.585386370827,-1.125176051639,-20.));
#9912 = CARTESIAN_POINT('',(20.856433940482,-1.125176051639,
    -12.57173811009));
#9913 = CARTESIAN_POINT('',(23.127481510136,-1.125176051639,
    -5.143476220185));
#9914 = CARTESIAN_POINT('',(25.398529079791,-1.125176051639,
    2.284785669723));
#9915 = CARTESIAN_POINT('',(27.669576649446,-1.125176051639,
    9.71304755963));
#9916 = PCURVE('',#7749,#9917);
#9917 = DEFINITIONAL_REPRESENTATION('',(#9918),#9924);
#9918 = B_SPLINE_CURVE_WITH_KNOTS('',4,(#9919,#9920,#9921,#9922,#9923),
  .UNSPECIFIED.,.F.,.F.,(5,5),(0.,1.),.PIECEWISE_BEZIER_KNOTS.);
#9919 = CARTESIAN_POINT('',(2.250176051639,-31.07068889321));
#9920 = CARTESIAN_POINT('',(2.250176051639,-23.30301666991));
#9921 = CARTESIAN_POINT('',(2.250176051639,-15.5353444466));
#9922 = CARTESIAN_POINT('',(2.250176051639,-7.767672223304));
#9923 = CARTESIAN_POINT('',(2.250176051639,0.));
#9924 = ( GEOMETRIC_REPRESENTATION_CONTEXT(2) 
PARAMETRIC_REPRESENTATION_CONTEXT() REPRESENTATION_CONTEXT('2D SPACE',''
  ) );
#9925 = PCURVE('',#7671,#9926);
#9926 = DEFINITIONAL_REPRESENTATION('',(#9927),#9933);
#9927 = B_SPLINE_CURVE_WITH_KNOTS('',4,(#9928,#9929,#9930,#9931,#9932),
  .UNSPECIFIED.,.F.,.F.,(5,5),(0.,1.),.PIECEWISE_BEZIER_KNOTS.);
#9928 = CARTESIAN_POINT('',(2.202981567508,0.));
#9929 = CARTESIAN_POINT('',(2.202981567508,0.25));
#9930 = CARTESIAN_POINT('',(2.202981567508,0.5));
#9931 = CARTESIAN_POINT('',(2.202981567508,0.75));
#9932 = CARTESIAN_POINT('',(2.202981567508,1.));
#9933 = ( GEOMETRIC_REPRESENTATION_CONTEXT(2) 
PARAMETRIC_REPRESENTATION_CONTEXT() REPRESENTATION_CONTEXT('2D SPACE',''
  ) );
#9934 = ADVANCED_FACE('',(#9935),#7671,.F.);
#9935 = FACE_BOUND('',#9936,.F.);
#9936 = EDGE_LOOP('',(#9937,#9938,#9939,#9959));
#9937 = ORIENTED_EDGE('',*,*,#9908,.F.);
#9938 = ORIENTED_EDGE('',*,*,#7601,.F.);
#9939 = ORIENTED_EDGE('',*,*,#9940,.T.);
#9940 = EDGE_CURVE('',#7301,#8992,#9941,.T.);
#9941 = SURFACE_CURVE('',#9942,(#9945,#9952),.PCURVE_S1.);
#9942 = B_SPLINE_CURVE_WITH_KNOTS('',1,(#9943,#9944),.UNSPECIFIED.,.F.,
  .F.,(2,2),(0.,1.),.PIECEWISE_BEZIER_KNOTS.);
#9943 = CARTESIAN_POINT('',(22.085386370827,-2.9,-20.));
#9944 = CARTESIAN_POINT('',(31.169576649446,-2.9,9.71304755963));
#9945 = PCURVE('',#7671,#9946);
#9946 = DEFINITIONAL_REPRESENTATION('',(#9947),#9951);
#9947 = LINE('',#9948,#9949);
#9948 = CARTESIAN_POINT('',(6.28318530718,0.));
#9949 = VECTOR('',#9950,1.);
#9950 = DIRECTION('',(0.,1.));
#9951 = ( GEOMETRIC_REPRESENTATION_CONTEXT(2) 
PARAMETRIC_REPRESENTATION_CONTEXT() REPRESENTATION_CONTEXT('2D SPACE',''
  ) );
#9952 = PCURVE('',#7482,#9953);
#9953 = DEFINITIONAL_REPRESENTATION('',(#9954),#9958);
#9954 = LINE('',#9955,#9956);
#9955 = CARTESIAN_POINT('',(0.,0.));
#9956 = VECTOR('',#9957,1.);
#9957 = DIRECTION('',(0.,1.));
#9958 = ( GEOMETRIC_REPRESENTATION_CONTEXT(2) 
PARAMETRIC_REPRESENTATION_CONTEXT() REPRESENTATION_CONTEXT('2D SPACE',''
  ) );
#9959 = ORIENTED_EDGE('',*,*,#8991,.F.);
#9960 = ADVANCED_FACE('',(#9961),#7482,.F.);
#9961 = FACE_BOUND('',#9962,.F.);
#9962 = EDGE_LOOP('',(#9963,#9964,#9965,#9966));
#9963 = ORIENTED_EDGE('',*,*,#9015,.F.);
#9964 = ORIENTED_EDGE('',*,*,#9940,.F.);
#9965 = ORIENTED_EDGE('',*,*,#7300,.F.);
#9966 = ORIENTED_EDGE('',*,*,#9134,.T.);
#9967 = ADVANCED_FACE('',(#9968),#8785,.F.);
#9968 = FACE_BOUND('',#9969,.F.);
#9969 = EDGE_LOOP('',(#9970,#9971,#9994,#10022));
#9970 = ORIENTED_EDGE('',*,*,#8768,.T.);
#9971 = ORIENTED_EDGE('',*,*,#9972,.T.);
#9972 = EDGE_CURVE('',#8771,#9973,#9975,.T.);
#9973 = VERTEX_POINT('',#9974);
#9974 = CARTESIAN_POINT('',(22.985323154484,-8.212802914467,2.5));
#9975 = SURFACE_CURVE('',#9976,(#9980,#9987),.PCURVE_S1.);
#9976 = LINE('',#9977,#9978);
#9977 = CARTESIAN_POINT('',(22.985323154484,-8.212802914467,-1.));
#9978 = VECTOR('',#9979,1.);
#9979 = DIRECTION('',(0.,0.,1.));
#9980 = PCURVE('',#8785,#9981);
#9981 = DEFINITIONAL_REPRESENTATION('',(#9982),#9986);
#9982 = LINE('',#9983,#9984);
#9983 = CARTESIAN_POINT('',(0.,0.));
#9984 = VECTOR('',#9985,1.);
#9985 = DIRECTION('',(0.,-1.));
#9986 = ( GEOMETRIC_REPRESENTATION_CONTEXT(2) 
PARAMETRIC_REPRESENTATION_CONTEXT() REPRESENTATION_CONTEXT('2D SPACE',''
  ) );
#9987 = PCURVE('',#8874,#9988);
#9988 = DEFINITIONAL_REPRESENTATION('',(#9989),#9993);
#9989 = LINE('',#9990,#9991);
#9990 = CARTESIAN_POINT('',(3.14159265359,0.));
#9991 = VECTOR('',#9992,1.);
#9992 = DIRECTION('',(0.,-1.));
#9993 = ( GEOMETRIC_REPRESENTATION_CONTEXT(2) 
PARAMETRIC_REPRESENTATION_CONTEXT() REPRESENTATION_CONTEXT('2D SPACE',''
  ) );
#9994 = ORIENTED_EDGE('',*,*,#9995,.T.);
#9995 = EDGE_CURVE('',#9973,#9996,#9998,.T.);
#9996 = VERTEX_POINT('',#9997);
#9997 = CARTESIAN_POINT('',(18.234886774743,-10.32783345846,2.5));
#9998 = SURFACE_CURVE('',#9999,(#10003,#10010),.PCURVE_S1.);
#9999 = LINE('',#10000,#10001);
#10000 = CARTESIAN_POINT('',(22.985323154484,-8.212802914467,2.5));
#10001 = VECTOR('',#10002,1.);
#10002 = DIRECTION('',(-0.913545457643,-0.406736643076,0.));
#10003 = PCURVE('',#8785,#10004);
#10004 = DEFINITIONAL_REPRESENTATION('',(#10005),#10009);
#10005 = LINE('',#10006,#10007);
#10006 = CARTESIAN_POINT('',(0.,-3.5));
#10007 = VECTOR('',#10008,1.);
#10008 = DIRECTION('',(1.,0.));
#10009 = ( GEOMETRIC_REPRESENTATION_CONTEXT(2) 
PARAMETRIC_REPRESENTATION_CONTEXT() REPRESENTATION_CONTEXT('2D SPACE',''
  ) );
#10010 = PCURVE('',#10011,#10016);
#10011 = PLANE('',#10012);
#10012 = AXIS2_PLACEMENT_3D('',#10013,#10014,#10015);
#10013 = CARTESIAN_POINT('',(20.,-7.9,2.5));
#10014 = DIRECTION('',(-0.,-0.,-1.));
#10015 = DIRECTION('',(-1.,0.,0.));
#10016 = DEFINITIONAL_REPRESENTATION('',(#10017),#10021);
#10017 = LINE('',#10018,#10019);
#10018 = CARTESIAN_POINT('',(-2.985323154484,-0.312802914467));
#10019 = VECTOR('',#10020,1.);
#10020 = DIRECTION('',(0.913545457643,-0.406736643076));
#10021 = ( GEOMETRIC_REPRESENTATION_CONTEXT(2) 
PARAMETRIC_REPRESENTATION_CONTEXT() REPRESENTATION_CONTEXT('2D SPACE',''
  ) );
#10022 = ORIENTED_EDGE('',*,*,#10023,.F.);
#10023 = EDGE_CURVE('',#8769,#9996,#10024,.T.);
#10024 = SURFACE_CURVE('',#10025,(#10029,#10036),.PCURVE_S1.);
#10025 = LINE('',#10026,#10027);
#10026 = CARTESIAN_POINT('',(18.234886774743,-10.32783345846,-1.));
#10027 = VECTOR('',#10028,1.);
#10028 = DIRECTION('',(0.,0.,1.));
#10029 = PCURVE('',#8785,#10030);
#10030 = DEFINITIONAL_REPRESENTATION('',(#10031),#10035);
#10031 = LINE('',#10032,#10033);
#10032 = CARTESIAN_POINT('',(5.2,0.));
#10033 = VECTOR('',#10034,1.);
#10034 = DIRECTION('',(0.,-1.));
#10035 = ( GEOMETRIC_REPRESENTATION_CONTEXT(2) 
PARAMETRIC_REPRESENTATION_CONTEXT() REPRESENTATION_CONTEXT('2D SPACE',''
  ) );
#10036 = PCURVE('',#8817,#10037);
#10037 = DEFINITIONAL_REPRESENTATION('',(#10038),#10042);
#10038 = LINE('',#10039,#10040);
#10039 = CARTESIAN_POINT('',(0.,0.));
#10040 = VECTOR('',#10041,1.);
#10041 = DIRECTION('',(0.,-1.));
#10042 = ( GEOMETRIC_REPRESENTATION_CONTEXT(2) 
PARAMETRIC_REPRESENTATION_CONTEXT() REPRESENTATION_CONTEXT('2D SPACE',''
  ) );
#10043 = ADVANCED_FACE('',(#10044),#8874,.F.);
#10044 = FACE_BOUND('',#10045,.F.);
#10045 = EDGE_LOOP('',(#10046,#10047,#10070,#10092));
#10046 = ORIENTED_EDGE('',*,*,#8855,.F.);
#10047 = ORIENTED_EDGE('',*,*,#10048,.T.);
#10048 = EDGE_CURVE('',#8830,#10049,#10051,.T.);
#10049 = VERTEX_POINT('',#10050);
#10050 = CARTESIAN_POINT('',(21.765113225257,-5.472166541539,2.5));
#10051 = SURFACE_CURVE('',#10052,(#10056,#10063),.PCURVE_S1.);
#10052 = LINE('',#10053,#10054);
#10053 = CARTESIAN_POINT('',(21.765113225257,-5.472166541539,-1.));
#10054 = VECTOR('',#10055,1.);
#10055 = DIRECTION('',(0.,0.,1.));
#10056 = PCURVE('',#8874,#10057);
#10057 = DEFINITIONAL_REPRESENTATION('',(#10058),#10062);
#10058 = LINE('',#10059,#10060);
#10059 = CARTESIAN_POINT('',(0.,0.));
#10060 = VECTOR('',#10061,1.);
#10061 = DIRECTION('',(0.,-1.));
#10062 = ( GEOMETRIC_REPRESENTATION_CONTEXT(2) 
PARAMETRIC_REPRESENTATION_CONTEXT() REPRESENTATION_CONTEXT('2D SPACE',''
  ) );
#10063 = PCURVE('',#8844,#10064);
#10064 = DEFINITIONAL_REPRESENTATION('',(#10065),#10069);
#10065 = LINE('',#10066,#10067);
#10066 = CARTESIAN_POINT('',(5.2,0.));
#10067 = VECTOR('',#10068,1.);
#10068 = DIRECTION('',(0.,-1.));
#10069 = ( GEOMETRIC_REPRESENTATION_CONTEXT(2) 
PARAMETRIC_REPRESENTATION_CONTEXT() REPRESENTATION_CONTEXT('2D SPACE',''
  ) );
#10070 = ORIENTED_EDGE('',*,*,#10071,.T.);
#10071 = EDGE_CURVE('',#10049,#9973,#10072,.T.);
#10072 = SURFACE_CURVE('',#10073,(#10078,#10085),.PCURVE_S1.);
#10073 = CIRCLE('',#10074,1.5);
#10074 = AXIS2_PLACEMENT_3D('',#10075,#10076,#10077);
#10075 = CARTESIAN_POINT('',(22.375218189871,-6.842484728003,2.5));
#10076 = DIRECTION('',(0.,0.,-1.));
#10077 = DIRECTION('',(-0.406736643076,0.913545457643,0.));
#10078 = PCURVE('',#8874,#10079);
#10079 = DEFINITIONAL_REPRESENTATION('',(#10080),#10084);
#10080 = LINE('',#10081,#10082);
#10081 = CARTESIAN_POINT('',(0.,-3.5));
#10082 = VECTOR('',#10083,1.);
#10083 = DIRECTION('',(1.,0.));
#10084 = ( GEOMETRIC_REPRESENTATION_CONTEXT(2) 
PARAMETRIC_REPRESENTATION_CONTEXT() REPRESENTATION_CONTEXT('2D SPACE',''
  ) );
#10085 = PCURVE('',#10011,#10086);
#10086 = DEFINITIONAL_REPRESENTATION('',(#10087),#10091);
#10087 = CIRCLE('',#10088,1.5);
#10088 = AXIS2_PLACEMENT_2D('',#10089,#10090);
#10089 = CARTESIAN_POINT('',(-2.375218189871,1.057515271997));
#10090 = DIRECTION('',(0.406736643076,0.913545457643));
#10091 = ( GEOMETRIC_REPRESENTATION_CONTEXT(2) 
PARAMETRIC_REPRESENTATION_CONTEXT() REPRESENTATION_CONTEXT('2D SPACE',''
  ) );
#10092 = ORIENTED_EDGE('',*,*,#9972,.F.);
#10093 = ADVANCED_FACE('',(#10094),#8844,.F.);
#10094 = FACE_BOUND('',#10095,.F.);
#10095 = EDGE_LOOP('',(#10096,#10097,#10120,#10141));
#10096 = ORIENTED_EDGE('',*,*,#8829,.T.);
#10097 = ORIENTED_EDGE('',*,*,#10098,.T.);
#10098 = EDGE_CURVE('',#8797,#10099,#10101,.T.);
#10099 = VERTEX_POINT('',#10100);
#10100 = CARTESIAN_POINT('',(17.014676845516,-7.587197085533,2.5));
#10101 = SURFACE_CURVE('',#10102,(#10106,#10113),.PCURVE_S1.);
#10102 = LINE('',#10103,#10104);
#10103 = CARTESIAN_POINT('',(17.014676845516,-7.587197085533,-1.));
#10104 = VECTOR('',#10105,1.);
#10105 = DIRECTION('',(0.,0.,1.));
#10106 = PCURVE('',#8844,#10107);
#10107 = DEFINITIONAL_REPRESENTATION('',(#10108),#10112);
#10108 = LINE('',#10109,#10110);
#10109 = CARTESIAN_POINT('',(0.,0.));
#10110 = VECTOR('',#10111,1.);
#10111 = DIRECTION('',(0.,-1.));
#10112 = ( GEOMETRIC_REPRESENTATION_CONTEXT(2) 
PARAMETRIC_REPRESENTATION_CONTEXT() REPRESENTATION_CONTEXT('2D SPACE',''
  ) );
#10113 = PCURVE('',#8817,#10114);
#10114 = DEFINITIONAL_REPRESENTATION('',(#10115),#10119);
#10115 = LINE('',#10116,#10117);
#10116 = CARTESIAN_POINT('',(3.14159265359,0.));
#10117 = VECTOR('',#10118,1.);
#10118 = DIRECTION('',(0.,-1.));
#10119 = ( GEOMETRIC_REPRESENTATION_CONTEXT(2) 
PARAMETRIC_REPRESENTATION_CONTEXT() REPRESENTATION_CONTEXT('2D SPACE',''
  ) );
#10120 = ORIENTED_EDGE('',*,*,#10121,.T.);
#10121 = EDGE_CURVE('',#10099,#10049,#10122,.T.);
#10122 = SURFACE_CURVE('',#10123,(#10127,#10134),.PCURVE_S1.);
#10123 = LINE('',#10124,#10125);
#10124 = CARTESIAN_POINT('',(17.014676845516,-7.587197085533,2.5));
#10125 = VECTOR('',#10126,1.);
#10126 = DIRECTION('',(0.913545457643,0.406736643076,0.));
#10127 = PCURVE('',#8844,#10128);
#10128 = DEFINITIONAL_REPRESENTATION('',(#10129),#10133);
#10129 = LINE('',#10130,#10131);
#10130 = CARTESIAN_POINT('',(0.,-3.5));
#10131 = VECTOR('',#10132,1.);
#10132 = DIRECTION('',(1.,0.));
#10133 = ( GEOMETRIC_REPRESENTATION_CONTEXT(2) 
PARAMETRIC_REPRESENTATION_CONTEXT() REPRESENTATION_CONTEXT('2D SPACE',''
  ) );
#10134 = PCURVE('',#10011,#10135);
#10135 = DEFINITIONAL_REPRESENTATION('',(#10136),#10140);
#10136 = LINE('',#10137,#10138);
#10137 = CARTESIAN_POINT('',(2.985323154484,0.312802914467));
#10138 = VECTOR('',#10139,1.);
#10139 = DIRECTION('',(-0.913545457643,0.406736643076));
#10140 = ( GEOMETRIC_REPRESENTATION_CONTEXT(2) 
PARAMETRIC_REPRESENTATION_CONTEXT() REPRESENTATION_CONTEXT('2D SPACE',''
  ) );
#10141 = ORIENTED_EDGE('',*,*,#10048,.F.);
#10142 = ADVANCED_FACE('',(#10143),#8817,.F.);
#10143 = FACE_BOUND('',#10144,.F.);
#10144 = EDGE_LOOP('',(#10145,#10146,#10147,#10169));
#10145 = ORIENTED_EDGE('',*,*,#8796,.F.);
#10146 = ORIENTED_EDGE('',*,*,#10023,.T.);
#10147 = ORIENTED_EDGE('',*,*,#10148,.T.);
#10148 = EDGE_CURVE('',#9996,#10099,#10149,.T.);
#10149 = SURFACE_CURVE('',#10150,(#10155,#10162),.PCURVE_S1.);
#10150 = CIRCLE('',#10151,1.5);
#10151 = AXIS2_PLACEMENT_3D('',#10152,#10153,#10154);
#10152 = CARTESIAN_POINT('',(17.624781810129,-8.957515271997,2.5));
#10153 = DIRECTION('',(0.,-0.,-1.));
#10154 = DIRECTION('',(0.406736643076,-0.913545457643,0.));
#10155 = PCURVE('',#8817,#10156);
#10156 = DEFINITIONAL_REPRESENTATION('',(#10157),#10161);
#10157 = LINE('',#10158,#10159);
#10158 = CARTESIAN_POINT('',(0.,-3.5));
#10159 = VECTOR('',#10160,1.);
#10160 = DIRECTION('',(1.,0.));
#10161 = ( GEOMETRIC_REPRESENTATION_CONTEXT(2) 
PARAMETRIC_REPRESENTATION_CONTEXT() REPRESENTATION_CONTEXT('2D SPACE',''
  ) );
#10162 = PCURVE('',#10011,#10163);
#10163 = DEFINITIONAL_REPRESENTATION('',(#10164),#10168);
#10164 = CIRCLE('',#10165,1.5);
#10165 = AXIS2_PLACEMENT_2D('',#10166,#10167);
#10166 = CARTESIAN_POINT('',(2.375218189871,-1.057515271997));
#10167 = DIRECTION('',(-0.406736643076,-0.913545457643));
#10168 = ( GEOMETRIC_REPRESENTATION_CONTEXT(2) 
PARAMETRIC_REPRESENTATION_CONTEXT() REPRESENTATION_CONTEXT('2D SPACE',''
  ) );
#10169 = ORIENTED_EDGE('',*,*,#10098,.F.);
#10170 = ADVANCED_FACE('',(#10171),#9689,.T.);
#10171 = FACE_BOUND('',#10172,.T.);
#10172 = EDGE_LOOP('',(#10173));
#10173 = ORIENTED_EDGE('',*,*,#9674,.T.);
#10174 = ADVANCED_FACE('',(#10175),#10011,.T.);
#10175 = FACE_BOUND('',#10176,.T.);
#10176 = EDGE_LOOP('',(#10177,#10178,#10179,#10180));
#10177 = ORIENTED_EDGE('',*,*,#9995,.T.);
#10178 = ORIENTED_EDGE('',*,*,#10148,.T.);
#10179 = ORIENTED_EDGE('',*,*,#10121,.T.);
#10180 = ORIENTED_EDGE('',*,*,#10071,.T.);
#10181 = ( GEOMETRIC_REPRESENTATION_CONTEXT(3) 
GLOBAL_UNCERTAINTY_ASSIGNED_CONTEXT((#10185)) 
GLOBAL_UNIT_ASSIGNED_CONTEXT((#10182,#10183,#10184)) 
REPRESENTATION_CONTEXT('Context #1',
  '3D Context with UNIT and UNCERTAINTY') );
#10182 = ( LENGTH_UNIT() NAMED_UNIT(*) SI_UNIT(.MILLI.,.METRE.) );
#10183 = ( NAMED_UNIT(*) PLANE_ANGLE_UNIT() SI_UNIT($,.RADIAN.) );
#10184 = ( NAMED_UNIT(*) SI_UNIT($,.STERADIAN.) SOLID_ANGLE_UNIT() );
#10185 = UNCERTAINTY_MEASURE_WITH_UNIT(LENGTH_MEASURE(2.E-06),#10182,
  'distance_accuracy_value','confusion accuracy');
#10186 = CONTEXT_DEPENDENT_SHAPE_REPRESENTATION(#10187,#10189);
#10187 = ( REPRESENTATION_RELATIONSHIP('','',#4824,#10) 
REPRESENTATION_RELATIONSHIP_WITH_TRANSFORMATION(#10188) 
SHAPE_REPRESENTATION_RELATIONSHIP() );
#10188 = ITEM_DEFINED_TRANSFORMATION('','',#11,#19);
#10189 = PRODUCT_DEFINITION_SHAPE('Placement','Placement of an item',
  #10190);
#10190 = NEXT_ASSEMBLY_USAGE_OCCURRENCE('2','','',#5,#4819,$);
#10191 = PRODUCT_RELATED_PRODUCT_CATEGORY('part',$,(#4821));
ENDSEC;
END-ISO-10303-21;
