ISO-10303-21;
HEADER;
FILE_DESCRIPTION(('Open CASCADE Model'),'2;1');
FILE_NAME('Open CASCADE Shape Model','2026-09-28T12:09:34',('Author'),(
    'Open CASCADE'),'Open CASCADE STEP processor 7.9','Open CASCADE 7.9'
  ,'Unknown');
FILE_SCHEMA(('AUTOMOTIVE_DESIGN { 1 0 10303 214 1 1 1 1 }'));
ENDSEC;
DATA;
#1 = APPLICATION_PROTOCOL_DEFINITION('international standard',
  'automotive_design',2000,#2);
#2 = APPLICATION_CONTEXT(
  'core data for automotive mechanical design processes');
#3 = SHAPE_DEFINITION_REPRESENTATION(#4,#10);
#4 = PRODUCT_DEFINITION_SHAPE('','',#5);
#5 = PRODUCT_DEFINITION('design','',#6,#9);
#6 = PRODUCT_DEFINITION_FORMATION('','',#7);
#7 = PRODUCT('Open CASCADE STEP translator 7.9 2',
  'Open CASCADE STEP translator 7.9 2','',(#8));
#8 = PRODUCT_CONTEXT('',#2,'mechanical');
#9 = PRODUCT_DEFINITION_CONTEXT('part definition',#2,'design');
#10 = SHAPE_REPRESENTATION('',(#11,#15,#19),#23);
#11 = AXIS2_PLACEMENT_3D('',#12,#13,#14);
#12 = CARTESIAN_POINT('',(0.,0.,0.));
#13 = DIRECTION('',(0.,0.,1.));
#14 = DIRECTION('',(1.,0.,-0.));
#15 = AXIS2_PLACEMENT_3D('',#16,#17,#18);
#16 = CARTESIAN_POINT('',(0.,0.,0.));
#17 = DIRECTION('',(0.,0.,1.));
#18 = DIRECTION('',(1.,0.,-0.));
#19 = AXIS2_PLACEMENT_3D('',#20,#21,#22);
#20 = CARTESIAN_POINT('',(0.,0.,0.));
#21 = DIRECTION('',(0.,0.,1.));
#22 = DIRECTION('',(1.,0.,-0.));
#23 = ( GEOMETRIC_REPRESENTATION_CONTEXT(3) 
GLOBAL_UNCERTAINTY_ASSIGNED_CONTEXT((#27)) GLOBAL_UNIT_ASSIGNED_CONTEXT(
(#24,#25,#26)) REPRESENTATION_CONTEXT('Context #1',
  '3D Context with UNIT and UNCERTAINTY') );
#24 = ( LENGTH_UNIT() NAMED_UNIT(*) SI_UNIT(.MILLI.,.METRE.) );
#25 = ( NAMED_UNIT(*) PLANE_ANGLE_UNIT() SI_UNIT($,.RADIAN.) );
#26 = ( NAMED_UNIT(*) SI_UNIT($,.STERADIAN.) SOLID_ANGLE_UNIT() );
#27 = UNCERTAINTY_MEASURE_WITH_UNIT(LENGTH_MEASURE(2.E-06),#24,
  'distance_accuracy_value','confusion accuracy');
#28 = PRODUCT_RELATED_PRODUCT_CATEGORY('part',$,(#7));
#29 = SHAPE_DEFINITION_REPRESENTATION(#30,#36);
#30 = PRODUCT_DEFINITION_SHAPE('','',#31);
#31 = PRODUCT_DEFINITION('design','',#32,#35);
#32 = PRODUCT_DEFINITION_FORMATION('','',#33);
#33 = PRODUCT('Open CASCADE STEP translator 7.9 2.1',
  'Open CASCADE STEP translator 7.9 2.1','',(#34));
#34 = PRODUCT_CONTEXT('',#2,'mechanical');
#35 = PRODUCT_DEFINITION_CONTEXT('part definition',#2,'design');
#36 = ADVANCED_BREP_SHAPE_REPRESENTATION('',(#11,#37),#4807);
#37 = MANIFOLD_SOLID_BREP('',#38);
#38 = CLOSED_SHELL('',(#39,#329,#461,#2218,#2323,#3501,#3556,#3747,#3780
    ,#3835,#3884,#3940,#3989,#4066,#4099,#4124,#4157,#4206,#4239,#4265,
    #4272,#4327,#4428,#4461,#4487,#4520,#4527,#4560,#4586,#4593,#4669,
    #4719,#4768,#4796,#4800));
#39 = ADVANCED_FACE('',(#40),#56,.F.);
#40 = FACE_BOUND('',#41,.F.);
#41 = EDGE_LOOP('',(#42,#137,#217,#251));
#42 = ORIENTED_EDGE('',*,*,#43,.F.);
#43 = EDGE_CURVE('',#44,#46,#48,.T.);
#44 = VERTEX_POINT('',#45);
#45 = CARTESIAN_POINT('',(-27.98564361377,8.125,0.));
#46 = VERTEX_POINT('',#47);
#47 = CARTESIAN_POINT('',(-21.79365980691,8.125,23.504014306788));
#48 = SURFACE_CURVE('',#49,(#55,#123),.PCURVE_S1.);
#49 = B_SPLINE_CURVE_WITH_KNOTS('',4,(#50,#51,#52,#53,#54),
  .UNSPECIFIED.,.F.,.F.,(5,5),(0.,1.),.PIECEWISE_BEZIER_KNOTS.);
#50 = CARTESIAN_POINT('',(-27.98564361377,8.125,0.));
#51 = CARTESIAN_POINT('',(-26.43764766205,8.125,5.876003576697));
#52 = CARTESIAN_POINT('',(-24.88965171034,8.125,11.752007153394));
#53 = CARTESIAN_POINT('',(-23.34165575863,8.125,17.628010730091));
#54 = CARTESIAN_POINT('',(-21.79365980691,8.125,23.504014306788));
#55 = PCURVE('',#56,#115);
#56 = B_SPLINE_SURFACE_WITH_KNOTS('',3,1,(
    (#57,#58)
    ,(#59,#60)
    ,(#61,#62)
    ,(#63,#64)
    ,(#65,#66)
    ,(#67,#68)
    ,(#69,#70)
    ,(#71,#72)
    ,(#73,#74)
    ,(#75,#76)
    ,(#77,#78)
    ,(#79,#80)
    ,(#81,#82)
    ,(#83,#84)
    ,(#85,#86)
    ,(#87,#88)
    ,(#89,#90)
    ,(#91,#92)
    ,(#93,#94)
    ,(#95,#96)
    ,(#97,#98)
    ,(#99,#100)
    ,(#101,#102)
    ,(#103,#104)
    ,(#105,#106)
    ,(#107,#108)
    ,(#109,#110)
    ,(#111,#112)
    ,(#113,#114
    )),.UNSPECIFIED.,.T.,.F.,.F.,(1,1,2,1,1,1,1,1,1,1,1,1,1,1,1,1,1,1,1,
    1,1,1,1,1,1,1,1,1,2,1,1),(2,2),(-11.12863082616,-5.192301994299,0.,
    5.192301994299,11.128630826161,17.776938881599,24.45001912988,
    31.413495273302,37.423694937206,45.431347527073,54.799378269977,
    61.156264300103,65.497922969321,69.325454811122,73.816557125699,
    78.820555526978,83.824553928257,88.315656242834,92.143188084635,
    96.484846753853,102.84173278397,112.20976352688,120.21741611674,
    126.22761578065,133.19109192407,139.86417217235,146.51248022779,
    152.44880905965,157.64111105395,162.83341304825,168.76974188011),(0.
    ,1.),.UNSPECIFIED.);
#57 = CARTESIAN_POINT('',(-28.19467798052,6.242076884596,0.));
#58 = CARTESIAN_POINT('',(-22.00012061374,6.242076884596,23.536714486125
    ));
#59 = CARTESIAN_POINT('',(-27.80532201947,9.757923115404,0.));
#60 = CARTESIAN_POINT('',(-21.61555827067,9.757923115404,23.475805794649
    ));
#61 = CARTESIAN_POINT('',(-26.75646873277,13.336215308645,0.));
#62 = CARTESIAN_POINT('',(-20.5796181084,13.336215308645,23.311728991839
    ));
#63 = CARTESIAN_POINT('',(-23.41828871055,18.340548207808,0.));
#64 = CARTESIAN_POINT('',(-17.28253662165,18.340548207808,
    22.789522585854));
#65 = CARTESIAN_POINT('',(-18.75681809731,22.798094545236,0.));
#66 = CARTESIAN_POINT('',(-12.67845644692,22.798094545236,
    22.060307924171));
#67 = CARTESIAN_POINT('',(-12.85133167509,26.317370819243,0.));
#68 = CARTESIAN_POINT('',(-6.845676362154,26.317370819243,
    21.136486314908));
#69 = CARTESIAN_POINT('',(-6.314132526844,27.517954476765,0.));
#70 = CARTESIAN_POINT('',(-0.388960983281,27.517954476765,
    20.113843063291));
#71 = CARTESIAN_POINT('',(0.64996341515,27.81092651448,0.));
#72 = CARTESIAN_POINT('',(6.489395381412,27.81092651448,19.024418440116)
  );
#73 = CARTESIAN_POINT('',(8.530413832458,27.837673001601,0.));
#74 = CARTESIAN_POINT('',(14.272824377225,27.837673001601,
    17.791644394808));
#75 = CARTESIAN_POINT('',(16.064653825025,25.060161584088,0.));
#76 = CARTESIAN_POINT('',(21.714305373129,25.060161584088,
    16.613029592086));
#77 = CARTESIAN_POINT('',(22.361060251736,23.043362644683,0.));
#78 = CARTESIAN_POINT('',(27.93319258844,23.043362644683,15.628054621048
    ));
#79 = CARTESIAN_POINT('',(26.944413011804,21.041845739911,0.));
#80 = CARTESIAN_POINT('',(32.460116670393,21.041845739911,
    14.911060283936));
#81 = CARTESIAN_POINT('',(29.256656930442,17.261815380072,0.));
#82 = CARTESIAN_POINT('',(34.743893029444,17.261815380072,
    14.549345643481));
#83 = CARTESIAN_POINT('',(29.908601413114,12.830585886073,0.));
#84 = CARTESIAN_POINT('',(35.387810993695,12.830585886073,
    14.447359057099));
#85 = CARTESIAN_POINT('',(30.048167847629,8.,0.));
#86 = CARTESIAN_POINT('',(35.525659133803,8.,14.425526056578));
#87 = CARTESIAN_POINT('',(29.908601340434,3.169414113927,0.));
#88 = CARTESIAN_POINT('',(35.38781092191,3.169414113927,14.447359068468)
  );
#89 = CARTESIAN_POINT('',(29.25665717114,-1.261815380072,0.));
#90 = CARTESIAN_POINT('',(34.743893267179,-1.261815380072,
    14.549345605828));
#91 = CARTESIAN_POINT('',(26.944412212012,-5.041845739911,0.));
#92 = CARTESIAN_POINT('',(32.460115880448,-5.041845739911,
    14.911060409051));
#93 = CARTESIAN_POINT('',(22.361064394243,-7.043362644683,0.));
#94 = CARTESIAN_POINT('',(27.933196679946,-7.043362644683,
    15.628053973017));
#95 = CARTESIAN_POINT('',(16.064625424713,-9.060161584088,0.));
#96 = CARTESIAN_POINT('',(21.714277322472,-9.060161584088,
    16.613034034874));
#97 = CARTESIAN_POINT('',(8.5305641273,-11.8376730016,0.));
#98 = CARTESIAN_POINT('',(14.272972821688,-11.8376730016,17.791620883515
    ));
#99 = CARTESIAN_POINT('',(0.649546473588,-11.81092651448,0.));
#100 = CARTESIAN_POINT('',(6.488983573092,-11.81092651448,
    19.024483664146));
#101 = CARTESIAN_POINT('',(-6.312923755102,-11.51795447676,0.));
#102 = CARTESIAN_POINT('',(-0.387767093526,-11.51795447676,
    20.11365396973));
#103 = CARTESIAN_POINT('',(-12.85660883347,-10.31737081924,0.));
#104 = CARTESIAN_POINT('',(-6.850888549965,-10.31737081924,
    21.137311844358));
#105 = CARTESIAN_POINT('',(-18.73814091818,-6.798094545236,0.));
#106 = CARTESIAN_POINT('',(-12.66000921486,-6.798094545236,
    22.057386169645));
#107 = CARTESIAN_POINT('',(-23.48463883032,-2.340548207808,0.));
#108 = CARTESIAN_POINT('',(-17.34806986134,-2.340548207808,
    22.799902031345));
#109 = CARTESIAN_POINT('',(-26.54956905411,2.663784691355,0.));
#110 = CARTESIAN_POINT('',(-20.37526570811,2.663784691355,23.27936275129
    ));
#111 = CARTESIAN_POINT('',(-28.19467798052,6.242076884596,0.));
#112 = CARTESIAN_POINT('',(-22.00012061374,6.242076884596,
    23.536714486125));
#113 = CARTESIAN_POINT('',(-27.80532201947,9.757923115404,0.));
#114 = CARTESIAN_POINT('',(-21.61555827067,9.757923115404,
    23.475805794649));
#115 = DEFINITIONAL_REPRESENTATION('',(#116),#122);
#116 = B_SPLINE_CURVE_WITH_KNOTS('',4,(#117,#118,#119,#120,#121),
  .UNSPECIFIED.,.F.,.F.,(5,5),(0.,1.),.PIECEWISE_BEZIER_KNOTS.);
#117 = CARTESIAN_POINT('',(0.123216183917,0.));
#118 = CARTESIAN_POINT('',(0.123216183917,0.25));
#119 = CARTESIAN_POINT('',(0.123216183917,0.5));
#120 = CARTESIAN_POINT('',(0.123216183917,0.75));
#121 = CARTESIAN_POINT('',(0.123216183917,1.));
#122 = ( GEOMETRIC_REPRESENTATION_CONTEXT(2) 
PARAMETRIC_REPRESENTATION_CONTEXT() REPRESENTATION_CONTEXT('2D SPACE',''
  ) );
#123 = PCURVE('',#124,#129);
#124 = PLANE('',#125);
#125 = AXIS2_PLACEMENT_3D('',#126,#127,#128);
#126 = CARTESIAN_POINT('',(-100.,8.125,-100.));
#127 = DIRECTION('',(0.,1.,0.));
#128 = DIRECTION('',(0.,0.,1.));
#129 = DEFINITIONAL_REPRESENTATION('',(#130),#136);
#130 = B_SPLINE_CURVE_WITH_KNOTS('',4,(#131,#132,#133,#134,#135),
  .UNSPECIFIED.,.F.,.F.,(5,5),(0.,1.),.PIECEWISE_BEZIER_KNOTS.);
#131 = CARTESIAN_POINT('',(100.,72.014356386228));
#132 = CARTESIAN_POINT('',(105.87600357669,73.562352337942));
#133 = CARTESIAN_POINT('',(111.75200715339,75.110348289655));
#134 = CARTESIAN_POINT('',(117.62801073009,76.658344241368));
#135 = CARTESIAN_POINT('',(123.50401430678,78.206340193082));
#136 = ( GEOMETRIC_REPRESENTATION_CONTEXT(2) 
PARAMETRIC_REPRESENTATION_CONTEXT() REPRESENTATION_CONTEXT('2D SPACE',''
  ) );
#137 = ORIENTED_EDGE('',*,*,#138,.T.);
#138 = EDGE_CURVE('',#44,#139,#141,.T.);
#139 = VERTEX_POINT('',#140);
#140 = CARTESIAN_POINT('',(29.999908872711,8.125,0.));
#141 = SURFACE_CURVE('',#142,(#172,#179),.PCURVE_S1.);
#142 = B_SPLINE_CURVE_WITH_KNOTS('',3,(#143,#144,#145,#146,#147,#148,
    #149,#150,#151,#152,#153,#154,#155,#156,#157,#158,#159,#160,#161,
    #162,#163,#164,#165,#166,#167,#168,#169,#170,#171),.UNSPECIFIED.,.T.
  ,.F.,(1,1,2,1,1,1,1,1,1,1,1,1,1,1,1,1,1,1,1,1,1,1,1,1,1,1,1,1,2,1,1),(
    -11.12863082616,-5.192301994299,0.,5.192301994299,11.128630826161,
    17.776938881599,24.45001912988,31.413495273302,37.423694937206,
    45.431347527073,54.799378269977,61.156264300103,65.497922969321,
    69.325454811122,73.816557125699,78.820555526978,83.824553928257,
    88.315656242834,92.143188084635,96.484846753853,102.84173278397,
    112.20976352688,120.21741611674,126.22761578065,133.19109192407,
    139.86417217235,146.51248022779,152.44880905965,157.64111105395,
    162.83341304825,168.76974188011),.UNSPECIFIED.);
#143 = CARTESIAN_POINT('',(-28.19467798052,6.242076884596,0.));
#144 = CARTESIAN_POINT('',(-27.80532201947,9.757923115404,0.));
#145 = CARTESIAN_POINT('',(-26.75646873277,13.336215308645,0.));
#146 = CARTESIAN_POINT('',(-23.41828871055,18.340548207808,0.));
#147 = CARTESIAN_POINT('',(-18.75681809731,22.798094545236,0.));
#148 = CARTESIAN_POINT('',(-12.85133167509,26.317370819243,0.));
#149 = CARTESIAN_POINT('',(-6.314132526844,27.517954476765,0.));
#150 = CARTESIAN_POINT('',(0.64996341515,27.81092651448,0.));
#151 = CARTESIAN_POINT('',(8.530413832458,27.837673001601,0.));
#152 = CARTESIAN_POINT('',(16.064653825025,25.060161584088,0.));
#153 = CARTESIAN_POINT('',(22.361060251736,23.043362644683,0.));
#154 = CARTESIAN_POINT('',(26.944413011804,21.041845739911,0.));
#155 = CARTESIAN_POINT('',(29.256656930442,17.261815380072,0.));
#156 = CARTESIAN_POINT('',(29.908601413114,12.830585886073,0.));
#157 = CARTESIAN_POINT('',(30.048167847629,8.,0.));
#158 = CARTESIAN_POINT('',(29.908601340434,3.169414113927,0.));
#159 = CARTESIAN_POINT('',(29.25665717114,-1.261815380072,0.));
#160 = CARTESIAN_POINT('',(26.944412212012,-5.041845739911,0.));
#161 = CARTESIAN_POINT('',(22.361064394243,-7.043362644683,0.));
#162 = CARTESIAN_POINT('',(16.064625424713,-9.060161584088,0.));
#163 = CARTESIAN_POINT('',(8.5305641273,-11.8376730016,0.));
#164 = CARTESIAN_POINT('',(0.649546473588,-11.81092651448,0.));
#165 = CARTESIAN_POINT('',(-6.312923755102,-11.51795447676,0.));
#166 = CARTESIAN_POINT('',(-12.85660883347,-10.31737081924,0.));
#167 = CARTESIAN_POINT('',(-18.73814091818,-6.798094545236,0.));
#168 = CARTESIAN_POINT('',(-23.48463883032,-2.340548207808,0.));
#169 = CARTESIAN_POINT('',(-26.54956905411,2.663784691355,0.));
#170 = CARTESIAN_POINT('',(-28.19467798052,6.242076884596,0.));
#171 = CARTESIAN_POINT('',(-27.80532201947,9.757923115404,0.));
#172 = PCURVE('',#56,#173);
#173 = DEFINITIONAL_REPRESENTATION('',(#174),#178);
#174 = LINE('',#175,#176);
#175 = CARTESIAN_POINT('',(0.,0.));
#176 = VECTOR('',#177,1.);
#177 = DIRECTION('',(1.,0.));
#178 = ( GEOMETRIC_REPRESENTATION_CONTEXT(2) 
PARAMETRIC_REPRESENTATION_CONTEXT() REPRESENTATION_CONTEXT('2D SPACE',''
  ) );
#179 = PCURVE('',#180,#185);
#180 = PLANE('',#181);
#181 = AXIS2_PLACEMENT_3D('',#182,#183,#184);
#182 = CARTESIAN_POINT('',(-28.,8.,0.));
#183 = DIRECTION('',(-0.,0.,1.));
#184 = DIRECTION('',(0.994533904972,-0.104414136312,0.));
#185 = DEFINITIONAL_REPRESENTATION('',(#186),#216);
#186 = B_SPLINE_CURVE_WITH_KNOTS('',3,(#187,#188,#189,#190,#191,#192,
    #193,#194,#195,#196,#197,#198,#199,#200,#201,#202,#203,#204,#205,
    #206,#207,#208,#209,#210,#211,#212,#213,#214,#215),.UNSPECIFIED.,.F.
  ,.F.,(1,1,2,1,1,1,1,1,1,1,1,1,1,1,1,1,1,1,1,1,1,1,1,1,1,1,1,1,2,1,1),(
    -11.12863082616,-5.192301994299,0.,5.192301994299,11.128630826161,
    17.776938881599,24.45001912988,31.413495273302,37.423694937206,
    45.431347527073,54.799378269977,61.156264300103,65.497922969321,
    69.325454811122,73.816557125699,78.820555526978,83.824553928257,
    88.315656242834,92.143188084635,96.484846753853,102.84173278397,
    112.20976352688,120.21741611674,126.22761578065,133.19109192407,
    139.86417217235,146.51248022779,152.44880905965,157.64111105395,
    162.83341304825,168.76974188011),.UNSPECIFIED.);
#187 = CARTESIAN_POINT('',(-1.006182838394E-02,-1.768641273798));
#188 = CARTESIAN_POINT('',(1.006182838394E-02,1.768641273798));
#189 = CARTESIAN_POINT('',(0.679557694519,5.43688929192));
#190 = CARTESIAN_POINT('',(3.476967810037,10.762421215776));
#191 = CARTESIAN_POINT('',(7.647527531043,15.682325609354));
#192 = CARTESIAN_POINT('',(13.153271810702,19.798981449094));
#193 = CARTESIAN_POINT('',(19.529380101516,21.675578605216));
#194 = CARTESIAN_POINT('',(26.424819211023,22.694099292906));
#195 = CARTESIAN_POINT('',(34.259401626133,23.543530005257));
#196 = CARTESIAN_POINT('',(42.04247020269,21.567881890683));
#197 = CARTESIAN_POINT('',(48.515042192908,20.219540804845));
#198 = CARTESIAN_POINT('',(53.282328570166,18.70753120153));
#199 = CARTESIAN_POINT('',(55.976622149071,15.189593798554));
#200 = CARTESIAN_POINT('',(57.087686041662,10.850658046142));
#201 = CARTESIAN_POINT('',(57.730871045956,6.061049310282));
#202 = CARTESIAN_POINT('',(58.096448875726,1.242295149398));
#203 = CARTESIAN_POINT('',(57.910751295629,-3.232785010455));
#204 = CARTESIAN_POINT('',(56.00583389243,-7.233584425486));
#205 = CARTESIAN_POINT('',(51.656525748306,-9.702727152463));
#206 = CARTESIAN_POINT('',(45.605086031896,-12.36593931405));
#207 = CARTESIAN_POINT('',(38.402218085238,-15.9149310935));
#208 = CARTESIAN_POINT('',(30.561486111589,-16.71122045679));
#209 = CARTESIAN_POINT('',(23.606482984519,-17.1468301476));
#210 = CARTESIAN_POINT('',(16.973208404945,-16.63606222019));
#211 = CARTESIAN_POINT('',(10.756363140935,-13.75013773754));
#212 = CARTESIAN_POINT('',(5.570379186545,-9.812558251992));
#213 = CARTESIAN_POINT('',(1.999679065129,-5.155601554182));
#214 = CARTESIAN_POINT('',(-1.006182838394E-02,-1.768641273798));
#215 = CARTESIAN_POINT('',(1.006182838394E-02,1.768641273798));
#216 = ( GEOMETRIC_REPRESENTATION_CONTEXT(2) 
PARAMETRIC_REPRESENTATION_CONTEXT() REPRESENTATION_CONTEXT('2D SPACE',''
  ) );
#217 = ORIENTED_EDGE('',*,*,#218,.T.);
#218 = EDGE_CURVE('',#139,#219,#221,.T.);
#219 = VERTEX_POINT('',#220);
#220 = CARTESIAN_POINT('',(35.477994306948,8.125,14.433075423502));
#221 = SURFACE_CURVE('',#222,(#228,#237),.PCURVE_S1.);
#222 = B_SPLINE_CURVE_WITH_KNOTS('',4,(#223,#224,#225,#226,#227),
  .UNSPECIFIED.,.F.,.F.,(5,5),(0.,1.),.PIECEWISE_BEZIER_KNOTS.);
#223 = CARTESIAN_POINT('',(29.999908872711,8.125,0.));
#224 = CARTESIAN_POINT('',(31.36943023127,8.125,3.608268855876));
#225 = CARTESIAN_POINT('',(32.73895158983,8.125,7.216537711751));
#226 = CARTESIAN_POINT('',(34.108472948389,8.125,10.824806567627));
#227 = CARTESIAN_POINT('',(35.477994306948,8.125,14.433075423502));
#228 = PCURVE('',#56,#229);
#229 = DEFINITIONAL_REPRESENTATION('',(#230),#236);
#230 = B_SPLINE_CURVE_WITH_KNOTS('',4,(#231,#232,#233,#234,#235),
  .UNSPECIFIED.,.F.,.F.,(5,5),(0.,1.),.PIECEWISE_BEZIER_KNOTS.);
#231 = CARTESIAN_POINT('',(78.695492179666,0.));
#232 = CARTESIAN_POINT('',(78.695492179666,0.25));
#233 = CARTESIAN_POINT('',(78.695492179666,0.5));
#234 = CARTESIAN_POINT('',(78.695492179666,0.75));
#235 = CARTESIAN_POINT('',(78.695492179666,1.));
#236 = ( GEOMETRIC_REPRESENTATION_CONTEXT(2) 
PARAMETRIC_REPRESENTATION_CONTEXT() REPRESENTATION_CONTEXT('2D SPACE',''
  ) );
#237 = PCURVE('',#238,#243);
#238 = PLANE('',#239);
#239 = AXIS2_PLACEMENT_3D('',#240,#241,#242);
#240 = CARTESIAN_POINT('',(-100.,8.125,-100.));
#241 = DIRECTION('',(0.,1.,0.));
#242 = DIRECTION('',(0.,0.,1.));
#243 = DEFINITIONAL_REPRESENTATION('',(#244),#250);
#244 = B_SPLINE_CURVE_WITH_KNOTS('',4,(#245,#246,#247,#248,#249),
  .UNSPECIFIED.,.F.,.F.,(5,5),(0.,1.),.PIECEWISE_BEZIER_KNOTS.);
#245 = CARTESIAN_POINT('',(100.,129.99990887271));
#246 = CARTESIAN_POINT('',(103.60826885587,131.36943023127));
#247 = CARTESIAN_POINT('',(107.21653771175,132.73895158983));
#248 = CARTESIAN_POINT('',(110.82480656762,134.10847294838));
#249 = CARTESIAN_POINT('',(114.4330754235,135.47799430694));
#250 = ( GEOMETRIC_REPRESENTATION_CONTEXT(2) 
PARAMETRIC_REPRESENTATION_CONTEXT() REPRESENTATION_CONTEXT('2D SPACE',''
  ) );
#251 = ORIENTED_EDGE('',*,*,#252,.F.);
#252 = EDGE_CURVE('',#46,#219,#253,.T.);
#253 = SURFACE_CURVE('',#254,(#284,#291),.PCURVE_S1.);
#254 = B_SPLINE_CURVE_WITH_KNOTS('',3,(#255,#256,#257,#258,#259,#260,
    #261,#262,#263,#264,#265,#266,#267,#268,#269,#270,#271,#272,#273,
    #274,#275,#276,#277,#278,#279,#280,#281,#282,#283),.UNSPECIFIED.,.T.
  ,.F.,(1,1,2,1,1,1,1,1,1,1,1,1,1,1,1,1,1,1,1,1,1,1,1,1,1,1,1,1,2,1,1),(
    -11.12863082616,-5.192301994299,0.,5.192301994299,11.128630826161,
    17.776938881599,24.45001912988,31.413495273302,37.423694937206,
    45.431347527073,54.799378269977,61.156264300103,65.497922969321,
    69.325454811122,73.816557125699,78.820555526978,83.824553928257,
    88.315656242834,92.143188084635,96.484846753853,102.84173278397,
    112.20976352688,120.21741611674,126.22761578065,133.19109192407,
    139.86417217235,146.51248022779,152.44880905965,157.64111105395,
    162.83341304825,168.76974188011),.UNSPECIFIED.);
#255 = CARTESIAN_POINT('',(-22.00012061374,6.242076884596,
    23.536714486125));
#256 = CARTESIAN_POINT('',(-21.61555827067,9.757923115404,
    23.475805794649));
#257 = CARTESIAN_POINT('',(-20.5796181084,13.336215308645,
    23.311728991839));
#258 = CARTESIAN_POINT('',(-17.28253662165,18.340548207808,
    22.789522585854));
#259 = CARTESIAN_POINT('',(-12.67845644692,22.798094545236,
    22.060307924171));
#260 = CARTESIAN_POINT('',(-6.845676362154,26.317370819243,
    21.136486314908));
#261 = CARTESIAN_POINT('',(-0.388960983281,27.517954476765,
    20.113843063291));
#262 = CARTESIAN_POINT('',(6.489395381412,27.81092651448,19.024418440116
    ));
#263 = CARTESIAN_POINT('',(14.272824377225,27.837673001601,
    17.791644394808));
#264 = CARTESIAN_POINT('',(21.714305373129,25.060161584088,
    16.613029592086));
#265 = CARTESIAN_POINT('',(27.93319258844,23.043362644683,
    15.628054621048));
#266 = CARTESIAN_POINT('',(32.460116670393,21.041845739911,
    14.911060283936));
#267 = CARTESIAN_POINT('',(34.743893029444,17.261815380072,
    14.549345643481));
#268 = CARTESIAN_POINT('',(35.387810993695,12.830585886073,
    14.447359057099));
#269 = CARTESIAN_POINT('',(35.525659133803,8.,14.425526056578));
#270 = CARTESIAN_POINT('',(35.38781092191,3.169414113927,14.447359068468
    ));
#271 = CARTESIAN_POINT('',(34.743893267179,-1.261815380072,
    14.549345605828));
#272 = CARTESIAN_POINT('',(32.460115880448,-5.041845739911,
    14.911060409051));
#273 = CARTESIAN_POINT('',(27.933196679946,-7.043362644683,
    15.628053973017));
#274 = CARTESIAN_POINT('',(21.714277322472,-9.060161584088,
    16.613034034874));
#275 = CARTESIAN_POINT('',(14.272972821688,-11.8376730016,
    17.791620883515));
#276 = CARTESIAN_POINT('',(6.488983573092,-11.81092651448,
    19.024483664146));
#277 = CARTESIAN_POINT('',(-0.387767093526,-11.51795447676,
    20.11365396973));
#278 = CARTESIAN_POINT('',(-6.850888549965,-10.31737081924,
    21.137311844358));
#279 = CARTESIAN_POINT('',(-12.66000921486,-6.798094545236,
    22.057386169645));
#280 = CARTESIAN_POINT('',(-17.34806986134,-2.340548207808,
    22.799902031345));
#281 = CARTESIAN_POINT('',(-20.37526570811,2.663784691355,23.27936275129
    ));
#282 = CARTESIAN_POINT('',(-22.00012061374,6.242076884596,
    23.536714486125));
#283 = CARTESIAN_POINT('',(-21.61555827067,9.757923115404,
    23.475805794649));
#284 = PCURVE('',#56,#285);
#285 = DEFINITIONAL_REPRESENTATION('',(#286),#290);
#286 = LINE('',#287,#288);
#287 = CARTESIAN_POINT('',(0.,1.));
#288 = VECTOR('',#289,1.);
#289 = DIRECTION('',(1.,0.));
#290 = ( GEOMETRIC_REPRESENTATION_CONTEXT(2) 
PARAMETRIC_REPRESENTATION_CONTEXT() REPRESENTATION_CONTEXT('2D SPACE',''
  ) );
#291 = PCURVE('',#292,#297);
#292 = PLANE('',#293);
#293 = AXIS2_PLACEMENT_3D('',#294,#295,#296);
#294 = CARTESIAN_POINT('',(-21.8078394422,8.,23.506260140387));
#295 = DIRECTION('',(0.15643446504,-9.261819612113E-17,0.987688340595));
#296 = DIRECTION('',(0.982289542267,-0.104414136312,-0.155579379389));
#297 = DEFINITIONAL_REPRESENTATION('',(#298),#328);
#298 = B_SPLINE_CURVE_WITH_KNOTS('',3,(#299,#300,#301,#302,#303,#304,
    #305,#306,#307,#308,#309,#310,#311,#312,#313,#314,#315,#316,#317,
    #318,#319,#320,#321,#322,#323,#324,#325,#326,#327),.UNSPECIFIED.,.F.
  ,.F.,(1,1,2,1,1,1,1,1,1,1,1,1,1,1,1,1,1,1,1,1,1,1,1,1,1,1,1,1,2,1,1),(
    -11.12863082616,-5.192301994299,0.,5.192301994299,11.128630826161,
    17.776938881599,24.45001912988,31.413495273302,37.423694937206,
    45.431347527073,54.799378269977,61.156264300103,65.497922969321,
    69.325454811122,73.816557125699,78.820555526978,83.824553928257,
    88.315656242834,92.143188084635,96.484846753853,102.84173278397,
    112.20976352688,120.21741611674,126.22761578065,133.19109192407,
    139.86417217235,146.51248022779,152.44880905965,157.64111105395,
    162.83341304825,168.76974188011),.UNSPECIFIED.);
#299 = CARTESIAN_POINT('',(-1.006182838394E-02,-1.768641273798));
#300 = CARTESIAN_POINT('',(1.006182838394E-02,1.768641273798));
#301 = CARTESIAN_POINT('',(0.679557694519,5.43688929192));
#302 = CARTESIAN_POINT('',(3.476967810037,10.762421215776));
#303 = CARTESIAN_POINT('',(7.647527531043,15.682325609354));
#304 = CARTESIAN_POINT('',(13.153271810702,19.798981449094));
#305 = CARTESIAN_POINT('',(19.529380101516,21.675578605216));
#306 = CARTESIAN_POINT('',(26.424819211023,22.694099292906));
#307 = CARTESIAN_POINT('',(34.259401626133,23.543530005257));
#308 = CARTESIAN_POINT('',(42.04247020269,21.567881890683));
#309 = CARTESIAN_POINT('',(48.515042192908,20.219540804845));
#310 = CARTESIAN_POINT('',(53.282328570166,18.70753120153));
#311 = CARTESIAN_POINT('',(55.976622149071,15.189593798554));
#312 = CARTESIAN_POINT('',(57.087686041662,10.850658046142));
#313 = CARTESIAN_POINT('',(57.730871045956,6.061049310282));
#314 = CARTESIAN_POINT('',(58.096448875726,1.242295149398));
#315 = CARTESIAN_POINT('',(57.910751295629,-3.232785010455));
#316 = CARTESIAN_POINT('',(56.00583389243,-7.233584425486));
#317 = CARTESIAN_POINT('',(51.656525748306,-9.702727152463));
#318 = CARTESIAN_POINT('',(45.605086031896,-12.36593931405));
#319 = CARTESIAN_POINT('',(38.402218085238,-15.9149310935));
#320 = CARTESIAN_POINT('',(30.561486111589,-16.71122045679));
#321 = CARTESIAN_POINT('',(23.606482984519,-17.1468301476));
#322 = CARTESIAN_POINT('',(16.973208404945,-16.63606222019));
#323 = CARTESIAN_POINT('',(10.756363140935,-13.75013773754));
#324 = CARTESIAN_POINT('',(5.570379186545,-9.812558251992));
#325 = CARTESIAN_POINT('',(1.999679065129,-5.155601554182));
#326 = CARTESIAN_POINT('',(-1.006182838394E-02,-1.768641273798));
#327 = CARTESIAN_POINT('',(1.006182838394E-02,1.768641273798));
#328 = ( GEOMETRIC_REPRESENTATION_CONTEXT(2) 
PARAMETRIC_REPRESENTATION_CONTEXT() REPRESENTATION_CONTEXT('2D SPACE',''
  ) );
#329 = ADVANCED_FACE('',(#330),#124,.F.);
#330 = FACE_BOUND('',#331,.F.);
#331 = EDGE_LOOP('',(#332,#362,#383,#384,#407,#435));
#332 = ORIENTED_EDGE('',*,*,#333,.F.);
#333 = EDGE_CURVE('',#334,#336,#338,.T.);
#334 = VERTEX_POINT('',#335);
#335 = CARTESIAN_POINT('',(-24.9,8.125,0.));
#336 = VERTEX_POINT('',#337);
#337 = CARTESIAN_POINT('',(-22.02214255499,8.125,9.41304755963));
#338 = SURFACE_CURVE('',#339,(#343,#350),.PCURVE_S1.);
#339 = LINE('',#340,#341);
#340 = CARTESIAN_POINT('',(-40.65071343954,8.125,-51.51826229672));
#341 = VECTOR('',#342,1.);
#342 = DIRECTION('',(0.292371704723,-0.,0.956304755963));
#343 = PCURVE('',#124,#344);
#344 = DEFINITIONAL_REPRESENTATION('',(#345),#349);
#345 = LINE('',#346,#347);
#346 = CARTESIAN_POINT('',(48.481737703276,59.349286560457));
#347 = VECTOR('',#348,1.);
#348 = DIRECTION('',(0.956304755963,0.292371704723));
#349 = ( GEOMETRIC_REPRESENTATION_CONTEXT(2) 
PARAMETRIC_REPRESENTATION_CONTEXT() REPRESENTATION_CONTEXT('2D SPACE',''
  ) );
#350 = PCURVE('',#351,#356);
#351 = PLANE('',#352);
#352 = AXIS2_PLACEMENT_3D('',#353,#354,#355);
#353 = CARTESIAN_POINT('',(-22.02214255499,9.125,9.41304755963));
#354 = DIRECTION('',(-0.956304755963,0.,0.292371704723));
#355 = DIRECTION('',(0.,-1.,0.));
#356 = DEFINITIONAL_REPRESENTATION('',(#357),#361);
#357 = LINE('',#358,#359);
#358 = CARTESIAN_POINT('',(1.,-63.71536842875));
#359 = VECTOR('',#360,1.);
#360 = DIRECTION('',(0.,1.));
#361 = ( GEOMETRIC_REPRESENTATION_CONTEXT(2) 
PARAMETRIC_REPRESENTATION_CONTEXT() REPRESENTATION_CONTEXT('2D SPACE',''
  ) );
#362 = ORIENTED_EDGE('',*,*,#363,.T.);
#363 = EDGE_CURVE('',#334,#44,#364,.T.);
#364 = SURFACE_CURVE('',#365,(#369,#376),.PCURVE_S1.);
#365 = LINE('',#366,#367);
#366 = CARTESIAN_POINT('',(-64.,8.125,0.));
#367 = VECTOR('',#368,1.);
#368 = DIRECTION('',(-1.,0.,-0.));
#369 = PCURVE('',#124,#370);
#370 = DEFINITIONAL_REPRESENTATION('',(#371),#375);
#371 = LINE('',#372,#373);
#372 = CARTESIAN_POINT('',(100.,36.));
#373 = VECTOR('',#374,1.);
#374 = DIRECTION('',(0.,-1.));
#375 = ( GEOMETRIC_REPRESENTATION_CONTEXT(2) 
PARAMETRIC_REPRESENTATION_CONTEXT() REPRESENTATION_CONTEXT('2D SPACE',''
  ) );
#376 = PCURVE('',#180,#377);
#377 = DEFINITIONAL_REPRESENTATION('',(#378),#382);
#378 = LINE('',#379,#380);
#379 = CARTESIAN_POINT('',(-35.81627234602,-3.634592169097));
#380 = VECTOR('',#381,1.);
#381 = DIRECTION('',(-0.994533904972,-0.104414136312));
#382 = ( GEOMETRIC_REPRESENTATION_CONTEXT(2) 
PARAMETRIC_REPRESENTATION_CONTEXT() REPRESENTATION_CONTEXT('2D SPACE',''
  ) );
#383 = ORIENTED_EDGE('',*,*,#43,.T.);
#384 = ORIENTED_EDGE('',*,*,#385,.F.);
#385 = EDGE_CURVE('',#386,#46,#388,.T.);
#386 = VERTEX_POINT('',#387);
#387 = CARTESIAN_POINT('',(-18.09328488065,8.125,22.9179324951));
#388 = SURFACE_CURVE('',#389,(#393,#400),.PCURVE_S1.);
#389 = LINE('',#390,#391);
#390 = CARTESIAN_POINT('',(-50.40578721331,8.125,28.035730092543));
#391 = VECTOR('',#392,1.);
#392 = DIRECTION('',(-0.987688340595,0.,0.15643446504));
#393 = PCURVE('',#124,#394);
#394 = DEFINITIONAL_REPRESENTATION('',(#395),#399);
#395 = LINE('',#396,#397);
#396 = CARTESIAN_POINT('',(128.03573009254,49.59421278669));
#397 = VECTOR('',#398,1.);
#398 = DIRECTION('',(0.15643446504,-0.987688340595));
#399 = ( GEOMETRIC_REPRESENTATION_CONTEXT(2) 
PARAMETRIC_REPRESENTATION_CONTEXT() REPRESENTATION_CONTEXT('2D SPACE',''
  ) );
#400 = PCURVE('',#292,#401);
#401 = DEFINITIONAL_REPRESENTATION('',(#402),#406);
#402 = LINE('',#403,#404);
#403 = CARTESIAN_POINT('',(-28.809208917,-2.898934518449));
#404 = VECTOR('',#405,1.);
#405 = DIRECTION('',(-0.994533904972,-0.104414136312));
#406 = ( GEOMETRIC_REPRESENTATION_CONTEXT(2) 
PARAMETRIC_REPRESENTATION_CONTEXT() REPRESENTATION_CONTEXT('2D SPACE',''
  ) );
#407 = ORIENTED_EDGE('',*,*,#408,.F.);
#408 = EDGE_CURVE('',#409,#386,#411,.T.);
#409 = VERTEX_POINT('',#410);
#410 = CARTESIAN_POINT('',(-22.22214255499,8.125,9.41304755963));
#411 = SURFACE_CURVE('',#412,(#416,#423),.PCURVE_S1.);
#412 = LINE('',#413,#414);
#413 = CARTESIAN_POINT('',(-36.1664804115,8.125,-36.19682643136));
#414 = VECTOR('',#415,1.);
#415 = DIRECTION('',(0.292371704723,-0.,0.956304755963));
#416 = PCURVE('',#124,#417);
#417 = DEFINITIONAL_REPRESENTATION('',(#418),#422);
#418 = LINE('',#419,#420);
#419 = CARTESIAN_POINT('',(63.803173568634,63.833519588498));
#420 = VECTOR('',#421,1.);
#421 = DIRECTION('',(0.956304755963,0.292371704723));
#422 = ( GEOMETRIC_REPRESENTATION_CONTEXT(2) 
PARAMETRIC_REPRESENTATION_CONTEXT() REPRESENTATION_CONTEXT('2D SPACE',''
  ) );
#423 = PCURVE('',#424,#429);
#424 = PLANE('',#425);
#425 = AXIS2_PLACEMENT_3D('',#426,#427,#428);
#426 = CARTESIAN_POINT('',(-12.87077274165,10.4,40.));
#427 = DIRECTION('',(-0.956304755963,0.,0.292371704723));
#428 = DIRECTION('',(0.,-1.,0.));
#429 = DEFINITIONAL_REPRESENTATION('',(#430),#434);
#430 = LINE('',#431,#432);
#431 = CARTESIAN_POINT('',(2.275,-79.67839326976));
#432 = VECTOR('',#433,1.);
#433 = DIRECTION('',(0.,1.));
#434 = ( GEOMETRIC_REPRESENTATION_CONTEXT(2) 
PARAMETRIC_REPRESENTATION_CONTEXT() REPRESENTATION_CONTEXT('2D SPACE',''
  ) );
#435 = ORIENTED_EDGE('',*,*,#436,.T.);
#436 = EDGE_CURVE('',#409,#336,#437,.T.);
#437 = SURFACE_CURVE('',#438,(#442,#449),.PCURVE_S1.);
#438 = LINE('',#439,#440);
#439 = CARTESIAN_POINT('',(-60.61107127749,8.125,9.41304755963));
#440 = VECTOR('',#441,1.);
#441 = DIRECTION('',(1.,0.,0.));
#442 = PCURVE('',#124,#443);
#443 = DEFINITIONAL_REPRESENTATION('',(#444),#448);
#444 = LINE('',#445,#446);
#445 = CARTESIAN_POINT('',(109.41304755963,39.388928722504));
#446 = VECTOR('',#447,1.);
#447 = DIRECTION('',(0.,1.));
#448 = ( GEOMETRIC_REPRESENTATION_CONTEXT(2) 
PARAMETRIC_REPRESENTATION_CONTEXT() REPRESENTATION_CONTEXT('2D SPACE',''
  ) );
#449 = PCURVE('',#450,#455);
#450 = PLANE('',#451);
#451 = AXIS2_PLACEMENT_3D('',#452,#453,#454);
#452 = CARTESIAN_POINT('',(-21.22214255499,10.4,9.41304755963));
#453 = DIRECTION('',(0.,0.,1.));
#454 = DIRECTION('',(1.,0.,0.));
#455 = DEFINITIONAL_REPRESENTATION('',(#456),#460);
#456 = LINE('',#457,#458);
#457 = CARTESIAN_POINT('',(-39.3889287225,-2.275));
#458 = VECTOR('',#459,1.);
#459 = DIRECTION('',(1.,0.));
#460 = ( GEOMETRIC_REPRESENTATION_CONTEXT(2) 
PARAMETRIC_REPRESENTATION_CONTEXT() REPRESENTATION_CONTEXT('2D SPACE',''
  ) );
#461 = ADVANCED_FACE('',(#462,#2183),#292,.T.);
#462 = FACE_BOUND('',#463,.T.);
#463 = EDGE_LOOP('',(#464,#465,#466,#489,#763,#848,#876,#904,#1463,#1491
    ,#1704,#1732,#1760,#2049,#2134,#2162));
#464 = ORIENTED_EDGE('',*,*,#252,.F.);
#465 = ORIENTED_EDGE('',*,*,#385,.F.);
#466 = ORIENTED_EDGE('',*,*,#467,.F.);
#467 = EDGE_CURVE('',#468,#386,#470,.T.);
#468 = VERTEX_POINT('',#469);
#469 = CARTESIAN_POINT('',(-18.09328488065,8.90333703811,22.9179324951)
  );
#470 = SURFACE_CURVE('',#471,(#475,#482),.PCURVE_S1.);
#471 = LINE('',#472,#473);
#472 = CARTESIAN_POINT('',(-18.09328488065,9.2,22.9179324951));
#473 = VECTOR('',#474,1.);
#474 = DIRECTION('',(-2.734506013376E-17,-1.,-8.944166154111E-17));
#475 = PCURVE('',#292,#476);
#476 = DEFINITIONAL_REPRESENTATION('',(#477),#481);
#477 = LINE('',#478,#479);
#478 = CARTESIAN_POINT('',(3.615002786358,1.58612731634));
#479 = VECTOR('',#480,1.);
#480 = DIRECTION('',(0.104414136312,-0.994533904972));
#481 = ( GEOMETRIC_REPRESENTATION_CONTEXT(2) 
PARAMETRIC_REPRESENTATION_CONTEXT() REPRESENTATION_CONTEXT('2D SPACE',''
  ) );
#482 = PCURVE('',#424,#483);
#483 = DEFINITIONAL_REPRESENTATION('',(#484),#488);
#484 = LINE('',#485,#486);
#485 = CARTESIAN_POINT('',(1.2,-17.86257717363));
#486 = VECTOR('',#487,1.);
#487 = DIRECTION('',(1.,-9.352840816005E-17));
#488 = ( GEOMETRIC_REPRESENTATION_CONTEXT(2) 
PARAMETRIC_REPRESENTATION_CONTEXT() REPRESENTATION_CONTEXT('2D SPACE',''
  ) );
#489 = ORIENTED_EDGE('',*,*,#490,.T.);
#490 = EDGE_CURVE('',#468,#491,#493,.T.);
#491 = VERTEX_POINT('',#492);
#492 = CARTESIAN_POINT('',(-15.42260706669,10.4,22.494938684249));
#493 = SURFACE_CURVE('',#494,(#572,#653),.PCURVE_S1.);
#494 = B_SPLINE_CURVE_WITH_KNOTS('',6,(#495,#496,#497,#498,#499,#500,
    #501,#502,#503,#504,#505,#506,#507,#508,#509,#510,#511,#512,#513,
    #514,#515,#516,#517,#518,#519,#520,#521,#522,#523,#524,#525,#526,
    #527,#528,#529,#530,#531,#532,#533,#534,#535,#536,#537,#538,#539,
    #540,#541,#542,#543,#544,#545,#546,#547,#548,#549,#550,#551,#552,
    #553,#554,#555,#556,#557,#558,#559,#560,#561,#562,#563,#564,#565,
    #566,#567,#568,#569,#570,#571),.UNSPECIFIED.,.F.,.F.,(7,5,5,5,5,5,5,
    5,5,5,5,5,5,5,5,7),(0.,8.382839711111E-02,0.132059307581,
    0.164322140855,0.240139124757,0.330519505072,0.370783445322,
    0.434883204836,0.497555797104,0.536163479638,0.620000657054,
    0.703840310985,0.741458885813,0.804130090163,0.868228426001,1.),
  .UNSPECIFIED.);
#495 = CARTESIAN_POINT('',(-18.09328402412,8.90333643811,22.91793235944)
  );
#496 = CARTESIAN_POINT('',(-18.17606115699,8.961322324746,
    22.931042969301));
#497 = CARTESIAN_POINT('',(-18.25484921454,9.025248814862,22.9435217717)
  );
#498 = CARTESIAN_POINT('',(-18.32915898951,9.094716235993,22.95529128382
    ));
#499 = CARTESIAN_POINT('',(-18.39856497629,9.169276512424,
    22.966284112191));
#500 = CARTESIAN_POINT('',(-18.46270150991,9.248442177948,
    22.976442341172));
#501 = CARTESIAN_POINT('',(-18.55495007159,9.379595363922,
    22.991053077985));
#502 = CARTESIAN_POINT('',(-18.5867949609,9.428849337821,22.996096812955
    ));
#503 = CARTESIAN_POINT('',(-18.61673533937,9.479359159911,
    23.000838903042));
#504 = CARTESIAN_POINT('',(-18.6447193843,9.53102460823,23.005271140336)
  );
#505 = CARTESIAN_POINT('',(-18.67070168387,9.583743389267,
    23.009386332312));
#506 = CARTESIAN_POINT('',(-18.71065832659,9.67331080503,23.015714842806
    ));
#507 = CARTESIAN_POINT('',(-18.72576025752,9.709635195347,
    23.018106753685));
#508 = CARTESIAN_POINT('',(-18.73993734745,9.746353164407,
    23.020352184139));
#509 = CARTESIAN_POINT('',(-18.75317913398,9.783433337035,
    23.022449477088));
#510 = CARTESIAN_POINT('',(-18.76547637489,9.82084410738,23.024397168706
    ));
#511 = CARTESIAN_POINT('',(-18.80348079293,9.947170249898,
    23.030416477187));
#512 = CARTESIAN_POINT('',(-18.82488009207,10.037437196242,
    23.033805793205));
#513 = CARTESIAN_POINT('',(-18.84091464522,10.128940896343,
    23.036345416932));
#514 = CARTESIAN_POINT('',(-18.85151640772,10.221264197442,
    23.038024571152));
#515 = CARTESIAN_POINT('',(-18.85665244756,10.313987558213,
    23.038838039947));
#516 = CARTESIAN_POINT('',(-18.85593202903,10.517199808813,
    23.038723936861));
#517 = CARTESIAN_POINT('',(-18.84777445654,10.627681954803,
    23.037431904309));
#518 = CARTESIAN_POINT('',(-18.83185376931,10.737423176005,
    23.034910315172));
#519 = CARTESIAN_POINT('',(-18.8082408542,10.845712989462,
    23.031170396828));
#520 = CARTESIAN_POINT('',(-18.77707809069,10.95184719975,23.02623469997
    ));
#521 = CARTESIAN_POINT('',(-18.72143313926,11.101143594335,
    23.017421405481));
#522 = CARTESIAN_POINT('',(-18.70282834485,11.146590567688,
    23.014474695532));
#523 = CARTESIAN_POINT('',(-18.6827874139,11.191410737489,
    23.011300523899));
#524 = CARTESIAN_POINT('',(-18.66133254327,11.235543509795,
    23.007902406222));
#525 = CARTESIAN_POINT('',(-18.6384889706,11.278929055445,
    23.004284339749));
#526 = CARTESIAN_POINT('',(-18.57575247254,11.389294025116,
    22.994347854617));
#527 = CARTESIAN_POINT('',(-18.53377177999,11.455036871157,
    22.987698766122));
#528 = CARTESIAN_POINT('',(-18.48845781272,11.518498081617,
    22.980521738778));
#529 = CARTESIAN_POINT('',(-18.43994473577,11.579446443714,
    22.972838022236));
#530 = CARTESIAN_POINT('',(-18.38838727936,11.637660241991,
    22.964672123359));
#531 = CARTESIAN_POINT('',(-18.28074859708,11.746967610297,
    22.947623830909));
#532 = CARTESIAN_POINT('',(-18.22479278927,11.798191724021,
    22.938761301606));
#533 = CARTESIAN_POINT('',(-18.16626023337,11.846404680956,
    22.929490655499));
#534 = CARTESIAN_POINT('',(-18.10533389,11.891423050506,22.919840870703)
  );
#535 = CARTESIAN_POINT('',(-18.04221472676,11.933079143084,
    22.90984377736));
#536 = CARTESIAN_POINT('',(-17.9370240535,11.99472096363,22.893183211447
    ));
#537 = CARTESIAN_POINT('',(-17.8961766569,12.01688612019,22.886713619398
    ));
#538 = CARTESIAN_POINT('',(-17.85463139044,12.037683796085,
    22.880133495622));
#539 = CARTESIAN_POINT('',(-17.81244157611,12.057082152645,
    22.873451285492));
#540 = CARTESIAN_POINT('',(-17.76966264374,12.075052505785,
    22.866675768231));
#541 = CARTESIAN_POINT('',(-17.63230268542,12.127435855565,
    22.844920088109));
#542 = CARTESIAN_POINT('',(-17.53574134024,12.156450152069,
    22.829626273497));
#543 = CARTESIAN_POINT('',(-17.4372655492,12.178348904162,
    22.814029240446));
#544 = CARTESIAN_POINT('',(-17.33749906287,12.1929521441,22.798227781346
    ));
#545 = CARTESIAN_POINT('',(-17.237087188,12.200168031779,22.782324102742
    ));
#546 = CARTESIAN_POINT('',(-17.0362939398,12.199827240713,
    22.750521576506));
#547 = CARTESIAN_POINT('',(-16.93590315929,12.192270109704,
    22.734621238921));
#548 = CARTESIAN_POINT('',(-16.83618186982,12.17732776553,
    22.718826938299));
#549 = CARTESIAN_POINT('',(-16.73777500609,12.155094585146,
    22.703240822264));
#550 = CARTESIAN_POINT('',(-16.6413055647,12.125752937483,
    22.687961563781));
#551 = CARTESIAN_POINT('',(-16.50522127262,12.07333239955,
    22.666407929343));
#552 = CARTESIAN_POINT('',(-16.46358172148,12.05571841884,22.65981287234
    ));
#553 = CARTESIAN_POINT('',(-16.42250435973,12.036750177891,
    22.653306857389));
#554 = CARTESIAN_POINT('',(-16.38204040059,12.016454317454,
    22.646897995867));
#555 = CARTESIAN_POINT('',(-16.34223915317,11.994860317271,
    22.64059409757));
#556 = CARTESIAN_POINT('',(-16.23802359268,11.933916849033,
    22.62408797435));
#557 = CARTESIAN_POINT('',(-16.17486930227,11.892319421205,
    22.614085317408));
#558 = CARTESIAN_POINT('',(-16.11390492824,11.847357642401,
    22.604429509149));
#559 = CARTESIAN_POINT('',(-16.05533160602,11.799199018306,
    22.59515240629));
#560 = CARTESIAN_POINT('',(-15.99933247437,11.748026820289,
    22.586283015165));
#561 = CARTESIAN_POINT('',(-15.89160136357,11.638819306375,
    22.569220083476));
#562 = CARTESIAN_POINT('',(-15.83999469084,11.580653329163,
    22.561046389499));
#563 = CARTESIAN_POINT('',(-15.79143011218,11.519749973857,
    22.553354515889));
#564 = CARTESIAN_POINT('',(-15.74606255697,11.456330835897,
    22.546169001047));
#565 = CARTESIAN_POINT('',(-15.7040263889,11.390627029888,
    22.539511126094));
#566 = CARTESIAN_POINT('',(-15.58610515594,11.183599119525,
    22.520834237609));
#567 = CARTESIAN_POINT('',(-15.52133511216,11.03566721098,
    22.510575670476));
#568 = CARTESIAN_POINT('',(-15.47213150798,10.881162014327,
    22.502782585165));
#569 = CARTESIAN_POINT('',(-15.43911373406,10.722246904726,
    22.497553083522));
#570 = CARTESIAN_POINT('',(-15.42260706669,10.561117534233,
    22.494938684249));
#571 = CARTESIAN_POINT('',(-15.42260706669,10.4,22.494938684249));
#572 = PCURVE('',#292,#573);
#573 = DEFINITIONAL_REPRESENTATION('',(#574),#652);
#574 = B_SPLINE_CURVE_WITH_KNOTS('',6,(#575,#576,#577,#578,#579,#580,
    #581,#582,#583,#584,#585,#586,#587,#588,#589,#590,#591,#592,#593,
    #594,#595,#596,#597,#598,#599,#600,#601,#602,#603,#604,#605,#606,
    #607,#608,#609,#610,#611,#612,#613,#614,#615,#616,#617,#618,#619,
    #620,#621,#622,#623,#624,#625,#626,#627,#628,#629,#630,#631,#632,
    #633,#634,#635,#636,#637,#638,#639,#640,#641,#642,#643,#644,#645,
    #646,#647,#648,#649,#650,#651),.UNSPECIFIED.,.F.,.F.,(7,5,5,5,5,5,5,
    5,5,5,5,5,5,5,5,7),(0.,8.382839711111E-02,0.132059307581,
    0.164322140855,0.240139124757,0.330519505072,0.370783445322,
    0.434883204836,0.497555797104,0.536163479638,0.620000657054,
    0.703840310985,0.741458885813,0.804130090163,0.868228426001,1.),
  .UNSPECIFIED.);
#575 = CARTESIAN_POINT('',(3.645979518407,1.291085436218));
#576 = CARTESIAN_POINT('',(3.556574119633,1.340003526288));
#577 = CARTESIAN_POINT('',(3.470565161065,1.395251455713));
#578 = CARTESIAN_POINT('',(3.388486972047,1.456483453547));
#579 = CARTESIAN_POINT('',(3.31081479278,1.523298875912));
#580 = CARTESIAN_POINT('',(3.23796772098,1.595251577656));
#581 = CARTESIAN_POINT('',(3.131385547544,1.715935749195));
#582 = CARTESIAN_POINT('',(3.094177133507,1.761553992331));
#583 = CARTESIAN_POINT('',(3.058755301959,1.808622555714));
#584 = CARTESIAN_POINT('',(3.025182699387,1.857047243677));
#585 = CARTESIAN_POINT('',(2.993515733231,1.906731122597));
#586 = CARTESIAN_POINT('',(2.943930050851,1.991584911032));
#587 = CARTESIAN_POINT('',(2.924930670175,2.026114238007));
#588 = CARTESIAN_POINT('',(2.906821445295,2.061132762576));
#589 = CARTESIAN_POINT('',(2.889616187125,2.096610387099));
#590 = CARTESIAN_POINT('',(2.87332750206,2.132516655536));
#591 = CARTESIAN_POINT('',(2.821869444316,2.254134624776));
#592 = CARTESIAN_POINT('',(2.790896683633,2.341645922132));
#593 = CARTESIAN_POINT('',(2.76519671686,2.430954350757));
#594 = CARTESIAN_POINT('',(2.74488161691,2.521652231475));
#595 = CARTESIAN_POINT('',(2.73002835009,2.613325797644));
#596 = CARTESIAN_POINT('',(2.709535530128,2.8155034303));
#597 = CARTESIAN_POINT('',(2.706213744043,2.926244053635));
#598 = CARTESIAN_POINT('',(2.710786241057,3.037068485037));
#599 = CARTESIAN_POINT('',(2.723255827464,3.147262631263));
#600 = CARTESIAN_POINT('',(2.743552664929,3.256111094348));
#601 = CARTESIAN_POINT('',(2.78399463159,3.410473964068));
#602 = CARTESIAN_POINT('',(2.797983067403,3.457639338282));
#603 = CARTESIAN_POINT('',(2.813483040631,3.504333157252));
#604 = CARTESIAN_POINT('',(2.830478527414,3.550492811689));
#605 = CARTESIAN_POINT('',(2.84895036222,3.596056131452));
#606 = CARTESIAN_POINT('',(2.900598017378,3.71245006674));
#607 = CARTESIAN_POINT('',(2.936005191226,3.782271573247));
#608 = CARTESIAN_POINT('',(2.97500697737,3.850176295185));
#609 = CARTESIAN_POINT('',(3.01749242279,3.915920100258));
#610 = CARTESIAN_POINT('',(3.063328875053,3.979266127514));
#611 = CARTESIAN_POINT('',(3.160300355306,4.099355106951));
#612 = CARTESIAN_POINT('',(3.211295465362,4.156214630607));
#613 = CARTESIAN_POINT('',(3.265199590015,4.210351859399));
#614 = CARTESIAN_POINT('',(3.321847653312,4.261565023574));
#615 = CARTESIAN_POINT('',(3.381054803928,4.309666104728));
#616 = CARTESIAN_POINT('',(3.480538265273,4.3820912879));
#617 = CARTESIAN_POINT('',(3.519354415216,4.408453497574));
#618 = CARTESIAN_POINT('',(3.559016056197,4.433529477145));
#619 = CARTESIAN_POINT('',(3.599472821065,4.457281925004));
#620 = CARTESIAN_POINT('',(3.640671890828,4.479676454054));
#621 = CARTESIAN_POINT('',(3.773514314403,4.546294571718));
#622 = CARTESIAN_POINT('',(3.867715413428,4.585358320782));
#623 = CARTESIAN_POINT('',(3.964587190576,4.617547806607));
#624 = CARTESIAN_POINT('',(4.06352036328,4.642618104958));
#625 = CARTESIAN_POINT('',(4.163874741654,4.660409658704));
#626 = CARTESIAN_POINT('',(4.366095250215,4.681297723531));
#627 = CARTESIAN_POINT('',(4.467970900009,4.684394779308));
#628 = CARTESIAN_POINT('',(4.569943539251,4.680076214502));
#629 = CARTESIAN_POINT('',(4.671353908963,4.668367710489));
#630 = CARTESIAN_POINT('',(4.771555652743,4.649384778851));
#631 = CARTESIAN_POINT('',(4.914056575983,4.611637018899));
#632 = CARTESIAN_POINT('',(4.957823875073,4.598521270997));
#633 = CARTESIAN_POINT('',(5.001166492205,4.583999233143));
#634 = CARTESIAN_POINT('',(5.044030077548,4.568091986427));
#635 = CARTESIAN_POINT('',(5.086361902119,4.550823636704));
#636 = CARTESIAN_POINT('',(5.197663129332,4.501230509229));
#637 = CARTESIAN_POINT('',(5.265598495017,4.466536855124));
#638 = CARTESIAN_POINT('',(5.331680052028,4.428265731421));
#639 = CARTESIAN_POINT('',(5.395687780952,4.386562465043));
#640 = CARTESIAN_POINT('',(5.457418137571,4.341589964937));
#641 = CARTESIAN_POINT('',(5.577298729652,4.244368256408));
#642 = CARTESIAN_POINT('',(5.635336433092,4.191975854024));
#643 = CARTESIAN_POINT('',(5.690596778999,4.136539439298));
#644 = CARTESIAN_POINT('',(5.742900626499,4.078263017942));
#645 = CARTESIAN_POINT('',(5.792088549002,4.017362236923));
#646 = CARTESIAN_POINT('',(5.932443722126,3.823932083136));
#647 = CARTESIAN_POINT('',(6.013108862748,3.683655993142));
#648 = CARTESIAN_POINT('',(6.078786018619,3.53519692864));
#649 = CARTESIAN_POINT('',(6.128625619187,3.380640960276));
#650 = CARTESIAN_POINT('',(6.162070876593,3.222137351662));
#651 = CARTESIAN_POINT('',(6.178893824775,3.061900501182));
#652 = ( GEOMETRIC_REPRESENTATION_CONTEXT(2) 
PARAMETRIC_REPRESENTATION_CONTEXT() REPRESENTATION_CONTEXT('2D SPACE',''
  ) );
#653 = PCURVE('',#654,#683);
#654 = B_SPLINE_SURFACE_WITH_KNOTS('',13,1,(
    (#655,#656)
    ,(#657,#658)
    ,(#659,#660)
    ,(#661,#662)
    ,(#663,#664)
    ,(#665,#666)
    ,(#667,#668)
    ,(#669,#670)
    ,(#671,#672)
    ,(#673,#674)
    ,(#675,#676)
    ,(#677,#678)
    ,(#679,#680)
    ,(#681,#682
    )),.UNSPECIFIED.,.T.,.F.,.F.,(14,14),(2,2),(0.,6.28318530718),(0.,1.
    ),.PIECEWISE_BEZIER_KNOTS.);
#655 = CARTESIAN_POINT('',(-19.42214255499,10.4,9.41304755963));
#656 = CARTESIAN_POINT('',(-10.07077274165,10.4,40.));
#657 = CARTESIAN_POINT('',(-19.42214255499,11.26997950407,9.41304755963)
  );
#658 = CARTESIAN_POINT('',(-10.07077274165,11.26997950407,
    40.000000000001));
#659 = CARTESIAN_POINT('',(-19.87766525769,12.139959356037,
    9.413047559634));
#660 = CARTESIAN_POINT('',(-10.52629544435,12.139959356037,
    39.999999999994));
#661 = CARTESIAN_POINT('',(-20.78868354365,12.749742678671,
    9.413047559622));
#662 = CARTESIAN_POINT('',(-11.43731373033,12.749742678671,
    40.000000000016));
#663 = CARTESIAN_POINT('',(-21.99186067899,12.839164870041,
    9.413047559647));
#664 = CARTESIAN_POINT('',(-12.64049086563,12.839164870041,
    39.999999999966));
#665 = CARTESIAN_POINT('',(-23.15970079158,12.26204361632,9.413047559607
    ));
#666 = CARTESIAN_POINT('',(-13.80833097827,12.26204361632,
    40.000000000062));
#667 = CARTESIAN_POINT('',(-23.89280251833,11.101005810391,
    9.413047559655));
#668 = CARTESIAN_POINT('',(-14.54143270496,11.101005810391,
    39.999999999907));
#669 = CARTESIAN_POINT('',(-23.89280251828,9.698994189611,9.413047559611
    ));
#670 = CARTESIAN_POINT('',(-14.54143270497,9.698994189611,
    40.000000000113));
#671 = CARTESIAN_POINT('',(-23.15970079162,8.537956383676,9.413047559642
    ));
#672 = CARTESIAN_POINT('',(-13.80833097827,8.537956383676,
    39.999999999892));
#673 = CARTESIAN_POINT('',(-21.99186067896,7.960835129963,9.413047559626
    ));
#674 = CARTESIAN_POINT('',(-12.64049086563,7.960835129963,
    40.000000000078));
#675 = CARTESIAN_POINT('',(-20.78868354366,8.050257321327,9.413047559631
    ));
#676 = CARTESIAN_POINT('',(-11.43731373033,8.050257321327,
    39.999999999957));
#677 = CARTESIAN_POINT('',(-19.87766525769,8.660040643964,9.41304755963)
  );
#678 = CARTESIAN_POINT('',(-10.52629544435,8.660040643964,
    40.000000000016));
#679 = CARTESIAN_POINT('',(-19.42214255499,9.530020495929,9.41304755963)
  );
#680 = CARTESIAN_POINT('',(-10.07077274165,9.530020495929,
    39.999999999996));
#681 = CARTESIAN_POINT('',(-19.42214255499,10.4,9.41304755963));
#682 = CARTESIAN_POINT('',(-10.07077274165,10.4,40.));
#683 = DEFINITIONAL_REPRESENTATION('',(#684),#762);
#684 = B_SPLINE_CURVE_WITH_KNOTS('',6,(#685,#686,#687,#688,#689,#690,
    #691,#692,#693,#694,#695,#696,#697,#698,#699,#700,#701,#702,#703,
    #704,#705,#706,#707,#708,#709,#710,#711,#712,#713,#714,#715,#716,
    #717,#718,#719,#720,#721,#722,#723,#724,#725,#726,#727,#728,#729,
    #730,#731,#732,#733,#734,#735,#736,#737,#738,#739,#740,#741,#742,
    #743,#744,#745,#746,#747,#748,#749,#750,#751,#752,#753,#754,#755,
    #756,#757,#758,#759,#760,#761),.UNSPECIFIED.,.F.,.F.,(7,5,5,5,5,5,5,
    5,5,5,5,5,5,5,5,7),(0.,8.382839711111E-02,0.132059307581,
    0.164322140855,0.240139124757,0.330519505072,0.370783445322,
    0.434883204836,0.497555797104,0.536163479638,0.620000657054,
    0.703840310985,0.741458885813,0.804130090163,0.868228426001,1.),
  .UNSPECIFIED.);
#685 = CARTESIAN_POINT('',(4.123358614797,0.441524366513));
#686 = CARTESIAN_POINT('',(4.06537267566,0.441953000582));
#687 = CARTESIAN_POINT('',(4.00748518944,0.44236097854));
#688 = CARTESIAN_POINT('',(3.949705194403,0.442745767189));
#689 = CARTESIAN_POINT('',(3.892032767271,0.44310516319));
#690 = CARTESIAN_POINT('',(3.834464081173,0.443437273066));
#691 = CARTESIAN_POINT('',(3.743932303801,0.443914951803));
#692 = CARTESIAN_POINT('',(3.710901028728,0.444079850054));
#693 = CARTESIAN_POINT('',(3.677901414115,0.444234886424));
#694 = CARTESIAN_POINT('',(3.644931898741,0.444379792567));
#695 = CARTESIAN_POINT('',(3.611990584434,0.444514333332));
#696 = CARTESIAN_POINT('',(3.557057356127,0.444721235621));
#697 = CARTESIAN_POINT('',(3.53505108219,0.444799435988));
#698 = CARTESIAN_POINT('',(3.513055737287,0.44487284737));
#699 = CARTESIAN_POINT('',(3.491070594189,0.444941415592));
#700 = CARTESIAN_POINT('',(3.469094875405,0.445005092796));
#701 = CARTESIAN_POINT('',(3.395505475088,0.445201886134));
#702 = CARTESIAN_POINT('',(3.343930469341,0.445312695344));
#703 = CARTESIAN_POINT('',(3.292392487179,0.445395724986));
#704 = CARTESIAN_POINT('',(3.240879206454,0.445450622715));
#705 = CARTESIAN_POINT('',(3.189377690968,0.445477218003));
#706 = CARTESIAN_POINT('',(3.076481215634,0.445473487553));
#707 = CARTESIAN_POINT('',(3.015084968821,0.445431246256));
#708 = CARTESIAN_POINT('',(2.953667123629,0.44534880623));
#709 = CARTESIAN_POINT('',(2.892205652751,0.445226534541));
#710 = CARTESIAN_POINT('',(2.83068003112,0.445065168453));
#711 = CARTESIAN_POINT('',(2.7416299941,0.444777029433));
#712 = CARTESIAN_POINT('',(2.714169311809,0.444680690645));
#713 = CARTESIAN_POINT('',(2.686691265838,0.444576915297));
#714 = CARTESIAN_POINT('',(2.659194533847,0.444465818329));
#715 = CARTESIAN_POINT('',(2.631677938152,0.444347530425));
#716 = CARTESIAN_POINT('',(2.560301054191,0.444022670172));
#717 = CARTESIAN_POINT('',(2.516408358838,0.443805287008));
#718 = CARTESIAN_POINT('',(2.472458978624,0.443570643581));
#719 = CARTESIAN_POINT('',(2.428449650626,0.44331943462));
#720 = CARTESIAN_POINT('',(2.384378367536,0.443052461344));
#721 = CARTESIAN_POINT('',(2.297095271121,0.442495089946));
#722 = CARTESIAN_POINT('',(2.253885468607,0.442205341259));
#723 = CARTESIAN_POINT('',(2.210616928121,0.441902249733));
#724 = CARTESIAN_POINT('',(2.167290375006,0.441586762768));
#725 = CARTESIAN_POINT('',(2.123907820447,0.441259921009));
#726 = CARTESIAN_POINT('',(2.053717727208,0.440715225817));
#727 = CARTESIAN_POINT('',(2.026941872299,0.440503711052));
#728 = CARTESIAN_POINT('',(2.000147302336,0.440288582599));
#729 = CARTESIAN_POINT('',(1.973335103127,0.440070116567));
#730 = CARTESIAN_POINT('',(1.946506521723,0.439848599982));
#731 = CARTESIAN_POINT('',(1.861371772509,0.439137326763));
#732 = CARTESIAN_POINT('',(1.803006883409,0.438637315699));
#733 = CARTESIAN_POINT('',(1.744588986916,0.43812739131));
#734 = CARTESIAN_POINT('',(1.68613249005,0.437610783481));
#735 = CARTESIAN_POINT('',(1.627653448109,0.43709083372));
#736 = CARTESIAN_POINT('',(1.510699811972,0.436051092141));
#737 = CARTESIAN_POINT('',(1.452219769121,0.43553125161));
#738 = CARTESIAN_POINT('',(1.393762988552,0.435014877818));
#739 = CARTESIAN_POINT('',(1.335345494575,0.434505310346));
#740 = CARTESIAN_POINT('',(1.276981634685,0.434005775176));
#741 = CARTESIAN_POINT('',(1.192537636748,0.433301107574));
#742 = CARTESIAN_POINT('',(1.166397595458,0.433085490898));
#743 = CARTESIAN_POINT('',(1.140273172205,0.432872785335));
#744 = CARTESIAN_POINT('',(1.114165515354,0.432663256074));
#745 = CARTESIAN_POINT('',(1.088075627373,0.432457158448));
#746 = CARTESIAN_POINT('',(1.018570571028,0.431917512556));
#747 = CARTESIAN_POINT('',(0.975188046281,0.431590488903));
#748 = CARTESIAN_POINT('',(0.931861482535,0.431274805008));
#749 = CARTESIAN_POINT('',(0.888592903902,0.430971502387));
#750 = CARTESIAN_POINT('',(0.845383048805,0.430681529362));
#751 = CARTESIAN_POINT('',(0.758099848704,0.430123679353));
#752 = CARTESIAN_POINT('',(0.714028513495,0.429856451227));
#753 = CARTESIAN_POINT('',(0.670019147529,0.429604975582));
#754 = CARTESIAN_POINT('',(0.62606975663,0.429370054667));
#755 = CARTESIAN_POINT('',(0.582177090225,0.429152384241));
#756 = CARTESIAN_POINT('',(0.448214147195,0.428541768047));
#757 = CARTESIAN_POINT('',(0.358311507451,0.428206377748));
#758 = CARTESIAN_POINT('',(0.268603690441,0.42795159312));
#759 = CARTESIAN_POINT('',(0.179025896584,0.427780621473));
#760 = CARTESIAN_POINT('',(8.950974124075E-02,0.427695147142));
#761 = CARTESIAN_POINT('',(0.,0.427695147142));
#762 = ( GEOMETRIC_REPRESENTATION_CONTEXT(2) 
PARAMETRIC_REPRESENTATION_CONTEXT() REPRESENTATION_CONTEXT('2D SPACE',''
  ) );
#763 = ORIENTED_EDGE('',*,*,#764,.T.);
#764 = EDGE_CURVE('',#491,#765,#767,.T.);
#765 = VERTEX_POINT('',#766);
#766 = CARTESIAN_POINT('',(-16.18565787068,8.90333705205,22.615794058778
    ));
#767 = SURFACE_CURVE('',#768,(#783,#801),.PCURVE_S1.);
#768 = B_SPLINE_CURVE_WITH_KNOTS('',5,(#769,#770,#771,#772,#773,#774,
    #775,#776,#777,#778,#779,#780,#781,#782),.UNSPECIFIED.,.F.,.F.,(6,4,
    4,6),(0.,0.325592881604,0.650014674633,1.),.UNSPECIFIED.);
#769 = CARTESIAN_POINT('',(-15.42260706669,10.4,22.494938684249));
#770 = CARTESIAN_POINT('',(-15.42260706669,10.285713624687,
    22.494938684249));
#771 = CARTESIAN_POINT('',(-15.43125870109,10.171426395805,
    22.496308968522));
#772 = CARTESIAN_POINT('',(-15.44856138976,10.058050888142,
    22.499049445183));
#773 = CARTESIAN_POINT('',(-15.47440124677,9.946495372934,
    22.503142076473));
#774 = CARTESIAN_POINT('',(-15.54256140948,9.729207062265,
    22.513937585697));
#775 = CARTESIAN_POINT('',(-15.58482279692,9.623452624453,
    22.520631131893));
#776 = CARTESIAN_POINT('',(-15.63509236004,9.521279701378,
    22.528593048514));
#777 = CARTESIAN_POINT('',(-15.69301847243,9.42355125014,22.537767643404
    ));
#778 = CARTESIAN_POINT('',(-15.82833694753,9.23133349983,22.559199984348
    ));
#779 = CARTESIAN_POINT('',(-15.90690685578,9.137701718318,
    22.571644235293));
#780 = CARTESIAN_POINT('',(-15.99320526182,9.051221750632,
    22.585312560035));
#781 = CARTESIAN_POINT('',(-16.08644749654,8.972834523977,
    22.600080679195));
#782 = CARTESIAN_POINT('',(-16.18565874089,8.903336442456,
    22.615794196607));
#783 = PCURVE('',#292,#784);
#784 = DEFINITIONAL_REPRESENTATION('',(#785),#800);
#785 = B_SPLINE_CURVE_WITH_KNOTS('',5,(#786,#787,#788,#789,#790,#791,
    #792,#793,#794,#795,#796,#797,#798,#799),.UNSPECIFIED.,.F.,.F.,(6,4,
    4,6),(0.,0.325592881604,0.650014674633,1.),.UNSPECIFIED.);
#786 = CARTESIAN_POINT('',(6.178893824775,3.061900501182));
#787 = CARTESIAN_POINT('',(6.190826937945,2.948238826057));
#788 = CARTESIAN_POINT('',(6.194048542265,2.833661688687));
#789 = CARTESIAN_POINT('',(6.188463936186,2.719076736968));
#790 = CARTESIAN_POINT('',(6.174092958607,2.605399316968));
#791 = CARTESIAN_POINT('',(6.12814835624,2.382093127473));
#792 = CARTESIAN_POINT('',(6.096636317841,2.272449062509));
#793 = CARTESIAN_POINT('',(6.056686639163,2.165520345711));
#794 = CARTESIAN_POINT('',(6.008563278791,2.062202389598));
#795 = CARTESIAN_POINT('',(5.892377175907,1.856730036295));
#796 = CARTESIAN_POINT('',(5.823039189451,1.755303984376));
#797 = CARTESIAN_POINT('',(5.745172389335,1.660173630453));
#798 = CARTESIAN_POINT('',(5.659468637033,1.572357710359));
#799 = CARTESIAN_POINT('',(5.566826352095,1.492751328623));
#800 = ( GEOMETRIC_REPRESENTATION_CONTEXT(2) 
PARAMETRIC_REPRESENTATION_CONTEXT() REPRESENTATION_CONTEXT('2D SPACE',''
  ) );
#801 = PCURVE('',#802,#831);
#802 = B_SPLINE_SURFACE_WITH_KNOTS('',13,1,(
    (#803,#804)
    ,(#805,#806)
    ,(#807,#808)
    ,(#809,#810)
    ,(#811,#812)
    ,(#813,#814)
    ,(#815,#816)
    ,(#817,#818)
    ,(#819,#820)
    ,(#821,#822)
    ,(#823,#824)
    ,(#825,#826)
    ,(#827,#828)
    ,(#829,#830
    )),.UNSPECIFIED.,.T.,.F.,.F.,(14,14),(2,2),(0.,6.28318530718),(0.,1.
    ),.PIECEWISE_BEZIER_KNOTS.);
#803 = CARTESIAN_POINT('',(-19.42214255499,10.4,9.41304755963));
#804 = CARTESIAN_POINT('',(-10.07077274165,10.4,40.));
#805 = CARTESIAN_POINT('',(-19.42214255499,11.26997950407,9.41304755963)
  );
#806 = CARTESIAN_POINT('',(-10.07077274165,11.26997950407,
    40.000000000001));
#807 = CARTESIAN_POINT('',(-19.87766525769,12.139959356037,
    9.413047559634));
#808 = CARTESIAN_POINT('',(-10.52629544435,12.139959356037,
    39.999999999994));
#809 = CARTESIAN_POINT('',(-20.78868354365,12.749742678671,
    9.413047559622));
#810 = CARTESIAN_POINT('',(-11.43731373033,12.749742678671,
    40.000000000016));
#811 = CARTESIAN_POINT('',(-21.99186067899,12.839164870041,
    9.413047559647));
#812 = CARTESIAN_POINT('',(-12.64049086563,12.839164870041,
    39.999999999966));
#813 = CARTESIAN_POINT('',(-23.15970079158,12.26204361632,9.413047559607
    ));
#814 = CARTESIAN_POINT('',(-13.80833097827,12.26204361632,
    40.000000000062));
#815 = CARTESIAN_POINT('',(-23.89280251833,11.101005810391,
    9.413047559655));
#816 = CARTESIAN_POINT('',(-14.54143270496,11.101005810391,
    39.999999999907));
#817 = CARTESIAN_POINT('',(-23.89280251828,9.698994189611,9.413047559611
    ));
#818 = CARTESIAN_POINT('',(-14.54143270497,9.698994189611,
    40.000000000113));
#819 = CARTESIAN_POINT('',(-23.15970079162,8.537956383676,9.413047559642
    ));
#820 = CARTESIAN_POINT('',(-13.80833097827,8.537956383676,
    39.999999999892));
#821 = CARTESIAN_POINT('',(-21.99186067896,7.960835129963,9.413047559626
    ));
#822 = CARTESIAN_POINT('',(-12.64049086563,7.960835129963,
    40.000000000078));
#823 = CARTESIAN_POINT('',(-20.78868354366,8.050257321327,9.413047559631
    ));
#824 = CARTESIAN_POINT('',(-11.43731373033,8.050257321327,
    39.999999999957));
#825 = CARTESIAN_POINT('',(-19.87766525769,8.660040643964,9.41304755963)
  );
#826 = CARTESIAN_POINT('',(-10.52629544435,8.660040643964,
    40.000000000016));
#827 = CARTESIAN_POINT('',(-19.42214255499,9.530020495929,9.41304755963)
  );
#828 = CARTESIAN_POINT('',(-10.07077274165,9.530020495929,
    39.999999999996));
#829 = CARTESIAN_POINT('',(-19.42214255499,10.4,9.41304755963));
#830 = CARTESIAN_POINT('',(-10.07077274165,10.4,40.));
#831 = DEFINITIONAL_REPRESENTATION('',(#832),#847);
#832 = B_SPLINE_CURVE_WITH_KNOTS('',5,(#833,#834,#835,#836,#837,#838,
    #839,#840,#841,#842,#843,#844,#845,#846),.UNSPECIFIED.,.F.,.F.,(6,4,
    4,6),(0.,0.325592881604,0.650014674633,1.),.UNSPECIFIED.);
#833 = CARTESIAN_POINT('',(6.28318530718,0.427695147142));
#834 = CARTESIAN_POINT('',(6.21969287645,0.427695147142));
#835 = CARTESIAN_POINT('',(6.156199953806,0.427739946776));
#836 = CARTESIAN_POINT('',(6.092680397544,0.42782954304));
#837 = CARTESIAN_POINT('',(6.029105203049,0.427963346213));
#838 = CARTESIAN_POINT('',(5.902028812706,0.428316291125));
#839 = CARTESIAN_POINT('',(5.838526875166,0.428535127774));
#840 = CARTESIAN_POINT('',(5.774926590237,0.428795432119));
#841 = CARTESIAN_POINT('',(5.711207076258,0.429095383378));
#842 = CARTESIAN_POINT('',(5.578482722056,0.42979608545));
#843 = CARTESIAN_POINT('',(5.50945380752,0.430202933794));
#844 = CARTESIAN_POINT('',(5.440268313172,0.430649801613));
#845 = CARTESIAN_POINT('',(5.370917494224,0.431132625758));
#846 = CARTESIAN_POINT('',(5.301419350601,0.43164635845));
#847 = ( GEOMETRIC_REPRESENTATION_CONTEXT(2) 
PARAMETRIC_REPRESENTATION_CONTEXT() REPRESENTATION_CONTEXT('2D SPACE',''
  ) );
#848 = ORIENTED_EDGE('',*,*,#849,.F.);
#849 = EDGE_CURVE('',#850,#765,#852,.T.);
#850 = VERTEX_POINT('',#851);
#851 = CARTESIAN_POINT('',(-16.18565787068,8.125,22.615794058778));
#852 = SURFACE_CURVE('',#853,(#857,#864),.PCURVE_S1.);
#853 = LINE('',#854,#855);
#854 = CARTESIAN_POINT('',(-16.18565787068,7.4375,22.615794058778));
#855 = VECTOR('',#856,1.);
#856 = DIRECTION('',(2.734506013376E-17,1.,8.944166154111E-17));
#857 = PCURVE('',#292,#858);
#858 = DEFINITIONAL_REPRESENTATION('',(#859),#863);
#859 = LINE('',#860,#861);
#860 = CARTESIAN_POINT('',(5.719881274458,3.492737945271E-02));
#861 = VECTOR('',#862,1.);
#862 = DIRECTION('',(-0.104414136312,0.994533904972));
#863 = ( GEOMETRIC_REPRESENTATION_CONTEXT(2) 
PARAMETRIC_REPRESENTATION_CONTEXT() REPRESENTATION_CONTEXT('2D SPACE',''
  ) );
#864 = PCURVE('',#865,#870);
#865 = PLANE('',#866);
#866 = AXIS2_PLACEMENT_3D('',#867,#868,#869);
#867 = CARTESIAN_POINT('',(-10.87077274165,6.875,40.));
#868 = DIRECTION('',(0.956304755963,0.,-0.292371704723));
#869 = DIRECTION('',(0.,1.,0.));
#870 = DEFINITIONAL_REPRESENTATION('',(#871),#875);
#871 = LINE('',#872,#873);
#872 = CARTESIAN_POINT('',(0.5625,-18.17852084581));
#873 = VECTOR('',#874,1.);
#874 = DIRECTION('',(1.,9.352840816005E-17));
#875 = ( GEOMETRIC_REPRESENTATION_CONTEXT(2) 
PARAMETRIC_REPRESENTATION_CONTEXT() REPRESENTATION_CONTEXT('2D SPACE',''
  ) );
#876 = ORIENTED_EDGE('',*,*,#877,.F.);
#877 = EDGE_CURVE('',#878,#850,#880,.T.);
#878 = VERTEX_POINT('',#879);
#879 = CARTESIAN_POINT('',(-14.37341242548,8.125,22.32876257821));
#880 = SURFACE_CURVE('',#881,(#885,#892),.PCURVE_S1.);
#881 = LINE('',#882,#883);
#882 = CARTESIAN_POINT('',(-50.40578721331,8.125,28.035730092543));
#883 = VECTOR('',#884,1.);
#884 = DIRECTION('',(-0.987688340595,0.,0.15643446504));
#885 = PCURVE('',#292,#886);
#886 = DEFINITIONAL_REPRESENTATION('',(#887),#891);
#887 = LINE('',#888,#889);
#888 = CARTESIAN_POINT('',(-28.809208917,-2.898934518449));
#889 = VECTOR('',#890,1.);
#890 = DIRECTION('',(-0.994533904972,-0.104414136312));
#891 = ( GEOMETRIC_REPRESENTATION_CONTEXT(2) 
PARAMETRIC_REPRESENTATION_CONTEXT() REPRESENTATION_CONTEXT('2D SPACE',''
  ) );
#892 = PCURVE('',#893,#898);
#893 = PLANE('',#894);
#894 = AXIS2_PLACEMENT_3D('',#895,#896,#897);
#895 = CARTESIAN_POINT('',(-100.,8.125,-100.));
#896 = DIRECTION('',(0.,1.,0.));
#897 = DIRECTION('',(0.,0.,1.));
#898 = DEFINITIONAL_REPRESENTATION('',(#899),#903);
#899 = LINE('',#900,#901);
#900 = CARTESIAN_POINT('',(128.03573009254,49.59421278669));
#901 = VECTOR('',#902,1.);
#902 = DIRECTION('',(0.15643446504,-0.987688340595));
#903 = ( GEOMETRIC_REPRESENTATION_CONTEXT(2) 
PARAMETRIC_REPRESENTATION_CONTEXT() REPRESENTATION_CONTEXT('2D SPACE',''
  ) );
#904 = ORIENTED_EDGE('',*,*,#905,.T.);
#905 = EDGE_CURVE('',#878,#906,#908,.T.);
#906 = VERTEX_POINT('',#907);
#907 = CARTESIAN_POINT('',(-4.16760770788,18.1,20.71232190995));
#908 = SURFACE_CURVE('',#909,(#1080,#1254),.PCURVE_S1.);
#909 = B_SPLINE_CURVE_WITH_KNOTS('',8,(#910,#911,#912,#913,#914,#915,
    #916,#917,#918,#919,#920,#921,#922,#923,#924,#925,#926,#927,#928,
    #929,#930,#931,#932,#933,#934,#935,#936,#937,#938,#939,#940,#941,
    #942,#943,#944,#945,#946,#947,#948,#949,#950,#951,#952,#953,#954,
    #955,#956,#957,#958,#959,#960,#961,#962,#963,#964,#965,#966,#967,
    #968,#969,#970,#971,#972,#973,#974,#975,#976,#977,#978,#979,#980,
    #981,#982,#983,#984,#985,#986,#987,#988,#989,#990,#991,#992,#993,
    #994,#995,#996,#997,#998,#999,#1000,#1001,#1002,#1003,#1004,#1005,
    #1006,#1007,#1008,#1009,#1010,#1011,#1012,#1013,#1014,#1015,#1016,
    #1017,#1018,#1019,#1020,#1021,#1022,#1023,#1024,#1025,#1026,#1027,
    #1028,#1029,#1030,#1031,#1032,#1033,#1034,#1035,#1036,#1037,#1038,
    #1039,#1040,#1041,#1042,#1043,#1044,#1045,#1046,#1047,#1048,#1049,
    #1050,#1051,#1052,#1053,#1054,#1055,#1056,#1057,#1058,#1059,#1060,
    #1061,#1062,#1063,#1064,#1065,#1066,#1067,#1068,#1069,#1070,#1071,
    #1072,#1073,#1074,#1075,#1076,#1077,#1078,#1079),.UNSPECIFIED.,.F.,
  .F.,(9,7,7,7,7,7,7,7,7,7,7,7,7,7,7,7,7,7,7,7,7,7,7,7,9),(0.,
    2.319691203775E-02,4.684648321709E-02,7.298362225501E-02,
    0.146591125764,0.205739453293,0.236371077038,0.266913995787,
    0.349496800813,0.370979618441,0.38530149686,0.409372845001,
    0.436005986587,0.490292018192,0.525957443945,0.54129601553,
    0.590825124683,0.649916910655,0.67816241011,0.76526037705,
    0.830994473824,0.846887468006,0.896956977618,0.940316421214,1.),
  .UNSPECIFIED.);
#910 = CARTESIAN_POINT('',(-14.37341728542,7.33625271036,22.328763347949
    ));
#911 = CARTESIAN_POINT('',(-14.37341277633,7.670426827979,
    22.328762633779));
#912 = CARTESIAN_POINT('',(-14.3734106624,8.004551719267,22.328762298965
    ));
#913 = CARTESIAN_POINT('',(-14.3734114858,8.338660502656,22.32876242938)
  );
#914 = CARTESIAN_POINT('',(-14.37341518795,8.672786209331,
    22.328763015742));
#915 = CARTESIAN_POINT('',(-14.37342110947,9.006961783231,
    22.328763953618));
#916 = CARTESIAN_POINT('',(-14.37342799019,9.341220081048,
    22.328765043417));
#917 = CARTESIAN_POINT('',(-14.37343396918,9.675593872226,
    22.328765990397));
#918 = CARTESIAN_POINT('',(-14.37343925131,10.351165589492,
    22.328766827003));
#919 = CARTESIAN_POINT('',(-14.37344292772,10.75464652401,
    22.328767409291));
#920 = CARTESIAN_POINT('',(-14.37342725473,11.126735402106,
    22.328764926931));
#921 = CARTESIAN_POINT('',(-14.37342042863,11.407452769104,
    22.328763845784));
#922 = CARTESIAN_POINT('',(-14.37341528773,11.572140791702,
    22.328763031546));
#923 = CARTESIAN_POINT('',(-14.37340186882,11.633535923036,
    22.328760906199));
#924 = CARTESIAN_POINT('',(-14.37340123166,11.643708542918,
    22.328760805282));
#925 = CARTESIAN_POINT('',(-14.37336779569,11.751984866913,
    22.328755509545));
#926 = CARTESIAN_POINT('',(-14.37334063039,11.808838502835,
    22.328751206984));
#927 = CARTESIAN_POINT('',(-14.37330020139,11.865700988849,
    22.32874480366));
#928 = CARTESIAN_POINT('',(-14.373242857,11.922570687071,22.3287357212)
  );
#929 = CARTESIAN_POINT('',(-14.3731649455,11.979445959619,
    22.328723381231));
#930 = CARTESIAN_POINT('',(-14.37306281521,12.036325168609,
    22.328707205382));
#931 = CARTESIAN_POINT('',(-14.37293281442,12.093206676158,
    22.32868661528));
#932 = CARTESIAN_POINT('',(-14.37231640984,12.310280607959,
    22.328588986386));
#933 = CARTESIAN_POINT('',(-14.37161153229,12.470474373102,
    22.32847734475));
#934 = CARTESIAN_POINT('',(-14.37057507075,12.630651943806,
    22.328313185368));
#935 = CARTESIAN_POINT('',(-14.3691252768,12.790794543919,
    22.328083560565));
#936 = CARTESIAN_POINT('',(-14.36718007168,12.950882776887,
    22.327775470341));
#937 = CARTESIAN_POINT('',(-14.36465687629,13.110896585509,
    22.327375835452));
#938 = CARTESIAN_POINT('',(-14.36147244117,13.270815211682,
    22.326871470477));
#939 = CARTESIAN_POINT('',(-14.35438485977,13.559028218891,
    22.325748907863));
#940 = CARTESIAN_POINT('',(-14.35074574508,13.687363681788,
    22.325172528721));
#941 = CARTESIAN_POINT('',(-14.3465817809,13.815612366131,
    22.324513021584));
#942 = CARTESIAN_POINT('',(-14.34184900276,13.943762507764,
    22.323763423167));
#943 = CARTESIAN_POINT('',(-14.33650303331,14.07180175709,
    22.322916704788));
#944 = CARTESIAN_POINT('',(-14.33049908231,14.199717179065,
    22.321965772369));
#945 = CARTESIAN_POINT('',(-14.32379194662,14.327495253201,
    22.320903466437));
#946 = CARTESIAN_POINT('',(-14.312474744,14.521216905808,22.319110997634
    ));
#947 = CARTESIAN_POINT('',(-14.30841264394,14.587271286857,
    22.318467624189));
#948 = CARTESIAN_POINT('',(-14.30414336713,14.653283042033,
    22.317791437171));
#949 = CARTESIAN_POINT('',(-14.29966053717,14.71925013845,
    22.317081426657));
#950 = CARTESIAN_POINT('',(-14.29495774418,14.785170485019,
    22.31633657742));
#951 = CARTESIAN_POINT('',(-14.29002854476,14.851041932447,
    22.31555586893));
#952 = CARTESIAN_POINT('',(-14.28486646205,14.916862273238,
    22.314738275348));
#953 = CARTESIAN_POINT('',(-14.2740791512,15.048205757997,
    22.313029733157));
#954 = CARTESIAN_POINT('',(-14.2684577132,15.113728799693,
    22.312139384847));
#955 = CARTESIAN_POINT('',(-14.26257774508,15.179198784731,
    22.311208089385));
#956 = CARTESIAN_POINT('',(-14.25640811574,15.244617331449,
    22.310230916095));
#957 = CARTESIAN_POINT('',(-14.24992267326,15.309984937419,
    22.309203722919));
#958 = CARTESIAN_POINT('',(-14.24309643971,15.375301682058,
    22.308122553738));
#959 = CARTESIAN_POINT('',(-14.23590011951,15.440568206424,
    22.30698276859));
#960 = CARTESIAN_POINT('',(-14.20778104238,15.682117130184,
    22.302529144297));
#961 = CARTESIAN_POINT('',(-14.1843604998,15.858079246127,
    22.298819694768));
#962 = CARTESIAN_POINT('',(-14.15751983024,16.033672109676,
    22.294568550342));
#963 = CARTESIAN_POINT('',(-14.12674379502,16.208874585978,
    22.289694105229));
#964 = CARTESIAN_POINT('',(-14.0915401501,16.383643427188,22.28411839563
    ));
#965 = CARTESIAN_POINT('',(-14.05145280754,16.557913651302,
    22.277769184316));
#966 = CARTESIAN_POINT('',(-14.00607669129,16.731598739785,
    22.270582313538));
#967 = CARTESIAN_POINT('',(-13.94180669025,16.949592198109,
    22.260402945394));
#968 = CARTESIAN_POINT('',(-13.92813944193,16.99461097609,
    22.258238265919));
#969 = CARTESIAN_POINT('',(-13.91406352455,17.039648826732,
    22.256008859622));
#970 = CARTESIAN_POINT('',(-13.89956992063,17.084707588836,
    22.253713298278));
#971 = CARTESIAN_POINT('',(-13.88464961274,17.129789101202,
    22.251350153663));
#972 = CARTESIAN_POINT('',(-13.86929358343,17.174895202631,
    22.248917997554));
#973 = CARTESIAN_POINT('',(-13.85349281523,17.220027731923,
    22.246415401727));
#974 = CARTESIAN_POINT('',(-13.82640194102,17.295295725182,
    22.242124628777));
#975 = CARTESIAN_POINT('',(-13.81536392185,17.325415485447,
    22.240376378289));
#976 = CARTESIAN_POINT('',(-13.80412156137,17.355548353503,
    22.238595763316));
#977 = CARTESIAN_POINT('',(-13.79267218773,17.38569487418,22.23678236068
    ));
#978 = CARTESIAN_POINT('',(-13.7810131291,17.415855592308,
    22.234935747204));
#979 = CARTESIAN_POINT('',(-13.76914171364,17.446031052716,
    22.23305549971));
#980 = CARTESIAN_POINT('',(-13.75705526951,17.476221800234,
    22.231141195021));
#981 = CARTESIAN_POINT('',(-13.72407106179,17.557197773833,
    22.225917009742));
#982 = CARTESIAN_POINT('',(-13.70283251499,17.607870009662,
    22.222553154394));
#983 = CARTESIAN_POINT('',(-13.68102624035,17.658467688332,
    22.21909937979));
#984 = CARTESIAN_POINT('',(-13.65865456214,17.708956891826,
    22.215556054057));
#985 = CARTESIAN_POINT('',(-13.63572077217,17.759293025313,
    22.211923698569));
#986 = CARTESIAN_POINT('',(-13.612224083,17.809442936003,22.208202188605
    ));
#987 = CARTESIAN_POINT('',(-13.58816013518,17.859383308503,
    22.204390833696));
#988 = CARTESIAN_POINT('',(-13.53627240648,17.964055839403,
    22.196172624828));
#989 = CARTESIAN_POINT('',(-13.50829653989,18.018782415443,
    22.191741682854));
#990 = CARTESIAN_POINT('',(-13.47960694398,18.073180715512,
    22.187197697264));
#991 = CARTESIAN_POINT('',(-13.45021110401,18.127176390327,
    22.182541853602));
#992 = CARTESIAN_POINT('',(-13.42011650521,18.180695090605,
    22.177775337414));
#993 = CARTESIAN_POINT('',(-13.38933063282,18.233662467061,
    22.172899334246));
#994 = CARTESIAN_POINT('',(-13.35786097208,18.286004170413,
    22.167915029642));
#995 = CARTESIAN_POINT('',(-13.26019225329,18.442906506259,
    22.152445824279));
#996 = CARTESIAN_POINT('',(-13.19161279933,18.545655540812,
    22.141583905846));
#997 = CARTESIAN_POINT('',(-13.11985346294,18.645464960401,
    22.130218343514));
#998 = CARTESIAN_POINT('',(-13.0447868572,18.741802080254,
    22.118328961177));
#999 = CARTESIAN_POINT('',(-12.96628712498,18.8340213429,22.105895825024
    ));
#1000 = CARTESIAN_POINT('',(-12.88423460381,18.921358518369,
    22.09289998238));
#1001 = CARTESIAN_POINT('',(-12.79851942228,19.002927287197,
    22.079324031327));
#1002 = CARTESIAN_POINT('',(-12.65025951323,19.126855155246,
    22.055841968609));
#1003 = CARTESIAN_POINT('',(-12.58986778334,19.173053404119,
    22.04627685827));
#1004 = CARTESIAN_POINT('',(-12.52785280782,19.21602059718,
    22.036454651081));
#1005 = CARTESIAN_POINT('',(-12.46421960884,19.255431796093,
    22.026376142474));
#1006 = CARTESIAN_POINT('',(-12.39899787787,19.290936437019,
    22.016046035117));
#1007 = CARTESIAN_POINT('',(-12.332246994,19.322171769835,
    22.005473733734));
#1008 = CARTESIAN_POINT('',(-12.26406244402,19.3487827794,
    21.994674361948));
#1009 = CARTESIAN_POINT('',(-12.16470301003,19.379766368228,
    21.978937373604));
#1010 = CARTESIAN_POINT('',(-12.13461268947,19.388148050817,
    21.974171535023));
#1011 = CARTESIAN_POINT('',(-12.1043170492,19.395614588271,
    21.969373176994));
#1012 = CARTESIAN_POINT('',(-12.07382067464,19.402187702298,
    21.964543025778));
#1013 = CARTESIAN_POINT('',(-12.04312837013,19.407889884649,
    21.959681842306));
#1014 = CARTESIAN_POINT('',(-12.01224515886,19.412744397116,
    21.954790422174));
#1015 = CARTESIAN_POINT('',(-11.9811762829,19.416775271532,
    21.949869595643));
#1016 = CARTESIAN_POINT('',(-11.8490221697,19.430443742786,
    21.928938440388));
#1017 = CARTESIAN_POINT('',(-11.74674079956,19.432487307916,
    21.912738662823));
#1018 = CARTESIAN_POINT('',(-11.64352484873,19.427048423524,
    21.896390862218));
#1019 = CARTESIAN_POINT('',(-11.53973561469,19.41511745496,
    21.879952262472));
#1020 = CARTESIAN_POINT('',(-11.43564614491,19.397666581309,
    21.863466110057));
#1021 = CARTESIAN_POINT('',(-11.33143618667,19.375588967301,
    21.846960874145));
#1022 = CARTESIAN_POINT('',(-11.22718987813,19.349675240372,
    21.830449880912));
#1023 = CARTESIAN_POINT('',(-10.99846630604,19.285970960541,
    21.794223625957));
#1024 = CARTESIAN_POINT('',(-10.87406047167,19.246878664515,
    21.774519677506));
#1025 = CARTESIAN_POINT('',(-10.7496908179,19.2045559569,21.7548214595)
  );
#1026 = CARTESIAN_POINT('',(-10.62535372507,19.160072158663,
    21.735128398641));
#1027 = CARTESIAN_POINT('',(-10.50102733201,19.114403806548,
    21.715437032459));
#1028 = CARTESIAN_POINT('',(-10.37666905449,19.068478119987,
    21.695740616275));
#1029 = CARTESIAN_POINT('',(-10.25221310367,19.023216467997,
    21.676028730159));
#1030 = CARTESIAN_POINT('',(-10.06798843654,18.958718846407,
    21.646850409361));
#1031 = CARTESIAN_POINT('',(-10.00837322324,18.938218276957,
    21.637408287168));
#1032 = CARTESIAN_POINT('',(-9.948713199085,18.91830375545,
    21.627959067632));
#1033 = CARTESIAN_POINT('',(-9.889030351296,18.898642044646,
    21.618506233188));
#1034 = CARTESIAN_POINT('',(-9.829284045875,18.880284336087,
    21.609043348042));
#1035 = CARTESIAN_POINT('',(-9.769510968131,18.862271479847,
    21.599576222577));
#1036 = CARTESIAN_POINT('',(-9.709705614525,18.84504517031,
    21.590103985118));
#1037 = CARTESIAN_POINT('',(-9.465393212326,18.777328179183,
    21.551408702032));
#1038 = CARTESIAN_POINT('',(-9.280673207898,18.732459811132,
    21.522151927513));
#1039 = CARTESIAN_POINT('',(-9.095842674787,18.693353227379,
    21.492877646972));
#1040 = CARTESIAN_POINT('',(-8.910992477242,18.659404945373,
    21.46360025189));
#1041 = CARTESIAN_POINT('',(-8.72618028487,18.629936426548,
    21.434328876236));
#1042 = CARTESIAN_POINT('',(-8.54143105717,18.604215571185,
    21.405067473206));
#1043 = CARTESIAN_POINT('',(-8.356737371473,18.58147547119,
    21.375814867165));
#1044 = CARTESIAN_POINT('',(-8.032680601821,18.545424773803,
    21.324489317071));
#1045 = CARTESIAN_POINT('',(-7.893317672866,18.531170161523,
    21.302416397566));
#1046 = CARTESIAN_POINT('',(-7.753953080617,18.51782824755,
    21.280343214622));
#1047 = CARTESIAN_POINT('',(-7.614567862504,18.505055518667,
    21.258266764861));
#1048 = CARTESIAN_POINT('',(-7.475141975661,18.492505792624,
    21.236183873807));
#1049 = CARTESIAN_POINT('',(-7.335654452399,18.479832725913,
    21.214091220503));
#1050 = CARTESIAN_POINT('',(-7.196083555672,18.466692321534,
    21.191985362139));
#1051 = CARTESIAN_POINT('',(-7.022636337015,18.4493734005,
    21.164514021486));
#1052 = CARTESIAN_POINT('',(-6.988849601135,18.445950899338,
    21.159162728234));
#1053 = CARTESIAN_POINT('',(-6.955046995944,18.4424784633,
    21.153808921529));
#1054 = CARTESIAN_POINT('',(-6.921228823928,18.438956915953,
    21.148452649281));
#1055 = CARTESIAN_POINT('',(-6.887395421026,18.435387374421,
    21.143093964698));
#1056 = CARTESIAN_POINT('',(-6.853547156629,18.431771249377,
    21.137732926286));
#1057 = CARTESIAN_POINT('',(-6.819684433583,18.428110245051,
    21.132369597849));
#1058 = CARTESIAN_POINT('',(-6.679081918973,18.41273758587,
    21.110100347264));
#1059 = CARTESIAN_POINT('',(-6.572304360513,18.400649038537,
    21.093188443428));
#1060 = CARTESIAN_POINT('',(-6.465479786811,18.388186192709,
    21.076269093109));
#1061 = CARTESIAN_POINT('',(-6.358612693,18.375394152909,21.059343008267
    ));
#1062 = CARTESIAN_POINT('',(-6.251707295344,18.362317652692,
    21.042410856691));
#1063 = CARTESIAN_POINT('',(-6.144767531236,18.349001054653,
    21.025473262005));
#1064 = CARTESIAN_POINT('',(-6.037797059202,18.335488350422,
    21.00853080366));
#1065 = CARTESIAN_POINT('',(-5.838140770265,18.309989311499,
    20.97690835408));
#1066 = CARTESIAN_POINT('',(-5.745461900235,18.298041202732,
    20.96222946312));
#1067 = CARTESIAN_POINT('',(-5.652764871167,18.286007183027,
    20.947547696052));
#1068 = CARTESIAN_POINT('',(-5.560051877658,18.273915547231,
    20.932863400464));
#1069 = CARTESIAN_POINT('',(-5.467325086531,18.261794536382,
    20.918176919548));
#1070 = CARTESIAN_POINT('',(-5.374586636845,18.249672337702,
    20.903488592098));
#1071 = CARTESIAN_POINT('',(-5.281838639889,18.237577084603,
    20.888798752509));
#1072 = CARTESIAN_POINT('',(-5.061406774975,18.208963676029,
    20.853885774955));
#1073 = CARTESIAN_POINT('',(-4.93371651061,18.192494855445,
    20.833661623898));
#1074 = CARTESIAN_POINT('',(-4.806017691969,18.176203780608,
    20.813436117978));
#1075 = CARTESIAN_POINT('',(-4.678315996778,18.160163956954,
    20.793210156456));
#1076 = CARTESIAN_POINT('',(-4.550617486893,18.144449161918,
    20.772984699438));
#1077 = CARTESIAN_POINT('',(-4.422928620605,18.12913359718,
    20.752760769815));
#1078 = CARTESIAN_POINT('',(-4.295256264924,18.114292040908,
    20.732539455216));
#1079 = CARTESIAN_POINT('',(-4.16760770788,18.1,20.71232190995));
#1080 = PCURVE('',#292,#1081);
#1081 = DEFINITIONAL_REPRESENTATION('',(#1082),#1253);
#1082 = B_SPLINE_CURVE_WITH_KNOTS('',8,(#1083,#1084,#1085,#1086,#1087,
    #1088,#1089,#1090,#1091,#1092,#1093,#1094,#1095,#1096,#1097,#1098,
    #1099,#1100,#1101,#1102,#1103,#1104,#1105,#1106,#1107,#1108,#1109,
    #1110,#1111,#1112,#1113,#1114,#1115,#1116,#1117,#1118,#1119,#1120,
    #1121,#1122,#1123,#1124,#1125,#1126,#1127,#1128,#1129,#1130,#1131,
    #1132,#1133,#1134,#1135,#1136,#1137,#1138,#1139,#1140,#1141,#1142,
    #1143,#1144,#1145,#1146,#1147,#1148,#1149,#1150,#1151,#1152,#1153,
    #1154,#1155,#1156,#1157,#1158,#1159,#1160,#1161,#1162,#1163,#1164,
    #1165,#1166,#1167,#1168,#1169,#1170,#1171,#1172,#1173,#1174,#1175,
    #1176,#1177,#1178,#1179,#1180,#1181,#1182,#1183,#1184,#1185,#1186,
    #1187,#1188,#1189,#1190,#1191,#1192,#1193,#1194,#1195,#1196,#1197,
    #1198,#1199,#1200,#1201,#1202,#1203,#1204,#1205,#1206,#1207,#1208,
    #1209,#1210,#1211,#1212,#1213,#1214,#1215,#1216,#1217,#1218,#1219,
    #1220,#1221,#1222,#1223,#1224,#1225,#1226,#1227,#1228,#1229,#1230,
    #1231,#1232,#1233,#1234,#1235,#1236,#1237,#1238,#1239,#1240,#1241,
    #1242,#1243,#1244,#1245,#1246,#1247,#1248,#1249,#1250,#1251,#1252),
  .UNSPECIFIED.,.F.,.F.,(9,7,7,7,7,7,7,7,7,7,7,7,7,7,7,7,7,7,7,7,7,7,7,7
    ,9),(0.,2.319691203775E-02,4.684648321709E-02,7.298362225501E-02,
    0.146591125764,0.205739453293,0.236371077038,0.266913995787,
    0.349496800813,0.370979618441,0.38530149686,0.409372845001,
    0.436005986587,0.490292018192,0.525957443945,0.54129601553,
    0.590825124683,0.649916910655,0.67816241011,0.76526037705,
    0.830994473824,0.846887468006,0.896956977618,0.940316421214,1.),
  .UNSPECIFIED.);
#1083 = CARTESIAN_POINT('',(7.555253957585,0.12581574779));
#1084 = CARTESIAN_POINT('',(7.520365996058,0.458163714607));
#1085 = CARTESIAN_POINT('',(7.485480762698,0.790462470964));
#1086 = CARTESIAN_POINT('',(7.450594253533,1.122744896946));
#1087 = CARTESIAN_POINT('',(7.415703078643,1.455043849382));
#1088 = CARTESIAN_POINT('',(7.380804462162,1.787392161842));
#1089 = CARTESIAN_POINT('',(7.345896242278,2.119822644639));
#1090 = CARTESIAN_POINT('',(7.310976871236,2.452368084827));
#1091 = CARTESIAN_POINT('',(7.240432315127,3.124246504484));
#1092 = CARTESIAN_POINT('',(7.198299499931,3.525521585217));
#1093 = CARTESIAN_POINT('',(7.159463942721,3.895578247028));
#1094 = CARTESIAN_POINT('',(7.130159954703,4.174761907847));
#1095 = CARTESIAN_POINT('',(7.112969373595,4.338550273537));
#1096 = CARTESIAN_POINT('',(7.106572365895,4.399611231838));
#1097 = CARTESIAN_POINT('',(7.105510842158,4.409728314571));
#1098 = CARTESIAN_POINT('',(7.094238931018,4.517416324596));
#1099 = CARTESIAN_POINT('',(7.088329961302,4.573962064939));
#1100 = CARTESIAN_POINT('',(7.082433423143,4.63051800918));
#1101 = CARTESIAN_POINT('',(7.076553164566,4.687082914429));
#1102 = CARTESIAN_POINT('',(7.070693033598,4.743655537798));
#1103 = CARTESIAN_POINT('',(7.064856878264,4.800234636398));
#1104 = CARTESIAN_POINT('',(7.059048546592,4.856818967343));
#1105 = CARTESIAN_POINT('',(7.037003636298,5.072771516028));
#1106 = CARTESIAN_POINT('',(7.020986905649,5.232164163431));
#1107 = CARTESIAN_POINT('',(7.005305748101,5.391575758542));
#1108 = CARTESIAN_POINT('',(6.990044439144,5.550996269925));
#1109 = CARTESIAN_POINT('',(6.975287651692,5.710415084064));
#1110 = CARTESIAN_POINT('',(6.961120631459,5.869820983298));
#1111 = CARTESIAN_POINT('',(6.947629372337,6.029202123761));
#1112 = CARTESIAN_POINT('',(6.924672564802,6.316588999713));
#1113 = CARTESIAN_POINT('',(6.91493686529,6.444607680227));
#1114 = CARTESIAN_POINT('',(6.905738713864,6.572595541344));
#1115 = CARTESIAN_POINT('',(6.897123608038,6.700545530946));
#1116 = CARTESIAN_POINT('',(6.889137522209,6.828450058318));
#1117 = CARTESIAN_POINT('',(6.881826907658,6.956300994153));
#1118 = CARTESIAN_POINT('',(6.87523869255,7.084089670548));
#1119 = CARTESIAN_POINT('',(6.866407054472,7.277948827869));
#1120 = CARTESIAN_POINT('',(6.863600297378,7.34407157703));
#1121 = CARTESIAN_POINT('',(6.861006603699,7.410173835146));
#1122 = CARTESIAN_POINT('',(6.858632606284,7.476254254525));
#1123 = CARTESIAN_POINT('',(6.85648497779,7.542311433135));
#1124 = CARTESIAN_POINT('',(6.854570430677,7.608343914598));
#1125 = CARTESIAN_POINT('',(6.85289571721,7.674350188193));
#1126 = CARTESIAN_POINT('',(6.850043677257,7.806116124795));
#1127 = CARTESIAN_POINT('',(6.848862545043,7.871875285412));
#1128 = CARTESIAN_POINT('',(6.847947274674,7.93760901007));
#1129 = CARTESIAN_POINT('',(6.847329044012,8.003322199304));
#1130 = CARTESIAN_POINT('',(6.847034134286,8.069018112636));
#1131 = CARTESIAN_POINT('',(6.847087688274,8.134699469607));
#1132 = CARTESIAN_POINT('',(6.847519137644,8.200370004772));
#1133 = CARTESIAN_POINT('',(6.850611982898,8.443571226285));
#1134 = CARTESIAN_POINT('',(6.855821918445,8.621047434971));
#1135 = CARTESIAN_POINT('',(6.864514240684,8.798517970652));
#1136 = CARTESIAN_POINT('',(6.877209966128,8.976016282802));
#1137 = CARTESIAN_POINT('',(6.89440926622,9.153551397886));
#1138 = CARTESIAN_POINT('',(6.916578175009,9.331106904737));
#1139 = CARTESIAN_POINT('',(6.944133609866,9.508639580629));
#1140 = CARTESIAN_POINT('',(6.986087460872,9.732235812321));
#1141 = CARTESIAN_POINT('',(6.995148838633,9.778453355719));
#1142 = CARTESIAN_POINT('',(7.004619726454,9.82473307025));
#1143 = CARTESIAN_POINT('',(7.014509012288,9.871077737951));
#1144 = CARTESIAN_POINT('',(7.024825584089,9.917490140857));
#1145 = CARTESIAN_POINT('',(7.035578329813,9.963973061002));
#1146 = CARTESIAN_POINT('',(7.046776137412,10.010529280422));
#1147 = CARTESIAN_POINT('',(7.066195733126,10.088249781641));
#1148 = CARTESIAN_POINT('',(7.074165326891,10.119371796043));
#1149 = CARTESIAN_POINT('',(7.082339309604,10.150528448669));
#1150 = CARTESIAN_POINT('',(7.090720314733,10.181720563823));
#1151 = CARTESIAN_POINT('',(7.099310975745,10.212948965814));
#1152 = CARTESIAN_POINT('',(7.108113926108,10.244214478947));
#1153 = CARTESIAN_POINT('',(7.117131799289,10.27551792753));
#1154 = CARTESIAN_POINT('',(7.141889580747,10.359538226434));
#1155 = CARTESIAN_POINT('',(7.157984431949,10.412178730247));
#1156 = CARTESIAN_POINT('',(7.174658730675,10.464805102167));
#1157 = CARTESIAN_POINT('',(7.191913678066,10.517383363865));
#1158 = CARTESIAN_POINT('',(7.209750615825,10.569868816273));
#1159 = CARTESIAN_POINT('',(7.228173798475,10.622228571063));
#1160 = CARTESIAN_POINT('',(7.247190050141,10.674439901148));
#1161 = CARTESIAN_POINT('',(7.288508115334,10.784025628137));
#1162 = CARTESIAN_POINT('',(7.310963651559,10.841410551039));
#1163 = CARTESIAN_POINT('',(7.334172140528,10.898544444731));
#1164 = CARTESIAN_POINT('',(7.358133808236,10.955352575023));
#1165 = CARTESIAN_POINT('',(7.382848880681,11.011760207724));
#1166 = CARTESIAN_POINT('',(7.40831758386,11.067692608645));
#1167 = CARTESIAN_POINT('',(7.434540143771,11.123075043594));
#1168 = CARTESIAN_POINT('',(7.516502972334,11.289444850569));
#1169 = CARTESIAN_POINT('',(7.574829291601,11.398882172172));
#1170 = CARTESIAN_POINT('',(7.636664470086,11.505732110432));
#1171 = CARTESIAN_POINT('',(7.70219239744,11.609478359078));
#1172 = CARTESIAN_POINT('',(7.771607208419,11.709492194387));
#1173 = CARTESIAN_POINT('',(7.845109191273,11.805026213943));
#1174 = CARTESIAN_POINT('',(7.92290152319,11.895210558115));
#1175 = CARTESIAN_POINT('',(8.059249184829,12.034134420526));
#1176 = CARTESIAN_POINT('',(8.115235733213,12.086464497668));
#1177 = CARTESIAN_POINT('',(8.173194145676,12.135752782758));
#1178 = CARTESIAN_POINT('',(8.233153293395,12.181675582683));
#1179 = CARTESIAN_POINT('',(8.295119882931,12.223881110963));
#1180 = CARTESIAN_POINT('',(8.359071999884,12.262002323004));
#1181 = CARTESIAN_POINT('',(8.424950564248,12.295676049759));
#1182 = CARTESIAN_POINT('',(8.521763523394,12.336994128646));
#1183 = CARTESIAN_POINT('',(8.551187230662,12.348511014609));
#1184 = CARTESIAN_POINT('',(8.580913234788,12.35913946322));
#1185 = CARTESIAN_POINT('',(8.610934650493,12.368900592701));
#1186 = CARTESIAN_POINT('',(8.641244291704,12.377816263967));
#1187 = CARTESIAN_POINT('',(8.671834671549,12.385909080629));
#1188 = CARTESIAN_POINT('',(8.702698002362,12.393202388992));
#1189 = CARTESIAN_POINT('',(8.834340880246,12.420766907922));
#1190 = CARTESIAN_POINT('',(8.937117774756,12.433612046473));
#1191 = CARTESIAN_POINT('',(9.04161700094,12.439114435108));
#1192 = CARTESIAN_POINT('',(9.147371349066,12.438220830939));
#1193 = CARTESIAN_POINT('',(9.254004369952,12.431869233632));
#1194 = CARTESIAN_POINT('',(9.361241811488,12.420928923688));
#1195 = CARTESIAN_POINT('',(9.468916399682,12.406177312178));
#1196 = CARTESIAN_POINT('',(9.705876858239,12.367000912041));
#1197 = CARTESIAN_POINT('',(9.83522672474,12.341273944559));
#1198 = CARTESIAN_POINT('',(9.964877460509,12.312330398368));
#1199 = CARTESIAN_POINT('',(10.094721058069,12.281234132078));
#1200 = CARTESIAN_POINT('',(10.22467756587,12.248958655662));
#1201 = CARTESIAN_POINT('',(10.354693048472,12.216430622102));
#1202 = CARTESIAN_POINT('',(10.484737546749,12.184573319035));
#1203 = CARTESIAN_POINT('',(10.676973519195,12.139903681996));
#1204 = CARTESIAN_POINT('',(10.739142468542,12.125817432921));
#1205 = CARTESIAN_POINT('',(10.801295347637,12.112318765606));
#1206 = CARTESIAN_POINT('',(10.863444811541,12.099073939922));
#1207 = CARTESIAN_POINT('',(10.925522016627,12.087132697149));
#1208 = CARTESIAN_POINT('',(10.987590172136,12.075537251953));
#1209 = CARTESIAN_POINT('',(11.049608700612,12.064727466186));
#1210 = CARTESIAN_POINT('',(11.302685017608,12.02320827226));
#1211 = CARTESIAN_POINT('',(11.493370188926,11.998112958308));
#1212 = CARTESIAN_POINT('',(11.683565043257,11.978759618809));
#1213 = CARTESIAN_POINT('',(11.873241098694,11.964538464127));
#1214 = CARTESIAN_POINT('',(12.062411134944,11.954768568073));
#1215 = CARTESIAN_POINT('',(12.251126461077,11.948719194044));
#1216 = CARTESIAN_POINT('',(12.439474627254,11.94562841063));
#1217 = CARTESIAN_POINT('',(12.769541602846,11.944032648839));
#1218 = CARTESIAN_POINT('',(12.911358824685,11.944588799263));
#1219 = CARTESIAN_POINT('',(13.053082422741,11.946052834934));
#1220 = CARTESIAN_POINT('',(13.194767358648,11.948085124952));
#1221 = CARTESIAN_POINT('',(13.336469960506,11.950343498178));
#1222 = CARTESIAN_POINT('',(13.478247504489,11.952485720863));
#1223 = CARTESIAN_POINT('',(13.620157796447,11.954171974274));
#1224 = CARTESIAN_POINT('',(13.796615499781,11.955283809325));
#1225 = CARTESIAN_POINT('',(13.83099376549,11.955451803356));
#1226 = CARTESIAN_POINT('',(13.865393224404,11.955571813095));
#1227 = CARTESIAN_POINT('',(13.89981348595,11.95564462563));
#1228 = CARTESIAN_POINT('',(13.934254095219,11.955671316462));
#1229 = CARTESIAN_POINT('',(13.968714532962,11.955653249507));
#1230 = CARTESIAN_POINT('',(14.003194215597,11.95559207709));
#1231 = CARTESIAN_POINT('',(14.146376354431,11.955167335592));
#1232 = CARTESIAN_POINT('',(14.255156192188,11.954432926718));
#1233 = CARTESIAN_POINT('',(14.364022453098,11.953331235548));
#1234 = CARTESIAN_POINT('',(14.472965901324,11.951906644853));
#1235 = CARTESIAN_POINT('',(14.581977620563,11.950203197946));
#1236 = CARTESIAN_POINT('',(14.691049014051,11.948264598686));
#1237 = CARTESIAN_POINT('',(14.800171804558,11.946134211479));
#1238 = CARTESIAN_POINT('',(15.003874350435,11.941881351411));
#1239 = CARTESIAN_POINT('',(15.098443119458,11.939796161136));
#1240 = CARTESIAN_POINT('',(15.193039143693,11.937627449214));
#1241 = CARTESIAN_POINT('',(15.287657258952,11.935403123829));
#1242 = CARTESIAN_POINT('',(15.382292334629,11.933151042581));
#1243 = CARTESIAN_POINT('',(15.476939273696,11.930899012488));
#1244 = CARTESIAN_POINT('',(15.571593012705,11.928674789984));
#1245 = CARTESIAN_POINT('',(15.796540312116,11.923520887675));
#1246 = CARTESIAN_POINT('',(15.926835161998,11.92064094929));
#1247 = CARTESIAN_POINT('',(16.057120066276,11.917938689398));
#1248 = CARTESIAN_POINT('',(16.187381632867,11.915486611422));
#1249 = CARTESIAN_POINT('',(16.317606054491,11.913357448691));
#1250 = CARTESIAN_POINT('',(16.447779080394,11.911624314548));
#1251 = CARTESIAN_POINT('',(16.577885988072,11.910360852466));
#1252 = CARTESIAN_POINT('',(16.707911554994,11.909641386155));
#1253 = ( GEOMETRIC_REPRESENTATION_CONTEXT(2) 
PARAMETRIC_REPRESENTATION_CONTEXT() REPRESENTATION_CONTEXT('2D SPACE',''
  ) );
#1254 = PCURVE('',#1255,#1290);
#1255 = B_SPLINE_SURFACE_WITH_KNOTS('',3,1,(
    (#1256,#1257)
    ,(#1258,#1259)
    ,(#1260,#1261)
    ,(#1262,#1263)
    ,(#1264,#1265)
    ,(#1266,#1267)
    ,(#1268,#1269)
    ,(#1270,#1271)
    ,(#1272,#1273)
    ,(#1274,#1275)
    ,(#1276,#1277)
    ,(#1278,#1279)
    ,(#1280,#1281)
    ,(#1282,#1283)
    ,(#1284,#1285)
    ,(#1286,#1287)
    ,(#1288,#1289
    )),.UNSPECIFIED.,.F.,.F.,.F.,(4,1,1,1,1,1,1,1,1,1,1,1,1,1,4),(2,2),(
    0.,3.020347662108,6.053909924531,8.500463623104,10.890155025775,
    13.5584878386,17.059916118603,20.559916118603,24.059916118603,
    27.561344398605,30.22967721143,32.619368614101,35.065922312674,
    38.099484575098,41.119832237205),(0.,1.),.UNSPECIFIED.);
#1256 = CARTESIAN_POINT('',(-16.61461362917,18.1,-20.));
#1257 = CARTESIAN_POINT('',(7.84384088752,18.1,60.));
#1258 = CARTESIAN_POINT('',(-17.61518727237,18.206854020275,-20.));
#1259 = CARTESIAN_POINT('',(6.84326724432,18.206854020275,60.));
#1260 = CARTESIAN_POINT('',(-19.63634506035,18.503114404475,-20.));
#1261 = CARTESIAN_POINT('',(4.822109456343,18.503114404475,60.));
#1262 = CARTESIAN_POINT('',(-22.37660720078,18.623125592086,-20.));
#1263 = CARTESIAN_POINT('',(2.08184731591,18.623125592086,60.));
#1264 = CARTESIAN_POINT('',(-25.1421494418,19.992963864358,-20.));
#1265 = CARTESIAN_POINT('',(-0.683694925111,19.992963864358,60.));
#1266 = CARTESIAN_POINT('',(-26.88486760119,17.492176654313,-20.));
#1267 = CARTESIAN_POINT('',(-2.426413084503,17.492176654313,60.));
#1268 = CARTESIAN_POINT('',(-27.31423241803,14.75336269061,-20.));
#1269 = CARTESIAN_POINT('',(-2.855777901339,14.75336269061,60.));
#1270 = CARTESIAN_POINT('',(-27.3147348616,11.492256488987,-20.));
#1271 = CARTESIAN_POINT('',(-2.856280344908,11.492256488987,60.));
#1272 = CARTESIAN_POINT('',(-27.31455302532,8.,-20.));
#1273 = CARTESIAN_POINT('',(-2.856098508632,8.,60.));
#1274 = CARTESIAN_POINT('',(-27.3147348616,4.507743511013,-20.));
#1275 = CARTESIAN_POINT('',(-2.856280344908,4.507743511013,60.));
#1276 = CARTESIAN_POINT('',(-27.31423241803,1.24663730939,-20.));
#1277 = CARTESIAN_POINT('',(-2.855777901339,1.24663730939,60.));
#1278 = CARTESIAN_POINT('',(-26.88486760119,-1.492176654313,-20.));
#1279 = CARTESIAN_POINT('',(-2.426413084503,-1.492176654313,60.));
#1280 = CARTESIAN_POINT('',(-25.1421494418,-3.992963864358,-20.));
#1281 = CARTESIAN_POINT('',(-0.683694925111,-3.992963864358,60.));
#1282 = CARTESIAN_POINT('',(-22.37660720078,-2.623125592086,-20.));
#1283 = CARTESIAN_POINT('',(2.08184731591,-2.623125592086,60.));
#1284 = CARTESIAN_POINT('',(-19.63634506035,-2.503114404475,-20.));
#1285 = CARTESIAN_POINT('',(4.822109456343,-2.503114404475,60.));
#1286 = CARTESIAN_POINT('',(-17.61518727237,-2.206854020275,-20.));
#1287 = CARTESIAN_POINT('',(6.84326724432,-2.206854020275,60.));
#1288 = CARTESIAN_POINT('',(-16.61461362917,-2.1,-20.));
#1289 = CARTESIAN_POINT('',(7.84384088752,-2.1,60.));
#1290 = DEFINITIONAL_REPRESENTATION('',(#1291),#1462);
#1291 = B_SPLINE_CURVE_WITH_KNOTS('',8,(#1292,#1293,#1294,#1295,#1296,
    #1297,#1298,#1299,#1300,#1301,#1302,#1303,#1304,#1305,#1306,#1307,
    #1308,#1309,#1310,#1311,#1312,#1313,#1314,#1315,#1316,#1317,#1318,
    #1319,#1320,#1321,#1322,#1323,#1324,#1325,#1326,#1327,#1328,#1329,
    #1330,#1331,#1332,#1333,#1334,#1335,#1336,#1337,#1338,#1339,#1340,
    #1341,#1342,#1343,#1344,#1345,#1346,#1347,#1348,#1349,#1350,#1351,
    #1352,#1353,#1354,#1355,#1356,#1357,#1358,#1359,#1360,#1361,#1362,
    #1363,#1364,#1365,#1366,#1367,#1368,#1369,#1370,#1371,#1372,#1373,
    #1374,#1375,#1376,#1377,#1378,#1379,#1380,#1381,#1382,#1383,#1384,
    #1385,#1386,#1387,#1388,#1389,#1390,#1391,#1392,#1393,#1394,#1395,
    #1396,#1397,#1398,#1399,#1400,#1401,#1402,#1403,#1404,#1405,#1406,
    #1407,#1408,#1409,#1410,#1411,#1412,#1413,#1414,#1415,#1416,#1417,
    #1418,#1419,#1420,#1421,#1422,#1423,#1424,#1425,#1426,#1427,#1428,
    #1429,#1430,#1431,#1432,#1433,#1434,#1435,#1436,#1437,#1438,#1439,
    #1440,#1441,#1442,#1443,#1444,#1445,#1446,#1447,#1448,#1449,#1450,
    #1451,#1452,#1453,#1454,#1455,#1456,#1457,#1458,#1459,#1460,#1461),
  .UNSPECIFIED.,.F.,.F.,(9,7,7,7,7,7,7,7,7,7,7,7,7,7,7,7,7,7,7,7,7,7,7,7
    ,9),(0.,2.319691203775E-02,4.684648321709E-02,7.298362225501E-02,
    0.146591125764,0.205739453293,0.236371077038,0.266913995787,
    0.349496800813,0.370979618441,0.38530149686,0.409372845001,
    0.436005986587,0.490292018192,0.525957443945,0.54129601553,
    0.590825124683,0.649916910655,0.67816241011,0.76526037705,
    0.830994473824,0.846887468006,0.896956977618,0.940316421214,1.),
  .UNSPECIFIED.);
#1292 = CARTESIAN_POINT('',(21.225169074879,0.52910954185));
#1293 = CARTESIAN_POINT('',(20.890293848414,0.529109532922));
#1294 = CARTESIAN_POINT('',(20.555369563913,0.529109528737));
#1295 = CARTESIAN_POINT('',(20.220429195301,0.529109530367));
#1296 = CARTESIAN_POINT('',(19.885505671778,0.529109537697));
#1297 = CARTESIAN_POINT('',(19.550631877816,0.52910954942));
#1298 = CARTESIAN_POINT('',(19.215840653159,0.529109563043));
#1299 = CARTESIAN_POINT('',(18.881164792825,0.52910957488));
#1300 = CARTESIAN_POINT('',(18.205581404825,0.529109585338));
#1301 = CARTESIAN_POINT('',(17.802388626868,0.529109592616));
#1302 = CARTESIAN_POINT('',(17.43121913676,0.529109561587));
#1303 = CARTESIAN_POINT('',(17.151861758173,0.529109548072));
#1304 = CARTESIAN_POINT('',(16.988176680785,0.529109537894));
#1305 = CARTESIAN_POINT('',(16.927018882433,0.529109511327));
#1306 = CARTESIAN_POINT('',(16.916913526771,0.529109510066));
#1307 = CARTESIAN_POINT('',(16.80921508636,0.529109443869));
#1308 = CARTESIAN_POINT('',(16.752675317033,0.529109390087));
#1309 = CARTESIAN_POINT('',(16.696135547707,0.529109310046));
#1310 = CARTESIAN_POINT('',(16.639595778381,0.529109196515));
#1311 = CARTESIAN_POINT('',(16.583056009055,0.529109042265));
#1312 = CARTESIAN_POINT('',(16.526516239729,0.529108840067));
#1313 = CARTESIAN_POINT('',(16.469976470403,0.529108582691));
#1314 = CARTESIAN_POINT('',(16.254209202496,0.52910736233));
#1315 = CARTESIAN_POINT('',(16.09498492144,0.529105966809));
#1316 = CARTESIAN_POINT('',(15.935745585631,0.529103914817));
#1317 = CARTESIAN_POINT('',(15.776473501597,0.529101044507));
#1318 = CARTESIAN_POINT('',(15.617151515915,0.529097193379));
#1319 = CARTESIAN_POINT('',(15.457762976466,0.529092197943));
#1320 = CARTESIAN_POINT('',(15.298291693671,0.529085893381));
#1321 = CARTESIAN_POINT('',(15.010497388397,0.529071861348));
#1322 = CARTESIAN_POINT('',(14.882209505566,0.529064656609));
#1323 = CARTESIAN_POINT('',(14.753850135296,0.52905641277));
#1324 = CARTESIAN_POINT('',(14.625411577516,0.52904704279));
#1325 = CARTESIAN_POINT('',(14.496886550041,0.52903645881));
#1326 = CARTESIAN_POINT('',(14.368268188576,0.529024572155));
#1327 = CARTESIAN_POINT('',(14.239550046713,0.52901129333));
#1328 = CARTESIAN_POINT('',(14.044010992485,0.52898888747));
#1329 = CARTESIAN_POINT('',(13.977267538597,0.528980845302));
#1330 = CARTESIAN_POINT('',(13.910494908629,0.528972392965));
#1331 = CARTESIAN_POINT('',(13.843692320611,0.528963517833));
#1332 = CARTESIAN_POINT('',(13.776859036239,0.528954207218));
#1333 = CARTESIAN_POINT('',(13.709994360878,0.528944448362));
#1334 = CARTESIAN_POINT('',(13.643097643557,0.528934228442));
#1335 = CARTESIAN_POINT('',(13.509432728693,0.528912871664));
#1336 = CARTESIAN_POINT('',(13.442664166191,0.528901742311));
#1337 = CARTESIAN_POINT('',(13.375865929453,0.528890101117));
#1338 = CARTESIAN_POINT('',(13.309043502611,0.528877886451));
#1339 = CARTESIAN_POINT('',(13.2422015673,0.528865046536));
#1340 = CARTESIAN_POINT('',(13.175344838002,0.528851531922));
#1341 = CARTESIAN_POINT('',(13.108479298443,0.528837284607));
#1342 = CARTESIAN_POINT('',(12.860808602056,0.528781614304));
#1343 = CARTESIAN_POINT('',(12.679984857131,0.528735246185));
#1344 = CARTESIAN_POINT('',(12.499249999937,0.528682106879));
#1345 = CARTESIAN_POINT('',(12.318739654223,0.528621176315));
#1346 = CARTESIAN_POINT('',(12.13861255607,0.528551479945));
#1347 = CARTESIAN_POINT('',(11.959048389464,0.528472114804));
#1348 = CARTESIAN_POINT('',(11.780245192274,0.528382278919));
#1349 = CARTESIAN_POINT('',(11.556156521579,0.528255036817));
#1350 = CARTESIAN_POINT('',(11.509896710498,0.528227978324));
#1351 = CARTESIAN_POINT('',(11.463636899425,0.528200110745));
#1352 = CARTESIAN_POINT('',(11.417377088361,0.528171416228));
#1353 = CARTESIAN_POINT('',(11.371117277308,0.528141876921));
#1354 = CARTESIAN_POINT('',(11.324857466265,0.528111474969));
#1355 = CARTESIAN_POINT('',(11.278597655232,0.528080192522));
#1356 = CARTESIAN_POINT('',(11.201497970196,0.52802655786));
#1357 = CARTESIAN_POINT('',(11.170658096186,0.528004704729));
#1358 = CARTESIAN_POINT('',(11.139818222181,0.527982447041));
#1359 = CARTESIAN_POINT('',(11.108978348182,0.527959779508));
#1360 = CARTESIAN_POINT('',(11.078138474188,0.52793669684));
#1361 = CARTESIAN_POINT('',(11.047298600199,0.527913193746));
#1362 = CARTESIAN_POINT('',(11.016458726216,0.527889264938));
#1363 = CARTESIAN_POINT('',(10.933785054923,0.527823962622));
#1364 = CARTESIAN_POINT('',(10.882084801196,0.52778191443));
#1365 = CARTESIAN_POINT('',(10.830551853923,0.527738742247));
#1366 = CARTESIAN_POINT('',(10.779159677288,0.527694450676));
#1367 = CARTESIAN_POINT('',(10.72787117321,0.527649046232));
#1368 = CARTESIAN_POINT('',(10.676662624418,0.527602527358));
#1369 = CARTESIAN_POINT('',(10.625521844204,0.527554885421));
#1370 = CARTESIAN_POINT('',(10.517880763955,0.52745215781));
#1371 = CARTESIAN_POINT('',(10.461340995074,0.527396771036));
#1372 = CARTESIAN_POINT('',(10.404801226201,0.527339971216));
#1373 = CARTESIAN_POINT('',(10.348261457334,0.52728177317));
#1374 = CARTESIAN_POINT('',(10.291721688473,0.527222191718));
#1375 = CARTESIAN_POINT('',(10.235181919619,0.527161241678));
#1376 = CARTESIAN_POINT('',(10.178642150771,0.527098937871));
#1377 = CARTESIAN_POINT('',(10.006858009858,0.526905572803));
#1378 = CARTESIAN_POINT('',(9.891179240098,0.526769798823));
#1379 = CARTESIAN_POINT('',(9.774803640129,0.526627729294));
#1380 = CARTESIAN_POINT('',(9.657519784132,0.526479112015));
#1381 = CARTESIAN_POINT('',(9.539156804519,0.526323697813));
#1382 = CARTESIAN_POINT('',(9.419576545088,0.52616124978));
#1383 = CARTESIAN_POINT('',(9.298668315781,0.525991550392));
#1384 = CARTESIAN_POINT('',(9.095981771136,0.525698024608));
#1385 = CARTESIAN_POINT('',(9.015028626163,0.525578460728));
#1386 = CARTESIAN_POINT('',(8.933476808121,0.525455683139));
#1387 = CARTESIAN_POINT('',(8.851344673591,0.525329701781));
#1388 = CARTESIAN_POINT('',(8.768679143244,0.525200575439));
#1389 = CARTESIAN_POINT('',(8.685557505581,0.525068421672));
#1390 = CARTESIAN_POINT('',(8.602090822903,0.524933429524));
#1391 = CARTESIAN_POINT('',(8.482448609564,0.52473671717));
#1392 = CARTESIAN_POINT('',(8.446468953685,0.524677144188));
#1393 = CARTESIAN_POINT('',(8.410489464521,0.524617164712));
#1394 = CARTESIAN_POINT('',(8.374509825488,0.524556787822));
#1395 = CARTESIAN_POINT('',(8.338529910787,0.524496023029));
#1396 = CARTESIAN_POINT('',(8.302549785406,0.524434880277));
#1397 = CARTESIAN_POINT('',(8.266569705121,0.524373369946));
#1398 = CARTESIAN_POINT('',(8.114410003979,0.524111730505));
#1399 = CARTESIAN_POINT('',(7.998814683662,0.523909233285));
#1400 = CARTESIAN_POINT('',(7.88408118269,0.523704885778));
#1401 = CARTESIAN_POINT('',(7.770375143363,0.523499403281));
#1402 = CARTESIAN_POINT('',(7.657766563517,0.523293326376));
#1403 = CARTESIAN_POINT('',(7.546239550232,0.523087010927));
#1404 = CARTESIAN_POINT('',(7.43569608685,0.522880623511));
#1405 = CARTESIAN_POINT('',(7.195023395815,0.522427795324));
#1406 = CARTESIAN_POINT('',(7.065329664298,0.522181495969));
#1407 = CARTESIAN_POINT('',(6.936594045751,0.521935268244));
#1408 = CARTESIAN_POINT('',(6.808554381623,0.521689104983));
#1409 = CARTESIAN_POINT('',(6.680951917193,0.521442962906));
#1410 = CARTESIAN_POINT('',(6.553518290948,0.521196757703));
#1411 = CARTESIAN_POINT('',(6.425962523956,0.520950359127));
#1412 = CARTESIAN_POINT('',(6.236772661882,0.520585630117));
#1413 = CARTESIAN_POINT('',(6.175496067319,0.52046760359));
#1414 = CARTESIAN_POINT('',(6.114064937809,0.520349488345));
#1415 = CARTESIAN_POINT('',(6.052580861898,0.520231327915));
#1416 = CARTESIAN_POINT('',(5.990754403591,0.520113041851));
#1417 = CARTESIAN_POINT('',(5.928849251879,0.519994702782));
#1418 = CARTESIAN_POINT('',(5.86675639742,0.519876299814));
#1419 = CARTESIAN_POINT('',(5.612607613329,0.519392608775));
#1420 = CARTESIAN_POINT('',(5.419270685815,0.519026899094));
#1421 = CARTESIAN_POINT('',(5.224760362812,0.518660970587));
#1422 = CARTESIAN_POINT('',(5.02931066992,0.518295003149));
#1423 = CARTESIAN_POINT('',(4.833134114864,0.517929110953));
#1424 = CARTESIAN_POINT('',(4.636417754342,0.517563343415));
#1425 = CARTESIAN_POINT('',(4.439319747273,0.51719768584));
#1426 = CARTESIAN_POINT('',(4.093020961528,0.516556116463));
#1427 = CARTESIAN_POINT('',(3.943937573298,0.51628020497));
#1428 = CARTESIAN_POINT('',(3.794769877249,0.516004290183));
#1429 = CARTESIAN_POINT('',(3.645571048794,0.515728334561));
#1430 = CARTESIAN_POINT('',(3.496393431689,0.515452298423));
#1431 = CARTESIAN_POINT('',(3.347288178443,0.515176140256));
#1432 = CARTESIAN_POINT('',(3.198304890726,0.514899817027));
#1433 = CARTESIAN_POINT('',(3.013511543214,0.514556425269));
#1434 = CARTESIAN_POINT('',(2.977531666836,0.514489534103));
#1435 = CARTESIAN_POINT('',(2.941551729457,0.514422611519));
#1436 = CARTESIAN_POINT('',(2.905571799149,0.514355658116));
#1437 = CARTESIAN_POINT('',(2.86959191325,0.514288674559));
#1438 = CARTESIAN_POINT('',(2.833612078363,0.514221661579));
#1439 = CARTESIAN_POINT('',(2.797632270351,0.514154619973));
#1440 = CARTESIAN_POINT('',(2.648301059251,0.513876254341));
#1441 = CARTESIAN_POINT('',(2.535043063854,0.513664855543));
#1442 = CARTESIAN_POINT('',(2.421870826626,0.513453363664));
#1443 = CARTESIAN_POINT('',(2.30877653841,0.513241787603));
#1444 = CARTESIAN_POINT('',(2.195752202426,0.513030135709));
#1445 = CARTESIAN_POINT('',(2.082789634262,0.512818415775));
#1446 = CARTESIAN_POINT('',(1.969880461882,0.512606635046));
#1447 = CARTESIAN_POINT('',(1.759277304931,0.512211354426));
#1448 = CARTESIAN_POINT('',(1.661572205384,0.512027868289));
#1449 = CARTESIAN_POINT('',(1.563895292925,0.511844346201));
#1450 = CARTESIAN_POINT('',(1.466241025899,0.511660792506));
#1451 = CARTESIAN_POINT('',(1.368603855062,0.511477211494));
#1452 = CARTESIAN_POINT('',(1.270978223569,0.511293607401));
#1453 = CARTESIAN_POINT('',(1.173358566986,0.511109984406));
#1454 = CARTESIAN_POINT('',(0.941367976005,0.510673572187));
#1455 = CARTESIAN_POINT('',(0.806997679604,0.510420770299));
#1456 = CARTESIAN_POINT('',(0.672613709764,0.510167951475));
#1457 = CARTESIAN_POINT('',(0.538201751098,0.509915126956));
#1458 = CARTESIAN_POINT('',(0.403747857096,0.509662308743));
#1459 = CARTESIAN_POINT('',(0.26923842007,0.509409509623));
#1460 = CARTESIAN_POINT('',(0.134660141104,0.50915674319));
#1461 = CARTESIAN_POINT('',(0.,0.508904023874));
#1462 = ( GEOMETRIC_REPRESENTATION_CONTEXT(2) 
PARAMETRIC_REPRESENTATION_CONTEXT() REPRESENTATION_CONTEXT('2D SPACE',''
  ) );
#1463 = ORIENTED_EDGE('',*,*,#1464,.F.);
#1464 = EDGE_CURVE('',#1465,#906,#1467,.T.);
#1465 = VERTEX_POINT('',#1466);
#1466 = CARTESIAN_POINT('',(-4.16760770788,17.927361191462,
    20.71232190995));
#1467 = SURFACE_CURVE('',#1468,(#1472,#1479),.PCURVE_S1.);
#1468 = LINE('',#1469,#1470);
#1469 = CARTESIAN_POINT('',(-4.16760770788,2.95,20.71232190995));
#1470 = VECTOR('',#1471,1.);
#1471 = DIRECTION('',(2.734506013376E-17,1.,8.944166154111E-17));
#1472 = PCURVE('',#292,#1473);
#1473 = DEFINITIONAL_REPRESENTATION('',(#1474),#1478);
#1474 = LINE('',#1475,#1476);
#1475 = CARTESIAN_POINT('',(18.289785720116,-3.157547274166));
#1476 = VECTOR('',#1477,1.);
#1477 = DIRECTION('',(-0.104414136312,0.994533904972));
#1478 = ( GEOMETRIC_REPRESENTATION_CONTEXT(2) 
PARAMETRIC_REPRESENTATION_CONTEXT() REPRESENTATION_CONTEXT('2D SPACE',''
  ) );
#1479 = PCURVE('',#1480,#1485);
#1480 = PLANE('',#1481);
#1481 = AXIS2_PLACEMENT_3D('',#1482,#1483,#1484);
#1482 = CARTESIAN_POINT('',(7.84384088752,-2.1,60.));
#1483 = DIRECTION('',(0.956304755963,0.,-0.292371704723));
#1484 = DIRECTION('',(0.,1.,0.));
#1485 = DEFINITIONAL_REPRESENTATION('',(#1486),#1490);
#1486 = LINE('',#1487,#1488);
#1487 = CARTESIAN_POINT('',(5.05,-41.08280111028));
#1488 = VECTOR('',#1489,1.);
#1489 = DIRECTION('',(1.,9.352840816005E-17));
#1490 = ( GEOMETRIC_REPRESENTATION_CONTEXT(2) 
PARAMETRIC_REPRESENTATION_CONTEXT() REPRESENTATION_CONTEXT('2D SPACE',''
  ) );
#1491 = ORIENTED_EDGE('',*,*,#1492,.T.);
#1492 = EDGE_CURVE('',#1465,#1493,#1495,.T.);
#1493 = VERTEX_POINT('',#1494);
#1494 = CARTESIAN_POINT('',(19.629523545512,8.125,16.943226595052));
#1495 = SURFACE_CURVE('',#1496,(#1553,#1613),.PCURVE_S1.);
#1496 = B_SPLINE_CURVE_WITH_KNOTS('',7,(#1497,#1498,#1499,#1500,#1501,
    #1502,#1503,#1504,#1505,#1506,#1507,#1508,#1509,#1510,#1511,#1512,
    #1513,#1514,#1515,#1516,#1517,#1518,#1519,#1520,#1521,#1522,#1523,
    #1524,#1525,#1526,#1527,#1528,#1529,#1530,#1531,#1532,#1533,#1534,
    #1535,#1536,#1537,#1538,#1539,#1540,#1541,#1542,#1543,#1544,#1545,
    #1546,#1547,#1548,#1549,#1550,#1551,#1552),.UNSPECIFIED.,.F.,.F.,(8,
    6,6,6,6,6,6,6,6,8),(0.,0.117984411313,0.187483655102,0.232999661366,
    0.33859845163,0.482776641221,0.548264834412,0.65610973105,
    0.767937470999,1.),.UNSPECIFIED.);
#1497 = CARTESIAN_POINT('',(-4.167613390533,17.927354889969,
    20.712322809994));
#1498 = CARTESIAN_POINT('',(-3.788880579728,18.347331849697,
    20.652337425722));
#1499 = CARTESIAN_POINT('',(-3.390837356781,18.749464832741,
    20.589293572631));
#1500 = CARTESIAN_POINT('',(-2.974364791085,19.132546140814,
    20.523330798403));
#1501 = CARTESIAN_POINT('',(-2.540431528722,19.495425567657,
    20.454602521505));
#1502 = CARTESIAN_POINT('',(-2.090095104877,19.837012226426,
    20.383276239056));
#1503 = CARTESIAN_POINT('',(-1.624508004611,20.156282447182,
    20.309534486759));
#1504 = CARTESIAN_POINT('',(-0.862430008982,20.626660519571,
    20.188833189937));
#1505 = CARTESIAN_POINT('',(-0.575073720344,20.792958410641,
    20.143320424988));
#1506 = CARTESIAN_POINT('',(-0.283115599007,20.950995308902,
    20.097078801341));
#1507 = CARTESIAN_POINT('',(1.317903968433E-02,21.100590510621,
    20.050150340821));
#1508 = CARTESIAN_POINT('',(0.313535286235,21.241575323832,
    20.002578584813));
#1509 = CARTESIAN_POINT('',(0.617668365256,21.373793675065,
    19.954408637308));
#1510 = CARTESIAN_POINT('',(1.126744637744,21.577859495233,
    19.873778876808));
#1511 = CARTESIAN_POINT('',(1.329699755758,21.654795173641,
    19.84163394403));
#1512 = CARTESIAN_POINT('',(1.534066062079,21.72786963245,
    19.809265500982));
#1513 = CARTESIAN_POINT('',(1.739759515024,21.797045487205,
    19.776686858559));
#1514 = CARTESIAN_POINT('',(1.94669468692,21.862288087835,
    19.743911547175));
#1515 = CARTESIAN_POINT('',(2.154784764097,21.923565518656,
    19.710953316764));
#1516 = CARTESIAN_POINT('',(2.849192891469,22.113747427091,
    19.600969874154));
#1517 = CARTESIAN_POINT('',(3.340195181223,22.225149135427,
    19.523202751293));
#1518 = CARTESIAN_POINT('',(3.835834407954,22.314685372594,
    19.444701209764));
#1519 = CARTESIAN_POINT('',(4.334978190891,22.382080156617,
    19.365644601062));
#1520 = CARTESIAN_POINT('',(4.836476504592,22.427145870312,
    19.286215071323));
#1521 = CARTESIAN_POINT('',(5.339161652941,22.44978516778,
    19.206597565442));
#1522 = CARTESIAN_POINT('',(6.528184270489,22.45029046026,
    19.018274883629));
#1523 = CARTESIAN_POINT('',(7.214577087759,22.408777240391,
    18.909560941423));
#1524 = CARTESIAN_POINT('',(7.897975079402,22.325449491615,
    18.801321332997));
#1525 = CARTESIAN_POINT('',(8.575414404922,22.200649075144,
    18.694025484571));
#1526 = CARTESIAN_POINT('',(9.244011565841,22.035020728005,
    18.588130097436));
#1527 = CARTESIAN_POINT('',(9.900963023958,21.829500412865,
    18.484079208422));
#1528 = CARTESIAN_POINT('',(10.835425590521,21.474439111005,
    18.336074877813));
#1529 = CARTESIAN_POINT('',(11.124345582801,21.355562352851,
    18.290314446537));
#1530 = CARTESIAN_POINT('',(11.410061490662,21.228824904436,
    18.245061492379));
#1531 = CARTESIAN_POINT('',(11.692331437359,21.094352020011,
    18.20035432485));
#1532 = CARTESIAN_POINT('',(11.970921084823,20.9522792286,
    18.156230059457));
#1533 = CARTESIAN_POINT('',(12.245603445899,20.80275189006,
    18.112724647431));
#1534 = CARTESIAN_POINT('',(12.961704704562,20.387664357018,
    17.999305350362));
#1535 = CARTESIAN_POINT('',(13.396063644941,20.109604277582,
    17.93050965269));
#1536 = CARTESIAN_POINT('',(13.818250796812,19.812438239319,
    17.863641776928));
#1537 = CARTESIAN_POINT('',(14.227351529631,19.496917958731,
    17.798846586325));
#1538 = CARTESIAN_POINT('',(14.622517736208,19.163847790757,
    17.736258407861));
#1539 = CARTESIAN_POINT('',(15.002964265695,18.814079377177,
    17.676001597214));
#1540 = CARTESIAN_POINT('',(15.746446382038,18.069432153927,
    17.558245598326));
#1541 = CARTESIAN_POINT('',(16.108326622773,17.673357903276,
    17.500929398933));
#1542 = CARTESIAN_POINT('',(16.452801291694,17.261277057059,
    17.44636997129));
#1543 = CARTESIAN_POINT('',(16.779147012975,16.834217305542,
    17.394681886872));
#1544 = CARTESIAN_POINT('',(17.086716764058,16.393236142903,
    17.345967623986));
#1545 = CARTESIAN_POINT('',(17.374934817657,15.93941649488,
    17.300318368876));
#1546 = CARTESIAN_POINT('',(18.20018010032,14.507754356297,
    17.169612356651));
#1547 = CARTESIAN_POINT('',(18.671555253898,13.491087076803,
    17.094953866768));
#1548 = CARTESIAN_POINT('',(19.05286353203,12.433730190639,
    17.034560568545));
#1549 = CARTESIAN_POINT('',(19.340933966637,11.345748910214,
    16.988934693986));
#1550 = CARTESIAN_POINT('',(19.533677649449,10.237299279795,
    16.958407093658));
#1551 = CARTESIAN_POINT('',(19.630039241477,9.118614257181,
    16.943144916835));
#1552 = CARTESIAN_POINT('',(19.630039241477,8.,16.943144916836));
#1553 = PCURVE('',#292,#1554);
#1554 = DEFINITIONAL_REPRESENTATION('',(#1555),#1612);
#1555 = B_SPLINE_CURVE_WITH_KNOTS('',7,(#1556,#1557,#1558,#1559,#1560,
    #1561,#1562,#1563,#1564,#1565,#1566,#1567,#1568,#1569,#1570,#1571,
    #1572,#1573,#1574,#1575,#1576,#1577,#1578,#1579,#1580,#1581,#1582,
    #1583,#1584,#1585,#1586,#1587,#1588,#1589,#1590,#1591,#1592,#1593,
    #1594,#1595,#1596,#1597,#1598,#1599,#1600,#1601,#1602,#1603,#1604,
    #1605,#1606,#1607,#1608,#1609,#1610,#1611),.UNSPECIFIED.,.F.,.F.,(8,
    6,6,6,6,6,6,6,6,8),(0.,0.117984411313,0.187483655102,0.232999661366,
    0.33859845163,0.482776641221,0.548264834412,0.65610973105,
    0.767937470999,1.),.UNSPECIFIED.);
#1556 = CARTESIAN_POINT('',(16.725932423007,11.737939369956));
#1557 = CARTESIAN_POINT('',(17.063438659711,12.195658689185));
#1558 = CARTESIAN_POINT('',(17.422252310414,12.637672981791));
#1559 = CARTESIAN_POINT('',(17.801612299896,13.062688008039));
#1560 = CARTESIAN_POINT('',(18.200663366284,13.469457447735));
#1561 = CARTESIAN_POINT('',(18.618454548736,13.856784578884));
#1562 = CARTESIAN_POINT('',(19.053932260049,14.223529491292));
#1563 = CARTESIAN_POINT('',(19.772178018229,14.771900019599));
#1564 = CARTESIAN_POINT('',(20.044162092521,14.967666973652));
#1565 = CARTESIAN_POINT('',(20.321642458762,15.155704576101));
#1566 = CARTESIAN_POINT('',(20.604370830758,15.335805062968));
#1567 = CARTESIAN_POINT('',(20.892088007471,15.507771602133));
#1568 = CARTESIAN_POINT('',(21.18452353604,15.671418868015));
#1569 = CARTESIAN_POINT('',(21.675820806457,15.928186585087));
#1570 = CARTESIAN_POINT('',(21.872149412712,16.026157262383));
#1571 = CARTESIAN_POINT('',(22.07030215398,16.120437010592));
#1572 = CARTESIAN_POINT('',(22.270198309563,16.210979765084));
#1573 = CARTESIAN_POINT('',(22.471755477652,16.297742034145));
#1574 = CARTESIAN_POINT('',(22.674889575332,16.38068289898));
#1575 = CARTESIAN_POINT('',(23.354252892947,16.643235076618));
#1576 = CARTESIAN_POINT('',(23.837026354954,16.805934489476));
#1577 = CARTESIAN_POINT('',(24.326751956349,16.947378146813));
#1578 = CARTESIAN_POINT('',(24.822318284368,17.067171864809));
#1579 = CARTESIAN_POINT('',(25.322586932751,17.165007476097));
#1580 = CARTESIAN_POINT('',(25.826392276488,17.240664723102));
#1581 = CARTESIAN_POINT('',(27.023603125508,17.366865578232));
#1582 = CARTESIAN_POINT('',(27.719087826457,17.398141751265));
#1583 = CARTESIAN_POINT('',(28.415922972878,17.387515357576));
#1584 = CARTESIAN_POINT('',(29.111088487062,17.335013065344));
#1585 = CARTESIAN_POINT('',(29.801613565649,17.240971256422));
#1586 = CARTESIAN_POINT('',(30.484577511671,17.106024399494));
#1587 = CARTESIAN_POINT('',(31.462590159522,16.851691234312));
#1588 = CARTESIAN_POINT('',(31.765925040018,16.764007638853));
#1589 = CARTESIAN_POINT('',(32.066854396108,16.668167598476));
#1590 = CARTESIAN_POINT('',(32.365121596307,16.56427011262));
#1591 = CARTESIAN_POINT('',(32.660476527229,16.452425196285));
#1592 = CARTESIAN_POINT('',(32.952675450872,16.33275341868));
#1593 = CARTESIAN_POINT('',(33.717080938566,15.995637919071));
#1594 = CARTESIAN_POINT('',(34.183483778275,15.765016289575));
#1595 = CARTESIAN_POINT('',(34.639625400276,15.51410638744));
#1596 = CARTESIAN_POINT('',(35.084506344986,15.243559129433));
#1597 = CARTESIAN_POINT('',(35.517188641046,14.954084815592));
#1598 = CARTESIAN_POINT('',(35.93679277237,14.646447429792));
#1599 = CARTESIAN_POINT('',(36.763179582016,13.98446823032));
#1600 = CARTESIAN_POINT('',(37.168923727571,13.628815371868));
#1601 = CARTESIAN_POINT('',(37.558812979968,13.255403369709));
#1602 = CARTESIAN_POINT('',(37.93201164435,12.865177824493));
#1603 = CARTESIAN_POINT('',(38.28775779637,12.459122049612));
#1604 = CARTESIAN_POINT('',(38.625358645682,12.03825218803));
#1605 = CARTESIAN_POINT('',(39.605809382602,10.701657010082));
#1606 = CARTESIAN_POINT('',(40.186606023873,9.740378671512));
#1607 = CARTESIAN_POINT('',(40.680960115761,8.729111659296));
#1608 = CARTESIAN_POINT('',(41.084627762079,7.677530947417));
#1609 = CARTESIAN_POINT('',(41.394445141961,6.595516235898));
#1610 = CARTESIAN_POINT('',(41.608281136526,5.493132982348));
#1611 = CARTESIAN_POINT('',(41.725080278055,4.380633176996));
#1612 = ( GEOMETRIC_REPRESENTATION_CONTEXT(2) 
PARAMETRIC_REPRESENTATION_CONTEXT() REPRESENTATION_CONTEXT('2D SPACE',''
  ) );
#1613 = PCURVE('',#1614,#1645);
#1614 = B_SPLINE_SURFACE_WITH_KNOTS('',14,1,(
    (#1615,#1616)
    ,(#1617,#1618)
    ,(#1619,#1620)
    ,(#1621,#1622)
    ,(#1623,#1624)
    ,(#1625,#1626)
    ,(#1627,#1628)
    ,(#1629,#1630)
    ,(#1631,#1632)
    ,(#1633,#1634)
    ,(#1635,#1636)
    ,(#1637,#1638)
    ,(#1639,#1640)
    ,(#1641,#1642)
    ,(#1643,#1644
    )),.UNSPECIFIED.,.T.,.F.,.F.,(15,15),(2,2),(0.,6.28318530718),(0.,1.
    ),.PIECEWISE_BEZIER_KNOTS.);
#1615 = CARTESIAN_POINT('',(8.335386370827,8.,-20.));
#1616 = CARTESIAN_POINT('',(32.79384088752,8.,60.));
#1617 = CARTESIAN_POINT('',(8.335386370833,14.485144834915,-20.));
#1618 = CARTESIAN_POINT('',(32.793840887521,14.485144834915,
    60.000000000007));
#1619 = CARTESIAN_POINT('',(5.200973851469,20.970292063633,-20.));
#1620 = CARTESIAN_POINT('',(29.659428368183,20.970292063633,
    59.999999999972));
#1621 = CARTESIAN_POINT('',(-1.067855194152,25.81423955799,
    -19.99999999998));
#1622 = CARTESIAN_POINT('',(23.390599322475,25.81423955799,
    60.000000000059));
#1623 = CARTESIAN_POINT('',(-9.533637012266,27.375970259668,
    -20.00000000004));
#1624 = CARTESIAN_POINT('',(14.924817504582,27.375970259668,
    59.999999999926));
#1625 = CARTESIAN_POINT('',(-18.32162192179,24.602715641629,
    -19.99999999991));
#1626 = CARTESIAN_POINT('',(6.136832594609,24.602715641629,
    60.00000000004));
#1627 = CARTESIAN_POINT('',(-25.03026621842,17.622041794024,
    -20.00000000014));
#1628 = CARTESIAN_POINT('',(-0.571811701309,17.622041794024,
    60.000000000049));
#1629 = CARTESIAN_POINT('',(-27.55593692844,8.000000000246,
    -19.99999999983));
#1630 = CARTESIAN_POINT('',(-3.097482412258,8.000000000246,
    59.999999999848));
#1631 = CARTESIAN_POINT('',(-25.03026621845,-1.622041794475,
    -20.00000000016));
#1632 = CARTESIAN_POINT('',(-0.571811701273,-1.622041794475,
    60.000000000211));
#1633 = CARTESIAN_POINT('',(-18.32162192175,-8.602715641284,
    -19.99999999987));
#1634 = CARTESIAN_POINT('',(6.136832594557,-8.602715641284,59.9999999998
    ));
#1635 = CARTESIAN_POINT('',(-9.533637012299,-11.37597025988,
    -20.00000000007));
#1636 = CARTESIAN_POINT('',(14.924817504628,-11.37597025988,
    60.000000000142));
#1637 = CARTESIAN_POINT('',(-1.067855194132,-9.814239557884,
    -19.99999999996));
#1638 = CARTESIAN_POINT('',(23.390599322446,-9.814239557884,
    59.999999999925));
#1639 = CARTESIAN_POINT('',(5.200973851461,-4.970292063671,
    -20.00000000001));
#1640 = CARTESIAN_POINT('',(29.659428368195,-4.970292063671,
    60.000000000028));
#1641 = CARTESIAN_POINT('',(8.335386370835,1.514855165093,
    -19.99999999999));
#1642 = CARTESIAN_POINT('',(32.793840887519,1.514855165093,
    59.999999999994));
#1643 = CARTESIAN_POINT('',(8.335386370827,8.,-20.));
#1644 = CARTESIAN_POINT('',(32.79384088752,8.,60.));
#1645 = DEFINITIONAL_REPRESENTATION('',(#1646),#1703);
#1646 = B_SPLINE_CURVE_WITH_KNOTS('',7,(#1647,#1648,#1649,#1650,#1651,
    #1652,#1653,#1654,#1655,#1656,#1657,#1658,#1659,#1660,#1661,#1662,
    #1663,#1664,#1665,#1666,#1667,#1668,#1669,#1670,#1671,#1672,#1673,
    #1674,#1675,#1676,#1677,#1678,#1679,#1680,#1681,#1682,#1683,#1684,
    #1685,#1686,#1687,#1688,#1689,#1690,#1691,#1692,#1693,#1694,#1695,
    #1696,#1697,#1698,#1699,#1700,#1701,#1702),.UNSPECIFIED.,.F.,.F.,(8,
    6,6,6,6,6,6,6,6,8),(0.,0.117984411313,0.187483655102,0.232999661366,
    0.33859845163,0.482776641221,0.548264834412,0.65610973105,
    0.767937470999,1.),.UNSPECIFIED.);
#1647 = CARTESIAN_POINT('',(2.384220682128,0.508904035125));
#1648 = CARTESIAN_POINT('',(2.344222899463,0.508154217822));
#1649 = CARTESIAN_POINT('',(2.304159880081,0.507366169658));
#1650 = CARTESIAN_POINT('',(2.264031741421,0.50654163498));
#1651 = CARTESIAN_POINT('',(2.223838593951,0.505682531519));
#1652 = CARTESIAN_POINT('',(2.18358105895,0.504790952988));
#1653 = CARTESIAN_POINT('',(2.143261041954,0.503869181084));
#1654 = CARTESIAN_POINT('',(2.079097755859,0.502360414874));
#1655 = CARTESIAN_POINT('',(2.055292310469,0.501791505312));
#1656 = CARTESIAN_POINT('',(2.031467201647,0.501213485017));
#1657 = CARTESIAN_POINT('',(2.00762321151,0.50062687926));
#1658 = CARTESIAN_POINT('',(1.983761200004,0.50003223231));
#1659 = CARTESIAN_POINT('',(1.959882176566,0.499430107966));
#1660 = CARTESIAN_POINT('',(1.920338336999,0.49842223596));
#1661 = CARTESIAN_POINT('',(1.904682505911,0.4980204243));
#1662 = CARTESIAN_POINT('',(1.889020200335,0.497615818762));
#1663 = CARTESIAN_POINT('',(1.873351758633,0.497208585732));
#1664 = CARTESIAN_POINT('',(1.857677535721,0.49679889434));
#1665 = CARTESIAN_POINT('',(1.841997903067,0.49638691646));
#1666 = CARTESIAN_POINT('',(1.789924279978,0.495012123427));
#1667 = CARTESIAN_POINT('',(1.753507606536,0.494040034391));
#1668 = CARTESIAN_POINT('',(1.717069161362,0.493058765122));
#1669 = CARTESIAN_POINT('',(1.680614049321,0.492070557513));
#1670 = CARTESIAN_POINT('',(1.644147213991,0.491077688392));
#1671 = CARTESIAN_POINT('',(1.607674150468,0.490082469568));
#1672 = CARTESIAN_POINT('',(1.521404341284,0.487728436045));
#1673 = CARTESIAN_POINT('',(1.471604142233,0.486369511768));
#1674 = CARTESIAN_POINT('',(1.421820635878,0.485016516662));
#1675 = CARTESIAN_POINT('',(1.372067280015,0.483675318557));
#1676 = CARTESIAN_POINT('',(1.322355086443,0.482351626218));
#1677 = CARTESIAN_POINT('',(1.272695914521,0.481050990105));
#1678 = CARTESIAN_POINT('',(1.200580532442,0.479200935973));
#1679 = CARTESIAN_POINT('',(1.178069154083,0.478628930582));
#1680 = CARTESIAN_POINT('',(1.155572316893,0.478063268655));
#1681 = CARTESIAN_POINT('',(1.133090910415,0.477504429061));
#1682 = CARTESIAN_POINT('',(1.110625709412,0.476952875743));
#1683 = CARTESIAN_POINT('',(1.088177428354,0.476409058093));
#1684 = CARTESIAN_POINT('',(1.028808340448,0.47499131688));
#1685 = CARTESIAN_POINT('',(0.9919172746,0.474131370659));
#1686 = CARTESIAN_POINT('',(0.955076973999,0.473295522212));
#1687 = CARTESIAN_POINT('',(0.918289372266,0.472485582329));
#1688 = CARTESIAN_POINT('',(0.881555449018,0.471703230098));
#1689 = CARTESIAN_POINT('',(0.844875737891,0.470950019965));
#1690 = CARTESIAN_POINT('',(0.770273328971,0.469478069979));
#1691 = CARTESIAN_POINT('',(0.732354095236,0.468761617487));
#1692 = CARTESIAN_POINT('',(0.694493342467,0.468079624641));
#1693 = CARTESIAN_POINT('',(0.656689977912,0.467433523586));
#1694 = CARTESIAN_POINT('',(0.618942010179,0.4668245953));
#1695 = CARTESIAN_POINT('',(0.581246952464,0.466253979611));
#1696 = CARTESIAN_POINT('',(0.465482695823,0.464620154458));
#1697 = CARTESIAN_POINT('',(0.387577694386,0.463686923335));
#1698 = CARTESIAN_POINT('',(0.309863953288,0.462932007107));
#1699 = CARTESIAN_POINT('',(0.232297399776,0.462361683675));
#1700 = CARTESIAN_POINT('',(0.154830404702,0.461980088671));
#1701 = CARTESIAN_POINT('',(7.741275136198E-02,0.46178931146));
#1702 = CARTESIAN_POINT('',(0.,0.46178931146));
#1703 = ( GEOMETRIC_REPRESENTATION_CONTEXT(2) 
PARAMETRIC_REPRESENTATION_CONTEXT() REPRESENTATION_CONTEXT('2D SPACE',''
  ) );
#1704 = ORIENTED_EDGE('',*,*,#1705,.F.);
#1705 = EDGE_CURVE('',#1706,#1493,#1708,.T.);
#1706 = VERTEX_POINT('',#1707);
#1707 = CARTESIAN_POINT('',(29.406627667565,8.125,15.394685430686));
#1708 = SURFACE_CURVE('',#1709,(#1713,#1720),.PCURVE_S1.);
#1709 = LINE('',#1710,#1711);
#1710 = CARTESIAN_POINT('',(-50.40578721331,8.125,28.035730092543));
#1711 = VECTOR('',#1712,1.);
#1712 = DIRECTION('',(-0.987688340595,0.,0.15643446504));
#1713 = PCURVE('',#292,#1714);
#1714 = DEFINITIONAL_REPRESENTATION('',(#1715),#1719);
#1715 = LINE('',#1716,#1717);
#1716 = CARTESIAN_POINT('',(-28.809208917,-2.898934518449));
#1717 = VECTOR('',#1718,1.);
#1718 = DIRECTION('',(-0.994533904972,-0.104414136312));
#1719 = ( GEOMETRIC_REPRESENTATION_CONTEXT(2) 
PARAMETRIC_REPRESENTATION_CONTEXT() REPRESENTATION_CONTEXT('2D SPACE',''
  ) );
#1720 = PCURVE('',#1721,#1726);
#1721 = PLANE('',#1722);
#1722 = AXIS2_PLACEMENT_3D('',#1723,#1724,#1725);
#1723 = CARTESIAN_POINT('',(-100.,8.125,-100.));
#1724 = DIRECTION('',(0.,1.,0.));
#1725 = DIRECTION('',(0.,0.,1.));
#1726 = DEFINITIONAL_REPRESENTATION('',(#1727),#1731);
#1727 = LINE('',#1728,#1729);
#1728 = CARTESIAN_POINT('',(128.03573009254,49.59421278669));
#1729 = VECTOR('',#1730,1.);
#1730 = DIRECTION('',(0.15643446504,-0.987688340595));
#1731 = ( GEOMETRIC_REPRESENTATION_CONTEXT(2) 
PARAMETRIC_REPRESENTATION_CONTEXT() REPRESENTATION_CONTEXT('2D SPACE',''
  ) );
#1732 = ORIENTED_EDGE('',*,*,#1733,.F.);
#1733 = EDGE_CURVE('',#1734,#1706,#1736,.T.);
#1734 = VERTEX_POINT('',#1735);
#1735 = CARTESIAN_POINT('',(29.406627667565,9.125176051639,
    15.394685430686));
#1736 = SURFACE_CURVE('',#1737,(#1741,#1748),.PCURVE_S1.);
#1737 = LINE('',#1738,#1739);
#1738 = CARTESIAN_POINT('',(29.406627667565,9.45,15.394685430686));
#1739 = VECTOR('',#1740,1.);
#1740 = DIRECTION('',(-2.734506013376E-17,-1.,-8.944166154111E-17));
#1741 = PCURVE('',#292,#1742);
#1742 = DEFINITIONAL_REPRESENTATION('',(#1743),#1747);
#1743 = LINE('',#1744,#1745);
#1744 = CARTESIAN_POINT('',(51.418028716263,6.856245951161));
#1745 = VECTOR('',#1746,1.);
#1746 = DIRECTION('',(0.104414136312,-0.994533904972));
#1747 = ( GEOMETRIC_REPRESENTATION_CONTEXT(2) 
PARAMETRIC_REPRESENTATION_CONTEXT() REPRESENTATION_CONTEXT('2D SPACE',''
  ) );
#1748 = PCURVE('',#1749,#1754);
#1749 = PLANE('',#1750);
#1750 = AXIS2_PLACEMENT_3D('',#1751,#1752,#1753);
#1751 = CARTESIAN_POINT('',(36.929227258346,10.9,40.));
#1752 = DIRECTION('',(-0.956304755963,0.,0.292371704723));
#1753 = DIRECTION('',(0.,-1.,0.));
#1754 = DEFINITIONAL_REPRESENTATION('',(#1755),#1759);
#1755 = LINE('',#1756,#1757);
#1756 = CARTESIAN_POINT('',(1.45,-25.7295746109));
#1757 = VECTOR('',#1758,1.);
#1758 = DIRECTION('',(1.,-9.352840816005E-17));
#1759 = ( GEOMETRIC_REPRESENTATION_CONTEXT(2) 
PARAMETRIC_REPRESENTATION_CONTEXT() REPRESENTATION_CONTEXT('2D SPACE',''
  ) );
#1760 = ORIENTED_EDGE('',*,*,#1761,.T.);
#1761 = EDGE_CURVE('',#1734,#1762,#1764,.T.);
#1762 = VERTEX_POINT('',#1763);
#1763 = CARTESIAN_POINT('',(32.74497493501,10.9,14.865943167123));
#1764 = SURFACE_CURVE('',#1765,(#1848,#1934),.PCURVE_S1.);
#1765 = B_SPLINE_CURVE_WITH_KNOTS('',6,(#1766,#1767,#1768,#1769,#1770,
    #1771,#1772,#1773,#1774,#1775,#1776,#1777,#1778,#1779,#1780,#1781,
    #1782,#1783,#1784,#1785,#1786,#1787,#1788,#1789,#1790,#1791,#1792,
    #1793,#1794,#1795,#1796,#1797,#1798,#1799,#1800,#1801,#1802,#1803,
    #1804,#1805,#1806,#1807,#1808,#1809,#1810,#1811,#1812,#1813,#1814,
    #1815,#1816,#1817,#1818,#1819,#1820,#1821,#1822,#1823,#1824,#1825,
    #1826,#1827,#1828,#1829,#1830,#1831,#1832,#1833,#1834,#1835,#1836,
    #1837,#1838,#1839,#1840,#1841,#1842,#1843,#1844,#1845,#1846,#1847),
  .UNSPECIFIED.,.F.,.F.,(7,5,5,5,5,5,5,5,5,5,5,5,5,5,5,5,7),(0.,
    7.989208257648E-02,0.127158071928,0.158441088431,0.231292071174,
    0.323895775641,0.364179861544,0.429285907276,0.492918119599,
    0.531488138561,0.615219088668,0.674288175714,0.699935172619,
    0.738505419382,0.802138140956,0.867244708442,1.),.UNSPECIFIED.);
#1766 = CARTESIAN_POINT('',(29.406628683276,9.12517527164,
    15.394685269813));
#1767 = CARTESIAN_POINT('',(29.314105769175,9.196226784144,
    15.40933945978));
#1768 = CARTESIAN_POINT('',(29.226194004969,9.273512847882,
    15.423263315352));
#1769 = CARTESIAN_POINT('',(29.143371286831,9.356599266221,
    15.436381145211));
#1770 = CARTESIAN_POINT('',(29.066051660164,9.445009827561,
    15.448627371006));
#1771 = CARTESIAN_POINT('',(28.994590108347,9.538234230089,
    15.459945768896));
#1772 = CARTESIAN_POINT('',(28.890652726127,9.693420294845,
    15.476407833007));
#1773 = CARTESIAN_POINT('',(28.854173242349,9.752602637844,
    15.482185615629));
#1774 = CARTESIAN_POINT('',(28.81991037228,9.813172454293,
    15.487612321129));
#1775 = CARTESIAN_POINT('',(28.787918725519,9.875017233469,
    15.492679300196));
#1776 = CARTESIAN_POINT('',(28.758246039155,9.938022535145,
    15.497378992019));
#1777 = CARTESIAN_POINT('',(28.712856148062,10.044463150085,
    15.504568044516));
#1778 = CARTESIAN_POINT('',(28.695812842184,10.087311794981,
    15.507267438979));
#1779 = CARTESIAN_POINT('',(28.679815122903,10.130584280371,
    15.509801228793));
#1780 = CARTESIAN_POINT('',(28.664873611644,10.174246763651,
    15.512167731692));
#1781 = CARTESIAN_POINT('',(28.650997688477,10.218265203527,
    15.514365462016));
#1782 = CARTESIAN_POINT('',(28.608382108073,10.365863432147,
    15.521115106868));
#1783 = CARTESIAN_POINT('',(28.584391734419,10.470866623206,
    15.524914808772));
#1784 = CARTESIAN_POINT('',(28.566327340233,10.577182147356,
    15.527775927735));
#1785 = CARTESIAN_POINT('',(28.554256479252,10.684374410046,
    15.529687764296));
#1786 = CARTESIAN_POINT('',(28.548212469022,10.79200586281,
    15.530645041474));
#1787 = CARTESIAN_POINT('',(28.548174089061,11.036453054063,
    15.530651120262));
#1788 = CARTESIAN_POINT('',(28.557891332711,11.173271440187,
    15.529112060065));
#1789 = CARTESIAN_POINT('',(28.57734662834,11.309190941069,
    15.526030643956));
#1790 = CARTESIAN_POINT('',(28.606453716326,11.443312892038,
    15.521420534116));
#1791 = CARTESIAN_POINT('',(28.645036022259,11.57474554838,
    15.515309697184));
#1792 = CARTESIAN_POINT('',(28.713609559509,11.758229620529,
    15.504448715865));
#1793 = CARTESIAN_POINT('',(28.736138866667,11.813176197824,
    15.50088042416));
#1794 = CARTESIAN_POINT('',(28.760387537124,11.8673748346,
    15.497039812061));
#1795 = CARTESIAN_POINT('',(28.786329711476,11.920753851497,
    15.492930975296));
#1796 = CARTESIAN_POINT('',(28.813935984424,11.973242381659,
    15.488558571206));
#1797 = CARTESIAN_POINT('',(28.890426129586,12.108048507463,
    15.476443722374));
#1798 = CARTESIAN_POINT('',(28.941939823271,12.188818505789,
    15.46828475483));
#1799 = CARTESIAN_POINT('',(28.99757425587,12.266783940193,
    15.45947312636));
#1800 = CARTESIAN_POINT('',(29.057165291286,12.341657227929,
    15.450034833568));
#1801 = CARTESIAN_POINT('',(29.1205229307,12.413162026076,
    15.439999969309));
#1802 = CARTESIAN_POINT('',(29.25282119189,12.547372747318,
    15.419045983254));
#1803 = CARTESIAN_POINT('',(29.321604123529,12.610242383474,
    15.408151837123));
#1804 = CARTESIAN_POINT('',(29.393574006855,12.669398781192,
    15.396752927432));
#1805 = CARTESIAN_POINT('',(29.468504855572,12.724612632799,
    15.384885046895));
#1806 = CARTESIAN_POINT('',(29.546147692644,12.775674021249,
    15.3725876296));
#1807 = CARTESIAN_POINT('',(29.674770116136,12.85071502888,
    15.352215839042));
#1808 = CARTESIAN_POINT('',(29.724207255368,12.877440425754,
    15.344385765414));
#1809 = CARTESIAN_POINT('',(29.774480177724,12.902529776822,
    15.336423316743));
#1810 = CARTESIAN_POINT('',(29.825525693583,12.925945015649,
    15.328338501282));
#1811 = CARTESIAN_POINT('',(29.877278065476,12.947651785724,
    15.320141730825));
#1812 = CARTESIAN_POINT('',(30.043403549071,13.010966857626,
    15.293830039082));
#1813 = CARTESIAN_POINT('',(30.160154255814,13.046120690747,
    15.275338543737));
#1814 = CARTESIAN_POINT('',(30.279211570971,13.072764875318,
    15.256481717509));
#1815 = CARTESIAN_POINT('',(30.399835198058,13.090682176221,
    15.237376811843));
#1816 = CARTESIAN_POINT('',(30.521258355902,13.099760000517,
    15.218145272945));
#1817 = CARTESIAN_POINT('',(30.728358998966,13.10016284747,
    15.185343753503));
#1818 = CARTESIAN_POINT('',(30.814035349998,13.095929368387,
    15.171773952596));
#1819 = CARTESIAN_POINT('',(30.899446359184,13.087295187989,
    15.158246177708));
#1820 = CARTESIAN_POINT('',(30.984321176875,13.074287031924,
    15.14480332721));
#1821 = CARTESIAN_POINT('',(31.068393579797,13.056958209598,
    15.131487566727));
#1822 = CARTESIAN_POINT('',(31.187444163577,13.026022345698,
    15.112631806645));
#1823 = CARTESIAN_POINT('',(31.223285398925,13.015857149436,
    15.106955112644));
#1824 = CARTESIAN_POINT('',(31.25890524023,13.00489875196,
    15.101313484014));
#1825 = CARTESIAN_POINT('',(31.294282879971,12.993154448989,
    15.095710216344));
#1826 = CARTESIAN_POINT('',(31.329397888992,12.980632378482,
    15.090148545293));
#1827 = CARTESIAN_POINT('',(31.416614184587,12.947353540414,
    15.076334841128));
#1828 = CARTESIAN_POINT('',(31.468358939854,12.925626698166,
    15.068139277025));
#1829 = CARTESIAN_POINT('',(31.519396210983,12.902191669808,
    15.060055767402));
#1830 = CARTESIAN_POINT('',(31.569660276035,12.877082839462,
    15.05209472159));
#1831 = CARTESIAN_POINT('',(31.619087962459,12.850338299449,
    15.044266145139));
#1832 = CARTESIAN_POINT('',(31.747683977273,12.775247423325,
    15.023898537305));
#1833 = CARTESIAN_POINT('',(31.825308853986,12.72415591162,
    15.011603964651));
#1834 = CARTESIAN_POINT('',(31.900220243468,12.668913008411,
    14.999739166154));
#1835 = CARTESIAN_POINT('',(31.972169257403,12.609728725903,
    14.98834356185));
#1836 = CARTESIAN_POINT('',(32.040930002901,12.546832453157,
    14.977452929658));
#1837 = CARTESIAN_POINT('',(32.173180910034,12.412570503826,
    14.95650644375));
#1838 = CARTESIAN_POINT('',(32.236513323102,12.34104117606,
    14.946475574952));
#1839 = CARTESIAN_POINT('',(32.296077956626,12.266144809548,
    14.937041463808));
#1840 = CARTESIAN_POINT('',(32.351684913911,12.188157806899,14.928234187
    ));
#1841 = CARTESIAN_POINT('',(32.403170160433,12.10736779938,
    14.920079725045));
#1842 = CARTESIAN_POINT('',(32.546684271232,11.854225752639,
    14.897349322927));
#1843 = CARTESIAN_POINT('',(32.625260044544,11.673950878059,
    14.884904143048));
#1844 = CARTESIAN_POINT('',(32.684928815591,11.485766362909,
    14.875453538141));
#1845 = CARTESIAN_POINT('',(32.724961381081,11.292280157953,
    14.869113002661));
#1846 = CARTESIAN_POINT('',(32.74497493501,11.096132904419,
    14.865943167123));
#1847 = CARTESIAN_POINT('',(32.74497493501,10.9,14.865943167123));
#1848 = PCURVE('',#292,#1849);
#1849 = DEFINITIONAL_REPRESENTATION('',(#1850),#1933);
#1850 = B_SPLINE_CURVE_WITH_KNOTS('',6,(#1851,#1852,#1853,#1854,#1855,
    #1856,#1857,#1858,#1859,#1860,#1861,#1862,#1863,#1864,#1865,#1866,
    #1867,#1868,#1869,#1870,#1871,#1872,#1873,#1874,#1875,#1876,#1877,
    #1878,#1879,#1880,#1881,#1882,#1883,#1884,#1885,#1886,#1887,#1888,
    #1889,#1890,#1891,#1892,#1893,#1894,#1895,#1896,#1897,#1898,#1899,
    #1900,#1901,#1902,#1903,#1904,#1905,#1906,#1907,#1908,#1909,#1910,
    #1911,#1912,#1913,#1914,#1915,#1916,#1917,#1918,#1919,#1920,#1921,
    #1922,#1923,#1924,#1925,#1926,#1927,#1928,#1929,#1930,#1931,#1932),
  .UNSPECIFIED.,.F.,.F.,(7,5,5,5,5,5,5,5,5,5,5,5,5,5,5,5,7),(0.,
    7.989208257648E-02,0.127158071928,0.158441088431,0.231292071174,
    0.323895775641,0.364179861544,0.429285907276,0.492918119599,
    0.531488138561,0.615219088668,0.674288175714,0.699935172619,
    0.738505419382,0.802138140956,0.867244708442,1.),.UNSPECIFIED.);
#1851 = CARTESIAN_POINT('',(51.451946032478,6.53319685301));
#1852 = CARTESIAN_POINT('',(51.351363069444,6.594078869187));
#1853 = CARTESIAN_POINT('',(51.254772240419,6.661648828758));
#1854 = CARTESIAN_POINT('',(51.162700090092,6.735525429562));
#1855 = CARTESIAN_POINT('',(51.075613256792,6.815278834107));
#1856 = CARTESIAN_POINT('',(50.993922466977,6.900439057244));
#1857 = CARTESIAN_POINT('',(50.873061086734,7.043789050052));
#1858 = CARTESIAN_POINT('',(50.830149294247,7.09879144361));
#1859 = CARTESIAN_POINT('',(50.789324606745,7.155408057365));
#1860 = CARTESIAN_POINT('',(50.750653760031,7.213532768676));
#1861 = CARTESIAN_POINT('',(50.71419677123,7.273056809417));
#1862 = CARTESIAN_POINT('',(50.657378382681,7.374117187018));
#1863 = CARTESIAN_POINT('',(50.635742947187,7.414929872621));
#1864 = CARTESIAN_POINT('',(50.615116090203,7.456274616855));
#1865 = CARTESIAN_POINT('',(50.595512040414,7.498118884954));
#1866 = CARTESIAN_POINT('',(50.576943797297,7.540429813317));
#1867 = CARTESIAN_POINT('',(50.518621511209,7.682716121288));
#1868 = CARTESIAN_POINT('',(50.483501045285,7.784609196462));
#1869 = CARTESIAN_POINT('',(50.454210605045,7.88843390029));
#1870 = CARTESIAN_POINT('',(50.430863694664,7.99376416071));
#1871 = CARTESIAN_POINT('',(50.413539548852,8.100168343124));
#1872 = CARTESIAN_POINT('',(50.387977160535,8.343275305436));
#1873 = CARTESIAN_POINT('',(50.383475979763,8.480373094199));
#1874 = CARTESIAN_POINT('',(50.388874200715,8.617606375818));
#1875 = CARTESIAN_POINT('',(50.404178799206,8.754072278814));
#1876 = CARTESIAN_POINT('',(50.429305087763,8.888865266153));
#1877 = CARTESIAN_POINT('',(50.479195570093,9.078595694475));
#1878 = CARTESIAN_POINT('',(50.496143826107,9.135623629396));
#1879 = CARTESIAN_POINT('',(50.514901457708,9.192089475757));
#1880 = CARTESIAN_POINT('',(50.535449910606,9.24791921226));
#1881 = CARTESIAN_POINT('',(50.557766975195,9.303039250816));
#1882 = CARTESIAN_POINT('',(50.620711600342,9.445194720596));
#1883 = CARTESIAN_POINT('',(50.664148800424,9.530969027163));
#1884 = CARTESIAN_POINT('',(50.712028135948,9.614389726503));
#1885 = CARTESIAN_POINT('',(50.764214360915,9.695153456067));
#1886 = CARTESIAN_POINT('',(50.820545013747,9.772965297598));
#1887 = CARTESIAN_POINT('',(50.939746723777,9.920428409824));
#1888 = CARTESIAN_POINT('',(51.002441903947,9.990225828391));
#1889 = CARTESIAN_POINT('',(51.068733838817,10.056667216172));
#1890 = CARTESIAN_POINT('',(51.138418918766,10.119500628619));
#1891 = CARTESIAN_POINT('',(51.21126835943,10.178490975337));
#1892 = CARTESIAN_POINT('',(51.33294690946,10.266719207579));
#1893 = CARTESIAN_POINT('',(51.379936183091,10.298524801273));
#1894 = CARTESIAN_POINT('',(51.42793785888,10.328791647317));
#1895 = CARTESIAN_POINT('',(51.476892283921,10.357475207217));
#1896 = CARTESIAN_POINT('',(51.526736852431,10.384534362778));
#1897 = CARTESIAN_POINT('',(51.687402745794,10.465065415558));
#1898 = CARTESIAN_POINT('',(51.801292082327,10.512369473866));
#1899 = CARTESIAN_POINT('',(51.918392541737,10.55145424283));
#1900 = CARTESIAN_POINT('',(52.037981379044,10.582025413818));
#1901 = CARTESIAN_POINT('',(52.159298254886,10.60388994855));
#1902 = CARTESIAN_POINT('',(52.367792227885,10.626184377084));
#1903 = CARTESIAN_POINT('',(52.454504427789,10.631031371595));
#1904 = CARTESIAN_POINT('',(52.541408942217,10.63147366865));
#1905 = CARTESIAN_POINT('',(52.628230253756,10.627509214761));
#1906 = CARTESIAN_POINT('',(52.714694727707,10.619162883967));
#1907 = CARTESIAN_POINT('',(52.837800580118,10.600981630864));
#1908 = CARTESIAN_POINT('',(52.874951617499,10.594660978799));
#1909 = CARTESIAN_POINT('',(52.911962547799,10.587528056412));
#1910 = CARTESIAN_POINT('',(52.948811657505,10.579587919865));
#1911 = CARTESIAN_POINT('',(52.98547752615,10.570846502949));
#1912 = CARTESIAN_POINT('',(53.076773089883,10.54696969944));
#1913 = CARTESIAN_POINT('',(53.131145072095,10.530831849734));
#1914 = CARTESIAN_POINT('',(53.184983025446,10.512920358865));
#1915 = CARTESIAN_POINT('',(53.2382171823,10.493262475169));
#1916 = CARTESIAN_POINT('',(53.290779954884,10.471889404422));
#1917 = CARTESIAN_POINT('',(53.428107804176,10.410803596241));
#1918 = CARTESIAN_POINT('',(53.511605366842,10.368197521572));
#1919 = CARTESIAN_POINT('',(53.592804099339,10.321175889176));
#1920 = CARTESIAN_POINT('',(53.671431460091,10.269921251913));
#1921 = CARTESIAN_POINT('',(53.747236039105,10.214637864564));
#1922 = CARTESIAN_POINT('',(53.894422408895,10.095090797282));
#1923 = CARTESIAN_POINT('',(53.96566244526,10.030647684204));
#1924 = CARTESIAN_POINT('',(54.033460154438,9.962457623588));
#1925 = CARTESIAN_POINT('',(54.097595463241,9.890775432145));
#1926 = CARTESIAN_POINT('',(54.157873167469,9.8158698279));
#1927 = CARTESIAN_POINT('',(54.328813567704,9.579283170257));
#1928 = CARTESIAN_POINT('',(54.426757186794,9.408300385925));
#1929 = CARTESIAN_POINT('',(54.506488639456,9.227452429426));
#1930 = CARTESIAN_POINT('',(54.56700136144,9.039255908001));
#1931 = CARTESIAN_POINT('',(54.607634173282,8.846296560291));
#1932 = CARTESIAN_POINT('',(54.6281132211,8.651235736965));
#1933 = ( GEOMETRIC_REPRESENTATION_CONTEXT(2) 
PARAMETRIC_REPRESENTATION_CONTEXT() REPRESENTATION_CONTEXT('2D SPACE',''
  ) );
#1934 = PCURVE('',#1935,#1964);
#1935 = B_SPLINE_SURFACE_WITH_KNOTS('',13,1,(
    (#1936,#1937)
    ,(#1938,#1939)
    ,(#1940,#1941)
    ,(#1942,#1943)
    ,(#1944,#1945)
    ,(#1946,#1947)
    ,(#1948,#1949)
    ,(#1950,#1951)
    ,(#1952,#1953)
    ,(#1954,#1955)
    ,(#1956,#1957)
    ,(#1958,#1959)
    ,(#1960,#1961)
    ,(#1962,#1963
    )),.UNSPECIFIED.,.T.,.F.,.F.,(14,14),(2,2),(0.,6.28318530718),(0.,1.
    ),.PIECEWISE_BEZIER_KNOTS.);
#1936 = CARTESIAN_POINT('',(31.077857445009,10.9,9.41304755963));
#1937 = CARTESIAN_POINT('',(40.429227258346,10.9,40.));
#1938 = CARTESIAN_POINT('',(31.077857445007,11.963308282753,
    9.41304755963));
#1939 = CARTESIAN_POINT('',(40.429227258343,11.963308282753,
    40.000000000001));
#1940 = CARTESIAN_POINT('',(30.521107475052,13.026616990711,
    9.413047559634));
#1941 = CARTESIAN_POINT('',(39.872477288395,13.026616990711,
    39.999999999994));
#1942 = CARTESIAN_POINT('',(29.407640681034,13.771907718379,
    9.413047559622));
#1943 = CARTESIAN_POINT('',(38.75901049436,13.771907718379,
    40.000000000016));
#1944 = CARTESIAN_POINT('',(27.937090849098,13.881201507821,
    9.413047559647));
#1945 = CARTESIAN_POINT('',(37.288460662461,13.881201507821,
    39.999999999966));
#1946 = CARTESIAN_POINT('',(26.509730711273,13.175831086622,
    9.413047559607));
#1947 = CARTESIAN_POINT('',(35.861100524571,13.175831086622,
    40.000000000062));
#1948 = CARTESIAN_POINT('',(25.613717489935,11.756784879357,
    9.413047559655));
#1949 = CARTESIAN_POINT('',(34.965087303323,11.756784879357,
    39.999999999907));
#1950 = CARTESIAN_POINT('',(25.613717489771,10.043215120644,
    9.413047559611));
#1951 = CARTESIAN_POINT('',(34.965087303059,10.043215120644,
    40.000000000113));
#1952 = CARTESIAN_POINT('',(26.509730711403,8.624168913376,
    9.413047559642));
#1953 = CARTESIAN_POINT('',(35.861100524784,8.624168913376,
    39.999999999892));
#1954 = CARTESIAN_POINT('',(27.937090849018,7.91879849218,9.413047559626
    ));
#1955 = CARTESIAN_POINT('',(37.288460662325,7.91879849218,
    40.000000000078));
#1956 = CARTESIAN_POINT('',(29.407640681072,8.028092281621,
    9.413047559631));
#1957 = CARTESIAN_POINT('',(38.759010494427,8.028092281621,
    39.999999999957));
#1958 = CARTESIAN_POINT('',(30.52110747504,8.773383009289,9.41304755963)
  );
#1959 = CARTESIAN_POINT('',(39.87247728837,8.773383009289,
    40.000000000016));
#1960 = CARTESIAN_POINT('',(31.077857445009,9.836691717247,9.41304755963
    ));
#1961 = CARTESIAN_POINT('',(40.429227258349,9.836691717247,
    39.999999999996));
#1962 = CARTESIAN_POINT('',(31.077857445009,10.9,9.41304755963));
#1963 = CARTESIAN_POINT('',(40.429227258346,10.9,40.));
#1964 = DEFINITIONAL_REPRESENTATION('',(#1965),#2048);
#1965 = B_SPLINE_CURVE_WITH_KNOTS('',6,(#1966,#1967,#1968,#1969,#1970,
    #1971,#1972,#1973,#1974,#1975,#1976,#1977,#1978,#1979,#1980,#1981,
    #1982,#1983,#1984,#1985,#1986,#1987,#1988,#1989,#1990,#1991,#1992,
    #1993,#1994,#1995,#1996,#1997,#1998,#1999,#2000,#2001,#2002,#2003,
    #2004,#2005,#2006,#2007,#2008,#2009,#2010,#2011,#2012,#2013,#2014,
    #2015,#2016,#2017,#2018,#2019,#2020,#2021,#2022,#2023,#2024,#2025,
    #2026,#2027,#2028,#2029,#2030,#2031,#2032,#2033,#2034,#2035,#2036,
    #2037,#2038,#2039,#2040,#2041,#2042,#2043,#2044,#2045,#2046,#2047),
  .UNSPECIFIED.,.F.,.F.,(7,5,5,5,5,5,5,5,5,5,5,5,5,5,5,5,7),(0.,
    7.989208257648E-02,0.127158071928,0.158441088431,0.231292071174,
    0.323895775641,0.364179861544,0.429285907276,0.492918119599,
    0.531488138561,0.615219088668,0.674288175714,0.699935172619,
    0.738505419382,0.802138140956,0.867244708442,1.),.UNSPECIFIED.);
#1966 = CARTESIAN_POINT('',(4.080204339671,0.195561742277));
#1967 = CARTESIAN_POINT('',(4.025549284802,0.196040841658));
#1968 = CARTESIAN_POINT('',(3.970992488412,0.19649606372));
#1969 = CARTESIAN_POINT('',(3.916540205856,0.196924933837));
#1970 = CARTESIAN_POINT('',(3.862191453215,0.19732530801));
#1971 = CARTESIAN_POINT('',(3.807941932025,0.197695348075));
#1972 = CARTESIAN_POINT('',(3.721749217916,0.198233553513));
#1973 = CARTESIAN_POINT('',(3.689743463958,0.198422450482));
#1974 = CARTESIAN_POINT('',(3.657769327544,0.198599869449));
#1975 = CARTESIAN_POINT('',(3.625825134269,0.198765527635));
#1976 = CARTESIAN_POINT('',(3.593908899905,0.19891917785));
#1977 = CARTESIAN_POINT('',(3.540911542507,0.199154214424));
#1978 = CARTESIAN_POINT('',(3.519815986341,0.19924246756));
#1979 = CARTESIAN_POINT('',(3.49873099015,0.19932530647));
#1980 = CARTESIAN_POINT('',(3.477655838317,0.199402676156));
#1981 = CARTESIAN_POINT('',(3.45658977137,0.199474528045));
#1982 = CARTESIAN_POINT('',(3.386493225278,0.199695198766));
#1983 = CARTESIAN_POINT('',(3.337499238016,0.199819425));
#1984 = CARTESIAN_POINT('',(3.288540230497,0.199912965505));
#1985 = CARTESIAN_POINT('',(3.239604768958,0.199975470475));
#1986 = CARTESIAN_POINT('',(3.190680898755,0.200006767388));
#1987 = CARTESIAN_POINT('',(3.079568536855,0.200006966126));
#1988 = CARTESIAN_POINT('',(3.017379078254,0.199956648586));
#1989 = CARTESIAN_POINT('',(2.955166199436,0.199855905757));
#1990 = CARTESIAN_POINT('',(2.892905134251,0.199705184307));
#1991 = CARTESIAN_POINT('',(2.830572777851,0.199505398567));
#1992 = CARTESIAN_POINT('',(2.740997143794,0.199150313131));
#1993 = CARTESIAN_POINT('',(2.71382594003,0.199033652548));
#1994 = CARTESIAN_POINT('',(2.68663627107,0.19890808881));
#1995 = CARTESIAN_POINT('',(2.659426742079,0.19877375582));
#1996 = CARTESIAN_POINT('',(2.632196106839,0.198630805845));
#1997 = CARTESIAN_POINT('',(2.560897969259,0.198234726868));
#1998 = CARTESIAN_POINT('',(2.516794297982,0.197967980203));
#1999 = CARTESIAN_POINT('',(2.472628483966,0.197679895652));
#2000 = CARTESIAN_POINT('',(2.4283968965,0.197371323139));
#2001 = CARTESIAN_POINT('',(2.384097284432,0.197043246509));
#2002 = CARTESIAN_POINT('',(2.296367109366,0.196358183619));
#2003 = CARTESIAN_POINT('',(2.252938802194,0.196002013904));
#2004 = CARTESIAN_POINT('',(2.209445992363,0.195629341611));
#2005 = CARTESIAN_POINT('',(2.165889453576,0.195241336936));
#2006 = CARTESIAN_POINT('',(2.122271386361,0.194839289125));
#2007 = CARTESIAN_POINT('',(2.052124163993,0.194173260347));
#2008 = CARTESIAN_POINT('',(2.025630482106,0.193917266434));
#2009 = CARTESIAN_POINT('',(1.999116897699,0.193656944694));
#2010 = CARTESIAN_POINT('',(1.97258455466,0.193392622334));
#2011 = CARTESIAN_POINT('',(1.946034765987,0.193124639753));
#2012 = CARTESIAN_POINT('',(1.861797907252,0.192264413753));
#2013 = CARTESIAN_POINT('',(1.804048302391,0.191659858743));
#2014 = CARTESIAN_POINT('',(1.746242001594,0.191043359722));
#2015 = CARTESIAN_POINT('',(1.688394163498,0.190418750072));
#2016 = CARTESIAN_POINT('',(1.630521697627,0.189790000316));
#2017 = CARTESIAN_POINT('',(1.531826488131,0.188717597973));
#2018 = CARTESIAN_POINT('',(1.491000556337,0.18827395126));
#2019 = CARTESIAN_POINT('',(1.450182299618,0.187831678533));
#2020 = CARTESIAN_POINT('',(1.40937830539,0.187392182296));
#2021 = CARTESIAN_POINT('',(1.368594842583,0.186956841099));
#2022 = CARTESIAN_POINT('',(1.3101439274,0.186340376934));
#2023 = CARTESIAN_POINT('',(1.292453633247,0.186154784924));
#2024 = CARTESIAN_POINT('',(1.274769024597,0.185970339329));
#2025 = CARTESIAN_POINT('',(1.25709059057,0.185787147896));
#2026 = CARTESIAN_POINT('',(1.239418794072,0.185605316408));
#2027 = CARTESIAN_POINT('',(1.195188283219,0.185153695601));
#2028 = CARTESIAN_POINT('',(1.168638472245,0.18488575246));
#2029 = CARTESIAN_POINT('',(1.142106119973,0.184621472792));
#2030 = CARTESIAN_POINT('',(1.11559253829,0.184361196917));
#2031 = CARTESIAN_POINT('',(1.089098869865,0.184105251953));
#2032 = CARTESIAN_POINT('',(1.018951616529,0.183439359924));
#2033 = CARTESIAN_POINT('',(0.975333521643,0.183037405114));
#2034 = CARTESIAN_POINT('',(0.931776974838,0.182649501202));
#2035 = CARTESIAN_POINT('',(0.888284170425,0.182276936975));
#2036 = CARTESIAN_POINT('',(0.844855875664,0.181920882143));
#2037 = CARTESIAN_POINT('',(0.757125724765,0.18123606446));
#2038 = CARTESIAN_POINT('',(0.712826124931,0.180908118457));
#2039 = CARTESIAN_POINT('',(0.66859454244,0.180599682657));
#2040 = CARTESIAN_POINT('',(0.62442871966,0.180311740378));
#2041 = CARTESIAN_POINT('',(0.580325020039,0.180045141017));
#2042 = CARTESIAN_POINT('',(0.446469165445,0.17930200055));
#2043 = CARTESIAN_POINT('',(0.356897131736,0.178895121836));
#2044 = CARTESIAN_POINT('',(0.26753344981,0.178586146794));
#2045 = CARTESIAN_POINT('',(0.178309001457,0.178378851364));
#2046 = CARTESIAN_POINT('',(8.915132019067E-02,0.178275217779));
#2047 = CARTESIAN_POINT('',(0.,0.178275217779));
#2048 = ( GEOMETRIC_REPRESENTATION_CONTEXT(2) 
PARAMETRIC_REPRESENTATION_CONTEXT() REPRESENTATION_CONTEXT('2D SPACE',''
  ) );
#2049 = ORIENTED_EDGE('',*,*,#2050,.T.);
#2050 = EDGE_CURVE('',#1762,#2051,#2053,.T.);
#2051 = VERTEX_POINT('',#2052);
#2052 = CARTESIAN_POINT('',(31.886542780524,9.125176068772,
    15.001905463468));
#2053 = SURFACE_CURVE('',#2054,(#2069,#2087),.PCURVE_S1.);
#2054 = B_SPLINE_CURVE_WITH_KNOTS('',5,(#2055,#2056,#2057,#2058,#2059,
    #2060,#2061,#2062,#2063,#2064,#2065,#2066,#2067,#2068),
  .UNSPECIFIED.,.F.,.F.,(6,4,4,6),(0.,0.329630408196,0.657037828877,1.),
  .UNSPECIFIED.);
#2055 = CARTESIAN_POINT('',(32.74497493501,10.9,14.865943167123));
#2056 = CARTESIAN_POINT('',(32.74497493501,10.764807939236,
    14.865943167123));
#2057 = CARTESIAN_POINT('',(32.735069789295,10.629615037733,
    14.867511988083));
#2058 = CARTESIAN_POINT('',(32.715260125485,10.495427567207,
    14.870649530599));
#2059 = CARTESIAN_POINT('',(32.685665320285,10.363247701178,
    14.875336887257));
#2060 = CARTESIAN_POINT('',(32.607664334277,10.105757137518,
    14.887691029771));
#2061 = CARTESIAN_POINT('',(32.559385687602,9.980403980487,
    14.895337616204));
#2062 = CARTESIAN_POINT('',(32.50194110393,9.858980559126,
    14.904435944439));
#2063 = CARTESIAN_POINT('',(32.435696816676,9.742437675431,14.9149280088
    ));
#2064 = CARTESIAN_POINT('',(32.283089097194,9.515670717395,
    14.939098697039));
#2065 = CARTESIAN_POINT('',(32.195916421519,9.406005710021,
    14.952905492488));
#2066 = CARTESIAN_POINT('',(32.100236749502,9.303739857442,
    14.968059663791));
#2067 = CARTESIAN_POINT('',(31.996799862262,9.209846253803,
    14.984442457285));
#2068 = CARTESIAN_POINT('',(31.886541755957,9.125175281972,
    15.001905625743));
#2069 = PCURVE('',#292,#2070);
#2070 = DEFINITIONAL_REPRESENTATION('',(#2071),#2086);
#2071 = B_SPLINE_CURVE_WITH_KNOTS('',5,(#2072,#2073,#2074,#2075,#2076,
    #2077,#2078,#2079,#2080,#2081,#2082,#2083,#2084,#2085),
  .UNSPECIFIED.,.F.,.F.,(6,4,4,6),(0.,0.329630408196,0.657037828877,1.),
  .UNSPECIFIED.);
#2072 = CARTESIAN_POINT('',(54.6281132211,8.651235736965));
#2073 = CARTESIAN_POINT('',(54.642229183361,8.516782648852));
#2074 = CARTESIAN_POINT('',(54.646371436164,8.381281595464));
#2075 = CARTESIAN_POINT('',(54.640435542489,8.245733414489));
#2076 = CARTESIAN_POINT('',(54.624437065345,8.111147421459));
#2077 = CARTESIAN_POINT('',(54.572781117491,7.846818399063));
#2078 = CARTESIAN_POINT('',(54.537256498201,7.71704662474));
#2079 = CARTESIAN_POINT('',(54.492092093809,7.590214122594));
#2080 = CARTESIAN_POINT('',(54.437557398887,7.467305214056));
#2081 = CARTESIAN_POINT('',(54.307569647362,7.225644758197));
#2082 = CARTESIAN_POINT('',(54.231243364036,7.107363672215));
#2083 = CARTESIAN_POINT('',(54.145578546911,6.995541973714));
#2084 = CARTESIAN_POINT('',(54.051228568975,6.891226701426));
#2085 = CARTESIAN_POINT('',(53.949047121686,6.79536253941));
#2086 = ( GEOMETRIC_REPRESENTATION_CONTEXT(2) 
PARAMETRIC_REPRESENTATION_CONTEXT() REPRESENTATION_CONTEXT('2D SPACE',''
  ) );
#2087 = PCURVE('',#2088,#2117);
#2088 = B_SPLINE_SURFACE_WITH_KNOTS('',13,1,(
    (#2089,#2090)
    ,(#2091,#2092)
    ,(#2093,#2094)
    ,(#2095,#2096)
    ,(#2097,#2098)
    ,(#2099,#2100)
    ,(#2101,#2102)
    ,(#2103,#2104)
    ,(#2105,#2106)
    ,(#2107,#2108)
    ,(#2109,#2110)
    ,(#2111,#2112)
    ,(#2113,#2114)
    ,(#2115,#2116
    )),.UNSPECIFIED.,.T.,.F.,.F.,(14,14),(2,2),(0.,6.28318530718),(0.,1.
    ),.PIECEWISE_BEZIER_KNOTS.);
#2089 = CARTESIAN_POINT('',(31.077857445009,10.9,9.41304755963));
#2090 = CARTESIAN_POINT('',(40.429227258346,10.9,40.));
#2091 = CARTESIAN_POINT('',(31.077857445007,11.963308282753,
    9.41304755963));
#2092 = CARTESIAN_POINT('',(40.429227258343,11.963308282753,
    40.000000000001));
#2093 = CARTESIAN_POINT('',(30.521107475052,13.026616990711,
    9.413047559634));
#2094 = CARTESIAN_POINT('',(39.872477288395,13.026616990711,
    39.999999999994));
#2095 = CARTESIAN_POINT('',(29.407640681034,13.771907718379,
    9.413047559622));
#2096 = CARTESIAN_POINT('',(38.75901049436,13.771907718379,
    40.000000000016));
#2097 = CARTESIAN_POINT('',(27.937090849098,13.881201507821,
    9.413047559647));
#2098 = CARTESIAN_POINT('',(37.288460662461,13.881201507821,
    39.999999999966));
#2099 = CARTESIAN_POINT('',(26.509730711273,13.175831086622,
    9.413047559607));
#2100 = CARTESIAN_POINT('',(35.861100524571,13.175831086622,
    40.000000000062));
#2101 = CARTESIAN_POINT('',(25.613717489935,11.756784879357,
    9.413047559655));
#2102 = CARTESIAN_POINT('',(34.965087303323,11.756784879357,
    39.999999999907));
#2103 = CARTESIAN_POINT('',(25.613717489771,10.043215120644,
    9.413047559611));
#2104 = CARTESIAN_POINT('',(34.965087303059,10.043215120644,
    40.000000000113));
#2105 = CARTESIAN_POINT('',(26.509730711403,8.624168913376,
    9.413047559642));
#2106 = CARTESIAN_POINT('',(35.861100524784,8.624168913376,
    39.999999999892));
#2107 = CARTESIAN_POINT('',(27.937090849018,7.91879849218,9.413047559626
    ));
#2108 = CARTESIAN_POINT('',(37.288460662325,7.91879849218,
    40.000000000078));
#2109 = CARTESIAN_POINT('',(29.407640681072,8.028092281621,
    9.413047559631));
#2110 = CARTESIAN_POINT('',(38.759010494427,8.028092281621,
    39.999999999957));
#2111 = CARTESIAN_POINT('',(30.52110747504,8.773383009289,9.41304755963)
  );
#2112 = CARTESIAN_POINT('',(39.87247728837,8.773383009289,
    40.000000000016));
#2113 = CARTESIAN_POINT('',(31.077857445009,9.836691717247,9.41304755963
    ));
#2114 = CARTESIAN_POINT('',(40.429227258349,9.836691717247,
    39.999999999996));
#2115 = CARTESIAN_POINT('',(31.077857445009,10.9,9.41304755963));
#2116 = CARTESIAN_POINT('',(40.429227258346,10.9,40.));
#2117 = DEFINITIONAL_REPRESENTATION('',(#2118),#2133);
#2118 = B_SPLINE_CURVE_WITH_KNOTS('',5,(#2119,#2120,#2121,#2122,#2123,
    #2124,#2125,#2126,#2127,#2128,#2129,#2130,#2131,#2132),
  .UNSPECIFIED.,.F.,.F.,(6,4,4,6),(0.,0.329630408196,0.657037828877,1.),
  .UNSPECIFIED.);
#2119 = CARTESIAN_POINT('',(6.28318530718,0.178275217779));
#2120 = CARTESIAN_POINT('',(6.221734370468,0.178275217779));
#2121 = CARTESIAN_POINT('',(6.160283037009,0.178326508307));
#2122 = CARTESIAN_POINT('',(6.098805358001,0.178429086115));
#2123 = CARTESIAN_POINT('',(6.0372731206,0.178582333048));
#2124 = CARTESIAN_POINT('',(5.914470917875,0.178986235416));
#2125 = CARTESIAN_POINT('',(5.853200920795,0.179236230457));
#2126 = CARTESIAN_POINT('',(5.791833992934,0.179533688278));
#2127 = CARTESIAN_POINT('',(5.730349535021,0.179876712461));
#2128 = CARTESIAN_POINT('',(5.604199916133,0.18066694118));
#2129 = CARTESIAN_POINT('',(5.539520013563,0.181118336116));
#2130 = CARTESIAN_POINT('',(5.474691397934,0.181613781726));
#2131 = CARTESIAN_POINT('',(5.409705198634,0.182149395515));
#2132 = CARTESIAN_POINT('',(5.344573629065,0.182720330736));
#2133 = ( GEOMETRIC_REPRESENTATION_CONTEXT(2) 
PARAMETRIC_REPRESENTATION_CONTEXT() REPRESENTATION_CONTEXT('2D SPACE',''
  ) );
#2134 = ORIENTED_EDGE('',*,*,#2135,.F.);
#2135 = EDGE_CURVE('',#2136,#2051,#2138,.T.);
#2136 = VERTEX_POINT('',#2137);
#2137 = CARTESIAN_POINT('',(31.886542780524,8.125,15.001905463468));
#2138 = SURFACE_CURVE('',#2139,(#2143,#2150),.PCURVE_S1.);
#2139 = LINE('',#2140,#2141);
#2140 = CARTESIAN_POINT('',(31.886542780524,7.4375,15.001905463468));
#2141 = VECTOR('',#2142,1.);
#2142 = DIRECTION('',(2.734506013376E-17,1.,8.944166154111E-17));
#2143 = PCURVE('',#292,#2144);
#2144 = DEFINITIONAL_REPRESENTATION('',(#2145),#2149);
#2145 = LINE('',#2146,#2147);
#2146 = CARTESIAN_POINT('',(54.125265310296,5.116912359219));
#2147 = VECTOR('',#2148,1.);
#2148 = DIRECTION('',(-0.104414136312,0.994533904972));
#2149 = ( GEOMETRIC_REPRESENTATION_CONTEXT(2) 
PARAMETRIC_REPRESENTATION_CONTEXT() REPRESENTATION_CONTEXT('2D SPACE',''
  ) );
#2150 = PCURVE('',#2151,#2156);
#2151 = PLANE('',#2152);
#2152 = AXIS2_PLACEMENT_3D('',#2153,#2154,#2155);
#2153 = CARTESIAN_POINT('',(39.529227258346,6.875,40.));
#2154 = DIRECTION('',(0.956304755963,0.,-0.292371704723));
#2155 = DIRECTION('',(0.,1.,0.));
#2156 = DEFINITIONAL_REPRESENTATION('',(#2157),#2161);
#2157 = LINE('',#2158,#2159);
#2158 = CARTESIAN_POINT('',(0.5625,-26.14030138473));
#2159 = VECTOR('',#2160,1.);
#2160 = DIRECTION('',(1.,9.352840816005E-17));
#2161 = ( GEOMETRIC_REPRESENTATION_CONTEXT(2) 
PARAMETRIC_REPRESENTATION_CONTEXT() REPRESENTATION_CONTEXT('2D SPACE',''
  ) );
#2162 = ORIENTED_EDGE('',*,*,#2163,.F.);
#2163 = EDGE_CURVE('',#219,#2136,#2164,.T.);
#2164 = SURFACE_CURVE('',#2165,(#2169,#2176),.PCURVE_S1.);
#2165 = LINE('',#2166,#2167);
#2166 = CARTESIAN_POINT('',(-50.40578721331,8.125,28.035730092543));
#2167 = VECTOR('',#2168,1.);
#2168 = DIRECTION('',(-0.987688340595,0.,0.15643446504));
#2169 = PCURVE('',#292,#2170);
#2170 = DEFINITIONAL_REPRESENTATION('',(#2171),#2175);
#2171 = LINE('',#2172,#2173);
#2172 = CARTESIAN_POINT('',(-28.809208917,-2.898934518449));
#2173 = VECTOR('',#2174,1.);
#2174 = DIRECTION('',(-0.994533904972,-0.104414136312));
#2175 = ( GEOMETRIC_REPRESENTATION_CONTEXT(2) 
PARAMETRIC_REPRESENTATION_CONTEXT() REPRESENTATION_CONTEXT('2D SPACE',''
  ) );
#2176 = PCURVE('',#238,#2177);
#2177 = DEFINITIONAL_REPRESENTATION('',(#2178),#2182);
#2178 = LINE('',#2179,#2180);
#2179 = CARTESIAN_POINT('',(128.03573009254,49.59421278669));
#2180 = VECTOR('',#2181,1.);
#2181 = DIRECTION('',(0.15643446504,-0.987688340595));
#2182 = ( GEOMETRIC_REPRESENTATION_CONTEXT(2) 
PARAMETRIC_REPRESENTATION_CONTEXT() REPRESENTATION_CONTEXT('2D SPACE',''
  ) );
#2183 = FACE_BOUND('',#2184,.T.);
#2184 = EDGE_LOOP('',(#2185));
#2185 = ORIENTED_EDGE('',*,*,#2186,.T.);
#2186 = EDGE_CURVE('',#2187,#2187,#2189,.T.);
#2187 = VERTEX_POINT('',#2188);
#2188 = CARTESIAN_POINT('',(-3.041760970902,22.375,20.534005304623));
#2189 = SURFACE_CURVE('',#2190,(#2195,#2206),.PCURVE_S1.);
#2190 = CIRCLE('',#2191,1.5);
#2191 = AXIS2_PLACEMENT_3D('',#2192,#2193,#2194);
#2192 = CARTESIAN_POINT('',(-4.523293481794,22.375,20.768657002183));
#2193 = DIRECTION('',(-0.15643446504,-0.,-0.987688340595));
#2194 = DIRECTION('',(0.987688340595,0.,-0.15643446504));
#2195 = PCURVE('',#292,#2196);
#2196 = DEFINITIONAL_REPRESENTATION('',(#2197),#2205);
#2197 = ( BOUNDED_CURVE() B_SPLINE_CURVE(2,(#2198,#2199,#2200,#2201,
#2202,#2203,#2204),.UNSPECIFIED.,.T.,.F.) B_SPLINE_CURVE_WITH_KNOTS((1,2
    ,2,2,2,1),(-2.094395102393,0.,2.094395102393,4.188790204786,
6.28318530718,8.377580409573),.UNSPECIFIED.) CURVE() 
GEOMETRIC_REPRESENTATION_ITEM() RATIONAL_B_SPLINE_CURVE((1.,0.5,1.,0.5,
1.,0.5,1.)) REPRESENTATION_ITEM('') );
#2198 = CARTESIAN_POINT('',(17.395190984983,16.280293473889));
#2199 = CARTESIAN_POINT('',(17.666466868663,13.696418593998));
#2200 = CARTESIAN_POINT('',(15.293127640637,14.753424227243));
#2201 = CARTESIAN_POINT('',(12.91978841261,15.810429860487));
#2202 = CARTESIAN_POINT('',(15.021851756957,17.337299107134));
#2203 = CARTESIAN_POINT('',(17.123915101303,18.864168353781));
#2204 = CARTESIAN_POINT('',(17.395190984983,16.280293473889));
#2205 = ( GEOMETRIC_REPRESENTATION_CONTEXT(2) 
PARAMETRIC_REPRESENTATION_CONTEXT() REPRESENTATION_CONTEXT('2D SPACE',''
  ) );
#2206 = PCURVE('',#2207,#2212);
#2207 = CYLINDRICAL_SURFACE('',#2208,1.5);
#2208 = AXIS2_PLACEMENT_3D('',#2209,#2210,#2211);
#2209 = CARTESIAN_POINT('',(-4.617154160818,22.375,20.176043997826));
#2210 = DIRECTION('',(-0.15643446504,-0.,-0.987688340595));
#2211 = DIRECTION('',(0.987688340595,0.,-0.15643446504));
#2212 = DEFINITIONAL_REPRESENTATION('',(#2213),#2217);
#2213 = LINE('',#2214,#2215);
#2214 = CARTESIAN_POINT('',(-6.28318530718,-0.6));
#2215 = VECTOR('',#2216,1.);
#2216 = DIRECTION('',(1.,-0.));
#2217 = ( GEOMETRIC_REPRESENTATION_CONTEXT(2) 
PARAMETRIC_REPRESENTATION_CONTEXT() REPRESENTATION_CONTEXT('2D SPACE',''
  ) );
#2218 = ADVANCED_FACE('',(#2219),#238,.F.);
#2219 = FACE_BOUND('',#2220,.F.);
#2220 = EDGE_LOOP('',(#2221,#2222,#2245,#2273,#2301,#2322));
#2221 = ORIENTED_EDGE('',*,*,#218,.F.);
#2222 = ORIENTED_EDGE('',*,*,#2223,.T.);
#2223 = EDGE_CURVE('',#139,#2224,#2226,.T.);
#2224 = VERTEX_POINT('',#2225);
#2225 = CARTESIAN_POINT('',(27.1,8.125,0.));
#2226 = SURFACE_CURVE('',#2227,(#2231,#2238),.PCURVE_S1.);
#2227 = LINE('',#2228,#2229);
#2228 = CARTESIAN_POINT('',(-64.,8.125,0.));
#2229 = VECTOR('',#2230,1.);
#2230 = DIRECTION('',(-1.,0.,-0.));
#2231 = PCURVE('',#238,#2232);
#2232 = DEFINITIONAL_REPRESENTATION('',(#2233),#2237);
#2233 = LINE('',#2234,#2235);
#2234 = CARTESIAN_POINT('',(100.,36.));
#2235 = VECTOR('',#2236,1.);
#2236 = DIRECTION('',(0.,-1.));
#2237 = ( GEOMETRIC_REPRESENTATION_CONTEXT(2) 
PARAMETRIC_REPRESENTATION_CONTEXT() REPRESENTATION_CONTEXT('2D SPACE',''
  ) );
#2238 = PCURVE('',#180,#2239);
#2239 = DEFINITIONAL_REPRESENTATION('',(#2240),#2244);
#2240 = LINE('',#2241,#2242);
#2241 = CARTESIAN_POINT('',(-35.81627234602,-3.634592169097));
#2242 = VECTOR('',#2243,1.);
#2243 = DIRECTION('',(-0.994533904972,-0.104414136312));
#2244 = ( GEOMETRIC_REPRESENTATION_CONTEXT(2) 
PARAMETRIC_REPRESENTATION_CONTEXT() REPRESENTATION_CONTEXT('2D SPACE',''
  ) );
#2245 = ORIENTED_EDGE('',*,*,#2246,.F.);
#2246 = EDGE_CURVE('',#2247,#2224,#2249,.T.);
#2247 = VERTEX_POINT('',#2248);
#2248 = CARTESIAN_POINT('',(29.977857445009,8.125,9.41304755963));
#2249 = SURFACE_CURVE('',#2250,(#2254,#2261),.PCURVE_S1.);
#2250 = LINE('',#2251,#2252);
#2251 = CARTESIAN_POINT('',(9.126775003672,8.125,-58.78777004184));
#2252 = VECTOR('',#2253,1.);
#2253 = DIRECTION('',(-0.292371704723,0.,-0.956304755963));
#2254 = PCURVE('',#238,#2255);
#2255 = DEFINITIONAL_REPRESENTATION('',(#2256),#2260);
#2256 = LINE('',#2257,#2258);
#2257 = CARTESIAN_POINT('',(41.212229958156,109.12677500367));
#2258 = VECTOR('',#2259,1.);
#2259 = DIRECTION('',(-0.956304755963,-0.292371704723));
#2260 = ( GEOMETRIC_REPRESENTATION_CONTEXT(2) 
PARAMETRIC_REPRESENTATION_CONTEXT() REPRESENTATION_CONTEXT('2D SPACE',''
  ) );
#2261 = PCURVE('',#2262,#2267);
#2262 = PLANE('',#2263);
#2263 = AXIS2_PLACEMENT_3D('',#2264,#2265,#2266);
#2264 = CARTESIAN_POINT('',(29.977857445009,5.1,9.41304755963));
#2265 = DIRECTION('',(0.956304755963,0.,-0.292371704723));
#2266 = DIRECTION('',(0.,1.,0.));
#2267 = DEFINITIONAL_REPRESENTATION('',(#2268),#2272);
#2268 = LINE('',#2269,#2270);
#2269 = CARTESIAN_POINT('',(3.025,-71.31703275154));
#2270 = VECTOR('',#2271,1.);
#2271 = DIRECTION('',(0.,-1.));
#2272 = ( GEOMETRIC_REPRESENTATION_CONTEXT(2) 
PARAMETRIC_REPRESENTATION_CONTEXT() REPRESENTATION_CONTEXT('2D SPACE',''
  ) );
#2273 = ORIENTED_EDGE('',*,*,#2274,.T.);
#2274 = EDGE_CURVE('',#2247,#2275,#2277,.T.);
#2275 = VERTEX_POINT('',#2276);
#2276 = CARTESIAN_POINT('',(30.177857445009,8.125,9.41304755963));
#2277 = SURFACE_CURVE('',#2278,(#2282,#2289),.PCURVE_S1.);
#2278 = LINE('',#2279,#2280);
#2279 = CARTESIAN_POINT('',(-35.56107127749,8.125,9.41304755963));
#2280 = VECTOR('',#2281,1.);
#2281 = DIRECTION('',(1.,0.,0.));
#2282 = PCURVE('',#238,#2283);
#2283 = DEFINITIONAL_REPRESENTATION('',(#2284),#2288);
#2284 = LINE('',#2285,#2286);
#2285 = CARTESIAN_POINT('',(109.41304755963,64.438928722504));
#2286 = VECTOR('',#2287,1.);
#2287 = DIRECTION('',(0.,1.));
#2288 = ( GEOMETRIC_REPRESENTATION_CONTEXT(2) 
PARAMETRIC_REPRESENTATION_CONTEXT() REPRESENTATION_CONTEXT('2D SPACE',''
  ) );
#2289 = PCURVE('',#2290,#2295);
#2290 = PLANE('',#2291);
#2291 = AXIS2_PLACEMENT_3D('',#2292,#2293,#2294);
#2292 = CARTESIAN_POINT('',(28.877857445009,10.9,9.41304755963));
#2293 = DIRECTION('',(0.,0.,1.));
#2294 = DIRECTION('',(1.,0.,0.));
#2295 = DEFINITIONAL_REPRESENTATION('',(#2296),#2300);
#2296 = LINE('',#2297,#2298);
#2297 = CARTESIAN_POINT('',(-64.4389287225,-2.775));
#2298 = VECTOR('',#2299,1.);
#2299 = DIRECTION('',(1.,0.));
#2300 = ( GEOMETRIC_REPRESENTATION_CONTEXT(2) 
PARAMETRIC_REPRESENTATION_CONTEXT() REPRESENTATION_CONTEXT('2D SPACE',''
  ) );
#2301 = ORIENTED_EDGE('',*,*,#2302,.F.);
#2302 = EDGE_CURVE('',#2136,#2275,#2303,.T.);
#2303 = SURFACE_CURVE('',#2304,(#2308,#2315),.PCURVE_S1.);
#2304 = LINE('',#2305,#2306);
#2305 = CARTESIAN_POINT('',(13.993911788969,8.125,-43.52225346683));
#2306 = VECTOR('',#2307,1.);
#2307 = DIRECTION('',(-0.292371704723,0.,-0.956304755963));
#2308 = PCURVE('',#238,#2309);
#2309 = DEFINITIONAL_REPRESENTATION('',(#2310),#2314);
#2310 = LINE('',#2311,#2312);
#2311 = CARTESIAN_POINT('',(56.477746533167,113.99391178896));
#2312 = VECTOR('',#2313,1.);
#2313 = DIRECTION('',(-0.956304755963,-0.292371704723));
#2314 = ( GEOMETRIC_REPRESENTATION_CONTEXT(2) 
PARAMETRIC_REPRESENTATION_CONTEXT() REPRESENTATION_CONTEXT('2D SPACE',''
  ) );
#2315 = PCURVE('',#2151,#2316);
#2316 = DEFINITIONAL_REPRESENTATION('',(#2317),#2321);
#2317 = LINE('',#2318,#2319);
#2318 = CARTESIAN_POINT('',(1.25,-87.33853193349));
#2319 = VECTOR('',#2320,1.);
#2320 = DIRECTION('',(0.,-1.));
#2321 = ( GEOMETRIC_REPRESENTATION_CONTEXT(2) 
PARAMETRIC_REPRESENTATION_CONTEXT() REPRESENTATION_CONTEXT('2D SPACE',''
  ) );
#2322 = ORIENTED_EDGE('',*,*,#2163,.F.);
#2323 = ADVANCED_FACE('',(#2324,#3377),#180,.F.);
#2324 = FACE_BOUND('',#2325,.F.);
#2325 = EDGE_LOOP('',(#2326,#2327,#2328,#2351,#2404,#2457,#2485,#2508,
    #3095,#3118,#3198,#3221,#3249,#3302,#3355,#3376));
#2326 = ORIENTED_EDGE('',*,*,#138,.F.);
#2327 = ORIENTED_EDGE('',*,*,#363,.F.);
#2328 = ORIENTED_EDGE('',*,*,#2329,.T.);
#2329 = EDGE_CURVE('',#334,#2330,#2332,.T.);
#2330 = VERTEX_POINT('',#2331);
#2331 = CARTESIAN_POINT('',(-24.9,6.985640646055,0.));
#2332 = SURFACE_CURVE('',#2333,(#2337,#2344),.PCURVE_S1.);
#2333 = LINE('',#2334,#2335);
#2334 = CARTESIAN_POINT('',(-24.9,9.125,0.));
#2335 = VECTOR('',#2336,1.);
#2336 = DIRECTION('',(0.,-1.,0.));
#2337 = PCURVE('',#180,#2338);
#2338 = DEFINITIONAL_REPRESENTATION('',(#2339),#2343);
#2339 = LINE('',#2340,#2341);
#2340 = CARTESIAN_POINT('',(2.965589202062,1.442534465659));
#2341 = VECTOR('',#2342,1.);
#2342 = DIRECTION('',(0.104414136312,-0.994533904972));
#2343 = ( GEOMETRIC_REPRESENTATION_CONTEXT(2) 
PARAMETRIC_REPRESENTATION_CONTEXT() REPRESENTATION_CONTEXT('2D SPACE',''
  ) );
#2344 = PCURVE('',#351,#2345);
#2345 = DEFINITIONAL_REPRESENTATION('',(#2346),#2350);
#2346 = LINE('',#2347,#2348);
#2347 = CARTESIAN_POINT('',(-0.,-9.843146236527));
#2348 = VECTOR('',#2349,1.);
#2349 = DIRECTION('',(1.,0.));
#2350 = ( GEOMETRIC_REPRESENTATION_CONTEXT(2) 
PARAMETRIC_REPRESENTATION_CONTEXT() REPRESENTATION_CONTEXT('2D SPACE',''
  ) );
#2351 = ORIENTED_EDGE('',*,*,#2352,.T.);
#2352 = EDGE_CURVE('',#2330,#2353,#2355,.T.);
#2353 = VERTEX_POINT('',#2354);
#2354 = CARTESIAN_POINT('',(-22.5,5.6,0.));
#2355 = SURFACE_CURVE('',#2356,(#2361,#2368),.PCURVE_S1.);
#2356 = CIRCLE('',#2357,1.6);
#2357 = AXIS2_PLACEMENT_3D('',#2358,#2359,#2360);
#2358 = CARTESIAN_POINT('',(-24.1,5.6,0.));
#2359 = DIRECTION('',(0.,0.,1.));
#2360 = DIRECTION('',(1.,0.,0.));
#2361 = PCURVE('',#180,#2362);
#2362 = DEFINITIONAL_REPRESENTATION('',(#2363),#2367);
#2363 = CIRCLE('',#2364,1.6);
#2364 = AXIS2_PLACEMENT_2D('',#2365,#2366);
#2365 = CARTESIAN_POINT('',(4.129276156538,-1.979666240317));
#2366 = DIRECTION('',(0.994533904972,0.104414136312));
#2367 = ( GEOMETRIC_REPRESENTATION_CONTEXT(2) 
PARAMETRIC_REPRESENTATION_CONTEXT() REPRESENTATION_CONTEXT('2D SPACE',''
  ) );
#2368 = PCURVE('',#2369,#2398);
#2369 = B_SPLINE_SURFACE_WITH_KNOTS('',13,1,(
    (#2370,#2371)
    ,(#2372,#2373)
    ,(#2374,#2375)
    ,(#2376,#2377)
    ,(#2378,#2379)
    ,(#2380,#2381)
    ,(#2382,#2383)
    ,(#2384,#2385)
    ,(#2386,#2387)
    ,(#2388,#2389)
    ,(#2390,#2391)
    ,(#2392,#2393)
    ,(#2394,#2395)
    ,(#2396,#2397
    )),.UNSPECIFIED.,.T.,.F.,.F.,(14,14),(2,2),(0.,6.28318530718),(0.,1.
    ),.PIECEWISE_BEZIER_KNOTS.);
#2370 = CARTESIAN_POINT('',(-22.5,5.6,0.));
#2371 = CARTESIAN_POINT('',(-19.62214255499,5.6,9.41304755963));
#2372 = CARTESIAN_POINT('',(-22.49999999999,6.37331511473,0.));
#2373 = CARTESIAN_POINT('',(-19.62214255498,6.37331511473,9.41304755963)
  );
#2374 = CARTESIAN_POINT('',(-22.90490906907,7.146630538697,0.));
#2375 = CARTESIAN_POINT('',(-20.02705162406,7.146630538697,
    9.413047559634));
#2376 = CARTESIAN_POINT('',(-23.71470310103,7.688660158826,0.));
#2377 = CARTESIAN_POINT('',(-20.83684565601,7.688660158826,
    9.413047559622));
#2378 = CARTESIAN_POINT('',(-24.784193888,7.768146551132,0.));
#2379 = CARTESIAN_POINT('',(-21.90633644302,7.768146551132,
    9.413047559647));
#2380 = CARTESIAN_POINT('',(-25.82227398806,7.255149881196,0.));
#2381 = CARTESIAN_POINT('',(-22.94441654301,7.255149881196,
    9.413047559607));
#2382 = CARTESIAN_POINT('',(-26.47391996744,6.223116275879,0.));
#2383 = CARTESIAN_POINT('',(-23.59606252248,6.223116275879,
    9.413047559655));
#2384 = CARTESIAN_POINT('',(-26.47391996734,4.976883724119,0.));
#2385 = CARTESIAN_POINT('',(-23.59606252228,4.976883724119,
    9.413047559611));
#2386 = CARTESIAN_POINT('',(-25.82227398815,3.944850118809,0.));
#2387 = CARTESIAN_POINT('',(-22.94441654317,3.944850118809,
    9.413047559642));
#2388 = CARTESIAN_POINT('',(-24.78419388795,3.431853448863,0.));
#2389 = CARTESIAN_POINT('',(-21.90633644292,3.431853448863,
    9.413047559626));
#2390 = CARTESIAN_POINT('',(-23.71470310106,3.511339841176,0.));
#2391 = CARTESIAN_POINT('',(-20.83684565606,3.511339841176,
    9.413047559631));
#2392 = CARTESIAN_POINT('',(-22.90490906906,4.053369461302,0.));
#2393 = CARTESIAN_POINT('',(-20.02705162405,4.053369461302,9.41304755963
    ));
#2394 = CARTESIAN_POINT('',(-22.5,4.82668488527,0.));
#2395 = CARTESIAN_POINT('',(-19.62214255499,4.82668488527,9.41304755963)
  );
#2396 = CARTESIAN_POINT('',(-22.5,5.6,0.));
#2397 = CARTESIAN_POINT('',(-19.62214255499,5.6,9.41304755963));
#2398 = DEFINITIONAL_REPRESENTATION('',(#2399),#2403);
#2399 = LINE('',#2400,#2401);
#2400 = CARTESIAN_POINT('',(0.,0.));
#2401 = VECTOR('',#2402,1.);
#2402 = DIRECTION('',(1.,0.));
#2403 = ( GEOMETRIC_REPRESENTATION_CONTEXT(2) 
PARAMETRIC_REPRESENTATION_CONTEXT() REPRESENTATION_CONTEXT('2D SPACE',''
  ) );
#2404 = ORIENTED_EDGE('',*,*,#2405,.T.);
#2405 = EDGE_CURVE('',#2353,#2406,#2408,.T.);
#2406 = VERTEX_POINT('',#2407);
#2407 = CARTESIAN_POINT('',(-23.3,6.985640646055,0.));
#2408 = SURFACE_CURVE('',#2409,(#2414,#2421),.PCURVE_S1.);
#2409 = CIRCLE('',#2410,1.6);
#2410 = AXIS2_PLACEMENT_3D('',#2411,#2412,#2413);
#2411 = CARTESIAN_POINT('',(-24.1,5.6,0.));
#2412 = DIRECTION('',(0.,0.,1.));
#2413 = DIRECTION('',(1.,0.,0.));
#2414 = PCURVE('',#180,#2415);
#2415 = DEFINITIONAL_REPRESENTATION('',(#2416),#2420);
#2416 = CIRCLE('',#2417,1.6);
#2417 = AXIS2_PLACEMENT_2D('',#2418,#2419);
#2418 = CARTESIAN_POINT('',(4.129276156538,-1.979666240317));
#2419 = DIRECTION('',(0.994533904972,0.104414136312));
#2420 = ( GEOMETRIC_REPRESENTATION_CONTEXT(2) 
PARAMETRIC_REPRESENTATION_CONTEXT() REPRESENTATION_CONTEXT('2D SPACE',''
  ) );
#2421 = PCURVE('',#2422,#2451);
#2422 = B_SPLINE_SURFACE_WITH_KNOTS('',13,1,(
    (#2423,#2424)
    ,(#2425,#2426)
    ,(#2427,#2428)
    ,(#2429,#2430)
    ,(#2431,#2432)
    ,(#2433,#2434)
    ,(#2435,#2436)
    ,(#2437,#2438)
    ,(#2439,#2440)
    ,(#2441,#2442)
    ,(#2443,#2444)
    ,(#2445,#2446)
    ,(#2447,#2448)
    ,(#2449,#2450
    )),.UNSPECIFIED.,.T.,.F.,.F.,(14,14),(2,2),(0.,6.28318530718),(0.,1.
    ),.PIECEWISE_BEZIER_KNOTS.);
#2423 = CARTESIAN_POINT('',(-22.5,5.6,0.));
#2424 = CARTESIAN_POINT('',(-19.62214255499,5.6,9.41304755963));
#2425 = CARTESIAN_POINT('',(-22.49999999999,6.37331511473,0.));
#2426 = CARTESIAN_POINT('',(-19.62214255498,6.37331511473,9.41304755963)
  );
#2427 = CARTESIAN_POINT('',(-22.90490906907,7.146630538697,0.));
#2428 = CARTESIAN_POINT('',(-20.02705162406,7.146630538697,
    9.413047559634));
#2429 = CARTESIAN_POINT('',(-23.71470310103,7.688660158826,0.));
#2430 = CARTESIAN_POINT('',(-20.83684565601,7.688660158826,
    9.413047559622));
#2431 = CARTESIAN_POINT('',(-24.784193888,7.768146551132,0.));
#2432 = CARTESIAN_POINT('',(-21.90633644302,7.768146551132,
    9.413047559647));
#2433 = CARTESIAN_POINT('',(-25.82227398806,7.255149881196,0.));
#2434 = CARTESIAN_POINT('',(-22.94441654301,7.255149881196,
    9.413047559607));
#2435 = CARTESIAN_POINT('',(-26.47391996744,6.223116275879,0.));
#2436 = CARTESIAN_POINT('',(-23.59606252248,6.223116275879,
    9.413047559655));
#2437 = CARTESIAN_POINT('',(-26.47391996734,4.976883724119,0.));
#2438 = CARTESIAN_POINT('',(-23.59606252228,4.976883724119,
    9.413047559611));
#2439 = CARTESIAN_POINT('',(-25.82227398815,3.944850118809,0.));
#2440 = CARTESIAN_POINT('',(-22.94441654317,3.944850118809,
    9.413047559642));
#2441 = CARTESIAN_POINT('',(-24.78419388795,3.431853448863,0.));
#2442 = CARTESIAN_POINT('',(-21.90633644292,3.431853448863,
    9.413047559626));
#2443 = CARTESIAN_POINT('',(-23.71470310106,3.511339841176,0.));
#2444 = CARTESIAN_POINT('',(-20.83684565606,3.511339841176,
    9.413047559631));
#2445 = CARTESIAN_POINT('',(-22.90490906906,4.053369461302,0.));
#2446 = CARTESIAN_POINT('',(-20.02705162405,4.053369461302,9.41304755963
    ));
#2447 = CARTESIAN_POINT('',(-22.5,4.82668488527,0.));
#2448 = CARTESIAN_POINT('',(-19.62214255499,4.82668488527,9.41304755963)
  );
#2449 = CARTESIAN_POINT('',(-22.5,5.6,0.));
#2450 = CARTESIAN_POINT('',(-19.62214255499,5.6,9.41304755963));
#2451 = DEFINITIONAL_REPRESENTATION('',(#2452),#2456);
#2452 = LINE('',#2453,#2454);
#2453 = CARTESIAN_POINT('',(0.,0.));
#2454 = VECTOR('',#2455,1.);
#2455 = DIRECTION('',(1.,0.));
#2456 = ( GEOMETRIC_REPRESENTATION_CONTEXT(2) 
PARAMETRIC_REPRESENTATION_CONTEXT() REPRESENTATION_CONTEXT('2D SPACE',''
  ) );
#2457 = ORIENTED_EDGE('',*,*,#2458,.T.);
#2458 = EDGE_CURVE('',#2406,#2459,#2461,.T.);
#2459 = VERTEX_POINT('',#2460);
#2460 = CARTESIAN_POINT('',(-23.3,8.125,0.));
#2461 = SURFACE_CURVE('',#2462,(#2466,#2473),.PCURVE_S1.);
#2462 = LINE('',#2463,#2464);
#2463 = CARTESIAN_POINT('',(-23.3,5.6,0.));
#2464 = VECTOR('',#2465,1.);
#2465 = DIRECTION('',(0.,1.,0.));
#2466 = PCURVE('',#180,#2467);
#2467 = DEFINITIONAL_REPRESENTATION('',(#2468),#2472);
#2468 = LINE('',#2469,#2470);
#2469 = CARTESIAN_POINT('',(4.924903280515,-1.896134931267));
#2470 = VECTOR('',#2471,1.);
#2471 = DIRECTION('',(-0.104414136312,0.994533904972));
#2472 = ( GEOMETRIC_REPRESENTATION_CONTEXT(2) 
PARAMETRIC_REPRESENTATION_CONTEXT() REPRESENTATION_CONTEXT('2D SPACE',''
  ) );
#2473 = PCURVE('',#2474,#2479);
#2474 = PLANE('',#2475);
#2475 = AXIS2_PLACEMENT_3D('',#2476,#2477,#2478);
#2476 = CARTESIAN_POINT('',(-20.42214255499,5.6,9.41304755963));
#2477 = DIRECTION('',(0.956304755963,0.,-0.292371704723));
#2478 = DIRECTION('',(0.,1.,0.));
#2479 = DEFINITIONAL_REPRESENTATION('',(#2480),#2484);
#2480 = LINE('',#2481,#2482);
#2481 = CARTESIAN_POINT('',(0.,-9.843146236527));
#2482 = VECTOR('',#2483,1.);
#2483 = DIRECTION('',(1.,0.));
#2484 = ( GEOMETRIC_REPRESENTATION_CONTEXT(2) 
PARAMETRIC_REPRESENTATION_CONTEXT() REPRESENTATION_CONTEXT('2D SPACE',''
  ) );
#2485 = ORIENTED_EDGE('',*,*,#2486,.F.);
#2486 = EDGE_CURVE('',#2487,#2459,#2489,.T.);
#2487 = VERTEX_POINT('',#2488);
#2488 = CARTESIAN_POINT('',(-21.20000022465,8.125,0.));
#2489 = SURFACE_CURVE('',#2490,(#2494,#2501),.PCURVE_S1.);
#2490 = LINE('',#2491,#2492);
#2491 = CARTESIAN_POINT('',(-64.,8.125,0.));
#2492 = VECTOR('',#2493,1.);
#2493 = DIRECTION('',(-1.,0.,-0.));
#2494 = PCURVE('',#180,#2495);
#2495 = DEFINITIONAL_REPRESENTATION('',(#2496),#2500);
#2496 = LINE('',#2497,#2498);
#2497 = CARTESIAN_POINT('',(-35.81627234602,-3.634592169097));
#2498 = VECTOR('',#2499,1.);
#2499 = DIRECTION('',(-0.994533904972,-0.104414136312));
#2500 = ( GEOMETRIC_REPRESENTATION_CONTEXT(2) 
PARAMETRIC_REPRESENTATION_CONTEXT() REPRESENTATION_CONTEXT('2D SPACE',''
  ) );
#2501 = PCURVE('',#893,#2502);
#2502 = DEFINITIONAL_REPRESENTATION('',(#2503),#2507);
#2503 = LINE('',#2504,#2505);
#2504 = CARTESIAN_POINT('',(100.,36.));
#2505 = VECTOR('',#2506,1.);
#2506 = DIRECTION('',(0.,-1.));
#2507 = ( GEOMETRIC_REPRESENTATION_CONTEXT(2) 
PARAMETRIC_REPRESENTATION_CONTEXT() REPRESENTATION_CONTEXT('2D SPACE',''
  ) );
#2508 = ORIENTED_EDGE('',*,*,#2509,.T.);
#2509 = EDGE_CURVE('',#2487,#2510,#2512,.T.);
#2510 = VERTEX_POINT('',#2511);
#2511 = CARTESIAN_POINT('',(-10.5,18.1,0.));
#2512 = SURFACE_CURVE('',#2513,(#2705,#2900),.PCURVE_S1.);
#2513 = B_SPLINE_CURVE_WITH_KNOTS('',8,(#2514,#2515,#2516,#2517,#2518,
    #2519,#2520,#2521,#2522,#2523,#2524,#2525,#2526,#2527,#2528,#2529,
    #2530,#2531,#2532,#2533,#2534,#2535,#2536,#2537,#2538,#2539,#2540,
    #2541,#2542,#2543,#2544,#2545,#2546,#2547,#2548,#2549,#2550,#2551,
    #2552,#2553,#2554,#2555,#2556,#2557,#2558,#2559,#2560,#2561,#2562,
    #2563,#2564,#2565,#2566,#2567,#2568,#2569,#2570,#2571,#2572,#2573,
    #2574,#2575,#2576,#2577,#2578,#2579,#2580,#2581,#2582,#2583,#2584,
    #2585,#2586,#2587,#2588,#2589,#2590,#2591,#2592,#2593,#2594,#2595,
    #2596,#2597,#2598,#2599,#2600,#2601,#2602,#2603,#2604,#2605,#2606,
    #2607,#2608,#2609,#2610,#2611,#2612,#2613,#2614,#2615,#2616,#2617,
    #2618,#2619,#2620,#2621,#2622,#2623,#2624,#2625,#2626,#2627,#2628,
    #2629,#2630,#2631,#2632,#2633,#2634,#2635,#2636,#2637,#2638,#2639,
    #2640,#2641,#2642,#2643,#2644,#2645,#2646,#2647,#2648,#2649,#2650,
    #2651,#2652,#2653,#2654,#2655,#2656,#2657,#2658,#2659,#2660,#2661,
    #2662,#2663,#2664,#2665,#2666,#2667,#2668,#2669,#2670,#2671,#2672,
    #2673,#2674,#2675,#2676,#2677,#2678,#2679,#2680,#2681,#2682,#2683,
    #2684,#2685,#2686,#2687,#2688,#2689,#2690,#2691,#2692,#2693,#2694,
    #2695,#2696,#2697,#2698,#2699,#2700,#2701,#2702,#2703,#2704),
  .UNSPECIFIED.,.F.,.F.,(9,7,7,7,7,7,7,7,7,7,7,7,7,7,7,7,7,7,7,7,7,7,7,7
    ,7,7,7,9),(0.,1.122472758952E-02,2.776409006436E-02,0.136695708583,
    0.245473613628,0.280127243996,0.31978852378,0.337983017596,
    0.385923865392,0.428764270233,0.450098883862,0.459930098253,
    0.471399797767,0.530674414054,0.561059385779,0.592217632476,
    0.632791131968,0.658427482155,0.669477464684,0.705191576048,
    0.747800554232,0.768162579573,0.830964769308,0.878368801675,
    0.889831087912,0.925943320364,0.957217111457,1.),.UNSPECIFIED.);
#2514 = CARTESIAN_POINT('',(-21.19871277631,3.686605805855,0.));
#2515 = CARTESIAN_POINT('',(-21.19887486537,3.721698339434,0.));
#2516 = CARTESIAN_POINT('',(-21.19902123412,3.756791386401,0.));
#2517 = CARTESIAN_POINT('',(-21.19915278343,3.791884805108,0.));
#2518 = CARTESIAN_POINT('',(-21.19927041369,3.826978434307,0.));
#2519 = CARTESIAN_POINT('',(-21.1993750248,3.862072093152,0.));
#2520 = CARTESIAN_POINT('',(-21.19946751617,3.897165581196,0.));
#2521 = CARTESIAN_POINT('',(-21.19954878673,3.932258678397,0.));
#2522 = CARTESIAN_POINT('',(-21.19972427535,4.019059039359,0.));
#2523 = CARTESIAN_POINT('',(-21.19980640246,4.070764291505,0.));
#2524 = CARTESIAN_POINT('',(-21.19986899268,4.122465670987,0.));
#2525 = CARTESIAN_POINT('',(-21.19991492243,4.174161947239,0.));
#2526 = CARTESIAN_POINT('',(-21.19994706814,4.225851889694,0.));
#2527 = CARTESIAN_POINT('',(-21.19996830624,4.277534267787,0.));
#2528 = CARTESIAN_POINT('',(-21.19998151315,4.329207850953,0.));
#2529 = CARTESIAN_POINT('',(-21.20004259845,4.721138148909,0.));
#2530 = CARTESIAN_POINT('',(-21.19996922633,5.061163697461,0.));
#2531 = CARTESIAN_POINT('',(-21.20007074666,5.400904922277,0.));
#2532 = CARTESIAN_POINT('',(-21.20004498312,5.740472048373,0.));
#2533 = CARTESIAN_POINT('',(-21.19998386583,6.079875950947,0.));
#2534 = CARTESIAN_POINT('',(-21.20004393206,6.419111294493,0.));
#2535 = CARTESIAN_POINT('',(-21.20001459227,6.758265808907,0.));
#2536 = CARTESIAN_POINT('',(-21.20000342891,7.435947702074,0.));
#2537 = CARTESIAN_POINT('',(-21.19999909421,7.774480759702,0.));
#2538 = CARTESIAN_POINT('',(-21.19999759886,8.112979564903,0.));
#2539 = CARTESIAN_POINT('',(-21.19999960897,8.451478454907,0.));
#2540 = CARTESIAN_POINT('',(-21.20000486045,8.790011705768,0.));
#2541 = CARTESIAN_POINT('',(-21.20001215902,9.128613532362,0.));
#2542 = CARTESIAN_POINT('',(-21.20001938018,9.467318088396,0.));
#2543 = CARTESIAN_POINT('',(-21.20002477189,9.914104952771,0.));
#2544 = CARTESIAN_POINT('',(-21.20002585646,10.022064313447,0.));
#2545 = CARTESIAN_POINT('',(-21.20002667418,10.130038644944,0.));
#2546 = CARTESIAN_POINT('',(-21.20002717635,10.238029040609,0.));
#2547 = CARTESIAN_POINT('',(-21.20002731438,10.346036590624,0.));
#2548 = CARTESIAN_POINT('',(-21.20002703976,10.454062381999,0.));
#2549 = CARTESIAN_POINT('',(-21.20002630407,10.562107498577,0.));
#2550 = CARTESIAN_POINT('',(-21.20002363391,10.793854634631,0.));
#2551 = CARTESIAN_POINT('',(-21.20001619613,10.917561622441,0.));
#2552 = CARTESIAN_POINT('',(-21.20001046029,11.041297582092,0.));
#2553 = CARTESIAN_POINT('',(-21.20000991528,11.165065029798,0.));
#2554 = CARTESIAN_POINT('',(-21.20001382423,11.288865400352,0.));
#2555 = CARTESIAN_POINT('',(-21.20001722445,11.412699047127,0.));
#2556 = CARTESIAN_POINT('',(-21.20001092751,11.536565242078,0.));
#2557 = CARTESIAN_POINT('',(-21.19996802818,11.717299524548,0.));
#2558 = CARTESIAN_POINT('',(-21.19994621165,11.774148110813,0.));
#2559 = CARTESIAN_POINT('',(-21.19991224105,11.831006296651,0.));
#2560 = CARTESIAN_POINT('',(-21.19986228786,11.88787244418,0.));
#2561 = CARTESIAN_POINT('',(-21.19979252355,11.944744915515,0.));
#2562 = CARTESIAN_POINT('',(-21.1996991196,12.001622072776,0.));
#2563 = CARTESIAN_POINT('',(-21.19957824748,12.058502278078,0.));
#2564 = CARTESIAN_POINT('',(-21.19902512761,12.265261812476,0.));
#2565 = CARTESIAN_POINT('',(-21.19840677559,12.415144094273,0.));
#2566 = CARTESIAN_POINT('',(-21.19750123556,12.565015885287,0.));
#2567 = CARTESIAN_POINT('',(-21.19623835269,12.714861832151,0.));
#2568 = CARTESIAN_POINT('',(-21.19454760438,12.864666081775,0.));
#2569 = CARTESIAN_POINT('',(-21.19235810024,13.014412281347,0.));
#2570 = CARTESIAN_POINT('',(-21.18959858211,13.164083578332,0.));
#2571 = CARTESIAN_POINT('',(-21.18315811636,13.447327897907,0.));
#2572 = CARTESIAN_POINT('',(-21.1796062942,13.580919209735,0.));
#2573 = CARTESIAN_POINT('',(-21.17549076393,13.714424144863,0.));
#2574 = CARTESIAN_POINT('',(-21.17075984986,13.847829601642,0.));
#2575 = CARTESIAN_POINT('',(-21.16536139431,13.981121787865,0.));
#2576 = CARTESIAN_POINT('',(-21.1592427576,14.11428622077,0.));
#2577 = CARTESIAN_POINT('',(-21.15235081802,14.247307727037,0.));
#2578 = CARTESIAN_POINT('',(-21.14078796991,14.446336360616,0.));
#2579 = CARTESIAN_POINT('',(-21.13673888161,14.512462860825,0.));
#2580 = CARTESIAN_POINT('',(-21.13247807832,14.578547966153,0.));
#2581 = CARTESIAN_POINT('',(-21.12799889781,14.644589639652,0.));
#2582 = CARTESIAN_POINT('',(-21.12329464424,14.710585784694,0.));
#2583 = CARTESIAN_POINT('',(-21.11835858817,14.776534244966,0.));
#2584 = CARTESIAN_POINT('',(-21.11318396657,14.842432804476,0.));
#2585 = CARTESIAN_POINT('',(-21.10526639731,14.938621893546,0.));
#2586 = CARTESIAN_POINT('',(-21.10271733696,14.968946908154,0.));
#2587 = CARTESIAN_POINT('',(-21.10011653037,14.999253803814,0.));
#2588 = CARTESIAN_POINT('',(-21.09746297303,15.029542447962,0.));
#2589 = CARTESIAN_POINT('',(-21.09475492734,15.059813003033,0.));
#2590 = CARTESIAN_POINT('',(-21.09198992264,15.090065926461,0.));
#2591 = CARTESIAN_POINT('',(-21.08916475513,15.120301970675,0.));
#2592 = CARTESIAN_POINT('',(-21.08290469117,15.185778942034,0.));
#2593 = CARTESIAN_POINT('',(-21.07944757039,15.221013616589,0.));
#2594 = CARTESIAN_POINT('',(-21.07589967741,15.25622707194,0.));
#2595 = CARTESIAN_POINT('',(-21.072256564,15.291420173256,0.));
#2596 = CARTESIAN_POINT('',(-21.06851378194,15.326593785706,0.));
#2597 = CARTESIAN_POINT('',(-21.06466688299,15.361748774461,0.));
#2598 = CARTESIAN_POINT('',(-21.06071141894,15.39688600469,0.));
#2599 = CARTESIAN_POINT('',(-21.03561733089,15.613505821079,0.));
#2600 = CARTESIAN_POINT('',(-21.01156787928,15.794601285302,0.));
#2601 = CARTESIAN_POINT('',(-20.98389164069,15.975295833932,0.));
#2602 = CARTESIAN_POINT('',(-20.95199755378,16.155565965858,0.));
#2603 = CARTESIAN_POINT('',(-20.91532026903,16.335362325214,0.));
#2604 = CARTESIAN_POINT('',(-20.87333627661,16.514610226515,0.));
#2605 = CARTESIAN_POINT('',(-20.82558233483,16.693209958875,0.));
#2606 = CARTESIAN_POINT('',(-20.74404318367,16.96219335389,0.));
#2607 = CARTESIAN_POINT('',(-20.71479367044,17.05314631482,0.));
#2608 = CARTESIAN_POINT('',(-20.68387637186,17.143878073901,0.));
#2609 = CARTESIAN_POINT('',(-20.65124551065,17.234369867334,0.));
#2610 = CARTESIAN_POINT('',(-20.61686129594,17.324601876244,0.));
#2611 = CARTESIAN_POINT('',(-20.58069039913,17.414553257192,0.));
#2612 = CARTESIAN_POINT('',(-20.54270642974,17.504202172699,0.));
#2613 = CARTESIAN_POINT('',(-20.46206110473,17.685122691384,0.));
#2614 = CARTESIAN_POINT('',(-20.41930542928,17.776381828577,0.));
#2615 = CARTESIAN_POINT('',(-20.3746338867,17.867115940854,0.));
#2616 = CARTESIAN_POINT('',(-20.32804334075,17.957135648038,0.));
#2617 = CARTESIAN_POINT('',(-20.27951873878,18.046246691688,0.));
#2618 = CARTESIAN_POINT('',(-20.22903375183,18.134246161127,0.));
#2619 = CARTESIAN_POINT('',(-20.1765503331,18.220917736069,0.));
#2620 = CARTESIAN_POINT('',(-20.05100548864,18.416851755131,0.));
#2621 = CARTESIAN_POINT('',(-19.97654709059,18.524981651127,0.));
#2622 = CARTESIAN_POINT('',(-19.89850854912,18.629938756025,0.));
#2623 = CARTESIAN_POINT('',(-19.81675098883,18.731128587388,0.));
#2624 = CARTESIAN_POINT('',(-19.73113767568,18.827829137667,0.));
#2625 = CARTESIAN_POINT('',(-19.64154043819,18.919184684051,0.));
#2626 = CARTESIAN_POINT('',(-19.54784494438,19.004203328633,0.));
#2627 = CARTESIAN_POINT('',(-19.38810300617,19.130761328374,0.));
#2628 = CARTESIAN_POINT('',(-19.32459371847,19.176771124025,0.));
#2629 = CARTESIAN_POINT('',(-19.25941631535,19.21949646021,0.));
#2630 = CARTESIAN_POINT('',(-19.19258184305,19.258616258422,0.));
#2631 = CARTESIAN_POINT('',(-19.12412670997,19.293786813172,0.));
#2632 = CARTESIAN_POINT('',(-19.05411766628,19.32465516457,0.));
#2633 = CARTESIAN_POINT('',(-18.98265810319,19.350878587633,0.));
#2634 = CARTESIAN_POINT('',(-18.8785330334,19.381318856274,0.));
#2635 = CARTESIAN_POINT('',(-18.84695075145,19.389552403084,0.));
#2636 = CARTESIAN_POINT('',(-18.81515377704,19.3968731915,0.));
#2637 = CARTESIAN_POINT('',(-18.78314715583,19.403303893778,0.));
#2638 = CARTESIAN_POINT('',(-18.75093602845,19.408867501667,0.));
#2639 = CARTESIAN_POINT('',(-18.71852563053,19.413587326409,0.));
#2640 = CARTESIAN_POINT('',(-18.68592129264,19.41748699874,0.));
#2641 = CARTESIAN_POINT('',(-18.54714025665,19.430621043895,0.));
#2642 = CARTESIAN_POINT('',(-18.43977234063,19.432273391289,0.));
#2643 = CARTESIAN_POINT('',(-18.33147158024,19.426478746835,0.));
#2644 = CARTESIAN_POINT('',(-18.22260205464,19.414234178668,0.));
#2645 = CARTESIAN_POINT('',(-18.11343772972,19.396511096917,0.));
#2646 = CARTESIAN_POINT('',(-18.00415775299,19.374199120954,0.));
#2647 = CARTESIAN_POINT('',(-17.894844348,19.348085304264,0.));
#2648 = CARTESIAN_POINT('',(-17.65500933073,19.284011656654,0.));
#2649 = CARTESIAN_POINT('',(-17.52456236783,19.244763338365,0.));
#2650 = CARTESIAN_POINT('',(-17.39415264101,19.202325171741,0.));
#2651 = CARTESIAN_POINT('',(-17.2637747526,19.157763145504,0.));
#2652 = CARTESIAN_POINT('',(-17.13340547648,19.112052139488,0.));
#2653 = CARTESIAN_POINT('',(-17.00300134376,19.066119660371,0.));
#2654 = CARTESIAN_POINT('',(-16.87249602338,19.020889001052,0.));
#2655 = CARTESIAN_POINT('',(-16.67933914245,18.956501893072,0.));
#2656 = CARTESIAN_POINT('',(-16.61684462174,18.936053050385,0.));
#2657 = CARTESIAN_POINT('',(-16.5543040841,18.916180715868,0.));
#2658 = CARTESIAN_POINT('',(-16.49174141225,18.896607058916,0.));
#2659 = CARTESIAN_POINT('',(-16.42911186493,18.878326202682,0.));
#2660 = CARTESIAN_POINT('',(-16.36645875884,18.860373957872,0.));
#2661 = CARTESIAN_POINT('',(-16.30377173333,18.843217617667,0.));
#2662 = CARTESIAN_POINT('',(-16.04765225774,18.775759645802,0.));
#2663 = CARTESIAN_POINT('',(-15.85400638581,18.731072271208,0.));
#2664 = CARTESIAN_POINT('',(-15.66025104472,18.692130702708,0.));
#2665 = CARTESIAN_POINT('',(-15.46647752549,18.658329116965,0.));
#2666 = CARTESIAN_POINT('',(-15.27274353039,18.628987758376,0.));
#2667 = CARTESIAN_POINT('',(-15.0790736645,18.60337396025,0.));
#2668 = CARTESIAN_POINT('',(-14.88545977454,18.580720597209,0.));
#2669 = CARTESIAN_POINT('',(-14.54572998529,18.544784393698,0.));
#2670 = CARTESIAN_POINT('',(-14.39961470591,18.530566592069,0.));
#2671 = CARTESIAN_POINT('',(-14.25349714586,18.517250122524,0.));
#2672 = CARTESIAN_POINT('',(-14.10735796019,18.504491393306,0.));
#2673 = CARTESIAN_POINT('',(-13.96117676983,18.491944200949,0.));
#2674 = CARTESIAN_POINT('',(-13.81493232161,18.479262268941,0.));
#2675 = CARTESIAN_POINT('',(-13.66860264827,18.466101786389,0.));
#2676 = CARTESIAN_POINT('',(-13.48675668746,18.448744107625,0.));
#2677 = CARTESIAN_POINT('',(-13.45133120354,18.445313434573,0.));
#2678 = CARTESIAN_POINT('',(-13.41588910631,18.441832806086,0.));
#2679 = CARTESIAN_POINT('',(-13.38043074481,18.438303283204,0.));
#2680 = CARTESIAN_POINT('',(-13.34495648749,18.434726109446,0.));
#2681 = CARTESIAN_POINT('',(-13.30946672222,18.431102710806,0.));
#2682 = CARTESIAN_POINT('',(-13.27396185625,18.427434695754,0.));
#2683 = CARTESIAN_POINT('',(-13.12653707696,18.412032755169,0.));
#2684 = CARTESIAN_POINT('',(-13.0145795476,18.399924003314,0.));
#2685 = CARTESIAN_POINT('',(-12.90257455716,18.387443070301,0.));
#2686 = CARTESIAN_POINT('',(-12.79052665292,18.374635052393,0.));
#2687 = CARTESIAN_POINT('',(-12.67844010042,18.361544671482,0.));
#2688 = CARTESIAN_POINT('',(-12.56631888353,18.348216275092,0.));
#2689 = CARTESIAN_POINT('',(-12.45416670438,18.334693836377,0.));
#2690 = CARTESIAN_POINT('',(-12.24483748811,18.309180011755,0.));
#2691 = CARTESIAN_POINT('',(-12.14766745151,18.29722633404,0.));
#2692 = CARTESIAN_POINT('',(-12.05047912327,18.285188259368,0.));
#2693 = CARTESIAN_POINT('',(-11.95327472567,18.273094072384,0.));
#2694 = CARTESIAN_POINT('',(-11.85605645366,18.260972003993,0.));
#2695 = CARTESIAN_POINT('',(-11.75882647483,18.248850231354,0.));
#2696 = CARTESIAN_POINT('',(-11.6615869294,18.236756877885,0.));
#2697 = CARTESIAN_POINT('',(-11.43130497103,18.208253450696,0.));
#2698 = CARTESIAN_POINT('',(-11.29825634082,18.19189270565,0.));
#2699 = CARTESIAN_POINT('',(-11.16519932525,18.175709795296,0.));
#2700 = CARTESIAN_POINT('',(-11.03213957918,18.159776854269,0.));
#2701 = CARTESIAN_POINT('',(-10.89908313905,18.144166284895,0.));
#2702 = CARTESIAN_POINT('',(-10.76603643515,18.128950907412,0.));
#2703 = CARTESIAN_POINT('',(-10.63300630386,18.114204110198,0.));
#2704 = CARTESIAN_POINT('',(-10.5,18.1,0.));
#2705 = PCURVE('',#180,#2706);
#2706 = DEFINITIONAL_REPRESENTATION('',(#2707),#2899);
#2707 = B_SPLINE_CURVE_WITH_KNOTS('',8,(#2708,#2709,#2710,#2711,#2712,
    #2713,#2714,#2715,#2716,#2717,#2718,#2719,#2720,#2721,#2722,#2723,
    #2724,#2725,#2726,#2727,#2728,#2729,#2730,#2731,#2732,#2733,#2734,
    #2735,#2736,#2737,#2738,#2739,#2740,#2741,#2742,#2743,#2744,#2745,
    #2746,#2747,#2748,#2749,#2750,#2751,#2752,#2753,#2754,#2755,#2756,
    #2757,#2758,#2759,#2760,#2761,#2762,#2763,#2764,#2765,#2766,#2767,
    #2768,#2769,#2770,#2771,#2772,#2773,#2774,#2775,#2776,#2777,#2778,
    #2779,#2780,#2781,#2782,#2783,#2784,#2785,#2786,#2787,#2788,#2789,
    #2790,#2791,#2792,#2793,#2794,#2795,#2796,#2797,#2798,#2799,#2800,
    #2801,#2802,#2803,#2804,#2805,#2806,#2807,#2808,#2809,#2810,#2811,
    #2812,#2813,#2814,#2815,#2816,#2817,#2818,#2819,#2820,#2821,#2822,
    #2823,#2824,#2825,#2826,#2827,#2828,#2829,#2830,#2831,#2832,#2833,
    #2834,#2835,#2836,#2837,#2838,#2839,#2840,#2841,#2842,#2843,#2844,
    #2845,#2846,#2847,#2848,#2849,#2850,#2851,#2852,#2853,#2854,#2855,
    #2856,#2857,#2858,#2859,#2860,#2861,#2862,#2863,#2864,#2865,#2866,
    #2867,#2868,#2869,#2870,#2871,#2872,#2873,#2874,#2875,#2876,#2877,
    #2878,#2879,#2880,#2881,#2882,#2883,#2884,#2885,#2886,#2887,#2888,
    #2889,#2890,#2891,#2892,#2893,#2894,#2895,#2896,#2897,#2898),
  .UNSPECIFIED.,.F.,.F.,(9,7,7,7,7,7,7,7,7,7,7,7,7,7,7,7,7,7,7,7,7,7,7,7
    ,7,7,7,9),(0.,1.122472758952E-02,2.776409006436E-02,0.136695708583,
    0.245473613628,0.280127243996,0.31978852378,0.337983017596,
    0.385923865392,0.428764270233,0.450098883862,0.459930098253,
    0.471399797767,0.530674414054,0.561059385779,0.592217632476,
    0.632791131968,0.658427482155,0.669477464684,0.705191576048,
    0.747800554232,0.768162579573,0.830964769308,0.878368801675,
    0.889831087912,0.925943320364,0.957217111457,1.),.UNSPECIFIED.);
#2708 = CARTESIAN_POINT('',(7.214490070761,-3.579666240317));
#2709 = CARTESIAN_POINT('',(7.210664711106,-3.544782450251));
#2710 = CARTESIAN_POINT('',(7.206854932232,-3.50989650818));
#2711 = CARTESIAN_POINT('',(7.203059852979,-3.475008649042));
#2712 = CARTESIAN_POINT('',(7.199278594716,-3.440119127217));
#2713 = CARTESIAN_POINT('',(7.195510281345,-3.405228216525));
#2714 = CARTESIAN_POINT('',(7.191754039297,-3.370336210227));
#2715 = CARTESIAN_POINT('',(7.188008997534,-3.335443421026));
#2716 = CARTESIAN_POINT('',(7.178771283427,-3.249135842579));
#2717 = CARTESIAN_POINT('',(7.173290845986,-3.197721791485));
#2718 = CARTESIAN_POINT('',(7.167830243009,-3.14630955196));
#2719 = CARTESIAN_POINT('',(7.16238674228,-3.094900648183));
#2720 = CARTESIAN_POINT('',(7.156957611583,-3.043496604331));
#2721 = CARTESIAN_POINT('',(7.151540118702,-2.992098944586));
#2722 = CARTESIAN_POINT('',(7.146131531423,-2.940709193125));
#2723 = CARTESIAN_POINT('',(7.105147716469,-2.55092760159));
#2724 = CARTESIAN_POINT('',(7.069717213554,-2.212753003911));
#2725 = CARTESIAN_POINT('',(7.034142461582,-1.874879437074));
#2726 = CARTESIAN_POINT('',(6.998712476105,-1.53716572708));
#2727 = CARTESIAN_POINT('',(6.963334693972,-1.199610656981));
#2728 = CARTESIAN_POINT('',(6.927853990667,-0.862235877823));
#2729 = CARTESIAN_POINT('',(6.892470644387,-0.524932150725));
#2730 = CARTESIAN_POINT('',(6.821722177154,0.149046634427));
#2731 = CARTESIAN_POINT('',(6.786378851338,0.485729690795));
#2732 = CARTESIAN_POINT('',(6.75103627813,0.822378385497));
#2733 = CARTESIAN_POINT('',(6.715690209766,1.159026798518));
#2734 = CARTESIAN_POINT('',(6.680337329986,1.495709046129));
#2735 = CARTESIAN_POINT('',(6.644975254037,1.83245928089));
#2736 = CARTESIAN_POINT('',(6.609602528667,2.169311691642));
#2737 = CARTESIAN_POINT('',(6.562946301865,2.613655813588));
#2738 = CARTESIAN_POINT('',(6.55167273982,2.721024944895));
#2739 = CARTESIAN_POINT('',(6.540397880008,2.828408993054));
#2740 = CARTESIAN_POINT('',(6.529121656687,2.935809050521));
#2741 = CARTESIAN_POINT('',(6.517844004358,3.043226206591));
#2742 = CARTESIAN_POINT('',(6.50656485777,3.150661547398));
#2743 = CARTESIAN_POINT('',(6.495284151915,3.258116155919));
#2744 = CARTESIAN_POINT('',(6.471089130426,3.488596818908));
#2745 = CARTESIAN_POINT('',(6.458179769263,3.611628389176));
#2746 = CARTESIAN_POINT('',(6.445265690393,3.734688595216));
#2747 = CARTESIAN_POINT('',(6.432343161263,3.857779575198));
#2748 = CARTESIAN_POINT('',(6.419412764918,3.980902833012));
#2749 = CARTESIAN_POINT('',(6.406479400002,4.104059238274));
#2750 = CARTESIAN_POINT('',(6.393552280759,4.227249026323));
#2751 = CARTESIAN_POINT('',(6.374723731594,4.406999877327));
#2752 = CARTESIAN_POINT('',(6.36880963284,4.463540001771));
#2753 = CARTESIAN_POINT('',(6.362906619387,4.520090942373));
#2754 = CARTESIAN_POINT('',(6.357018669851,4.576651469955));
#2755 = CARTESIAN_POINT('',(6.351149762848,4.633220355338));
#2756 = CARTESIAN_POINT('',(6.345303876992,4.689796369345));
#2757 = CARTESIAN_POINT('',(6.3394849909,4.746378282797));
#2758 = CARTESIAN_POINT('',(6.318446469153,4.952065403465));
#2759 = CARTESIAN_POINT('',(6.303411612199,5.10119297916));
#2760 = CARTESIAN_POINT('',(6.288663468845,5.250340107902));
#2761 = CARTESIAN_POINT('',(6.274273413554,5.399498845404));
#2762 = CARTESIAN_POINT('',(6.260313238736,5.548660788789));
#2763 = CARTESIAN_POINT('',(6.246855154745,5.697817076588));
#2764 = CARTESIAN_POINT('',(6.23397178988,5.846958388743));
#2765 = CARTESIAN_POINT('',(6.210802340442,6.12932694362));
#2766 = CARTESIAN_POINT('',(6.200385926555,6.262558893085));
#2767 = CARTESIAN_POINT('',(6.190539158455,6.39576379709));
#2768 = CARTESIAN_POINT('',(6.18131479735,6.528934021272));
#2769 = CARTESIAN_POINT('',(6.172766155926,6.662061294812));
#2770 = CARTESIAN_POINT('',(6.164947098342,6.795136710439));
#2771 = CARTESIAN_POINT('',(6.157912040237,6.928150724431));
#2772 = CARTESIAN_POINT('',(6.148630281843,7.127298773384));
#2773 = CARTESIAN_POINT('',(6.145752696035,7.193486601917));
#2774 = CARTESIAN_POINT('',(6.14308999017,7.259655367875));
#2775 = CARTESIAN_POINT('',(6.140649002756,7.325803741075));
#2776 = CARTESIAN_POINT('',(6.138436611949,7.39193033549));
#2777 = CARTESIAN_POINT('',(6.136459735546,7.458033709243));
#2778 = CARTESIAN_POINT('',(6.13472533099,7.524112364608));
#2779 = CARTESIAN_POINT('',(6.132556121409,7.620602381133));
#2780 = CARTESIAN_POINT('',(6.131924888144,7.651027794265));
#2781 = CARTESIAN_POINT('',(6.131347010148,7.681440590527));
#2782 = CARTESIAN_POINT('',(6.130823500275,7.711840742966));
#2783 = CARTESIAN_POINT('',(6.130356069659,7.742228594558));
#2784 = CARTESIAN_POINT('',(6.129947127717,7.77260485821));
#2785 = CARTESIAN_POINT('',(6.129599782142,7.802970616757));
#2786 = CARTESIAN_POINT('',(6.128988906589,7.86874332394));
#2787 = CARTESIAN_POINT('',(6.128748132308,7.904146374697));
#2788 = CARTESIAN_POINT('',(6.128599849641,7.939537800136));
#2789 = CARTESIAN_POINT('',(6.128548392167,7.974918925156));
#2790 = CARTESIAN_POINT('',(6.128598093463,8.010291074654));
#2791 = CARTESIAN_POINT('',(6.128753287105,8.045655573531));
#2792 = CARTESIAN_POINT('',(6.129018306671,8.081013746683));
#2793 = CARTESIAN_POINT('',(6.131357057007,8.299069676101));
#2794 = CARTESIAN_POINT('',(6.13636612555,8.481686358027));
#2795 = CARTESIAN_POINT('',(6.145024017955,8.664283003631));
#2796 = CARTESIAN_POINT('',(6.157921018625,8.846897955423));
#2797 = CARTESIAN_POINT('',(6.175624540275,9.029541157802));
#2798 = CARTESIAN_POINT('',(6.198663029411,9.212192995349));
#2799 = CARTESIAN_POINT('',(6.227507606805,9.394802671186));
#2800 = CARTESIAN_POINT('',(6.280515388345,9.670829617447));
#2801 = CARTESIAN_POINT('',(6.300108246096,9.764339483511));
#2802 = CARTESIAN_POINT('',(6.321382869525,9.857803497203));
#2803 = CARTESIAN_POINT('',(6.34438674489,9.951207777085));
#2804 = CARTESIAN_POINT('',(6.369161514934,10.04453676734));
#2805 = CARTESIAN_POINT('',(6.395742502436,10.137773218442));
#2806 = CARTESIAN_POINT('',(6.424158233758,10.230898167816));
#2807 = CARTESIAN_POINT('',(6.485472084055,10.419250269711));
#2808 = CARTESIAN_POINT('',(6.518465308928,10.514474872713));
#2809 = CARTESIAN_POINT('',(6.553418748639,10.609377364246));
#2810 = CARTESIAN_POINT('',(6.590355296268,10.703769726772));
#2811 = CARTESIAN_POINT('',(6.629310205495,10.797460335394));
#2812 = CARTESIAN_POINT('',(6.670330848106,10.890250137679));
#2813 = CARTESIAN_POINT('',(6.713477649844,10.981927968394));
#2814 = CARTESIAN_POINT('',(6.81787797288,11.189899649991));
#2815 = CARTESIAN_POINT('',(6.880639084551,11.305213007024));
#2816 = CARTESIAN_POINT('',(6.947292054476,11.417744733319));
#2817 = CARTESIAN_POINT('',(7.01803707133,11.526918096492));
#2818 = CARTESIAN_POINT('',(7.093085509531,11.632029312524));
#2819 = CARTESIAN_POINT('',(7.172654189537,11.732240718978));
#2820 = CARTESIAN_POINT('',(7.256960386531,11.826577777632));
#2821 = CARTESIAN_POINT('',(7.402614715894,11.969123315831));
#2822 = CARTESIAN_POINT('',(7.460972782715,12.02151288499));
#2823 = CARTESIAN_POINT('',(7.521332790878,12.070810122681));
#2824 = CARTESIAN_POINT('',(7.583717279664,12.11669455206));
#2825 = CARTESIAN_POINT('',(7.648125927376,12.158820544811));
#2826 = CARTESIAN_POINT('',(7.714529202734,12.196830100698));
#2827 = CARTESIAN_POINT('',(7.782860064989,12.2303715726));
#2828 = CARTESIAN_POINT('',(7.883237582895,12.27151758107));
#2829 = CARTESIAN_POINT('',(7.913787534411,12.283003759224));
#2830 = CARTESIAN_POINT('',(7.944646309738,12.293604585135));
#2831 = CARTESIAN_POINT('',(7.975806523492,12.303342080294));
#2832 = CARTESIAN_POINT('',(8.00726066247,12.312238574017));
#2833 = CARTESIAN_POINT('',(8.039001085655,12.320316703455));
#2834 = CARTESIAN_POINT('',(8.071020024213,12.327599413587));
#2835 = CARTESIAN_POINT('',(8.207671089893,12.355152368812));
#2836 = CARTESIAN_POINT('',(8.314279594254,12.368006412537));
#2837 = CARTESIAN_POINT('',(8.422593415193,12.373551572519));
#2838 = CARTESIAN_POINT('',(8.532146355628,12.372741451811));
#2839 = CARTESIAN_POINT('',(8.642564518255,12.366513544812));
#2840 = CARTESIAN_POINT('',(8.753576845949,12.355733902618));
#2841 = CARTESIAN_POINT('',(8.865019385091,12.3411766913));
#2842 = CARTESIAN_POINT('',(9.110233635936,12.302495442521));
#2843 = CARTESIAN_POINT('',(9.244065642605,12.277082166237));
#2844 = CARTESIAN_POINT('',(9.37819368198,12.248492589657));
#2845 = CARTESIAN_POINT('',(9.512511817942,12.217787438301));
#2846 = CARTESIAN_POINT('',(9.646941358423,12.185938688356));
#2847 = CARTESIAN_POINT('',(9.781428689899,12.153873315424));
#2848 = CARTESIAN_POINT('',(9.915943376021,12.122516491499));
#2849 = CARTESIAN_POINT('',(10.114767367353,12.078649638464));
#2850 = CARTESIAN_POINT('',(10.179055435327,12.064837882499));
#2851 = CARTESIAN_POINT('',(10.243329073081,12.051604288272));
#2852 = CARTESIAN_POINT('',(10.307593537911,12.038670050137));
#2853 = CARTESIAN_POINT('',(10.371789525989,12.027028528891));
#2854 = CARTESIAN_POINT('',(10.435974632382,12.015716282716));
#2855 = CARTESIAN_POINT('',(10.500110369098,12.005199132324));
#2856 = CARTESIAN_POINT('',(10.761873437166,11.96485238598));
#2857 = CARTESIAN_POINT('',(10.959126815979,11.940628643289));
#2858 = CARTESIAN_POINT('',(11.155889122211,11.9221307297));
#2859 = CARTESIAN_POINT('',(11.35213282035,11.908746601287));
#2860 = CARTESIAN_POINT('',(11.547871499637,11.899794193124));
#2861 = CARTESIAN_POINT('',(11.743157190245,11.89454227423));
#2862 = CARTESIAN_POINT('',(11.938078099623,11.892228763723));
#2863 = CARTESIAN_POINT('',(12.279703141204,11.891961583437));
#2864 = CARTESIAN_POINT('',(12.426504280063,11.893077998363));
#2865 = CARTESIAN_POINT('',(12.573213575309,11.895091056738));
#2866 = CARTESIAN_POINT('',(12.719886141996,11.897661064799));
#2867 = CARTESIAN_POINT('',(12.866578396332,11.900445839324));
#2868 = CARTESIAN_POINT('',(13.013347631476,11.903103215713));
#2869 = CARTESIAN_POINT('',(13.160251593339,11.905293556068));
#2870 = CARTESIAN_POINT('',(13.342915953877,11.907018044965));
#2871 = CARTESIAN_POINT('',(13.3785060095,11.907305045605));
#2872 = CARTESIAN_POINT('',(13.414117803681,11.907544098535));
#2873 = CARTESIAN_POINT('',(13.449750878493,11.907736222553));
#2874 = CARTESIAN_POINT('',(13.485404737657,11.907882615906));
#2875 = CARTESIAN_POINT('',(13.521078846539,11.907984656296));
#2876 = CARTESIAN_POINT('',(13.556772632155,11.908043900877));
#2877 = CARTESIAN_POINT('',(13.704999753924,11.908119379764));
#2878 = CARTESIAN_POINT('',(13.817609637654,11.907766764229));
#2879 = CARTESIAN_POINT('',(13.930305584006,11.907048957521));
#2880 = CARTESIAN_POINT('',(14.043078361885,11.906010334602));
#2881 = CARTESIAN_POINT('',(14.155919059451,11.904694927528));
#2882 = CARTESIAN_POINT('',(14.268819084117,11.903146425444));
#2883 = CARTESIAN_POINT('',(14.381770162552,11.901408174585));
#2884 = CARTESIAN_POINT('',(14.592619169405,11.897890740275));
#2885 = CARTESIAN_POINT('',(14.690506198285,11.896148327946));
#2886 = CARTESIAN_POINT('',(14.788420231056,11.894323889886));
#2887 = CARTESIAN_POINT('',(14.886356104264,11.892445324098));
#2888 = CARTESIAN_POINT('',(14.984308687263,11.89054047799));
#2889 = CARTESIAN_POINT('',(15.082272882217,11.888637148376));
#2890 = CARTESIAN_POINT('',(15.1802436241,11.886763081477));
#2891 = CARTESIAN_POINT('',(15.412243000138,11.882460148522));
#2892 = CARTESIAN_POINT('',(15.546272666954,11.880080990674));
#2893 = CARTESIAN_POINT('',(15.680292104843,11.877879571007));
#2894 = CARTESIAN_POINT('',(15.81428815797,11.875927039413));
#2895 = CARTESIAN_POINT('',(15.94824726307,11.874294772171));
#2896 = CARTESIAN_POINT('',(16.082155421551,11.873054520065));
#2897 = CARTESIAN_POINT('',(16.215998171594,11.872278556508));
#2898 = CARTESIAN_POINT('',(16.349760560258,11.872039825668));
#2899 = ( GEOMETRIC_REPRESENTATION_CONTEXT(2) 
PARAMETRIC_REPRESENTATION_CONTEXT() REPRESENTATION_CONTEXT('2D SPACE',''
  ) );
#2900 = PCURVE('',#1255,#2901);
#2901 = DEFINITIONAL_REPRESENTATION('',(#2902),#3094);
#2902 = B_SPLINE_CURVE_WITH_KNOTS('',8,(#2903,#2904,#2905,#2906,#2907,
    #2908,#2909,#2910,#2911,#2912,#2913,#2914,#2915,#2916,#2917,#2918,
    #2919,#2920,#2921,#2922,#2923,#2924,#2925,#2926,#2927,#2928,#2929,
    #2930,#2931,#2932,#2933,#2934,#2935,#2936,#2937,#2938,#2939,#2940,
    #2941,#2942,#2943,#2944,#2945,#2946,#2947,#2948,#2949,#2950,#2951,
    #2952,#2953,#2954,#2955,#2956,#2957,#2958,#2959,#2960,#2961,#2962,
    #2963,#2964,#2965,#2966,#2967,#2968,#2969,#2970,#2971,#2972,#2973,
    #2974,#2975,#2976,#2977,#2978,#2979,#2980,#2981,#2982,#2983,#2984,
    #2985,#2986,#2987,#2988,#2989,#2990,#2991,#2992,#2993,#2994,#2995,
    #2996,#2997,#2998,#2999,#3000,#3001,#3002,#3003,#3004,#3005,#3006,
    #3007,#3008,#3009,#3010,#3011,#3012,#3013,#3014,#3015,#3016,#3017,
    #3018,#3019,#3020,#3021,#3022,#3023,#3024,#3025,#3026,#3027,#3028,
    #3029,#3030,#3031,#3032,#3033,#3034,#3035,#3036,#3037,#3038,#3039,
    #3040,#3041,#3042,#3043,#3044,#3045,#3046,#3047,#3048,#3049,#3050,
    #3051,#3052,#3053,#3054,#3055,#3056,#3057,#3058,#3059,#3060,#3061,
    #3062,#3063,#3064,#3065,#3066,#3067,#3068,#3069,#3070,#3071,#3072,
    #3073,#3074,#3075,#3076,#3077,#3078,#3079,#3080,#3081,#3082,#3083,
    #3084,#3085,#3086,#3087,#3088,#3089,#3090,#3091,#3092,#3093),
  .UNSPECIFIED.,.F.,.F.,(9,7,7,7,7,7,7,7,7,7,7,7,7,7,7,7,7,7,7,7,7,7,7,7
    ,7,7,7,9),(0.,1.122472758952E-02,2.776409006436E-02,0.136695708583,
    0.245473613628,0.280127243996,0.31978852378,0.337983017596,
    0.385923865392,0.428764270233,0.450098883862,0.459930098253,
    0.471399797767,0.530674414054,0.561059385779,0.592217632476,
    0.632791131968,0.658427482155,0.669477464684,0.705191576048,
    0.747800554232,0.768162579573,0.830964769308,0.878368801675,
    0.889831087912,0.925943320364,0.957217111457,1.),.UNSPECIFIED.);
#2903 = CARTESIAN_POINT('',(24.868719994512,0.25));
#2904 = CARTESIAN_POINT('',(24.833836999639,0.25));
#2905 = CARTESIAN_POINT('',(24.798954448318,0.25));
#2906 = CARTESIAN_POINT('',(24.764072210264,0.25));
#2907 = CARTESIAN_POINT('',(24.729190134033,0.25));
#2908 = CARTESIAN_POINT('',(24.694308047019,0.25));
#2909 = CARTESIAN_POINT('',(24.659425755459,0.25));
#2910 = CARTESIAN_POINT('',(24.62454304443,0.25));
#2911 = CARTESIAN_POINT('',(24.538259887552,0.25));
#2912 = CARTESIAN_POINT('',(24.486860097256,0.25));
#2913 = CARTESIAN_POINT('',(24.435460306959,0.25));
#2914 = CARTESIAN_POINT('',(24.384060516663,0.25));
#2915 = CARTESIAN_POINT('',(24.332660726366,0.25));
#2916 = CARTESIAN_POINT('',(24.28126093607,0.25));
#2917 = CARTESIAN_POINT('',(24.229861145773,0.25));
#2918 = CARTESIAN_POINT('',(23.839931840991,0.25));
#2919 = CARTESIAN_POINT('',(23.501160199869,0.25));
#2920 = CARTESIAN_POINT('',(23.162102906898,0.25));
#2921 = CARTESIAN_POINT('',(22.822871672734,0.25));
#2922 = CARTESIAN_POINT('',(22.483477157559,0.25));
#2923 = CARTESIAN_POINT('',(22.143913765085,0.25));
#2924 = CARTESIAN_POINT('',(21.804270444483,0.25));
#2925 = CARTESIAN_POINT('',(21.12531378746,0.25));
#2926 = CARTESIAN_POINT('',(20.786006692857,0.25));
#2927 = CARTESIAN_POINT('',(20.446665414392,0.25));
#2928 = CARTESIAN_POINT('',(20.107324190629,0.25));
#2929 = CARTESIAN_POINT('',(19.76801722831,0.25));
#2930 = CARTESIAN_POINT('',(19.42877870236,0.25));
#2931 = CARTESIAN_POINT('',(19.089642755883,0.25));
#2932 = CARTESIAN_POINT('',(18.642647718321,0.25));
#2933 = CARTESIAN_POINT('',(18.53466580446,0.25));
#2934 = CARTESIAN_POINT('',(18.42669885849,0.25));
#2935 = CARTESIAN_POINT('',(18.318747978597,0.25));
#2936 = CARTESIAN_POINT('',(18.210814261244,0.25));
#2937 = CARTESIAN_POINT('',(18.102898801168,0.25));
#2938 = CARTESIAN_POINT('',(17.995002691384,0.25));
#2939 = CARTESIAN_POINT('',(17.763662698874,0.25));
#2940 = CARTESIAN_POINT('',(17.640223778411,0.25));
#2941 = CARTESIAN_POINT('',(17.516813892364,0.25));
#2942 = CARTESIAN_POINT('',(17.393435585603,0.25));
#2943 = CARTESIAN_POINT('',(17.270090317304,0.25));
#2944 = CARTESIAN_POINT('',(17.146778460947,0.25));
#2945 = CARTESIAN_POINT('',(17.023499304314,0.25));
#2946 = CARTESIAN_POINT('',(16.843711280165,0.25));
#2947 = CARTESIAN_POINT('',(16.787171510839,0.25));
#2948 = CARTESIAN_POINT('',(16.730631741513,0.25));
#2949 = CARTESIAN_POINT('',(16.674091972187,0.25));
#2950 = CARTESIAN_POINT('',(16.617552202861,0.25));
#2951 = CARTESIAN_POINT('',(16.561012433535,0.25));
#2952 = CARTESIAN_POINT('',(16.504472664209,0.25));
#2953 = CARTESIAN_POINT('',(16.298955709632,0.25));
#2954 = CARTESIAN_POINT('',(16.149983861591,0.25));
#2955 = CARTESIAN_POINT('',(16.001002447797,0.25));
#2956 = CARTESIAN_POINT('',(15.851996957731,0.25));
#2957 = CARTESIAN_POINT('',(15.702953273323,0.25));
#2958 = CARTESIAN_POINT('',(15.553857668945,0.25));
#2959 = CARTESIAN_POINT('',(15.404696811417,0.25));
#2960 = CARTESIAN_POINT('',(15.12209630157,0.25));
#2961 = CARTESIAN_POINT('',(14.988672631578,0.25));
#2962 = CARTESIAN_POINT('',(14.855177510803,0.25));
#2963 = CARTESIAN_POINT('',(14.721602205015,0.25));
#2964 = CARTESIAN_POINT('',(14.587938484975,0.25));
#2965 = CARTESIAN_POINT('',(14.454178626435,0.25));
#2966 = CARTESIAN_POINT('',(14.320315410143,0.25));
#2967 = CARTESIAN_POINT('',(14.119623136494,0.25));
#2968 = CARTESIAN_POINT('',(14.052876884304,0.25));
#2969 = CARTESIAN_POINT('',(13.986102549786,0.25));
#2970 = CARTESIAN_POINT('',(13.91929936321,0.25));
#2971 = CARTESIAN_POINT('',(13.852466600587,0.25));
#2972 = CARTESIAN_POINT('',(13.785603583675,0.25));
#2973 = CARTESIAN_POINT('',(13.718709679981,0.25));
#2974 = CARTESIAN_POINT('',(13.620944384897,0.25));
#2975 = CARTESIAN_POINT('',(13.590104471401,0.25));
#2976 = CARTESIAN_POINT('',(13.559264596063,0.25));
#2977 = CARTESIAN_POINT('',(13.528424768892,0.25));
#2978 = CARTESIAN_POINT('',(13.497584976105,0.25));
#2979 = CARTESIAN_POINT('',(13.466745180127,0.25));
#2980 = CARTESIAN_POINT('',(13.435905319588,0.25));
#2981 = CARTESIAN_POINT('',(13.369085456122,0.25));
#2982 = CARTESIAN_POINT('',(13.333105602914,0.25));
#2983 = CARTESIAN_POINT('',(13.297125749707,0.25));
#2984 = CARTESIAN_POINT('',(13.261145896499,0.25));
#2985 = CARTESIAN_POINT('',(13.225166043291,0.25));
#2986 = CARTESIAN_POINT('',(13.189186190084,0.25));
#2987 = CARTESIAN_POINT('',(13.153206336876,0.25));
#2988 = CARTESIAN_POINT('',(12.931285082992,0.25));
#2989 = CARTESIAN_POINT('',(12.745295374961,0.25));
#2990 = CARTESIAN_POINT('',(12.559376048993,0.25));
#2991 = CARTESIAN_POINT('',(12.373675096031,0.25));
#2992 = CARTESIAN_POINT('',(12.188367801681,0.25));
#2993 = CARTESIAN_POINT('',(12.003654186533,0.25));
#2994 = CARTESIAN_POINT('',(11.819755893632,0.25));
#2995 = CARTESIAN_POINT('',(11.543184533124,0.25));
#2996 = CARTESIAN_POINT('',(11.449734209494,0.25));
#2997 = CARTESIAN_POINT('',(11.356594750225,0.25));
#2998 = CARTESIAN_POINT('',(11.263799938054,0.25));
#2999 = CARTESIAN_POINT('',(11.171384002286,0.25));
#3000 = CARTESIAN_POINT('',(11.079381480595,0.25));
#3001 = CARTESIAN_POINT('',(10.987827080838,0.25));
#3002 = CARTESIAN_POINT('',(10.803366301852,0.25));
#3003 = CARTESIAN_POINT('',(10.71049760114,0.25));
#3004 = CARTESIAN_POINT('',(10.617998720677,0.25));
#3005 = CARTESIAN_POINT('',(10.525733680088,0.25));
#3006 = CARTESIAN_POINT('',(10.433577707909,0.25));
#3007 = CARTESIAN_POINT('',(10.341413285387,0.25));
#3008 = CARTESIAN_POINT('',(10.249125764842,0.25));
#3009 = CARTESIAN_POINT('',(10.036111924494,0.25));
#3010 = CARTESIAN_POINT('',(9.915268059362,0.25));
#3011 = CARTESIAN_POINT('',(9.793769416808,0.25));
#3012 = CARTESIAN_POINT('',(9.671380118179,0.25));
#3013 = CARTESIAN_POINT('',(9.547912771697,0.25));
#3014 = CARTESIAN_POINT('',(9.423218989049,0.25));
#3015 = CARTESIAN_POINT('',(9.297183603408,0.25));
#3016 = CARTESIAN_POINT('',(9.089186395467,0.25));
#3017 = CARTESIAN_POINT('',(9.008103348293,0.25));
#3018 = CARTESIAN_POINT('',(8.926468383257,0.25));
#3019 = CARTESIAN_POINT('',(8.844303803301,0.25));
#3020 = CARTESIAN_POINT('',(8.761659469829,0.25));
#3021 = CARTESIAN_POINT('',(8.678614469624,0.25));
#3022 = CARTESIAN_POINT('',(8.595280257273,0.25));
#3023 = CARTESIAN_POINT('',(8.47582522485,0.25));
#3024 = CARTESIAN_POINT('',(8.439845453328,0.25));
#3025 = CARTESIAN_POINT('',(8.403865749502,0.25));
#3026 = CARTESIAN_POINT('',(8.367885983162,0.25));
#3027 = CARTESIAN_POINT('',(8.331906102929,0.25));
#3028 = CARTESIAN_POINT('',(8.295926136246,0.25));
#3029 = CARTESIAN_POINT('',(8.259946189384,0.25));
#3030 = CARTESIAN_POINT('',(8.107678072579,0.25));
#3031 = CARTESIAN_POINT('',(7.992039133218,0.25));
#3032 = CARTESIAN_POINT('',(7.877303938292,0.25));
#3033 = CARTESIAN_POINT('',(7.763620600786,0.25));
#3034 = CARTESIAN_POINT('',(7.651046064818,0.25));
#3035 = CARTESIAN_POINT('',(7.539555325414,0.25));
#3036 = CARTESIAN_POINT('',(7.42904484094,0.25));
#3037 = CARTESIAN_POINT('',(7.188434220724,0.25));
#3038 = CARTESIAN_POINT('',(7.058766173097,0.25));
#3039 = CARTESIAN_POINT('',(6.930045618077,0.25));
#3040 = CARTESIAN_POINT('',(6.80200967645,0.25));
#3041 = CARTESIAN_POINT('',(6.674399807416,0.25));
#3042 = CARTESIAN_POINT('',(6.5469488054,0.25));
#3043 = CARTESIAN_POINT('',(6.419367953319,0.25));
#3044 = CARTESIAN_POINT('',(6.230149484711,0.25));
#3045 = CARTESIAN_POINT('',(6.168871689175,0.25));
#3046 = CARTESIAN_POINT('',(6.107442575166,0.25));
#3047 = CARTESIAN_POINT('',(6.045951704421,0.25));
#3048 = CARTESIAN_POINT('',(5.984120704759,0.25));
#3049 = CARTESIAN_POINT('',(5.922219504651,0.25));
#3050 = CARTESIAN_POINT('',(5.860128319799,0.25));
#3051 = CARTESIAN_POINT('',(5.605955504813,0.25));
#3052 = CARTESIAN_POINT('',(5.412605008416,0.25));
#3053 = CARTESIAN_POINT('',(5.218091339525,0.25));
#3054 = CARTESIAN_POINT('',(5.022644827761,0.25));
#3055 = CARTESIAN_POINT('',(4.826475332772,0.25));
#3056 = CARTESIAN_POINT('',(4.629768387475,0.25));
#3057 = CARTESIAN_POINT('',(4.432681800873,0.25));
#3058 = CARTESIAN_POINT('',(4.086388230213,0.25));
#3059 = CARTESIAN_POINT('',(3.937297208348,0.25));
#3060 = CARTESIAN_POINT('',(3.788123772198,0.25));
#3061 = CARTESIAN_POINT('',(3.638921664972,0.25));
#3062 = CARTESIAN_POINT('',(3.489743885932,0.25));
#3063 = CARTESIAN_POINT('',(3.340642320594,0.25));
#3064 = CARTESIAN_POINT('',(3.191667370927,0.25));
#3065 = CARTESIAN_POINT('',(3.00688782504,0.25));
#3066 = CARTESIAN_POINT('',(2.970907955067,0.25));
#3067 = CARTESIAN_POINT('',(2.934928044112,0.25));
#3068 = CARTESIAN_POINT('',(2.898948139061,0.25));
#3069 = CARTESIAN_POINT('',(2.862968265208,0.25));
#3070 = CARTESIAN_POINT('',(2.826988426254,0.25));
#3071 = CARTESIAN_POINT('',(2.79100860431,0.25));
#3072 = CARTESIAN_POINT('',(2.641673319424,0.25));
#3073 = CARTESIAN_POINT('',(2.52841275662,0.25));
#3074 = CARTESIAN_POINT('',(2.415239266342,0.25));
#3075 = CARTESIAN_POINT('',(2.302144868132,0.25));
#3076 = CARTESIAN_POINT('',(2.189121406214,0.25));
#3077 = CARTESIAN_POINT('',(2.076160549493,0.25));
#3078 = CARTESIAN_POINT('',(1.963253791557,0.25));
#3079 = CARTESIAN_POINT('',(1.752652661202,0.25));
#3080 = CARTESIAN_POINT('',(1.654947026826,0.25));
#3081 = CARTESIAN_POINT('',(1.557269932506,0.25));
#3082 = CARTESIAN_POINT('',(1.459615757529,0.25));
#3083 = CARTESIAN_POINT('',(1.361978875506,0.25));
#3084 = CARTESIAN_POINT('',(1.264353654376,0.25));
#3085 = CARTESIAN_POINT('',(1.166734456401,0.25));
#3086 = CARTESIAN_POINT('',(0.935572026274,0.25));
#3087 = CARTESIAN_POINT('',(0.802029385729,0.25));
#3088 = CARTESIAN_POINT('',(0.668473096741,0.25));
#3089 = CARTESIAN_POINT('',(0.534888917385,0.25));
#3090 = CARTESIAN_POINT('',(0.401262953546,0.25));
#3091 = CARTESIAN_POINT('',(0.267581628865,0.25));
#3092 = CARTESIAN_POINT('',(0.133831654686,0.25));
#3093 = CARTESIAN_POINT('',(0.,0.25));
#3094 = ( GEOMETRIC_REPRESENTATION_CONTEXT(2) 
PARAMETRIC_REPRESENTATION_CONTEXT() REPRESENTATION_CONTEXT('2D SPACE',''
  ) );
#3095 = ORIENTED_EDGE('',*,*,#3096,.F.);
#3096 = EDGE_CURVE('',#3097,#2510,#3099,.T.);
#3097 = VERTEX_POINT('',#3098);
#3098 = CARTESIAN_POINT('',(-10.5,17.927361191462,4.884981308351E-15));
#3099 = SURFACE_CURVE('',#3100,(#3104,#3111),.PCURVE_S1.);
#3100 = LINE('',#3101,#3102);
#3101 = CARTESIAN_POINT('',(-10.5,2.95,-3.552713678801E-15));
#3102 = VECTOR('',#3103,1.);
#3103 = DIRECTION('',(-0.,1.,-0.));
#3104 = PCURVE('',#180,#3105);
#3105 = DEFINITIONAL_REPRESENTATION('',(#3106),#3110);
#3106 = LINE('',#3107,#3108);
#3107 = CARTESIAN_POINT('',(17.931634725379,-3.195148834654));
#3108 = VECTOR('',#3109,1.);
#3109 = DIRECTION('',(-0.104414136312,0.994533904972));
#3110 = ( GEOMETRIC_REPRESENTATION_CONTEXT(2) 
PARAMETRIC_REPRESENTATION_CONTEXT() REPRESENTATION_CONTEXT('2D SPACE',''
  ) );
#3111 = PCURVE('',#1480,#3112);
#3112 = DEFINITIONAL_REPRESENTATION('',(#3113),#3117);
#3113 = LINE('',#3114,#3115);
#3114 = CARTESIAN_POINT('',(5.05,-62.74150538922));
#3115 = VECTOR('',#3116,1.);
#3116 = DIRECTION('',(1.,0.));
#3117 = ( GEOMETRIC_REPRESENTATION_CONTEXT(2) 
PARAMETRIC_REPRESENTATION_CONTEXT() REPRESENTATION_CONTEXT('2D SPACE',''
  ) );
#3118 = ORIENTED_EDGE('',*,*,#3119,.T.);
#3119 = EDGE_CURVE('',#3097,#3120,#3122,.T.);
#3120 = VERTEX_POINT('',#3121);
#3121 = CARTESIAN_POINT('',(14.449459332498,8.125,0.));
#3122 = SURFACE_CURVE('',#3123,(#3146,#3172),.PCURVE_S1.);
#3123 = B_SPLINE_CURVE_WITH_KNOTS('',6,(#3124,#3125,#3126,#3127,#3128,
    #3129,#3130,#3131,#3132,#3133,#3134,#3135,#3136,#3137,#3138,#3139,
    #3140,#3141,#3142,#3143,#3144,#3145),.UNSPECIFIED.,.F.,.F.,(7,5,5,5,
    7),(0.,0.250000000059,0.499999999963,0.750000000934,1.),
  .UNSPECIFIED.);
#3124 = CARTESIAN_POINT('',(-10.50000595782,17.927354889969,0.));
#3125 = CARTESIAN_POINT('',(-9.513879038815,18.970365714846,0.));
#3126 = CARTESIAN_POINT('',(-8.403122602151,19.896145758881,0.));
#3127 = CARTESIAN_POINT('',(-7.185799695814,20.685324910509,0.));
#3128 = CARTESIAN_POINT('',(-5.883042585339,21.323684293436,0.));
#3129 = CARTESIAN_POINT('',(-4.517911812149,21.800409080713,0.));
#3130 = CARTESIAN_POINT('',(-1.714704524431,22.419521689644,0.));
#3131 = CARTESIAN_POINT('',(-0.275774189308,22.562098085213,0.));
#3132 = CARTESIAN_POINT('',(1.174660610904,22.531804994698,0.));
#3133 = CARTESIAN_POINT('',(2.611129508933,22.328738780705,0.));
#3134 = CARTESIAN_POINT('',(4.008477349194,21.956895328842,0.));
#3135 = CARTESIAN_POINT('',(6.675848925846,20.895575196114,0.));
#3136 = CARTESIAN_POINT('',(7.946685108426,20.205775249525,0.));
#3137 = CARTESIAN_POINT('',(9.129996007807,19.366457597348,0.));
#3138 = CARTESIAN_POINT('',(10.204757542062,18.392000594174,0.));
#3139 = CARTESIAN_POINT('',(11.15239563527,17.299832744874,0.));
#3140 = CARTESIAN_POINT('',(12.76399025696,14.924115109578,0.));
#3141 = CARTESIAN_POINT('',(13.42843766369,13.639841701482,0.));
#3142 = CARTESIAN_POINT('',(13.936516391469,12.280969076162,0.));
#3143 = CARTESIAN_POINT('',(14.27889952101,10.87119868907,0.));
#3144 = CARTESIAN_POINT('',(14.450000000001,9.435380741387,0.));
#3145 = CARTESIAN_POINT('',(14.45,8.,0.));
#3146 = PCURVE('',#180,#3147);
#3147 = DEFINITIONAL_REPRESENTATION('',(#3148),#3171);
#3148 = B_SPLINE_CURVE_WITH_KNOTS('',6,(#3149,#3150,#3151,#3152,#3153,
    #3154,#3155,#3156,#3157,#3158,#3159,#3160,#3161,#3162,#3163,#3164,
    #3165,#3166,#3167,#3168,#3169,#3170),.UNSPECIFIED.,.F.,.F.,(7,5,5,5,
    7),(0.,0.250000000059,0.499999999963,0.750000000934,1.),
  .UNSPECIFIED.);
#3149 = CARTESIAN_POINT('',(16.367781225051,11.700337788133));
#3150 = CARTESIAN_POINT('',(17.239612806169,12.840613007268));
#3151 = CARTESIAN_POINT('',(18.247633218884,13.877311323594));
#3152 = CARTESIAN_POINT('',(19.375900663022,14.789282466863));
#3153 = CARTESIAN_POINT('',(20.604883035708,15.560178775254));
#3154 = CARTESIAN_POINT('',(21.912775067444,16.176836690177));
#3155 = CARTESIAN_POINT('',(24.636015649402,17.085259638603));
#3156 = CARTESIAN_POINT('',(26.052193663373,17.3773013662));
#3157 = CARTESIAN_POINT('',(27.497863276016,17.498619757537));
#3158 = CARTESIAN_POINT('',(28.947683281892,17.446651182093));
#3159 = CARTESIAN_POINT('',(30.37621879894,17.222743129741));
#3160 = CARTESIAN_POINT('',(33.139827094087,16.445735573112));
#3161 = CARTESIAN_POINT('',(34.475741630979,15.892399400979));
#3162 = CARTESIAN_POINT('',(35.740221068279,15.181223924395));
#3163 = CARTESIAN_POINT('',(36.910854940214,14.324313693141));
#3164 = CARTESIAN_POINT('',(37.967350916244,13.337062550131));
#3165 = CARTESIAN_POINT('',(39.818194913595,11.142604073698));
#3166 = CARTESIAN_POINT('',(40.613106686352,9.934728328192));
#3167 = CARTESIAN_POINT('',(41.260293719054,8.636334031312));
#3168 = CARTESIAN_POINT('',(41.748005307239,7.270019221882));
#3169 = CARTESIAN_POINT('',(42.06809022566,5.859914900282));
#3170 = CARTESIAN_POINT('',(42.217964266049,4.432380086429));
#3171 = ( GEOMETRIC_REPRESENTATION_CONTEXT(2) 
PARAMETRIC_REPRESENTATION_CONTEXT() REPRESENTATION_CONTEXT('2D SPACE',''
  ) );
#3172 = PCURVE('',#1614,#3173);
#3173 = DEFINITIONAL_REPRESENTATION('',(#3174),#3197);
#3174 = B_SPLINE_CURVE_WITH_KNOTS('',6,(#3175,#3176,#3177,#3178,#3179,
    #3180,#3181,#3182,#3183,#3184,#3185,#3186,#3187,#3188,#3189,#3190,
    #3191,#3192,#3193,#3194,#3195,#3196),.UNSPECIFIED.,.F.,.F.,(7,5,5,5,
    7),(0.,0.250000000059,0.499999999963,0.750000000934,1.),
  .UNSPECIFIED.);
#3175 = CARTESIAN_POINT('',(2.384220682128,0.25));
#3176 = CARTESIAN_POINT('',(2.284886375031,0.25));
#3177 = CARTESIAN_POINT('',(2.185522441291,0.25));
#3178 = CARTESIAN_POINT('',(2.086193097632,0.25));
#3179 = CARTESIAN_POINT('',(1.986863753713,0.25));
#3180 = CARTESIAN_POINT('',(1.887499819376,0.25));
#3181 = CARTESIAN_POINT('',(1.688831203878,0.25));
#3182 = CARTESIAN_POINT('',(1.589467270002,0.25));
#3183 = CARTESIAN_POINT('',(1.490137926423,0.25));
#3184 = CARTESIAN_POINT('',(1.390808582782,0.25));
#3185 = CARTESIAN_POINT('',(1.291444648797,0.25));
#3186 = CARTESIAN_POINT('',(1.092776032908,0.25));
#3187 = CARTESIAN_POINT('',(0.993412098301,0.25));
#3188 = CARTESIAN_POINT('',(0.894082754497,0.25));
#3189 = CARTESIAN_POINT('',(0.794753411511,0.25));
#3190 = CARTESIAN_POINT('',(0.69538947813,0.25));
#3191 = CARTESIAN_POINT('',(0.496720863691,0.25));
#3192 = CARTESIAN_POINT('',(0.39735692862,0.25));
#3193 = CARTESIAN_POINT('',(0.298027584138,0.25));
#3194 = CARTESIAN_POINT('',(0.198698233179,0.25));
#3195 = CARTESIAN_POINT('',(9.933430736236E-02,0.25));
#3196 = CARTESIAN_POINT('',(0.,0.25));
#3197 = ( GEOMETRIC_REPRESENTATION_CONTEXT(2) 
PARAMETRIC_REPRESENTATION_CONTEXT() REPRESENTATION_CONTEXT('2D SPACE',''
  ) );
#3198 = ORIENTED_EDGE('',*,*,#3199,.F.);
#3199 = EDGE_CURVE('',#3200,#3120,#3202,.T.);
#3200 = VERTEX_POINT('',#3201);
#3201 = CARTESIAN_POINT('',(24.9,8.125,0.));
#3202 = SURFACE_CURVE('',#3203,(#3207,#3214),.PCURVE_S1.);
#3203 = LINE('',#3204,#3205);
#3204 = CARTESIAN_POINT('',(-64.,8.125,0.));
#3205 = VECTOR('',#3206,1.);
#3206 = DIRECTION('',(-1.,0.,-0.));
#3207 = PCURVE('',#180,#3208);
#3208 = DEFINITIONAL_REPRESENTATION('',(#3209),#3213);
#3209 = LINE('',#3210,#3211);
#3210 = CARTESIAN_POINT('',(-35.81627234602,-3.634592169097));
#3211 = VECTOR('',#3212,1.);
#3212 = DIRECTION('',(-0.994533904972,-0.104414136312));
#3213 = ( GEOMETRIC_REPRESENTATION_CONTEXT(2) 
PARAMETRIC_REPRESENTATION_CONTEXT() REPRESENTATION_CONTEXT('2D SPACE',''
  ) );
#3214 = PCURVE('',#1721,#3215);
#3215 = DEFINITIONAL_REPRESENTATION('',(#3216),#3220);
#3216 = LINE('',#3217,#3218);
#3217 = CARTESIAN_POINT('',(100.,36.));
#3218 = VECTOR('',#3219,1.);
#3219 = DIRECTION('',(0.,-1.));
#3220 = ( GEOMETRIC_REPRESENTATION_CONTEXT(2) 
PARAMETRIC_REPRESENTATION_CONTEXT() REPRESENTATION_CONTEXT('2D SPACE',''
  ) );
#3221 = ORIENTED_EDGE('',*,*,#3222,.T.);
#3222 = EDGE_CURVE('',#3200,#3223,#3225,.T.);
#3223 = VERTEX_POINT('',#3224);
#3224 = CARTESIAN_POINT('',(24.9,6.770329308849,0.));
#3225 = SURFACE_CURVE('',#3226,(#3230,#3237),.PCURVE_S1.);
#3226 = LINE('',#3227,#3228);
#3227 = CARTESIAN_POINT('',(24.9,9.125,0.));
#3228 = VECTOR('',#3229,1.);
#3229 = DIRECTION('',(0.,-1.,0.));
#3230 = PCURVE('',#180,#3231);
#3231 = DEFINITIONAL_REPRESENTATION('',(#3232),#3236);
#3232 = LINE('',#3233,#3234);
#3233 = CARTESIAN_POINT('',(52.493377669653,6.642358453978));
#3234 = VECTOR('',#3235,1.);
#3235 = DIRECTION('',(0.104414136312,-0.994533904972));
#3236 = ( GEOMETRIC_REPRESENTATION_CONTEXT(2) 
PARAMETRIC_REPRESENTATION_CONTEXT() REPRESENTATION_CONTEXT('2D SPACE',''
  ) );
#3237 = PCURVE('',#3238,#3243);
#3238 = PLANE('',#3239);
#3239 = AXIS2_PLACEMENT_3D('',#3240,#3241,#3242);
#3240 = CARTESIAN_POINT('',(27.777857445009,9.125,9.41304755963));
#3241 = DIRECTION('',(-0.956304755963,0.,0.292371704723));
#3242 = DIRECTION('',(0.,-1.,0.));
#3243 = DEFINITIONAL_REPRESENTATION('',(#3244),#3248);
#3244 = LINE('',#3245,#3246);
#3245 = CARTESIAN_POINT('',(-0.,-9.843146236527));
#3246 = VECTOR('',#3247,1.);
#3247 = DIRECTION('',(1.,0.));
#3248 = ( GEOMETRIC_REPRESENTATION_CONTEXT(2) 
PARAMETRIC_REPRESENTATION_CONTEXT() REPRESENTATION_CONTEXT('2D SPACE',''
  ) );
#3249 = ORIENTED_EDGE('',*,*,#3250,.T.);
#3250 = EDGE_CURVE('',#3223,#3251,#3253,.T.);
#3251 = VERTEX_POINT('',#3252);
#3252 = CARTESIAN_POINT('',(28.,5.1,0.));
#3253 = SURFACE_CURVE('',#3254,(#3259,#3266),.PCURVE_S1.);
#3254 = CIRCLE('',#3255,2.);
#3255 = AXIS2_PLACEMENT_3D('',#3256,#3257,#3258);
#3256 = CARTESIAN_POINT('',(26.,5.1,0.));
#3257 = DIRECTION('',(0.,0.,1.));
#3258 = DIRECTION('',(1.,0.,0.));
#3259 = PCURVE('',#180,#3260);
#3260 = DEFINITIONAL_REPRESENTATION('',(#3261),#3265);
#3261 = CIRCLE('',#3262,2.);
#3262 = AXIS2_PLACEMENT_2D('',#3263,#3264);
#3263 = CARTESIAN_POINT('',(54.007631863777,2.75421503641));
#3264 = DIRECTION('',(0.994533904972,0.104414136312));
#3265 = ( GEOMETRIC_REPRESENTATION_CONTEXT(2) 
PARAMETRIC_REPRESENTATION_CONTEXT() REPRESENTATION_CONTEXT('2D SPACE',''
  ) );
#3266 = PCURVE('',#3267,#3296);
#3267 = B_SPLINE_SURFACE_WITH_KNOTS('',13,1,(
    (#3268,#3269)
    ,(#3270,#3271)
    ,(#3272,#3273)
    ,(#3274,#3275)
    ,(#3276,#3277)
    ,(#3278,#3279)
    ,(#3280,#3281)
    ,(#3282,#3283)
    ,(#3284,#3285)
    ,(#3286,#3287)
    ,(#3288,#3289)
    ,(#3290,#3291)
    ,(#3292,#3293)
    ,(#3294,#3295
    )),.UNSPECIFIED.,.T.,.F.,.F.,(14,14),(2,2),(0.,6.28318530718),(0.,1.
    ),.PIECEWISE_BEZIER_KNOTS.);
#3268 = CARTESIAN_POINT('',(28.,5.1,0.));
#3269 = CARTESIAN_POINT('',(30.877857445009,5.1,9.41304755963));
#3270 = CARTESIAN_POINT('',(27.999999999996,6.066643893412,0.));
#3271 = CARTESIAN_POINT('',(30.877857445004,6.066643893412,9.41304755963
    ));
#3272 = CARTESIAN_POINT('',(27.493863663684,7.033288173372,0.));
#3273 = CARTESIAN_POINT('',(30.371721108698,7.033288173372,
    9.413047559634));
#3274 = CARTESIAN_POINT('',(26.48162112364,7.710825198529,0.));
#3275 = CARTESIAN_POINT('',(29.359478568633,7.710825198529,
    9.413047559622));
#3276 = CARTESIAN_POINT('',(25.144757640119,7.810183188922,0.));
#3277 = CARTESIAN_POINT('',(28.022615085159,7.810183188922,
    9.413047559647));
#3278 = CARTESIAN_POINT('',(23.847157514732,7.168937351484,0.));
#3279 = CARTESIAN_POINT('',(26.725014959688,7.168937351484,
    9.413047559607));
#3280 = CARTESIAN_POINT('',(23.032600040905,5.878895344861,0.));
#3281 = CARTESIAN_POINT('',(25.910457485981,5.878895344861,
    9.413047559655));
#3282 = CARTESIAN_POINT('',(23.032600040637,4.321104655138,0.));
#3283 = CARTESIAN_POINT('',(25.910457485572,4.321104655138,
    9.413047559611));
#3284 = CARTESIAN_POINT('',(23.847157514946,3.031062648519,0.));
#3285 = CARTESIAN_POINT('',(26.725014960018,3.031062648519,
    9.413047559642));
#3286 = CARTESIAN_POINT('',(25.144757639984,2.389816811075,0.));
#3287 = CARTESIAN_POINT('',(28.022615084947,2.389816811075,
    9.413047559626));
#3288 = CARTESIAN_POINT('',(26.481621123705,2.489174801473,0.));
#3289 = CARTESIAN_POINT('',(29.359478568738,2.489174801473,
    9.413047559631));
#3290 = CARTESIAN_POINT('',(27.493863663661,3.166711826627,0.));
#3291 = CARTESIAN_POINT('',(30.371721108659,3.166711826627,9.41304755963
    ));
#3292 = CARTESIAN_POINT('',(28.000000000002,4.133356106588,0.));
#3293 = CARTESIAN_POINT('',(30.877857445012,4.133356106588,9.41304755963
    ));
#3294 = CARTESIAN_POINT('',(28.,5.1,0.));
#3295 = CARTESIAN_POINT('',(30.877857445009,5.1,9.41304755963));
#3296 = DEFINITIONAL_REPRESENTATION('',(#3297),#3301);
#3297 = LINE('',#3298,#3299);
#3298 = CARTESIAN_POINT('',(0.,0.));
#3299 = VECTOR('',#3300,1.);
#3300 = DIRECTION('',(1.,0.));
#3301 = ( GEOMETRIC_REPRESENTATION_CONTEXT(2) 
PARAMETRIC_REPRESENTATION_CONTEXT() REPRESENTATION_CONTEXT('2D SPACE',''
  ) );
#3302 = ORIENTED_EDGE('',*,*,#3303,.T.);
#3303 = EDGE_CURVE('',#3251,#3304,#3306,.T.);
#3304 = VERTEX_POINT('',#3305);
#3305 = CARTESIAN_POINT('',(27.1,6.770329308849,0.));
#3306 = SURFACE_CURVE('',#3307,(#3312,#3319),.PCURVE_S1.);
#3307 = CIRCLE('',#3308,2.);
#3308 = AXIS2_PLACEMENT_3D('',#3309,#3310,#3311);
#3309 = CARTESIAN_POINT('',(26.,5.1,0.));
#3310 = DIRECTION('',(0.,0.,1.));
#3311 = DIRECTION('',(1.,0.,0.));
#3312 = PCURVE('',#180,#3313);
#3313 = DEFINITIONAL_REPRESENTATION('',(#3314),#3318);
#3314 = CIRCLE('',#3315,2.);
#3315 = AXIS2_PLACEMENT_2D('',#3316,#3317);
#3316 = CARTESIAN_POINT('',(54.007631863777,2.75421503641));
#3317 = DIRECTION('',(0.994533904972,0.104414136312));
#3318 = ( GEOMETRIC_REPRESENTATION_CONTEXT(2) 
PARAMETRIC_REPRESENTATION_CONTEXT() REPRESENTATION_CONTEXT('2D SPACE',''
  ) );
#3319 = PCURVE('',#3320,#3349);
#3320 = B_SPLINE_SURFACE_WITH_KNOTS('',13,1,(
    (#3321,#3322)
    ,(#3323,#3324)
    ,(#3325,#3326)
    ,(#3327,#3328)
    ,(#3329,#3330)
    ,(#3331,#3332)
    ,(#3333,#3334)
    ,(#3335,#3336)
    ,(#3337,#3338)
    ,(#3339,#3340)
    ,(#3341,#3342)
    ,(#3343,#3344)
    ,(#3345,#3346)
    ,(#3347,#3348
    )),.UNSPECIFIED.,.T.,.F.,.F.,(14,14),(2,2),(0.,6.28318530718),(0.,1.
    ),.PIECEWISE_BEZIER_KNOTS.);
#3321 = CARTESIAN_POINT('',(28.,5.1,0.));
#3322 = CARTESIAN_POINT('',(30.877857445009,5.1,9.41304755963));
#3323 = CARTESIAN_POINT('',(27.999999999996,6.066643893412,0.));
#3324 = CARTESIAN_POINT('',(30.877857445004,6.066643893412,9.41304755963
    ));
#3325 = CARTESIAN_POINT('',(27.493863663684,7.033288173372,0.));
#3326 = CARTESIAN_POINT('',(30.371721108698,7.033288173372,
    9.413047559634));
#3327 = CARTESIAN_POINT('',(26.48162112364,7.710825198529,0.));
#3328 = CARTESIAN_POINT('',(29.359478568633,7.710825198529,
    9.413047559622));
#3329 = CARTESIAN_POINT('',(25.144757640119,7.810183188922,0.));
#3330 = CARTESIAN_POINT('',(28.022615085159,7.810183188922,
    9.413047559647));
#3331 = CARTESIAN_POINT('',(23.847157514732,7.168937351484,0.));
#3332 = CARTESIAN_POINT('',(26.725014959688,7.168937351484,
    9.413047559607));
#3333 = CARTESIAN_POINT('',(23.032600040905,5.878895344861,0.));
#3334 = CARTESIAN_POINT('',(25.910457485981,5.878895344861,
    9.413047559655));
#3335 = CARTESIAN_POINT('',(23.032600040637,4.321104655138,0.));
#3336 = CARTESIAN_POINT('',(25.910457485572,4.321104655138,
    9.413047559611));
#3337 = CARTESIAN_POINT('',(23.847157514946,3.031062648519,0.));
#3338 = CARTESIAN_POINT('',(26.725014960018,3.031062648519,
    9.413047559642));
#3339 = CARTESIAN_POINT('',(25.144757639984,2.389816811075,0.));
#3340 = CARTESIAN_POINT('',(28.022615084947,2.389816811075,
    9.413047559626));
#3341 = CARTESIAN_POINT('',(26.481621123705,2.489174801473,0.));
#3342 = CARTESIAN_POINT('',(29.359478568738,2.489174801473,
    9.413047559631));
#3343 = CARTESIAN_POINT('',(27.493863663661,3.166711826627,0.));
#3344 = CARTESIAN_POINT('',(30.371721108659,3.166711826627,9.41304755963
    ));
#3345 = CARTESIAN_POINT('',(28.000000000002,4.133356106588,0.));
#3346 = CARTESIAN_POINT('',(30.877857445012,4.133356106588,9.41304755963
    ));
#3347 = CARTESIAN_POINT('',(28.,5.1,0.));
#3348 = CARTESIAN_POINT('',(30.877857445009,5.1,9.41304755963));
#3349 = DEFINITIONAL_REPRESENTATION('',(#3350),#3354);
#3350 = LINE('',#3351,#3352);
#3351 = CARTESIAN_POINT('',(0.,0.));
#3352 = VECTOR('',#3353,1.);
#3353 = DIRECTION('',(1.,0.));
#3354 = ( GEOMETRIC_REPRESENTATION_CONTEXT(2) 
PARAMETRIC_REPRESENTATION_CONTEXT() REPRESENTATION_CONTEXT('2D SPACE',''
  ) );
#3355 = ORIENTED_EDGE('',*,*,#3356,.T.);
#3356 = EDGE_CURVE('',#3304,#2224,#3357,.T.);
#3357 = SURFACE_CURVE('',#3358,(#3362,#3369),.PCURVE_S1.);
#3358 = LINE('',#3359,#3360);
#3359 = CARTESIAN_POINT('',(27.1,5.1,0.));
#3360 = VECTOR('',#3361,1.);
#3361 = DIRECTION('',(0.,1.,0.));
#3362 = PCURVE('',#180,#3363);
#3363 = DEFINITIONAL_REPRESENTATION('',(#3364),#3368);
#3364 = LINE('',#3365,#3366);
#3365 = CARTESIAN_POINT('',(55.101619159245,2.869070586353));
#3366 = VECTOR('',#3367,1.);
#3367 = DIRECTION('',(-0.104414136312,0.994533904972));
#3368 = ( GEOMETRIC_REPRESENTATION_CONTEXT(2) 
PARAMETRIC_REPRESENTATION_CONTEXT() REPRESENTATION_CONTEXT('2D SPACE',''
  ) );
#3369 = PCURVE('',#2262,#3370);
#3370 = DEFINITIONAL_REPRESENTATION('',(#3371),#3375);
#3371 = LINE('',#3372,#3373);
#3372 = CARTESIAN_POINT('',(0.,-9.843146236527));
#3373 = VECTOR('',#3374,1.);
#3374 = DIRECTION('',(1.,0.));
#3375 = ( GEOMETRIC_REPRESENTATION_CONTEXT(2) 
PARAMETRIC_REPRESENTATION_CONTEXT() REPRESENTATION_CONTEXT('2D SPACE',''
  ) );
#3376 = ORIENTED_EDGE('',*,*,#2223,.F.);
#3377 = FACE_BOUND('',#3378,.F.);
#3378 = EDGE_LOOP('',(#3379,#3409,#3442,#3470));
#3379 = ORIENTED_EDGE('',*,*,#3380,.F.);
#3380 = EDGE_CURVE('',#3381,#3383,#3385,.T.);
#3381 = VERTEX_POINT('',#3382);
#3382 = CARTESIAN_POINT('',(17.014676845516,15.587197085533,0.));
#3383 = VERTEX_POINT('',#3384);
#3384 = CARTESIAN_POINT('',(21.765113225257,13.472166541539,0.));
#3385 = SURFACE_CURVE('',#3386,(#3390,#3397),.PCURVE_S1.);
#3386 = LINE('',#3387,#3388);
#3387 = CARTESIAN_POINT('',(2.015647884333,22.265195030825,0.));
#3388 = VECTOR('',#3389,1.);
#3389 = DIRECTION('',(0.913545457643,-0.406736643076,0.));
#3390 = PCURVE('',#180,#3391);
#3391 = DEFINITIONAL_REPRESENTATION('',(#3392),#3396);
#3392 = LINE('',#3393,#3394);
#3393 = CARTESIAN_POINT('',(28.362091482202,17.321278068866));
#3394 = VECTOR('',#3395,1.);
#3395 = DIRECTION('',(0.951020986652,-0.309126321992));
#3396 = ( GEOMETRIC_REPRESENTATION_CONTEXT(2) 
PARAMETRIC_REPRESENTATION_CONTEXT() REPRESENTATION_CONTEXT('2D SPACE',''
  ) );
#3397 = PCURVE('',#3398,#3403);
#3398 = PLANE('',#3399);
#3399 = AXIS2_PLACEMENT_3D('',#3400,#3401,#3402);
#3400 = CARTESIAN_POINT('',(21.765113225257,13.472166541539,-1.));
#3401 = DIRECTION('',(-0.406736643076,-0.913545457643,0.));
#3402 = DIRECTION('',(-0.913545457643,0.406736643076,0.));
#3403 = DEFINITIONAL_REPRESENTATION('',(#3404),#3408);
#3404 = LINE('',#3405,#3406);
#3405 = CARTESIAN_POINT('',(21.618481243273,-1.));
#3406 = VECTOR('',#3407,1.);
#3407 = DIRECTION('',(-1.,-0.));
#3408 = ( GEOMETRIC_REPRESENTATION_CONTEXT(2) 
PARAMETRIC_REPRESENTATION_CONTEXT() REPRESENTATION_CONTEXT('2D SPACE',''
  ) );
#3409 = ORIENTED_EDGE('',*,*,#3410,.T.);
#3410 = EDGE_CURVE('',#3381,#3411,#3413,.T.);
#3411 = VERTEX_POINT('',#3412);
#3412 = CARTESIAN_POINT('',(18.234886774743,18.327833458461,0.));
#3413 = SURFACE_CURVE('',#3414,(#3419,#3430),.PCURVE_S1.);
#3414 = CIRCLE('',#3415,1.5);
#3415 = AXIS2_PLACEMENT_3D('',#3416,#3417,#3418);
#3416 = CARTESIAN_POINT('',(17.624781810129,16.957515271997,0.));
#3417 = DIRECTION('',(-0.,0.,-1.));
#3418 = DIRECTION('',(-0.406736643076,-0.913545457643,0.));
#3419 = PCURVE('',#180,#3420);
#3420 = DEFINITIONAL_REPRESENTATION('',(#3421),#3429);
#3421 = ( BOUNDED_CURVE() B_SPLINE_CURVE(2,(#3422,#3423,#3424,#3425,
#3426,#3427,#3428),.UNSPECIFIED.,.T.,.F.) B_SPLINE_CURVE_WITH_KNOTS((1,2
    ,2,2,2,1),(-2.094395102393,0.,2.094395102393,4.188790204786,
6.28318530718,8.377580409573),.UNSPECIFIED.) CURVE() 
GEOMETRIC_REPRESENTATION_ITEM() RATIONAL_B_SPLINE_CURVE((1.,0.5,1.,0.5,
1.,0.5,1.)) REPRESENTATION_ITEM('') );
#3422 = CARTESIAN_POINT('',(43.976411713499,12.245893349437));
#3423 = CARTESIAN_POINT('',(41.505586711582,13.049027092908));
#3424 = CARTESIAN_POINT('',(43.436533437022,14.787257441138));
#3425 = CARTESIAN_POINT('',(45.367480162463,16.525487789369));
#3426 = CARTESIAN_POINT('',(45.907358438939,13.984123697667));
#3427 = CARTESIAN_POINT('',(46.447236715416,11.442759605966));
#3428 = CARTESIAN_POINT('',(43.976411713499,12.245893349437));
#3429 = ( GEOMETRIC_REPRESENTATION_CONTEXT(2) 
PARAMETRIC_REPRESENTATION_CONTEXT() REPRESENTATION_CONTEXT('2D SPACE',''
  ) );
#3430 = PCURVE('',#3431,#3436);
#3431 = CYLINDRICAL_SURFACE('',#3432,1.5);
#3432 = AXIS2_PLACEMENT_3D('',#3433,#3434,#3435);
#3433 = CARTESIAN_POINT('',(17.624781810129,16.957515271997,-1.));
#3434 = DIRECTION('',(-0.,0.,-1.));
#3435 = DIRECTION('',(-0.406736643076,-0.913545457643,0.));
#3436 = DEFINITIONAL_REPRESENTATION('',(#3437),#3441);
#3437 = LINE('',#3438,#3439);
#3438 = CARTESIAN_POINT('',(0.,-1.));
#3439 = VECTOR('',#3440,1.);
#3440 = DIRECTION('',(1.,0.));
#3441 = ( GEOMETRIC_REPRESENTATION_CONTEXT(2) 
PARAMETRIC_REPRESENTATION_CONTEXT() REPRESENTATION_CONTEXT('2D SPACE',''
  ) );
#3442 = ORIENTED_EDGE('',*,*,#3443,.F.);
#3443 = EDGE_CURVE('',#3444,#3411,#3446,.T.);
#3444 = VERTEX_POINT('',#3445);
#3445 = CARTESIAN_POINT('',(22.985323154484,16.212802914467,0.));
#3446 = SURFACE_CURVE('',#3447,(#3451,#3458),.PCURVE_S1.);
#3447 = LINE('',#3448,#3449);
#3448 = CARTESIAN_POINT('',(0.86063962369,26.06334667575,0.));
#3449 = VECTOR('',#3450,1.);
#3450 = DIRECTION('',(-0.913545457643,0.406736643076,-0.));
#3451 = PCURVE('',#180,#3452);
#3452 = DEFINITIONAL_REPRESENTATION('',(#3453),#3457);
#3453 = LINE('',#3454,#3455);
#3454 = CARTESIAN_POINT('',(26.816815882884,20.978069466));
#3455 = VECTOR('',#3456,1.);
#3456 = DIRECTION('',(-0.951020986652,0.309126321992));
#3457 = ( GEOMETRIC_REPRESENTATION_CONTEXT(2) 
PARAMETRIC_REPRESENTATION_CONTEXT() REPRESENTATION_CONTEXT('2D SPACE',''
  ) );
#3458 = PCURVE('',#3459,#3464);
#3459 = PLANE('',#3460);
#3460 = AXIS2_PLACEMENT_3D('',#3461,#3462,#3463);
#3461 = CARTESIAN_POINT('',(18.234886774743,18.327833458461,-1.));
#3462 = DIRECTION('',(0.406736643076,0.913545457643,-0.));
#3463 = DIRECTION('',(0.913545457643,-0.406736643076,0.));
#3464 = DEFINITIONAL_REPRESENTATION('',(#3465),#3469);
#3465 = LINE('',#3466,#3467);
#3466 = CARTESIAN_POINT('',(-19.01848124327,-1.));
#3467 = VECTOR('',#3468,1.);
#3468 = DIRECTION('',(-1.,-0.));
#3469 = ( GEOMETRIC_REPRESENTATION_CONTEXT(2) 
PARAMETRIC_REPRESENTATION_CONTEXT() REPRESENTATION_CONTEXT('2D SPACE',''
  ) );
#3470 = ORIENTED_EDGE('',*,*,#3471,.T.);
#3471 = EDGE_CURVE('',#3444,#3383,#3472,.T.);
#3472 = SURFACE_CURVE('',#3473,(#3478,#3489),.PCURVE_S1.);
#3473 = CIRCLE('',#3474,1.5);
#3474 = AXIS2_PLACEMENT_3D('',#3475,#3476,#3477);
#3475 = CARTESIAN_POINT('',(22.375218189871,14.842484728003,0.));
#3476 = DIRECTION('',(0.,0.,-1.));
#3477 = DIRECTION('',(0.406736643076,0.913545457643,0.));
#3478 = PCURVE('',#180,#3479);
#3479 = DEFINITIONAL_REPRESENTATION('',(#3480),#3488);
#3480 = ( BOUNDED_CURVE() B_SPLINE_CURVE(2,(#3481,#3482,#3483,#3484,
#3485,#3486,#3487),.UNSPECIFIED.,.T.,.F.) B_SPLINE_CURVE_WITH_KNOTS((1,2
    ,2,2,2,1),(-2.094395102393,0.,2.094395102393,4.188790204786,
6.28318530718,8.377580409573),.UNSPECIFIED.) CURVE() 
GEOMETRIC_REPRESENTATION_ITEM() RATIONAL_B_SPLINE_CURVE((1.,0.5,1.,0.5,
1.,0.5,1.)) REPRESENTATION_ITEM('') );
#3481 = CARTESIAN_POINT('',(49.849099810063,13.491499435032));
#3482 = CARTESIAN_POINT('',(52.31992481198,12.688365691562));
#3483 = CARTESIAN_POINT('',(50.388978086539,10.950135343331));
#3484 = CARTESIAN_POINT('',(48.458031361098,9.211904995101));
#3485 = CARTESIAN_POINT('',(47.918153084622,11.753269086802));
#3486 = CARTESIAN_POINT('',(47.378274808146,14.294633178503));
#3487 = CARTESIAN_POINT('',(49.849099810063,13.491499435032));
#3488 = ( GEOMETRIC_REPRESENTATION_CONTEXT(2) 
PARAMETRIC_REPRESENTATION_CONTEXT() REPRESENTATION_CONTEXT('2D SPACE',''
  ) );
#3489 = PCURVE('',#3490,#3495);
#3490 = CYLINDRICAL_SURFACE('',#3491,1.5);
#3491 = AXIS2_PLACEMENT_3D('',#3492,#3493,#3494);
#3492 = CARTESIAN_POINT('',(22.375218189871,14.842484728003,-1.));
#3493 = DIRECTION('',(0.,0.,-1.));
#3494 = DIRECTION('',(0.406736643076,0.913545457643,0.));
#3495 = DEFINITIONAL_REPRESENTATION('',(#3496),#3500);
#3496 = LINE('',#3497,#3498);
#3497 = CARTESIAN_POINT('',(0.,-1.));
#3498 = VECTOR('',#3499,1.);
#3499 = DIRECTION('',(1.,0.));
#3500 = ( GEOMETRIC_REPRESENTATION_CONTEXT(2) 
PARAMETRIC_REPRESENTATION_CONTEXT() REPRESENTATION_CONTEXT('2D SPACE',''
  ) );
#3501 = ADVANCED_FACE('',(#3502),#351,.T.);
#3502 = FACE_BOUND('',#3503,.T.);
#3503 = EDGE_LOOP('',(#3504,#3505,#3506,#3535));
#3504 = ORIENTED_EDGE('',*,*,#333,.F.);
#3505 = ORIENTED_EDGE('',*,*,#2329,.T.);
#3506 = ORIENTED_EDGE('',*,*,#3507,.T.);
#3507 = EDGE_CURVE('',#2330,#3508,#3510,.T.);
#3508 = VERTEX_POINT('',#3509);
#3509 = CARTESIAN_POINT('',(-22.02214255499,6.985640646055,9.41304755963
    ));
#3510 = SURFACE_CURVE('',#3511,(#3517,#3526),.PCURVE_S1.);
#3511 = B_SPLINE_CURVE_WITH_KNOTS('',4,(#3512,#3513,#3514,#3515,#3516),
  .UNSPECIFIED.,.F.,.F.,(5,5),(0.,1.),.PIECEWISE_BEZIER_KNOTS.);
#3512 = CARTESIAN_POINT('',(-24.9,6.985640647834,1.7763568394E-15));
#3513 = CARTESIAN_POINT('',(-24.18053563874,6.985640647834,
    2.353261889908));
#3514 = CARTESIAN_POINT('',(-23.46107127749,6.985640647834,
    4.706523779815));
#3515 = CARTESIAN_POINT('',(-22.74160691624,6.985640647834,
    7.059785669723));
#3516 = CARTESIAN_POINT('',(-22.02214255499,6.985640647834,9.41304755963
    ));
#3517 = PCURVE('',#351,#3518);
#3518 = DEFINITIONAL_REPRESENTATION('',(#3519),#3525);
#3519 = B_SPLINE_CURVE_WITH_KNOTS('',4,(#3520,#3521,#3522,#3523,#3524),
  .UNSPECIFIED.,.F.,.F.,(5,5),(0.,1.),.PIECEWISE_BEZIER_KNOTS.);
#3520 = CARTESIAN_POINT('',(2.139359352166,-9.843146236527));
#3521 = CARTESIAN_POINT('',(2.139359352166,-7.382359677395));
#3522 = CARTESIAN_POINT('',(2.139359352166,-4.921573118263));
#3523 = CARTESIAN_POINT('',(2.139359352166,-2.460786559132));
#3524 = CARTESIAN_POINT('',(2.139359352166,-1.7763568394E-15));
#3525 = ( GEOMETRIC_REPRESENTATION_CONTEXT(2) 
PARAMETRIC_REPRESENTATION_CONTEXT() REPRESENTATION_CONTEXT('2D SPACE',''
  ) );
#3526 = PCURVE('',#2369,#3527);
#3527 = DEFINITIONAL_REPRESENTATION('',(#3528),#3534);
#3528 = B_SPLINE_CURVE_WITH_KNOTS('',4,(#3529,#3530,#3531,#3532,#3533),
  .UNSPECIFIED.,.F.,.F.,(5,5),(0.,1.),.PIECEWISE_BEZIER_KNOTS.);
#3529 = CARTESIAN_POINT('',(2.094395102818,0.));
#3530 = CARTESIAN_POINT('',(2.094395102818,0.25));
#3531 = CARTESIAN_POINT('',(2.094395102818,0.5));
#3532 = CARTESIAN_POINT('',(2.094395102818,0.75));
#3533 = CARTESIAN_POINT('',(2.094395102818,1.));
#3534 = ( GEOMETRIC_REPRESENTATION_CONTEXT(2) 
PARAMETRIC_REPRESENTATION_CONTEXT() REPRESENTATION_CONTEXT('2D SPACE',''
  ) );
#3535 = ORIENTED_EDGE('',*,*,#3536,.F.);
#3536 = EDGE_CURVE('',#336,#3508,#3537,.T.);
#3537 = SURFACE_CURVE('',#3538,(#3542,#3549),.PCURVE_S1.);
#3538 = LINE('',#3539,#3540);
#3539 = CARTESIAN_POINT('',(-22.02214255499,9.125,9.41304755963));
#3540 = VECTOR('',#3541,1.);
#3541 = DIRECTION('',(0.,-1.,0.));
#3542 = PCURVE('',#351,#3543);
#3543 = DEFINITIONAL_REPRESENTATION('',(#3544),#3548);
#3544 = LINE('',#3545,#3546);
#3545 = CARTESIAN_POINT('',(0.,0.));
#3546 = VECTOR('',#3547,1.);
#3547 = DIRECTION('',(1.,0.));
#3548 = ( GEOMETRIC_REPRESENTATION_CONTEXT(2) 
PARAMETRIC_REPRESENTATION_CONTEXT() REPRESENTATION_CONTEXT('2D SPACE',''
  ) );
#3549 = PCURVE('',#450,#3550);
#3550 = DEFINITIONAL_REPRESENTATION('',(#3551),#3555);
#3551 = LINE('',#3552,#3553);
#3552 = CARTESIAN_POINT('',(-0.8,-1.275));
#3553 = VECTOR('',#3554,1.);
#3554 = DIRECTION('',(0.,-1.));
#3555 = ( GEOMETRIC_REPRESENTATION_CONTEXT(2) 
PARAMETRIC_REPRESENTATION_CONTEXT() REPRESENTATION_CONTEXT('2D SPACE',''
  ) );
#3556 = ADVANCED_FACE('',(#3557),#450,.T.);
#3557 = FACE_BOUND('',#3558,.T.);
#3558 = EDGE_LOOP('',(#3559,#3584,#3607,#3631,#3655,#3676,#3677,#3678,
    #3702,#3726));
#3559 = ORIENTED_EDGE('',*,*,#3560,.T.);
#3560 = EDGE_CURVE('',#3561,#3563,#3565,.T.);
#3561 = VERTEX_POINT('',#3562);
#3562 = CARTESIAN_POINT('',(-20.42214255499,8.125,9.41304755963));
#3563 = VERTEX_POINT('',#3564);
#3564 = CARTESIAN_POINT('',(-20.22214255499,8.125,9.41304755963));
#3565 = SURFACE_CURVE('',#3566,(#3570,#3577),.PCURVE_S1.);
#3566 = LINE('',#3567,#3568);
#3567 = CARTESIAN_POINT('',(-60.61107127749,8.125,9.41304755963));
#3568 = VECTOR('',#3569,1.);
#3569 = DIRECTION('',(1.,0.,0.));
#3570 = PCURVE('',#450,#3571);
#3571 = DEFINITIONAL_REPRESENTATION('',(#3572),#3576);
#3572 = LINE('',#3573,#3574);
#3573 = CARTESIAN_POINT('',(-39.3889287225,-2.275));
#3574 = VECTOR('',#3575,1.);
#3575 = DIRECTION('',(1.,0.));
#3576 = ( GEOMETRIC_REPRESENTATION_CONTEXT(2) 
PARAMETRIC_REPRESENTATION_CONTEXT() REPRESENTATION_CONTEXT('2D SPACE',''
  ) );
#3577 = PCURVE('',#893,#3578);
#3578 = DEFINITIONAL_REPRESENTATION('',(#3579),#3583);
#3579 = LINE('',#3580,#3581);
#3580 = CARTESIAN_POINT('',(109.41304755963,39.388928722504));
#3581 = VECTOR('',#3582,1.);
#3582 = DIRECTION('',(0.,1.));
#3583 = ( GEOMETRIC_REPRESENTATION_CONTEXT(2) 
PARAMETRIC_REPRESENTATION_CONTEXT() REPRESENTATION_CONTEXT('2D SPACE',''
  ) );
#3584 = ORIENTED_EDGE('',*,*,#3585,.T.);
#3585 = EDGE_CURVE('',#3563,#3586,#3588,.T.);
#3586 = VERTEX_POINT('',#3587);
#3587 = CARTESIAN_POINT('',(-20.22214255499,8.90333704529,9.41304755963)
  );
#3588 = SURFACE_CURVE('',#3589,(#3593,#3600),.PCURVE_S1.);
#3589 = LINE('',#3590,#3591);
#3590 = CARTESIAN_POINT('',(-20.22214255499,6.875,9.41304755963));
#3591 = VECTOR('',#3592,1.);
#3592 = DIRECTION('',(0.,1.,0.));
#3593 = PCURVE('',#450,#3594);
#3594 = DEFINITIONAL_REPRESENTATION('',(#3595),#3599);
#3595 = LINE('',#3596,#3597);
#3596 = CARTESIAN_POINT('',(1.,-3.525));
#3597 = VECTOR('',#3598,1.);
#3598 = DIRECTION('',(0.,1.));
#3599 = ( GEOMETRIC_REPRESENTATION_CONTEXT(2) 
PARAMETRIC_REPRESENTATION_CONTEXT() REPRESENTATION_CONTEXT('2D SPACE',''
  ) );
#3600 = PCURVE('',#865,#3601);
#3601 = DEFINITIONAL_REPRESENTATION('',(#3602),#3606);
#3602 = LINE('',#3603,#3604);
#3603 = CARTESIAN_POINT('',(0.,-31.98452402295));
#3604 = VECTOR('',#3605,1.);
#3605 = DIRECTION('',(1.,0.));
#3606 = ( GEOMETRIC_REPRESENTATION_CONTEXT(2) 
PARAMETRIC_REPRESENTATION_CONTEXT() REPRESENTATION_CONTEXT('2D SPACE',''
  ) );
#3607 = ORIENTED_EDGE('',*,*,#3608,.T.);
#3608 = EDGE_CURVE('',#3586,#3609,#3611,.T.);
#3609 = VERTEX_POINT('',#3610);
#3610 = CARTESIAN_POINT('',(-19.42214255499,10.4,9.41304755963));
#3611 = SURFACE_CURVE('',#3612,(#3617,#3624),.PCURVE_S1.);
#3612 = CIRCLE('',#3613,1.8);
#3613 = AXIS2_PLACEMENT_3D('',#3614,#3615,#3616);
#3614 = CARTESIAN_POINT('',(-21.22214255499,10.4,9.41304755963));
#3615 = DIRECTION('',(0.,0.,1.));
#3616 = DIRECTION('',(1.,0.,0.));
#3617 = PCURVE('',#450,#3618);
#3618 = DEFINITIONAL_REPRESENTATION('',(#3619),#3623);
#3619 = CIRCLE('',#3620,1.8);
#3620 = AXIS2_PLACEMENT_2D('',#3621,#3622);
#3621 = CARTESIAN_POINT('',(0.,0.));
#3622 = DIRECTION('',(1.,0.));
#3623 = ( GEOMETRIC_REPRESENTATION_CONTEXT(2) 
PARAMETRIC_REPRESENTATION_CONTEXT() REPRESENTATION_CONTEXT('2D SPACE',''
  ) );
#3624 = PCURVE('',#802,#3625);
#3625 = DEFINITIONAL_REPRESENTATION('',(#3626),#3630);
#3626 = LINE('',#3627,#3628);
#3627 = CARTESIAN_POINT('',(0.,0.));
#3628 = VECTOR('',#3629,1.);
#3629 = DIRECTION('',(1.,0.));
#3630 = ( GEOMETRIC_REPRESENTATION_CONTEXT(2) 
PARAMETRIC_REPRESENTATION_CONTEXT() REPRESENTATION_CONTEXT('2D SPACE',''
  ) );
#3631 = ORIENTED_EDGE('',*,*,#3632,.T.);
#3632 = EDGE_CURVE('',#3609,#3633,#3635,.T.);
#3633 = VERTEX_POINT('',#3634);
#3634 = CARTESIAN_POINT('',(-22.22214255499,8.90333704529,9.41304755963)
  );
#3635 = SURFACE_CURVE('',#3636,(#3641,#3648),.PCURVE_S1.);
#3636 = CIRCLE('',#3637,1.8);
#3637 = AXIS2_PLACEMENT_3D('',#3638,#3639,#3640);
#3638 = CARTESIAN_POINT('',(-21.22214255499,10.4,9.41304755963));
#3639 = DIRECTION('',(0.,0.,1.));
#3640 = DIRECTION('',(1.,0.,0.));
#3641 = PCURVE('',#450,#3642);
#3642 = DEFINITIONAL_REPRESENTATION('',(#3643),#3647);
#3643 = CIRCLE('',#3644,1.8);
#3644 = AXIS2_PLACEMENT_2D('',#3645,#3646);
#3645 = CARTESIAN_POINT('',(0.,0.));
#3646 = DIRECTION('',(1.,0.));
#3647 = ( GEOMETRIC_REPRESENTATION_CONTEXT(2) 
PARAMETRIC_REPRESENTATION_CONTEXT() REPRESENTATION_CONTEXT('2D SPACE',''
  ) );
#3648 = PCURVE('',#654,#3649);
#3649 = DEFINITIONAL_REPRESENTATION('',(#3650),#3654);
#3650 = LINE('',#3651,#3652);
#3651 = CARTESIAN_POINT('',(0.,0.));
#3652 = VECTOR('',#3653,1.);
#3653 = DIRECTION('',(1.,0.));
#3654 = ( GEOMETRIC_REPRESENTATION_CONTEXT(2) 
PARAMETRIC_REPRESENTATION_CONTEXT() REPRESENTATION_CONTEXT('2D SPACE',''
  ) );
#3655 = ORIENTED_EDGE('',*,*,#3656,.T.);
#3656 = EDGE_CURVE('',#3633,#409,#3657,.T.);
#3657 = SURFACE_CURVE('',#3658,(#3662,#3669),.PCURVE_S1.);
#3658 = LINE('',#3659,#3660);
#3659 = CARTESIAN_POINT('',(-22.22214255499,10.4,9.41304755963));
#3660 = VECTOR('',#3661,1.);
#3661 = DIRECTION('',(0.,-1.,0.));
#3662 = PCURVE('',#450,#3663);
#3663 = DEFINITIONAL_REPRESENTATION('',(#3664),#3668);
#3664 = LINE('',#3665,#3666);
#3665 = CARTESIAN_POINT('',(-1.,0.));
#3666 = VECTOR('',#3667,1.);
#3667 = DIRECTION('',(0.,-1.));
#3668 = ( GEOMETRIC_REPRESENTATION_CONTEXT(2) 
PARAMETRIC_REPRESENTATION_CONTEXT() REPRESENTATION_CONTEXT('2D SPACE',''
  ) );
#3669 = PCURVE('',#424,#3670);
#3670 = DEFINITIONAL_REPRESENTATION('',(#3671),#3675);
#3671 = LINE('',#3672,#3673);
#3672 = CARTESIAN_POINT('',(-0.,-31.98452402295));
#3673 = VECTOR('',#3674,1.);
#3674 = DIRECTION('',(1.,0.));
#3675 = ( GEOMETRIC_REPRESENTATION_CONTEXT(2) 
PARAMETRIC_REPRESENTATION_CONTEXT() REPRESENTATION_CONTEXT('2D SPACE',''
  ) );
#3676 = ORIENTED_EDGE('',*,*,#436,.T.);
#3677 = ORIENTED_EDGE('',*,*,#3536,.T.);
#3678 = ORIENTED_EDGE('',*,*,#3679,.T.);
#3679 = EDGE_CURVE('',#3508,#3680,#3682,.T.);
#3680 = VERTEX_POINT('',#3681);
#3681 = CARTESIAN_POINT('',(-19.62214255499,5.6,9.41304755963));
#3682 = SURFACE_CURVE('',#3683,(#3688,#3695),.PCURVE_S1.);
#3683 = CIRCLE('',#3684,1.6);
#3684 = AXIS2_PLACEMENT_3D('',#3685,#3686,#3687);
#3685 = CARTESIAN_POINT('',(-21.22214255499,5.6,9.41304755963));
#3686 = DIRECTION('',(0.,0.,1.));
#3687 = DIRECTION('',(1.,0.,0.));
#3688 = PCURVE('',#450,#3689);
#3689 = DEFINITIONAL_REPRESENTATION('',(#3690),#3694);
#3690 = CIRCLE('',#3691,1.6);
#3691 = AXIS2_PLACEMENT_2D('',#3692,#3693);
#3692 = CARTESIAN_POINT('',(0.,-4.8));
#3693 = DIRECTION('',(1.,0.));
#3694 = ( GEOMETRIC_REPRESENTATION_CONTEXT(2) 
PARAMETRIC_REPRESENTATION_CONTEXT() REPRESENTATION_CONTEXT('2D SPACE',''
  ) );
#3695 = PCURVE('',#2369,#3696);
#3696 = DEFINITIONAL_REPRESENTATION('',(#3697),#3701);
#3697 = LINE('',#3698,#3699);
#3698 = CARTESIAN_POINT('',(0.,1.));
#3699 = VECTOR('',#3700,1.);
#3700 = DIRECTION('',(1.,0.));
#3701 = ( GEOMETRIC_REPRESENTATION_CONTEXT(2) 
PARAMETRIC_REPRESENTATION_CONTEXT() REPRESENTATION_CONTEXT('2D SPACE',''
  ) );
#3702 = ORIENTED_EDGE('',*,*,#3703,.T.);
#3703 = EDGE_CURVE('',#3680,#3704,#3706,.T.);
#3704 = VERTEX_POINT('',#3705);
#3705 = CARTESIAN_POINT('',(-20.42214255499,6.985640646055,9.41304755963
    ));
#3706 = SURFACE_CURVE('',#3707,(#3712,#3719),.PCURVE_S1.);
#3707 = CIRCLE('',#3708,1.6);
#3708 = AXIS2_PLACEMENT_3D('',#3709,#3710,#3711);
#3709 = CARTESIAN_POINT('',(-21.22214255499,5.6,9.41304755963));
#3710 = DIRECTION('',(0.,0.,1.));
#3711 = DIRECTION('',(1.,0.,0.));
#3712 = PCURVE('',#450,#3713);
#3713 = DEFINITIONAL_REPRESENTATION('',(#3714),#3718);
#3714 = CIRCLE('',#3715,1.6);
#3715 = AXIS2_PLACEMENT_2D('',#3716,#3717);
#3716 = CARTESIAN_POINT('',(0.,-4.8));
#3717 = DIRECTION('',(1.,0.));
#3718 = ( GEOMETRIC_REPRESENTATION_CONTEXT(2) 
PARAMETRIC_REPRESENTATION_CONTEXT() REPRESENTATION_CONTEXT('2D SPACE',''
  ) );
#3719 = PCURVE('',#2422,#3720);
#3720 = DEFINITIONAL_REPRESENTATION('',(#3721),#3725);
#3721 = LINE('',#3722,#3723);
#3722 = CARTESIAN_POINT('',(0.,1.));
#3723 = VECTOR('',#3724,1.);
#3724 = DIRECTION('',(1.,0.));
#3725 = ( GEOMETRIC_REPRESENTATION_CONTEXT(2) 
PARAMETRIC_REPRESENTATION_CONTEXT() REPRESENTATION_CONTEXT('2D SPACE',''
  ) );
#3726 = ORIENTED_EDGE('',*,*,#3727,.T.);
#3727 = EDGE_CURVE('',#3704,#3561,#3728,.T.);
#3728 = SURFACE_CURVE('',#3729,(#3733,#3740),.PCURVE_S1.);
#3729 = LINE('',#3730,#3731);
#3730 = CARTESIAN_POINT('',(-20.42214255499,5.6,9.41304755963));
#3731 = VECTOR('',#3732,1.);
#3732 = DIRECTION('',(0.,1.,0.));
#3733 = PCURVE('',#450,#3734);
#3734 = DEFINITIONAL_REPRESENTATION('',(#3735),#3739);
#3735 = LINE('',#3736,#3737);
#3736 = CARTESIAN_POINT('',(0.8,-4.8));
#3737 = VECTOR('',#3738,1.);
#3738 = DIRECTION('',(0.,1.));
#3739 = ( GEOMETRIC_REPRESENTATION_CONTEXT(2) 
PARAMETRIC_REPRESENTATION_CONTEXT() REPRESENTATION_CONTEXT('2D SPACE',''
  ) );
#3740 = PCURVE('',#2474,#3741);
#3741 = DEFINITIONAL_REPRESENTATION('',(#3742),#3746);
#3742 = LINE('',#3743,#3744);
#3743 = CARTESIAN_POINT('',(0.,0.));
#3744 = VECTOR('',#3745,1.);
#3745 = DIRECTION('',(1.,0.));
#3746 = ( GEOMETRIC_REPRESENTATION_CONTEXT(2) 
PARAMETRIC_REPRESENTATION_CONTEXT() REPRESENTATION_CONTEXT('2D SPACE',''
  ) );
#3747 = ADVANCED_FACE('',(#3748),#424,.F.);
#3748 = FACE_BOUND('',#3749,.F.);
#3749 = EDGE_LOOP('',(#3750,#3777,#3778,#3779));
#3750 = ORIENTED_EDGE('',*,*,#3751,.F.);
#3751 = EDGE_CURVE('',#3633,#468,#3752,.T.);
#3752 = SURFACE_CURVE('',#3753,(#3759,#3768),.PCURVE_S1.);
#3753 = B_SPLINE_CURVE_WITH_KNOTS('',4,(#3754,#3755,#3756,#3757,#3758),
  .UNSPECIFIED.,.F.,.F.,(5,5),(0.,1.),.PIECEWISE_BEZIER_KNOTS.);
#3754 = CARTESIAN_POINT('',(-22.22214255499,8.90333703811,9.41304755963)
  );
#3755 = CARTESIAN_POINT('',(-19.88430010165,8.90333703811,
    17.059785669723));
#3756 = CARTESIAN_POINT('',(-17.54645764832,8.90333703811,
    24.706523779815));
#3757 = CARTESIAN_POINT('',(-15.20861519498,8.90333703811,
    32.353261889908));
#3758 = CARTESIAN_POINT('',(-12.87077274165,8.90333703811,40.));
#3759 = PCURVE('',#424,#3760);
#3760 = DEFINITIONAL_REPRESENTATION('',(#3761),#3767);
#3761 = B_SPLINE_CURVE_WITH_KNOTS('',4,(#3762,#3763,#3764,#3765,#3766),
  .UNSPECIFIED.,.F.,.F.,(5,5),(0.,1.),.PIECEWISE_BEZIER_KNOTS.);
#3762 = CARTESIAN_POINT('',(1.49666296189,-31.98452402295));
#3763 = CARTESIAN_POINT('',(1.49666296189,-23.98839301721));
#3764 = CARTESIAN_POINT('',(1.49666296189,-15.99226201148));
#3765 = CARTESIAN_POINT('',(1.49666296189,-7.99613100574));
#3766 = CARTESIAN_POINT('',(1.49666296189,0.));
#3767 = ( GEOMETRIC_REPRESENTATION_CONTEXT(2) 
PARAMETRIC_REPRESENTATION_CONTEXT() REPRESENTATION_CONTEXT('2D SPACE',''
  ) );
#3768 = PCURVE('',#654,#3769);
#3769 = DEFINITIONAL_REPRESENTATION('',(#3770),#3776);
#3770 = B_SPLINE_CURVE_WITH_KNOTS('',4,(#3771,#3772,#3773,#3774,#3775),
  .UNSPECIFIED.,.F.,.F.,(5,5),(0.,1.),.PIECEWISE_BEZIER_KNOTS.);
#3771 = CARTESIAN_POINT('',(4.123358014797,0.));
#3772 = CARTESIAN_POINT('',(4.123358014797,0.25));
#3773 = CARTESIAN_POINT('',(4.123358014797,0.5));
#3774 = CARTESIAN_POINT('',(4.123358014797,0.75));
#3775 = CARTESIAN_POINT('',(4.123358014797,1.));
#3776 = ( GEOMETRIC_REPRESENTATION_CONTEXT(2) 
PARAMETRIC_REPRESENTATION_CONTEXT() REPRESENTATION_CONTEXT('2D SPACE',''
  ) );
#3777 = ORIENTED_EDGE('',*,*,#3656,.T.);
#3778 = ORIENTED_EDGE('',*,*,#408,.T.);
#3779 = ORIENTED_EDGE('',*,*,#467,.F.);
#3780 = ADVANCED_FACE('',(#3781),#2151,.F.);
#3781 = FACE_BOUND('',#3782,.F.);
#3782 = EDGE_LOOP('',(#3783,#3784,#3807,#3834));
#3783 = ORIENTED_EDGE('',*,*,#2302,.T.);
#3784 = ORIENTED_EDGE('',*,*,#3785,.T.);
#3785 = EDGE_CURVE('',#2275,#3786,#3788,.T.);
#3786 = VERTEX_POINT('',#3787);
#3787 = CARTESIAN_POINT('',(30.177857445009,9.12517606507,9.41304755963)
  );
#3788 = SURFACE_CURVE('',#3789,(#3793,#3800),.PCURVE_S1.);
#3789 = LINE('',#3790,#3791);
#3790 = CARTESIAN_POINT('',(30.177857445009,6.875,9.41304755963));
#3791 = VECTOR('',#3792,1.);
#3792 = DIRECTION('',(0.,1.,0.));
#3793 = PCURVE('',#2151,#3794);
#3794 = DEFINITIONAL_REPRESENTATION('',(#3795),#3799);
#3795 = LINE('',#3796,#3797);
#3796 = CARTESIAN_POINT('',(0.,-31.98452402295));
#3797 = VECTOR('',#3798,1.);
#3798 = DIRECTION('',(1.,0.));
#3799 = ( GEOMETRIC_REPRESENTATION_CONTEXT(2) 
PARAMETRIC_REPRESENTATION_CONTEXT() REPRESENTATION_CONTEXT('2D SPACE',''
  ) );
#3800 = PCURVE('',#2290,#3801);
#3801 = DEFINITIONAL_REPRESENTATION('',(#3802),#3806);
#3802 = LINE('',#3803,#3804);
#3803 = CARTESIAN_POINT('',(1.3,-4.025));
#3804 = VECTOR('',#3805,1.);
#3805 = DIRECTION('',(0.,1.));
#3806 = ( GEOMETRIC_REPRESENTATION_CONTEXT(2) 
PARAMETRIC_REPRESENTATION_CONTEXT() REPRESENTATION_CONTEXT('2D SPACE',''
  ) );
#3807 = ORIENTED_EDGE('',*,*,#3808,.T.);
#3808 = EDGE_CURVE('',#3786,#2051,#3809,.T.);
#3809 = SURFACE_CURVE('',#3810,(#3816,#3825),.PCURVE_S1.);
#3810 = B_SPLINE_CURVE_WITH_KNOTS('',4,(#3811,#3812,#3813,#3814,#3815),
  .UNSPECIFIED.,.F.,.F.,(5,5),(0.,1.),.PIECEWISE_BEZIER_KNOTS.);
#3811 = CARTESIAN_POINT('',(30.177857445009,9.125176068772,9.41304755963
    ));
#3812 = CARTESIAN_POINT('',(32.515699898343,9.125176068772,
    17.059785669723));
#3813 = CARTESIAN_POINT('',(34.853542351678,9.125176068772,
    24.706523779815));
#3814 = CARTESIAN_POINT('',(37.191384805012,9.125176068772,
    32.353261889908));
#3815 = CARTESIAN_POINT('',(39.529227258346,9.125176068772,40.));
#3816 = PCURVE('',#2151,#3817);
#3817 = DEFINITIONAL_REPRESENTATION('',(#3818),#3824);
#3818 = B_SPLINE_CURVE_WITH_KNOTS('',4,(#3819,#3820,#3821,#3822,#3823),
  .UNSPECIFIED.,.F.,.F.,(5,5),(0.,1.),.PIECEWISE_BEZIER_KNOTS.);
#3819 = CARTESIAN_POINT('',(2.250176068772,-31.98452402295));
#3820 = CARTESIAN_POINT('',(2.250176068772,-23.98839301721));
#3821 = CARTESIAN_POINT('',(2.250176068772,-15.99226201147));
#3822 = CARTESIAN_POINT('',(2.250176068772,-7.99613100574));
#3823 = CARTESIAN_POINT('',(2.250176068772,-7.105427357601E-15));
#3824 = ( GEOMETRIC_REPRESENTATION_CONTEXT(2) 
PARAMETRIC_REPRESENTATION_CONTEXT() REPRESENTATION_CONTEXT('2D SPACE',''
  ) );
#3825 = PCURVE('',#2088,#3826);
#3826 = DEFINITIONAL_REPRESENTATION('',(#3827),#3833);
#3827 = B_SPLINE_CURVE_WITH_KNOTS('',4,(#3828,#3829,#3830,#3831,#3832),
  .UNSPECIFIED.,.F.,.F.,(5,5),(0.,1.),.PIECEWISE_BEZIER_KNOTS.);
#3828 = CARTESIAN_POINT('',(5.344574234297,0.));
#3829 = CARTESIAN_POINT('',(5.344574234297,0.25));
#3830 = CARTESIAN_POINT('',(5.344574234297,0.5));
#3831 = CARTESIAN_POINT('',(5.344574234297,0.75));
#3832 = CARTESIAN_POINT('',(5.344574234297,1.));
#3833 = ( GEOMETRIC_REPRESENTATION_CONTEXT(2) 
PARAMETRIC_REPRESENTATION_CONTEXT() REPRESENTATION_CONTEXT('2D SPACE',''
  ) );
#3834 = ORIENTED_EDGE('',*,*,#2135,.F.);
#3835 = ADVANCED_FACE('',(#3836),#2088,.F.);
#3836 = FACE_BOUND('',#3837,.F.);
#3837 = EDGE_LOOP('',(#3838,#3839,#3863,#3883));
#3838 = ORIENTED_EDGE('',*,*,#3808,.F.);
#3839 = ORIENTED_EDGE('',*,*,#3840,.T.);
#3840 = EDGE_CURVE('',#3786,#3841,#3843,.T.);
#3841 = VERTEX_POINT('',#3842);
#3842 = CARTESIAN_POINT('',(31.077857445009,10.9,9.41304755963));
#3843 = SURFACE_CURVE('',#3844,(#3849,#3856),.PCURVE_S1.);
#3844 = CIRCLE('',#3845,2.2);
#3845 = AXIS2_PLACEMENT_3D('',#3846,#3847,#3848);
#3846 = CARTESIAN_POINT('',(28.877857445009,10.9,9.41304755963));
#3847 = DIRECTION('',(0.,0.,1.));
#3848 = DIRECTION('',(1.,0.,0.));
#3849 = PCURVE('',#2088,#3850);
#3850 = DEFINITIONAL_REPRESENTATION('',(#3851),#3855);
#3851 = LINE('',#3852,#3853);
#3852 = CARTESIAN_POINT('',(0.,0.));
#3853 = VECTOR('',#3854,1.);
#3854 = DIRECTION('',(1.,0.));
#3855 = ( GEOMETRIC_REPRESENTATION_CONTEXT(2) 
PARAMETRIC_REPRESENTATION_CONTEXT() REPRESENTATION_CONTEXT('2D SPACE',''
  ) );
#3856 = PCURVE('',#2290,#3857);
#3857 = DEFINITIONAL_REPRESENTATION('',(#3858),#3862);
#3858 = CIRCLE('',#3859,2.2);
#3859 = AXIS2_PLACEMENT_2D('',#3860,#3861);
#3860 = CARTESIAN_POINT('',(0.,0.));
#3861 = DIRECTION('',(1.,0.));
#3862 = ( GEOMETRIC_REPRESENTATION_CONTEXT(2) 
PARAMETRIC_REPRESENTATION_CONTEXT() REPRESENTATION_CONTEXT('2D SPACE',''
  ) );
#3863 = ORIENTED_EDGE('',*,*,#3864,.T.);
#3864 = EDGE_CURVE('',#3841,#1762,#3865,.T.);
#3865 = SURFACE_CURVE('',#3866,(#3869,#3876),.PCURVE_S1.);
#3866 = B_SPLINE_CURVE_WITH_KNOTS('',1,(#3867,#3868),.UNSPECIFIED.,.F.,
  .F.,(2,2),(0.,1.),.PIECEWISE_BEZIER_KNOTS.);
#3867 = CARTESIAN_POINT('',(31.077857445009,10.9,9.41304755963));
#3868 = CARTESIAN_POINT('',(40.429227258346,10.9,40.));
#3869 = PCURVE('',#2088,#3870);
#3870 = DEFINITIONAL_REPRESENTATION('',(#3871),#3875);
#3871 = LINE('',#3872,#3873);
#3872 = CARTESIAN_POINT('',(6.28318530718,0.));
#3873 = VECTOR('',#3874,1.);
#3874 = DIRECTION('',(0.,1.));
#3875 = ( GEOMETRIC_REPRESENTATION_CONTEXT(2) 
PARAMETRIC_REPRESENTATION_CONTEXT() REPRESENTATION_CONTEXT('2D SPACE',''
  ) );
#3876 = PCURVE('',#1935,#3877);
#3877 = DEFINITIONAL_REPRESENTATION('',(#3878),#3882);
#3878 = LINE('',#3879,#3880);
#3879 = CARTESIAN_POINT('',(0.,0.));
#3880 = VECTOR('',#3881,1.);
#3881 = DIRECTION('',(0.,1.));
#3882 = ( GEOMETRIC_REPRESENTATION_CONTEXT(2) 
PARAMETRIC_REPRESENTATION_CONTEXT() REPRESENTATION_CONTEXT('2D SPACE',''
  ) );
#3883 = ORIENTED_EDGE('',*,*,#2050,.T.);
#3884 = ADVANCED_FACE('',(#3885),#1935,.F.);
#3885 = FACE_BOUND('',#3886,.F.);
#3886 = EDGE_LOOP('',(#3887,#3888,#3889,#3913));
#3887 = ORIENTED_EDGE('',*,*,#1761,.T.);
#3888 = ORIENTED_EDGE('',*,*,#3864,.F.);
#3889 = ORIENTED_EDGE('',*,*,#3890,.T.);
#3890 = EDGE_CURVE('',#3841,#3891,#3893,.T.);
#3891 = VERTEX_POINT('',#3892);
#3892 = CARTESIAN_POINT('',(27.577857445009,9.12517606507,9.41304755963)
  );
#3893 = SURFACE_CURVE('',#3894,(#3899,#3906),.PCURVE_S1.);
#3894 = CIRCLE('',#3895,2.2);
#3895 = AXIS2_PLACEMENT_3D('',#3896,#3897,#3898);
#3896 = CARTESIAN_POINT('',(28.877857445009,10.9,9.41304755963));
#3897 = DIRECTION('',(0.,0.,1.));
#3898 = DIRECTION('',(1.,0.,0.));
#3899 = PCURVE('',#1935,#3900);
#3900 = DEFINITIONAL_REPRESENTATION('',(#3901),#3905);
#3901 = LINE('',#3902,#3903);
#3902 = CARTESIAN_POINT('',(0.,0.));
#3903 = VECTOR('',#3904,1.);
#3904 = DIRECTION('',(1.,0.));
#3905 = ( GEOMETRIC_REPRESENTATION_CONTEXT(2) 
PARAMETRIC_REPRESENTATION_CONTEXT() REPRESENTATION_CONTEXT('2D SPACE',''
  ) );
#3906 = PCURVE('',#2290,#3907);
#3907 = DEFINITIONAL_REPRESENTATION('',(#3908),#3912);
#3908 = CIRCLE('',#3909,2.2);
#3909 = AXIS2_PLACEMENT_2D('',#3910,#3911);
#3910 = CARTESIAN_POINT('',(0.,0.));
#3911 = DIRECTION('',(1.,0.));
#3912 = ( GEOMETRIC_REPRESENTATION_CONTEXT(2) 
PARAMETRIC_REPRESENTATION_CONTEXT() REPRESENTATION_CONTEXT('2D SPACE',''
  ) );
#3913 = ORIENTED_EDGE('',*,*,#3914,.T.);
#3914 = EDGE_CURVE('',#3891,#1734,#3915,.T.);
#3915 = SURFACE_CURVE('',#3916,(#3922,#3931),.PCURVE_S1.);
#3916 = B_SPLINE_CURVE_WITH_KNOTS('',4,(#3917,#3918,#3919,#3920,#3921),
  .UNSPECIFIED.,.F.,.F.,(5,5),(0.,1.),.PIECEWISE_BEZIER_KNOTS.);
#3917 = CARTESIAN_POINT('',(27.577857445009,9.125176051639,9.41304755963
    ));
#3918 = CARTESIAN_POINT('',(29.915699898343,9.125176051639,
    17.059785669723));
#3919 = CARTESIAN_POINT('',(32.253542351677,9.125176051639,
    24.706523779815));
#3920 = CARTESIAN_POINT('',(34.591384805012,9.125176051639,
    32.353261889908));
#3921 = CARTESIAN_POINT('',(36.929227258346,9.125176051639,40.));
#3922 = PCURVE('',#1935,#3923);
#3923 = DEFINITIONAL_REPRESENTATION('',(#3924),#3930);
#3924 = B_SPLINE_CURVE_WITH_KNOTS('',4,(#3925,#3926,#3927,#3928,#3929),
  .UNSPECIFIED.,.F.,.F.,(5,5),(0.,1.),.PIECEWISE_BEZIER_KNOTS.);
#3925 = CARTESIAN_POINT('',(4.080203739671,0.));
#3926 = CARTESIAN_POINT('',(4.080203739671,0.25));
#3927 = CARTESIAN_POINT('',(4.080203739671,0.5));
#3928 = CARTESIAN_POINT('',(4.080203739671,0.75));
#3929 = CARTESIAN_POINT('',(4.080203739671,1.));
#3930 = ( GEOMETRIC_REPRESENTATION_CONTEXT(2) 
PARAMETRIC_REPRESENTATION_CONTEXT() REPRESENTATION_CONTEXT('2D SPACE',''
  ) );
#3931 = PCURVE('',#1749,#3932);
#3932 = DEFINITIONAL_REPRESENTATION('',(#3933),#3939);
#3933 = B_SPLINE_CURVE_WITH_KNOTS('',4,(#3934,#3935,#3936,#3937,#3938),
  .UNSPECIFIED.,.F.,.F.,(5,5),(0.,1.),.PIECEWISE_BEZIER_KNOTS.);
#3934 = CARTESIAN_POINT('',(1.774823948361,-31.98452402295));
#3935 = CARTESIAN_POINT('',(1.774823948361,-23.98839301721));
#3936 = CARTESIAN_POINT('',(1.774823948361,-15.99226201147));
#3937 = CARTESIAN_POINT('',(1.774823948361,-7.99613100574));
#3938 = CARTESIAN_POINT('',(1.774823948361,0.));
#3939 = ( GEOMETRIC_REPRESENTATION_CONTEXT(2) 
PARAMETRIC_REPRESENTATION_CONTEXT() REPRESENTATION_CONTEXT('2D SPACE',''
  ) );
#3940 = ADVANCED_FACE('',(#3941),#1749,.F.);
#3941 = FACE_BOUND('',#3942,.F.);
#3942 = EDGE_LOOP('',(#3943,#3944,#3967,#3988));
#3943 = ORIENTED_EDGE('',*,*,#3914,.F.);
#3944 = ORIENTED_EDGE('',*,*,#3945,.T.);
#3945 = EDGE_CURVE('',#3891,#3946,#3948,.T.);
#3946 = VERTEX_POINT('',#3947);
#3947 = CARTESIAN_POINT('',(27.577857445009,8.125,9.41304755963));
#3948 = SURFACE_CURVE('',#3949,(#3953,#3960),.PCURVE_S1.);
#3949 = LINE('',#3950,#3951);
#3950 = CARTESIAN_POINT('',(27.577857445009,10.9,9.41304755963));
#3951 = VECTOR('',#3952,1.);
#3952 = DIRECTION('',(0.,-1.,0.));
#3953 = PCURVE('',#1749,#3954);
#3954 = DEFINITIONAL_REPRESENTATION('',(#3955),#3959);
#3955 = LINE('',#3956,#3957);
#3956 = CARTESIAN_POINT('',(-0.,-31.98452402295));
#3957 = VECTOR('',#3958,1.);
#3958 = DIRECTION('',(1.,0.));
#3959 = ( GEOMETRIC_REPRESENTATION_CONTEXT(2) 
PARAMETRIC_REPRESENTATION_CONTEXT() REPRESENTATION_CONTEXT('2D SPACE',''
  ) );
#3960 = PCURVE('',#2290,#3961);
#3961 = DEFINITIONAL_REPRESENTATION('',(#3962),#3966);
#3962 = LINE('',#3963,#3964);
#3963 = CARTESIAN_POINT('',(-1.3,0.));
#3964 = VECTOR('',#3965,1.);
#3965 = DIRECTION('',(0.,-1.));
#3966 = ( GEOMETRIC_REPRESENTATION_CONTEXT(2) 
PARAMETRIC_REPRESENTATION_CONTEXT() REPRESENTATION_CONTEXT('2D SPACE',''
  ) );
#3967 = ORIENTED_EDGE('',*,*,#3968,.T.);
#3968 = EDGE_CURVE('',#3946,#1706,#3969,.T.);
#3969 = SURFACE_CURVE('',#3970,(#3974,#3981),.PCURVE_S1.);
#3970 = LINE('',#3971,#3972);
#3971 = CARTESIAN_POINT('',(11.505037366808,8.125,-43.15877807957));
#3972 = VECTOR('',#3973,1.);
#3973 = DIRECTION('',(0.292371704723,-0.,0.956304755963));
#3974 = PCURVE('',#1749,#3975);
#3975 = DEFINITIONAL_REPRESENTATION('',(#3976),#3980);
#3976 = LINE('',#3977,#3978);
#3977 = CARTESIAN_POINT('',(2.775,-86.95844871735));
#3978 = VECTOR('',#3979,1.);
#3979 = DIRECTION('',(0.,1.));
#3980 = ( GEOMETRIC_REPRESENTATION_CONTEXT(2) 
PARAMETRIC_REPRESENTATION_CONTEXT() REPRESENTATION_CONTEXT('2D SPACE',''
  ) );
#3981 = PCURVE('',#1721,#3982);
#3982 = DEFINITIONAL_REPRESENTATION('',(#3983),#3987);
#3983 = LINE('',#3984,#3985);
#3984 = CARTESIAN_POINT('',(56.841221920423,111.5050373668));
#3985 = VECTOR('',#3986,1.);
#3986 = DIRECTION('',(0.956304755963,0.292371704723));
#3987 = ( GEOMETRIC_REPRESENTATION_CONTEXT(2) 
PARAMETRIC_REPRESENTATION_CONTEXT() REPRESENTATION_CONTEXT('2D SPACE',''
  ) );
#3988 = ORIENTED_EDGE('',*,*,#1733,.F.);
#3989 = ADVANCED_FACE('',(#3990),#1721,.F.);
#3990 = FACE_BOUND('',#3991,.F.);
#3991 = EDGE_LOOP('',(#3992,#4015,#4016,#4043,#4044,#4045));
#3992 = ORIENTED_EDGE('',*,*,#3993,.F.);
#3993 = EDGE_CURVE('',#3200,#3994,#3996,.T.);
#3994 = VERTEX_POINT('',#3995);
#3995 = CARTESIAN_POINT('',(27.777857445009,8.125,9.41304755963));
#3996 = SURFACE_CURVE('',#3997,(#4001,#4008),.PCURVE_S1.);
#3997 = LINE('',#3998,#3999);
#3998 = CARTESIAN_POINT('',(7.020804338767,8.125,-58.48021394493));
#3999 = VECTOR('',#4000,1.);
#4000 = DIRECTION('',(0.292371704723,-0.,0.956304755963));
#4001 = PCURVE('',#1721,#4002);
#4002 = DEFINITIONAL_REPRESENTATION('',(#4003),#4007);
#4003 = LINE('',#4004,#4005);
#4004 = CARTESIAN_POINT('',(41.519786055065,107.02080433876));
#4005 = VECTOR('',#4006,1.);
#4006 = DIRECTION('',(0.956304755963,0.292371704723));
#4007 = ( GEOMETRIC_REPRESENTATION_CONTEXT(2) 
PARAMETRIC_REPRESENTATION_CONTEXT() REPRESENTATION_CONTEXT('2D SPACE',''
  ) );
#4008 = PCURVE('',#3238,#4009);
#4009 = DEFINITIONAL_REPRESENTATION('',(#4010),#4014);
#4010 = LINE('',#4011,#4012);
#4011 = CARTESIAN_POINT('',(1.,-70.99542387635));
#4012 = VECTOR('',#4013,1.);
#4013 = DIRECTION('',(0.,1.));
#4014 = ( GEOMETRIC_REPRESENTATION_CONTEXT(2) 
PARAMETRIC_REPRESENTATION_CONTEXT() REPRESENTATION_CONTEXT('2D SPACE',''
  ) );
#4015 = ORIENTED_EDGE('',*,*,#3199,.T.);
#4016 = ORIENTED_EDGE('',*,*,#4017,.T.);
#4017 = EDGE_CURVE('',#3120,#1493,#4018,.T.);
#4018 = SURFACE_CURVE('',#4019,(#4025,#4034),.PCURVE_S1.);
#4019 = B_SPLINE_CURVE_WITH_KNOTS('',4,(#4020,#4021,#4022,#4023,#4024),
  .UNSPECIFIED.,.F.,.F.,(5,5),(0.,1.),.PIECEWISE_BEZIER_KNOTS.);
#4020 = CARTESIAN_POINT('',(14.449459332498,8.125,0.));
#4021 = CARTESIAN_POINT('',(16.178044864828,8.125,5.653948514694));
#4022 = CARTESIAN_POINT('',(17.906630397158,8.125,11.307897029389));
#4023 = CARTESIAN_POINT('',(19.635215929487,8.125,16.961845544083));
#4024 = CARTESIAN_POINT('',(21.363801461817,8.125,22.615794058778));
#4025 = PCURVE('',#1721,#4026);
#4026 = DEFINITIONAL_REPRESENTATION('',(#4027),#4033);
#4027 = B_SPLINE_CURVE_WITH_KNOTS('',4,(#4028,#4029,#4030,#4031,#4032),
  .UNSPECIFIED.,.F.,.F.,(5,5),(0.,1.),.PIECEWISE_BEZIER_KNOTS.);
#4028 = CARTESIAN_POINT('',(100.,114.44945933249));
#4029 = CARTESIAN_POINT('',(105.65394851469,116.17804486482));
#4030 = CARTESIAN_POINT('',(111.30789702938,117.90663039715));
#4031 = CARTESIAN_POINT('',(116.96184554408,119.63521592948));
#4032 = CARTESIAN_POINT('',(122.61579405877,121.36380146181));
#4033 = ( GEOMETRIC_REPRESENTATION_CONTEXT(2) 
PARAMETRIC_REPRESENTATION_CONTEXT() REPRESENTATION_CONTEXT('2D SPACE',''
  ) );
#4034 = PCURVE('',#1614,#4035);
#4035 = DEFINITIONAL_REPRESENTATION('',(#4036),#4042);
#4036 = B_SPLINE_CURVE_WITH_KNOTS('',4,(#4037,#4038,#4039,#4040,#4041),
  .UNSPECIFIED.,.F.,.F.,(5,5),(0.,1.),.PIECEWISE_BEZIER_KNOTS.);
#4037 = CARTESIAN_POINT('',(8.650626896472E-03,0.25));
#4038 = CARTESIAN_POINT('',(8.650626896472E-03,0.320674356434));
#4039 = CARTESIAN_POINT('',(8.650626896472E-03,0.391348712867));
#4040 = CARTESIAN_POINT('',(8.650626896472E-03,0.462023069301));
#4041 = CARTESIAN_POINT('',(8.650626896472E-03,0.532697425735));
#4042 = ( GEOMETRIC_REPRESENTATION_CONTEXT(2) 
PARAMETRIC_REPRESENTATION_CONTEXT() REPRESENTATION_CONTEXT('2D SPACE',''
  ) );
#4043 = ORIENTED_EDGE('',*,*,#1705,.F.);
#4044 = ORIENTED_EDGE('',*,*,#3968,.F.);
#4045 = ORIENTED_EDGE('',*,*,#4046,.T.);
#4046 = EDGE_CURVE('',#3946,#3994,#4047,.T.);
#4047 = SURFACE_CURVE('',#4048,(#4052,#4059),.PCURVE_S1.);
#4048 = LINE('',#4049,#4050);
#4049 = CARTESIAN_POINT('',(-35.56107127749,8.125,9.41304755963));
#4050 = VECTOR('',#4051,1.);
#4051 = DIRECTION('',(1.,0.,0.));
#4052 = PCURVE('',#1721,#4053);
#4053 = DEFINITIONAL_REPRESENTATION('',(#4054),#4058);
#4054 = LINE('',#4055,#4056);
#4055 = CARTESIAN_POINT('',(109.41304755963,64.438928722504));
#4056 = VECTOR('',#4057,1.);
#4057 = DIRECTION('',(0.,1.));
#4058 = ( GEOMETRIC_REPRESENTATION_CONTEXT(2) 
PARAMETRIC_REPRESENTATION_CONTEXT() REPRESENTATION_CONTEXT('2D SPACE',''
  ) );
#4059 = PCURVE('',#2290,#4060);
#4060 = DEFINITIONAL_REPRESENTATION('',(#4061),#4065);
#4061 = LINE('',#4062,#4063);
#4062 = CARTESIAN_POINT('',(-64.4389287225,-2.775));
#4063 = VECTOR('',#4064,1.);
#4064 = DIRECTION('',(1.,0.));
#4065 = ( GEOMETRIC_REPRESENTATION_CONTEXT(2) 
PARAMETRIC_REPRESENTATION_CONTEXT() REPRESENTATION_CONTEXT('2D SPACE',''
  ) );
#4066 = ADVANCED_FACE('',(#4067),#1614,.F.);
#4067 = FACE_BOUND('',#4068,.F.);
#4068 = EDGE_LOOP('',(#4069,#4096,#4097,#4098));
#4069 = ORIENTED_EDGE('',*,*,#4070,.T.);
#4070 = EDGE_CURVE('',#3097,#1465,#4071,.T.);
#4071 = SURFACE_CURVE('',#4072,(#4078,#4087),.PCURVE_S1.);
#4072 = B_SPLINE_CURVE_WITH_KNOTS('',4,(#4073,#4074,#4075,#4076,#4077),
  .UNSPECIFIED.,.F.,.F.,(5,5),(0.,1.),.PIECEWISE_BEZIER_KNOTS.);
#4073 = CARTESIAN_POINT('',(-16.61461362917,17.927361191462,-20.));
#4074 = CARTESIAN_POINT('',(-10.5,17.927361191462,-4.973799150321E-14));
#4075 = CARTESIAN_POINT('',(-4.385386370827,17.927361191462,20.));
#4076 = CARTESIAN_POINT('',(1.729227258346,17.927361191462,40.));
#4077 = CARTESIAN_POINT('',(7.84384088752,17.927361191462,60.));
#4078 = PCURVE('',#1614,#4079);
#4079 = DEFINITIONAL_REPRESENTATION('',(#4080),#4086);
#4080 = B_SPLINE_CURVE_WITH_KNOTS('',4,(#4081,#4082,#4083,#4084,#4085),
  .UNSPECIFIED.,.F.,.F.,(5,5),(0.,1.),.PIECEWISE_BEZIER_KNOTS.);
#4081 = CARTESIAN_POINT('',(2.384220081986,0.));
#4082 = CARTESIAN_POINT('',(2.384220081986,0.25));
#4083 = CARTESIAN_POINT('',(2.384220081986,0.5));
#4084 = CARTESIAN_POINT('',(2.384220081986,0.75));
#4085 = CARTESIAN_POINT('',(2.384220081986,1.));
#4086 = ( GEOMETRIC_REPRESENTATION_CONTEXT(2) 
PARAMETRIC_REPRESENTATION_CONTEXT() REPRESENTATION_CONTEXT('2D SPACE',''
  ) );
#4087 = PCURVE('',#1480,#4088);
#4088 = DEFINITIONAL_REPRESENTATION('',(#4089),#4095);
#4089 = B_SPLINE_CURVE_WITH_KNOTS('',4,(#4090,#4091,#4092,#4093,#4094),
  .UNSPECIFIED.,.F.,.F.,(5,5),(0.,1.),.PIECEWISE_BEZIER_KNOTS.);
#4090 = CARTESIAN_POINT('',(20.027361191462,-83.65534051897));
#4091 = CARTESIAN_POINT('',(20.027361191462,-62.74150538922));
#4092 = CARTESIAN_POINT('',(20.027361191462,-41.82767025948));
#4093 = CARTESIAN_POINT('',(20.027361191462,-20.91383512974));
#4094 = CARTESIAN_POINT('',(20.027361191462,6.394884621841E-14));
#4095 = ( GEOMETRIC_REPRESENTATION_CONTEXT(2) 
PARAMETRIC_REPRESENTATION_CONTEXT() REPRESENTATION_CONTEXT('2D SPACE',''
  ) );
#4096 = ORIENTED_EDGE('',*,*,#1492,.T.);
#4097 = ORIENTED_EDGE('',*,*,#4017,.F.);
#4098 = ORIENTED_EDGE('',*,*,#3119,.F.);
#4099 = ADVANCED_FACE('',(#4100),#1480,.F.);
#4100 = FACE_BOUND('',#4101,.F.);
#4101 = EDGE_LOOP('',(#4102,#4103,#4104,#4123));
#4102 = ORIENTED_EDGE('',*,*,#4070,.F.);
#4103 = ORIENTED_EDGE('',*,*,#3096,.T.);
#4104 = ORIENTED_EDGE('',*,*,#4105,.T.);
#4105 = EDGE_CURVE('',#2510,#906,#4106,.T.);
#4106 = SURFACE_CURVE('',#4107,(#4110,#4116),.PCURVE_S1.);
#4107 = B_SPLINE_CURVE_WITH_KNOTS('',1,(#4108,#4109),.UNSPECIFIED.,.F.,
  .F.,(2,2),(0.,1.),.PIECEWISE_BEZIER_KNOTS.);
#4108 = CARTESIAN_POINT('',(-16.61461362917,18.1,-20.));
#4109 = CARTESIAN_POINT('',(7.84384088752,18.1,60.));
#4110 = PCURVE('',#1480,#4111);
#4111 = DEFINITIONAL_REPRESENTATION('',(#4112),#4115);
#4112 = B_SPLINE_CURVE_WITH_KNOTS('',1,(#4113,#4114),.UNSPECIFIED.,.F.,
  .F.,(2,2),(0.,1.),.PIECEWISE_BEZIER_KNOTS.);
#4113 = CARTESIAN_POINT('',(20.2,-83.65534051897));
#4114 = CARTESIAN_POINT('',(20.2,0.));
#4115 = ( GEOMETRIC_REPRESENTATION_CONTEXT(2) 
PARAMETRIC_REPRESENTATION_CONTEXT() REPRESENTATION_CONTEXT('2D SPACE',''
  ) );
#4116 = PCURVE('',#1255,#4117);
#4117 = DEFINITIONAL_REPRESENTATION('',(#4118),#4122);
#4118 = LINE('',#4119,#4120);
#4119 = CARTESIAN_POINT('',(0.,0.));
#4120 = VECTOR('',#4121,1.);
#4121 = DIRECTION('',(0.,1.));
#4122 = ( GEOMETRIC_REPRESENTATION_CONTEXT(2) 
PARAMETRIC_REPRESENTATION_CONTEXT() REPRESENTATION_CONTEXT('2D SPACE',''
  ) );
#4123 = ORIENTED_EDGE('',*,*,#1464,.F.);
#4124 = ADVANCED_FACE('',(#4125),#1255,.F.);
#4125 = FACE_BOUND('',#4126,.F.);
#4126 = EDGE_LOOP('',(#4127,#4128,#4129,#4156));
#4127 = ORIENTED_EDGE('',*,*,#4105,.F.);
#4128 = ORIENTED_EDGE('',*,*,#2509,.F.);
#4129 = ORIENTED_EDGE('',*,*,#4130,.T.);
#4130 = EDGE_CURVE('',#2487,#878,#4131,.T.);
#4131 = SURFACE_CURVE('',#4132,(#4138,#4147),.PCURVE_S1.);
#4132 = B_SPLINE_CURVE_WITH_KNOTS('',4,(#4133,#4134,#4135,#4136,#4137),
  .UNSPECIFIED.,.F.,.F.,(5,5),(0.,1.),.PIECEWISE_BEZIER_KNOTS.);
#4133 = CARTESIAN_POINT('',(-21.20000022465,8.125,0.));
#4134 = CARTESIAN_POINT('',(-19.47141469232,8.125,5.653948514694));
#4135 = CARTESIAN_POINT('',(-17.74282915999,8.125,11.307897029389));
#4136 = CARTESIAN_POINT('',(-16.01424362766,8.125,16.961845544083));
#4137 = CARTESIAN_POINT('',(-14.28565809533,8.125,22.615794058778));
#4138 = PCURVE('',#1255,#4139);
#4139 = DEFINITIONAL_REPRESENTATION('',(#4140),#4146);
#4140 = B_SPLINE_CURVE_WITH_KNOTS('',4,(#4141,#4142,#4143,#4144,#4145),
  .UNSPECIFIED.,.F.,.F.,(5,5),(0.,1.),.PIECEWISE_BEZIER_KNOTS.);
#4141 = CARTESIAN_POINT('',(20.434622288307,0.25));
#4142 = CARTESIAN_POINT('',(20.434622288307,0.320674356434));
#4143 = CARTESIAN_POINT('',(20.434622288307,0.391348712867));
#4144 = CARTESIAN_POINT('',(20.434622288307,0.462023069301));
#4145 = CARTESIAN_POINT('',(20.434622288307,0.532697425735));
#4146 = ( GEOMETRIC_REPRESENTATION_CONTEXT(2) 
PARAMETRIC_REPRESENTATION_CONTEXT() REPRESENTATION_CONTEXT('2D SPACE',''
  ) );
#4147 = PCURVE('',#893,#4148);
#4148 = DEFINITIONAL_REPRESENTATION('',(#4149),#4155);
#4149 = B_SPLINE_CURVE_WITH_KNOTS('',4,(#4150,#4151,#4152,#4153,#4154),
  .UNSPECIFIED.,.F.,.F.,(5,5),(0.,1.),.PIECEWISE_BEZIER_KNOTS.);
#4150 = CARTESIAN_POINT('',(100.,78.799999775347));
#4151 = CARTESIAN_POINT('',(105.65394851469,80.528585307676));
#4152 = CARTESIAN_POINT('',(111.30789702938,82.257170840006));
#4153 = CARTESIAN_POINT('',(116.96184554408,83.985756372336));
#4154 = CARTESIAN_POINT('',(122.61579405877,85.714341904666));
#4155 = ( GEOMETRIC_REPRESENTATION_CONTEXT(2) 
PARAMETRIC_REPRESENTATION_CONTEXT() REPRESENTATION_CONTEXT('2D SPACE',''
  ) );
#4156 = ORIENTED_EDGE('',*,*,#905,.T.);
#4157 = ADVANCED_FACE('',(#4158),#893,.F.);
#4158 = FACE_BOUND('',#4159,.F.);
#4159 = EDGE_LOOP('',(#4160,#4161,#4162,#4183,#4184,#4205));
#4160 = ORIENTED_EDGE('',*,*,#4130,.F.);
#4161 = ORIENTED_EDGE('',*,*,#2486,.T.);
#4162 = ORIENTED_EDGE('',*,*,#4163,.F.);
#4163 = EDGE_CURVE('',#3561,#2459,#4164,.T.);
#4164 = SURFACE_CURVE('',#4165,(#4169,#4176),.PCURVE_S1.);
#4165 = LINE('',#4166,#4167);
#4166 = CARTESIAN_POINT('',(-39.11909841052,8.125,-51.74193945811));
#4167 = VECTOR('',#4168,1.);
#4168 = DIRECTION('',(-0.292371704723,0.,-0.956304755963));
#4169 = PCURVE('',#893,#4170);
#4170 = DEFINITIONAL_REPRESENTATION('',(#4171),#4175);
#4171 = LINE('',#4172,#4173);
#4172 = CARTESIAN_POINT('',(48.258060541888,60.880901589479));
#4173 = VECTOR('',#4174,1.);
#4174 = DIRECTION('',(-0.956304755963,-0.292371704723));
#4175 = ( GEOMETRIC_REPRESENTATION_CONTEXT(2) 
PARAMETRIC_REPRESENTATION_CONTEXT() REPRESENTATION_CONTEXT('2D SPACE',''
  ) );
#4176 = PCURVE('',#2474,#4177);
#4177 = DEFINITIONAL_REPRESENTATION('',(#4178),#4182);
#4178 = LINE('',#4179,#4180);
#4179 = CARTESIAN_POINT('',(2.525,-63.94926579253));
#4180 = VECTOR('',#4181,1.);
#4181 = DIRECTION('',(0.,-1.));
#4182 = ( GEOMETRIC_REPRESENTATION_CONTEXT(2) 
PARAMETRIC_REPRESENTATION_CONTEXT() REPRESENTATION_CONTEXT('2D SPACE',''
  ) );
#4183 = ORIENTED_EDGE('',*,*,#3560,.T.);
#4184 = ORIENTED_EDGE('',*,*,#4185,.F.);
#4185 = EDGE_CURVE('',#850,#3563,#4186,.T.);
#4186 = SURFACE_CURVE('',#4187,(#4191,#4198),.PCURVE_S1.);
#4187 = LINE('',#4188,#4189);
#4188 = CARTESIAN_POINT('',(-34.25196162522,8.125,-36.4764228831));
#4189 = VECTOR('',#4190,1.);
#4190 = DIRECTION('',(-0.292371704723,0.,-0.956304755963));
#4191 = PCURVE('',#893,#4192);
#4192 = DEFINITIONAL_REPRESENTATION('',(#4193),#4197);
#4193 = LINE('',#4194,#4195);
#4194 = CARTESIAN_POINT('',(63.523577116899,65.748038374775));
#4195 = VECTOR('',#4196,1.);
#4196 = DIRECTION('',(-0.956304755963,-0.292371704723));
#4197 = ( GEOMETRIC_REPRESENTATION_CONTEXT(2) 
PARAMETRIC_REPRESENTATION_CONTEXT() REPRESENTATION_CONTEXT('2D SPACE',''
  ) );
#4198 = PCURVE('',#865,#4199);
#4199 = DEFINITIONAL_REPRESENTATION('',(#4200),#4204);
#4200 = LINE('',#4201,#4202);
#4201 = CARTESIAN_POINT('',(1.25,-79.97076497448));
#4202 = VECTOR('',#4203,1.);
#4203 = DIRECTION('',(0.,-1.));
#4204 = ( GEOMETRIC_REPRESENTATION_CONTEXT(2) 
PARAMETRIC_REPRESENTATION_CONTEXT() REPRESENTATION_CONTEXT('2D SPACE',''
  ) );
#4205 = ORIENTED_EDGE('',*,*,#877,.F.);
#4206 = ADVANCED_FACE('',(#4207),#865,.F.);
#4207 = FACE_BOUND('',#4208,.F.);
#4208 = EDGE_LOOP('',(#4209,#4210,#4211,#4238));
#4209 = ORIENTED_EDGE('',*,*,#4185,.T.);
#4210 = ORIENTED_EDGE('',*,*,#3585,.T.);
#4211 = ORIENTED_EDGE('',*,*,#4212,.T.);
#4212 = EDGE_CURVE('',#3586,#765,#4213,.T.);
#4213 = SURFACE_CURVE('',#4214,(#4220,#4229),.PCURVE_S1.);
#4214 = B_SPLINE_CURVE_WITH_KNOTS('',4,(#4215,#4216,#4217,#4218,#4219),
  .UNSPECIFIED.,.F.,.F.,(5,5),(0.,1.),.PIECEWISE_BEZIER_KNOTS.);
#4215 = CARTESIAN_POINT('',(-20.22214255499,8.90333705205,9.41304755963)
  );
#4216 = CARTESIAN_POINT('',(-17.88430010165,8.90333705205,
    17.059785669723));
#4217 = CARTESIAN_POINT('',(-15.54645764832,8.90333705205,
    24.706523779815));
#4218 = CARTESIAN_POINT('',(-13.20861519498,8.90333705205,
    32.353261889908));
#4219 = CARTESIAN_POINT('',(-10.87077274165,8.90333705205,40.));
#4220 = PCURVE('',#865,#4221);
#4221 = DEFINITIONAL_REPRESENTATION('',(#4222),#4228);
#4222 = B_SPLINE_CURVE_WITH_KNOTS('',4,(#4223,#4224,#4225,#4226,#4227),
  .UNSPECIFIED.,.F.,.F.,(5,5),(0.,1.),.PIECEWISE_BEZIER_KNOTS.);
#4223 = CARTESIAN_POINT('',(2.02833705205,-31.98452402295));
#4224 = CARTESIAN_POINT('',(2.02833705205,-23.98839301721));
#4225 = CARTESIAN_POINT('',(2.02833705205,-15.99226201147));
#4226 = CARTESIAN_POINT('',(2.02833705205,-7.99613100574));
#4227 = CARTESIAN_POINT('',(2.02833705205,-1.42108547152E-14));
#4228 = ( GEOMETRIC_REPRESENTATION_CONTEXT(2) 
PARAMETRIC_REPRESENTATION_CONTEXT() REPRESENTATION_CONTEXT('2D SPACE',''
  ) );
#4229 = PCURVE('',#802,#4230);
#4230 = DEFINITIONAL_REPRESENTATION('',(#4231),#4237);
#4231 = B_SPLINE_CURVE_WITH_KNOTS('',4,(#4232,#4233,#4234,#4235,#4236),
  .UNSPECIFIED.,.F.,.F.,(5,5),(0.,1.),.PIECEWISE_BEZIER_KNOTS.);
#4232 = CARTESIAN_POINT('',(5.301419960195,0.));
#4233 = CARTESIAN_POINT('',(5.301419960195,0.25));
#4234 = CARTESIAN_POINT('',(5.301419960195,0.5));
#4235 = CARTESIAN_POINT('',(5.301419960195,0.75));
#4236 = CARTESIAN_POINT('',(5.301419960195,1.));
#4237 = ( GEOMETRIC_REPRESENTATION_CONTEXT(2) 
PARAMETRIC_REPRESENTATION_CONTEXT() REPRESENTATION_CONTEXT('2D SPACE',''
  ) );
#4238 = ORIENTED_EDGE('',*,*,#849,.F.);
#4239 = ADVANCED_FACE('',(#4240),#802,.F.);
#4240 = FACE_BOUND('',#4241,.F.);
#4241 = EDGE_LOOP('',(#4242,#4243,#4244,#4264));
#4242 = ORIENTED_EDGE('',*,*,#4212,.F.);
#4243 = ORIENTED_EDGE('',*,*,#3608,.T.);
#4244 = ORIENTED_EDGE('',*,*,#4245,.T.);
#4245 = EDGE_CURVE('',#3609,#491,#4246,.T.);
#4246 = SURFACE_CURVE('',#4247,(#4250,#4257),.PCURVE_S1.);
#4247 = B_SPLINE_CURVE_WITH_KNOTS('',1,(#4248,#4249),.UNSPECIFIED.,.F.,
  .F.,(2,2),(0.,1.),.PIECEWISE_BEZIER_KNOTS.);
#4248 = CARTESIAN_POINT('',(-19.42214255499,10.4,9.41304755963));
#4249 = CARTESIAN_POINT('',(-10.07077274165,10.4,40.));
#4250 = PCURVE('',#802,#4251);
#4251 = DEFINITIONAL_REPRESENTATION('',(#4252),#4256);
#4252 = LINE('',#4253,#4254);
#4253 = CARTESIAN_POINT('',(6.28318530718,0.));
#4254 = VECTOR('',#4255,1.);
#4255 = DIRECTION('',(0.,1.));
#4256 = ( GEOMETRIC_REPRESENTATION_CONTEXT(2) 
PARAMETRIC_REPRESENTATION_CONTEXT() REPRESENTATION_CONTEXT('2D SPACE',''
  ) );
#4257 = PCURVE('',#654,#4258);
#4258 = DEFINITIONAL_REPRESENTATION('',(#4259),#4263);
#4259 = LINE('',#4260,#4261);
#4260 = CARTESIAN_POINT('',(0.,0.));
#4261 = VECTOR('',#4262,1.);
#4262 = DIRECTION('',(0.,1.));
#4263 = ( GEOMETRIC_REPRESENTATION_CONTEXT(2) 
PARAMETRIC_REPRESENTATION_CONTEXT() REPRESENTATION_CONTEXT('2D SPACE',''
  ) );
#4264 = ORIENTED_EDGE('',*,*,#764,.T.);
#4265 = ADVANCED_FACE('',(#4266),#654,.F.);
#4266 = FACE_BOUND('',#4267,.F.);
#4267 = EDGE_LOOP('',(#4268,#4269,#4270,#4271));
#4268 = ORIENTED_EDGE('',*,*,#4245,.F.);
#4269 = ORIENTED_EDGE('',*,*,#3632,.T.);
#4270 = ORIENTED_EDGE('',*,*,#3751,.T.);
#4271 = ORIENTED_EDGE('',*,*,#490,.T.);
#4272 = ADVANCED_FACE('',(#4273),#2207,.T.);
#4273 = FACE_BOUND('',#4274,.F.);
#4274 = EDGE_LOOP('',(#4275,#4276,#4299,#4326));
#4275 = ORIENTED_EDGE('',*,*,#2186,.T.);
#4276 = ORIENTED_EDGE('',*,*,#4277,.T.);
#4277 = EDGE_CURVE('',#2187,#4278,#4280,.T.);
#4278 = VERTEX_POINT('',#4279);
#4279 = CARTESIAN_POINT('',(-2.752357210577,22.375,22.361228734724));
#4280 = SEAM_CURVE('',#4281,(#4285,#4292),.PCURVE_S1.);
#4281 = LINE('',#4282,#4283);
#4282 = CARTESIAN_POINT('',(-3.135621649926,22.375,19.941392300266));
#4283 = VECTOR('',#4284,1.);
#4284 = DIRECTION('',(0.15643446504,0.,0.987688340595));
#4285 = PCURVE('',#2207,#4286);
#4286 = DEFINITIONAL_REPRESENTATION('',(#4287),#4291);
#4287 = LINE('',#4288,#4289);
#4288 = CARTESIAN_POINT('',(-6.28318530718,0.));
#4289 = VECTOR('',#4290,1.);
#4290 = DIRECTION('',(-0.,-1.));
#4291 = ( GEOMETRIC_REPRESENTATION_CONTEXT(2) 
PARAMETRIC_REPRESENTATION_CONTEXT() REPRESENTATION_CONTEXT('2D SPACE',''
  ) );
#4292 = PCURVE('',#2207,#4293);
#4293 = DEFINITIONAL_REPRESENTATION('',(#4294),#4298);
#4294 = LINE('',#4295,#4296);
#4295 = CARTESIAN_POINT('',(-0.,0.));
#4296 = VECTOR('',#4297,1.);
#4297 = DIRECTION('',(-0.,-1.));
#4298 = ( GEOMETRIC_REPRESENTATION_CONTEXT(2) 
PARAMETRIC_REPRESENTATION_CONTEXT() REPRESENTATION_CONTEXT('2D SPACE',''
  ) );
#4299 = ORIENTED_EDGE('',*,*,#4300,.T.);
#4300 = EDGE_CURVE('',#4278,#4278,#4301,.T.);
#4301 = SURFACE_CURVE('',#4302,(#4307,#4314),.PCURVE_S1.);
#4302 = CIRCLE('',#4303,1.5);
#4303 = AXIS2_PLACEMENT_3D('',#4304,#4305,#4306);
#4304 = CARTESIAN_POINT('',(-4.23388972147,22.375,22.595880432284));
#4305 = DIRECTION('',(0.15643446504,-0.,0.987688340595));
#4306 = DIRECTION('',(0.987688340595,0.,-0.15643446504));
#4307 = PCURVE('',#2207,#4308);
#4308 = DEFINITIONAL_REPRESENTATION('',(#4309),#4313);
#4309 = LINE('',#4310,#4311);
#4310 = CARTESIAN_POINT('',(-0.,-2.45));
#4311 = VECTOR('',#4312,1.);
#4312 = DIRECTION('',(-1.,0.));
#4313 = ( GEOMETRIC_REPRESENTATION_CONTEXT(2) 
PARAMETRIC_REPRESENTATION_CONTEXT() REPRESENTATION_CONTEXT('2D SPACE',''
  ) );
#4314 = PCURVE('',#4315,#4320);
#4315 = PLANE('',#4316);
#4316 = AXIS2_PLACEMENT_3D('',#4317,#4318,#4319);
#4317 = CARTESIAN_POINT('',(-4.23388972147,22.375,22.595880432284));
#4318 = DIRECTION('',(0.15643446504,0.,0.987688340595));
#4319 = DIRECTION('',(0.987688340595,0.,-0.15643446504));
#4320 = DEFINITIONAL_REPRESENTATION('',(#4321),#4325);
#4321 = CIRCLE('',#4322,1.5);
#4322 = AXIS2_PLACEMENT_2D('',#4323,#4324);
#4323 = CARTESIAN_POINT('',(8.77243469506E-16,0.));
#4324 = DIRECTION('',(1.,0.));
#4325 = ( GEOMETRIC_REPRESENTATION_CONTEXT(2) 
PARAMETRIC_REPRESENTATION_CONTEXT() REPRESENTATION_CONTEXT('2D SPACE',''
  ) );
#4326 = ORIENTED_EDGE('',*,*,#4277,.F.);
#4327 = ADVANCED_FACE('',(#4328),#2290,.T.);
#4328 = FACE_BOUND('',#4329,.T.);
#4329 = EDGE_LOOP('',(#4330,#4331,#4332,#4333,#4334,#4335,#4336,#4359,
    #4383,#4407));
#4330 = ORIENTED_EDGE('',*,*,#2274,.T.);
#4331 = ORIENTED_EDGE('',*,*,#3785,.T.);
#4332 = ORIENTED_EDGE('',*,*,#3840,.T.);
#4333 = ORIENTED_EDGE('',*,*,#3890,.T.);
#4334 = ORIENTED_EDGE('',*,*,#3945,.T.);
#4335 = ORIENTED_EDGE('',*,*,#4046,.T.);
#4336 = ORIENTED_EDGE('',*,*,#4337,.T.);
#4337 = EDGE_CURVE('',#3994,#4338,#4340,.T.);
#4338 = VERTEX_POINT('',#4339);
#4339 = CARTESIAN_POINT('',(27.777857445009,6.770329308849,9.41304755963
    ));
#4340 = SURFACE_CURVE('',#4341,(#4345,#4352),.PCURVE_S1.);
#4341 = LINE('',#4342,#4343);
#4342 = CARTESIAN_POINT('',(27.777857445009,9.125,9.41304755963));
#4343 = VECTOR('',#4344,1.);
#4344 = DIRECTION('',(0.,-1.,0.));
#4345 = PCURVE('',#2290,#4346);
#4346 = DEFINITIONAL_REPRESENTATION('',(#4347),#4351);
#4347 = LINE('',#4348,#4349);
#4348 = CARTESIAN_POINT('',(-1.1,-1.775));
#4349 = VECTOR('',#4350,1.);
#4350 = DIRECTION('',(0.,-1.));
#4351 = ( GEOMETRIC_REPRESENTATION_CONTEXT(2) 
PARAMETRIC_REPRESENTATION_CONTEXT() REPRESENTATION_CONTEXT('2D SPACE',''
  ) );
#4352 = PCURVE('',#3238,#4353);
#4353 = DEFINITIONAL_REPRESENTATION('',(#4354),#4358);
#4354 = LINE('',#4355,#4356);
#4355 = CARTESIAN_POINT('',(0.,0.));
#4356 = VECTOR('',#4357,1.);
#4357 = DIRECTION('',(1.,0.));
#4358 = ( GEOMETRIC_REPRESENTATION_CONTEXT(2) 
PARAMETRIC_REPRESENTATION_CONTEXT() REPRESENTATION_CONTEXT('2D SPACE',''
  ) );
#4359 = ORIENTED_EDGE('',*,*,#4360,.T.);
#4360 = EDGE_CURVE('',#4338,#4361,#4363,.T.);
#4361 = VERTEX_POINT('',#4362);
#4362 = CARTESIAN_POINT('',(30.877857445009,5.1,9.41304755963));
#4363 = SURFACE_CURVE('',#4364,(#4369,#4376),.PCURVE_S1.);
#4364 = CIRCLE('',#4365,2.);
#4365 = AXIS2_PLACEMENT_3D('',#4366,#4367,#4368);
#4366 = CARTESIAN_POINT('',(28.877857445009,5.1,9.41304755963));
#4367 = DIRECTION('',(0.,0.,1.));
#4368 = DIRECTION('',(1.,0.,0.));
#4369 = PCURVE('',#2290,#4370);
#4370 = DEFINITIONAL_REPRESENTATION('',(#4371),#4375);
#4371 = CIRCLE('',#4372,2.);
#4372 = AXIS2_PLACEMENT_2D('',#4373,#4374);
#4373 = CARTESIAN_POINT('',(0.,-5.8));
#4374 = DIRECTION('',(1.,0.));
#4375 = ( GEOMETRIC_REPRESENTATION_CONTEXT(2) 
PARAMETRIC_REPRESENTATION_CONTEXT() REPRESENTATION_CONTEXT('2D SPACE',''
  ) );
#4376 = PCURVE('',#3267,#4377);
#4377 = DEFINITIONAL_REPRESENTATION('',(#4378),#4382);
#4378 = LINE('',#4379,#4380);
#4379 = CARTESIAN_POINT('',(0.,1.));
#4380 = VECTOR('',#4381,1.);
#4381 = DIRECTION('',(1.,0.));
#4382 = ( GEOMETRIC_REPRESENTATION_CONTEXT(2) 
PARAMETRIC_REPRESENTATION_CONTEXT() REPRESENTATION_CONTEXT('2D SPACE',''
  ) );
#4383 = ORIENTED_EDGE('',*,*,#4384,.T.);
#4384 = EDGE_CURVE('',#4361,#4385,#4387,.T.);
#4385 = VERTEX_POINT('',#4386);
#4386 = CARTESIAN_POINT('',(29.977857445009,6.770329308849,9.41304755963
    ));
#4387 = SURFACE_CURVE('',#4388,(#4393,#4400),.PCURVE_S1.);
#4388 = CIRCLE('',#4389,2.);
#4389 = AXIS2_PLACEMENT_3D('',#4390,#4391,#4392);
#4390 = CARTESIAN_POINT('',(28.877857445009,5.1,9.41304755963));
#4391 = DIRECTION('',(0.,0.,1.));
#4392 = DIRECTION('',(1.,0.,0.));
#4393 = PCURVE('',#2290,#4394);
#4394 = DEFINITIONAL_REPRESENTATION('',(#4395),#4399);
#4395 = CIRCLE('',#4396,2.);
#4396 = AXIS2_PLACEMENT_2D('',#4397,#4398);
#4397 = CARTESIAN_POINT('',(0.,-5.8));
#4398 = DIRECTION('',(1.,0.));
#4399 = ( GEOMETRIC_REPRESENTATION_CONTEXT(2) 
PARAMETRIC_REPRESENTATION_CONTEXT() REPRESENTATION_CONTEXT('2D SPACE',''
  ) );
#4400 = PCURVE('',#3320,#4401);
#4401 = DEFINITIONAL_REPRESENTATION('',(#4402),#4406);
#4402 = LINE('',#4403,#4404);
#4403 = CARTESIAN_POINT('',(0.,1.));
#4404 = VECTOR('',#4405,1.);
#4405 = DIRECTION('',(1.,0.));
#4406 = ( GEOMETRIC_REPRESENTATION_CONTEXT(2) 
PARAMETRIC_REPRESENTATION_CONTEXT() REPRESENTATION_CONTEXT('2D SPACE',''
  ) );
#4407 = ORIENTED_EDGE('',*,*,#4408,.T.);
#4408 = EDGE_CURVE('',#4385,#2247,#4409,.T.);
#4409 = SURFACE_CURVE('',#4410,(#4414,#4421),.PCURVE_S1.);
#4410 = LINE('',#4411,#4412);
#4411 = CARTESIAN_POINT('',(29.977857445009,5.1,9.41304755963));
#4412 = VECTOR('',#4413,1.);
#4413 = DIRECTION('',(0.,1.,0.));
#4414 = PCURVE('',#2290,#4415);
#4415 = DEFINITIONAL_REPRESENTATION('',(#4416),#4420);
#4416 = LINE('',#4417,#4418);
#4417 = CARTESIAN_POINT('',(1.1,-5.8));
#4418 = VECTOR('',#4419,1.);
#4419 = DIRECTION('',(0.,1.));
#4420 = ( GEOMETRIC_REPRESENTATION_CONTEXT(2) 
PARAMETRIC_REPRESENTATION_CONTEXT() REPRESENTATION_CONTEXT('2D SPACE',''
  ) );
#4421 = PCURVE('',#2262,#4422);
#4422 = DEFINITIONAL_REPRESENTATION('',(#4423),#4427);
#4423 = LINE('',#4424,#4425);
#4424 = CARTESIAN_POINT('',(0.,0.));
#4425 = VECTOR('',#4426,1.);
#4426 = DIRECTION('',(1.,0.));
#4427 = ( GEOMETRIC_REPRESENTATION_CONTEXT(2) 
PARAMETRIC_REPRESENTATION_CONTEXT() REPRESENTATION_CONTEXT('2D SPACE',''
  ) );
#4428 = ADVANCED_FACE('',(#4429),#2262,.T.);
#4429 = FACE_BOUND('',#4430,.T.);
#4430 = EDGE_LOOP('',(#4431,#4458,#4459,#4460));
#4431 = ORIENTED_EDGE('',*,*,#4432,.F.);
#4432 = EDGE_CURVE('',#3304,#4385,#4433,.T.);
#4433 = SURFACE_CURVE('',#4434,(#4440,#4449),.PCURVE_S1.);
#4434 = B_SPLINE_CURVE_WITH_KNOTS('',4,(#4435,#4436,#4437,#4438,#4439),
  .UNSPECIFIED.,.F.,.F.,(5,5),(0.,1.),.PIECEWISE_BEZIER_KNOTS.);
#4435 = CARTESIAN_POINT('',(27.1,6.770329300825,0.));
#4436 = CARTESIAN_POINT('',(27.819464361252,6.770329300825,
    2.353261889908));
#4437 = CARTESIAN_POINT('',(28.538928722504,6.770329300825,
    4.706523779815));
#4438 = CARTESIAN_POINT('',(29.258393083756,6.770329300825,
    7.059785669723));
#4439 = CARTESIAN_POINT('',(29.977857445009,6.770329300825,9.41304755963
    ));
#4440 = PCURVE('',#2262,#4441);
#4441 = DEFINITIONAL_REPRESENTATION('',(#4442),#4448);
#4442 = B_SPLINE_CURVE_WITH_KNOTS('',4,(#4443,#4444,#4445,#4446,#4447),
  .UNSPECIFIED.,.F.,.F.,(5,5),(0.,1.),.PIECEWISE_BEZIER_KNOTS.);
#4443 = CARTESIAN_POINT('',(1.670329300825,-9.843146236527));
#4444 = CARTESIAN_POINT('',(1.670329300825,-7.382359677395));
#4445 = CARTESIAN_POINT('',(1.670329300825,-4.921573118263));
#4446 = CARTESIAN_POINT('',(1.670329300825,-2.460786559132));
#4447 = CARTESIAN_POINT('',(1.670329300825,0.));
#4448 = ( GEOMETRIC_REPRESENTATION_CONTEXT(2) 
PARAMETRIC_REPRESENTATION_CONTEXT() REPRESENTATION_CONTEXT('2D SPACE',''
  ) );
#4449 = PCURVE('',#3320,#4450);
#4450 = DEFINITIONAL_REPRESENTATION('',(#4451),#4457);
#4451 = B_SPLINE_CURVE_WITH_KNOTS('',4,(#4452,#4453,#4454,#4455,#4456),
  .UNSPECIFIED.,.F.,.F.,(5,5),(0.,1.),.PIECEWISE_BEZIER_KNOTS.);
#4452 = CARTESIAN_POINT('',(0.988432078742,0.));
#4453 = CARTESIAN_POINT('',(0.988432078742,0.25));
#4454 = CARTESIAN_POINT('',(0.988432078742,0.5));
#4455 = CARTESIAN_POINT('',(0.988432078742,0.75));
#4456 = CARTESIAN_POINT('',(0.988432078742,1.));
#4457 = ( GEOMETRIC_REPRESENTATION_CONTEXT(2) 
PARAMETRIC_REPRESENTATION_CONTEXT() REPRESENTATION_CONTEXT('2D SPACE',''
  ) );
#4458 = ORIENTED_EDGE('',*,*,#3356,.T.);
#4459 = ORIENTED_EDGE('',*,*,#2246,.F.);
#4460 = ORIENTED_EDGE('',*,*,#4408,.F.);
#4461 = ADVANCED_FACE('',(#4462),#3320,.T.);
#4462 = FACE_BOUND('',#4463,.T.);
#4463 = EDGE_LOOP('',(#4464,#4484,#4485,#4486));
#4464 = ORIENTED_EDGE('',*,*,#4465,.F.);
#4465 = EDGE_CURVE('',#3251,#4361,#4466,.T.);
#4466 = SURFACE_CURVE('',#4467,(#4470,#4477),.PCURVE_S1.);
#4467 = B_SPLINE_CURVE_WITH_KNOTS('',1,(#4468,#4469),.UNSPECIFIED.,.F.,
  .F.,(2,2),(0.,1.),.PIECEWISE_BEZIER_KNOTS.);
#4468 = CARTESIAN_POINT('',(28.,5.1,0.));
#4469 = CARTESIAN_POINT('',(30.877857445009,5.1,9.41304755963));
#4470 = PCURVE('',#3320,#4471);
#4471 = DEFINITIONAL_REPRESENTATION('',(#4472),#4476);
#4472 = LINE('',#4473,#4474);
#4473 = CARTESIAN_POINT('',(0.,0.));
#4474 = VECTOR('',#4475,1.);
#4475 = DIRECTION('',(0.,1.));
#4476 = ( GEOMETRIC_REPRESENTATION_CONTEXT(2) 
PARAMETRIC_REPRESENTATION_CONTEXT() REPRESENTATION_CONTEXT('2D SPACE',''
  ) );
#4477 = PCURVE('',#3267,#4478);
#4478 = DEFINITIONAL_REPRESENTATION('',(#4479),#4483);
#4479 = LINE('',#4480,#4481);
#4480 = CARTESIAN_POINT('',(6.28318530718,0.));
#4481 = VECTOR('',#4482,1.);
#4482 = DIRECTION('',(0.,1.));
#4483 = ( GEOMETRIC_REPRESENTATION_CONTEXT(2) 
PARAMETRIC_REPRESENTATION_CONTEXT() REPRESENTATION_CONTEXT('2D SPACE',''
  ) );
#4484 = ORIENTED_EDGE('',*,*,#3303,.T.);
#4485 = ORIENTED_EDGE('',*,*,#4432,.T.);
#4486 = ORIENTED_EDGE('',*,*,#4384,.F.);
#4487 = ADVANCED_FACE('',(#4488),#3267,.T.);
#4488 = FACE_BOUND('',#4489,.T.);
#4489 = EDGE_LOOP('',(#4490,#4491,#4492,#4493));
#4490 = ORIENTED_EDGE('',*,*,#3250,.T.);
#4491 = ORIENTED_EDGE('',*,*,#4465,.T.);
#4492 = ORIENTED_EDGE('',*,*,#4360,.F.);
#4493 = ORIENTED_EDGE('',*,*,#4494,.F.);
#4494 = EDGE_CURVE('',#3223,#4338,#4495,.T.);
#4495 = SURFACE_CURVE('',#4496,(#4502,#4511),.PCURVE_S1.);
#4496 = B_SPLINE_CURVE_WITH_KNOTS('',4,(#4497,#4498,#4499,#4500,#4501),
  .UNSPECIFIED.,.F.,.F.,(5,5),(0.,1.),.PIECEWISE_BEZIER_KNOTS.);
#4497 = CARTESIAN_POINT('',(24.9,6.770329316199,0.));
#4498 = CARTESIAN_POINT('',(25.619464361252,6.770329316199,
    2.353261889908));
#4499 = CARTESIAN_POINT('',(26.338928722504,6.770329316199,
    4.706523779815));
#4500 = CARTESIAN_POINT('',(27.058393083756,6.770329316199,
    7.059785669723));
#4501 = CARTESIAN_POINT('',(27.777857445009,6.770329316199,9.41304755963
    ));
#4502 = PCURVE('',#3267,#4503);
#4503 = DEFINITIONAL_REPRESENTATION('',(#4504),#4510);
#4504 = B_SPLINE_CURVE_WITH_KNOTS('',4,(#4505,#4506,#4507,#4508,#4509),
  .UNSPECIFIED.,.F.,.F.,(5,5),(0.,1.),.PIECEWISE_BEZIER_KNOTS.);
#4505 = CARTESIAN_POINT('',(2.153160560555,0.));
#4506 = CARTESIAN_POINT('',(2.153160560555,0.25));
#4507 = CARTESIAN_POINT('',(2.153160560555,0.5));
#4508 = CARTESIAN_POINT('',(2.153160560555,0.75));
#4509 = CARTESIAN_POINT('',(2.153160560555,1.));
#4510 = ( GEOMETRIC_REPRESENTATION_CONTEXT(2) 
PARAMETRIC_REPRESENTATION_CONTEXT() REPRESENTATION_CONTEXT('2D SPACE',''
  ) );
#4511 = PCURVE('',#3238,#4512);
#4512 = DEFINITIONAL_REPRESENTATION('',(#4513),#4519);
#4513 = B_SPLINE_CURVE_WITH_KNOTS('',4,(#4514,#4515,#4516,#4517,#4518),
  .UNSPECIFIED.,.F.,.F.,(5,5),(0.,1.),.PIECEWISE_BEZIER_KNOTS.);
#4514 = CARTESIAN_POINT('',(2.354670683801,-9.843146236527));
#4515 = CARTESIAN_POINT('',(2.354670683801,-7.382359677395));
#4516 = CARTESIAN_POINT('',(2.354670683801,-4.921573118263));
#4517 = CARTESIAN_POINT('',(2.354670683801,-2.460786559132));
#4518 = CARTESIAN_POINT('',(2.354670683801,-1.06581410364E-14));
#4519 = ( GEOMETRIC_REPRESENTATION_CONTEXT(2) 
PARAMETRIC_REPRESENTATION_CONTEXT() REPRESENTATION_CONTEXT('2D SPACE',''
  ) );
#4520 = ADVANCED_FACE('',(#4521),#3238,.T.);
#4521 = FACE_BOUND('',#4522,.T.);
#4522 = EDGE_LOOP('',(#4523,#4524,#4525,#4526));
#4523 = ORIENTED_EDGE('',*,*,#3993,.F.);
#4524 = ORIENTED_EDGE('',*,*,#3222,.T.);
#4525 = ORIENTED_EDGE('',*,*,#4494,.T.);
#4526 = ORIENTED_EDGE('',*,*,#4337,.F.);
#4527 = ADVANCED_FACE('',(#4528),#2474,.T.);
#4528 = FACE_BOUND('',#4529,.T.);
#4529 = EDGE_LOOP('',(#4530,#4557,#4558,#4559));
#4530 = ORIENTED_EDGE('',*,*,#4531,.F.);
#4531 = EDGE_CURVE('',#2406,#3704,#4532,.T.);
#4532 = SURFACE_CURVE('',#4533,(#4539,#4548),.PCURVE_S1.);
#4533 = B_SPLINE_CURVE_WITH_KNOTS('',4,(#4534,#4535,#4536,#4537,#4538),
  .UNSPECIFIED.,.F.,.F.,(5,5),(0.,1.),.PIECEWISE_BEZIER_KNOTS.);
#4534 = CARTESIAN_POINT('',(-23.3,6.985640637136,0.));
#4535 = CARTESIAN_POINT('',(-22.58053563874,6.985640637136,
    2.353261889908));
#4536 = CARTESIAN_POINT('',(-21.86107127749,6.985640637136,
    4.706523779815));
#4537 = CARTESIAN_POINT('',(-21.14160691624,6.985640637136,
    7.059785669723));
#4538 = CARTESIAN_POINT('',(-20.42214255499,6.985640637136,9.41304755963
    ));
#4539 = PCURVE('',#2474,#4540);
#4540 = DEFINITIONAL_REPRESENTATION('',(#4541),#4547);
#4541 = B_SPLINE_CURVE_WITH_KNOTS('',4,(#4542,#4543,#4544,#4545,#4546),
  .UNSPECIFIED.,.F.,.F.,(5,5),(0.,1.),.PIECEWISE_BEZIER_KNOTS.);
#4542 = CARTESIAN_POINT('',(1.385640637136,-9.843146236527));
#4543 = CARTESIAN_POINT('',(1.385640637136,-7.382359677395));
#4544 = CARTESIAN_POINT('',(1.385640637136,-4.921573118264));
#4545 = CARTESIAN_POINT('',(1.385640637136,-2.460786559132));
#4546 = CARTESIAN_POINT('',(1.385640637136,0.));
#4547 = ( GEOMETRIC_REPRESENTATION_CONTEXT(2) 
PARAMETRIC_REPRESENTATION_CONTEXT() REPRESENTATION_CONTEXT('2D SPACE',''
  ) );
#4548 = PCURVE('',#2422,#4549);
#4549 = DEFINITIONAL_REPRESENTATION('',(#4550),#4556);
#4550 = B_SPLINE_CURVE_WITH_KNOTS('',4,(#4551,#4552,#4553,#4554,#4555),
  .UNSPECIFIED.,.F.,.F.,(5,5),(0.,1.),.PIECEWISE_BEZIER_KNOTS.);
#4551 = CARTESIAN_POINT('',(1.047197536855,0.));
#4552 = CARTESIAN_POINT('',(1.047197536855,0.25));
#4553 = CARTESIAN_POINT('',(1.047197536855,0.5));
#4554 = CARTESIAN_POINT('',(1.047197536855,0.75));
#4555 = CARTESIAN_POINT('',(1.047197536855,1.));
#4556 = ( GEOMETRIC_REPRESENTATION_CONTEXT(2) 
PARAMETRIC_REPRESENTATION_CONTEXT() REPRESENTATION_CONTEXT('2D SPACE',''
  ) );
#4557 = ORIENTED_EDGE('',*,*,#2458,.T.);
#4558 = ORIENTED_EDGE('',*,*,#4163,.F.);
#4559 = ORIENTED_EDGE('',*,*,#3727,.F.);
#4560 = ADVANCED_FACE('',(#4561),#2422,.T.);
#4561 = FACE_BOUND('',#4562,.T.);
#4562 = EDGE_LOOP('',(#4563,#4583,#4584,#4585));
#4563 = ORIENTED_EDGE('',*,*,#4564,.F.);
#4564 = EDGE_CURVE('',#2353,#3680,#4565,.T.);
#4565 = SURFACE_CURVE('',#4566,(#4569,#4576),.PCURVE_S1.);
#4566 = B_SPLINE_CURVE_WITH_KNOTS('',1,(#4567,#4568),.UNSPECIFIED.,.F.,
  .F.,(2,2),(0.,1.),.PIECEWISE_BEZIER_KNOTS.);
#4567 = CARTESIAN_POINT('',(-22.5,5.6,0.));
#4568 = CARTESIAN_POINT('',(-19.62214255499,5.6,9.41304755963));
#4569 = PCURVE('',#2422,#4570);
#4570 = DEFINITIONAL_REPRESENTATION('',(#4571),#4575);
#4571 = LINE('',#4572,#4573);
#4572 = CARTESIAN_POINT('',(0.,0.));
#4573 = VECTOR('',#4574,1.);
#4574 = DIRECTION('',(0.,1.));
#4575 = ( GEOMETRIC_REPRESENTATION_CONTEXT(2) 
PARAMETRIC_REPRESENTATION_CONTEXT() REPRESENTATION_CONTEXT('2D SPACE',''
  ) );
#4576 = PCURVE('',#2369,#4577);
#4577 = DEFINITIONAL_REPRESENTATION('',(#4578),#4582);
#4578 = LINE('',#4579,#4580);
#4579 = CARTESIAN_POINT('',(6.28318530718,0.));
#4580 = VECTOR('',#4581,1.);
#4581 = DIRECTION('',(0.,1.));
#4582 = ( GEOMETRIC_REPRESENTATION_CONTEXT(2) 
PARAMETRIC_REPRESENTATION_CONTEXT() REPRESENTATION_CONTEXT('2D SPACE',''
  ) );
#4583 = ORIENTED_EDGE('',*,*,#2405,.T.);
#4584 = ORIENTED_EDGE('',*,*,#4531,.T.);
#4585 = ORIENTED_EDGE('',*,*,#3703,.F.);
#4586 = ADVANCED_FACE('',(#4587),#2369,.T.);
#4587 = FACE_BOUND('',#4588,.T.);
#4588 = EDGE_LOOP('',(#4589,#4590,#4591,#4592));
#4589 = ORIENTED_EDGE('',*,*,#2352,.T.);
#4590 = ORIENTED_EDGE('',*,*,#4564,.T.);
#4591 = ORIENTED_EDGE('',*,*,#3679,.F.);
#4592 = ORIENTED_EDGE('',*,*,#3507,.F.);
#4593 = ADVANCED_FACE('',(#4594),#3398,.F.);
#4594 = FACE_BOUND('',#4595,.F.);
#4595 = EDGE_LOOP('',(#4596,#4597,#4620,#4648));
#4596 = ORIENTED_EDGE('',*,*,#3380,.T.);
#4597 = ORIENTED_EDGE('',*,*,#4598,.T.);
#4598 = EDGE_CURVE('',#3383,#4599,#4601,.T.);
#4599 = VERTEX_POINT('',#4600);
#4600 = CARTESIAN_POINT('',(21.765113225257,13.472166541539,1.8));
#4601 = SURFACE_CURVE('',#4602,(#4606,#4613),.PCURVE_S1.);
#4602 = LINE('',#4603,#4604);
#4603 = CARTESIAN_POINT('',(21.765113225257,13.472166541539,-1.));
#4604 = VECTOR('',#4605,1.);
#4605 = DIRECTION('',(0.,0.,1.));
#4606 = PCURVE('',#3398,#4607);
#4607 = DEFINITIONAL_REPRESENTATION('',(#4608),#4612);
#4608 = LINE('',#4609,#4610);
#4609 = CARTESIAN_POINT('',(0.,0.));
#4610 = VECTOR('',#4611,1.);
#4611 = DIRECTION('',(0.,-1.));
#4612 = ( GEOMETRIC_REPRESENTATION_CONTEXT(2) 
PARAMETRIC_REPRESENTATION_CONTEXT() REPRESENTATION_CONTEXT('2D SPACE',''
  ) );
#4613 = PCURVE('',#3490,#4614);
#4614 = DEFINITIONAL_REPRESENTATION('',(#4615),#4619);
#4615 = LINE('',#4616,#4617);
#4616 = CARTESIAN_POINT('',(3.14159265359,0.));
#4617 = VECTOR('',#4618,1.);
#4618 = DIRECTION('',(0.,-1.));
#4619 = ( GEOMETRIC_REPRESENTATION_CONTEXT(2) 
PARAMETRIC_REPRESENTATION_CONTEXT() REPRESENTATION_CONTEXT('2D SPACE',''
  ) );
#4620 = ORIENTED_EDGE('',*,*,#4621,.T.);
#4621 = EDGE_CURVE('',#4599,#4622,#4624,.T.);
#4622 = VERTEX_POINT('',#4623);
#4623 = CARTESIAN_POINT('',(17.014676845516,15.587197085533,1.8));
#4624 = SURFACE_CURVE('',#4625,(#4629,#4636),.PCURVE_S1.);
#4625 = LINE('',#4626,#4627);
#4626 = CARTESIAN_POINT('',(21.765113225257,13.472166541539,1.8));
#4627 = VECTOR('',#4628,1.);
#4628 = DIRECTION('',(-0.913545457643,0.406736643076,0.));
#4629 = PCURVE('',#3398,#4630);
#4630 = DEFINITIONAL_REPRESENTATION('',(#4631),#4635);
#4631 = LINE('',#4632,#4633);
#4632 = CARTESIAN_POINT('',(0.,-2.8));
#4633 = VECTOR('',#4634,1.);
#4634 = DIRECTION('',(1.,0.));
#4635 = ( GEOMETRIC_REPRESENTATION_CONTEXT(2) 
PARAMETRIC_REPRESENTATION_CONTEXT() REPRESENTATION_CONTEXT('2D SPACE',''
  ) );
#4636 = PCURVE('',#4637,#4642);
#4637 = PLANE('',#4638);
#4638 = AXIS2_PLACEMENT_3D('',#4639,#4640,#4641);
#4639 = CARTESIAN_POINT('',(20.,15.9,1.8));
#4640 = DIRECTION('',(-0.,-0.,-1.));
#4641 = DIRECTION('',(-1.,0.,0.));
#4642 = DEFINITIONAL_REPRESENTATION('',(#4643),#4647);
#4643 = LINE('',#4644,#4645);
#4644 = CARTESIAN_POINT('',(-1.765113225257,-2.427833458461));
#4645 = VECTOR('',#4646,1.);
#4646 = DIRECTION('',(0.913545457643,0.406736643076));
#4647 = ( GEOMETRIC_REPRESENTATION_CONTEXT(2) 
PARAMETRIC_REPRESENTATION_CONTEXT() REPRESENTATION_CONTEXT('2D SPACE',''
  ) );
#4648 = ORIENTED_EDGE('',*,*,#4649,.F.);
#4649 = EDGE_CURVE('',#3381,#4622,#4650,.T.);
#4650 = SURFACE_CURVE('',#4651,(#4655,#4662),.PCURVE_S1.);
#4651 = LINE('',#4652,#4653);
#4652 = CARTESIAN_POINT('',(17.014676845516,15.587197085533,-1.));
#4653 = VECTOR('',#4654,1.);
#4654 = DIRECTION('',(0.,0.,1.));
#4655 = PCURVE('',#3398,#4656);
#4656 = DEFINITIONAL_REPRESENTATION('',(#4657),#4661);
#4657 = LINE('',#4658,#4659);
#4658 = CARTESIAN_POINT('',(5.2,0.));
#4659 = VECTOR('',#4660,1.);
#4660 = DIRECTION('',(0.,-1.));
#4661 = ( GEOMETRIC_REPRESENTATION_CONTEXT(2) 
PARAMETRIC_REPRESENTATION_CONTEXT() REPRESENTATION_CONTEXT('2D SPACE',''
  ) );
#4662 = PCURVE('',#3431,#4663);
#4663 = DEFINITIONAL_REPRESENTATION('',(#4664),#4668);
#4664 = LINE('',#4665,#4666);
#4665 = CARTESIAN_POINT('',(0.,0.));
#4666 = VECTOR('',#4667,1.);
#4667 = DIRECTION('',(0.,-1.));
#4668 = ( GEOMETRIC_REPRESENTATION_CONTEXT(2) 
PARAMETRIC_REPRESENTATION_CONTEXT() REPRESENTATION_CONTEXT('2D SPACE',''
  ) );
#4669 = ADVANCED_FACE('',(#4670),#3490,.F.);
#4670 = FACE_BOUND('',#4671,.F.);
#4671 = EDGE_LOOP('',(#4672,#4673,#4696,#4718));
#4672 = ORIENTED_EDGE('',*,*,#3471,.F.);
#4673 = ORIENTED_EDGE('',*,*,#4674,.T.);
#4674 = EDGE_CURVE('',#3444,#4675,#4677,.T.);
#4675 = VERTEX_POINT('',#4676);
#4676 = CARTESIAN_POINT('',(22.985323154484,16.212802914467,1.8));
#4677 = SURFACE_CURVE('',#4678,(#4682,#4689),.PCURVE_S1.);
#4678 = LINE('',#4679,#4680);
#4679 = CARTESIAN_POINT('',(22.985323154484,16.212802914467,-1.));
#4680 = VECTOR('',#4681,1.);
#4681 = DIRECTION('',(0.,0.,1.));
#4682 = PCURVE('',#3490,#4683);
#4683 = DEFINITIONAL_REPRESENTATION('',(#4684),#4688);
#4684 = LINE('',#4685,#4686);
#4685 = CARTESIAN_POINT('',(0.,0.));
#4686 = VECTOR('',#4687,1.);
#4687 = DIRECTION('',(0.,-1.));
#4688 = ( GEOMETRIC_REPRESENTATION_CONTEXT(2) 
PARAMETRIC_REPRESENTATION_CONTEXT() REPRESENTATION_CONTEXT('2D SPACE',''
  ) );
#4689 = PCURVE('',#3459,#4690);
#4690 = DEFINITIONAL_REPRESENTATION('',(#4691),#4695);
#4691 = LINE('',#4692,#4693);
#4692 = CARTESIAN_POINT('',(5.2,0.));
#4693 = VECTOR('',#4694,1.);
#4694 = DIRECTION('',(0.,-1.));
#4695 = ( GEOMETRIC_REPRESENTATION_CONTEXT(2) 
PARAMETRIC_REPRESENTATION_CONTEXT() REPRESENTATION_CONTEXT('2D SPACE',''
  ) );
#4696 = ORIENTED_EDGE('',*,*,#4697,.T.);
#4697 = EDGE_CURVE('',#4675,#4599,#4698,.T.);
#4698 = SURFACE_CURVE('',#4699,(#4704,#4711),.PCURVE_S1.);
#4699 = CIRCLE('',#4700,1.5);
#4700 = AXIS2_PLACEMENT_3D('',#4701,#4702,#4703);
#4701 = CARTESIAN_POINT('',(22.375218189871,14.842484728003,1.8));
#4702 = DIRECTION('',(0.,0.,-1.));
#4703 = DIRECTION('',(0.406736643076,0.913545457643,0.));
#4704 = PCURVE('',#3490,#4705);
#4705 = DEFINITIONAL_REPRESENTATION('',(#4706),#4710);
#4706 = LINE('',#4707,#4708);
#4707 = CARTESIAN_POINT('',(0.,-2.8));
#4708 = VECTOR('',#4709,1.);
#4709 = DIRECTION('',(1.,0.));
#4710 = ( GEOMETRIC_REPRESENTATION_CONTEXT(2) 
PARAMETRIC_REPRESENTATION_CONTEXT() REPRESENTATION_CONTEXT('2D SPACE',''
  ) );
#4711 = PCURVE('',#4637,#4712);
#4712 = DEFINITIONAL_REPRESENTATION('',(#4713),#4717);
#4713 = CIRCLE('',#4714,1.5);
#4714 = AXIS2_PLACEMENT_2D('',#4715,#4716);
#4715 = CARTESIAN_POINT('',(-2.375218189871,-1.057515271997));
#4716 = DIRECTION('',(-0.406736643076,0.913545457643));
#4717 = ( GEOMETRIC_REPRESENTATION_CONTEXT(2) 
PARAMETRIC_REPRESENTATION_CONTEXT() REPRESENTATION_CONTEXT('2D SPACE',''
  ) );
#4718 = ORIENTED_EDGE('',*,*,#4598,.F.);
#4719 = ADVANCED_FACE('',(#4720),#3459,.F.);
#4720 = FACE_BOUND('',#4721,.F.);
#4721 = EDGE_LOOP('',(#4722,#4723,#4746,#4767));
#4722 = ORIENTED_EDGE('',*,*,#3443,.T.);
#4723 = ORIENTED_EDGE('',*,*,#4724,.T.);
#4724 = EDGE_CURVE('',#3411,#4725,#4727,.T.);
#4725 = VERTEX_POINT('',#4726);
#4726 = CARTESIAN_POINT('',(18.234886774743,18.327833458461,1.8));
#4727 = SURFACE_CURVE('',#4728,(#4732,#4739),.PCURVE_S1.);
#4728 = LINE('',#4729,#4730);
#4729 = CARTESIAN_POINT('',(18.234886774743,18.327833458461,-1.));
#4730 = VECTOR('',#4731,1.);
#4731 = DIRECTION('',(0.,0.,1.));
#4732 = PCURVE('',#3459,#4733);
#4733 = DEFINITIONAL_REPRESENTATION('',(#4734),#4738);
#4734 = LINE('',#4735,#4736);
#4735 = CARTESIAN_POINT('',(0.,0.));
#4736 = VECTOR('',#4737,1.);
#4737 = DIRECTION('',(0.,-1.));
#4738 = ( GEOMETRIC_REPRESENTATION_CONTEXT(2) 
PARAMETRIC_REPRESENTATION_CONTEXT() REPRESENTATION_CONTEXT('2D SPACE',''
  ) );
#4739 = PCURVE('',#3431,#4740);
#4740 = DEFINITIONAL_REPRESENTATION('',(#4741),#4745);
#4741 = LINE('',#4742,#4743);
#4742 = CARTESIAN_POINT('',(3.14159265359,0.));
#4743 = VECTOR('',#4744,1.);
#4744 = DIRECTION('',(0.,-1.));
#4745 = ( GEOMETRIC_REPRESENTATION_CONTEXT(2) 
PARAMETRIC_REPRESENTATION_CONTEXT() REPRESENTATION_CONTEXT('2D SPACE',''
  ) );
#4746 = ORIENTED_EDGE('',*,*,#4747,.T.);
#4747 = EDGE_CURVE('',#4725,#4675,#4748,.T.);
#4748 = SURFACE_CURVE('',#4749,(#4753,#4760),.PCURVE_S1.);
#4749 = LINE('',#4750,#4751);
#4750 = CARTESIAN_POINT('',(18.234886774743,18.327833458461,1.8));
#4751 = VECTOR('',#4752,1.);
#4752 = DIRECTION('',(0.913545457643,-0.406736643076,0.));
#4753 = PCURVE('',#3459,#4754);
#4754 = DEFINITIONAL_REPRESENTATION('',(#4755),#4759);
#4755 = LINE('',#4756,#4757);
#4756 = CARTESIAN_POINT('',(0.,-2.8));
#4757 = VECTOR('',#4758,1.);
#4758 = DIRECTION('',(1.,0.));
#4759 = ( GEOMETRIC_REPRESENTATION_CONTEXT(2) 
PARAMETRIC_REPRESENTATION_CONTEXT() REPRESENTATION_CONTEXT('2D SPACE',''
  ) );
#4760 = PCURVE('',#4637,#4761);
#4761 = DEFINITIONAL_REPRESENTATION('',(#4762),#4766);
#4762 = LINE('',#4763,#4764);
#4763 = CARTESIAN_POINT('',(1.765113225257,2.427833458461));
#4764 = VECTOR('',#4765,1.);
#4765 = DIRECTION('',(-0.913545457643,-0.406736643076));
#4766 = ( GEOMETRIC_REPRESENTATION_CONTEXT(2) 
PARAMETRIC_REPRESENTATION_CONTEXT() REPRESENTATION_CONTEXT('2D SPACE',''
  ) );
#4767 = ORIENTED_EDGE('',*,*,#4674,.F.);
#4768 = ADVANCED_FACE('',(#4769),#3431,.F.);
#4769 = FACE_BOUND('',#4770,.F.);
#4770 = EDGE_LOOP('',(#4771,#4772,#4773,#4795));
#4771 = ORIENTED_EDGE('',*,*,#3410,.F.);
#4772 = ORIENTED_EDGE('',*,*,#4649,.T.);
#4773 = ORIENTED_EDGE('',*,*,#4774,.T.);
#4774 = EDGE_CURVE('',#4622,#4725,#4775,.T.);
#4775 = SURFACE_CURVE('',#4776,(#4781,#4788),.PCURVE_S1.);
#4776 = CIRCLE('',#4777,1.5);
#4777 = AXIS2_PLACEMENT_3D('',#4778,#4779,#4780);
#4778 = CARTESIAN_POINT('',(17.624781810129,16.957515271997,1.8));
#4779 = DIRECTION('',(-0.,0.,-1.));
#4780 = DIRECTION('',(-0.406736643076,-0.913545457643,0.));
#4781 = PCURVE('',#3431,#4782);
#4782 = DEFINITIONAL_REPRESENTATION('',(#4783),#4787);
#4783 = LINE('',#4784,#4785);
#4784 = CARTESIAN_POINT('',(0.,-2.8));
#4785 = VECTOR('',#4786,1.);
#4786 = DIRECTION('',(1.,0.));
#4787 = ( GEOMETRIC_REPRESENTATION_CONTEXT(2) 
PARAMETRIC_REPRESENTATION_CONTEXT() REPRESENTATION_CONTEXT('2D SPACE',''
  ) );
#4788 = PCURVE('',#4637,#4789);
#4789 = DEFINITIONAL_REPRESENTATION('',(#4790),#4794);
#4790 = CIRCLE('',#4791,1.5);
#4791 = AXIS2_PLACEMENT_2D('',#4792,#4793);
#4792 = CARTESIAN_POINT('',(2.375218189871,1.057515271997));
#4793 = DIRECTION('',(0.406736643076,-0.913545457643));
#4794 = ( GEOMETRIC_REPRESENTATION_CONTEXT(2) 
PARAMETRIC_REPRESENTATION_CONTEXT() REPRESENTATION_CONTEXT('2D SPACE',''
  ) );
#4795 = ORIENTED_EDGE('',*,*,#4724,.F.);
#4796 = ADVANCED_FACE('',(#4797),#4315,.T.);
#4797 = FACE_BOUND('',#4798,.T.);
#4798 = EDGE_LOOP('',(#4799));
#4799 = ORIENTED_EDGE('',*,*,#4300,.T.);
#4800 = ADVANCED_FACE('',(#4801),#4637,.T.);
#4801 = FACE_BOUND('',#4802,.T.);
#4802 = EDGE_LOOP('',(#4803,#4804,#4805,#4806));
#4803 = ORIENTED_EDGE('',*,*,#4621,.T.);
#4804 = ORIENTED_EDGE('',*,*,#4774,.T.);
#4805 = ORIENTED_EDGE('',*,*,#4747,.T.);
#4806 = ORIENTED_EDGE('',*,*,#4697,.T.);
#4807 = ( GEOMETRIC_REPRESENTATION_CONTEXT(3) 
GLOBAL_UNCERTAINTY_ASSIGNED_CONTEXT((#4811)) 
GLOBAL_UNIT_ASSIGNED_CONTEXT((#4808,#4809,#4810)) REPRESENTATION_CONTEXT
('Context #1','3D Context with UNIT and UNCERTAINTY') );
#4808 = ( LENGTH_UNIT() NAMED_UNIT(*) SI_UNIT(.MILLI.,.METRE.) );
#4809 = ( NAMED_UNIT(*) PLANE_ANGLE_UNIT() SI_UNIT($,.RADIAN.) );
#4810 = ( NAMED_UNIT(*) SI_UNIT($,.STERADIAN.) SOLID_ANGLE_UNIT() );
#4811 = UNCERTAINTY_MEASURE_WITH_UNIT(LENGTH_MEASURE(2.E-06),#4808,
  'distance_accuracy_value','confusion accuracy');
#4812 = CONTEXT_DEPENDENT_SHAPE_REPRESENTATION(#4813,#4815);
#4813 = ( REPRESENTATION_RELATIONSHIP('','',#36,#10) 
REPRESENTATION_RELATIONSHIP_WITH_TRANSFORMATION(#4814) 
SHAPE_REPRESENTATION_RELATIONSHIP() );
#4814 = ITEM_DEFINED_TRANSFORMATION('','',#11,#15);
#4815 = PRODUCT_DEFINITION_SHAPE('Placement','Placement of an item',
  #4816);
#4816 = NEXT_ASSEMBLY_USAGE_OCCURRENCE('3','','',#5,#31,$);
#4817 = PRODUCT_RELATED_PRODUCT_CATEGORY('part',$,(#33));
#4818 = SHAPE_DEFINITION_REPRESENTATION(#4819,#4825);
#4819 = PRODUCT_DEFINITION_SHAPE('','',#4820);
#4820 = PRODUCT_DEFINITION('design','',#4821,#4824);
#4821 = PRODUCT_DEFINITION_FORMATION('','',#4822);
#4822 = PRODUCT('Open CASCADE STEP translator 7.9 2.2',
  'Open CASCADE STEP translator 7.9 2.2','',(#4823));
#4823 = PRODUCT_CONTEXT('',#2,'mechanical');
#4824 = PRODUCT_DEFINITION_CONTEXT('part definition',#2,'design');
#4825 = ADVANCED_BREP_SHAPE_REPRESENTATION('',(#11,#4826),#10336);
#4826 = MANIFOLD_SOLID_BREP('',#4827);
#4827 = CLOSED_SHELL('',(#4828,#5118,#5250,#7154,#7259,#9030,#9085,#9276
    ,#9309,#9364,#9413,#9469,#9518,#9595,#9620,#9653,#9686,#9735,#9768,
    #9794,#9801,#9856,#9911,#9990,#10016,#10049,#10056,#10089,#10115,
    #10122,#10198,#10248,#10297,#10325,#10329));
#4828 = ADVANCED_FACE('',(#4829),#4845,.F.);
#4829 = FACE_BOUND('',#4830,.F.);
#4830 = EDGE_LOOP('',(#4831,#4926,#5006,#5040));
#4831 = ORIENTED_EDGE('',*,*,#4832,.F.);
#4832 = EDGE_CURVE('',#4833,#4835,#4837,.T.);
#4833 = VERTEX_POINT('',#4834);
#4834 = CARTESIAN_POINT('',(29.999908870832,-8.125,0.));
#4835 = VERTEX_POINT('',#4836);
#4836 = CARTESIAN_POINT('',(35.477994305092,-8.125,14.433075423796));
#4837 = SURFACE_CURVE('',#4838,(#4844,#4912),.PCURVE_S1.);
#4838 = B_SPLINE_CURVE_WITH_KNOTS('',4,(#4839,#4840,#4841,#4842,#4843),
  .UNSPECIFIED.,.F.,.F.,(5,5),(0.,1.),.PIECEWISE_BEZIER_KNOTS.);
#4839 = CARTESIAN_POINT('',(29.999908870832,-8.125,0.));
#4840 = CARTESIAN_POINT('',(31.369430229397,-8.125,3.608268855949));
#4841 = CARTESIAN_POINT('',(32.738951587962,-8.125,7.216537711898));
#4842 = CARTESIAN_POINT('',(34.108472946527,-8.125,10.824806567847));
#4843 = CARTESIAN_POINT('',(35.477994305092,-8.125,14.433075423796));
#4844 = PCURVE('',#4845,#4904);
#4845 = B_SPLINE_SURFACE_WITH_KNOTS('',3,1,(
    (#4846,#4847)
    ,(#4848,#4849)
    ,(#4850,#4851)
    ,(#4852,#4853)
    ,(#4854,#4855)
    ,(#4856,#4857)
    ,(#4858,#4859)
    ,(#4860,#4861)
    ,(#4862,#4863)
    ,(#4864,#4865)
    ,(#4866,#4867)
    ,(#4868,#4869)
    ,(#4870,#4871)
    ,(#4872,#4873)
    ,(#4874,#4875)
    ,(#4876,#4877)
    ,(#4878,#4879)
    ,(#4880,#4881)
    ,(#4882,#4883)
    ,(#4884,#4885)
    ,(#4886,#4887)
    ,(#4888,#4889)
    ,(#4890,#4891)
    ,(#4892,#4893)
    ,(#4894,#4895)
    ,(#4896,#4897)
    ,(#4898,#4899)
    ,(#4900,#4901)
    ,(#4902,#4903
    )),.UNSPECIFIED.,.T.,.F.,.F.,(1,1,2,1,1,1,1,1,1,1,1,1,1,1,1,1,1,1,1,
    1,1,1,1,1,1,1,1,1,2,1,1),(2,2),(-11.12863082616,-5.192301994299,0.,
    5.192301994299,11.128630826161,17.776938881599,24.45001912988,
    31.413495273302,37.423694937206,45.431347527073,54.799378269977,
    61.156264300103,65.497922969321,69.325454811122,73.816557125699,
    78.820555526978,83.824553928257,88.315656242834,92.143188084635,
    96.484846753853,102.84173278397,112.20976352688,120.21741611674,
    126.22761578065,133.19109192407,139.86417217235,146.51248022779,
    152.44880905965,157.64111105395,162.83341304825,168.76974188011),(0.
    ,1.),.UNSPECIFIED.);
#4846 = CARTESIAN_POINT('',(-28.19467798052,-9.757923115404,0.));
#4847 = CARTESIAN_POINT('',(-22.00012061374,-9.757923115404,
    23.536714486125));
#4848 = CARTESIAN_POINT('',(-27.80532201947,-6.242076884596,0.));
#4849 = CARTESIAN_POINT('',(-21.61555827067,-6.242076884596,
    23.475805794649));
#4850 = CARTESIAN_POINT('',(-26.75646873277,-2.663784691355,0.));
#4851 = CARTESIAN_POINT('',(-20.5796181084,-2.663784691355,
    23.311728991839));
#4852 = CARTESIAN_POINT('',(-23.41828871055,2.340548207808,0.));
#4853 = CARTESIAN_POINT('',(-17.28253662165,2.340548207808,
    22.789522585854));
#4854 = CARTESIAN_POINT('',(-18.75681809731,6.798094545236,0.));
#4855 = CARTESIAN_POINT('',(-12.67845644692,6.798094545236,
    22.060307924171));
#4856 = CARTESIAN_POINT('',(-12.85133167509,10.317370819243,0.));
#4857 = CARTESIAN_POINT('',(-6.845676362154,10.317370819243,
    21.136486314908));
#4858 = CARTESIAN_POINT('',(-6.314132526844,11.517954476765,0.));
#4859 = CARTESIAN_POINT('',(-0.388960983281,11.517954476765,
    20.113843063291));
#4860 = CARTESIAN_POINT('',(0.64996341515,11.81092651448,0.));
#4861 = CARTESIAN_POINT('',(6.489395381412,11.81092651448,
    19.024418440116));
#4862 = CARTESIAN_POINT('',(8.530413832458,11.837673001601,0.));
#4863 = CARTESIAN_POINT('',(14.272824377225,11.837673001601,
    17.791644394808));
#4864 = CARTESIAN_POINT('',(16.064653825025,9.060161584088,0.));
#4865 = CARTESIAN_POINT('',(21.714305373129,9.060161584088,
    16.613029592086));
#4866 = CARTESIAN_POINT('',(22.361060251736,7.043362644683,0.));
#4867 = CARTESIAN_POINT('',(27.93319258844,7.043362644683,
    15.628054621048));
#4868 = CARTESIAN_POINT('',(26.944413011804,5.041845739911,0.));
#4869 = CARTESIAN_POINT('',(32.460116670393,5.041845739911,
    14.911060283936));
#4870 = CARTESIAN_POINT('',(29.256656930442,1.261815380072,0.));
#4871 = CARTESIAN_POINT('',(34.743893029444,1.261815380072,
    14.549345643481));
#4872 = CARTESIAN_POINT('',(29.908601413114,-3.169414113927,0.));
#4873 = CARTESIAN_POINT('',(35.387810993695,-3.169414113927,
    14.447359057099));
#4874 = CARTESIAN_POINT('',(30.048167847629,-8.,0.));
#4875 = CARTESIAN_POINT('',(35.525659133803,-8.,14.425526056578));
#4876 = CARTESIAN_POINT('',(29.908601340434,-12.83058588607,0.));
#4877 = CARTESIAN_POINT('',(35.38781092191,-12.83058588607,
    14.447359068468));
#4878 = CARTESIAN_POINT('',(29.25665717114,-17.26181538007,0.));
#4879 = CARTESIAN_POINT('',(34.743893267179,-17.26181538007,
    14.549345605828));
#4880 = CARTESIAN_POINT('',(26.944412212012,-21.04184573991,0.));
#4881 = CARTESIAN_POINT('',(32.460115880448,-21.04184573991,
    14.911060409051));
#4882 = CARTESIAN_POINT('',(22.361064394243,-23.04336264468,0.));
#4883 = CARTESIAN_POINT('',(27.933196679946,-23.04336264468,
    15.628053973017));
#4884 = CARTESIAN_POINT('',(16.064625424713,-25.06016158408,0.));
#4885 = CARTESIAN_POINT('',(21.714277322472,-25.06016158408,
    16.613034034874));
#4886 = CARTESIAN_POINT('',(8.5305641273,-27.8376730016,0.));
#4887 = CARTESIAN_POINT('',(14.272972821688,-27.8376730016,
    17.791620883515));
#4888 = CARTESIAN_POINT('',(0.649546473588,-27.81092651448,0.));
#4889 = CARTESIAN_POINT('',(6.488983573092,-27.81092651448,
    19.024483664146));
#4890 = CARTESIAN_POINT('',(-6.312923755102,-27.51795447676,0.));
#4891 = CARTESIAN_POINT('',(-0.387767093526,-27.51795447676,
    20.11365396973));
#4892 = CARTESIAN_POINT('',(-12.85660883347,-26.31737081924,0.));
#4893 = CARTESIAN_POINT('',(-6.850888549965,-26.31737081924,
    21.137311844358));
#4894 = CARTESIAN_POINT('',(-18.73814091818,-22.79809454523,0.));
#4895 = CARTESIAN_POINT('',(-12.66000921486,-22.79809454523,
    22.057386169645));
#4896 = CARTESIAN_POINT('',(-23.48463883032,-18.3405482078,0.));
#4897 = CARTESIAN_POINT('',(-17.34806986134,-18.3405482078,
    22.799902031345));
#4898 = CARTESIAN_POINT('',(-26.54956905411,-13.33621530864,0.));
#4899 = CARTESIAN_POINT('',(-20.37526570811,-13.33621530864,
    23.27936275129));
#4900 = CARTESIAN_POINT('',(-28.19467798052,-9.757923115404,0.));
#4901 = CARTESIAN_POINT('',(-22.00012061374,-9.757923115404,
    23.536714486125));
#4902 = CARTESIAN_POINT('',(-27.80532201947,-6.242076884596,0.));
#4903 = CARTESIAN_POINT('',(-21.61555827067,-6.242076884596,
    23.475805794649));
#4904 = DEFINITIONAL_REPRESENTATION('',(#4905),#4911);
#4905 = B_SPLINE_CURVE_WITH_KNOTS('',4,(#4906,#4907,#4908,#4909,#4910),
  .UNSPECIFIED.,.F.,.F.,(5,5),(0.,1.),.PIECEWISE_BEZIER_KNOTS.);
#4906 = CARTESIAN_POINT('',(78.94561887429,0.));
#4907 = CARTESIAN_POINT('',(78.94561887429,0.25));
#4908 = CARTESIAN_POINT('',(78.94561887429,0.5));
#4909 = CARTESIAN_POINT('',(78.94561887429,0.75));
#4910 = CARTESIAN_POINT('',(78.94561887429,1.));
#4911 = ( GEOMETRIC_REPRESENTATION_CONTEXT(2) 
PARAMETRIC_REPRESENTATION_CONTEXT() REPRESENTATION_CONTEXT('2D SPACE',''
  ) );
#4912 = PCURVE('',#4913,#4918);
#4913 = PLANE('',#4914);
#4914 = AXIS2_PLACEMENT_3D('',#4915,#4916,#4917);
#4915 = CARTESIAN_POINT('',(-100.,-8.125,-100.));
#4916 = DIRECTION('',(0.,1.,0.));
#4917 = DIRECTION('',(0.,0.,1.));
#4918 = DEFINITIONAL_REPRESENTATION('',(#4919),#4925);
#4919 = B_SPLINE_CURVE_WITH_KNOTS('',4,(#4920,#4921,#4922,#4923,#4924),
  .UNSPECIFIED.,.F.,.F.,(5,5),(0.,1.),.PIECEWISE_BEZIER_KNOTS.);
#4920 = CARTESIAN_POINT('',(100.,129.99990887083));
#4921 = CARTESIAN_POINT('',(103.60826885594,131.36943022939));
#4922 = CARTESIAN_POINT('',(107.21653771189,132.73895158796));
#4923 = CARTESIAN_POINT('',(110.82480656784,134.10847294652));
#4924 = CARTESIAN_POINT('',(114.43307542379,135.47799430509));
#4925 = ( GEOMETRIC_REPRESENTATION_CONTEXT(2) 
PARAMETRIC_REPRESENTATION_CONTEXT() REPRESENTATION_CONTEXT('2D SPACE',''
  ) );
#4926 = ORIENTED_EDGE('',*,*,#4927,.T.);
#4927 = EDGE_CURVE('',#4833,#4928,#4930,.T.);
#4928 = VERTEX_POINT('',#4929);
#4929 = CARTESIAN_POINT('',(-28.01224588709,-8.125,0.));
#4930 = SURFACE_CURVE('',#4931,(#4961,#4968),.PCURVE_S1.);
#4931 = B_SPLINE_CURVE_WITH_KNOTS('',3,(#4932,#4933,#4934,#4935,#4936,
    #4937,#4938,#4939,#4940,#4941,#4942,#4943,#4944,#4945,#4946,#4947,
    #4948,#4949,#4950,#4951,#4952,#4953,#4954,#4955,#4956,#4957,#4958,
    #4959,#4960),.UNSPECIFIED.,.T.,.F.,(1,1,2,1,1,1,1,1,1,1,1,1,1,1,1,1,
    1,1,1,1,1,1,1,1,1,1,1,1,2,1,1),(-11.12863082616,-5.192301994299,0.,
    5.192301994299,11.128630826161,17.776938881599,24.45001912988,
    31.413495273302,37.423694937206,45.431347527073,54.799378269977,
    61.156264300103,65.497922969321,69.325454811122,73.816557125699,
    78.820555526978,83.824553928257,88.315656242834,92.143188084635,
    96.484846753853,102.84173278397,112.20976352688,120.21741611674,
    126.22761578065,133.19109192407,139.86417217235,146.51248022779,
    152.44880905965,157.64111105395,162.83341304825,168.76974188011),
  .UNSPECIFIED.);
#4932 = CARTESIAN_POINT('',(-28.19467798052,-9.757923115404,0.));
#4933 = CARTESIAN_POINT('',(-27.80532201947,-6.242076884596,0.));
#4934 = CARTESIAN_POINT('',(-26.75646873277,-2.663784691355,0.));
#4935 = CARTESIAN_POINT('',(-23.41828871055,2.340548207808,0.));
#4936 = CARTESIAN_POINT('',(-18.75681809731,6.798094545236,0.));
#4937 = CARTESIAN_POINT('',(-12.85133167509,10.317370819243,0.));
#4938 = CARTESIAN_POINT('',(-6.314132526844,11.517954476765,0.));
#4939 = CARTESIAN_POINT('',(0.64996341515,11.81092651448,0.));
#4940 = CARTESIAN_POINT('',(8.530413832458,11.837673001601,0.));
#4941 = CARTESIAN_POINT('',(16.064653825025,9.060161584088,0.));
#4942 = CARTESIAN_POINT('',(22.361060251736,7.043362644683,0.));
#4943 = CARTESIAN_POINT('',(26.944413011804,5.041845739911,0.));
#4944 = CARTESIAN_POINT('',(29.256656930442,1.261815380072,0.));
#4945 = CARTESIAN_POINT('',(29.908601413114,-3.169414113927,0.));
#4946 = CARTESIAN_POINT('',(30.048167847629,-8.,0.));
#4947 = CARTESIAN_POINT('',(29.908601340434,-12.83058588607,0.));
#4948 = CARTESIAN_POINT('',(29.25665717114,-17.26181538007,0.));
#4949 = CARTESIAN_POINT('',(26.944412212012,-21.04184573991,0.));
#4950 = CARTESIAN_POINT('',(22.361064394243,-23.04336264468,0.));
#4951 = CARTESIAN_POINT('',(16.064625424713,-25.06016158408,0.));
#4952 = CARTESIAN_POINT('',(8.5305641273,-27.8376730016,0.));
#4953 = CARTESIAN_POINT('',(0.649546473588,-27.81092651448,0.));
#4954 = CARTESIAN_POINT('',(-6.312923755102,-27.51795447676,0.));
#4955 = CARTESIAN_POINT('',(-12.85660883347,-26.31737081924,0.));
#4956 = CARTESIAN_POINT('',(-18.73814091818,-22.79809454523,0.));
#4957 = CARTESIAN_POINT('',(-23.48463883032,-18.3405482078,0.));
#4958 = CARTESIAN_POINT('',(-26.54956905411,-13.33621530864,0.));
#4959 = CARTESIAN_POINT('',(-28.19467798052,-9.757923115404,0.));
#4960 = CARTESIAN_POINT('',(-27.80532201947,-6.242076884596,0.));
#4961 = PCURVE('',#4845,#4962);
#4962 = DEFINITIONAL_REPRESENTATION('',(#4963),#4967);
#4963 = LINE('',#4964,#4965);
#4964 = CARTESIAN_POINT('',(0.,0.));
#4965 = VECTOR('',#4966,1.);
#4966 = DIRECTION('',(1.,0.));
#4967 = ( GEOMETRIC_REPRESENTATION_CONTEXT(2) 
PARAMETRIC_REPRESENTATION_CONTEXT() REPRESENTATION_CONTEXT('2D SPACE',''
  ) );
#4968 = PCURVE('',#4969,#4974);
#4969 = PLANE('',#4970);
#4970 = AXIS2_PLACEMENT_3D('',#4971,#4972,#4973);
#4971 = CARTESIAN_POINT('',(-28.,-8.,0.));
#4972 = DIRECTION('',(-0.,0.,1.));
#4973 = DIRECTION('',(0.994533904972,-0.104414136312,0.));
#4974 = DEFINITIONAL_REPRESENTATION('',(#4975),#5005);
#4975 = B_SPLINE_CURVE_WITH_KNOTS('',3,(#4976,#4977,#4978,#4979,#4980,
    #4981,#4982,#4983,#4984,#4985,#4986,#4987,#4988,#4989,#4990,#4991,
    #4992,#4993,#4994,#4995,#4996,#4997,#4998,#4999,#5000,#5001,#5002,
    #5003,#5004),.UNSPECIFIED.,.F.,.F.,(1,1,2,1,1,1,1,1,1,1,1,1,1,1,1,1,
    1,1,1,1,1,1,1,1,1,1,1,1,2,1,1),(-11.12863082616,-5.192301994299,0.,
    5.192301994299,11.128630826161,17.776938881599,24.45001912988,
    31.413495273302,37.423694937206,45.431347527073,54.799378269977,
    61.156264300103,65.497922969321,69.325454811122,73.816557125699,
    78.820555526978,83.824553928257,88.315656242834,92.143188084635,
    96.484846753853,102.84173278397,112.20976352688,120.21741611674,
    126.22761578065,133.19109192407,139.86417217235,146.51248022779,
    152.44880905965,157.64111105395,162.83341304825,168.76974188011),
  .UNSPECIFIED.);
#4976 = CARTESIAN_POINT('',(-1.006182838394E-02,-1.768641273798));
#4977 = CARTESIAN_POINT('',(1.006182838394E-02,1.768641273798));
#4978 = CARTESIAN_POINT('',(0.679557694519,5.43688929192));
#4979 = CARTESIAN_POINT('',(3.476967810037,10.762421215776));
#4980 = CARTESIAN_POINT('',(7.647527531043,15.682325609354));
#4981 = CARTESIAN_POINT('',(13.153271810702,19.798981449094));
#4982 = CARTESIAN_POINT('',(19.529380101516,21.675578605216));
#4983 = CARTESIAN_POINT('',(26.424819211023,22.694099292906));
#4984 = CARTESIAN_POINT('',(34.259401626133,23.543530005257));
#4985 = CARTESIAN_POINT('',(42.04247020269,21.567881890683));
#4986 = CARTESIAN_POINT('',(48.515042192908,20.219540804845));
#4987 = CARTESIAN_POINT('',(53.282328570166,18.70753120153));
#4988 = CARTESIAN_POINT('',(55.976622149071,15.189593798554));
#4989 = CARTESIAN_POINT('',(57.087686041662,10.850658046142));
#4990 = CARTESIAN_POINT('',(57.730871045956,6.061049310282));
#4991 = CARTESIAN_POINT('',(58.096448875726,1.242295149398));
#4992 = CARTESIAN_POINT('',(57.910751295629,-3.232785010455));
#4993 = CARTESIAN_POINT('',(56.00583389243,-7.233584425486));
#4994 = CARTESIAN_POINT('',(51.656525748306,-9.702727152463));
#4995 = CARTESIAN_POINT('',(45.605086031896,-12.36593931405));
#4996 = CARTESIAN_POINT('',(38.402218085238,-15.9149310935));
#4997 = CARTESIAN_POINT('',(30.561486111589,-16.71122045679));
#4998 = CARTESIAN_POINT('',(23.606482984519,-17.1468301476));
#4999 = CARTESIAN_POINT('',(16.973208404945,-16.63606222019));
#5000 = CARTESIAN_POINT('',(10.756363140935,-13.75013773754));
#5001 = CARTESIAN_POINT('',(5.570379186545,-9.812558251992));
#5002 = CARTESIAN_POINT('',(1.999679065129,-5.155601554182));
#5003 = CARTESIAN_POINT('',(-1.006182838394E-02,-1.768641273798));
#5004 = CARTESIAN_POINT('',(1.006182838394E-02,1.768641273798));
#5005 = ( GEOMETRIC_REPRESENTATION_CONTEXT(2) 
PARAMETRIC_REPRESENTATION_CONTEXT() REPRESENTATION_CONTEXT('2D SPACE',''
  ) );
#5006 = ORIENTED_EDGE('',*,*,#5007,.T.);
#5007 = EDGE_CURVE('',#4928,#5008,#5010,.T.);
#5008 = VERTEX_POINT('',#5009);
#5009 = CARTESIAN_POINT('',(-21.81993456211,-8.125,23.508175819184));
#5010 = SURFACE_CURVE('',#5011,(#5017,#5026),.PCURVE_S1.);
#5011 = B_SPLINE_CURVE_WITH_KNOTS('',4,(#5012,#5013,#5014,#5015,#5016),
  .UNSPECIFIED.,.F.,.F.,(5,5),(0.,1.),.PIECEWISE_BEZIER_KNOTS.);
#5012 = CARTESIAN_POINT('',(-28.01224588709,-8.125,0.));
#5013 = CARTESIAN_POINT('',(-26.46416805585,-8.125,5.877043954796));
#5014 = CARTESIAN_POINT('',(-24.9160902246,-8.125,11.754087909592));
#5015 = CARTESIAN_POINT('',(-23.36801239336,-8.125,17.631131864388));
#5016 = CARTESIAN_POINT('',(-21.81993456211,-8.125,23.508175819184));
#5017 = PCURVE('',#4845,#5018);
#5018 = DEFINITIONAL_REPRESENTATION('',(#5019),#5025);
#5019 = B_SPLINE_CURVE_WITH_KNOTS('',4,(#5020,#5021,#5022,#5023,#5024),
  .UNSPECIFIED.,.F.,.F.,(5,5),(0.,1.),.PIECEWISE_BEZIER_KNOTS.);
#5020 = CARTESIAN_POINT('',(157.51789487003,0.));
#5021 = CARTESIAN_POINT('',(157.51789487003,0.25));
#5022 = CARTESIAN_POINT('',(157.51789487003,0.5));
#5023 = CARTESIAN_POINT('',(157.51789487003,0.75));
#5024 = CARTESIAN_POINT('',(157.51789487003,1.));
#5025 = ( GEOMETRIC_REPRESENTATION_CONTEXT(2) 
PARAMETRIC_REPRESENTATION_CONTEXT() REPRESENTATION_CONTEXT('2D SPACE',''
  ) );
#5026 = PCURVE('',#5027,#5032);
#5027 = PLANE('',#5028);
#5028 = AXIS2_PLACEMENT_3D('',#5029,#5030,#5031);
#5029 = CARTESIAN_POINT('',(-100.,-8.125,-100.));
#5030 = DIRECTION('',(0.,1.,0.));
#5031 = DIRECTION('',(0.,0.,1.));
#5032 = DEFINITIONAL_REPRESENTATION('',(#5033),#5039);
#5033 = B_SPLINE_CURVE_WITH_KNOTS('',4,(#5034,#5035,#5036,#5037,#5038),
  .UNSPECIFIED.,.F.,.F.,(5,5),(0.,1.),.PIECEWISE_BEZIER_KNOTS.);
#5034 = CARTESIAN_POINT('',(100.,71.987754112903));
#5035 = CARTESIAN_POINT('',(105.87704395479,73.535831944148));
#5036 = CARTESIAN_POINT('',(111.75408790959,75.083909775394));
#5037 = CARTESIAN_POINT('',(117.63113186438,76.631987606639));
#5038 = CARTESIAN_POINT('',(123.50817581918,78.180065437885));
#5039 = ( GEOMETRIC_REPRESENTATION_CONTEXT(2) 
PARAMETRIC_REPRESENTATION_CONTEXT() REPRESENTATION_CONTEXT('2D SPACE',''
  ) );
#5040 = ORIENTED_EDGE('',*,*,#5041,.F.);
#5041 = EDGE_CURVE('',#4835,#5008,#5042,.T.);
#5042 = SURFACE_CURVE('',#5043,(#5073,#5080),.PCURVE_S1.);
#5043 = B_SPLINE_CURVE_WITH_KNOTS('',3,(#5044,#5045,#5046,#5047,#5048,
    #5049,#5050,#5051,#5052,#5053,#5054,#5055,#5056,#5057,#5058,#5059,
    #5060,#5061,#5062,#5063,#5064,#5065,#5066,#5067,#5068,#5069,#5070,
    #5071,#5072),.UNSPECIFIED.,.T.,.F.,(1,1,2,1,1,1,1,1,1,1,1,1,1,1,1,1,
    1,1,1,1,1,1,1,1,1,1,1,1,2,1,1),(-11.12863082616,-5.192301994299,0.,
    5.192301994299,11.128630826161,17.776938881599,24.45001912988,
    31.413495273302,37.423694937206,45.431347527073,54.799378269977,
    61.156264300103,65.497922969321,69.325454811122,73.816557125699,
    78.820555526978,83.824553928257,88.315656242834,92.143188084635,
    96.484846753853,102.84173278397,112.20976352688,120.21741611674,
    126.22761578065,133.19109192407,139.86417217235,146.51248022779,
    152.44880905965,157.64111105395,162.83341304825,168.76974188011),
  .UNSPECIFIED.);
#5044 = CARTESIAN_POINT('',(-22.00012061374,-9.757923115404,
    23.536714486125));
#5045 = CARTESIAN_POINT('',(-21.61555827067,-6.242076884596,
    23.475805794649));
#5046 = CARTESIAN_POINT('',(-20.5796181084,-2.663784691355,
    23.311728991839));
#5047 = CARTESIAN_POINT('',(-17.28253662165,2.340548207808,
    22.789522585854));
#5048 = CARTESIAN_POINT('',(-12.67845644692,6.798094545236,
    22.060307924171));
#5049 = CARTESIAN_POINT('',(-6.845676362154,10.317370819243,
    21.136486314908));
#5050 = CARTESIAN_POINT('',(-0.388960983281,11.517954476765,
    20.113843063291));
#5051 = CARTESIAN_POINT('',(6.489395381412,11.81092651448,
    19.024418440116));
#5052 = CARTESIAN_POINT('',(14.272824377225,11.837673001601,
    17.791644394808));
#5053 = CARTESIAN_POINT('',(21.714305373129,9.060161584088,
    16.613029592086));
#5054 = CARTESIAN_POINT('',(27.93319258844,7.043362644683,
    15.628054621048));
#5055 = CARTESIAN_POINT('',(32.460116670393,5.041845739911,
    14.911060283936));
#5056 = CARTESIAN_POINT('',(34.743893029444,1.261815380072,
    14.549345643481));
#5057 = CARTESIAN_POINT('',(35.387810993695,-3.169414113927,
    14.447359057099));
#5058 = CARTESIAN_POINT('',(35.525659133803,-8.,14.425526056578));
#5059 = CARTESIAN_POINT('',(35.38781092191,-12.83058588607,
    14.447359068468));
#5060 = CARTESIAN_POINT('',(34.743893267179,-17.26181538007,
    14.549345605828));
#5061 = CARTESIAN_POINT('',(32.460115880448,-21.04184573991,
    14.911060409051));
#5062 = CARTESIAN_POINT('',(27.933196679946,-23.04336264468,
    15.628053973017));
#5063 = CARTESIAN_POINT('',(21.714277322472,-25.06016158408,
    16.613034034874));
#5064 = CARTESIAN_POINT('',(14.272972821688,-27.8376730016,
    17.791620883515));
#5065 = CARTESIAN_POINT('',(6.488983573092,-27.81092651448,
    19.024483664146));
#5066 = CARTESIAN_POINT('',(-0.387767093526,-27.51795447676,
    20.11365396973));
#5067 = CARTESIAN_POINT('',(-6.850888549965,-26.31737081924,
    21.137311844358));
#5068 = CARTESIAN_POINT('',(-12.66000921486,-22.79809454523,
    22.057386169645));
#5069 = CARTESIAN_POINT('',(-17.34806986134,-18.3405482078,
    22.799902031345));
#5070 = CARTESIAN_POINT('',(-20.37526570811,-13.33621530864,
    23.27936275129));
#5071 = CARTESIAN_POINT('',(-22.00012061374,-9.757923115404,
    23.536714486125));
#5072 = CARTESIAN_POINT('',(-21.61555827067,-6.242076884596,
    23.475805794649));
#5073 = PCURVE('',#4845,#5074);
#5074 = DEFINITIONAL_REPRESENTATION('',(#5075),#5079);
#5075 = LINE('',#5076,#5077);
#5076 = CARTESIAN_POINT('',(0.,1.));
#5077 = VECTOR('',#5078,1.);
#5078 = DIRECTION('',(1.,0.));
#5079 = ( GEOMETRIC_REPRESENTATION_CONTEXT(2) 
PARAMETRIC_REPRESENTATION_CONTEXT() REPRESENTATION_CONTEXT('2D SPACE',''
  ) );
#5080 = PCURVE('',#5081,#5086);
#5081 = PLANE('',#5082);
#5082 = AXIS2_PLACEMENT_3D('',#5083,#5084,#5085);
#5083 = CARTESIAN_POINT('',(-21.8078394422,-8.,23.506260140387));
#5084 = DIRECTION('',(0.15643446504,-9.261819612113E-17,0.987688340595)
  );
#5085 = DIRECTION('',(0.982289542267,-0.104414136312,-0.155579379389));
#5086 = DEFINITIONAL_REPRESENTATION('',(#5087),#5117);
#5087 = B_SPLINE_CURVE_WITH_KNOTS('',3,(#5088,#5089,#5090,#5091,#5092,
    #5093,#5094,#5095,#5096,#5097,#5098,#5099,#5100,#5101,#5102,#5103,
    #5104,#5105,#5106,#5107,#5108,#5109,#5110,#5111,#5112,#5113,#5114,
    #5115,#5116),.UNSPECIFIED.,.F.,.F.,(1,1,2,1,1,1,1,1,1,1,1,1,1,1,1,1,
    1,1,1,1,1,1,1,1,1,1,1,1,2,1,1),(-11.12863082616,-5.192301994299,0.,
    5.192301994299,11.128630826161,17.776938881599,24.45001912988,
    31.413495273302,37.423694937206,45.431347527073,54.799378269977,
    61.156264300103,65.497922969321,69.325454811122,73.816557125699,
    78.820555526978,83.824553928257,88.315656242834,92.143188084635,
    96.484846753853,102.84173278397,112.20976352688,120.21741611674,
    126.22761578065,133.19109192407,139.86417217235,146.51248022779,
    152.44880905965,157.64111105395,162.83341304825,168.76974188011),
  .UNSPECIFIED.);
#5088 = CARTESIAN_POINT('',(-1.006182838394E-02,-1.768641273798));
#5089 = CARTESIAN_POINT('',(1.006182838394E-02,1.768641273798));
#5090 = CARTESIAN_POINT('',(0.679557694519,5.43688929192));
#5091 = CARTESIAN_POINT('',(3.476967810037,10.762421215776));
#5092 = CARTESIAN_POINT('',(7.647527531043,15.682325609354));
#5093 = CARTESIAN_POINT('',(13.153271810702,19.798981449094));
#5094 = CARTESIAN_POINT('',(19.529380101516,21.675578605216));
#5095 = CARTESIAN_POINT('',(26.424819211023,22.694099292906));
#5096 = CARTESIAN_POINT('',(34.259401626133,23.543530005257));
#5097 = CARTESIAN_POINT('',(42.04247020269,21.567881890683));
#5098 = CARTESIAN_POINT('',(48.515042192908,20.219540804845));
#5099 = CARTESIAN_POINT('',(53.282328570166,18.70753120153));
#5100 = CARTESIAN_POINT('',(55.976622149071,15.189593798554));
#5101 = CARTESIAN_POINT('',(57.087686041662,10.850658046142));
#5102 = CARTESIAN_POINT('',(57.730871045956,6.061049310282));
#5103 = CARTESIAN_POINT('',(58.096448875726,1.242295149398));
#5104 = CARTESIAN_POINT('',(57.910751295629,-3.232785010455));
#5105 = CARTESIAN_POINT('',(56.00583389243,-7.233584425486));
#5106 = CARTESIAN_POINT('',(51.656525748306,-9.702727152463));
#5107 = CARTESIAN_POINT('',(45.605086031896,-12.36593931405));
#5108 = CARTESIAN_POINT('',(38.402218085238,-15.9149310935));
#5109 = CARTESIAN_POINT('',(30.561486111589,-16.71122045679));
#5110 = CARTESIAN_POINT('',(23.606482984519,-17.1468301476));
#5111 = CARTESIAN_POINT('',(16.973208404945,-16.63606222019));
#5112 = CARTESIAN_POINT('',(10.756363140935,-13.75013773754));
#5113 = CARTESIAN_POINT('',(5.570379186545,-9.812558251992));
#5114 = CARTESIAN_POINT('',(1.999679065129,-5.155601554182));
#5115 = CARTESIAN_POINT('',(-1.006182838394E-02,-1.768641273798));
#5116 = CARTESIAN_POINT('',(1.006182838394E-02,1.768641273798));
#5117 = ( GEOMETRIC_REPRESENTATION_CONTEXT(2) 
PARAMETRIC_REPRESENTATION_CONTEXT() REPRESENTATION_CONTEXT('2D SPACE',''
  ) );
#5118 = ADVANCED_FACE('',(#5119),#4913,.T.);
#5119 = FACE_BOUND('',#5120,.T.);
#5120 = EDGE_LOOP('',(#5121,#5122,#5145,#5173,#5201,#5229));
#5121 = ORIENTED_EDGE('',*,*,#4832,.F.);
#5122 = ORIENTED_EDGE('',*,*,#5123,.T.);
#5123 = EDGE_CURVE('',#4833,#5124,#5126,.T.);
#5124 = VERTEX_POINT('',#5125);
#5125 = CARTESIAN_POINT('',(27.3,-8.125,0.));
#5126 = SURFACE_CURVE('',#5127,(#5131,#5138),.PCURVE_S1.);
#5127 = LINE('',#5128,#5129);
#5128 = CARTESIAN_POINT('',(-64.,-8.125,0.));
#5129 = VECTOR('',#5130,1.);
#5130 = DIRECTION('',(-1.,0.,-0.));
#5131 = PCURVE('',#4913,#5132);
#5132 = DEFINITIONAL_REPRESENTATION('',(#5133),#5137);
#5133 = LINE('',#5134,#5135);
#5134 = CARTESIAN_POINT('',(100.,36.));
#5135 = VECTOR('',#5136,1.);
#5136 = DIRECTION('',(0.,-1.));
#5137 = ( GEOMETRIC_REPRESENTATION_CONTEXT(2) 
PARAMETRIC_REPRESENTATION_CONTEXT() REPRESENTATION_CONTEXT('2D SPACE',''
  ) );
#5138 = PCURVE('',#4969,#5139);
#5139 = DEFINITIONAL_REPRESENTATION('',(#5140),#5144);
#5140 = LINE('',#5141,#5142);
#5141 = CARTESIAN_POINT('',(-35.79016881194,-3.88322564534));
#5142 = VECTOR('',#5143,1.);
#5143 = DIRECTION('',(-0.994533904972,-0.104414136312));
#5144 = ( GEOMETRIC_REPRESENTATION_CONTEXT(2) 
PARAMETRIC_REPRESENTATION_CONTEXT() REPRESENTATION_CONTEXT('2D SPACE',''
  ) );
#5145 = ORIENTED_EDGE('',*,*,#5146,.F.);
#5146 = EDGE_CURVE('',#5147,#5124,#5149,.T.);
#5147 = VERTEX_POINT('',#5148);
#5148 = CARTESIAN_POINT('',(30.269576649446,-8.125,9.71304755963));
#5149 = SURFACE_CURVE('',#5150,(#5154,#5161),.PCURVE_S1.);
#5150 = LINE('',#5151,#5152);
#5151 = CARTESIAN_POINT('',(9.364086484519,-8.125,-58.66572968701));
#5152 = VECTOR('',#5153,1.);
#5153 = DIRECTION('',(-0.292371704723,0.,-0.956304755963));
#5154 = PCURVE('',#4913,#5155);
#5155 = DEFINITIONAL_REPRESENTATION('',(#5156),#5160);
#5156 = LINE('',#5157,#5158);
#5157 = CARTESIAN_POINT('',(41.334270312983,109.36408648451));
#5158 = VECTOR('',#5159,1.);
#5159 = DIRECTION('',(-0.956304755963,-0.292371704723));
#5160 = ( GEOMETRIC_REPRESENTATION_CONTEXT(2) 
PARAMETRIC_REPRESENTATION_CONTEXT() REPRESENTATION_CONTEXT('2D SPACE',''
  ) );
#5161 = PCURVE('',#5162,#5167);
#5162 = PLANE('',#5163);
#5163 = AXIS2_PLACEMENT_3D('',#5164,#5165,#5166);
#5164 = CARTESIAN_POINT('',(30.269576649446,-10.9,9.71304755963));
#5165 = DIRECTION('',(0.956304755963,0.,-0.292371704723));
#5166 = DIRECTION('',(0.,1.,0.));
#5167 = DEFINITIONAL_REPRESENTATION('',(#5168),#5172);
#5168 = LINE('',#5169,#5170);
#5169 = CARTESIAN_POINT('',(2.775,-71.50312368549));
#5170 = VECTOR('',#5171,1.);
#5171 = DIRECTION('',(0.,-1.));
#5172 = ( GEOMETRIC_REPRESENTATION_CONTEXT(2) 
PARAMETRIC_REPRESENTATION_CONTEXT() REPRESENTATION_CONTEXT('2D SPACE',''
  ) );
#5173 = ORIENTED_EDGE('',*,*,#5174,.F.);
#5174 = EDGE_CURVE('',#5175,#5147,#5177,.T.);
#5175 = VERTEX_POINT('',#5176);
#5176 = CARTESIAN_POINT('',(30.069576649446,-8.125,9.71304755963));
#5177 = SURFACE_CURVE('',#5178,(#5182,#5189),.PCURVE_S1.);
#5178 = LINE('',#5179,#5180);
#5179 = CARTESIAN_POINT('',(-35.51521167527,-8.125,9.71304755963));
#5180 = VECTOR('',#5181,1.);
#5181 = DIRECTION('',(1.,0.,0.));
#5182 = PCURVE('',#4913,#5183);
#5183 = DEFINITIONAL_REPRESENTATION('',(#5184),#5188);
#5184 = LINE('',#5185,#5186);
#5185 = CARTESIAN_POINT('',(109.71304755963,64.484788324723));
#5186 = VECTOR('',#5187,1.);
#5187 = DIRECTION('',(0.,1.));
#5188 = ( GEOMETRIC_REPRESENTATION_CONTEXT(2) 
PARAMETRIC_REPRESENTATION_CONTEXT() REPRESENTATION_CONTEXT('2D SPACE',''
  ) );
#5189 = PCURVE('',#5190,#5195);
#5190 = PLANE('',#5191);
#5191 = AXIS2_PLACEMENT_3D('',#5192,#5193,#5194);
#5192 = CARTESIAN_POINT('',(28.969576649446,-10.9,9.71304755963));
#5193 = DIRECTION('',(0.,0.,1.));
#5194 = DIRECTION('',(1.,0.,0.));
#5195 = DEFINITIONAL_REPRESENTATION('',(#5196),#5200);
#5196 = LINE('',#5197,#5198);
#5197 = CARTESIAN_POINT('',(-64.48478832472,2.775));
#5198 = VECTOR('',#5199,1.);
#5199 = DIRECTION('',(1.,0.));
#5200 = ( GEOMETRIC_REPRESENTATION_CONTEXT(2) 
PARAMETRIC_REPRESENTATION_CONTEXT() REPRESENTATION_CONTEXT('2D SPACE',''
  ) );
#5201 = ORIENTED_EDGE('',*,*,#5202,.F.);
#5202 = EDGE_CURVE('',#5203,#5175,#5205,.T.);
#5203 = VERTEX_POINT('',#5204);
#5204 = CARTESIAN_POINT('',(31.695780079528,-8.125,15.0321193071));
#5205 = SURFACE_CURVE('',#5206,(#5210,#5217),.PCURVE_S1.);
#5206 = LINE('',#5207,#5208);
#5207 = CARTESIAN_POINT('',(13.802459910341,-8.125,-43.49429382165));
#5208 = VECTOR('',#5209,1.);
#5209 = DIRECTION('',(-0.292371704723,0.,-0.956304755963));
#5210 = PCURVE('',#4913,#5211);
#5211 = DEFINITIONAL_REPRESENTATION('',(#5212),#5216);
#5212 = LINE('',#5213,#5214);
#5213 = CARTESIAN_POINT('',(56.505706178341,113.80245991034));
#5214 = VECTOR('',#5215,1.);
#5215 = DIRECTION('',(-0.956304755963,-0.292371704723));
#5216 = ( GEOMETRIC_REPRESENTATION_CONTEXT(2) 
PARAMETRIC_REPRESENTATION_CONTEXT() REPRESENTATION_CONTEXT('2D SPACE',''
  ) );
#5217 = PCURVE('',#5218,#5223);
#5218 = PLANE('',#5219);
#5219 = AXIS2_PLACEMENT_3D('',#5220,#5221,#5222);
#5220 = CARTESIAN_POINT('',(39.329227258346,-9.125,40.));
#5221 = DIRECTION('',(0.956304755963,0.,-0.292371704723));
#5222 = DIRECTION('',(0.,1.,0.));
#5223 = DEFINITIONAL_REPRESENTATION('',(#5224),#5228);
#5224 = LINE('',#5225,#5226);
#5225 = CARTESIAN_POINT('',(1.,-87.30929476302));
#5226 = VECTOR('',#5227,1.);
#5227 = DIRECTION('',(0.,-1.));
#5228 = ( GEOMETRIC_REPRESENTATION_CONTEXT(2) 
PARAMETRIC_REPRESENTATION_CONTEXT() REPRESENTATION_CONTEXT('2D SPACE',''
  ) );
#5229 = ORIENTED_EDGE('',*,*,#5230,.F.);
#5230 = EDGE_CURVE('',#4835,#5203,#5231,.T.);
#5231 = SURFACE_CURVE('',#5232,(#5236,#5243),.PCURVE_S1.);
#5232 = LINE('',#5233,#5234);
#5233 = CARTESIAN_POINT('',(-50.40578721331,-8.125,28.035730092543));
#5234 = VECTOR('',#5235,1.);
#5235 = DIRECTION('',(-0.987688340595,0.,0.15643446504));
#5236 = PCURVE('',#4913,#5237);
#5237 = DEFINITIONAL_REPRESENTATION('',(#5238),#5242);
#5238 = LINE('',#5239,#5240);
#5239 = CARTESIAN_POINT('',(128.03573009254,49.59421278669));
#5240 = VECTOR('',#5241,1.);
#5241 = DIRECTION('',(0.15643446504,-0.987688340595));
#5242 = ( GEOMETRIC_REPRESENTATION_CONTEXT(2) 
PARAMETRIC_REPRESENTATION_CONTEXT() REPRESENTATION_CONTEXT('2D SPACE',''
  ) );
#5243 = PCURVE('',#5081,#5244);
#5244 = DEFINITIONAL_REPRESENTATION('',(#5245),#5249);
#5245 = LINE('',#5246,#5247);
#5246 = CARTESIAN_POINT('',(-28.78310538293,-3.147567994692));
#5247 = VECTOR('',#5248,1.);
#5248 = DIRECTION('',(-0.994533904972,-0.104414136312));
#5249 = ( GEOMETRIC_REPRESENTATION_CONTEXT(2) 
PARAMETRIC_REPRESENTATION_CONTEXT() REPRESENTATION_CONTEXT('2D SPACE',''
  ) );
#5250 = ADVANCED_FACE('',(#5251,#7119),#5081,.T.);
#5251 = FACE_BOUND('',#5252,.T.);
#5252 = EDGE_LOOP('',(#5253,#5254,#5255,#5278,#5363,#5652,#5680,#5708,
    #5921,#5949,#6655,#6683,#6711,#6796,#7070,#7098));
#5253 = ORIENTED_EDGE('',*,*,#5041,.F.);
#5254 = ORIENTED_EDGE('',*,*,#5230,.T.);
#5255 = ORIENTED_EDGE('',*,*,#5256,.F.);
#5256 = EDGE_CURVE('',#5257,#5203,#5259,.T.);
#5257 = VERTEX_POINT('',#5258);
#5258 = CARTESIAN_POINT('',(31.695780079528,-6.770329300825,
    15.0321193071));
#5259 = SURFACE_CURVE('',#5260,(#5264,#5271),.PCURVE_S1.);
#5260 = LINE('',#5261,#5262);
#5261 = CARTESIAN_POINT('',(31.695780079528,-8.5625,15.0321193071));
#5262 = VECTOR('',#5263,1.);
#5263 = DIRECTION('',(-2.734506013376E-17,-1.,-8.944166154111E-17));
#5264 = PCURVE('',#5081,#5265);
#5265 = DEFINITIONAL_REPRESENTATION('',(#5266),#5270);
#5266 = LINE('',#5267,#5268);
#5267 = CARTESIAN_POINT('',(53.933180453011,5.096745752156));
#5268 = VECTOR('',#5269,1.);
#5269 = DIRECTION('',(0.104414136312,-0.994533904972));
#5270 = ( GEOMETRIC_REPRESENTATION_CONTEXT(2) 
PARAMETRIC_REPRESENTATION_CONTEXT() REPRESENTATION_CONTEXT('2D SPACE',''
  ) );
#5271 = PCURVE('',#5218,#5272);
#5272 = DEFINITIONAL_REPRESENTATION('',(#5273),#5277);
#5273 = LINE('',#5274,#5275);
#5274 = CARTESIAN_POINT('',(0.5625,-26.10870701752));
#5275 = VECTOR('',#5276,1.);
#5276 = DIRECTION('',(-1.,-9.352840816005E-17));
#5277 = ( GEOMETRIC_REPRESENTATION_CONTEXT(2) 
PARAMETRIC_REPRESENTATION_CONTEXT() REPRESENTATION_CONTEXT('2D SPACE',''
  ) );
#5278 = ORIENTED_EDGE('',*,*,#5279,.F.);
#5279 = EDGE_CURVE('',#5280,#5257,#5282,.T.);
#5280 = VERTEX_POINT('',#5281);
#5281 = CARTESIAN_POINT('',(32.554212234013,-5.1,14.896157010755));
#5282 = SURFACE_CURVE('',#5283,(#5298,#5316),.PCURVE_S1.);
#5283 = B_SPLINE_CURVE_WITH_KNOTS('',5,(#5284,#5285,#5286,#5287,#5288,
    #5289,#5290,#5291,#5292,#5293,#5294,#5295,#5296,#5297),
  .UNSPECIFIED.,.F.,.F.,(6,4,4,6),(0.,0.325708235448,0.650152569847,1.),
  .UNSPECIFIED.);
#5284 = CARTESIAN_POINT('',(32.554212234013,-5.1,14.896157010755));
#5285 = CARTESIAN_POINT('',(32.554212234014,-5.227840527487,
    14.896157010755));
#5286 = CARTESIAN_POINT('',(32.544469314488,-5.355682018368,
    14.897700137611));
#5287 = CARTESIAN_POINT('',(32.524984162904,-5.482492538292,
    14.90078628244));
#5288 = CARTESIAN_POINT('',(32.495885055002,-5.607244859549,
    14.905395128359));
#5289 = CARTESIAN_POINT('',(32.419140336012,-5.850132877194,
    14.917550297724));
#5290 = CARTESIAN_POINT('',(32.371566322159,-5.968294845902,
    14.925085281282));
#5291 = CARTESIAN_POINT('',(32.314980951775,-6.082406634824,
    14.934047523501));
#5292 = CARTESIAN_POINT('',(32.249781650113,-6.191490820852,
    14.944374078404));
#5293 = CARTESIAN_POINT('',(32.097527138326,-6.405822920066,
    14.96848882404));
#5294 = CARTESIAN_POINT('',(32.009156358832,-6.510107117725,
    14.982485380491));
#5295 = CARTESIAN_POINT('',(31.912110607883,-6.606303091413,
    14.997855917441));
#5296 = CARTESIAN_POINT('',(31.807280989261,-6.693344512374,
    15.014459297916));
#5297 = CARTESIAN_POINT('',(31.695779107392,-6.770329972028,
    15.032119461071));
#5298 = PCURVE('',#5081,#5299);
#5299 = DEFINITIONAL_REPRESENTATION('',(#5300),#5315);
#5300 = B_SPLINE_CURVE_WITH_KNOTS('',5,(#5301,#5302,#5303,#5304,#5305,
    #5306,#5307,#5308,#5309,#5310,#5311,#5312,#5313,#5314),
  .UNSPECIFIED.,.F.,.F.,(6,4,4,6),(0.,0.325708235448,0.650152569847,1.),
  .UNSPECIFIED.);
#5301 = CARTESIAN_POINT('',(54.436028363815,8.631069129903));
#5302 = CARTESIAN_POINT('',(54.449376722078,8.503927390888));
#5303 = CARTESIAN_POINT('',(54.452914734254,8.375754714462));
#5304 = CARTESIAN_POINT('',(54.446535344039,8.247577467004));
#5305 = CARTESIAN_POINT('',(54.430260459147,8.120430822053));
#5306 = CARTESIAN_POINT('',(54.378344773135,7.87075733388));
#5307 = CARTESIAN_POINT('',(54.342778808686,7.748211930894));
#5308 = CARTESIAN_POINT('',(54.297716134913,7.628741927418));
#5309 = CARTESIAN_POINT('',(54.243454874794,7.51336141795));
#5310 = CARTESIAN_POINT('',(54.112524403966,7.284105190383));
#5311 = CARTESIAN_POINT('',(54.03442988029,7.171048843749));
#5312 = CARTESIAN_POINT('',(53.946755734921,7.065119429651));
#5313 = CARTESIAN_POINT('',(53.850287907991,6.967471651827));
#5314 = CARTESIAN_POINT('',(53.746051588543,6.879119505679));
#5315 = ( GEOMETRIC_REPRESENTATION_CONTEXT(2) 
PARAMETRIC_REPRESENTATION_CONTEXT() REPRESENTATION_CONTEXT('2D SPACE',''
  ) );
#5316 = PCURVE('',#5317,#5346);
#5317 = B_SPLINE_SURFACE_WITH_KNOTS('',13,1,(
    (#5318,#5319)
    ,(#5320,#5321)
    ,(#5322,#5323)
    ,(#5324,#5325)
    ,(#5326,#5327)
    ,(#5328,#5329)
    ,(#5330,#5331)
    ,(#5332,#5333)
    ,(#5334,#5335)
    ,(#5336,#5337)
    ,(#5338,#5339)
    ,(#5340,#5341)
    ,(#5342,#5343)
    ,(#5344,#5345
    )),.UNSPECIFIED.,.T.,.F.,.F.,(14,14),(2,2),(0.,6.28318530718),(0.,1.
    ),.PIECEWISE_BEZIER_KNOTS.);
#5318 = CARTESIAN_POINT('',(30.969576649446,-5.1,9.71304755963));
#5319 = CARTESIAN_POINT('',(40.229227258346,-5.1,40.));
#5320 = CARTESIAN_POINT('',(30.969576649444,-4.133356106588,
    9.71304755963));
#5321 = CARTESIAN_POINT('',(40.229227258343,-4.133356106588,
    40.000000000001));
#5322 = CARTESIAN_POINT('',(30.463440313125,-3.166711826626,
    9.713047559631));
#5323 = CARTESIAN_POINT('',(39.723090922028,-3.166711826626,
    39.999999999994));
#5324 = CARTESIAN_POINT('',(29.451197773098,-2.489174801475,
    9.713047559629));
#5325 = CARTESIAN_POINT('',(38.710848381989,-2.489174801475,
    40.000000000016));
#5326 = CARTESIAN_POINT('',(28.114334289541,-2.389816811069,
    9.713047559632));
#5327 = CARTESIAN_POINT('',(37.373984898465,-2.389816811069,
    39.999999999966));
#5328 = CARTESIAN_POINT('',(26.816734164214,-3.031062648529,
    9.713047559631));
#5329 = CARTESIAN_POINT('',(36.076384773069,-3.031062648529,
    40.000000000062));
#5330 = CARTESIAN_POINT('',(26.002176690307,-4.321104655125,
    9.713047559624));
#5331 = CARTESIAN_POINT('',(35.261827299273,-4.321104655125,
    39.999999999907));
#5332 = CARTESIAN_POINT('',(26.002176690125,-5.878895344874,
    9.713047559643));
#5333 = CARTESIAN_POINT('',(35.261827298951,-5.878895344874,
    40.000000000113));
#5334 = CARTESIAN_POINT('',(26.81673416436,-7.168937351473,
    9.713047559615));
#5335 = CARTESIAN_POINT('',(36.076384773327,-7.168937351473,
    39.999999999892));
#5336 = CARTESIAN_POINT('',(28.114334289449,-7.810183188929,
    9.713047559643));
#5337 = CARTESIAN_POINT('',(37.373984898303,-7.810183188929,
    40.000000000078));
#5338 = CARTESIAN_POINT('',(29.451197773143,-7.710825198526,
    9.713047559623));
#5339 = CARTESIAN_POINT('',(38.710848382067,-7.710825198526,
    39.999999999957));
#5340 = CARTESIAN_POINT('',(30.46344031311,-7.033288173374,
    9.713047559634));
#5341 = CARTESIAN_POINT('',(39.723090922001,-7.033288173374,
    40.000000000016));
#5342 = CARTESIAN_POINT('',(30.969576649447,-6.066643893412,
    9.71304755963));
#5343 = CARTESIAN_POINT('',(40.229227258349,-6.066643893412,
    39.999999999996));
#5344 = CARTESIAN_POINT('',(30.969576649446,-5.1,9.71304755963));
#5345 = CARTESIAN_POINT('',(40.229227258346,-5.1,40.));
#5346 = DEFINITIONAL_REPRESENTATION('',(#5347),#5362);
#5347 = B_SPLINE_CURVE_WITH_KNOTS('',5,(#5348,#5349,#5350,#5351,#5352,
    #5353,#5354,#5355,#5356,#5357,#5358,#5359,#5360,#5361),
  .UNSPECIFIED.,.F.,.F.,(6,4,4,6),(0.,0.325708235448,0.650152569847,1.),
  .UNSPECIFIED.);
#5348 = CARTESIAN_POINT('',(6.28318530718,0.171133410049));
#5349 = CARTESIAN_POINT('',(6.219265043436,0.171133410049));
#5350 = CARTESIAN_POINT('',(6.155344278582,0.171184360268));
#5351 = CARTESIAN_POINT('',(6.091395010097,0.171286257111));
#5352 = CARTESIAN_POINT('',(6.027386368237,0.171438429764));
#5353 = CARTESIAN_POINT('',(5.899452246713,0.171839763289));
#5354 = CARTESIAN_POINT('',(5.835526054854,0.172088549745));
#5355 = CARTESIAN_POINT('',(5.771494907778,0.172384460739));
#5356 = CARTESIAN_POINT('',(5.707336620404,0.172725417953));
#5357 = CARTESIAN_POINT('',(5.573714889023,0.173521627003));
#5358 = CARTESIAN_POINT('',(5.504225887514,0.173983758559));
#5359 = CARTESIAN_POINT('',(5.434570464672,0.17449125554));
#5360 = CARTESIAN_POINT('',(5.364739463265,0.175039457955));
#5361 = CARTESIAN_POINT('',(5.294752618253,0.175622552712));
#5362 = ( GEOMETRIC_REPRESENTATION_CONTEXT(2) 
PARAMETRIC_REPRESENTATION_CONTEXT() REPRESENTATION_CONTEXT('2D SPACE',''
  ) );
#5363 = ORIENTED_EDGE('',*,*,#5364,.F.);
#5364 = EDGE_CURVE('',#5365,#5280,#5367,.T.);
#5365 = VERTEX_POINT('',#5366);
#5366 = CARTESIAN_POINT('',(29.597390368562,-6.770329316199,
    15.364471587054));
#5367 = SURFACE_CURVE('',#5368,(#5451,#5537),.PCURVE_S1.);
#5368 = B_SPLINE_CURVE_WITH_KNOTS('',6,(#5369,#5370,#5371,#5372,#5373,
    #5374,#5375,#5376,#5377,#5378,#5379,#5380,#5381,#5382,#5383,#5384,
    #5385,#5386,#5387,#5388,#5389,#5390,#5391,#5392,#5393,#5394,#5395,
    #5396,#5397,#5398,#5399,#5400,#5401,#5402,#5403,#5404,#5405,#5406,
    #5407,#5408,#5409,#5410,#5411,#5412,#5413,#5414,#5415,#5416,#5417,
    #5418,#5419,#5420,#5421,#5422,#5423,#5424,#5425,#5426,#5427,#5428,
    #5429,#5430,#5431,#5432,#5433,#5434,#5435,#5436,#5437,#5438,#5439,
    #5440,#5441,#5442,#5443,#5444,#5445,#5446,#5447,#5448,#5449,#5450),
  .UNSPECIFIED.,.F.,.F.,(7,5,5,5,5,5,5,5,5,5,5,5,5,5,5,5,7),(0.,
    8.480909778526E-02,0.133049602822,0.165324513156,0.241180768019,
    0.332391868297,0.372666367094,0.436766035972,0.499417406675,
    0.537015453578,0.619812624125,0.677934178158,0.703595590469,
    0.741193921631,0.803845920484,0.867946235875,1.),.UNSPECIFIED.);
#5369 = CARTESIAN_POINT('',(29.597391324472,-6.770329976199,
    15.364471435653));
#5370 = CARTESIAN_POINT('',(29.503732704428,-6.705664233988,
    15.37930550377));
#5371 = CARTESIAN_POINT('',(29.414593401569,-6.634187223155,
    15.393423782364));
#5372 = CARTESIAN_POINT('',(29.330542664161,-6.556360569296,
    15.406736111367));
#5373 = CARTESIAN_POINT('',(29.252073822131,-6.472702581871,
    15.419164354995));
#5374 = CARTESIAN_POINT('',(29.179609481792,-6.383777479498,
    15.430641578983));
#5375 = CARTESIAN_POINT('',(29.075906620232,-6.236947790953,
    15.447066498672));
#5376 = CARTESIAN_POINT('',(29.040364071516,-6.182199640283,
    15.452695885358));
#5377 = CARTESIAN_POINT('',(29.006943872839,-6.126049855307,
    15.457989124821));
#5378 = CARTESIAN_POINT('',(28.975703649916,-6.068610361526,
    15.462937090044));
#5379 = CARTESIAN_POINT('',(28.946693855758,-6.009995317883,
    15.467531790056));
#5380 = CARTESIAN_POINT('',(28.902070214387,-5.910396586779,
    15.474599480519));
#5381 = CARTESIAN_POINT('',(28.885200417709,-5.869997848608,
    15.477271393825));
#5382 = CARTESIAN_POINT('',(28.869361353991,-5.829159651365,
    15.479780055067));
#5383 = CARTESIAN_POINT('',(28.854564638902,-5.787916987368,
    15.482123624505));
#5384 = CARTESIAN_POINT('',(28.840820530415,-5.746305092146,
    15.484300477435));
#5385 = CARTESIAN_POINT('',(28.798329800792,-5.605773895796,
    15.491030347866));
#5386 = CARTESIAN_POINT('',(28.774385417229,-5.505344217506,
    15.494822765655));
#5387 = CARTESIAN_POINT('',(28.756420544406,-5.403531474242,
    15.497668121983));
#5388 = CARTESIAN_POINT('',(28.744510728767,-5.300800369885,
    15.499554451467));
#5389 = CARTESIAN_POINT('',(28.738692667115,-5.197618079982,
    15.500475941906));
#5390 = CARTESIAN_POINT('',(28.739293728973,-4.970405399626,
    15.50038074306));
#5391 = CARTESIAN_POINT('',(28.748428419918,-4.846380464341,
    15.498933950147));
#5392 = CARTESIAN_POINT('',(28.766367173521,-4.723193595497,
    15.496092730697));
#5393 = CARTESIAN_POINT('',(28.793029668342,-4.601656800443,
    15.491869806377));
#5394 = CARTESIAN_POINT('',(28.828253636714,-4.482575316278,
    15.486290877861));
#5395 = CARTESIAN_POINT('',(28.891014695676,-4.315598596109,
    15.476350502663));
#5396 = CARTESIAN_POINT('',(28.911859437591,-4.265086507187,
    15.473049019881));
#5397 = CARTESIAN_POINT('',(28.934303659762,-4.215276265512,
    15.469494204314));
#5398 = CARTESIAN_POINT('',(28.958322638325,-4.166235434345,
    15.465689971837));
#5399 = CARTESIAN_POINT('',(28.983888255386,-4.118030757337,
    15.461640775887));
#5400 = CARTESIAN_POINT('',(29.054069887951,-3.995442779162,
    15.450525097292));
#5401 = CARTESIAN_POINT('',(29.101009075978,-3.922441732752,
    15.443090660267));
#5402 = CARTESIAN_POINT('',(29.151658539243,-3.851991361743,
    15.435068573376));
#5403 = CARTESIAN_POINT('',(29.205868765082,-3.784349762385,
    15.426482517096));
#5404 = CARTESIAN_POINT('',(29.26346712751,-3.719764614872,
    15.417359832699));
#5405 = CARTESIAN_POINT('',(29.383671899483,-3.598562308674,
    15.398321267166));
#5406 = CARTESIAN_POINT('',(29.446136763988,-3.541797071478,
    15.388427804562));
#5407 = CARTESIAN_POINT('',(29.511465919003,-3.488395218475,
    15.378080682908));
#5408 = CARTESIAN_POINT('',(29.579454951807,-3.438561701858,
    15.367312277999));
#5409 = CARTESIAN_POINT('',(29.649879093698,-3.392483897437,
    15.3561581897));
#5410 = CARTESIAN_POINT('',(29.766068660209,-3.32503118876,
    15.337755570237));
#5411 = CARTESIAN_POINT('',(29.810433674948,-3.301145930551,
    15.330728842207));
#5412 = CARTESIAN_POINT('',(29.855534369527,-3.278709349465,
    15.323585593938));
#5413 = CARTESIAN_POINT('',(29.901315572843,-3.257754385518,
    15.316334563673));
#5414 = CARTESIAN_POINT('',(29.947719956896,-3.23831078728,
    15.308984831277));
#5415 = CARTESIAN_POINT('',(30.098119582862,-3.180973828007,
    15.285163870693));
#5416 = CARTESIAN_POINT('',(30.204290655166,-3.148998686023,
    15.268348024827));
#5417 = CARTESIAN_POINT('',(30.312556526001,-3.12476552494,
    15.251200395469));
#5418 = CARTESIAN_POINT('',(30.422244389031,-3.108470737177,
    15.233827544673));
#5419 = CARTESIAN_POINT('',(30.53265772984,-3.100216061839,
    15.216339789484));
#5420 = CARTESIAN_POINT('',(30.720594872176,-3.099854079224,
    15.186573470379));
#5421 = CARTESIAN_POINT('',(30.798117351729,-3.103667487237,
    15.174295115842));
#5422 = CARTESIAN_POINT('',(30.875402501331,-3.11144412188,
    15.162054350677));
#5423 = CARTESIAN_POINT('',(30.952207969418,-3.123160304112,
    15.149889559601));
#5424 = CARTESIAN_POINT('',(31.028295443088,-3.138768787928,
    15.137838487668));
#5425 = CARTESIAN_POINT('',(31.136604896098,-3.166778253587,
    15.120683955571));
#5426 = CARTESIAN_POINT('',(31.169593113447,-3.176102224135,
    15.115459135229));
#5427 = CARTESIAN_POINT('',(31.202376103178,-3.186165286161,
    15.110266819748));
#5428 = CARTESIAN_POINT('',(31.234934266643,-3.196960621161,
    15.10511011325));
#5429 = CARTESIAN_POINT('',(31.267248359906,-3.208480609912,
    15.099992063673));
#5430 = CARTESIAN_POINT('',(31.346259853119,-3.238644978516,
    15.087477872542));
#5431 = CARTESIAN_POINT('',(31.392655817615,-3.258110771558,
    15.080129473672));
#5432 = CARTESIAN_POINT('',(31.438427917177,-3.279087623088,
    15.0728798853));
#5433 = CARTESIAN_POINT('',(31.483518840275,-3.301545754935,
    15.065738184682));
#5434 = CARTESIAN_POINT('',(31.527873433903,-3.325452199259,
    15.058713107194));
#5435 = CARTESIAN_POINT('',(31.644033713559,-3.392960459776,
    15.040315126313));
#5436 = CARTESIAN_POINT('',(31.714437858751,-3.439071955217,
    15.02916420518));
#5437 = CARTESIAN_POINT('',(31.782405224116,-3.488937976149,
    15.018399232056));
#5438 = CARTESIAN_POINT('',(31.847711138233,-3.542371040649,
    15.008055791399));
#5439 = CARTESIAN_POINT('',(31.910151291117,-3.59916610529,
    14.998166242731));
#5440 = CARTESIAN_POINT('',(32.030303312234,-3.72042580437,
    14.979136032112));
#5441 = CARTESIAN_POINT('',(32.087873570002,-3.785038449121,
    14.970017799056));
#5442 = CARTESIAN_POINT('',(32.142054375206,-3.852705934669,
    14.961436402548));
#5443 = CARTESIAN_POINT('',(32.192673215038,-3.923180513083,
    14.953419165931));
#5444 = CARTESIAN_POINT('',(32.239580689699,-3.996204032785,
    14.94598975181));
#5445 = CARTESIAN_POINT('',(32.371374156799,-4.226648976207,
    14.925115717285));
#5446 = CARTESIAN_POINT('',(32.443809752103,-4.391482791247,
    14.913643046063));
#5447 = CARTESIAN_POINT('',(32.498832630744,-4.563675583853,
    14.904928278224));
#5448 = CARTESIAN_POINT('',(32.535754081989,-4.740803233311,
    14.899080494833));
#5449 = CARTESIAN_POINT('',(32.554212234013,-4.920408383231,
    14.896157010755));
#5450 = CARTESIAN_POINT('',(32.554212234013,-5.1,14.896157010755));
#5451 = PCURVE('',#5081,#5452);
#5452 = DEFINITIONAL_REPRESENTATION('',(#5453),#5536);
#5453 = B_SPLINE_CURVE_WITH_KNOTS('',6,(#5454,#5455,#5456,#5457,#5458,
    #5459,#5460,#5461,#5462,#5463,#5464,#5465,#5466,#5467,#5468,#5469,
    #5470,#5471,#5472,#5473,#5474,#5475,#5476,#5477,#5478,#5479,#5480,
    #5481,#5482,#5483,#5484,#5485,#5486,#5487,#5488,#5489,#5490,#5491,
    #5492,#5493,#5494,#5495,#5496,#5497,#5498,#5499,#5500,#5501,#5502,
    #5503,#5504,#5505,#5506,#5507,#5508,#5509,#5510,#5511,#5512,#5513,
    #5514,#5515,#5516,#5517,#5518,#5519,#5520,#5521,#5522,#5523,#5524,
    #5525,#5526,#5527,#5528,#5529,#5530,#5531,#5532,#5533,#5534,#5535),
  .UNSPECIFIED.,.F.,.F.,(7,5,5,5,5,5,5,5,5,5,5,5,5,5,5,5,7),(0.,
    8.480909778526E-02,0.133049602822,0.165324513156,0.241180768019,
    0.332391868297,0.372666367094,0.436766035972,0.499417406675,
    0.537015453578,0.619812624125,0.677934178158,0.703595590469,
    0.741193921631,0.803845920484,0.867946235875,1.),.UNSPECIFIED.);
#5454 = CARTESIAN_POINT('',(51.633120100251,6.657287027667));
#5455 = CARTESIAN_POINT('',(51.532060324506,6.711698116862));
#5456 = CARTESIAN_POINT('',(51.434839996128,6.773361006289));
#5457 = CARTESIAN_POINT('',(51.342080509023,6.841876772104));
#5458 = CARTESIAN_POINT('',(51.25433273117,6.916782090681));
#5459 = CARTESIAN_POINT('',(51.172081110322,6.997560503583));
#5460 = CARTESIAN_POINT('',(51.052328399982,7.132624589436));
#5461 = CARTESIAN_POINT('',(51.010823028719,7.183316077101));
#5462 = CARTESIAN_POINT('',(50.971308366845,7.235625903267));
#5463 = CARTESIAN_POINT('',(50.933854126078,7.289448846168));
#5464 = CARTESIAN_POINT('',(50.89852302892,7.344676704538));
#5465 = CARTESIAN_POINT('',(50.843190590282,7.439013601294));
#5466 = CARTESIAN_POINT('',(50.821985671456,7.477408114237));
#5467 = CARTESIAN_POINT('',(50.801772743755,7.516348648754));
#5468 = CARTESIAN_POINT('',(50.782567157043,7.555801631756));
#5469 = CARTESIAN_POINT('',(50.764382919481,7.595733104744));
#5470 = CARTESIAN_POINT('',(50.706924247573,7.7310042082));
#5471 = CARTESIAN_POINT('',(50.672327629877,7.828353631734));
#5472 = CARTESIAN_POINT('',(50.643607554751,7.927710688272));
#5473 = CARTESIAN_POINT('',(50.620888613894,8.02862120049));
#5474 = CARTESIAN_POINT('',(50.604256538183,8.130624425896));
#5475 = CARTESIAN_POINT('',(50.58113755016,8.356658681807));
#5476 = CARTESIAN_POINT('',(50.577385596191,8.480971364998));
#5477 = CARTESIAN_POINT('',(50.582586230901,8.605381290097));
#5478 = CARTESIAN_POINT('',(50.596743361193,8.729072397027));
#5479 = CARTESIAN_POINT('',(50.619777672878,8.851226695959));
#5480 = CARTESIAN_POINT('',(50.665538992142,9.02392553301));
#5481 = CARTESIAN_POINT('',(50.681254030641,9.076365133946));
#5482 = CARTESIAN_POINT('',(50.698652917999,9.128275814128));
#5483 = CARTESIAN_POINT('',(50.717717813555,9.179587765903));
#5484 = CARTESIAN_POINT('',(50.738427373513,9.230231637944));
#5485 = CARTESIAN_POINT('',(50.796295509755,9.359568837006));
#5486 = CARTESIAN_POINT('',(50.835937687164,9.437133060548));
#5487 = CARTESIAN_POINT('',(50.879582181908,9.512552785162));
#5488 = CARTESIAN_POINT('',(50.927105393965,9.585555519546));
#5489 = CARTESIAN_POINT('',(50.978359362211,9.655876688075));
#5490 = CARTESIAN_POINT('',(51.08674202674,9.789124019155));
#5491 = CARTESIAN_POINT('',(51.14371273546,9.852182487276));
#5492 = CARTESIAN_POINT('',(51.203918771643,9.912198756177));
#5493 = CARTESIAN_POINT('',(51.267175705712,9.968947384325));
#5494 = CARTESIAN_POINT('',(51.333276775797,10.022218258549));
#5495 = CARTESIAN_POINT('',(51.443228623698,10.101585322374));
#5496 = CARTESIAN_POINT('',(51.485407169099,10.130030098822));
#5497 = CARTESIAN_POINT('',(51.528477755629,10.157111889644));
#5498 = CARTESIAN_POINT('',(51.572388269206,10.182792102424));
#5499 = CARTESIAN_POINT('',(51.617084090664,10.207035090735));
#5500 = CARTESIAN_POINT('',(51.762539331594,10.279958238215));
#5501 = CARTESIAN_POINT('',(51.86610760764,10.322982547253));
#5502 = CARTESIAN_POINT('',(51.972593573295,10.358528646827));
#5503 = CARTESIAN_POINT('',(52.081340265217,10.386330091845));
#5504 = CARTESIAN_POINT('',(52.191656964523,10.406212066826));
#5505 = CARTESIAN_POINT('',(52.380858883394,10.426439972041));
#5506 = CARTESIAN_POINT('',(52.459316836833,10.430842749473));
#5507 = CARTESIAN_POINT('',(52.537949632297,10.431278874152));
#5508 = CARTESIAN_POINT('',(52.616510766082,10.427746275332));
#5509 = CARTESIAN_POINT('',(52.694755340415,10.420266747354));
#5510 = CARTESIAN_POINT('',(52.806740059059,10.403860390669));
#5511 = CARTESIAN_POINT('',(52.840930468616,10.398074757383));
#5512 = CARTESIAN_POINT('',(52.874991399743,10.391532376789));
#5513 = CARTESIAN_POINT('',(52.908902406007,10.384237958234));
#5514 = CARTESIAN_POINT('',(52.94264331454,10.37619704491));
#5515 = CARTESIAN_POINT('',(53.025352014627,10.354550310685));
#5516 = CARTESIAN_POINT('',(53.074102048659,10.340095700066));
#5517 = CARTESIAN_POINT('',(53.12238166968,10.324072338248));
#5518 = CARTESIAN_POINT('',(53.170130059681,10.306503781905));
#5519 = CARTESIAN_POINT('',(53.217288241086,10.287416988133));
#5520 = CARTESIAN_POINT('',(53.341302432182,10.232557696167));
#5521 = CARTESIAN_POINT('',(53.417009233096,10.194141072038));
#5522 = CARTESIAN_POINT('',(53.490654390654,10.151732839195));
#5523 = CARTESIAN_POINT('',(53.561992100498,10.105495703478));
#5524 = CARTESIAN_POINT('',(53.630795227158,10.055611988758));
#5525 = CARTESIAN_POINT('',(53.764441236091,9.947717058329));
#5526 = CARTESIAN_POINT('',(53.829156980779,9.889543670901));
#5527 = CARTESIAN_POINT('',(53.890778749524,9.827973822472));
#5528 = CARTESIAN_POINT('',(53.949106965467,9.763235669452));
#5529 = CARTESIAN_POINT('',(54.003964238659,9.695570158438));
#5530 = CARTESIAN_POINT('',(54.160732862202,9.48031748387));
#5531 = CARTESIAN_POINT('',(54.250881481459,9.324042243735));
#5532 = CARTESIAN_POINT('',(54.324265079624,9.158607453869));
#5533 = CARTESIAN_POINT('',(54.379937060114,8.986351176992));
#5534 = CARTESIAN_POINT('',(54.41727646026,8.809679081828));
#5535 = CARTESIAN_POINT('',(54.436028363815,8.631069129903));
#5536 = ( GEOMETRIC_REPRESENTATION_CONTEXT(2) 
PARAMETRIC_REPRESENTATION_CONTEXT() REPRESENTATION_CONTEXT('2D SPACE',''
  ) );
#5537 = PCURVE('',#5538,#5567);
#5538 = B_SPLINE_SURFACE_WITH_KNOTS('',13,1,(
    (#5539,#5540)
    ,(#5541,#5542)
    ,(#5543,#5544)
    ,(#5545,#5546)
    ,(#5547,#5548)
    ,(#5549,#5550)
    ,(#5551,#5552)
    ,(#5553,#5554)
    ,(#5555,#5556)
    ,(#5557,#5558)
    ,(#5559,#5560)
    ,(#5561,#5562)
    ,(#5563,#5564)
    ,(#5565,#5566
    )),.UNSPECIFIED.,.T.,.F.,.F.,(14,14),(2,2),(0.,6.28318530718),(0.,1.
    ),.PIECEWISE_BEZIER_KNOTS.);
#5539 = CARTESIAN_POINT('',(30.969576649446,-5.1,9.71304755963));
#5540 = CARTESIAN_POINT('',(40.229227258346,-5.1,40.));
#5541 = CARTESIAN_POINT('',(30.969576649444,-4.133356106588,
    9.71304755963));
#5542 = CARTESIAN_POINT('',(40.229227258343,-4.133356106588,
    40.000000000001));
#5543 = CARTESIAN_POINT('',(30.463440313125,-3.166711826626,
    9.713047559631));
#5544 = CARTESIAN_POINT('',(39.723090922028,-3.166711826626,
    39.999999999994));
#5545 = CARTESIAN_POINT('',(29.451197773098,-2.489174801475,
    9.713047559629));
#5546 = CARTESIAN_POINT('',(38.710848381989,-2.489174801475,
    40.000000000016));
#5547 = CARTESIAN_POINT('',(28.114334289541,-2.389816811069,
    9.713047559632));
#5548 = CARTESIAN_POINT('',(37.373984898465,-2.389816811069,
    39.999999999966));
#5549 = CARTESIAN_POINT('',(26.816734164214,-3.031062648529,
    9.713047559631));
#5550 = CARTESIAN_POINT('',(36.076384773069,-3.031062648529,
    40.000000000062));
#5551 = CARTESIAN_POINT('',(26.002176690307,-4.321104655125,
    9.713047559624));
#5552 = CARTESIAN_POINT('',(35.261827299273,-4.321104655125,
    39.999999999907));
#5553 = CARTESIAN_POINT('',(26.002176690125,-5.878895344874,
    9.713047559643));
#5554 = CARTESIAN_POINT('',(35.261827298951,-5.878895344874,
    40.000000000113));
#5555 = CARTESIAN_POINT('',(26.81673416436,-7.168937351473,
    9.713047559615));
#5556 = CARTESIAN_POINT('',(36.076384773327,-7.168937351473,
    39.999999999892));
#5557 = CARTESIAN_POINT('',(28.114334289449,-7.810183188929,
    9.713047559643));
#5558 = CARTESIAN_POINT('',(37.373984898303,-7.810183188929,
    40.000000000078));
#5559 = CARTESIAN_POINT('',(29.451197773143,-7.710825198526,
    9.713047559623));
#5560 = CARTESIAN_POINT('',(38.710848382067,-7.710825198526,
    39.999999999957));
#5561 = CARTESIAN_POINT('',(30.46344031311,-7.033288173374,
    9.713047559634));
#5562 = CARTESIAN_POINT('',(39.723090922001,-7.033288173374,
    40.000000000016));
#5563 = CARTESIAN_POINT('',(30.969576649447,-6.066643893412,
    9.71304755963));
#5564 = CARTESIAN_POINT('',(40.229227258349,-6.066643893412,
    39.999999999996));
#5565 = CARTESIAN_POINT('',(30.969576649446,-5.1,9.71304755963));
#5566 = CARTESIAN_POINT('',(40.229227258346,-5.1,40.));
#5567 = DEFINITIONAL_REPRESENTATION('',(#5568),#5651);
#5568 = B_SPLINE_CURVE_WITH_KNOTS('',6,(#5569,#5570,#5571,#5572,#5573,
    #5574,#5575,#5576,#5577,#5578,#5579,#5580,#5581,#5582,#5583,#5584,
    #5585,#5586,#5587,#5588,#5589,#5590,#5591,#5592,#5593,#5594,#5595,
    #5596,#5597,#5598,#5599,#5600,#5601,#5602,#5603,#5604,#5605,#5606,
    #5607,#5608,#5609,#5610,#5611,#5612,#5613,#5614,#5615,#5616,#5617,
    #5618,#5619,#5620,#5621,#5622,#5623,#5624,#5625,#5626,#5627,#5628,
    #5629,#5630,#5631,#5632,#5633,#5634,#5635,#5636,#5637,#5638,#5639,
    #5640,#5641,#5642,#5643,#5644,#5645,#5646,#5647,#5648,#5649,#5650),
  .UNSPECIFIED.,.F.,.F.,(7,5,5,5,5,5,5,5,5,5,5,5,5,5,5,5,7),(0.,
    8.480909778526E-02,0.133049602822,0.165324513156,0.241180768019,
    0.332391868297,0.372666367094,0.436766035972,0.499417406675,
    0.537015453578,0.619812624125,0.677934178158,0.703595590469,
    0.741193921631,0.803845920484,0.867946235875,1.),.UNSPECIFIED.);
#5569 = CARTESIAN_POINT('',(4.130025346625,0.186595990044));
#5570 = CARTESIAN_POINT('',(4.071238254269,0.187085774156));
#5571 = CARTESIAN_POINT('',(4.012556698981,0.187551924675));
#5572 = CARTESIAN_POINT('',(3.953990819557,0.187991464739));
#5573 = CARTESIAN_POINT('',(3.895540791193,0.188401814497));
#5574 = CARTESIAN_POINT('',(3.837202489909,0.188780763948));
#5575 = CARTESIAN_POINT('',(3.745851563873,0.189323074031));
#5576 = CARTESIAN_POINT('',(3.712764595039,0.189508942408));
#5577 = CARTESIAN_POINT('',(3.679710963637,0.189683712037));
#5578 = CARTESIAN_POINT('',(3.646689029292,0.189847081569));
#5579 = CARTESIAN_POINT('',(3.613696798094,0.189998787159));
#5580 = CARTESIAN_POINT('',(3.558677045681,0.190232144757));
#5581 = CARTESIAN_POINT('',(3.536634400062,0.190320364703));
#5582 = CARTESIAN_POINT('',(3.514603273884,0.190403194471));
#5583 = CARTESIAN_POINT('',(3.492582902553,0.190480573317));
#5584 = CARTESIAN_POINT('',(3.470572468736,0.190552447598));
#5585 = CARTESIAN_POINT('',(3.39686092757,0.190774651217));
#5586 = CARTESIAN_POINT('',(3.345200651628,0.19089986744));
#5587 = CARTESIAN_POINT('',(3.293579450345,0.190993814044));
#5588 = CARTESIAN_POINT('',(3.241984389056,0.191056095962));
#5589 = CARTESIAN_POINT('',(3.190401888737,0.191086521289));
#5590 = CARTESIAN_POINT('',(3.076795110872,0.191083378059));
#5591 = CARTESIAN_POINT('',(3.01476955619,0.191035608548));
#5592 = CARTESIAN_POINT('',(2.952720889228,0.190941798534));
#5593 = CARTESIAN_POINT('',(2.890625374228,0.190802368054));
#5594 = CARTESIAN_POINT('',(2.828460897335,0.19061816568));
#5595 = CARTESIAN_POINT('',(2.738723942283,0.190289959162));
#5596 = CARTESIAN_POINT('',(2.711220395146,0.190180952395));
#5597 = CARTESIAN_POINT('',(2.68369850581,0.190063581208));
#5598 = CARTESIAN_POINT('',(2.656156888237,0.189937974893));
#5599 = CARTESIAN_POINT('',(2.628594308547,0.189804280493));
#5600 = CARTESIAN_POINT('',(2.557106836147,0.189437268374));
#5601 = CARTESIAN_POINT('',(2.51314778752,0.189191801715));
#5602 = CARTESIAN_POINT('',(2.469129009031,0.188926932316));
#5603 = CARTESIAN_POINT('',(2.425047099849,0.188643442047));
#5604 = CARTESIAN_POINT('',(2.380899981191,0.18834223365));
#5605 = CARTESIAN_POINT('',(2.293475141338,0.187713627468));
#5606 = CARTESIAN_POINT('',(2.250199574708,0.187386969888));
#5607 = CARTESIAN_POINT('',(2.206862303393,0.187045333611));
#5608 = CARTESIAN_POINT('',(2.163464128335,0.186689787607));
#5609 = CARTESIAN_POINT('',(2.120007206069,0.186321507295));
#5610 = CARTESIAN_POINT('',(2.050385087147,0.185713898474));
#5611 = CARTESIAN_POINT('',(2.024254131726,0.185481893354));
#5612 = CARTESIAN_POINT('',(1.9981045613,0.185246041026));
#5613 = CARTESIAN_POINT('',(1.971937439638,0.185006630003));
#5614 = CARTESIAN_POINT('',(1.945753984279,0.18476396008));
#5615 = CARTESIAN_POINT('',(1.861862280838,0.183977451083));
#5616 = CARTESIAN_POINT('',(1.804093317188,0.183422233588));
#5617 = CARTESIAN_POINT('',(1.746269657665,0.182856061426));
#5618 = CARTESIAN_POINT('',(1.688405953123,0.18228245301));
#5619 = CARTESIAN_POINT('',(1.630518538724,0.181705050737));
#5620 = CARTESIAN_POINT('',(1.531999556789,0.180722240758));
#5621 = CARTESIAN_POINT('',(1.491364951935,0.180316839965));
#5622 = CARTESIAN_POINT('',(1.450737626205,0.17991268028));
#5623 = CARTESIAN_POINT('',(1.41012384903,0.17951102907));
#5624 = CARTESIAN_POINT('',(1.369529591213,0.179113132585));
#5625 = CARTESIAN_POINT('',(1.311050812926,0.178546732511));
#5626 = CARTESIAN_POINT('',(1.293144759246,0.178374221911));
#5627 = CARTESIAN_POINT('',(1.275244303039,0.17820278454));
#5628 = CARTESIAN_POINT('',(1.25734993386,0.17803252289));
#5629 = CARTESIAN_POINT('',(1.23946211491,0.177863537596));
#5630 = CARTESIAN_POINT('',(1.195382824816,0.177450350064));
#5631 = CARTESIAN_POINT('',(1.169199345208,0.177207724171));
#5632 = CARTESIAN_POINT('',(1.143032214374,0.176968360756));
#5633 = CARTESIAN_POINT('',(1.116882648586,0.176732559527));
#5634 = CARTESIAN_POINT('',(1.090751710223,0.176500608904));
#5635 = CARTESIAN_POINT('',(1.021129558604,0.175893153237));
#5636 = CARTESIAN_POINT('',(0.977672606598,0.175524977497));
#5637 = CARTESIAN_POINT('',(0.93427442513,0.175169544802));
#5638 = CARTESIAN_POINT('',(0.890937163481,0.174828030063));
#5639 = CARTESIAN_POINT('',(0.847661615079,0.174501501711));
#5640 = CARTESIAN_POINT('',(0.760236809802,0.173873171388));
#5641 = CARTESIAN_POINT('',(0.716089708069,0.173572109963));
#5642 = CARTESIAN_POINT('',(0.672007807795,0.173288773549));
#5643 = CARTESIAN_POINT('',(0.627989022602,0.173024064294));
#5644 = CARTESIAN_POINT('',(0.584029944761,0.172778763479));
#5645 = CARTESIAN_POINT('',(0.449682175724,0.172089554666));
#5646 = CARTESIAN_POINT('',(0.359471312669,0.171710755536));
#5647 = CARTESIAN_POINT('',(0.269466107099,0.171423015532));
#5648 = CARTESIAN_POINT('',(0.179598215484,0.171229936238));
#5649 = CARTESIAN_POINT('',(8.979580838438E-02,0.171133410049));
#5650 = CARTESIAN_POINT('',(0.,0.171133410049));
#5651 = ( GEOMETRIC_REPRESENTATION_CONTEXT(2) 
PARAMETRIC_REPRESENTATION_CONTEXT() REPRESENTATION_CONTEXT('2D SPACE',''
  ) );
#5652 = ORIENTED_EDGE('',*,*,#5653,.F.);
#5653 = EDGE_CURVE('',#5654,#5365,#5656,.T.);
#5654 = VERTEX_POINT('',#5655);
#5655 = CARTESIAN_POINT('',(29.597390368562,-8.125,15.364471587054));
#5656 = SURFACE_CURVE('',#5657,(#5661,#5668),.PCURVE_S1.);
#5657 = LINE('',#5658,#5659);
#5658 = CARTESIAN_POINT('',(29.597390368562,-6.55,15.364471587054));
#5659 = VECTOR('',#5660,1.);
#5660 = DIRECTION('',(2.734506013376E-17,1.,8.944166154111E-17));
#5661 = PCURVE('',#5081,#5662);
#5662 = DEFINITIONAL_REPRESENTATION('',(#5663),#5667);
#5663 = LINE('',#5664,#5665);
#5664 = CARTESIAN_POINT('',(51.610113573548,6.876412558224));
#5665 = VECTOR('',#5666,1.);
#5666 = DIRECTION('',(-0.104414136312,0.994533904972));
#5667 = ( GEOMETRIC_REPRESENTATION_CONTEXT(2) 
PARAMETRIC_REPRESENTATION_CONTEXT() REPRESENTATION_CONTEXT('2D SPACE',''
  ) );
#5668 = PCURVE('',#5669,#5674);
#5669 = PLANE('',#5670);
#5670 = AXIS2_PLACEMENT_3D('',#5671,#5672,#5673);
#5671 = CARTESIAN_POINT('',(37.129227258346,-5.1,40.));
#5672 = DIRECTION('',(-0.956304755963,0.,0.292371704723));
#5673 = DIRECTION('',(0.,-1.,0.));
#5674 = DEFINITIONAL_REPRESENTATION('',(#5675),#5679);
#5675 = LINE('',#5676,#5677);
#5676 = CARTESIAN_POINT('',(1.45,-25.76116897812));
#5677 = VECTOR('',#5678,1.);
#5678 = DIRECTION('',(-1.,9.352840816005E-17));
#5679 = ( GEOMETRIC_REPRESENTATION_CONTEXT(2) 
PARAMETRIC_REPRESENTATION_CONTEXT() REPRESENTATION_CONTEXT('2D SPACE',''
  ) );
#5680 = ORIENTED_EDGE('',*,*,#5681,.T.);
#5681 = EDGE_CURVE('',#5654,#5682,#5684,.T.);
#5682 = VERTEX_POINT('',#5683);
#5683 = CARTESIAN_POINT('',(19.629523545512,-8.125,16.943226595052));
#5684 = SURFACE_CURVE('',#5685,(#5689,#5696),.PCURVE_S1.);
#5685 = LINE('',#5686,#5687);
#5686 = CARTESIAN_POINT('',(-50.40578721331,-8.125,28.035730092543));
#5687 = VECTOR('',#5688,1.);
#5688 = DIRECTION('',(-0.987688340595,0.,0.15643446504));
#5689 = PCURVE('',#5081,#5690);
#5690 = DEFINITIONAL_REPRESENTATION('',(#5691),#5695);
#5691 = LINE('',#5692,#5693);
#5692 = CARTESIAN_POINT('',(-28.78310538293,-3.147567994692));
#5693 = VECTOR('',#5694,1.);
#5694 = DIRECTION('',(-0.994533904972,-0.104414136312));
#5695 = ( GEOMETRIC_REPRESENTATION_CONTEXT(2) 
PARAMETRIC_REPRESENTATION_CONTEXT() REPRESENTATION_CONTEXT('2D SPACE',''
  ) );
#5696 = PCURVE('',#5697,#5702);
#5697 = PLANE('',#5698);
#5698 = AXIS2_PLACEMENT_3D('',#5699,#5700,#5701);
#5699 = CARTESIAN_POINT('',(-100.,-8.125,-100.));
#5700 = DIRECTION('',(0.,1.,0.));
#5701 = DIRECTION('',(0.,0.,1.));
#5702 = DEFINITIONAL_REPRESENTATION('',(#5703),#5707);
#5703 = LINE('',#5704,#5705);
#5704 = CARTESIAN_POINT('',(128.03573009254,49.59421278669));
#5705 = VECTOR('',#5706,1.);
#5706 = DIRECTION('',(0.15643446504,-0.987688340595));
#5707 = ( GEOMETRIC_REPRESENTATION_CONTEXT(2) 
PARAMETRIC_REPRESENTATION_CONTEXT() REPRESENTATION_CONTEXT('2D SPACE',''
  ) );
#5708 = ORIENTED_EDGE('',*,*,#5709,.T.);
#5709 = EDGE_CURVE('',#5682,#5710,#5712,.T.);
#5710 = VERTEX_POINT('',#5711);
#5711 = CARTESIAN_POINT('',(-4.16760770788,-17.92736119146,
    20.71232190995));
#5712 = SURFACE_CURVE('',#5713,(#5770,#5830),.PCURVE_S1.);
#5713 = B_SPLINE_CURVE_WITH_KNOTS('',7,(#5714,#5715,#5716,#5717,#5718,
    #5719,#5720,#5721,#5722,#5723,#5724,#5725,#5726,#5727,#5728,#5729,
    #5730,#5731,#5732,#5733,#5734,#5735,#5736,#5737,#5738,#5739,#5740,
    #5741,#5742,#5743,#5744,#5745,#5746,#5747,#5748,#5749,#5750,#5751,
    #5752,#5753,#5754,#5755,#5756,#5757,#5758,#5759,#5760,#5761,#5762,
    #5763,#5764,#5765,#5766,#5767,#5768,#5769),.UNSPECIFIED.,.F.,.F.,(8,
    6,6,6,6,6,6,6,6,8),(0.,0.231692114997,0.343523007615,0.45137093533,
    0.516860611447,0.661040271029,0.766638259237,0.812153466066,
    0.881651084296,1.),.UNSPECIFIED.);
#5714 = CARTESIAN_POINT('',(19.630039241477,-8.,16.943144916836));
#5715 = CARTESIAN_POINT('',(19.630039241477,-9.116829035302,
    16.943144916835));
#5716 = CARTESIAN_POINT('',(19.533984977155,-10.23372814702,
    16.958358417731));
#5717 = CARTESIAN_POINT('',(19.34185618028,-11.34044087899,
    16.988788629694));
#5718 = CARTESIAN_POINT('',(19.054701382172,-12.42678331386,
    17.034269481679));
#5719 = CARTESIAN_POINT('',(18.674596072295,-13.48264773187,
    17.094472248448));
#5720 = CARTESIAN_POINT('',(18.20469087698,-14.49801645191,
    17.168897919814));
#5721 = CARTESIAN_POINT('',(17.38153957654,-15.92886565725,
    17.299272277836));
#5722 = CARTESIAN_POINT('',(17.093699243691,-16.38294905557,
    17.344861707858));
#5723 = CARTESIAN_POINT('',(16.786496838624,-16.82421119976,
    17.39351778885));
#5724 = CARTESIAN_POINT('',(16.460507181265,-17.25156879902,
    17.445149478283));
#5725 = CARTESIAN_POINT('',(16.116376372029,-17.66396391931,
    17.499654443902));
#5726 = CARTESIAN_POINT('',(15.754826849711,-18.06036834773,
    17.556918262644));
#5727 = CARTESIAN_POINT('',(15.01196673823,-18.80569417168,
    17.67457574564));
#5728 = CARTESIAN_POINT('',(14.631812499247,-19.1558099363,
    17.734786262019));
#5729 = CARTESIAN_POINT('',(14.23692463625,-19.48924112206,
    17.797330355191));
#5730 = CARTESIAN_POINT('',(13.828087460898,-19.80513544463,
    17.862083802393));
#5731 = CARTESIAN_POINT('',(13.406148265288,-20.10268781326,
    17.92891240574));
#5732 = CARTESIAN_POINT('',(12.972020894553,-20.38114567988,
    17.997671426383));
#5733 = CARTESIAN_POINT('',(12.25626575885,-20.79688861558,
    18.111035902961));
#5734 = CARTESIAN_POINT('',(11.981708818103,-20.94666700393,
    18.154521450359));
#5735 = CARTESIAN_POINT('',(11.703238152054,-21.08899460036,
    18.198626870948));
#5736 = CARTESIAN_POINT('',(11.421080587773,-21.22372582581,
    18.24331623885));
#5737 = CARTESIAN_POINT('',(11.135470312985,-21.35072491936,
    18.288552462373));
#5738 = CARTESIAN_POINT('',(10.846649064479,-21.46986638244,
    18.334297254171));
#5739 = CARTESIAN_POINT('',(9.912488162175,-21.82578108998,
    18.482253805856));
#5740 = CARTESIAN_POINT('',(9.255713006961,-22.03190188844,
    18.586276771234));
#5741 = CARTESIAN_POINT('',(8.587256999066,-22.19814257203,
    18.692149801925));
#5742 = CARTESIAN_POINT('',(7.909922541644,-22.32356420484,
    18.799429040877));
#5743 = CARTESIAN_POINT('',(7.226592367602,-22.4075189027,
    18.907657908049));
#5744 = CARTESIAN_POINT('',(6.540229941771,-22.44966153612,
    19.016367036724));
#5745 = CARTESIAN_POINT('',(5.351204192371,-22.45024511257,
    19.204690214575));
#5746 = CARTESIAN_POINT('',(4.848502850794,-22.42806650604,
    19.284310285211));
#5747 = CARTESIAN_POINT('',(4.346968289763,-22.38346053026,
    19.363745555963));
#5748 = CARTESIAN_POINT('',(3.847768309538,-22.31652324407,
    19.442811065441));
#5749 = CARTESIAN_POINT('',(3.352053158121,-22.22744100411,
    19.521324632258));
#5750 = CARTESIAN_POINT('',(2.860955553905,-22.11648857066,
    19.599106851447));
#5751 = CARTESIAN_POINT('',(2.16638601722,-21.92694172565,
    19.709115858781));
#5752 = CARTESIAN_POINT('',(1.958245240773,-21.86585496132,
    19.742082119167));
#5753 = CARTESIAN_POINT('',(1.751255863103,-21.80080192016,
    19.774866015903));
#5754 = CARTESIAN_POINT('',(1.54550473443,-21.73181442653,
    19.807453793264));
#5755 = CARTESIAN_POINT('',(1.341077322166,-21.65892704167,
    19.839831914542));
#5756 = CARTESIAN_POINT('',(1.138057710917,-21.58217706365,
    19.871987062045));
#5757 = CARTESIAN_POINT('',(0.628811819096,-21.37857752711,
    19.952643687609));
#5758 = CARTESIAN_POINT('',(0.324569123266,-21.24663792294,
    20.00083099671));
#5759 = CARTESIAN_POINT('',(2.409558788116E-02,-21.10592826226,
    20.048421329445));
#5760 = CARTESIAN_POINT('',(-0.272323838615,-20.95660433325,
    20.095369554412));
#5761 = CARTESIAN_POINT('',(-0.564414061351,-20.7988345586,
    20.141632100864));
#5762 = CARTESIAN_POINT('',(-0.851909568153,-20.63279938918,
    20.187166915805));
#5763 = CARTESIAN_POINT('',(-1.615875413541,-20.16219744542,
    20.308167218653));
#5764 = CARTESIAN_POINT('',(-2.083137080426,-19.84228676315,
    20.382174196248));
#5765 = CARTESIAN_POINT('',(-2.535068026137,-19.49990883067,
    20.45375302615));
#5766 = CARTESIAN_POINT('',(-2.970504210922,-19.13609616454,
    20.522719342574));
#5767 = CARTESIAN_POINT('',(-3.388377704503,-18.75194940803,
    20.588904001981));
#5768 = CARTESIAN_POINT('',(-3.787710537825,-18.34862930961,
    20.65215210929));
#5769 = CARTESIAN_POINT('',(-4.167613390533,-17.92735488996,
    20.712322809994));
#5770 = PCURVE('',#5081,#5771);
#5771 = DEFINITIONAL_REPRESENTATION('',(#5772),#5829);
#5772 = B_SPLINE_CURVE_WITH_KNOTS('',7,(#5773,#5774,#5775,#5776,#5777,
    #5778,#5779,#5780,#5781,#5782,#5783,#5784,#5785,#5786,#5787,#5788,
    #5789,#5790,#5791,#5792,#5793,#5794,#5795,#5796,#5797,#5798,#5799,
    #5800,#5801,#5802,#5803,#5804,#5805,#5806,#5807,#5808,#5809,#5810,
    #5811,#5812,#5813,#5814,#5815,#5816,#5817,#5818,#5819,#5820,#5821,
    #5822,#5823,#5824,#5825,#5826,#5827,#5828),.UNSPECIFIED.,.F.,.F.,(8,
    6,6,6,6,6,6,6,6,8),(0.,0.231692114997,0.343523007615,0.45137093533,
    0.516860611447,0.661040271029,0.766638259237,0.812153466066,
    0.881651084296,1.),.UNSPECIFIED.);
#5773 = CARTESIAN_POINT('',(41.725080278054,4.380633176996));
#5774 = CARTESIAN_POINT('',(41.841693017184,3.269908835331));
#5775 = CARTESIAN_POINT('',(41.86159306692,2.14896035922));
#5776 = CARTESIAN_POINT('',(41.783689099544,1.027985999405));
#5777 = CARTESIAN_POINT('',(41.6079735687,-8.277514683466E-02));
#5778 = CARTESIAN_POINT('',(41.335480960024,-1.173051197728));
#5779 = CARTESIAN_POINT('',(40.968337748989,-2.232546159188));
#5780 = CARTESIAN_POINT('',(40.288882157121,-3.7425941994));
#5781 = CARTESIAN_POINT('',(40.046459558941,-4.224624768837));
#5782 = CARTESIAN_POINT('',(39.783201971873,-4.695951040799));
#5783 = CARTESIAN_POINT('',(39.499575088986,-5.155434878392));
#5784 = CARTESIAN_POINT('',(39.19611902548,-5.601955827394));
#5785 = CARTESIAN_POINT('',(38.873453867339,-6.034414922134));
#5786 = CARTESIAN_POINT('',(38.203267622457,-6.854198679934));
#5787 = CARTESIAN_POINT('',(37.857035609456,-7.242588939219));
#5788 = CARTESIAN_POINT('',(37.494225749346,-7.615943394095));
#5789 = CARTESIAN_POINT('',(37.115538799235,-7.973331504867));
#5790 = CARTESIAN_POINT('',(36.72174386086,-8.313863009439));
#5791 = CARTESIAN_POINT('',(36.313682536458,-8.636692865479));
#5792 = CARTESIAN_POINT('',(35.636376016481,-9.1258298457));
#5793 = CARTESIAN_POINT('',(35.37555513141,-9.303814502544));
#5794 = CARTESIAN_POINT('',(35.110015427413,-9.474802836298));
#5795 = CARTESIAN_POINT('',(34.839970103164,-9.638626084495));
#5796 = CARTESIAN_POINT('',(34.56564079416,-9.795124470958));
#5797 = CARTESIAN_POINT('',(34.287257808816,-9.944147627754));
#5798 = CARTESIAN_POINT('',(33.383784861989,-10.39687231889));
#5799 = CARTESIAN_POINT('',(32.743979592152,-10.67129786814));
#5800 = CARTESIAN_POINT('',(32.08824846312,-10.9072961402));
#5801 = CARTESIAN_POINT('',(31.419315263025,-11.10363707356));
#5802 = CARTESIAN_POINT('',(30.740015056427,-11.25937157537));
#5803 = CARTESIAN_POINT('',(30.053295811225,-11.37384311799));
#5804 = CARTESIAN_POINT('',(28.8560899826,-11.50012216027));
#5805 = CARTESIAN_POINT('',(28.347588710663,-11.53120819408));
#5806 = CARTESIAN_POINT('',(27.837920571717,-11.53986610178));
#5807 = CARTESIAN_POINT('',(27.328271489821,-11.52606796235));
#5808 = CARTESIAN_POINT('',(26.819819143495,-11.48987751456));
#5809 = CARTESIAN_POINT('',(26.313732790743,-11.43144827074));
#5810 = CARTESIAN_POINT('',(25.594557895279,-11.31636439187));
#5811 = CARTESIAN_POINT('',(25.378596195188,-11.27761527559));
#5812 = CARTESIAN_POINT('',(25.163379738726,-11.23479984162));
#5813 = CARTESIAN_POINT('',(24.948999300979,-11.18794055895));
#5814 = CARTESIAN_POINT('',(24.735544550408,-11.13706276465));
#5815 = CARTESIAN_POINT('',(24.523104048844,-11.08219466387));
#5816 = CARTESIAN_POINT('',(23.989069957355,-10.93354329323));
#5817 = CARTESIAN_POINT('',(23.668942227471,-10.83448810441));
#5818 = CARTESIAN_POINT('',(23.351694063811,-10.72631233771));
#5819 = CARTESIAN_POINT('',(23.037628656257,-10.60914080625));
#5820 = CARTESIAN_POINT('',(22.727040592044,-10.48311193027));
#5821 = CARTESIAN_POINT('',(22.420216065202,-10.34837710546));
#5822 = CARTESIAN_POINT('',(21.6018177571,-9.961110679116));
#5823 = CARTESIAN_POINT('',(21.097914350986,-9.692345539988));
#5824 = CARTESIAN_POINT('',(20.607102023142,-9.39961526129));
#5825 = CARTESIAN_POINT('',(20.130660690481,-9.083823658501));
#5826 = CARTESIAN_POINT('',(19.669780607713,-8.745952461706));
#5827 = CARTESIAN_POINT('',(19.22556772064,-8.387052687962));
#5828 = CARTESIAN_POINT('',(18.799044796398,-8.008242679565));
#5829 = ( GEOMETRIC_REPRESENTATION_CONTEXT(2) 
PARAMETRIC_REPRESENTATION_CONTEXT() REPRESENTATION_CONTEXT('2D SPACE',''
  ) );
#5830 = PCURVE('',#5831,#5862);
#5831 = B_SPLINE_SURFACE_WITH_KNOTS('',14,1,(
    (#5832,#5833)
    ,(#5834,#5835)
    ,(#5836,#5837)
    ,(#5838,#5839)
    ,(#5840,#5841)
    ,(#5842,#5843)
    ,(#5844,#5845)
    ,(#5846,#5847)
    ,(#5848,#5849)
    ,(#5850,#5851)
    ,(#5852,#5853)
    ,(#5854,#5855)
    ,(#5856,#5857)
    ,(#5858,#5859)
    ,(#5860,#5861
    )),.UNSPECIFIED.,.T.,.F.,.F.,(15,15),(2,2),(0.,6.28318530718),(0.,1.
    ),.PIECEWISE_BEZIER_KNOTS.);
#5832 = CARTESIAN_POINT('',(8.335386370827,-8.,-20.));
#5833 = CARTESIAN_POINT('',(32.79384088752,-8.,60.));
#5834 = CARTESIAN_POINT('',(8.335386370833,-1.514855165085,-20.));
#5835 = CARTESIAN_POINT('',(32.793840887521,-1.514855165085,
    60.000000000007));
#5836 = CARTESIAN_POINT('',(5.200973851469,4.970292063633,-20.));
#5837 = CARTESIAN_POINT('',(29.659428368183,4.970292063633,
    59.999999999972));
#5838 = CARTESIAN_POINT('',(-1.067855194152,9.81423955799,
    -19.99999999998));
#5839 = CARTESIAN_POINT('',(23.390599322475,9.81423955799,
    60.000000000059));
#5840 = CARTESIAN_POINT('',(-9.533637012266,11.375970259668,
    -20.00000000004));
#5841 = CARTESIAN_POINT('',(14.924817504582,11.375970259668,
    59.999999999926));
#5842 = CARTESIAN_POINT('',(-18.32162192179,8.602715641629,
    -19.99999999991));
#5843 = CARTESIAN_POINT('',(6.136832594609,8.602715641629,60.00000000004
    ));
#5844 = CARTESIAN_POINT('',(-25.03026621842,1.622041794024,
    -20.00000000014));
#5845 = CARTESIAN_POINT('',(-0.571811701309,1.622041794024,
    60.000000000049));
#5846 = CARTESIAN_POINT('',(-27.55593692844,-7.999999999754,
    -19.99999999983));
#5847 = CARTESIAN_POINT('',(-3.097482412258,-7.999999999754,
    59.999999999848));
#5848 = CARTESIAN_POINT('',(-25.03026621845,-17.62204179447,
    -20.00000000016));
#5849 = CARTESIAN_POINT('',(-0.571811701273,-17.62204179447,
    60.000000000211));
#5850 = CARTESIAN_POINT('',(-18.32162192175,-24.60271564128,
    -19.99999999987));
#5851 = CARTESIAN_POINT('',(6.136832594557,-24.60271564128,59.9999999998
    ));
#5852 = CARTESIAN_POINT('',(-9.533637012299,-27.37597025988,
    -20.00000000007));
#5853 = CARTESIAN_POINT('',(14.924817504628,-27.37597025988,
    60.000000000142));
#5854 = CARTESIAN_POINT('',(-1.067855194132,-25.81423955788,
    -19.99999999996));
#5855 = CARTESIAN_POINT('',(23.390599322446,-25.81423955788,
    59.999999999925));
#5856 = CARTESIAN_POINT('',(5.200973851461,-20.97029206367,
    -20.00000000001));
#5857 = CARTESIAN_POINT('',(29.659428368195,-20.97029206367,
    60.000000000028));
#5858 = CARTESIAN_POINT('',(8.335386370835,-14.4851448349,
    -19.99999999999));
#5859 = CARTESIAN_POINT('',(32.793840887519,-14.4851448349,
    59.999999999994));
#5860 = CARTESIAN_POINT('',(8.335386370827,-8.,-20.));
#5861 = CARTESIAN_POINT('',(32.79384088752,-8.,60.));
#5862 = DEFINITIONAL_REPRESENTATION('',(#5863),#5920);
#5863 = B_SPLINE_CURVE_WITH_KNOTS('',7,(#5864,#5865,#5866,#5867,#5868,
    #5869,#5870,#5871,#5872,#5873,#5874,#5875,#5876,#5877,#5878,#5879,
    #5880,#5881,#5882,#5883,#5884,#5885,#5886,#5887,#5888,#5889,#5890,
    #5891,#5892,#5893,#5894,#5895,#5896,#5897,#5898,#5899,#5900,#5901,
    #5902,#5903,#5904,#5905,#5906,#5907,#5908,#5909,#5910,#5911,#5912,
    #5913,#5914,#5915,#5916,#5917,#5918,#5919),.UNSPECIFIED.,.F.,.F.,(8,
    6,6,6,6,6,6,6,6,8),(0.,0.231692114997,0.343523007615,0.45137093533,
    0.516860611447,0.661040271029,0.766638259237,0.812153466066,
    0.881651084296,1.),.UNSPECIFIED.);
#5864 = CARTESIAN_POINT('',(6.28318530718,0.46178931146));
#5865 = CARTESIAN_POINT('',(6.205896100584,0.46178931146));
#5866 = CARTESIAN_POINT('',(6.128602039813,0.461979480222));
#5867 = CARTESIAN_POINT('',(6.051258866703,0.462359857871));
#5868 = CARTESIAN_POINT('',(5.97381660137,0.462928368521));
#5869 = CARTESIAN_POINT('',(5.896227829126,0.463680903106));
#5870 = CARTESIAN_POINT('',(5.818448678885,0.464611223998));
#5871 = CARTESIAN_POINT('',(5.702811108212,0.466240903473));
#5872 = CARTESIAN_POINT('',(5.665116032489,0.466810771348));
#5873 = CARTESIAN_POINT('',(5.62736808629,0.467418972361));
#5874 = CARTESIAN_POINT('',(5.58956477363,0.468064368479));
#5875 = CARTESIAN_POINT('',(5.551704093633,0.468745680549));
#5876 = CARTESIAN_POINT('',(5.513784943192,0.469461478283));
#5877 = CARTESIAN_POINT('',(5.439182698565,0.470932196821));
#5878 = CARTESIAN_POINT('',(5.402503069567,0.471684828275));
#5879 = CARTESIAN_POINT('',(5.365769217547,0.47246662944));
#5880 = CARTESIAN_POINT('',(5.328981666248,0.47327604753));
#5881 = CARTESIAN_POINT('',(5.292141385737,0.474111405072));
#5882 = CARTESIAN_POINT('',(5.255250299909,0.47497089283));
#5883 = CARTESIAN_POINT('',(5.195881221227,0.476387948787));
#5884 = CARTESIAN_POINT('',(5.173433001712,0.476931518129));
#5885 = CARTESIAN_POINT('',(5.1509678419,0.477482835887));
#5886 = CARTESIAN_POINT('',(5.128486454234,0.478041452986));
#5887 = CARTESIAN_POINT('',(5.105989611575,0.47860690578));
#5888 = CARTESIAN_POINT('',(5.083478201643,0.479178715677));
#5889 = CARTESIAN_POINT('',(5.011363246568,0.481028172573));
#5890 = CARTESIAN_POINT('',(4.961704428425,0.48232845964));
#5891 = CARTESIAN_POINT('',(4.911992435606,0.483651872524));
#5892 = CARTESIAN_POINT('',(4.862239113982,0.484992863011));
#5893 = CARTESIAN_POINT('',(4.812455466071,0.486345723851));
#5894 = CARTESIAN_POINT('',(4.762654943665,0.487704587959));
#5895 = CARTESIAN_POINT('',(4.676384904883,0.490058627682));
#5896 = CARTESIAN_POINT('',(4.639912021028,0.491053878565));
#5897 = CARTESIAN_POINT('',(4.6034452678,0.49204681945));
#5898 = CARTESIAN_POINT('',(4.566990141905,0.493035138318));
#5899 = CARTESIAN_POINT('',(4.530551589741,0.494016557903));
#5900 = CARTESIAN_POINT('',(4.494134720348,0.494988835643));
#5901 = CARTESIAN_POINT('',(4.442060854457,0.496363948235));
#5902 = CARTESIAN_POINT('',(4.426381242394,0.49677602649));
#5903 = CARTESIAN_POINT('',(4.410707024985,0.497185825199));
#5904 = CARTESIAN_POINT('',(4.395038574184,0.497593172416));
#5905 = CARTESIAN_POINT('',(4.379376245427,0.497997898932));
#5906 = CARTESIAN_POINT('',(4.363720377634,0.498399838276));
#5907 = CARTESIAN_POINT('',(4.32417655185,0.499408046095));
#5908 = CARTESIAN_POINT('',(4.300297561425,0.500010387459));
#5909 = CARTESIAN_POINT('',(4.276435554723,0.500605266618));
#5910 = CARTESIAN_POINT('',(4.252591543424,0.50119211943));
#5911 = CARTESIAN_POINT('',(4.228766389805,0.501770401261));
#5912 = CARTESIAN_POINT('',(4.204960878464,0.502339586448));
#5913 = CARTESIAN_POINT('',(4.140671670987,0.503852090233));
#5914 = CARTESIAN_POINT('',(4.100226122307,0.504777177453));
#5915 = CARTESIAN_POINT('',(4.05984341947,0.505671912827));
#5916 = CARTESIAN_POINT('',(4.019525493131,0.506533991782));
#5917 = CARTESIAN_POINT('',(3.979272973307,0.507361300025));
#5918 = CARTESIAN_POINT('',(3.939085975257,0.508151901366));
#5919 = CARTESIAN_POINT('',(3.898964625051,0.508904035125));
#5920 = ( GEOMETRIC_REPRESENTATION_CONTEXT(2) 
PARAMETRIC_REPRESENTATION_CONTEXT() REPRESENTATION_CONTEXT('2D SPACE',''
  ) );
#5921 = ORIENTED_EDGE('',*,*,#5922,.F.);
#5922 = EDGE_CURVE('',#5923,#5710,#5925,.T.);
#5923 = VERTEX_POINT('',#5924);
#5924 = CARTESIAN_POINT('',(-4.16760770788,-18.1,20.71232190995));
#5925 = SURFACE_CURVE('',#5926,(#5930,#5937),.PCURVE_S1.);
#5926 = LINE('',#5927,#5928);
#5927 = CARTESIAN_POINT('',(-4.16760770788,-13.05,20.71232190995));
#5928 = VECTOR('',#5929,1.);
#5929 = DIRECTION('',(2.734506013376E-17,1.,8.944166154111E-17));
#5930 = PCURVE('',#5081,#5931);
#5931 = DEFINITIONAL_REPRESENTATION('',(#5932),#5936);
#5932 = LINE('',#5933,#5934);
#5933 = CARTESIAN_POINT('',(18.289785720116,-3.157547274166));
#5934 = VECTOR('',#5935,1.);
#5935 = DIRECTION('',(-0.104414136312,0.994533904972));
#5936 = ( GEOMETRIC_REPRESENTATION_CONTEXT(2) 
PARAMETRIC_REPRESENTATION_CONTEXT() REPRESENTATION_CONTEXT('2D SPACE',''
  ) );
#5937 = PCURVE('',#5938,#5943);
#5938 = PLANE('',#5939);
#5939 = AXIS2_PLACEMENT_3D('',#5940,#5941,#5942);
#5940 = CARTESIAN_POINT('',(7.84384088752,-18.1,60.));
#5941 = DIRECTION('',(0.956304755963,0.,-0.292371704723));
#5942 = DIRECTION('',(0.,1.,0.));
#5943 = DEFINITIONAL_REPRESENTATION('',(#5944),#5948);
#5944 = LINE('',#5945,#5946);
#5945 = CARTESIAN_POINT('',(5.05,-41.08280111028));
#5946 = VECTOR('',#5947,1.);
#5947 = DIRECTION('',(1.,9.352840816005E-17));
#5948 = ( GEOMETRIC_REPRESENTATION_CONTEXT(2) 
PARAMETRIC_REPRESENTATION_CONTEXT() REPRESENTATION_CONTEXT('2D SPACE',''
  ) );
#5949 = ORIENTED_EDGE('',*,*,#5950,.T.);
#5950 = EDGE_CURVE('',#5923,#5951,#5953,.T.);
#5951 = VERTEX_POINT('',#5952);
#5952 = CARTESIAN_POINT('',(-14.37341242548,-8.125,22.32876257821));
#5953 = SURFACE_CURVE('',#5954,(#6174,#6397),.PCURVE_S1.);
#5954 = B_SPLINE_CURVE_WITH_KNOTS('',8,(#5955,#5956,#5957,#5958,#5959,
    #5960,#5961,#5962,#5963,#5964,#5965,#5966,#5967,#5968,#5969,#5970,
    #5971,#5972,#5973,#5974,#5975,#5976,#5977,#5978,#5979,#5980,#5981,
    #5982,#5983,#5984,#5985,#5986,#5987,#5988,#5989,#5990,#5991,#5992,
    #5993,#5994,#5995,#5996,#5997,#5998,#5999,#6000,#6001,#6002,#6003,
    #6004,#6005,#6006,#6007,#6008,#6009,#6010,#6011,#6012,#6013,#6014,
    #6015,#6016,#6017,#6018,#6019,#6020,#6021,#6022,#6023,#6024,#6025,
    #6026,#6027,#6028,#6029,#6030,#6031,#6032,#6033,#6034,#6035,#6036,
    #6037,#6038,#6039,#6040,#6041,#6042,#6043,#6044,#6045,#6046,#6047,
    #6048,#6049,#6050,#6051,#6052,#6053,#6054,#6055,#6056,#6057,#6058,
    #6059,#6060,#6061,#6062,#6063,#6064,#6065,#6066,#6067,#6068,#6069,
    #6070,#6071,#6072,#6073,#6074,#6075,#6076,#6077,#6078,#6079,#6080,
    #6081,#6082,#6083,#6084,#6085,#6086,#6087,#6088,#6089,#6090,#6091,
    #6092,#6093,#6094,#6095,#6096,#6097,#6098,#6099,#6100,#6101,#6102,
    #6103,#6104,#6105,#6106,#6107,#6108,#6109,#6110,#6111,#6112,#6113,
    #6114,#6115,#6116,#6117,#6118,#6119,#6120,#6121,#6122,#6123,#6124,
    #6125,#6126,#6127,#6128,#6129,#6130,#6131,#6132,#6133,#6134,#6135,
    #6136,#6137,#6138,#6139,#6140,#6141,#6142,#6143,#6144,#6145,#6146,
    #6147,#6148,#6149,#6150,#6151,#6152,#6153,#6154,#6155,#6156,#6157,
    #6158,#6159,#6160,#6161,#6162,#6163,#6164,#6165,#6166,#6167,#6168,
    #6169,#6170,#6171,#6172,#6173),.UNSPECIFIED.,.F.,.F.,(9,7,7,7,7,7,7,
    7,7,7,7,7,7,7,7,7,7,7,7,7,7,7,7,7,7,7,7,7,7,7,7,9),(0.,
    2.468641717064E-02,5.723564287068E-02,8.18351517456E-02,
    9.521592074985E-02,0.108596689972,0.135446657979,0.165059947368,
    0.175483737473,0.187065728316,0.228278136987,0.235750800575,
    0.261202596156,0.281073989831,0.296458309142,0.306963263361,
    0.341117014418,0.366970636924,0.379354317147,0.392882488226,
    0.442659822684,0.468733479667,0.569290211317,0.66812765277,
    0.768610882313,0.824226054032,0.853027933743,0.881746407146,
    0.939285557469,0.968394992836,0.984181682693,1.),.UNSPECIFIED.);
#5955 = CARTESIAN_POINT('',(-4.16760770788,-18.1,20.71232190995));
#5956 = CARTESIAN_POINT('',(-4.274938724175,-18.11201720811,
    20.729321472896));
#5957 = CARTESIAN_POINT('',(-4.382286619026,-18.12442286613,
    20.746323709142));
#5958 = CARTESIAN_POINT('',(-4.489647019075,-18.13717220925,
    20.763327926016));
#5959 = CARTESIAN_POINT('',(-4.597015772719,-18.15022071168,
    20.780333465971));
#5960 = CARTESIAN_POINT('',(-4.704388950106,-18.16352408666,
    20.797339706577));
#5961 = CARTESIAN_POINT('',(-4.811762843139,-18.17703828641,
    20.81434606053));
#5962 = CARTESIAN_POINT('',(-4.919133965474,-18.19071950221,
    20.831351975649));
#5963 = CARTESIAN_POINT('',(-5.168060722913,-18.22272571459,
    20.870778100807));
#5964 = CARTESIAN_POINT('',(-5.309611413686,-18.24114169934,
    20.893197527743));
#5965 = CARTESIAN_POINT('',(-5.451143808376,-18.25967197925,
    20.915614056864));
#5966 = CARTESIAN_POINT('',(-5.592650453165,-18.27821664652,
    20.938026507601));
#5967 = CARTESIAN_POINT('',(-5.734123736061,-18.29667574666,
    20.960433674333));
#5968 = CARTESIAN_POINT('',(-5.875555866059,-18.31494900017,
    20.982834323087));
#5969 = CARTESIAN_POINT('',(-6.016938852317,-18.33293552435,
    21.005227188237));
#5970 = CARTESIAN_POINT('',(-6.265073202723,-18.36383349995,
    21.044527808451));
#5971 = CARTESIAN_POINT('',(-6.371848877521,-18.37691145209,
    21.061439413944));
#5972 = CARTESIAN_POINT('',(-6.478587899984,-18.38972359402,
    21.078345214278));
#5973 = CARTESIAN_POINT('',(-6.585286315487,-18.40222566773,
    21.095244583101));
#5974 = CARTESIAN_POINT('',(-6.691939822519,-18.41437297466,
    21.112136839121));
#5975 = CARTESIAN_POINT('',(-6.798543772684,-18.42612037562,
    21.129021246104));
#5976 = CARTESIAN_POINT('',(-6.9050931707,-18.43742229084,
    21.145897012876));
#5977 = CARTESIAN_POINT('',(-7.069507060515,-18.45411296319,
    21.171937614796));
#5978 = CARTESIAN_POINT('',(-7.127383367792,-18.45984174507,
    21.181104321332));
#5979 = CARTESIAN_POINT('',(-7.185215649587,-18.46543045004,
    21.190264054917));
#5980 = CARTESIAN_POINT('',(-7.243010067638,-18.47092574975,
    21.199417791473));
#5981 = CARTESIAN_POINT('',(-7.300770023128,-18.47632771802,
    21.208566069697));
#5982 = CARTESIAN_POINT('',(-7.358501457528,-18.48168000605,
    21.217709830623));
#5983 = CARTESIAN_POINT('',(-7.416208702464,-18.48699765166,
    21.226849760315));
#5984 = CARTESIAN_POINT('',(-7.531584823026,-18.49761903581,
    21.245123542597));
#5985 = CARTESIAN_POINT('',(-7.589253680631,-18.5029223526,
    21.254257392333));
#5986 = CARTESIAN_POINT('',(-7.646908191053,-18.50824300287,
    21.263388969699));
#5987 = CARTESIAN_POINT('',(-7.704553210256,-18.51360569544,
    21.272519043803));
#5988 = CARTESIAN_POINT('',(-7.762193594205,-18.51903513911,
    21.281648383754));
#5989 = CARTESIAN_POINT('',(-7.819834198862,-18.52455604271,
    21.290777758663));
#5990 = CARTESIAN_POINT('',(-7.87747988019,-18.53019311503,
    21.299907937637));
#5991 = CARTESIAN_POINT('',(-8.050827751055,-18.54756514942,
    21.327363543146));
#5992 = CARTESIAN_POINT('',(-8.166513938855,-18.55972190828,
    21.345686435254));
#5993 = CARTESIAN_POINT('',(-8.282205971327,-18.57263729145,
    21.364010253067));
#5994 = CARTESIAN_POINT('',(-8.397912131359,-18.58650578831,
    21.382336308465));
#5995 = CARTESIAN_POINT('',(-8.513637010602,-18.60151893687,
    21.400665328696));
#5996 = CARTESIAN_POINT('',(-8.629381449131,-18.61786383297,
    21.418997446813));
#5997 = CARTESIAN_POINT('',(-8.745142475094,-18.63572163953,
    21.437332192122));
#5998 = CARTESIAN_POINT('',(-8.988598807818,-18.67682201103,
    21.475891887124));
#5999 = CARTESIAN_POINT('',(-9.116295140132,-18.70042939018,
    21.496116999249));
#6000 = CARTESIAN_POINT('',(-9.243990821183,-18.72632063177,
    21.516342008224));
#6001 = CARTESIAN_POINT('',(-9.371666256382,-18.754716329,
    21.536563810571));
#6002 = CARTESIAN_POINT('',(-9.499293699268,-18.7858217474,
    21.556778011683));
#6003 = CARTESIAN_POINT('',(-9.626837274093,-18.81982330252,
    21.576978929398));
#6004 = CARTESIAN_POINT('',(-9.754252998409,-18.85688503764,
    21.597159597582));
#6005 = CARTESIAN_POINT('',(-9.926275432737,-18.91131652463,
    21.624405274567));
#6006 = CARTESIAN_POINT('',(-9.971137844211,-18.9259222847,21.6315107825
    ));
#6007 = CARTESIAN_POINT('',(-10.01606545117,-18.9409144253,
    21.638626616383));
#6008 = CARTESIAN_POINT('',(-10.06104768872,-18.95624372367,
    21.645751102902));
#6009 = CARTESIAN_POINT('',(-10.10607400316,-18.97186023182,
    21.652882570515));
#6010 = CARTESIAN_POINT('',(-10.15113383919,-18.98771381769,
    21.660019347426));
#6011 = CARTESIAN_POINT('',(-10.19621662711,-19.00375470635,
    21.667159759558));
#6012 = CARTESIAN_POINT('',(-10.2914174922,-19.03791104028,
    21.682238095295));
#6013 = CARTESIAN_POINT('',(-10.34153849306,-19.05605860238,
    21.690176481964));
#6014 = CARTESIAN_POINT('',(-10.39166027792,-19.07430866505,
    21.698114992807));
#6015 = CARTESIAN_POINT('',(-10.44176835218,-19.09259318599,
    21.706051332104));
#6016 = CARTESIAN_POINT('',(-10.49184822122,-19.11084412288,
    21.713983204134));
#6017 = CARTESIAN_POINT('',(-10.54188539044,-19.1289934334,
    21.721908313176));
#6018 = CARTESIAN_POINT('',(-10.59186536523,-19.14697307525,
    21.72982436351));
#6019 = CARTESIAN_POINT('',(-10.81936321185,-19.2278464414,
    21.765856482624));
#6020 = CARTESIAN_POINT('',(-10.99650683941,-19.2881323028,
    21.793913276932));
#6021 = CARTESIAN_POINT('',(-11.17395760825,-19.34298181237,
    21.822018717639));
#6022 = CARTESIAN_POINT('',(-11.35186101295,-19.38940904326,
    21.850195848824));
#6023 = CARTESIAN_POINT('',(-11.52976473209,-19.42362480904,
    21.878373029812));
#6024 = CARTESIAN_POINT('',(-11.70663858845,-19.4410724927,
    21.906387096559));
#6025 = CARTESIAN_POINT('',(-11.88089486906,-19.4365703638,
    21.933986580038));
#6026 = CARTESIAN_POINT('',(-12.08121053307,-19.40016178893,
    21.965713464369));
#6027 = CARTESIAN_POINT('',(-12.11178506666,-19.39372165101,
    21.970555994761));
#6028 = CARTESIAN_POINT('',(-12.1421648627,-19.38638688056,
    21.975367681753));
#6029 = CARTESIAN_POINT('',(-12.17233013868,-19.37813234935,
    21.980145392107));
#6030 = CARTESIAN_POINT('',(-12.20226418305,-19.36895064159,
    21.984886478971));
#6031 = CARTESIAN_POINT('',(-12.23195335517,-19.35885205396,
    21.989588781881));
#6032 = CARTESIAN_POINT('',(-12.26138708533,-19.34786459558,
    21.994250626759));
#6033 = CARTESIAN_POINT('',(-12.38991320653,-19.29573909164,
    22.014607164531));
#6034 = CARTESIAN_POINT('',(-12.48616311211,-19.24560108066,
    22.029851651958));
#6035 = CARTESIAN_POINT('',(-12.57904349112,-19.18669608059,
    22.044562458806));
#6036 = CARTESIAN_POINT('',(-12.6684335541,-19.12015189605,22.0587204539
    ));
#6037 = CARTESIAN_POINT('',(-12.75431078182,-19.04702822746,
    22.072322070551));
#6038 = CARTESIAN_POINT('',(-12.83672536163,-18.96825904176,
    22.085375257647));
#6039 = CARTESIAN_POINT('',(-12.91578407253,-18.88462881995,
    22.097896927326));
#6040 = CARTESIAN_POINT('',(-13.05085281772,-18.72814678489,
    22.119289714938));
#6041 = CARTESIAN_POINT('',(-13.10809794726,-18.6569731115,
    22.128356452742));
#6042 = CARTESIAN_POINT('',(-13.16342860628,-18.58354323264,
    22.137119968204));
#6043 = CARTESIAN_POINT('',(-13.21689986929,-18.50813415339,
    22.145588984269));
#6044 = CARTESIAN_POINT('',(-13.26856238937,-18.43099286768,
    22.153771523598));
#6045 = CARTESIAN_POINT('',(-13.31846252865,-18.35233919065,
    22.16167492923));
#6046 = CARTESIAN_POINT('',(-13.36664248877,-18.27236859092,
    22.169305885248));
#6047 = CARTESIAN_POINT('',(-13.44913889023,-18.12845736249,
    22.182372031622));
#6048 = CARTESIAN_POINT('',(-13.48412672116,-18.06497881242,
    22.187913559642));
#6049 = CARTESIAN_POINT('',(-13.51812017328,-18.00090254451,
    22.193297593531));
#6050 = CARTESIAN_POINT('',(-13.55113221747,-17.93630749234,
    22.198526187675));
#6051 = CARTESIAN_POINT('',(-13.5831725505,-17.87126926192,
    22.203600877889));
#6052 = CARTESIAN_POINT('',(-13.6142475892,-17.80586104245,
    22.208522680502));
#6053 = CARTESIAN_POINT('',(-13.64436046462,-17.74015451707,
    22.213292091421));
#6054 = CARTESIAN_POINT('',(-13.69341603793,-17.629198895,
    22.221061730944));
#6055 = CARTESIAN_POINT('',(-13.71287215047,-17.58407273899,
    22.22414327644));
#6056 = CARTESIAN_POINT('',(-13.73187782084,-17.53886857541,
    22.227153478905));
#6057 = CARTESIAN_POINT('',(-13.75043456981,-17.49359609911,
    22.230092579205));
#6058 = CARTESIAN_POINT('',(-13.76854590521,-17.44825511325,
    22.232961132926));
#6059 = CARTESIAN_POINT('',(-13.78621625528,-17.40284221261,
    22.235759841432));
#6060 = CARTESIAN_POINT('',(-13.80344990197,-17.35735746693,
    22.238489382918));
#6061 = CARTESIAN_POINT('',(-13.87487018463,-17.16373057914,
    22.249801244414));
#6062 = CARTESIAN_POINT('',(-13.92491228954,-17.01496662574,
    22.257727135193));
#6063 = CARTESIAN_POINT('',(-13.97052209697,-16.86560865444,
    22.264951019017));
#6064 = CARTESIAN_POINT('',(-14.01189239388,-16.71573503066,
    22.271503430339));
#6065 = CARTESIAN_POINT('',(-14.04925576934,-16.56541278362,
    22.27742120765));
#6066 = CARTESIAN_POINT('',(-14.08287749759,-16.41469731509,
    22.282746366261));
#6067 = CARTESIAN_POINT('',(-14.11304842109,-16.2636321082,
    22.287524971094));
#6068 = CARTESIAN_POINT('',(-14.16053849188,-15.99765439642,
    22.295046659376));
#6069 = CARTESIAN_POINT('',(-14.17919903771,-15.8828775101,
    22.298002199484));
#6070 = CARTESIAN_POINT('',(-14.19619407612,-15.76792956053,
    22.300693949132));
#6071 = CARTESIAN_POINT('',(-14.21166381385,-15.65281900468,
    22.303144114883));
#6072 = CARTESIAN_POINT('',(-14.22575277594,-15.53755096733,
    22.305375587259));
#6073 = CARTESIAN_POINT('',(-14.23860852246,-15.42212723525,
    22.307411737476));
#6074 = CARTESIAN_POINT('',(-14.25038036502,-15.30654625133,
    22.309276214172));
#6075 = CARTESIAN_POINT('',(-14.26640926473,-15.13536306089,
    22.311814942481));
#6076 = CARTESIAN_POINT('',(-14.27138856828,-15.07988565108,
    22.312603586687));
#6077 = CARTESIAN_POINT('',(-14.27615898387,-15.02437255092,
    22.313359146291));
#6078 = CARTESIAN_POINT('',(-14.28076412772,-14.96881872852,
    22.314088529422));
#6079 = CARTESIAN_POINT('',(-14.28520772297,-14.91322577133,
    22.314792325769));
#6080 = CARTESIAN_POINT('',(-14.28947811309,-14.8575976188,
    22.315468689118));
#6081 = CARTESIAN_POINT('',(-14.29358796211,-14.80193393101,
    22.316119625254));
#6082 = CARTESIAN_POINT('',(-14.30185580876,-14.68539117548,
    22.317429123519));
#6083 = CARTESIAN_POINT('',(-14.30598508768,-14.6244796639,
    22.318083137049));
#6084 = CARTESIAN_POINT('',(-14.30993187337,-14.56350391158,
    22.318708246491));
#6085 = CARTESIAN_POINT('',(-14.31370090672,-14.50246604495,
    22.31930520273));
#6086 = CARTESIAN_POINT('',(-14.31729692865,-14.44136819042,
    22.319874756651));
#6087 = CARTESIAN_POINT('',(-14.32072468004,-14.3802124744,
    22.320417659136));
#6088 = CARTESIAN_POINT('',(-14.3239889018,-14.31900102333,
    22.320934661072));
#6089 = CARTESIAN_POINT('',(-14.33852087407,-14.03230923365,
    22.323236299368));
#6090 = CARTESIAN_POINT('',(-14.34778203792,-13.80646273845,
    22.324703123621));
#6091 = CARTESIAN_POINT('',(-14.35512618825,-13.58026884399,
    22.32586632276));
#6092 = CARTESIAN_POINT('',(-14.36079696714,-13.35379540986,
    22.326764485902));
#6093 = CARTESIAN_POINT('',(-14.3650341106,-13.12710599097,
    22.327435583496));
#6094 = CARTESIAN_POINT('',(-14.36807426224,-12.9002600392,
    22.327917096212));
#6095 = CARTESIAN_POINT('',(-14.37015178705,-12.67331310515,
    22.328246143816));
#6096 = CARTESIAN_POINT('',(-14.37220556951,-12.32741518204,
    22.328571431003));
#6097 = CARTESIAN_POINT('',(-14.37271137952,-12.20850030309,
    22.328651543437));
#6098 = CARTESIAN_POINT('',(-14.3730504253,-12.08958006608,
    22.328705243014));
#6099 = CARTESIAN_POINT('',(-14.37325610137,-11.97066208302,
    22.328737818903));
#6100 = CARTESIAN_POINT('',(-14.37336178654,-11.85175391481,
    22.328754557789));
#6101 = CARTESIAN_POINT('',(-14.3734008439,-11.73286307123,
    22.328760743867));
#6102 = CARTESIAN_POINT('',(-14.37340662085,-11.61399701097,
    22.328761658846));
#6103 = CARTESIAN_POINT('',(-14.37343492649,-11.03686358204,
    22.32876614202));
#6104 = CARTESIAN_POINT('',(-14.37344388612,-10.57903991063,
    22.328767561086));
#6105 = CARTESIAN_POINT('',(-14.37344319736,-10.12161147211,
    22.328767451997));
#6106 = CARTESIAN_POINT('',(-14.37343587884,-9.664496223628,
    22.328766292857));
#6107 = CARTESIAN_POINT('',(-14.37342532978,-9.207611039633,
    22.328764622051));
#6108 = CARTESIAN_POINT('',(-14.37341558671,-8.75087202571,22.3287630789
    ));
#6109 = CARTESIAN_POINT('',(-14.37341060559,-8.294194841276,
    22.328762289968));
#6110 = CARTESIAN_POINT('',(-14.37341449948,-7.388603743658,
    22.328762906698));
#6111 = CARTESIAN_POINT('',(-14.37342020323,-6.6515059113,
    22.328763810084));
#6112 = CARTESIAN_POINT('',(-14.37346214823,-5.923190814149,
    22.32877045352));
#6113 = CARTESIAN_POINT('',(-14.37342915909,-5.357021241201,
    22.328765228552));
#6114 = CARTESIAN_POINT('',(-14.3734520894,-4.99670172026,
    22.328768860357));
#6115 = CARTESIAN_POINT('',(-14.37340950532,-4.798625414271,
    22.328762115701));
#6116 = CARTESIAN_POINT('',(-14.37342752236,-4.657497831243,
    22.328764969321));
#6117 = CARTESIAN_POINT('',(-14.37338770278,-4.196406930217,
    22.328758662519));
#6118 = CARTESIAN_POINT('',(-14.37330675873,-3.963849719924,
    22.328745842241));
#6119 = CARTESIAN_POINT('',(-14.37291509677,-3.731238277505,
    22.328683809081));
#6120 = CARTESIAN_POINT('',(-14.37196367229,-3.49862813584,
    22.328533118246));
#6121 = CARTESIAN_POINT('',(-14.37020308515,-3.266076712517,
    22.328254268638));
#6122 = CARTESIAN_POINT('',(-14.3673824208,-3.033643578627,
    22.327807519294));
#6123 = CARTESIAN_POINT('',(-14.36324809133,-2.80139072757,
    22.327152705834));
#6124 = CARTESIAN_POINT('',(-14.35438485977,-2.440971781109,
    22.325748907863));
#6125 = CARTESIAN_POINT('',(-14.35074574508,-2.312636318212,
    22.325172528721));
#6126 = CARTESIAN_POINT('',(-14.3465817809,-2.184387633869,
    22.324513021584));
#6127 = CARTESIAN_POINT('',(-14.34184900276,-2.056237492235,
    22.323763423167));
#6128 = CARTESIAN_POINT('',(-14.33650303331,-1.92819824291,
    22.322916704788));
#6129 = CARTESIAN_POINT('',(-14.33049908231,-1.800282820935,
    22.321965772369));
#6130 = CARTESIAN_POINT('',(-14.32379194662,-1.672504746799,
    22.320903466437));
#6131 = CARTESIAN_POINT('',(-14.312474744,-1.478783094192,
    22.319110997634));
#6132 = CARTESIAN_POINT('',(-14.30841264394,-1.412728713143,
    22.318467624189));
#6133 = CARTESIAN_POINT('',(-14.30414336713,-1.346716957967,
    22.317791437171));
#6134 = CARTESIAN_POINT('',(-14.29966053717,-1.28074986155,
    22.317081426657));
#6135 = CARTESIAN_POINT('',(-14.29495774418,-1.214829514981,
    22.31633657742));
#6136 = CARTESIAN_POINT('',(-14.29002854476,-1.148958067553,
    22.31555586893));
#6137 = CARTESIAN_POINT('',(-14.28486646205,-1.083137726762,
    22.314738275348));
#6138 = CARTESIAN_POINT('',(-14.2740791512,-0.951794242003,
    22.313029733157));
#6139 = CARTESIAN_POINT('',(-14.2684577132,-0.886271200308,
    22.312139384847));
#6140 = CARTESIAN_POINT('',(-14.26257774508,-0.820801215268,
    22.311208089385));
#6141 = CARTESIAN_POINT('',(-14.25640811574,-0.755382668551,
    22.310230916095));
#6142 = CARTESIAN_POINT('',(-14.24992267326,-0.690015062582,
    22.309203722919));
#6143 = CARTESIAN_POINT('',(-14.24309643971,-0.624698317941,
    22.308122553738));
#6144 = CARTESIAN_POINT('',(-14.23590011951,-0.559431793576,
    22.30698276859));
#6145 = CARTESIAN_POINT('',(-14.21309741452,-0.363551650606,
    22.303371174923));
#6146 = CARTESIAN_POINT('',(-14.19629781488,-0.23309105271,
    22.300710379736));
#6147 = CARTESIAN_POINT('',(-14.17769531393,-0.102833674161,
    22.297764033034));
#6148 = CARTESIAN_POINT('',(-14.15707892969,2.721421403412E-02,
    22.294498718555));
#6149 = CARTESIAN_POINT('',(-14.13424376198,0.15703980987,
    22.290881983299));
#6150 = CARTESIAN_POINT('',(-14.10899394526,0.286623828822,
    22.286882805209));
#6151 = CARTESIAN_POINT('',(-14.08114560139,0.415940552336,
    22.282472060851));
#6152 = CARTESIAN_POINT('',(-14.03504105291,0.610228590816,
    22.275169817744));
#6153 = CARTESIAN_POINT('',(-14.01884417939,0.675422487286,
    22.272604484996));
#6154 = CARTESIAN_POINT('',(-14.0019171576,0.740535216264,
    22.269923508123));
#6155 = CARTESIAN_POINT('',(-13.98423920943,0.805562019503,
    22.267123596196));
#6156 = CARTESIAN_POINT('',(-13.96579079301,0.870497729964,
    22.264201654086));
#6157 = CARTESIAN_POINT('',(-13.94655360263,0.935336771822,
    22.261154782455));
#6158 = CARTESIAN_POINT('',(-13.92651056881,1.000073160461,
    22.257980277761));
#6159 = CARTESIAN_POINT('',(-13.8943304648,1.099749337737,
    22.252883449997));
#6160 = CARTESIAN_POINT('',(-13.8827587601,1.134811564715,
    22.251050672026));
#6161 = CARTESIAN_POINT('',(-13.8709265014,1.169888048581,
    22.249176626354));
#6162 = CARTESIAN_POINT('',(-13.85882944591,1.204979654502,
    22.24726064099));
#6163 = CARTESIAN_POINT('',(-13.84646335085,1.24008724765,
    22.245302043945));
#6164 = CARTESIAN_POINT('',(-13.83382397344,1.275211693192,
    22.243300163228));
#6165 = CARTESIAN_POINT('',(-13.8209070709,1.310353856299,
    22.241254326849));
#6166 = CARTESIAN_POINT('',(-13.79448328747,1.380745789899,
    22.237069210699));
#6167 = CARTESIAN_POINT('',(-13.78099720468,1.415936957672,
    22.234933225024));
#6168 = CARTESIAN_POINT('',(-13.76724811849,1.451087638854,
    22.232755583702));
#6169 = CARTESIAN_POINT('',(-13.75323421101,1.48619696917,22.23053599881
    ));
#6170 = CARTESIAN_POINT('',(-13.73895388013,1.521263686672,
    22.228274216595));
#6171 = CARTESIAN_POINT('',(-13.72440573945,1.556286131741,
    22.225970017475));
#6172 = CARTESIAN_POINT('',(-13.70958861831,1.591262247089,
    22.223623216036));
#6173 = CARTESIAN_POINT('',(-13.6945015618,1.626189577755,
    22.221233661035));
#6174 = PCURVE('',#5081,#6175);
#6175 = DEFINITIONAL_REPRESENTATION('',(#6176),#6396);
#6176 = B_SPLINE_CURVE_WITH_KNOTS('',8,(#6177,#6178,#6179,#6180,#6181,
    #6182,#6183,#6184,#6185,#6186,#6187,#6188,#6189,#6190,#6191,#6192,
    #6193,#6194,#6195,#6196,#6197,#6198,#6199,#6200,#6201,#6202,#6203,
    #6204,#6205,#6206,#6207,#6208,#6209,#6210,#6211,#6212,#6213,#6214,
    #6215,#6216,#6217,#6218,#6219,#6220,#6221,#6222,#6223,#6224,#6225,
    #6226,#6227,#6228,#6229,#6230,#6231,#6232,#6233,#6234,#6235,#6236,
    #6237,#6238,#6239,#6240,#6241,#6242,#6243,#6244,#6245,#6246,#6247,
    #6248,#6249,#6250,#6251,#6252,#6253,#6254,#6255,#6256,#6257,#6258,
    #6259,#6260,#6261,#6262,#6263,#6264,#6265,#6266,#6267,#6268,#6269,
    #6270,#6271,#6272,#6273,#6274,#6275,#6276,#6277,#6278,#6279,#6280,
    #6281,#6282,#6283,#6284,#6285,#6286,#6287,#6288,#6289,#6290,#6291,
    #6292,#6293,#6294,#6295,#6296,#6297,#6298,#6299,#6300,#6301,#6302,
    #6303,#6304,#6305,#6306,#6307,#6308,#6309,#6310,#6311,#6312,#6313,
    #6314,#6315,#6316,#6317,#6318,#6319,#6320,#6321,#6322,#6323,#6324,
    #6325,#6326,#6327,#6328,#6329,#6330,#6331,#6332,#6333,#6334,#6335,
    #6336,#6337,#6338,#6339,#6340,#6341,#6342,#6343,#6344,#6345,#6346,
    #6347,#6348,#6349,#6350,#6351,#6352,#6353,#6354,#6355,#6356,#6357,
    #6358,#6359,#6360,#6361,#6362,#6363,#6364,#6365,#6366,#6367,#6368,
    #6369,#6370,#6371,#6372,#6373,#6374,#6375,#6376,#6377,#6378,#6379,
    #6380,#6381,#6382,#6383,#6384,#6385,#6386,#6387,#6388,#6389,#6390,
    #6391,#6392,#6393,#6394,#6395),.UNSPECIFIED.,.F.,.F.,(9,7,7,7,7,7,7,
    7,7,7,7,7,7,7,7,7,7,7,7,7,7,7,7,7,7,7,7,7,7,7,7,9),(0.,
    2.468641717064E-02,5.723564287068E-02,8.18351517456E-02,
    9.521592074985E-02,0.108596689972,0.135446657979,0.165059947368,
    0.175483737473,0.187065728316,0.228278136987,0.235750800575,
    0.261202596156,0.281073989831,0.296458309142,0.306963263361,
    0.341117014418,0.366970636924,0.379354317147,0.392882488226,
    0.442659822684,0.468733479667,0.569290211317,0.66812765277,
    0.768610882313,0.824226054032,0.853027933743,0.881746407146,
    0.939285557469,0.968394992836,0.984181682693,1.),.UNSPECIFIED.);
#6177 = CARTESIAN_POINT('',(18.817077108489,-8.179943494273));
#6178 = CARTESIAN_POINT('',(18.710256958575,-8.203241585664));
#6179 = CARTESIAN_POINT('',(18.603460372783,-8.226927787983));
#6180 = CARTESIAN_POINT('',(18.496687080703,-8.250957118783));
#6181 = CARTESIAN_POINT('',(18.389936613592,-8.275284856767));
#6182 = CARTESIAN_POINT('',(18.283208304373,-8.299866541793));
#6183 = CARTESIAN_POINT('',(18.176501287636,-8.324657974869));
#6184 = CARTESIAN_POINT('',(18.069814499635,-8.349615218155));
#6185 = CARTESIAN_POINT('',(17.822504357951,-8.407761940891));
#6186 = CARTESIAN_POINT('',(17.681895483317,-8.441041388467));
#6187 = CARTESIAN_POINT('',(17.541316965605,-8.47443257227));
#6188 = CARTESIAN_POINT('',(17.400765878507,-8.50783534263));
#6189 = CARTESIAN_POINT('',(17.260239450113,-8.541149486694));
#6190 = CARTESIAN_POINT('',(17.119735054828,-8.574274449484));
#6191 = CARTESIAN_POINT('',(16.979250205296,-8.607109054963));
#6192 = CARTESIAN_POINT('',(16.732622247148,-8.664069828805));
#6193 = CARTESIAN_POINT('',(16.626472044416,-8.688364157797));
#6194 = CARTESIAN_POINT('',(16.520330993709,-8.712390254786));
#6195 = CARTESIAN_POINT('',(16.414198455899,-8.736103685638));
#6196 = CARTESIAN_POINT('',(16.308074095148,-8.759459541359));
#6197 = CARTESIAN_POINT('',(16.201957878902,-8.782412438101));
#6198 = CARTESIAN_POINT('',(16.095850077892,-8.804916517159));
#6199 = CARTESIAN_POINT('',(15.932039394776,-8.838897081499));
#6200 = CARTESIAN_POINT('',(15.874360118691,-8.850712982011));
#6201 = CARTESIAN_POINT('',(15.816710547214,-8.862384917102));
#6202 = CARTESIAN_POINT('',(15.759089349081,-8.873959954701));
#6203 = CARTESIAN_POINT('',(15.701493107245,-8.88543852779));
#6204 = CARTESIAN_POINT('',(15.643920396855,-8.896864677064));
#6205 = CARTESIAN_POINT('',(15.586368426426,-8.90825381608));
#6206 = CARTESIAN_POINT('',(15.471301668716,-8.931014206813));
#6207 = CARTESIAN_POINT('',(15.413786855546,-8.942385037183));
#6208 = CARTESIAN_POINT('',(15.356288298857,-8.953771589568));
#6209 = CARTESIAN_POINT('',(15.298803688979,-8.96519895107));
#6210 = CARTESIAN_POINT('',(15.241330716242,-8.976692208793));
#6211 = CARTESIAN_POINT('',(15.183867070976,-8.98827644984));
#6212 = CARTESIAN_POINT('',(15.12641044351,-8.999976761313));
#6213 = CARTESIAN_POINT('',(14.953675002686,-9.035579425104));
#6214 = CARTESIAN_POINT('',(14.838456343519,-9.059899577009));
#6215 = CARTESIAN_POINT('',(14.723311010273,-9.084974824386));
#6216 = CARTESIAN_POINT('',(14.608250970094,-9.110999469148));
#6217 = CARTESIAN_POINT('',(14.493291598781,-9.138164487745));
#6218 = CARTESIAN_POINT('',(14.378451585889,-9.166656042154));
#6219 = CARTESIAN_POINT('',(14.263752839835,-9.196653990852));
#6220 = CARTESIAN_POINT('',(14.022900596576,-9.263266853548));
#6221 = CARTESIAN_POINT('',(13.896784158471,-9.300244696065));
#6222 = CARTESIAN_POINT('',(13.770906843666,-9.339493848358));
#6223 = CARTESIAN_POINT('',(13.645311415607,-9.381231626395));
#6224 = CARTESIAN_POINT('',(13.520047245687,-9.425659240469));
#6225 = CARTESIAN_POINT('',(13.395169922723,-9.472958294535));
#6226 = CARTESIAN_POINT('',(13.270740862438,-9.523287285562));
#6227 = CARTESIAN_POINT('',(13.103209575348,-9.595606712054));
#6228 = CARTESIAN_POINT('',(13.059561275025,-9.614875295615));
#6229 = CARTESIAN_POINT('',(13.015887670941,-9.634535039898));
#6230 = CARTESIAN_POINT('',(12.972194261666,-9.654535874319));
#6231 = CARTESIAN_POINT('',(12.928486458767,-9.674827008222));
#6232 = CARTESIAN_POINT('',(12.884769656209,-9.695357467722));
#6233 = CARTESIAN_POINT('',(12.841049299753,-9.716076632557));
#6234 = CARTESIAN_POINT('',(12.748755011545,-9.760110488122));
#6235 = CARTESIAN_POINT('',(12.700181489309,-9.783457429192));
#6236 = CARTESIAN_POINT('',(12.651617880142,-9.806906393439));
#6237 = CARTESIAN_POINT('',(12.603071674534,-9.830388178172));
#6238 = CARTESIAN_POINT('',(12.554550362978,-9.853833580695));
#6239 = CARTESIAN_POINT('',(12.506061435966,-9.877173398315));
#6240 = CARTESIAN_POINT('',(12.457612383988,-9.900338428338));
#6241 = CARTESIAN_POINT('',(12.236982096303,-10.00481982063));
#6242 = CARTESIAN_POINT('',(12.064905400977,-10.08350301136));
#6243 = CARTESIAN_POINT('',(11.891951803624,-10.1568120355));
#6244 = CARTESIAN_POINT('',(11.71766302829,-10.22179266866));
#6245 = CARTESIAN_POINT('',(11.542098886746,-10.27462861897));
#6246 = CARTESIAN_POINT('',(11.365820921051,-10.31067927045));
#6247 = CARTESIAN_POINT('',(11.189886802513,-10.32462337037));
#6248 = CARTESIAN_POINT('',(10.984381201736,-10.30959031319));
#6249 = CARTESIAN_POINT('',(10.952922317816,-10.30641758503));
#6250 = CARTESIAN_POINT('',(10.921566108874,-10.30233452768));
#6251 = CARTESIAN_POINT('',(10.890329870775,-10.29731405893));
#6252 = CARTESIAN_POINT('',(10.859229656598,-10.29134703686));
#6253 = CARTESIAN_POINT('',(10.828280276635,-10.28444225984));
#6254 = CARTESIAN_POINT('',(10.797495298395,-10.27662646651));
#6255 = CARTESIAN_POINT('',(10.662635736653,-10.23837311075));
#6256 = CARTESIAN_POINT('',(10.560483615949,-10.19868428232));
#6257 = CARTESIAN_POINT('',(10.460808978056,-10.14992017422));
#6258 = CARTESIAN_POINT('',(10.363851208368,-10.09318965707));
#6259 = CARTESIAN_POINT('',(10.269743629876,-10.02954425821));
#6260 = CARTESIAN_POINT('',(10.178533226764,-9.959918145026));
#6261 = CARTESIAN_POINT('',(10.090194390846,-9.885102798679));
#6262 = CARTESIAN_POINT('',(9.9378505618,-9.743754992415));
#6263 = CARTESIAN_POINT('',(9.872777134627,-9.6790220684));
#6264 = CARTESIAN_POINT('',(9.809395867228,-9.611842882021));
#6265 = CARTESIAN_POINT('',(9.747680226619,-9.542498746442));
#6266 = CARTESIAN_POINT('',(9.687604998304,-9.471240660342));
#6267 = CARTESIAN_POINT('',(9.629146450632,-9.398292138529));
#6268 = CARTESIAN_POINT('',(9.572282499158,-9.32385204254));
#6269 = CARTESIAN_POINT('',(9.474187957163,-9.189448609052));
#6270 = CARTESIAN_POINT('',(9.432329571263,-9.13001580081));
#6271 = CARTESIAN_POINT('',(9.391410045915,-9.069883420497));
#6272 = CARTESIAN_POINT('',(9.351424562123,-9.009131341446));
#6273 = CARTESIAN_POINT('',(9.312371250245,-8.947835781498));
#6274 = CARTESIAN_POINT('',(9.274251290968,-8.886070208156));
#6275 = CARTESIAN_POINT('',(9.237069016268,-8.823906243737));
#6276 = CARTESIAN_POINT('',(9.176088108477,-8.718743058519));
#6277 = CARTESIAN_POINT('',(9.151785339055,-8.675920382376));
#6278 = CARTESIAN_POINT('',(9.127927988672,-8.632972506263));
#6279 = CARTESIAN_POINT('',(9.104515538308,-8.589909232799));
#6280 = CARTESIAN_POINT('',(9.081544435262,-8.546730737059));
#6281 = CARTESIAN_POINT('',(9.059009865054,-8.503434100582));
#6282 = CARTESIAN_POINT('',(9.036907523325,-8.460019845377));
#6283 = CARTESIAN_POINT('',(8.944774849923,-8.275001583703));
#6284 = CARTESIAN_POINT('',(8.878852848717,-8.132341022946));
#6285 = CARTESIAN_POINT('',(8.817331840913,-7.98862112793));
#6286 = CARTESIAN_POINT('',(8.760025885826,-7.843940216346));
#6287 = CARTESIAN_POINT('',(8.706707781134,-7.698389539325));
#6288 = CARTESIAN_POINT('',(8.65711619874,-7.552052239451));
#6289 = CARTESIAN_POINT('',(8.610962820624,-7.405002308781));
#6290 = CARTESIAN_POINT('',(8.535371768082,-7.145498901181));
#6291 = CARTESIAN_POINT('',(8.504597558508,-7.033322108367));
#6292 = CARTESIAN_POINT('',(8.475482538387,-6.920799117115));
#6293 = CARTESIAN_POINT('',(8.447886412264,-6.807953160207));
#6294 = CARTESIAN_POINT('',(8.421664188482,-6.694804612993));
#6295 = CARTESIAN_POINT('',(8.396667470842,-6.581370851885));
#6296 = CARTESIAN_POINT('',(8.372745750258,-6.467666112846));
#6297 = CARTESIAN_POINT('',(8.338731810949,-6.299113131892));
#6298 = CARTESIAN_POINT('',(8.327925370538,-6.244465357294));
#6299 = CARTESIAN_POINT('',(8.31732553929,-6.189760004709));
#6300 = CARTESIAN_POINT('',(8.306887873284,-6.134996680652));
#6301 = CARTESIAN_POINT('',(8.296608789328,-6.080177357506));
#6302 = CARTESIAN_POINT('',(8.286500436084,-6.025304720901));
#6303 = CARTESIAN_POINT('',(8.276550026249,-5.97037977157));
#6304 = CARTESIAN_POINT('',(8.256056164853,-5.855348090777));
#6305 = CARTESIAN_POINT('',(8.245538243466,-5.7952060568));
#6306 = CARTESIAN_POINT('',(8.235197372507,-5.734980840841));
#6307 = CARTESIAN_POINT('',(8.225029000247,-5.674675058881));
#6308 = CARTESIAN_POINT('',(8.215028574958,-5.614291326901));
#6309 = CARTESIAN_POINT('',(8.205191544912,-5.553832260884));
#6310 = CARTESIAN_POINT('',(8.19551335838,-5.493300476809));
#6311 = CARTESIAN_POINT('',(8.15094599092,-5.209712028914));
#6312 = CARTESIAN_POINT('',(8.118039072182,-4.986079082271));
#6313 = CARTESIAN_POINT('',(8.087026180188,-4.761897976917));
#6314 = CARTESIAN_POINT('',(8.057669069699,-4.537261958304));
#6315 = CARTESIAN_POINT('',(8.029732979163,-4.31225957778));
#6316 = CARTESIAN_POINT('',(8.002985832419,-4.086974979211));
#6317 = CARTESIAN_POINT('',(7.977197440397,-3.861488185604));
#6318 = CARTESIAN_POINT('',(7.939012790488,-3.517698090404));
#6319 = CARTESIAN_POINT('',(7.926087080386,-3.399486683521));
#6320 = CARTESIAN_POINT('',(7.913328730875,-3.281252318284));
#6321 = CARTESIAN_POINT('',(7.90070491079,-3.163006095408));
#6322 = CARTESIAN_POINT('',(7.888182799447,-3.04475906312));
#6323 = CARTESIAN_POINT('',(7.875729586637,-2.926522217165));
#6324 = CARTESIAN_POINT('',(7.863312472628,-2.808306500802));
#6325 = CARTESIAN_POINT('',(7.803023082281,-2.234330730386));
#6326 = CARTESIAN_POINT('',(7.755210797322,-1.779010513843));
#6327 = CARTESIAN_POINT('',(7.707449495525,-1.324082349824));
#6328 = CARTESIAN_POINT('',(7.6597275709,-0.869464963042));
#6329 = CARTESIAN_POINT('',(7.612032921193,-0.415076041678));
#6330 = CARTESIAN_POINT('',(7.564352722133,3.916742338623E-02));
#6331 = CARTESIAN_POINT('',(7.516674183993,0.493348893516));
#6332 = CARTESIAN_POINT('',(7.422113750811,1.393989532493));
#6333 = CARTESIAN_POINT('',(7.345144573982,2.127057715077));
#6334 = CARTESIAN_POINT('',(7.26905594643,2.851387338453));
#6335 = CARTESIAN_POINT('',(7.209973057257,3.414465662183));
#6336 = CARTESIAN_POINT('',(7.172327516445,3.772813218288));
#6337 = CARTESIAN_POINT('',(7.151688429255,3.969811322171));
#6338 = CARTESIAN_POINT('',(7.136934572646,4.110165583735));
#6339 = CARTESIAN_POINT('',(7.088830260019,4.568740327633));
#6340 = CARTESIAN_POINT('',(7.064629504828,4.800034915169));
#6341 = CARTESIAN_POINT('',(7.040735958498,5.031416286147));
#6342 = CARTESIAN_POINT('',(7.017406190167,5.262855539151));
#6343 = CARTESIAN_POINT('',(6.994897323734,5.494321935947));
#6344 = CARTESIAN_POINT('',(6.973468232884,5.725782756665));
#6345 = CARTESIAN_POINT('',(6.953380736116,5.957203154986));
#6346 = CARTESIAN_POINT('',(6.924672564802,6.316588999713));
#6347 = CARTESIAN_POINT('',(6.91493686529,6.444607680227));
#6348 = CARTESIAN_POINT('',(6.905738713864,6.572595541344));
#6349 = CARTESIAN_POINT('',(6.897123608038,6.700545530946));
#6350 = CARTESIAN_POINT('',(6.889137522209,6.828450058318));
#6351 = CARTESIAN_POINT('',(6.881826907658,6.956300994153));
#6352 = CARTESIAN_POINT('',(6.87523869255,7.084089670548));
#6353 = CARTESIAN_POINT('',(6.866407054472,7.277948827869));
#6354 = CARTESIAN_POINT('',(6.863600297378,7.34407157703));
#6355 = CARTESIAN_POINT('',(6.861006603699,7.410173835146));
#6356 = CARTESIAN_POINT('',(6.858632606284,7.476254254525));
#6357 = CARTESIAN_POINT('',(6.85648497779,7.542311433135));
#6358 = CARTESIAN_POINT('',(6.854570430677,7.608343914598));
#6359 = CARTESIAN_POINT('',(6.85289571721,7.674350188193));
#6360 = CARTESIAN_POINT('',(6.850043677257,7.806116124795));
#6361 = CARTESIAN_POINT('',(6.848862545043,7.871875285411));
#6362 = CARTESIAN_POINT('',(6.847947274674,7.937609010071));
#6363 = CARTESIAN_POINT('',(6.847329044012,8.003322199304));
#6364 = CARTESIAN_POINT('',(6.847034134286,8.069018112635));
#6365 = CARTESIAN_POINT('',(6.847087688274,8.134699469608));
#6366 = CARTESIAN_POINT('',(6.847519137644,8.200370004772));
#6367 = CARTESIAN_POINT('',(6.850027229839,8.397590051539));
#6368 = CARTESIAN_POINT('',(6.853321335098,8.52911352037));
#6369 = CARTESIAN_POINT('',(6.858452056352,8.660625475591));
#6370 = CARTESIAN_POINT('',(6.865632492665,8.792141984579));
#6371 = CARTESIAN_POINT('',(6.875070301062,8.923671976461));
#6372 = CARTESIAN_POINT('',(6.886964718196,9.055216978186));
#6373 = CARTESIAN_POINT('',(6.901503582027,9.186770850578));
#6374 = CARTESIAN_POINT('',(6.927641258565,9.384870865485));
#6375 = CARTESIAN_POINT('',(6.937143226523,9.451420669284));
#6376 = CARTESIAN_POINT('',(6.947388878376,9.517966937377));
#6377 = CARTESIAN_POINT('',(6.958399633051,9.584507134093));
#6378 = CARTESIAN_POINT('',(6.970195707392,9.651038186524));
#6379 = CARTESIAN_POINT('',(6.982796116163,9.717556484518));
#6380 = CARTESIAN_POINT('',(6.996218672041,9.784057880687));
#6381 = CARTESIAN_POINT('',(7.018214211025,9.886591159816));
#6382 = CARTESIAN_POINT('',(7.026205125841,9.922685043864));
#6383 = CARTESIAN_POINT('',(7.034456911921,9.958820651511));
#6384 = CARTESIAN_POINT('',(7.042973751112,9.994999291726));
#6385 = CARTESIAN_POINT('',(7.051759825266,10.031222273478));
#6386 = CARTESIAN_POINT('',(7.06081931623,10.067490905736));
#6387 = CARTESIAN_POINT('',(7.070156405856,10.103806497467));
#6388 = CARTESIAN_POINT('',(7.089413416811,10.176607070082));
#6389 = CARTESIAN_POINT('',(7.099318514837,10.213031569887));
#6390 = CARTESIAN_POINT('',(7.109492666492,10.249443607988));
#6391 = CARTESIAN_POINT('',(7.119937792489,10.285842517009));
#6392 = CARTESIAN_POINT('',(7.130655637828,10.322227211271));
#6393 = CARTESIAN_POINT('',(7.141647771797,10.358596186792));
#6394 = CARTESIAN_POINT('',(7.152915587975,10.394947521283));
#6395 = CARTESIAN_POINT('',(7.164460304228,10.431278874152));
#6396 = ( GEOMETRIC_REPRESENTATION_CONTEXT(2) 
PARAMETRIC_REPRESENTATION_CONTEXT() REPRESENTATION_CONTEXT('2D SPACE',''
  ) );
#6397 = PCURVE('',#6398,#6433);
#6398 = B_SPLINE_SURFACE_WITH_KNOTS('',3,1,(
    (#6399,#6400)
    ,(#6401,#6402)
    ,(#6403,#6404)
    ,(#6405,#6406)
    ,(#6407,#6408)
    ,(#6409,#6410)
    ,(#6411,#6412)
    ,(#6413,#6414)
    ,(#6415,#6416)
    ,(#6417,#6418)
    ,(#6419,#6420)
    ,(#6421,#6422)
    ,(#6423,#6424)
    ,(#6425,#6426)
    ,(#6427,#6428)
    ,(#6429,#6430)
    ,(#6431,#6432
    )),.UNSPECIFIED.,.F.,.F.,.F.,(4,1,1,1,1,1,1,1,1,1,1,1,1,1,4),(2,2),(
    0.,3.020347662108,6.053909924531,8.500463623104,10.890155025775,
    13.5584878386,17.059916118603,20.559916118603,24.059916118603,
    27.561344398605,30.22967721143,32.619368614101,35.065922312674,
    38.099484575098,41.119832237205),(0.,1.),.UNSPECIFIED.);
#6399 = CARTESIAN_POINT('',(-16.61461362917,2.1,-20.));
#6400 = CARTESIAN_POINT('',(7.84384088752,2.1,60.));
#6401 = CARTESIAN_POINT('',(-17.61518727237,2.206854020275,-20.));
#6402 = CARTESIAN_POINT('',(6.84326724432,2.206854020275,60.));
#6403 = CARTESIAN_POINT('',(-19.63634506035,2.503114404475,-20.));
#6404 = CARTESIAN_POINT('',(4.822109456343,2.503114404475,60.));
#6405 = CARTESIAN_POINT('',(-22.37660720078,2.623125592086,-20.));
#6406 = CARTESIAN_POINT('',(2.08184731591,2.623125592086,60.));
#6407 = CARTESIAN_POINT('',(-25.1421494418,3.992963864358,-20.));
#6408 = CARTESIAN_POINT('',(-0.683694925111,3.992963864358,60.));
#6409 = CARTESIAN_POINT('',(-26.88486760119,1.492176654313,-20.));
#6410 = CARTESIAN_POINT('',(-2.426413084503,1.492176654313,60.));
#6411 = CARTESIAN_POINT('',(-27.31423241803,-1.24663730939,-20.));
#6412 = CARTESIAN_POINT('',(-2.855777901339,-1.24663730939,60.));
#6413 = CARTESIAN_POINT('',(-27.3147348616,-4.507743511013,-20.));
#6414 = CARTESIAN_POINT('',(-2.856280344908,-4.507743511013,60.));
#6415 = CARTESIAN_POINT('',(-27.31455302532,-8.,-20.));
#6416 = CARTESIAN_POINT('',(-2.856098508632,-8.,60.));
#6417 = CARTESIAN_POINT('',(-27.3147348616,-11.49225648898,-20.));
#6418 = CARTESIAN_POINT('',(-2.856280344908,-11.49225648898,60.));
#6419 = CARTESIAN_POINT('',(-27.31423241803,-14.75336269061,-20.));
#6420 = CARTESIAN_POINT('',(-2.855777901339,-14.75336269061,60.));
#6421 = CARTESIAN_POINT('',(-26.88486760119,-17.49217665431,-20.));
#6422 = CARTESIAN_POINT('',(-2.426413084503,-17.49217665431,60.));
#6423 = CARTESIAN_POINT('',(-25.1421494418,-19.99296386435,-20.));
#6424 = CARTESIAN_POINT('',(-0.683694925111,-19.99296386435,60.));
#6425 = CARTESIAN_POINT('',(-22.37660720078,-18.62312559208,-20.));
#6426 = CARTESIAN_POINT('',(2.08184731591,-18.62312559208,60.));
#6427 = CARTESIAN_POINT('',(-19.63634506035,-18.50311440447,-20.));
#6428 = CARTESIAN_POINT('',(4.822109456343,-18.50311440447,60.));
#6429 = CARTESIAN_POINT('',(-17.61518727237,-18.20685402027,-20.));
#6430 = CARTESIAN_POINT('',(6.84326724432,-18.20685402027,60.));
#6431 = CARTESIAN_POINT('',(-16.61461362917,-18.1,-20.));
#6432 = CARTESIAN_POINT('',(7.84384088752,-18.1,60.));
#6433 = DEFINITIONAL_REPRESENTATION('',(#6434),#6654);
#6434 = B_SPLINE_CURVE_WITH_KNOTS('',8,(#6435,#6436,#6437,#6438,#6439,
    #6440,#6441,#6442,#6443,#6444,#6445,#6446,#6447,#6448,#6449,#6450,
    #6451,#6452,#6453,#6454,#6455,#6456,#6457,#6458,#6459,#6460,#6461,
    #6462,#6463,#6464,#6465,#6466,#6467,#6468,#6469,#6470,#6471,#6472,
    #6473,#6474,#6475,#6476,#6477,#6478,#6479,#6480,#6481,#6482,#6483,
    #6484,#6485,#6486,#6487,#6488,#6489,#6490,#6491,#6492,#6493,#6494,
    #6495,#6496,#6497,#6498,#6499,#6500,#6501,#6502,#6503,#6504,#6505,
    #6506,#6507,#6508,#6509,#6510,#6511,#6512,#6513,#6514,#6515,#6516,
    #6517,#6518,#6519,#6520,#6521,#6522,#6523,#6524,#6525,#6526,#6527,
    #6528,#6529,#6530,#6531,#6532,#6533,#6534,#6535,#6536,#6537,#6538,
    #6539,#6540,#6541,#6542,#6543,#6544,#6545,#6546,#6547,#6548,#6549,
    #6550,#6551,#6552,#6553,#6554,#6555,#6556,#6557,#6558,#6559,#6560,
    #6561,#6562,#6563,#6564,#6565,#6566,#6567,#6568,#6569,#6570,#6571,
    #6572,#6573,#6574,#6575,#6576,#6577,#6578,#6579,#6580,#6581,#6582,
    #6583,#6584,#6585,#6586,#6587,#6588,#6589,#6590,#6591,#6592,#6593,
    #6594,#6595,#6596,#6597,#6598,#6599,#6600,#6601,#6602,#6603,#6604,
    #6605,#6606,#6607,#6608,#6609,#6610,#6611,#6612,#6613,#6614,#6615,
    #6616,#6617,#6618,#6619,#6620,#6621,#6622,#6623,#6624,#6625,#6626,
    #6627,#6628,#6629,#6630,#6631,#6632,#6633,#6634,#6635,#6636,#6637,
    #6638,#6639,#6640,#6641,#6642,#6643,#6644,#6645,#6646,#6647,#6648,
    #6649,#6650,#6651,#6652,#6653),.UNSPECIFIED.,.F.,.F.,(9,7,7,7,7,7,7,
    7,7,7,7,7,7,7,7,7,7,7,7,7,7,7,7,7,7,7,7,7,7,7,7,9),(0.,
    2.468641717064E-02,5.723564287068E-02,8.18351517456E-02,
    9.521592074985E-02,0.108596689972,0.135446657979,0.165059947368,
    0.175483737473,0.187065728316,0.228278136987,0.235750800575,
    0.261202596156,0.281073989831,0.296458309142,0.306963263361,
    0.341117014418,0.366970636924,0.379354317147,0.392882488226,
    0.442659822684,0.468733479667,0.569290211317,0.66812765277,
    0.768610882313,0.824226054032,0.853027933743,0.881746407146,
    0.939285557469,0.968394992836,0.984181682693,1.),.UNSPECIFIED.);
#6435 = CARTESIAN_POINT('',(41.119832237205,0.508904023874));
#6436 = CARTESIAN_POINT('',(41.006605655301,0.509116518411));
#6437 = CARTESIAN_POINT('',(40.893436876029,0.509329046364));
#6438 = CARTESIAN_POINT('',(40.780318238442,0.509541599075));
#6439 = CARTESIAN_POINT('',(40.667241894242,0.509754168325));
#6440 = CARTESIAN_POINT('',(40.554199807784,0.509966746332));
#6441 = CARTESIAN_POINT('',(40.441183756073,0.510179325757));
#6442 = CARTESIAN_POINT('',(40.328185328764,0.510391899696));
#6443 = CARTESIAN_POINT('',(40.066218558285,0.51088472626));
#6444 = CARTESIAN_POINT('',(39.917257362754,0.511164969097));
#6445 = CARTESIAN_POINT('',(39.768292375902,0.511445175711));
#6446 = CARTESIAN_POINT('',(39.619303804843,0.511725331345));
#6447 = CARTESIAN_POINT('',(39.470271974557,0.512005420929));
#6448 = CARTESIAN_POINT('',(39.321177272982,0.512285429039));
#6449 = CARTESIAN_POINT('',(39.172000096098,0.512565339853));
#6450 = CARTESIAN_POINT('',(38.909900980509,0.513056597606));
#6451 = CARTESIAN_POINT('',(38.797023120482,0.513267992674));
#6452 = CARTESIAN_POINT('',(38.684078829218,0.513479315178));
#6453 = CARTESIAN_POINT('',(38.571059965983,0.513690557289));
#6454 = CARTESIAN_POINT('',(38.45795863303,0.513901710489));
#6455 = CARTESIAN_POINT('',(38.344767175601,0.514112765576));
#6456 = CARTESIAN_POINT('',(38.231478181928,0.514323712661));
#6457 = CARTESIAN_POINT('',(38.056404597805,0.514649220185));
#6458 = CARTESIAN_POINT('',(37.994725377625,0.514763804017));
#6459 = CARTESIAN_POINT('',(37.933044653779,0.514878300686));
#6460 = CARTESIAN_POINT('',(37.871366027554,0.514992722393));
#6461 = CARTESIAN_POINT('',(37.809685448718,0.515107075871));
#6462 = CARTESIAN_POINT('',(37.748006067684,0.515221372883));
#6463 = CARTESIAN_POINT('',(37.686326243462,0.515335622004));
#6464 = CARTESIAN_POINT('',(37.562966747711,0.515564044282));
#6465 = CARTESIAN_POINT('',(37.501286999339,0.515678217404));
#6466 = CARTESIAN_POINT('',(37.439607250971,0.515792362121));
#6467 = CARTESIAN_POINT('',(37.377927502608,0.515906488048));
#6468 = CARTESIAN_POINT('',(37.316247754249,0.516020604797));
#6469 = CARTESIAN_POINT('',(37.254568005894,0.516134721983));
#6470 = CARTESIAN_POINT('',(37.192888257544,0.51624884922));
#6471 = CARTESIAN_POINT('',(37.007441389215,0.516592044289));
#6472 = CARTESIAN_POINT('',(36.883723558217,0.516821080441));
#6473 = CARTESIAN_POINT('',(36.760084146778,0.517050128163));
#6474 = CARTESIAN_POINT('',(36.636556040611,0.517279203856));
#6475 = CARTESIAN_POINT('',(36.513175643485,0.517508316609));
#6476 = CARTESIAN_POINT('',(36.389982640144,0.517737468085));
#6477 = CARTESIAN_POINT('',(36.267019759223,0.517966652402));
#6478 = CARTESIAN_POINT('',(36.009018697444,0.518448648589));
#6479 = CARTESIAN_POINT('',(35.874041317288,0.518701462491));
#6480 = CARTESIAN_POINT('',(35.739463783829,0.518954275103));
#6481 = CARTESIAN_POINT('',(35.605356157393,0.519207047632));
#6482 = CARTESIAN_POINT('',(35.471794410585,0.519459725146));
#6483 = CARTESIAN_POINT('',(35.338859668372,0.519712236617));
#6484 = CARTESIAN_POINT('',(35.206637448162,0.51996449497));
#6485 = CARTESIAN_POINT('',(35.028957256364,0.520305065932));
#6486 = CARTESIAN_POINT('',(34.982697272371,0.520393884781));
#6487 = CARTESIAN_POINT('',(34.936437355497,0.520482832705));
#6488 = CARTESIAN_POINT('',(34.890177592266,0.520571888786));
#6489 = CARTESIAN_POINT('',(34.843917888162,0.520661032131));
#6490 = CARTESIAN_POINT('',(34.797658107649,0.520750241843));
#6491 = CARTESIAN_POINT('',(34.751398214194,0.520839496994));
#6492 = CARTESIAN_POINT('',(34.653738620012,0.521027976191));
#6493 = CARTESIAN_POINT('',(34.602338829722,0.521127206025));
#6494 = CARTESIAN_POINT('',(34.550939039414,0.52122643741));
#6495 = CARTESIAN_POINT('',(34.49953924909,0.521325641651));
#6496 = CARTESIAN_POINT('',(34.44813945875,0.521424790052));
#6497 = CARTESIAN_POINT('',(34.396739668393,0.521523853915));
#6498 = CARTESIAN_POINT('',(34.345339878019,0.521622804544));
#6499 = CARTESIAN_POINT('',(34.111043278618,0.522073206033));
#6500 = CARTESIAN_POINT('',(33.927670923987,0.522423915962));
#6501 = CARTESIAN_POINT('',(33.742366219679,0.52277523397));
#6502 = CARTESIAN_POINT('',(33.554242398049,0.52312744811));
#6503 = CARTESIAN_POINT('',(33.362882592609,0.523479662873));
#6504 = CARTESIAN_POINT('',(33.168331887952,0.523829838707));
#6505 = CARTESIAN_POINT('',(32.971114610173,0.52417483225));
#6506 = CARTESIAN_POINT('',(32.736494482148,0.524571418305));
#6507 = CARTESIAN_POINT('',(32.700458590893,0.524631949935));
#6508 = CARTESIAN_POINT('',(32.664417373948,0.524692096022));
#6509 = CARTESIAN_POINT('',(32.628387869932,0.524751817401));
#6510 = CARTESIAN_POINT('',(32.592385394677,0.524811080987));
#6511 = CARTESIAN_POINT('',(32.556423541226,0.524869859774));
#6512 = CARTESIAN_POINT('',(32.520514179835,0.524928132834));
#6513 = CARTESIAN_POINT('',(32.362573986702,0.525182589557));
#6514 = CARTESIAN_POINT('',(32.241267236051,0.525373145649));
#6515 = CARTESIAN_POINT('',(32.121047464169,0.525557030735));
#6516 = CARTESIAN_POINT('',(32.002084868119,0.525734005674));
#6517 = CARTESIAN_POINT('',(31.88445034097,0.525904025882));
#6518 = CARTESIAN_POINT('',(31.768127425233,0.526067190721));
#6519 = CARTESIAN_POINT('',(31.653012633575,0.526223711592));
#6520 = CARTESIAN_POINT('',(31.449827126642,0.526491121437));
#6521 = CARTESIAN_POINT('',(31.361387858754,0.526604455659));
#6522 = CARTESIAN_POINT('',(31.273517946375,0.526713999603));
#6523 = CARTESIAN_POINT('',(31.186140988076,0.526819862303));
#6524 = CARTESIAN_POINT('',(31.099177399695,0.526922144045));
#6525 = CARTESIAN_POINT('',(31.012542075397,0.527020936615));
#6526 = CARTESIAN_POINT('',(30.926142048713,0.527116323566));
#6527 = CARTESIAN_POINT('',(30.773086042693,0.527279650395));
#6528 = CARTESIAN_POINT('',(30.706381613328,0.527348919496));
#6529 = CARTESIAN_POINT('',(30.639715398517,0.527416219919));
#6530 = CARTESIAN_POINT('',(30.573041923331,0.527481577346));
#6531 = CARTESIAN_POINT('',(30.506314824333,0.527545010974));
#6532 = CARTESIAN_POINT('',(30.439485969004,0.527606533506));
#6533 = CARTESIAN_POINT('',(30.37250457517,0.527666151143));
#6534 = CARTESIAN_POINT('',(30.259437834238,0.527763271637));
#6535 = CARTESIAN_POINT('',(30.213462103337,0.527801790955));
#6536 = CARTESIAN_POINT('',(30.167368466847,0.527839418486));
#6537 = CARTESIAN_POINT('',(30.121153742491,0.52787615724));
#6538 = CARTESIAN_POINT('',(30.074825190453,0.527912014162));
#6539 = CARTESIAN_POINT('',(30.028393467233,0.527946998018));
#6540 = CARTESIAN_POINT('',(29.981865579505,0.527981117286));
#6541 = CARTESIAN_POINT('',(29.78364152982,0.528122515555));
#6542 = CARTESIAN_POINT('',(29.631019129102,0.52822158919));
#6543 = CARTESIAN_POINT('',(29.477520750964,0.528311887738));
#6544 = CARTESIAN_POINT('',(29.323290611453,0.528393792879));
#6545 = CARTESIAN_POINT('',(29.168465466353,0.528467765096));
#6546 = CARTESIAN_POINT('',(29.013173050015,0.528534329578));
#6547 = CARTESIAN_POINT('',(28.857530514191,0.528594062139));
#6548 = CARTESIAN_POINT('',(28.583639418857,0.528688083242));
#6549 = CARTESIAN_POINT('',(28.465495152997,0.528725027494));
#6550 = CARTESIAN_POINT('',(28.347253868765,0.528758674364));
#6551 = CARTESIAN_POINT('',(28.228956091366,0.528789301436));
#6552 = CARTESIAN_POINT('',(28.110638906908,0.528817194841));
#6553 = CARTESIAN_POINT('',(27.992335797583,0.528842646718));
#6554 = CARTESIAN_POINT('',(27.874076476836,0.528865952677));
#6555 = CARTESIAN_POINT('',(27.699274770169,0.528897686781));
#6556 = CARTESIAN_POINT('',(27.642679612555,0.528907544834));
#6557 = CARTESIAN_POINT('',(27.586100881817,0.528916989329));
#6558 = CARTESIAN_POINT('',(27.529547795269,0.528926106618));
#6559 = CARTESIAN_POINT('',(27.473020102115,0.528934904072));
#6560 = CARTESIAN_POINT('',(27.416513734353,0.528943358614));
#6561 = CARTESIAN_POINT('',(27.360030176881,0.528951495316));
#6562 = CARTESIAN_POINT('',(27.241888821429,0.528967864044));
#6563 = CARTESIAN_POINT('',(27.180209073059,0.528976039213));
#6564 = CARTESIAN_POINT('',(27.11852932469,0.528983853081));
#6565 = CARTESIAN_POINT('',(27.056849576322,0.528991315034));
#6566 = CARTESIAN_POINT('',(26.995169827955,0.528998434458));
#6567 = CARTESIAN_POINT('',(26.933490079589,0.529005220739));
#6568 = CARTESIAN_POINT('',(26.871810331223,0.529011683263));
#6569 = CARTESIAN_POINT('',(26.583177992913,0.529040453742));
#6570 = CARTESIAN_POINT('',(26.356533527852,0.529058789045));
#6571 = CARTESIAN_POINT('',(26.130159879393,0.529073329035));
#6572 = CARTESIAN_POINT('',(25.904017172692,0.529084556074));
#6573 = CARTESIAN_POINT('',(25.67806277933,0.529092944794));
#6574 = CARTESIAN_POINT('',(25.452251130311,0.529098963703));
#6575 = CARTESIAN_POINT('',(25.226533529041,0.529103076798));
#6576 = CARTESIAN_POINT('',(24.882647792402,0.529107142888));
#6577 = CARTESIAN_POINT('',(24.764449590516,0.529108144293));
#6578 = CARTESIAN_POINT('',(24.646256120924,0.529108815538));
#6579 = CARTESIAN_POINT('',(24.528060079979,0.529109222736));
#6580 = CARTESIAN_POINT('',(24.409854098123,0.529109431972));
#6581 = CARTESIAN_POINT('',(24.291630739889,0.529109509298));
#6582 = CARTESIAN_POINT('',(24.173382503899,0.529109520736));
#6583 = CARTESIAN_POINT('',(23.598935712005,0.529109576775));
#6584 = CARTESIAN_POINT('',(23.142291748279,0.529109594514));
#6585 = CARTESIAN_POINT('',(22.68525174226,0.52910959315));
#6586 = CARTESIAN_POINT('',(22.22789853816,0.529109578661));
#6587 = CARTESIAN_POINT('',(21.770315709243,0.529109557776));
#6588 = CARTESIAN_POINT('',(21.312587244383,0.529109538486));
#6589 = CARTESIAN_POINT('',(20.854797225773,0.529109528625));
#6590 = CARTESIAN_POINT('',(19.947088551289,0.529109536334));
#6591 = CARTESIAN_POINT('',(19.20835785277,0.529109547626));
#6592 = CARTESIAN_POINT('',(18.478365786104,0.529109630669));
#6593 = CARTESIAN_POINT('',(17.913664486116,0.529109565357));
#6594 = CARTESIAN_POINT('',(17.554646963233,0.529109610754));
#6595 = CARTESIAN_POINT('',(17.357254197637,0.529109526446));
#6596 = CARTESIAN_POINT('',(17.216626282338,0.529109562117));
#6597 = CARTESIAN_POINT('',(16.757814015762,0.529109483281));
#6598 = CARTESIAN_POINT('',(16.526625343807,0.529109323028));
#6599 = CARTESIAN_POINT('',(16.295490066601,0.529108547614));
#6600 = CARTESIAN_POINT('',(16.064352222632,0.529106663978));
#6601 = CARTESIAN_POINT('',(15.833157893771,0.529103178358));
#6602 = CARTESIAN_POINT('',(15.601854940248,0.529097593991));
#6603 = CARTESIAN_POINT('',(15.370392735622,0.529089408823));
#6604 = CARTESIAN_POINT('',(15.010497388397,0.529071861348));
#6605 = CARTESIAN_POINT('',(14.882209505566,0.529064656609));
#6606 = CARTESIAN_POINT('',(14.753850135296,0.52905641277));
#6607 = CARTESIAN_POINT('',(14.625411577516,0.52904704279));
#6608 = CARTESIAN_POINT('',(14.496886550041,0.52903645881));
#6609 = CARTESIAN_POINT('',(14.368268188576,0.529024572155));
#6610 = CARTESIAN_POINT('',(14.239550046713,0.52901129333));
#6611 = CARTESIAN_POINT('',(14.044010992485,0.52898888747));
#6612 = CARTESIAN_POINT('',(13.977267538597,0.528980845302));
#6613 = CARTESIAN_POINT('',(13.910494908629,0.528972392965));
#6614 = CARTESIAN_POINT('',(13.843692320611,0.528963517833));
#6615 = CARTESIAN_POINT('',(13.776859036239,0.528954207218));
#6616 = CARTESIAN_POINT('',(13.709994360878,0.528944448362));
#6617 = CARTESIAN_POINT('',(13.643097643557,0.528934228442));
#6618 = CARTESIAN_POINT('',(13.509432728692,0.528912871664));
#6619 = CARTESIAN_POINT('',(13.442664166192,0.528901742311));
#6620 = CARTESIAN_POINT('',(13.375865929452,0.528890101117));
#6621 = CARTESIAN_POINT('',(13.30904350261,0.528877886451));
#6622 = CARTESIAN_POINT('',(13.242201567301,0.528865046536));
#6623 = CARTESIAN_POINT('',(13.175344838001,0.528851531922));
#6624 = CARTESIAN_POINT('',(13.108479298443,0.528837284607));
#6625 = CARTESIAN_POINT('',(12.90763480424,0.528792139687));
#6626 = CARTESIAN_POINT('',(12.773647080489,0.528758879747));
#6627 = CARTESIAN_POINT('',(12.639692615091,0.528722050413));
#6628 = CARTESIAN_POINT('',(12.505824092633,0.528681233982));
#6629 = CARTESIAN_POINT('',(12.372101093808,0.528636024791));
#6630 = CARTESIAN_POINT('',(12.238589635129,0.528586035065));
#6631 = CARTESIAN_POINT('',(12.105361708637,0.528530900761));
#6632 = CARTESIAN_POINT('',(11.905276587801,0.528439622722));
#6633 = CARTESIAN_POINT('',(11.83815092773,0.528407556062));
#6634 = CARTESIAN_POINT('',(11.771128104753,0.528374043852));
#6635 = CARTESIAN_POINT('',(11.704218685661,0.528339044952));
#6636 = CARTESIAN_POINT('',(11.637433540686,0.528302520676));
#6637 = CARTESIAN_POINT('',(11.570783843501,0.528264434781));
#6638 = CARTESIAN_POINT('',(11.50428107122,0.528224753472));
#6639 = CARTESIAN_POINT('',(11.40195715135,0.528161043125));
#6640 = CARTESIAN_POINT('',(11.365977298307,0.5281381334));
#6641 = CARTESIAN_POINT('',(11.329997445271,0.528114707829));
#6642 = CARTESIAN_POINT('',(11.294017592241,0.528090758012));
#6643 = CARTESIAN_POINT('',(11.258037739218,0.528066275549));
#6644 = CARTESIAN_POINT('',(11.222057886201,0.52804125204));
#6645 = CARTESIAN_POINT('',(11.18607803319,0.528015679086));
#6646 = CARTESIAN_POINT('',(11.114046244247,0.527963365134));
#6647 = CARTESIAN_POINT('',(11.078053290786,0.527936665313));
#6648 = CARTESIAN_POINT('',(11.042122096869,0.527909444796));
#6649 = CARTESIAN_POINT('',(11.006255024006,0.527881699985));
#6650 = CARTESIAN_POINT('',(10.970454018152,0.527853427707));
#6651 = CARTESIAN_POINT('',(10.934720609706,0.527824625218));
#6652 = CARTESIAN_POINT('',(10.899055913511,0.5277952902));
#6653 = CARTESIAN_POINT('',(10.863460628857,0.527765420763));
#6654 = ( GEOMETRIC_REPRESENTATION_CONTEXT(2) 
PARAMETRIC_REPRESENTATION_CONTEXT() REPRESENTATION_CONTEXT('2D SPACE',''
  ) );
#6655 = ORIENTED_EDGE('',*,*,#6656,.T.);
#6656 = EDGE_CURVE('',#5951,#6657,#6659,.T.);
#6657 = VERTEX_POINT('',#6658);
#6658 = CARTESIAN_POINT('',(-16.37642057167,-8.125,22.64600790241));
#6659 = SURFACE_CURVE('',#6660,(#6664,#6671),.PCURVE_S1.);
#6660 = LINE('',#6661,#6662);
#6661 = CARTESIAN_POINT('',(-50.40578721331,-8.125,28.035730092543));
#6662 = VECTOR('',#6663,1.);
#6663 = DIRECTION('',(-0.987688340595,0.,0.15643446504));
#6664 = PCURVE('',#5081,#6665);
#6665 = DEFINITIONAL_REPRESENTATION('',(#6666),#6670);
#6666 = LINE('',#6667,#6668);
#6667 = CARTESIAN_POINT('',(-28.78310538293,-3.147567994692));
#6668 = VECTOR('',#6669,1.);
#6669 = DIRECTION('',(-0.994533904972,-0.104414136312));
#6670 = ( GEOMETRIC_REPRESENTATION_CONTEXT(2) 
PARAMETRIC_REPRESENTATION_CONTEXT() REPRESENTATION_CONTEXT('2D SPACE',''
  ) );
#6671 = PCURVE('',#6672,#6677);
#6672 = PLANE('',#6673);
#6673 = AXIS2_PLACEMENT_3D('',#6674,#6675,#6676);
#6674 = CARTESIAN_POINT('',(-100.,-8.125,-100.));
#6675 = DIRECTION('',(0.,1.,0.));
#6676 = DIRECTION('',(0.,0.,1.));
#6677 = DEFINITIONAL_REPRESENTATION('',(#6678),#6682);
#6678 = LINE('',#6679,#6680);
#6679 = CARTESIAN_POINT('',(128.03573009254,49.59421278669));
#6680 = VECTOR('',#6681,1.);
#6681 = DIRECTION('',(0.15643446504,-0.987688340595));
#6682 = ( GEOMETRIC_REPRESENTATION_CONTEXT(2) 
PARAMETRIC_REPRESENTATION_CONTEXT() REPRESENTATION_CONTEXT('2D SPACE',''
  ) );
#6683 = ORIENTED_EDGE('',*,*,#6684,.F.);
#6684 = EDGE_CURVE('',#6685,#6657,#6687,.T.);
#6685 = VERTEX_POINT('',#6686);
#6686 = CARTESIAN_POINT('',(-16.37642057167,-6.985640637136,
    22.64600790241));
#6687 = SURFACE_CURVE('',#6688,(#6692,#6699),.PCURVE_S1.);
#6688 = LINE('',#6689,#6690);
#6689 = CARTESIAN_POINT('',(-16.37642057167,-8.5625,22.64600790241));
#6690 = VECTOR('',#6691,1.);
#6691 = DIRECTION('',(-2.734506013376E-17,-1.,-8.944166154111E-17));
#6692 = PCURVE('',#5081,#6693);
#6693 = DEFINITIONAL_REPRESENTATION('',(#6694),#6698);
#6694 = LINE('',#6695,#6696);
#6695 = CARTESIAN_POINT('',(5.527796417172,1.476077239014E-02));
#6696 = VECTOR('',#6697,1.);
#6697 = DIRECTION('',(0.104414136312,-0.994533904972));
#6698 = ( GEOMETRIC_REPRESENTATION_CONTEXT(2) 
PARAMETRIC_REPRESENTATION_CONTEXT() REPRESENTATION_CONTEXT('2D SPACE',''
  ) );
#6699 = PCURVE('',#6700,#6705);
#6700 = PLANE('',#6701);
#6701 = AXIS2_PLACEMENT_3D('',#6702,#6703,#6704);
#6702 = CARTESIAN_POINT('',(-11.07077274165,-9.125,40.));
#6703 = DIRECTION('',(0.956304755963,0.,-0.292371704723));
#6704 = DIRECTION('',(0.,1.,0.));
#6705 = DEFINITIONAL_REPRESENTATION('',(#6706),#6710);
#6706 = LINE('',#6707,#6708);
#6707 = CARTESIAN_POINT('',(0.5625,-18.14692647859));
#6708 = VECTOR('',#6709,1.);
#6709 = DIRECTION('',(-1.,-9.352840816005E-17));
#6710 = ( GEOMETRIC_REPRESENTATION_CONTEXT(2) 
PARAMETRIC_REPRESENTATION_CONTEXT() REPRESENTATION_CONTEXT('2D SPACE',''
  ) );
#6711 = ORIENTED_EDGE('',*,*,#6712,.F.);
#6712 = EDGE_CURVE('',#6713,#6685,#6715,.T.);
#6713 = VERTEX_POINT('',#6714);
#6714 = CARTESIAN_POINT('',(-15.61336976769,-5.6,22.525152527881));
#6715 = SURFACE_CURVE('',#6716,(#6731,#6749),.PCURVE_S1.);
#6716 = B_SPLINE_CURVE_WITH_KNOTS('',5,(#6717,#6718,#6719,#6720,#6721,
    #6722,#6723,#6724,#6725,#6726,#6727,#6728,#6729,#6730),
  .UNSPECIFIED.,.F.,.F.,(6,4,4,6),(0.,0.320647718831,0.640106698937,1.),
  .UNSPECIFIED.);
#6717 = CARTESIAN_POINT('',(-15.61336976769,-5.6,22.525152527881));
#6718 = CARTESIAN_POINT('',(-15.61336976769,-5.706681082836,
    22.525152527881));
#6719 = CARTESIAN_POINT('',(-15.62185058374,-5.813363163658,
    22.526495757186));
#6720 = CARTESIAN_POINT('',(-15.63881157739,-5.91910352695,
    22.529182114671));
#6721 = CARTESIAN_POINT('',(-15.66412775159,-6.022964517913,
    22.533191802754));
#6722 = CARTESIAN_POINT('',(-15.73082978351,-6.224710473168,
    22.543756366748));
#6723 = CARTESIAN_POINT('',(-15.77215655807,-6.322618640488,
    22.550301884808));
#6724 = CARTESIAN_POINT('',(-15.82126378548,-6.416836553772,
    22.558079705537));
#6725 = CARTESIAN_POINT('',(-15.87776621824,-6.506481674252,
    22.567028811726));
#6726 = CARTESIAN_POINT('',(-16.0125155018,-6.685635371797,
    22.588371001587));
#6727 = CARTESIAN_POINT('',(-16.09261424002,-6.773696635837,
    22.601057395411));
#6728 = CARTESIAN_POINT('',(-16.18065790346,-6.853721710699,
    22.615002141768));
#6729 = CARTESIAN_POINT('',(-16.27566509234,-6.924652699381,
    22.630049802206));
#6730 = CARTESIAN_POINT('',(-16.37642138361,-6.985641128609,
    22.646008031009));
#6731 = PCURVE('',#5081,#6732);
#6732 = DEFINITIONAL_REPRESENTATION('',(#6733),#6748);
#6733 = B_SPLINE_CURVE_WITH_KNOTS('',5,(#6734,#6735,#6736,#6737,#6738,
    #6739,#6740,#6741,#6742,#6743,#6744,#6745,#6746,#6747),
  .UNSPECIFIED.,.F.,.F.,(6,4,4,6),(0.,0.320647718831,0.640106698937,1.),
  .UNSPECIFIED.);
#6734 = CARTESIAN_POINT('',(5.98680896749,3.041733894119));
#6735 = CARTESIAN_POINT('',(5.997947980615,2.93563594022));
#6736 = CARTESIAN_POINT('',(6.000547502239,2.828640438624));
#6737 = CARTESIAN_POINT('',(5.994509742434,2.721685019371));
#6738 = CARTESIAN_POINT('',(5.979862660147,2.615715426094));
#6739 = CARTESIAN_POINT('',(5.933763453104,2.408020783297));
#6740 = CARTESIAN_POINT('',(5.902373243727,2.306278903594));
#6741 = CARTESIAN_POINT('',(5.862763341313,2.207384590848));
#6742 = CARTESIAN_POINT('',(5.815229513946,2.112256286486));
#6743 = CARTESIAN_POINT('',(5.69825247582,1.91983674906));
#6744 = CARTESIAN_POINT('',(5.626793422465,1.823789144348));
#6745 = CARTESIAN_POINT('',(5.546495286702,1.734893899135));
#6746 = CARTESIAN_POINT('',(5.458235810868,1.654306877193));
#6747 = CARTESIAN_POINT('',(5.363149242463,1.583000297509));
#6748 = ( GEOMETRIC_REPRESENTATION_CONTEXT(2) 
PARAMETRIC_REPRESENTATION_CONTEXT() REPRESENTATION_CONTEXT('2D SPACE',''
  ) );
#6749 = PCURVE('',#6750,#6779);
#6750 = B_SPLINE_SURFACE_WITH_KNOTS('',13,1,(
    (#6751,#6752)
    ,(#6753,#6754)
    ,(#6755,#6756)
    ,(#6757,#6758)
    ,(#6759,#6760)
    ,(#6761,#6762)
    ,(#6763,#6764)
    ,(#6765,#6766)
    ,(#6767,#6768)
    ,(#6769,#6770)
    ,(#6771,#6772)
    ,(#6773,#6774)
    ,(#6775,#6776)
    ,(#6777,#6778
    )),.UNSPECIFIED.,.T.,.F.,.F.,(14,14),(2,2),(0.,6.28318530718),(0.,1.
    ),.PIECEWISE_BEZIER_KNOTS.);
#6751 = CARTESIAN_POINT('',(-19.53042335055,-5.6,9.71304755963));
#6752 = CARTESIAN_POINT('',(-10.27077274165,-5.6,40.));
#6753 = CARTESIAN_POINT('',(-19.53042335055,-4.826684885271,
    9.71304755963));
#6754 = CARTESIAN_POINT('',(-10.27077274165,-4.826684885271,
    40.000000000001));
#6755 = CARTESIAN_POINT('',(-19.93533241961,-4.0533694613,9.713047559631
    ));
#6756 = CARTESIAN_POINT('',(-10.67568181072,-4.0533694613,
    39.999999999994));
#6757 = CARTESIAN_POINT('',(-20.74512645161,-3.511339841181,
    9.713047559629));
#6758 = CARTESIAN_POINT('',(-11.48547584268,-3.511339841181,
    40.000000000016));
#6759 = CARTESIAN_POINT('',(-21.81461723852,-3.431853448853,
    9.713047559632));
#6760 = CARTESIAN_POINT('',(-12.55496662966,-3.431853448853,
    39.999999999966));
#6761 = CARTESIAN_POINT('',(-22.85269733867,-3.944850118826,
    9.713047559631));
#6762 = CARTESIAN_POINT('',(-13.5930467297,-3.944850118826,
    40.000000000062));
#6763 = CARTESIAN_POINT('',(-23.50434331792,-4.976883724098,
    9.713047559624));
#6764 = CARTESIAN_POINT('',(-14.24469270911,-4.976883724098,
    39.999999999907));
#6765 = CARTESIAN_POINT('',(-23.50434331796,-6.223116275901,
    9.713047559643));
#6766 = CARTESIAN_POINT('',(-14.24469270898,-6.223116275901,
    40.000000000113));
#6767 = CARTESIAN_POINT('',(-22.85269733864,-7.255149881178,
    9.713047559615));
#6768 = CARTESIAN_POINT('',(-13.59304672981,-7.255149881178,
    39.999999999892));
#6769 = CARTESIAN_POINT('',(-21.81461723854,-7.768146551144,
    9.713047559643));
#6770 = CARTESIAN_POINT('',(-12.5549666296,-7.768146551144,
    40.000000000078));
#6771 = CARTESIAN_POINT('',(-20.74512645159,-7.688660158821,
    9.713047559623));
#6772 = CARTESIAN_POINT('',(-11.48547584271,-7.688660158821,
    39.999999999957));
#6773 = CARTESIAN_POINT('',(-19.93533241962,-7.146630538699,
    9.713047559634));
#6774 = CARTESIAN_POINT('',(-10.67568181071,-7.146630538699,
    40.000000000016));
#6775 = CARTESIAN_POINT('',(-19.53042335055,-6.37331511473,9.71304755963
    ));
#6776 = CARTESIAN_POINT('',(-10.27077274165,-6.37331511473,
    39.999999999996));
#6777 = CARTESIAN_POINT('',(-19.53042335055,-5.6,9.71304755963));
#6778 = CARTESIAN_POINT('',(-10.27077274165,-5.6,40.));
#6779 = DEFINITIONAL_REPRESENTATION('',(#6780),#6795);
#6780 = B_SPLINE_CURVE_WITH_KNOTS('',5,(#6781,#6782,#6783,#6784,#6785,
    #6786,#6787,#6788,#6789,#6790,#6791,#6792,#6793,#6794),
  .UNSPECIFIED.,.F.,.F.,(6,4,4,6),(0.,0.320647718831,0.640106698937,1.),
  .UNSPECIFIED.);
#6781 = CARTESIAN_POINT('',(6.28318530718,0.423023907522));
#6782 = CARTESIAN_POINT('',(6.216509630407,0.423023907522));
#6783 = CARTESIAN_POINT('',(6.149833305278,0.42306825762));
#6784 = CARTESIAN_POINT('',(6.083128149053,0.423156954476));
#6785 = CARTESIAN_POINT('',(6.016362185426,0.423289344425));
#6786 = CARTESIAN_POINT('',(5.88291054229,0.423638160108));
#6787 = CARTESIAN_POINT('',(5.816223786206,0.423854276869));
#6788 = CARTESIAN_POINT('',(5.749431325528,0.424111081206));
#6789 = CARTESIAN_POINT('',(5.682510914225,0.424406558481));
#6790 = CARTESIAN_POINT('',(5.539914376551,0.425111224621));
#6791 = CARTESIAN_POINT('',(5.464197015307,0.425530097858));
#6792 = CARTESIAN_POINT('',(5.388302819874,0.425990518773));
#6793 = CARTESIAN_POINT('',(5.312222772007,0.426487355174));
#6794 = CARTESIAN_POINT('',(5.235987155983,0.427014256282));
#6795 = ( GEOMETRIC_REPRESENTATION_CONTEXT(2) 
PARAMETRIC_REPRESENTATION_CONTEXT() REPRESENTATION_CONTEXT('2D SPACE',''
  ) );
#6796 = ORIENTED_EDGE('',*,*,#6797,.F.);
#6797 = EDGE_CURVE('',#6798,#6713,#6800,.T.);
#6798 = VERTEX_POINT('',#6799);
#6799 = CARTESIAN_POINT('',(-17.90252217965,-6.985640647834,
    22.887718651467));
#6800 = SURFACE_CURVE('',#6801,(#6879,#6960),.PCURVE_S1.);
#6801 = B_SPLINE_CURVE_WITH_KNOTS('',6,(#6802,#6803,#6804,#6805,#6806,
    #6807,#6808,#6809,#6810,#6811,#6812,#6813,#6814,#6815,#6816,#6817,
    #6818,#6819,#6820,#6821,#6822,#6823,#6824,#6825,#6826,#6827,#6828,
    #6829,#6830,#6831,#6832,#6833,#6834,#6835,#6836,#6837,#6838,#6839,
    #6840,#6841,#6842,#6843,#6844,#6845,#6846,#6847,#6848,#6849,#6850,
    #6851,#6852,#6853,#6854,#6855,#6856,#6857,#6858,#6859,#6860,#6861,
    #6862,#6863,#6864,#6865,#6866,#6867,#6868,#6869,#6870,#6871,#6872,
    #6873,#6874,#6875,#6876,#6877,#6878),.UNSPECIFIED.,.F.,.F.,(7,5,5,5,
    5,5,5,5,5,5,5,5,5,5,5,7),(0.,9.072916832019E-02,0.140933185541,
    0.174182491622,0.250963321758,0.340482336859,0.380734569031,
    0.44383145658,0.505533271775,0.543177759629,0.625120769995,
    0.708050789464,0.745696086505,0.807399554296,0.870498138,1.),
  .UNSPECIFIED.);
#6802 = CARTESIAN_POINT('',(-17.9025213861,-6.985641128174,
    22.887718525782));
#6803 = CARTESIAN_POINT('',(-17.98686528548,-6.934587225772,
    22.90107728708));
#6804 = CARTESIAN_POINT('',(-18.06734167085,-6.876844745018,
    22.913823494337));
#6805 = CARTESIAN_POINT('',(-18.14333500059,-6.812843752461,
    22.925859655336));
#6806 = CARTESIAN_POINT('',(-18.21430886233,-6.74308535723,
    22.937100810704));
#6807 = CARTESIAN_POINT('',(-18.27980243416,-6.668128382407,
    22.947473973423));
#6808 = CARTESIAN_POINT('',(-18.37241953316,-6.544556594571,
    22.962143080814));
#6809 = CARTESIAN_POINT('',(-18.40361594075,-6.499128968839,
    22.967084106369));
#6810 = CARTESIAN_POINT('',(-18.43295123479,-6.45239474968,
    22.971730360497));
#6811 = CARTESIAN_POINT('',(-18.46036764559,-6.404458140503,
    22.976072693378));
#6812 = CARTESIAN_POINT('',(-18.48581456757,-6.355425957667,
    22.980103089874));
#6813 = CARTESIAN_POINT('',(-18.52476851171,-6.272281303896,
    22.986272788515));
#6814 = CARTESIAN_POINT('',(-18.5394055517,-6.238722317857,
    22.988591067902));
#6815 = CARTESIAN_POINT('',(-18.55314705561,-6.204762349431,
    22.990767508307));
#6816 = CARTESIAN_POINT('',(-18.56598171957,-6.170433358436,
    22.992800319375));
#6817 = CARTESIAN_POINT('',(-18.57789955941,-6.135767587438,
    22.99468791977));
#6818 = CARTESIAN_POINT('',(-18.61427595499,-6.020043166611,
    23.000449374824));
#6819 = CARTESIAN_POINT('',(-18.63472475351,-5.937665797375,
    23.003688146333));
#6820 = CARTESIAN_POINT('',(-18.65013139695,-5.854066407424,
    23.006128318931));
#6821 = CARTESIAN_POINT('',(-18.66042567172,-5.769650196261,
    23.007758771878));
#6822 = CARTESIAN_POINT('',(-18.66557293052,-5.684825159749,
    23.008574017583));
#6823 = CARTESIAN_POINT('',(-18.66557300065,-5.501103462226,
    23.00857402869));
#6824 = CARTESIAN_POINT('',(-18.65857618057,-5.402205109118,
    23.007465841259));
#6825 = CARTESIAN_POINT('',(-18.64458300139,-5.303954921948,
    23.005249539407));
#6826 = CARTESIAN_POINT('',(-18.62365729821,-5.206999447655,
    23.001935233619));
#6827 = CARTESIAN_POINT('',(-18.59592897982,-5.111979022778,
    22.99754349943));
#6828 = CARTESIAN_POINT('',(-18.54615928356,-4.977952109357,
    22.989660753943));
#6829 = CARTESIAN_POINT('',(-18.52938657521,-4.936898394926,
    22.987004217919));
#6830 = CARTESIAN_POINT('',(-18.51129666455,-4.896420495888,
    22.984139057542));
#6831 = CARTESIAN_POINT('',(-18.49191046305,-4.856574922703,
    22.981068584868));
#6832 = CARTESIAN_POINT('',(-18.47125177024,-4.817417414164,
    22.977796569369));
#6833 = CARTESIAN_POINT('',(-18.41501115158,-4.71878680055,
    22.968888930459));
#6834 = CARTESIAN_POINT('',(-18.37761362264,-4.660395886773,
    22.962965743768));
#6835 = CARTESIAN_POINT('',(-18.33725815804,-4.604042251083,
    22.956574066093));
#6836 = CARTESIAN_POINT('',(-18.29406538139,-4.549930932029,
    22.949733002338));
#6837 = CARTESIAN_POINT('',(-18.24817408233,-4.498258200034,
    22.94246453462));
#6838 = CARTESIAN_POINT('',(-18.15238120616,-4.401245871585,
    22.927292433541));
#6839 = CARTESIAN_POINT('',(-18.10259000447,-4.355790776,22.919406281929
    ));
#6840 = CARTESIAN_POINT('',(-18.05051675631,-4.313018467466,
    22.911158689663));
#6841 = CARTESIAN_POINT('',(-17.99632489922,-4.273090766788,
    22.902575542708));
#6842 = CARTESIAN_POINT('',(-17.94019358116,-4.236155338446,
    22.893685215313));
#6843 = CARTESIAN_POINT('',(-17.84700801476,-4.181715042816,
    22.878926071532));
#6844 = CARTESIAN_POINT('',(-17.81104848984,-4.162248983102,
    22.873230642303));
#6845 = CARTESIAN_POINT('',(-17.77448373183,-4.143975350541,
    22.867439353569));
#6846 = CARTESIAN_POINT('',(-17.7373597387,-4.126921324417,
    22.861559490695));
#6847 = CARTESIAN_POINT('',(-17.69972426452,-4.111111395563,
    22.855598617181));
#6848 = CARTESIAN_POINT('',(-17.57869783003,-4.064908507285,
    22.83642991309));
#6849 = CARTESIAN_POINT('',(-17.49357574915,-4.039246349672,
    22.822947899951));
#6850 = CARTESIAN_POINT('',(-17.40677764302,-4.019807231364,
    22.809200430489));
#6851 = CARTESIAN_POINT('',(-17.31884342044,-4.006746454291,
    22.795273017861));
#6852 = CARTESIAN_POINT('',(-17.23033122351,-4.000144273395,
    22.781254063088));
#6853 = CARTESIAN_POINT('',(-17.05222820276,-3.99985778268,
    22.753045315826));
#6854 = CARTESIAN_POINT('',(-16.96262945948,-4.006330026594,
    22.738854269019));
#6855 = CARTESIAN_POINT('',(-16.87360947187,-4.019419552824,
    22.724754888103));
#6856 = CARTESIAN_POINT('',(-16.78574701912,-4.039044296772,
    22.710838842699));
#6857 = CARTESIAN_POINT('',(-16.6996018601,-4.065043428098,
    22.697194789901));
#6858 = CARTESIAN_POINT('',(-16.57762781883,-4.11177039713,
    22.677875999641));
#6859 = CARTESIAN_POINT('',(-16.54000919858,-4.127624553498,
    22.671917795526));
#6860 = CARTESIAN_POINT('',(-16.50290343735,-4.14472218834,
    22.666040820301));
#6861 = CARTESIAN_POINT('',(-16.46635825658,-4.163038750799,
    22.660252632298));
#6862 = CARTESIAN_POINT('',(-16.43041961832,-4.182547005013,
    22.654560511191));
#6863 = CARTESIAN_POINT('',(-16.3372922194,-4.237096752918,
    22.639810580234));
#6864 = CARTESIAN_POINT('',(-16.28120034446,-4.274098142419,
    22.630926500016));
#6865 = CARTESIAN_POINT('',(-16.22705119235,-4.314089483735,
    22.622350116864));
#6866 = CARTESIAN_POINT('',(-16.17502372552,-4.356922904698,
    22.614109775649));
#6867 = CARTESIAN_POINT('',(-16.12528118445,-4.402436404039,
    22.606231331121));
#6868 = CARTESIAN_POINT('',(-16.02959213339,-4.499561075835,
    22.591075674323));
#6869 = CARTESIAN_POINT('',(-15.98375612367,-4.55128761664,
    22.583815963578));
#6870 = CARTESIAN_POINT('',(-15.94062121612,-4.605449587041,
    22.576984065387));
#6871 = CARTESIAN_POINT('',(-15.90032597985,-4.661850579403,
    22.570601926943));
#6872 = CARTESIAN_POINT('',(-15.86299081724,-4.720285441931,
    22.564688618109));
#6873 = CARTESIAN_POINT('',(-15.75838036337,-4.904211046859,
    22.548119949919));
#6874 = CARTESIAN_POINT('',(-15.700941458,-5.03556008479,22.539022521039
    ));
#6875 = CARTESIAN_POINT('',(-15.6572997582,-5.172748515373,
    22.532110354842));
#6876 = CARTESIAN_POINT('',(-15.62801183118,-5.313856774103,
    22.527471602913));
#6877 = CARTESIAN_POINT('',(-15.61336976769,-5.45693352446,
    22.525152527881));
#6878 = CARTESIAN_POINT('',(-15.61336976769,-5.6,22.525152527881));
#6879 = PCURVE('',#5081,#6880);
#6880 = DEFINITIONAL_REPRESENTATION('',(#6881),#6959);
#6881 = B_SPLINE_CURVE_WITH_KNOTS('',6,(#6882,#6883,#6884,#6885,#6886,
    #6887,#6888,#6889,#6890,#6891,#6892,#6893,#6894,#6895,#6896,#6897,
    #6898,#6899,#6900,#6901,#6902,#6903,#6904,#6905,#6906,#6907,#6908,
    #6909,#6910,#6911,#6912,#6913,#6914,#6915,#6916,#6917,#6918,#6919,
    #6920,#6921,#6922,#6923,#6924,#6925,#6926,#6927,#6928,#6929,#6930,
    #6931,#6932,#6933,#6934,#6935,#6936,#6937,#6938,#6939,#6940,#6941,
    #6942,#6943,#6944,#6945,#6946,#6947,#6948,#6949,#6950,#6951,#6952,
    #6953,#6954,#6955,#6956,#6957,#6958),.UNSPECIFIED.,.F.,.F.,(7,5,5,5,
    5,5,5,5,5,5,5,5,5,5,5,7),(0.,9.072916832019E-02,0.140933185541,
    0.174182491622,0.250963321758,0.340482336859,0.380734569031,
    0.44383145658,0.505533271775,0.543177759629,0.625120769995,
    0.708050789464,0.745696086505,0.807399554296,0.870498138,1.),
  .UNSPECIFIED.);
#6882 = CARTESIAN_POINT('',(3.826472000752,1.421667611167));
#6883 = CARTESIAN_POINT('',(3.736212773522,1.463525976113));
#6884 = CARTESIAN_POINT('',(3.649149483498,1.512445215848));
#6885 = CARTESIAN_POINT('',(3.565946843594,1.568062687003));
#6886 = CARTESIAN_POINT('',(3.487197306872,1.629936726754));
#6887 = CARTESIAN_POINT('',(3.413423238176,1.697560282695));
#6888 = CARTESIAN_POINT('',(3.307261578264,1.810665536568));
#6889 = CARTESIAN_POINT('',(3.271105665342,1.852546901399));
#6890 = CARTESIAN_POINT('',(3.236687338324,1.895924466562));
#6891 = CARTESIAN_POINT('',(3.204075647604,1.940700705396));
#6892 = CARTESIAN_POINT('',(3.173332702652,1.986774735212));
#6893 = CARTESIAN_POINT('',(3.125427295596,2.065346870037));
#6894 = CARTESIAN_POINT('',(3.107184775276,2.097175054955));
#6895 = CARTESIAN_POINT('',(3.089802129671,2.129496702651));
#6896 = CARTESIAN_POINT('',(3.073294078057,2.162281222999));
#6897 = CARTESIAN_POINT('',(3.057674040371,2.195497605154));
#6898 = CARTESIAN_POINT('',(3.00896225836,2.306743910209));
#6899 = CARTESIAN_POINT('',(2.9797703695,2.386509238446));
#6900 = CARTESIAN_POINT('',(2.955527986132,2.468022942529));
#6901 = CARTESIAN_POINT('',(2.936348117046,2.550889460488));
#6902 = CARTESIAN_POINT('',(2.92230825021,2.634706689369));
#6903 = CARTESIAN_POINT('',(2.903125037223,2.81742413922));
#6904 = CARTESIAN_POINT('',(2.899843965403,2.916521578066));
#6905 = CARTESIAN_POINT('',(2.903675421402,3.015714018711));
#6906 = CARTESIAN_POINT('',(2.914622636337,3.114351699936));
#6907 = CARTESIAN_POINT('',(2.932621661195,3.211784051943));
#6908 = CARTESIAN_POINT('',(2.968742001595,3.350339798386));
#6909 = CARTESIAN_POINT('',(2.981344371693,3.392942247442));
#6910 = CARTESIAN_POINT('',(2.995333196766,3.435111277493));
#6911 = CARTESIAN_POINT('',(3.010693320883,3.476788476301));
#6912 = CARTESIAN_POINT('',(3.027406599496,3.517915893764));
#6913 = CARTESIAN_POINT('',(3.073738585657,3.621952897846));
#6914 = CARTESIAN_POINT('',(3.105298476121,3.68397814623));
#6915 = CARTESIAN_POINT('',(3.140049524021,3.744289952638));
#6916 = CARTESIAN_POINT('',(3.177891678629,3.802671647473));
#6917 = CARTESIAN_POINT('',(3.218705681796,3.858913360908));
#6918 = CARTESIAN_POINT('',(3.305033029863,3.965522218995));
#6919 = CARTESIAN_POINT('',(3.350423174605,4.015992563038));
#6920 = CARTESIAN_POINT('',(3.398391303337,4.064036032473));
#6921 = CARTESIAN_POINT('',(3.448789742127,4.109474413115));
#6922 = CARTESIAN_POINT('',(3.501453519618,4.152141908885));
#6923 = CARTESIAN_POINT('',(3.589600608966,4.216135803426));
#6924 = CARTESIAN_POINT('',(3.623776833774,4.239296945138));
#6925 = CARTESIAN_POINT('',(3.658686992732,4.261336160239));
#6926 = CARTESIAN_POINT('',(3.694287606957,4.282221555303));
#6927 = CARTESIAN_POINT('',(3.730533148593,4.301923725014));
#6928 = CARTESIAN_POINT('',(3.847574169941,4.360668454724));
#6929 = CARTESIAN_POINT('',(3.93060673102,4.395189078499));
#6930 = CARTESIAN_POINT('',(4.015976706985,4.423697860827));
#6931 = CARTESIAN_POINT('',(4.103156662686,4.445983271853));
#6932 = CARTESIAN_POINT('',(4.191592967364,4.461906490949));
#6933 = CARTESIAN_POINT('',(4.370900487806,4.481019696141));
#6934 = CARTESIAN_POINT('',(4.461796024338,4.484054821452));
#6935 = CARTESIAN_POINT('',(4.552799731732,4.480447651597));
#6936 = CARTESIAN_POINT('',(4.643320250622,4.470218616571));
#6937 = CARTESIAN_POINT('',(4.73277714955,4.453468492312));
#6938 = CARTESIAN_POINT('',(4.860475536229,4.41989150503));
#6939 = CARTESIAN_POINT('',(4.900010285241,4.408100886694));
#6940 = CARTESIAN_POINT('',(4.939158457389,4.39501936962));
#6941 = CARTESIAN_POINT('',(4.977869437024,4.380666325563));
#6942 = CARTESIAN_POINT('',(5.016094099738,4.365063982603));
#6943 = CARTESIAN_POINT('',(5.115562719712,4.320657434329));
#6944 = CARTESIAN_POINT('',(5.175906829682,4.289788088172));
#6945 = CARTESIAN_POINT('',(5.234606945258,4.255739757314));
#6946 = CARTESIAN_POINT('',(5.291467423663,4.218640586501));
#6947 = CARTESIAN_POINT('',(5.346306977794,4.178634434411));
#6948 = CARTESIAN_POINT('',(5.452800428364,4.092156487604));
#6949 = CARTESIAN_POINT('',(5.504355104742,4.04555827354));
#6950 = CARTESIAN_POINT('',(5.553444251178,3.99625239334));
#6951 = CARTESIAN_POINT('',(5.599907830409,3.944419532127));
#6952 = CARTESIAN_POINT('',(5.643603184816,3.890250991903));
#6953 = CARTESIAN_POINT('',(5.768143115971,3.718389706203));
#6954 = CARTESIAN_POINT('',(5.839694820725,3.593830827056));
#6955 = CARTESIAN_POINT('',(5.897963408062,3.462005893077));
#6956 = CARTESIAN_POINT('',(5.942188023591,3.324765138374));
#6957 = CARTESIAN_POINT('',(5.971870805011,3.184018354709));
#6958 = CARTESIAN_POINT('',(5.98680896749,3.041733894119));
#6959 = ( GEOMETRIC_REPRESENTATION_CONTEXT(2) 
PARAMETRIC_REPRESENTATION_CONTEXT() REPRESENTATION_CONTEXT('2D SPACE',''
  ) );
#6960 = PCURVE('',#6961,#6990);
#6961 = B_SPLINE_SURFACE_WITH_KNOTS('',13,1,(
    (#6962,#6963)
    ,(#6964,#6965)
    ,(#6966,#6967)
    ,(#6968,#6969)
    ,(#6970,#6971)
    ,(#6972,#6973)
    ,(#6974,#6975)
    ,(#6976,#6977)
    ,(#6978,#6979)
    ,(#6980,#6981)
    ,(#6982,#6983)
    ,(#6984,#6985)
    ,(#6986,#6987)
    ,(#6988,#6989
    )),.UNSPECIFIED.,.T.,.F.,.F.,(14,14),(2,2),(0.,6.28318530718),(0.,1.
    ),.PIECEWISE_BEZIER_KNOTS.);
#6962 = CARTESIAN_POINT('',(-19.53042335055,-5.6,9.71304755963));
#6963 = CARTESIAN_POINT('',(-10.27077274165,-5.6,40.));
#6964 = CARTESIAN_POINT('',(-19.53042335055,-4.826684885271,
    9.71304755963));
#6965 = CARTESIAN_POINT('',(-10.27077274165,-4.826684885271,
    40.000000000001));
#6966 = CARTESIAN_POINT('',(-19.93533241961,-4.0533694613,9.713047559631
    ));
#6967 = CARTESIAN_POINT('',(-10.67568181072,-4.0533694613,
    39.999999999994));
#6968 = CARTESIAN_POINT('',(-20.74512645161,-3.511339841181,
    9.713047559629));
#6969 = CARTESIAN_POINT('',(-11.48547584268,-3.511339841181,
    40.000000000016));
#6970 = CARTESIAN_POINT('',(-21.81461723852,-3.431853448853,
    9.713047559632));
#6971 = CARTESIAN_POINT('',(-12.55496662966,-3.431853448853,
    39.999999999966));
#6972 = CARTESIAN_POINT('',(-22.85269733867,-3.944850118826,
    9.713047559631));
#6973 = CARTESIAN_POINT('',(-13.5930467297,-3.944850118826,
    40.000000000062));
#6974 = CARTESIAN_POINT('',(-23.50434331792,-4.976883724098,
    9.713047559624));
#6975 = CARTESIAN_POINT('',(-14.24469270911,-4.976883724098,
    39.999999999907));
#6976 = CARTESIAN_POINT('',(-23.50434331796,-6.223116275901,
    9.713047559643));
#6977 = CARTESIAN_POINT('',(-14.24469270898,-6.223116275901,
    40.000000000113));
#6978 = CARTESIAN_POINT('',(-22.85269733864,-7.255149881178,
    9.713047559615));
#6979 = CARTESIAN_POINT('',(-13.59304672981,-7.255149881178,
    39.999999999892));
#6980 = CARTESIAN_POINT('',(-21.81461723854,-7.768146551144,
    9.713047559643));
#6981 = CARTESIAN_POINT('',(-12.5549666296,-7.768146551144,
    40.000000000078));
#6982 = CARTESIAN_POINT('',(-20.74512645159,-7.688660158821,
    9.713047559623));
#6983 = CARTESIAN_POINT('',(-11.48547584271,-7.688660158821,
    39.999999999957));
#6984 = CARTESIAN_POINT('',(-19.93533241962,-7.146630538699,
    9.713047559634));
#6985 = CARTESIAN_POINT('',(-10.67568181071,-7.146630538699,
    40.000000000016));
#6986 = CARTESIAN_POINT('',(-19.53042335055,-6.37331511473,9.71304755963
    ));
#6987 = CARTESIAN_POINT('',(-10.27077274165,-6.37331511473,
    39.999999999996));
#6988 = CARTESIAN_POINT('',(-19.53042335055,-5.6,9.71304755963));
#6989 = CARTESIAN_POINT('',(-10.27077274165,-5.6,40.));
#6990 = DEFINITIONAL_REPRESENTATION('',(#6991),#7069);
#6991 = B_SPLINE_CURVE_WITH_KNOTS('',6,(#6992,#6993,#6994,#6995,#6996,
    #6997,#6998,#6999,#7000,#7001,#7002,#7003,#7004,#7005,#7006,#7007,
    #7008,#7009,#7010,#7011,#7012,#7013,#7014,#7015,#7016,#7017,#7018,
    #7019,#7020,#7021,#7022,#7023,#7024,#7025,#7026,#7027,#7028,#7029,
    #7030,#7031,#7032,#7033,#7034,#7035,#7036,#7037,#7038,#7039,#7040,
    #7041,#7042,#7043,#7044,#7045,#7046,#7047,#7048,#7049,#7050,#7051,
    #7052,#7053,#7054,#7055,#7056,#7057,#7058,#7059,#7060,#7061,#7062,
    #7063,#7064,#7065,#7066,#7067,#7068),.UNSPECIFIED.,.F.,.F.,(7,5,5,5,
    5,5,5,5,5,5,5,5,5,5,5,7),(0.,9.072916832019E-02,0.140933185541,
    0.174182491622,0.250963321758,0.340482336859,0.380734569031,
    0.44383145658,0.505533271775,0.543177759629,0.625120769995,
    0.708050789464,0.745696086505,0.807399554296,0.870498138,1.),
  .UNSPECIFIED.);
#6992 = CARTESIAN_POINT('',(4.188790804786,0.434994936915));
#6993 = CARTESIAN_POINT('',(4.124973360135,0.435436010058));
#6994 = CARTESIAN_POINT('',(4.061260550086,0.435856858187));
#6995 = CARTESIAN_POINT('',(3.997667752826,0.43625426235));
#6996 = CARTESIAN_POINT('',(3.934196987134,0.436625417401));
#6997 = CARTESIAN_POINT('',(3.870844910469,0.436967913488));
#6998 = CARTESIAN_POINT('',(3.772620906166,0.437452251007));
#6999 = CARTESIAN_POINT('',(3.737666256029,0.437615391408));
#7000 = CARTESIAN_POINT('',(3.702745725638,0.437768799187));
#7001 = CARTESIAN_POINT('',(3.667857762087,0.437912172242));
#7002 = CARTESIAN_POINT('',(3.633000400567,0.438045245931));
#7003 = CARTESIAN_POINT('',(3.575104492541,0.438248954068));
#7004 = CARTESIAN_POINT('',(3.552050083548,0.438325497899));
#7005 = CARTESIAN_POINT('',(3.529007336366,0.43839735856));
#7006 = CARTESIAN_POINT('',(3.505975490369,0.438464476936));
#7007 = CARTESIAN_POINT('',(3.482953725329,0.438526800816));
#7008 = CARTESIAN_POINT('',(3.406799488122,0.438717029762));
#7009 = CARTESIAN_POINT('',(3.353706632676,0.438823965959));
#7010 = CARTESIAN_POINT('',(3.300652356792,0.438904534402));
#7011 = CARTESIAN_POINT('',(3.247624042128,0.438958367912));
#7012 = CARTESIAN_POINT('',(3.194608378783,0.438985285302));
#7013 = CARTESIAN_POINT('',(3.079782317073,0.438985285668));
#7014 = CARTESIAN_POINT('',(3.017970808069,0.43894869607));
#7015 = CARTESIAN_POINT('',(2.956139460738,0.438875519283));
#7016 = CARTESIAN_POINT('',(2.894267015102,0.438766089132));
#7017 = CARTESIAN_POINT('',(2.832333665921,0.438621084969));
#7018 = CARTESIAN_POINT('',(2.742442380047,0.438360816277));
#7019 = CARTESIAN_POINT('',(2.714544656874,0.438273104051));
#7020 = CARTESIAN_POINT('',(2.686630094354,0.438178503567));
#7021 = CARTESIAN_POINT('',(2.658697391148,0.438077124179));
#7022 = CARTESIAN_POINT('',(2.630745392048,0.437969090349));
#7023 = CARTESIAN_POINT('',(2.558925449486,0.43767498222));
#7024 = CARTESIAN_POINT('',(2.515027592455,0.437479413296));
#7025 = CARTESIAN_POINT('',(2.471076379645,0.437268375963));
#7026 = CARTESIAN_POINT('',(2.427068776237,0.437042501017));
#7027 = CARTESIAN_POINT('',(2.383002935467,0.436802514252));
#7028 = CARTESIAN_POINT('',(2.29573120712,0.43630156913));
#7029 = CARTESIAN_POINT('',(2.252527183823,0.436041187977));
#7030 = CARTESIAN_POINT('',(2.20926802338,0.43576887295));
#7031 = CARTESIAN_POINT('',(2.1659544487,0.43548547874));
#7032 = CARTESIAN_POINT('',(2.122588388766,0.435191942195));
#7033 = CARTESIAN_POINT('',(2.052687169394,0.434704631898));
#7034 = CARTESIAN_POINT('',(2.026182029089,0.43451658296));
#7035 = CARTESIAN_POINT('',(1.9996596988,0.43432536898));
#7036 = CARTESIAN_POINT('',(1.973121172178,0.434131230501));
#7037 = CARTESIAN_POINT('',(1.946567587614,0.433934417252));
#7038 = CARTESIAN_POINT('',(1.862169466582,0.433301514218));
#7039 = CARTESIAN_POINT('',(1.804270701024,0.432856371605));
#7040 = CARTESIAN_POINT('',(1.746322714019,0.432402464284));
#7041 = CARTESIAN_POINT('',(1.688338766863,0.431942615685));
#7042 = CARTESIAN_POINT('',(1.630333627658,0.431479744593));
#7043 = CARTESIAN_POINT('',(1.513628920507,0.43054836177));
#7044 = CARTESIAN_POINT('',(1.454924343226,0.430079808625));
#7045 = CARTESIAN_POINT('',(1.396241155089,0.429614282061));
#7046 = CARTESIAN_POINT('',(1.337594618994,0.42915480878));
#7047 = CARTESIAN_POINT('',(1.278998428605,0.42870431602));
#7048 = CARTESIAN_POINT('',(1.193904720188,0.428066457513));
#7049 = CARTESIAN_POINT('',(1.167351087828,0.427869732401));
#7050 = CARTESIAN_POINT('',(1.140812547216,0.427675689265));
#7051 = CARTESIAN_POINT('',(1.114290233789,0.427484577663));
#7052 = CARTESIAN_POINT('',(1.087785137996,0.427296637951));
#7053 = CARTESIAN_POINT('',(1.017883870365,0.426809631839));
#7054 = CARTESIAN_POINT('',(0.974517759681,0.42651630156));
#7055 = CARTESIAN_POINT('',(0.931204184053,0.426233130674));
#7056 = CARTESIAN_POINT('',(0.887945056801,0.425961055059));
#7057 = CARTESIAN_POINT('',(0.844741084716,0.425700928374));
#7058 = CARTESIAN_POINT('',(0.757469456133,0.425200526202));
#7059 = CARTESIAN_POINT('',(0.713403665078,0.424960828571));
#7060 = CARTESIAN_POINT('',(0.6693960941,0.424735256249));
#7061 = CARTESIAN_POINT('',(0.625444880129,0.424524533877));
#7062 = CARTESIAN_POINT('',(0.581546973297,0.424329291096));
#7063 = CARTESIAN_POINT('',(0.447707256894,0.423782234794));
#7064 = CARTESIAN_POINT('',(0.357921904592,0.423481860272));
#7065 = CARTESIAN_POINT('',(0.268319592355,0.423253637699));
#7066 = CARTESIAN_POINT('',(0.178839359662,0.423100477624));
#7067 = CARTESIAN_POINT('',(8.941654721272E-02,0.423023907522));
#7068 = CARTESIAN_POINT('',(0.,0.423023907522));
#7069 = ( GEOMETRIC_REPRESENTATION_CONTEXT(2) 
PARAMETRIC_REPRESENTATION_CONTEXT() REPRESENTATION_CONTEXT('2D SPACE',''
  ) );
#7070 = ORIENTED_EDGE('',*,*,#7071,.F.);
#7071 = EDGE_CURVE('',#7072,#6798,#7074,.T.);
#7072 = VERTEX_POINT('',#7073);
#7073 = CARTESIAN_POINT('',(-17.90252217965,-8.125,22.887718651467));
#7074 = SURFACE_CURVE('',#7075,(#7079,#7086),.PCURVE_S1.);
#7075 = LINE('',#7076,#7077);
#7076 = CARTESIAN_POINT('',(-17.90252217965,-6.8,22.887718651467));
#7077 = VECTOR('',#7078,1.);
#7078 = DIRECTION('',(2.734506013376E-17,1.,8.944166154111E-17));
#7079 = PCURVE('',#5081,#7080);
#7080 = DEFINITIONAL_REPRESENTATION('',(#7081),#7085);
#7081 = LINE('',#7082,#7083);
#7082 = CARTESIAN_POINT('',(3.807087643643,1.606293923402));
#7083 = VECTOR('',#7084,1.);
#7084 = DIRECTION('',(-0.104414136312,0.994533904972));
#7085 = ( GEOMETRIC_REPRESENTATION_CONTEXT(2) 
PARAMETRIC_REPRESENTATION_CONTEXT() REPRESENTATION_CONTEXT('2D SPACE',''
  ) );
#7086 = PCURVE('',#7087,#7092);
#7087 = PLANE('',#7088);
#7088 = AXIS2_PLACEMENT_3D('',#7089,#7090,#7091);
#7089 = CARTESIAN_POINT('',(-12.67077274165,-5.6,40.));
#7090 = DIRECTION('',(-0.956304755963,0.,0.292371704723));
#7091 = DIRECTION('',(0.,-1.,0.));
#7092 = DEFINITIONAL_REPRESENTATION('',(#7093),#7097);
#7093 = LINE('',#7094,#7095);
#7094 = CARTESIAN_POINT('',(1.2,-17.89417154084));
#7095 = VECTOR('',#7096,1.);
#7096 = DIRECTION('',(-1.,9.352840816005E-17));
#7097 = ( GEOMETRIC_REPRESENTATION_CONTEXT(2) 
PARAMETRIC_REPRESENTATION_CONTEXT() REPRESENTATION_CONTEXT('2D SPACE',''
  ) );
#7098 = ORIENTED_EDGE('',*,*,#7099,.T.);
#7099 = EDGE_CURVE('',#7072,#5008,#7100,.T.);
#7100 = SURFACE_CURVE('',#7101,(#7105,#7112),.PCURVE_S1.);
#7101 = LINE('',#7102,#7103);
#7102 = CARTESIAN_POINT('',(-50.40578721331,-8.125,28.035730092543));
#7103 = VECTOR('',#7104,1.);
#7104 = DIRECTION('',(-0.987688340595,0.,0.15643446504));
#7105 = PCURVE('',#5081,#7106);
#7106 = DEFINITIONAL_REPRESENTATION('',(#7107),#7111);
#7107 = LINE('',#7108,#7109);
#7108 = CARTESIAN_POINT('',(-28.78310538293,-3.147567994692));
#7109 = VECTOR('',#7110,1.);
#7110 = DIRECTION('',(-0.994533904972,-0.104414136312));
#7111 = ( GEOMETRIC_REPRESENTATION_CONTEXT(2) 
PARAMETRIC_REPRESENTATION_CONTEXT() REPRESENTATION_CONTEXT('2D SPACE',''
  ) );
#7112 = PCURVE('',#5027,#7113);
#7113 = DEFINITIONAL_REPRESENTATION('',(#7114),#7118);
#7114 = LINE('',#7115,#7116);
#7115 = CARTESIAN_POINT('',(128.03573009254,49.59421278669));
#7116 = VECTOR('',#7117,1.);
#7117 = DIRECTION('',(0.15643446504,-0.987688340595));
#7118 = ( GEOMETRIC_REPRESENTATION_CONTEXT(2) 
PARAMETRIC_REPRESENTATION_CONTEXT() REPRESENTATION_CONTEXT('2D SPACE',''
  ) );
#7119 = FACE_BOUND('',#7120,.T.);
#7120 = EDGE_LOOP('',(#7121));
#7121 = ORIENTED_EDGE('',*,*,#7122,.T.);
#7122 = EDGE_CURVE('',#7123,#7123,#7125,.T.);
#7123 = VERTEX_POINT('',#7124);
#7124 = CARTESIAN_POINT('',(-3.041760970902,-22.375,20.534005304623));
#7125 = SURFACE_CURVE('',#7126,(#7131,#7142),.PCURVE_S1.);
#7126 = CIRCLE('',#7127,1.5);
#7127 = AXIS2_PLACEMENT_3D('',#7128,#7129,#7130);
#7128 = CARTESIAN_POINT('',(-4.523293481794,-22.375,20.768657002183));
#7129 = DIRECTION('',(-0.15643446504,-0.,-0.987688340595));
#7130 = DIRECTION('',(0.987688340595,0.,-0.15643446504));
#7131 = PCURVE('',#5081,#7132);
#7132 = DEFINITIONAL_REPRESENTATION('',(#7133),#7141);
#7133 = ( BOUNDED_CURVE() B_SPLINE_CURVE(2,(#7134,#7135,#7136,#7137,
#7138,#7139,#7140),.UNSPECIFIED.,.T.,.F.) B_SPLINE_CURVE_WITH_KNOTS((1,2
    ,2,2,2,1),(-2.094395102393,0.,2.094395102393,4.188790204786,
6.28318530718,8.377580409573),.UNSPECIFIED.) CURVE() 
GEOMETRIC_REPRESENTATION_ITEM() RATIONAL_B_SPLINE_CURVE((1.,0.5,1.,0.5,
1.,0.5,1.)) REPRESENTATION_ITEM('') );
#7134 = CARTESIAN_POINT('',(20.397097403942,-12.31255629404));
#7135 = CARTESIAN_POINT('',(20.668373287623,-14.89643117393));
#7136 = CARTESIAN_POINT('',(18.295034059596,-13.83942554069));
#7137 = CARTESIAN_POINT('',(15.92169483157,-12.78241990745));
#7138 = CARTESIAN_POINT('',(18.023758175916,-11.2555506608));
#7139 = CARTESIAN_POINT('',(20.125821520262,-9.728681414156));
#7140 = CARTESIAN_POINT('',(20.397097403942,-12.31255629404));
#7141 = ( GEOMETRIC_REPRESENTATION_CONTEXT(2) 
PARAMETRIC_REPRESENTATION_CONTEXT() REPRESENTATION_CONTEXT('2D SPACE',''
  ) );
#7142 = PCURVE('',#7143,#7148);
#7143 = CYLINDRICAL_SURFACE('',#7144,1.5);
#7144 = AXIS2_PLACEMENT_3D('',#7145,#7146,#7147);
#7145 = CARTESIAN_POINT('',(-4.617154160818,-22.375,20.176043997826));
#7146 = DIRECTION('',(-0.15643446504,-0.,-0.987688340595));
#7147 = DIRECTION('',(0.987688340595,0.,-0.15643446504));
#7148 = DEFINITIONAL_REPRESENTATION('',(#7149),#7153);
#7149 = LINE('',#7150,#7151);
#7150 = CARTESIAN_POINT('',(-6.28318530718,-0.6));
#7151 = VECTOR('',#7152,1.);
#7152 = DIRECTION('',(1.,-0.));
#7153 = ( GEOMETRIC_REPRESENTATION_CONTEXT(2) 
PARAMETRIC_REPRESENTATION_CONTEXT() REPRESENTATION_CONTEXT('2D SPACE',''
  ) );
#7154 = ADVANCED_FACE('',(#7155),#5027,.T.);
#7155 = FACE_BOUND('',#7156,.T.);
#7156 = EDGE_LOOP('',(#7157,#7158,#7181,#7209,#7237,#7258));
#7157 = ORIENTED_EDGE('',*,*,#7099,.F.);
#7158 = ORIENTED_EDGE('',*,*,#7159,.F.);
#7159 = EDGE_CURVE('',#7160,#7072,#7162,.T.);
#7160 = VERTEX_POINT('',#7161);
#7161 = CARTESIAN_POINT('',(-21.93042335055,-8.125,9.71304755963));
#7162 = SURFACE_CURVE('',#7163,(#7167,#7174),.PCURVE_S1.);
#7163 = LINE('',#7164,#7165);
#7164 = CARTESIAN_POINT('',(-35.97502853287,-8.125,-36.22478607653));
#7165 = VECTOR('',#7166,1.);
#7166 = DIRECTION('',(0.292371704723,-0.,0.956304755963));
#7167 = PCURVE('',#5027,#7168);
#7168 = DEFINITIONAL_REPRESENTATION('',(#7169),#7173);
#7169 = LINE('',#7170,#7171);
#7170 = CARTESIAN_POINT('',(63.775213923461,64.024971467125));
#7171 = VECTOR('',#7172,1.);
#7172 = DIRECTION('',(0.956304755963,0.292371704723));
#7173 = ( GEOMETRIC_REPRESENTATION_CONTEXT(2) 
PARAMETRIC_REPRESENTATION_CONTEXT() REPRESENTATION_CONTEXT('2D SPACE',''
  ) );
#7174 = PCURVE('',#7087,#7175);
#7175 = DEFINITIONAL_REPRESENTATION('',(#7176),#7180);
#7176 = LINE('',#7177,#7178);
#7177 = CARTESIAN_POINT('',(2.525,-79.70763044023));
#7178 = VECTOR('',#7179,1.);
#7179 = DIRECTION('',(0.,1.));
#7180 = ( GEOMETRIC_REPRESENTATION_CONTEXT(2) 
PARAMETRIC_REPRESENTATION_CONTEXT() REPRESENTATION_CONTEXT('2D SPACE',''
  ) );
#7181 = ORIENTED_EDGE('',*,*,#7182,.F.);
#7182 = EDGE_CURVE('',#7183,#7160,#7185,.T.);
#7183 = VERTEX_POINT('',#7184);
#7184 = CARTESIAN_POINT('',(-22.13042335055,-8.125,9.71304755963));
#7185 = SURFACE_CURVE('',#7186,(#7190,#7197),.PCURVE_S1.);
#7186 = LINE('',#7187,#7188);
#7187 = CARTESIAN_POINT('',(-60.56521167527,-8.125,9.71304755963));
#7188 = VECTOR('',#7189,1.);
#7189 = DIRECTION('',(1.,0.,0.));
#7190 = PCURVE('',#5027,#7191);
#7191 = DEFINITIONAL_REPRESENTATION('',(#7192),#7196);
#7192 = LINE('',#7193,#7194);
#7193 = CARTESIAN_POINT('',(109.71304755963,39.434788324723));
#7194 = VECTOR('',#7195,1.);
#7195 = DIRECTION('',(0.,1.));
#7196 = ( GEOMETRIC_REPRESENTATION_CONTEXT(2) 
PARAMETRIC_REPRESENTATION_CONTEXT() REPRESENTATION_CONTEXT('2D SPACE',''
  ) );
#7197 = PCURVE('',#7198,#7203);
#7198 = PLANE('',#7199);
#7199 = AXIS2_PLACEMENT_3D('',#7200,#7201,#7202);
#7200 = CARTESIAN_POINT('',(-21.13042335055,-10.4,9.71304755963));
#7201 = DIRECTION('',(0.,0.,1.));
#7202 = DIRECTION('',(1.,0.,0.));
#7203 = DEFINITIONAL_REPRESENTATION('',(#7204),#7208);
#7204 = LINE('',#7205,#7206);
#7205 = CARTESIAN_POINT('',(-39.43478832472,2.275));
#7206 = VECTOR('',#7207,1.);
#7207 = DIRECTION('',(1.,0.));
#7208 = ( GEOMETRIC_REPRESENTATION_CONTEXT(2) 
PARAMETRIC_REPRESENTATION_CONTEXT() REPRESENTATION_CONTEXT('2D SPACE',''
  ) );
#7209 = ORIENTED_EDGE('',*,*,#7210,.F.);
#7210 = EDGE_CURVE('',#7211,#7183,#7213,.T.);
#7211 = VERTEX_POINT('',#7212);
#7212 = CARTESIAN_POINT('',(-25.1,-8.125,0.));
#7213 = SURFACE_CURVE('',#7214,(#7218,#7225),.PCURVE_S1.);
#7214 = LINE('',#7215,#7216);
#7215 = CARTESIAN_POINT('',(-40.79630571595,-8.125,-51.34030265155));
#7216 = VECTOR('',#7217,1.);
#7217 = DIRECTION('',(0.292371704723,-0.,0.956304755963));
#7218 = PCURVE('',#5027,#7219);
#7219 = DEFINITIONAL_REPRESENTATION('',(#7220),#7224);
#7220 = LINE('',#7221,#7222);
#7221 = CARTESIAN_POINT('',(48.659697348449,59.203694284048));
#7222 = VECTOR('',#7223,1.);
#7223 = DIRECTION('',(0.956304755963,0.292371704723));
#7224 = ( GEOMETRIC_REPRESENTATION_CONTEXT(2) 
PARAMETRIC_REPRESENTATION_CONTEXT() REPRESENTATION_CONTEXT('2D SPACE',''
  ) );
#7225 = PCURVE('',#7226,#7231);
#7226 = PLANE('',#7227);
#7227 = AXIS2_PLACEMENT_3D('',#7228,#7229,#7230);
#7228 = CARTESIAN_POINT('',(-22.13042335055,-6.875,9.71304755963));
#7229 = DIRECTION('',(-0.956304755963,0.,0.292371704723));
#7230 = DIRECTION('',(0.,-1.,0.));
#7231 = DEFINITIONAL_REPRESENTATION('',(#7232),#7236);
#7232 = LINE('',#7233,#7234);
#7233 = CARTESIAN_POINT('',(1.25,-63.84298502175));
#7234 = VECTOR('',#7235,1.);
#7235 = DIRECTION('',(0.,1.));
#7236 = ( GEOMETRIC_REPRESENTATION_CONTEXT(2) 
PARAMETRIC_REPRESENTATION_CONTEXT() REPRESENTATION_CONTEXT('2D SPACE',''
  ) );
#7237 = ORIENTED_EDGE('',*,*,#7238,.T.);
#7238 = EDGE_CURVE('',#7211,#4928,#7239,.T.);
#7239 = SURFACE_CURVE('',#7240,(#7244,#7251),.PCURVE_S1.);
#7240 = LINE('',#7241,#7242);
#7241 = CARTESIAN_POINT('',(-64.,-8.125,0.));
#7242 = VECTOR('',#7243,1.);
#7243 = DIRECTION('',(-1.,0.,-0.));
#7244 = PCURVE('',#5027,#7245);
#7245 = DEFINITIONAL_REPRESENTATION('',(#7246),#7250);
#7246 = LINE('',#7247,#7248);
#7247 = CARTESIAN_POINT('',(100.,36.));
#7248 = VECTOR('',#7249,1.);
#7249 = DIRECTION('',(0.,-1.));
#7250 = ( GEOMETRIC_REPRESENTATION_CONTEXT(2) 
PARAMETRIC_REPRESENTATION_CONTEXT() REPRESENTATION_CONTEXT('2D SPACE',''
  ) );
#7251 = PCURVE('',#4969,#7252);
#7252 = DEFINITIONAL_REPRESENTATION('',(#7253),#7257);
#7253 = LINE('',#7254,#7255);
#7254 = CARTESIAN_POINT('',(-35.79016881194,-3.88322564534));
#7255 = VECTOR('',#7256,1.);
#7256 = DIRECTION('',(-0.994533904972,-0.104414136312));
#7257 = ( GEOMETRIC_REPRESENTATION_CONTEXT(2) 
PARAMETRIC_REPRESENTATION_CONTEXT() REPRESENTATION_CONTEXT('2D SPACE',''
  ) );
#7258 = ORIENTED_EDGE('',*,*,#5007,.T.);
#7259 = ADVANCED_FACE('',(#7260,#8906),#4969,.F.);
#7260 = FACE_BOUND('',#7261,.F.);
#7261 = EDGE_LOOP('',(#7262,#7263,#7264,#7287,#7642,#7775,#7803,#7826,
    #7906,#7929,#8453,#8476,#8504,#8751,#8884,#8905));
#7262 = ORIENTED_EDGE('',*,*,#4927,.F.);
#7263 = ORIENTED_EDGE('',*,*,#5123,.T.);
#7264 = ORIENTED_EDGE('',*,*,#7265,.F.);
#7265 = EDGE_CURVE('',#7266,#5124,#7268,.T.);
#7266 = VERTEX_POINT('',#7267);
#7267 = CARTESIAN_POINT('',(27.3,-9.125176068772,6.661338147751E-16));
#7268 = SURFACE_CURVE('',#7269,(#7273,#7280),.PCURVE_S1.);
#7269 = LINE('',#7270,#7271);
#7270 = CARTESIAN_POINT('',(27.3,-9.45,0.));
#7271 = VECTOR('',#7272,1.);
#7272 = DIRECTION('',(-0.,1.,-0.));
#7273 = PCURVE('',#4969,#7274);
#7274 = DEFINITIONAL_REPRESENTATION('',(#7275),#7279);
#7275 = LINE('',#7276,#7277);
#7276 = CARTESIAN_POINT('',(55.149125442588,4.332027575824));
#7277 = VECTOR('',#7278,1.);
#7278 = DIRECTION('',(-0.104414136312,0.994533904972));
#7279 = ( GEOMETRIC_REPRESENTATION_CONTEXT(2) 
PARAMETRIC_REPRESENTATION_CONTEXT() REPRESENTATION_CONTEXT('2D SPACE',''
  ) );
#7280 = PCURVE('',#5162,#7281);
#7281 = DEFINITIONAL_REPRESENTATION('',(#7282),#7286);
#7282 = LINE('',#7283,#7284);
#7283 = CARTESIAN_POINT('',(1.45,-10.15685376347));
#7284 = VECTOR('',#7285,1.);
#7285 = DIRECTION('',(1.,0.));
#7286 = ( GEOMETRIC_REPRESENTATION_CONTEXT(2) 
PARAMETRIC_REPRESENTATION_CONTEXT() REPRESENTATION_CONTEXT('2D SPACE',''
  ) );
#7287 = ORIENTED_EDGE('',*,*,#7288,.T.);
#7288 = EDGE_CURVE('',#7266,#7289,#7291,.T.);
#7289 = VERTEX_POINT('',#7290);
#7290 = CARTESIAN_POINT('',(28.2,-10.9,-8.881784197001E-16));
#7291 = SURFACE_CURVE('',#7292,(#7397,#7505),.PCURVE_S1.);
#7292 = B_SPLINE_CURVE_WITH_KNOTS('',4,(#7293,#7294,#7295,#7296,#7297,
    #7298,#7299,#7300,#7301,#7302,#7303,#7304,#7305,#7306,#7307,#7308,
    #7309,#7310,#7311,#7312,#7313,#7314,#7315,#7316,#7317,#7318,#7319,
    #7320,#7321,#7322,#7323,#7324,#7325,#7326,#7327,#7328,#7329,#7330,
    #7331,#7332,#7333,#7334,#7335,#7336,#7337,#7338,#7339,#7340,#7341,
    #7342,#7343,#7344,#7345,#7346,#7347,#7348,#7349,#7350,#7351,#7352,
    #7353,#7354,#7355,#7356,#7357,#7358,#7359,#7360,#7361,#7362,#7363,
    #7364,#7365,#7366,#7367,#7368,#7369,#7370,#7371,#7372,#7373,#7374,
    #7375,#7376,#7377,#7378,#7379,#7380,#7381,#7382,#7383,#7384,#7385,
    #7386,#7387,#7388,#7389,#7390,#7391,#7392,#7393,#7394,#7395,#7396),
  .UNSPECIFIED.,.F.,.F.,(5,3,3,3,3,3,3,3,3,3,3,3,3,3,3,3,3,3,3,3,3,3,3,3
    ,3,3,3,3,3,3,3,3,3,3,5),(0.,2.600000270692E-02,5.900000620631E-02,
    8.100000855991E-02,0.109000011521,0.137000014403,0.161000016776,
    0.195000019905,0.219000021933,0.250000024266,0.26600002534,
    0.283000026373,0.312000027855,0.339000028918,0.364000029628,
    0.387000030051,0.416000030278,0.444000030205,0.473000029865,
    0.500000029356,0.519000028917,0.547000028183,0.572000027498,
    0.59300002694,0.629000026085,0.654000025664,0.670000025491,
    0.692000025392,0.715000025487,0.744000025919,0.773000026723,
    0.802000027895,0.828000029232,0.845000030233,1.),.UNSPECIFIED.);
#7293 = CARTESIAN_POINT('',(27.29999892582,-9.125175281972,0.));
#7294 = CARTESIAN_POINT('',(27.310827089907,-9.133106544236,0.));
#7295 = CARTESIAN_POINT('',(27.321590736102,-9.141125889656,0.));
#7296 = CARTESIAN_POINT('',(27.332288789549,-9.149232530939,0.));
#7297 = CARTESIAN_POINT('',(27.356413901771,-9.167824619715,0.));
#7298 = CARTESIAN_POINT('',(27.369800242194,-9.178362903514,0.));
#7299 = CARTESIAN_POINT('',(27.383077058325,-9.18903884323,0.));
#7300 = CARTESIAN_POINT('',(27.405019035842,-9.207058620975,0.));
#7301 = CARTESIAN_POINT('',(27.413746213714,-9.214326944068,0.));
#7302 = CARTESIAN_POINT('',(27.422423154679,-9.221655166885,0.));
#7303 = CARTESIAN_POINT('',(27.442027906941,-9.238445161211,0.));
#7304 = CARTESIAN_POINT('',(27.452924199695,-9.247943735239,0.));
#7305 = CARTESIAN_POINT('',(27.463736860025,-9.257537404031,0.));
#7306 = CARTESIAN_POINT('',(27.485192445728,-9.276912700546,0.));
#7307 = CARTESIAN_POINT('',(27.495835371142,-9.286694328304,0.));
#7308 = CARTESIAN_POINT('',(27.506392194095,-9.29656882029,0.));
#7309 = CARTESIAN_POINT('',(27.525835579407,-9.315077493854,0.));
#7310 = CARTESIAN_POINT('',(27.534745305075,-9.323687342405,0.));
#7311 = CARTESIAN_POINT('',(27.543590127275,-9.332363852285,0.));
#7312 = CARTESIAN_POINT('',(27.564806469644,-9.353491395663,0.));
#7313 = CARTESIAN_POINT('',(27.577111887996,-9.366008808916,0.));
#7314 = CARTESIAN_POINT('',(27.589283447226,-9.378656421376,0.));
#7315 = CARTESIAN_POINT('',(27.609814861992,-9.400450165126,0.));
#7316 = CARTESIAN_POINT('',(27.618242903817,-9.40953205971,0.));
#7317 = CARTESIAN_POINT('',(27.626602511098,-9.418676985308,0.));
#7318 = CARTESIAN_POINT('',(27.645601508249,-9.439776767822,0.));
#7319 = CARTESIAN_POINT('',(27.656194687635,-9.451773234378,0.));
#7320 = CARTESIAN_POINT('',(27.666671009608,-9.463871884588,0.));
#7321 = CARTESIAN_POINT('',(27.682375078397,-9.482367312936,0.));
#7322 = CARTESIAN_POINT('',(27.687689625414,-9.488690390972,0.));
#7323 = CARTESIAN_POINT('',(27.692972452546,-9.495039994366,0.));
#7324 = CARTESIAN_POINT('',(27.70380245411,-9.508190265561,0.));
#7325 = CARTESIAN_POINT('',(27.709345514208,-9.514994321754,0.));
#7326 = CARTESIAN_POINT('',(27.714852305955,-9.521827764555,0.));
#7327 = CARTESIAN_POINT('',(27.729654270449,-9.540396985437,0.));
#7328 = CARTESIAN_POINT('',(27.738879726026,-9.552188336754,0.));
#7329 = CARTESIAN_POINT('',(27.747997811522,-9.564062910979,0.));
#7330 = CARTESIAN_POINT('',(27.765395665034,-9.58715097818,0.));
#7331 = CARTESIAN_POINT('',(27.773689880249,-9.59835358464,0.));
#7332 = CARTESIAN_POINT('',(27.781889161981,-9.609625859314,0.));
#7333 = CARTESIAN_POINT('',(27.797495865631,-9.63146726298,0.));
#7334 = CARTESIAN_POINT('',(27.804916954648,-9.642026626241,0.));
#7335 = CARTESIAN_POINT('',(27.812255221201,-9.652643714279,0.));
#7336 = CARTESIAN_POINT('',(27.826184395427,-9.673137473964,0.));
#7337 = CARTESIAN_POINT('',(27.832788126913,-9.683005429569,0.));
#7338 = CARTESIAN_POINT('',(27.839320675482,-9.692920651522,0.));
#7339 = CARTESIAN_POINT('',(27.853927845687,-9.715442788508,0.));
#7340 = CARTESIAN_POINT('',(27.861960188235,-9.728077124512,0.));
#7341 = CARTESIAN_POINT('',(27.869877560874,-9.740783822872,0.));
#7342 = CARTESIAN_POINT('',(27.885211424221,-9.765898185395,0.));
#7343 = CARTESIAN_POINT('',(27.892635772513,-9.778301052091,0.));
#7344 = CARTESIAN_POINT('',(27.899951177868,-9.79076848543,0.));
#7345 = CARTESIAN_POINT('',(27.914619787574,-9.816277120022,0.));
#7346 = CARTESIAN_POINT('',(27.921965011051,-9.829322910704,0.));
#7347 = CARTESIAN_POINT('',(27.929191559527,-9.842434812142,0.));
#7348 = CARTESIAN_POINT('',(27.942915413435,-9.86787886578,0.));
#7349 = CARTESIAN_POINT('',(27.949428640294,-9.880202430444,0.));
#7350 = CARTESIAN_POINT('',(27.955837527586,-9.892580577869,0.));
#7351 = CARTESIAN_POINT('',(27.966577459199,-9.913759999078,0.));
#7352 = CARTESIAN_POINT('',(27.9709615149,-9.922534391206,0.));
#7353 = CARTESIAN_POINT('',(27.975293332457,-9.931334689963,0.));
#7354 = CARTESIAN_POINT('',(27.985879099337,-9.953166777542,0.));
#7355 = CARTESIAN_POINT('',(27.992071573088,-9.966228374177,0.));
#7356 = CARTESIAN_POINT('',(27.99814938027,-9.979343720059,0.));
#7357 = CARTESIAN_POINT('',(28.009435454278,-10.0042680664,0.));
#7358 = CARTESIAN_POINT('',(28.014667115411,-10.01606647366,0.));
#7359 = CARTESIAN_POINT('',(28.019806329296,-10.02790544206,0.));
#7360 = CARTESIAN_POINT('',(28.029091527773,-10.04976177054,0.));
#7361 = CARTESIAN_POINT('',(28.033264865184,-10.05976751037,0.));
#7362 = CARTESIAN_POINT('',(28.03737237056,-10.06980045483,0.));
#7363 = CARTESIAN_POINT('',(28.048341916469,-10.09710480567,0.));
#7364 = CARTESIAN_POINT('',(28.055075816131,-10.11442769287,0.));
#7365 = CARTESIAN_POINT('',(28.061614162679,-10.1318253321,0.));
#7366 = CARTESIAN_POINT('',(28.072359628809,-10.16142569496,0.));
#7367 = CARTESIAN_POINT('',(28.076668620293,-10.17359143739,0.));
#7368 = CARTESIAN_POINT('',(28.080882319525,-10.18579051256,0.));
#7369 = CARTESIAN_POINT('',(28.087635887198,-10.20584982067,0.));
#7370 = CARTESIAN_POINT('',(28.090232239311,-10.21369103669,0.));
#7371 = CARTESIAN_POINT('',(28.092789305857,-10.22154515176,0.));
#7372 = CARTESIAN_POINT('',(28.098768810944,-10.2402286081,0.));
#7373 = CARTESIAN_POINT('',(28.102156176494,-10.25106917423,0.));
#7374 = CARTESIAN_POINT('',(28.105468842828,-10.26193279984,0.));
#7375 = CARTESIAN_POINT('',(28.112091486763,-10.28419943693,0.));
#7376 = CARTESIAN_POINT('',(28.1153944978,-10.29560452046,0.));
#7377 = CARTESIAN_POINT('',(28.118615350037,-10.30703307782,0.));
#7378 = CARTESIAN_POINT('',(28.125710975395,-10.3329226157,0.));
#7379 = CARTESIAN_POINT('',(28.129537148139,-10.34739691633,0.));
#7380 = CARTESIAN_POINT('',(28.133231829254,-10.36190533831,0.));
#7381 = CARTESIAN_POINT('',(28.14035732834,-10.39098683373,0.));
#7382 = CARTESIAN_POINT('',(28.143788146322,-10.40555990723,0.));
#7383 = CARTESIAN_POINT('',(28.147086592755,-10.42016351072,0.));
#7384 = CARTESIAN_POINT('',(28.153417960687,-10.44942816382,0.));
#7385 = CARTESIAN_POINT('',(28.156450882196,-10.46408921348,0.));
#7386 = CARTESIAN_POINT('',(28.159350650294,-10.47877717916,0.));
#7387 = CARTESIAN_POINT('',(28.164597030275,-10.5066812675,0.));
#7388 = CARTESIAN_POINT('',(28.166969833221,-10.51989246592,0.));
#7389 = CARTESIAN_POINT('',(28.169235086016,-10.53312252969,0.));
#7390 = CARTESIAN_POINT('',(28.172803240042,-10.5550320454,0.));
#7391 = CARTESIAN_POINT('',(28.174167834753,-10.56370145003,0.));
#7392 = CARTESIAN_POINT('',(28.175486298761,-10.57237799014,0.));
#7393 = CARTESIAN_POINT('',(28.188358768829,-10.66023260654,0.));
#7394 = CARTESIAN_POINT('',(28.19611957329,-10.73996660523,0.));
#7395 = CARTESIAN_POINT('',(28.2,-10.81998337319,0.));
#7396 = CARTESIAN_POINT('',(28.2,-10.9,0.));
#7397 = PCURVE('',#4969,#7398);
#7398 = DEFINITIONAL_REPRESENTATION('',(#7399),#7504);
#7399 = B_SPLINE_CURVE_WITH_KNOTS('',4,(#7400,#7401,#7402,#7403,#7404,
    #7405,#7406,#7407,#7408,#7409,#7410,#7411,#7412,#7413,#7414,#7415,
    #7416,#7417,#7418,#7419,#7420,#7421,#7422,#7423,#7424,#7425,#7426,
    #7427,#7428,#7429,#7430,#7431,#7432,#7433,#7434,#7435,#7436,#7437,
    #7438,#7439,#7440,#7441,#7442,#7443,#7444,#7445,#7446,#7447,#7448,
    #7449,#7450,#7451,#7452,#7453,#7454,#7455,#7456,#7457,#7458,#7459,
    #7460,#7461,#7462,#7463,#7464,#7465,#7466,#7467,#7468,#7469,#7470,
    #7471,#7472,#7473,#7474,#7475,#7476,#7477,#7478,#7479,#7480,#7481,
    #7482,#7483,#7484,#7485,#7486,#7487,#7488,#7489,#7490,#7491,#7492,
    #7493,#7494,#7495,#7496,#7497,#7498,#7499,#7500,#7501,#7502,#7503),
  .UNSPECIFIED.,.F.,.F.,(5,3,3,3,3,3,3,3,3,3,3,3,3,3,3,3,3,3,3,3,3,3,3,3
    ,3,3,3,3,3,3,3,3,3,3,5),(0.,2.600000270692E-02,5.900000620631E-02,
    8.100000855991E-02,0.109000011521,0.137000014403,0.161000016776,
    0.195000019905,0.219000021933,0.250000024266,0.26600002534,
    0.283000026373,0.312000027855,0.339000028918,0.364000029628,
    0.387000030051,0.416000030278,0.444000030205,0.473000029865,
    0.500000029356,0.519000028917,0.547000028183,0.572000027498,
    0.59300002694,0.629000026085,0.654000025664,0.670000025491,
    0.692000025392,0.715000025487,0.744000025919,0.773000026723,
    0.802000027895,0.828000029232,0.845000030233,1.),.UNSPECIFIED.);
#7400 = CARTESIAN_POINT('',(55.115208081894,4.655076658916));
#7401 = CARTESIAN_POINT('',(55.126805194106,4.648319363087));
#7402 = CARTESIAN_POINT('',(55.138347338214,4.641467728992));
#7403 = CARTESIAN_POINT('',(55.149833363032,4.634522427391));
#7404 = CARTESIAN_POINT('',(55.17576788199,4.618550967495));
#7405 = CARTESIAN_POINT('',(55.190181397205,4.60946801013));
#7406 = CARTESIAN_POINT('',(55.204500360023,4.600236713405));
#7407 = CARTESIAN_POINT('',(55.228203920135,4.584606486108));
#7408 = CARTESIAN_POINT('',(55.237642310102,4.578289133101));
#7409 = CARTESIAN_POINT('',(55.247036992139,4.571906962342));
#7410 = CARTESIAN_POINT('',(55.268287695718,4.557255756996));
#7411 = CARTESIAN_POINT('',(55.280116213704,4.548946830073));
#7412 = CARTESIAN_POINT('',(55.291871485646,4.540534595776));
#7413 = CARTESIAN_POINT('',(55.31523284793,4.523505472923));
#7414 = CARTESIAN_POINT('',(55.326838938317,4.514888584337));
#7415 = CARTESIAN_POINT('',(55.338369093225,4.506170348813));
#7416 = CARTESIAN_POINT('',(55.359638766309,4.489793009702));
#7417 = CARTESIAN_POINT('',(55.36939878047,4.482160524712));
#7418 = CARTESIAN_POINT('',(55.379101206316,4.47445496593));
#7419 = CARTESIAN_POINT('',(55.402407592336,4.455658193776));
#7420 = CARTESIAN_POINT('',(55.415952742996,4.444494061522));
#7421 = CARTESIAN_POINT('',(55.429378360858,4.433186464959));
#7422 = CARTESIAN_POINT('',(55.45207312389,4.413655617823));
#7423 = CARTESIAN_POINT('',(55.461403375417,4.405503372446));
#7424 = CARTESIAN_POINT('',(55.470672147798,4.397281295055));
#7425 = CARTESIAN_POINT('',(55.491770410193,4.378280609835));
#7426 = CARTESIAN_POINT('',(55.503558286948,4.367455794781));
#7427 = CARTESIAN_POINT('',(55.515240614461,4.356517153054));
#7428 = CARTESIAN_POINT('',(55.532790027494,4.339762549255));
#7429 = CARTESIAN_POINT('',(55.538735743424,4.334028947601));
#7430 = CARTESIAN_POINT('',(55.544652682476,4.328265653574));
#7431 = CARTESIAN_POINT('',(55.556796560431,4.31631806827));
#7432 = CARTESIAN_POINT('',(55.563019761287,4.310129977528));
#7433 = CARTESIAN_POINT('',(55.569209960416,4.303908873879));
#7434 = CARTESIAN_POINT('',(55.585869905125,4.286986688461));
#7435 = CARTESIAN_POINT('',(55.596276117249,4.276223057767));
#7436 = CARTESIAN_POINT('',(55.606584235834,4.265365448115));
#7437 = CARTESIAN_POINT('',(55.626297711622,4.244220164332));
#7438 = CARTESIAN_POINT('',(55.635716300346,4.233944825701));
#7439 = CARTESIAN_POINT('',(55.64504774885,4.223590287272));
#7440 = CARTESIAN_POINT('',(55.662849696074,4.203497831276));
#7441 = CARTESIAN_POINT('',(55.671332767508,4.193771053099));
#7442 = CARTESIAN_POINT('',(55.679739496477,4.183978217837));
#7443 = CARTESIAN_POINT('',(55.69573237073,4.165050881686));
#7444 = CARTESIAN_POINT('',(55.703330359654,4.155926388184));
#7445 = CARTESIAN_POINT('',(55.710862490028,4.146747454193));
#7446 = CARTESIAN_POINT('',(55.727741445534,4.125873620409));
#7447 = CARTESIAN_POINT('',(55.737049085816,4.114147034996));
#7448 = CARTESIAN_POINT('',(55.746249940278,4.102336478283));
#7449 = CARTESIAN_POINT('',(55.764122281743,4.078960465349));
#7450 = CARTESIAN_POINT('',(55.772801082456,4.067400600816));
#7451 = CARTESIAN_POINT('',(55.781378277394,4.055765147384));
#7452 = CARTESIAN_POINT('',(55.798630169135,4.031927555626));
#7453 = CARTESIAN_POINT('',(55.807297407889,4.019720019641));
#7454 = CARTESIAN_POINT('',(55.815853523228,4.00743434292));
#7455 = CARTESIAN_POINT('',(55.832159080131,3.98356233325));
#7456 = CARTESIAN_POINT('',(55.839923459434,3.971986203318));
#7457 = CARTESIAN_POINT('',(55.847589768712,3.960344894455));
#7458 = CARTESIAN_POINT('',(55.860482425811,3.940402642659));
#7459 = CARTESIAN_POINT('',(55.865758688422,3.932133969581));
#7460 = CARTESIAN_POINT('',(55.870985703447,3.923834077083));
#7461 = CARTESIAN_POINT('',(55.883793186088,3.903226629474));
#7462 = CARTESIAN_POINT('',(55.891315626521,3.890883010566));
#7463 = CARTESIAN_POINT('',(55.898729639344,3.878473963399));
#7464 = CARTESIAN_POINT('',(55.912556476695,3.854864281567));
#7465 = CARTESIAN_POINT('',(55.918991461576,3.8436766249));
#7466 = CARTESIAN_POINT('',(55.925338739689,3.832438976007));
#7467 = CARTESIAN_POINT('',(55.93685529405,3.811671622279));
#7468 = CARTESIAN_POINT('',(55.942050560285,3.802156330189));
#7469 = CARTESIAN_POINT('',(55.947183194876,3.792607108389));
#7470 = CARTESIAN_POINT('',(55.960943740416,3.766597381384));
#7471 = CARTESIAN_POINT('',(55.969449586248,3.750072297044));
#7472 = CARTESIAN_POINT('',(55.977768753045,3.733452450781));
#7473 = CARTESIAN_POINT('',(55.99154617976,3.705135864873));
#7474 = CARTESIAN_POINT('',(55.997101893374,3.693486541181));
#7475 = CARTESIAN_POINT('',(56.002566316024,3.681794117074));
#7476 = CARTESIAN_POINT('',(56.011377443386,3.662549622989));
#7477 = CARTESIAN_POINT('',(56.01477833739,3.655022363666));
#7478 = CARTESIAN_POINT('',(56.018141507409,3.647478173822));
#7479 = CARTESIAN_POINT('',(56.02603914491,3.62952118789));
#7480 = CARTESIAN_POINT('',(56.030539903148,3.619093566172));
#7481 = CARTESIAN_POINT('',(56.034968778217,3.608635211371));
#7482 = CARTESIAN_POINT('',(56.043880173831,3.587181783481));
#7483 = CARTESIAN_POINT('',(56.048355982243,3.576183922263));
#7484 = CARTESIAN_POINT('',(56.052752531942,3.565154136988));
#7485 = CARTESIAN_POINT('',(56.062512605675,3.540146997373));
#7486 = CARTESIAN_POINT('',(56.067829185793,3.526151321173));
#7487 = CARTESIAN_POINT('',(56.073018555781,3.512107980546));
#7488 = CARTESIAN_POINT('',(56.083141625439,3.483929450178));
#7489 = CARTESIAN_POINT('',(56.088075325127,3.469794260375));
#7490 = CARTESIAN_POINT('',(56.092880564583,3.455614886004));
#7491 = CARTESIAN_POINT('',(56.102232968134,3.427171280598));
#7492 = CARTESIAN_POINT('',(56.106780132245,3.4129070495));
#7493 = CARTESIAN_POINT('',(56.111197681184,3.398602146425));
#7494 = CARTESIAN_POINT('',(56.119328965237,3.371398380714));
#7495 = CARTESIAN_POINT('',(56.12306823409,3.358507150137));
#7496 = CARTESIAN_POINT('',(56.12670251048,3.345585927566));
#7497 = CARTESIAN_POINT('',(56.132538823796,3.324168737072));
#7498 = CARTESIAN_POINT('',(56.134801167901,3.315689203201));
#7499 = CARTESIAN_POINT('',(56.1370183785,3.307197756167));
#7500 = CARTESIAN_POINT('',(56.158993750316,3.221167429298));
#7501 = CARTESIAN_POINT('',(56.17503749009,3.142679601914));
#7502 = CARTESIAN_POINT('',(56.187251587736,3.06350538461));
#7503 = CARTESIAN_POINT('',(56.195606454714,2.983926136295));
#7504 = ( GEOMETRIC_REPRESENTATION_CONTEXT(2) 
PARAMETRIC_REPRESENTATION_CONTEXT() REPRESENTATION_CONTEXT('2D SPACE',''
  ) );
#7505 = PCURVE('',#7506,#7535);
#7506 = B_SPLINE_SURFACE_WITH_KNOTS('',13,1,(
    (#7507,#7508)
    ,(#7509,#7510)
    ,(#7511,#7512)
    ,(#7513,#7514)
    ,(#7515,#7516)
    ,(#7517,#7518)
    ,(#7519,#7520)
    ,(#7521,#7522)
    ,(#7523,#7524)
    ,(#7525,#7526)
    ,(#7527,#7528)
    ,(#7529,#7530)
    ,(#7531,#7532)
    ,(#7533,#7534
    )),.UNSPECIFIED.,.T.,.F.,.F.,(14,14),(2,2),(0.,6.28318530718),(0.,1.
    ),.PIECEWISE_BEZIER_KNOTS.);
#7507 = CARTESIAN_POINT('',(22.085386370827,-10.9,-20.));
#7508 = CARTESIAN_POINT('',(31.169576649446,-10.9,9.71304755963));
#7509 = CARTESIAN_POINT('',(22.085386370825,-9.836691717247,-20.));
#7510 = CARTESIAN_POINT('',(31.169576649445,-9.836691717247,
    9.71304755963));
#7511 = CARTESIAN_POINT('',(21.528636400869,-8.77338300929,
    -19.99999999999));
#7512 = CARTESIAN_POINT('',(30.612826679486,-8.77338300929,
    9.713047559631));
#7513 = CARTESIAN_POINT('',(20.415169606858,-8.028092281618,-20.));
#7514 = CARTESIAN_POINT('',(29.499359885483,-8.028092281618,
    9.713047559629));
#7515 = CARTESIAN_POINT('',(18.944619774903,-7.918798492185,
    -19.99999999998));
#7516 = CARTESIAN_POINT('',(28.028810053511,-7.918798492185,
    9.713047559632));
#7517 = CARTESIAN_POINT('',(17.517259637114,-8.62416891337,
    -20.00000000003));
#7518 = CARTESIAN_POINT('',(26.601449915754,-8.62416891337,
    9.713047559631));
#7519 = CARTESIAN_POINT('',(16.621246415725,-10.04321512065,
    -19.99999999995));
#7520 = CARTESIAN_POINT('',(25.705436694312,-10.04321512065,
    9.713047559624));
#7521 = CARTESIAN_POINT('',(16.621246415619,-11.75678487935,
    -20.00000000005));
#7522 = CARTESIAN_POINT('',(25.705436694279,-11.75678487935,
    9.713047559643));
#7523 = CARTESIAN_POINT('',(17.517259637198,-13.17583108662,
    -19.99999999994));
#7524 = CARTESIAN_POINT('',(26.601449915777,-13.17583108662,
    9.713047559615));
#7525 = CARTESIAN_POINT('',(18.94461977485,-13.88120150782,
    -20.00000000003));
#7526 = CARTESIAN_POINT('',(28.0288100535,-13.88120150782,9.713047559643
    ));
#7527 = CARTESIAN_POINT('',(20.415169606884,-13.77190771837,
    -19.99999999997));
#7528 = CARTESIAN_POINT('',(29.499359885485,-13.77190771837,
    9.713047559623));
#7529 = CARTESIAN_POINT('',(21.52863640086,-13.02661699071,-20.));
#7530 = CARTESIAN_POINT('',(30.612826679486,-13.02661699071,
    9.713047559634));
#7531 = CARTESIAN_POINT('',(22.085386370827,-11.96330828275,
    -19.99999999999));
#7532 = CARTESIAN_POINT('',(31.169576649445,-11.96330828275,
    9.71304755963));
#7533 = CARTESIAN_POINT('',(22.085386370827,-10.9,-20.));
#7534 = CARTESIAN_POINT('',(31.169576649446,-10.9,9.71304755963));
#7535 = DEFINITIONAL_REPRESENTATION('',(#7536),#7641);
#7536 = B_SPLINE_CURVE_WITH_KNOTS('',4,(#7537,#7538,#7539,#7540,#7541,
    #7542,#7543,#7544,#7545,#7546,#7547,#7548,#7549,#7550,#7551,#7552,
    #7553,#7554,#7555,#7556,#7557,#7558,#7559,#7560,#7561,#7562,#7563,
    #7564,#7565,#7566,#7567,#7568,#7569,#7570,#7571,#7572,#7573,#7574,
    #7575,#7576,#7577,#7578,#7579,#7580,#7581,#7582,#7583,#7584,#7585,
    #7586,#7587,#7588,#7589,#7590,#7591,#7592,#7593,#7594,#7595,#7596,
    #7597,#7598,#7599,#7600,#7601,#7602,#7603,#7604,#7605,#7606,#7607,
    #7608,#7609,#7610,#7611,#7612,#7613,#7614,#7615,#7616,#7617,#7618,
    #7619,#7620,#7621,#7622,#7623,#7624,#7625,#7626,#7627,#7628,#7629,
    #7630,#7631,#7632,#7633,#7634,#7635,#7636,#7637,#7638,#7639,#7640),
  .UNSPECIFIED.,.F.,.F.,(5,3,3,3,3,3,3,3,3,3,3,3,3,3,3,3,3,3,3,3,3,3,3,3
    ,3,3,3,3,3,3,3,3,3,3,5),(0.,2.600000270692E-02,5.900000620631E-02,
    8.100000855991E-02,0.109000011521,0.137000014403,0.161000016776,
    0.195000019905,0.219000021933,0.250000024266,0.26600002534,
    0.283000026373,0.312000027855,0.339000028918,0.364000029628,
    0.387000030051,0.416000030278,0.444000030205,0.473000029865,
    0.500000029356,0.519000028917,0.547000028183,0.572000027498,
    0.59300002694,0.629000026085,0.654000025664,0.670000025491,
    0.692000025392,0.715000025487,0.744000025919,0.773000026723,
    0.802000027895,0.828000029232,0.845000030233,1.),.UNSPECIFIED.);
#7537 = CARTESIAN_POINT('',(0.938611678114,0.673104970463));
#7538 = CARTESIAN_POINT('',(0.932510702198,0.673104970463));
#7539 = CARTESIAN_POINT('',(0.926409726287,0.673104970463));
#7540 = CARTESIAN_POINT('',(0.920308750382,0.673104970463));
#7541 = CARTESIAN_POINT('',(0.906464228135,0.673104970463));
#7542 = CARTESIAN_POINT('',(0.898720681786,0.673104970463));
#7543 = CARTESIAN_POINT('',(0.890977135441,0.673104970463));
#7544 = CARTESIAN_POINT('',(0.878071224877,0.673104970463));
#7545 = CARTESIAN_POINT('',(0.872908860647,0.673104970463));
#7546 = CARTESIAN_POINT('',(0.867746496417,0.673104970463));
#7547 = CARTESIAN_POINT('',(0.856013850447,0.673104970463));
#7548 = CARTESIAN_POINT('',(0.849443568702,0.673104970463));
#7549 = CARTESIAN_POINT('',(0.842873286952,0.673104970463));
#7550 = CARTESIAN_POINT('',(0.829732723466,0.673104970463));
#7551 = CARTESIAN_POINT('',(0.823162441722,0.673104970463));
#7552 = CARTESIAN_POINT('',(0.816592159971,0.673104970463));
#7553 = CARTESIAN_POINT('',(0.804390208157,0.673104970463));
#7554 = CARTESIAN_POINT('',(0.798758538092,0.673104970463));
#7555 = CARTESIAN_POINT('',(0.793126868019,0.673104970463));
#7556 = CARTESIAN_POINT('',(0.779516998711,0.673104970463));
#7557 = CARTESIAN_POINT('',(0.771538799455,0.673104970463));
#7558 = CARTESIAN_POINT('',(0.763560600176,0.673104970463));
#7559 = CARTESIAN_POINT('',(0.749950730834,0.673104970463));
#7560 = CARTESIAN_POINT('',(0.744319060772,0.673104970463));
#7561 = CARTESIAN_POINT('',(0.738687390696,0.673104970463));
#7562 = CARTESIAN_POINT('',(0.725781480143,0.673104970463));
#7563 = CARTESIAN_POINT('',(0.718507239649,0.673104970463));
#7564 = CARTESIAN_POINT('',(0.711232999128,0.673104970463));
#7565 = CARTESIAN_POINT('',(0.700204311885,0.673104970463));
#7566 = CARTESIAN_POINT('',(0.696449865176,0.673104970463));
#7567 = CARTESIAN_POINT('',(0.69269541846,0.673104970463));
#7568 = CARTESIAN_POINT('',(0.684951872117,0.673104970463));
#7569 = CARTESIAN_POINT('',(0.68096277249,0.673104970463));
#7570 = CARTESIAN_POINT('',(0.676973672853,0.673104970463));
#7571 = CARTESIAN_POINT('',(0.666179638584,0.673104970463));
#7572 = CARTESIAN_POINT('',(0.65937470393,0.673104970463));
#7573 = CARTESIAN_POINT('',(0.652569769248,0.673104970463));
#7574 = CARTESIAN_POINT('',(0.639429205753,0.673104970463));
#7575 = CARTESIAN_POINT('',(0.633093576937,0.673104970463));
#7576 = CARTESIAN_POINT('',(0.626757948096,0.673104970463));
#7577 = CARTESIAN_POINT('',(0.614555996277,0.673104970463));
#7578 = CARTESIAN_POINT('',(0.608689673299,0.673104970463));
#7579 = CARTESIAN_POINT('',(0.602823350299,0.673104970463));
#7580 = CARTESIAN_POINT('',(0.591560010158,0.673104970463));
#7581 = CARTESIAN_POINT('',(0.586162993016,0.673104970463));
#7582 = CARTESIAN_POINT('',(0.580765975858,0.673104970463));
#7583 = CARTESIAN_POINT('',(0.568564024059,0.673104970463));
#7584 = CARTESIAN_POINT('',(0.561759089402,0.673104970463));
#7585 = CARTESIAN_POINT('',(0.55495415472,0.673104970463));
#7586 = CARTESIAN_POINT('',(0.541578938306,0.673104970463));
#7587 = CARTESIAN_POINT('',(0.535008656567,0.673104970463));
#7588 = CARTESIAN_POINT('',(0.528438374807,0.673104970463));
#7589 = CARTESIAN_POINT('',(0.515063158397,0.673104970463));
#7590 = CARTESIAN_POINT('',(0.508258223737,0.673104970463));
#7591 = CARTESIAN_POINT('',(0.501453289058,0.673104970463));
#7592 = CARTESIAN_POINT('',(0.48831272556,0.673104970463));
#7593 = CARTESIAN_POINT('',(0.481977096737,0.673104970463));
#7594 = CARTESIAN_POINT('',(0.475641467901,0.673104970463));
#7595 = CARTESIAN_POINT('',(0.464847433593,0.673104970463));
#7596 = CARTESIAN_POINT('',(0.460389028124,0.673104970463));
#7597 = CARTESIAN_POINT('',(0.45593062265,0.673104970463));
#7598 = CARTESIAN_POINT('',(0.444901935437,0.673104970463));
#7599 = CARTESIAN_POINT('',(0.43833165369,0.673104970463));
#7600 = CARTESIAN_POINT('',(0.431761371938,0.673104970463));
#7601 = CARTESIAN_POINT('',(0.4193247672,0.673104970463));
#7602 = CARTESIAN_POINT('',(0.41345844421,0.673104970463));
#7603 = CARTESIAN_POINT('',(0.407592121219,0.673104970463));
#7604 = CARTESIAN_POINT('',(0.39679808692,0.673104970463));
#7605 = CARTESIAN_POINT('',(0.391870375608,0.673104970463));
#7606 = CARTESIAN_POINT('',(0.386942664298,0.673104970463));
#7607 = CARTESIAN_POINT('',(0.373567447874,0.673104970463));
#7608 = CARTESIAN_POINT('',(0.365119942753,0.673104970463));
#7609 = CARTESIAN_POINT('',(0.356672437649,0.673104970463));
#7610 = CARTESIAN_POINT('',(0.342358609575,0.673104970463));
#7611 = CARTESIAN_POINT('',(0.336492286579,0.673104970463));
#7612 = CARTESIAN_POINT('',(0.330625963595,0.673104970463));
#7613 = CARTESIAN_POINT('',(0.321005193906,0.673104970463));
#7614 = CARTESIAN_POINT('',(0.31725074719,0.673104970463));
#7615 = CARTESIAN_POINT('',(0.31349630048,0.673104970463));
#7616 = CARTESIAN_POINT('',(0.304579489529,0.673104970463));
#7617 = CARTESIAN_POINT('',(0.299417125291,0.673104970463));
#7618 = CARTESIAN_POINT('',(0.294254761067,0.673104970463));
#7619 = CARTESIAN_POINT('',(0.283695379686,0.673104970463));
#7620 = CARTESIAN_POINT('',(0.278298362527,0.673104970463));
#7621 = CARTESIAN_POINT('',(0.272901345386,0.673104970463));
#7622 = CARTESIAN_POINT('',(0.260699393556,0.673104970463));
#7623 = CARTESIAN_POINT('',(0.253894458872,0.673104970463));
#7624 = CARTESIAN_POINT('',(0.247089524218,0.673104970463));
#7625 = CARTESIAN_POINT('',(0.233479654889,0.673104970463));
#7626 = CARTESIAN_POINT('',(0.226674720206,0.673104970463));
#7627 = CARTESIAN_POINT('',(0.219869785552,0.673104970463));
#7628 = CARTESIAN_POINT('',(0.206259916225,0.673104970463));
#7629 = CARTESIAN_POINT('',(0.199454981544,0.673104970463));
#7630 = CARTESIAN_POINT('',(0.19265004689,0.673104970463));
#7631 = CARTESIAN_POINT('',(0.17974413633,0.673104970463));
#7632 = CARTESIAN_POINT('',(0.173643160412,0.673104970463));
#7633 = CARTESIAN_POINT('',(0.167542184514,0.673104970463));
#7634 = CARTESIAN_POINT('',(0.157452108993,0.673104970463));
#7635 = CARTESIAN_POINT('',(0.153463009358,0.673104970463));
#7636 = CARTESIAN_POINT('',(0.14947390973,0.673104970463));
#7637 = CARTESIAN_POINT('',(0.109113616909,0.673104970463));
#7638 = CARTESIAN_POINT('',(7.274240562727E-02,0.673104970463));
#7639 = CARTESIAN_POINT('',(3.637119400047E-02,0.673104970463));
#7640 = CARTESIAN_POINT('',(0.,0.673104970463));
#7641 = ( GEOMETRIC_REPRESENTATION_CONTEXT(2) 
PARAMETRIC_REPRESENTATION_CONTEXT() REPRESENTATION_CONTEXT('2D SPACE',''
  ) );
#7642 = ORIENTED_EDGE('',*,*,#7643,.T.);
#7643 = EDGE_CURVE('',#7289,#7644,#7646,.T.);
#7644 = VERTEX_POINT('',#7645);
#7645 = CARTESIAN_POINT('',(24.7,-9.125176051639,-8.881784197001E-16));
#7646 = SURFACE_CURVE('',#7647,(#7678,#7712),.PCURVE_S1.);
#7647 = B_SPLINE_CURVE_WITH_KNOTS('',8,(#7648,#7649,#7650,#7651,#7652,
    #7653,#7654,#7655,#7656,#7657,#7658,#7659,#7660,#7661,#7662,#7663,
    #7664,#7665,#7666,#7667,#7668,#7669,#7670,#7671,#7672,#7673,#7674,
    #7675,#7676,#7677),.UNSPECIFIED.,.F.,.F.,(9,7,7,7,9),(0.,
    0.250997844299,0.500997847668,0.750997856951,1.),.UNSPECIFIED.);
#7648 = CARTESIAN_POINT('',(28.2,-10.9,0.));
#7649 = CARTESIAN_POINT('',(28.2,-11.18147622471,0.));
#7650 = CARTESIAN_POINT('',(28.158841614286,-11.46339221235,0.));
#7651 = CARTESIAN_POINT('',(28.076303467864,-11.73801598743,0.));
#7652 = CARTESIAN_POINT('',(27.954163586479,-11.99838420772,0.));
#7653 = CARTESIAN_POINT('',(27.795234006665,-12.2380738522,0.));
#7654 = CARTESIAN_POINT('',(27.60354001597,-12.45134403465,0.));
#7655 = CARTESIAN_POINT('',(27.384105358123,-12.63305546567,0.));
#7656 = CARTESIAN_POINT('',(26.904151757371,-12.92511968416,0.));
#7657 = CARTESIAN_POINT('',(26.643058792799,-13.03620410703,0.));
#7658 = CARTESIAN_POINT('',(26.366780384921,-13.10847799865,0.));
#7659 = CARTESIAN_POINT('',(26.082103970849,-13.13985694062,0.));
#7660 = CARTESIAN_POINT('',(25.795894178241,-13.12940433624,0.));
#7661 = CARTESIAN_POINT('',(25.51506579216,-13.07755170022,0.));
#7662 = CARTESIAN_POINT('',(25.2465406485,-12.98588090951,0.));
#7663 = CARTESIAN_POINT('',(24.747488027944,-12.7302497094,0.));
#7664 = CARTESIAN_POINT('',(24.516193312592,-12.56589629297,0.));
#7665 = CARTESIAN_POINT('',(24.310023521207,-12.36829239826,0.));
#7666 = CARTESIAN_POINT('',(24.134306874807,-12.14213102463,0.));
#7667 = CARTESIAN_POINT('',(23.993433903126,-11.89277162076,0.));
#7668 = CARTESIAN_POINT('',(23.890655560416,-11.62633233509,0.));
#7669 = CARTESIAN_POINT('',(23.828246217942,-11.34953933945,0.));
#7670 = CARTESIAN_POINT('',(23.78499953419,-10.79161740718,0.));
#7671 = CARTESIAN_POINT('',(23.803771892157,-10.50966267177,0.));
#7672 = CARTESIAN_POINT('',(23.863690280572,-10.23165424879,0.));
#7673 = CARTESIAN_POINT('',(23.963568298269,-9.964505615982,0.));
#7674 = CARTESIAN_POINT('',(24.101173708073,-9.714688161967,0.));
#7675 = CARTESIAN_POINT('',(24.273051225658,-9.488111432694,0.));
#7676 = CARTESIAN_POINT('',(24.474728805381,-9.290179550696,0.));
#7677 = CARTESIAN_POINT('',(24.700001064895,-9.12517527164,0.));
#7678 = PCURVE('',#4969,#7679);
#7679 = DEFINITIONAL_REPRESENTATION('',(#7680),#7711);
#7680 = B_SPLINE_CURVE_WITH_KNOTS('',8,(#7681,#7682,#7683,#7684,#7685,
    #7686,#7687,#7688,#7689,#7690,#7691,#7692,#7693,#7694,#7695,#7696,
    #7697,#7698,#7699,#7700,#7701,#7702,#7703,#7704,#7705,#7706,#7707,
    #7708,#7709,#7710),.UNSPECIFIED.,.F.,.F.,(9,7,7,7,9),(0.,
    0.250997844299,0.500997847668,0.750997856951,1.),.UNSPECIFIED.);
#7681 = CARTESIAN_POINT('',(56.195606454714,2.983926136295));
#7682 = CARTESIAN_POINT('',(56.22499655161,2.703988487376));
#7683 = CARTESIAN_POINT('',(56.213499155905,2.419315962016));
#7684 = CARTESIAN_POINT('',(56.160086775121,2.137575157318));
#7685 = CARTESIAN_POINT('',(56.065800644779,1.865877004233));
#7686 = CARTESIAN_POINT('',(55.932766776363,1.610903031316));
#7687 = CARTESIAN_POINT('',(55.764389025138,1.378783041477));
#7688 = CARTESIAN_POINT('',(55.565127060111,1.175152782132));
#7689 = CARTESIAN_POINT('',(55.118292564472,0.83457107372));
#7690 = CARTESIAN_POINT('',(54.870225542927,0.696832052475));
#7691 = CARTESIAN_POINT('',(54.603003715053,0.596105845468));
#7692 = CARTESIAN_POINT('',(54.323159774436,0.535174181875));
#7693 = CARTESIAN_POINT('',(54.037423032093,0.51568530303));
#7694 = CARTESIAN_POINT('',(53.752715532452,0.537932054228));
#7695 = CARTESIAN_POINT('',(53.476086446308,0.601063942728));
#7696 = CARTESIAN_POINT('',(52.953070183827,0.803189690056));
#7697 = CARTESIAN_POINT('',(52.705878927341,0.942494297159));
#7698 = CARTESIAN_POINT('',(52.48020343963,1.117491029507));
#7699 = CARTESIAN_POINT('',(52.281832832623,1.324068881706));
#7700 = CARTESIAN_POINT('',(52.115693239206,1.557356133708));
#7701 = CARTESIAN_POINT('',(51.98565666479,1.811607525041));
#7702 = CARTESIAN_POINT('',(51.894687356137,2.080371126273));
#7703 = CARTESIAN_POINT('',(51.79342212618,2.63072783911));
#7704 = CARTESIAN_POINT('',(51.782651812477,2.913101482687));
#7705 = CARTESIAN_POINT('',(51.813214671915,3.195846611983));
#7706 = CARTESIAN_POINT('',(51.884652653114,3.471963661933));
#7707 = CARTESIAN_POINT('',(51.995421424975,3.734783540021));
#7708 = CARTESIAN_POINT('',(52.142701630221,3.97806822191));
#7709 = CARTESIAN_POINT('',(52.322609934621,4.195976179732));
#7710 = CARTESIAN_POINT('',(52.529422055271,4.383600138131));
#7711 = ( GEOMETRIC_REPRESENTATION_CONTEXT(2) 
PARAMETRIC_REPRESENTATION_CONTEXT() REPRESENTATION_CONTEXT('2D SPACE',''
  ) );
#7712 = PCURVE('',#7713,#7742);
#7713 = B_SPLINE_SURFACE_WITH_KNOTS('',13,1,(
    (#7714,#7715)
    ,(#7716,#7717)
    ,(#7718,#7719)
    ,(#7720,#7721)
    ,(#7722,#7723)
    ,(#7724,#7725)
    ,(#7726,#7727)
    ,(#7728,#7729)
    ,(#7730,#7731)
    ,(#7732,#7733)
    ,(#7734,#7735)
    ,(#7736,#7737)
    ,(#7738,#7739)
    ,(#7740,#7741
    )),.UNSPECIFIED.,.T.,.F.,.F.,(14,14),(2,2),(0.,6.28318530718),(0.,1.
    ),.PIECEWISE_BEZIER_KNOTS.);
#7714 = CARTESIAN_POINT('',(22.085386370827,-10.9,-20.));
#7715 = CARTESIAN_POINT('',(31.169576649446,-10.9,9.71304755963));
#7716 = CARTESIAN_POINT('',(22.085386370825,-9.836691717247,-20.));
#7717 = CARTESIAN_POINT('',(31.169576649445,-9.836691717247,
    9.71304755963));
#7718 = CARTESIAN_POINT('',(21.528636400869,-8.77338300929,
    -19.99999999999));
#7719 = CARTESIAN_POINT('',(30.612826679486,-8.77338300929,
    9.713047559631));
#7720 = CARTESIAN_POINT('',(20.415169606858,-8.028092281618,-20.));
#7721 = CARTESIAN_POINT('',(29.499359885483,-8.028092281618,
    9.713047559629));
#7722 = CARTESIAN_POINT('',(18.944619774903,-7.918798492185,
    -19.99999999998));
#7723 = CARTESIAN_POINT('',(28.028810053511,-7.918798492185,
    9.713047559632));
#7724 = CARTESIAN_POINT('',(17.517259637114,-8.62416891337,
    -20.00000000003));
#7725 = CARTESIAN_POINT('',(26.601449915754,-8.62416891337,
    9.713047559631));
#7726 = CARTESIAN_POINT('',(16.621246415725,-10.04321512065,
    -19.99999999995));
#7727 = CARTESIAN_POINT('',(25.705436694312,-10.04321512065,
    9.713047559624));
#7728 = CARTESIAN_POINT('',(16.621246415619,-11.75678487935,
    -20.00000000005));
#7729 = CARTESIAN_POINT('',(25.705436694279,-11.75678487935,
    9.713047559643));
#7730 = CARTESIAN_POINT('',(17.517259637198,-13.17583108662,
    -19.99999999994));
#7731 = CARTESIAN_POINT('',(26.601449915777,-13.17583108662,
    9.713047559615));
#7732 = CARTESIAN_POINT('',(18.94461977485,-13.88120150782,
    -20.00000000003));
#7733 = CARTESIAN_POINT('',(28.0288100535,-13.88120150782,9.713047559643
    ));
#7734 = CARTESIAN_POINT('',(20.415169606884,-13.77190771837,
    -19.99999999997));
#7735 = CARTESIAN_POINT('',(29.499359885485,-13.77190771837,
    9.713047559623));
#7736 = CARTESIAN_POINT('',(21.52863640086,-13.02661699071,-20.));
#7737 = CARTESIAN_POINT('',(30.612826679486,-13.02661699071,
    9.713047559634));
#7738 = CARTESIAN_POINT('',(22.085386370827,-11.96330828275,
    -19.99999999999));
#7739 = CARTESIAN_POINT('',(31.169576649445,-11.96330828275,
    9.71304755963));
#7740 = CARTESIAN_POINT('',(22.085386370827,-10.9,-20.));
#7741 = CARTESIAN_POINT('',(31.169576649446,-10.9,9.71304755963));
#7742 = DEFINITIONAL_REPRESENTATION('',(#7743),#7774);
#7743 = B_SPLINE_CURVE_WITH_KNOTS('',8,(#7744,#7745,#7746,#7747,#7748,
    #7749,#7750,#7751,#7752,#7753,#7754,#7755,#7756,#7757,#7758,#7759,
    #7760,#7761,#7762,#7763,#7764,#7765,#7766,#7767,#7768,#7769,#7770,
    #7771,#7772,#7773),.UNSPECIFIED.,.F.,.F.,(9,7,7,7,9),(0.,
    0.250997844299,0.500997847668,0.750997856951,1.),.UNSPECIFIED.);
#7744 = CARTESIAN_POINT('',(6.28318530718,0.673104970463));
#7745 = CARTESIAN_POINT('',(6.155241568674,0.673104970463));
#7746 = CARTESIAN_POINT('',(6.027098494576,0.673104970463));
#7747 = CARTESIAN_POINT('',(5.899074776106,0.673104970463));
#7748 = CARTESIAN_POINT('',(5.771119633157,0.673104970463));
#7749 = CARTESIAN_POINT('',(5.643164486886,0.673104970463));
#7750 = CARTESIAN_POINT('',(5.515140850516,0.673104970463));
#7751 = CARTESIAN_POINT('',(5.386997779878,0.673104970463));
#7752 = CARTESIAN_POINT('',(5.131618895882,0.673104970463));
#7753 = CARTESIAN_POINT('',(5.003988376112,0.673104970463));
#7754 = CARTESIAN_POINT('',(4.876474700613,0.673104970463));
#7755 = CARTESIAN_POINT('',(4.74902846474,0.673104970463));
#7756 = CARTESIAN_POINT('',(4.62158223435,0.673104970463));
#7757 = CARTESIAN_POINT('',(4.494068568506,0.673104970463));
#7758 = CARTESIAN_POINT('',(4.366438053912,0.673104970463));
#7759 = CARTESIAN_POINT('',(4.111567809082,0.673104970463));
#7760 = CARTESIAN_POINT('',(3.983937292644,0.673104970463));
#7761 = CARTESIAN_POINT('',(3.856423628117,0.673104970463));
#7762 = CARTESIAN_POINT('',(3.728977402458,0.673104970463));
#7763 = CARTESIAN_POINT('',(3.601531173851,0.673104970463));
#7764 = CARTESIAN_POINT('',(3.474017502168,0.673104970463));
#7765 = CARTESIAN_POINT('',(3.346386977954,0.673104970463));
#7766 = CARTESIAN_POINT('',(3.092025371052,0.673104970463));
#7767 = CARTESIAN_POINT('',(2.964907368611,0.673104970463));
#7768 = CARTESIAN_POINT('',(2.837903689465,0.673104970463));
#7769 = CARTESIAN_POINT('',(2.710966402238,0.673104970463));
#7770 = CARTESIAN_POINT('',(2.58402911626,0.673104970463));
#7771 = CARTESIAN_POINT('',(2.457025440244,0.673104970463));
#7772 = CARTESIAN_POINT('',(2.329907441099,0.673104970463));
#7773 = CARTESIAN_POINT('',(2.202980967508,0.673104970463));
#7774 = ( GEOMETRIC_REPRESENTATION_CONTEXT(2) 
PARAMETRIC_REPRESENTATION_CONTEXT() REPRESENTATION_CONTEXT('2D SPACE',''
  ) );
#7775 = ORIENTED_EDGE('',*,*,#7776,.F.);
#7776 = EDGE_CURVE('',#7777,#7644,#7779,.T.);
#7777 = VERTEX_POINT('',#7778);
#7778 = CARTESIAN_POINT('',(24.7,-8.125,0.));
#7779 = SURFACE_CURVE('',#7780,(#7784,#7791),.PCURVE_S1.);
#7780 = LINE('',#7781,#7782);
#7781 = CARTESIAN_POINT('',(24.7,-7.4375,0.));
#7782 = VECTOR('',#7783,1.);
#7783 = DIRECTION('',(0.,-1.,0.));
#7784 = PCURVE('',#4969,#7785);
#7785 = DEFINITIONAL_REPRESENTATION('',(#7786),#7790);
#7786 = LINE('',#7787,#7788);
#7787 = CARTESIAN_POINT('',(52.353203840334,6.062050305169));
#7788 = VECTOR('',#7789,1.);
#7789 = DIRECTION('',(0.104414136312,-0.994533904972));
#7790 = ( GEOMETRIC_REPRESENTATION_CONTEXT(2) 
PARAMETRIC_REPRESENTATION_CONTEXT() REPRESENTATION_CONTEXT('2D SPACE',''
  ) );
#7791 = PCURVE('',#7792,#7797);
#7792 = PLANE('',#7793);
#7793 = AXIS2_PLACEMENT_3D('',#7794,#7795,#7796);
#7794 = CARTESIAN_POINT('',(27.669576649446,-6.875,9.71304755963));
#7795 = DIRECTION('',(-0.956304755963,0.,0.292371704723));
#7796 = DIRECTION('',(0.,-1.,0.));
#7797 = DEFINITIONAL_REPRESENTATION('',(#7798),#7802);
#7798 = LINE('',#7799,#7800);
#7799 = CARTESIAN_POINT('',(0.5625,-10.15685376347));
#7800 = VECTOR('',#7801,1.);
#7801 = DIRECTION('',(1.,0.));
#7802 = ( GEOMETRIC_REPRESENTATION_CONTEXT(2) 
PARAMETRIC_REPRESENTATION_CONTEXT() REPRESENTATION_CONTEXT('2D SPACE',''
  ) );
#7803 = ORIENTED_EDGE('',*,*,#7804,.T.);
#7804 = EDGE_CURVE('',#7777,#7805,#7807,.T.);
#7805 = VERTEX_POINT('',#7806);
#7806 = CARTESIAN_POINT('',(14.449459332498,-8.125,0.));
#7807 = SURFACE_CURVE('',#7808,(#7812,#7819),.PCURVE_S1.);
#7808 = LINE('',#7809,#7810);
#7809 = CARTESIAN_POINT('',(-64.,-8.125,0.));
#7810 = VECTOR('',#7811,1.);
#7811 = DIRECTION('',(-1.,0.,-0.));
#7812 = PCURVE('',#4969,#7813);
#7813 = DEFINITIONAL_REPRESENTATION('',(#7814),#7818);
#7814 = LINE('',#7815,#7816);
#7815 = CARTESIAN_POINT('',(-35.79016881194,-3.88322564534));
#7816 = VECTOR('',#7817,1.);
#7817 = DIRECTION('',(-0.994533904972,-0.104414136312));
#7818 = ( GEOMETRIC_REPRESENTATION_CONTEXT(2) 
PARAMETRIC_REPRESENTATION_CONTEXT() REPRESENTATION_CONTEXT('2D SPACE',''
  ) );
#7819 = PCURVE('',#5697,#7820);
#7820 = DEFINITIONAL_REPRESENTATION('',(#7821),#7825);
#7821 = LINE('',#7822,#7823);
#7822 = CARTESIAN_POINT('',(100.,36.));
#7823 = VECTOR('',#7824,1.);
#7824 = DIRECTION('',(0.,-1.));
#7825 = ( GEOMETRIC_REPRESENTATION_CONTEXT(2) 
PARAMETRIC_REPRESENTATION_CONTEXT() REPRESENTATION_CONTEXT('2D SPACE',''
  ) );
#7826 = ORIENTED_EDGE('',*,*,#7827,.T.);
#7827 = EDGE_CURVE('',#7805,#7828,#7830,.T.);
#7828 = VERTEX_POINT('',#7829);
#7829 = CARTESIAN_POINT('',(-10.5,-17.92736119146,4.440892098501E-15));
#7830 = SURFACE_CURVE('',#7831,(#7854,#7880),.PCURVE_S1.);
#7831 = B_SPLINE_CURVE_WITH_KNOTS('',6,(#7832,#7833,#7834,#7835,#7836,
    #7837,#7838,#7839,#7840,#7841,#7842,#7843,#7844,#7845,#7846,#7847,
    #7848,#7849,#7850,#7851,#7852,#7853),.UNSPECIFIED.,.F.,.F.,(7,5,5,5,
    7),(0.,0.250999673207,0.500999675762,0.750999677259,1.),
  .UNSPECIFIED.);
#7832 = CARTESIAN_POINT('',(14.45,-8.,0.));
#7833 = CARTESIAN_POINT('',(14.450000000001,-9.441120384383,0.));
#7834 = CARTESIAN_POINT('',(14.277528395058,-10.88268672119,0.));
#7835 = CARTESIAN_POINT('',(13.932398731765,-12.29788702874,0.));
#7836 = CARTESIAN_POINT('',(13.42029186171,-13.6615779775,0.));
#7837 = CARTESIAN_POINT('',(12.750678824853,-14.9497853866,0.));
#7838 = CARTESIAN_POINT('',(11.13019110494,-17.32639605977,0.));
#7839 = CARTESIAN_POINT('',(10.179951738586,-18.41630142877,0.));
#7840 = CARTESIAN_POINT('',(9.10286994067,-19.38819319592,0.));
#7841 = CARTESIAN_POINT('',(7.917561287783,-20.22468719066,0.));
#7842 = CARTESIAN_POINT('',(6.645084083407,-20.91145522544,0.));
#7843 = CARTESIAN_POINT('',(3.975189669087,-21.966412745,0.));
#7844 = CARTESIAN_POINT('',(2.576959244448,-22.33492355756,0.));
#7845 = CARTESIAN_POINT('',(1.140010275055,-22.53456433898,0.));
#7846 = CARTESIAN_POINT('',(-0.310492627997,-22.56139919023,0.));
#7847 = CARTESIAN_POINT('',(-1.749078940059,-22.41539247581,0.));
#7848 = CARTESIAN_POINT('',(-4.545200513504,-21.79084935489,0.));
#7849 = CARTESIAN_POINT('',(-5.903878441078,-21.31345703539,0.));
#7850 = CARTESIAN_POINT('',(-7.20040436625,-20.67584736201,0.));
#7851 = CARTESIAN_POINT('',(-8.412007348691,-19.88873632529,0.));
#7852 = CARTESIAN_POINT('',(-9.517822279919,-18.96619501117,0.));
#7853 = CARTESIAN_POINT('',(-10.50000595782,-17.92735488996,0.));
#7854 = PCURVE('',#4969,#7855);
#7855 = DEFINITIONAL_REPRESENTATION('',(#7856),#7879);
#7856 = B_SPLINE_CURVE_WITH_KNOTS('',6,(#7857,#7858,#7859,#7860,#7861,
    #7862,#7863,#7864,#7865,#7866,#7867,#7868,#7869,#7870,#7871,#7872,
    #7873,#7874,#7875,#7876,#7877,#7878),.UNSPECIFIED.,.F.,.F.,(7,5,5,5,
    7),(0.,0.250999673207,0.500999675762,0.750999677259,1.),
  .UNSPECIFIED.);
#7857 = CARTESIAN_POINT('',(42.217964266049,4.432380086429));
#7858 = CARTESIAN_POINT('',(42.368437606307,2.999137003014));
#7859 = CARTESIAN_POINT('',(42.347428651541,1.547441931121));
#7860 = CARTESIAN_POINT('',(42.151952417605,0.103940827231));
#7861 = CARTESIAN_POINT('',(41.785033384976,-1.305767253752));
#7862 = CARTESIAN_POINT('',(41.253587580623,-2.656850265645));
#7863 = CARTESIAN_POINT('',(39.890109351367,-5.189671984711));
#7864 = CARTESIAN_POINT('',(39.058865611455,-6.37283825012));
#7865 = CARTESIAN_POINT('',(38.089150484454,-7.451880130177));
#7866 = CARTESIAN_POINT('',(36.997662639293,-8.407564748509));
#7867 = CARTESIAN_POINT('',(35.803849207436,-9.223443452218));
#7868 = CARTESIAN_POINT('',(33.258701167951,-10.55140919304));
#7869 = CARTESIAN_POINT('',(31.906591341899,-11.06390071263));
#7870 = CARTESIAN_POINT('',(30.498342191887,-11.41248802412));
#7871 = CARTESIAN_POINT('',(29.058569813358,-11.59062920137));
#7872 = CARTESIAN_POINT('',(27.612601785802,-11.5956293208));
#7873 = CARTESIAN_POINT('',(24.766552948029,-11.26645463105));
#7874 = CARTESIAN_POINT('',(23.365455176397,-10.93353696566));
#7875 = CARTESIAN_POINT('',(22.009440721789,-10.43478816204));
#7876 = CARTESIAN_POINT('',(20.722274957305,-9.778488028006));
#7877 = CARTESIAN_POINT('',(19.52617816105,-8.976452123349));
#7878 = CARTESIAN_POINT('',(18.440893598442,-8.045844261388));
#7879 = ( GEOMETRIC_REPRESENTATION_CONTEXT(2) 
PARAMETRIC_REPRESENTATION_CONTEXT() REPRESENTATION_CONTEXT('2D SPACE',''
  ) );
#7880 = PCURVE('',#5831,#7881);
#7881 = DEFINITIONAL_REPRESENTATION('',(#7882),#7905);
#7882 = B_SPLINE_CURVE_WITH_KNOTS('',6,(#7883,#7884,#7885,#7886,#7887,
    #7888,#7889,#7890,#7891,#7892,#7893,#7894,#7895,#7896,#7897,#7898,
    #7899,#7900,#7901,#7902,#7903,#7904),.UNSPECIFIED.,.F.,.F.,(7,5,5,5,
    7),(0.,0.250999673207,0.500999675762,0.750999677259,1.),
  .UNSPECIFIED.);
#7883 = CARTESIAN_POINT('',(6.28318530718,0.25));
#7884 = CARTESIAN_POINT('',(6.183453792689,0.25));
#7885 = CARTESIAN_POINT('',(6.083692072071,0.25));
#7886 = CARTESIAN_POINT('',(5.983965612631,0.25));
#7887 = CARTESIAN_POINT('',(5.884239159821,0.25));
#7888 = CARTESIAN_POINT('',(5.784477429908,0.25));
#7889 = CARTESIAN_POINT('',(5.585411608386,0.25));
#7890 = CARTESIAN_POINT('',(5.48604767501,0.25));
#7891 = CARTESIAN_POINT('',(5.386718332013,0.25));
#7892 = CARTESIAN_POINT('',(5.287388988198,0.25));
#7893 = CARTESIAN_POINT('',(5.188025053587,0.25));
#7894 = CARTESIAN_POINT('',(4.9893564377,0.25));
#7895 = CARTESIAN_POINT('',(4.889992503717,0.25));
#7896 = CARTESIAN_POINT('',(4.790663160079,0.25));
#7897 = CARTESIAN_POINT('',(4.691333816499,0.25));
#7898 = CARTESIAN_POINT('',(4.591969882622,0.25));
#7899 = CARTESIAN_POINT('',(4.393698476767,0.25));
#7900 = CARTESIAN_POINT('',(4.2947323307,0.25));
#7901 = CARTESIAN_POINT('',(4.195800099209,0.25));
#7902 = CARTESIAN_POINT('',(4.096867867976,0.25));
#7903 = CARTESIAN_POINT('',(3.997901722504,0.25));
#7904 = CARTESIAN_POINT('',(3.898964625051,0.25));
#7905 = ( GEOMETRIC_REPRESENTATION_CONTEXT(2) 
PARAMETRIC_REPRESENTATION_CONTEXT() REPRESENTATION_CONTEXT('2D SPACE',''
  ) );
#7906 = ORIENTED_EDGE('',*,*,#7907,.F.);
#7907 = EDGE_CURVE('',#7908,#7828,#7910,.T.);
#7908 = VERTEX_POINT('',#7909);
#7909 = CARTESIAN_POINT('',(-10.5,-18.1,0.));
#7910 = SURFACE_CURVE('',#7911,(#7915,#7922),.PCURVE_S1.);
#7911 = LINE('',#7912,#7913);
#7912 = CARTESIAN_POINT('',(-10.5,-13.05,-3.552713678801E-15));
#7913 = VECTOR('',#7914,1.);
#7914 = DIRECTION('',(-0.,1.,-0.));
#7915 = PCURVE('',#4969,#7916);
#7916 = DEFINITIONAL_REPRESENTATION('',(#7917),#7921);
#7917 = LINE('',#7918,#7919);
#7918 = CARTESIAN_POINT('',(17.931634725379,-3.195148834654));
#7919 = VECTOR('',#7920,1.);
#7920 = DIRECTION('',(-0.104414136312,0.994533904972));
#7921 = ( GEOMETRIC_REPRESENTATION_CONTEXT(2) 
PARAMETRIC_REPRESENTATION_CONTEXT() REPRESENTATION_CONTEXT('2D SPACE',''
  ) );
#7922 = PCURVE('',#5938,#7923);
#7923 = DEFINITIONAL_REPRESENTATION('',(#7924),#7928);
#7924 = LINE('',#7925,#7926);
#7925 = CARTESIAN_POINT('',(5.05,-62.74150538922));
#7926 = VECTOR('',#7927,1.);
#7927 = DIRECTION('',(1.,0.));
#7928 = ( GEOMETRIC_REPRESENTATION_CONTEXT(2) 
PARAMETRIC_REPRESENTATION_CONTEXT() REPRESENTATION_CONTEXT('2D SPACE',''
  ) );
#7929 = ORIENTED_EDGE('',*,*,#7930,.T.);
#7930 = EDGE_CURVE('',#7908,#7931,#7933,.T.);
#7931 = VERTEX_POINT('',#7932);
#7932 = CARTESIAN_POINT('',(-21.20000022465,-8.125,0.));
#7933 = SURFACE_CURVE('',#7934,(#8105,#8279),.PCURVE_S1.);
#7934 = B_SPLINE_CURVE_WITH_KNOTS('',8,(#7935,#7936,#7937,#7938,#7939,
    #7940,#7941,#7942,#7943,#7944,#7945,#7946,#7947,#7948,#7949,#7950,
    #7951,#7952,#7953,#7954,#7955,#7956,#7957,#7958,#7959,#7960,#7961,
    #7962,#7963,#7964,#7965,#7966,#7967,#7968,#7969,#7970,#7971,#7972,
    #7973,#7974,#7975,#7976,#7977,#7978,#7979,#7980,#7981,#7982,#7983,
    #7984,#7985,#7986,#7987,#7988,#7989,#7990,#7991,#7992,#7993,#7994,
    #7995,#7996,#7997,#7998,#7999,#8000,#8001,#8002,#8003,#8004,#8005,
    #8006,#8007,#8008,#8009,#8010,#8011,#8012,#8013,#8014,#8015,#8016,
    #8017,#8018,#8019,#8020,#8021,#8022,#8023,#8024,#8025,#8026,#8027,
    #8028,#8029,#8030,#8031,#8032,#8033,#8034,#8035,#8036,#8037,#8038,
    #8039,#8040,#8041,#8042,#8043,#8044,#8045,#8046,#8047,#8048,#8049,
    #8050,#8051,#8052,#8053,#8054,#8055,#8056,#8057,#8058,#8059,#8060,
    #8061,#8062,#8063,#8064,#8065,#8066,#8067,#8068,#8069,#8070,#8071,
    #8072,#8073,#8074,#8075,#8076,#8077,#8078,#8079,#8080,#8081,#8082,
    #8083,#8084,#8085,#8086,#8087,#8088,#8089,#8090,#8091,#8092,#8093,
    #8094,#8095,#8096,#8097,#8098,#8099,#8100,#8101,#8102,#8103,#8104),
  .UNSPECIFIED.,.F.,.F.,(9,7,7,7,7,7,7,7,7,7,7,7,7,7,7,7,7,7,7,7,7,7,7,7
    ,9),(0.,3.414385910622E-02,7.916187992089E-02,0.113182164093,
    0.131686306002,0.150190448146,0.187321337103,0.228273000263,
    0.242686617297,0.258701749825,0.314195879477,0.324515677571,
    0.360955099785,0.388136075688,0.409131242013,0.425025360451,
    0.471462425512,0.506611922329,0.523428205901,0.541773458793,
    0.609267462469,0.643079238239,0.777935508079,0.911730676986,1.),
  .UNSPECIFIED.);
#7935 = CARTESIAN_POINT('',(-10.5,-18.1,0.));
#7936 = CARTESIAN_POINT('',(-10.61252936617,-18.11201732152,0.));
#7937 = CARTESIAN_POINT('',(-10.72507583894,-18.12442303602,0.));
#7938 = CARTESIAN_POINT('',(-10.83763498566,-18.13717238927,0.));
#7939 = CARTESIAN_POINT('',(-10.95020259854,-18.15022086739,0.));
#7940 = CARTESIAN_POINT('',(-11.06277469462,-18.1635241969,0.));
#7941 = CARTESIAN_POINT('',(-11.17534751585,-18.17703834467,0.));
#7942 = CARTESIAN_POINT('',(-11.28791752899,-18.19071951794,0.));
#7943 = CARTESIAN_POINT('',(-11.54889475614,-18.22272532483,0.));
#7944 = CARTESIAN_POINT('',(-11.69729695699,-18.24114095743,0.));
#7945 = CARTESIAN_POINT('',(-11.84568061659,-18.25967096272,0.));
#7946 = CARTESIAN_POINT('',(-11.99403818224,-18.27821547341,0.));
#7947 = CARTESIAN_POINT('',(-12.14236193874,-18.29667457233,0.));
#7948 = CARTESIAN_POINT('',(-12.290643987,-18.31494801035,0.));
#7949 = CARTESIAN_POINT('',(-12.43887622257,-18.3329349243,0.));
#7950 = CARTESIAN_POINT('',(-12.69902602128,-18.363832905,0.));
#7951 = CARTESIAN_POINT('',(-12.81096823708,-18.37691041705,0.));
#7952 = CARTESIAN_POINT('',(-12.92287330451,-18.3897222898,0.));
#7953 = CARTESIAN_POINT('',(-13.03473721355,-18.40222427455,0.));
#7954 = CARTESIAN_POINT('',(-13.14655560137,-18.41437167516,0.));
#7955 = CARTESIAN_POINT('',(-13.25832375233,-18.4261193481,0.));
#7956 = CARTESIAN_POINT('',(-13.37003659796,-18.43742170246,0.));
#7957 = CARTESIAN_POINT('',(-13.54241797612,-18.45411296327,0.));
#7958 = CARTESIAN_POINT('',(-13.60309682019,-18.45984174451,0.));
#7959 = CARTESIAN_POINT('',(-13.6637295261,-18.4654304507,0.));
#7960 = CARTESIAN_POINT('',(-13.72432250825,-18.47092574904,0.));
#7961 = CARTESIAN_POINT('',(-13.7848793829,-18.47632771827,0.));
#7962 = CARTESIAN_POINT('',(-13.84540634144,-18.4816800059,0.));
#7963 = CARTESIAN_POINT('',(-13.90590794377,-18.48699765156,0.));
#7964 = CARTESIAN_POINT('',(-14.02687092042,-18.49761903573,0.));
#7965 = CARTESIAN_POINT('',(-14.08733227611,-18.50292235251,0.));
#7966 = CARTESIAN_POINT('',(-14.14777858989,-18.50824300278,0.));
#7967 = CARTESIAN_POINT('',(-14.20821495286,-18.51360569535,0.));
#7968 = CARTESIAN_POINT('',(-14.26864645613,-18.51903513902,0.));
#7969 = CARTESIAN_POINT('',(-14.3290781908,-18.52455604262,0.));
#7970 = CARTESIAN_POINT('',(-14.38951524798,-18.53019311494,0.));
#7971 = CARTESIAN_POINT('',(-14.57125817293,-18.54756524807,0.));
#7972 = CARTESIAN_POINT('',(-14.69254747347,-18.55972213274,0.));
#7973 = CARTESIAN_POINT('',(-14.81384270036,-18.57263764605,0.));
#7974 = CARTESIAN_POINT('',(-14.93515225205,-18.58650624424,0.));
#7975 = CARTESIAN_POINT('',(-15.05648078419,-18.60151942989,0.));
#7976 = CARTESIAN_POINT('',(-15.17782914829,-18.61786426921,0.));
#7977 = CARTESIAN_POINT('',(-15.2991943304,-18.63572190933,0.));
#7978 = CARTESIAN_POINT('',(-15.55443396148,-18.67682138176,0.));
#7979 = CARTESIAN_POINT('',(-15.6883094313,-18.70042794582,0.));
#7980 = CARTESIAN_POINT('',(-15.82218424219,-18.72631822218,0.));
#7981 = CARTESIAN_POINT('',(-15.95603853905,-18.75471289521,0.));
#7982 = CARTESIAN_POINT('',(-16.08984419041,-18.78581745482,0.));
#7983 = CARTESIAN_POINT('',(-16.22356481007,-18.81981875203,0.));
#7984 = CARTESIAN_POINT('',(-16.35715577878,-18.85688155447,0.));
#7985 = CARTESIAN_POINT('',(-16.5375195955,-18.91131652525,0.));
#7986 = CARTESIAN_POINT('',(-16.58455437842,-18.92592228524,0.));
#7987 = CARTESIAN_POINT('',(-16.63165751404,-18.94091442583,0.));
#7988 = CARTESIAN_POINT('',(-16.67881792602,-18.95624372431,0.));
#7989 = CARTESIAN_POINT('',(-16.72602454927,-18.97186023257,0.));
#7990 = CARTESIAN_POINT('',(-16.77326631698,-18.98771381846,0.));
#7991 = CARTESIAN_POINT('',(-16.82053214763,-19.00375470701,0.));
#7992 = CARTESIAN_POINT('',(-16.92034292278,-19.03791104103,0.));
#7993 = CARTESIAN_POINT('',(-16.97289093201,-19.05605860313,0.));
#7994 = CARTESIAN_POINT('',(-17.02543976319,-19.0743086658,0.));
#7995 = CARTESIAN_POINT('',(-17.07797421984,-19.09259318673,0.));
#7996 = CARTESIAN_POINT('',(-17.13047910548,-19.1108441236,0.));
#7997 = CARTESIAN_POINT('',(-17.18293922362,-19.1289934341,0.));
#7998 = CARTESIAN_POINT('',(-17.23533937779,-19.14697307591,0.));
#7999 = CARTESIAN_POINT('',(-17.46897601408,-19.22619267529,0.));
#8000 = CARTESIAN_POINT('',(-17.64987508381,-19.28498233114,0.));
#8001 = CARTESIAN_POINT('',(-17.83104613916,-19.33867492067,0.));
#8002 = CARTESIAN_POINT('',(-18.01263176091,-19.3845161822,0.));
#8003 = CARTESIAN_POINT('',(-18.1942407399,-19.41905829286,0.));
#8004 = CARTESIAN_POINT('',(-18.37496343178,-19.4381686133,0.));
#8005 = CARTESIAN_POINT('',(-18.55338628462,-19.43711629271,0.));
#8006 = CARTESIAN_POINT('',(-18.76005116671,-19.40690884276,0.));
#8007 = CARTESIAN_POINT('',(-18.79226199762,-19.40134770621,0.));
#8008 = CARTESIAN_POINT('',(-18.82426946391,-19.39491901216,0.));
#8009 = CARTESIAN_POINT('',(-18.85606671383,-19.38759179254,0.));
#8010 = CARTESIAN_POINT('',(-18.88764863874,-19.37934714026,0.));
#8011 = CARTESIAN_POINT('',(-18.91901187317,-19.37017820925,0.));
#8012 = CARTESIAN_POINT('',(-18.95015479477,-19.36009021446,0.));
#8013 = CARTESIAN_POINT('',(-19.09026632713,-19.31029528015,0.));
#8014 = CARTESIAN_POINT('',(-19.19613024614,-19.26053943579,0.));
#8015 = CARTESIAN_POINT('',(-19.29830582462,-19.20098770945,0.));
#8016 = CARTESIAN_POINT('',(-19.39661270293,-19.13289282752,0.));
#8017 = CARTESIAN_POINT('',(-19.49099571474,-19.05744877754,0.));
#8018 = CARTESIAN_POINT('',(-19.58149208855,-18.97571471849,0.));
#8019 = CARTESIAN_POINT('',(-19.66821085053,-18.88858294797,0.));
#8020 = CARTESIAN_POINT('',(-19.81329816707,-18.72825747479,0.));
#8021 = CARTESIAN_POINT('',(-19.87325434092,-18.65716673197,0.));
#8022 = CARTESIAN_POINT('',(-19.93123623173,-18.58378847428,0.));
#8023 = CARTESIAN_POINT('',(-19.98729621279,-18.50839766732,0.));
#8024 = CARTESIAN_POINT('',(-20.04148280801,-18.43124051053,0.));
#8025 = CARTESIAN_POINT('',(-20.09384065458,-18.35253698966,0.));
#8026 = CARTESIAN_POINT('',(-20.14441046564,-18.27248342937,0.));
#8027 = CARTESIAN_POINT('',(-20.23093746608,-18.1285125073,0.));
#8028 = CARTESIAN_POINT('',(-20.26759857104,-18.06507308509,0.));
#8029 = CARTESIAN_POINT('',(-20.30322779351,-18.00101989672,0.));
#8030 = CARTESIAN_POINT('',(-20.3378373585,-17.93643198199,0.));
#8031 = CARTESIAN_POINT('',(-20.37143619584,-17.87138518982,0.));
#8032 = CARTESIAN_POINT('',(-20.40402990569,-17.80595306528,0.));
#8033 = CARTESIAN_POINT('',(-20.43562072411,-17.74020773645,0.));
#8034 = CARTESIAN_POINT('',(-20.48936280191,-17.62426624793,0.));
#8035 = CARTESIAN_POINT('',(-20.51194306988,-17.57417116727,0.));
#8036 = CARTESIAN_POINT('',(-20.53394338392,-17.52398589148,0.));
#8037 = CARTESIAN_POINT('',(-20.55536809563,-17.4737081401,0.));
#8038 = CARTESIAN_POINT('',(-20.57622337606,-17.42332901287,0.));
#8039 = CARTESIAN_POINT('',(-20.59651381835,-17.37285377315,0.));
#8040 = CARTESIAN_POINT('',(-20.61624308357,-17.32229742226,0.));
#8041 = CARTESIAN_POINT('',(-20.69144272453,-17.12369577592,0.));
#8042 = CARTESIAN_POINT('',(-20.7427382145,-16.97501764082,0.));
#8043 = CARTESIAN_POINT('',(-20.78945588124,-16.82571495552,0.));
#8044 = CARTESIAN_POINT('',(-20.83179679426,-16.67587058813,0.));
#8045 = CARTESIAN_POINT('',(-20.87000455729,-16.52555562907,0.));
#8046 = CARTESIAN_POINT('',(-20.90435759436,-16.37482904149,0.));
#8047 = CARTESIAN_POINT('',(-20.93516143608,-16.22373731166,0.));
#8048 = CARTESIAN_POINT('',(-20.98361674349,-15.95769768891,0.));
#8049 = CARTESIAN_POINT('',(-21.00264519099,-15.84289098003,0.));
#8050 = CARTESIAN_POINT('',(-21.01996775524,-15.72790665455,0.));
#8051 = CARTESIAN_POINT('',(-21.0357317076,-15.61275393977,0.));
#8052 = CARTESIAN_POINT('',(-21.05008881607,-15.49743859704,0.));
#8053 = CARTESIAN_POINT('',(-21.0631939777,-15.38196291023,0.));
#8054 = CARTESIAN_POINT('',(-21.07520385094,-15.26632567417,0.));
#8055 = CARTESIAN_POINT('',(-21.09157239988,-15.09511927493,0.));
#8056 = CARTESIAN_POINT('',(-21.09665694095,-15.03966092796,0.));
#8057 = CARTESIAN_POINT('',(-21.10153960972,-14.98414466955,0.));
#8058 = CARTESIAN_POINT('',(-21.10626053173,-14.92856482371,0.));
#8059 = CARTESIAN_POINT('',(-21.11081176036,-14.87292373278,0.));
#8060 = CARTESIAN_POINT('',(-21.11517932655,-14.81722548655,0.));
#8061 = CARTESIAN_POINT('',(-21.11938804713,-14.76146935121,0.));
#8062 = CARTESIAN_POINT('',(-21.12784384936,-14.64477654128,0.));
#8063 = CARTESIAN_POINT('',(-21.1320617818,-14.58382768888,0.));
#8064 = CARTESIAN_POINT('',(-21.13609086938,-14.52281565896,0.));
#8065 = CARTESIAN_POINT('',(-21.13993608257,-14.46174257792,0.));
#8066 = CARTESIAN_POINT('',(-21.14360239182,-14.4006105722,0.));
#8067 = CARTESIAN_POINT('',(-21.14709476762,-14.3394217682,0.));
#8068 = CARTESIAN_POINT('',(-21.15041818041,-14.27817829234,0.));
#8069 = CARTESIAN_POINT('',(-21.16520142096,-13.99136813335,0.));
#8070 = CARTESIAN_POINT('',(-21.17459009784,-13.76544045938,0.));
#8071 = CARTESIAN_POINT('',(-21.182003394,-13.53917206729,0.));
#8072 = CARTESIAN_POINT('',(-21.18769626281,-13.31263114985,0.));
#8073 = CARTESIAN_POINT('',(-21.19191968899,-13.08588147423,0.));
#8074 = CARTESIAN_POINT('',(-21.19492152923,-12.85898258168,0.));
#8075 = CARTESIAN_POINT('',(-21.19694735286,-12.63198998728,0.));
#8076 = CARTESIAN_POINT('',(-21.19888948902,-12.29122019094,0.));
#8077 = CARTESIAN_POINT('',(-21.1993540551,-12.17747489597,0.));
#8078 = CARTESIAN_POINT('',(-21.1996656239,-12.0637261968,0.));
#8079 = CARTESIAN_POINT('',(-21.19985482759,-11.94998075219,0.));
#8080 = CARTESIAN_POINT('',(-21.19995228735,-11.83624517754,0.));
#8081 = CARTESIAN_POINT('',(-21.19998861332,-11.72252604494,0.));
#8082 = CARTESIAN_POINT('',(-21.19999440463,-11.60882988317,0.));
#8083 = CARTESIAN_POINT('',(-21.20002356087,-11.04181023901,0.));
#8084 = CARTESIAN_POINT('',(-21.20003317173,-10.58892296383,0.));
#8085 = CARTESIAN_POINT('',(-21.20003242893,-10.13642329173,0.));
#8086 = CARTESIAN_POINT('',(-21.20002492661,-9.684231820564,0.));
#8087 = CARTESIAN_POINT('',(-21.20001436973,-9.232268107618,0.));
#8088 = CARTESIAN_POINT('',(-21.20000443759,-8.780450970879,0.));
#8089 = CARTESIAN_POINT('',(-21.19999864741,-8.328698790231,0.));
#8090 = CARTESIAN_POINT('',(-21.20000177601,-7.428715519037,0.));
#8091 = CARTESIAN_POINT('',(-21.20000424663,-6.704088153947,0.));
#8092 = CARTESIAN_POINT('',(-21.20006276795,-5.963392965281,0.));
#8093 = CARTESIAN_POINT('',(-21.19999759187,-5.374996440626,0.));
#8094 = CARTESIAN_POINT('',(-21.20006515727,-5.01369121357,0.));
#8095 = CARTESIAN_POINT('',(-21.19998227989,-4.848966231223,0.));
#8096 = CARTESIAN_POINT('',(-21.20002566597,-4.738829072136,0.));
#8097 = CARTESIAN_POINT('',(-21.1999743118,-4.213307765416,0.));
#8098 = CARTESIAN_POINT('',(-21.19989782371,-4.004329506797,0.));
#8099 = CARTESIAN_POINT('',(-21.19957516139,-3.795303953066,0.));
#8100 = CARTESIAN_POINT('',(-21.1988167769,-3.586271467014,0.));
#8101 = CARTESIAN_POINT('',(-21.19743295531,-3.377273582739,0.));
#8102 = CARTESIAN_POINT('',(-21.1952330965,-3.168353164379,0.));
#8103 = CARTESIAN_POINT('',(-21.19202499697,-2.959554564829,0.));
#8104 = CARTESIAN_POINT('',(-21.18761413171,-2.750923784474,0.));
#8105 = PCURVE('',#4969,#8106);
#8106 = DEFINITIONAL_REPRESENTATION('',(#8107),#8278);
#8107 = B_SPLINE_CURVE_WITH_KNOTS('',8,(#8108,#8109,#8110,#8111,#8112,
    #8113,#8114,#8115,#8116,#8117,#8118,#8119,#8120,#8121,#8122,#8123,
    #8124,#8125,#8126,#8127,#8128,#8129,#8130,#8131,#8132,#8133,#8134,
    #8135,#8136,#8137,#8138,#8139,#8140,#8141,#8142,#8143,#8144,#8145,
    #8146,#8147,#8148,#8149,#8150,#8151,#8152,#8153,#8154,#8155,#8156,
    #8157,#8158,#8159,#8160,#8161,#8162,#8163,#8164,#8165,#8166,#8167,
    #8168,#8169,#8170,#8171,#8172,#8173,#8174,#8175,#8176,#8177,#8178,
    #8179,#8180,#8181,#8182,#8183,#8184,#8185,#8186,#8187,#8188,#8189,
    #8190,#8191,#8192,#8193,#8194,#8195,#8196,#8197,#8198,#8199,#8200,
    #8201,#8202,#8203,#8204,#8205,#8206,#8207,#8208,#8209,#8210,#8211,
    #8212,#8213,#8214,#8215,#8216,#8217,#8218,#8219,#8220,#8221,#8222,
    #8223,#8224,#8225,#8226,#8227,#8228,#8229,#8230,#8231,#8232,#8233,
    #8234,#8235,#8236,#8237,#8238,#8239,#8240,#8241,#8242,#8243,#8244,
    #8245,#8246,#8247,#8248,#8249,#8250,#8251,#8252,#8253,#8254,#8255,
    #8256,#8257,#8258,#8259,#8260,#8261,#8262,#8263,#8264,#8265,#8266,
    #8267,#8268,#8269,#8270,#8271,#8272,#8273,#8274,#8275,#8276,#8277),
  .UNSPECIFIED.,.F.,.F.,(9,7,7,7,7,7,7,7,7,7,7,7,7,7,7,7,7,7,7,7,7,7,7,7
    ,9),(0.,3.414385910622E-02,7.916187992089E-02,0.113182164093,
    0.131686306002,0.150190448146,0.187321337103,0.228273000263,
    0.242686617297,0.258701749825,0.314195879477,0.324515677571,
    0.360955099785,0.388136075688,0.409131242013,0.425025360451,
    0.471462425512,0.506611922329,0.523428205901,0.541773458793,
    0.609267462469,0.643079238239,0.777935508079,0.911730676986,1.),
  .UNSPECIFIED.);
#8108 = CARTESIAN_POINT('',(18.458926113753,-8.217545054761));
#8109 = CARTESIAN_POINT('',(18.348266622038,-8.241246345038));
#8110 = CARTESIAN_POINT('',(18.237630670945,-8.265335691477));
#8111 = CARTESIAN_POINT('',(18.127017995923,-8.289768121638));
#8112 = CARTESIAN_POINT('',(18.016428133892,-8.314498925618));
#8113 = CARTESIAN_POINT('',(17.90586042324,-8.339483656049));
#8114 = CARTESIAN_POINT('',(17.795314003821,-8.3646781281));
#8115 = CARTESIAN_POINT('',(17.684787816961,-8.390038419477));
#8116 = CARTESIAN_POINT('',(17.428578974814,-8.449118991354));
#8117 = CARTESIAN_POINT('',(17.28291080687,-8.482929249985));
#8118 = CARTESIAN_POINT('',(17.13727302095,-8.516851320161));
#8119 = CARTESIAN_POINT('',(16.991662700921,-8.550785091878));
#8120 = CARTESIAN_POINT('',(16.846077087039,-8.584630388542));
#8121 = CARTESIAN_POINT('',(16.700513567801,-8.618286684206));
#8122 = CARTESIAN_POINT('',(16.554969671794,-8.65165282083));
#8123 = CARTESIAN_POINT('',(16.299468062575,-8.70954522677));
#8124 = CARTESIAN_POINT('',(16.189503210691,-8.734239605677));
#8125 = CARTESIAN_POINT('',(16.079547567627,-8.758665918485));
#8126 = CARTESIAN_POINT('',(15.969600501282,-8.782779739639));
#8127 = CARTESIAN_POINT('',(15.859661683732,-8.806536161789));
#8128 = CARTESIAN_POINT('',(15.74973109123,-8.829889795789));
#8129 = CARTESIAN_POINT('',(15.639809004204,-8.852794770696));
#8130 = CARTESIAN_POINT('',(15.470112682618,-8.887393848207));
#8131 = CARTESIAN_POINT('',(15.410363680623,-8.899427044479));
#8132 = CARTESIAN_POINT('',(15.350645938772,-8.911316113887));
#8133 = CARTESIAN_POINT('',(15.290957950454,-8.923108138305));
#8134 = CARTESIAN_POINT('',(15.231296127388,-8.934803573624));
#8135 = CARTESIAN_POINT('',(15.171658869439,-8.946446475235));
#8136 = CARTESIAN_POINT('',(15.112043212,-8.958052276694));
#8137 = CARTESIAN_POINT('',(14.992850453131,-8.981245848096));
#8138 = CARTESIAN_POINT('',(14.933273326197,-8.992833196684));
#8139 = CARTESIAN_POINT('',(14.873712968813,-9.004436213421));
#8140 = CARTESIAN_POINT('',(14.814166897655,-9.016080003641));
#8141 = CARTESIAN_POINT('',(14.754632629396,-9.027789672679));
#8142 = CARTESIAN_POINT('',(14.695107680711,-9.03959032587));
#8143 = CARTESIAN_POINT('',(14.635589568273,-9.051507068549));
#8144 = CARTESIAN_POINT('',(14.4566539637,-9.087760774485));
#8145 = CARTESIAN_POINT('',(14.337296992612,-9.112515526033));
#8146 = CARTESIAN_POINT('',(14.218013339131,-9.138025378273));
#8147 = CARTESIAN_POINT('',(14.098814954678,-9.164484601454));
#8148 = CARTESIAN_POINT('',(13.979717204634,-9.192084137497));
#8149 = CARTESIAN_POINT('',(13.860738774502,-9.221010118998));
#8150 = CARTESIAN_POINT('',(13.741901576086,-9.251442388234));
#8151 = CARTESIAN_POINT('',(13.492348475,-9.318967832667));
#8152 = CARTESIAN_POINT('',(13.361669640217,-9.356423852562));
#8153 = CARTESIAN_POINT('',(13.231229912612,-9.396151032969));
#8154 = CARTESIAN_POINT('',(13.101072081315,-9.438366778815));
#8155 = CARTESIAN_POINT('',(12.971245580087,-9.483272519469));
#8156 = CARTESIAN_POINT('',(12.841806106123,-9.53105028536));
#8157 = CARTESIAN_POINT('',(12.712815238855,-9.581859284615));
#8158 = CARTESIAN_POINT('',(12.539121088353,-9.654829240823));
#8159 = CARTESIAN_POINT('',(12.493868449843,-9.674266260568));
#8160 = CARTESIAN_POINT('',(12.448588175848,-9.694094685919));
#8161 = CARTESIAN_POINT('',(12.403286142622,-9.714264406679));
#8162 = CARTESIAN_POINT('',(12.357968139481,-9.734724592422));
#8163 = CARTESIAN_POINT('',(12.312639938238,-9.755424229474));
#8164 = CARTESIAN_POINT('',(12.267307362637,-9.776312657891));
#8165 = CARTESIAN_POINT('',(12.171608566783,-9.82070394602));
#8166 = CARTESIAN_POINT('',(12.121242651992,-9.844239066824));
#8167 = CARTESIAN_POINT('',(12.070886622249,-9.867876213741));
#8168 = CARTESIAN_POINT('',(12.020548486391,-9.891546129655));
#8169 = CARTESIAN_POINT('',(11.970236253257,-9.915179557455));
#8170 = CARTESIAN_POINT('',(11.919957931684,-9.938707240024));
#8171 = CARTESIAN_POINT('',(11.86972153051,-9.962059920251));
#8172 = CARTESIAN_POINT('',(11.645633620318,-10.06524146535));
#8173 = CARTESIAN_POINT('',(11.471861833235,-10.14259819149));
#8174 = CARTESIAN_POINT('',(11.297287341451,-10.21491411149));
#8175 = CARTESIAN_POINT('',(11.121480759699,-10.27946490618));
#8176 = CARTESIAN_POINT('',(10.944471157292,-10.33278075107));
#8177 = CARTESIAN_POINT('',(10.766731700427,-10.37065661648));
#8178 = CARTESIAN_POINT('',(10.589174246715,-10.38823991605));
#8179 = CARTESIAN_POINT('',(10.380484929704,-10.37977631805));
#8180 = CARTESIAN_POINT('',(10.347869504994,-10.3776088453));
#8181 = CARTESIAN_POINT('',(10.315365748015,-10.37455732305));
#8182 = CARTESIAN_POINT('',(10.282977239578,-10.37059023709));
#8183 = CARTESIAN_POINT('',(10.250707086221,-10.36568825027));
#8184 = CARTESIAN_POINT('',(10.218557920203,-10.35984420255));
#8185 = CARTESIAN_POINT('',(10.18653189951,-10.35306311096));
#8186 = CARTESIAN_POINT('',(10.04198693504,-10.31816998513));
#8187 = CARTESIAN_POINT('',(9.931506464758,-10.27973980062));
#8188 = CARTESIAN_POINT('',(9.823671345622,-10.23118216445));
#8189 = CARTESIAN_POINT('',(9.718791753774,-10.17372412341));
#8190 = CARTESIAN_POINT('',(9.617047223157,-10.10854737844));
#8191 = CARTESIAN_POINT('',(9.518511319936,-10.03670918623));
#8192 = CARTESIAN_POINT('',(9.423168782388,-9.959108350887));
#8193 = CARTESIAN_POINT('',(9.262134281098,-9.814808398827));
#8194 = CARTESIAN_POINT('',(9.195082954884,-9.750366516871));
#8195 = CARTESIAN_POINT('',(9.129756271195,-9.683443480759));
#8196 = CARTESIAN_POINT('',(9.066130853321,-9.614318221622));
#8197 = CARTESIAN_POINT('',(9.004184149293,-9.543240659716));
#8198 = CARTESIAN_POINT('',(8.943894735534,-9.470434239102));
#8199 = CARTESIAN_POINT('',(8.885242620514,-9.396098462328));
#8200 = CARTESIAN_POINT('',(8.784155985391,-9.261949141015));
#8201 = CARTESIAN_POINT('',(8.74107130104,-9.202684422328));
#8202 = CARTESIAN_POINT('',(8.698948772945,-9.142701549263));
#8203 = CARTESIAN_POINT('',(8.657784495793,-9.082080406044));
#8204 = CARTESIAN_POINT('',(8.61757750827,-9.020897359411));
#8205 = CARTESIAN_POINT('',(8.578329919958,-8.959226137139));
#8206 = CARTESIAN_POINT('',(8.540047038233,-8.897138706545));
#8207 = CARTESIAN_POINT('',(8.47449278935,-8.78744239786));
#8208 = CARTESIAN_POINT('',(8.44680531269,-8.739978840848));
#8209 = CARTESIAN_POINT('',(8.41968520223,-8.692365026328));
#8210 = CARTESIAN_POINT('',(8.393127892047,-8.644599140688));
#8211 = CARTESIAN_POINT('',(8.367126315498,-8.59667297665));
#8212 = CARTESIAN_POINT('',(8.341676454131,-8.548592248397));
#8213 = CARTESIAN_POINT('',(8.316776233242,-8.500372257506));
#8214 = CARTESIAN_POINT('',(8.221250821293,-8.310708092203));
#8215 = CARTESIAN_POINT('',(8.154711618281,-8.168198620199));
#8216 = CARTESIAN_POINT('',(8.092660003812,-8.024590022387));
#8217 = CARTESIAN_POINT('',(8.034904660039,-7.879985708416));
#8218 = CARTESIAN_POINT('',(7.981210737656,-7.734481815784));
#8219 = CARTESIAN_POINT('',(7.931307491081,-7.588166056744));
#8220 = CARTESIAN_POINT('',(7.884895913618,-7.441116565202));
#8221 = CARTESIAN_POINT('',(7.80892717009,-7.181590559381));
#8222 = CARTESIAN_POINT('',(7.778015290542,-7.069398233794));
#8223 = CARTESIAN_POINT('',(7.748781424035,-6.956851144147));
#8224 = CARTESIAN_POINT('',(7.721080067682,-6.843973844516));
#8225 = CARTESIAN_POINT('',(7.694760884614,-6.730787911491));
#8226 = CARTESIAN_POINT('',(7.669670062938,-6.617311789894));
#8227 = CARTESIAN_POINT('',(7.645651674684,-6.503560638495));
#8228 = CARTESIAN_POINT('',(7.611496229476,-6.334999177599));
#8229 = CARTESIAN_POINT('',(7.600648845594,-6.280374869194));
#8230 = CARTESIAN_POINT('',(7.589996183782,-6.225671887565));
#8231 = CARTESIAN_POINT('',(7.579497745181,-6.170888777445));
#8232 = CARTESIAN_POINT('',(7.569161677545,-6.116027038605));
#8233 = CARTESIAN_POINT('',(7.559002300615,-6.061089279941));
#8234 = CARTESIAN_POINT('',(7.548994856581,-6.006077362858));
#8235 = CARTESIAN_POINT('',(7.528400895613,-5.890905312198));
#8236 = CARTESIAN_POINT('',(7.517842097006,-5.830730023794));
#8237 = CARTESIAN_POINT('',(7.50746451439,-5.770472185123));
#8238 = CARTESIAN_POINT('',(7.497263426496,-5.710134429968));
#8239 = CARTESIAN_POINT('',(7.487234112057,-5.649719392109));
#8240 = CARTESIAN_POINT('',(7.477371849801,-5.589229705328));
#8241 = CARTESIAN_POINT('',(7.467671918462,-5.528668003405));
#8242 = CARTESIAN_POINT('',(7.423022449476,-5.244969155293));
#8243 = CARTESIAN_POINT('',(7.390095049043,-5.021256734049));
#8244 = CARTESIAN_POINT('',(7.359096655931,-4.796999199402));
#8245 = CARTESIAN_POINT('',(7.329780830651,-4.572290992128));
#8246 = CARTESIAN_POINT('',(7.301904618584,-4.34722173718));
#8247 = CARTESIAN_POINT('',(7.275227734787,-4.121876530095));
#8248 = CARTESIAN_POINT('',(7.249511748808,-3.896336223408));
#8249 = CARTESIAN_POINT('',(7.211999044586,-3.557631893625));
#8250 = CARTESIAN_POINT('',(7.19966040113,-3.444556848513));
#8251 = CARTESIAN_POINT('',(7.187473563219,-3.331462442737));
#8252 = CARTESIAN_POINT('',(7.175408761371,-3.218358497072));
#8253 = CARTESIAN_POINT('',(7.163436232542,-3.105254788055));
#8254 = CARTESIAN_POINT('',(7.151526220122,-2.992161047989));
#8255 = CARTESIAN_POINT('',(7.139648973935,-2.879086964941));
#8256 = CARTESIAN_POINT('',(7.080415110651,-2.315169748361));
#8257 = CARTESIAN_POINT('',(7.033117718636,-1.864759001569));
#8258 = CARTESIAN_POINT('',(6.985871094939,-1.414732658121));
#8259 = CARTESIAN_POINT('',(6.938663374337,-0.965012125155));
#8260 = CARTESIAN_POINT('',(6.891482472778,-0.515517786527));
#8261 = CARTESIAN_POINT('',(6.844316254523,-6.616928813581E-02));
#8262 = CARTESIAN_POINT('',(6.797152699286,0.38311417674));
#8263 = CARTESIAN_POINT('',(6.703178611832,1.27817772718));
#8264 = CARTESIAN_POINT('',(6.627514814247,1.998843952265));
#8265 = CARTESIAN_POINT('',(6.55011756441,2.735484320189));
#8266 = CARTESIAN_POINT('',(6.488745469301,3.32067141883));
#8267 = CARTESIAN_POINT('',(6.450952899998,3.679994662399));
#8268 = CARTESIAN_POINT('',(6.433835707596,3.843827895908));
#8269 = CARTESIAN_POINT('',(6.422292682325,3.953358504697));
#8270 = CARTESIAN_POINT('',(6.367471902438,4.476012624117));
#8271 = CARTESIAN_POINT('',(6.345727688057,4.683856574153));
#8272 = CARTESIAN_POINT('',(6.324223364014,4.891773264851));
#8273 = CARTESIAN_POINT('',(6.303151656606,5.099742345532));
#8274 = CARTESIAN_POINT('',(6.282705580518,5.307742318047));
#8275 = CARTESIAN_POINT('',(6.263079169654,5.515750453905));
#8276 = CARTESIAN_POINT('',(6.244468207966,5.723742711409));
#8277 = CARTESIAN_POINT('',(6.227070960281,5.931693652779));
#8278 = ( GEOMETRIC_REPRESENTATION_CONTEXT(2) 
PARAMETRIC_REPRESENTATION_CONTEXT() REPRESENTATION_CONTEXT('2D SPACE',''
  ) );
#8279 = PCURVE('',#6398,#8280);
#8280 = DEFINITIONAL_REPRESENTATION('',(#8281),#8452);
#8281 = B_SPLINE_CURVE_WITH_KNOTS('',8,(#8282,#8283,#8284,#8285,#8286,
    #8287,#8288,#8289,#8290,#8291,#8292,#8293,#8294,#8295,#8296,#8297,
    #8298,#8299,#8300,#8301,#8302,#8303,#8304,#8305,#8306,#8307,#8308,
    #8309,#8310,#8311,#8312,#8313,#8314,#8315,#8316,#8317,#8318,#8319,
    #8320,#8321,#8322,#8323,#8324,#8325,#8326,#8327,#8328,#8329,#8330,
    #8331,#8332,#8333,#8334,#8335,#8336,#8337,#8338,#8339,#8340,#8341,
    #8342,#8343,#8344,#8345,#8346,#8347,#8348,#8349,#8350,#8351,#8352,
    #8353,#8354,#8355,#8356,#8357,#8358,#8359,#8360,#8361,#8362,#8363,
    #8364,#8365,#8366,#8367,#8368,#8369,#8370,#8371,#8372,#8373,#8374,
    #8375,#8376,#8377,#8378,#8379,#8380,#8381,#8382,#8383,#8384,#8385,
    #8386,#8387,#8388,#8389,#8390,#8391,#8392,#8393,#8394,#8395,#8396,
    #8397,#8398,#8399,#8400,#8401,#8402,#8403,#8404,#8405,#8406,#8407,
    #8408,#8409,#8410,#8411,#8412,#8413,#8414,#8415,#8416,#8417,#8418,
    #8419,#8420,#8421,#8422,#8423,#8424,#8425,#8426,#8427,#8428,#8429,
    #8430,#8431,#8432,#8433,#8434,#8435,#8436,#8437,#8438,#8439,#8440,
    #8441,#8442,#8443,#8444,#8445,#8446,#8447,#8448,#8449,#8450,#8451),
  .UNSPECIFIED.,.F.,.F.,(9,7,7,7,7,7,7,7,7,7,7,7,7,7,7,7,7,7,7,7,7,7,7,7
    ,9),(0.,3.414385910622E-02,7.916187992089E-02,0.113182164093,
    0.131686306002,0.150190448146,0.187321337103,0.228273000263,
    0.242686617297,0.258701749825,0.314195879477,0.324515677571,
    0.360955099785,0.388136075688,0.409131242013,0.425025360451,
    0.471462425512,0.506611922329,0.523428205901,0.541773458793,
    0.609267462469,0.643079238239,0.777935508079,0.911730676986,1.),
  .UNSPECIFIED.);
#8282 = CARTESIAN_POINT('',(41.119832237205,0.25));
#8283 = CARTESIAN_POINT('',(41.0066045868,0.25));
#8284 = CARTESIAN_POINT('',(40.893435333035,0.25));
#8285 = CARTESIAN_POINT('',(40.780316660499,0.25));
#8286 = CARTESIAN_POINT('',(40.66724057451,0.25));
#8287 = CARTESIAN_POINT('',(40.554198901119,0.25));
#8288 = CARTESIAN_POINT('',(40.441183287106,0.25));
#8289 = CARTESIAN_POINT('',(40.328185199981,0.25));
#8290 = CARTESIAN_POINT('',(40.066221748395,0.25));
#8291 = CARTESIAN_POINT('',(39.917263359852,0.25));
#8292 = CARTESIAN_POINT('',(39.768300538361,0.25));
#8293 = CARTESIAN_POINT('',(39.619313229303,0.25));
#8294 = CARTESIAN_POINT('',(39.470281491004,0.25));
#8295 = CARTESIAN_POINT('',(39.321185438309,0.25));
#8296 = CARTESIAN_POINT('',(39.172005186149,0.25));
#8297 = CARTESIAN_POINT('',(38.909906027335,0.25));
#8298 = CARTESIAN_POINT('',(38.797032059692,0.25));
#8299 = CARTESIAN_POINT('',(38.684090379534,0.25));
#8300 = CARTESIAN_POINT('',(38.571072705724,0.25));
#8301 = CARTESIAN_POINT('',(38.457970986631,0.25));
#8302 = CARTESIAN_POINT('',(38.344777400125,0.25));
#8303 = CARTESIAN_POINT('',(38.231484353584,0.25));
#8304 = CARTESIAN_POINT('',(38.056404596953,0.25));
#8305 = CARTESIAN_POINT('',(37.994725383523,0.25));
#8306 = CARTESIAN_POINT('',(37.933044646957,0.25));
#8307 = CARTESIAN_POINT('',(37.871366034968,0.25));
#8308 = CARTESIAN_POINT('',(37.809685446156,0.25));
#8309 = CARTESIAN_POINT('',(37.748006069299,0.25));
#8310 = CARTESIAN_POINT('',(37.686326244616,0.25));
#8311 = CARTESIAN_POINT('',(37.562966748687,0.25));
#8312 = CARTESIAN_POINT('',(37.501287000331,0.25));
#8313 = CARTESIAN_POINT('',(37.439607251975,0.25));
#8314 = CARTESIAN_POINT('',(37.37792750362,0.25));
#8315 = CARTESIAN_POINT('',(37.316247755264,0.25));
#8316 = CARTESIAN_POINT('',(37.254568006908,0.25));
#8317 = CARTESIAN_POINT('',(37.192888258552,0.25));
#8318 = CARTESIAN_POINT('',(37.007440336061,0.25));
#8319 = CARTESIAN_POINT('',(36.883721237465,0.25));
#8320 = CARTESIAN_POINT('',(36.760080767135,0.25));
#8321 = CARTESIAN_POINT('',(36.63655210188,0.25));
#8322 = CARTESIAN_POINT('',(36.513171804481,0.25));
#8323 = CARTESIAN_POINT('',(36.389979585582,0.25));
#8324 = CARTESIAN_POINT('',(36.267018065577,0.25));
#8325 = CARTESIAN_POINT('',(36.009022647554,0.25));
#8326 = CARTESIAN_POINT('',(35.874049592602,0.25));
#8327 = CARTESIAN_POINT('',(35.739476333531,0.25));
#8328 = CARTESIAN_POINT('',(35.605372229755,0.25));
#8329 = CARTESIAN_POINT('',(35.471812295879,0.25));
#8330 = CARTESIAN_POINT('',(35.338876459354,0.25));
#8331 = CARTESIAN_POINT('',(35.206648818134,0.25));
#8332 = CARTESIAN_POINT('',(35.028957254361,0.25));
#8333 = CARTESIAN_POINT('',(34.982697270705,0.25));
#8334 = CARTESIAN_POINT('',(34.936437353914,0.25));
#8335 = CARTESIAN_POINT('',(34.890177590379,0.25));
#8336 = CARTESIAN_POINT('',(34.843917885925,0.25));
#8337 = CARTESIAN_POINT('',(34.797658105403,0.25));
#8338 = CARTESIAN_POINT('',(34.751398212275,0.25));
#8339 = CARTESIAN_POINT('',(34.653738617905,0.25));
#8340 = CARTESIAN_POINT('',(34.602338827608,0.25));
#8341 = CARTESIAN_POINT('',(34.550939037312,0.25));
#8342 = CARTESIAN_POINT('',(34.499539247015,0.25));
#8343 = CARTESIAN_POINT('',(34.448139456719,0.25));
#8344 = CARTESIAN_POINT('',(34.396739666422,0.25));
#8345 = CARTESIAN_POINT('',(34.345339876125,0.25));
#8346 = CARTESIAN_POINT('',(34.115834371011,0.25));
#8347 = CARTESIAN_POINT('',(33.93724746079,0.25));
#8348 = CARTESIAN_POINT('',(33.756877304131,0.25));
#8349 = CARTESIAN_POINT('',(33.573904450631,0.25));
#8350 = CARTESIAN_POINT('',(33.387906937373,0.25));
#8351 = CARTESIAN_POINT('',(33.198850793737,0.25));
#8352 = CARTESIAN_POINT('',(33.007100062517,0.25));
#8353 = CARTESIAN_POINT('',(32.777647329313,0.25));
#8354 = CARTESIAN_POINT('',(32.741666319582,0.25));
#8355 = CARTESIAN_POINT('',(32.705685228011,0.25));
#8356 = CARTESIAN_POINT('',(32.669705245659,0.25));
#8357 = CARTESIAN_POINT('',(32.633726622727,0.25));
#8358 = CARTESIAN_POINT('',(32.597748668561,0.25));
#8359 = CARTESIAN_POINT('',(32.561769751651,0.25));
#8360 = CARTESIAN_POINT('',(32.398732511393,0.25));
#8361 = CARTESIAN_POINT('',(32.27231490828,0.25));
#8362 = CARTESIAN_POINT('',(32.146910533171,0.25));
#8363 = CARTESIAN_POINT('',(32.022739850066,0.25));
#8364 = CARTESIAN_POINT('',(31.899905787055,0.25));
#8365 = CARTESIAN_POINT('',(31.778408704391,0.25));
#8366 = CARTESIAN_POINT('',(31.658146907651,0.25));
#8367 = CARTESIAN_POINT('',(31.449970852226,0.25));
#8368 = CARTESIAN_POINT('',(31.361626504488,0.25));
#8369 = CARTESIAN_POINT('',(31.273807498991,0.25));
#8370 = CARTESIAN_POINT('',(31.186441375866,0.25));
#8371 = CARTESIAN_POINT('',(31.09945179077,0.25));
#8372 = CARTESIAN_POINT('',(31.012756306541,0.25));
#8373 = CARTESIAN_POINT('',(30.926264184859,0.25));
#8374 = CARTESIAN_POINT('',(30.773144691395,0.25));
#8375 = CARTESIAN_POINT('',(30.706480463942,0.25));
#8376 = CARTESIAN_POINT('',(30.639837078537,0.25));
#8377 = CARTESIAN_POINT('',(30.573169932511,0.25));
#8378 = CARTESIAN_POINT('',(30.506433365535,0.25));
#8379 = CARTESIAN_POINT('',(30.439579787626,0.25));
#8380 = CARTESIAN_POINT('',(30.372558807149,0.25));
#8381 = CARTESIAN_POINT('',(30.254411335193,0.25));
#8382 = CARTESIAN_POINT('',(30.203382737841,0.25));
#8383 = CARTESIAN_POINT('',(30.152187461348,0.25));
#8384 = CARTESIAN_POINT('',(30.100837895167,0.25));
#8385 = CARTESIAN_POINT('',(30.049353516489,0.25));
#8386 = CARTESIAN_POINT('',(29.997738982851,0.25));
#8387 = CARTESIAN_POINT('',(29.94598872449,0.25));
#8388 = CARTESIAN_POINT('',(29.742569995279,0.25));
#8389 = CARTESIAN_POINT('',(29.589972751912,0.25));
#8390 = CARTESIAN_POINT('',(29.436481598754,0.25));
#8391 = CARTESIAN_POINT('',(29.282245590702,0.25));
#8392 = CARTESIAN_POINT('',(29.127405889336,0.25));
#8393 = CARTESIAN_POINT('',(28.972094107104,0.25));
#8394 = CARTESIAN_POINT('',(28.816430651517,0.25));
#8395 = CARTESIAN_POINT('',(28.542512315282,0.25));
#8396 = CARTESIAN_POINT('',(28.424361308911,0.25));
#8397 = CARTESIAN_POINT('',(28.306114810056,0.25));
#8398 = CARTESIAN_POINT('',(28.187814148652,0.25));
#8399 = CARTESIAN_POINT('',(28.069497055056,0.25));
#8400 = CARTESIAN_POINT('',(27.951197490375,0.25));
#8401 = CARTESIAN_POINT('',(27.832945476788,0.25));
#8402 = CARTESIAN_POINT('',(27.658227740388,0.25));
#8403 = CARTESIAN_POINT('',(27.601687902602,0.25));
#8404 = CARTESIAN_POINT('',(27.545145723873,0.25));
#8405 = CARTESIAN_POINT('',(27.488607692852,0.25));
#8406 = CARTESIAN_POINT('',(27.432069937908,0.25));
#8407 = CARTESIAN_POINT('',(27.375528089917,0.25));
#8408 = CARTESIAN_POINT('',(27.318987876058,0.25));
#8409 = CARTESIAN_POINT('',(27.200769024911,0.25));
#8410 = CARTESIAN_POINT('',(27.139089276555,0.25));
#8411 = CARTESIAN_POINT('',(27.0774095282,0.25));
#8412 = CARTESIAN_POINT('',(27.015729779844,0.25));
#8413 = CARTESIAN_POINT('',(26.954050031488,0.25));
#8414 = CARTESIAN_POINT('',(26.892370283132,0.25));
#8415 = CARTESIAN_POINT('',(26.830690534776,0.25));
#8416 = CARTESIAN_POINT('',(26.542084878851,0.25));
#8417 = CARTESIAN_POINT('',(26.315458556402,0.25));
#8418 = CARTESIAN_POINT('',(26.089095182335,0.25));
#8419 = CARTESIAN_POINT('',(25.862955381226,0.25));
#8420 = CARTESIAN_POINT('',(25.636996853682,0.25));
#8421 = CARTESIAN_POINT('',(25.411174191053,0.25));
#8422 = CARTESIAN_POINT('',(25.185438690155,0.25));
#8423 = CARTESIAN_POINT('',(24.846671302315,0.25));
#8424 = CARTESIAN_POINT('',(24.733613633497,0.25));
#8425 = CARTESIAN_POINT('',(24.620558823739,0.25));
#8426 = CARTESIAN_POINT('',(24.507500478401,0.25));
#8427 = CARTESIAN_POINT('',(24.394432145995,0.25));
#8428 = CARTESIAN_POINT('',(24.281347318185,0.25));
#8429 = CARTESIAN_POINT('',(24.168239429786,0.25));
#8430 = CARTESIAN_POINT('',(23.603859341659,0.25));
#8431 = CARTESIAN_POINT('',(23.152149227693,0.25));
#8432 = CARTESIAN_POINT('',(22.700050706543,0.25));
#8433 = CARTESIAN_POINT('',(22.247643965559,0.25));
#8434 = CARTESIAN_POINT('',(21.795009888925,0.25));
#8435 = CARTESIAN_POINT('',(21.342229756824,0.25));
#8436 = CARTESIAN_POINT('',(20.889384944594,0.25));
#8437 = CARTESIAN_POINT('',(19.987291326372,0.25));
#8438 = CARTESIAN_POINT('',(19.261062075441,0.25));
#8439 = CARTESIAN_POINT('',(18.518519113427,0.25));
#8440 = CARTESIAN_POINT('',(17.931574385749,0.25));
#8441 = CARTESIAN_POINT('',(17.571622166191,0.25));
#8442 = CARTESIAN_POINT('',(17.40751492691,0.25));
#8443 = CARTESIAN_POINT('',(17.297548232622,0.25));
#8444 = CARTESIAN_POINT('',(16.774636319003,0.25));
#8445 = CARTESIAN_POINT('',(16.566870849869,0.25));
#8446 = CARTESIAN_POINT('',(16.359152244332,0.25));
#8447 = CARTESIAN_POINT('',(16.151439904831,0.25));
#8448 = CARTESIAN_POINT('',(15.94369454171,0.25));
#8449 = CARTESIAN_POINT('',(15.735878016466,0.25));
#8450 = CARTESIAN_POINT('',(15.527953184993,0.25));
#8451 = CARTESIAN_POINT('',(15.319883740818,0.25));
#8452 = ( GEOMETRIC_REPRESENTATION_CONTEXT(2) 
PARAMETRIC_REPRESENTATION_CONTEXT() REPRESENTATION_CONTEXT('2D SPACE',''
  ) );
#8453 = ORIENTED_EDGE('',*,*,#8454,.T.);
#8454 = EDGE_CURVE('',#7931,#8455,#8457,.T.);
#8455 = VERTEX_POINT('',#8456);
#8456 = CARTESIAN_POINT('',(-23.1,-8.125,0.));
#8457 = SURFACE_CURVE('',#8458,(#8462,#8469),.PCURVE_S1.);
#8458 = LINE('',#8459,#8460);
#8459 = CARTESIAN_POINT('',(-64.,-8.125,0.));
#8460 = VECTOR('',#8461,1.);
#8461 = DIRECTION('',(-1.,0.,-0.));
#8462 = PCURVE('',#4969,#8463);
#8463 = DEFINITIONAL_REPRESENTATION('',(#8464),#8468);
#8464 = LINE('',#8465,#8466);
#8465 = CARTESIAN_POINT('',(-35.79016881194,-3.88322564534));
#8466 = VECTOR('',#8467,1.);
#8467 = DIRECTION('',(-0.994533904972,-0.104414136312));
#8468 = ( GEOMETRIC_REPRESENTATION_CONTEXT(2) 
PARAMETRIC_REPRESENTATION_CONTEXT() REPRESENTATION_CONTEXT('2D SPACE',''
  ) );
#8469 = PCURVE('',#6672,#8470);
#8470 = DEFINITIONAL_REPRESENTATION('',(#8471),#8475);
#8471 = LINE('',#8472,#8473);
#8472 = CARTESIAN_POINT('',(100.,36.));
#8473 = VECTOR('',#8474,1.);
#8474 = DIRECTION('',(0.,-1.));
#8475 = ( GEOMETRIC_REPRESENTATION_CONTEXT(2) 
PARAMETRIC_REPRESENTATION_CONTEXT() REPRESENTATION_CONTEXT('2D SPACE',''
  ) );
#8476 = ORIENTED_EDGE('',*,*,#8477,.F.);
#8477 = EDGE_CURVE('',#8478,#8455,#8480,.T.);
#8478 = VERTEX_POINT('',#8479);
#8479 = CARTESIAN_POINT('',(-23.1,-8.90333705205,1.998401444325E-15));
#8480 = SURFACE_CURVE('',#8481,(#8485,#8492),.PCURVE_S1.);
#8481 = LINE('',#8482,#8483);
#8482 = CARTESIAN_POINT('',(-23.1,-9.2,0.));
#8483 = VECTOR('',#8484,1.);
#8484 = DIRECTION('',(-0.,1.,-0.));
#8485 = PCURVE('',#4969,#8486);
#8486 = DEFINITIONAL_REPRESENTATION('',(#8487),#8491);
#8487 = LINE('',#8488,#8489);
#8488 = CARTESIAN_POINT('',(4.998513097935,-0.681811418039));
#8489 = VECTOR('',#8490,1.);
#8490 = DIRECTION('',(-0.104414136312,0.994533904972));
#8491 = ( GEOMETRIC_REPRESENTATION_CONTEXT(2) 
PARAMETRIC_REPRESENTATION_CONTEXT() REPRESENTATION_CONTEXT('2D SPACE',''
  ) );
#8492 = PCURVE('',#8493,#8498);
#8493 = PLANE('',#8494);
#8494 = AXIS2_PLACEMENT_3D('',#8495,#8496,#8497);
#8495 = CARTESIAN_POINT('',(-20.13042335055,-10.4,9.71304755963));
#8496 = DIRECTION('',(0.956304755963,0.,-0.292371704723));
#8497 = DIRECTION('',(0.,1.,0.));
#8498 = DEFINITIONAL_REPRESENTATION('',(#8499),#8503);
#8499 = LINE('',#8500,#8501);
#8500 = CARTESIAN_POINT('',(1.2,-10.15685376347));
#8501 = VECTOR('',#8502,1.);
#8502 = DIRECTION('',(1.,0.));
#8503 = ( GEOMETRIC_REPRESENTATION_CONTEXT(2) 
PARAMETRIC_REPRESENTATION_CONTEXT() REPRESENTATION_CONTEXT('2D SPACE',''
  ) );
#8504 = ORIENTED_EDGE('',*,*,#8505,.T.);
#8505 = EDGE_CURVE('',#8478,#8506,#8508,.T.);
#8506 = VERTEX_POINT('',#8507);
#8507 = CARTESIAN_POINT('',(-22.3,-10.4,-8.881784197001E-16));
#8508 = SURFACE_CURVE('',#8509,(#8578,#8650),.PCURVE_S1.);
#8509 = B_SPLINE_CURVE_WITH_KNOTS('',4,(#8510,#8511,#8512,#8513,#8514,
    #8515,#8516,#8517,#8518,#8519,#8520,#8521,#8522,#8523,#8524,#8525,
    #8526,#8527,#8528,#8529,#8530,#8531,#8532,#8533,#8534,#8535,#8536,
    #8537,#8538,#8539,#8540,#8541,#8542,#8543,#8544,#8545,#8546,#8547,
    #8548,#8549,#8550,#8551,#8552,#8553,#8554,#8555,#8556,#8557,#8558,
    #8559,#8560,#8561,#8562,#8563,#8564,#8565,#8566,#8567,#8568,#8569,
    #8570,#8571,#8572,#8573,#8574,#8575,#8576,#8577),.UNSPECIFIED.,.F.,
  .F.,(5,3,3,3,3,3,3,3,3,3,3,3,3,3,3,3,3,3,3,3,3,3,5),(0.,
    2.900000551705E-02,6.100001175075E-02,8.400001630362E-02,
    0.111000021674,0.134000026246,0.193000037406,0.222000042832,
    0.256000048906,0.328000059593,0.35000006275,0.378000066476,
    0.402000069418,0.431000072664,0.459000075505,0.485000077916,
    0.513000080306,0.537000082227,0.616000086729,0.796000012182,
    0.825000016351,0.845000019406,1.),.UNSPECIFIED.);
#8510 = CARTESIAN_POINT('',(-23.10000091235,-8.903336442456,0.));
#8511 = CARTESIAN_POINT('',(-23.08934795468,-8.910454239298,0.));
#8512 = CARTESIAN_POINT('',(-23.07876254773,-8.917673137018,0.));
#8513 = CARTESIAN_POINT('',(-23.06824613086,-8.924992173904,0.));
#8514 = CARTESIAN_POINT('',(-23.04627347773,-8.940595918753,0.));
#8515 = CARTESIAN_POINT('',(-23.03483256063,-8.948902198765,0.));
#8516 = CARTESIAN_POINT('',(-23.02347926048,-8.957327841038,0.));
#8517 = CARTESIAN_POINT('',(-23.00411955248,-8.972012151794,0.));
#8518 = CARTESIAN_POINT('',(-22.99606989491,-8.978213800214,0.));
#8519 = CARTESIAN_POINT('',(-22.98806714571,-8.984475863403,0.));
#8520 = CARTESIAN_POINT('',(-22.97077330927,-8.998219212729,0.));
#8521 = CARTESIAN_POINT('',(-22.96150021234,-9.005723136885,0.));
#8522 = CARTESIAN_POINT('',(-22.95229378389,-9.013308707374,0.));
#8523 = CARTESIAN_POINT('',(-22.93537028453,-9.027505594337,0.));
#8524 = CARTESIAN_POINT('',(-22.92763462957,-9.034094757611,0.));
#8525 = CARTESIAN_POINT('',(-22.91994879094,-9.040741961156,0.));
#8526 = CARTESIAN_POINT('',(-22.89272702512,-9.064645581401,0.));
#8527 = CARTESIAN_POINT('',(-22.87347271022,-9.08222270369,0.));
#8528 = CARTESIAN_POINT('',(-22.85456142947,-9.100168380887,0.));
#8529 = CARTESIAN_POINT('',(-22.82688190175,-9.12746925163,0.));
#8530 = CARTESIAN_POINT('',(-22.81784562322,-9.136552697772,0.));
#8531 = CARTESIAN_POINT('',(-22.80889596116,-9.145721496613,0.));
#8532 = CARTESIAN_POINT('',(-22.7896443599,-9.165822627049,0.));
#8533 = CARTESIAN_POINT('',(-22.77937531166,-9.176786459667,0.));
#8534 = CARTESIAN_POINT('',(-22.76922889784,-9.187863881019,0.));
#8535 = CARTESIAN_POINT('',(-22.73798409519,-9.222747021272,0.));
#8536 = CARTESIAN_POINT('',(-22.71731950082,-9.246941293669,0.));
#8537 = CARTESIAN_POINT('',(-22.69723087997,-9.271615887566,0.));
#8538 = CARTESIAN_POINT('',(-22.67177724375,-9.304429686139,0.));
#8539 = CARTESIAN_POINT('',(-22.66587530159,-9.312152401135,0.));
#8540 = CARTESIAN_POINT('',(-22.66002911448,-9.319917408808,0.));
#8541 = CARTESIAN_POINT('',(-22.64687006485,-9.337659893561,0.));
#8542 = CARTESIAN_POINT('',(-22.63959204028,-9.347663208894,0.));
#8543 = CARTESIAN_POINT('',(-22.63240598707,-9.357732796681,0.));
#8544 = CARTESIAN_POINT('',(-22.61923292292,-9.376554166388,0.));
#8545 = CARTESIAN_POINT('',(-22.61322127436,-9.385288704511,0.));
#8546 = CARTESIAN_POINT('',(-22.60727841558,-9.394070190943,0.));
#8547 = CARTESIAN_POINT('',(-22.59430771356,-9.413564513612,0.));
#8548 = CARTESIAN_POINT('',(-22.58731176842,-9.424298573552,0.));
#8549 = CARTESIAN_POINT('',(-22.58041801361,-9.435098547413,0.));
#8550 = CARTESIAN_POINT('',(-22.56707087995,-9.456452751841,0.));
#8551 = CARTESIAN_POINT('',(-22.5606105128,-9.467002614535,0.));
#8552 = CARTESIAN_POINT('',(-22.55424709099,-9.477611234103,0.));
#8553 = CARTESIAN_POINT('',(-22.54216326558,-9.498181440519,0.));
#8554 = CARTESIAN_POINT('',(-22.53642939853,-9.508135118407,0.));
#8555 = CARTESIAN_POINT('',(-22.53078043443,-9.518137225147,0.));
#8556 = CARTESIAN_POINT('',(-22.51922556236,-9.539009147614,0.));
#8557 = CARTESIAN_POINT('',(-22.51333331526,-9.549886526172,0.));
#8558 = CARTESIAN_POINT('',(-22.50754099085,-9.56081744186,0.));
#8559 = CARTESIAN_POINT('',(-22.49697071904,-9.581214570776,0.));
#8560 = CARTESIAN_POINT('',(-22.49216607132,-9.590666947322,0.));
#8561 = CARTESIAN_POINT('',(-22.48743581432,-9.600156769796,0.));
#8562 = CARTESIAN_POINT('',(-22.46745623728,-9.641040846014,0.));
#8563 = CARTESIAN_POINT('',(-22.45294278978,-9.672794717553,0.));
#8564 = CARTESIAN_POINT('',(-22.43925540924,-9.70491331231,0.));
#8565 = CARTESIAN_POINT('',(-22.39713211003,-9.811302487054,0.));
#8566 = CARTESIAN_POINT('',(-22.37221254935,-9.886965644833,0.));
#8567 = CARTESIAN_POINT('',(-22.35180111972,-9.963967408127,0.));
#8568 = CARTESIAN_POINT('',(-22.33343161492,-10.0544567542,0.));
#8569 = CARTESIAN_POINT('',(-22.33100189581,-10.06703688811,0.));
#8570 = CARTESIAN_POINT('',(-22.32869168186,-10.07963951546,0.));
#8571 = CARTESIAN_POINT('',(-22.32499063945,-10.10096873431,0.));
#8572 = CARTESIAN_POINT('',(-22.3235369902,-10.1096844252,0.));
#8573 = CARTESIAN_POINT('',(-22.32214041834,-10.11840944388,0.));
#8574 = CARTESIAN_POINT('',(-22.31042059771,-10.19483004586,0.));
#8575 = CARTESIAN_POINT('',(-22.30347354905,-10.26304354367,0.));
#8576 = CARTESIAN_POINT('',(-22.3,-10.33152184253,0.));
#8577 = CARTESIAN_POINT('',(-22.3,-10.4,0.));
#8578 = PCURVE('',#4969,#8579);
#8579 = DEFINITIONAL_REPRESENTATION('',(#8580),#8649);
#8580 = B_SPLINE_CURVE_WITH_KNOTS('',4,(#8581,#8582,#8583,#8584,#8585,
    #8586,#8587,#8588,#8589,#8590,#8591,#8592,#8593,#8594,#8595,#8596,
    #8597,#8598,#8599,#8600,#8601,#8602,#8603,#8604,#8605,#8606,#8607,
    #8608,#8609,#8610,#8611,#8612,#8613,#8614,#8615,#8616,#8617,#8618,
    #8619,#8620,#8621,#8622,#8623,#8624,#8625,#8626,#8627,#8628,#8629,
    #8630,#8631,#8632,#8633,#8634,#8635,#8636,#8637,#8638,#8639,#8640,
    #8641,#8642,#8643,#8644,#8645,#8646,#8647,#8648),.UNSPECIFIED.,.F.,
  .F.,(5,3,3,3,3,3,3,3,3,3,3,3,3,3,3,3,3,3,3,3,3,3,5),(0.,
    2.900000551705E-02,6.100001175075E-02,8.400001630362E-02,
    0.111000021674,0.134000026246,0.193000037406,0.222000042832,
    0.256000048906,0.328000059593,0.35000006275,0.378000066476,
    0.402000069418,0.431000072664,0.459000075505,0.485000077916,
    0.513000080306,0.537000082227,0.616000086729,0.796000012182,
    0.825000016351,0.845000019406,1.),.UNSPECIFIED.);
#8581 = CARTESIAN_POINT('',(4.96753632143,-0.386769546955));
#8582 = CARTESIAN_POINT('',(4.978874247634,-0.392736117869));
#8583 = CARTESIAN_POINT('',(4.990155548715,-0.398810290283));
#8584 = CARTESIAN_POINT('',(5.001378692768,-0.404991258034));
#8585 = CARTESIAN_POINT('',(5.024860492825,-0.418215455731));
#8586 = CARTESIAN_POINT('',(5.037106165839,-0.42528173935));
#8587 = CARTESIAN_POINT('',(5.049277163928,-0.432475881233));
#8588 = CARTESIAN_POINT('',(5.070064299552,-0.44505849896));
#8589 = CARTESIAN_POINT('',(5.078717496693,-0.450385750538));
#8590 = CARTESIAN_POINT('',(5.087330350025,-0.455777984549));
#8591 = CARTESIAN_POINT('',(5.105964656662,-0.467640490426));
#8592 = CARTESIAN_POINT('',(5.115970581723,-0.474135155012));
#8593 = CARTESIAN_POINT('',(5.12591872775,-0.480717980777));
#8594 = CARTESIAN_POINT('',(5.144232077345,-0.493070213637));
#8595 = CARTESIAN_POINT('',(5.152613450276,-0.498815648187));
#8596 = CARTESIAN_POINT('',(5.160951339395,-0.504624007284));
#8597 = CARTESIAN_POINT('',(5.190520184317,-0.525554630903));
#8598 = CARTESIAN_POINT('',(5.211504553349,-0.54102525231));
#8599 = CARTESIAN_POINT('',(5.23218624562,-0.556898231684));
#8600 = CARTESIAN_POINT('',(5.262565071252,-0.581159739293));
#8601 = CARTESIAN_POINT('',(5.272500396807,-0.589250019237));
#8602 = CARTESIAN_POINT('',(5.282358491379,-0.597434229318));
#8603 = CARTESIAN_POINT('',(5.303603703728,-0.615415345747));
#8604 = CARTESIAN_POINT('',(5.314961399495,-0.625247015211));
#8605 = CARTESIAN_POINT('',(5.326208991432,-0.635204457289));
#8606 = CARTESIAN_POINT('',(5.360925299985,-0.6666345239));
#8607 = CARTESIAN_POINT('',(5.384003163768,-0.688538872331));
#8608 = CARTESIAN_POINT('',(5.406558354719,-0.710981056558));
#8609 = CARTESIAN_POINT('',(5.435299083386,-0.740957772347));
#8610 = CARTESIAN_POINT('',(5.441975125582,-0.748022028056));
#8611 = CARTESIAN_POINT('',(5.448600133452,-0.755134166881));
#8612 = CARTESIAN_POINT('',(5.463539820681,-0.771405678726));
#8613 = CARTESIAN_POINT('',(5.471822550409,-0.780594386337));
#8614 = CARTESIAN_POINT('',(5.480020731282,-0.78985860726));
#8615 = CARTESIAN_POINT('',(5.495087007277,-0.807201643456));
#8616 = CARTESIAN_POINT('',(5.501977804848,-0.815260736672));
#8617 = CARTESIAN_POINT('',(5.508805090715,-0.823373704198));
#8618 = CARTESIAN_POINT('',(5.52374037651,-0.841407144398));
#8619 = CARTESIAN_POINT('',(5.531818868749,-0.851352055377));
#8620 = CARTESIAN_POINT('',(5.539802611589,-0.861373190099));
#8621 = CARTESIAN_POINT('',(5.555306469352,-0.881217040984));
#8622 = CARTESIAN_POINT('',(5.562833078326,-0.891034683469));
#8623 = CARTESIAN_POINT('',(5.570269406918,-0.900920884123));
#8624 = CARTESIAN_POINT('',(5.584435001323,-0.920116929642));
#8625 = CARTESIAN_POINT('',(5.591176831191,-0.929417503005));
#8626 = CARTESIAN_POINT('',(5.597839278854,-0.938775105571));
#8627 = CARTESIAN_POINT('',(5.611510314657,-0.958326448139));
#8628 = CARTESIAN_POINT('',(5.618506106255,-0.96852913602));
#8629 = CARTESIAN_POINT('',(5.625408111391,-0.978795501734));
#8630 = CARTESIAN_POINT('',(5.638050353695,-0.997977452204));
#8631 = CARTESIAN_POINT('',(5.643815700482,-1.00687648802));
#8632 = CARTESIAN_POINT('',(5.649510973073,-1.015820532522));
#8633 = CARTESIAN_POINT('',(5.673650215346,-1.054394982214));
#8634 = CARTESIAN_POINT('',(5.69139988404,-1.084459874988));
#8635 = CARTESIAN_POINT('',(5.708366083381,-1.114973750437));
#8636 = CARTESIAN_POINT('',(5.761367666434,-1.216383123936));
#8637 = CARTESIAN_POINT('',(5.794051317697,-1.289030745298));
#8638 = CARTESIAN_POINT('',(5.822391249122,-1.363480367841));
#8639 = CARTESIAN_POINT('',(5.850108711381,-1.451557054573));
#8640 = CARTESIAN_POINT('',(5.85383869323,-1.463814727255));
#8641 = CARTESIAN_POINT('',(5.857452171785,-1.476107248449));
#8642 = CARTESIAN_POINT('',(5.863360055905,-1.496933438624));
#8643 = CARTESIAN_POINT('',(5.865715800705,-1.505449707187));
#8644 = CARTESIAN_POINT('',(5.868015754062,-1.513981212238));
#8645 = CARTESIAN_POINT('',(5.887650904188,-1.588760376999));
#8646 = CARTESIAN_POINT('',(5.901682433081,-1.65587564326));
#8647 = CARTESIAN_POINT('',(5.912287097819,-1.723616945607));
#8648 = CARTESIAN_POINT('',(5.919437185487,-1.791720794956));
#8649 = ( GEOMETRIC_REPRESENTATION_CONTEXT(2) 
PARAMETRIC_REPRESENTATION_CONTEXT() REPRESENTATION_CONTEXT('2D SPACE',''
  ) );
#8650 = PCURVE('',#8651,#8680);
#8651 = B_SPLINE_SURFACE_WITH_KNOTS('',13,1,(
    (#8652,#8653)
    ,(#8654,#8655)
    ,(#8656,#8657)
    ,(#8658,#8659)
    ,(#8660,#8661)
    ,(#8662,#8663)
    ,(#8664,#8665)
    ,(#8666,#8667)
    ,(#8668,#8669)
    ,(#8670,#8671)
    ,(#8672,#8673)
    ,(#8674,#8675)
    ,(#8676,#8677)
    ,(#8678,#8679
    )),.UNSPECIFIED.,.T.,.F.,.F.,(14,14),(2,2),(0.,6.28318530718),(0.,1.
    ),.PIECEWISE_BEZIER_KNOTS.);
#8652 = CARTESIAN_POINT('',(-28.41461362917,-10.4,-20.));
#8653 = CARTESIAN_POINT('',(-19.33042335055,-10.4,9.71304755963));
#8654 = CARTESIAN_POINT('',(-28.41461362917,-9.530020495929,-20.));
#8655 = CARTESIAN_POINT('',(-19.33042335055,-9.530020495929,
    9.71304755963));
#8656 = CARTESIAN_POINT('',(-28.87013633187,-8.660040643965,
    -19.99999999999));
#8657 = CARTESIAN_POINT('',(-19.78594605326,-8.660040643965,
    9.713047559631));
#8658 = CARTESIAN_POINT('',(-29.78115461784,-8.050257321323,-20.));
#8659 = CARTESIAN_POINT('',(-20.6969643392,-8.050257321323,
    9.713047559629));
#8660 = CARTESIAN_POINT('',(-30.98433175316,-7.960835129971,
    -19.99999999998));
#8661 = CARTESIAN_POINT('',(-21.90014147459,-7.960835129971,
    9.713047559632));
#8662 = CARTESIAN_POINT('',(-32.15217186577,-8.537956383664,
    -20.00000000003));
#8663 = CARTESIAN_POINT('',(-23.06798158708,-8.537956383664,
    9.713047559631));
#8664 = CARTESIAN_POINT('',(-32.8852735925,-9.698994189627,
    -19.99999999995));
#8665 = CARTESIAN_POINT('',(-23.80108331397,-9.698994189627,
    9.713047559624));
#8666 = CARTESIAN_POINT('',(-32.88527359248,-11.10100581037,
    -20.00000000005));
#8667 = CARTESIAN_POINT('',(-23.80108331377,-11.10100581037,
    9.713047559643));
#8668 = CARTESIAN_POINT('',(-32.15217186579,-12.26204361633,
    -19.99999999994));
#8669 = CARTESIAN_POINT('',(-23.06798158724,-12.26204361633,
    9.713047559615));
#8670 = CARTESIAN_POINT('',(-30.98433175315,-12.83916487003,
    -20.00000000003));
#8671 = CARTESIAN_POINT('',(-21.90014147448,-12.83916487003,
    9.713047559643));
#8672 = CARTESIAN_POINT('',(-29.78115461785,-12.74974267867,
    -19.99999999997));
#8673 = CARTESIAN_POINT('',(-20.69696433925,-12.74974267867,
    9.713047559623));
#8674 = CARTESIAN_POINT('',(-28.87013633187,-12.13995935603,-20.));
#8675 = CARTESIAN_POINT('',(-19.78594605324,-12.13995935603,
    9.713047559634));
#8676 = CARTESIAN_POINT('',(-28.41461362917,-11.26997950407,
    -19.99999999999));
#8677 = CARTESIAN_POINT('',(-19.33042335055,-11.26997950407,
    9.71304755963));
#8678 = CARTESIAN_POINT('',(-28.41461362917,-10.4,-20.));
#8679 = CARTESIAN_POINT('',(-19.33042335055,-10.4,9.71304755963));
#8680 = DEFINITIONAL_REPRESENTATION('',(#8681),#8750);
#8681 = B_SPLINE_CURVE_WITH_KNOTS('',4,(#8682,#8683,#8684,#8685,#8686,
    #8687,#8688,#8689,#8690,#8691,#8692,#8693,#8694,#8695,#8696,#8697,
    #8698,#8699,#8700,#8701,#8702,#8703,#8704,#8705,#8706,#8707,#8708,
    #8709,#8710,#8711,#8712,#8713,#8714,#8715,#8716,#8717,#8718,#8719,
    #8720,#8721,#8722,#8723,#8724,#8725,#8726,#8727,#8728,#8729,#8730,
    #8731,#8732,#8733,#8734,#8735,#8736,#8737,#8738,#8739,#8740,#8741,
    #8742,#8743,#8744,#8745,#8746,#8747,#8748,#8749),.UNSPECIFIED.,.F.,
  .F.,(5,3,3,3,3,3,3,3,3,3,3,3,3,3,3,3,3,3,3,3,3,3,5),(0.,
    2.900000551705E-02,6.100001175075E-02,8.400001630362E-02,
    0.111000021674,0.134000026246,0.193000037406,0.222000042832,
    0.256000048906,0.328000059593,0.35000006275,0.378000066476,
    0.402000069418,0.431000072664,0.459000075505,0.485000077916,
    0.513000080306,0.537000082227,0.616000086729,0.796000012182,
    0.825000016351,0.845000019406,1.),.UNSPECIFIED.);
#8682 = CARTESIAN_POINT('',(0.981765956579,0.673104970463));
#8683 = CARTESIAN_POINT('',(0.974648153376,0.673104970463));
#8684 = CARTESIAN_POINT('',(0.967530350183,0.673104970463));
#8685 = CARTESIAN_POINT('',(0.960412547003,0.673104970463));
#8686 = CARTESIAN_POINT('',(0.945440616172,0.673104970463));
#8687 = CARTESIAN_POINT('',(0.937586488511,0.673104970463));
#8688 = CARTESIAN_POINT('',(0.929732360861,0.673104970463));
#8689 = CARTESIAN_POINT('',(0.916233078973,0.673104970463));
#8690 = CARTESIAN_POINT('',(0.910587924721,0.673104970463));
#8691 = CARTESIAN_POINT('',(0.904942770471,0.673104970463));
#8692 = CARTESIAN_POINT('',(0.892670696018,0.673104970463));
#8693 = CARTESIAN_POINT('',(0.88604377581,0.673104970463));
#8694 = CARTESIAN_POINT('',(0.879416855603,0.673104970463));
#8695 = CARTESIAN_POINT('',(0.867144781151,0.673104970463));
#8696 = CARTESIAN_POINT('',(0.861499626901,0.673104970463));
#8697 = CARTESIAN_POINT('',(0.85585447265,0.673104970463));
#8698 = CARTESIAN_POINT('',(0.835728270671,0.673104970463));
#8699 = CARTESIAN_POINT('',(0.821247222753,0.673104970463));
#8700 = CARTESIAN_POINT('',(0.806766174798,0.673104970463));
#8701 = CARTESIAN_POINT('',(0.785167323799,0.673104970463));
#8702 = CARTESIAN_POINT('',(0.77804952062,0.673104970463));
#8703 = CARTESIAN_POINT('',(0.770931717425,0.673104970463));
#8704 = CARTESIAN_POINT('',(0.755468903632,0.673104970463));
#8705 = CARTESIAN_POINT('',(0.747123893011,0.673104970463));
#8706 = CARTESIAN_POINT('',(0.738778882362,0.673104970463));
#8707 = CARTESIAN_POINT('',(0.712762084933,0.673104970463));
#8708 = CARTESIAN_POINT('',(0.695090297569,0.673104970463));
#8709 = CARTESIAN_POINT('',(0.677418510046,0.673104970463));
#8710 = CARTESIAN_POINT('',(0.654347010084,0.673104970463));
#8711 = CARTESIAN_POINT('',(0.648947297331,0.673104970463));
#8712 = CARTESIAN_POINT('',(0.643547584561,0.673104970463));
#8713 = CARTESIAN_POINT('',(0.631275510122,0.673104970463));
#8714 = CARTESIAN_POINT('',(0.624403148437,0.673104970463));
#8715 = CARTESIAN_POINT('',(0.617530786725,0.673104970463));
#8716 = CARTESIAN_POINT('',(0.604767829282,0.673104970463));
#8717 = CARTESIAN_POINT('',(0.598877233551,0.673104970463));
#8718 = CARTESIAN_POINT('',(0.592986637801,0.673104970463));
#8719 = CARTESIAN_POINT('',(0.579978238892,0.673104970463));
#8720 = CARTESIAN_POINT('',(0.572860435717,0.673104970463));
#8721 = CARTESIAN_POINT('',(0.565742632515,0.673104970463));
#8722 = CARTESIAN_POINT('',(0.551752467634,0.673104970463));
#8723 = CARTESIAN_POINT('',(0.544880105946,0.673104970463));
#8724 = CARTESIAN_POINT('',(0.538007744236,0.673104970463));
#8725 = CARTESIAN_POINT('',(0.524753903818,0.673104970463));
#8726 = CARTESIAN_POINT('',(0.518372425107,0.673104970463));
#8727 = CARTESIAN_POINT('',(0.511990946379,0.673104970463));
#8728 = CARTESIAN_POINT('',(0.498737105968,0.673104970463));
#8729 = CARTESIAN_POINT('',(0.491864744277,0.673104970463));
#8730 = CARTESIAN_POINT('',(0.48499238257,0.673104970463));
#8731 = CARTESIAN_POINT('',(0.472229425128,0.673104970463));
#8732 = CARTESIAN_POINT('',(0.466338829391,0.673104970463));
#8733 = CARTESIAN_POINT('',(0.460448233646,0.673104970463));
#8734 = CARTESIAN_POINT('',(0.435167760667,0.673104970463));
#8735 = CARTESIAN_POINT('',(0.415777882624,0.673104970463));
#8736 = CARTESIAN_POINT('',(0.396388004572,0.673104970463));
#8737 = CARTESIAN_POINT('',(0.332818680998,0.673104970463));
#8738 = CARTESIAN_POINT('',(0.288639189296,0.673104970463));
#8739 = CARTESIAN_POINT('',(0.244459698776,0.673104970463));
#8740 = CARTESIAN_POINT('',(0.193162451919,0.673104970463));
#8741 = CARTESIAN_POINT('',(0.186044648719,0.673104970463));
#8742 = CARTESIAN_POINT('',(0.178926845545,0.673104970463));
#8743 = CARTESIAN_POINT('',(0.166900212603,0.673104970463));
#8744 = CARTESIAN_POINT('',(0.161991382814,0.673104970463));
#8745 = CARTESIAN_POINT('',(0.157082553037,0.673104970463));
#8746 = CARTESIAN_POINT('',(0.114130303148,0.673104970463));
#8747 = CARTESIAN_POINT('',(7.608686213577E-02,0.673104970463));
#8748 = CARTESIAN_POINT('',(3.804342081386E-02,0.673104970463));
#8749 = CARTESIAN_POINT('',(0.,0.673104970463));
#8750 = ( GEOMETRIC_REPRESENTATION_CONTEXT(2) 
PARAMETRIC_REPRESENTATION_CONTEXT() REPRESENTATION_CONTEXT('2D SPACE',''
  ) );
#8751 = ORIENTED_EDGE('',*,*,#8752,.T.);
#8752 = EDGE_CURVE('',#8506,#8753,#8755,.T.);
#8753 = VERTEX_POINT('',#8754);
#8754 = CARTESIAN_POINT('',(-25.1,-8.90333703811,4.440892098501E-16));
#8755 = SURFACE_CURVE('',#8756,(#8787,#8821),.PCURVE_S1.);
#8756 = B_SPLINE_CURVE_WITH_KNOTS('',8,(#8757,#8758,#8759,#8760,#8761,
    #8762,#8763,#8764,#8765,#8766,#8767,#8768,#8769,#8770,#8771,#8772,
    #8773,#8774,#8775,#8776,#8777,#8778,#8779,#8780,#8781,#8782,#8783,
    #8784,#8785,#8786),.UNSPECIFIED.,.F.,.F.,(9,7,7,7,9),(0.,
    0.250997935512,0.500997938818,0.750997947538,1.),.UNSPECIFIED.);
#8757 = CARTESIAN_POINT('',(-22.3,-10.4,0.));
#8758 = CARTESIAN_POINT('',(-22.3,-10.63273965921,0.));
#8759 = CARTESIAN_POINT('',(-22.33439264973,-10.86582950169,0.));
#8760 = CARTESIAN_POINT('',(-22.40335617623,-11.09277640594,0.));
#8761 = CARTESIAN_POINT('',(-22.50539085939,-11.30768745776,0.));
#8762 = CARTESIAN_POINT('',(-22.63808613383,-11.50514576763,0.));
#8763 = CARTESIAN_POINT('',(-22.79801493529,-11.68031324495,0.));
#8764 = CARTESIAN_POINT('',(-22.98087636894,-11.82889119927,0.));
#8765 = CARTESIAN_POINT('',(-23.38032017372,-12.06607286876,0.));
#8766 = CARTESIAN_POINT('',(-23.59735935932,-12.1552652659,0.));
#8767 = CARTESIAN_POINT('',(-23.82669024846,-12.21187205832,0.));
#8768 = CARTESIAN_POINT('',(-24.06255263152,-12.23418758655,0.));
#8769 = CARTESIAN_POINT('',(-24.29912929772,-12.22151751766,0.));
#8770 = CARTESIAN_POINT('',(-24.53057953583,-12.17431818558,0.));
#8771 = CARTESIAN_POINT('',(-24.75107831098,-12.09405870888,0.));
#8772 = CARTESIAN_POINT('',(-25.15905571183,-11.87381780774,0.));
#8773 = CARTESIAN_POINT('',(-25.34713839599,-11.73351028905,0.));
#8774 = CARTESIAN_POINT('',(-25.513590545,-11.56590756311,0.));
#8775 = CARTESIAN_POINT('',(-25.65398784569,-11.37507347237,0.));
#8776 = CARTESIAN_POINT('',(-25.76474411803,-11.16564066632,0.));
#8777 = CARTESIAN_POINT('',(-25.84324807218,-10.94285350372,0.));
#8778 = CARTESIAN_POINT('',(-25.88776518097,-10.71246357159,0.));
#8779 = CARTESIAN_POINT('',(-25.90855684355,-10.25022756831,0.));
#8780 = CARTESIAN_POINT('',(-25.88513352532,-10.01771473507,0.));
#8781 = CARTESIAN_POINT('',(-25.82745708056,-9.789660645985,0.));
#8782 = CARTESIAN_POINT('',(-25.73671606189,-9.571879779026,0.));
#8783 = CARTESIAN_POINT('',(-25.615006332,-9.369767979492,0.));
#8784 = CARTESIAN_POINT('',(-25.46543368154,-9.188210104934,0.));
#8785 = CARTESIAN_POINT('',(-25.29197864773,-9.031607990084,0.));
#8786 = CARTESIAN_POINT('',(-25.099999102,-8.90333643811,0.));
#8787 = PCURVE('',#4969,#8788);
#8788 = DEFINITIONAL_REPRESENTATION('',(#8789),#8820);
#8789 = B_SPLINE_CURVE_WITH_KNOTS('',8,(#8790,#8791,#8792,#8793,#8794,
    #8795,#8796,#8797,#8798,#8799,#8800,#8801,#8802,#8803,#8804,#8805,
    #8806,#8807,#8808,#8809,#8810,#8811,#8812,#8813,#8814,#8815,#8816,
    #8817,#8818,#8819),.UNSPECIFIED.,.F.,.F.,(9,7,7,7,9),(0.,
    0.250997935512,0.500997938818,0.750997947538,1.),.UNSPECIFIED.);
#8790 = CARTESIAN_POINT('',(5.919437185487,-1.791720794956));
#8791 = CARTESIAN_POINT('',(5.943738495989,-2.023188277075));
#8792 = CARTESIAN_POINT('',(5.933871714337,-2.258595107148));
#8793 = CARTESIAN_POINT('',(5.888981614018,-2.49150226511));
#8794 = CARTESIAN_POINT('',(5.809944413995,-2.715892456005));
#8795 = CARTESIAN_POINT('',(5.698591903417,-2.92612670247));
#8796 = CARTESIAN_POINT('',(5.557827248832,-3.117035525387));
#8797 = CARTESIAN_POINT('',(5.391478991931,-3.283894657153));
#8798 = CARTESIAN_POINT('',(5.018983704115,-3.56148744898));
#8799 = CARTESIAN_POINT('',(4.812443822439,-3.672854271106));
#8800 = CARTESIAN_POINT('',(4.59027702708,-3.75309703214));
#8801 = CARTESIAN_POINT('',(4.358033946823,-3.799917948588));
#8802 = CARTESIAN_POINT('',(4.121427496865,-3.812019083772));
#8803 = CARTESIAN_POINT('',(3.886314110254,-3.789244424434));
#8804 = CARTESIAN_POINT('',(3.658640378423,-3.732446842831));
#8805 = CARTESIAN_POINT('',(3.229896757342,-3.556008407323));
#8806 = CARTESIAN_POINT('',(3.028192062624,-3.436106313893));
#8807 = CARTESIAN_POINT('',(2.845149663005,-3.286799677751));
#8808 = CARTESIAN_POINT('',(2.685594010537,-3.111668167182));
#8809 = CARTESIAN_POINT('',(2.553575396953,-2.914944661263));
#8810 = CARTESIAN_POINT('',(2.452238423706,-2.701572197042));
#8811 = CARTESIAN_POINT('',(2.383908683885,-2.477089813632));
#8812 = CARTESIAN_POINT('',(2.314966697459,-2.019551379763));
#8813 = CARTESIAN_POINT('',(2.313984354939,-1.785863758224));
#8814 = CARTESIAN_POINT('',(2.347533464024,-1.553033998293));
#8815 = CARTESIAN_POINT('',(2.41503908254,-1.326968897155));
#8816 = CARTESIAN_POINT('',(2.514980206486,-1.113253643597));
#8817 = CARTESIAN_POINT('',(2.644778069963,-0.917070682521));
#8818 = CARTESIAN_POINT('',(2.800933507515,-0.743213412168));
#8819 = CARTESIAN_POINT('',(2.978470311492,-0.595597626229));
#8820 = ( GEOMETRIC_REPRESENTATION_CONTEXT(2) 
PARAMETRIC_REPRESENTATION_CONTEXT() REPRESENTATION_CONTEXT('2D SPACE',''
  ) );
#8821 = PCURVE('',#8822,#8851);
#8822 = B_SPLINE_SURFACE_WITH_KNOTS('',13,1,(
    (#8823,#8824)
    ,(#8825,#8826)
    ,(#8827,#8828)
    ,(#8829,#8830)
    ,(#8831,#8832)
    ,(#8833,#8834)
    ,(#8835,#8836)
    ,(#8837,#8838)
    ,(#8839,#8840)
    ,(#8841,#8842)
    ,(#8843,#8844)
    ,(#8845,#8846)
    ,(#8847,#8848)
    ,(#8849,#8850
    )),.UNSPECIFIED.,.T.,.F.,.F.,(14,14),(2,2),(0.,6.28318530718),(0.,1.
    ),.PIECEWISE_BEZIER_KNOTS.);
#8823 = CARTESIAN_POINT('',(-28.41461362917,-10.4,-20.));
#8824 = CARTESIAN_POINT('',(-19.33042335055,-10.4,9.71304755963));
#8825 = CARTESIAN_POINT('',(-28.41461362917,-9.530020495929,-20.));
#8826 = CARTESIAN_POINT('',(-19.33042335055,-9.530020495929,
    9.71304755963));
#8827 = CARTESIAN_POINT('',(-28.87013633187,-8.660040643965,
    -19.99999999999));
#8828 = CARTESIAN_POINT('',(-19.78594605326,-8.660040643965,
    9.713047559631));
#8829 = CARTESIAN_POINT('',(-29.78115461784,-8.050257321323,-20.));
#8830 = CARTESIAN_POINT('',(-20.6969643392,-8.050257321323,
    9.713047559629));
#8831 = CARTESIAN_POINT('',(-30.98433175316,-7.960835129971,
    -19.99999999998));
#8832 = CARTESIAN_POINT('',(-21.90014147459,-7.960835129971,
    9.713047559632));
#8833 = CARTESIAN_POINT('',(-32.15217186577,-8.537956383664,
    -20.00000000003));
#8834 = CARTESIAN_POINT('',(-23.06798158708,-8.537956383664,
    9.713047559631));
#8835 = CARTESIAN_POINT('',(-32.8852735925,-9.698994189627,
    -19.99999999995));
#8836 = CARTESIAN_POINT('',(-23.80108331397,-9.698994189627,
    9.713047559624));
#8837 = CARTESIAN_POINT('',(-32.88527359248,-11.10100581037,
    -20.00000000005));
#8838 = CARTESIAN_POINT('',(-23.80108331377,-11.10100581037,
    9.713047559643));
#8839 = CARTESIAN_POINT('',(-32.15217186579,-12.26204361633,
    -19.99999999994));
#8840 = CARTESIAN_POINT('',(-23.06798158724,-12.26204361633,
    9.713047559615));
#8841 = CARTESIAN_POINT('',(-30.98433175315,-12.83916487003,
    -20.00000000003));
#8842 = CARTESIAN_POINT('',(-21.90014147448,-12.83916487003,
    9.713047559643));
#8843 = CARTESIAN_POINT('',(-29.78115461785,-12.74974267867,
    -19.99999999997));
#8844 = CARTESIAN_POINT('',(-20.69696433925,-12.74974267867,
    9.713047559623));
#8845 = CARTESIAN_POINT('',(-28.87013633187,-12.13995935603,-20.));
#8846 = CARTESIAN_POINT('',(-19.78594605324,-12.13995935603,
    9.713047559634));
#8847 = CARTESIAN_POINT('',(-28.41461362917,-11.26997950407,
    -19.99999999999));
#8848 = CARTESIAN_POINT('',(-19.33042335055,-11.26997950407,
    9.71304755963));
#8849 = CARTESIAN_POINT('',(-28.41461362917,-10.4,-20.));
#8850 = CARTESIAN_POINT('',(-19.33042335055,-10.4,9.71304755963));
#8851 = DEFINITIONAL_REPRESENTATION('',(#8852),#8883);
#8852 = B_SPLINE_CURVE_WITH_KNOTS('',8,(#8853,#8854,#8855,#8856,#8857,
    #8858,#8859,#8860,#8861,#8862,#8863,#8864,#8865,#8866,#8867,#8868,
    #8869,#8870,#8871,#8872,#8873,#8874,#8875,#8876,#8877,#8878,#8879,
    #8880,#8881,#8882),.UNSPECIFIED.,.F.,.F.,(9,7,7,7,9),(0.,
    0.250997935512,0.500997938818,0.750997947538,1.),.UNSPECIFIED.);
#8853 = CARTESIAN_POINT('',(6.28318530718,0.673104970463));
#8854 = CARTESIAN_POINT('',(6.153885496506,0.673104970463));
#8855 = CARTESIAN_POINT('',(6.024391650287,0.673104970463));
#8856 = CARTESIAN_POINT('',(5.895013022327,0.673104970463));
#8857 = CARTESIAN_POINT('',(5.765703773138,0.673104970463));
#8858 = CARTESIAN_POINT('',(5.63639452006,0.673104970463));
#8859 = CARTESIAN_POINT('',(5.5070159713,0.673104970463));
#8860 = CARTESIAN_POINT('',(5.377522128498,0.673104970463));
#8861 = CARTESIAN_POINT('',(5.11943653904,0.673104970463));
#8862 = CARTESIAN_POINT('',(4.990460575906,0.673104970463));
#8863 = CARTESIAN_POINT('',(4.861597412457,0.673104970463));
#8864 = CARTESIAN_POINT('',(4.732802456143,0.673104970463));
#8865 = CARTESIAN_POINT('',(4.604007505602,0.673104970463));
#8866 = CARTESIAN_POINT('',(4.475144352493,0.673104970463));
#8867 = CARTESIAN_POINT('',(4.346168395375,0.673104970463));
#8868 = CARTESIAN_POINT('',(4.088596884169,0.673104970463));
#8869 = CARTESIAN_POINT('',(3.959620924654,0.673104970463));
#8870 = CARTESIAN_POINT('',(3.830757771725,0.673104970463));
#8871 = CARTESIAN_POINT('',(3.701962824665,0.673104970463));
#8872 = CARTESIAN_POINT('',(3.573167874974,0.673104970463));
#8873 = CARTESIAN_POINT('',(3.444304715767,0.673104970463));
#8874 = CARTESIAN_POINT('',(3.315328749565,0.673104970463));
#8875 = CARTESIAN_POINT('',(3.058271315579,0.673104970463));
#8876 = CARTESIAN_POINT('',(2.929813199763,0.673104970463));
#8877 = CARTESIAN_POINT('',(2.801465455326,0.673104970463));
#8878 = CARTESIAN_POINT('',(2.67318483313,0.673104970463));
#8879 = CARTESIAN_POINT('',(2.544904212574,0.673104970463));
#8880 = CARTESIAN_POINT('',(2.416556472118,0.673104970463));
#8881 = CARTESIAN_POINT('',(2.288098360496,0.673104970463));
#8882 = CARTESIAN_POINT('',(2.159826692382,0.673104970463));
#8883 = ( GEOMETRIC_REPRESENTATION_CONTEXT(2) 
PARAMETRIC_REPRESENTATION_CONTEXT() REPRESENTATION_CONTEXT('2D SPACE',''
  ) );
#8884 = ORIENTED_EDGE('',*,*,#8885,.F.);
#8885 = EDGE_CURVE('',#7211,#8753,#8886,.T.);
#8886 = SURFACE_CURVE('',#8887,(#8891,#8898),.PCURVE_S1.);
#8887 = LINE('',#8888,#8889);
#8888 = CARTESIAN_POINT('',(-25.1,-7.4375,0.));
#8889 = VECTOR('',#8890,1.);
#8890 = DIRECTION('',(0.,-1.,0.));
#8891 = PCURVE('',#4969,#8892);
#8892 = DEFINITIONAL_REPRESENTATION('',(#8893),#8897);
#8893 = LINE('',#8894,#8895);
#8894 = CARTESIAN_POINT('',(2.825415372743,0.86222631685));
#8895 = VECTOR('',#8896,1.);
#8896 = DIRECTION('',(0.104414136312,-0.994533904972));
#8897 = ( GEOMETRIC_REPRESENTATION_CONTEXT(2) 
PARAMETRIC_REPRESENTATION_CONTEXT() REPRESENTATION_CONTEXT('2D SPACE',''
  ) );
#8898 = PCURVE('',#7226,#8899);
#8899 = DEFINITIONAL_REPRESENTATION('',(#8900),#8904);
#8900 = LINE('',#8901,#8902);
#8901 = CARTESIAN_POINT('',(0.5625,-10.15685376347));
#8902 = VECTOR('',#8903,1.);
#8903 = DIRECTION('',(1.,0.));
#8904 = ( GEOMETRIC_REPRESENTATION_CONTEXT(2) 
PARAMETRIC_REPRESENTATION_CONTEXT() REPRESENTATION_CONTEXT('2D SPACE',''
  ) );
#8905 = ORIENTED_EDGE('',*,*,#7238,.T.);
#8906 = FACE_BOUND('',#8907,.F.);
#8907 = EDGE_LOOP('',(#8908,#8938,#8971,#8999));
#8908 = ORIENTED_EDGE('',*,*,#8909,.F.);
#8909 = EDGE_CURVE('',#8910,#8912,#8914,.T.);
#8910 = VERTEX_POINT('',#8911);
#8911 = CARTESIAN_POINT('',(18.234886774743,-18.32783345846,0.));
#8912 = VERTEX_POINT('',#8913);
#8913 = CARTESIAN_POINT('',(22.985323154484,-16.21280291446,0.));
#8914 = SURFACE_CURVE('',#8915,(#8919,#8926),.PCURVE_S1.);
#8915 = LINE('',#8916,#8917);
#8916 = CARTESIAN_POINT('',(3.235857813561,-25.00583140375,0.));
#8917 = VECTOR('',#8918,1.);
#8918 = DIRECTION('',(0.913545457643,0.406736643076,0.));
#8919 = PCURVE('',#4969,#8920);
#8920 = DEFINITIONAL_REPRESENTATION('',(#8921),#8925);
#8921 = LINE('',#8922,#8923);
#8922 = CARTESIAN_POINT('',(32.840768844746,-13.6514107977));
#8923 = VECTOR('',#8924,1.);
#8924 = DIRECTION('',(0.866082876065,0.499900441874));
#8925 = ( GEOMETRIC_REPRESENTATION_CONTEXT(2) 
PARAMETRIC_REPRESENTATION_CONTEXT() REPRESENTATION_CONTEXT('2D SPACE',''
  ) );
#8926 = PCURVE('',#8927,#8932);
#8927 = PLANE('',#8928);
#8928 = AXIS2_PLACEMENT_3D('',#8929,#8930,#8931);
#8929 = CARTESIAN_POINT('',(22.985323154484,-16.21280291446,-1.));
#8930 = DIRECTION('',(0.406736643076,-0.913545457643,0.));
#8931 = DIRECTION('',(-0.913545457643,-0.406736643076,0.));
#8932 = DEFINITIONAL_REPRESENTATION('',(#8933),#8937);
#8933 = LINE('',#8934,#8935);
#8934 = CARTESIAN_POINT('',(21.618481243273,-1.));
#8935 = VECTOR('',#8936,1.);
#8936 = DIRECTION('',(-1.,0.));
#8937 = ( GEOMETRIC_REPRESENTATION_CONTEXT(2) 
PARAMETRIC_REPRESENTATION_CONTEXT() REPRESENTATION_CONTEXT('2D SPACE',''
  ) );
#8938 = ORIENTED_EDGE('',*,*,#8939,.T.);
#8939 = EDGE_CURVE('',#8910,#8940,#8942,.T.);
#8940 = VERTEX_POINT('',#8941);
#8941 = CARTESIAN_POINT('',(17.014676845516,-15.58719708553,0.));
#8942 = SURFACE_CURVE('',#8943,(#8948,#8959),.PCURVE_S1.);
#8943 = CIRCLE('',#8944,1.5);
#8944 = AXIS2_PLACEMENT_3D('',#8945,#8946,#8947);
#8945 = CARTESIAN_POINT('',(17.624781810129,-16.95751527199,0.));
#8946 = DIRECTION('',(0.,-0.,-1.));
#8947 = DIRECTION('',(0.406736643076,-0.913545457643,0.));
#8948 = PCURVE('',#4969,#8949);
#8949 = DEFINITIONAL_REPRESENTATION('',(#8950),#8958);
#8950 = ( BOUNDED_CURVE() B_SPLINE_CURVE(2,(#8951,#8952,#8953,#8954,
#8955,#8956,#8957),.UNSPECIFIED.,.T.,.F.) B_SPLINE_CURVE_WITH_KNOTS((1,2
    ,2,2,2,1),(-2.094395102393,0.,2.094395102393,4.188790204786,
6.28318530718,8.377580409573),.UNSPECIFIED.) CURVE() 
GEOMETRIC_REPRESENTATION_ITEM() RATIONAL_B_SPLINE_CURVE((1.,0.5,1.,0.5,
1.,0.5,1.)) REPRESENTATION_ITEM('') );
#8951 = CARTESIAN_POINT('',(47.060534300546,-5.44380476929));
#8952 = CARTESIAN_POINT('',(44.81038498318,-6.742584215369));
#8953 = CARTESIAN_POINT('',(44.810683647645,-4.144508021182));
#8954 = CARTESIAN_POINT('',(44.810982312111,-1.546431826996));
#8955 = CARTESIAN_POINT('',(47.060832965011,-2.845728575103));
#8956 = CARTESIAN_POINT('',(49.310683617912,-4.145025323211));
#8957 = CARTESIAN_POINT('',(47.060534300546,-5.44380476929));
#8958 = ( GEOMETRIC_REPRESENTATION_CONTEXT(2) 
PARAMETRIC_REPRESENTATION_CONTEXT() REPRESENTATION_CONTEXT('2D SPACE',''
  ) );
#8959 = PCURVE('',#8960,#8965);
#8960 = CYLINDRICAL_SURFACE('',#8961,1.5);
#8961 = AXIS2_PLACEMENT_3D('',#8962,#8963,#8964);
#8962 = CARTESIAN_POINT('',(17.624781810129,-16.95751527199,-1.));
#8963 = DIRECTION('',(0.,-0.,-1.));
#8964 = DIRECTION('',(0.406736643076,-0.913545457643,0.));
#8965 = DEFINITIONAL_REPRESENTATION('',(#8966),#8970);
#8966 = LINE('',#8967,#8968);
#8967 = CARTESIAN_POINT('',(0.,-1.));
#8968 = VECTOR('',#8969,1.);
#8969 = DIRECTION('',(1.,0.));
#8970 = ( GEOMETRIC_REPRESENTATION_CONTEXT(2) 
PARAMETRIC_REPRESENTATION_CONTEXT() REPRESENTATION_CONTEXT('2D SPACE',''
  ) );
#8971 = ORIENTED_EDGE('',*,*,#8972,.F.);
#8972 = EDGE_CURVE('',#8973,#8940,#8975,.T.);
#8973 = VERTEX_POINT('',#8974);
#8974 = CARTESIAN_POINT('',(21.765113225257,-13.47216654153,0.));
#8975 = SURFACE_CURVE('',#8976,(#8980,#8987),.PCURVE_S1.);
#8976 = LINE('',#8977,#8978);
#8977 = CARTESIAN_POINT('',(-0.359570305538,-23.32271030282,0.));
#8978 = VECTOR('',#8979,1.);
#8979 = DIRECTION('',(-0.913545457643,-0.406736643076,0.));
#8980 = PCURVE('',#4969,#8981);
#8981 = DEFINITIONAL_REPRESENTATION('',(#8982),#8986);
#8982 = LINE('',#8983,#8984);
#8983 = CARTESIAN_POINT('',(29.089252041352,-12.35290331838));
#8984 = VECTOR('',#8985,1.);
#8985 = DIRECTION('',(-0.866082876065,-0.499900441874));
#8986 = ( GEOMETRIC_REPRESENTATION_CONTEXT(2) 
PARAMETRIC_REPRESENTATION_CONTEXT() REPRESENTATION_CONTEXT('2D SPACE',''
  ) );
#8987 = PCURVE('',#8988,#8993);
#8988 = PLANE('',#8989);
#8989 = AXIS2_PLACEMENT_3D('',#8990,#8991,#8992);
#8990 = CARTESIAN_POINT('',(17.014676845516,-15.58719708553,-1.));
#8991 = DIRECTION('',(-0.406736643076,0.913545457643,0.));
#8992 = DIRECTION('',(0.913545457643,0.406736643076,0.));
#8993 = DEFINITIONAL_REPRESENTATION('',(#8994),#8998);
#8994 = LINE('',#8995,#8996);
#8995 = CARTESIAN_POINT('',(-19.01848124327,-1.));
#8996 = VECTOR('',#8997,1.);
#8997 = DIRECTION('',(-1.,-0.));
#8998 = ( GEOMETRIC_REPRESENTATION_CONTEXT(2) 
PARAMETRIC_REPRESENTATION_CONTEXT() REPRESENTATION_CONTEXT('2D SPACE',''
  ) );
#8999 = ORIENTED_EDGE('',*,*,#9000,.T.);
#9000 = EDGE_CURVE('',#8973,#8912,#9001,.T.);
#9001 = SURFACE_CURVE('',#9002,(#9007,#9018),.PCURVE_S1.);
#9002 = CIRCLE('',#9003,1.5);
#9003 = AXIS2_PLACEMENT_3D('',#9004,#9005,#9006);
#9004 = CARTESIAN_POINT('',(22.375218189871,-14.842484728,0.));
#9005 = DIRECTION('',(0.,0.,-1.));
#9006 = DIRECTION('',(-0.406736643076,0.913545457643,0.));
#9007 = PCURVE('',#4969,#9008);
#9008 = DEFINITIONAL_REPRESENTATION('',(#9009),#9017);
#9009 = ( BOUNDED_CURVE() B_SPLINE_CURVE(2,(#9010,#9011,#9012,#9013,
#9014,#9015,#9016),.UNSPECIFIED.,.T.,.F.) B_SPLINE_CURVE_WITH_KNOTS((1,2
    ,2,2,2,1),(-2.094395102393,0.,2.094395102393,4.188790204786,
6.28318530718,8.377580409573),.UNSPECIFIED.) CURVE() 
GEOMETRIC_REPRESENTATION_ITEM() RATIONAL_B_SPLINE_CURVE((1.,0.5,1.,0.5,
1.,0.5,1.)) REPRESENTATION_ITEM('') );
#9010 = CARTESIAN_POINT('',(50.064463930463,-0.246073843347));
#9011 = CARTESIAN_POINT('',(52.314613247829,1.052705602732));
#9012 = CARTESIAN_POINT('',(52.314314583363,-1.545370591455));
#9013 = CARTESIAN_POINT('',(52.314015918898,-4.143446785641));
#9014 = CARTESIAN_POINT('',(50.064165265997,-2.844150037534));
#9015 = CARTESIAN_POINT('',(47.814314613097,-1.544853289426));
#9016 = CARTESIAN_POINT('',(50.064463930463,-0.246073843347));
#9017 = ( GEOMETRIC_REPRESENTATION_CONTEXT(2) 
PARAMETRIC_REPRESENTATION_CONTEXT() REPRESENTATION_CONTEXT('2D SPACE',''
  ) );
#9018 = PCURVE('',#9019,#9024);
#9019 = CYLINDRICAL_SURFACE('',#9020,1.5);
#9020 = AXIS2_PLACEMENT_3D('',#9021,#9022,#9023);
#9021 = CARTESIAN_POINT('',(22.375218189871,-14.842484728,-1.));
#9022 = DIRECTION('',(0.,0.,-1.));
#9023 = DIRECTION('',(-0.406736643076,0.913545457643,0.));
#9024 = DEFINITIONAL_REPRESENTATION('',(#9025),#9029);
#9025 = LINE('',#9026,#9027);
#9026 = CARTESIAN_POINT('',(0.,-1.));
#9027 = VECTOR('',#9028,1.);
#9028 = DIRECTION('',(1.,0.));
#9029 = ( GEOMETRIC_REPRESENTATION_CONTEXT(2) 
PARAMETRIC_REPRESENTATION_CONTEXT() REPRESENTATION_CONTEXT('2D SPACE',''
  ) );
#9030 = ADVANCED_FACE('',(#9031),#5218,.T.);
#9031 = FACE_BOUND('',#9032,.T.);
#9032 = EDGE_LOOP('',(#9033,#9034,#9057,#9084));
#9033 = ORIENTED_EDGE('',*,*,#5202,.T.);
#9034 = ORIENTED_EDGE('',*,*,#9035,.T.);
#9035 = EDGE_CURVE('',#5175,#9036,#9038,.T.);
#9036 = VERTEX_POINT('',#9037);
#9037 = CARTESIAN_POINT('',(30.069576649446,-6.770329308849,
    9.71304755963));
#9038 = SURFACE_CURVE('',#9039,(#9043,#9050),.PCURVE_S1.);
#9039 = LINE('',#9040,#9041);
#9040 = CARTESIAN_POINT('',(30.069576649446,-9.125,9.71304755963));
#9041 = VECTOR('',#9042,1.);
#9042 = DIRECTION('',(0.,1.,0.));
#9043 = PCURVE('',#5218,#9044);
#9044 = DEFINITIONAL_REPRESENTATION('',(#9045),#9049);
#9045 = LINE('',#9046,#9047);
#9046 = CARTESIAN_POINT('',(0.,-31.67081649601));
#9047 = VECTOR('',#9048,1.);
#9048 = DIRECTION('',(1.,0.));
#9049 = ( GEOMETRIC_REPRESENTATION_CONTEXT(2) 
PARAMETRIC_REPRESENTATION_CONTEXT() REPRESENTATION_CONTEXT('2D SPACE',''
  ) );
#9050 = PCURVE('',#5190,#9051);
#9051 = DEFINITIONAL_REPRESENTATION('',(#9052),#9056);
#9052 = LINE('',#9053,#9054);
#9053 = CARTESIAN_POINT('',(1.1,1.775));
#9054 = VECTOR('',#9055,1.);
#9055 = DIRECTION('',(0.,1.));
#9056 = ( GEOMETRIC_REPRESENTATION_CONTEXT(2) 
PARAMETRIC_REPRESENTATION_CONTEXT() REPRESENTATION_CONTEXT('2D SPACE',''
  ) );
#9057 = ORIENTED_EDGE('',*,*,#9058,.T.);
#9058 = EDGE_CURVE('',#9036,#5257,#9059,.T.);
#9059 = SURFACE_CURVE('',#9060,(#9066,#9075),.PCURVE_S1.);
#9060 = B_SPLINE_CURVE_WITH_KNOTS('',4,(#9061,#9062,#9063,#9064,#9065),
  .UNSPECIFIED.,.F.,.F.,(5,5),(0.,1.),.PIECEWISE_BEZIER_KNOTS.);
#9061 = CARTESIAN_POINT('',(30.069576649446,-6.770329300825,
    9.71304755963));
#9062 = CARTESIAN_POINT('',(32.384489301671,-6.770329300825,
    17.284785669723));
#9063 = CARTESIAN_POINT('',(34.699401953896,-6.770329300825,
    24.856523779815));
#9064 = CARTESIAN_POINT('',(37.014314606121,-6.770329300825,
    32.428261889908));
#9065 = CARTESIAN_POINT('',(39.329227258346,-6.770329300825,40.));
#9066 = PCURVE('',#5218,#9067);
#9067 = DEFINITIONAL_REPRESENTATION('',(#9068),#9074);
#9068 = B_SPLINE_CURVE_WITH_KNOTS('',4,(#9069,#9070,#9071,#9072,#9073),
  .UNSPECIFIED.,.F.,.F.,(5,5),(0.,1.),.PIECEWISE_BEZIER_KNOTS.);
#9069 = CARTESIAN_POINT('',(2.354670699175,-31.67081649601));
#9070 = CARTESIAN_POINT('',(2.354670699175,-23.75311237201));
#9071 = CARTESIAN_POINT('',(2.354670699175,-15.835408248));
#9072 = CARTESIAN_POINT('',(2.354670699175,-7.917704124003));
#9073 = CARTESIAN_POINT('',(2.354670699175,-2.13162820728E-14));
#9074 = ( GEOMETRIC_REPRESENTATION_CONTEXT(2) 
PARAMETRIC_REPRESENTATION_CONTEXT() REPRESENTATION_CONTEXT('2D SPACE',''
  ) );
#9075 = PCURVE('',#5317,#9076);
#9076 = DEFINITIONAL_REPRESENTATION('',(#9077),#9083);
#9077 = B_SPLINE_CURVE_WITH_KNOTS('',4,(#9078,#9079,#9080,#9081,#9082),
  .UNSPECIFIED.,.F.,.F.,(5,5),(0.,1.),.PIECEWISE_BEZIER_KNOTS.);
#9078 = CARTESIAN_POINT('',(5.294753228438,0.));
#9079 = CARTESIAN_POINT('',(5.294753228438,0.25));
#9080 = CARTESIAN_POINT('',(5.294753228438,0.5));
#9081 = CARTESIAN_POINT('',(5.294753228438,0.75));
#9082 = CARTESIAN_POINT('',(5.294753228438,1.));
#9083 = ( GEOMETRIC_REPRESENTATION_CONTEXT(2) 
PARAMETRIC_REPRESENTATION_CONTEXT() REPRESENTATION_CONTEXT('2D SPACE',''
  ) );
#9084 = ORIENTED_EDGE('',*,*,#5256,.T.);
#9085 = ADVANCED_FACE('',(#9086),#5190,.F.);
#9086 = FACE_BOUND('',#9087,.F.);
#9087 = EDGE_LOOP('',(#9088,#9113,#9136,#9160,#9184,#9205,#9206,#9207,
    #9231,#9255));
#9088 = ORIENTED_EDGE('',*,*,#9089,.F.);
#9089 = EDGE_CURVE('',#9090,#9092,#9094,.T.);
#9090 = VERTEX_POINT('',#9091);
#9091 = CARTESIAN_POINT('',(27.669576649446,-8.125,9.71304755963));
#9092 = VERTEX_POINT('',#9093);
#9093 = CARTESIAN_POINT('',(27.869576649446,-8.125,9.71304755963));
#9094 = SURFACE_CURVE('',#9095,(#9099,#9106),.PCURVE_S1.);
#9095 = LINE('',#9096,#9097);
#9096 = CARTESIAN_POINT('',(-35.51521167527,-8.125,9.71304755963));
#9097 = VECTOR('',#9098,1.);
#9098 = DIRECTION('',(1.,0.,0.));
#9099 = PCURVE('',#5190,#9100);
#9100 = DEFINITIONAL_REPRESENTATION('',(#9101),#9105);
#9101 = LINE('',#9102,#9103);
#9102 = CARTESIAN_POINT('',(-64.48478832472,2.775));
#9103 = VECTOR('',#9104,1.);
#9104 = DIRECTION('',(1.,0.));
#9105 = ( GEOMETRIC_REPRESENTATION_CONTEXT(2) 
PARAMETRIC_REPRESENTATION_CONTEXT() REPRESENTATION_CONTEXT('2D SPACE',''
  ) );
#9106 = PCURVE('',#5697,#9107);
#9107 = DEFINITIONAL_REPRESENTATION('',(#9108),#9112);
#9108 = LINE('',#9109,#9110);
#9109 = CARTESIAN_POINT('',(109.71304755963,64.484788324723));
#9110 = VECTOR('',#9111,1.);
#9111 = DIRECTION('',(0.,1.));
#9112 = ( GEOMETRIC_REPRESENTATION_CONTEXT(2) 
PARAMETRIC_REPRESENTATION_CONTEXT() REPRESENTATION_CONTEXT('2D SPACE',''
  ) );
#9113 = ORIENTED_EDGE('',*,*,#9114,.T.);
#9114 = EDGE_CURVE('',#9090,#9115,#9117,.T.);
#9115 = VERTEX_POINT('',#9116);
#9116 = CARTESIAN_POINT('',(27.669576649446,-9.12517606507,9.71304755963
    ));
#9117 = SURFACE_CURVE('',#9118,(#9122,#9129),.PCURVE_S1.);
#9118 = LINE('',#9119,#9120);
#9119 = CARTESIAN_POINT('',(27.669576649446,-6.875,9.71304755963));
#9120 = VECTOR('',#9121,1.);
#9121 = DIRECTION('',(0.,-1.,0.));
#9122 = PCURVE('',#5190,#9123);
#9123 = DEFINITIONAL_REPRESENTATION('',(#9124),#9128);
#9124 = LINE('',#9125,#9126);
#9125 = CARTESIAN_POINT('',(-1.3,4.025));
#9126 = VECTOR('',#9127,1.);
#9127 = DIRECTION('',(0.,-1.));
#9128 = ( GEOMETRIC_REPRESENTATION_CONTEXT(2) 
PARAMETRIC_REPRESENTATION_CONTEXT() REPRESENTATION_CONTEXT('2D SPACE',''
  ) );
#9129 = PCURVE('',#7792,#9130);
#9130 = DEFINITIONAL_REPRESENTATION('',(#9131),#9135);
#9131 = LINE('',#9132,#9133);
#9132 = CARTESIAN_POINT('',(0.,0.));
#9133 = VECTOR('',#9134,1.);
#9134 = DIRECTION('',(1.,0.));
#9135 = ( GEOMETRIC_REPRESENTATION_CONTEXT(2) 
PARAMETRIC_REPRESENTATION_CONTEXT() REPRESENTATION_CONTEXT('2D SPACE',''
  ) );
#9136 = ORIENTED_EDGE('',*,*,#9137,.T.);
#9137 = EDGE_CURVE('',#9115,#9138,#9140,.T.);
#9138 = VERTEX_POINT('',#9139);
#9139 = CARTESIAN_POINT('',(31.169576649446,-10.9,9.71304755963));
#9140 = SURFACE_CURVE('',#9141,(#9146,#9153),.PCURVE_S1.);
#9141 = CIRCLE('',#9142,2.2);
#9142 = AXIS2_PLACEMENT_3D('',#9143,#9144,#9145);
#9143 = CARTESIAN_POINT('',(28.969576649446,-10.9,9.71304755963));
#9144 = DIRECTION('',(0.,0.,1.));
#9145 = DIRECTION('',(1.,0.,0.));
#9146 = PCURVE('',#5190,#9147);
#9147 = DEFINITIONAL_REPRESENTATION('',(#9148),#9152);
#9148 = CIRCLE('',#9149,2.2);
#9149 = AXIS2_PLACEMENT_2D('',#9150,#9151);
#9150 = CARTESIAN_POINT('',(0.,0.));
#9151 = DIRECTION('',(1.,0.));
#9152 = ( GEOMETRIC_REPRESENTATION_CONTEXT(2) 
PARAMETRIC_REPRESENTATION_CONTEXT() REPRESENTATION_CONTEXT('2D SPACE',''
  ) );
#9153 = PCURVE('',#7713,#9154);
#9154 = DEFINITIONAL_REPRESENTATION('',(#9155),#9159);
#9155 = LINE('',#9156,#9157);
#9156 = CARTESIAN_POINT('',(0.,1.));
#9157 = VECTOR('',#9158,1.);
#9158 = DIRECTION('',(1.,0.));
#9159 = ( GEOMETRIC_REPRESENTATION_CONTEXT(2) 
PARAMETRIC_REPRESENTATION_CONTEXT() REPRESENTATION_CONTEXT('2D SPACE',''
  ) );
#9160 = ORIENTED_EDGE('',*,*,#9161,.T.);
#9161 = EDGE_CURVE('',#9138,#9162,#9164,.T.);
#9162 = VERTEX_POINT('',#9163);
#9163 = CARTESIAN_POINT('',(30.269576649446,-9.12517606507,9.71304755963
    ));
#9164 = SURFACE_CURVE('',#9165,(#9170,#9177),.PCURVE_S1.);
#9165 = CIRCLE('',#9166,2.2);
#9166 = AXIS2_PLACEMENT_3D('',#9167,#9168,#9169);
#9167 = CARTESIAN_POINT('',(28.969576649446,-10.9,9.71304755963));
#9168 = DIRECTION('',(0.,0.,1.));
#9169 = DIRECTION('',(1.,0.,0.));
#9170 = PCURVE('',#5190,#9171);
#9171 = DEFINITIONAL_REPRESENTATION('',(#9172),#9176);
#9172 = CIRCLE('',#9173,2.2);
#9173 = AXIS2_PLACEMENT_2D('',#9174,#9175);
#9174 = CARTESIAN_POINT('',(0.,0.));
#9175 = DIRECTION('',(1.,0.));
#9176 = ( GEOMETRIC_REPRESENTATION_CONTEXT(2) 
PARAMETRIC_REPRESENTATION_CONTEXT() REPRESENTATION_CONTEXT('2D SPACE',''
  ) );
#9177 = PCURVE('',#7506,#9178);
#9178 = DEFINITIONAL_REPRESENTATION('',(#9179),#9183);
#9179 = LINE('',#9180,#9181);
#9180 = CARTESIAN_POINT('',(0.,1.));
#9181 = VECTOR('',#9182,1.);
#9182 = DIRECTION('',(1.,0.));
#9183 = ( GEOMETRIC_REPRESENTATION_CONTEXT(2) 
PARAMETRIC_REPRESENTATION_CONTEXT() REPRESENTATION_CONTEXT('2D SPACE',''
  ) );
#9184 = ORIENTED_EDGE('',*,*,#9185,.T.);
#9185 = EDGE_CURVE('',#9162,#5147,#9186,.T.);
#9186 = SURFACE_CURVE('',#9187,(#9191,#9198),.PCURVE_S1.);
#9187 = LINE('',#9188,#9189);
#9188 = CARTESIAN_POINT('',(30.269576649446,-10.9,9.71304755963));
#9189 = VECTOR('',#9190,1.);
#9190 = DIRECTION('',(0.,1.,0.));
#9191 = PCURVE('',#5190,#9192);
#9192 = DEFINITIONAL_REPRESENTATION('',(#9193),#9197);
#9193 = LINE('',#9194,#9195);
#9194 = CARTESIAN_POINT('',(1.3,0.));
#9195 = VECTOR('',#9196,1.);
#9196 = DIRECTION('',(0.,1.));
#9197 = ( GEOMETRIC_REPRESENTATION_CONTEXT(2) 
PARAMETRIC_REPRESENTATION_CONTEXT() REPRESENTATION_CONTEXT('2D SPACE',''
  ) );
#9198 = PCURVE('',#5162,#9199);
#9199 = DEFINITIONAL_REPRESENTATION('',(#9200),#9204);
#9200 = LINE('',#9201,#9202);
#9201 = CARTESIAN_POINT('',(0.,0.));
#9202 = VECTOR('',#9203,1.);
#9203 = DIRECTION('',(1.,0.));
#9204 = ( GEOMETRIC_REPRESENTATION_CONTEXT(2) 
PARAMETRIC_REPRESENTATION_CONTEXT() REPRESENTATION_CONTEXT('2D SPACE',''
  ) );
#9205 = ORIENTED_EDGE('',*,*,#5174,.F.);
#9206 = ORIENTED_EDGE('',*,*,#9035,.T.);
#9207 = ORIENTED_EDGE('',*,*,#9208,.T.);
#9208 = EDGE_CURVE('',#9036,#9209,#9211,.T.);
#9209 = VERTEX_POINT('',#9210);
#9210 = CARTESIAN_POINT('',(30.969576649446,-5.1,9.71304755963));
#9211 = SURFACE_CURVE('',#9212,(#9217,#9224),.PCURVE_S1.);
#9212 = CIRCLE('',#9213,2.);
#9213 = AXIS2_PLACEMENT_3D('',#9214,#9215,#9216);
#9214 = CARTESIAN_POINT('',(28.969576649446,-5.1,9.71304755963));
#9215 = DIRECTION('',(0.,0.,1.));
#9216 = DIRECTION('',(1.,0.,0.));
#9217 = PCURVE('',#5190,#9218);
#9218 = DEFINITIONAL_REPRESENTATION('',(#9219),#9223);
#9219 = CIRCLE('',#9220,2.);
#9220 = AXIS2_PLACEMENT_2D('',#9221,#9222);
#9221 = CARTESIAN_POINT('',(0.,5.8));
#9222 = DIRECTION('',(1.,0.));
#9223 = ( GEOMETRIC_REPRESENTATION_CONTEXT(2) 
PARAMETRIC_REPRESENTATION_CONTEXT() REPRESENTATION_CONTEXT('2D SPACE',''
  ) );
#9224 = PCURVE('',#5317,#9225);
#9225 = DEFINITIONAL_REPRESENTATION('',(#9226),#9230);
#9226 = LINE('',#9227,#9228);
#9227 = CARTESIAN_POINT('',(0.,0.));
#9228 = VECTOR('',#9229,1.);
#9229 = DIRECTION('',(1.,0.));
#9230 = ( GEOMETRIC_REPRESENTATION_CONTEXT(2) 
PARAMETRIC_REPRESENTATION_CONTEXT() REPRESENTATION_CONTEXT('2D SPACE',''
  ) );
#9231 = ORIENTED_EDGE('',*,*,#9232,.T.);
#9232 = EDGE_CURVE('',#9209,#9233,#9235,.T.);
#9233 = VERTEX_POINT('',#9234);
#9234 = CARTESIAN_POINT('',(27.869576649446,-6.770329308849,
    9.71304755963));
#9235 = SURFACE_CURVE('',#9236,(#9241,#9248),.PCURVE_S1.);
#9236 = CIRCLE('',#9237,2.);
#9237 = AXIS2_PLACEMENT_3D('',#9238,#9239,#9240);
#9238 = CARTESIAN_POINT('',(28.969576649446,-5.1,9.71304755963));
#9239 = DIRECTION('',(0.,0.,1.));
#9240 = DIRECTION('',(1.,0.,0.));
#9241 = PCURVE('',#5190,#9242);
#9242 = DEFINITIONAL_REPRESENTATION('',(#9243),#9247);
#9243 = CIRCLE('',#9244,2.);
#9244 = AXIS2_PLACEMENT_2D('',#9245,#9246);
#9245 = CARTESIAN_POINT('',(0.,5.8));
#9246 = DIRECTION('',(1.,0.));
#9247 = ( GEOMETRIC_REPRESENTATION_CONTEXT(2) 
PARAMETRIC_REPRESENTATION_CONTEXT() REPRESENTATION_CONTEXT('2D SPACE',''
  ) );
#9248 = PCURVE('',#5538,#9249);
#9249 = DEFINITIONAL_REPRESENTATION('',(#9250),#9254);
#9250 = LINE('',#9251,#9252);
#9251 = CARTESIAN_POINT('',(0.,0.));
#9252 = VECTOR('',#9253,1.);
#9253 = DIRECTION('',(1.,0.));
#9254 = ( GEOMETRIC_REPRESENTATION_CONTEXT(2) 
PARAMETRIC_REPRESENTATION_CONTEXT() REPRESENTATION_CONTEXT('2D SPACE',''
  ) );
#9255 = ORIENTED_EDGE('',*,*,#9256,.T.);
#9256 = EDGE_CURVE('',#9233,#9092,#9257,.T.);
#9257 = SURFACE_CURVE('',#9258,(#9262,#9269),.PCURVE_S1.);
#9258 = LINE('',#9259,#9260);
#9259 = CARTESIAN_POINT('',(27.869576649446,-5.1,9.71304755963));
#9260 = VECTOR('',#9261,1.);
#9261 = DIRECTION('',(0.,-1.,0.));
#9262 = PCURVE('',#5190,#9263);
#9263 = DEFINITIONAL_REPRESENTATION('',(#9264),#9268);
#9264 = LINE('',#9265,#9266);
#9265 = CARTESIAN_POINT('',(-1.1,5.8));
#9266 = VECTOR('',#9267,1.);
#9267 = DIRECTION('',(0.,-1.));
#9268 = ( GEOMETRIC_REPRESENTATION_CONTEXT(2) 
PARAMETRIC_REPRESENTATION_CONTEXT() REPRESENTATION_CONTEXT('2D SPACE',''
  ) );
#9269 = PCURVE('',#5669,#9270);
#9270 = DEFINITIONAL_REPRESENTATION('',(#9271),#9275);
#9271 = LINE('',#9272,#9273);
#9272 = CARTESIAN_POINT('',(-0.,-31.67081649601));
#9273 = VECTOR('',#9274,1.);
#9274 = DIRECTION('',(1.,0.));
#9275 = ( GEOMETRIC_REPRESENTATION_CONTEXT(2) 
PARAMETRIC_REPRESENTATION_CONTEXT() REPRESENTATION_CONTEXT('2D SPACE',''
  ) );
#9276 = ADVANCED_FACE('',(#9277),#5162,.F.);
#9277 = FACE_BOUND('',#9278,.F.);
#9278 = EDGE_LOOP('',(#9279,#9306,#9307,#9308));
#9279 = ORIENTED_EDGE('',*,*,#9280,.F.);
#9280 = EDGE_CURVE('',#7266,#9162,#9281,.T.);
#9281 = SURFACE_CURVE('',#9282,(#9288,#9297),.PCURVE_S1.);
#9282 = B_SPLINE_CURVE_WITH_KNOTS('',4,(#9283,#9284,#9285,#9286,#9287),
  .UNSPECIFIED.,.F.,.F.,(5,5),(0.,1.),.PIECEWISE_BEZIER_KNOTS.);
#9283 = CARTESIAN_POINT('',(21.185386370827,-9.125176068772,-20.));
#9284 = CARTESIAN_POINT('',(23.456433940482,-9.125176068772,
    -12.57173811009));
#9285 = CARTESIAN_POINT('',(25.727481510137,-9.125176068772,
    -5.143476220185));
#9286 = CARTESIAN_POINT('',(27.998529079791,-9.125176068772,
    2.284785669723));
#9287 = CARTESIAN_POINT('',(30.269576649446,-9.125176068772,
    9.71304755963));
#9288 = PCURVE('',#5162,#9289);
#9289 = DEFINITIONAL_REPRESENTATION('',(#9290),#9296);
#9290 = B_SPLINE_CURVE_WITH_KNOTS('',4,(#9291,#9292,#9293,#9294,#9295),
  .UNSPECIFIED.,.F.,.F.,(5,5),(0.,1.),.PIECEWISE_BEZIER_KNOTS.);
#9291 = CARTESIAN_POINT('',(1.774823931228,-31.07068889321));
#9292 = CARTESIAN_POINT('',(1.774823931228,-23.30301666991));
#9293 = CARTESIAN_POINT('',(1.774823931228,-15.5353444466));
#9294 = CARTESIAN_POINT('',(1.774823931228,-7.767672223304));
#9295 = CARTESIAN_POINT('',(1.774823931228,0.));
#9296 = ( GEOMETRIC_REPRESENTATION_CONTEXT(2) 
PARAMETRIC_REPRESENTATION_CONTEXT() REPRESENTATION_CONTEXT('2D SPACE',''
  ) );
#9297 = PCURVE('',#7506,#9298);
#9298 = DEFINITIONAL_REPRESENTATION('',(#9299),#9305);
#9299 = B_SPLINE_CURVE_WITH_KNOTS('',4,(#9300,#9301,#9302,#9303,#9304),
  .UNSPECIFIED.,.F.,.F.,(5,5),(0.,1.),.PIECEWISE_BEZIER_KNOTS.);
#9300 = CARTESIAN_POINT('',(0.938611072883,0.));
#9301 = CARTESIAN_POINT('',(0.938611072883,0.25));
#9302 = CARTESIAN_POINT('',(0.938611072883,0.5));
#9303 = CARTESIAN_POINT('',(0.938611072883,0.75));
#9304 = CARTESIAN_POINT('',(0.938611072883,1.));
#9305 = ( GEOMETRIC_REPRESENTATION_CONTEXT(2) 
PARAMETRIC_REPRESENTATION_CONTEXT() REPRESENTATION_CONTEXT('2D SPACE',''
  ) );
#9306 = ORIENTED_EDGE('',*,*,#7265,.T.);
#9307 = ORIENTED_EDGE('',*,*,#5146,.F.);
#9308 = ORIENTED_EDGE('',*,*,#9185,.F.);
#9309 = ADVANCED_FACE('',(#9310),#7087,.T.);
#9310 = FACE_BOUND('',#9311,.T.);
#9311 = EDGE_LOOP('',(#9312,#9341,#9362,#9363));
#9312 = ORIENTED_EDGE('',*,*,#9313,.F.);
#9313 = EDGE_CURVE('',#9314,#6798,#9316,.T.);
#9314 = VERTEX_POINT('',#9315);
#9315 = CARTESIAN_POINT('',(-21.93042335055,-6.985640646055,
    9.71304755963));
#9316 = SURFACE_CURVE('',#9317,(#9323,#9332),.PCURVE_S1.);
#9317 = B_SPLINE_CURVE_WITH_KNOTS('',4,(#9318,#9319,#9320,#9321,#9322),
  .UNSPECIFIED.,.F.,.F.,(5,5),(0.,1.),.PIECEWISE_BEZIER_KNOTS.);
#9318 = CARTESIAN_POINT('',(-21.93042335055,-6.985640647834,
    9.71304755963));
#9319 = CARTESIAN_POINT('',(-19.61551069832,-6.985640647834,
    17.284785669723));
#9320 = CARTESIAN_POINT('',(-17.3005980461,-6.985640647834,
    24.856523779815));
#9321 = CARTESIAN_POINT('',(-14.98568539387,-6.985640647834,
    32.428261889908));
#9322 = CARTESIAN_POINT('',(-12.67077274165,-6.985640647834,40.));
#9323 = PCURVE('',#7087,#9324);
#9324 = DEFINITIONAL_REPRESENTATION('',(#9325),#9331);
#9325 = B_SPLINE_CURVE_WITH_KNOTS('',4,(#9326,#9327,#9328,#9329,#9330),
  .UNSPECIFIED.,.F.,.F.,(5,5),(0.,1.),.PIECEWISE_BEZIER_KNOTS.);
#9326 = CARTESIAN_POINT('',(1.385640647834,-31.67081649601));
#9327 = CARTESIAN_POINT('',(1.385640647834,-23.75311237201));
#9328 = CARTESIAN_POINT('',(1.385640647834,-15.835408248));
#9329 = CARTESIAN_POINT('',(1.385640647834,-7.917704124003));
#9330 = CARTESIAN_POINT('',(1.385640647834,0.));
#9331 = ( GEOMETRIC_REPRESENTATION_CONTEXT(2) 
PARAMETRIC_REPRESENTATION_CONTEXT() REPRESENTATION_CONTEXT('2D SPACE',''
  ) );
#9332 = PCURVE('',#6961,#9333);
#9333 = DEFINITIONAL_REPRESENTATION('',(#9334),#9340);
#9334 = B_SPLINE_CURVE_WITH_KNOTS('',4,(#9335,#9336,#9337,#9338,#9339),
  .UNSPECIFIED.,.F.,.F.,(5,5),(0.,1.),.PIECEWISE_BEZIER_KNOTS.);
#9335 = CARTESIAN_POINT('',(4.188790204362,0.));
#9336 = CARTESIAN_POINT('',(4.188790204362,0.25));
#9337 = CARTESIAN_POINT('',(4.188790204362,0.5));
#9338 = CARTESIAN_POINT('',(4.188790204362,0.75));
#9339 = CARTESIAN_POINT('',(4.188790204362,1.));
#9340 = ( GEOMETRIC_REPRESENTATION_CONTEXT(2) 
PARAMETRIC_REPRESENTATION_CONTEXT() REPRESENTATION_CONTEXT('2D SPACE',''
  ) );
#9341 = ORIENTED_EDGE('',*,*,#9342,.T.);
#9342 = EDGE_CURVE('',#9314,#7160,#9343,.T.);
#9343 = SURFACE_CURVE('',#9344,(#9348,#9355),.PCURVE_S1.);
#9344 = LINE('',#9345,#9346);
#9345 = CARTESIAN_POINT('',(-21.93042335055,-5.6,9.71304755963));
#9346 = VECTOR('',#9347,1.);
#9347 = DIRECTION('',(0.,-1.,0.));
#9348 = PCURVE('',#7087,#9349);
#9349 = DEFINITIONAL_REPRESENTATION('',(#9350),#9354);
#9350 = LINE('',#9351,#9352);
#9351 = CARTESIAN_POINT('',(-0.,-31.67081649601));
#9352 = VECTOR('',#9353,1.);
#9353 = DIRECTION('',(1.,0.));
#9354 = ( GEOMETRIC_REPRESENTATION_CONTEXT(2) 
PARAMETRIC_REPRESENTATION_CONTEXT() REPRESENTATION_CONTEXT('2D SPACE',''
  ) );
#9355 = PCURVE('',#7198,#9356);
#9356 = DEFINITIONAL_REPRESENTATION('',(#9357),#9361);
#9357 = LINE('',#9358,#9359);
#9358 = CARTESIAN_POINT('',(-0.8,4.8));
#9359 = VECTOR('',#9360,1.);
#9360 = DIRECTION('',(0.,-1.));
#9361 = ( GEOMETRIC_REPRESENTATION_CONTEXT(2) 
PARAMETRIC_REPRESENTATION_CONTEXT() REPRESENTATION_CONTEXT('2D SPACE',''
  ) );
#9362 = ORIENTED_EDGE('',*,*,#7159,.T.);
#9363 = ORIENTED_EDGE('',*,*,#7071,.T.);
#9364 = ADVANCED_FACE('',(#9365),#6961,.T.);
#9365 = FACE_BOUND('',#9366,.T.);
#9366 = EDGE_LOOP('',(#9367,#9389,#9411,#9412));
#9367 = ORIENTED_EDGE('',*,*,#9368,.F.);
#9368 = EDGE_CURVE('',#9369,#6713,#9371,.T.);
#9369 = VERTEX_POINT('',#9370);
#9370 = CARTESIAN_POINT('',(-19.53042335055,-5.6,9.71304755963));
#9371 = SURFACE_CURVE('',#9372,(#9375,#9382),.PCURVE_S1.);
#9372 = B_SPLINE_CURVE_WITH_KNOTS('',1,(#9373,#9374),.UNSPECIFIED.,.F.,
  .F.,(2,2),(0.,1.),.PIECEWISE_BEZIER_KNOTS.);
#9373 = CARTESIAN_POINT('',(-19.53042335055,-5.6,9.71304755963));
#9374 = CARTESIAN_POINT('',(-10.27077274165,-5.6,40.));
#9375 = PCURVE('',#6961,#9376);
#9376 = DEFINITIONAL_REPRESENTATION('',(#9377),#9381);
#9377 = LINE('',#9378,#9379);
#9378 = CARTESIAN_POINT('',(0.,0.));
#9379 = VECTOR('',#9380,1.);
#9380 = DIRECTION('',(0.,1.));
#9381 = ( GEOMETRIC_REPRESENTATION_CONTEXT(2) 
PARAMETRIC_REPRESENTATION_CONTEXT() REPRESENTATION_CONTEXT('2D SPACE',''
  ) );
#9382 = PCURVE('',#6750,#9383);
#9383 = DEFINITIONAL_REPRESENTATION('',(#9384),#9388);
#9384 = LINE('',#9385,#9386);
#9385 = CARTESIAN_POINT('',(6.28318530718,0.));
#9386 = VECTOR('',#9387,1.);
#9387 = DIRECTION('',(0.,1.));
#9388 = ( GEOMETRIC_REPRESENTATION_CONTEXT(2) 
PARAMETRIC_REPRESENTATION_CONTEXT() REPRESENTATION_CONTEXT('2D SPACE',''
  ) );
#9389 = ORIENTED_EDGE('',*,*,#9390,.T.);
#9390 = EDGE_CURVE('',#9369,#9314,#9391,.T.);
#9391 = SURFACE_CURVE('',#9392,(#9397,#9404),.PCURVE_S1.);
#9392 = CIRCLE('',#9393,1.6);
#9393 = AXIS2_PLACEMENT_3D('',#9394,#9395,#9396);
#9394 = CARTESIAN_POINT('',(-21.13042335055,-5.6,9.71304755963));
#9395 = DIRECTION('',(0.,0.,1.));
#9396 = DIRECTION('',(1.,0.,0.));
#9397 = PCURVE('',#6961,#9398);
#9398 = DEFINITIONAL_REPRESENTATION('',(#9399),#9403);
#9399 = LINE('',#9400,#9401);
#9400 = CARTESIAN_POINT('',(0.,0.));
#9401 = VECTOR('',#9402,1.);
#9402 = DIRECTION('',(1.,0.));
#9403 = ( GEOMETRIC_REPRESENTATION_CONTEXT(2) 
PARAMETRIC_REPRESENTATION_CONTEXT() REPRESENTATION_CONTEXT('2D SPACE',''
  ) );
#9404 = PCURVE('',#7198,#9405);
#9405 = DEFINITIONAL_REPRESENTATION('',(#9406),#9410);
#9406 = CIRCLE('',#9407,1.6);
#9407 = AXIS2_PLACEMENT_2D('',#9408,#9409);
#9408 = CARTESIAN_POINT('',(0.,4.8));
#9409 = DIRECTION('',(1.,0.));
#9410 = ( GEOMETRIC_REPRESENTATION_CONTEXT(2) 
PARAMETRIC_REPRESENTATION_CONTEXT() REPRESENTATION_CONTEXT('2D SPACE',''
  ) );
#9411 = ORIENTED_EDGE('',*,*,#9313,.T.);
#9412 = ORIENTED_EDGE('',*,*,#6797,.T.);
#9413 = ADVANCED_FACE('',(#9414),#6750,.T.);
#9414 = FACE_BOUND('',#9415,.T.);
#9415 = EDGE_LOOP('',(#9416,#9445,#9467,#9468));
#9416 = ORIENTED_EDGE('',*,*,#9417,.F.);
#9417 = EDGE_CURVE('',#9418,#6685,#9420,.T.);
#9418 = VERTEX_POINT('',#9419);
#9419 = CARTESIAN_POINT('',(-20.33042335055,-6.985640646055,
    9.71304755963));
#9420 = SURFACE_CURVE('',#9421,(#9427,#9436),.PCURVE_S1.);
#9421 = B_SPLINE_CURVE_WITH_KNOTS('',4,(#9422,#9423,#9424,#9425,#9426),
  .UNSPECIFIED.,.F.,.F.,(5,5),(0.,1.),.PIECEWISE_BEZIER_KNOTS.);
#9422 = CARTESIAN_POINT('',(-20.33042335055,-6.985640637136,
    9.71304755963));
#9423 = CARTESIAN_POINT('',(-18.01551069832,-6.985640637136,
    17.284785669723));
#9424 = CARTESIAN_POINT('',(-15.7005980461,-6.985640637136,
    24.856523779815));
#9425 = CARTESIAN_POINT('',(-13.38568539387,-6.985640637136,
    32.428261889908));
#9426 = CARTESIAN_POINT('',(-11.07077274165,-6.985640637136,40.));
#9427 = PCURVE('',#6750,#9428);
#9428 = DEFINITIONAL_REPRESENTATION('',(#9429),#9435);
#9429 = B_SPLINE_CURVE_WITH_KNOTS('',4,(#9430,#9431,#9432,#9433,#9434),
  .UNSPECIFIED.,.F.,.F.,(5,5),(0.,1.),.PIECEWISE_BEZIER_KNOTS.);
#9430 = CARTESIAN_POINT('',(5.235987770325,0.));
#9431 = CARTESIAN_POINT('',(5.235987770325,0.25));
#9432 = CARTESIAN_POINT('',(5.235987770325,0.5));
#9433 = CARTESIAN_POINT('',(5.235987770325,0.75));
#9434 = CARTESIAN_POINT('',(5.235987770325,1.));
#9435 = ( GEOMETRIC_REPRESENTATION_CONTEXT(2) 
PARAMETRIC_REPRESENTATION_CONTEXT() REPRESENTATION_CONTEXT('2D SPACE',''
  ) );
#9436 = PCURVE('',#6700,#9437);
#9437 = DEFINITIONAL_REPRESENTATION('',(#9438),#9444);
#9438 = B_SPLINE_CURVE_WITH_KNOTS('',4,(#9439,#9440,#9441,#9442,#9443),
  .UNSPECIFIED.,.F.,.F.,(5,5),(0.,1.),.PIECEWISE_BEZIER_KNOTS.);
#9439 = CARTESIAN_POINT('',(2.139359362864,-31.67081649601));
#9440 = CARTESIAN_POINT('',(2.139359362864,-23.75311237201));
#9441 = CARTESIAN_POINT('',(2.139359362864,-15.835408248));
#9442 = CARTESIAN_POINT('',(2.139359362864,-7.917704124003));
#9443 = CARTESIAN_POINT('',(2.139359362864,-2.13162820728E-14));
#9444 = ( GEOMETRIC_REPRESENTATION_CONTEXT(2) 
PARAMETRIC_REPRESENTATION_CONTEXT() REPRESENTATION_CONTEXT('2D SPACE',''
  ) );
#9445 = ORIENTED_EDGE('',*,*,#9446,.T.);
#9446 = EDGE_CURVE('',#9418,#9369,#9447,.T.);
#9447 = SURFACE_CURVE('',#9448,(#9453,#9460),.PCURVE_S1.);
#9448 = CIRCLE('',#9449,1.6);
#9449 = AXIS2_PLACEMENT_3D('',#9450,#9451,#9452);
#9450 = CARTESIAN_POINT('',(-21.13042335055,-5.6,9.71304755963));
#9451 = DIRECTION('',(0.,0.,1.));
#9452 = DIRECTION('',(1.,0.,0.));
#9453 = PCURVE('',#6750,#9454);
#9454 = DEFINITIONAL_REPRESENTATION('',(#9455),#9459);
#9455 = LINE('',#9456,#9457);
#9456 = CARTESIAN_POINT('',(0.,0.));
#9457 = VECTOR('',#9458,1.);
#9458 = DIRECTION('',(1.,0.));
#9459 = ( GEOMETRIC_REPRESENTATION_CONTEXT(2) 
PARAMETRIC_REPRESENTATION_CONTEXT() REPRESENTATION_CONTEXT('2D SPACE',''
  ) );
#9460 = PCURVE('',#7198,#9461);
#9461 = DEFINITIONAL_REPRESENTATION('',(#9462),#9466);
#9462 = CIRCLE('',#9463,1.6);
#9463 = AXIS2_PLACEMENT_2D('',#9464,#9465);
#9464 = CARTESIAN_POINT('',(0.,4.8));
#9465 = DIRECTION('',(1.,0.));
#9466 = ( GEOMETRIC_REPRESENTATION_CONTEXT(2) 
PARAMETRIC_REPRESENTATION_CONTEXT() REPRESENTATION_CONTEXT('2D SPACE',''
  ) );
#9467 = ORIENTED_EDGE('',*,*,#9368,.T.);
#9468 = ORIENTED_EDGE('',*,*,#6712,.T.);
#9469 = ADVANCED_FACE('',(#9470),#6700,.T.);
#9470 = FACE_BOUND('',#9471,.T.);
#9471 = EDGE_LOOP('',(#9472,#9495,#9516,#9517));
#9472 = ORIENTED_EDGE('',*,*,#9473,.T.);
#9473 = EDGE_CURVE('',#6657,#9474,#9476,.T.);
#9474 = VERTEX_POINT('',#9475);
#9475 = CARTESIAN_POINT('',(-20.33042335055,-8.125,9.71304755963));
#9476 = SURFACE_CURVE('',#9477,(#9481,#9488),.PCURVE_S1.);
#9477 = LINE('',#9478,#9479);
#9478 = CARTESIAN_POINT('',(-34.44341350385,-8.125,-36.44846323792));
#9479 = VECTOR('',#9480,1.);
#9480 = DIRECTION('',(-0.292371704723,0.,-0.956304755963));
#9481 = PCURVE('',#6700,#9482);
#9482 = DEFINITIONAL_REPRESENTATION('',(#9483),#9487);
#9483 = LINE('',#9484,#9485);
#9484 = CARTESIAN_POINT('',(1.,-79.94152780401));
#9485 = VECTOR('',#9486,1.);
#9486 = DIRECTION('',(0.,-1.));
#9487 = ( GEOMETRIC_REPRESENTATION_CONTEXT(2) 
PARAMETRIC_REPRESENTATION_CONTEXT() REPRESENTATION_CONTEXT('2D SPACE',''
  ) );
#9488 = PCURVE('',#6672,#9489);
#9489 = DEFINITIONAL_REPRESENTATION('',(#9490),#9494);
#9490 = LINE('',#9491,#9492);
#9491 = CARTESIAN_POINT('',(63.551536762072,65.556586496147));
#9492 = VECTOR('',#9493,1.);
#9493 = DIRECTION('',(-0.956304755963,-0.292371704723));
#9494 = ( GEOMETRIC_REPRESENTATION_CONTEXT(2) 
PARAMETRIC_REPRESENTATION_CONTEXT() REPRESENTATION_CONTEXT('2D SPACE',''
  ) );
#9495 = ORIENTED_EDGE('',*,*,#9496,.T.);
#9496 = EDGE_CURVE('',#9474,#9418,#9497,.T.);
#9497 = SURFACE_CURVE('',#9498,(#9502,#9509),.PCURVE_S1.);
#9498 = LINE('',#9499,#9500);
#9499 = CARTESIAN_POINT('',(-20.33042335055,-9.125,9.71304755963));
#9500 = VECTOR('',#9501,1.);
#9501 = DIRECTION('',(0.,1.,0.));
#9502 = PCURVE('',#6700,#9503);
#9503 = DEFINITIONAL_REPRESENTATION('',(#9504),#9508);
#9504 = LINE('',#9505,#9506);
#9505 = CARTESIAN_POINT('',(0.,-31.67081649601));
#9506 = VECTOR('',#9507,1.);
#9507 = DIRECTION('',(1.,0.));
#9508 = ( GEOMETRIC_REPRESENTATION_CONTEXT(2) 
PARAMETRIC_REPRESENTATION_CONTEXT() REPRESENTATION_CONTEXT('2D SPACE',''
  ) );
#9509 = PCURVE('',#7198,#9510);
#9510 = DEFINITIONAL_REPRESENTATION('',(#9511),#9515);
#9511 = LINE('',#9512,#9513);
#9512 = CARTESIAN_POINT('',(0.8,1.275));
#9513 = VECTOR('',#9514,1.);
#9514 = DIRECTION('',(0.,1.));
#9515 = ( GEOMETRIC_REPRESENTATION_CONTEXT(2) 
PARAMETRIC_REPRESENTATION_CONTEXT() REPRESENTATION_CONTEXT('2D SPACE',''
  ) );
#9516 = ORIENTED_EDGE('',*,*,#9417,.T.);
#9517 = ORIENTED_EDGE('',*,*,#6684,.T.);
#9518 = ADVANCED_FACE('',(#9519),#6672,.T.);
#9519 = FACE_BOUND('',#9520,.T.);
#9520 = EDGE_LOOP('',(#9521,#9522,#9549,#9550,#9573,#9594));
#9521 = ORIENTED_EDGE('',*,*,#6656,.F.);
#9522 = ORIENTED_EDGE('',*,*,#9523,.F.);
#9523 = EDGE_CURVE('',#7931,#5951,#9524,.T.);
#9524 = SURFACE_CURVE('',#9525,(#9531,#9540),.PCURVE_S1.);
#9525 = B_SPLINE_CURVE_WITH_KNOTS('',4,(#9526,#9527,#9528,#9529,#9530),
  .UNSPECIFIED.,.F.,.F.,(5,5),(0.,1.),.PIECEWISE_BEZIER_KNOTS.);
#9526 = CARTESIAN_POINT('',(-21.20000022465,-8.125,0.));
#9527 = CARTESIAN_POINT('',(-19.46910536757,-8.125,5.661501975602));
#9528 = CARTESIAN_POINT('',(-17.73821051049,-8.125,11.323003951205));
#9529 = CARTESIAN_POINT('',(-16.00731565341,-8.125,16.984505926807));
#9530 = CARTESIAN_POINT('',(-14.27642079633,-8.125,22.64600790241));
#9531 = PCURVE('',#6672,#9532);
#9532 = DEFINITIONAL_REPRESENTATION('',(#9533),#9539);
#9533 = B_SPLINE_CURVE_WITH_KNOTS('',4,(#9534,#9535,#9536,#9537,#9538),
  .UNSPECIFIED.,.F.,.F.,(5,5),(0.,1.),.PIECEWISE_BEZIER_KNOTS.);
#9534 = CARTESIAN_POINT('',(100.,78.799999775347));
#9535 = CARTESIAN_POINT('',(105.6615019756,80.530894632427));
#9536 = CARTESIAN_POINT('',(111.3230039512,82.261789489508));
#9537 = CARTESIAN_POINT('',(116.9845059268,83.992684346588));
#9538 = CARTESIAN_POINT('',(122.64600790241,85.723579203669));
#9539 = ( GEOMETRIC_REPRESENTATION_CONTEXT(2) 
PARAMETRIC_REPRESENTATION_CONTEXT() REPRESENTATION_CONTEXT('2D SPACE',''
  ) );
#9540 = PCURVE('',#6398,#9541);
#9541 = DEFINITIONAL_REPRESENTATION('',(#9542),#9548);
#9542 = B_SPLINE_CURVE_WITH_KNOTS('',4,(#9543,#9544,#9545,#9546,#9547),
  .UNSPECIFIED.,.F.,.F.,(5,5),(0.,1.),.PIECEWISE_BEZIER_KNOTS.);
#9543 = CARTESIAN_POINT('',(20.685209948898,0.25));
#9544 = CARTESIAN_POINT('',(20.685209948898,0.320768774695));
#9545 = CARTESIAN_POINT('',(20.685209948898,0.39153754939));
#9546 = CARTESIAN_POINT('',(20.685209948898,0.462306324085));
#9547 = CARTESIAN_POINT('',(20.685209948898,0.53307509878));
#9548 = ( GEOMETRIC_REPRESENTATION_CONTEXT(2) 
PARAMETRIC_REPRESENTATION_CONTEXT() REPRESENTATION_CONTEXT('2D SPACE',''
  ) );
#9549 = ORIENTED_EDGE('',*,*,#8454,.T.);
#9550 = ORIENTED_EDGE('',*,*,#9551,.F.);
#9551 = EDGE_CURVE('',#9552,#8455,#9554,.T.);
#9552 = VERTEX_POINT('',#9553);
#9553 = CARTESIAN_POINT('',(-20.13042335055,-8.125,9.71304755963));
#9554 = SURFACE_CURVE('',#9555,(#9559,#9566),.PCURVE_S1.);
#9555 = LINE('',#9556,#9557);
#9556 = CARTESIAN_POINT('',(-38.88178692967,-8.125,-51.61989910328));
#9557 = VECTOR('',#9558,1.);
#9558 = DIRECTION('',(-0.292371704723,0.,-0.956304755963));
#9559 = PCURVE('',#6672,#9560);
#9560 = DEFINITIONAL_REPRESENTATION('',(#9561),#9565);
#9561 = LINE('',#9562,#9563);
#9562 = CARTESIAN_POINT('',(48.380100896714,61.118213070325));
#9563 = VECTOR('',#9564,1.);
#9564 = DIRECTION('',(-0.956304755963,-0.292371704723));
#9565 = ( GEOMETRIC_REPRESENTATION_CONTEXT(2) 
PARAMETRIC_REPRESENTATION_CONTEXT() REPRESENTATION_CONTEXT('2D SPACE',''
  ) );
#9566 = PCURVE('',#8493,#9567);
#9567 = DEFINITIONAL_REPRESENTATION('',(#9568),#9572);
#9568 = LINE('',#9569,#9570);
#9569 = CARTESIAN_POINT('',(2.275,-64.13535672647));
#9570 = VECTOR('',#9571,1.);
#9571 = DIRECTION('',(0.,-1.));
#9572 = ( GEOMETRIC_REPRESENTATION_CONTEXT(2) 
PARAMETRIC_REPRESENTATION_CONTEXT() REPRESENTATION_CONTEXT('2D SPACE',''
  ) );
#9573 = ORIENTED_EDGE('',*,*,#9574,.F.);
#9574 = EDGE_CURVE('',#9474,#9552,#9575,.T.);
#9575 = SURFACE_CURVE('',#9576,(#9580,#9587),.PCURVE_S1.);
#9576 = LINE('',#9577,#9578);
#9577 = CARTESIAN_POINT('',(-60.56521167527,-8.125,9.71304755963));
#9578 = VECTOR('',#9579,1.);
#9579 = DIRECTION('',(1.,0.,0.));
#9580 = PCURVE('',#6672,#9581);
#9581 = DEFINITIONAL_REPRESENTATION('',(#9582),#9586);
#9582 = LINE('',#9583,#9584);
#9583 = CARTESIAN_POINT('',(109.71304755963,39.434788324723));
#9584 = VECTOR('',#9585,1.);
#9585 = DIRECTION('',(0.,1.));
#9586 = ( GEOMETRIC_REPRESENTATION_CONTEXT(2) 
PARAMETRIC_REPRESENTATION_CONTEXT() REPRESENTATION_CONTEXT('2D SPACE',''
  ) );
#9587 = PCURVE('',#7198,#9588);
#9588 = DEFINITIONAL_REPRESENTATION('',(#9589),#9593);
#9589 = LINE('',#9590,#9591);
#9590 = CARTESIAN_POINT('',(-39.43478832472,2.275));
#9591 = VECTOR('',#9592,1.);
#9592 = DIRECTION('',(1.,0.));
#9593 = ( GEOMETRIC_REPRESENTATION_CONTEXT(2) 
PARAMETRIC_REPRESENTATION_CONTEXT() REPRESENTATION_CONTEXT('2D SPACE',''
  ) );
#9594 = ORIENTED_EDGE('',*,*,#9473,.F.);
#9595 = ADVANCED_FACE('',(#9596),#6398,.F.);
#9596 = FACE_BOUND('',#9597,.F.);
#9597 = EDGE_LOOP('',(#9598,#9599,#9618,#9619));
#9598 = ORIENTED_EDGE('',*,*,#7930,.F.);
#9599 = ORIENTED_EDGE('',*,*,#9600,.T.);
#9600 = EDGE_CURVE('',#7908,#5923,#9601,.T.);
#9601 = SURFACE_CURVE('',#9602,(#9605,#9612),.PCURVE_S1.);
#9602 = B_SPLINE_CURVE_WITH_KNOTS('',1,(#9603,#9604),.UNSPECIFIED.,.F.,
  .F.,(2,2),(0.,1.),.PIECEWISE_BEZIER_KNOTS.);
#9603 = CARTESIAN_POINT('',(-16.61461362917,-18.1,-20.));
#9604 = CARTESIAN_POINT('',(7.84384088752,-18.1,60.));
#9605 = PCURVE('',#6398,#9606);
#9606 = DEFINITIONAL_REPRESENTATION('',(#9607),#9611);
#9607 = LINE('',#9608,#9609);
#9608 = CARTESIAN_POINT('',(41.119832237205,0.));
#9609 = VECTOR('',#9610,1.);
#9610 = DIRECTION('',(0.,1.));
#9611 = ( GEOMETRIC_REPRESENTATION_CONTEXT(2) 
PARAMETRIC_REPRESENTATION_CONTEXT() REPRESENTATION_CONTEXT('2D SPACE',''
  ) );
#9612 = PCURVE('',#5938,#9613);
#9613 = DEFINITIONAL_REPRESENTATION('',(#9614),#9617);
#9614 = B_SPLINE_CURVE_WITH_KNOTS('',1,(#9615,#9616),.UNSPECIFIED.,.F.,
  .F.,(2,2),(0.,1.),.PIECEWISE_BEZIER_KNOTS.);
#9615 = CARTESIAN_POINT('',(0.,-83.65534051897));
#9616 = CARTESIAN_POINT('',(0.,0.));
#9617 = ( GEOMETRIC_REPRESENTATION_CONTEXT(2) 
PARAMETRIC_REPRESENTATION_CONTEXT() REPRESENTATION_CONTEXT('2D SPACE',''
  ) );
#9618 = ORIENTED_EDGE('',*,*,#5950,.T.);
#9619 = ORIENTED_EDGE('',*,*,#9523,.F.);
#9620 = ADVANCED_FACE('',(#9621),#5938,.F.);
#9621 = FACE_BOUND('',#9622,.F.);
#9622 = EDGE_LOOP('',(#9623,#9624,#9625,#9652));
#9623 = ORIENTED_EDGE('',*,*,#9600,.F.);
#9624 = ORIENTED_EDGE('',*,*,#7907,.T.);
#9625 = ORIENTED_EDGE('',*,*,#9626,.T.);
#9626 = EDGE_CURVE('',#7828,#5710,#9627,.T.);
#9627 = SURFACE_CURVE('',#9628,(#9634,#9643),.PCURVE_S1.);
#9628 = B_SPLINE_CURVE_WITH_KNOTS('',4,(#9629,#9630,#9631,#9632,#9633),
  .UNSPECIFIED.,.F.,.F.,(5,5),(0.,1.),.PIECEWISE_BEZIER_KNOTS.);
#9629 = CARTESIAN_POINT('',(-16.61461362917,-17.92736119146,-20.));
#9630 = CARTESIAN_POINT('',(-10.5,-17.92736119146,5.684341886081E-14));
#9631 = CARTESIAN_POINT('',(-4.385386370827,-17.92736119146,20.));
#9632 = CARTESIAN_POINT('',(1.729227258346,-17.92736119146,40.));
#9633 = CARTESIAN_POINT('',(7.84384088752,-17.92736119146,60.));
#9634 = PCURVE('',#5938,#9635);
#9635 = DEFINITIONAL_REPRESENTATION('',(#9636),#9642);
#9636 = B_SPLINE_CURVE_WITH_KNOTS('',4,(#9637,#9638,#9639,#9640,#9641),
  .UNSPECIFIED.,.F.,.F.,(5,5),(0.,1.),.PIECEWISE_BEZIER_KNOTS.);
#9637 = CARTESIAN_POINT('',(0.172638808538,-83.65534051897));
#9638 = CARTESIAN_POINT('',(0.172638808538,-62.74150538922));
#9639 = CARTESIAN_POINT('',(0.172638808538,-41.82767025948));
#9640 = CARTESIAN_POINT('',(0.172638808538,-20.91383512974));
#9641 = CARTESIAN_POINT('',(0.172638808538,-3.552713678801E-14));
#9642 = ( GEOMETRIC_REPRESENTATION_CONTEXT(2) 
PARAMETRIC_REPRESENTATION_CONTEXT() REPRESENTATION_CONTEXT('2D SPACE',''
  ) );
#9643 = PCURVE('',#5831,#9644);
#9644 = DEFINITIONAL_REPRESENTATION('',(#9645),#9651);
#9645 = B_SPLINE_CURVE_WITH_KNOTS('',4,(#9646,#9647,#9648,#9649,#9650),
  .UNSPECIFIED.,.F.,.F.,(5,5),(0.,1.),.PIECEWISE_BEZIER_KNOTS.);
#9646 = CARTESIAN_POINT('',(3.898965225193,0.));
#9647 = CARTESIAN_POINT('',(3.898965225193,0.25));
#9648 = CARTESIAN_POINT('',(3.898965225193,0.5));
#9649 = CARTESIAN_POINT('',(3.898965225193,0.75));
#9650 = CARTESIAN_POINT('',(3.898965225193,1.));
#9651 = ( GEOMETRIC_REPRESENTATION_CONTEXT(2) 
PARAMETRIC_REPRESENTATION_CONTEXT() REPRESENTATION_CONTEXT('2D SPACE',''
  ) );
#9652 = ORIENTED_EDGE('',*,*,#5922,.F.);
#9653 = ADVANCED_FACE('',(#9654),#5831,.F.);
#9654 = FACE_BOUND('',#9655,.F.);
#9655 = EDGE_LOOP('',(#9656,#9657,#9658,#9685));
#9656 = ORIENTED_EDGE('',*,*,#9626,.F.);
#9657 = ORIENTED_EDGE('',*,*,#7827,.F.);
#9658 = ORIENTED_EDGE('',*,*,#9659,.T.);
#9659 = EDGE_CURVE('',#7805,#5682,#9660,.T.);
#9660 = SURFACE_CURVE('',#9661,(#9667,#9676),.PCURVE_S1.);
#9661 = B_SPLINE_CURVE_WITH_KNOTS('',4,(#9662,#9663,#9664,#9665,#9666),
  .UNSPECIFIED.,.F.,.F.,(5,5),(0.,1.),.PIECEWISE_BEZIER_KNOTS.);
#9662 = CARTESIAN_POINT('',(14.449459332498,-8.125,0.));
#9663 = CARTESIAN_POINT('',(16.180354189579,-8.125,5.661501975603));
#9664 = CARTESIAN_POINT('',(17.911249046659,-8.125,11.323003951205));
#9665 = CARTESIAN_POINT('',(19.64214390374,-8.125,16.984505926807));
#9666 = CARTESIAN_POINT('',(21.37303876082,-8.125,22.64600790241));
#9667 = PCURVE('',#5831,#9668);
#9668 = DEFINITIONAL_REPRESENTATION('',(#9669),#9675);
#9669 = B_SPLINE_CURVE_WITH_KNOTS('',4,(#9670,#9671,#9672,#9673,#9674),
  .UNSPECIFIED.,.F.,.F.,(5,5),(0.,1.),.PIECEWISE_BEZIER_KNOTS.);
#9670 = CARTESIAN_POINT('',(6.274534680283,0.25));
#9671 = CARTESIAN_POINT('',(6.274534680283,0.320768774695));
#9672 = CARTESIAN_POINT('',(6.274534680283,0.39153754939));
#9673 = CARTESIAN_POINT('',(6.274534680283,0.462306324085));
#9674 = CARTESIAN_POINT('',(6.274534680283,0.53307509878));
#9675 = ( GEOMETRIC_REPRESENTATION_CONTEXT(2) 
PARAMETRIC_REPRESENTATION_CONTEXT() REPRESENTATION_CONTEXT('2D SPACE',''
  ) );
#9676 = PCURVE('',#5697,#9677);
#9677 = DEFINITIONAL_REPRESENTATION('',(#9678),#9684);
#9678 = B_SPLINE_CURVE_WITH_KNOTS('',4,(#9679,#9680,#9681,#9682,#9683),
  .UNSPECIFIED.,.F.,.F.,(5,5),(0.,1.),.PIECEWISE_BEZIER_KNOTS.);
#9679 = CARTESIAN_POINT('',(100.,114.44945933249));
#9680 = CARTESIAN_POINT('',(105.6615019756,116.18035418957));
#9681 = CARTESIAN_POINT('',(111.3230039512,117.91124904665));
#9682 = CARTESIAN_POINT('',(116.9845059268,119.64214390374));
#9683 = CARTESIAN_POINT('',(122.64600790241,121.37303876082));
#9684 = ( GEOMETRIC_REPRESENTATION_CONTEXT(2) 
PARAMETRIC_REPRESENTATION_CONTEXT() REPRESENTATION_CONTEXT('2D SPACE',''
  ) );
#9685 = ORIENTED_EDGE('',*,*,#5709,.T.);
#9686 = ADVANCED_FACE('',(#9687),#5697,.T.);
#9687 = FACE_BOUND('',#9688,.T.);
#9688 = EDGE_LOOP('',(#9689,#9690,#9711,#9712,#9733,#9734));
#9689 = ORIENTED_EDGE('',*,*,#5681,.F.);
#9690 = ORIENTED_EDGE('',*,*,#9691,.F.);
#9691 = EDGE_CURVE('',#9092,#5654,#9692,.T.);
#9692 = SURFACE_CURVE('',#9693,(#9697,#9704),.PCURVE_S1.);
#9693 = LINE('',#9694,#9695);
#9694 = CARTESIAN_POINT('',(11.696489245436,-8.125,-43.18673772475));
#9695 = VECTOR('',#9696,1.);
#9696 = DIRECTION('',(0.292371704723,-0.,0.956304755963));
#9697 = PCURVE('',#5697,#9698);
#9698 = DEFINITIONAL_REPRESENTATION('',(#9699),#9703);
#9699 = LINE('',#9700,#9701);
#9700 = CARTESIAN_POINT('',(56.81326227525,111.69648924543));
#9701 = VECTOR('',#9702,1.);
#9702 = DIRECTION('',(0.956304755963,0.292371704723));
#9703 = ( GEOMETRIC_REPRESENTATION_CONTEXT(2) 
PARAMETRIC_REPRESENTATION_CONTEXT() REPRESENTATION_CONTEXT('2D SPACE',''
  ) );
#9704 = PCURVE('',#5669,#9705);
#9705 = DEFINITIONAL_REPRESENTATION('',(#9706),#9710);
#9706 = LINE('',#9707,#9708);
#9707 = CARTESIAN_POINT('',(3.025,-86.98768588783));
#9708 = VECTOR('',#9709,1.);
#9709 = DIRECTION('',(0.,1.));
#9710 = ( GEOMETRIC_REPRESENTATION_CONTEXT(2) 
PARAMETRIC_REPRESENTATION_CONTEXT() REPRESENTATION_CONTEXT('2D SPACE',''
  ) );
#9711 = ORIENTED_EDGE('',*,*,#9089,.F.);
#9712 = ORIENTED_EDGE('',*,*,#9713,.F.);
#9713 = EDGE_CURVE('',#7777,#9090,#9714,.T.);
#9714 = SURFACE_CURVE('',#9715,(#9719,#9726),.PCURVE_S1.);
#9715 = LINE('',#9716,#9717);
#9716 = CARTESIAN_POINT('',(6.875212062358,-8.125,-58.30225429976));
#9717 = VECTOR('',#9718,1.);
#9718 = DIRECTION('',(0.292371704723,-0.,0.956304755963));
#9719 = PCURVE('',#5697,#9720);
#9720 = DEFINITIONAL_REPRESENTATION('',(#9721),#9725);
#9721 = LINE('',#9722,#9723);
#9722 = CARTESIAN_POINT('',(41.697745700239,106.87521206235));
#9723 = VECTOR('',#9724,1.);
#9724 = DIRECTION('',(0.956304755963,0.292371704723));
#9725 = ( GEOMETRIC_REPRESENTATION_CONTEXT(2) 
PARAMETRIC_REPRESENTATION_CONTEXT() REPRESENTATION_CONTEXT('2D SPACE',''
  ) );
#9726 = PCURVE('',#7792,#9727);
#9727 = DEFINITIONAL_REPRESENTATION('',(#9728),#9732);
#9728 = LINE('',#9729,#9730);
#9729 = CARTESIAN_POINT('',(1.25,-71.12304046935));
#9730 = VECTOR('',#9731,1.);
#9731 = DIRECTION('',(0.,1.));
#9732 = ( GEOMETRIC_REPRESENTATION_CONTEXT(2) 
PARAMETRIC_REPRESENTATION_CONTEXT() REPRESENTATION_CONTEXT('2D SPACE',''
  ) );
#9733 = ORIENTED_EDGE('',*,*,#7804,.T.);
#9734 = ORIENTED_EDGE('',*,*,#9659,.T.);
#9735 = ADVANCED_FACE('',(#9736),#5669,.T.);
#9736 = FACE_BOUND('',#9737,.T.);
#9737 = EDGE_LOOP('',(#9738,#9765,#9766,#9767));
#9738 = ORIENTED_EDGE('',*,*,#9739,.F.);
#9739 = EDGE_CURVE('',#9233,#5365,#9740,.T.);
#9740 = SURFACE_CURVE('',#9741,(#9747,#9756),.PCURVE_S1.);
#9741 = B_SPLINE_CURVE_WITH_KNOTS('',4,(#9742,#9743,#9744,#9745,#9746),
  .UNSPECIFIED.,.F.,.F.,(5,5),(0.,1.),.PIECEWISE_BEZIER_KNOTS.);
#9742 = CARTESIAN_POINT('',(27.869576649446,-6.770329316199,
    9.71304755963));
#9743 = CARTESIAN_POINT('',(30.184489301671,-6.770329316199,
    17.284785669723));
#9744 = CARTESIAN_POINT('',(32.499401953896,-6.770329316199,
    24.856523779815));
#9745 = CARTESIAN_POINT('',(34.814314606121,-6.770329316199,
    32.428261889908));
#9746 = CARTESIAN_POINT('',(37.129227258346,-6.770329316199,40.));
#9747 = PCURVE('',#5669,#9748);
#9748 = DEFINITIONAL_REPRESENTATION('',(#9749),#9755);
#9749 = B_SPLINE_CURVE_WITH_KNOTS('',4,(#9750,#9751,#9752,#9753,#9754),
  .UNSPECIFIED.,.F.,.F.,(5,5),(0.,1.),.PIECEWISE_BEZIER_KNOTS.);
#9750 = CARTESIAN_POINT('',(1.670329316199,-31.67081649601));
#9751 = CARTESIAN_POINT('',(1.670329316199,-23.75311237201));
#9752 = CARTESIAN_POINT('',(1.670329316199,-15.835408248));
#9753 = CARTESIAN_POINT('',(1.670329316199,-7.917704124003));
#9754 = CARTESIAN_POINT('',(1.670329316199,0.));
#9755 = ( GEOMETRIC_REPRESENTATION_CONTEXT(2) 
PARAMETRIC_REPRESENTATION_CONTEXT() REPRESENTATION_CONTEXT('2D SPACE',''
  ) );
#9756 = PCURVE('',#5538,#9757);
#9757 = DEFINITIONAL_REPRESENTATION('',(#9758),#9764);
#9758 = B_SPLINE_CURVE_WITH_KNOTS('',4,(#9759,#9760,#9761,#9762,#9763),
  .UNSPECIFIED.,.F.,.F.,(5,5),(0.,1.),.PIECEWISE_BEZIER_KNOTS.);
#9759 = CARTESIAN_POINT('',(4.130024746625,0.));
#9760 = CARTESIAN_POINT('',(4.130024746625,0.25));
#9761 = CARTESIAN_POINT('',(4.130024746625,0.5));
#9762 = CARTESIAN_POINT('',(4.130024746625,0.75));
#9763 = CARTESIAN_POINT('',(4.130024746625,1.));
#9764 = ( GEOMETRIC_REPRESENTATION_CONTEXT(2) 
PARAMETRIC_REPRESENTATION_CONTEXT() REPRESENTATION_CONTEXT('2D SPACE',''
  ) );
#9765 = ORIENTED_EDGE('',*,*,#9256,.T.);
#9766 = ORIENTED_EDGE('',*,*,#9691,.T.);
#9767 = ORIENTED_EDGE('',*,*,#5653,.T.);
#9768 = ADVANCED_FACE('',(#9769),#5538,.T.);
#9769 = FACE_BOUND('',#9770,.T.);
#9770 = EDGE_LOOP('',(#9771,#9772,#9792,#9793));
#9771 = ORIENTED_EDGE('',*,*,#5364,.T.);
#9772 = ORIENTED_EDGE('',*,*,#9773,.F.);
#9773 = EDGE_CURVE('',#9209,#5280,#9774,.T.);
#9774 = SURFACE_CURVE('',#9775,(#9778,#9785),.PCURVE_S1.);
#9775 = B_SPLINE_CURVE_WITH_KNOTS('',1,(#9776,#9777),.UNSPECIFIED.,.F.,
  .F.,(2,2),(0.,1.),.PIECEWISE_BEZIER_KNOTS.);
#9776 = CARTESIAN_POINT('',(30.969576649446,-5.1,9.71304755963));
#9777 = CARTESIAN_POINT('',(40.229227258346,-5.1,40.));
#9778 = PCURVE('',#5538,#9779);
#9779 = DEFINITIONAL_REPRESENTATION('',(#9780),#9784);
#9780 = LINE('',#9781,#9782);
#9781 = CARTESIAN_POINT('',(0.,0.));
#9782 = VECTOR('',#9783,1.);
#9783 = DIRECTION('',(0.,1.));
#9784 = ( GEOMETRIC_REPRESENTATION_CONTEXT(2) 
PARAMETRIC_REPRESENTATION_CONTEXT() REPRESENTATION_CONTEXT('2D SPACE',''
  ) );
#9785 = PCURVE('',#5317,#9786);
#9786 = DEFINITIONAL_REPRESENTATION('',(#9787),#9791);
#9787 = LINE('',#9788,#9789);
#9788 = CARTESIAN_POINT('',(6.28318530718,0.));
#9789 = VECTOR('',#9790,1.);
#9790 = DIRECTION('',(0.,1.));
#9791 = ( GEOMETRIC_REPRESENTATION_CONTEXT(2) 
PARAMETRIC_REPRESENTATION_CONTEXT() REPRESENTATION_CONTEXT('2D SPACE',''
  ) );
#9792 = ORIENTED_EDGE('',*,*,#9232,.T.);
#9793 = ORIENTED_EDGE('',*,*,#9739,.T.);
#9794 = ADVANCED_FACE('',(#9795),#5317,.T.);
#9795 = FACE_BOUND('',#9796,.T.);
#9796 = EDGE_LOOP('',(#9797,#9798,#9799,#9800));
#9797 = ORIENTED_EDGE('',*,*,#9058,.F.);
#9798 = ORIENTED_EDGE('',*,*,#9208,.T.);
#9799 = ORIENTED_EDGE('',*,*,#9773,.T.);
#9800 = ORIENTED_EDGE('',*,*,#5279,.T.);
#9801 = ADVANCED_FACE('',(#9802),#7143,.T.);
#9802 = FACE_BOUND('',#9803,.F.);
#9803 = EDGE_LOOP('',(#9804,#9805,#9828,#9855));
#9804 = ORIENTED_EDGE('',*,*,#7122,.T.);
#9805 = ORIENTED_EDGE('',*,*,#9806,.T.);
#9806 = EDGE_CURVE('',#7123,#9807,#9809,.T.);
#9807 = VERTEX_POINT('',#9808);
#9808 = CARTESIAN_POINT('',(-2.752357210577,-22.375,22.361228734724));
#9809 = SEAM_CURVE('',#9810,(#9814,#9821),.PCURVE_S1.);
#9810 = LINE('',#9811,#9812);
#9811 = CARTESIAN_POINT('',(-3.135621649926,-22.375,19.941392300266));
#9812 = VECTOR('',#9813,1.);
#9813 = DIRECTION('',(0.15643446504,0.,0.987688340595));
#9814 = PCURVE('',#7143,#9815);
#9815 = DEFINITIONAL_REPRESENTATION('',(#9816),#9820);
#9816 = LINE('',#9817,#9818);
#9817 = CARTESIAN_POINT('',(-6.28318530718,0.));
#9818 = VECTOR('',#9819,1.);
#9819 = DIRECTION('',(-0.,-1.));
#9820 = ( GEOMETRIC_REPRESENTATION_CONTEXT(2) 
PARAMETRIC_REPRESENTATION_CONTEXT() REPRESENTATION_CONTEXT('2D SPACE',''
  ) );
#9821 = PCURVE('',#7143,#9822);
#9822 = DEFINITIONAL_REPRESENTATION('',(#9823),#9827);
#9823 = LINE('',#9824,#9825);
#9824 = CARTESIAN_POINT('',(-0.,0.));
#9825 = VECTOR('',#9826,1.);
#9826 = DIRECTION('',(-0.,-1.));
#9827 = ( GEOMETRIC_REPRESENTATION_CONTEXT(2) 
PARAMETRIC_REPRESENTATION_CONTEXT() REPRESENTATION_CONTEXT('2D SPACE',''
  ) );
#9828 = ORIENTED_EDGE('',*,*,#9829,.T.);
#9829 = EDGE_CURVE('',#9807,#9807,#9830,.T.);
#9830 = SURFACE_CURVE('',#9831,(#9836,#9843),.PCURVE_S1.);
#9831 = CIRCLE('',#9832,1.5);
#9832 = AXIS2_PLACEMENT_3D('',#9833,#9834,#9835);
#9833 = CARTESIAN_POINT('',(-4.23388972147,-22.375,22.595880432284));
#9834 = DIRECTION('',(0.15643446504,-0.,0.987688340595));
#9835 = DIRECTION('',(0.987688340595,0.,-0.15643446504));
#9836 = PCURVE('',#7143,#9837);
#9837 = DEFINITIONAL_REPRESENTATION('',(#9838),#9842);
#9838 = LINE('',#9839,#9840);
#9839 = CARTESIAN_POINT('',(-0.,-2.45));
#9840 = VECTOR('',#9841,1.);
#9841 = DIRECTION('',(-1.,0.));
#9842 = ( GEOMETRIC_REPRESENTATION_CONTEXT(2) 
PARAMETRIC_REPRESENTATION_CONTEXT() REPRESENTATION_CONTEXT('2D SPACE',''
  ) );
#9843 = PCURVE('',#9844,#9849);
#9844 = PLANE('',#9845);
#9845 = AXIS2_PLACEMENT_3D('',#9846,#9847,#9848);
#9846 = CARTESIAN_POINT('',(-4.23388972147,-22.375,22.595880432284));
#9847 = DIRECTION('',(0.15643446504,0.,0.987688340595));
#9848 = DIRECTION('',(0.987688340595,0.,-0.15643446504));
#9849 = DEFINITIONAL_REPRESENTATION('',(#9850),#9854);
#9850 = CIRCLE('',#9851,1.5);
#9851 = AXIS2_PLACEMENT_2D('',#9852,#9853);
#9852 = CARTESIAN_POINT('',(8.77243469506E-16,0.));
#9853 = DIRECTION('',(1.,0.));
#9854 = ( GEOMETRIC_REPRESENTATION_CONTEXT(2) 
PARAMETRIC_REPRESENTATION_CONTEXT() REPRESENTATION_CONTEXT('2D SPACE',''
  ) );
#9855 = ORIENTED_EDGE('',*,*,#9806,.F.);
#9856 = ADVANCED_FACE('',(#9857),#7226,.F.);
#9857 = FACE_BOUND('',#9858,.F.);
#9858 = EDGE_LOOP('',(#9859,#9882,#9883,#9884));
#9859 = ORIENTED_EDGE('',*,*,#9860,.F.);
#9860 = EDGE_CURVE('',#7183,#9861,#9863,.T.);
#9861 = VERTEX_POINT('',#9862);
#9862 = CARTESIAN_POINT('',(-22.13042335055,-8.90333704529,9.71304755963
    ));
#9863 = SURFACE_CURVE('',#9864,(#9868,#9875),.PCURVE_S1.);
#9864 = LINE('',#9865,#9866);
#9865 = CARTESIAN_POINT('',(-22.13042335055,-6.875,9.71304755963));
#9866 = VECTOR('',#9867,1.);
#9867 = DIRECTION('',(0.,-1.,0.));
#9868 = PCURVE('',#7226,#9869);
#9869 = DEFINITIONAL_REPRESENTATION('',(#9870),#9874);
#9870 = LINE('',#9871,#9872);
#9871 = CARTESIAN_POINT('',(0.,0.));
#9872 = VECTOR('',#9873,1.);
#9873 = DIRECTION('',(1.,0.));
#9874 = ( GEOMETRIC_REPRESENTATION_CONTEXT(2) 
PARAMETRIC_REPRESENTATION_CONTEXT() REPRESENTATION_CONTEXT('2D SPACE',''
  ) );
#9875 = PCURVE('',#7198,#9876);
#9876 = DEFINITIONAL_REPRESENTATION('',(#9877),#9881);
#9877 = LINE('',#9878,#9879);
#9878 = CARTESIAN_POINT('',(-1.,3.525));
#9879 = VECTOR('',#9880,1.);
#9880 = DIRECTION('',(0.,-1.));
#9881 = ( GEOMETRIC_REPRESENTATION_CONTEXT(2) 
PARAMETRIC_REPRESENTATION_CONTEXT() REPRESENTATION_CONTEXT('2D SPACE',''
  ) );
#9882 = ORIENTED_EDGE('',*,*,#7210,.F.);
#9883 = ORIENTED_EDGE('',*,*,#8885,.T.);
#9884 = ORIENTED_EDGE('',*,*,#9885,.T.);
#9885 = EDGE_CURVE('',#8753,#9861,#9886,.T.);
#9886 = SURFACE_CURVE('',#9887,(#9893,#9902),.PCURVE_S1.);
#9887 = B_SPLINE_CURVE_WITH_KNOTS('',4,(#9888,#9889,#9890,#9891,#9892),
  .UNSPECIFIED.,.F.,.F.,(5,5),(0.,1.),.PIECEWISE_BEZIER_KNOTS.);
#9888 = CARTESIAN_POINT('',(-31.21461362917,-8.90333703811,-20.));
#9889 = CARTESIAN_POINT('',(-28.94356605951,-8.90333703811,
    -12.57173811009));
#9890 = CARTESIAN_POINT('',(-26.67251848986,-8.90333703811,
    -5.143476220185));
#9891 = CARTESIAN_POINT('',(-24.4014709202,-8.90333703811,2.284785669723
    ));
#9892 = CARTESIAN_POINT('',(-22.13042335055,-8.90333703811,9.71304755963
    ));
#9893 = PCURVE('',#7226,#9894);
#9894 = DEFINITIONAL_REPRESENTATION('',(#9895),#9901);
#9895 = B_SPLINE_CURVE_WITH_KNOTS('',4,(#9896,#9897,#9898,#9899,#9900),
  .UNSPECIFIED.,.F.,.F.,(5,5),(0.,1.),.PIECEWISE_BEZIER_KNOTS.);
#9896 = CARTESIAN_POINT('',(2.02833703811,-31.07068889321));
#9897 = CARTESIAN_POINT('',(2.02833703811,-23.30301666991));
#9898 = CARTESIAN_POINT('',(2.02833703811,-15.5353444466));
#9899 = CARTESIAN_POINT('',(2.02833703811,-7.767672223304));
#9900 = CARTESIAN_POINT('',(2.02833703811,-3.552713678801E-15));
#9901 = ( GEOMETRIC_REPRESENTATION_CONTEXT(2) 
PARAMETRIC_REPRESENTATION_CONTEXT() REPRESENTATION_CONTEXT('2D SPACE',''
  ) );
#9902 = PCURVE('',#8822,#9903);
#9903 = DEFINITIONAL_REPRESENTATION('',(#9904),#9910);
#9904 = B_SPLINE_CURVE_WITH_KNOTS('',4,(#9905,#9906,#9907,#9908,#9909),
  .UNSPECIFIED.,.F.,.F.,(5,5),(0.,1.),.PIECEWISE_BEZIER_KNOTS.);
#9905 = CARTESIAN_POINT('',(2.159827292382,0.));
#9906 = CARTESIAN_POINT('',(2.159827292382,0.25));
#9907 = CARTESIAN_POINT('',(2.159827292382,0.5));
#9908 = CARTESIAN_POINT('',(2.159827292382,0.75));
#9909 = CARTESIAN_POINT('',(2.159827292382,1.));
#9910 = ( GEOMETRIC_REPRESENTATION_CONTEXT(2) 
PARAMETRIC_REPRESENTATION_CONTEXT() REPRESENTATION_CONTEXT('2D SPACE',''
  ) );
#9911 = ADVANCED_FACE('',(#9912),#7198,.F.);
#9912 = FACE_BOUND('',#9913,.F.);
#9913 = EDGE_LOOP('',(#9914,#9915,#9916,#9940,#9964,#9985,#9986,#9987,
    #9988,#9989));
#9914 = ORIENTED_EDGE('',*,*,#7182,.F.);
#9915 = ORIENTED_EDGE('',*,*,#9860,.T.);
#9916 = ORIENTED_EDGE('',*,*,#9917,.T.);
#9917 = EDGE_CURVE('',#9861,#9918,#9920,.T.);
#9918 = VERTEX_POINT('',#9919);
#9919 = CARTESIAN_POINT('',(-19.33042335055,-10.4,9.71304755963));
#9920 = SURFACE_CURVE('',#9921,(#9926,#9933),.PCURVE_S1.);
#9921 = CIRCLE('',#9922,1.8);
#9922 = AXIS2_PLACEMENT_3D('',#9923,#9924,#9925);
#9923 = CARTESIAN_POINT('',(-21.13042335055,-10.4,9.71304755963));
#9924 = DIRECTION('',(0.,0.,1.));
#9925 = DIRECTION('',(1.,0.,0.));
#9926 = PCURVE('',#7198,#9927);
#9927 = DEFINITIONAL_REPRESENTATION('',(#9928),#9932);
#9928 = CIRCLE('',#9929,1.8);
#9929 = AXIS2_PLACEMENT_2D('',#9930,#9931);
#9930 = CARTESIAN_POINT('',(0.,0.));
#9931 = DIRECTION('',(1.,0.));
#9932 = ( GEOMETRIC_REPRESENTATION_CONTEXT(2) 
PARAMETRIC_REPRESENTATION_CONTEXT() REPRESENTATION_CONTEXT('2D SPACE',''
  ) );
#9933 = PCURVE('',#8822,#9934);
#9934 = DEFINITIONAL_REPRESENTATION('',(#9935),#9939);
#9935 = LINE('',#9936,#9937);
#9936 = CARTESIAN_POINT('',(0.,1.));
#9937 = VECTOR('',#9938,1.);
#9938 = DIRECTION('',(1.,0.));
#9939 = ( GEOMETRIC_REPRESENTATION_CONTEXT(2) 
PARAMETRIC_REPRESENTATION_CONTEXT() REPRESENTATION_CONTEXT('2D SPACE',''
  ) );
#9940 = ORIENTED_EDGE('',*,*,#9941,.T.);
#9941 = EDGE_CURVE('',#9918,#9942,#9944,.T.);
#9942 = VERTEX_POINT('',#9943);
#9943 = CARTESIAN_POINT('',(-20.13042335055,-8.90333704529,9.71304755963
    ));
#9944 = SURFACE_CURVE('',#9945,(#9950,#9957),.PCURVE_S1.);
#9945 = CIRCLE('',#9946,1.8);
#9946 = AXIS2_PLACEMENT_3D('',#9947,#9948,#9949);
#9947 = CARTESIAN_POINT('',(-21.13042335055,-10.4,9.71304755963));
#9948 = DIRECTION('',(0.,0.,1.));
#9949 = DIRECTION('',(1.,0.,0.));
#9950 = PCURVE('',#7198,#9951);
#9951 = DEFINITIONAL_REPRESENTATION('',(#9952),#9956);
#9952 = CIRCLE('',#9953,1.8);
#9953 = AXIS2_PLACEMENT_2D('',#9954,#9955);
#9954 = CARTESIAN_POINT('',(0.,0.));
#9955 = DIRECTION('',(1.,0.));
#9956 = ( GEOMETRIC_REPRESENTATION_CONTEXT(2) 
PARAMETRIC_REPRESENTATION_CONTEXT() REPRESENTATION_CONTEXT('2D SPACE',''
  ) );
#9957 = PCURVE('',#8651,#9958);
#9958 = DEFINITIONAL_REPRESENTATION('',(#9959),#9963);
#9959 = LINE('',#9960,#9961);
#9960 = CARTESIAN_POINT('',(0.,1.));
#9961 = VECTOR('',#9962,1.);
#9962 = DIRECTION('',(1.,0.));
#9963 = ( GEOMETRIC_REPRESENTATION_CONTEXT(2) 
PARAMETRIC_REPRESENTATION_CONTEXT() REPRESENTATION_CONTEXT('2D SPACE',''
  ) );
#9964 = ORIENTED_EDGE('',*,*,#9965,.T.);
#9965 = EDGE_CURVE('',#9942,#9552,#9966,.T.);
#9966 = SURFACE_CURVE('',#9967,(#9971,#9978),.PCURVE_S1.);
#9967 = LINE('',#9968,#9969);
#9968 = CARTESIAN_POINT('',(-20.13042335055,-10.4,9.71304755963));
#9969 = VECTOR('',#9970,1.);
#9970 = DIRECTION('',(0.,1.,0.));
#9971 = PCURVE('',#7198,#9972);
#9972 = DEFINITIONAL_REPRESENTATION('',(#9973),#9977);
#9973 = LINE('',#9974,#9975);
#9974 = CARTESIAN_POINT('',(1.,0.));
#9975 = VECTOR('',#9976,1.);
#9976 = DIRECTION('',(0.,1.));
#9977 = ( GEOMETRIC_REPRESENTATION_CONTEXT(2) 
PARAMETRIC_REPRESENTATION_CONTEXT() REPRESENTATION_CONTEXT('2D SPACE',''
  ) );
#9978 = PCURVE('',#8493,#9979);
#9979 = DEFINITIONAL_REPRESENTATION('',(#9980),#9984);
#9980 = LINE('',#9981,#9982);
#9981 = CARTESIAN_POINT('',(0.,0.));
#9982 = VECTOR('',#9983,1.);
#9983 = DIRECTION('',(1.,0.));
#9984 = ( GEOMETRIC_REPRESENTATION_CONTEXT(2) 
PARAMETRIC_REPRESENTATION_CONTEXT() REPRESENTATION_CONTEXT('2D SPACE',''
  ) );
#9985 = ORIENTED_EDGE('',*,*,#9574,.F.);
#9986 = ORIENTED_EDGE('',*,*,#9496,.T.);
#9987 = ORIENTED_EDGE('',*,*,#9446,.T.);
#9988 = ORIENTED_EDGE('',*,*,#9390,.T.);
#9989 = ORIENTED_EDGE('',*,*,#9342,.T.);
#9990 = ADVANCED_FACE('',(#9991),#8822,.F.);
#9991 = FACE_BOUND('',#9992,.F.);
#9992 = EDGE_LOOP('',(#9993,#9994,#9995,#10015));
#9993 = ORIENTED_EDGE('',*,*,#9885,.F.);
#9994 = ORIENTED_EDGE('',*,*,#8752,.F.);
#9995 = ORIENTED_EDGE('',*,*,#9996,.T.);
#9996 = EDGE_CURVE('',#8506,#9918,#9997,.T.);
#9997 = SURFACE_CURVE('',#9998,(#10001,#10008),.PCURVE_S1.);
#9998 = B_SPLINE_CURVE_WITH_KNOTS('',1,(#9999,#10000),.UNSPECIFIED.,.F.,
  .F.,(2,2),(0.,1.),.PIECEWISE_BEZIER_KNOTS.);
#9999 = CARTESIAN_POINT('',(-28.41461362917,-10.4,-20.));
#10000 = CARTESIAN_POINT('',(-19.33042335055,-10.4,9.71304755963));
#10001 = PCURVE('',#8822,#10002);
#10002 = DEFINITIONAL_REPRESENTATION('',(#10003),#10007);
#10003 = LINE('',#10004,#10005);
#10004 = CARTESIAN_POINT('',(6.28318530718,0.));
#10005 = VECTOR('',#10006,1.);
#10006 = DIRECTION('',(0.,1.));
#10007 = ( GEOMETRIC_REPRESENTATION_CONTEXT(2) 
PARAMETRIC_REPRESENTATION_CONTEXT() REPRESENTATION_CONTEXT('2D SPACE',''
  ) );
#10008 = PCURVE('',#8651,#10009);
#10009 = DEFINITIONAL_REPRESENTATION('',(#10010),#10014);
#10010 = LINE('',#10011,#10012);
#10011 = CARTESIAN_POINT('',(0.,0.));
#10012 = VECTOR('',#10013,1.);
#10013 = DIRECTION('',(0.,1.));
#10014 = ( GEOMETRIC_REPRESENTATION_CONTEXT(2) 
PARAMETRIC_REPRESENTATION_CONTEXT() REPRESENTATION_CONTEXT('2D SPACE',''
  ) );
#10015 = ORIENTED_EDGE('',*,*,#9917,.F.);
#10016 = ADVANCED_FACE('',(#10017),#8651,.F.);
#10017 = FACE_BOUND('',#10018,.F.);
#10018 = EDGE_LOOP('',(#10019,#10020,#10021,#10022));
#10019 = ORIENTED_EDGE('',*,*,#9941,.F.);
#10020 = ORIENTED_EDGE('',*,*,#9996,.F.);
#10021 = ORIENTED_EDGE('',*,*,#8505,.F.);
#10022 = ORIENTED_EDGE('',*,*,#10023,.T.);
#10023 = EDGE_CURVE('',#8478,#9942,#10024,.T.);
#10024 = SURFACE_CURVE('',#10025,(#10031,#10040),.PCURVE_S1.);
#10025 = B_SPLINE_CURVE_WITH_KNOTS('',4,(#10026,#10027,#10028,#10029,
    #10030),.UNSPECIFIED.,.F.,.F.,(5,5),(0.,1.),
  .PIECEWISE_BEZIER_KNOTS.);
#10026 = CARTESIAN_POINT('',(-29.21461362917,-8.90333705205,-20.));
#10027 = CARTESIAN_POINT('',(-26.94356605951,-8.90333705205,
    -12.57173811009));
#10028 = CARTESIAN_POINT('',(-24.67251848986,-8.90333705205,
    -5.143476220185));
#10029 = CARTESIAN_POINT('',(-22.4014709202,-8.90333705205,
    2.284785669723));
#10030 = CARTESIAN_POINT('',(-20.13042335055,-8.90333705205,
    9.71304755963));
#10031 = PCURVE('',#8651,#10032);
#10032 = DEFINITIONAL_REPRESENTATION('',(#10033),#10039);
#10033 = B_SPLINE_CURVE_WITH_KNOTS('',4,(#10034,#10035,#10036,#10037,
    #10038),.UNSPECIFIED.,.F.,.F.,(5,5),(0.,1.),
  .PIECEWISE_BEZIER_KNOTS.);
#10034 = CARTESIAN_POINT('',(0.981765346985,0.));
#10035 = CARTESIAN_POINT('',(0.981765346985,0.25));
#10036 = CARTESIAN_POINT('',(0.981765346985,0.5));
#10037 = CARTESIAN_POINT('',(0.981765346985,0.75));
#10038 = CARTESIAN_POINT('',(0.981765346985,1.));
#10039 = ( GEOMETRIC_REPRESENTATION_CONTEXT(2) 
PARAMETRIC_REPRESENTATION_CONTEXT() REPRESENTATION_CONTEXT('2D SPACE',''
  ) );
#10040 = PCURVE('',#8493,#10041);
#10041 = DEFINITIONAL_REPRESENTATION('',(#10042),#10048);
#10042 = B_SPLINE_CURVE_WITH_KNOTS('',4,(#10043,#10044,#10045,#10046,
    #10047),.UNSPECIFIED.,.F.,.F.,(5,5),(0.,1.),
  .PIECEWISE_BEZIER_KNOTS.);
#10043 = CARTESIAN_POINT('',(1.49666294795,-31.07068889321));
#10044 = CARTESIAN_POINT('',(1.49666294795,-23.30301666991));
#10045 = CARTESIAN_POINT('',(1.49666294795,-15.5353444466));
#10046 = CARTESIAN_POINT('',(1.49666294795,-7.767672223304));
#10047 = CARTESIAN_POINT('',(1.49666294795,0.));
#10048 = ( GEOMETRIC_REPRESENTATION_CONTEXT(2) 
PARAMETRIC_REPRESENTATION_CONTEXT() REPRESENTATION_CONTEXT('2D SPACE',''
  ) );
#10049 = ADVANCED_FACE('',(#10050),#8493,.F.);
#10050 = FACE_BOUND('',#10051,.F.);
#10051 = EDGE_LOOP('',(#10052,#10053,#10054,#10055));
#10052 = ORIENTED_EDGE('',*,*,#10023,.F.);
#10053 = ORIENTED_EDGE('',*,*,#8477,.T.);
#10054 = ORIENTED_EDGE('',*,*,#9551,.F.);
#10055 = ORIENTED_EDGE('',*,*,#9965,.F.);
#10056 = ADVANCED_FACE('',(#10057),#7792,.F.);
#10057 = FACE_BOUND('',#10058,.F.);
#10058 = EDGE_LOOP('',(#10059,#10060,#10061,#10062));
#10059 = ORIENTED_EDGE('',*,*,#9114,.F.);
#10060 = ORIENTED_EDGE('',*,*,#9713,.F.);
#10061 = ORIENTED_EDGE('',*,*,#7776,.T.);
#10062 = ORIENTED_EDGE('',*,*,#10063,.T.);
#10063 = EDGE_CURVE('',#7644,#9115,#10064,.T.);
#10064 = SURFACE_CURVE('',#10065,(#10071,#10080),.PCURVE_S1.);
#10065 = B_SPLINE_CURVE_WITH_KNOTS('',4,(#10066,#10067,#10068,#10069,
    #10070),.UNSPECIFIED.,.F.,.F.,(5,5),(0.,1.),
  .PIECEWISE_BEZIER_KNOTS.);
#10066 = CARTESIAN_POINT('',(18.585386370827,-9.125176051639,-20.));
#10067 = CARTESIAN_POINT('',(20.856433940482,-9.125176051639,
    -12.57173811009));
#10068 = CARTESIAN_POINT('',(23.127481510136,-9.125176051639,
    -5.143476220185));
#10069 = CARTESIAN_POINT('',(25.398529079791,-9.125176051639,
    2.284785669723));
#10070 = CARTESIAN_POINT('',(27.669576649446,-9.125176051639,
    9.71304755963));
#10071 = PCURVE('',#7792,#10072);
#10072 = DEFINITIONAL_REPRESENTATION('',(#10073),#10079);
#10073 = B_SPLINE_CURVE_WITH_KNOTS('',4,(#10074,#10075,#10076,#10077,
    #10078),.UNSPECIFIED.,.F.,.F.,(5,5),(0.,1.),
  .PIECEWISE_BEZIER_KNOTS.);
#10074 = CARTESIAN_POINT('',(2.250176051639,-31.07068889321));
#10075 = CARTESIAN_POINT('',(2.250176051639,-23.30301666991));
#10076 = CARTESIAN_POINT('',(2.250176051639,-15.5353444466));
#10077 = CARTESIAN_POINT('',(2.250176051639,-7.767672223304));
#10078 = CARTESIAN_POINT('',(2.250176051639,0.));
#10079 = ( GEOMETRIC_REPRESENTATION_CONTEXT(2) 
PARAMETRIC_REPRESENTATION_CONTEXT() REPRESENTATION_CONTEXT('2D SPACE',''
  ) );
#10080 = PCURVE('',#7713,#10081);
#10081 = DEFINITIONAL_REPRESENTATION('',(#10082),#10088);
#10082 = B_SPLINE_CURVE_WITH_KNOTS('',4,(#10083,#10084,#10085,#10086,
    #10087),.UNSPECIFIED.,.F.,.F.,(5,5),(0.,1.),
  .PIECEWISE_BEZIER_KNOTS.);
#10083 = CARTESIAN_POINT('',(2.202981567508,0.));
#10084 = CARTESIAN_POINT('',(2.202981567508,0.25));
#10085 = CARTESIAN_POINT('',(2.202981567508,0.5));
#10086 = CARTESIAN_POINT('',(2.202981567508,0.75));
#10087 = CARTESIAN_POINT('',(2.202981567508,1.));
#10088 = ( GEOMETRIC_REPRESENTATION_CONTEXT(2) 
PARAMETRIC_REPRESENTATION_CONTEXT() REPRESENTATION_CONTEXT('2D SPACE',''
  ) );
#10089 = ADVANCED_FACE('',(#10090),#7713,.F.);
#10090 = FACE_BOUND('',#10091,.F.);
#10091 = EDGE_LOOP('',(#10092,#10093,#10094,#10114));
#10092 = ORIENTED_EDGE('',*,*,#10063,.F.);
#10093 = ORIENTED_EDGE('',*,*,#7643,.F.);
#10094 = ORIENTED_EDGE('',*,*,#10095,.T.);
#10095 = EDGE_CURVE('',#7289,#9138,#10096,.T.);
#10096 = SURFACE_CURVE('',#10097,(#10100,#10107),.PCURVE_S1.);
#10097 = B_SPLINE_CURVE_WITH_KNOTS('',1,(#10098,#10099),.UNSPECIFIED.,
  .F.,.F.,(2,2),(0.,1.),.PIECEWISE_BEZIER_KNOTS.);
#10098 = CARTESIAN_POINT('',(22.085386370827,-10.9,-20.));
#10099 = CARTESIAN_POINT('',(31.169576649446,-10.9,9.71304755963));
#10100 = PCURVE('',#7713,#10101);
#10101 = DEFINITIONAL_REPRESENTATION('',(#10102),#10106);
#10102 = LINE('',#10103,#10104);
#10103 = CARTESIAN_POINT('',(6.28318530718,0.));
#10104 = VECTOR('',#10105,1.);
#10105 = DIRECTION('',(0.,1.));
#10106 = ( GEOMETRIC_REPRESENTATION_CONTEXT(2) 
PARAMETRIC_REPRESENTATION_CONTEXT() REPRESENTATION_CONTEXT('2D SPACE',''
  ) );
#10107 = PCURVE('',#7506,#10108);
#10108 = DEFINITIONAL_REPRESENTATION('',(#10109),#10113);
#10109 = LINE('',#10110,#10111);
#10110 = CARTESIAN_POINT('',(0.,0.));
#10111 = VECTOR('',#10112,1.);
#10112 = DIRECTION('',(0.,1.));
#10113 = ( GEOMETRIC_REPRESENTATION_CONTEXT(2) 
PARAMETRIC_REPRESENTATION_CONTEXT() REPRESENTATION_CONTEXT('2D SPACE',''
  ) );
#10114 = ORIENTED_EDGE('',*,*,#9137,.F.);
#10115 = ADVANCED_FACE('',(#10116),#7506,.F.);
#10116 = FACE_BOUND('',#10117,.F.);
#10117 = EDGE_LOOP('',(#10118,#10119,#10120,#10121));
#10118 = ORIENTED_EDGE('',*,*,#9161,.F.);
#10119 = ORIENTED_EDGE('',*,*,#10095,.F.);
#10120 = ORIENTED_EDGE('',*,*,#7288,.F.);
#10121 = ORIENTED_EDGE('',*,*,#9280,.T.);
#10122 = ADVANCED_FACE('',(#10123),#8927,.F.);
#10123 = FACE_BOUND('',#10124,.F.);
#10124 = EDGE_LOOP('',(#10125,#10126,#10149,#10177));
#10125 = ORIENTED_EDGE('',*,*,#8909,.T.);
#10126 = ORIENTED_EDGE('',*,*,#10127,.T.);
#10127 = EDGE_CURVE('',#8912,#10128,#10130,.T.);
#10128 = VERTEX_POINT('',#10129);
#10129 = CARTESIAN_POINT('',(22.985323154484,-16.21280291446,1.8));
#10130 = SURFACE_CURVE('',#10131,(#10135,#10142),.PCURVE_S1.);
#10131 = LINE('',#10132,#10133);
#10132 = CARTESIAN_POINT('',(22.985323154484,-16.21280291446,-1.));
#10133 = VECTOR('',#10134,1.);
#10134 = DIRECTION('',(0.,0.,1.));
#10135 = PCURVE('',#8927,#10136);
#10136 = DEFINITIONAL_REPRESENTATION('',(#10137),#10141);
#10137 = LINE('',#10138,#10139);
#10138 = CARTESIAN_POINT('',(0.,0.));
#10139 = VECTOR('',#10140,1.);
#10140 = DIRECTION('',(0.,-1.));
#10141 = ( GEOMETRIC_REPRESENTATION_CONTEXT(2) 
PARAMETRIC_REPRESENTATION_CONTEXT() REPRESENTATION_CONTEXT('2D SPACE',''
  ) );
#10142 = PCURVE('',#9019,#10143);
#10143 = DEFINITIONAL_REPRESENTATION('',(#10144),#10148);
#10144 = LINE('',#10145,#10146);
#10145 = CARTESIAN_POINT('',(3.14159265359,0.));
#10146 = VECTOR('',#10147,1.);
#10147 = DIRECTION('',(0.,-1.));
#10148 = ( GEOMETRIC_REPRESENTATION_CONTEXT(2) 
PARAMETRIC_REPRESENTATION_CONTEXT() REPRESENTATION_CONTEXT('2D SPACE',''
  ) );
#10149 = ORIENTED_EDGE('',*,*,#10150,.T.);
#10150 = EDGE_CURVE('',#10128,#10151,#10153,.T.);
#10151 = VERTEX_POINT('',#10152);
#10152 = CARTESIAN_POINT('',(18.234886774743,-18.32783345846,1.8));
#10153 = SURFACE_CURVE('',#10154,(#10158,#10165),.PCURVE_S1.);
#10154 = LINE('',#10155,#10156);
#10155 = CARTESIAN_POINT('',(22.985323154484,-16.21280291446,1.8));
#10156 = VECTOR('',#10157,1.);
#10157 = DIRECTION('',(-0.913545457643,-0.406736643076,0.));
#10158 = PCURVE('',#8927,#10159);
#10159 = DEFINITIONAL_REPRESENTATION('',(#10160),#10164);
#10160 = LINE('',#10161,#10162);
#10161 = CARTESIAN_POINT('',(0.,-2.8));
#10162 = VECTOR('',#10163,1.);
#10163 = DIRECTION('',(1.,0.));
#10164 = ( GEOMETRIC_REPRESENTATION_CONTEXT(2) 
PARAMETRIC_REPRESENTATION_CONTEXT() REPRESENTATION_CONTEXT('2D SPACE',''
  ) );
#10165 = PCURVE('',#10166,#10171);
#10166 = PLANE('',#10167);
#10167 = AXIS2_PLACEMENT_3D('',#10168,#10169,#10170);
#10168 = CARTESIAN_POINT('',(20.,-15.9,1.8));
#10169 = DIRECTION('',(-0.,-0.,-1.));
#10170 = DIRECTION('',(-1.,0.,0.));
#10171 = DEFINITIONAL_REPRESENTATION('',(#10172),#10176);
#10172 = LINE('',#10173,#10174);
#10173 = CARTESIAN_POINT('',(-2.985323154484,-0.312802914467));
#10174 = VECTOR('',#10175,1.);
#10175 = DIRECTION('',(0.913545457643,-0.406736643076));
#10176 = ( GEOMETRIC_REPRESENTATION_CONTEXT(2) 
PARAMETRIC_REPRESENTATION_CONTEXT() REPRESENTATION_CONTEXT('2D SPACE',''
  ) );
#10177 = ORIENTED_EDGE('',*,*,#10178,.F.);
#10178 = EDGE_CURVE('',#8910,#10151,#10179,.T.);
#10179 = SURFACE_CURVE('',#10180,(#10184,#10191),.PCURVE_S1.);
#10180 = LINE('',#10181,#10182);
#10181 = CARTESIAN_POINT('',(18.234886774743,-18.32783345846,-1.));
#10182 = VECTOR('',#10183,1.);
#10183 = DIRECTION('',(0.,0.,1.));
#10184 = PCURVE('',#8927,#10185);
#10185 = DEFINITIONAL_REPRESENTATION('',(#10186),#10190);
#10186 = LINE('',#10187,#10188);
#10187 = CARTESIAN_POINT('',(5.2,0.));
#10188 = VECTOR('',#10189,1.);
#10189 = DIRECTION('',(0.,-1.));
#10190 = ( GEOMETRIC_REPRESENTATION_CONTEXT(2) 
PARAMETRIC_REPRESENTATION_CONTEXT() REPRESENTATION_CONTEXT('2D SPACE',''
  ) );
#10191 = PCURVE('',#8960,#10192);
#10192 = DEFINITIONAL_REPRESENTATION('',(#10193),#10197);
#10193 = LINE('',#10194,#10195);
#10194 = CARTESIAN_POINT('',(0.,0.));
#10195 = VECTOR('',#10196,1.);
#10196 = DIRECTION('',(0.,-1.));
#10197 = ( GEOMETRIC_REPRESENTATION_CONTEXT(2) 
PARAMETRIC_REPRESENTATION_CONTEXT() REPRESENTATION_CONTEXT('2D SPACE',''
  ) );
#10198 = ADVANCED_FACE('',(#10199),#9019,.F.);
#10199 = FACE_BOUND('',#10200,.F.);
#10200 = EDGE_LOOP('',(#10201,#10202,#10225,#10247));
#10201 = ORIENTED_EDGE('',*,*,#9000,.F.);
#10202 = ORIENTED_EDGE('',*,*,#10203,.T.);
#10203 = EDGE_CURVE('',#8973,#10204,#10206,.T.);
#10204 = VERTEX_POINT('',#10205);
#10205 = CARTESIAN_POINT('',(21.765113225257,-13.47216654153,1.8));
#10206 = SURFACE_CURVE('',#10207,(#10211,#10218),.PCURVE_S1.);
#10207 = LINE('',#10208,#10209);
#10208 = CARTESIAN_POINT('',(21.765113225257,-13.47216654153,-1.));
#10209 = VECTOR('',#10210,1.);
#10210 = DIRECTION('',(0.,0.,1.));
#10211 = PCURVE('',#9019,#10212);
#10212 = DEFINITIONAL_REPRESENTATION('',(#10213),#10217);
#10213 = LINE('',#10214,#10215);
#10214 = CARTESIAN_POINT('',(0.,0.));
#10215 = VECTOR('',#10216,1.);
#10216 = DIRECTION('',(0.,-1.));
#10217 = ( GEOMETRIC_REPRESENTATION_CONTEXT(2) 
PARAMETRIC_REPRESENTATION_CONTEXT() REPRESENTATION_CONTEXT('2D SPACE',''
  ) );
#10218 = PCURVE('',#8988,#10219);
#10219 = DEFINITIONAL_REPRESENTATION('',(#10220),#10224);
#10220 = LINE('',#10221,#10222);
#10221 = CARTESIAN_POINT('',(5.2,0.));
#10222 = VECTOR('',#10223,1.);
#10223 = DIRECTION('',(0.,-1.));
#10224 = ( GEOMETRIC_REPRESENTATION_CONTEXT(2) 
PARAMETRIC_REPRESENTATION_CONTEXT() REPRESENTATION_CONTEXT('2D SPACE',''
  ) );
#10225 = ORIENTED_EDGE('',*,*,#10226,.T.);
#10226 = EDGE_CURVE('',#10204,#10128,#10227,.T.);
#10227 = SURFACE_CURVE('',#10228,(#10233,#10240),.PCURVE_S1.);
#10228 = CIRCLE('',#10229,1.5);
#10229 = AXIS2_PLACEMENT_3D('',#10230,#10231,#10232);
#10230 = CARTESIAN_POINT('',(22.375218189871,-14.842484728,1.8));
#10231 = DIRECTION('',(0.,0.,-1.));
#10232 = DIRECTION('',(-0.406736643076,0.913545457643,0.));
#10233 = PCURVE('',#9019,#10234);
#10234 = DEFINITIONAL_REPRESENTATION('',(#10235),#10239);
#10235 = LINE('',#10236,#10237);
#10236 = CARTESIAN_POINT('',(0.,-2.8));
#10237 = VECTOR('',#10238,1.);
#10238 = DIRECTION('',(1.,0.));
#10239 = ( GEOMETRIC_REPRESENTATION_CONTEXT(2) 
PARAMETRIC_REPRESENTATION_CONTEXT() REPRESENTATION_CONTEXT('2D SPACE',''
  ) );
#10240 = PCURVE('',#10166,#10241);
#10241 = DEFINITIONAL_REPRESENTATION('',(#10242),#10246);
#10242 = CIRCLE('',#10243,1.5);
#10243 = AXIS2_PLACEMENT_2D('',#10244,#10245);
#10244 = CARTESIAN_POINT('',(-2.375218189871,1.057515271997));
#10245 = DIRECTION('',(0.406736643076,0.913545457643));
#10246 = ( GEOMETRIC_REPRESENTATION_CONTEXT(2) 
PARAMETRIC_REPRESENTATION_CONTEXT() REPRESENTATION_CONTEXT('2D SPACE',''
  ) );
#10247 = ORIENTED_EDGE('',*,*,#10127,.F.);
#10248 = ADVANCED_FACE('',(#10249),#8988,.F.);
#10249 = FACE_BOUND('',#10250,.F.);
#10250 = EDGE_LOOP('',(#10251,#10252,#10275,#10296));
#10251 = ORIENTED_EDGE('',*,*,#8972,.T.);
#10252 = ORIENTED_EDGE('',*,*,#10253,.T.);
#10253 = EDGE_CURVE('',#8940,#10254,#10256,.T.);
#10254 = VERTEX_POINT('',#10255);
#10255 = CARTESIAN_POINT('',(17.014676845516,-15.58719708553,1.8));
#10256 = SURFACE_CURVE('',#10257,(#10261,#10268),.PCURVE_S1.);
#10257 = LINE('',#10258,#10259);
#10258 = CARTESIAN_POINT('',(17.014676845516,-15.58719708553,-1.));
#10259 = VECTOR('',#10260,1.);
#10260 = DIRECTION('',(0.,0.,1.));
#10261 = PCURVE('',#8988,#10262);
#10262 = DEFINITIONAL_REPRESENTATION('',(#10263),#10267);
#10263 = LINE('',#10264,#10265);
#10264 = CARTESIAN_POINT('',(0.,0.));
#10265 = VECTOR('',#10266,1.);
#10266 = DIRECTION('',(0.,-1.));
#10267 = ( GEOMETRIC_REPRESENTATION_CONTEXT(2) 
PARAMETRIC_REPRESENTATION_CONTEXT() REPRESENTATION_CONTEXT('2D SPACE',''
  ) );
#10268 = PCURVE('',#8960,#10269);
#10269 = DEFINITIONAL_REPRESENTATION('',(#10270),#10274);
#10270 = LINE('',#10271,#10272);
#10271 = CARTESIAN_POINT('',(3.14159265359,0.));
#10272 = VECTOR('',#10273,1.);
#10273 = DIRECTION('',(0.,-1.));
#10274 = ( GEOMETRIC_REPRESENTATION_CONTEXT(2) 
PARAMETRIC_REPRESENTATION_CONTEXT() REPRESENTATION_CONTEXT('2D SPACE',''
  ) );
#10275 = ORIENTED_EDGE('',*,*,#10276,.T.);
#10276 = EDGE_CURVE('',#10254,#10204,#10277,.T.);
#10277 = SURFACE_CURVE('',#10278,(#10282,#10289),.PCURVE_S1.);
#10278 = LINE('',#10279,#10280);
#10279 = CARTESIAN_POINT('',(17.014676845516,-15.58719708553,1.8));
#10280 = VECTOR('',#10281,1.);
#10281 = DIRECTION('',(0.913545457643,0.406736643076,0.));
#10282 = PCURVE('',#8988,#10283);
#10283 = DEFINITIONAL_REPRESENTATION('',(#10284),#10288);
#10284 = LINE('',#10285,#10286);
#10285 = CARTESIAN_POINT('',(0.,-2.8));
#10286 = VECTOR('',#10287,1.);
#10287 = DIRECTION('',(1.,0.));
#10288 = ( GEOMETRIC_REPRESENTATION_CONTEXT(2) 
PARAMETRIC_REPRESENTATION_CONTEXT() REPRESENTATION_CONTEXT('2D SPACE',''
  ) );
#10289 = PCURVE('',#10166,#10290);
#10290 = DEFINITIONAL_REPRESENTATION('',(#10291),#10295);
#10291 = LINE('',#10292,#10293);
#10292 = CARTESIAN_POINT('',(2.985323154484,0.312802914467));
#10293 = VECTOR('',#10294,1.);
#10294 = DIRECTION('',(-0.913545457643,0.406736643076));
#10295 = ( GEOMETRIC_REPRESENTATION_CONTEXT(2) 
PARAMETRIC_REPRESENTATION_CONTEXT() REPRESENTATION_CONTEXT('2D SPACE',''
  ) );
#10296 = ORIENTED_EDGE('',*,*,#10203,.F.);
#10297 = ADVANCED_FACE('',(#10298),#8960,.F.);
#10298 = FACE_BOUND('',#10299,.F.);
#10299 = EDGE_LOOP('',(#10300,#10301,#10302,#10324));
#10300 = ORIENTED_EDGE('',*,*,#8939,.F.);
#10301 = ORIENTED_EDGE('',*,*,#10178,.T.);
#10302 = ORIENTED_EDGE('',*,*,#10303,.T.);
#10303 = EDGE_CURVE('',#10151,#10254,#10304,.T.);
#10304 = SURFACE_CURVE('',#10305,(#10310,#10317),.PCURVE_S1.);
#10305 = CIRCLE('',#10306,1.5);
#10306 = AXIS2_PLACEMENT_3D('',#10307,#10308,#10309);
#10307 = CARTESIAN_POINT('',(17.624781810129,-16.95751527199,1.8));
#10308 = DIRECTION('',(0.,-0.,-1.));
#10309 = DIRECTION('',(0.406736643076,-0.913545457643,0.));
#10310 = PCURVE('',#8960,#10311);
#10311 = DEFINITIONAL_REPRESENTATION('',(#10312),#10316);
#10312 = LINE('',#10313,#10314);
#10313 = CARTESIAN_POINT('',(0.,-2.8));
#10314 = VECTOR('',#10315,1.);
#10315 = DIRECTION('',(1.,0.));
#10316 = ( GEOMETRIC_REPRESENTATION_CONTEXT(2) 
PARAMETRIC_REPRESENTATION_CONTEXT() REPRESENTATION_CONTEXT('2D SPACE',''
  ) );
#10317 = PCURVE('',#10166,#10318);
#10318 = DEFINITIONAL_REPRESENTATION('',(#10319),#10323);
#10319 = CIRCLE('',#10320,1.5);
#10320 = AXIS2_PLACEMENT_2D('',#10321,#10322);
#10321 = CARTESIAN_POINT('',(2.375218189871,-1.057515271997));
#10322 = DIRECTION('',(-0.406736643076,-0.913545457643));
#10323 = ( GEOMETRIC_REPRESENTATION_CONTEXT(2) 
PARAMETRIC_REPRESENTATION_CONTEXT() REPRESENTATION_CONTEXT('2D SPACE',''
  ) );
#10324 = ORIENTED_EDGE('',*,*,#10253,.F.);
#10325 = ADVANCED_FACE('',(#10326),#9844,.T.);
#10326 = FACE_BOUND('',#10327,.T.);
#10327 = EDGE_LOOP('',(#10328));
#10328 = ORIENTED_EDGE('',*,*,#9829,.T.);
#10329 = ADVANCED_FACE('',(#10330),#10166,.T.);
#10330 = FACE_BOUND('',#10331,.T.);
#10331 = EDGE_LOOP('',(#10332,#10333,#10334,#10335));
#10332 = ORIENTED_EDGE('',*,*,#10150,.T.);
#10333 = ORIENTED_EDGE('',*,*,#10303,.T.);
#10334 = ORIENTED_EDGE('',*,*,#10276,.T.);
#10335 = ORIENTED_EDGE('',*,*,#10226,.T.);
#10336 = ( GEOMETRIC_REPRESENTATION_CONTEXT(3) 
GLOBAL_UNCERTAINTY_ASSIGNED_CONTEXT((#10340)) 
GLOBAL_UNIT_ASSIGNED_CONTEXT((#10337,#10338,#10339)) 
REPRESENTATION_CONTEXT('Context #1',
  '3D Context with UNIT and UNCERTAINTY') );
#10337 = ( LENGTH_UNIT() NAMED_UNIT(*) SI_UNIT(.MILLI.,.METRE.) );
#10338 = ( NAMED_UNIT(*) PLANE_ANGLE_UNIT() SI_UNIT($,.RADIAN.) );
#10339 = ( NAMED_UNIT(*) SI_UNIT($,.STERADIAN.) SOLID_ANGLE_UNIT() );
#10340 = UNCERTAINTY_MEASURE_WITH_UNIT(LENGTH_MEASURE(2.E-06),#10337,
  'distance_accuracy_value','confusion accuracy');
#10341 = CONTEXT_DEPENDENT_SHAPE_REPRESENTATION(#10342,#10344);
#10342 = ( REPRESENTATION_RELATIONSHIP('','',#4825,#10) 
REPRESENTATION_RELATIONSHIP_WITH_TRANSFORMATION(#10343) 
SHAPE_REPRESENTATION_RELATIONSHIP() );
#10343 = ITEM_DEFINED_TRANSFORMATION('','',#11,#19);
#10344 = PRODUCT_DEFINITION_SHAPE('Placement','Placement of an item',
  #10345);
#10345 = NEXT_ASSEMBLY_USAGE_OCCURRENCE('4','','',#5,#4820,$);
#10346 = PRODUCT_RELATED_PRODUCT_CATEGORY('part',$,(#4822));
ENDSEC;
END-ISO-10303-21;
