ISO-10303-21;
HEADER;
FILE_DESCRIPTION(('Open CASCADE Model'),'2;1');
FILE_NAME('Open CASCADE Shape Model','2026-09-28T12:09:38',('Author'),(
    'Open CASCADE'),'Open CASCADE STEP processor 7.9','Open CASCADE 7.9'
  ,'Unknown');
FILE_SCHEMA(('AUTOMOTIVE_DESIGN { 1 0 10303 214 1 1 1 1 }'));
ENDSEC;
DATA;
#1 = APPLICATION_PROTOCOL_DEFINITION('international standard',
  'automotive_design',2000,#2);
#2 = APPLICATION_CONTEXT(
  'core data for automotive mechanical design processes');
#3 = SHAPE_DEFINITION_REPRESENTATION(#4,#10);
#4 = PRODUCT_DEFINITION_SHAPE('','',#5);
#5 = PRODUCT_DEFINITION('design','',#6,#9);
#6 = PRODUCT_DEFINITION_FORMATION('','',#7);
#7 = PRODUCT('Open CASCADE STEP translator 7.9 4',
  'Open CASCADE STEP translator 7.9 4','',(#8));
#8 = PRODUCT_CONTEXT('',#2,'mechanical');
#9 = PRODUCT_DEFINITION_CONTEXT('part definition',#2,'design');
#10 = SHAPE_REPRESENTATION('',(#11,#15,#19),#23);
#11 = AXIS2_PLACEMENT_3D('',#12,#13,#14);
#12 = CARTESIAN_POINT('',(0.,0.,0.));
#13 = DIRECTION('',(0.,0.,1.));
#14 = DIRECTION('',(1.,0.,-0.));
#15 = AXIS2_PLACEMENT_3D('',#16,#17,#18);
#16 = CARTESIAN_POINT('',(0.,0.,0.));
#17 = DIRECTION('',(0.,0.,1.));
#18 = DIRECTION('',(1.,0.,-0.));
#19 = AXIS2_PLACEMENT_3D('',#20,#21,#22);
#20 = CARTESIAN_POINT('',(0.,0.,0.));
#21 = DIRECTION('',(0.,0.,1.));
#22 = DIRECTION('',(1.,0.,-0.));
#23 = ( GEOMETRIC_REPRESENTATION_CONTEXT(3) 
GLOBAL_UNCERTAINTY_ASSIGNED_CONTEXT((#27)) GLOBAL_UNIT_ASSIGNED_CONTEXT(
(#24,#25,#26)) REPRESENTATION_CONTEXT('Context #1',
  '3D Context with UNIT and UNCERTAINTY') );
#24 = ( LENGTH_UNIT() NAMED_UNIT(*) SI_UNIT(.MILLI.,.METRE.) );
#25 = ( NAMED_UNIT(*) PLANE_ANGLE_UNIT() SI_UNIT($,.RADIAN.) );
#26 = ( NAMED_UNIT(*) SI_UNIT($,.STERADIAN.) SOLID_ANGLE_UNIT() );
#27 = UNCERTAINTY_MEASURE_WITH_UNIT(LENGTH_MEASURE(2.E-06),#24,
  'distance_accuracy_value','confusion accuracy');
#28 = PRODUCT_RELATED_PRODUCT_CATEGORY('part',$,(#7));
#29 = SHAPE_DEFINITION_REPRESENTATION(#30,#36);
#30 = PRODUCT_DEFINITION_SHAPE('','',#31);
#31 = PRODUCT_DEFINITION('design','',#32,#35);
#32 = PRODUCT_DEFINITION_FORMATION('','',#33);
#33 = PRODUCT('Open CASCADE STEP translator 7.9 4.1',
  'Open CASCADE STEP translator 7.9 4.1','',(#34));
#34 = PRODUCT_CONTEXT('',#2,'mechanical');
#35 = PRODUCT_DEFINITION_CONTEXT('part definition',#2,'design');
#36 = ADVANCED_BREP_SHAPE_REPRESENTATION('',(#11,#37),#2237);
#37 = MANIFOLD_SOLID_BREP('',#38);
#38 = CLOSED_SHELL('',(#39,#329,#447,#1129,#1190,#1903,#1928,#1961,#1968
    ,#2023,#2099,#2149,#2198,#2226,#2230));
#39 = ADVANCED_FACE('',(#40),#56,.F.);
#40 = FACE_BOUND('',#41,.F.);
#41 = EDGE_LOOP('',(#42,#137,#217,#251));
#42 = ORIENTED_EDGE('',*,*,#43,.F.);
#43 = EDGE_CURVE('',#44,#46,#48,.T.);
#44 = VERTEX_POINT('',#45);
#45 = CARTESIAN_POINT('',(-27.98564361377,3.125,0.));
#46 = VERTEX_POINT('',#47);
#47 = CARTESIAN_POINT('',(-26.83866207073,3.125,4.));
#48 = SURFACE_CURVE('',#49,(#55,#123),.PCURVE_S1.);
#49 = B_SPLINE_CURVE_WITH_KNOTS('',4,(#50,#51,#52,#53,#54),
  .UNSPECIFIED.,.F.,.F.,(5,5),(0.,1.),.PIECEWISE_BEZIER_KNOTS.);
#50 = CARTESIAN_POINT('',(-27.98564361377,3.125,0.));
#51 = CARTESIAN_POINT('',(-27.69889822801,3.125,1.));
#52 = CARTESIAN_POINT('',(-27.41215284225,3.125,2.));
#53 = CARTESIAN_POINT('',(-27.12540745649,3.125,3.));
#54 = CARTESIAN_POINT('',(-26.83866207073,3.125,4.));
#55 = PCURVE('',#56,#115);
#56 = B_SPLINE_SURFACE_WITH_KNOTS('',3,1,(
    (#57,#58)
    ,(#59,#60)
    ,(#61,#62)
    ,(#63,#64)
    ,(#65,#66)
    ,(#67,#68)
    ,(#69,#70)
    ,(#71,#72)
    ,(#73,#74)
    ,(#75,#76)
    ,(#77,#78)
    ,(#79,#80)
    ,(#81,#82)
    ,(#83,#84)
    ,(#85,#86)
    ,(#87,#88)
    ,(#89,#90)
    ,(#91,#92)
    ,(#93,#94)
    ,(#95,#96)
    ,(#97,#98)
    ,(#99,#100)
    ,(#101,#102)
    ,(#103,#104)
    ,(#105,#106)
    ,(#107,#108)
    ,(#109,#110)
    ,(#111,#112)
    ,(#113,#114
    )),.UNSPECIFIED.,.T.,.F.,.F.,(1,1,2,1,1,1,1,1,1,1,1,1,1,1,1,1,1,1,1,
    1,1,1,1,1,1,1,1,1,2,1,1),(2,2),(-11.12863082616,-5.192301994299,0.,
    5.192301994299,11.128630826161,17.776938881599,24.45001912988,
    31.413495273302,37.423694937206,45.431347527073,54.799378269977,
    61.156264300103,65.497922969321,69.325454811122,73.816557125699,
    78.820555526978,83.824553928257,88.315656242834,92.143188084635,
    96.484846753853,102.84173278397,112.20976352688,120.21741611674,
    126.22761578065,133.19109192407,139.86417217235,146.51248022779,
    152.44880905965,157.64111105395,162.83341304825,168.76974188011),(0.
    ,1.),.UNSPECIFIED.);
#57 = CARTESIAN_POINT('',(-28.19467798052,1.242076884596,0.));
#58 = CARTESIAN_POINT('',(-27.04769643748,1.242076884596,4.));
#59 = CARTESIAN_POINT('',(-27.80532201947,4.757923115404,0.));
#60 = CARTESIAN_POINT('',(-26.65834047644,4.757923115404,4.));
#61 = CARTESIAN_POINT('',(-26.75646873277,8.336215308645,0.));
#62 = CARTESIAN_POINT('',(-25.60948718974,8.336215308645,4.));
#63 = CARTESIAN_POINT('',(-23.41828871055,13.340548207808,0.));
#64 = CARTESIAN_POINT('',(-22.27130716752,13.340548207808,4.));
#65 = CARTESIAN_POINT('',(-18.75681809731,17.798094545236,0.));
#66 = CARTESIAN_POINT('',(-17.60983655427,17.798094545236,4.));
#67 = CARTESIAN_POINT('',(-12.85133167509,21.317370819243,0.));
#68 = CARTESIAN_POINT('',(-11.70435013205,21.317370819243,4.));
#69 = CARTESIAN_POINT('',(-6.314132526844,22.517954476765,0.));
#70 = CARTESIAN_POINT('',(-5.167150983808,22.517954476765,4.));
#71 = CARTESIAN_POINT('',(0.64996341515,22.81092651448,0.));
#72 = CARTESIAN_POINT('',(1.796944958185,22.81092651448,4.));
#73 = CARTESIAN_POINT('',(8.530413832458,22.837673001601,0.));
#74 = CARTESIAN_POINT('',(9.677395375493,22.837673001601,4.));
#75 = CARTESIAN_POINT('',(16.064653825025,20.060161584088,0.));
#76 = CARTESIAN_POINT('',(17.21163536806,20.060161584088,4.));
#77 = CARTESIAN_POINT('',(22.361060251736,18.043362644683,0.));
#78 = CARTESIAN_POINT('',(23.508041794771,18.043362644683,4.));
#79 = CARTESIAN_POINT('',(26.944413011804,16.041845739911,0.));
#80 = CARTESIAN_POINT('',(28.091394554839,16.041845739911,4.));
#81 = CARTESIAN_POINT('',(29.256656930442,12.261815380072,0.));
#82 = CARTESIAN_POINT('',(30.403638473477,12.261815380072,4.));
#83 = CARTESIAN_POINT('',(29.908601413114,7.830585886073,0.));
#84 = CARTESIAN_POINT('',(31.055582956149,7.830585886073,4.));
#85 = CARTESIAN_POINT('',(30.048167847629,3.,0.));
#86 = CARTESIAN_POINT('',(31.195149390664,3.,4.));
#87 = CARTESIAN_POINT('',(29.908601340434,-1.830585886073,0.));
#88 = CARTESIAN_POINT('',(31.055582883469,-1.830585886073,4.));
#89 = CARTESIAN_POINT('',(29.25665717114,-6.261815380072,0.));
#90 = CARTESIAN_POINT('',(30.403638714175,-6.261815380072,4.));
#91 = CARTESIAN_POINT('',(26.944412212012,-10.04184573991,0.));
#92 = CARTESIAN_POINT('',(28.091393755047,-10.04184573991,4.));
#93 = CARTESIAN_POINT('',(22.361064394243,-12.04336264468,0.));
#94 = CARTESIAN_POINT('',(23.508045937278,-12.04336264468,4.));
#95 = CARTESIAN_POINT('',(16.064625424713,-14.06016158408,0.));
#96 = CARTESIAN_POINT('',(17.211606967749,-14.06016158408,4.));
#97 = CARTESIAN_POINT('',(8.5305641273,-16.8376730016,0.));
#98 = CARTESIAN_POINT('',(9.677545670335,-16.8376730016,4.));
#99 = CARTESIAN_POINT('',(0.649546473588,-16.81092651448,0.));
#100 = CARTESIAN_POINT('',(1.796528016623,-16.81092651448,4.));
#101 = CARTESIAN_POINT('',(-6.312923755102,-16.51795447676,0.));
#102 = CARTESIAN_POINT('',(-5.165942212067,-16.51795447676,4.));
#103 = CARTESIAN_POINT('',(-12.85660883347,-15.31737081924,0.));
#104 = CARTESIAN_POINT('',(-11.70962729044,-15.31737081924,4.));
#105 = CARTESIAN_POINT('',(-18.73814091818,-11.79809454523,0.));
#106 = CARTESIAN_POINT('',(-17.59115937514,-11.79809454523,4.));
#107 = CARTESIAN_POINT('',(-23.48463883032,-7.340548207808,0.));
#108 = CARTESIAN_POINT('',(-22.33765728728,-7.340548207808,4.));
#109 = CARTESIAN_POINT('',(-26.54956905411,-2.336215308645,0.));
#110 = CARTESIAN_POINT('',(-25.40258751107,-2.336215308645,4.));
#111 = CARTESIAN_POINT('',(-28.19467798052,1.242076884596,0.));
#112 = CARTESIAN_POINT('',(-27.04769643748,1.242076884596,4.));
#113 = CARTESIAN_POINT('',(-27.80532201947,4.757923115404,0.));
#114 = CARTESIAN_POINT('',(-26.65834047644,4.757923115404,4.));
#115 = DEFINITIONAL_REPRESENTATION('',(#116),#122);
#116 = B_SPLINE_CURVE_WITH_KNOTS('',4,(#117,#118,#119,#120,#121),
  .UNSPECIFIED.,.F.,.F.,(5,5),(0.,1.),.PIECEWISE_BEZIER_KNOTS.);
#117 = CARTESIAN_POINT('',(0.123216183917,0.));
#118 = CARTESIAN_POINT('',(0.123216183917,0.25));
#119 = CARTESIAN_POINT('',(0.123216183917,0.5));
#120 = CARTESIAN_POINT('',(0.123216183917,0.75));
#121 = CARTESIAN_POINT('',(0.123216183917,1.));
#122 = ( GEOMETRIC_REPRESENTATION_CONTEXT(2) 
PARAMETRIC_REPRESENTATION_CONTEXT() REPRESENTATION_CONTEXT('2D SPACE',''
  ) );
#123 = PCURVE('',#124,#129);
#124 = PLANE('',#125);
#125 = AXIS2_PLACEMENT_3D('',#126,#127,#128);
#126 = CARTESIAN_POINT('',(-100.,3.125,-100.));
#127 = DIRECTION('',(0.,1.,0.));
#128 = DIRECTION('',(0.,0.,1.));
#129 = DEFINITIONAL_REPRESENTATION('',(#130),#136);
#130 = B_SPLINE_CURVE_WITH_KNOTS('',4,(#131,#132,#133,#134,#135),
  .UNSPECIFIED.,.F.,.F.,(5,5),(0.,1.),.PIECEWISE_BEZIER_KNOTS.);
#131 = CARTESIAN_POINT('',(100.,72.014356386228));
#132 = CARTESIAN_POINT('',(101.,72.301101771987));
#133 = CARTESIAN_POINT('',(102.,72.587847157746));
#134 = CARTESIAN_POINT('',(103.,72.874592543505));
#135 = CARTESIAN_POINT('',(104.,73.161337929264));
#136 = ( GEOMETRIC_REPRESENTATION_CONTEXT(2) 
PARAMETRIC_REPRESENTATION_CONTEXT() REPRESENTATION_CONTEXT('2D SPACE',''
  ) );
#137 = ORIENTED_EDGE('',*,*,#138,.T.);
#138 = EDGE_CURVE('',#44,#139,#141,.T.);
#139 = VERTEX_POINT('',#140);
#140 = CARTESIAN_POINT('',(29.999908872711,3.125,0.));
#141 = SURFACE_CURVE('',#142,(#172,#179),.PCURVE_S1.);
#142 = B_SPLINE_CURVE_WITH_KNOTS('',3,(#143,#144,#145,#146,#147,#148,
    #149,#150,#151,#152,#153,#154,#155,#156,#157,#158,#159,#160,#161,
    #162,#163,#164,#165,#166,#167,#168,#169,#170,#171),.UNSPECIFIED.,.T.
  ,.F.,(1,1,2,1,1,1,1,1,1,1,1,1,1,1,1,1,1,1,1,1,1,1,1,1,1,1,1,1,2,1,1),(
    -11.12863082616,-5.192301994299,0.,5.192301994299,11.128630826161,
    17.776938881599,24.45001912988,31.413495273302,37.423694937206,
    45.431347527073,54.799378269977,61.156264300103,65.497922969321,
    69.325454811122,73.816557125699,78.820555526978,83.824553928257,
    88.315656242834,92.143188084635,96.484846753853,102.84173278397,
    112.20976352688,120.21741611674,126.22761578065,133.19109192407,
    139.86417217235,146.51248022779,152.44880905965,157.64111105395,
    162.83341304825,168.76974188011),.UNSPECIFIED.);
#143 = CARTESIAN_POINT('',(-28.19467798052,1.242076884596,0.));
#144 = CARTESIAN_POINT('',(-27.80532201947,4.757923115404,0.));
#145 = CARTESIAN_POINT('',(-26.75646873277,8.336215308645,0.));
#146 = CARTESIAN_POINT('',(-23.41828871055,13.340548207808,0.));
#147 = CARTESIAN_POINT('',(-18.75681809731,17.798094545236,0.));
#148 = CARTESIAN_POINT('',(-12.85133167509,21.317370819243,0.));
#149 = CARTESIAN_POINT('',(-6.314132526844,22.517954476765,0.));
#150 = CARTESIAN_POINT('',(0.64996341515,22.81092651448,0.));
#151 = CARTESIAN_POINT('',(8.530413832458,22.837673001601,0.));
#152 = CARTESIAN_POINT('',(16.064653825025,20.060161584088,0.));
#153 = CARTESIAN_POINT('',(22.361060251736,18.043362644683,0.));
#154 = CARTESIAN_POINT('',(26.944413011804,16.041845739911,0.));
#155 = CARTESIAN_POINT('',(29.256656930442,12.261815380072,0.));
#156 = CARTESIAN_POINT('',(29.908601413114,7.830585886073,0.));
#157 = CARTESIAN_POINT('',(30.048167847629,3.,0.));
#158 = CARTESIAN_POINT('',(29.908601340434,-1.830585886073,0.));
#159 = CARTESIAN_POINT('',(29.25665717114,-6.261815380072,0.));
#160 = CARTESIAN_POINT('',(26.944412212012,-10.04184573991,0.));
#161 = CARTESIAN_POINT('',(22.361064394243,-12.04336264468,0.));
#162 = CARTESIAN_POINT('',(16.064625424713,-14.06016158408,0.));
#163 = CARTESIAN_POINT('',(8.5305641273,-16.8376730016,0.));
#164 = CARTESIAN_POINT('',(0.649546473588,-16.81092651448,0.));
#165 = CARTESIAN_POINT('',(-6.312923755102,-16.51795447676,0.));
#166 = CARTESIAN_POINT('',(-12.85660883347,-15.31737081924,0.));
#167 = CARTESIAN_POINT('',(-18.73814091818,-11.79809454523,0.));
#168 = CARTESIAN_POINT('',(-23.48463883032,-7.340548207808,0.));
#169 = CARTESIAN_POINT('',(-26.54956905411,-2.336215308645,0.));
#170 = CARTESIAN_POINT('',(-28.19467798052,1.242076884596,0.));
#171 = CARTESIAN_POINT('',(-27.80532201947,4.757923115404,0.));
#172 = PCURVE('',#56,#173);
#173 = DEFINITIONAL_REPRESENTATION('',(#174),#178);
#174 = LINE('',#175,#176);
#175 = CARTESIAN_POINT('',(0.,0.));
#176 = VECTOR('',#177,1.);
#177 = DIRECTION('',(1.,0.));
#178 = ( GEOMETRIC_REPRESENTATION_CONTEXT(2) 
PARAMETRIC_REPRESENTATION_CONTEXT() REPRESENTATION_CONTEXT('2D SPACE',''
  ) );
#179 = PCURVE('',#180,#185);
#180 = PLANE('',#181);
#181 = AXIS2_PLACEMENT_3D('',#182,#183,#184);
#182 = CARTESIAN_POINT('',(-28.,3.,0.));
#183 = DIRECTION('',(-0.,0.,1.));
#184 = DIRECTION('',(0.994533904972,-0.104414136312,0.));
#185 = DEFINITIONAL_REPRESENTATION('',(#186),#216);
#186 = B_SPLINE_CURVE_WITH_KNOTS('',3,(#187,#188,#189,#190,#191,#192,
    #193,#194,#195,#196,#197,#198,#199,#200,#201,#202,#203,#204,#205,
    #206,#207,#208,#209,#210,#211,#212,#213,#214,#215),.UNSPECIFIED.,.F.
  ,.F.,(1,1,2,1,1,1,1,1,1,1,1,1,1,1,1,1,1,1,1,1,1,1,1,1,1,1,1,1,2,1,1),(
    -11.12863082616,-5.192301994299,0.,5.192301994299,11.128630826161,
    17.776938881599,24.45001912988,31.413495273302,37.423694937206,
    45.431347527073,54.799378269977,61.156264300103,65.497922969321,
    69.325454811122,73.816557125699,78.820555526978,83.824553928257,
    88.315656242834,92.143188084635,96.484846753853,102.84173278397,
    112.20976352688,120.21741611674,126.22761578065,133.19109192407,
    139.86417217235,146.51248022779,152.44880905965,157.64111105395,
    162.83341304825,168.76974188011),.UNSPECIFIED.);
#187 = CARTESIAN_POINT('',(-1.006182838394E-02,-1.768641273798));
#188 = CARTESIAN_POINT('',(1.006182838394E-02,1.768641273798));
#189 = CARTESIAN_POINT('',(0.679557694519,5.43688929192));
#190 = CARTESIAN_POINT('',(3.476967810037,10.762421215776));
#191 = CARTESIAN_POINT('',(7.647527531043,15.682325609354));
#192 = CARTESIAN_POINT('',(13.153271810702,19.798981449094));
#193 = CARTESIAN_POINT('',(19.529380101516,21.675578605216));
#194 = CARTESIAN_POINT('',(26.424819211023,22.694099292906));
#195 = CARTESIAN_POINT('',(34.259401626133,23.543530005257));
#196 = CARTESIAN_POINT('',(42.04247020269,21.567881890683));
#197 = CARTESIAN_POINT('',(48.515042192908,20.219540804845));
#198 = CARTESIAN_POINT('',(53.282328570166,18.70753120153));
#199 = CARTESIAN_POINT('',(55.976622149071,15.189593798554));
#200 = CARTESIAN_POINT('',(57.087686041662,10.850658046142));
#201 = CARTESIAN_POINT('',(57.730871045956,6.061049310282));
#202 = CARTESIAN_POINT('',(58.096448875726,1.242295149398));
#203 = CARTESIAN_POINT('',(57.910751295629,-3.232785010455));
#204 = CARTESIAN_POINT('',(56.00583389243,-7.233584425486));
#205 = CARTESIAN_POINT('',(51.656525748306,-9.702727152463));
#206 = CARTESIAN_POINT('',(45.605086031896,-12.36593931405));
#207 = CARTESIAN_POINT('',(38.402218085238,-15.9149310935));
#208 = CARTESIAN_POINT('',(30.561486111589,-16.71122045679));
#209 = CARTESIAN_POINT('',(23.606482984519,-17.1468301476));
#210 = CARTESIAN_POINT('',(16.973208404945,-16.63606222019));
#211 = CARTESIAN_POINT('',(10.756363140935,-13.75013773754));
#212 = CARTESIAN_POINT('',(5.570379186545,-9.812558251992));
#213 = CARTESIAN_POINT('',(1.999679065129,-5.155601554182));
#214 = CARTESIAN_POINT('',(-1.006182838394E-02,-1.768641273798));
#215 = CARTESIAN_POINT('',(1.006182838394E-02,1.768641273798));
#216 = ( GEOMETRIC_REPRESENTATION_CONTEXT(2) 
PARAMETRIC_REPRESENTATION_CONTEXT() REPRESENTATION_CONTEXT('2D SPACE',''
  ) );
#217 = ORIENTED_EDGE('',*,*,#218,.T.);
#218 = EDGE_CURVE('',#139,#219,#221,.T.);
#219 = VERTEX_POINT('',#220);
#220 = CARTESIAN_POINT('',(31.146890415746,3.125,4.));
#221 = SURFACE_CURVE('',#222,(#228,#237),.PCURVE_S1.);
#222 = B_SPLINE_CURVE_WITH_KNOTS('',4,(#223,#224,#225,#226,#227),
  .UNSPECIFIED.,.F.,.F.,(5,5),(0.,1.),.PIECEWISE_BEZIER_KNOTS.);
#223 = CARTESIAN_POINT('',(29.999908872711,3.125,0.));
#224 = CARTESIAN_POINT('',(30.28665425847,3.125,1.));
#225 = CARTESIAN_POINT('',(30.573399644229,3.125,2.));
#226 = CARTESIAN_POINT('',(30.860145029988,3.125,3.));
#227 = CARTESIAN_POINT('',(31.146890415746,3.125,4.));
#228 = PCURVE('',#56,#229);
#229 = DEFINITIONAL_REPRESENTATION('',(#230),#236);
#230 = B_SPLINE_CURVE_WITH_KNOTS('',4,(#231,#232,#233,#234,#235),
  .UNSPECIFIED.,.F.,.F.,(5,5),(0.,1.),.PIECEWISE_BEZIER_KNOTS.);
#231 = CARTESIAN_POINT('',(78.695492179666,0.));
#232 = CARTESIAN_POINT('',(78.695492179666,0.25));
#233 = CARTESIAN_POINT('',(78.695492179666,0.5));
#234 = CARTESIAN_POINT('',(78.695492179666,0.75));
#235 = CARTESIAN_POINT('',(78.695492179666,1.));
#236 = ( GEOMETRIC_REPRESENTATION_CONTEXT(2) 
PARAMETRIC_REPRESENTATION_CONTEXT() REPRESENTATION_CONTEXT('2D SPACE',''
  ) );
#237 = PCURVE('',#238,#243);
#238 = PLANE('',#239);
#239 = AXIS2_PLACEMENT_3D('',#240,#241,#242);
#240 = CARTESIAN_POINT('',(-100.,3.125,-100.));
#241 = DIRECTION('',(0.,1.,0.));
#242 = DIRECTION('',(0.,0.,1.));
#243 = DEFINITIONAL_REPRESENTATION('',(#244),#250);
#244 = B_SPLINE_CURVE_WITH_KNOTS('',4,(#245,#246,#247,#248,#249),
  .UNSPECIFIED.,.F.,.F.,(5,5),(0.,1.),.PIECEWISE_BEZIER_KNOTS.);
#245 = CARTESIAN_POINT('',(100.,129.99990887271));
#246 = CARTESIAN_POINT('',(101.,130.28665425847));
#247 = CARTESIAN_POINT('',(102.,130.57339964422));
#248 = CARTESIAN_POINT('',(103.,130.86014502998));
#249 = CARTESIAN_POINT('',(104.,131.14689041574));
#250 = ( GEOMETRIC_REPRESENTATION_CONTEXT(2) 
PARAMETRIC_REPRESENTATION_CONTEXT() REPRESENTATION_CONTEXT('2D SPACE',''
  ) );
#251 = ORIENTED_EDGE('',*,*,#252,.F.);
#252 = EDGE_CURVE('',#46,#219,#253,.T.);
#253 = SURFACE_CURVE('',#254,(#284,#291),.PCURVE_S1.);
#254 = B_SPLINE_CURVE_WITH_KNOTS('',3,(#255,#256,#257,#258,#259,#260,
    #261,#262,#263,#264,#265,#266,#267,#268,#269,#270,#271,#272,#273,
    #274,#275,#276,#277,#278,#279,#280,#281,#282,#283),.UNSPECIFIED.,.T.
  ,.F.,(1,1,2,1,1,1,1,1,1,1,1,1,1,1,1,1,1,1,1,1,1,1,1,1,1,1,1,1,2,1,1),(
    -11.12863082616,-5.192301994299,0.,5.192301994299,11.128630826161,
    17.776938881599,24.45001912988,31.413495273302,37.423694937206,
    45.431347527073,54.799378269977,61.156264300103,65.497922969321,
    69.325454811122,73.816557125699,78.820555526978,83.824553928257,
    88.315656242834,92.143188084635,96.484846753853,102.84173278397,
    112.20976352688,120.21741611674,126.22761578065,133.19109192407,
    139.86417217235,146.51248022779,152.44880905965,157.64111105395,
    162.83341304825,168.76974188011),.UNSPECIFIED.);
#255 = CARTESIAN_POINT('',(-27.04769643748,1.242076884596,4.));
#256 = CARTESIAN_POINT('',(-26.65834047644,4.757923115404,4.));
#257 = CARTESIAN_POINT('',(-25.60948718974,8.336215308645,4.));
#258 = CARTESIAN_POINT('',(-22.27130716752,13.340548207808,4.));
#259 = CARTESIAN_POINT('',(-17.60983655427,17.798094545236,4.));
#260 = CARTESIAN_POINT('',(-11.70435013205,21.317370819243,4.));
#261 = CARTESIAN_POINT('',(-5.167150983808,22.517954476765,4.));
#262 = CARTESIAN_POINT('',(1.796944958185,22.81092651448,4.));
#263 = CARTESIAN_POINT('',(9.677395375493,22.837673001601,4.));
#264 = CARTESIAN_POINT('',(17.21163536806,20.060161584088,4.));
#265 = CARTESIAN_POINT('',(23.508041794771,18.043362644683,4.));
#266 = CARTESIAN_POINT('',(28.091394554839,16.041845739911,4.));
#267 = CARTESIAN_POINT('',(30.403638473477,12.261815380072,4.));
#268 = CARTESIAN_POINT('',(31.055582956149,7.830585886073,4.));
#269 = CARTESIAN_POINT('',(31.195149390664,3.,4.));
#270 = CARTESIAN_POINT('',(31.055582883469,-1.830585886073,4.));
#271 = CARTESIAN_POINT('',(30.403638714175,-6.261815380072,4.));
#272 = CARTESIAN_POINT('',(28.091393755047,-10.04184573991,4.));
#273 = CARTESIAN_POINT('',(23.508045937278,-12.04336264468,4.));
#274 = CARTESIAN_POINT('',(17.211606967749,-14.06016158408,4.));
#275 = CARTESIAN_POINT('',(9.677545670335,-16.8376730016,4.));
#276 = CARTESIAN_POINT('',(1.796528016623,-16.81092651448,4.));
#277 = CARTESIAN_POINT('',(-5.165942212067,-16.51795447676,4.));
#278 = CARTESIAN_POINT('',(-11.70962729044,-15.31737081924,4.));
#279 = CARTESIAN_POINT('',(-17.59115937514,-11.79809454523,4.));
#280 = CARTESIAN_POINT('',(-22.33765728728,-7.340548207808,4.));
#281 = CARTESIAN_POINT('',(-25.40258751107,-2.336215308645,4.));
#282 = CARTESIAN_POINT('',(-27.04769643748,1.242076884596,4.));
#283 = CARTESIAN_POINT('',(-26.65834047644,4.757923115404,4.));
#284 = PCURVE('',#56,#285);
#285 = DEFINITIONAL_REPRESENTATION('',(#286),#290);
#286 = LINE('',#287,#288);
#287 = CARTESIAN_POINT('',(0.,1.));
#288 = VECTOR('',#289,1.);
#289 = DIRECTION('',(1.,0.));
#290 = ( GEOMETRIC_REPRESENTATION_CONTEXT(2) 
PARAMETRIC_REPRESENTATION_CONTEXT() REPRESENTATION_CONTEXT('2D SPACE',''
  ) );
#291 = PCURVE('',#292,#297);
#292 = PLANE('',#293);
#293 = AXIS2_PLACEMENT_3D('',#294,#295,#296);
#294 = CARTESIAN_POINT('',(-26.85301845696,3.,4.));
#295 = DIRECTION('',(-0.,0.,1.));
#296 = DIRECTION('',(0.994533904972,-0.104414136312,0.));
#297 = DEFINITIONAL_REPRESENTATION('',(#298),#328);
#298 = B_SPLINE_CURVE_WITH_KNOTS('',3,(#299,#300,#301,#302,#303,#304,
    #305,#306,#307,#308,#309,#310,#311,#312,#313,#314,#315,#316,#317,
    #318,#319,#320,#321,#322,#323,#324,#325,#326,#327),.UNSPECIFIED.,.F.
  ,.F.,(1,1,2,1,1,1,1,1,1,1,1,1,1,1,1,1,1,1,1,1,1,1,1,1,1,1,1,1,2,1,1),(
    -11.12863082616,-5.192301994299,0.,5.192301994299,11.128630826161,
    17.776938881599,24.45001912988,31.413495273302,37.423694937206,
    45.431347527073,54.799378269977,61.156264300103,65.497922969321,
    69.325454811122,73.816557125699,78.820555526978,83.824553928257,
    88.315656242834,92.143188084635,96.484846753853,102.84173278397,
    112.20976352688,120.21741611674,126.22761578065,133.19109192407,
    139.86417217235,146.51248022779,152.44880905965,157.64111105395,
    162.83341304825,168.76974188011),.UNSPECIFIED.);
#299 = CARTESIAN_POINT('',(-1.006182838394E-02,-1.768641273798));
#300 = CARTESIAN_POINT('',(1.006182838394E-02,1.768641273798));
#301 = CARTESIAN_POINT('',(0.679557694519,5.43688929192));
#302 = CARTESIAN_POINT('',(3.476967810037,10.762421215776));
#303 = CARTESIAN_POINT('',(7.647527531043,15.682325609354));
#304 = CARTESIAN_POINT('',(13.153271810702,19.798981449094));
#305 = CARTESIAN_POINT('',(19.529380101516,21.675578605216));
#306 = CARTESIAN_POINT('',(26.424819211023,22.694099292906));
#307 = CARTESIAN_POINT('',(34.259401626133,23.543530005257));
#308 = CARTESIAN_POINT('',(42.04247020269,21.567881890683));
#309 = CARTESIAN_POINT('',(48.515042192908,20.219540804845));
#310 = CARTESIAN_POINT('',(53.282328570166,18.70753120153));
#311 = CARTESIAN_POINT('',(55.976622149071,15.189593798554));
#312 = CARTESIAN_POINT('',(57.087686041662,10.850658046142));
#313 = CARTESIAN_POINT('',(57.730871045956,6.061049310282));
#314 = CARTESIAN_POINT('',(58.096448875726,1.242295149398));
#315 = CARTESIAN_POINT('',(57.910751295629,-3.232785010455));
#316 = CARTESIAN_POINT('',(56.00583389243,-7.233584425486));
#317 = CARTESIAN_POINT('',(51.656525748306,-9.702727152463));
#318 = CARTESIAN_POINT('',(45.605086031896,-12.36593931405));
#319 = CARTESIAN_POINT('',(38.402218085238,-15.9149310935));
#320 = CARTESIAN_POINT('',(30.561486111589,-16.71122045679));
#321 = CARTESIAN_POINT('',(23.606482984519,-17.1468301476));
#322 = CARTESIAN_POINT('',(16.973208404945,-16.63606222019));
#323 = CARTESIAN_POINT('',(10.756363140935,-13.75013773754));
#324 = CARTESIAN_POINT('',(5.570379186545,-9.812558251992));
#325 = CARTESIAN_POINT('',(1.999679065129,-5.155601554182));
#326 = CARTESIAN_POINT('',(-1.006182838394E-02,-1.768641273798));
#327 = CARTESIAN_POINT('',(1.006182838394E-02,1.768641273798));
#328 = ( GEOMETRIC_REPRESENTATION_CONTEXT(2) 
PARAMETRIC_REPRESENTATION_CONTEXT() REPRESENTATION_CONTEXT('2D SPACE',''
  ) );
#329 = ADVANCED_FACE('',(#330),#124,.F.);
#330 = FACE_BOUND('',#331,.F.);
#331 = EDGE_LOOP('',(#332,#404,#425,#426));
#332 = ORIENTED_EDGE('',*,*,#333,.F.);
#333 = EDGE_CURVE('',#334,#336,#338,.T.);
#334 = VERTEX_POINT('',#335);
#335 = CARTESIAN_POINT('',(-21.20000022465,3.125,0.));
#336 = VERTEX_POINT('',#337);
#337 = CARTESIAN_POINT('',(-20.05301868161,3.125,4.));
#338 = SURFACE_CURVE('',#339,(#347,#358),.PCURVE_S1.);
#339 = B_SPLINE_CURVE_WITH_KNOTS('',3,(#340,#341,#342,#343,#344,#345,
    #346),.UNSPECIFIED.,.F.,.F.,(4,1,1,1,4),(0.,0.3,0.6,0.88,1.),
  .UNSPECIFIED.);
#340 = CARTESIAN_POINT('',(-21.20000022465,3.125,0.));
#341 = CARTESIAN_POINT('',(-21.08530207035,3.125,0.4));
#342 = CARTESIAN_POINT('',(-20.85590576174,3.125,1.2));
#343 = CARTESIAN_POINT('',(-20.51945784245,3.125,2.373333333333));
#344 = CARTESIAN_POINT('',(-20.25182881574,3.125,3.306666666667));
#345 = CARTESIAN_POINT('',(-20.09889794333,3.125,3.84));
#346 = CARTESIAN_POINT('',(-20.05301868161,3.125,4.));
#347 = PCURVE('',#124,#348);
#348 = DEFINITIONAL_REPRESENTATION('',(#349),#357);
#349 = B_SPLINE_CURVE_WITH_KNOTS('',3,(#350,#351,#352,#353,#354,#355,
    #356),.UNSPECIFIED.,.F.,.F.,(4,1,1,1,4),(0.,0.3,0.6,0.88,1.),
  .UNSPECIFIED.);
#350 = CARTESIAN_POINT('',(100.,78.799999775347));
#351 = CARTESIAN_POINT('',(100.4,78.91469792965));
#352 = CARTESIAN_POINT('',(101.2,79.144094238257));
#353 = CARTESIAN_POINT('',(102.37333333333,79.480542157548));
#354 = CARTESIAN_POINT('',(103.30666666666,79.748171184256));
#355 = CARTESIAN_POINT('',(103.84,79.901102056661));
#356 = CARTESIAN_POINT('',(104.,79.946981318382));
#357 = ( GEOMETRIC_REPRESENTATION_CONTEXT(2) 
PARAMETRIC_REPRESENTATION_CONTEXT() REPRESENTATION_CONTEXT('2D SPACE',''
  ) );
#358 = PCURVE('',#359,#394);
#359 = B_SPLINE_SURFACE_WITH_KNOTS('',3,1,(
    (#360,#361)
    ,(#362,#363)
    ,(#364,#365)
    ,(#366,#367)
    ,(#368,#369)
    ,(#370,#371)
    ,(#372,#373)
    ,(#374,#375)
    ,(#376,#377)
    ,(#378,#379)
    ,(#380,#381)
    ,(#382,#383)
    ,(#384,#385)
    ,(#386,#387)
    ,(#388,#389)
    ,(#390,#391)
    ,(#392,#393
    )),.UNSPECIFIED.,.F.,.F.,.F.,(4,1,1,1,1,1,1,1,1,1,1,1,1,1,4),(2,2),(
    0.,3.020347662108,6.053909924531,8.500463623104,10.890155025775,
    13.5584878386,17.059916118603,20.559916118603,24.059916118603,
    27.561344398605,30.22967721143,32.619368614101,35.065922312674,
    38.099484575098,41.119832237205),(0.,1.),.UNSPECIFIED.);
#360 = CARTESIAN_POINT('',(-16.23490771517,13.1,-20.));
#361 = CARTESIAN_POINT('',(6.704723145528,13.1,60.));
#362 = CARTESIAN_POINT('',(-17.23548135837,13.206854020275,-20.));
#363 = CARTESIAN_POINT('',(5.704149502329,13.206854020275,60.));
#364 = CARTESIAN_POINT('',(-19.25663914635,13.503114404475,-20.));
#365 = CARTESIAN_POINT('',(3.682991714352,13.503114404475,60.));
#366 = CARTESIAN_POINT('',(-21.99690128678,13.623125592086,-20.));
#367 = CARTESIAN_POINT('',(0.942729573919,13.623125592086,60.));
#368 = CARTESIAN_POINT('',(-24.7624435278,14.992963864358,-20.));
#369 = CARTESIAN_POINT('',(-1.822812667102,14.992963864358,60.));
#370 = CARTESIAN_POINT('',(-26.50516168719,12.492176654313,-20.));
#371 = CARTESIAN_POINT('',(-3.565530826494,12.492176654313,60.));
#372 = CARTESIAN_POINT('',(-26.93452650403,9.75336269061,-20.));
#373 = CARTESIAN_POINT('',(-3.99489564333,9.75336269061,60.));
#374 = CARTESIAN_POINT('',(-26.9350289476,6.492256488987,-20.));
#375 = CARTESIAN_POINT('',(-3.995398086899,6.492256488987,60.));
#376 = CARTESIAN_POINT('',(-26.93484711132,3.,-20.));
#377 = CARTESIAN_POINT('',(-3.995216250623,3.,60.));
#378 = CARTESIAN_POINT('',(-26.9350289476,-0.492256488987,-20.));
#379 = CARTESIAN_POINT('',(-3.995398086899,-0.492256488987,60.));
#380 = CARTESIAN_POINT('',(-26.93452650403,-3.75336269061,-20.));
#381 = CARTESIAN_POINT('',(-3.99489564333,-3.75336269061,60.));
#382 = CARTESIAN_POINT('',(-26.50516168719,-6.492176654313,-20.));
#383 = CARTESIAN_POINT('',(-3.565530826494,-6.492176654313,60.));
#384 = CARTESIAN_POINT('',(-24.7624435278,-8.992963864358,-20.));
#385 = CARTESIAN_POINT('',(-1.822812667102,-8.992963864358,60.));
#386 = CARTESIAN_POINT('',(-21.99690128678,-7.623125592086,-20.));
#387 = CARTESIAN_POINT('',(0.942729573919,-7.623125592086,60.));
#388 = CARTESIAN_POINT('',(-19.25663914635,-7.503114404475,-20.));
#389 = CARTESIAN_POINT('',(3.682991714352,-7.503114404475,60.));
#390 = CARTESIAN_POINT('',(-17.23548135837,-7.206854020275,-20.));
#391 = CARTESIAN_POINT('',(5.704149502329,-7.206854020275,60.));
#392 = CARTESIAN_POINT('',(-16.23490771517,-7.1,-20.));
#393 = CARTESIAN_POINT('',(6.704723145528,-7.1,60.));
#394 = DEFINITIONAL_REPRESENTATION('',(#395),#403);
#395 = B_SPLINE_CURVE_WITH_KNOTS('',3,(#396,#397,#398,#399,#400,#401,
    #402),.UNSPECIFIED.,.F.,.F.,(4,1,1,1,4),(0.,0.3,0.6,0.88,1.),
  .UNSPECIFIED.);
#396 = CARTESIAN_POINT('',(20.434622288307,0.25));
#397 = CARTESIAN_POINT('',(20.434622288307,0.255));
#398 = CARTESIAN_POINT('',(20.434622288307,0.265));
#399 = CARTESIAN_POINT('',(20.434622288307,0.279666666667));
#400 = CARTESIAN_POINT('',(20.434622288307,0.291333333333));
#401 = CARTESIAN_POINT('',(20.434622288307,0.298));
#402 = CARTESIAN_POINT('',(20.434622288307,0.3));
#403 = ( GEOMETRIC_REPRESENTATION_CONTEXT(2) 
PARAMETRIC_REPRESENTATION_CONTEXT() REPRESENTATION_CONTEXT('2D SPACE',''
  ) );
#404 = ORIENTED_EDGE('',*,*,#405,.T.);
#405 = EDGE_CURVE('',#334,#44,#406,.T.);
#406 = SURFACE_CURVE('',#407,(#411,#418),.PCURVE_S1.);
#407 = LINE('',#408,#409);
#408 = CARTESIAN_POINT('',(-64.,3.125,0.));
#409 = VECTOR('',#410,1.);
#410 = DIRECTION('',(-1.,0.,-0.));
#411 = PCURVE('',#124,#412);
#412 = DEFINITIONAL_REPRESENTATION('',(#413),#417);
#413 = LINE('',#414,#415);
#414 = CARTESIAN_POINT('',(100.,36.));
#415 = VECTOR('',#416,1.);
#416 = DIRECTION('',(0.,-1.));
#417 = ( GEOMETRIC_REPRESENTATION_CONTEXT(2) 
PARAMETRIC_REPRESENTATION_CONTEXT() REPRESENTATION_CONTEXT('2D SPACE',''
  ) );
#418 = PCURVE('',#180,#419);
#419 = DEFINITIONAL_REPRESENTATION('',(#420),#424);
#420 = LINE('',#421,#422);
#421 = CARTESIAN_POINT('',(-35.81627234602,-3.634592169097));
#422 = VECTOR('',#423,1.);
#423 = DIRECTION('',(-0.994533904972,-0.104414136312));
#424 = ( GEOMETRIC_REPRESENTATION_CONTEXT(2) 
PARAMETRIC_REPRESENTATION_CONTEXT() REPRESENTATION_CONTEXT('2D SPACE',''
  ) );
#425 = ORIENTED_EDGE('',*,*,#43,.T.);
#426 = ORIENTED_EDGE('',*,*,#427,.F.);
#427 = EDGE_CURVE('',#336,#46,#428,.T.);
#428 = SURFACE_CURVE('',#429,(#433,#440),.PCURVE_S1.);
#429 = LINE('',#430,#431);
#430 = CARTESIAN_POINT('',(-63.42650922848,3.125,4.));
#431 = VECTOR('',#432,1.);
#432 = DIRECTION('',(-1.,0.,-0.));
#433 = PCURVE('',#124,#434);
#434 = DEFINITIONAL_REPRESENTATION('',(#435),#439);
#435 = LINE('',#436,#437);
#436 = CARTESIAN_POINT('',(104.,36.573490771518));
#437 = VECTOR('',#438,1.);
#438 = DIRECTION('',(0.,-1.));
#439 = ( GEOMETRIC_REPRESENTATION_CONTEXT(2) 
PARAMETRIC_REPRESENTATION_CONTEXT() REPRESENTATION_CONTEXT('2D SPACE',''
  ) );
#440 = PCURVE('',#292,#441);
#441 = DEFINITIONAL_REPRESENTATION('',(#442),#446);
#442 = LINE('',#443,#444);
#443 = CARTESIAN_POINT('',(-36.38662836248,-3.694472712688));
#444 = VECTOR('',#445,1.);
#445 = DIRECTION('',(-0.994533904972,-0.104414136312));
#446 = ( GEOMETRIC_REPRESENTATION_CONTEXT(2) 
PARAMETRIC_REPRESENTATION_CONTEXT() REPRESENTATION_CONTEXT('2D SPACE',''
  ) );
#447 = ADVANCED_FACE('',(#448,#1094),#292,.T.);
#448 = FACE_BOUND('',#449,.T.);
#449 = EDGE_LOOP('',(#450,#451,#452,#934,#962,#1073));
#450 = ORIENTED_EDGE('',*,*,#252,.F.);
#451 = ORIENTED_EDGE('',*,*,#427,.F.);
#452 = ORIENTED_EDGE('',*,*,#453,.T.);
#453 = EDGE_CURVE('',#336,#454,#456,.T.);
#454 = VERTEX_POINT('',#455);
#455 = CARTESIAN_POINT('',(-9.353018456965,13.1,4.));
#456 = SURFACE_CURVE('',#457,(#614,#774),.PCURVE_S1.);
#457 = B_SPLINE_CURVE_WITH_KNOTS('',8,(#458,#459,#460,#461,#462,#463,
    #464,#465,#466,#467,#468,#469,#470,#471,#472,#473,#474,#475,#476,
    #477,#478,#479,#480,#481,#482,#483,#484,#485,#486,#487,#488,#489,
    #490,#491,#492,#493,#494,#495,#496,#497,#498,#499,#500,#501,#502,
    #503,#504,#505,#506,#507,#508,#509,#510,#511,#512,#513,#514,#515,
    #516,#517,#518,#519,#520,#521,#522,#523,#524,#525,#526,#527,#528,
    #529,#530,#531,#532,#533,#534,#535,#536,#537,#538,#539,#540,#541,
    #542,#543,#544,#545,#546,#547,#548,#549,#550,#551,#552,#553,#554,
    #555,#556,#557,#558,#559,#560,#561,#562,#563,#564,#565,#566,#567,
    #568,#569,#570,#571,#572,#573,#574,#575,#576,#577,#578,#579,#580,
    #581,#582,#583,#584,#585,#586,#587,#588,#589,#590,#591,#592,#593,
    #594,#595,#596,#597,#598,#599,#600,#601,#602,#603,#604,#605,#606,
    #607,#608,#609,#610,#611,#612,#613),.UNSPECIFIED.,.F.,.F.,(9,7,7,7,7
    ,7,7,7,7,7,7,7,7,7,7,7,7,7,7,7,7,7,9),(0.,0.192520487226,
    0.221682525564,0.278045429494,0.328411865078,0.353494458183,
    0.365052780944,0.378537431331,0.448225174808,0.483948056671,
    0.520580059358,0.56828134874,0.598421390253,0.611412589457,
    0.653400812867,0.703495165687,0.727434310087,0.801269336985,
    0.8570011199,0.870477054676,0.912933339491,0.949701184948,1.),
  .UNSPECIFIED.);
#458 = CARTESIAN_POINT('',(-20.05302273618,2.412589224562,4.));
#459 = CARTESIAN_POINT('',(-20.05301605971,2.922447441804,4.));
#460 = CARTESIAN_POINT('',(-20.05301273677,3.43220449332,4.));
#461 = CARTESIAN_POINT('',(-20.0530266013,3.941976693009,4.));
#462 = CARTESIAN_POINT('',(-20.05304001879,4.451882905049,4.));
#463 = CARTESIAN_POINT('',(-20.05304890676,4.962039731015,4.));
#464 = CARTESIAN_POINT('',(-20.05305420155,5.472562435437,4.));
#465 = CARTESIAN_POINT('',(-20.05304501275,5.983566310142,4.));
#466 = CARTESIAN_POINT('',(-20.05301472159,6.572657306647,4.));
#467 = CARTESIAN_POINT('',(-20.05301076855,6.650165142141,4.));
#468 = CARTESIAN_POINT('',(-20.05299714695,6.727684617146,4.));
#469 = CARTESIAN_POINT('',(-20.05296415701,6.805213659703,4.));
#470 = CARTESIAN_POINT('',(-20.05290209945,6.882750192918,4.));
#471 = CARTESIAN_POINT('',(-20.05280127548,6.960292134961,4.));
#472 = CARTESIAN_POINT('',(-20.0526519868,7.037837399068,4.));
#473 = CARTESIAN_POINT('',(-20.05204358458,7.265261812476,4.));
#474 = CARTESIAN_POINT('',(-20.05142523256,7.415144094273,4.));
#475 = CARTESIAN_POINT('',(-20.05051969253,7.565015885287,4.));
#476 = CARTESIAN_POINT('',(-20.04925680966,7.714861832151,4.));
#477 = CARTESIAN_POINT('',(-20.04756606135,7.864666081775,4.));
#478 = CARTESIAN_POINT('',(-20.04537655721,8.014412281347,4.));
#479 = CARTESIAN_POINT('',(-20.04261703908,8.164083578332,4.));
#480 = CARTESIAN_POINT('',(-20.03617657332,8.447327897907,4.));
#481 = CARTESIAN_POINT('',(-20.03262475117,8.580919209735,4.));
#482 = CARTESIAN_POINT('',(-20.0285092209,8.714424144863,4.));
#483 = CARTESIAN_POINT('',(-20.02377830683,8.847829601642,4.));
#484 = CARTESIAN_POINT('',(-20.01837985128,8.981121787865,4.));
#485 = CARTESIAN_POINT('',(-20.01226121456,9.11428622077,4.));
#486 = CARTESIAN_POINT('',(-20.00536927498,9.247307727037,4.));
#487 = CARTESIAN_POINT('',(-19.99380642687,9.446336360616,4.));
#488 = CARTESIAN_POINT('',(-19.98975733857,9.512462860825,4.));
#489 = CARTESIAN_POINT('',(-19.98549653529,9.578547966153,4.));
#490 = CARTESIAN_POINT('',(-19.98101735478,9.644589639652,4.));
#491 = CARTESIAN_POINT('',(-19.9763131012,9.710585784694,4.));
#492 = CARTESIAN_POINT('',(-19.97137704513,9.776534244966,4.));
#493 = CARTESIAN_POINT('',(-19.96620242354,9.842432804476,4.));
#494 = CARTESIAN_POINT('',(-19.95828485428,9.938621893546,4.));
#495 = CARTESIAN_POINT('',(-19.95573579393,9.968946908154,4.));
#496 = CARTESIAN_POINT('',(-19.95313498733,9.999253803814,4.));
#497 = CARTESIAN_POINT('',(-19.95048142999,10.029542447962,4.));
#498 = CARTESIAN_POINT('',(-19.94777338431,10.059813003033,4.));
#499 = CARTESIAN_POINT('',(-19.9450083796,10.090065926461,4.));
#500 = CARTESIAN_POINT('',(-19.9421832121,10.120301970675,4.));
#501 = CARTESIAN_POINT('',(-19.93592314813,10.185778942034,4.));
#502 = CARTESIAN_POINT('',(-19.93246602735,10.221013616589,4.));
#503 = CARTESIAN_POINT('',(-19.92891813437,10.25622707194,4.));
#504 = CARTESIAN_POINT('',(-19.92527502096,10.291420173256,4.));
#505 = CARTESIAN_POINT('',(-19.9215322389,10.326593785706,4.));
#506 = CARTESIAN_POINT('',(-19.91768533996,10.361748774461,4.));
#507 = CARTESIAN_POINT('',(-19.9137298759,10.39688600469,4.));
#508 = CARTESIAN_POINT('',(-19.88863578786,10.613505821079,4.));
#509 = CARTESIAN_POINT('',(-19.86458633624,10.794601285302,4.));
#510 = CARTESIAN_POINT('',(-19.83691009766,10.975295833932,4.));
#511 = CARTESIAN_POINT('',(-19.80501601075,11.155565965858,4.));
#512 = CARTESIAN_POINT('',(-19.768338726,11.335362325214,4.));
#513 = CARTESIAN_POINT('',(-19.72635473357,11.514610226515,4.));
#514 = CARTESIAN_POINT('',(-19.67860079179,11.693209958875,4.));
#515 = CARTESIAN_POINT('',(-19.59706164063,11.96219335389,4.));
#516 = CARTESIAN_POINT('',(-19.5678121274,12.05314631482,4.));
#517 = CARTESIAN_POINT('',(-19.53689482882,12.143878073901,4.));
#518 = CARTESIAN_POINT('',(-19.50426396761,12.234369867334,4.));
#519 = CARTESIAN_POINT('',(-19.46987975291,12.324601876244,4.));
#520 = CARTESIAN_POINT('',(-19.43370885609,12.414553257192,4.));
#521 = CARTESIAN_POINT('',(-19.3957248867,12.504202172699,4.));
#522 = CARTESIAN_POINT('',(-19.31507956169,12.685122691384,4.));
#523 = CARTESIAN_POINT('',(-19.27232388624,12.776381828577,4.));
#524 = CARTESIAN_POINT('',(-19.22765234367,12.867115940854,4.));
#525 = CARTESIAN_POINT('',(-19.18106179771,12.957135648038,4.));
#526 = CARTESIAN_POINT('',(-19.13253719574,13.046246691688,4.));
#527 = CARTESIAN_POINT('',(-19.0820522088,13.134246161126,4.));
#528 = CARTESIAN_POINT('',(-19.02956879006,13.220917736069,4.));
#529 = CARTESIAN_POINT('',(-18.9040239456,13.416851755131,4.));
#530 = CARTESIAN_POINT('',(-18.82956554755,13.524981651127,4.));
#531 = CARTESIAN_POINT('',(-18.75152700609,13.629938756025,4.));
#532 = CARTESIAN_POINT('',(-18.66976944579,13.731128587388,4.));
#533 = CARTESIAN_POINT('',(-18.58415613265,13.827829137667,4.));
#534 = CARTESIAN_POINT('',(-18.49455889516,13.91918468405,4.));
#535 = CARTESIAN_POINT('',(-18.40086340134,14.004203328633,4.));
#536 = CARTESIAN_POINT('',(-18.24112146313,14.130761328374,4.));
#537 = CARTESIAN_POINT('',(-18.17761217543,14.176771124025,4.));
#538 = CARTESIAN_POINT('',(-18.11243477232,14.21949646021,4.));
#539 = CARTESIAN_POINT('',(-18.04560030001,14.258616258422,4.));
#540 = CARTESIAN_POINT('',(-17.97714516694,14.293786813172,4.));
#541 = CARTESIAN_POINT('',(-17.90713612324,14.32465516457,4.));
#542 = CARTESIAN_POINT('',(-17.83567656015,14.350878587633,4.));
#543 = CARTESIAN_POINT('',(-17.73155149036,14.381318856274,4.));
#544 = CARTESIAN_POINT('',(-17.69996920841,14.389552403084,4.));
#545 = CARTESIAN_POINT('',(-17.668172234,14.3968731915,4.));
#546 = CARTESIAN_POINT('',(-17.63616561279,14.403303893778,4.));
#547 = CARTESIAN_POINT('',(-17.60395448542,14.408867501667,4.));
#548 = CARTESIAN_POINT('',(-17.57154408749,14.413587326409,4.));
#549 = CARTESIAN_POINT('',(-17.53893974961,14.41748699874,4.));
#550 = CARTESIAN_POINT('',(-17.40015871362,14.430621043895,4.));
#551 = CARTESIAN_POINT('',(-17.2927907976,14.432273391289,4.));
#552 = CARTESIAN_POINT('',(-17.18449003721,14.426478746835,4.));
#553 = CARTESIAN_POINT('',(-17.07562051161,14.414234178668,4.));
#554 = CARTESIAN_POINT('',(-16.96645618668,14.396511096917,4.));
#555 = CARTESIAN_POINT('',(-16.85717620995,14.374199120955,4.));
#556 = CARTESIAN_POINT('',(-16.74786280496,14.348085304264,4.));
#557 = CARTESIAN_POINT('',(-16.5080277877,14.284011656654,4.));
#558 = CARTESIAN_POINT('',(-16.37758082479,14.244763338365,4.));
#559 = CARTESIAN_POINT('',(-16.24717109797,14.202325171741,4.));
#560 = CARTESIAN_POINT('',(-16.11679320956,14.157763145504,4.));
#561 = CARTESIAN_POINT('',(-15.98642393344,14.112052139488,4.));
#562 = CARTESIAN_POINT('',(-15.85601980072,14.066119660371,4.));
#563 = CARTESIAN_POINT('',(-15.72551448034,14.020889001052,4.));
#564 = CARTESIAN_POINT('',(-15.53235759942,13.956501893072,4.));
#565 = CARTESIAN_POINT('',(-15.46986307869,13.936053050381,4.));
#566 = CARTESIAN_POINT('',(-15.40732254108,13.916180715876,4.));
#567 = CARTESIAN_POINT('',(-15.3447598692,13.896607058905,4.));
#568 = CARTESIAN_POINT('',(-15.2821303219,13.87832620269,4.));
#569 = CARTESIAN_POINT('',(-15.2194772158,13.860373957869,4.));
#570 = CARTESIAN_POINT('',(-15.1567901903,13.843217617667,4.));
#571 = CARTESIAN_POINT('',(-14.90067071471,13.775759645802,4.));
#572 = CARTESIAN_POINT('',(-14.70702484278,13.731072271208,4.));
#573 = CARTESIAN_POINT('',(-14.51326950168,13.692130702708,4.));
#574 = CARTESIAN_POINT('',(-14.31949598245,13.658329116965,4.));
#575 = CARTESIAN_POINT('',(-14.12576198735,13.628987758376,4.));
#576 = CARTESIAN_POINT('',(-13.93209212146,13.60337396025,4.));
#577 = CARTESIAN_POINT('',(-13.7384782315,13.580720597209,4.));
#578 = CARTESIAN_POINT('',(-13.39874844226,13.544784393698,4.));
#579 = CARTESIAN_POINT('',(-13.25263316288,13.530566592069,4.));
#580 = CARTESIAN_POINT('',(-13.10651560283,13.517250122524,4.));
#581 = CARTESIAN_POINT('',(-12.96037641716,13.504491393306,4.));
#582 = CARTESIAN_POINT('',(-12.8141952268,13.491944200949,4.));
#583 = CARTESIAN_POINT('',(-12.66795077858,13.479262268941,4.));
#584 = CARTESIAN_POINT('',(-12.52162110523,13.466101786389,4.));
#585 = CARTESIAN_POINT('',(-12.33977514443,13.448744107625,4.));
#586 = CARTESIAN_POINT('',(-12.30434966051,13.445313434573,4.));
#587 = CARTESIAN_POINT('',(-12.26890756327,13.441832806086,4.));
#588 = CARTESIAN_POINT('',(-12.23344920177,13.438303283204,4.));
#589 = CARTESIAN_POINT('',(-12.19797494445,13.434726109446,4.));
#590 = CARTESIAN_POINT('',(-12.16248517918,13.431102710806,4.));
#591 = CARTESIAN_POINT('',(-12.12698031322,13.427434695754,4.));
#592 = CARTESIAN_POINT('',(-11.97955553392,13.412032755169,4.));
#593 = CARTESIAN_POINT('',(-11.86759800456,13.399924003314,4.));
#594 = CARTESIAN_POINT('',(-11.75559301413,13.387443070301,4.));
#595 = CARTESIAN_POINT('',(-11.64354510989,13.374635052393,4.));
#596 = CARTESIAN_POINT('',(-11.53145855739,13.361544671482,4.));
#597 = CARTESIAN_POINT('',(-11.41933734049,13.348216275092,4.));
#598 = CARTESIAN_POINT('',(-11.30718516135,13.334693836377,4.));
#599 = CARTESIAN_POINT('',(-11.09785594507,13.309180011755,4.));
#600 = CARTESIAN_POINT('',(-11.00068590847,13.29722633404,4.));
#601 = CARTESIAN_POINT('',(-10.90349758023,13.285188259368,4.));
#602 = CARTESIAN_POINT('',(-10.80629318264,13.273094072384,4.));
#603 = CARTESIAN_POINT('',(-10.70907491063,13.260972003993,4.));
#604 = CARTESIAN_POINT('',(-10.61184493179,13.248850231354,4.));
#605 = CARTESIAN_POINT('',(-10.51460538637,13.236756877885,4.));
#606 = CARTESIAN_POINT('',(-10.28432342799,13.208253450696,4.));
#607 = CARTESIAN_POINT('',(-10.15127479779,13.19189270565,4.));
#608 = CARTESIAN_POINT('',(-10.01821778221,13.175709795296,4.));
#609 = CARTESIAN_POINT('',(-9.885158036151,13.159776854269,4.));
#610 = CARTESIAN_POINT('',(-9.752101596023,13.144166284895,4.));
#611 = CARTESIAN_POINT('',(-9.619054892114,13.128950907412,4.));
#612 = CARTESIAN_POINT('',(-9.486024760827,13.114204110198,4.));
#613 = CARTESIAN_POINT('',(-9.353018456965,13.1,4.));
#614 = PCURVE('',#292,#615);
#615 = DEFINITIONAL_REPRESENTATION('',(#616),#773);
#616 = B_SPLINE_CURVE_WITH_KNOTS('',8,(#617,#618,#619,#620,#621,#622,
    #623,#624,#625,#626,#627,#628,#629,#630,#631,#632,#633,#634,#635,
    #636,#637,#638,#639,#640,#641,#642,#643,#644,#645,#646,#647,#648,
    #649,#650,#651,#652,#653,#654,#655,#656,#657,#658,#659,#660,#661,
    #662,#663,#664,#665,#666,#667,#668,#669,#670,#671,#672,#673,#674,
    #675,#676,#677,#678,#679,#680,#681,#682,#683,#684,#685,#686,#687,
    #688,#689,#690,#691,#692,#693,#694,#695,#696,#697,#698,#699,#700,
    #701,#702,#703,#704,#705,#706,#707,#708,#709,#710,#711,#712,#713,
    #714,#715,#716,#717,#718,#719,#720,#721,#722,#723,#724,#725,#726,
    #727,#728,#729,#730,#731,#732,#733,#734,#735,#736,#737,#738,#739,
    #740,#741,#742,#743,#744,#745,#746,#747,#748,#749,#750,#751,#752,
    #753,#754,#755,#756,#757,#758,#759,#760,#761,#762,#763,#764,#765,
    #766,#767,#768,#769,#770,#771,#772),.UNSPECIFIED.,.F.,.F.,(9,7,7,7,7
    ,7,7,7,7,7,7,7,7,7,7,7,7,7,7,7,7,7,9),(0.,0.192520487226,
    0.221682525564,0.278045429494,0.328411865078,0.353494458183,
    0.365052780944,0.378537431331,0.448225174808,0.483948056671,
    0.520580059358,0.56828134874,0.598421390253,0.611412589457,
    0.653400812867,0.703495165687,0.727434310087,0.801269336985,
    0.8570011199,0.870477054676,0.912933339491,0.949701184948,1.),
  .UNSPECIFIED.);
#617 = CARTESIAN_POINT('',(6.82416028676,0.12581574779));
#618 = CARTESIAN_POINT('',(6.77093052134,0.632887728683));
#619 = CARTESIAN_POINT('',(6.71770798385,1.139858746676));
#620 = CARTESIAN_POINT('',(6.664466771159,1.646843035425));
#621 = CARTESIAN_POINT('',(6.611212010279,2.153960650679));
#622 = CARTESIAN_POINT('',(6.557935586527,2.661327982925));
#623 = CARTESIAN_POINT('',(6.504624533428,3.16905956888));
#624 = CARTESIAN_POINT('',(6.451277643777,3.677271207287));
#625 = CARTESIAN_POINT('',(6.389798341744,4.26314533925));
#626 = CARTESIAN_POINT('',(6.381709359478,4.340229922303));
#627 = CARTESIAN_POINT('',(6.373628777591,4.417327090779));
#628 = CARTESIAN_POINT('',(6.365566459187,4.494435796837));
#629 = CARTESIAN_POINT('',(6.357532267389,4.57155498768));
#630 = CARTESIAN_POINT('',(6.349536065342,4.648683605548));
#631 = CARTESIAN_POINT('',(6.341587716212,4.72582058772));
#632 = CARTESIAN_POINT('',(6.318446469153,4.952065403465));
#633 = CARTESIAN_POINT('',(6.303411612199,5.10119297916));
#634 = CARTESIAN_POINT('',(6.288663468845,5.250340107902));
#635 = CARTESIAN_POINT('',(6.274273413554,5.399498845404));
#636 = CARTESIAN_POINT('',(6.260313238736,5.548660788789));
#637 = CARTESIAN_POINT('',(6.246855154745,5.697817076588));
#638 = CARTESIAN_POINT('',(6.23397178988,5.846958388743));
#639 = CARTESIAN_POINT('',(6.210802340442,6.12932694362));
#640 = CARTESIAN_POINT('',(6.200385926555,6.262558893085));
#641 = CARTESIAN_POINT('',(6.190539158455,6.39576379709));
#642 = CARTESIAN_POINT('',(6.18131479735,6.528934021272));
#643 = CARTESIAN_POINT('',(6.172766155926,6.662061294812));
#644 = CARTESIAN_POINT('',(6.164947098342,6.795136710439));
#645 = CARTESIAN_POINT('',(6.157912040237,6.928150724431));
#646 = CARTESIAN_POINT('',(6.148630281843,7.127298773384));
#647 = CARTESIAN_POINT('',(6.145752696035,7.193486601917));
#648 = CARTESIAN_POINT('',(6.14308999017,7.259655367875));
#649 = CARTESIAN_POINT('',(6.140649002756,7.325803741075));
#650 = CARTESIAN_POINT('',(6.138436611949,7.39193033549));
#651 = CARTESIAN_POINT('',(6.136459735546,7.458033709243));
#652 = CARTESIAN_POINT('',(6.13472533099,7.524112364608));
#653 = CARTESIAN_POINT('',(6.132556121409,7.620602381133));
#654 = CARTESIAN_POINT('',(6.131924888144,7.651027794265));
#655 = CARTESIAN_POINT('',(6.131347010148,7.681440590527));
#656 = CARTESIAN_POINT('',(6.130823500275,7.711840742966));
#657 = CARTESIAN_POINT('',(6.130356069659,7.742228594558));
#658 = CARTESIAN_POINT('',(6.129947127717,7.77260485821));
#659 = CARTESIAN_POINT('',(6.129599782142,7.802970616757));
#660 = CARTESIAN_POINT('',(6.128988906589,7.86874332394));
#661 = CARTESIAN_POINT('',(6.128748132308,7.904146374697));
#662 = CARTESIAN_POINT('',(6.128599849641,7.939537800136));
#663 = CARTESIAN_POINT('',(6.128548392167,7.974918925156));
#664 = CARTESIAN_POINT('',(6.128598093463,8.010291074654));
#665 = CARTESIAN_POINT('',(6.128753287105,8.045655573531));
#666 = CARTESIAN_POINT('',(6.129018306671,8.081013746683));
#667 = CARTESIAN_POINT('',(6.131357057007,8.299069676101));
#668 = CARTESIAN_POINT('',(6.13636612555,8.481686358027));
#669 = CARTESIAN_POINT('',(6.145024017955,8.664283003631));
#670 = CARTESIAN_POINT('',(6.157921018625,8.846897955423));
#671 = CARTESIAN_POINT('',(6.175624540275,9.029541157802));
#672 = CARTESIAN_POINT('',(6.198663029411,9.212192995349));
#673 = CARTESIAN_POINT('',(6.227507606805,9.394802671186));
#674 = CARTESIAN_POINT('',(6.280515388345,9.670829617447));
#675 = CARTESIAN_POINT('',(6.300108246096,9.764339483511));
#676 = CARTESIAN_POINT('',(6.321382869525,9.857803497203));
#677 = CARTESIAN_POINT('',(6.34438674489,9.951207777085));
#678 = CARTESIAN_POINT('',(6.369161514934,10.04453676734));
#679 = CARTESIAN_POINT('',(6.395742502436,10.137773218442));
#680 = CARTESIAN_POINT('',(6.424158233758,10.230898167816));
#681 = CARTESIAN_POINT('',(6.485472084055,10.419250269711));
#682 = CARTESIAN_POINT('',(6.518465308928,10.514474872713));
#683 = CARTESIAN_POINT('',(6.553418748639,10.609377364246));
#684 = CARTESIAN_POINT('',(6.590355296268,10.703769726772));
#685 = CARTESIAN_POINT('',(6.629310205495,10.797460335394));
#686 = CARTESIAN_POINT('',(6.670330848106,10.890250137679));
#687 = CARTESIAN_POINT('',(6.713477649845,10.981927968394));
#688 = CARTESIAN_POINT('',(6.81787797288,11.189899649992));
#689 = CARTESIAN_POINT('',(6.880639084551,11.305213007023));
#690 = CARTESIAN_POINT('',(6.947292054476,11.417744733319));
#691 = CARTESIAN_POINT('',(7.01803707133,11.526918096493));
#692 = CARTESIAN_POINT('',(7.093085509531,11.632029312524));
#693 = CARTESIAN_POINT('',(7.172654189537,11.732240718977));
#694 = CARTESIAN_POINT('',(7.256960386531,11.826577777632));
#695 = CARTESIAN_POINT('',(7.402614715894,11.969123315831));
#696 = CARTESIAN_POINT('',(7.460972782715,12.02151288499));
#697 = CARTESIAN_POINT('',(7.521332790878,12.070810122681));
#698 = CARTESIAN_POINT('',(7.583717279663,12.11669455206));
#699 = CARTESIAN_POINT('',(7.648125927376,12.158820544811));
#700 = CARTESIAN_POINT('',(7.714529202734,12.196830100698));
#701 = CARTESIAN_POINT('',(7.782860064989,12.2303715726));
#702 = CARTESIAN_POINT('',(7.883237582895,12.27151758107));
#703 = CARTESIAN_POINT('',(7.913787534411,12.283003759224));
#704 = CARTESIAN_POINT('',(7.944646309738,12.293604585135));
#705 = CARTESIAN_POINT('',(7.975806523492,12.303342080294));
#706 = CARTESIAN_POINT('',(8.00726066247,12.312238574017));
#707 = CARTESIAN_POINT('',(8.039001085655,12.320316703455));
#708 = CARTESIAN_POINT('',(8.071020024213,12.327599413587));
#709 = CARTESIAN_POINT('',(8.207671089893,12.355152368812));
#710 = CARTESIAN_POINT('',(8.314279594254,12.368006412537));
#711 = CARTESIAN_POINT('',(8.422593415193,12.373551572519));
#712 = CARTESIAN_POINT('',(8.532146355628,12.372741451811));
#713 = CARTESIAN_POINT('',(8.642564518255,12.366513544812));
#714 = CARTESIAN_POINT('',(8.753576845949,12.355733902618));
#715 = CARTESIAN_POINT('',(8.865019385091,12.3411766913));
#716 = CARTESIAN_POINT('',(9.110233635936,12.302495442521));
#717 = CARTESIAN_POINT('',(9.244065642604,12.277082166237));
#718 = CARTESIAN_POINT('',(9.37819368198,12.248492589657));
#719 = CARTESIAN_POINT('',(9.512511817942,12.217787438301));
#720 = CARTESIAN_POINT('',(9.646941358423,12.185938688356));
#721 = CARTESIAN_POINT('',(9.781428689899,12.153873315424));
#722 = CARTESIAN_POINT('',(9.915943376021,12.122516491499));
#723 = CARTESIAN_POINT('',(10.114767367351,12.078649638464));
#724 = CARTESIAN_POINT('',(10.179055435333,12.064837882496));
#725 = CARTESIAN_POINT('',(10.243329073069,12.051604288279));
#726 = CARTESIAN_POINT('',(10.307593537925,12.038670050127));
#727 = CARTESIAN_POINT('',(10.371789525979,12.027028528898));
#728 = CARTESIAN_POINT('',(10.435974632386,12.015716282714));
#729 = CARTESIAN_POINT('',(10.500110369097,12.005199132324));
#730 = CARTESIAN_POINT('',(10.761873437166,11.96485238598));
#731 = CARTESIAN_POINT('',(10.959126815979,11.940628643289));
#732 = CARTESIAN_POINT('',(11.155889122211,11.9221307297));
#733 = CARTESIAN_POINT('',(11.35213282035,11.908746601287));
#734 = CARTESIAN_POINT('',(11.547871499637,11.899794193124));
#735 = CARTESIAN_POINT('',(11.743157190245,11.89454227423));
#736 = CARTESIAN_POINT('',(11.938078099623,11.892228763723));
#737 = CARTESIAN_POINT('',(12.279703141204,11.891961583437));
#738 = CARTESIAN_POINT('',(12.426504280063,11.893077998363));
#739 = CARTESIAN_POINT('',(12.573213575309,11.895091056738));
#740 = CARTESIAN_POINT('',(12.719886141996,11.897661064799));
#741 = CARTESIAN_POINT('',(12.866578396332,11.900445839324));
#742 = CARTESIAN_POINT('',(13.013347631476,11.903103215713));
#743 = CARTESIAN_POINT('',(13.160251593339,11.905293556068));
#744 = CARTESIAN_POINT('',(13.342915953877,11.907018044965));
#745 = CARTESIAN_POINT('',(13.3785060095,11.907305045605));
#746 = CARTESIAN_POINT('',(13.414117803681,11.907544098535));
#747 = CARTESIAN_POINT('',(13.449750878493,11.907736222553));
#748 = CARTESIAN_POINT('',(13.485404737657,11.907882615906));
#749 = CARTESIAN_POINT('',(13.521078846539,11.907984656296));
#750 = CARTESIAN_POINT('',(13.556772632155,11.908043900877));
#751 = CARTESIAN_POINT('',(13.704999753924,11.908119379764));
#752 = CARTESIAN_POINT('',(13.817609637654,11.907766764229));
#753 = CARTESIAN_POINT('',(13.930305584006,11.907048957521));
#754 = CARTESIAN_POINT('',(14.043078361885,11.906010334602));
#755 = CARTESIAN_POINT('',(14.155919059451,11.904694927528));
#756 = CARTESIAN_POINT('',(14.268819084117,11.903146425444));
#757 = CARTESIAN_POINT('',(14.381770162552,11.901408174585));
#758 = CARTESIAN_POINT('',(14.592619169405,11.897890740275));
#759 = CARTESIAN_POINT('',(14.690506198285,11.896148327946));
#760 = CARTESIAN_POINT('',(14.788420231056,11.894323889886));
#761 = CARTESIAN_POINT('',(14.886356104264,11.892445324098));
#762 = CARTESIAN_POINT('',(14.984308687263,11.89054047799));
#763 = CARTESIAN_POINT('',(15.082272882217,11.888637148376));
#764 = CARTESIAN_POINT('',(15.1802436241,11.886763081477));
#765 = CARTESIAN_POINT('',(15.412243000138,11.882460148522));
#766 = CARTESIAN_POINT('',(15.546272666954,11.880080990674));
#767 = CARTESIAN_POINT('',(15.680292104843,11.877879571007));
#768 = CARTESIAN_POINT('',(15.81428815797,11.875927039413));
#769 = CARTESIAN_POINT('',(15.94824726307,11.874294772171));
#770 = CARTESIAN_POINT('',(16.082155421551,11.873054520065));
#771 = CARTESIAN_POINT('',(16.215998171594,11.872278556508));
#772 = CARTESIAN_POINT('',(16.349760560258,11.872039825668));
#773 = ( GEOMETRIC_REPRESENTATION_CONTEXT(2) 
PARAMETRIC_REPRESENTATION_CONTEXT() REPRESENTATION_CONTEXT('2D SPACE',''
  ) );
#774 = PCURVE('',#359,#775);
#775 = DEFINITIONAL_REPRESENTATION('',(#776),#933);
#776 = B_SPLINE_CURVE_WITH_KNOTS('',8,(#777,#778,#779,#780,#781,#782,
    #783,#784,#785,#786,#787,#788,#789,#790,#791,#792,#793,#794,#795,
    #796,#797,#798,#799,#800,#801,#802,#803,#804,#805,#806,#807,#808,
    #809,#810,#811,#812,#813,#814,#815,#816,#817,#818,#819,#820,#821,
    #822,#823,#824,#825,#826,#827,#828,#829,#830,#831,#832,#833,#834,
    #835,#836,#837,#838,#839,#840,#841,#842,#843,#844,#845,#846,#847,
    #848,#849,#850,#851,#852,#853,#854,#855,#856,#857,#858,#859,#860,
    #861,#862,#863,#864,#865,#866,#867,#868,#869,#870,#871,#872,#873,
    #874,#875,#876,#877,#878,#879,#880,#881,#882,#883,#884,#885,#886,
    #887,#888,#889,#890,#891,#892,#893,#894,#895,#896,#897,#898,#899,
    #900,#901,#902,#903,#904,#905,#906,#907,#908,#909,#910,#911,#912,
    #913,#914,#915,#916,#917,#918,#919,#920,#921,#922,#923,#924,#925,
    #926,#927,#928,#929,#930,#931,#932),.UNSPECIFIED.,.F.,.F.,(9,7,7,7,7
    ,7,7,7,7,7,7,7,7,7,7,7,7,7,7,7,7,7,9),(0.,0.192520487226,
    0.221682525564,0.278045429494,0.328411865078,0.353494458183,
    0.365052780944,0.378537431331,0.448225174808,0.483948056671,
    0.520580059358,0.56828134874,0.598421390253,0.611412589457,
    0.653400812867,0.703495165687,0.727434310087,0.801269336985,
    0.8570011199,0.870477054676,0.912933339491,0.949701184948,1.),
  .UNSPECIFIED.);
#777 = CARTESIAN_POINT('',(21.148670125641,0.3));
#778 = CARTESIAN_POINT('',(20.637713962159,0.3));
#779 = CARTESIAN_POINT('',(20.12665734791,0.3));
#780 = CARTESIAN_POINT('',(19.615615672121,0.3));
#781 = CARTESIAN_POINT('',(19.104707329787,0.3));
#782 = CARTESIAN_POINT('',(18.594048952371,0.3));
#783 = CARTESIAN_POINT('',(18.083756316577,0.3));
#784 = CARTESIAN_POINT('',(17.573945690756,0.3));
#785 = CARTESIAN_POINT('',(16.987596995528,0.3));
#786 = CARTESIAN_POINT('',(16.910477396855,0.3));
#787 = CARTESIAN_POINT('',(16.833369493021,0.3));
#788 = CARTESIAN_POINT('',(16.756271203587,0.3));
#789 = CARTESIAN_POINT('',(16.679180457083,0.3));
#790 = CARTESIAN_POINT('',(16.602095190998,0.3));
#791 = CARTESIAN_POINT('',(16.525013351791,0.3));
#792 = CARTESIAN_POINT('',(16.298955709632,0.3));
#793 = CARTESIAN_POINT('',(16.149983861591,0.3));
#794 = CARTESIAN_POINT('',(16.001002447797,0.3));
#795 = CARTESIAN_POINT('',(15.851996957731,0.3));
#796 = CARTESIAN_POINT('',(15.702953273323,0.3));
#797 = CARTESIAN_POINT('',(15.553857668945,0.3));
#798 = CARTESIAN_POINT('',(15.404696811417,0.3));
#799 = CARTESIAN_POINT('',(15.12209630157,0.3));
#800 = CARTESIAN_POINT('',(14.988672631578,0.3));
#801 = CARTESIAN_POINT('',(14.855177510803,0.3));
#802 = CARTESIAN_POINT('',(14.721602205015,0.3));
#803 = CARTESIAN_POINT('',(14.587938484975,0.3));
#804 = CARTESIAN_POINT('',(14.454178626435,0.3));
#805 = CARTESIAN_POINT('',(14.320315410143,0.3));
#806 = CARTESIAN_POINT('',(14.119623136494,0.3));
#807 = CARTESIAN_POINT('',(14.052876884304,0.3));
#808 = CARTESIAN_POINT('',(13.986102549786,0.3));
#809 = CARTESIAN_POINT('',(13.91929936321,0.3));
#810 = CARTESIAN_POINT('',(13.852466600587,0.3));
#811 = CARTESIAN_POINT('',(13.785603583675,0.3));
#812 = CARTESIAN_POINT('',(13.718709679981,0.3));
#813 = CARTESIAN_POINT('',(13.620944384897,0.3));
#814 = CARTESIAN_POINT('',(13.590104471401,0.3));
#815 = CARTESIAN_POINT('',(13.559264596063,0.3));
#816 = CARTESIAN_POINT('',(13.528424768892,0.3));
#817 = CARTESIAN_POINT('',(13.497584976105,0.3));
#818 = CARTESIAN_POINT('',(13.466745180127,0.3));
#819 = CARTESIAN_POINT('',(13.435905319588,0.3));
#820 = CARTESIAN_POINT('',(13.369085456122,0.3));
#821 = CARTESIAN_POINT('',(13.333105602914,0.3));
#822 = CARTESIAN_POINT('',(13.297125749707,0.3));
#823 = CARTESIAN_POINT('',(13.261145896499,0.3));
#824 = CARTESIAN_POINT('',(13.225166043291,0.3));
#825 = CARTESIAN_POINT('',(13.189186190084,0.3));
#826 = CARTESIAN_POINT('',(13.153206336876,0.3));
#827 = CARTESIAN_POINT('',(12.931285082992,0.3));
#828 = CARTESIAN_POINT('',(12.745295374961,0.3));
#829 = CARTESIAN_POINT('',(12.559376048993,0.3));
#830 = CARTESIAN_POINT('',(12.37367509603,0.3));
#831 = CARTESIAN_POINT('',(12.188367801681,0.3));
#832 = CARTESIAN_POINT('',(12.003654186533,0.3));
#833 = CARTESIAN_POINT('',(11.819755893632,0.3));
#834 = CARTESIAN_POINT('',(11.543184533124,0.3));
#835 = CARTESIAN_POINT('',(11.449734209494,0.3));
#836 = CARTESIAN_POINT('',(11.356594750225,0.3));
#837 = CARTESIAN_POINT('',(11.263799938054,0.3));
#838 = CARTESIAN_POINT('',(11.171384002286,0.3));
#839 = CARTESIAN_POINT('',(11.079381480595,0.3));
#840 = CARTESIAN_POINT('',(10.987827080838,0.3));
#841 = CARTESIAN_POINT('',(10.803366301852,0.3));
#842 = CARTESIAN_POINT('',(10.71049760114,0.3));
#843 = CARTESIAN_POINT('',(10.617998720677,0.3));
#844 = CARTESIAN_POINT('',(10.525733680088,0.3));
#845 = CARTESIAN_POINT('',(10.433577707909,0.3));
#846 = CARTESIAN_POINT('',(10.341413285387,0.3));
#847 = CARTESIAN_POINT('',(10.249125764842,0.3));
#848 = CARTESIAN_POINT('',(10.036111924494,0.3));
#849 = CARTESIAN_POINT('',(9.915268059362,0.3));
#850 = CARTESIAN_POINT('',(9.793769416808,0.3));
#851 = CARTESIAN_POINT('',(9.671380118178,0.3));
#852 = CARTESIAN_POINT('',(9.547912771697,0.3));
#853 = CARTESIAN_POINT('',(9.423218989049,0.3));
#854 = CARTESIAN_POINT('',(9.297183603408,0.3));
#855 = CARTESIAN_POINT('',(9.089186395467,0.3));
#856 = CARTESIAN_POINT('',(9.008103348293,0.3));
#857 = CARTESIAN_POINT('',(8.926468383257,0.3));
#858 = CARTESIAN_POINT('',(8.844303803301,0.3));
#859 = CARTESIAN_POINT('',(8.761659469829,0.3));
#860 = CARTESIAN_POINT('',(8.678614469624,0.3));
#861 = CARTESIAN_POINT('',(8.595280257273,0.3));
#862 = CARTESIAN_POINT('',(8.47582522485,0.3));
#863 = CARTESIAN_POINT('',(8.439845453328,0.3));
#864 = CARTESIAN_POINT('',(8.403865749502,0.3));
#865 = CARTESIAN_POINT('',(8.367885983162,0.3));
#866 = CARTESIAN_POINT('',(8.331906102929,0.3));
#867 = CARTESIAN_POINT('',(8.295926136246,0.3));
#868 = CARTESIAN_POINT('',(8.259946189384,0.3));
#869 = CARTESIAN_POINT('',(8.107678072579,0.3));
#870 = CARTESIAN_POINT('',(7.992039133218,0.3));
#871 = CARTESIAN_POINT('',(7.877303938292,0.3));
#872 = CARTESIAN_POINT('',(7.763620600786,0.3));
#873 = CARTESIAN_POINT('',(7.651046064818,0.3));
#874 = CARTESIAN_POINT('',(7.539555325414,0.3));
#875 = CARTESIAN_POINT('',(7.42904484094,0.3));
#876 = CARTESIAN_POINT('',(7.188434220724,0.3));
#877 = CARTESIAN_POINT('',(7.058766173097,0.3));
#878 = CARTESIAN_POINT('',(6.930045618077,0.3));
#879 = CARTESIAN_POINT('',(6.80200967645,0.3));
#880 = CARTESIAN_POINT('',(6.674399807416,0.3));
#881 = CARTESIAN_POINT('',(6.5469488054,0.3));
#882 = CARTESIAN_POINT('',(6.419367953319,0.3));
#883 = CARTESIAN_POINT('',(6.230149484713,0.3));
#884 = CARTESIAN_POINT('',(6.168871689168,0.3));
#885 = CARTESIAN_POINT('',(6.107442575179,0.3));
#886 = CARTESIAN_POINT('',(6.045951704405,0.3));
#887 = CARTESIAN_POINT('',(5.98412070477,0.3));
#888 = CARTESIAN_POINT('',(5.922219504647,0.3));
#889 = CARTESIAN_POINT('',(5.8601283198,0.3));
#890 = CARTESIAN_POINT('',(5.605955504813,0.3));
#891 = CARTESIAN_POINT('',(5.412605008416,0.3));
#892 = CARTESIAN_POINT('',(5.218091339525,0.3));
#893 = CARTESIAN_POINT('',(5.022644827761,0.3));
#894 = CARTESIAN_POINT('',(4.826475332772,0.3));
#895 = CARTESIAN_POINT('',(4.629768387475,0.3));
#896 = CARTESIAN_POINT('',(4.432681800873,0.3));
#897 = CARTESIAN_POINT('',(4.086388230213,0.3));
#898 = CARTESIAN_POINT('',(3.937297208348,0.3));
#899 = CARTESIAN_POINT('',(3.788123772198,0.3));
#900 = CARTESIAN_POINT('',(3.638921664972,0.3));
#901 = CARTESIAN_POINT('',(3.489743885932,0.3));
#902 = CARTESIAN_POINT('',(3.340642320594,0.3));
#903 = CARTESIAN_POINT('',(3.191667370927,0.3));
#904 = CARTESIAN_POINT('',(3.00688782504,0.3));
#905 = CARTESIAN_POINT('',(2.970907955067,0.3));
#906 = CARTESIAN_POINT('',(2.934928044112,0.3));
#907 = CARTESIAN_POINT('',(2.898948139061,0.3));
#908 = CARTESIAN_POINT('',(2.862968265208,0.3));
#909 = CARTESIAN_POINT('',(2.826988426254,0.3));
#910 = CARTESIAN_POINT('',(2.79100860431,0.3));
#911 = CARTESIAN_POINT('',(2.641673319424,0.3));
#912 = CARTESIAN_POINT('',(2.52841275662,0.3));
#913 = CARTESIAN_POINT('',(2.415239266342,0.3));
#914 = CARTESIAN_POINT('',(2.302144868132,0.3));
#915 = CARTESIAN_POINT('',(2.189121406214,0.3));
#916 = CARTESIAN_POINT('',(2.076160549493,0.3));
#917 = CARTESIAN_POINT('',(1.963253791557,0.3));
#918 = CARTESIAN_POINT('',(1.752652661202,0.3));
#919 = CARTESIAN_POINT('',(1.654947026826,0.3));
#920 = CARTESIAN_POINT('',(1.557269932506,0.3));
#921 = CARTESIAN_POINT('',(1.459615757529,0.3));
#922 = CARTESIAN_POINT('',(1.361978875506,0.3));
#923 = CARTESIAN_POINT('',(1.264353654376,0.3));
#924 = CARTESIAN_POINT('',(1.166734456401,0.3));
#925 = CARTESIAN_POINT('',(0.935572026274,0.3));
#926 = CARTESIAN_POINT('',(0.802029385729,0.3));
#927 = CARTESIAN_POINT('',(0.668473096741,0.3));
#928 = CARTESIAN_POINT('',(0.534888917385,0.3));
#929 = CARTESIAN_POINT('',(0.401262953546,0.3));
#930 = CARTESIAN_POINT('',(0.267581628865,0.3));
#931 = CARTESIAN_POINT('',(0.133831654686,0.3));
#932 = CARTESIAN_POINT('',(0.,0.3));
#933 = ( GEOMETRIC_REPRESENTATION_CONTEXT(2) 
PARAMETRIC_REPRESENTATION_CONTEXT() REPRESENTATION_CONTEXT('2D SPACE',''
  ) );
#934 = ORIENTED_EDGE('',*,*,#935,.F.);
#935 = EDGE_CURVE('',#936,#454,#938,.T.);
#936 = VERTEX_POINT('',#937);
#937 = CARTESIAN_POINT('',(-9.353018456965,12.927361191462,4.));
#938 = SURFACE_CURVE('',#939,(#943,#950),.PCURVE_S1.);
#939 = LINE('',#940,#941);
#940 = CARTESIAN_POINT('',(-9.353018456965,-2.05,4.));
#941 = VECTOR('',#942,1.);
#942 = DIRECTION('',(-0.,1.,-0.));
#943 = PCURVE('',#292,#944);
#944 = DEFINITIONAL_REPRESENTATION('',(#945),#949);
#945 = LINE('',#946,#947);
#946 = CARTESIAN_POINT('',(17.931634725379,-3.195148834654));
#947 = VECTOR('',#948,1.);
#948 = DIRECTION('',(-0.104414136312,0.994533904972));
#949 = ( GEOMETRIC_REPRESENTATION_CONTEXT(2) 
PARAMETRIC_REPRESENTATION_CONTEXT() REPRESENTATION_CONTEXT('2D SPACE',''
  ) );
#950 = PCURVE('',#951,#956);
#951 = PLANE('',#952);
#952 = AXIS2_PLACEMENT_3D('',#953,#954,#955);
#953 = CARTESIAN_POINT('',(6.704723145528,-7.1,60.));
#954 = DIRECTION('',(0.961261695938,0.,-0.275637355817));
#955 = DIRECTION('',(0.,1.,0.));
#956 = DEFINITIONAL_REPRESENTATION('',(#957),#961);
#957 = LINE('',#958,#959);
#958 = CARTESIAN_POINT('',(5.05,-58.25676840825));
#959 = VECTOR('',#960,1.);
#960 = DIRECTION('',(1.,0.));
#961 = ( GEOMETRIC_REPRESENTATION_CONTEXT(2) 
PARAMETRIC_REPRESENTATION_CONTEXT() REPRESENTATION_CONTEXT('2D SPACE',''
  ) );
#962 = ORIENTED_EDGE('',*,*,#963,.T.);
#963 = EDGE_CURVE('',#936,#964,#966,.T.);
#964 = VERTEX_POINT('',#965);
#965 = CARTESIAN_POINT('',(15.596440875534,3.125,4.));
#966 = SURFACE_CURVE('',#967,(#990,#1016),.PCURVE_S1.);
#967 = B_SPLINE_CURVE_WITH_KNOTS('',6,(#968,#969,#970,#971,#972,#973,
    #974,#975,#976,#977,#978,#979,#980,#981,#982,#983,#984,#985,#986,
    #987,#988,#989),.UNSPECIFIED.,.F.,.F.,(7,5,5,5,7),(0.,0.250000000059
    ,0.499999999963,0.750000000934,1.),.UNSPECIFIED.);
#968 = CARTESIAN_POINT('',(-9.353024414789,12.927354889969,4.));
#969 = CARTESIAN_POINT('',(-8.36689749578,13.970365714846,4.));
#970 = CARTESIAN_POINT('',(-7.256141059115,14.896145758883,4.));
#971 = CARTESIAN_POINT('',(-6.038818152781,15.685324910508,4.));
#972 = CARTESIAN_POINT('',(-4.736061042302,16.323684293436,4.));
#973 = CARTESIAN_POINT('',(-3.370930269114,16.800409080713,4.));
#974 = CARTESIAN_POINT('',(-0.567722981394,17.419521689644,4.));
#975 = CARTESIAN_POINT('',(0.871207353724,17.562098085213,4.));
#976 = CARTESIAN_POINT('',(2.321642153943,17.531804994698,4.));
#977 = CARTESIAN_POINT('',(3.758111051966,17.328738780706,4.));
#978 = CARTESIAN_POINT('',(5.15545889223,16.956895328841,4.));
#979 = CARTESIAN_POINT('',(7.822830468881,15.895575196114,4.));
#980 = CARTESIAN_POINT('',(9.093666651462,15.205775249525,4.));
#981 = CARTESIAN_POINT('',(10.276977550841,14.366457597347,4.));
#982 = CARTESIAN_POINT('',(11.351739085097,13.392000594174,4.));
#983 = CARTESIAN_POINT('',(12.299377178305,12.299832744873,4.));
#984 = CARTESIAN_POINT('',(13.910971799996,9.924115109577,4.));
#985 = CARTESIAN_POINT('',(14.575419206724,8.639841701485,4.));
#986 = CARTESIAN_POINT('',(15.083497934505,7.280969076159,4.));
#987 = CARTESIAN_POINT('',(15.425881064045,5.871198689072,4.));
#988 = CARTESIAN_POINT('',(15.596981543036,4.435380741387,4.));
#989 = CARTESIAN_POINT('',(15.596981543035,3.,4.));
#990 = PCURVE('',#292,#991);
#991 = DEFINITIONAL_REPRESENTATION('',(#992),#1015);
#992 = B_SPLINE_CURVE_WITH_KNOTS('',6,(#993,#994,#995,#996,#997,#998,
    #999,#1000,#1001,#1002,#1003,#1004,#1005,#1006,#1007,#1008,#1009,
    #1010,#1011,#1012,#1013,#1014),.UNSPECIFIED.,.F.,.F.,(7,5,5,5,7),(0.
    ,0.250000000059,0.499999999963,0.750000000934,1.),.UNSPECIFIED.);
#993 = CARTESIAN_POINT('',(16.367781225051,11.700337788133));
#994 = CARTESIAN_POINT('',(17.239612806169,12.840613007268));
#995 = CARTESIAN_POINT('',(18.247633218885,13.877311323595));
#996 = CARTESIAN_POINT('',(19.375900663021,14.789282466861));
#997 = CARTESIAN_POINT('',(20.60488303571,15.560178775254));
#998 = CARTESIAN_POINT('',(21.912775067444,16.176836690177));
#999 = CARTESIAN_POINT('',(24.636015649404,17.085259638603));
#1000 = CARTESIAN_POINT('',(26.052193663369,17.3773013662));
#1001 = CARTESIAN_POINT('',(27.497863276021,17.498619757537));
#1002 = CARTESIAN_POINT('',(28.947683281889,17.446651182093));
#1003 = CARTESIAN_POINT('',(30.37621879894,17.22274312974));
#1004 = CARTESIAN_POINT('',(33.139827094087,16.445735573112));
#1005 = CARTESIAN_POINT('',(34.47574163098,15.892399400979));
#1006 = CARTESIAN_POINT('',(35.740221068278,15.181223924394));
#1007 = CARTESIAN_POINT('',(36.910854940214,14.324313693142));
#1008 = CARTESIAN_POINT('',(37.967350916244,13.337062550131));
#1009 = CARTESIAN_POINT('',(39.818194913596,11.142604073698));
#1010 = CARTESIAN_POINT('',(40.613106686351,9.934728328194));
#1011 = CARTESIAN_POINT('',(41.260293719055,8.636334031309));
#1012 = CARTESIAN_POINT('',(41.748005307238,7.270019221885));
#1013 = CARTESIAN_POINT('',(42.06809022566,5.859914900281));
#1014 = CARTESIAN_POINT('',(42.217964266049,4.432380086429));
#1015 = ( GEOMETRIC_REPRESENTATION_CONTEXT(2) 
PARAMETRIC_REPRESENTATION_CONTEXT() REPRESENTATION_CONTEXT('2D SPACE',''
  ) );
#1016 = PCURVE('',#1017,#1048);
#1017 = B_SPLINE_SURFACE_WITH_KNOTS('',14,1,(
    (#1018,#1019)
    ,(#1020,#1021)
    ,(#1022,#1023)
    ,(#1024,#1025)
    ,(#1026,#1027)
    ,(#1028,#1029)
    ,(#1030,#1031)
    ,(#1032,#1033)
    ,(#1034,#1035)
    ,(#1036,#1037)
    ,(#1038,#1039)
    ,(#1040,#1041)
    ,(#1042,#1043)
    ,(#1044,#1045)
    ,(#1046,#1047
    )),.UNSPECIFIED.,.T.,.F.,.F.,(15,15),(2,2),(0.,6.28318530718),(0.,1.
    ),.PIECEWISE_BEZIER_KNOTS.);
#1018 = CARTESIAN_POINT('',(8.715092284824,3.,-20.));
#1019 = CARTESIAN_POINT('',(31.654723145529,3.,60.));
#1020 = CARTESIAN_POINT('',(8.715092284828,9.485144834915,-20.));
#1021 = CARTESIAN_POINT('',(31.654723145531,9.485144834915,
    60.000000000007));
#1022 = CARTESIAN_POINT('',(5.580679765476,15.970292063633,-20.));
#1023 = CARTESIAN_POINT('',(28.520310626187,15.970292063633,
    59.999999999972));
#1024 = CARTESIAN_POINT('',(-0.688149280184,20.81423955799,
    -19.99999999998));
#1025 = CARTESIAN_POINT('',(22.251481580496,20.81423955799,
    60.000000000059));
#1026 = CARTESIAN_POINT('',(-9.153931098204,22.375970259668,
    -20.00000000004));
#1027 = CARTESIAN_POINT('',(13.785699762566,22.375970259668,
    59.999999999926));
#1028 = CARTESIAN_POINT('',(-17.94191600791,19.602715641629,
    -19.99999999991));
#1029 = CARTESIAN_POINT('',(4.997714852657,19.602715641629,
    60.00000000004));
#1030 = CARTESIAN_POINT('',(-24.65056030425,12.622041794024,
    -20.00000000014));
#1031 = CARTESIAN_POINT('',(-1.71092944335,12.622041794024,
    60.000000000049));
#1032 = CARTESIAN_POINT('',(-27.17623101466,3.000000000246,
    -19.99999999983));
#1033 = CARTESIAN_POINT('',(-4.236600154194,3.000000000246,
    59.999999999848));
#1034 = CARTESIAN_POINT('',(-24.65056030424,-6.622041794475,
    -20.00000000016));
#1035 = CARTESIAN_POINT('',(-1.710929443316,-6.622041794475,
    60.000000000211));
#1036 = CARTESIAN_POINT('',(-17.94191600792,-13.60271564128,
    -19.99999999987));
#1037 = CARTESIAN_POINT('',(4.997714852606,-13.60271564128,59.9999999998
    ));
#1038 = CARTESIAN_POINT('',(-9.153931098198,-16.37597025988,
    -20.00000000007));
#1039 = CARTESIAN_POINT('',(13.785699762613,-16.37597025988,
    60.000000000142));
#1040 = CARTESIAN_POINT('',(-0.688149280187,-14.81423955788,
    -19.99999999996));
#1041 = CARTESIAN_POINT('',(22.251481580467,-14.81423955788,
    59.999999999925));
#1042 = CARTESIAN_POINT('',(5.580679765477,-9.970292063671,
    -20.00000000001));
#1043 = CARTESIAN_POINT('',(28.5203106262,-9.970292063671,
    60.000000000028));
#1044 = CARTESIAN_POINT('',(8.715092284827,-3.485144834907,
    -19.99999999999));
#1045 = CARTESIAN_POINT('',(31.654723145528,-3.485144834907,
    59.999999999994));
#1046 = CARTESIAN_POINT('',(8.715092284824,3.,-20.));
#1047 = CARTESIAN_POINT('',(31.654723145528,3.,60.));
#1048 = DEFINITIONAL_REPRESENTATION('',(#1049),#1072);
#1049 = B_SPLINE_CURVE_WITH_KNOTS('',6,(#1050,#1051,#1052,#1053,#1054,
    #1055,#1056,#1057,#1058,#1059,#1060,#1061,#1062,#1063,#1064,#1065,
    #1066,#1067,#1068,#1069,#1070,#1071),.UNSPECIFIED.,.F.,.F.,(7,5,5,5,
    7),(0.,0.250000000059,0.499999999963,0.750000000934,1.),
  .UNSPECIFIED.);
#1050 = CARTESIAN_POINT('',(2.384220682128,0.3));
#1051 = CARTESIAN_POINT('',(2.284886375032,0.3));
#1052 = CARTESIAN_POINT('',(2.185522441291,0.3));
#1053 = CARTESIAN_POINT('',(2.086193097632,0.3));
#1054 = CARTESIAN_POINT('',(1.986863753713,0.3));
#1055 = CARTESIAN_POINT('',(1.887499819376,0.3));
#1056 = CARTESIAN_POINT('',(1.688831203878,0.3));
#1057 = CARTESIAN_POINT('',(1.589467270003,0.3));
#1058 = CARTESIAN_POINT('',(1.490137926423,0.3));
#1059 = CARTESIAN_POINT('',(1.390808582782,0.3));
#1060 = CARTESIAN_POINT('',(1.291444648797,0.3));
#1061 = CARTESIAN_POINT('',(1.092776032908,0.3));
#1062 = CARTESIAN_POINT('',(0.993412098301,0.3));
#1063 = CARTESIAN_POINT('',(0.894082754497,0.3));
#1064 = CARTESIAN_POINT('',(0.794753411511,0.3));
#1065 = CARTESIAN_POINT('',(0.69538947813,0.3));
#1066 = CARTESIAN_POINT('',(0.496720863691,0.3));
#1067 = CARTESIAN_POINT('',(0.39735692862,0.3));
#1068 = CARTESIAN_POINT('',(0.298027584138,0.3));
#1069 = CARTESIAN_POINT('',(0.198698233179,0.3));
#1070 = CARTESIAN_POINT('',(9.933430736232E-02,0.3));
#1071 = CARTESIAN_POINT('',(0.,0.3));
#1072 = ( GEOMETRIC_REPRESENTATION_CONTEXT(2) 
PARAMETRIC_REPRESENTATION_CONTEXT() REPRESENTATION_CONTEXT('2D SPACE',''
  ) );
#1073 = ORIENTED_EDGE('',*,*,#1074,.F.);
#1074 = EDGE_CURVE('',#219,#964,#1075,.T.);
#1075 = SURFACE_CURVE('',#1076,(#1080,#1087),.PCURVE_S1.);
#1076 = LINE('',#1077,#1078);
#1077 = CARTESIAN_POINT('',(-63.42650922848,3.125,4.));
#1078 = VECTOR('',#1079,1.);
#1079 = DIRECTION('',(-1.,0.,-0.));
#1080 = PCURVE('',#292,#1081);
#1081 = DEFINITIONAL_REPRESENTATION('',(#1082),#1086);
#1082 = LINE('',#1083,#1084);
#1083 = CARTESIAN_POINT('',(-36.38662836248,-3.694472712688));
#1084 = VECTOR('',#1085,1.);
#1085 = DIRECTION('',(-0.994533904972,-0.104414136312));
#1086 = ( GEOMETRIC_REPRESENTATION_CONTEXT(2) 
PARAMETRIC_REPRESENTATION_CONTEXT() REPRESENTATION_CONTEXT('2D SPACE',''
  ) );
#1087 = PCURVE('',#238,#1088);
#1088 = DEFINITIONAL_REPRESENTATION('',(#1089),#1093);
#1089 = LINE('',#1090,#1091);
#1090 = CARTESIAN_POINT('',(104.,36.573490771518));
#1091 = VECTOR('',#1092,1.);
#1092 = DIRECTION('',(0.,-1.));
#1093 = ( GEOMETRIC_REPRESENTATION_CONTEXT(2) 
PARAMETRIC_REPRESENTATION_CONTEXT() REPRESENTATION_CONTEXT('2D SPACE',''
  ) );
#1094 = FACE_BOUND('',#1095,.T.);
#1095 = EDGE_LOOP('',(#1096));
#1096 = ORIENTED_EDGE('',*,*,#1097,.T.);
#1097 = EDGE_CURVE('',#1098,#1098,#1100,.T.);
#1098 = VERTEX_POINT('',#1099);
#1099 = CARTESIAN_POINT('',(-7.853018456965,17.375,4.));
#1100 = SURFACE_CURVE('',#1101,(#1106,#1117),.PCURVE_S1.);
#1101 = CIRCLE('',#1102,1.5);
#1102 = AXIS2_PLACEMENT_3D('',#1103,#1104,#1105);
#1103 = CARTESIAN_POINT('',(-9.353018456965,17.375,4.));
#1104 = DIRECTION('',(0.,0.,-1.));
#1105 = DIRECTION('',(1.,0.,0.));
#1106 = PCURVE('',#292,#1107);
#1107 = DEFINITIONAL_REPRESENTATION('',(#1108),#1116);
#1108 = ( BOUNDED_CURVE() B_SPLINE_CURVE(2,(#1109,#1110,#1111,#1112,
#1113,#1114,#1115),.UNSPECIFIED.,.T.,.F.) B_SPLINE_CURVE_WITH_KNOTS((1,2
    ,2,2,2,1),(-2.094395102393,0.,2.094395102393,4.188790204786,
6.28318530718,8.377580409573),.UNSPECIFIED.) CURVE() 
GEOMETRIC_REPRESENTATION_ITEM() RATIONAL_B_SPLINE_CURVE((1.,0.5,1.,0.5,
1.,0.5,1.)) REPRESENTATION_ITEM('') );
#1109 = CARTESIAN_POINT('',(17.395190984983,16.280293473889));
#1110 = CARTESIAN_POINT('',(17.666466868663,13.696418593998));
#1111 = CARTESIAN_POINT('',(15.293127640637,14.753424227243));
#1112 = CARTESIAN_POINT('',(12.91978841261,15.810429860487));
#1113 = CARTESIAN_POINT('',(15.021851756957,17.337299107134));
#1114 = CARTESIAN_POINT('',(17.123915101303,18.864168353781));
#1115 = CARTESIAN_POINT('',(17.395190984983,16.280293473889));
#1116 = ( GEOMETRIC_REPRESENTATION_CONTEXT(2) 
PARAMETRIC_REPRESENTATION_CONTEXT() REPRESENTATION_CONTEXT('2D SPACE',''
  ) );
#1117 = PCURVE('',#1118,#1123);
#1118 = CYLINDRICAL_SURFACE('',#1119,1.5);
#1119 = AXIS2_PLACEMENT_3D('',#1120,#1121,#1122);
#1120 = CARTESIAN_POINT('',(-9.353018456965,17.375,3.4));
#1121 = DIRECTION('',(-0.,-0.,-1.));
#1122 = DIRECTION('',(1.,0.,0.));
#1123 = DEFINITIONAL_REPRESENTATION('',(#1124),#1128);
#1124 = LINE('',#1125,#1126);
#1125 = CARTESIAN_POINT('',(-6.28318530718,-0.6));
#1126 = VECTOR('',#1127,1.);
#1127 = DIRECTION('',(1.,-0.));
#1128 = ( GEOMETRIC_REPRESENTATION_CONTEXT(2) 
PARAMETRIC_REPRESENTATION_CONTEXT() REPRESENTATION_CONTEXT('2D SPACE',''
  ) );
#1129 = ADVANCED_FACE('',(#1130),#238,.F.);
#1130 = FACE_BOUND('',#1131,.F.);
#1131 = EDGE_LOOP('',(#1132,#1133,#1156,#1189));
#1132 = ORIENTED_EDGE('',*,*,#218,.F.);
#1133 = ORIENTED_EDGE('',*,*,#1134,.T.);
#1134 = EDGE_CURVE('',#139,#1135,#1137,.T.);
#1135 = VERTEX_POINT('',#1136);
#1136 = CARTESIAN_POINT('',(14.449459332498,3.125,0.));
#1137 = SURFACE_CURVE('',#1138,(#1142,#1149),.PCURVE_S1.);
#1138 = LINE('',#1139,#1140);
#1139 = CARTESIAN_POINT('',(-64.,3.125,0.));
#1140 = VECTOR('',#1141,1.);
#1141 = DIRECTION('',(-1.,0.,-0.));
#1142 = PCURVE('',#238,#1143);
#1143 = DEFINITIONAL_REPRESENTATION('',(#1144),#1148);
#1144 = LINE('',#1145,#1146);
#1145 = CARTESIAN_POINT('',(100.,36.));
#1146 = VECTOR('',#1147,1.);
#1147 = DIRECTION('',(0.,-1.));
#1148 = ( GEOMETRIC_REPRESENTATION_CONTEXT(2) 
PARAMETRIC_REPRESENTATION_CONTEXT() REPRESENTATION_CONTEXT('2D SPACE',''
  ) );
#1149 = PCURVE('',#180,#1150);
#1150 = DEFINITIONAL_REPRESENTATION('',(#1151),#1155);
#1151 = LINE('',#1152,#1153);
#1152 = CARTESIAN_POINT('',(-35.81627234602,-3.634592169097));
#1153 = VECTOR('',#1154,1.);
#1154 = DIRECTION('',(-0.994533904972,-0.104414136312));
#1155 = ( GEOMETRIC_REPRESENTATION_CONTEXT(2) 
PARAMETRIC_REPRESENTATION_CONTEXT() REPRESENTATION_CONTEXT('2D SPACE',''
  ) );
#1156 = ORIENTED_EDGE('',*,*,#1157,.T.);
#1157 = EDGE_CURVE('',#1135,#964,#1158,.T.);
#1158 = SURFACE_CURVE('',#1159,(#1167,#1178),.PCURVE_S1.);
#1159 = B_SPLINE_CURVE_WITH_KNOTS('',3,(#1160,#1161,#1162,#1163,#1164,
    #1165,#1166),.UNSPECIFIED.,.F.,.F.,(4,1,1,1,4),(0.,0.3,0.58,0.86,1.)
  ,.UNSPECIFIED.);
#1160 = CARTESIAN_POINT('',(14.449459332498,3.125,0.));
#1161 = CARTESIAN_POINT('',(14.564157486802,3.125,0.4));
#1162 = CARTESIAN_POINT('',(14.785907251789,3.125,1.173333333333));
#1163 = CARTESIAN_POINT('',(15.114708627459,3.125,2.32));
#1164 = CARTESIAN_POINT('',(15.382337654167,3.125,3.253333333333));
#1165 = CARTESIAN_POINT('',(15.542915070192,3.125,3.813333333333));
#1166 = CARTESIAN_POINT('',(15.596440875534,3.125,4.));
#1167 = PCURVE('',#238,#1168);
#1168 = DEFINITIONAL_REPRESENTATION('',(#1169),#1177);
#1169 = B_SPLINE_CURVE_WITH_KNOTS('',3,(#1170,#1171,#1172,#1173,#1174,
    #1175,#1176),.UNSPECIFIED.,.F.,.F.,(4,1,1,1,4),(0.,0.3,0.58,0.86,1.)
  ,.UNSPECIFIED.);
#1170 = CARTESIAN_POINT('',(100.,114.44945933249));
#1171 = CARTESIAN_POINT('',(100.4,114.5641574868));
#1172 = CARTESIAN_POINT('',(101.17333333333,114.78590725178));
#1173 = CARTESIAN_POINT('',(102.32,115.11470862745));
#1174 = CARTESIAN_POINT('',(103.25333333333,115.38233765416));
#1175 = CARTESIAN_POINT('',(103.81333333333,115.54291507019));
#1176 = CARTESIAN_POINT('',(104.,115.59644087553));
#1177 = ( GEOMETRIC_REPRESENTATION_CONTEXT(2) 
PARAMETRIC_REPRESENTATION_CONTEXT() REPRESENTATION_CONTEXT('2D SPACE',''
  ) );
#1178 = PCURVE('',#1017,#1179);
#1179 = DEFINITIONAL_REPRESENTATION('',(#1180),#1188);
#1180 = B_SPLINE_CURVE_WITH_KNOTS('',3,(#1181,#1182,#1183,#1184,#1185,
    #1186,#1187),.UNSPECIFIED.,.F.,.F.,(4,1,1,1,4),(0.,0.3,0.58,0.86,1.)
  ,.UNSPECIFIED.);
#1181 = CARTESIAN_POINT('',(8.650626896472E-03,0.25));
#1182 = CARTESIAN_POINT('',(8.650626896472E-03,0.255));
#1183 = CARTESIAN_POINT('',(8.650626896472E-03,0.264666666667));
#1184 = CARTESIAN_POINT('',(8.650626896472E-03,0.279));
#1185 = CARTESIAN_POINT('',(8.650626896472E-03,0.290666666667));
#1186 = CARTESIAN_POINT('',(8.650626896472E-03,0.297666666667));
#1187 = CARTESIAN_POINT('',(8.650626896472E-03,0.3));
#1188 = ( GEOMETRIC_REPRESENTATION_CONTEXT(2) 
PARAMETRIC_REPRESENTATION_CONTEXT() REPRESENTATION_CONTEXT('2D SPACE',''
  ) );
#1189 = ORIENTED_EDGE('',*,*,#1074,.F.);
#1190 = ADVANCED_FACE('',(#1191,#1779),#180,.F.);
#1191 = FACE_BOUND('',#1192,.F.);
#1192 = EDGE_LOOP('',(#1193,#1194,#1195,#1677,#1700,#1778));
#1193 = ORIENTED_EDGE('',*,*,#138,.F.);
#1194 = ORIENTED_EDGE('',*,*,#405,.F.);
#1195 = ORIENTED_EDGE('',*,*,#1196,.T.);
#1196 = EDGE_CURVE('',#334,#1197,#1199,.T.);
#1197 = VERTEX_POINT('',#1198);
#1198 = CARTESIAN_POINT('',(-10.5,13.1,0.));
#1199 = SURFACE_CURVE('',#1200,(#1357,#1517),.PCURVE_S1.);
#1200 = B_SPLINE_CURVE_WITH_KNOTS('',8,(#1201,#1202,#1203,#1204,#1205,
    #1206,#1207,#1208,#1209,#1210,#1211,#1212,#1213,#1214,#1215,#1216,
    #1217,#1218,#1219,#1220,#1221,#1222,#1223,#1224,#1225,#1226,#1227,
    #1228,#1229,#1230,#1231,#1232,#1233,#1234,#1235,#1236,#1237,#1238,
    #1239,#1240,#1241,#1242,#1243,#1244,#1245,#1246,#1247,#1248,#1249,
    #1250,#1251,#1252,#1253,#1254,#1255,#1256,#1257,#1258,#1259,#1260,
    #1261,#1262,#1263,#1264,#1265,#1266,#1267,#1268,#1269,#1270,#1271,
    #1272,#1273,#1274,#1275,#1276,#1277,#1278,#1279,#1280,#1281,#1282,
    #1283,#1284,#1285,#1286,#1287,#1288,#1289,#1290,#1291,#1292,#1293,
    #1294,#1295,#1296,#1297,#1298,#1299,#1300,#1301,#1302,#1303,#1304,
    #1305,#1306,#1307,#1308,#1309,#1310,#1311,#1312,#1313,#1314,#1315,
    #1316,#1317,#1318,#1319,#1320,#1321,#1322,#1323,#1324,#1325,#1326,
    #1327,#1328,#1329,#1330,#1331,#1332,#1333,#1334,#1335,#1336,#1337,
    #1338,#1339,#1340,#1341,#1342,#1343,#1344,#1345,#1346,#1347,#1348,
    #1349,#1350,#1351,#1352,#1353,#1354,#1355,#1356),.UNSPECIFIED.,.F.,
  .F.,(9,7,7,7,7,7,7,7,7,7,7,7,7,7,7,7,7,7,7,7,7,7,9),(0.,0.192520487226
    ,0.221682525564,0.278045429494,0.328411865078,0.353494458183,
    0.365052780944,0.378537431332,0.448225174808,0.483948056672,
    0.520580059358,0.568281348741,0.598421390253,0.611412589457,
    0.653400812867,0.703495165686,0.727434310087,0.801269336984,
    0.8570011199,0.870477054675,0.912933339491,0.949701184948,1.),
  .UNSPECIFIED.);
#1201 = CARTESIAN_POINT('',(-21.20000427921,2.412589224562,0.));
#1202 = CARTESIAN_POINT('',(-21.19999760274,2.922447441803,0.));
#1203 = CARTESIAN_POINT('',(-21.19999427981,3.432204493321,0.));
#1204 = CARTESIAN_POINT('',(-21.20000814434,3.941976693008,0.));
#1205 = CARTESIAN_POINT('',(-21.20002156183,4.451882905049,0.));
#1206 = CARTESIAN_POINT('',(-21.20003044979,4.962039731016,0.));
#1207 = CARTESIAN_POINT('',(-21.20003574459,5.472562435436,0.));
#1208 = CARTESIAN_POINT('',(-21.20002655578,5.983566310142,0.));
#1209 = CARTESIAN_POINT('',(-21.19999626463,6.572657306647,0.));
#1210 = CARTESIAN_POINT('',(-21.19999231159,6.650165142141,0.));
#1211 = CARTESIAN_POINT('',(-21.19997868999,6.727684617146,0.));
#1212 = CARTESIAN_POINT('',(-21.19994570005,6.805213659703,0.));
#1213 = CARTESIAN_POINT('',(-21.19988364249,6.882750192918,0.));
#1214 = CARTESIAN_POINT('',(-21.19978281851,6.960292134961,0.));
#1215 = CARTESIAN_POINT('',(-21.19963352984,7.037837399068,0.));
#1216 = CARTESIAN_POINT('',(-21.19902512761,7.265261812476,0.));
#1217 = CARTESIAN_POINT('',(-21.19840677559,7.415144094273,0.));
#1218 = CARTESIAN_POINT('',(-21.19750123556,7.565015885287,0.));
#1219 = CARTESIAN_POINT('',(-21.19623835269,7.714861832151,0.));
#1220 = CARTESIAN_POINT('',(-21.19454760438,7.864666081775,0.));
#1221 = CARTESIAN_POINT('',(-21.19235810024,8.014412281347,0.));
#1222 = CARTESIAN_POINT('',(-21.18959858211,8.164083578332,0.));
#1223 = CARTESIAN_POINT('',(-21.18315811636,8.447327897907,0.));
#1224 = CARTESIAN_POINT('',(-21.1796062942,8.580919209735,0.));
#1225 = CARTESIAN_POINT('',(-21.17549076393,8.714424144863,0.));
#1226 = CARTESIAN_POINT('',(-21.17075984986,8.847829601642,0.));
#1227 = CARTESIAN_POINT('',(-21.16536139431,8.981121787865,0.));
#1228 = CARTESIAN_POINT('',(-21.1592427576,9.11428622077,0.));
#1229 = CARTESIAN_POINT('',(-21.15235081802,9.247307727037,0.));
#1230 = CARTESIAN_POINT('',(-21.14078796991,9.446336360616,0.));
#1231 = CARTESIAN_POINT('',(-21.13673888161,9.512462860825,0.));
#1232 = CARTESIAN_POINT('',(-21.13247807832,9.578547966153,0.));
#1233 = CARTESIAN_POINT('',(-21.12799889781,9.644589639652,0.));
#1234 = CARTESIAN_POINT('',(-21.12329464424,9.710585784694,0.));
#1235 = CARTESIAN_POINT('',(-21.11835858817,9.776534244966,0.));
#1236 = CARTESIAN_POINT('',(-21.11318396657,9.842432804476,0.));
#1237 = CARTESIAN_POINT('',(-21.10526639731,9.938621893546,0.));
#1238 = CARTESIAN_POINT('',(-21.10271733696,9.968946908154,0.));
#1239 = CARTESIAN_POINT('',(-21.10011653037,9.999253803814,0.));
#1240 = CARTESIAN_POINT('',(-21.09746297303,10.029542447962,0.));
#1241 = CARTESIAN_POINT('',(-21.09475492734,10.059813003033,0.));
#1242 = CARTESIAN_POINT('',(-21.09198992264,10.090065926461,0.));
#1243 = CARTESIAN_POINT('',(-21.08916475513,10.120301970675,0.));
#1244 = CARTESIAN_POINT('',(-21.08290469117,10.185778942034,0.));
#1245 = CARTESIAN_POINT('',(-21.07944757039,10.221013616589,0.));
#1246 = CARTESIAN_POINT('',(-21.07589967741,10.25622707194,0.));
#1247 = CARTESIAN_POINT('',(-21.072256564,10.291420173256,0.));
#1248 = CARTESIAN_POINT('',(-21.06851378194,10.326593785706,0.));
#1249 = CARTESIAN_POINT('',(-21.06466688299,10.361748774461,0.));
#1250 = CARTESIAN_POINT('',(-21.06071141894,10.39688600469,0.));
#1251 = CARTESIAN_POINT('',(-21.03561733089,10.613505821079,0.));
#1252 = CARTESIAN_POINT('',(-21.01156787928,10.794601285302,0.));
#1253 = CARTESIAN_POINT('',(-20.98389164069,10.975295833932,0.));
#1254 = CARTESIAN_POINT('',(-20.95199755378,11.155565965858,0.));
#1255 = CARTESIAN_POINT('',(-20.91532026903,11.335362325214,0.));
#1256 = CARTESIAN_POINT('',(-20.87333627661,11.514610226515,0.));
#1257 = CARTESIAN_POINT('',(-20.82558233483,11.693209958875,0.));
#1258 = CARTESIAN_POINT('',(-20.74404318367,11.96219335389,0.));
#1259 = CARTESIAN_POINT('',(-20.71479367044,12.05314631482,0.));
#1260 = CARTESIAN_POINT('',(-20.68387637186,12.143878073901,0.));
#1261 = CARTESIAN_POINT('',(-20.65124551065,12.234369867334,0.));
#1262 = CARTESIAN_POINT('',(-20.61686129594,12.324601876244,0.));
#1263 = CARTESIAN_POINT('',(-20.58069039913,12.414553257192,0.));
#1264 = CARTESIAN_POINT('',(-20.54270642974,12.504202172699,0.));
#1265 = CARTESIAN_POINT('',(-20.46206110473,12.685122691383,0.));
#1266 = CARTESIAN_POINT('',(-20.41930542928,12.776381828577,0.));
#1267 = CARTESIAN_POINT('',(-20.3746338867,12.867115940855,0.));
#1268 = CARTESIAN_POINT('',(-20.32804334075,12.957135648038,0.));
#1269 = CARTESIAN_POINT('',(-20.27951873878,13.046246691688,0.));
#1270 = CARTESIAN_POINT('',(-20.22903375183,13.134246161127,0.));
#1271 = CARTESIAN_POINT('',(-20.1765503331,13.220917736069,0.));
#1272 = CARTESIAN_POINT('',(-20.05100548864,13.416851755131,0.));
#1273 = CARTESIAN_POINT('',(-19.97654709059,13.524981651127,0.));
#1274 = CARTESIAN_POINT('',(-19.89850854912,13.629938756025,0.));
#1275 = CARTESIAN_POINT('',(-19.81675098883,13.731128587388,0.));
#1276 = CARTESIAN_POINT('',(-19.73113767568,13.827829137667,0.));
#1277 = CARTESIAN_POINT('',(-19.64154043819,13.91918468405,0.));
#1278 = CARTESIAN_POINT('',(-19.54784494438,14.004203328633,0.));
#1279 = CARTESIAN_POINT('',(-19.38810300617,14.130761328374,0.));
#1280 = CARTESIAN_POINT('',(-19.32459371847,14.176771124025,0.));
#1281 = CARTESIAN_POINT('',(-19.25941631535,14.21949646021,0.));
#1282 = CARTESIAN_POINT('',(-19.19258184305,14.258616258422,0.));
#1283 = CARTESIAN_POINT('',(-19.12412670997,14.293786813172,0.));
#1284 = CARTESIAN_POINT('',(-19.05411766628,14.32465516457,0.));
#1285 = CARTESIAN_POINT('',(-18.98265810319,14.350878587633,0.));
#1286 = CARTESIAN_POINT('',(-18.8785330334,14.381318856274,0.));
#1287 = CARTESIAN_POINT('',(-18.84695075145,14.389552403084,0.));
#1288 = CARTESIAN_POINT('',(-18.81515377704,14.3968731915,0.));
#1289 = CARTESIAN_POINT('',(-18.78314715583,14.403303893778,0.));
#1290 = CARTESIAN_POINT('',(-18.75093602845,14.408867501667,0.));
#1291 = CARTESIAN_POINT('',(-18.71852563053,14.413587326409,0.));
#1292 = CARTESIAN_POINT('',(-18.68592129264,14.41748699874,0.));
#1293 = CARTESIAN_POINT('',(-18.54714025665,14.430621043895,0.));
#1294 = CARTESIAN_POINT('',(-18.43977234063,14.432273391289,0.));
#1295 = CARTESIAN_POINT('',(-18.33147158024,14.426478746835,0.));
#1296 = CARTESIAN_POINT('',(-18.22260205464,14.414234178668,0.));
#1297 = CARTESIAN_POINT('',(-18.11343772972,14.396511096917,0.));
#1298 = CARTESIAN_POINT('',(-18.00415775299,14.374199120954,0.));
#1299 = CARTESIAN_POINT('',(-17.894844348,14.348085304264,0.));
#1300 = CARTESIAN_POINT('',(-17.65500933073,14.284011656654,0.));
#1301 = CARTESIAN_POINT('',(-17.52456236783,14.244763338365,0.));
#1302 = CARTESIAN_POINT('',(-17.39415264101,14.202325171741,0.));
#1303 = CARTESIAN_POINT('',(-17.2637747526,14.157763145504,0.));
#1304 = CARTESIAN_POINT('',(-17.13340547648,14.112052139488,0.));
#1305 = CARTESIAN_POINT('',(-17.00300134376,14.066119660371,0.));
#1306 = CARTESIAN_POINT('',(-16.87249602338,14.020889001052,0.));
#1307 = CARTESIAN_POINT('',(-16.67933914245,13.956501893072,0.));
#1308 = CARTESIAN_POINT('',(-16.61684462173,13.936053050381,0.));
#1309 = CARTESIAN_POINT('',(-16.55430408411,13.916180715879,0.));
#1310 = CARTESIAN_POINT('',(-16.49174141224,13.896607058901,0.));
#1311 = CARTESIAN_POINT('',(-16.42911186493,13.878326202693,0.));
#1312 = CARTESIAN_POINT('',(-16.36645875884,13.860373957868,0.));
#1313 = CARTESIAN_POINT('',(-16.30377173333,13.843217617667,0.));
#1314 = CARTESIAN_POINT('',(-16.04765225774,13.775759645802,0.));
#1315 = CARTESIAN_POINT('',(-15.85400638581,13.731072271208,0.));
#1316 = CARTESIAN_POINT('',(-15.66025104472,13.692130702708,0.));
#1317 = CARTESIAN_POINT('',(-15.46647752549,13.658329116965,0.));
#1318 = CARTESIAN_POINT('',(-15.27274353039,13.628987758376,0.));
#1319 = CARTESIAN_POINT('',(-15.0790736645,13.60337396025,0.));
#1320 = CARTESIAN_POINT('',(-14.88545977454,13.580720597209,0.));
#1321 = CARTESIAN_POINT('',(-14.54572998529,13.544784393698,0.));
#1322 = CARTESIAN_POINT('',(-14.39961470591,13.530566592069,0.));
#1323 = CARTESIAN_POINT('',(-14.25349714586,13.517250122524,0.));
#1324 = CARTESIAN_POINT('',(-14.10735796019,13.504491393306,0.));
#1325 = CARTESIAN_POINT('',(-13.96117676983,13.491944200949,0.));
#1326 = CARTESIAN_POINT('',(-13.81493232161,13.479262268941,0.));
#1327 = CARTESIAN_POINT('',(-13.66860264827,13.466101786389,0.));
#1328 = CARTESIAN_POINT('',(-13.48675668746,13.448744107625,0.));
#1329 = CARTESIAN_POINT('',(-13.45133120354,13.445313434573,0.));
#1330 = CARTESIAN_POINT('',(-13.41588910631,13.441832806086,0.));
#1331 = CARTESIAN_POINT('',(-13.38043074481,13.438303283204,0.));
#1332 = CARTESIAN_POINT('',(-13.34495648749,13.434726109446,0.));
#1333 = CARTESIAN_POINT('',(-13.30946672222,13.431102710806,0.));
#1334 = CARTESIAN_POINT('',(-13.27396185625,13.427434695754,0.));
#1335 = CARTESIAN_POINT('',(-13.12653707696,13.412032755169,0.));
#1336 = CARTESIAN_POINT('',(-13.0145795476,13.399924003314,0.));
#1337 = CARTESIAN_POINT('',(-12.90257455716,13.387443070301,0.));
#1338 = CARTESIAN_POINT('',(-12.79052665292,13.374635052393,0.));
#1339 = CARTESIAN_POINT('',(-12.67844010042,13.361544671482,0.));
#1340 = CARTESIAN_POINT('',(-12.56631888353,13.348216275092,0.));
#1341 = CARTESIAN_POINT('',(-12.45416670438,13.334693836377,0.));
#1342 = CARTESIAN_POINT('',(-12.24483748811,13.309180011755,0.));
#1343 = CARTESIAN_POINT('',(-12.14766745151,13.29722633404,0.));
#1344 = CARTESIAN_POINT('',(-12.05047912327,13.285188259368,0.));
#1345 = CARTESIAN_POINT('',(-11.95327472567,13.273094072384,0.));
#1346 = CARTESIAN_POINT('',(-11.85605645366,13.260972003993,0.));
#1347 = CARTESIAN_POINT('',(-11.75882647483,13.248850231354,0.));
#1348 = CARTESIAN_POINT('',(-11.6615869294,13.236756877885,0.));
#1349 = CARTESIAN_POINT('',(-11.43130497103,13.208253450696,0.));
#1350 = CARTESIAN_POINT('',(-11.29825634082,13.19189270565,0.));
#1351 = CARTESIAN_POINT('',(-11.16519932525,13.175709795296,0.));
#1352 = CARTESIAN_POINT('',(-11.03213957918,13.159776854269,0.));
#1353 = CARTESIAN_POINT('',(-10.89908313905,13.144166284895,0.));
#1354 = CARTESIAN_POINT('',(-10.76603643515,13.128950907412,0.));
#1355 = CARTESIAN_POINT('',(-10.63300630386,13.114204110198,0.));
#1356 = CARTESIAN_POINT('',(-10.5,13.1,0.));
#1357 = PCURVE('',#180,#1358);
#1358 = DEFINITIONAL_REPRESENTATION('',(#1359),#1516);
#1359 = B_SPLINE_CURVE_WITH_KNOTS('',8,(#1360,#1361,#1362,#1363,#1364,
    #1365,#1366,#1367,#1368,#1369,#1370,#1371,#1372,#1373,#1374,#1375,
    #1376,#1377,#1378,#1379,#1380,#1381,#1382,#1383,#1384,#1385,#1386,
    #1387,#1388,#1389,#1390,#1391,#1392,#1393,#1394,#1395,#1396,#1397,
    #1398,#1399,#1400,#1401,#1402,#1403,#1404,#1405,#1406,#1407,#1408,
    #1409,#1410,#1411,#1412,#1413,#1414,#1415,#1416,#1417,#1418,#1419,
    #1420,#1421,#1422,#1423,#1424,#1425,#1426,#1427,#1428,#1429,#1430,
    #1431,#1432,#1433,#1434,#1435,#1436,#1437,#1438,#1439,#1440,#1441,
    #1442,#1443,#1444,#1445,#1446,#1447,#1448,#1449,#1450,#1451,#1452,
    #1453,#1454,#1455,#1456,#1457,#1458,#1459,#1460,#1461,#1462,#1463,
    #1464,#1465,#1466,#1467,#1468,#1469,#1470,#1471,#1472,#1473,#1474,
    #1475,#1476,#1477,#1478,#1479,#1480,#1481,#1482,#1483,#1484,#1485,
    #1486,#1487,#1488,#1489,#1490,#1491,#1492,#1493,#1494,#1495,#1496,
    #1497,#1498,#1499,#1500,#1501,#1502,#1503,#1504,#1505,#1506,#1507,
    #1508,#1509,#1510,#1511,#1512,#1513,#1514,#1515),.UNSPECIFIED.,.F.,
  .F.,(9,7,7,7,7,7,7,7,7,7,7,7,7,7,7,7,7,7,7,7,7,7,9),(0.,0.192520487226
    ,0.221682525564,0.278045429494,0.328411865078,0.353494458183,
    0.365052780944,0.378537431332,0.448225174808,0.483948056672,
    0.520580059358,0.568281348741,0.598421390253,0.611412589457,
    0.653400812867,0.703495165686,0.727434310087,0.801269336984,
    0.8570011199,0.870477054675,0.912933339491,0.949701184948,1.),
  .UNSPECIFIED.);
#1360 = CARTESIAN_POINT('',(6.82416028676,0.12581574779));
#1361 = CARTESIAN_POINT('',(6.77093052134,0.632887728682));
#1362 = CARTESIAN_POINT('',(6.717707983849,1.139858746677));
#1363 = CARTESIAN_POINT('',(6.664466771159,1.646843035424));
#1364 = CARTESIAN_POINT('',(6.611212010279,2.153960650679));
#1365 = CARTESIAN_POINT('',(6.557935586527,2.661327982926));
#1366 = CARTESIAN_POINT('',(6.504624533428,3.169059568879));
#1367 = CARTESIAN_POINT('',(6.451277643777,3.677271207287));
#1368 = CARTESIAN_POINT('',(6.389798341744,4.26314533925));
#1369 = CARTESIAN_POINT('',(6.381709359478,4.340229922303));
#1370 = CARTESIAN_POINT('',(6.373628777591,4.417327090779));
#1371 = CARTESIAN_POINT('',(6.365566459187,4.494435796837));
#1372 = CARTESIAN_POINT('',(6.357532267389,4.57155498768));
#1373 = CARTESIAN_POINT('',(6.349536065342,4.648683605548));
#1374 = CARTESIAN_POINT('',(6.341587716212,4.72582058772));
#1375 = CARTESIAN_POINT('',(6.318446469153,4.952065403465));
#1376 = CARTESIAN_POINT('',(6.303411612199,5.10119297916));
#1377 = CARTESIAN_POINT('',(6.288663468845,5.250340107902));
#1378 = CARTESIAN_POINT('',(6.274273413554,5.399498845404));
#1379 = CARTESIAN_POINT('',(6.260313238736,5.548660788789));
#1380 = CARTESIAN_POINT('',(6.246855154745,5.697817076588));
#1381 = CARTESIAN_POINT('',(6.23397178988,5.846958388743));
#1382 = CARTESIAN_POINT('',(6.210802340442,6.12932694362));
#1383 = CARTESIAN_POINT('',(6.200385926555,6.262558893085));
#1384 = CARTESIAN_POINT('',(6.190539158455,6.39576379709));
#1385 = CARTESIAN_POINT('',(6.18131479735,6.528934021272));
#1386 = CARTESIAN_POINT('',(6.172766155926,6.662061294812));
#1387 = CARTESIAN_POINT('',(6.164947098342,6.795136710439));
#1388 = CARTESIAN_POINT('',(6.157912040237,6.928150724431));
#1389 = CARTESIAN_POINT('',(6.148630281843,7.127298773384));
#1390 = CARTESIAN_POINT('',(6.145752696035,7.193486601917));
#1391 = CARTESIAN_POINT('',(6.14308999017,7.259655367875));
#1392 = CARTESIAN_POINT('',(6.140649002756,7.325803741075));
#1393 = CARTESIAN_POINT('',(6.138436611949,7.39193033549));
#1394 = CARTESIAN_POINT('',(6.136459735546,7.458033709243));
#1395 = CARTESIAN_POINT('',(6.13472533099,7.524112364608));
#1396 = CARTESIAN_POINT('',(6.132556121409,7.620602381133));
#1397 = CARTESIAN_POINT('',(6.131924888144,7.651027794265));
#1398 = CARTESIAN_POINT('',(6.131347010148,7.681440590527));
#1399 = CARTESIAN_POINT('',(6.130823500275,7.711840742966));
#1400 = CARTESIAN_POINT('',(6.130356069659,7.742228594558));
#1401 = CARTESIAN_POINT('',(6.129947127717,7.77260485821));
#1402 = CARTESIAN_POINT('',(6.129599782142,7.802970616757));
#1403 = CARTESIAN_POINT('',(6.128988906589,7.86874332394));
#1404 = CARTESIAN_POINT('',(6.128748132308,7.904146374697));
#1405 = CARTESIAN_POINT('',(6.128599849641,7.939537800136));
#1406 = CARTESIAN_POINT('',(6.128548392167,7.974918925156));
#1407 = CARTESIAN_POINT('',(6.128598093463,8.010291074654));
#1408 = CARTESIAN_POINT('',(6.128753287105,8.045655573531));
#1409 = CARTESIAN_POINT('',(6.129018306671,8.081013746683));
#1410 = CARTESIAN_POINT('',(6.131357057007,8.299069676101));
#1411 = CARTESIAN_POINT('',(6.13636612555,8.481686358027));
#1412 = CARTESIAN_POINT('',(6.145024017955,8.664283003631));
#1413 = CARTESIAN_POINT('',(6.157921018625,8.846897955423));
#1414 = CARTESIAN_POINT('',(6.175624540275,9.029541157802));
#1415 = CARTESIAN_POINT('',(6.198663029411,9.212192995349));
#1416 = CARTESIAN_POINT('',(6.227507606805,9.394802671186));
#1417 = CARTESIAN_POINT('',(6.280515388345,9.670829617447));
#1418 = CARTESIAN_POINT('',(6.300108246096,9.764339483511));
#1419 = CARTESIAN_POINT('',(6.321382869525,9.857803497203));
#1420 = CARTESIAN_POINT('',(6.34438674489,9.951207777085));
#1421 = CARTESIAN_POINT('',(6.369161514934,10.04453676734));
#1422 = CARTESIAN_POINT('',(6.395742502436,10.137773218442));
#1423 = CARTESIAN_POINT('',(6.424158233758,10.230898167816));
#1424 = CARTESIAN_POINT('',(6.485472084055,10.419250269711));
#1425 = CARTESIAN_POINT('',(6.518465308928,10.514474872713));
#1426 = CARTESIAN_POINT('',(6.553418748639,10.609377364246));
#1427 = CARTESIAN_POINT('',(6.590355296267,10.703769726772));
#1428 = CARTESIAN_POINT('',(6.629310205495,10.797460335393));
#1429 = CARTESIAN_POINT('',(6.670330848107,10.890250137679));
#1430 = CARTESIAN_POINT('',(6.713477649844,10.981927968394));
#1431 = CARTESIAN_POINT('',(6.81787797288,11.189899649991));
#1432 = CARTESIAN_POINT('',(6.880639084551,11.305213007024));
#1433 = CARTESIAN_POINT('',(6.947292054476,11.417744733319));
#1434 = CARTESIAN_POINT('',(7.01803707133,11.526918096492));
#1435 = CARTESIAN_POINT('',(7.093085509531,11.632029312524));
#1436 = CARTESIAN_POINT('',(7.172654189537,11.732240718978));
#1437 = CARTESIAN_POINT('',(7.256960386531,11.826577777632));
#1438 = CARTESIAN_POINT('',(7.402614715894,11.969123315831));
#1439 = CARTESIAN_POINT('',(7.460972782715,12.02151288499));
#1440 = CARTESIAN_POINT('',(7.521332790878,12.070810122681));
#1441 = CARTESIAN_POINT('',(7.583717279663,12.11669455206));
#1442 = CARTESIAN_POINT('',(7.648125927376,12.158820544811));
#1443 = CARTESIAN_POINT('',(7.714529202734,12.196830100698));
#1444 = CARTESIAN_POINT('',(7.782860064989,12.2303715726));
#1445 = CARTESIAN_POINT('',(7.883237582895,12.27151758107));
#1446 = CARTESIAN_POINT('',(7.913787534411,12.283003759224));
#1447 = CARTESIAN_POINT('',(7.944646309738,12.293604585135));
#1448 = CARTESIAN_POINT('',(7.975806523492,12.303342080294));
#1449 = CARTESIAN_POINT('',(8.00726066247,12.312238574017));
#1450 = CARTESIAN_POINT('',(8.039001085655,12.320316703455));
#1451 = CARTESIAN_POINT('',(8.071020024213,12.327599413587));
#1452 = CARTESIAN_POINT('',(8.207671089893,12.355152368812));
#1453 = CARTESIAN_POINT('',(8.314279594254,12.368006412537));
#1454 = CARTESIAN_POINT('',(8.422593415193,12.373551572519));
#1455 = CARTESIAN_POINT('',(8.532146355628,12.372741451811));
#1456 = CARTESIAN_POINT('',(8.642564518255,12.366513544812));
#1457 = CARTESIAN_POINT('',(8.753576845949,12.355733902618));
#1458 = CARTESIAN_POINT('',(8.865019385091,12.3411766913));
#1459 = CARTESIAN_POINT('',(9.110233635936,12.302495442521));
#1460 = CARTESIAN_POINT('',(9.244065642604,12.277082166237));
#1461 = CARTESIAN_POINT('',(9.37819368198,12.248492589657));
#1462 = CARTESIAN_POINT('',(9.512511817942,12.217787438301));
#1463 = CARTESIAN_POINT('',(9.646941358423,12.185938688356));
#1464 = CARTESIAN_POINT('',(9.781428689899,12.153873315424));
#1465 = CARTESIAN_POINT('',(9.915943376021,12.122516491499));
#1466 = CARTESIAN_POINT('',(10.114767367352,12.078649638464));
#1467 = CARTESIAN_POINT('',(10.179055435332,12.064837882496));
#1468 = CARTESIAN_POINT('',(10.243329073073,12.051604288282));
#1469 = CARTESIAN_POINT('',(10.30759353792,12.038670050123));
#1470 = CARTESIAN_POINT('',(10.371789525983,12.027028528901));
#1471 = CARTESIAN_POINT('',(10.435974632384,12.015716282713));
#1472 = CARTESIAN_POINT('',(10.500110369098,12.005199132324));
#1473 = CARTESIAN_POINT('',(10.761873437166,11.96485238598));
#1474 = CARTESIAN_POINT('',(10.959126815979,11.940628643289));
#1475 = CARTESIAN_POINT('',(11.155889122211,11.9221307297));
#1476 = CARTESIAN_POINT('',(11.352132820349,11.908746601287));
#1477 = CARTESIAN_POINT('',(11.547871499637,11.899794193124));
#1478 = CARTESIAN_POINT('',(11.743157190245,11.89454227423));
#1479 = CARTESIAN_POINT('',(11.938078099623,11.892228763723));
#1480 = CARTESIAN_POINT('',(12.279703141204,11.891961583437));
#1481 = CARTESIAN_POINT('',(12.426504280063,11.893077998363));
#1482 = CARTESIAN_POINT('',(12.573213575309,11.895091056738));
#1483 = CARTESIAN_POINT('',(12.719886141996,11.897661064799));
#1484 = CARTESIAN_POINT('',(12.866578396332,11.900445839324));
#1485 = CARTESIAN_POINT('',(13.013347631476,11.903103215713));
#1486 = CARTESIAN_POINT('',(13.160251593339,11.905293556068));
#1487 = CARTESIAN_POINT('',(13.342915953877,11.907018044965));
#1488 = CARTESIAN_POINT('',(13.3785060095,11.907305045605));
#1489 = CARTESIAN_POINT('',(13.414117803681,11.907544098535));
#1490 = CARTESIAN_POINT('',(13.449750878493,11.907736222553));
#1491 = CARTESIAN_POINT('',(13.485404737657,11.907882615906));
#1492 = CARTESIAN_POINT('',(13.521078846539,11.907984656296));
#1493 = CARTESIAN_POINT('',(13.556772632155,11.908043900877));
#1494 = CARTESIAN_POINT('',(13.704999753924,11.908119379764));
#1495 = CARTESIAN_POINT('',(13.817609637654,11.907766764229));
#1496 = CARTESIAN_POINT('',(13.930305584006,11.907048957521));
#1497 = CARTESIAN_POINT('',(14.043078361885,11.906010334602));
#1498 = CARTESIAN_POINT('',(14.155919059451,11.904694927528));
#1499 = CARTESIAN_POINT('',(14.268819084117,11.903146425444));
#1500 = CARTESIAN_POINT('',(14.381770162552,11.901408174585));
#1501 = CARTESIAN_POINT('',(14.592619169405,11.897890740275));
#1502 = CARTESIAN_POINT('',(14.690506198285,11.896148327946));
#1503 = CARTESIAN_POINT('',(14.788420231056,11.894323889886));
#1504 = CARTESIAN_POINT('',(14.886356104264,11.892445324098));
#1505 = CARTESIAN_POINT('',(14.984308687263,11.89054047799));
#1506 = CARTESIAN_POINT('',(15.082272882217,11.888637148376));
#1507 = CARTESIAN_POINT('',(15.1802436241,11.886763081477));
#1508 = CARTESIAN_POINT('',(15.412243000138,11.882460148522));
#1509 = CARTESIAN_POINT('',(15.546272666954,11.880080990674));
#1510 = CARTESIAN_POINT('',(15.680292104843,11.877879571007));
#1511 = CARTESIAN_POINT('',(15.81428815797,11.875927039413));
#1512 = CARTESIAN_POINT('',(15.94824726307,11.874294772171));
#1513 = CARTESIAN_POINT('',(16.082155421551,11.873054520065));
#1514 = CARTESIAN_POINT('',(16.215998171594,11.872278556508));
#1515 = CARTESIAN_POINT('',(16.349760560258,11.872039825668));
#1516 = ( GEOMETRIC_REPRESENTATION_CONTEXT(2) 
PARAMETRIC_REPRESENTATION_CONTEXT() REPRESENTATION_CONTEXT('2D SPACE',''
  ) );
#1517 = PCURVE('',#359,#1518);
#1518 = DEFINITIONAL_REPRESENTATION('',(#1519),#1676);
#1519 = B_SPLINE_CURVE_WITH_KNOTS('',8,(#1520,#1521,#1522,#1523,#1524,
    #1525,#1526,#1527,#1528,#1529,#1530,#1531,#1532,#1533,#1534,#1535,
    #1536,#1537,#1538,#1539,#1540,#1541,#1542,#1543,#1544,#1545,#1546,
    #1547,#1548,#1549,#1550,#1551,#1552,#1553,#1554,#1555,#1556,#1557,
    #1558,#1559,#1560,#1561,#1562,#1563,#1564,#1565,#1566,#1567,#1568,
    #1569,#1570,#1571,#1572,#1573,#1574,#1575,#1576,#1577,#1578,#1579,
    #1580,#1581,#1582,#1583,#1584,#1585,#1586,#1587,#1588,#1589,#1590,
    #1591,#1592,#1593,#1594,#1595,#1596,#1597,#1598,#1599,#1600,#1601,
    #1602,#1603,#1604,#1605,#1606,#1607,#1608,#1609,#1610,#1611,#1612,
    #1613,#1614,#1615,#1616,#1617,#1618,#1619,#1620,#1621,#1622,#1623,
    #1624,#1625,#1626,#1627,#1628,#1629,#1630,#1631,#1632,#1633,#1634,
    #1635,#1636,#1637,#1638,#1639,#1640,#1641,#1642,#1643,#1644,#1645,
    #1646,#1647,#1648,#1649,#1650,#1651,#1652,#1653,#1654,#1655,#1656,
    #1657,#1658,#1659,#1660,#1661,#1662,#1663,#1664,#1665,#1666,#1667,
    #1668,#1669,#1670,#1671,#1672,#1673,#1674,#1675),.UNSPECIFIED.,.F.,
  .F.,(9,7,7,7,7,7,7,7,7,7,7,7,7,7,7,7,7,7,7,7,7,7,9),(0.,0.192520487226
    ,0.221682525564,0.278045429494,0.328411865078,0.353494458183,
    0.365052780944,0.378537431332,0.448225174808,0.483948056672,
    0.520580059358,0.568281348741,0.598421390253,0.611412589457,
    0.653400812867,0.703495165686,0.727434310087,0.801269336984,
    0.8570011199,0.870477054675,0.912933339491,0.949701184948,1.),
  .UNSPECIFIED.);
#1520 = CARTESIAN_POINT('',(21.148670125641,0.25));
#1521 = CARTESIAN_POINT('',(20.637713962159,0.25));
#1522 = CARTESIAN_POINT('',(20.126657347909,0.25));
#1523 = CARTESIAN_POINT('',(19.615615672123,0.25));
#1524 = CARTESIAN_POINT('',(19.104707329788,0.25));
#1525 = CARTESIAN_POINT('',(18.594048952369,0.25));
#1526 = CARTESIAN_POINT('',(18.083756316579,0.25));
#1527 = CARTESIAN_POINT('',(17.573945690756,0.25));
#1528 = CARTESIAN_POINT('',(16.987596995528,0.25));
#1529 = CARTESIAN_POINT('',(16.910477396855,0.25));
#1530 = CARTESIAN_POINT('',(16.833369493021,0.25));
#1531 = CARTESIAN_POINT('',(16.756271203587,0.25));
#1532 = CARTESIAN_POINT('',(16.679180457083,0.25));
#1533 = CARTESIAN_POINT('',(16.602095190998,0.25));
#1534 = CARTESIAN_POINT('',(16.525013351791,0.25));
#1535 = CARTESIAN_POINT('',(16.298955709632,0.25));
#1536 = CARTESIAN_POINT('',(16.149983861591,0.25));
#1537 = CARTESIAN_POINT('',(16.001002447797,0.25));
#1538 = CARTESIAN_POINT('',(15.851996957731,0.25));
#1539 = CARTESIAN_POINT('',(15.702953273323,0.25));
#1540 = CARTESIAN_POINT('',(15.553857668945,0.25));
#1541 = CARTESIAN_POINT('',(15.404696811417,0.25));
#1542 = CARTESIAN_POINT('',(15.12209630157,0.25));
#1543 = CARTESIAN_POINT('',(14.988672631578,0.25));
#1544 = CARTESIAN_POINT('',(14.855177510803,0.25));
#1545 = CARTESIAN_POINT('',(14.721602205015,0.25));
#1546 = CARTESIAN_POINT('',(14.587938484975,0.25));
#1547 = CARTESIAN_POINT('',(14.454178626435,0.25));
#1548 = CARTESIAN_POINT('',(14.320315410143,0.25));
#1549 = CARTESIAN_POINT('',(14.119623136494,0.25));
#1550 = CARTESIAN_POINT('',(14.052876884304,0.25));
#1551 = CARTESIAN_POINT('',(13.986102549786,0.25));
#1552 = CARTESIAN_POINT('',(13.91929936321,0.25));
#1553 = CARTESIAN_POINT('',(13.852466600587,0.25));
#1554 = CARTESIAN_POINT('',(13.785603583675,0.25));
#1555 = CARTESIAN_POINT('',(13.718709679981,0.25));
#1556 = CARTESIAN_POINT('',(13.620944384897,0.25));
#1557 = CARTESIAN_POINT('',(13.590104471401,0.25));
#1558 = CARTESIAN_POINT('',(13.559264596063,0.25));
#1559 = CARTESIAN_POINT('',(13.528424768892,0.25));
#1560 = CARTESIAN_POINT('',(13.497584976105,0.25));
#1561 = CARTESIAN_POINT('',(13.466745180127,0.25));
#1562 = CARTESIAN_POINT('',(13.435905319588,0.25));
#1563 = CARTESIAN_POINT('',(13.369085456122,0.25));
#1564 = CARTESIAN_POINT('',(13.333105602914,0.25));
#1565 = CARTESIAN_POINT('',(13.297125749707,0.25));
#1566 = CARTESIAN_POINT('',(13.261145896499,0.25));
#1567 = CARTESIAN_POINT('',(13.225166043291,0.25));
#1568 = CARTESIAN_POINT('',(13.189186190084,0.25));
#1569 = CARTESIAN_POINT('',(13.153206336876,0.25));
#1570 = CARTESIAN_POINT('',(12.931285082992,0.25));
#1571 = CARTESIAN_POINT('',(12.745295374961,0.25));
#1572 = CARTESIAN_POINT('',(12.559376048993,0.25));
#1573 = CARTESIAN_POINT('',(12.37367509603,0.25));
#1574 = CARTESIAN_POINT('',(12.188367801681,0.25));
#1575 = CARTESIAN_POINT('',(12.003654186533,0.25));
#1576 = CARTESIAN_POINT('',(11.819755893632,0.25));
#1577 = CARTESIAN_POINT('',(11.543184533124,0.25));
#1578 = CARTESIAN_POINT('',(11.449734209494,0.25));
#1579 = CARTESIAN_POINT('',(11.356594750225,0.25));
#1580 = CARTESIAN_POINT('',(11.263799938054,0.25));
#1581 = CARTESIAN_POINT('',(11.171384002286,0.25));
#1582 = CARTESIAN_POINT('',(11.079381480595,0.25));
#1583 = CARTESIAN_POINT('',(10.987827080838,0.25));
#1584 = CARTESIAN_POINT('',(10.803366301852,0.25));
#1585 = CARTESIAN_POINT('',(10.71049760114,0.25));
#1586 = CARTESIAN_POINT('',(10.617998720677,0.25));
#1587 = CARTESIAN_POINT('',(10.525733680088,0.25));
#1588 = CARTESIAN_POINT('',(10.433577707909,0.25));
#1589 = CARTESIAN_POINT('',(10.341413285386,0.25));
#1590 = CARTESIAN_POINT('',(10.249125764842,0.25));
#1591 = CARTESIAN_POINT('',(10.036111924494,0.25));
#1592 = CARTESIAN_POINT('',(9.915268059362,0.25));
#1593 = CARTESIAN_POINT('',(9.793769416808,0.25));
#1594 = CARTESIAN_POINT('',(9.671380118179,0.25));
#1595 = CARTESIAN_POINT('',(9.547912771697,0.25));
#1596 = CARTESIAN_POINT('',(9.423218989049,0.25));
#1597 = CARTESIAN_POINT('',(9.297183603408,0.25));
#1598 = CARTESIAN_POINT('',(9.089186395467,0.25));
#1599 = CARTESIAN_POINT('',(9.008103348293,0.25));
#1600 = CARTESIAN_POINT('',(8.926468383257,0.25));
#1601 = CARTESIAN_POINT('',(8.844303803301,0.25));
#1602 = CARTESIAN_POINT('',(8.761659469829,0.25));
#1603 = CARTESIAN_POINT('',(8.678614469624,0.25));
#1604 = CARTESIAN_POINT('',(8.595280257273,0.25));
#1605 = CARTESIAN_POINT('',(8.47582522485,0.25));
#1606 = CARTESIAN_POINT('',(8.439845453328,0.25));
#1607 = CARTESIAN_POINT('',(8.403865749502,0.25));
#1608 = CARTESIAN_POINT('',(8.367885983162,0.25));
#1609 = CARTESIAN_POINT('',(8.331906102929,0.25));
#1610 = CARTESIAN_POINT('',(8.295926136246,0.25));
#1611 = CARTESIAN_POINT('',(8.259946189384,0.25));
#1612 = CARTESIAN_POINT('',(8.107678072579,0.25));
#1613 = CARTESIAN_POINT('',(7.992039133218,0.25));
#1614 = CARTESIAN_POINT('',(7.877303938292,0.25));
#1615 = CARTESIAN_POINT('',(7.763620600786,0.25));
#1616 = CARTESIAN_POINT('',(7.651046064818,0.25));
#1617 = CARTESIAN_POINT('',(7.539555325414,0.25));
#1618 = CARTESIAN_POINT('',(7.42904484094,0.25));
#1619 = CARTESIAN_POINT('',(7.188434220724,0.25));
#1620 = CARTESIAN_POINT('',(7.058766173097,0.25));
#1621 = CARTESIAN_POINT('',(6.930045618077,0.25));
#1622 = CARTESIAN_POINT('',(6.80200967645,0.25));
#1623 = CARTESIAN_POINT('',(6.674399807416,0.25));
#1624 = CARTESIAN_POINT('',(6.5469488054,0.25));
#1625 = CARTESIAN_POINT('',(6.419367953319,0.25));
#1626 = CARTESIAN_POINT('',(6.230149484713,0.25));
#1627 = CARTESIAN_POINT('',(6.16887168917,0.25));
#1628 = CARTESIAN_POINT('',(6.107442575174,0.25));
#1629 = CARTESIAN_POINT('',(6.045951704412,0.25));
#1630 = CARTESIAN_POINT('',(5.984120704764,0.25));
#1631 = CARTESIAN_POINT('',(5.922219504649,0.25));
#1632 = CARTESIAN_POINT('',(5.860128319799,0.25));
#1633 = CARTESIAN_POINT('',(5.605955504813,0.25));
#1634 = CARTESIAN_POINT('',(5.412605008416,0.25));
#1635 = CARTESIAN_POINT('',(5.218091339525,0.25));
#1636 = CARTESIAN_POINT('',(5.022644827761,0.25));
#1637 = CARTESIAN_POINT('',(4.826475332772,0.25));
#1638 = CARTESIAN_POINT('',(4.629768387475,0.25));
#1639 = CARTESIAN_POINT('',(4.432681800873,0.25));
#1640 = CARTESIAN_POINT('',(4.086388230213,0.25));
#1641 = CARTESIAN_POINT('',(3.937297208348,0.25));
#1642 = CARTESIAN_POINT('',(3.788123772198,0.25));
#1643 = CARTESIAN_POINT('',(3.638921664972,0.25));
#1644 = CARTESIAN_POINT('',(3.489743885932,0.25));
#1645 = CARTESIAN_POINT('',(3.340642320594,0.25));
#1646 = CARTESIAN_POINT('',(3.191667370927,0.25));
#1647 = CARTESIAN_POINT('',(3.00688782504,0.25));
#1648 = CARTESIAN_POINT('',(2.970907955067,0.25));
#1649 = CARTESIAN_POINT('',(2.934928044112,0.25));
#1650 = CARTESIAN_POINT('',(2.898948139061,0.25));
#1651 = CARTESIAN_POINT('',(2.862968265208,0.25));
#1652 = CARTESIAN_POINT('',(2.826988426254,0.25));
#1653 = CARTESIAN_POINT('',(2.79100860431,0.25));
#1654 = CARTESIAN_POINT('',(2.641673319424,0.25));
#1655 = CARTESIAN_POINT('',(2.52841275662,0.25));
#1656 = CARTESIAN_POINT('',(2.415239266342,0.25));
#1657 = CARTESIAN_POINT('',(2.302144868132,0.25));
#1658 = CARTESIAN_POINT('',(2.189121406214,0.25));
#1659 = CARTESIAN_POINT('',(2.076160549493,0.25));
#1660 = CARTESIAN_POINT('',(1.963253791557,0.25));
#1661 = CARTESIAN_POINT('',(1.752652661202,0.25));
#1662 = CARTESIAN_POINT('',(1.654947026826,0.25));
#1663 = CARTESIAN_POINT('',(1.557269932506,0.25));
#1664 = CARTESIAN_POINT('',(1.459615757529,0.25));
#1665 = CARTESIAN_POINT('',(1.361978875506,0.25));
#1666 = CARTESIAN_POINT('',(1.264353654376,0.25));
#1667 = CARTESIAN_POINT('',(1.166734456401,0.25));
#1668 = CARTESIAN_POINT('',(0.935572026274,0.25));
#1669 = CARTESIAN_POINT('',(0.802029385729,0.25));
#1670 = CARTESIAN_POINT('',(0.668473096741,0.25));
#1671 = CARTESIAN_POINT('',(0.534888917385,0.25));
#1672 = CARTESIAN_POINT('',(0.401262953546,0.25));
#1673 = CARTESIAN_POINT('',(0.267581628865,0.25));
#1674 = CARTESIAN_POINT('',(0.133831654686,0.25));
#1675 = CARTESIAN_POINT('',(0.,0.25));
#1676 = ( GEOMETRIC_REPRESENTATION_CONTEXT(2) 
PARAMETRIC_REPRESENTATION_CONTEXT() REPRESENTATION_CONTEXT('2D SPACE',''
  ) );
#1677 = ORIENTED_EDGE('',*,*,#1678,.F.);
#1678 = EDGE_CURVE('',#1679,#1197,#1681,.T.);
#1679 = VERTEX_POINT('',#1680);
#1680 = CARTESIAN_POINT('',(-10.5,12.927361191462,1.33226762955E-15));
#1681 = SURFACE_CURVE('',#1682,(#1686,#1693),.PCURVE_S1.);
#1682 = LINE('',#1683,#1684);
#1683 = CARTESIAN_POINT('',(-10.5,-2.05,0.));
#1684 = VECTOR('',#1685,1.);
#1685 = DIRECTION('',(-0.,1.,-0.));
#1686 = PCURVE('',#180,#1687);
#1687 = DEFINITIONAL_REPRESENTATION('',(#1688),#1692);
#1688 = LINE('',#1689,#1690);
#1689 = CARTESIAN_POINT('',(17.931634725379,-3.195148834654));
#1690 = VECTOR('',#1691,1.);
#1691 = DIRECTION('',(-0.104414136312,0.994533904972));
#1692 = ( GEOMETRIC_REPRESENTATION_CONTEXT(2) 
PARAMETRIC_REPRESENTATION_CONTEXT() REPRESENTATION_CONTEXT('2D SPACE',''
  ) );
#1693 = PCURVE('',#951,#1694);
#1694 = DEFINITIONAL_REPRESENTATION('',(#1695),#1699);
#1695 = LINE('',#1696,#1697);
#1696 = CARTESIAN_POINT('',(5.05,-62.41796615169));
#1697 = VECTOR('',#1698,1.);
#1698 = DIRECTION('',(1.,0.));
#1699 = ( GEOMETRIC_REPRESENTATION_CONTEXT(2) 
PARAMETRIC_REPRESENTATION_CONTEXT() REPRESENTATION_CONTEXT('2D SPACE',''
  ) );
#1700 = ORIENTED_EDGE('',*,*,#1701,.T.);
#1701 = EDGE_CURVE('',#1679,#1135,#1702,.T.);
#1702 = SURFACE_CURVE('',#1703,(#1726,#1752),.PCURVE_S1.);
#1703 = B_SPLINE_CURVE_WITH_KNOTS('',6,(#1704,#1705,#1706,#1707,#1708,
    #1709,#1710,#1711,#1712,#1713,#1714,#1715,#1716,#1717,#1718,#1719,
    #1720,#1721,#1722,#1723,#1724,#1725),.UNSPECIFIED.,.F.,.F.,(7,5,5,5,
    7),(0.,0.250000000059,0.499999999963,0.750000000934,1.),
  .UNSPECIFIED.);
#1704 = CARTESIAN_POINT('',(-10.50000595782,12.927354889969,0.));
#1705 = CARTESIAN_POINT('',(-9.513879038815,13.970365714846,0.));
#1706 = CARTESIAN_POINT('',(-8.403122602151,14.896145758881,0.));
#1707 = CARTESIAN_POINT('',(-7.185799695815,15.685324910509,0.));
#1708 = CARTESIAN_POINT('',(-5.883042585338,16.323684293436,0.));
#1709 = CARTESIAN_POINT('',(-4.517911812149,16.800409080713,0.));
#1710 = CARTESIAN_POINT('',(-1.71470452443,17.419521689644,0.));
#1711 = CARTESIAN_POINT('',(-0.27577418931,17.562098085213,0.));
#1712 = CARTESIAN_POINT('',(1.174660610906,17.531804994698,0.));
#1713 = CARTESIAN_POINT('',(2.611129508932,17.328738780706,0.));
#1714 = CARTESIAN_POINT('',(4.008477349194,16.956895328841,0.));
#1715 = CARTESIAN_POINT('',(6.675848925846,15.895575196114,0.));
#1716 = CARTESIAN_POINT('',(7.946685108427,15.205775249524,0.));
#1717 = CARTESIAN_POINT('',(9.129996007807,14.366457597349,0.));
#1718 = CARTESIAN_POINT('',(10.204757542062,13.392000594173,0.));
#1719 = CARTESIAN_POINT('',(11.15239563527,12.299832744874,0.));
#1720 = CARTESIAN_POINT('',(12.76399025696,9.924115109578,0.));
#1721 = CARTESIAN_POINT('',(13.428437663689,8.639841701482,0.));
#1722 = CARTESIAN_POINT('',(13.936516391469,7.280969076162,0.));
#1723 = CARTESIAN_POINT('',(14.27889952101,5.871198689071,0.));
#1724 = CARTESIAN_POINT('',(14.450000000001,4.435380741387,0.));
#1725 = CARTESIAN_POINT('',(14.45,3.,0.));
#1726 = PCURVE('',#180,#1727);
#1727 = DEFINITIONAL_REPRESENTATION('',(#1728),#1751);
#1728 = B_SPLINE_CURVE_WITH_KNOTS('',6,(#1729,#1730,#1731,#1732,#1733,
    #1734,#1735,#1736,#1737,#1738,#1739,#1740,#1741,#1742,#1743,#1744,
    #1745,#1746,#1747,#1748,#1749,#1750),.UNSPECIFIED.,.F.,.F.,(7,5,5,5,
    7),(0.,0.250000000059,0.499999999963,0.750000000934,1.),
  .UNSPECIFIED.);
#1729 = CARTESIAN_POINT('',(16.367781225051,11.700337788133));
#1730 = CARTESIAN_POINT('',(17.239612806169,12.840613007268));
#1731 = CARTESIAN_POINT('',(18.247633218884,13.877311323594));
#1732 = CARTESIAN_POINT('',(19.375900663022,14.789282466863));
#1733 = CARTESIAN_POINT('',(20.604883035709,15.560178775254));
#1734 = CARTESIAN_POINT('',(21.912775067444,16.176836690177));
#1735 = CARTESIAN_POINT('',(24.636015649403,17.085259638603));
#1736 = CARTESIAN_POINT('',(26.05219366337,17.3773013662));
#1737 = CARTESIAN_POINT('',(27.497863276019,17.498619757537));
#1738 = CARTESIAN_POINT('',(28.947683281891,17.446651182093));
#1739 = CARTESIAN_POINT('',(30.37621879894,17.222743129741));
#1740 = CARTESIAN_POINT('',(33.139827094087,16.445735573112));
#1741 = CARTESIAN_POINT('',(34.475741630979,15.892399400979));
#1742 = CARTESIAN_POINT('',(35.740221068278,15.181223924396));
#1743 = CARTESIAN_POINT('',(36.910854940214,14.324313693141));
#1744 = CARTESIAN_POINT('',(37.967350916244,13.337062550131));
#1745 = CARTESIAN_POINT('',(39.818194913595,11.142604073698));
#1746 = CARTESIAN_POINT('',(40.613106686352,9.934728328192));
#1747 = CARTESIAN_POINT('',(41.260293719054,8.636334031312));
#1748 = CARTESIAN_POINT('',(41.748005307238,7.270019221883));
#1749 = CARTESIAN_POINT('',(42.06809022566,5.859914900281));
#1750 = CARTESIAN_POINT('',(42.21796426605,4.432380086429));
#1751 = ( GEOMETRIC_REPRESENTATION_CONTEXT(2) 
PARAMETRIC_REPRESENTATION_CONTEXT() REPRESENTATION_CONTEXT('2D SPACE',''
  ) );
#1752 = PCURVE('',#1017,#1753);
#1753 = DEFINITIONAL_REPRESENTATION('',(#1754),#1777);
#1754 = B_SPLINE_CURVE_WITH_KNOTS('',6,(#1755,#1756,#1757,#1758,#1759,
    #1760,#1761,#1762,#1763,#1764,#1765,#1766,#1767,#1768,#1769,#1770,
    #1771,#1772,#1773,#1774,#1775,#1776),.UNSPECIFIED.,.F.,.F.,(7,5,5,5,
    7),(0.,0.250000000059,0.499999999963,0.750000000934,1.),
  .UNSPECIFIED.);
#1755 = CARTESIAN_POINT('',(2.384220682128,0.25));
#1756 = CARTESIAN_POINT('',(2.284886375031,0.25));
#1757 = CARTESIAN_POINT('',(2.185522441291,0.25));
#1758 = CARTESIAN_POINT('',(2.086193097632,0.25));
#1759 = CARTESIAN_POINT('',(1.986863753713,0.25));
#1760 = CARTESIAN_POINT('',(1.887499819376,0.25));
#1761 = CARTESIAN_POINT('',(1.688831203878,0.25));
#1762 = CARTESIAN_POINT('',(1.589467270003,0.25));
#1763 = CARTESIAN_POINT('',(1.490137926423,0.25));
#1764 = CARTESIAN_POINT('',(1.390808582782,0.25));
#1765 = CARTESIAN_POINT('',(1.291444648797,0.25));
#1766 = CARTESIAN_POINT('',(1.092776032908,0.25));
#1767 = CARTESIAN_POINT('',(0.993412098301,0.25));
#1768 = CARTESIAN_POINT('',(0.894082754497,0.25));
#1769 = CARTESIAN_POINT('',(0.794753411511,0.25));
#1770 = CARTESIAN_POINT('',(0.69538947813,0.25));
#1771 = CARTESIAN_POINT('',(0.496720863691,0.25));
#1772 = CARTESIAN_POINT('',(0.39735692862,0.25));
#1773 = CARTESIAN_POINT('',(0.298027584138,0.25));
#1774 = CARTESIAN_POINT('',(0.198698233179,0.25));
#1775 = CARTESIAN_POINT('',(9.933430736234E-02,0.25));
#1776 = CARTESIAN_POINT('',(0.,0.25));
#1777 = ( GEOMETRIC_REPRESENTATION_CONTEXT(2) 
PARAMETRIC_REPRESENTATION_CONTEXT() REPRESENTATION_CONTEXT('2D SPACE',''
  ) );
#1778 = ORIENTED_EDGE('',*,*,#1134,.F.);
#1779 = FACE_BOUND('',#1780,.F.);
#1780 = EDGE_LOOP('',(#1781,#1811,#1844,#1872));
#1781 = ORIENTED_EDGE('',*,*,#1782,.F.);
#1782 = EDGE_CURVE('',#1783,#1785,#1787,.T.);
#1783 = VERTEX_POINT('',#1784);
#1784 = CARTESIAN_POINT('',(17.014676845516,10.587197085533,0.));
#1785 = VERTEX_POINT('',#1786);
#1786 = CARTESIAN_POINT('',(21.765113225257,8.472166541539,0.));
#1787 = SURFACE_CURVE('',#1788,(#1792,#1799),.PCURVE_S1.);
#1788 = LINE('',#1789,#1790);
#1789 = CARTESIAN_POINT('',(2.015647884333,17.265195030825,0.));
#1790 = VECTOR('',#1791,1.);
#1791 = DIRECTION('',(0.913545457643,-0.406736643076,0.));
#1792 = PCURVE('',#180,#1793);
#1793 = DEFINITIONAL_REPRESENTATION('',(#1794),#1798);
#1794 = LINE('',#1795,#1796);
#1795 = CARTESIAN_POINT('',(28.362091482202,17.321278068866));
#1796 = VECTOR('',#1797,1.);
#1797 = DIRECTION('',(0.951020986652,-0.309126321992));
#1798 = ( GEOMETRIC_REPRESENTATION_CONTEXT(2) 
PARAMETRIC_REPRESENTATION_CONTEXT() REPRESENTATION_CONTEXT('2D SPACE',''
  ) );
#1799 = PCURVE('',#1800,#1805);
#1800 = PLANE('',#1801);
#1801 = AXIS2_PLACEMENT_3D('',#1802,#1803,#1804);
#1802 = CARTESIAN_POINT('',(21.765113225257,8.472166541539,-1.));
#1803 = DIRECTION('',(-0.406736643076,-0.913545457643,0.));
#1804 = DIRECTION('',(-0.913545457643,0.406736643076,0.));
#1805 = DEFINITIONAL_REPRESENTATION('',(#1806),#1810);
#1806 = LINE('',#1807,#1808);
#1807 = CARTESIAN_POINT('',(21.618481243273,-1.));
#1808 = VECTOR('',#1809,1.);
#1809 = DIRECTION('',(-1.,-0.));
#1810 = ( GEOMETRIC_REPRESENTATION_CONTEXT(2) 
PARAMETRIC_REPRESENTATION_CONTEXT() REPRESENTATION_CONTEXT('2D SPACE',''
  ) );
#1811 = ORIENTED_EDGE('',*,*,#1812,.T.);
#1812 = EDGE_CURVE('',#1783,#1813,#1815,.T.);
#1813 = VERTEX_POINT('',#1814);
#1814 = CARTESIAN_POINT('',(18.234886774743,13.327833458461,0.));
#1815 = SURFACE_CURVE('',#1816,(#1821,#1832),.PCURVE_S1.);
#1816 = CIRCLE('',#1817,1.5);
#1817 = AXIS2_PLACEMENT_3D('',#1818,#1819,#1820);
#1818 = CARTESIAN_POINT('',(17.624781810129,11.957515271997,0.));
#1819 = DIRECTION('',(-0.,0.,-1.));
#1820 = DIRECTION('',(-0.406736643076,-0.913545457643,0.));
#1821 = PCURVE('',#180,#1822);
#1822 = DEFINITIONAL_REPRESENTATION('',(#1823),#1831);
#1823 = ( BOUNDED_CURVE() B_SPLINE_CURVE(2,(#1824,#1825,#1826,#1827,
#1828,#1829,#1830),.UNSPECIFIED.,.T.,.F.) B_SPLINE_CURVE_WITH_KNOTS((1,2
    ,2,2,2,1),(-2.094395102393,0.,2.094395102393,4.188790204786,
6.28318530718,8.377580409573),.UNSPECIFIED.) CURVE() 
GEOMETRIC_REPRESENTATION_ITEM() RATIONAL_B_SPLINE_CURVE((1.,0.5,1.,0.5,
1.,0.5,1.)) REPRESENTATION_ITEM('') );
#1824 = CARTESIAN_POINT('',(43.976411713499,12.245893349437));
#1825 = CARTESIAN_POINT('',(41.505586711582,13.049027092908));
#1826 = CARTESIAN_POINT('',(43.436533437022,14.787257441138));
#1827 = CARTESIAN_POINT('',(45.367480162463,16.525487789369));
#1828 = CARTESIAN_POINT('',(45.907358438939,13.984123697667));
#1829 = CARTESIAN_POINT('',(46.447236715416,11.442759605966));
#1830 = CARTESIAN_POINT('',(43.976411713499,12.245893349437));
#1831 = ( GEOMETRIC_REPRESENTATION_CONTEXT(2) 
PARAMETRIC_REPRESENTATION_CONTEXT() REPRESENTATION_CONTEXT('2D SPACE',''
  ) );
#1832 = PCURVE('',#1833,#1838);
#1833 = CYLINDRICAL_SURFACE('',#1834,1.5);
#1834 = AXIS2_PLACEMENT_3D('',#1835,#1836,#1837);
#1835 = CARTESIAN_POINT('',(17.624781810129,11.957515271997,-1.));
#1836 = DIRECTION('',(-0.,0.,-1.));
#1837 = DIRECTION('',(-0.406736643076,-0.913545457643,0.));
#1838 = DEFINITIONAL_REPRESENTATION('',(#1839),#1843);
#1839 = LINE('',#1840,#1841);
#1840 = CARTESIAN_POINT('',(0.,-1.));
#1841 = VECTOR('',#1842,1.);
#1842 = DIRECTION('',(1.,0.));
#1843 = ( GEOMETRIC_REPRESENTATION_CONTEXT(2) 
PARAMETRIC_REPRESENTATION_CONTEXT() REPRESENTATION_CONTEXT('2D SPACE',''
  ) );
#1844 = ORIENTED_EDGE('',*,*,#1845,.F.);
#1845 = EDGE_CURVE('',#1846,#1813,#1848,.T.);
#1846 = VERTEX_POINT('',#1847);
#1847 = CARTESIAN_POINT('',(22.985323154484,11.212802914467,0.));
#1848 = SURFACE_CURVE('',#1849,(#1853,#1860),.PCURVE_S1.);
#1849 = LINE('',#1850,#1851);
#1850 = CARTESIAN_POINT('',(0.86063962369,21.06334667575,0.));
#1851 = VECTOR('',#1852,1.);
#1852 = DIRECTION('',(-0.913545457643,0.406736643076,-0.));
#1853 = PCURVE('',#180,#1854);
#1854 = DEFINITIONAL_REPRESENTATION('',(#1855),#1859);
#1855 = LINE('',#1856,#1857);
#1856 = CARTESIAN_POINT('',(26.816815882884,20.978069466));
#1857 = VECTOR('',#1858,1.);
#1858 = DIRECTION('',(-0.951020986652,0.309126321992));
#1859 = ( GEOMETRIC_REPRESENTATION_CONTEXT(2) 
PARAMETRIC_REPRESENTATION_CONTEXT() REPRESENTATION_CONTEXT('2D SPACE',''
  ) );
#1860 = PCURVE('',#1861,#1866);
#1861 = PLANE('',#1862);
#1862 = AXIS2_PLACEMENT_3D('',#1863,#1864,#1865);
#1863 = CARTESIAN_POINT('',(18.234886774743,13.327833458461,-1.));
#1864 = DIRECTION('',(0.406736643076,0.913545457643,-0.));
#1865 = DIRECTION('',(0.913545457643,-0.406736643076,0.));
#1866 = DEFINITIONAL_REPRESENTATION('',(#1867),#1871);
#1867 = LINE('',#1868,#1869);
#1868 = CARTESIAN_POINT('',(-19.01848124327,-1.));
#1869 = VECTOR('',#1870,1.);
#1870 = DIRECTION('',(-1.,-0.));
#1871 = ( GEOMETRIC_REPRESENTATION_CONTEXT(2) 
PARAMETRIC_REPRESENTATION_CONTEXT() REPRESENTATION_CONTEXT('2D SPACE',''
  ) );
#1872 = ORIENTED_EDGE('',*,*,#1873,.T.);
#1873 = EDGE_CURVE('',#1846,#1785,#1874,.T.);
#1874 = SURFACE_CURVE('',#1875,(#1880,#1891),.PCURVE_S1.);
#1875 = CIRCLE('',#1876,1.5);
#1876 = AXIS2_PLACEMENT_3D('',#1877,#1878,#1879);
#1877 = CARTESIAN_POINT('',(22.375218189871,9.842484728003,0.));
#1878 = DIRECTION('',(0.,0.,-1.));
#1879 = DIRECTION('',(0.406736643076,0.913545457643,0.));
#1880 = PCURVE('',#180,#1881);
#1881 = DEFINITIONAL_REPRESENTATION('',(#1882),#1890);
#1882 = ( BOUNDED_CURVE() B_SPLINE_CURVE(2,(#1883,#1884,#1885,#1886,
#1887,#1888,#1889),.UNSPECIFIED.,.T.,.F.) B_SPLINE_CURVE_WITH_KNOTS((1,2
    ,2,2,2,1),(-2.094395102393,0.,2.094395102393,4.188790204786,
6.28318530718,8.377580409573),.UNSPECIFIED.) CURVE() 
GEOMETRIC_REPRESENTATION_ITEM() RATIONAL_B_SPLINE_CURVE((1.,0.5,1.,0.5,
1.,0.5,1.)) REPRESENTATION_ITEM('') );
#1883 = CARTESIAN_POINT('',(49.849099810063,13.491499435032));
#1884 = CARTESIAN_POINT('',(52.31992481198,12.688365691562));
#1885 = CARTESIAN_POINT('',(50.388978086539,10.950135343331));
#1886 = CARTESIAN_POINT('',(48.458031361098,9.211904995101));
#1887 = CARTESIAN_POINT('',(47.918153084622,11.753269086802));
#1888 = CARTESIAN_POINT('',(47.378274808146,14.294633178503));
#1889 = CARTESIAN_POINT('',(49.849099810063,13.491499435032));
#1890 = ( GEOMETRIC_REPRESENTATION_CONTEXT(2) 
PARAMETRIC_REPRESENTATION_CONTEXT() REPRESENTATION_CONTEXT('2D SPACE',''
  ) );
#1891 = PCURVE('',#1892,#1897);
#1892 = CYLINDRICAL_SURFACE('',#1893,1.5);
#1893 = AXIS2_PLACEMENT_3D('',#1894,#1895,#1896);
#1894 = CARTESIAN_POINT('',(22.375218189871,9.842484728003,-1.));
#1895 = DIRECTION('',(0.,0.,-1.));
#1896 = DIRECTION('',(0.406736643076,0.913545457643,0.));
#1897 = DEFINITIONAL_REPRESENTATION('',(#1898),#1902);
#1898 = LINE('',#1899,#1900);
#1899 = CARTESIAN_POINT('',(0.,-1.));
#1900 = VECTOR('',#1901,1.);
#1901 = DIRECTION('',(1.,0.));
#1902 = ( GEOMETRIC_REPRESENTATION_CONTEXT(2) 
PARAMETRIC_REPRESENTATION_CONTEXT() REPRESENTATION_CONTEXT('2D SPACE',''
  ) );
#1903 = ADVANCED_FACE('',(#1904),#359,.F.);
#1904 = FACE_BOUND('',#1905,.F.);
#1905 = EDGE_LOOP('',(#1906,#1925,#1926,#1927));
#1906 = ORIENTED_EDGE('',*,*,#1907,.F.);
#1907 = EDGE_CURVE('',#1197,#454,#1908,.T.);
#1908 = SURFACE_CURVE('',#1909,(#1912,#1919),.PCURVE_S1.);
#1909 = B_SPLINE_CURVE_WITH_KNOTS('',1,(#1910,#1911),.UNSPECIFIED.,.F.,
  .F.,(2,2),(0.,1.),.PIECEWISE_BEZIER_KNOTS.);
#1910 = CARTESIAN_POINT('',(-16.23490771517,13.1,-20.));
#1911 = CARTESIAN_POINT('',(6.704723145528,13.1,60.));
#1912 = PCURVE('',#359,#1913);
#1913 = DEFINITIONAL_REPRESENTATION('',(#1914),#1918);
#1914 = LINE('',#1915,#1916);
#1915 = CARTESIAN_POINT('',(0.,0.));
#1916 = VECTOR('',#1917,1.);
#1917 = DIRECTION('',(0.,1.));
#1918 = ( GEOMETRIC_REPRESENTATION_CONTEXT(2) 
PARAMETRIC_REPRESENTATION_CONTEXT() REPRESENTATION_CONTEXT('2D SPACE',''
  ) );
#1919 = PCURVE('',#951,#1920);
#1920 = DEFINITIONAL_REPRESENTATION('',(#1921),#1924);
#1921 = B_SPLINE_CURVE_WITH_KNOTS('',1,(#1922,#1923),.UNSPECIFIED.,.F.,
  .F.,(2,2),(0.,1.),.PIECEWISE_BEZIER_KNOTS.);
#1922 = CARTESIAN_POINT('',(20.2,-83.22395486892));
#1923 = CARTESIAN_POINT('',(20.2,0.));
#1924 = ( GEOMETRIC_REPRESENTATION_CONTEXT(2) 
PARAMETRIC_REPRESENTATION_CONTEXT() REPRESENTATION_CONTEXT('2D SPACE',''
  ) );
#1925 = ORIENTED_EDGE('',*,*,#1196,.F.);
#1926 = ORIENTED_EDGE('',*,*,#333,.T.);
#1927 = ORIENTED_EDGE('',*,*,#453,.T.);
#1928 = ADVANCED_FACE('',(#1929),#1017,.F.);
#1929 = FACE_BOUND('',#1930,.F.);
#1930 = EDGE_LOOP('',(#1931,#1958,#1959,#1960));
#1931 = ORIENTED_EDGE('',*,*,#1932,.T.);
#1932 = EDGE_CURVE('',#1679,#936,#1933,.T.);
#1933 = SURFACE_CURVE('',#1934,(#1940,#1949),.PCURVE_S1.);
#1934 = B_SPLINE_CURVE_WITH_KNOTS('',4,(#1935,#1936,#1937,#1938,#1939),
  .UNSPECIFIED.,.F.,.F.,(5,5),(0.,1.),.PIECEWISE_BEZIER_KNOTS.);
#1935 = CARTESIAN_POINT('',(-16.23490771517,12.927361191462,-20.));
#1936 = CARTESIAN_POINT('',(-10.5,12.927361191462,-5.542233338929E-13));
#1937 = CARTESIAN_POINT('',(-4.765092284824,12.927361191462,
    20.000000000001));
#1938 = CARTESIAN_POINT('',(0.969815430352,12.927361191462,40.));
#1939 = CARTESIAN_POINT('',(6.704723145528,12.927361191462,60.));
#1940 = PCURVE('',#1017,#1941);
#1941 = DEFINITIONAL_REPRESENTATION('',(#1942),#1948);
#1942 = B_SPLINE_CURVE_WITH_KNOTS('',4,(#1943,#1944,#1945,#1946,#1947),
  .UNSPECIFIED.,.F.,.F.,(5,5),(0.,1.),.PIECEWISE_BEZIER_KNOTS.);
#1943 = CARTESIAN_POINT('',(2.384220081986,0.));
#1944 = CARTESIAN_POINT('',(2.384220081986,0.25));
#1945 = CARTESIAN_POINT('',(2.384220081986,0.5));
#1946 = CARTESIAN_POINT('',(2.384220081986,0.75));
#1947 = CARTESIAN_POINT('',(2.384220081986,1.));
#1948 = ( GEOMETRIC_REPRESENTATION_CONTEXT(2) 
PARAMETRIC_REPRESENTATION_CONTEXT() REPRESENTATION_CONTEXT('2D SPACE',''
  ) );
#1949 = PCURVE('',#951,#1950);
#1950 = DEFINITIONAL_REPRESENTATION('',(#1951),#1957);
#1951 = B_SPLINE_CURVE_WITH_KNOTS('',4,(#1952,#1953,#1954,#1955,#1956),
  .UNSPECIFIED.,.F.,.F.,(5,5),(0.,1.),.PIECEWISE_BEZIER_KNOTS.);
#1952 = CARTESIAN_POINT('',(20.027361191462,-83.22395486892));
#1953 = CARTESIAN_POINT('',(20.027361191462,-62.41796615169));
#1954 = CARTESIAN_POINT('',(20.027361191462,-41.61197743446));
#1955 = CARTESIAN_POINT('',(20.027361191462,-20.80598871723));
#1956 = CARTESIAN_POINT('',(20.027361191462,5.684341886081E-14));
#1957 = ( GEOMETRIC_REPRESENTATION_CONTEXT(2) 
PARAMETRIC_REPRESENTATION_CONTEXT() REPRESENTATION_CONTEXT('2D SPACE',''
  ) );
#1958 = ORIENTED_EDGE('',*,*,#963,.T.);
#1959 = ORIENTED_EDGE('',*,*,#1157,.F.);
#1960 = ORIENTED_EDGE('',*,*,#1701,.F.);
#1961 = ADVANCED_FACE('',(#1962),#951,.F.);
#1962 = FACE_BOUND('',#1963,.F.);
#1963 = EDGE_LOOP('',(#1964,#1965,#1966,#1967));
#1964 = ORIENTED_EDGE('',*,*,#1932,.F.);
#1965 = ORIENTED_EDGE('',*,*,#1678,.T.);
#1966 = ORIENTED_EDGE('',*,*,#1907,.T.);
#1967 = ORIENTED_EDGE('',*,*,#935,.F.);
#1968 = ADVANCED_FACE('',(#1969),#1118,.T.);
#1969 = FACE_BOUND('',#1970,.F.);
#1970 = EDGE_LOOP('',(#1971,#1972,#1995,#2022));
#1971 = ORIENTED_EDGE('',*,*,#1097,.T.);
#1972 = ORIENTED_EDGE('',*,*,#1973,.T.);
#1973 = EDGE_CURVE('',#1098,#1974,#1976,.T.);
#1974 = VERTEX_POINT('',#1975);
#1975 = CARTESIAN_POINT('',(-7.853018456965,17.375,5.85));
#1976 = SEAM_CURVE('',#1977,(#1981,#1988),.PCURVE_S1.);
#1977 = LINE('',#1978,#1979);
#1978 = CARTESIAN_POINT('',(-7.853018456965,17.375,3.4));
#1979 = VECTOR('',#1980,1.);
#1980 = DIRECTION('',(0.,0.,1.));
#1981 = PCURVE('',#1118,#1982);
#1982 = DEFINITIONAL_REPRESENTATION('',(#1983),#1987);
#1983 = LINE('',#1984,#1985);
#1984 = CARTESIAN_POINT('',(-6.28318530718,0.));
#1985 = VECTOR('',#1986,1.);
#1986 = DIRECTION('',(-0.,-1.));
#1987 = ( GEOMETRIC_REPRESENTATION_CONTEXT(2) 
PARAMETRIC_REPRESENTATION_CONTEXT() REPRESENTATION_CONTEXT('2D SPACE',''
  ) );
#1988 = PCURVE('',#1118,#1989);
#1989 = DEFINITIONAL_REPRESENTATION('',(#1990),#1994);
#1990 = LINE('',#1991,#1992);
#1991 = CARTESIAN_POINT('',(-0.,0.));
#1992 = VECTOR('',#1993,1.);
#1993 = DIRECTION('',(-0.,-1.));
#1994 = ( GEOMETRIC_REPRESENTATION_CONTEXT(2) 
PARAMETRIC_REPRESENTATION_CONTEXT() REPRESENTATION_CONTEXT('2D SPACE',''
  ) );
#1995 = ORIENTED_EDGE('',*,*,#1996,.T.);
#1996 = EDGE_CURVE('',#1974,#1974,#1997,.T.);
#1997 = SURFACE_CURVE('',#1998,(#2003,#2010),.PCURVE_S1.);
#1998 = CIRCLE('',#1999,1.5);
#1999 = AXIS2_PLACEMENT_3D('',#2000,#2001,#2002);
#2000 = CARTESIAN_POINT('',(-9.353018456965,17.375,5.85));
#2001 = DIRECTION('',(0.,0.,1.));
#2002 = DIRECTION('',(1.,0.,0.));
#2003 = PCURVE('',#1118,#2004);
#2004 = DEFINITIONAL_REPRESENTATION('',(#2005),#2009);
#2005 = LINE('',#2006,#2007);
#2006 = CARTESIAN_POINT('',(-0.,-2.45));
#2007 = VECTOR('',#2008,1.);
#2008 = DIRECTION('',(-1.,0.));
#2009 = ( GEOMETRIC_REPRESENTATION_CONTEXT(2) 
PARAMETRIC_REPRESENTATION_CONTEXT() REPRESENTATION_CONTEXT('2D SPACE',''
  ) );
#2010 = PCURVE('',#2011,#2016);
#2011 = PLANE('',#2012);
#2012 = AXIS2_PLACEMENT_3D('',#2013,#2014,#2015);
#2013 = CARTESIAN_POINT('',(-9.353018456965,17.375,5.85));
#2014 = DIRECTION('',(0.,0.,1.));
#2015 = DIRECTION('',(1.,0.,0.));
#2016 = DEFINITIONAL_REPRESENTATION('',(#2017),#2021);
#2017 = CIRCLE('',#2018,1.5);
#2018 = AXIS2_PLACEMENT_2D('',#2019,#2020);
#2019 = CARTESIAN_POINT('',(0.,0.));
#2020 = DIRECTION('',(1.,0.));
#2021 = ( GEOMETRIC_REPRESENTATION_CONTEXT(2) 
PARAMETRIC_REPRESENTATION_CONTEXT() REPRESENTATION_CONTEXT('2D SPACE',''
  ) );
#2022 = ORIENTED_EDGE('',*,*,#1973,.F.);
#2023 = ADVANCED_FACE('',(#2024),#1800,.F.);
#2024 = FACE_BOUND('',#2025,.F.);
#2025 = EDGE_LOOP('',(#2026,#2027,#2050,#2078));
#2026 = ORIENTED_EDGE('',*,*,#1782,.T.);
#2027 = ORIENTED_EDGE('',*,*,#2028,.T.);
#2028 = EDGE_CURVE('',#1785,#2029,#2031,.T.);
#2029 = VERTEX_POINT('',#2030);
#2030 = CARTESIAN_POINT('',(21.765113225257,8.472166541539,1.8));
#2031 = SURFACE_CURVE('',#2032,(#2036,#2043),.PCURVE_S1.);
#2032 = LINE('',#2033,#2034);
#2033 = CARTESIAN_POINT('',(21.765113225257,8.472166541539,-1.));
#2034 = VECTOR('',#2035,1.);
#2035 = DIRECTION('',(0.,0.,1.));
#2036 = PCURVE('',#1800,#2037);
#2037 = DEFINITIONAL_REPRESENTATION('',(#2038),#2042);
#2038 = LINE('',#2039,#2040);
#2039 = CARTESIAN_POINT('',(0.,0.));
#2040 = VECTOR('',#2041,1.);
#2041 = DIRECTION('',(0.,-1.));
#2042 = ( GEOMETRIC_REPRESENTATION_CONTEXT(2) 
PARAMETRIC_REPRESENTATION_CONTEXT() REPRESENTATION_CONTEXT('2D SPACE',''
  ) );
#2043 = PCURVE('',#1892,#2044);
#2044 = DEFINITIONAL_REPRESENTATION('',(#2045),#2049);
#2045 = LINE('',#2046,#2047);
#2046 = CARTESIAN_POINT('',(3.14159265359,0.));
#2047 = VECTOR('',#2048,1.);
#2048 = DIRECTION('',(0.,-1.));
#2049 = ( GEOMETRIC_REPRESENTATION_CONTEXT(2) 
PARAMETRIC_REPRESENTATION_CONTEXT() REPRESENTATION_CONTEXT('2D SPACE',''
  ) );
#2050 = ORIENTED_EDGE('',*,*,#2051,.T.);
#2051 = EDGE_CURVE('',#2029,#2052,#2054,.T.);
#2052 = VERTEX_POINT('',#2053);
#2053 = CARTESIAN_POINT('',(17.014676845516,10.587197085533,1.8));
#2054 = SURFACE_CURVE('',#2055,(#2059,#2066),.PCURVE_S1.);
#2055 = LINE('',#2056,#2057);
#2056 = CARTESIAN_POINT('',(21.765113225257,8.472166541539,1.8));
#2057 = VECTOR('',#2058,1.);
#2058 = DIRECTION('',(-0.913545457643,0.406736643076,0.));
#2059 = PCURVE('',#1800,#2060);
#2060 = DEFINITIONAL_REPRESENTATION('',(#2061),#2065);
#2061 = LINE('',#2062,#2063);
#2062 = CARTESIAN_POINT('',(0.,-2.8));
#2063 = VECTOR('',#2064,1.);
#2064 = DIRECTION('',(1.,0.));
#2065 = ( GEOMETRIC_REPRESENTATION_CONTEXT(2) 
PARAMETRIC_REPRESENTATION_CONTEXT() REPRESENTATION_CONTEXT('2D SPACE',''
  ) );
#2066 = PCURVE('',#2067,#2072);
#2067 = PLANE('',#2068);
#2068 = AXIS2_PLACEMENT_3D('',#2069,#2070,#2071);
#2069 = CARTESIAN_POINT('',(20.,10.9,1.8));
#2070 = DIRECTION('',(-0.,-0.,-1.));
#2071 = DIRECTION('',(-1.,0.,0.));
#2072 = DEFINITIONAL_REPRESENTATION('',(#2073),#2077);
#2073 = LINE('',#2074,#2075);
#2074 = CARTESIAN_POINT('',(-1.765113225257,-2.427833458461));
#2075 = VECTOR('',#2076,1.);
#2076 = DIRECTION('',(0.913545457643,0.406736643076));
#2077 = ( GEOMETRIC_REPRESENTATION_CONTEXT(2) 
PARAMETRIC_REPRESENTATION_CONTEXT() REPRESENTATION_CONTEXT('2D SPACE',''
  ) );
#2078 = ORIENTED_EDGE('',*,*,#2079,.F.);
#2079 = EDGE_CURVE('',#1783,#2052,#2080,.T.);
#2080 = SURFACE_CURVE('',#2081,(#2085,#2092),.PCURVE_S1.);
#2081 = LINE('',#2082,#2083);
#2082 = CARTESIAN_POINT('',(17.014676845516,10.587197085533,-1.));
#2083 = VECTOR('',#2084,1.);
#2084 = DIRECTION('',(0.,0.,1.));
#2085 = PCURVE('',#1800,#2086);
#2086 = DEFINITIONAL_REPRESENTATION('',(#2087),#2091);
#2087 = LINE('',#2088,#2089);
#2088 = CARTESIAN_POINT('',(5.2,0.));
#2089 = VECTOR('',#2090,1.);
#2090 = DIRECTION('',(0.,-1.));
#2091 = ( GEOMETRIC_REPRESENTATION_CONTEXT(2) 
PARAMETRIC_REPRESENTATION_CONTEXT() REPRESENTATION_CONTEXT('2D SPACE',''
  ) );
#2092 = PCURVE('',#1833,#2093);
#2093 = DEFINITIONAL_REPRESENTATION('',(#2094),#2098);
#2094 = LINE('',#2095,#2096);
#2095 = CARTESIAN_POINT('',(0.,0.));
#2096 = VECTOR('',#2097,1.);
#2097 = DIRECTION('',(0.,-1.));
#2098 = ( GEOMETRIC_REPRESENTATION_CONTEXT(2) 
PARAMETRIC_REPRESENTATION_CONTEXT() REPRESENTATION_CONTEXT('2D SPACE',''
  ) );
#2099 = ADVANCED_FACE('',(#2100),#1892,.F.);
#2100 = FACE_BOUND('',#2101,.F.);
#2101 = EDGE_LOOP('',(#2102,#2103,#2126,#2148));
#2102 = ORIENTED_EDGE('',*,*,#1873,.F.);
#2103 = ORIENTED_EDGE('',*,*,#2104,.T.);
#2104 = EDGE_CURVE('',#1846,#2105,#2107,.T.);
#2105 = VERTEX_POINT('',#2106);
#2106 = CARTESIAN_POINT('',(22.985323154484,11.212802914467,1.8));
#2107 = SURFACE_CURVE('',#2108,(#2112,#2119),.PCURVE_S1.);
#2108 = LINE('',#2109,#2110);
#2109 = CARTESIAN_POINT('',(22.985323154484,11.212802914467,-1.));
#2110 = VECTOR('',#2111,1.);
#2111 = DIRECTION('',(0.,0.,1.));
#2112 = PCURVE('',#1892,#2113);
#2113 = DEFINITIONAL_REPRESENTATION('',(#2114),#2118);
#2114 = LINE('',#2115,#2116);
#2115 = CARTESIAN_POINT('',(0.,0.));
#2116 = VECTOR('',#2117,1.);
#2117 = DIRECTION('',(0.,-1.));
#2118 = ( GEOMETRIC_REPRESENTATION_CONTEXT(2) 
PARAMETRIC_REPRESENTATION_CONTEXT() REPRESENTATION_CONTEXT('2D SPACE',''
  ) );
#2119 = PCURVE('',#1861,#2120);
#2120 = DEFINITIONAL_REPRESENTATION('',(#2121),#2125);
#2121 = LINE('',#2122,#2123);
#2122 = CARTESIAN_POINT('',(5.2,0.));
#2123 = VECTOR('',#2124,1.);
#2124 = DIRECTION('',(0.,-1.));
#2125 = ( GEOMETRIC_REPRESENTATION_CONTEXT(2) 
PARAMETRIC_REPRESENTATION_CONTEXT() REPRESENTATION_CONTEXT('2D SPACE',''
  ) );
#2126 = ORIENTED_EDGE('',*,*,#2127,.T.);
#2127 = EDGE_CURVE('',#2105,#2029,#2128,.T.);
#2128 = SURFACE_CURVE('',#2129,(#2134,#2141),.PCURVE_S1.);
#2129 = CIRCLE('',#2130,1.5);
#2130 = AXIS2_PLACEMENT_3D('',#2131,#2132,#2133);
#2131 = CARTESIAN_POINT('',(22.375218189871,9.842484728003,1.8));
#2132 = DIRECTION('',(0.,0.,-1.));
#2133 = DIRECTION('',(0.406736643076,0.913545457643,0.));
#2134 = PCURVE('',#1892,#2135);
#2135 = DEFINITIONAL_REPRESENTATION('',(#2136),#2140);
#2136 = LINE('',#2137,#2138);
#2137 = CARTESIAN_POINT('',(0.,-2.8));
#2138 = VECTOR('',#2139,1.);
#2139 = DIRECTION('',(1.,0.));
#2140 = ( GEOMETRIC_REPRESENTATION_CONTEXT(2) 
PARAMETRIC_REPRESENTATION_CONTEXT() REPRESENTATION_CONTEXT('2D SPACE',''
  ) );
#2141 = PCURVE('',#2067,#2142);
#2142 = DEFINITIONAL_REPRESENTATION('',(#2143),#2147);
#2143 = CIRCLE('',#2144,1.5);
#2144 = AXIS2_PLACEMENT_2D('',#2145,#2146);
#2145 = CARTESIAN_POINT('',(-2.375218189871,-1.057515271997));
#2146 = DIRECTION('',(-0.406736643076,0.913545457643));
#2147 = ( GEOMETRIC_REPRESENTATION_CONTEXT(2) 
PARAMETRIC_REPRESENTATION_CONTEXT() REPRESENTATION_CONTEXT('2D SPACE',''
  ) );
#2148 = ORIENTED_EDGE('',*,*,#2028,.F.);
#2149 = ADVANCED_FACE('',(#2150),#1861,.F.);
#2150 = FACE_BOUND('',#2151,.F.);
#2151 = EDGE_LOOP('',(#2152,#2153,#2176,#2197));
#2152 = ORIENTED_EDGE('',*,*,#1845,.T.);
#2153 = ORIENTED_EDGE('',*,*,#2154,.T.);
#2154 = EDGE_CURVE('',#1813,#2155,#2157,.T.);
#2155 = VERTEX_POINT('',#2156);
#2156 = CARTESIAN_POINT('',(18.234886774743,13.327833458461,1.8));
#2157 = SURFACE_CURVE('',#2158,(#2162,#2169),.PCURVE_S1.);
#2158 = LINE('',#2159,#2160);
#2159 = CARTESIAN_POINT('',(18.234886774743,13.327833458461,-1.));
#2160 = VECTOR('',#2161,1.);
#2161 = DIRECTION('',(0.,0.,1.));
#2162 = PCURVE('',#1861,#2163);
#2163 = DEFINITIONAL_REPRESENTATION('',(#2164),#2168);
#2164 = LINE('',#2165,#2166);
#2165 = CARTESIAN_POINT('',(0.,0.));
#2166 = VECTOR('',#2167,1.);
#2167 = DIRECTION('',(0.,-1.));
#2168 = ( GEOMETRIC_REPRESENTATION_CONTEXT(2) 
PARAMETRIC_REPRESENTATION_CONTEXT() REPRESENTATION_CONTEXT('2D SPACE',''
  ) );
#2169 = PCURVE('',#1833,#2170);
#2170 = DEFINITIONAL_REPRESENTATION('',(#2171),#2175);
#2171 = LINE('',#2172,#2173);
#2172 = CARTESIAN_POINT('',(3.14159265359,0.));
#2173 = VECTOR('',#2174,1.);
#2174 = DIRECTION('',(0.,-1.));
#2175 = ( GEOMETRIC_REPRESENTATION_CONTEXT(2) 
PARAMETRIC_REPRESENTATION_CONTEXT() REPRESENTATION_CONTEXT('2D SPACE',''
  ) );
#2176 = ORIENTED_EDGE('',*,*,#2177,.T.);
#2177 = EDGE_CURVE('',#2155,#2105,#2178,.T.);
#2178 = SURFACE_CURVE('',#2179,(#2183,#2190),.PCURVE_S1.);
#2179 = LINE('',#2180,#2181);
#2180 = CARTESIAN_POINT('',(18.234886774743,13.327833458461,1.8));
#2181 = VECTOR('',#2182,1.);
#2182 = DIRECTION('',(0.913545457643,-0.406736643076,0.));
#2183 = PCURVE('',#1861,#2184);
#2184 = DEFINITIONAL_REPRESENTATION('',(#2185),#2189);
#2185 = LINE('',#2186,#2187);
#2186 = CARTESIAN_POINT('',(0.,-2.8));
#2187 = VECTOR('',#2188,1.);
#2188 = DIRECTION('',(1.,0.));
#2189 = ( GEOMETRIC_REPRESENTATION_CONTEXT(2) 
PARAMETRIC_REPRESENTATION_CONTEXT() REPRESENTATION_CONTEXT('2D SPACE',''
  ) );
#2190 = PCURVE('',#2067,#2191);
#2191 = DEFINITIONAL_REPRESENTATION('',(#2192),#2196);
#2192 = LINE('',#2193,#2194);
#2193 = CARTESIAN_POINT('',(1.765113225257,2.427833458461));
#2194 = VECTOR('',#2195,1.);
#2195 = DIRECTION('',(-0.913545457643,-0.406736643076));
#2196 = ( GEOMETRIC_REPRESENTATION_CONTEXT(2) 
PARAMETRIC_REPRESENTATION_CONTEXT() REPRESENTATION_CONTEXT('2D SPACE',''
  ) );
#2197 = ORIENTED_EDGE('',*,*,#2104,.F.);
#2198 = ADVANCED_FACE('',(#2199),#1833,.F.);
#2199 = FACE_BOUND('',#2200,.F.);
#2200 = EDGE_LOOP('',(#2201,#2202,#2203,#2225));
#2201 = ORIENTED_EDGE('',*,*,#1812,.F.);
#2202 = ORIENTED_EDGE('',*,*,#2079,.T.);
#2203 = ORIENTED_EDGE('',*,*,#2204,.T.);
#2204 = EDGE_CURVE('',#2052,#2155,#2205,.T.);
#2205 = SURFACE_CURVE('',#2206,(#2211,#2218),.PCURVE_S1.);
#2206 = CIRCLE('',#2207,1.5);
#2207 = AXIS2_PLACEMENT_3D('',#2208,#2209,#2210);
#2208 = CARTESIAN_POINT('',(17.624781810129,11.957515271997,1.8));
#2209 = DIRECTION('',(-0.,0.,-1.));
#2210 = DIRECTION('',(-0.406736643076,-0.913545457643,0.));
#2211 = PCURVE('',#1833,#2212);
#2212 = DEFINITIONAL_REPRESENTATION('',(#2213),#2217);
#2213 = LINE('',#2214,#2215);
#2214 = CARTESIAN_POINT('',(0.,-2.8));
#2215 = VECTOR('',#2216,1.);
#2216 = DIRECTION('',(1.,0.));
#2217 = ( GEOMETRIC_REPRESENTATION_CONTEXT(2) 
PARAMETRIC_REPRESENTATION_CONTEXT() REPRESENTATION_CONTEXT('2D SPACE',''
  ) );
#2218 = PCURVE('',#2067,#2219);
#2219 = DEFINITIONAL_REPRESENTATION('',(#2220),#2224);
#2220 = CIRCLE('',#2221,1.5);
#2221 = AXIS2_PLACEMENT_2D('',#2222,#2223);
#2222 = CARTESIAN_POINT('',(2.375218189871,1.057515271997));
#2223 = DIRECTION('',(0.406736643076,-0.913545457643));
#2224 = ( GEOMETRIC_REPRESENTATION_CONTEXT(2) 
PARAMETRIC_REPRESENTATION_CONTEXT() REPRESENTATION_CONTEXT('2D SPACE',''
  ) );
#2225 = ORIENTED_EDGE('',*,*,#2154,.F.);
#2226 = ADVANCED_FACE('',(#2227),#2011,.T.);
#2227 = FACE_BOUND('',#2228,.T.);
#2228 = EDGE_LOOP('',(#2229));
#2229 = ORIENTED_EDGE('',*,*,#1996,.T.);
#2230 = ADVANCED_FACE('',(#2231),#2067,.T.);
#2231 = FACE_BOUND('',#2232,.T.);
#2232 = EDGE_LOOP('',(#2233,#2234,#2235,#2236));
#2233 = ORIENTED_EDGE('',*,*,#2051,.T.);
#2234 = ORIENTED_EDGE('',*,*,#2204,.T.);
#2235 = ORIENTED_EDGE('',*,*,#2177,.T.);
#2236 = ORIENTED_EDGE('',*,*,#2127,.T.);
#2237 = ( GEOMETRIC_REPRESENTATION_CONTEXT(3) 
GLOBAL_UNCERTAINTY_ASSIGNED_CONTEXT((#2241)) 
GLOBAL_UNIT_ASSIGNED_CONTEXT((#2238,#2239,#2240)) REPRESENTATION_CONTEXT
('Context #1','3D Context with UNIT and UNCERTAINTY') );
#2238 = ( LENGTH_UNIT() NAMED_UNIT(*) SI_UNIT(.MILLI.,.METRE.) );
#2239 = ( NAMED_UNIT(*) PLANE_ANGLE_UNIT() SI_UNIT($,.RADIAN.) );
#2240 = ( NAMED_UNIT(*) SI_UNIT($,.STERADIAN.) SOLID_ANGLE_UNIT() );
#2241 = UNCERTAINTY_MEASURE_WITH_UNIT(LENGTH_MEASURE(2.E-06),#2238,
  'distance_accuracy_value','confusion accuracy');
#2242 = CONTEXT_DEPENDENT_SHAPE_REPRESENTATION(#2243,#2245);
#2243 = ( REPRESENTATION_RELATIONSHIP('','',#36,#10) 
REPRESENTATION_RELATIONSHIP_WITH_TRANSFORMATION(#2244) 
SHAPE_REPRESENTATION_RELATIONSHIP() );
#2244 = ITEM_DEFINED_TRANSFORMATION('','',#11,#15);
#2245 = PRODUCT_DEFINITION_SHAPE('Placement','Placement of an item',
  #2246);
#2246 = NEXT_ASSEMBLY_USAGE_OCCURRENCE('7','','',#5,#31,$);
#2247 = PRODUCT_RELATED_PRODUCT_CATEGORY('part',$,(#33));
#2248 = SHAPE_DEFINITION_REPRESENTATION(#2249,#2255);
#2249 = PRODUCT_DEFINITION_SHAPE('','',#2250);
#2250 = PRODUCT_DEFINITION('design','',#2251,#2254);
#2251 = PRODUCT_DEFINITION_FORMATION('','',#2252);
#2252 = PRODUCT('Open CASCADE STEP translator 7.9 4.2',
  'Open CASCADE STEP translator 7.9 4.2','',(#2253));
#2253 = PRODUCT_CONTEXT('',#2,'mechanical');
#2254 = PRODUCT_DEFINITION_CONTEXT('part definition',#2,'design');
#2255 = ADVANCED_BREP_SHAPE_REPRESENTATION('',(#11,#2256),#8181);
#2256 = MANIFOLD_SOLID_BREP('',#2257);
#2257 = CLOSED_SHELL('',(#2258,#2548,#2662,#4721,#4782,#5537,#5570,#5595
    ,#5602,#5657,#5733,#5782,#5831,#5880,#5929,#5978,#6005,#6081,#6130,
    #6179,#6228,#6277,#6326,#6375,#6424,#6473,#6522,#6571,#6620,#6669,
    #6718,#6767,#6816,#6865,#6914,#6963,#7012,#7061,#7110,#7137,#7213,
    #7263,#7312,#7340,#7344,#7354,#7622,#7629,#7726,#7796,#7854,#7924,
    #7994,#8064,#8134,#8170));
#2258 = ADVANCED_FACE('',(#2259),#2275,.F.);
#2259 = FACE_BOUND('',#2260,.F.);
#2260 = EDGE_LOOP('',(#2261,#2356,#2436,#2470));
#2261 = ORIENTED_EDGE('',*,*,#2262,.F.);
#2262 = EDGE_CURVE('',#2263,#2265,#2267,.T.);
#2263 = VERTEX_POINT('',#2264);
#2264 = CARTESIAN_POINT('',(29.999908870832,-3.125,0.));
#2265 = VERTEX_POINT('',#2266);
#2266 = CARTESIAN_POINT('',(31.146890413867,-3.125,4.));
#2267 = SURFACE_CURVE('',#2268,(#2274,#2342),.PCURVE_S1.);
#2268 = B_SPLINE_CURVE_WITH_KNOTS('',4,(#2269,#2270,#2271,#2272,#2273),
  .UNSPECIFIED.,.F.,.F.,(5,5),(0.,1.),.PIECEWISE_BEZIER_KNOTS.);
#2269 = CARTESIAN_POINT('',(29.999908870832,-3.125,0.));
#2270 = CARTESIAN_POINT('',(30.28665425659,-3.125,1.));
#2271 = CARTESIAN_POINT('',(30.573399642349,-3.125,2.));
#2272 = CARTESIAN_POINT('',(30.860145028108,-3.125,3.));
#2273 = CARTESIAN_POINT('',(31.146890413867,-3.125,4.));
#2274 = PCURVE('',#2275,#2334);
#2275 = B_SPLINE_SURFACE_WITH_KNOTS('',3,1,(
    (#2276,#2277)
    ,(#2278,#2279)
    ,(#2280,#2281)
    ,(#2282,#2283)
    ,(#2284,#2285)
    ,(#2286,#2287)
    ,(#2288,#2289)
    ,(#2290,#2291)
    ,(#2292,#2293)
    ,(#2294,#2295)
    ,(#2296,#2297)
    ,(#2298,#2299)
    ,(#2300,#2301)
    ,(#2302,#2303)
    ,(#2304,#2305)
    ,(#2306,#2307)
    ,(#2308,#2309)
    ,(#2310,#2311)
    ,(#2312,#2313)
    ,(#2314,#2315)
    ,(#2316,#2317)
    ,(#2318,#2319)
    ,(#2320,#2321)
    ,(#2322,#2323)
    ,(#2324,#2325)
    ,(#2326,#2327)
    ,(#2328,#2329)
    ,(#2330,#2331)
    ,(#2332,#2333
    )),.UNSPECIFIED.,.T.,.F.,.F.,(1,1,2,1,1,1,1,1,1,1,1,1,1,1,1,1,1,1,1,
    1,1,1,1,1,1,1,1,1,2,1,1),(2,2),(-11.12863082616,-5.192301994299,0.,
    5.192301994299,11.128630826161,17.776938881599,24.45001912988,
    31.413495273302,37.423694937206,45.431347527073,54.799378269977,
    61.156264300103,65.497922969321,69.325454811122,73.816557125699,
    78.820555526978,83.824553928257,88.315656242834,92.143188084635,
    96.484846753853,102.84173278397,112.20976352688,120.21741611674,
    126.22761578065,133.19109192407,139.86417217235,146.51248022779,
    152.44880905965,157.64111105395,162.83341304825,168.76974188011),(0.
    ,1.),.UNSPECIFIED.);
#2276 = CARTESIAN_POINT('',(-28.19467798052,-4.757923115404,0.));
#2277 = CARTESIAN_POINT('',(-27.04769643748,-4.757923115404,4.));
#2278 = CARTESIAN_POINT('',(-27.80532201947,-1.242076884596,0.));
#2279 = CARTESIAN_POINT('',(-26.65834047644,-1.242076884596,4.));
#2280 = CARTESIAN_POINT('',(-26.75646873277,2.336215308645,0.));
#2281 = CARTESIAN_POINT('',(-25.60948718974,2.336215308645,4.));
#2282 = CARTESIAN_POINT('',(-23.41828871055,7.340548207808,0.));
#2283 = CARTESIAN_POINT('',(-22.27130716752,7.340548207808,4.));
#2284 = CARTESIAN_POINT('',(-18.75681809731,11.798094545236,0.));
#2285 = CARTESIAN_POINT('',(-17.60983655427,11.798094545236,4.));
#2286 = CARTESIAN_POINT('',(-12.85133167509,15.317370819243,0.));
#2287 = CARTESIAN_POINT('',(-11.70435013205,15.317370819243,4.));
#2288 = CARTESIAN_POINT('',(-6.314132526844,16.517954476765,0.));
#2289 = CARTESIAN_POINT('',(-5.167150983808,16.517954476765,4.));
#2290 = CARTESIAN_POINT('',(0.64996341515,16.81092651448,0.));
#2291 = CARTESIAN_POINT('',(1.796944958185,16.81092651448,4.));
#2292 = CARTESIAN_POINT('',(8.530413832458,16.837673001601,0.));
#2293 = CARTESIAN_POINT('',(9.677395375493,16.837673001601,4.));
#2294 = CARTESIAN_POINT('',(16.064653825025,14.060161584088,0.));
#2295 = CARTESIAN_POINT('',(17.21163536806,14.060161584088,4.));
#2296 = CARTESIAN_POINT('',(22.361060251736,12.043362644683,0.));
#2297 = CARTESIAN_POINT('',(23.508041794771,12.043362644683,4.));
#2298 = CARTESIAN_POINT('',(26.944413011804,10.041845739911,0.));
#2299 = CARTESIAN_POINT('',(28.091394554839,10.041845739911,4.));
#2300 = CARTESIAN_POINT('',(29.256656930442,6.261815380072,0.));
#2301 = CARTESIAN_POINT('',(30.403638473477,6.261815380072,4.));
#2302 = CARTESIAN_POINT('',(29.908601413114,1.830585886073,0.));
#2303 = CARTESIAN_POINT('',(31.055582956149,1.830585886073,4.));
#2304 = CARTESIAN_POINT('',(30.048167847629,-3.,0.));
#2305 = CARTESIAN_POINT('',(31.195149390664,-3.,4.));
#2306 = CARTESIAN_POINT('',(29.908601340434,-7.830585886073,0.));
#2307 = CARTESIAN_POINT('',(31.055582883469,-7.830585886073,4.));
#2308 = CARTESIAN_POINT('',(29.25665717114,-12.26181538007,0.));
#2309 = CARTESIAN_POINT('',(30.403638714175,-12.26181538007,4.));
#2310 = CARTESIAN_POINT('',(26.944412212012,-16.04184573991,0.));
#2311 = CARTESIAN_POINT('',(28.091393755047,-16.04184573991,4.));
#2312 = CARTESIAN_POINT('',(22.361064394243,-18.04336264468,0.));
#2313 = CARTESIAN_POINT('',(23.508045937278,-18.04336264468,4.));
#2314 = CARTESIAN_POINT('',(16.064625424713,-20.06016158408,0.));
#2315 = CARTESIAN_POINT('',(17.211606967749,-20.06016158408,4.));
#2316 = CARTESIAN_POINT('',(8.5305641273,-22.8376730016,0.));
#2317 = CARTESIAN_POINT('',(9.677545670335,-22.8376730016,4.));
#2318 = CARTESIAN_POINT('',(0.649546473588,-22.81092651448,0.));
#2319 = CARTESIAN_POINT('',(1.796528016623,-22.81092651448,4.));
#2320 = CARTESIAN_POINT('',(-6.312923755102,-22.51795447676,0.));
#2321 = CARTESIAN_POINT('',(-5.165942212067,-22.51795447676,4.));
#2322 = CARTESIAN_POINT('',(-12.85660883347,-21.31737081924,0.));
#2323 = CARTESIAN_POINT('',(-11.70962729044,-21.31737081924,4.));
#2324 = CARTESIAN_POINT('',(-18.73814091818,-17.79809454523,0.));
#2325 = CARTESIAN_POINT('',(-17.59115937514,-17.79809454523,4.));
#2326 = CARTESIAN_POINT('',(-23.48463883032,-13.3405482078,0.));
#2327 = CARTESIAN_POINT('',(-22.33765728728,-13.3405482078,4.));
#2328 = CARTESIAN_POINT('',(-26.54956905411,-8.336215308645,0.));
#2329 = CARTESIAN_POINT('',(-25.40258751107,-8.336215308645,4.));
#2330 = CARTESIAN_POINT('',(-28.19467798052,-4.757923115404,0.));
#2331 = CARTESIAN_POINT('',(-27.04769643748,-4.757923115404,4.));
#2332 = CARTESIAN_POINT('',(-27.80532201947,-1.242076884596,0.));
#2333 = CARTESIAN_POINT('',(-26.65834047644,-1.242076884596,4.));
#2334 = DEFINITIONAL_REPRESENTATION('',(#2335),#2341);
#2335 = B_SPLINE_CURVE_WITH_KNOTS('',4,(#2336,#2337,#2338,#2339,#2340),
  .UNSPECIFIED.,.F.,.F.,(5,5),(0.,1.),.PIECEWISE_BEZIER_KNOTS.);
#2336 = CARTESIAN_POINT('',(78.94561887429,0.));
#2337 = CARTESIAN_POINT('',(78.94561887429,0.25));
#2338 = CARTESIAN_POINT('',(78.94561887429,0.5));
#2339 = CARTESIAN_POINT('',(78.94561887429,0.75));
#2340 = CARTESIAN_POINT('',(78.94561887429,1.));
#2341 = ( GEOMETRIC_REPRESENTATION_CONTEXT(2) 
PARAMETRIC_REPRESENTATION_CONTEXT() REPRESENTATION_CONTEXT('2D SPACE',''
  ) );
#2342 = PCURVE('',#2343,#2348);
#2343 = PLANE('',#2344);
#2344 = AXIS2_PLACEMENT_3D('',#2345,#2346,#2347);
#2345 = CARTESIAN_POINT('',(-100.,-3.125,-100.));
#2346 = DIRECTION('',(0.,1.,0.));
#2347 = DIRECTION('',(0.,0.,1.));
#2348 = DEFINITIONAL_REPRESENTATION('',(#2349),#2355);
#2349 = B_SPLINE_CURVE_WITH_KNOTS('',4,(#2350,#2351,#2352,#2353,#2354),
  .UNSPECIFIED.,.F.,.F.,(5,5),(0.,1.),.PIECEWISE_BEZIER_KNOTS.);
#2350 = CARTESIAN_POINT('',(100.,129.99990887083));
#2351 = CARTESIAN_POINT('',(101.,130.28665425659));
#2352 = CARTESIAN_POINT('',(102.,130.57339964234));
#2353 = CARTESIAN_POINT('',(103.,130.8601450281));
#2354 = CARTESIAN_POINT('',(104.,131.14689041386));
#2355 = ( GEOMETRIC_REPRESENTATION_CONTEXT(2) 
PARAMETRIC_REPRESENTATION_CONTEXT() REPRESENTATION_CONTEXT('2D SPACE',''
  ) );
#2356 = ORIENTED_EDGE('',*,*,#2357,.T.);
#2357 = EDGE_CURVE('',#2263,#2358,#2360,.T.);
#2358 = VERTEX_POINT('',#2359);
#2359 = CARTESIAN_POINT('',(-28.01224588709,-3.125,0.));
#2360 = SURFACE_CURVE('',#2361,(#2391,#2398),.PCURVE_S1.);
#2361 = B_SPLINE_CURVE_WITH_KNOTS('',3,(#2362,#2363,#2364,#2365,#2366,
    #2367,#2368,#2369,#2370,#2371,#2372,#2373,#2374,#2375,#2376,#2377,
    #2378,#2379,#2380,#2381,#2382,#2383,#2384,#2385,#2386,#2387,#2388,
    #2389,#2390),.UNSPECIFIED.,.T.,.F.,(1,1,2,1,1,1,1,1,1,1,1,1,1,1,1,1,
    1,1,1,1,1,1,1,1,1,1,1,1,2,1,1),(-11.12863082616,-5.192301994299,0.,
    5.192301994299,11.128630826161,17.776938881599,24.45001912988,
    31.413495273302,37.423694937206,45.431347527073,54.799378269977,
    61.156264300103,65.497922969321,69.325454811122,73.816557125699,
    78.820555526978,83.824553928257,88.315656242834,92.143188084635,
    96.484846753853,102.84173278397,112.20976352688,120.21741611674,
    126.22761578065,133.19109192407,139.86417217235,146.51248022779,
    152.44880905965,157.64111105395,162.83341304825,168.76974188011),
  .UNSPECIFIED.);
#2362 = CARTESIAN_POINT('',(-28.19467798052,-4.757923115404,0.));
#2363 = CARTESIAN_POINT('',(-27.80532201947,-1.242076884596,0.));
#2364 = CARTESIAN_POINT('',(-26.75646873277,2.336215308645,0.));
#2365 = CARTESIAN_POINT('',(-23.41828871055,7.340548207808,0.));
#2366 = CARTESIAN_POINT('',(-18.75681809731,11.798094545236,0.));
#2367 = CARTESIAN_POINT('',(-12.85133167509,15.317370819243,0.));
#2368 = CARTESIAN_POINT('',(-6.314132526844,16.517954476765,0.));
#2369 = CARTESIAN_POINT('',(0.64996341515,16.81092651448,0.));
#2370 = CARTESIAN_POINT('',(8.530413832458,16.837673001601,0.));
#2371 = CARTESIAN_POINT('',(16.064653825025,14.060161584088,0.));
#2372 = CARTESIAN_POINT('',(22.361060251736,12.043362644683,0.));
#2373 = CARTESIAN_POINT('',(26.944413011804,10.041845739911,0.));
#2374 = CARTESIAN_POINT('',(29.256656930442,6.261815380072,0.));
#2375 = CARTESIAN_POINT('',(29.908601413114,1.830585886073,0.));
#2376 = CARTESIAN_POINT('',(30.048167847629,-3.,0.));
#2377 = CARTESIAN_POINT('',(29.908601340434,-7.830585886073,0.));
#2378 = CARTESIAN_POINT('',(29.25665717114,-12.26181538007,0.));
#2379 = CARTESIAN_POINT('',(26.944412212012,-16.04184573991,0.));
#2380 = CARTESIAN_POINT('',(22.361064394243,-18.04336264468,0.));
#2381 = CARTESIAN_POINT('',(16.064625424713,-20.06016158408,0.));
#2382 = CARTESIAN_POINT('',(8.5305641273,-22.8376730016,0.));
#2383 = CARTESIAN_POINT('',(0.649546473588,-22.81092651448,0.));
#2384 = CARTESIAN_POINT('',(-6.312923755102,-22.51795447676,0.));
#2385 = CARTESIAN_POINT('',(-12.85660883347,-21.31737081924,0.));
#2386 = CARTESIAN_POINT('',(-18.73814091818,-17.79809454523,0.));
#2387 = CARTESIAN_POINT('',(-23.48463883032,-13.3405482078,0.));
#2388 = CARTESIAN_POINT('',(-26.54956905411,-8.336215308645,0.));
#2389 = CARTESIAN_POINT('',(-28.19467798052,-4.757923115404,0.));
#2390 = CARTESIAN_POINT('',(-27.80532201947,-1.242076884596,0.));
#2391 = PCURVE('',#2275,#2392);
#2392 = DEFINITIONAL_REPRESENTATION('',(#2393),#2397);
#2393 = LINE('',#2394,#2395);
#2394 = CARTESIAN_POINT('',(0.,0.));
#2395 = VECTOR('',#2396,1.);
#2396 = DIRECTION('',(1.,0.));
#2397 = ( GEOMETRIC_REPRESENTATION_CONTEXT(2) 
PARAMETRIC_REPRESENTATION_CONTEXT() REPRESENTATION_CONTEXT('2D SPACE',''
  ) );
#2398 = PCURVE('',#2399,#2404);
#2399 = PLANE('',#2400);
#2400 = AXIS2_PLACEMENT_3D('',#2401,#2402,#2403);
#2401 = CARTESIAN_POINT('',(-28.,-3.,0.));
#2402 = DIRECTION('',(-0.,0.,1.));
#2403 = DIRECTION('',(0.994533904972,-0.104414136312,0.));
#2404 = DEFINITIONAL_REPRESENTATION('',(#2405),#2435);
#2405 = B_SPLINE_CURVE_WITH_KNOTS('',3,(#2406,#2407,#2408,#2409,#2410,
    #2411,#2412,#2413,#2414,#2415,#2416,#2417,#2418,#2419,#2420,#2421,
    #2422,#2423,#2424,#2425,#2426,#2427,#2428,#2429,#2430,#2431,#2432,
    #2433,#2434),.UNSPECIFIED.,.F.,.F.,(1,1,2,1,1,1,1,1,1,1,1,1,1,1,1,1,
    1,1,1,1,1,1,1,1,1,1,1,1,2,1,1),(-11.12863082616,-5.192301994299,0.,
    5.192301994299,11.128630826161,17.776938881599,24.45001912988,
    31.413495273302,37.423694937206,45.431347527073,54.799378269977,
    61.156264300103,65.497922969321,69.325454811122,73.816557125699,
    78.820555526978,83.824553928257,88.315656242834,92.143188084635,
    96.484846753853,102.84173278397,112.20976352688,120.21741611674,
    126.22761578065,133.19109192407,139.86417217235,146.51248022779,
    152.44880905965,157.64111105395,162.83341304825,168.76974188011),
  .UNSPECIFIED.);
#2406 = CARTESIAN_POINT('',(-1.006182838394E-02,-1.768641273798));
#2407 = CARTESIAN_POINT('',(1.006182838394E-02,1.768641273798));
#2408 = CARTESIAN_POINT('',(0.679557694519,5.43688929192));
#2409 = CARTESIAN_POINT('',(3.476967810037,10.762421215776));
#2410 = CARTESIAN_POINT('',(7.647527531043,15.682325609354));
#2411 = CARTESIAN_POINT('',(13.153271810702,19.798981449094));
#2412 = CARTESIAN_POINT('',(19.529380101516,21.675578605216));
#2413 = CARTESIAN_POINT('',(26.424819211023,22.694099292906));
#2414 = CARTESIAN_POINT('',(34.259401626133,23.543530005257));
#2415 = CARTESIAN_POINT('',(42.04247020269,21.567881890683));
#2416 = CARTESIAN_POINT('',(48.515042192908,20.219540804845));
#2417 = CARTESIAN_POINT('',(53.282328570166,18.70753120153));
#2418 = CARTESIAN_POINT('',(55.976622149071,15.189593798554));
#2419 = CARTESIAN_POINT('',(57.087686041662,10.850658046142));
#2420 = CARTESIAN_POINT('',(57.730871045956,6.061049310282));
#2421 = CARTESIAN_POINT('',(58.096448875726,1.242295149398));
#2422 = CARTESIAN_POINT('',(57.910751295629,-3.232785010455));
#2423 = CARTESIAN_POINT('',(56.00583389243,-7.233584425486));
#2424 = CARTESIAN_POINT('',(51.656525748306,-9.702727152463));
#2425 = CARTESIAN_POINT('',(45.605086031896,-12.36593931405));
#2426 = CARTESIAN_POINT('',(38.402218085238,-15.9149310935));
#2427 = CARTESIAN_POINT('',(30.561486111589,-16.71122045679));
#2428 = CARTESIAN_POINT('',(23.606482984519,-17.1468301476));
#2429 = CARTESIAN_POINT('',(16.973208404945,-16.63606222019));
#2430 = CARTESIAN_POINT('',(10.756363140935,-13.75013773754));
#2431 = CARTESIAN_POINT('',(5.570379186545,-9.812558251992));
#2432 = CARTESIAN_POINT('',(1.999679065129,-5.155601554182));
#2433 = CARTESIAN_POINT('',(-1.006182838394E-02,-1.768641273798));
#2434 = CARTESIAN_POINT('',(1.006182838394E-02,1.768641273798));
#2435 = ( GEOMETRIC_REPRESENTATION_CONTEXT(2) 
PARAMETRIC_REPRESENTATION_CONTEXT() REPRESENTATION_CONTEXT('2D SPACE',''
  ) );
#2436 = ORIENTED_EDGE('',*,*,#2437,.T.);
#2437 = EDGE_CURVE('',#2358,#2438,#2440,.T.);
#2438 = VERTEX_POINT('',#2439);
#2439 = CARTESIAN_POINT('',(-26.86526434406,-3.125,4.));
#2440 = SURFACE_CURVE('',#2441,(#2447,#2456),.PCURVE_S1.);
#2441 = B_SPLINE_CURVE_WITH_KNOTS('',4,(#2442,#2443,#2444,#2445,#2446),
  .UNSPECIFIED.,.F.,.F.,(5,5),(0.,1.),.PIECEWISE_BEZIER_KNOTS.);
#2442 = CARTESIAN_POINT('',(-28.01224588709,-3.125,0.));
#2443 = CARTESIAN_POINT('',(-27.72550050133,-3.125,1.));
#2444 = CARTESIAN_POINT('',(-27.43875511558,-3.125,2.));
#2445 = CARTESIAN_POINT('',(-27.15200972982,-3.125,3.));
#2446 = CARTESIAN_POINT('',(-26.86526434406,-3.125,4.));
#2447 = PCURVE('',#2275,#2448);
#2448 = DEFINITIONAL_REPRESENTATION('',(#2449),#2455);
#2449 = B_SPLINE_CURVE_WITH_KNOTS('',4,(#2450,#2451,#2452,#2453,#2454),
  .UNSPECIFIED.,.F.,.F.,(5,5),(0.,1.),.PIECEWISE_BEZIER_KNOTS.);
#2450 = CARTESIAN_POINT('',(157.51789487003,0.));
#2451 = CARTESIAN_POINT('',(157.51789487003,0.25));
#2452 = CARTESIAN_POINT('',(157.51789487003,0.5));
#2453 = CARTESIAN_POINT('',(157.51789487003,0.75));
#2454 = CARTESIAN_POINT('',(157.51789487003,1.));
#2455 = ( GEOMETRIC_REPRESENTATION_CONTEXT(2) 
PARAMETRIC_REPRESENTATION_CONTEXT() REPRESENTATION_CONTEXT('2D SPACE',''
  ) );
#2456 = PCURVE('',#2457,#2462);
#2457 = PLANE('',#2458);
#2458 = AXIS2_PLACEMENT_3D('',#2459,#2460,#2461);
#2459 = CARTESIAN_POINT('',(-100.,-3.125,-100.));
#2460 = DIRECTION('',(0.,1.,0.));
#2461 = DIRECTION('',(0.,0.,1.));
#2462 = DEFINITIONAL_REPRESENTATION('',(#2463),#2469);
#2463 = B_SPLINE_CURVE_WITH_KNOTS('',4,(#2464,#2465,#2466,#2467,#2468),
  .UNSPECIFIED.,.F.,.F.,(5,5),(0.,1.),.PIECEWISE_BEZIER_KNOTS.);
#2464 = CARTESIAN_POINT('',(100.,71.987754112903));
#2465 = CARTESIAN_POINT('',(101.,72.274499498662));
#2466 = CARTESIAN_POINT('',(102.,72.56124488442));
#2467 = CARTESIAN_POINT('',(103.,72.847990270179));
#2468 = CARTESIAN_POINT('',(104.,73.134735655938));
#2469 = ( GEOMETRIC_REPRESENTATION_CONTEXT(2) 
PARAMETRIC_REPRESENTATION_CONTEXT() REPRESENTATION_CONTEXT('2D SPACE',''
  ) );
#2470 = ORIENTED_EDGE('',*,*,#2471,.F.);
#2471 = EDGE_CURVE('',#2265,#2438,#2472,.T.);
#2472 = SURFACE_CURVE('',#2473,(#2503,#2510),.PCURVE_S1.);
#2473 = B_SPLINE_CURVE_WITH_KNOTS('',3,(#2474,#2475,#2476,#2477,#2478,
    #2479,#2480,#2481,#2482,#2483,#2484,#2485,#2486,#2487,#2488,#2489,
    #2490,#2491,#2492,#2493,#2494,#2495,#2496,#2497,#2498,#2499,#2500,
    #2501,#2502),.UNSPECIFIED.,.T.,.F.,(1,1,2,1,1,1,1,1,1,1,1,1,1,1,1,1,
    1,1,1,1,1,1,1,1,1,1,1,1,2,1,1),(-11.12863082616,-5.192301994299,0.,
    5.192301994299,11.128630826161,17.776938881599,24.45001912988,
    31.413495273302,37.423694937206,45.431347527073,54.799378269977,
    61.156264300103,65.497922969321,69.325454811122,73.816557125699,
    78.820555526978,83.824553928257,88.315656242834,92.143188084635,
    96.484846753853,102.84173278397,112.20976352688,120.21741611674,
    126.22761578065,133.19109192407,139.86417217235,146.51248022779,
    152.44880905965,157.64111105395,162.83341304825,168.76974188011),
  .UNSPECIFIED.);
#2474 = CARTESIAN_POINT('',(-27.04769643748,-4.757923115404,4.));
#2475 = CARTESIAN_POINT('',(-26.65834047644,-1.242076884596,4.));
#2476 = CARTESIAN_POINT('',(-25.60948718974,2.336215308645,4.));
#2477 = CARTESIAN_POINT('',(-22.27130716752,7.340548207808,4.));
#2478 = CARTESIAN_POINT('',(-17.60983655427,11.798094545236,4.));
#2479 = CARTESIAN_POINT('',(-11.70435013205,15.317370819243,4.));
#2480 = CARTESIAN_POINT('',(-5.167150983808,16.517954476765,4.));
#2481 = CARTESIAN_POINT('',(1.796944958185,16.81092651448,4.));
#2482 = CARTESIAN_POINT('',(9.677395375493,16.837673001601,4.));
#2483 = CARTESIAN_POINT('',(17.21163536806,14.060161584088,4.));
#2484 = CARTESIAN_POINT('',(23.508041794771,12.043362644683,4.));
#2485 = CARTESIAN_POINT('',(28.091394554839,10.041845739911,4.));
#2486 = CARTESIAN_POINT('',(30.403638473477,6.261815380072,4.));
#2487 = CARTESIAN_POINT('',(31.055582956149,1.830585886073,4.));
#2488 = CARTESIAN_POINT('',(31.195149390664,-3.,4.));
#2489 = CARTESIAN_POINT('',(31.055582883469,-7.830585886073,4.));
#2490 = CARTESIAN_POINT('',(30.403638714175,-12.26181538007,4.));
#2491 = CARTESIAN_POINT('',(28.091393755047,-16.04184573991,4.));
#2492 = CARTESIAN_POINT('',(23.508045937278,-18.04336264468,4.));
#2493 = CARTESIAN_POINT('',(17.211606967749,-20.06016158408,4.));
#2494 = CARTESIAN_POINT('',(9.677545670335,-22.8376730016,4.));
#2495 = CARTESIAN_POINT('',(1.796528016623,-22.81092651448,4.));
#2496 = CARTESIAN_POINT('',(-5.165942212067,-22.51795447676,4.));
#2497 = CARTESIAN_POINT('',(-11.70962729044,-21.31737081924,4.));
#2498 = CARTESIAN_POINT('',(-17.59115937514,-17.79809454523,4.));
#2499 = CARTESIAN_POINT('',(-22.33765728728,-13.3405482078,4.));
#2500 = CARTESIAN_POINT('',(-25.40258751107,-8.336215308645,4.));
#2501 = CARTESIAN_POINT('',(-27.04769643748,-4.757923115404,4.));
#2502 = CARTESIAN_POINT('',(-26.65834047644,-1.242076884596,4.));
#2503 = PCURVE('',#2275,#2504);
#2504 = DEFINITIONAL_REPRESENTATION('',(#2505),#2509);
#2505 = LINE('',#2506,#2507);
#2506 = CARTESIAN_POINT('',(0.,1.));
#2507 = VECTOR('',#2508,1.);
#2508 = DIRECTION('',(1.,0.));
#2509 = ( GEOMETRIC_REPRESENTATION_CONTEXT(2) 
PARAMETRIC_REPRESENTATION_CONTEXT() REPRESENTATION_CONTEXT('2D SPACE',''
  ) );
#2510 = PCURVE('',#2511,#2516);
#2511 = PLANE('',#2512);
#2512 = AXIS2_PLACEMENT_3D('',#2513,#2514,#2515);
#2513 = CARTESIAN_POINT('',(-26.85301845696,-3.,4.));
#2514 = DIRECTION('',(-0.,0.,1.));
#2515 = DIRECTION('',(0.994533904972,-0.104414136312,0.));
#2516 = DEFINITIONAL_REPRESENTATION('',(#2517),#2547);
#2517 = B_SPLINE_CURVE_WITH_KNOTS('',3,(#2518,#2519,#2520,#2521,#2522,
    #2523,#2524,#2525,#2526,#2527,#2528,#2529,#2530,#2531,#2532,#2533,
    #2534,#2535,#2536,#2537,#2538,#2539,#2540,#2541,#2542,#2543,#2544,
    #2545,#2546),.UNSPECIFIED.,.F.,.F.,(1,1,2,1,1,1,1,1,1,1,1,1,1,1,1,1,
    1,1,1,1,1,1,1,1,1,1,1,1,2,1,1),(-11.12863082616,-5.192301994299,0.,
    5.192301994299,11.128630826161,17.776938881599,24.45001912988,
    31.413495273302,37.423694937206,45.431347527073,54.799378269977,
    61.156264300103,65.497922969321,69.325454811122,73.816557125699,
    78.820555526978,83.824553928257,88.315656242834,92.143188084635,
    96.484846753853,102.84173278397,112.20976352688,120.21741611674,
    126.22761578065,133.19109192407,139.86417217235,146.51248022779,
    152.44880905965,157.64111105395,162.83341304825,168.76974188011),
  .UNSPECIFIED.);
#2518 = CARTESIAN_POINT('',(-1.006182838394E-02,-1.768641273798));
#2519 = CARTESIAN_POINT('',(1.006182838394E-02,1.768641273798));
#2520 = CARTESIAN_POINT('',(0.679557694519,5.43688929192));
#2521 = CARTESIAN_POINT('',(3.476967810037,10.762421215776));
#2522 = CARTESIAN_POINT('',(7.647527531043,15.682325609354));
#2523 = CARTESIAN_POINT('',(13.153271810702,19.798981449094));
#2524 = CARTESIAN_POINT('',(19.529380101516,21.675578605216));
#2525 = CARTESIAN_POINT('',(26.424819211023,22.694099292906));
#2526 = CARTESIAN_POINT('',(34.259401626133,23.543530005257));
#2527 = CARTESIAN_POINT('',(42.04247020269,21.567881890683));
#2528 = CARTESIAN_POINT('',(48.515042192908,20.219540804845));
#2529 = CARTESIAN_POINT('',(53.282328570166,18.70753120153));
#2530 = CARTESIAN_POINT('',(55.976622149071,15.189593798554));
#2531 = CARTESIAN_POINT('',(57.087686041662,10.850658046142));
#2532 = CARTESIAN_POINT('',(57.730871045956,6.061049310282));
#2533 = CARTESIAN_POINT('',(58.096448875726,1.242295149398));
#2534 = CARTESIAN_POINT('',(57.910751295629,-3.232785010455));
#2535 = CARTESIAN_POINT('',(56.00583389243,-7.233584425486));
#2536 = CARTESIAN_POINT('',(51.656525748306,-9.702727152463));
#2537 = CARTESIAN_POINT('',(45.605086031896,-12.36593931405));
#2538 = CARTESIAN_POINT('',(38.402218085238,-15.9149310935));
#2539 = CARTESIAN_POINT('',(30.561486111589,-16.71122045679));
#2540 = CARTESIAN_POINT('',(23.606482984519,-17.1468301476));
#2541 = CARTESIAN_POINT('',(16.973208404945,-16.63606222019));
#2542 = CARTESIAN_POINT('',(10.756363140935,-13.75013773754));
#2543 = CARTESIAN_POINT('',(5.570379186545,-9.812558251992));
#2544 = CARTESIAN_POINT('',(1.999679065129,-5.155601554182));
#2545 = CARTESIAN_POINT('',(-1.006182838394E-02,-1.768641273798));
#2546 = CARTESIAN_POINT('',(1.006182838394E-02,1.768641273798));
#2547 = ( GEOMETRIC_REPRESENTATION_CONTEXT(2) 
PARAMETRIC_REPRESENTATION_CONTEXT() REPRESENTATION_CONTEXT('2D SPACE',''
  ) );
#2548 = ADVANCED_FACE('',(#2549),#2343,.T.);
#2549 = FACE_BOUND('',#2550,.T.);
#2550 = EDGE_LOOP('',(#2551,#2552,#2575,#2641));
#2551 = ORIENTED_EDGE('',*,*,#2262,.F.);
#2552 = ORIENTED_EDGE('',*,*,#2553,.T.);
#2553 = EDGE_CURVE('',#2263,#2554,#2556,.T.);
#2554 = VERTEX_POINT('',#2555);
#2555 = CARTESIAN_POINT('',(14.449459332498,-3.125,0.));
#2556 = SURFACE_CURVE('',#2557,(#2561,#2568),.PCURVE_S1.);
#2557 = LINE('',#2558,#2559);
#2558 = CARTESIAN_POINT('',(-64.,-3.125,0.));
#2559 = VECTOR('',#2560,1.);
#2560 = DIRECTION('',(-1.,0.,-0.));
#2561 = PCURVE('',#2343,#2562);
#2562 = DEFINITIONAL_REPRESENTATION('',(#2563),#2567);
#2563 = LINE('',#2564,#2565);
#2564 = CARTESIAN_POINT('',(100.,36.));
#2565 = VECTOR('',#2566,1.);
#2566 = DIRECTION('',(0.,-1.));
#2567 = ( GEOMETRIC_REPRESENTATION_CONTEXT(2) 
PARAMETRIC_REPRESENTATION_CONTEXT() REPRESENTATION_CONTEXT('2D SPACE',''
  ) );
#2568 = PCURVE('',#2399,#2569);
#2569 = DEFINITIONAL_REPRESENTATION('',(#2570),#2574);
#2570 = LINE('',#2571,#2572);
#2571 = CARTESIAN_POINT('',(-35.79016881194,-3.88322564534));
#2572 = VECTOR('',#2573,1.);
#2573 = DIRECTION('',(-0.994533904972,-0.104414136312));
#2574 = ( GEOMETRIC_REPRESENTATION_CONTEXT(2) 
PARAMETRIC_REPRESENTATION_CONTEXT() REPRESENTATION_CONTEXT('2D SPACE',''
  ) );
#2575 = ORIENTED_EDGE('',*,*,#2576,.T.);
#2576 = EDGE_CURVE('',#2554,#2577,#2579,.T.);
#2577 = VERTEX_POINT('',#2578);
#2578 = CARTESIAN_POINT('',(15.596440875533,-3.125,4.));
#2579 = SURFACE_CURVE('',#2580,(#2588,#2599),.PCURVE_S1.);
#2580 = B_SPLINE_CURVE_WITH_KNOTS('',3,(#2581,#2582,#2583,#2584,#2585,
    #2586,#2587),.UNSPECIFIED.,.F.,.F.,(4,1,1,1,4),(0.,0.3,0.6,0.88,1.),
  .UNSPECIFIED.);
#2581 = CARTESIAN_POINT('',(14.449459332498,-3.125,0.));
#2582 = CARTESIAN_POINT('',(14.564157486802,-3.125,0.4));
#2583 = CARTESIAN_POINT('',(14.793553795409,-3.125,1.2));
#2584 = CARTESIAN_POINT('',(15.130001714699,-3.125,2.373333333333));
#2585 = CARTESIAN_POINT('',(15.397630741407,-3.125,3.306666666667));
#2586 = CARTESIAN_POINT('',(15.550561613812,-3.125,3.84));
#2587 = CARTESIAN_POINT('',(15.596440875533,-3.125,4.));
#2588 = PCURVE('',#2343,#2589);
#2589 = DEFINITIONAL_REPRESENTATION('',(#2590),#2598);
#2590 = B_SPLINE_CURVE_WITH_KNOTS('',3,(#2591,#2592,#2593,#2594,#2595,
    #2596,#2597),.UNSPECIFIED.,.F.,.F.,(4,1,1,1,4),(0.,0.3,0.6,0.88,1.),
  .UNSPECIFIED.);
#2591 = CARTESIAN_POINT('',(100.,114.44945933249));
#2592 = CARTESIAN_POINT('',(100.4,114.5641574868));
#2593 = CARTESIAN_POINT('',(101.2,114.7935537954));
#2594 = CARTESIAN_POINT('',(102.37333333333,115.13000171469));
#2595 = CARTESIAN_POINT('',(103.30666666666,115.3976307414));
#2596 = CARTESIAN_POINT('',(103.84,115.55056161381));
#2597 = CARTESIAN_POINT('',(104.,115.59644087553));
#2598 = ( GEOMETRIC_REPRESENTATION_CONTEXT(2) 
PARAMETRIC_REPRESENTATION_CONTEXT() REPRESENTATION_CONTEXT('2D SPACE',''
  ) );
#2599 = PCURVE('',#2600,#2631);
#2600 = B_SPLINE_SURFACE_WITH_KNOTS('',14,1,(
    (#2601,#2602)
    ,(#2603,#2604)
    ,(#2605,#2606)
    ,(#2607,#2608)
    ,(#2609,#2610)
    ,(#2611,#2612)
    ,(#2613,#2614)
    ,(#2615,#2616)
    ,(#2617,#2618)
    ,(#2619,#2620)
    ,(#2621,#2622)
    ,(#2623,#2624)
    ,(#2625,#2626)
    ,(#2627,#2628)
    ,(#2629,#2630
    )),.UNSPECIFIED.,.T.,.F.,.F.,(15,15),(2,2),(0.,6.28318530718),(0.,1.
    ),.PIECEWISE_BEZIER_KNOTS.);
#2601 = CARTESIAN_POINT('',(8.715092284824,-3.,-20.));
#2602 = CARTESIAN_POINT('',(31.654723145529,-3.,60.));
#2603 = CARTESIAN_POINT('',(8.715092284828,3.485144834915,-20.));
#2604 = CARTESIAN_POINT('',(31.654723145531,3.485144834915,
    60.000000000007));
#2605 = CARTESIAN_POINT('',(5.580679765476,9.970292063633,-20.));
#2606 = CARTESIAN_POINT('',(28.520310626187,9.970292063633,
    59.999999999972));
#2607 = CARTESIAN_POINT('',(-0.688149280184,14.81423955799,
    -19.99999999998));
#2608 = CARTESIAN_POINT('',(22.251481580496,14.81423955799,
    60.000000000059));
#2609 = CARTESIAN_POINT('',(-9.153931098204,16.375970259668,
    -20.00000000004));
#2610 = CARTESIAN_POINT('',(13.785699762566,16.375970259668,
    59.999999999926));
#2611 = CARTESIAN_POINT('',(-17.94191600791,13.602715641629,
    -19.99999999991));
#2612 = CARTESIAN_POINT('',(4.997714852657,13.602715641629,
    60.00000000004));
#2613 = CARTESIAN_POINT('',(-24.65056030425,6.622041794024,
    -20.00000000014));
#2614 = CARTESIAN_POINT('',(-1.71092944335,6.622041794024,
    60.000000000049));
#2615 = CARTESIAN_POINT('',(-27.17623101466,-2.999999999754,
    -19.99999999983));
#2616 = CARTESIAN_POINT('',(-4.236600154194,-2.999999999754,
    59.999999999848));
#2617 = CARTESIAN_POINT('',(-24.65056030424,-12.62204179447,
    -20.00000000016));
#2618 = CARTESIAN_POINT('',(-1.710929443316,-12.62204179447,
    60.000000000211));
#2619 = CARTESIAN_POINT('',(-17.94191600792,-19.60271564128,
    -19.99999999987));
#2620 = CARTESIAN_POINT('',(4.997714852606,-19.60271564128,59.9999999998
    ));
#2621 = CARTESIAN_POINT('',(-9.153931098198,-22.37597025988,
    -20.00000000007));
#2622 = CARTESIAN_POINT('',(13.785699762613,-22.37597025988,
    60.000000000142));
#2623 = CARTESIAN_POINT('',(-0.688149280187,-20.81423955788,
    -19.99999999996));
#2624 = CARTESIAN_POINT('',(22.251481580467,-20.81423955788,
    59.999999999925));
#2625 = CARTESIAN_POINT('',(5.580679765477,-15.97029206367,
    -20.00000000001));
#2626 = CARTESIAN_POINT('',(28.5203106262,-15.97029206367,
    60.000000000028));
#2627 = CARTESIAN_POINT('',(8.715092284827,-9.485144834907,
    -19.99999999999));
#2628 = CARTESIAN_POINT('',(31.654723145528,-9.485144834907,
    59.999999999994));
#2629 = CARTESIAN_POINT('',(8.715092284824,-3.,-20.));
#2630 = CARTESIAN_POINT('',(31.654723145528,-3.,60.));
#2631 = DEFINITIONAL_REPRESENTATION('',(#2632),#2640);
#2632 = B_SPLINE_CURVE_WITH_KNOTS('',3,(#2633,#2634,#2635,#2636,#2637,
    #2638,#2639),.UNSPECIFIED.,.F.,.F.,(4,1,1,1,4),(0.,0.3,0.6,0.88,1.),
  .UNSPECIFIED.);
#2633 = CARTESIAN_POINT('',(6.274534680283,0.25));
#2634 = CARTESIAN_POINT('',(6.274534680283,0.255));
#2635 = CARTESIAN_POINT('',(6.274534680283,0.265));
#2636 = CARTESIAN_POINT('',(6.274534680283,0.279666666667));
#2637 = CARTESIAN_POINT('',(6.274534680283,0.291333333333));
#2638 = CARTESIAN_POINT('',(6.274534680283,0.298));
#2639 = CARTESIAN_POINT('',(6.274534680283,0.3));
#2640 = ( GEOMETRIC_REPRESENTATION_CONTEXT(2) 
PARAMETRIC_REPRESENTATION_CONTEXT() REPRESENTATION_CONTEXT('2D SPACE',''
  ) );
#2641 = ORIENTED_EDGE('',*,*,#2642,.F.);
#2642 = EDGE_CURVE('',#2265,#2577,#2643,.T.);
#2643 = SURFACE_CURVE('',#2644,(#2648,#2655),.PCURVE_S1.);
#2644 = LINE('',#2645,#2646);
#2645 = CARTESIAN_POINT('',(-63.42650922848,-3.125,4.));
#2646 = VECTOR('',#2647,1.);
#2647 = DIRECTION('',(-1.,0.,-0.));
#2648 = PCURVE('',#2343,#2649);
#2649 = DEFINITIONAL_REPRESENTATION('',(#2650),#2654);
#2650 = LINE('',#2651,#2652);
#2651 = CARTESIAN_POINT('',(104.,36.573490771518));
#2652 = VECTOR('',#2653,1.);
#2653 = DIRECTION('',(0.,-1.));
#2654 = ( GEOMETRIC_REPRESENTATION_CONTEXT(2) 
PARAMETRIC_REPRESENTATION_CONTEXT() REPRESENTATION_CONTEXT('2D SPACE',''
  ) );
#2655 = PCURVE('',#2511,#2656);
#2656 = DEFINITIONAL_REPRESENTATION('',(#2657),#2661);
#2657 = LINE('',#2658,#2659);
#2658 = CARTESIAN_POINT('',(-36.3605248284,-3.943106188931));
#2659 = VECTOR('',#2660,1.);
#2660 = DIRECTION('',(-0.994533904972,-0.104414136312));
#2661 = ( GEOMETRIC_REPRESENTATION_CONTEXT(2) 
PARAMETRIC_REPRESENTATION_CONTEXT() REPRESENTATION_CONTEXT('2D SPACE',''
  ) );
#2662 = ADVANCED_FACE('',(#2663,#3355,#3390,#3662),#2511,.T.);
#2663 = FACE_BOUND('',#2664,.T.);
#2664 = EDGE_LOOP('',(#2665,#2666,#2667,#2747,#2775,#3334));
#2665 = ORIENTED_EDGE('',*,*,#2471,.F.);
#2666 = ORIENTED_EDGE('',*,*,#2642,.T.);
#2667 = ORIENTED_EDGE('',*,*,#2668,.T.);
#2668 = EDGE_CURVE('',#2577,#2669,#2671,.T.);
#2669 = VERTEX_POINT('',#2670);
#2670 = CARTESIAN_POINT('',(-9.353018456965,-12.92736119146,4.));
#2671 = SURFACE_CURVE('',#2672,(#2695,#2721),.PCURVE_S1.);
#2672 = B_SPLINE_CURVE_WITH_KNOTS('',6,(#2673,#2674,#2675,#2676,#2677,
    #2678,#2679,#2680,#2681,#2682,#2683,#2684,#2685,#2686,#2687,#2688,
    #2689,#2690,#2691,#2692,#2693,#2694),.UNSPECIFIED.,.F.,.F.,(7,5,5,5,
    7),(0.,0.250999673207,0.500999675762,0.750999677259,1.),
  .UNSPECIFIED.);
#2673 = CARTESIAN_POINT('',(15.596981543035,-3.,4.));
#2674 = CARTESIAN_POINT('',(15.596981543036,-4.441120384381,4.));
#2675 = CARTESIAN_POINT('',(15.424509938093,-5.8826867212,4.));
#2676 = CARTESIAN_POINT('',(15.079380274803,-7.297887028734,4.));
#2677 = CARTESIAN_POINT('',(14.567273404743,-8.661577977508,4.));
#2678 = CARTESIAN_POINT('',(13.89766036789,-9.949785386603,4.));
#2679 = CARTESIAN_POINT('',(12.277172647975,-12.32639605977,4.));
#2680 = CARTESIAN_POINT('',(11.326933281622,-13.41630142877,4.));
#2681 = CARTESIAN_POINT('',(10.249851483705,-14.38819319592,4.));
#2682 = CARTESIAN_POINT('',(9.064542830818,-15.22468719066,4.));
#2683 = CARTESIAN_POINT('',(7.792065626442,-15.91145522544,4.));
#2684 = CARTESIAN_POINT('',(5.122171212121,-16.966412745,4.));
#2685 = CARTESIAN_POINT('',(3.723940787488,-17.33492355756,4.));
#2686 = CARTESIAN_POINT('',(2.286991818084,-17.53456433898,4.));
#2687 = CARTESIAN_POINT('',(0.836488915042,-17.56139919023,4.));
#2688 = CARTESIAN_POINT('',(-0.602097397025,-17.41539247581,4.));
#2689 = CARTESIAN_POINT('',(-3.398218970469,-16.79084935489,4.));
#2690 = CARTESIAN_POINT('',(-4.756896898042,-16.31345703539,4.));
#2691 = CARTESIAN_POINT('',(-6.053422823215,-15.67584736201,4.));
#2692 = CARTESIAN_POINT('',(-7.265025805656,-14.88873632529,4.));
#2693 = CARTESIAN_POINT('',(-8.370840736884,-13.96619501117,4.));
#2694 = CARTESIAN_POINT('',(-9.353024414789,-12.92735488996,4.));
#2695 = PCURVE('',#2511,#2696);
#2696 = DEFINITIONAL_REPRESENTATION('',(#2697),#2720);
#2697 = B_SPLINE_CURVE_WITH_KNOTS('',6,(#2698,#2699,#2700,#2701,#2702,
    #2703,#2704,#2705,#2706,#2707,#2708,#2709,#2710,#2711,#2712,#2713,
    #2714,#2715,#2716,#2717,#2718,#2719),.UNSPECIFIED.,.F.,.F.,(7,5,5,5,
    7),(0.,0.250999673207,0.500999675762,0.750999677259,1.),
  .UNSPECIFIED.);
#2698 = CARTESIAN_POINT('',(42.217964266049,4.432380086429));
#2699 = CARTESIAN_POINT('',(42.368437606306,2.999137003016));
#2700 = CARTESIAN_POINT('',(42.34742865154,1.547441931115));
#2701 = CARTESIAN_POINT('',(42.151952417606,0.103940827238));
#2702 = CARTESIAN_POINT('',(41.785033384975,-1.305767253757));
#2703 = CARTESIAN_POINT('',(41.253587580624,-2.656850265644));
#2704 = CARTESIAN_POINT('',(39.890109351367,-5.189671984712));
#2705 = CARTESIAN_POINT('',(39.058865611455,-6.372838250119));
#2706 = CARTESIAN_POINT('',(38.089150484454,-7.451880130178));
#2707 = CARTESIAN_POINT('',(36.997662639293,-8.407564748509));
#2708 = CARTESIAN_POINT('',(35.803849207436,-9.223443452218));
#2709 = CARTESIAN_POINT('',(33.258701167949,-10.55140919304));
#2710 = CARTESIAN_POINT('',(31.906591341903,-11.06390071263));
#2711 = CARTESIAN_POINT('',(30.498342191881,-11.41248802412));
#2712 = CARTESIAN_POINT('',(29.058569813362,-11.59062920137));
#2713 = CARTESIAN_POINT('',(27.612601785801,-11.5956293208));
#2714 = CARTESIAN_POINT('',(24.766552948029,-11.26645463105));
#2715 = CARTESIAN_POINT('',(23.365455176397,-10.93353696566));
#2716 = CARTESIAN_POINT('',(22.009440721789,-10.43478816204));
#2717 = CARTESIAN_POINT('',(20.722274957306,-9.778488028006));
#2718 = CARTESIAN_POINT('',(19.52617816105,-8.976452123349));
#2719 = CARTESIAN_POINT('',(18.440893598442,-8.045844261388));
#2720 = ( GEOMETRIC_REPRESENTATION_CONTEXT(2) 
PARAMETRIC_REPRESENTATION_CONTEXT() REPRESENTATION_CONTEXT('2D SPACE',''
  ) );
#2721 = PCURVE('',#2600,#2722);
#2722 = DEFINITIONAL_REPRESENTATION('',(#2723),#2746);
#2723 = B_SPLINE_CURVE_WITH_KNOTS('',6,(#2724,#2725,#2726,#2727,#2728,
    #2729,#2730,#2731,#2732,#2733,#2734,#2735,#2736,#2737,#2738,#2739,
    #2740,#2741,#2742,#2743,#2744,#2745),.UNSPECIFIED.,.F.,.F.,(7,5,5,5,
    7),(0.,0.250999673207,0.500999675762,0.750999677259,1.),
  .UNSPECIFIED.);
#2724 = CARTESIAN_POINT('',(6.28318530718,0.3));
#2725 = CARTESIAN_POINT('',(6.183453792689,0.3));
#2726 = CARTESIAN_POINT('',(6.08369207207,0.3));
#2727 = CARTESIAN_POINT('',(5.983965612632,0.3));
#2728 = CARTESIAN_POINT('',(5.884239159821,0.3));
#2729 = CARTESIAN_POINT('',(5.784477429908,0.3));
#2730 = CARTESIAN_POINT('',(5.585411608386,0.3));
#2731 = CARTESIAN_POINT('',(5.48604767501,0.3));
#2732 = CARTESIAN_POINT('',(5.386718332013,0.3));
#2733 = CARTESIAN_POINT('',(5.287388988198,0.3));
#2734 = CARTESIAN_POINT('',(5.188025053587,0.3));
#2735 = CARTESIAN_POINT('',(4.9893564377,0.3));
#2736 = CARTESIAN_POINT('',(4.889992503718,0.3));
#2737 = CARTESIAN_POINT('',(4.790663160078,0.3));
#2738 = CARTESIAN_POINT('',(4.691333816499,0.3));
#2739 = CARTESIAN_POINT('',(4.591969882621,0.3));
#2740 = CARTESIAN_POINT('',(4.393698476767,0.3));
#2741 = CARTESIAN_POINT('',(4.2947323307,0.3));
#2742 = CARTESIAN_POINT('',(4.195800099209,0.3));
#2743 = CARTESIAN_POINT('',(4.096867867976,0.3));
#2744 = CARTESIAN_POINT('',(3.997901722504,0.3));
#2745 = CARTESIAN_POINT('',(3.898964625051,0.3));
#2746 = ( GEOMETRIC_REPRESENTATION_CONTEXT(2) 
PARAMETRIC_REPRESENTATION_CONTEXT() REPRESENTATION_CONTEXT('2D SPACE',''
  ) );
#2747 = ORIENTED_EDGE('',*,*,#2748,.F.);
#2748 = EDGE_CURVE('',#2749,#2669,#2751,.T.);
#2749 = VERTEX_POINT('',#2750);
#2750 = CARTESIAN_POINT('',(-9.353018456965,-13.1,4.));
#2751 = SURFACE_CURVE('',#2752,(#2756,#2763),.PCURVE_S1.);
#2752 = LINE('',#2753,#2754);
#2753 = CARTESIAN_POINT('',(-9.353018456965,-8.05,4.));
#2754 = VECTOR('',#2755,1.);
#2755 = DIRECTION('',(-0.,1.,-0.));
#2756 = PCURVE('',#2511,#2757);
#2757 = DEFINITIONAL_REPRESENTATION('',(#2758),#2762);
#2758 = LINE('',#2759,#2760);
#2759 = CARTESIAN_POINT('',(17.931634725379,-3.195148834654));
#2760 = VECTOR('',#2761,1.);
#2761 = DIRECTION('',(-0.104414136312,0.994533904972));
#2762 = ( GEOMETRIC_REPRESENTATION_CONTEXT(2) 
PARAMETRIC_REPRESENTATION_CONTEXT() REPRESENTATION_CONTEXT('2D SPACE',''
  ) );
#2763 = PCURVE('',#2764,#2769);
#2764 = PLANE('',#2765);
#2765 = AXIS2_PLACEMENT_3D('',#2766,#2767,#2768);
#2766 = CARTESIAN_POINT('',(6.704723145528,-13.1,60.));
#2767 = DIRECTION('',(0.961261695938,0.,-0.275637355817));
#2768 = DIRECTION('',(0.,1.,0.));
#2769 = DEFINITIONAL_REPRESENTATION('',(#2770),#2774);
#2770 = LINE('',#2771,#2772);
#2771 = CARTESIAN_POINT('',(5.05,-58.25676840825));
#2772 = VECTOR('',#2773,1.);
#2773 = DIRECTION('',(1.,0.));
#2774 = ( GEOMETRIC_REPRESENTATION_CONTEXT(2) 
PARAMETRIC_REPRESENTATION_CONTEXT() REPRESENTATION_CONTEXT('2D SPACE',''
  ) );
#2775 = ORIENTED_EDGE('',*,*,#2776,.T.);
#2776 = EDGE_CURVE('',#2749,#2777,#2779,.T.);
#2777 = VERTEX_POINT('',#2778);
#2778 = CARTESIAN_POINT('',(-20.05301868161,-3.125,4.));
#2779 = SURFACE_CURVE('',#2780,(#2951,#3125),.PCURVE_S1.);
#2780 = B_SPLINE_CURVE_WITH_KNOTS('',8,(#2781,#2782,#2783,#2784,#2785,
    #2786,#2787,#2788,#2789,#2790,#2791,#2792,#2793,#2794,#2795,#2796,
    #2797,#2798,#2799,#2800,#2801,#2802,#2803,#2804,#2805,#2806,#2807,
    #2808,#2809,#2810,#2811,#2812,#2813,#2814,#2815,#2816,#2817,#2818,
    #2819,#2820,#2821,#2822,#2823,#2824,#2825,#2826,#2827,#2828,#2829,
    #2830,#2831,#2832,#2833,#2834,#2835,#2836,#2837,#2838,#2839,#2840,
    #2841,#2842,#2843,#2844,#2845,#2846,#2847,#2848,#2849,#2850,#2851,
    #2852,#2853,#2854,#2855,#2856,#2857,#2858,#2859,#2860,#2861,#2862,
    #2863,#2864,#2865,#2866,#2867,#2868,#2869,#2870,#2871,#2872,#2873,
    #2874,#2875,#2876,#2877,#2878,#2879,#2880,#2881,#2882,#2883,#2884,
    #2885,#2886,#2887,#2888,#2889,#2890,#2891,#2892,#2893,#2894,#2895,
    #2896,#2897,#2898,#2899,#2900,#2901,#2902,#2903,#2904,#2905,#2906,
    #2907,#2908,#2909,#2910,#2911,#2912,#2913,#2914,#2915,#2916,#2917,
    #2918,#2919,#2920,#2921,#2922,#2923,#2924,#2925,#2926,#2927,#2928,
    #2929,#2930,#2931,#2932,#2933,#2934,#2935,#2936,#2937,#2938,#2939,
    #2940,#2941,#2942,#2943,#2944,#2945,#2946,#2947,#2948,#2949,#2950),
  .UNSPECIFIED.,.F.,.F.,(9,7,7,7,7,7,7,7,7,7,7,7,7,7,7,7,7,7,7,7,7,7,7,7
    ,9),(0.,3.414385910614E-02,7.91618799207E-02,0.113182164093,
    0.131686306002,0.150190448147,0.187321337104,0.228273000266,
    0.2426866173,0.258701749829,0.314195879481,0.324515677576,
    0.360955099789,0.388136075692,0.409131242017,0.425025360454,
    0.471462425515,0.506611922332,0.523428205904,0.541773458796,
    0.609267462471,0.643079238242,0.77793550808,0.911730676987,1.),
  .UNSPECIFIED.);
#2781 = CARTESIAN_POINT('',(-9.353018456965,-13.1,4.));
#2782 = CARTESIAN_POINT('',(-9.465547823135,-13.11201732152,4.));
#2783 = CARTESIAN_POINT('',(-9.57809429591,-13.12442303602,4.));
#2784 = CARTESIAN_POINT('',(-9.690653442632,-13.13717238927,4.));
#2785 = CARTESIAN_POINT('',(-9.803221055505,-13.15022086739,4.));
#2786 = CARTESIAN_POINT('',(-9.915793151593,-13.1635241969,4.));
#2787 = CARTESIAN_POINT('',(-10.02836597281,-13.17703834467,4.));
#2788 = CARTESIAN_POINT('',(-10.14093598595,-13.19071951794,4.));
#2789 = CARTESIAN_POINT('',(-10.40191321311,-13.22272532483,4.));
#2790 = CARTESIAN_POINT('',(-10.55031541396,-13.24114095743,4.));
#2791 = CARTESIAN_POINT('',(-10.69869907356,-13.25967096272,4.));
#2792 = CARTESIAN_POINT('',(-10.84705663921,-13.27821547341,4.));
#2793 = CARTESIAN_POINT('',(-10.99538039571,-13.29667457233,4.));
#2794 = CARTESIAN_POINT('',(-11.14366244396,-13.31494801035,4.));
#2795 = CARTESIAN_POINT('',(-11.29189467954,-13.3329349243,4.));
#2796 = CARTESIAN_POINT('',(-11.55204447825,-13.363832905,4.));
#2797 = CARTESIAN_POINT('',(-11.66398669404,-13.37691041705,4.));
#2798 = CARTESIAN_POINT('',(-11.77589176147,-13.3897222898,4.));
#2799 = CARTESIAN_POINT('',(-11.88775567051,-13.40222427455,4.));
#2800 = CARTESIAN_POINT('',(-11.99957405834,-13.41437167516,4.));
#2801 = CARTESIAN_POINT('',(-12.1113422093,-13.4261193481,4.));
#2802 = CARTESIAN_POINT('',(-12.22305505492,-13.43742170246,4.));
#2803 = CARTESIAN_POINT('',(-12.39543643309,-13.45411296327,4.));
#2804 = CARTESIAN_POINT('',(-12.45611527715,-13.45984174451,4.));
#2805 = CARTESIAN_POINT('',(-12.51674798308,-13.4654304507,4.));
#2806 = CARTESIAN_POINT('',(-12.5773409652,-13.47092574904,4.));
#2807 = CARTESIAN_POINT('',(-12.63789783987,-13.47632771828,4.));
#2808 = CARTESIAN_POINT('',(-12.69842479841,-13.4816800059,4.));
#2809 = CARTESIAN_POINT('',(-12.75892640073,-13.48699765156,4.));
#2810 = CARTESIAN_POINT('',(-12.87988937738,-13.49761903573,4.));
#2811 = CARTESIAN_POINT('',(-12.94035073307,-13.50292235251,4.));
#2812 = CARTESIAN_POINT('',(-13.00079704686,-13.50824300278,4.));
#2813 = CARTESIAN_POINT('',(-13.06123340983,-13.51360569535,4.));
#2814 = CARTESIAN_POINT('',(-13.1216649131,-13.51903513902,4.));
#2815 = CARTESIAN_POINT('',(-13.18209664777,-13.52455604262,4.));
#2816 = CARTESIAN_POINT('',(-13.24253370494,-13.53019311494,4.));
#2817 = CARTESIAN_POINT('',(-13.42427662989,-13.54756524807,4.));
#2818 = CARTESIAN_POINT('',(-13.54556593044,-13.55972213274,4.));
#2819 = CARTESIAN_POINT('',(-13.66686115732,-13.57263764605,4.));
#2820 = CARTESIAN_POINT('',(-13.78817070901,-13.58650624424,4.));
#2821 = CARTESIAN_POINT('',(-13.90949924116,-13.60151942989,4.));
#2822 = CARTESIAN_POINT('',(-14.03084760526,-13.61786426921,4.));
#2823 = CARTESIAN_POINT('',(-14.15221278736,-13.63572190933,4.));
#2824 = CARTESIAN_POINT('',(-14.40745241844,-13.67682138176,4.));
#2825 = CARTESIAN_POINT('',(-14.54132788826,-13.70042794582,4.));
#2826 = CARTESIAN_POINT('',(-14.67520269915,-13.72631822218,4.));
#2827 = CARTESIAN_POINT('',(-14.80905699602,-13.75471289521,4.));
#2828 = CARTESIAN_POINT('',(-14.94286264738,-13.78581745482,4.));
#2829 = CARTESIAN_POINT('',(-15.07658326704,-13.81981875203,4.));
#2830 = CARTESIAN_POINT('',(-15.21017423574,-13.85688155447,4.));
#2831 = CARTESIAN_POINT('',(-15.39053805246,-13.91131652525,4.));
#2832 = CARTESIAN_POINT('',(-15.43757283538,-13.92592228524,4.));
#2833 = CARTESIAN_POINT('',(-15.484675971,-13.94091442583,4.));
#2834 = CARTESIAN_POINT('',(-15.53183638298,-13.95624372431,4.));
#2835 = CARTESIAN_POINT('',(-15.57904300624,-13.97186023257,4.));
#2836 = CARTESIAN_POINT('',(-15.62628477395,-13.98771381846,4.));
#2837 = CARTESIAN_POINT('',(-15.67355060459,-14.00375470701,4.));
#2838 = CARTESIAN_POINT('',(-15.77336137975,-14.03791104103,4.));
#2839 = CARTESIAN_POINT('',(-15.82590938897,-14.05605860313,4.));
#2840 = CARTESIAN_POINT('',(-15.87845822015,-14.0743086658,4.));
#2841 = CARTESIAN_POINT('',(-15.9309926768,-14.09259318673,4.));
#2842 = CARTESIAN_POINT('',(-15.98349756244,-14.1108441236,4.));
#2843 = CARTESIAN_POINT('',(-16.03595768059,-14.1289934341,4.));
#2844 = CARTESIAN_POINT('',(-16.08835783475,-14.14697307591,4.));
#2845 = CARTESIAN_POINT('',(-16.32199447105,-14.22619267529,4.));
#2846 = CARTESIAN_POINT('',(-16.50289354079,-14.28498233114,4.));
#2847 = CARTESIAN_POINT('',(-16.68406459611,-14.33867492067,4.));
#2848 = CARTESIAN_POINT('',(-16.8656502179,-14.3845161822,4.));
#2849 = CARTESIAN_POINT('',(-17.04725919684,-14.41905829286,4.));
#2850 = CARTESIAN_POINT('',(-17.22798188876,-14.4381686133,4.));
#2851 = CARTESIAN_POINT('',(-17.40640474158,-14.43711629271,4.));
#2852 = CARTESIAN_POINT('',(-17.61306962368,-14.40690884276,4.));
#2853 = CARTESIAN_POINT('',(-17.64528045458,-14.40134770621,4.));
#2854 = CARTESIAN_POINT('',(-17.67728792088,-14.39491901216,4.));
#2855 = CARTESIAN_POINT('',(-17.7090851708,-14.38759179254,4.));
#2856 = CARTESIAN_POINT('',(-17.74066709571,-14.37934714026,4.));
#2857 = CARTESIAN_POINT('',(-17.77203033013,-14.37017820925,4.));
#2858 = CARTESIAN_POINT('',(-17.80317325173,-14.36009021446,4.));
#2859 = CARTESIAN_POINT('',(-17.9432847841,-14.31029528015,4.));
#2860 = CARTESIAN_POINT('',(-18.0491487031,-14.26053943579,4.));
#2861 = CARTESIAN_POINT('',(-18.15132428159,-14.20098770945,4.));
#2862 = CARTESIAN_POINT('',(-18.24963115989,-14.13289282752,4.));
#2863 = CARTESIAN_POINT('',(-18.3440141717,-14.05744877754,4.));
#2864 = CARTESIAN_POINT('',(-18.43451054552,-13.97571471849,4.));
#2865 = CARTESIAN_POINT('',(-18.5212293075,-13.88858294797,4.));
#2866 = CARTESIAN_POINT('',(-18.66631662404,-13.72825747479,4.));
#2867 = CARTESIAN_POINT('',(-18.72627279788,-13.65716673197,4.));
#2868 = CARTESIAN_POINT('',(-18.78425468869,-13.58378847428,4.));
#2869 = CARTESIAN_POINT('',(-18.84031466976,-13.50839766732,4.));
#2870 = CARTESIAN_POINT('',(-18.89450126498,-13.43124051053,4.));
#2871 = CARTESIAN_POINT('',(-18.94685911155,-13.35253698966,4.));
#2872 = CARTESIAN_POINT('',(-18.9974289226,-13.27248342937,4.));
#2873 = CARTESIAN_POINT('',(-19.08395592305,-13.1285125073,4.));
#2874 = CARTESIAN_POINT('',(-19.12061702801,-13.06507308509,4.));
#2875 = CARTESIAN_POINT('',(-19.15624625048,-13.00101989672,4.));
#2876 = CARTESIAN_POINT('',(-19.19085581547,-12.93643198199,4.));
#2877 = CARTESIAN_POINT('',(-19.2244546528,-12.87138518982,4.));
#2878 = CARTESIAN_POINT('',(-19.25704836266,-12.80595306528,4.));
#2879 = CARTESIAN_POINT('',(-19.28863918107,-12.74020773645,4.));
#2880 = CARTESIAN_POINT('',(-19.34238125887,-12.62426624793,4.));
#2881 = CARTESIAN_POINT('',(-19.36496152684,-12.57417116727,4.));
#2882 = CARTESIAN_POINT('',(-19.38696184088,-12.52398589148,4.));
#2883 = CARTESIAN_POINT('',(-19.40838655259,-12.4737081401,4.));
#2884 = CARTESIAN_POINT('',(-19.42924183303,-12.42332901287,4.));
#2885 = CARTESIAN_POINT('',(-19.44953227532,-12.37285377315,4.));
#2886 = CARTESIAN_POINT('',(-19.46926154053,-12.32229742226,4.));
#2887 = CARTESIAN_POINT('',(-19.54446118149,-12.12369577592,4.));
#2888 = CARTESIAN_POINT('',(-19.59575667146,-11.97501764082,4.));
#2889 = CARTESIAN_POINT('',(-19.6424743382,-11.82571495552,4.));
#2890 = CARTESIAN_POINT('',(-19.68481525123,-11.67587058813,4.));
#2891 = CARTESIAN_POINT('',(-19.72302301425,-11.52555562907,4.));
#2892 = CARTESIAN_POINT('',(-19.75737605133,-11.37482904149,4.));
#2893 = CARTESIAN_POINT('',(-19.78817989304,-11.22373731166,4.));
#2894 = CARTESIAN_POINT('',(-19.83663520045,-10.95769768891,4.));
#2895 = CARTESIAN_POINT('',(-19.85566364795,-10.84289098003,4.));
#2896 = CARTESIAN_POINT('',(-19.87298621221,-10.72790665455,4.));
#2897 = CARTESIAN_POINT('',(-19.88875016456,-10.61275393977,4.));
#2898 = CARTESIAN_POINT('',(-19.90310727304,-10.49743859704,4.));
#2899 = CARTESIAN_POINT('',(-19.91621243467,-10.38196291023,4.));
#2900 = CARTESIAN_POINT('',(-19.9282223079,-10.26632567417,4.));
#2901 = CARTESIAN_POINT('',(-19.94459085685,-10.09511927493,4.));
#2902 = CARTESIAN_POINT('',(-19.94967539791,-10.03966092796,4.));
#2903 = CARTESIAN_POINT('',(-19.95455806668,-9.984144669551,4.));
#2904 = CARTESIAN_POINT('',(-19.95927898869,-9.928564823717,4.));
#2905 = CARTESIAN_POINT('',(-19.96383021732,-9.87292373278,4.));
#2906 = CARTESIAN_POINT('',(-19.96819778351,-9.817225486558,4.));
#2907 = CARTESIAN_POINT('',(-19.9724065041,-9.761469351216,4.));
#2908 = CARTESIAN_POINT('',(-19.98086230632,-9.644776541282,4.));
#2909 = CARTESIAN_POINT('',(-19.98508023877,-9.583827688885,4.));
#2910 = CARTESIAN_POINT('',(-19.98910932635,-9.522815658962,4.));
#2911 = CARTESIAN_POINT('',(-19.99295453953,-9.461742577928,4.));
#2912 = CARTESIAN_POINT('',(-19.99662084879,-9.400610572202,4.));
#2913 = CARTESIAN_POINT('',(-20.00011322458,-9.339421768201,4.));
#2914 = CARTESIAN_POINT('',(-20.00343663737,-9.278178292343,4.));
#2915 = CARTESIAN_POINT('',(-20.01821987792,-8.991368133354,4.));
#2916 = CARTESIAN_POINT('',(-20.02760855481,-8.765440459386,4.));
#2917 = CARTESIAN_POINT('',(-20.03502185097,-8.53917206729,4.));
#2918 = CARTESIAN_POINT('',(-20.04071471977,-8.312631149854,4.));
#2919 = CARTESIAN_POINT('',(-20.04493814595,-8.085881474235,4.));
#2920 = CARTESIAN_POINT('',(-20.0479399862,-7.858982581685,4.));
#2921 = CARTESIAN_POINT('',(-20.04996580983,-7.631989987282,4.));
#2922 = CARTESIAN_POINT('',(-20.05190794598,-7.29122019094,4.));
#2923 = CARTESIAN_POINT('',(-20.05237251207,-7.17747489597,4.));
#2924 = CARTESIAN_POINT('',(-20.05268408086,-7.063726196808,4.));
#2925 = CARTESIAN_POINT('',(-20.05287328456,-6.949980752193,4.));
#2926 = CARTESIAN_POINT('',(-20.05297074432,-6.836245177541,4.));
#2927 = CARTESIAN_POINT('',(-20.05300707029,-6.722526044945,4.));
#2928 = CARTESIAN_POINT('',(-20.0530128616,-6.608829883177,4.));
#2929 = CARTESIAN_POINT('',(-20.05304201783,-6.041810239016,4.));
#2930 = CARTESIAN_POINT('',(-20.0530516287,-5.588922963831,4.));
#2931 = CARTESIAN_POINT('',(-20.05305088589,-5.136423291734,4.));
#2932 = CARTESIAN_POINT('',(-20.05304338358,-4.684231820564,4.));
#2933 = CARTESIAN_POINT('',(-20.0530328267,-4.232268107618,4.));
#2934 = CARTESIAN_POINT('',(-20.05302289456,-3.780450970879,4.));
#2935 = CARTESIAN_POINT('',(-20.05301710438,-3.328698790231,4.));
#2936 = CARTESIAN_POINT('',(-20.05302023298,-2.428715519037,4.));
#2937 = CARTESIAN_POINT('',(-20.05302270359,-1.704088153947,4.));
#2938 = CARTESIAN_POINT('',(-20.05308122492,-0.963392965281,4.));
#2939 = CARTESIAN_POINT('',(-20.05301604884,-0.374996440627,4.));
#2940 = CARTESIAN_POINT('',(-20.05308361423,-1.369121356977E-02,4.));
#2941 = CARTESIAN_POINT('',(-20.05300073686,0.151033768777,4.));
#2942 = CARTESIAN_POINT('',(-20.05304412294,0.261170927864,4.));
#2943 = CARTESIAN_POINT('',(-20.05299276876,0.786692234584,4.));
#2944 = CARTESIAN_POINT('',(-20.05291628067,0.995670493203,4.));
#2945 = CARTESIAN_POINT('',(-20.05259361835,1.204696046934,4.));
#2946 = CARTESIAN_POINT('',(-20.05183523387,1.413728532986,4.));
#2947 = CARTESIAN_POINT('',(-20.05045141228,1.62272641726,4.));
#2948 = CARTESIAN_POINT('',(-20.04825155346,1.831646835621,4.));
#2949 = CARTESIAN_POINT('',(-20.04504345394,2.040445435171,4.));
#2950 = CARTESIAN_POINT('',(-20.04063258868,2.249076215526,4.));
#2951 = PCURVE('',#2511,#2952);
#2952 = DEFINITIONAL_REPRESENTATION('',(#2953),#3124);
#2953 = B_SPLINE_CURVE_WITH_KNOTS('',8,(#2954,#2955,#2956,#2957,#2958,
    #2959,#2960,#2961,#2962,#2963,#2964,#2965,#2966,#2967,#2968,#2969,
    #2970,#2971,#2972,#2973,#2974,#2975,#2976,#2977,#2978,#2979,#2980,
    #2981,#2982,#2983,#2984,#2985,#2986,#2987,#2988,#2989,#2990,#2991,
    #2992,#2993,#2994,#2995,#2996,#2997,#2998,#2999,#3000,#3001,#3002,
    #3003,#3004,#3005,#3006,#3007,#3008,#3009,#3010,#3011,#3012,#3013,
    #3014,#3015,#3016,#3017,#3018,#3019,#3020,#3021,#3022,#3023,#3024,
    #3025,#3026,#3027,#3028,#3029,#3030,#3031,#3032,#3033,#3034,#3035,
    #3036,#3037,#3038,#3039,#3040,#3041,#3042,#3043,#3044,#3045,#3046,
    #3047,#3048,#3049,#3050,#3051,#3052,#3053,#3054,#3055,#3056,#3057,
    #3058,#3059,#3060,#3061,#3062,#3063,#3064,#3065,#3066,#3067,#3068,
    #3069,#3070,#3071,#3072,#3073,#3074,#3075,#3076,#3077,#3078,#3079,
    #3080,#3081,#3082,#3083,#3084,#3085,#3086,#3087,#3088,#3089,#3090,
    #3091,#3092,#3093,#3094,#3095,#3096,#3097,#3098,#3099,#3100,#3101,
    #3102,#3103,#3104,#3105,#3106,#3107,#3108,#3109,#3110,#3111,#3112,
    #3113,#3114,#3115,#3116,#3117,#3118,#3119,#3120,#3121,#3122,#3123),
  .UNSPECIFIED.,.F.,.F.,(9,7,7,7,7,7,7,7,7,7,7,7,7,7,7,7,7,7,7,7,7,7,7,7
    ,9),(0.,3.414385910614E-02,7.91618799207E-02,0.113182164093,
    0.131686306002,0.150190448147,0.187321337104,0.228273000266,
    0.2426866173,0.258701749829,0.314195879481,0.324515677576,
    0.360955099789,0.388136075692,0.409131242017,0.425025360454,
    0.471462425515,0.506611922332,0.523428205904,0.541773458796,
    0.609267462471,0.643079238242,0.77793550808,0.911730676987,1.),
  .UNSPECIFIED.);
#2954 = CARTESIAN_POINT('',(18.458926113753,-8.217545054761));
#2955 = CARTESIAN_POINT('',(18.348266622038,-8.241246345038));
#2956 = CARTESIAN_POINT('',(18.237630670945,-8.265335691477));
#2957 = CARTESIAN_POINT('',(18.127017995923,-8.289768121638));
#2958 = CARTESIAN_POINT('',(18.016428133892,-8.314498925618));
#2959 = CARTESIAN_POINT('',(17.90586042324,-8.339483656049));
#2960 = CARTESIAN_POINT('',(17.795314003821,-8.3646781281));
#2961 = CARTESIAN_POINT('',(17.684787816961,-8.390038419478));
#2962 = CARTESIAN_POINT('',(17.428578974814,-8.449118991354));
#2963 = CARTESIAN_POINT('',(17.28291080687,-8.482929249985));
#2964 = CARTESIAN_POINT('',(17.13727302095,-8.516851320161));
#2965 = CARTESIAN_POINT('',(16.991662700921,-8.550785091878));
#2966 = CARTESIAN_POINT('',(16.846077087039,-8.584630388542));
#2967 = CARTESIAN_POINT('',(16.700513567801,-8.618286684206));
#2968 = CARTESIAN_POINT('',(16.554969671794,-8.65165282083));
#2969 = CARTESIAN_POINT('',(16.299468062575,-8.70954522677));
#2970 = CARTESIAN_POINT('',(16.189503210691,-8.734239605677));
#2971 = CARTESIAN_POINT('',(16.079547567627,-8.758665918485));
#2972 = CARTESIAN_POINT('',(15.969600501282,-8.782779739639));
#2973 = CARTESIAN_POINT('',(15.859661683732,-8.806536161789));
#2974 = CARTESIAN_POINT('',(15.74973109123,-8.829889795789));
#2975 = CARTESIAN_POINT('',(15.639809004204,-8.852794770696));
#2976 = CARTESIAN_POINT('',(15.470112682617,-8.887393848207));
#2977 = CARTESIAN_POINT('',(15.410363680629,-8.899427044478));
#2978 = CARTESIAN_POINT('',(15.350645938761,-8.91131611389));
#2979 = CARTESIAN_POINT('',(15.290957950467,-8.923108138302));
#2980 = CARTESIAN_POINT('',(15.231296127379,-8.934803573625));
#2981 = CARTESIAN_POINT('',(15.171658869442,-8.946446475234));
#2982 = CARTESIAN_POINT('',(15.112043211999,-8.958052276694));
#2983 = CARTESIAN_POINT('',(14.992850453131,-8.981245848096));
#2984 = CARTESIAN_POINT('',(14.933273326197,-8.992833196684));
#2985 = CARTESIAN_POINT('',(14.873712968813,-9.004436213421));
#2986 = CARTESIAN_POINT('',(14.814166897655,-9.016080003641));
#2987 = CARTESIAN_POINT('',(14.754632629396,-9.027789672679));
#2988 = CARTESIAN_POINT('',(14.695107680711,-9.03959032587));
#2989 = CARTESIAN_POINT('',(14.635589568273,-9.051507068549));
#2990 = CARTESIAN_POINT('',(14.4566539637,-9.087760774485));
#2991 = CARTESIAN_POINT('',(14.337296992612,-9.112515526033));
#2992 = CARTESIAN_POINT('',(14.218013339131,-9.138025378273));
#2993 = CARTESIAN_POINT('',(14.098814954678,-9.164484601454));
#2994 = CARTESIAN_POINT('',(13.979717204634,-9.192084137497));
#2995 = CARTESIAN_POINT('',(13.860738774502,-9.221010118998));
#2996 = CARTESIAN_POINT('',(13.741901576086,-9.251442388233));
#2997 = CARTESIAN_POINT('',(13.492348475,-9.318967832667));
#2998 = CARTESIAN_POINT('',(13.361669640217,-9.356423852562));
#2999 = CARTESIAN_POINT('',(13.231229912612,-9.396151032969));
#3000 = CARTESIAN_POINT('',(13.101072081315,-9.438366778815));
#3001 = CARTESIAN_POINT('',(12.971245580087,-9.483272519469));
#3002 = CARTESIAN_POINT('',(12.841806106123,-9.53105028536));
#3003 = CARTESIAN_POINT('',(12.712815238855,-9.581859284615));
#3004 = CARTESIAN_POINT('',(12.539121088353,-9.654829240823));
#3005 = CARTESIAN_POINT('',(12.493868449843,-9.674266260568));
#3006 = CARTESIAN_POINT('',(12.448588175848,-9.694094685919));
#3007 = CARTESIAN_POINT('',(12.403286142622,-9.714264406679));
#3008 = CARTESIAN_POINT('',(12.357968139481,-9.734724592422));
#3009 = CARTESIAN_POINT('',(12.312639938238,-9.755424229474));
#3010 = CARTESIAN_POINT('',(12.267307362637,-9.776312657891));
#3011 = CARTESIAN_POINT('',(12.171608566783,-9.82070394602));
#3012 = CARTESIAN_POINT('',(12.121242651992,-9.844239066824));
#3013 = CARTESIAN_POINT('',(12.070886622249,-9.867876213741));
#3014 = CARTESIAN_POINT('',(12.020548486391,-9.891546129655));
#3015 = CARTESIAN_POINT('',(11.970236253257,-9.915179557455));
#3016 = CARTESIAN_POINT('',(11.919957931684,-9.938707240024));
#3017 = CARTESIAN_POINT('',(11.86972153051,-9.962059920251));
#3018 = CARTESIAN_POINT('',(11.64563362032,-10.06524146535));
#3019 = CARTESIAN_POINT('',(11.471861833224,-10.14259819149));
#3020 = CARTESIAN_POINT('',(11.297287341473,-10.21491411148));
#3021 = CARTESIAN_POINT('',(11.121480759669,-10.27946490619));
#3022 = CARTESIAN_POINT('',(10.944471157318,-10.33278075107));
#3023 = CARTESIAN_POINT('',(10.766731700413,-10.37065661648));
#3024 = CARTESIAN_POINT('',(10.589174246719,-10.38823991605));
#3025 = CARTESIAN_POINT('',(10.380484929704,-10.37977631805));
#3026 = CARTESIAN_POINT('',(10.347869504994,-10.3776088453));
#3027 = CARTESIAN_POINT('',(10.315365748015,-10.37455732305));
#3028 = CARTESIAN_POINT('',(10.282977239578,-10.37059023709));
#3029 = CARTESIAN_POINT('',(10.250707086221,-10.36568825027));
#3030 = CARTESIAN_POINT('',(10.218557920203,-10.35984420255));
#3031 = CARTESIAN_POINT('',(10.18653189951,-10.35306311096));
#3032 = CARTESIAN_POINT('',(10.041986935039,-10.31816998513));
#3033 = CARTESIAN_POINT('',(9.931506464761,-10.27973980062));
#3034 = CARTESIAN_POINT('',(9.823671345618,-10.23118216445));
#3035 = CARTESIAN_POINT('',(9.718791753774,-10.17372412341));
#3036 = CARTESIAN_POINT('',(9.617047223161,-10.10854737844));
#3037 = CARTESIAN_POINT('',(9.518511319933,-10.03670918623));
#3038 = CARTESIAN_POINT('',(9.423168782389,-9.959108350888));
#3039 = CARTESIAN_POINT('',(9.262134281098,-9.814808398826));
#3040 = CARTESIAN_POINT('',(9.195082954884,-9.750366516871));
#3041 = CARTESIAN_POINT('',(9.129756271195,-9.683443480759));
#3042 = CARTESIAN_POINT('',(9.066130853321,-9.614318221622));
#3043 = CARTESIAN_POINT('',(9.004184149293,-9.543240659716));
#3044 = CARTESIAN_POINT('',(8.943894735534,-9.470434239102));
#3045 = CARTESIAN_POINT('',(8.885242620514,-9.396098462328));
#3046 = CARTESIAN_POINT('',(8.784155985391,-9.261949141015));
#3047 = CARTESIAN_POINT('',(8.74107130104,-9.202684422329));
#3048 = CARTESIAN_POINT('',(8.698948772945,-9.142701549264));
#3049 = CARTESIAN_POINT('',(8.657784495793,-9.082080406044));
#3050 = CARTESIAN_POINT('',(8.61757750827,-9.020897359411));
#3051 = CARTESIAN_POINT('',(8.578329919958,-8.959226137139));
#3052 = CARTESIAN_POINT('',(8.540047038233,-8.897138706545));
#3053 = CARTESIAN_POINT('',(8.47449278935,-8.78744239786));
#3054 = CARTESIAN_POINT('',(8.44680531269,-8.739978840848));
#3055 = CARTESIAN_POINT('',(8.41968520223,-8.692365026328));
#3056 = CARTESIAN_POINT('',(8.393127892047,-8.644599140688));
#3057 = CARTESIAN_POINT('',(8.367126315498,-8.59667297665));
#3058 = CARTESIAN_POINT('',(8.341676454131,-8.548592248397));
#3059 = CARTESIAN_POINT('',(8.316776233242,-8.500372257506));
#3060 = CARTESIAN_POINT('',(8.221250821293,-8.310708092203));
#3061 = CARTESIAN_POINT('',(8.154711618281,-8.168198620199));
#3062 = CARTESIAN_POINT('',(8.092660003812,-8.024590022387));
#3063 = CARTESIAN_POINT('',(8.034904660039,-7.879985708416));
#3064 = CARTESIAN_POINT('',(7.981210737656,-7.734481815784));
#3065 = CARTESIAN_POINT('',(7.931307491081,-7.588166056743));
#3066 = CARTESIAN_POINT('',(7.884895913618,-7.441116565202));
#3067 = CARTESIAN_POINT('',(7.80892717009,-7.181590559381));
#3068 = CARTESIAN_POINT('',(7.778015290542,-7.069398233794));
#3069 = CARTESIAN_POINT('',(7.748781424035,-6.956851144147));
#3070 = CARTESIAN_POINT('',(7.721080067682,-6.843973844516));
#3071 = CARTESIAN_POINT('',(7.694760884614,-6.730787911491));
#3072 = CARTESIAN_POINT('',(7.669670062938,-6.617311789894));
#3073 = CARTESIAN_POINT('',(7.645651674684,-6.503560638495));
#3074 = CARTESIAN_POINT('',(7.611496229476,-6.334999177599));
#3075 = CARTESIAN_POINT('',(7.600648845595,-6.280374869194));
#3076 = CARTESIAN_POINT('',(7.589996183782,-6.225671887565));
#3077 = CARTESIAN_POINT('',(7.579497745181,-6.170888777445));
#3078 = CARTESIAN_POINT('',(7.569161677545,-6.116027038605));
#3079 = CARTESIAN_POINT('',(7.559002300615,-6.061089279941));
#3080 = CARTESIAN_POINT('',(7.548994856581,-6.006077362858));
#3081 = CARTESIAN_POINT('',(7.528400895613,-5.890905312198));
#3082 = CARTESIAN_POINT('',(7.517842097006,-5.830730023794));
#3083 = CARTESIAN_POINT('',(7.50746451439,-5.770472185123));
#3084 = CARTESIAN_POINT('',(7.497263426496,-5.710134429968));
#3085 = CARTESIAN_POINT('',(7.487234112057,-5.649719392109));
#3086 = CARTESIAN_POINT('',(7.477371849801,-5.589229705328));
#3087 = CARTESIAN_POINT('',(7.467671918462,-5.528668003405));
#3088 = CARTESIAN_POINT('',(7.423022449476,-5.244969155293));
#3089 = CARTESIAN_POINT('',(7.390095049043,-5.021256734049));
#3090 = CARTESIAN_POINT('',(7.359096655931,-4.796999199402));
#3091 = CARTESIAN_POINT('',(7.329780830651,-4.572290992128));
#3092 = CARTESIAN_POINT('',(7.301904618584,-4.34722173718));
#3093 = CARTESIAN_POINT('',(7.275227734787,-4.121876530095));
#3094 = CARTESIAN_POINT('',(7.249511748808,-3.896336223408));
#3095 = CARTESIAN_POINT('',(7.211999044586,-3.557631893625));
#3096 = CARTESIAN_POINT('',(7.19966040113,-3.444556848513));
#3097 = CARTESIAN_POINT('',(7.187473563219,-3.331462442737));
#3098 = CARTESIAN_POINT('',(7.175408761371,-3.218358497072));
#3099 = CARTESIAN_POINT('',(7.163436232542,-3.105254788055));
#3100 = CARTESIAN_POINT('',(7.151526220122,-2.992161047989));
#3101 = CARTESIAN_POINT('',(7.139648973935,-2.879086964941));
#3102 = CARTESIAN_POINT('',(7.080415110651,-2.315169748361));
#3103 = CARTESIAN_POINT('',(7.033117718636,-1.864759001569));
#3104 = CARTESIAN_POINT('',(6.985871094939,-1.414732658121));
#3105 = CARTESIAN_POINT('',(6.938663374337,-0.965012125155));
#3106 = CARTESIAN_POINT('',(6.891482472778,-0.515517786526));
#3107 = CARTESIAN_POINT('',(6.844316254523,-6.616928813579E-02));
#3108 = CARTESIAN_POINT('',(6.797152699286,0.38311417674));
#3109 = CARTESIAN_POINT('',(6.703178611832,1.27817772718));
#3110 = CARTESIAN_POINT('',(6.627514814247,1.998843952265));
#3111 = CARTESIAN_POINT('',(6.55011756441,2.735484320189));
#3112 = CARTESIAN_POINT('',(6.4887454693,3.320671418829));
#3113 = CARTESIAN_POINT('',(6.450952899998,3.679994662399));
#3114 = CARTESIAN_POINT('',(6.433835707596,3.843827895908));
#3115 = CARTESIAN_POINT('',(6.422292682325,3.953358504697));
#3116 = CARTESIAN_POINT('',(6.367471902438,4.476012624117));
#3117 = CARTESIAN_POINT('',(6.345727688057,4.683856574153));
#3118 = CARTESIAN_POINT('',(6.324223364014,4.891773264851));
#3119 = CARTESIAN_POINT('',(6.303151656606,5.099742345532));
#3120 = CARTESIAN_POINT('',(6.282705580518,5.307742318047));
#3121 = CARTESIAN_POINT('',(6.263079169654,5.515750453905));
#3122 = CARTESIAN_POINT('',(6.244468207966,5.723742711409));
#3123 = CARTESIAN_POINT('',(6.227070960281,5.931693652779));
#3124 = ( GEOMETRIC_REPRESENTATION_CONTEXT(2) 
PARAMETRIC_REPRESENTATION_CONTEXT() REPRESENTATION_CONTEXT('2D SPACE',''
  ) );
#3125 = PCURVE('',#3126,#3161);
#3126 = B_SPLINE_SURFACE_WITH_KNOTS('',3,1,(
    (#3127,#3128)
    ,(#3129,#3130)
    ,(#3131,#3132)
    ,(#3133,#3134)
    ,(#3135,#3136)
    ,(#3137,#3138)
    ,(#3139,#3140)
    ,(#3141,#3142)
    ,(#3143,#3144)
    ,(#3145,#3146)
    ,(#3147,#3148)
    ,(#3149,#3150)
    ,(#3151,#3152)
    ,(#3153,#3154)
    ,(#3155,#3156)
    ,(#3157,#3158)
    ,(#3159,#3160
    )),.UNSPECIFIED.,.F.,.F.,.F.,(4,1,1,1,1,1,1,1,1,1,1,1,1,1,4),(2,2),(
    0.,3.020347662108,6.053909924531,8.500463623104,10.890155025775,
    13.5584878386,17.059916118603,20.559916118603,24.059916118603,
    27.561344398605,30.22967721143,32.619368614101,35.065922312674,
    38.099484575098,41.119832237205),(0.,1.),.UNSPECIFIED.);
#3127 = CARTESIAN_POINT('',(-16.23490771517,7.1,-20.));
#3128 = CARTESIAN_POINT('',(6.704723145528,7.1,60.));
#3129 = CARTESIAN_POINT('',(-17.23548135837,7.206854020275,-20.));
#3130 = CARTESIAN_POINT('',(5.704149502329,7.206854020275,60.));
#3131 = CARTESIAN_POINT('',(-19.25663914635,7.503114404475,-20.));
#3132 = CARTESIAN_POINT('',(3.682991714352,7.503114404475,60.));
#3133 = CARTESIAN_POINT('',(-21.99690128678,7.623125592086,-20.));
#3134 = CARTESIAN_POINT('',(0.942729573919,7.623125592086,60.));
#3135 = CARTESIAN_POINT('',(-24.7624435278,8.992963864358,-20.));
#3136 = CARTESIAN_POINT('',(-1.822812667102,8.992963864358,60.));
#3137 = CARTESIAN_POINT('',(-26.50516168719,6.492176654313,-20.));
#3138 = CARTESIAN_POINT('',(-3.565530826494,6.492176654313,60.));
#3139 = CARTESIAN_POINT('',(-26.93452650403,3.75336269061,-20.));
#3140 = CARTESIAN_POINT('',(-3.99489564333,3.75336269061,60.));
#3141 = CARTESIAN_POINT('',(-26.9350289476,0.492256488987,-20.));
#3142 = CARTESIAN_POINT('',(-3.995398086899,0.492256488987,60.));
#3143 = CARTESIAN_POINT('',(-26.93484711132,-3.,-20.));
#3144 = CARTESIAN_POINT('',(-3.995216250623,-3.,60.));
#3145 = CARTESIAN_POINT('',(-26.9350289476,-6.492256488987,-20.));
#3146 = CARTESIAN_POINT('',(-3.995398086899,-6.492256488987,60.));
#3147 = CARTESIAN_POINT('',(-26.93452650403,-9.75336269061,-20.));
#3148 = CARTESIAN_POINT('',(-3.99489564333,-9.75336269061,60.));
#3149 = CARTESIAN_POINT('',(-26.50516168719,-12.49217665431,-20.));
#3150 = CARTESIAN_POINT('',(-3.565530826494,-12.49217665431,60.));
#3151 = CARTESIAN_POINT('',(-24.7624435278,-14.99296386435,-20.));
#3152 = CARTESIAN_POINT('',(-1.822812667102,-14.99296386435,60.));
#3153 = CARTESIAN_POINT('',(-21.99690128678,-13.62312559208,-20.));
#3154 = CARTESIAN_POINT('',(0.942729573919,-13.62312559208,60.));
#3155 = CARTESIAN_POINT('',(-19.25663914635,-13.50311440447,-20.));
#3156 = CARTESIAN_POINT('',(3.682991714352,-13.50311440447,60.));
#3157 = CARTESIAN_POINT('',(-17.23548135837,-13.20685402027,-20.));
#3158 = CARTESIAN_POINT('',(5.704149502329,-13.20685402027,60.));
#3159 = CARTESIAN_POINT('',(-16.23490771517,-13.1,-20.));
#3160 = CARTESIAN_POINT('',(6.704723145528,-13.1,60.));
#3161 = DEFINITIONAL_REPRESENTATION('',(#3162),#3333);
#3162 = B_SPLINE_CURVE_WITH_KNOTS('',8,(#3163,#3164,#3165,#3166,#3167,
    #3168,#3169,#3170,#3171,#3172,#3173,#3174,#3175,#3176,#3177,#3178,
    #3179,#3180,#3181,#3182,#3183,#3184,#3185,#3186,#3187,#3188,#3189,
    #3190,#3191,#3192,#3193,#3194,#3195,#3196,#3197,#3198,#3199,#3200,
    #3201,#3202,#3203,#3204,#3205,#3206,#3207,#3208,#3209,#3210,#3211,
    #3212,#3213,#3214,#3215,#3216,#3217,#3218,#3219,#3220,#3221,#3222,
    #3223,#3224,#3225,#3226,#3227,#3228,#3229,#3230,#3231,#3232,#3233,
    #3234,#3235,#3236,#3237,#3238,#3239,#3240,#3241,#3242,#3243,#3244,
    #3245,#3246,#3247,#3248,#3249,#3250,#3251,#3252,#3253,#3254,#3255,
    #3256,#3257,#3258,#3259,#3260,#3261,#3262,#3263,#3264,#3265,#3266,
    #3267,#3268,#3269,#3270,#3271,#3272,#3273,#3274,#3275,#3276,#3277,
    #3278,#3279,#3280,#3281,#3282,#3283,#3284,#3285,#3286,#3287,#3288,
    #3289,#3290,#3291,#3292,#3293,#3294,#3295,#3296,#3297,#3298,#3299,
    #3300,#3301,#3302,#3303,#3304,#3305,#3306,#3307,#3308,#3309,#3310,
    #3311,#3312,#3313,#3314,#3315,#3316,#3317,#3318,#3319,#3320,#3321,
    #3322,#3323,#3324,#3325,#3326,#3327,#3328,#3329,#3330,#3331,#3332),
  .UNSPECIFIED.,.F.,.F.,(9,7,7,7,7,7,7,7,7,7,7,7,7,7,7,7,7,7,7,7,7,7,7,7
    ,9),(0.,3.414385910614E-02,7.91618799207E-02,0.113182164093,
    0.131686306002,0.150190448147,0.187321337104,0.228273000266,
    0.2426866173,0.258701749829,0.314195879481,0.324515677576,
    0.360955099789,0.388136075692,0.409131242017,0.425025360454,
    0.471462425515,0.506611922332,0.523428205904,0.541773458796,
    0.609267462471,0.643079238242,0.77793550808,0.911730676987,1.),
  .UNSPECIFIED.);
#3163 = CARTESIAN_POINT('',(41.119832237205,0.3));
#3164 = CARTESIAN_POINT('',(41.0066045868,0.3));
#3165 = CARTESIAN_POINT('',(40.893435333035,0.3));
#3166 = CARTESIAN_POINT('',(40.780316660499,0.3));
#3167 = CARTESIAN_POINT('',(40.66724057451,0.3));
#3168 = CARTESIAN_POINT('',(40.554198901119,0.3));
#3169 = CARTESIAN_POINT('',(40.441183287106,0.3));
#3170 = CARTESIAN_POINT('',(40.328185199981,0.3));
#3171 = CARTESIAN_POINT('',(40.066221748395,0.3));
#3172 = CARTESIAN_POINT('',(39.917263359852,0.3));
#3173 = CARTESIAN_POINT('',(39.768300538361,0.3));
#3174 = CARTESIAN_POINT('',(39.619313229303,0.3));
#3175 = CARTESIAN_POINT('',(39.470281491004,0.3));
#3176 = CARTESIAN_POINT('',(39.321185438309,0.3));
#3177 = CARTESIAN_POINT('',(39.172005186149,0.3));
#3178 = CARTESIAN_POINT('',(38.909906027335,0.3));
#3179 = CARTESIAN_POINT('',(38.797032059692,0.3));
#3180 = CARTESIAN_POINT('',(38.684090379534,0.3));
#3181 = CARTESIAN_POINT('',(38.571072705724,0.3));
#3182 = CARTESIAN_POINT('',(38.457970986631,0.3));
#3183 = CARTESIAN_POINT('',(38.344777400125,0.3));
#3184 = CARTESIAN_POINT('',(38.231484353584,0.3));
#3185 = CARTESIAN_POINT('',(38.056404596952,0.3));
#3186 = CARTESIAN_POINT('',(37.994725383528,0.3));
#3187 = CARTESIAN_POINT('',(37.933044646949,0.3));
#3188 = CARTESIAN_POINT('',(37.871366034975,0.3));
#3189 = CARTESIAN_POINT('',(37.809685446153,0.3));
#3190 = CARTESIAN_POINT('',(37.748006069301,0.3));
#3191 = CARTESIAN_POINT('',(37.686326244615,0.3));
#3192 = CARTESIAN_POINT('',(37.562966748687,0.3));
#3193 = CARTESIAN_POINT('',(37.501287000331,0.3));
#3194 = CARTESIAN_POINT('',(37.439607251975,0.3));
#3195 = CARTESIAN_POINT('',(37.37792750362,0.3));
#3196 = CARTESIAN_POINT('',(37.316247755264,0.3));
#3197 = CARTESIAN_POINT('',(37.254568006908,0.3));
#3198 = CARTESIAN_POINT('',(37.192888258552,0.3));
#3199 = CARTESIAN_POINT('',(37.007440336061,0.3));
#3200 = CARTESIAN_POINT('',(36.883721237465,0.3));
#3201 = CARTESIAN_POINT('',(36.760080767135,0.3));
#3202 = CARTESIAN_POINT('',(36.63655210188,0.3));
#3203 = CARTESIAN_POINT('',(36.513171804481,0.3));
#3204 = CARTESIAN_POINT('',(36.389979585582,0.3));
#3205 = CARTESIAN_POINT('',(36.267018065577,0.3));
#3206 = CARTESIAN_POINT('',(36.009022647554,0.3));
#3207 = CARTESIAN_POINT('',(35.874049592602,0.3));
#3208 = CARTESIAN_POINT('',(35.739476333531,0.3));
#3209 = CARTESIAN_POINT('',(35.605372229755,0.3));
#3210 = CARTESIAN_POINT('',(35.471812295879,0.3));
#3211 = CARTESIAN_POINT('',(35.338876459354,0.3));
#3212 = CARTESIAN_POINT('',(35.206648818134,0.3));
#3213 = CARTESIAN_POINT('',(35.028957254361,0.3));
#3214 = CARTESIAN_POINT('',(34.982697270705,0.3));
#3215 = CARTESIAN_POINT('',(34.936437353914,0.3));
#3216 = CARTESIAN_POINT('',(34.890177590379,0.3));
#3217 = CARTESIAN_POINT('',(34.843917885925,0.3));
#3218 = CARTESIAN_POINT('',(34.797658105403,0.3));
#3219 = CARTESIAN_POINT('',(34.751398212275,0.3));
#3220 = CARTESIAN_POINT('',(34.653738617905,0.3));
#3221 = CARTESIAN_POINT('',(34.602338827608,0.3));
#3222 = CARTESIAN_POINT('',(34.550939037312,0.3));
#3223 = CARTESIAN_POINT('',(34.499539247015,0.3));
#3224 = CARTESIAN_POINT('',(34.448139456719,0.3));
#3225 = CARTESIAN_POINT('',(34.396739666422,0.3));
#3226 = CARTESIAN_POINT('',(34.345339876125,0.3));
#3227 = CARTESIAN_POINT('',(34.115834371013,0.3));
#3228 = CARTESIAN_POINT('',(33.937247460773,0.3));
#3229 = CARTESIAN_POINT('',(33.756877304173,0.3));
#3230 = CARTESIAN_POINT('',(33.573904450575,0.3));
#3231 = CARTESIAN_POINT('',(33.387906937418,0.3));
#3232 = CARTESIAN_POINT('',(33.198850793716,0.3));
#3233 = CARTESIAN_POINT('',(33.007100062522,0.3));
#3234 = CARTESIAN_POINT('',(32.777647329313,0.3));
#3235 = CARTESIAN_POINT('',(32.741666319582,0.3));
#3236 = CARTESIAN_POINT('',(32.705685228011,0.3));
#3237 = CARTESIAN_POINT('',(32.669705245659,0.3));
#3238 = CARTESIAN_POINT('',(32.633726622727,0.3));
#3239 = CARTESIAN_POINT('',(32.597748668561,0.3));
#3240 = CARTESIAN_POINT('',(32.561769751651,0.3));
#3241 = CARTESIAN_POINT('',(32.398732511392,0.3));
#3242 = CARTESIAN_POINT('',(32.272314908285,0.3));
#3243 = CARTESIAN_POINT('',(32.146910533166,0.3));
#3244 = CARTESIAN_POINT('',(32.022739850066,0.3));
#3245 = CARTESIAN_POINT('',(31.89990578706,0.3));
#3246 = CARTESIAN_POINT('',(31.778408704386,0.3));
#3247 = CARTESIAN_POINT('',(31.658146907653,0.3));
#3248 = CARTESIAN_POINT('',(31.449970852225,0.3));
#3249 = CARTESIAN_POINT('',(31.361626504488,0.3));
#3250 = CARTESIAN_POINT('',(31.273807498991,0.3));
#3251 = CARTESIAN_POINT('',(31.186441375866,0.3));
#3252 = CARTESIAN_POINT('',(31.09945179077,0.3));
#3253 = CARTESIAN_POINT('',(31.012756306541,0.3));
#3254 = CARTESIAN_POINT('',(30.926264184859,0.3));
#3255 = CARTESIAN_POINT('',(30.773144691395,0.3));
#3256 = CARTESIAN_POINT('',(30.706480463942,0.3));
#3257 = CARTESIAN_POINT('',(30.639837078537,0.3));
#3258 = CARTESIAN_POINT('',(30.573169932511,0.3));
#3259 = CARTESIAN_POINT('',(30.506433365535,0.3));
#3260 = CARTESIAN_POINT('',(30.439579787626,0.3));
#3261 = CARTESIAN_POINT('',(30.372558807149,0.3));
#3262 = CARTESIAN_POINT('',(30.254411335193,0.3));
#3263 = CARTESIAN_POINT('',(30.203382737841,0.3));
#3264 = CARTESIAN_POINT('',(30.152187461348,0.3));
#3265 = CARTESIAN_POINT('',(30.100837895167,0.3));
#3266 = CARTESIAN_POINT('',(30.049353516489,0.3));
#3267 = CARTESIAN_POINT('',(29.997738982851,0.3));
#3268 = CARTESIAN_POINT('',(29.94598872449,0.3));
#3269 = CARTESIAN_POINT('',(29.742569995279,0.3));
#3270 = CARTESIAN_POINT('',(29.589972751912,0.3));
#3271 = CARTESIAN_POINT('',(29.436481598754,0.3));
#3272 = CARTESIAN_POINT('',(29.282245590702,0.3));
#3273 = CARTESIAN_POINT('',(29.127405889336,0.3));
#3274 = CARTESIAN_POINT('',(28.972094107104,0.3));
#3275 = CARTESIAN_POINT('',(28.816430651517,0.3));
#3276 = CARTESIAN_POINT('',(28.542512315282,0.3));
#3277 = CARTESIAN_POINT('',(28.424361308911,0.3));
#3278 = CARTESIAN_POINT('',(28.306114810055,0.3));
#3279 = CARTESIAN_POINT('',(28.187814148652,0.3));
#3280 = CARTESIAN_POINT('',(28.069497055056,0.3));
#3281 = CARTESIAN_POINT('',(27.951197490375,0.3));
#3282 = CARTESIAN_POINT('',(27.832945476788,0.3));
#3283 = CARTESIAN_POINT('',(27.658227740388,0.3));
#3284 = CARTESIAN_POINT('',(27.601687902602,0.3));
#3285 = CARTESIAN_POINT('',(27.545145723873,0.3));
#3286 = CARTESIAN_POINT('',(27.488607692852,0.3));
#3287 = CARTESIAN_POINT('',(27.432069937908,0.3));
#3288 = CARTESIAN_POINT('',(27.375528089917,0.3));
#3289 = CARTESIAN_POINT('',(27.318987876058,0.3));
#3290 = CARTESIAN_POINT('',(27.200769024911,0.3));
#3291 = CARTESIAN_POINT('',(27.139089276555,0.3));
#3292 = CARTESIAN_POINT('',(27.0774095282,0.3));
#3293 = CARTESIAN_POINT('',(27.015729779844,0.3));
#3294 = CARTESIAN_POINT('',(26.954050031488,0.3));
#3295 = CARTESIAN_POINT('',(26.892370283132,0.3));
#3296 = CARTESIAN_POINT('',(26.830690534776,0.3));
#3297 = CARTESIAN_POINT('',(26.542084878851,0.3));
#3298 = CARTESIAN_POINT('',(26.315458556402,0.3));
#3299 = CARTESIAN_POINT('',(26.089095182335,0.3));
#3300 = CARTESIAN_POINT('',(25.862955381226,0.3));
#3301 = CARTESIAN_POINT('',(25.636996853682,0.3));
#3302 = CARTESIAN_POINT('',(25.411174191053,0.3));
#3303 = CARTESIAN_POINT('',(25.185438690155,0.3));
#3304 = CARTESIAN_POINT('',(24.846671302315,0.3));
#3305 = CARTESIAN_POINT('',(24.733613633497,0.3));
#3306 = CARTESIAN_POINT('',(24.620558823739,0.3));
#3307 = CARTESIAN_POINT('',(24.507500478401,0.3));
#3308 = CARTESIAN_POINT('',(24.394432145995,0.3));
#3309 = CARTESIAN_POINT('',(24.281347318185,0.3));
#3310 = CARTESIAN_POINT('',(24.168239429786,0.3));
#3311 = CARTESIAN_POINT('',(23.603859341659,0.3));
#3312 = CARTESIAN_POINT('',(23.152149227693,0.3));
#3313 = CARTESIAN_POINT('',(22.700050706543,0.3));
#3314 = CARTESIAN_POINT('',(22.247643965559,0.3));
#3315 = CARTESIAN_POINT('',(21.795009888925,0.3));
#3316 = CARTESIAN_POINT('',(21.342229756824,0.3));
#3317 = CARTESIAN_POINT('',(20.889384944594,0.3));
#3318 = CARTESIAN_POINT('',(19.987291326372,0.3));
#3319 = CARTESIAN_POINT('',(19.26106207544,0.3));
#3320 = CARTESIAN_POINT('',(18.518519113428,0.3));
#3321 = CARTESIAN_POINT('',(17.931574385747,0.3));
#3322 = CARTESIAN_POINT('',(17.571622166193,0.3));
#3323 = CARTESIAN_POINT('',(17.407514926909,0.3));
#3324 = CARTESIAN_POINT('',(17.297548232622,0.3));
#3325 = CARTESIAN_POINT('',(16.774636319003,0.3));
#3326 = CARTESIAN_POINT('',(16.566870849868,0.3));
#3327 = CARTESIAN_POINT('',(16.359152244332,0.3));
#3328 = CARTESIAN_POINT('',(16.151439904831,0.3));
#3329 = CARTESIAN_POINT('',(15.94369454171,0.3));
#3330 = CARTESIAN_POINT('',(15.735878016466,0.3));
#3331 = CARTESIAN_POINT('',(15.527953184993,0.3));
#3332 = CARTESIAN_POINT('',(15.319883740818,0.3));
#3333 = ( GEOMETRIC_REPRESENTATION_CONTEXT(2) 
PARAMETRIC_REPRESENTATION_CONTEXT() REPRESENTATION_CONTEXT('2D SPACE',''
  ) );
#3334 = ORIENTED_EDGE('',*,*,#3335,.T.);
#3335 = EDGE_CURVE('',#2777,#2438,#3336,.T.);
#3336 = SURFACE_CURVE('',#3337,(#3341,#3348),.PCURVE_S1.);
#3337 = LINE('',#3338,#3339);
#3338 = CARTESIAN_POINT('',(-63.42650922848,-3.125,4.));
#3339 = VECTOR('',#3340,1.);
#3340 = DIRECTION('',(-1.,0.,-0.));
#3341 = PCURVE('',#2511,#3342);
#3342 = DEFINITIONAL_REPRESENTATION('',(#3343),#3347);
#3343 = LINE('',#3344,#3345);
#3344 = CARTESIAN_POINT('',(-36.3605248284,-3.943106188931));
#3345 = VECTOR('',#3346,1.);
#3346 = DIRECTION('',(-0.994533904972,-0.104414136312));
#3347 = ( GEOMETRIC_REPRESENTATION_CONTEXT(2) 
PARAMETRIC_REPRESENTATION_CONTEXT() REPRESENTATION_CONTEXT('2D SPACE',''
  ) );
#3348 = PCURVE('',#2457,#3349);
#3349 = DEFINITIONAL_REPRESENTATION('',(#3350),#3354);
#3350 = LINE('',#3351,#3352);
#3351 = CARTESIAN_POINT('',(104.,36.573490771518));
#3352 = VECTOR('',#3353,1.);
#3353 = DIRECTION('',(0.,-1.));
#3354 = ( GEOMETRIC_REPRESENTATION_CONTEXT(2) 
PARAMETRIC_REPRESENTATION_CONTEXT() REPRESENTATION_CONTEXT('2D SPACE',''
  ) );
#3355 = FACE_BOUND('',#3356,.T.);
#3356 = EDGE_LOOP('',(#3357));
#3357 = ORIENTED_EDGE('',*,*,#3358,.T.);
#3358 = EDGE_CURVE('',#3359,#3359,#3361,.T.);
#3359 = VERTEX_POINT('',#3360);
#3360 = CARTESIAN_POINT('',(-7.853018456965,-17.375,4.));
#3361 = SURFACE_CURVE('',#3362,(#3367,#3378),.PCURVE_S1.);
#3362 = CIRCLE('',#3363,1.5);
#3363 = AXIS2_PLACEMENT_3D('',#3364,#3365,#3366);
#3364 = CARTESIAN_POINT('',(-9.353018456965,-17.375,4.));
#3365 = DIRECTION('',(0.,0.,-1.));
#3366 = DIRECTION('',(1.,0.,0.));
#3367 = PCURVE('',#2511,#3368);
#3368 = DEFINITIONAL_REPRESENTATION('',(#3369),#3377);
#3369 = ( BOUNDED_CURVE() B_SPLINE_CURVE(2,(#3370,#3371,#3372,#3373,
#3374,#3375,#3376),.UNSPECIFIED.,.T.,.F.) B_SPLINE_CURVE_WITH_KNOTS((1,2
    ,2,2,2,1),(-2.094395102393,0.,2.094395102393,4.188790204786,
6.28318530718,8.377580409573),.UNSPECIFIED.) CURVE() 
GEOMETRIC_REPRESENTATION_ITEM() RATIONAL_B_SPLINE_CURVE((1.,0.5,1.,0.5,
1.,0.5,1.)) REPRESENTATION_ITEM('') );
#3370 = CARTESIAN_POINT('',(20.397097403942,-12.31255629404));
#3371 = CARTESIAN_POINT('',(20.668373287623,-14.89643117393));
#3372 = CARTESIAN_POINT('',(18.295034059596,-13.83942554069));
#3373 = CARTESIAN_POINT('',(15.92169483157,-12.78241990745));
#3374 = CARTESIAN_POINT('',(18.023758175916,-11.2555506608));
#3375 = CARTESIAN_POINT('',(20.125821520262,-9.728681414156));
#3376 = CARTESIAN_POINT('',(20.397097403942,-12.31255629404));
#3377 = ( GEOMETRIC_REPRESENTATION_CONTEXT(2) 
PARAMETRIC_REPRESENTATION_CONTEXT() REPRESENTATION_CONTEXT('2D SPACE',''
  ) );
#3378 = PCURVE('',#3379,#3384);
#3379 = CYLINDRICAL_SURFACE('',#3380,1.5);
#3380 = AXIS2_PLACEMENT_3D('',#3381,#3382,#3383);
#3381 = CARTESIAN_POINT('',(-9.353018456965,-17.375,3.4));
#3382 = DIRECTION('',(-0.,-0.,-1.));
#3383 = DIRECTION('',(1.,0.,0.));
#3384 = DEFINITIONAL_REPRESENTATION('',(#3385),#3389);
#3385 = LINE('',#3386,#3387);
#3386 = CARTESIAN_POINT('',(-6.28318530718,-0.6));
#3387 = VECTOR('',#3388,1.);
#3388 = DIRECTION('',(1.,-0.));
#3389 = ( GEOMETRIC_REPRESENTATION_CONTEXT(2) 
PARAMETRIC_REPRESENTATION_CONTEXT() REPRESENTATION_CONTEXT('2D SPACE',''
  ) );
#3390 = FACE_BOUND('',#3391,.T.);
#3391 = EDGE_LOOP('',(#3392,#3422,#3450,#3478,#3580,#3608,#3636));
#3392 = ORIENTED_EDGE('',*,*,#3393,.F.);
#3393 = EDGE_CURVE('',#3394,#3396,#3398,.T.);
#3394 = VERTEX_POINT('',#3395);
#3395 = CARTESIAN_POINT('',(8.874989355535,-18.24399759928,4.));
#3396 = VERTEX_POINT('',#3397);
#3397 = CARTESIAN_POINT('',(8.874989355535,-20.20000020345,4.));
#3398 = SURFACE_CURVE('',#3399,(#3403,#3410),.PCURVE_S1.);
#3399 = LINE('',#3400,#3401);
#3400 = CARTESIAN_POINT('',(8.874989355535,-11.60000010172,4.));
#3401 = VECTOR('',#3402,1.);
#3402 = DIRECTION('',(0.,-1.,0.));
#3403 = PCURVE('',#2511,#3404);
#3404 = DEFINITIONAL_REPRESENTATION('',(#3405),#3409);
#3405 = LINE('',#3406,#3407);
#3406 = CARTESIAN_POINT('',(36.430676709527,-4.822482606049));
#3407 = VECTOR('',#3408,1.);
#3408 = DIRECTION('',(0.104414136312,-0.994533904972));
#3409 = ( GEOMETRIC_REPRESENTATION_CONTEXT(2) 
PARAMETRIC_REPRESENTATION_CONTEXT() REPRESENTATION_CONTEXT('2D SPACE',''
  ) );
#3410 = PCURVE('',#3411,#3416);
#3411 = PLANE('',#3412);
#3412 = AXIS2_PLACEMENT_3D('',#3413,#3414,#3415);
#3413 = CARTESIAN_POINT('',(8.874989355535,-20.20000020345,3.4));
#3414 = DIRECTION('',(-1.,0.,0.));
#3415 = DIRECTION('',(0.,1.,0.));
#3416 = DEFINITIONAL_REPRESENTATION('',(#3417),#3421);
#3417 = LINE('',#3418,#3419);
#3418 = CARTESIAN_POINT('',(8.600000101725,-0.6));
#3419 = VECTOR('',#3420,1.);
#3420 = DIRECTION('',(-1.,0.));
#3421 = ( GEOMETRIC_REPRESENTATION_CONTEXT(2) 
PARAMETRIC_REPRESENTATION_CONTEXT() REPRESENTATION_CONTEXT('2D SPACE',''
  ) );
#3422 = ORIENTED_EDGE('',*,*,#3423,.F.);
#3423 = EDGE_CURVE('',#3424,#3394,#3426,.T.);
#3424 = VERTEX_POINT('',#3425);
#3425 = CARTESIAN_POINT('',(8.194989355535,-18.24399759928,4.));
#3426 = SURFACE_CURVE('',#3427,(#3431,#3438),.PCURVE_S1.);
#3427 = LINE('',#3428,#3429);
#3428 = CARTESIAN_POINT('',(-8.989014550715,-18.24399759928,4.));
#3429 = VECTOR('',#3430,1.);
#3430 = DIRECTION('',(1.,0.,0.));
#3431 = PCURVE('',#2511,#3432);
#3432 = DEFINITIONAL_REPRESENTATION('',(#3433),#3437);
#3433 = LINE('',#3434,#3435);
#3434 = CARTESIAN_POINT('',(19.358046406579,-13.29541792085));
#3435 = VECTOR('',#3436,1.);
#3436 = DIRECTION('',(0.994533904972,0.104414136312));
#3437 = ( GEOMETRIC_REPRESENTATION_CONTEXT(2) 
PARAMETRIC_REPRESENTATION_CONTEXT() REPRESENTATION_CONTEXT('2D SPACE',''
  ) );
#3438 = PCURVE('',#3439,#3444);
#3439 = PLANE('',#3440);
#3440 = AXIS2_PLACEMENT_3D('',#3441,#3442,#3443);
#3441 = CARTESIAN_POINT('',(8.874989355535,-18.24399759928,3.4));
#3442 = DIRECTION('',(0.,-1.,0.));
#3443 = DIRECTION('',(-1.,0.,0.));
#3444 = DEFINITIONAL_REPRESENTATION('',(#3445),#3449);
#3445 = LINE('',#3446,#3447);
#3446 = CARTESIAN_POINT('',(17.86400390625,-0.6));
#3447 = VECTOR('',#3448,1.);
#3448 = DIRECTION('',(-1.,-0.));
#3449 = ( GEOMETRIC_REPRESENTATION_CONTEXT(2) 
PARAMETRIC_REPRESENTATION_CONTEXT() REPRESENTATION_CONTEXT('2D SPACE',''
  ) );
#3450 = ORIENTED_EDGE('',*,*,#3451,.F.);
#3451 = EDGE_CURVE('',#3452,#3424,#3454,.T.);
#3452 = VERTEX_POINT('',#3453);
#3453 = CARTESIAN_POINT('',(8.194989355535,-17.87200541178,4.));
#3454 = SURFACE_CURVE('',#3455,(#3459,#3466),.PCURVE_S1.);
#3455 = LINE('',#3456,#3457);
#3456 = CARTESIAN_POINT('',(8.194989355535,-10.62199879964,4.));
#3457 = VECTOR('',#3458,1.);
#3458 = DIRECTION('',(0.,-1.,0.));
#3459 = PCURVE('',#2511,#3460);
#3460 = DEFINITIONAL_REPRESENTATION('',(#3461),#3465);
#3461 = LINE('',#3462,#3463);
#3462 = CARTESIAN_POINT('',(35.652276492878,-3.920828764712));
#3463 = VECTOR('',#3464,1.);
#3464 = DIRECTION('',(0.104414136312,-0.994533904972));
#3465 = ( GEOMETRIC_REPRESENTATION_CONTEXT(2) 
PARAMETRIC_REPRESENTATION_CONTEXT() REPRESENTATION_CONTEXT('2D SPACE',''
  ) );
#3466 = PCURVE('',#3467,#3472);
#3467 = PLANE('',#3468);
#3468 = AXIS2_PLACEMENT_3D('',#3469,#3470,#3471);
#3469 = CARTESIAN_POINT('',(8.194989355535,-18.24399759928,3.4));
#3470 = DIRECTION('',(-1.,0.,0.));
#3471 = DIRECTION('',(0.,1.,0.));
#3472 = DEFINITIONAL_REPRESENTATION('',(#3473),#3477);
#3473 = LINE('',#3474,#3475);
#3474 = CARTESIAN_POINT('',(7.621998799642,-0.6));
#3475 = VECTOR('',#3476,1.);
#3476 = DIRECTION('',(-1.,0.));
#3477 = ( GEOMETRIC_REPRESENTATION_CONTEXT(2) 
PARAMETRIC_REPRESENTATION_CONTEXT() REPRESENTATION_CONTEXT('2D SPACE',''
  ) );
#3478 = ORIENTED_EDGE('',*,*,#3479,.F.);
#3479 = EDGE_CURVE('',#3480,#3452,#3482,.T.);
#3480 = VERTEX_POINT('',#3481);
#3481 = CARTESIAN_POINT('',(9.062984147202,-17.36399759928,4.));
#3482 = SURFACE_CURVE('',#3483,(#3511,#3542),.PCURVE_S1.);
#3483 = B_SPLINE_CURVE_WITH_KNOTS('',6,(#3484,#3485,#3486,#3487,#3488,
    #3489,#3490,#3491,#3492,#3493,#3494,#3495,#3496,#3497,#3498,#3499,
    #3500,#3501,#3502,#3503,#3504,#3505,#3506,#3507,#3508,#3509,#3510),
  .UNSPECIFIED.,.F.,.F.,(7,5,5,5,5,7),(0.,8.759658726427E-02,
    0.269967518896,0.531124541169,0.674056679085,1.),.UNSPECIFIED.);
#3484 = CARTESIAN_POINT('',(9.062984147202,-17.36399759928,4.));
#3485 = CARTESIAN_POINT('',(9.059035777539,-17.37919247425,4.));
#3486 = CARTESIAN_POINT('',(9.054739187327,-17.39420726179,4.));
#3487 = CARTESIAN_POINT('',(9.050087989358,-17.40903116344,4.));
#3488 = CARTESIAN_POINT('',(9.04507677828,-17.42365329007,4.));
#3489 = CARTESIAN_POINT('',(9.039701130599,-17.4380626619,4.));
#3490 = CARTESIAN_POINT('',(9.021999922235,-17.48178168029,4.));
#3491 = CARTESIAN_POINT('',(9.008446976975,-17.51034738927,4.));
#3492 = CARTESIAN_POINT('',(8.993270259336,-17.53784186669,4.));
#3493 = CARTESIAN_POINT('',(8.976463054578,-17.56417079429,4.));
#3494 = CARTESIAN_POINT('',(8.958046169991,-17.58925310122,4.));
#3495 = CARTESIAN_POINT('',(8.90947282839,-17.64706674831,4.));
#3496 = CARTESIAN_POINT('',(8.877673456758,-17.67843129238,4.));
#3497 = CARTESIAN_POINT('',(8.842837629175,-17.70692099829,4.));
#3498 = CARTESIAN_POINT('',(8.805219856384,-17.73247501404,4.));
#3499 = CARTESIAN_POINT('',(8.765130960775,-17.75513181159,4.));
#3500 = CARTESIAN_POINT('',(8.699789881261,-17.78586103557,4.));
#3501 = CARTESIAN_POINT('',(8.676033239083,-17.79589428392,4.));
#3502 = CARTESIAN_POINT('',(8.651682516447,-17.80510920675,4.));
#3503 = CARTESIAN_POINT('',(8.626787094611,-17.81352933636,4.));
#3504 = CARTESIAN_POINT('',(8.601393764214,-17.82118181203,4.));
#3505 = CARTESIAN_POINT('',(8.516600097874,-17.84386069129,4.));
#3506 = CARTESIAN_POINT('',(8.455300493395,-17.85577957002,4.));
#3507 = CARTESIAN_POINT('',(8.39213066742,-17.86420230824,4.));
#3508 = CARTESIAN_POINT('',(8.327501319087,-17.869499727,4.));
#3509 = CARTESIAN_POINT('',(8.261720602249,-17.87200541178,4.));
#3510 = CARTESIAN_POINT('',(8.194989355535,-17.87200541178,4.));
#3511 = PCURVE('',#2511,#3512);
#3512 = DEFINITIONAL_REPRESENTATION('',(#3513),#3541);
#3513 = B_SPLINE_CURVE_WITH_KNOTS('',6,(#3514,#3515,#3516,#3517,#3518,
    #3519,#3520,#3521,#3522,#3523,#3524,#3525,#3526,#3527,#3528,#3529,
    #3530,#3531,#3532,#3533,#3534,#3535,#3536,#3537,#3538,#3539,#3540),
  .UNSPECIFIED.,.F.,.F.,(7,5,5,5,5,7),(0.,8.759658726427E-02,
    0.269967518896,0.531124541169,0.674056679085,1.),.UNSPECIFIED.);
#3514 = CARTESIAN_POINT('',(37.219486724208,-10.53534423174));
#3515 = CARTESIAN_POINT('',(37.217146496454,-10.55086831568));
#3516 = CARTESIAN_POINT('',(37.214441147886,-10.56624965572));
#3517 = CARTESIAN_POINT('',(37.211363198695,-10.58147817934));
#3518 = CARTESIAN_POINT('',(37.207906136097,-10.59654362131));
#3519 = CARTESIAN_POINT('',(37.20406441433,-10.61143552375));
#3520 = CARTESIAN_POINT('',(37.191024845999,-10.65676382622));
#3521 = CARTESIAN_POINT('',(37.180528646257,-10.68658851139));
#3522 = CARTESIAN_POINT('',(37.168305698111,-10.71551736525));
#3523 = CARTESIAN_POINT('',(37.154339475368,-10.7434572862));
#3524 = CARTESIAN_POINT('',(37.138642206637,-10.77032547395));
#3525 = CARTESIAN_POINT('',(37.096370933565,-10.83289484967));
#3526 = CARTESIAN_POINT('',(37.0680202821,-10.86740825608));
#3527 = CARTESIAN_POINT('',(37.036349598497,-10.8993795874));
#3528 = CARTESIAN_POINT('',(37.001605648511,-10.92872174973));
#3529 = CARTESIAN_POINT('',(36.964101572562,-10.95544055048));
#3530 = CARTESIAN_POINT('',(36.90232621898,-10.99282433799));
#3531 = CARTESIAN_POINT('',(36.879747045827,-11.00528327292));
#3532 = CARTESIAN_POINT('',(36.856491594763,-11.01699038578));
#3533 = CARTESIAN_POINT('',(36.83261143423,-11.02796392413));
#3534 = CARTESIAN_POINT('',(36.808155932826,-11.0382259933));
#3535 = CARTESIAN_POINT('',(36.726193752315,-11.06963456509));
#3536 = CARTESIAN_POINT('',(36.666473716729,-11.08788883936));
#3537 = CARTESIAN_POINT('',(36.604528635962,-11.10286136091));
#3538 = CARTESIAN_POINT('',(36.540805683193,-11.11487804105));
#3539 = CARTESIAN_POINT('',(36.475646158916,-11.12423846626));
#3540 = CARTESIAN_POINT('',(36.409279671538,-11.13120615175));
#3541 = ( GEOMETRIC_REPRESENTATION_CONTEXT(2) 
PARAMETRIC_REPRESENTATION_CONTEXT() REPRESENTATION_CONTEXT('2D SPACE',''
  ) );
#3542 = PCURVE('',#3543,#3550);
#3543 = SURFACE_OF_LINEAR_EXTRUSION('',#3544,#3548);
#3544 = B_SPLINE_CURVE_WITH_KNOTS('',2,(#3545,#3546,#3547),
  .UNSPECIFIED.,.F.,.F.,(3,3),(0.,1.),.PIECEWISE_BEZIER_KNOTS.);
#3545 = CARTESIAN_POINT('',(8.194989355535,-17.87200541178,3.4));
#3546 = CARTESIAN_POINT('',(8.930978938869,-17.87200541178,3.4));
#3547 = CARTESIAN_POINT('',(9.062984147202,-17.36399759928,3.4));
#3548 = VECTOR('',#3549,1.);
#3549 = DIRECTION('',(-0.,-0.,-1.));
#3550 = DEFINITIONAL_REPRESENTATION('',(#3551),#3579);
#3551 = B_SPLINE_CURVE_WITH_KNOTS('',6,(#3552,#3553,#3554,#3555,#3556,
    #3557,#3558,#3559,#3560,#3561,#3562,#3563,#3564,#3565,#3566,#3567,
    #3568,#3569,#3570,#3571,#3572,#3573,#3574,#3575,#3576,#3577,#3578),
  .UNSPECIFIED.,.F.,.F.,(7,5,5,5,5,7),(0.,8.759658726427E-02,
    0.269967518896,0.531124541169,0.674056679085,1.),.UNSPECIFIED.);
#3552 = CARTESIAN_POINT('',(1.,-0.6));
#3553 = CARTESIAN_POINT('',(0.985044644401,-0.6));
#3554 = CARTESIAN_POINT('',(0.969998180389,-0.6));
#3555 = CARTESIAN_POINT('',(0.954864990758,-0.6));
#3556 = CARTESIAN_POINT('',(0.939650198561,-0.6));
#3557 = CARTESIAN_POINT('',(0.924359667116,-0.6));
#3558 = CARTESIAN_POINT('',(0.877022078382,-0.6));
#3559 = CARTESIAN_POINT('',(0.844742071571,-0.6));
#3560 = CARTESIAN_POINT('',(0.812224183746,-0.6));
#3561 = CARTESIAN_POINT('',(0.779540034683,-0.6));
#3562 = CARTESIAN_POINT('',(0.746769241432,-0.6));
#3563 = CARTESIAN_POINT('',(0.66707411418,-0.6));
#3564 = CARTESIAN_POINT('',(0.620137624172,-0.6));
#3565 = CARTESIAN_POINT('',(0.57346032107,-0.6));
#3566 = CARTESIAN_POINT('',(0.5272642592,-0.6));
#3567 = CARTESIAN_POINT('',(0.481729524018,-0.6));
#3568 = CARTESIAN_POINT('',(0.412519377422,-0.6));
#3569 = CARTESIAN_POINT('',(0.388276204547,-0.6));
#3570 = CARTESIAN_POINT('',(0.364290405643,-0.6));
#3571 = CARTESIAN_POINT('',(0.340576521038,-0.6));
#3572 = CARTESIAN_POINT('',(0.317144417729,-0.6));
#3573 = CARTESIAN_POINT('',(0.24122132835,-0.6));
#3574 = CARTESIAN_POINT('',(0.189950028504,-0.6));
#3575 = CARTESIAN_POINT('',(0.140232035654,-0.6));
#3576 = CARTESIAN_POINT('',(9.204684669107E-02,-0.6));
#3577 = CARTESIAN_POINT('',(4.533436900807E-02,-0.6));
#3578 = CARTESIAN_POINT('',(0.,-0.6));
#3579 = ( GEOMETRIC_REPRESENTATION_CONTEXT(2) 
PARAMETRIC_REPRESENTATION_CONTEXT() REPRESENTATION_CONTEXT('2D SPACE',''
  ) );
#3580 = ORIENTED_EDGE('',*,*,#3581,.F.);
#3581 = EDGE_CURVE('',#3582,#3480,#3584,.T.);
#3582 = VERTEX_POINT('',#3583);
#3583 = CARTESIAN_POINT('',(9.434989355535,-17.36399759928,4.));
#3584 = SURFACE_CURVE('',#3585,(#3589,#3596),.PCURVE_S1.);
#3585 = LINE('',#3586,#3587);
#3586 = CARTESIAN_POINT('',(-8.895017154881,-17.36399759928,4.));
#3587 = VECTOR('',#3588,1.);
#3588 = DIRECTION('',(-1.,0.,-0.));
#3589 = PCURVE('',#2511,#3590);
#3590 = DEFINITIONAL_REPRESENTATION('',(#3591),#3595);
#3591 = LINE('',#3592,#3593);
#3592 = CARTESIAN_POINT('',(19.35964556376,-12.41041342758));
#3593 = VECTOR('',#3594,1.);
#3594 = DIRECTION('',(-0.994533904972,-0.104414136312));
#3595 = ( GEOMETRIC_REPRESENTATION_CONTEXT(2) 
PARAMETRIC_REPRESENTATION_CONTEXT() REPRESENTATION_CONTEXT('2D SPACE',''
  ) );
#3596 = PCURVE('',#3597,#3602);
#3597 = PLANE('',#3598);
#3598 = AXIS2_PLACEMENT_3D('',#3599,#3600,#3601);
#3599 = CARTESIAN_POINT('',(9.062984147202,-17.36399759928,3.4));
#3600 = DIRECTION('',(0.,1.,0.));
#3601 = DIRECTION('',(1.,0.,0.));
#3602 = DEFINITIONAL_REPRESENTATION('',(#3603),#3607);
#3603 = LINE('',#3604,#3605);
#3604 = CARTESIAN_POINT('',(-17.95800130208,-0.6));
#3605 = VECTOR('',#3606,1.);
#3606 = DIRECTION('',(-1.,0.));
#3607 = ( GEOMETRIC_REPRESENTATION_CONTEXT(2) 
PARAMETRIC_REPRESENTATION_CONTEXT() REPRESENTATION_CONTEXT('2D SPACE',''
  ) );
#3608 = ORIENTED_EDGE('',*,*,#3609,.F.);
#3609 = EDGE_CURVE('',#3610,#3582,#3612,.T.);
#3610 = VERTEX_POINT('',#3611);
#3611 = CARTESIAN_POINT('',(9.434989355535,-20.20000020345,4.));
#3612 = SURFACE_CURVE('',#3613,(#3617,#3624),.PCURVE_S1.);
#3613 = LINE('',#3614,#3615);
#3614 = CARTESIAN_POINT('',(9.434989355535,-10.18199879964,4.));
#3615 = VECTOR('',#3616,1.);
#3616 = DIRECTION('',(0.,1.,-0.));
#3617 = PCURVE('',#2511,#3618);
#3618 = DEFINITIONAL_REPRESENTATION('',(#3619),#3623);
#3619 = LINE('',#3620,#3621);
#3620 = CARTESIAN_POINT('',(36.839556315066,-3.353760317498));
#3621 = VECTOR('',#3622,1.);
#3622 = DIRECTION('',(-0.104414136312,0.994533904972));
#3623 = ( GEOMETRIC_REPRESENTATION_CONTEXT(2) 
PARAMETRIC_REPRESENTATION_CONTEXT() REPRESENTATION_CONTEXT('2D SPACE',''
  ) );
#3624 = PCURVE('',#3625,#3630);
#3625 = PLANE('',#3626);
#3626 = AXIS2_PLACEMENT_3D('',#3627,#3628,#3629);
#3627 = CARTESIAN_POINT('',(9.434989355535,-17.36399759928,3.4));
#3628 = DIRECTION('',(1.,0.,0.));
#3629 = DIRECTION('',(0.,-1.,0.));
#3630 = DEFINITIONAL_REPRESENTATION('',(#3631),#3635);
#3631 = LINE('',#3632,#3633);
#3632 = CARTESIAN_POINT('',(-7.181998799642,-0.6));
#3633 = VECTOR('',#3634,1.);
#3634 = DIRECTION('',(-1.,0.));
#3635 = ( GEOMETRIC_REPRESENTATION_CONTEXT(2) 
PARAMETRIC_REPRESENTATION_CONTEXT() REPRESENTATION_CONTEXT('2D SPACE',''
  ) );
#3636 = ORIENTED_EDGE('',*,*,#3637,.F.);
#3637 = EDGE_CURVE('',#3396,#3610,#3638,.T.);
#3638 = SURFACE_CURVE('',#3639,(#3643,#3650),.PCURVE_S1.);
#3639 = LINE('',#3640,#3641);
#3640 = CARTESIAN_POINT('',(-8.709014550715,-20.20000020345,4.));
#3641 = VECTOR('',#3642,1.);
#3642 = DIRECTION('',(1.,0.,0.));
#3643 = PCURVE('',#2511,#3644);
#3644 = DEFINITIONAL_REPRESENTATION('',(#3645),#3649);
#3645 = LINE('',#3646,#3647);
#3646 = CARTESIAN_POINT('',(19.840750222508,-15.21149287074));
#3647 = VECTOR('',#3648,1.);
#3648 = DIRECTION('',(0.994533904972,0.104414136312));
#3649 = ( GEOMETRIC_REPRESENTATION_CONTEXT(2) 
PARAMETRIC_REPRESENTATION_CONTEXT() REPRESENTATION_CONTEXT('2D SPACE',''
  ) );
#3650 = PCURVE('',#3651,#3656);
#3651 = PLANE('',#3652);
#3652 = AXIS2_PLACEMENT_3D('',#3653,#3654,#3655);
#3653 = CARTESIAN_POINT('',(9.434989355535,-20.20000020345,3.4));
#3654 = DIRECTION('',(0.,-1.,0.));
#3655 = DIRECTION('',(-1.,0.,0.));
#3656 = DEFINITIONAL_REPRESENTATION('',(#3657),#3661);
#3657 = LINE('',#3658,#3659);
#3658 = CARTESIAN_POINT('',(18.14400390625,-0.6));
#3659 = VECTOR('',#3660,1.);
#3660 = DIRECTION('',(-1.,-0.));
#3661 = ( GEOMETRIC_REPRESENTATION_CONTEXT(2) 
PARAMETRIC_REPRESENTATION_CONTEXT() REPRESENTATION_CONTEXT('2D SPACE',''
  ) );
#3662 = FACE_BOUND('',#3663,.T.);
#3663 = EDGE_LOOP('',(#3664,#3819,#3855,#3894,#3930,#3969,#4008,#4036,
    #4075,#4114,#4153,#4192,#4228,#4267,#4306,#4345,#4396,#4453,#4510,
    #4561,#4600,#4639,#4681));
#3664 = ORIENTED_EDGE('',*,*,#3665,.F.);
#3665 = EDGE_CURVE('',#3666,#3668,#3670,.T.);
#3666 = VERTEX_POINT('',#3667);
#3667 = CARTESIAN_POINT('',(11.322984147202,-17.30399759928,4.));
#3668 = VERTEX_POINT('',#3669);
#3669 = CARTESIAN_POINT('',(10.274976334702,-18.85200541178,4.));
#3670 = SURFACE_CURVE('',#3671,(#3716,#3764),.PCURVE_S1.);
#3671 = B_SPLINE_CURVE_WITH_KNOTS('',7,(#3672,#3673,#3674,#3675,#3676,
    #3677,#3678,#3679,#3680,#3681,#3682,#3683,#3684,#3685,#3686,#3687,
    #3688,#3689,#3690,#3691,#3692,#3693,#3694,#3695,#3696,#3697,#3698,
    #3699,#3700,#3701,#3702,#3703,#3704,#3705,#3706,#3707,#3708,#3709,
    #3710,#3711,#3712,#3713,#3714,#3715),.UNSPECIFIED.,.F.,.F.,(8,6,6,6,
    6,6,6,8),(0.,0.107831593169,0.165866115028,0.282040733734,
    0.403475246322,0.46441903504,0.579898169464,1.),.UNSPECIFIED.);
#3672 = CARTESIAN_POINT('',(11.322984147202,-17.30399759928,4.));
#3673 = CARTESIAN_POINT('',(11.290281317077,-17.30399759928,4.));
#3674 = CARTESIAN_POINT('',(11.257689130979,-17.30487694139,4.));
#3675 = CARTESIAN_POINT('',(11.22523782145,-17.3066823365,4.));
#3676 = CARTESIAN_POINT('',(11.192963953725,-17.30946220802,4.));
#3677 = CARTESIAN_POINT('',(11.160909979608,-17.31326463977,4.));
#3678 = CARTESIAN_POINT('',(11.129123791342,-17.31813532389,4.));
#3679 = CARTESIAN_POINT('',(11.080723663703,-17.32733401985,4.));
#3680 = CARTESIAN_POINT('',(11.06388203246,-17.33087378924,4.));
#3681 = CARTESIAN_POINT('',(11.047141846853,-17.3347413458,4.));
#3682 = CARTESIAN_POINT('',(11.030511906435,-17.33894256969,4.));
#3683 = CARTESIAN_POINT('',(11.014001345212,-17.34348269245,4.));
#3684 = CARTESIAN_POINT('',(10.997619631645,-17.348366297,4.));
#3685 = CARTESIAN_POINT('',(10.948860893668,-17.36406887495,4.));
#3686 = CARTESIAN_POINT('',(10.916897468286,-17.37593337333,4.));
#3687 = CARTESIAN_POINT('',(10.885569347493,-17.38921983639,4.));
#3688 = CARTESIAN_POINT('',(10.854957555898,-17.40394374867,4.));
#3689 = CARTESIAN_POINT('',(10.825139405471,-17.42010386693,4.));
#3690 = CARTESIAN_POINT('',(10.796186813279,-17.4376790315,4.));
#3691 = CARTESIAN_POINT('',(10.738873699121,-17.47642871568,4.));
#3692 = CARTESIAN_POINT('',(10.710594114097,-17.49773370401,4.));
#3693 = CARTESIAN_POINT('',(10.683400954001,-17.52049009462,4.));
#3694 = CARTESIAN_POINT('',(10.657346558104,-17.54462997959,4.));
#3695 = CARTESIAN_POINT('',(10.632463503936,-17.57007088126,4.));
#3696 = CARTESIAN_POINT('',(10.608767596122,-17.59671924245,4.));
#3697 = CARTESIAN_POINT('',(10.574965499107,-17.63840302928,4.));
#3698 = CARTESIAN_POINT('',(10.563969065481,-17.65261167446,4.));
#3699 = CARTESIAN_POINT('',(10.553271189653,-17.66708756904,4.));
#3700 = CARTESIAN_POINT('',(10.542870665043,-17.68181856273,4.));
#3701 = CARTESIAN_POINT('',(10.532765443176,-17.69679263808,4.));
#3702 = CARTESIAN_POINT('',(10.522952633676,-17.71199791049,4.));
#3703 = CARTESIAN_POINT('',(10.495381739494,-17.75665010308,4.));
#3704 = CARTESIAN_POINT('',(10.47837218074,-17.78666513541,4.));
#3705 = CARTESIAN_POINT('',(10.462374421685,-17.81738994827,4.));
#3706 = CARTESIAN_POINT('',(10.447356108982,-17.84875105586,4.));
#3707 = CARTESIAN_POINT('',(10.43328015858,-17.88068071645,4.));
#3708 = CARTESIAN_POINT('',(10.420106972036,-17.91311838526,4.));
#3709 = CARTESIAN_POINT('',(10.363012911938,-18.06567653935,4.));
#3710 = CARTESIAN_POINT('',(10.329747550173,-18.1911092949,4.));
#3711 = CARTESIAN_POINT('',(10.305798014244,-18.32024046642,4.));
#3712 = CARTESIAN_POINT('',(10.289518500517,-18.45159664742,4.));
#3713 = CARTESIAN_POINT('',(10.279580053735,-18.58421871057,4.));
#3714 = CARTESIAN_POINT('',(10.274976334702,-18.71766773621,4.));
#3715 = CARTESIAN_POINT('',(10.274976334702,-18.85200541178,4.));
#3716 = PCURVE('',#2511,#3717);
#3717 = DEFINITIONAL_REPRESENTATION('',(#3718),#3763);
#3718 = B_SPLINE_CURVE_WITH_KNOTS('',7,(#3719,#3720,#3721,#3722,#3723,
    #3724,#3725,#3726,#3727,#3728,#3729,#3730,#3731,#3732,#3733,#3734,
    #3735,#3736,#3737,#3738,#3739,#3740,#3741,#3742,#3743,#3744,#3745,
    #3746,#3747,#3748,#3749,#3750,#3751,#3752,#3753,#3754,#3755,#3756,
    #3757,#3758,#3759,#3760,#3761,#3762),.UNSPECIFIED.,.F.,.F.,(8,6,6,6,
    6,6,6,8),(0.,0.107831593169,0.165866115028,0.282040733734,
    0.403475246322,0.46441903504,0.579898169464,1.),.UNSPECIFIED.);
#3719 = CARTESIAN_POINT('',(39.460868501265,-10.23969624937));
#3720 = CARTESIAN_POINT('',(39.428344427917,-10.24311088714));
#3721 = CARTESIAN_POINT('',(39.396022209553,-10.24738850764));
#3722 = CARTESIAN_POINT('',(39.363936790737,-10.25257240975));
#3723 = CARTESIAN_POINT('',(39.332129592924,-10.25870693425));
#3724 = CARTESIAN_POINT('',(39.300647856502,-10.26583546956));
#3725 = CARTESIAN_POINT('',(39.269543982838,-10.27399845746));
#3726 = CARTESIAN_POINT('',(39.222368888789,-10.28820052999));
#3727 = CARTESIAN_POINT('',(39.205988917467,-10.29347945505));
#3728 = CARTESIAN_POINT('',(39.189744062883,-10.2990737832));
#3729 = CARTESIAN_POINT('',(39.173643690463,-10.30498844366));
#3730 = CARTESIAN_POINT('',(39.157697430534,-10.31122768568));
#3731 = CARTESIAN_POINT('',(39.14191517832,-10.31779507845));
#3732 = CARTESIAN_POINT('',(39.095062531354,-10.33850292613));
#3733 = CARTESIAN_POINT('',(39.064512642444,-10.35364000549));
#3734 = CARTESIAN_POINT('',(39.034743058701,-10.37012494216));
#3735 = CARTESIAN_POINT('',(39.005835978651,-10.38796467591));
#3736 = CARTESIAN_POINT('',(38.977868161859,-10.40714989786));
#3737 = CARTESIAN_POINT('',(38.950908922916,-10.42765205482));
#3738 = CARTESIAN_POINT('',(38.897955102493,-10.47217422885));
#3739 = CARTESIAN_POINT('',(38.872054638324,-10.49631555054));
#3740 = CARTESIAN_POINT('',(38.847386207496,-10.52178690288));
#3741 = CARTESIAN_POINT('',(38.823994772643,-10.54851528419));
#3742 = CARTESIAN_POINT('',(38.801904121388,-10.57641526608));
#3743 = CARTESIAN_POINT('',(38.781120203275,-10.60539215254));
#3744 = CARTESIAN_POINT('',(38.751855248335,-10.6503775086));
#3745 = CARTESIAN_POINT('',(38.742402505675,-10.66565667109));
#3746 = CARTESIAN_POINT('',(38.733274593483,-10.68117044853));
#3747 = CARTESIAN_POINT('',(38.724469043112,-10.696906883));
#3748 = CARTESIAN_POINT('',(38.715982562492,-10.71285423664));
#3749 = CARTESIAN_POINT('',(38.707811036128,-10.72900099162));
#3750 = CARTESIAN_POINT('',(38.685053167197,-10.77628790219));
#3751 = CARTESIAN_POINT('',(38.671270577985,-10.80791490788));
#3752 = CARTESIAN_POINT('',(38.658568368999,-10.84014216818));
#3753 = CARTESIAN_POINT('',(38.646906690783,-10.87289997713));
#3754 = CARTESIAN_POINT('',(38.636241588797,-10.90612483536));
#3755 = CARTESIAN_POINT('',(38.626527359315,-10.93976066369));
#3756 = CARTESIAN_POINT('',(38.585674608671,-11.09744634739));
#3757 = CARTESIAN_POINT('',(38.565688031371,-11.22566684959));
#3758 = CARTESIAN_POINT('',(38.555352525626,-11.35659284797));
#3759 = CARTESIAN_POINT('',(38.552877439457,-11.48893083497));
#3760 = CARTESIAN_POINT('',(38.556840935349,-11.62186568766));
#3761 = CARTESIAN_POINT('',(38.566196345435,-11.75506596158));
#3762 = CARTESIAN_POINT('',(38.580223097805,-11.88866933466));
#3763 = ( GEOMETRIC_REPRESENTATION_CONTEXT(2) 
PARAMETRIC_REPRESENTATION_CONTEXT() REPRESENTATION_CONTEXT('2D SPACE',''
  ) );
#3764 = PCURVE('',#3765,#3772);
#3765 = SURFACE_OF_LINEAR_EXTRUSION('',#3766,#3770);
#3766 = B_SPLINE_CURVE_WITH_KNOTS('',2,(#3767,#3768,#3769),
  .UNSPECIFIED.,.F.,.F.,(3,3),(0.,1.),.PIECEWISE_BEZIER_KNOTS.);
#3767 = CARTESIAN_POINT('',(10.274976334702,-18.85200541178,3.4));
#3768 = CARTESIAN_POINT('',(10.274976334702,-17.30399759928,3.4));
#3769 = CARTESIAN_POINT('',(11.322984147202,-17.30399759928,3.4));
#3770 = VECTOR('',#3771,1.);
#3771 = DIRECTION('',(-0.,-0.,-1.));
#3772 = DEFINITIONAL_REPRESENTATION('',(#3773),#3818);
#3773 = B_SPLINE_CURVE_WITH_KNOTS('',7,(#3774,#3775,#3776,#3777,#3778,
    #3779,#3780,#3781,#3782,#3783,#3784,#3785,#3786,#3787,#3788,#3789,
    #3790,#3791,#3792,#3793,#3794,#3795,#3796,#3797,#3798,#3799,#3800,
    #3801,#3802,#3803,#3804,#3805,#3806,#3807,#3808,#3809,#3810,#3811,
    #3812,#3813,#3814,#3815,#3816,#3817),.UNSPECIFIED.,.F.,.F.,(8,6,6,6,
    6,6,6,8),(0.,0.107831593169,0.165866115028,0.282040733734,
    0.403475246322,0.46441903504,0.579898169464,1.),.UNSPECIFIED.);
#3774 = CARTESIAN_POINT('',(1.,-0.6));
#3775 = CARTESIAN_POINT('',(0.984397621022,-0.6));
#3776 = CARTESIAN_POINT('',(0.968564006036,-0.6));
#3777 = CARTESIAN_POINT('',(0.952498491433,-0.6));
#3778 = CARTESIAN_POINT('',(0.936202881777,-0.6));
#3779 = CARTESIAN_POINT('',(0.919681899769,-0.6));
#3780 = CARTESIAN_POINT('',(0.902943636216,-0.6));
#3781 = CARTESIAN_POINT('',(0.876881004375,-0.6));
#3782 = CARTESIAN_POINT('',(0.867702604267,-0.6));
#3783 = CARTESIAN_POINT('',(0.858466729562,-0.6));
#3784 = CARTESIAN_POINT('',(0.849175679216,-0.6));
#3785 = CARTESIAN_POINT('',(0.839832121261,-0.6));
#3786 = CARTESIAN_POINT('',(0.830439092798,-0.6));
#3787 = CARTESIAN_POINT('',(0.802104643037,-0.6));
#3788 = CARTESIAN_POINT('',(0.783022847889,-0.6));
#3789 = CARTESIAN_POINT('',(0.763784865218,-0.6));
#3790 = CARTESIAN_POINT('',(0.744424350072,-0.6));
#3791 = CARTESIAN_POINT('',(0.724978589215,-0.6));
#3792 = CARTESIAN_POINT('',(0.705488728461,-0.6));
#3793 = CARTESIAN_POINT('',(0.665628904592,-0.6));
#3794 = CARTESIAN_POINT('',(0.645255415292,-0.6));
#3795 = CARTESIAN_POINT('',(0.624931457815,-0.6));
#3796 = CARTESIAN_POINT('',(0.604703936969,-0.6));
#3797 = CARTESIAN_POINT('',(0.58461503529,-0.6));
#3798 = CARTESIAN_POINT('',(0.564702511672,-0.6));
#3799 = CARTESIAN_POINT('',(0.535111989722,-0.6));
#3800 = CARTESIAN_POINT('',(0.525276306228,-0.6));
#3801 = CARTESIAN_POINT('',(0.515496742936,-0.6));
#3802 = CARTESIAN_POINT('',(0.50577664869,-0.6));
#3803 = CARTESIAN_POINT('',(0.496118927755,-0.6));
#3804 = CARTESIAN_POINT('',(0.486526039821,-0.6));
#3805 = CARTESIAN_POINT('',(0.458949615274,-0.6));
#3806 = CARTESIAN_POINT('',(0.441139699317,-0.6));
#3807 = CARTESIAN_POINT('',(0.423583252505,-0.6));
#3808 = CARTESIAN_POINT('',(0.406288574799,-0.6));
#3809 = CARTESIAN_POINT('',(0.389259853855,-0.6));
#3810 = CARTESIAN_POINT('',(0.372497753131,-0.6));
#3811 = CARTESIAN_POINT('',(0.295982782825,-0.6));
#3812 = CARTESIAN_POINT('',(0.239597770972,-0.6));
#3813 = CARTESIAN_POINT('',(0.186462726611,-0.6));
#3814 = CARTESIAN_POINT('',(0.136268348021,-0.6));
#3815 = CARTESIAN_POINT('',(8.869039047649E-02,-0.6));
#3816 = CARTESIAN_POINT('',(4.33905030996E-02,-0.6));
#3817 = CARTESIAN_POINT('',(0.,-0.6));
#3818 = ( GEOMETRIC_REPRESENTATION_CONTEXT(2) 
PARAMETRIC_REPRESENTATION_CONTEXT() REPRESENTATION_CONTEXT('2D SPACE',''
  ) );
#3819 = ORIENTED_EDGE('',*,*,#3820,.F.);
#3820 = EDGE_CURVE('',#3821,#3666,#3823,.T.);
#3821 = VERTEX_POINT('',#3822);
#3822 = CARTESIAN_POINT('',(11.470985449285,-17.31199890136,4.));
#3823 = SURFACE_CURVE('',#3824,(#3830,#3839),.PCURVE_S1.);
#3824 = B_SPLINE_CURVE_WITH_KNOTS('',4,(#3825,#3826,#3827,#3828,#3829),
  .UNSPECIFIED.,.F.,.F.,(5,5),(0.,1.),.PIECEWISE_BEZIER_KNOTS.);
#3825 = CARTESIAN_POINT('',(11.470985449285,-17.31199890136,4.));
#3826 = CARTESIAN_POINT('',(11.434968410473,-17.30799628443,4.));
#3827 = CARTESIAN_POINT('',(11.398293950759,-17.30532970178,4.));
#3828 = CARTESIAN_POINT('',(11.360964818384,-17.30399759928,4.));
#3829 = CARTESIAN_POINT('',(11.322984147202,-17.30399759928,4.));
#3830 = PCURVE('',#2511,#3831);
#3831 = DEFINITIONAL_REPRESENTATION('',(#3832),#3838);
#3832 = B_SPLINE_CURVE_WITH_KNOTS('',4,(#3833,#3834,#3835,#3836,#3837),
  .UNSPECIFIED.,.F.,.F.,(5,5),(0.,1.),.PIECEWISE_BEZIER_KNOTS.);
#3833 = CARTESIAN_POINT('',(39.608896263213,-10.23220038745));
#3834 = CARTESIAN_POINT('',(39.572658167168,-10.2319803372));
#3835 = CARTESIAN_POINT('',(39.535905744612,-10.23315766238));
#3836 = CARTESIAN_POINT('',(39.498641566489,-10.23573053039));
#3837 = CARTESIAN_POINT('',(39.460868501265,-10.23969624937));
#3838 = ( GEOMETRIC_REPRESENTATION_CONTEXT(2) 
PARAMETRIC_REPRESENTATION_CONTEXT() REPRESENTATION_CONTEXT('2D SPACE',''
  ) );
#3839 = PCURVE('',#3840,#3847);
#3840 = SURFACE_OF_LINEAR_EXTRUSION('',#3841,#3845);
#3841 = B_SPLINE_CURVE_WITH_KNOTS('',2,(#3842,#3843,#3844),
  .UNSPECIFIED.,.F.,.F.,(3,3),(0.,1.),.PIECEWISE_BEZIER_KNOTS.);
#3842 = CARTESIAN_POINT('',(11.322984147202,-17.30399759928,3.4));
#3843 = CARTESIAN_POINT('',(11.398986751369,-17.30399759928,3.4));
#3844 = CARTESIAN_POINT('',(11.470985449285,-17.31199890136,3.4));
#3845 = VECTOR('',#3846,1.);
#3846 = DIRECTION('',(-0.,-0.,-1.));
#3847 = DEFINITIONAL_REPRESENTATION('',(#3848),#3854);
#3848 = B_SPLINE_CURVE_WITH_KNOTS('',4,(#3849,#3850,#3851,#3852,#3853),
  .UNSPECIFIED.,.F.,.F.,(5,5),(0.,1.),.PIECEWISE_BEZIER_KNOTS.);
#3849 = CARTESIAN_POINT('',(1.,-0.6));
#3850 = CARTESIAN_POINT('',(0.749877151571,-0.6));
#3851 = CARTESIAN_POINT('',(0.49982758872,-0.6));
#3852 = CARTESIAN_POINT('',(0.249864275037,-0.6));
#3853 = CARTESIAN_POINT('',(0.,-0.6));
#3854 = ( GEOMETRIC_REPRESENTATION_CONTEXT(2) 
PARAMETRIC_REPRESENTATION_CONTEXT() REPRESENTATION_CONTEXT('2D SPACE',''
  ) );
#3855 = ORIENTED_EDGE('',*,*,#3856,.F.);
#3856 = EDGE_CURVE('',#3857,#3821,#3859,.T.);
#3857 = VERTEX_POINT('',#3858);
#3858 = CARTESIAN_POINT('',(11.664982845119,-17.36000020345,4.));
#3859 = SURFACE_CURVE('',#3860,(#3867,#3877),.PCURVE_S1.);
#3860 = B_SPLINE_CURVE_WITH_KNOTS('',5,(#3861,#3862,#3863,#3864,#3865,
    #3866),.UNSPECIFIED.,.F.,.F.,(6,6),(0.,1.),
  .PIECEWISE_BEZIER_KNOTS.);
#3861 = CARTESIAN_POINT('',(11.664982845119,-17.36000020345,4.));
#3862 = CARTESIAN_POINT('',(11.616755887241,-17.34418791735,4.));
#3863 = CARTESIAN_POINT('',(11.57308204425,-17.33139258083,4.));
#3864 = CARTESIAN_POINT('',(11.534135624027,-17.32171307775,4.));
#3865 = CARTESIAN_POINT('',(11.500066750311,-17.3152307414,4.));
#3866 = CARTESIAN_POINT('',(11.470985449285,-17.31199890136,4.));
#3867 = PCURVE('',#2511,#3868);
#3868 = DEFINITIONAL_REPRESENTATION('',(#3869),#3876);
#3869 = B_SPLINE_CURVE_WITH_KNOTS('',5,(#3870,#3871,#3872,#3873,#3874,
    #3875),.UNSPECIFIED.,.F.,.F.,(6,6),(0.,1.),
  .PIECEWISE_BEZIER_KNOTS.);
#3870 = CARTESIAN_POINT('',(39.806845265345,-10.25968323932));
#3871 = CARTESIAN_POINT('',(39.757230894406,-10.24899296083));
#3872 = CARTESIAN_POINT('',(39.71245976278,-10.24082773144));
#3873 = CARTESIAN_POINT('',(39.672715550436,-10.23526769427));
#3874 = CARTESIAN_POINT('',(39.63815605287,-10.23237806301));
#3875 = CARTESIAN_POINT('',(39.608896263213,-10.23220038745));
#3876 = ( GEOMETRIC_REPRESENTATION_CONTEXT(2) 
PARAMETRIC_REPRESENTATION_CONTEXT() REPRESENTATION_CONTEXT('2D SPACE',''
  ) );
#3877 = PCURVE('',#3878,#3885);
#3878 = SURFACE_OF_LINEAR_EXTRUSION('',#3879,#3883);
#3879 = B_SPLINE_CURVE_WITH_KNOTS('',2,(#3880,#3881,#3882),
  .UNSPECIFIED.,.F.,.F.,(3,3),(0.,1.),.PIECEWISE_BEZIER_KNOTS.);
#3880 = CARTESIAN_POINT('',(11.470985449285,-17.31199890136,3.4));
#3881 = CARTESIAN_POINT('',(11.542984147202,-17.32000020345,3.4));
#3882 = CARTESIAN_POINT('',(11.664982845119,-17.36000020345,3.4));
#3883 = VECTOR('',#3884,1.);
#3884 = DIRECTION('',(-0.,-0.,-1.));
#3885 = DEFINITIONAL_REPRESENTATION('',(#3886),#3893);
#3886 = B_SPLINE_CURVE_WITH_KNOTS('',5,(#3887,#3888,#3889,#3890,#3891,
    #3892),.UNSPECIFIED.,.F.,.F.,(6,6),(0.,1.),
  .PIECEWISE_BEZIER_KNOTS.);
#3887 = CARTESIAN_POINT('',(1.,-0.6));
#3888 = CARTESIAN_POINT('',(0.802346423769,-0.6));
#3889 = CARTESIAN_POINT('',(0.60333930913,-0.6));
#3890 = CARTESIAN_POINT('',(0.403145016286,-0.6));
#3891 = CARTESIAN_POINT('',(0.201957131635,-0.6));
#3892 = CARTESIAN_POINT('',(0.,-0.6));
#3893 = ( GEOMETRIC_REPRESENTATION_CONTEXT(2) 
PARAMETRIC_REPRESENTATION_CONTEXT() REPRESENTATION_CONTEXT('2D SPACE',''
  ) );
#3894 = ORIENTED_EDGE('',*,*,#3895,.F.);
#3895 = EDGE_CURVE('',#3896,#3857,#3898,.T.);
#3896 = VERTEX_POINT('',#3897);
#3897 = CARTESIAN_POINT('',(11.880978938869,-17.46800150553,4.));
#3898 = SURFACE_CURVE('',#3899,(#3905,#3914),.PCURVE_S1.);
#3899 = B_SPLINE_CURVE_WITH_KNOTS('',4,(#3900,#3901,#3902,#3903,#3904),
  .UNSPECIFIED.,.F.,.F.,(5,5),(0.,1.),.PIECEWISE_BEZIER_KNOTS.);
#3900 = CARTESIAN_POINT('',(11.880978938869,-17.46800150553,4.));
#3901 = CARTESIAN_POINT('',(11.833868899677,-17.43392030596,4.));
#3902 = CARTESIAN_POINT('',(11.782113155031,-17.40455962978,4.));
#3903 = CARTESIAN_POINT('',(11.725778786211,-17.37993351163,4.));
#3904 = CARTESIAN_POINT('',(11.664982845119,-17.36000020345,4.));
#3905 = PCURVE('',#2511,#3906);
#3906 = DEFINITIONAL_REPRESENTATION('',(#3907),#3913);
#3907 = B_SPLINE_CURVE_WITH_KNOTS('',4,(#3908,#3909,#3910,#3911,#3912),
  .UNSPECIFIED.,.F.,.F.,(5,5),(0.,1.),.PIECEWISE_BEZIER_KNOTS.);
#3908 = CARTESIAN_POINT('',(40.032937566598,-10.34454115045));
#3909 = CARTESIAN_POINT('',(39.98252647634,-10.31556519601));
#3910 = CARTESIAN_POINT('',(39.927987963868,-10.29176903945));
#3911 = CARTESIAN_POINT('',(39.869390209204,-10.27315963447));
#3912 = CARTESIAN_POINT('',(39.806845265345,-10.25968323932));
#3913 = ( GEOMETRIC_REPRESENTATION_CONTEXT(2) 
PARAMETRIC_REPRESENTATION_CONTEXT() REPRESENTATION_CONTEXT('2D SPACE',''
  ) );
#3914 = PCURVE('',#3915,#3922);
#3915 = SURFACE_OF_LINEAR_EXTRUSION('',#3916,#3920);
#3916 = B_SPLINE_CURVE_WITH_KNOTS('',2,(#3917,#3918,#3919),
  .UNSPECIFIED.,.F.,.F.,(3,3),(0.,1.),.PIECEWISE_BEZIER_KNOTS.);
#3917 = CARTESIAN_POINT('',(11.664982845119,-17.36000020345,3.4));
#3918 = CARTESIAN_POINT('',(11.786981543035,-17.40000020345,3.4));
#3919 = CARTESIAN_POINT('',(11.880978938869,-17.46800150553,3.4));
#3920 = VECTOR('',#3921,1.);
#3921 = DIRECTION('',(-0.,-0.,-1.));
#3922 = DEFINITIONAL_REPRESENTATION('',(#3923),#3929);
#3923 = B_SPLINE_CURVE_WITH_KNOTS('',4,(#3924,#3925,#3926,#3927,#3928),
  .UNSPECIFIED.,.F.,.F.,(5,5),(0.,1.),.PIECEWISE_BEZIER_KNOTS.);
#3924 = CARTESIAN_POINT('',(1.,-0.6));
#3925 = CARTESIAN_POINT('',(0.749407742766,-0.6));
#3926 = CARTESIAN_POINT('',(0.499046406941,-0.6));
#3927 = CARTESIAN_POINT('',(0.249166352308,-0.6));
#3928 = CARTESIAN_POINT('',(0.,-0.6));
#3929 = ( GEOMETRIC_REPRESENTATION_CONTEXT(2) 
PARAMETRIC_REPRESENTATION_CONTEXT() REPRESENTATION_CONTEXT('2D SPACE',''
  ) );
#3930 = ORIENTED_EDGE('',*,*,#3931,.F.);
#3931 = EDGE_CURVE('',#3932,#3896,#3934,.T.);
#3932 = VERTEX_POINT('',#3933);
#3933 = CARTESIAN_POINT('',(12.060978938869,-17.67600280761,4.));
#3934 = SURFACE_CURVE('',#3935,(#3942,#3952),.PCURVE_S1.);
#3935 = B_SPLINE_CURVE_WITH_KNOTS('',5,(#3936,#3937,#3938,#3939,#3940,
    #3941),.UNSPECIFIED.,.F.,.F.,(6,6),(0.,1.),
  .PIECEWISE_BEZIER_KNOTS.);
#3936 = CARTESIAN_POINT('',(12.060978938869,-17.67600280761,4.));
#3937 = CARTESIAN_POINT('',(12.02705682924,-17.62078244081,4.));
#3938 = CARTESIAN_POINT('',(11.992073365381,-17.57210061026,4.));
#3939 = CARTESIAN_POINT('',(11.956043044169,-17.53025755883,4.));
#3940 = CARTESIAN_POINT('',(11.91899504852,-17.49550380954,4.));
#3941 = CARTESIAN_POINT('',(11.880978938869,-17.46800150553,4.));
#3942 = PCURVE('',#2511,#3943);
#3943 = DEFINITIONAL_REPRESENTATION('',(#3944),#3951);
#3944 = B_SPLINE_CURVE_WITH_KNOTS('',5,(#3945,#3946,#3947,#3948,#3949,
    #3950),.UNSPECIFIED.,.F.,.F.,(6,6),(0.,1.),
  .PIECEWISE_BEZIER_KNOTS.);
#3945 = CARTESIAN_POINT('',(40.233671945802,-10.53261095311));
#3946 = CARTESIAN_POINT('',(40.194169470742,-10.48123437386));
#3947 = CARTESIAN_POINT('',(40.154294158529,-10.43647141099));
#3948 = CARTESIAN_POINT('',(40.114091776401,-10.39861915252));
#3949 = CARTESIAN_POINT('',(40.073617505902,-10.367923705));
#3950 = CARTESIAN_POINT('',(40.032937566598,-10.34454115045));
#3951 = ( GEOMETRIC_REPRESENTATION_CONTEXT(2) 
PARAMETRIC_REPRESENTATION_CONTEXT() REPRESENTATION_CONTEXT('2D SPACE',''
  ) );
#3952 = PCURVE('',#3953,#3960);
#3953 = SURFACE_OF_LINEAR_EXTRUSION('',#3954,#3958);
#3954 = B_SPLINE_CURVE_WITH_KNOTS('',2,(#3955,#3956,#3957),
  .UNSPECIFIED.,.F.,.F.,(3,3),(0.,1.),.PIECEWISE_BEZIER_KNOTS.);
#3955 = CARTESIAN_POINT('',(11.880978938869,-17.46800150553,3.4));
#3956 = CARTESIAN_POINT('',(11.974976334702,-17.53600280761,3.4));
#3957 = CARTESIAN_POINT('',(12.060978938869,-17.67600280761,3.4));
#3958 = VECTOR('',#3959,1.);
#3959 = DIRECTION('',(-0.,-0.,-1.));
#3960 = DEFINITIONAL_REPRESENTATION('',(#3961),#3968);
#3961 = B_SPLINE_CURVE_WITH_KNOTS('',5,(#3962,#3963,#3964,#3965,#3966,
    #3967),.UNSPECIFIED.,.F.,.F.,(6,6),(0.,1.),
  .PIECEWISE_BEZIER_KNOTS.);
#3962 = CARTESIAN_POINT('',(1.,-0.6));
#3963 = CARTESIAN_POINT('',(0.802784404282,-0.6));
#3964 = CARTESIAN_POINT('',(0.603917820741,-0.6));
#3965 = CARTESIAN_POINT('',(0.40363578299,-0.6));
#3966 = CARTESIAN_POINT('',(0.202218951464,-0.6));
#3967 = CARTESIAN_POINT('',(0.,-0.6));
#3968 = ( GEOMETRIC_REPRESENTATION_CONTEXT(2) 
PARAMETRIC_REPRESENTATION_CONTEXT() REPRESENTATION_CONTEXT('2D SPACE',''
  ) );
#3969 = ORIENTED_EDGE('',*,*,#3970,.F.);
#3970 = EDGE_CURVE('',#3971,#3932,#3973,.T.);
#3971 = VERTEX_POINT('',#3972);
#3972 = CARTESIAN_POINT('',(12.174976334702,-18.00799499511,4.));
#3973 = SURFACE_CURVE('',#3974,(#3981,#3991),.PCURVE_S1.);
#3974 = B_SPLINE_CURVE_WITH_KNOTS('',5,(#3975,#3976,#3977,#3978,#3979,
    #3980),.UNSPECIFIED.,.F.,.F.,(6,6),(0.,1.),
  .PIECEWISE_BEZIER_KNOTS.);
#3975 = CARTESIAN_POINT('',(12.174976334702,-18.00799499511,4.));
#3976 = CARTESIAN_POINT('',(12.16390263841,-17.93205004078,4.));
#3977 = CARTESIAN_POINT('',(12.147076399798,-17.86064271356,4.));
#3978 = CARTESIAN_POINT('',(12.124350736418,-17.79403257589,4.));
#3979 = CARTESIAN_POINT('',(12.095646122207,-17.73243604838,4.));
#3980 = CARTESIAN_POINT('',(12.060978938869,-17.67600280761,4.));
#3981 = PCURVE('',#2511,#3982);
#3982 = DEFINITIONAL_REPRESENTATION('',(#3983),#3990);
#3983 = B_SPLINE_CURVE_WITH_KNOTS('',5,(#3984,#3985,#3986,#3987,#3988,
    #3989),.UNSPECIFIED.,.F.,.F.,(6,6),(0.,1.),
  .PIECEWISE_BEZIER_KNOTS.);
#3984 = CARTESIAN_POINT('',(40.381710898557,-10.85088550014));
#3985 = CARTESIAN_POINT('',(40.362768005327,-10.77651191857));
#3986 = CARTESIAN_POINT('',(40.338577806136,-10.70725180776));
#3987 = CARTESIAN_POINT('',(40.309021323397,-10.64337864795));
#3988 = CARTESIAN_POINT('',(40.274042063115,-10.58511598041));
#3989 = CARTESIAN_POINT('',(40.233671945802,-10.53261095311));
#3990 = ( GEOMETRIC_REPRESENTATION_CONTEXT(2) 
PARAMETRIC_REPRESENTATION_CONTEXT() REPRESENTATION_CONTEXT('2D SPACE',''
  ) );
#3991 = PCURVE('',#3992,#3999);
#3992 = SURFACE_OF_LINEAR_EXTRUSION('',#3993,#3997);
#3993 = B_SPLINE_CURVE_WITH_KNOTS('',2,(#3994,#3995,#3996),
  .UNSPECIFIED.,.F.,.F.,(3,3),(0.,1.),.PIECEWISE_BEZIER_KNOTS.);
#3994 = CARTESIAN_POINT('',(12.060978938869,-17.67600280761,3.4));
#3995 = CARTESIAN_POINT('',(12.146981543035,-17.81600280761,3.4));
#3996 = CARTESIAN_POINT('',(12.174976334702,-18.00799499511,3.4));
#3997 = VECTOR('',#3998,1.);
#3998 = DIRECTION('',(-0.,-0.,-1.));
#3999 = DEFINITIONAL_REPRESENTATION('',(#4000),#4007);
#4000 = B_SPLINE_CURVE_WITH_KNOTS('',5,(#4001,#4002,#4003,#4004,#4005,
    #4006),.UNSPECIFIED.,.F.,.F.,(6,6),(0.,1.),
  .PIECEWISE_BEZIER_KNOTS.);
#4001 = CARTESIAN_POINT('',(1.,-0.6));
#4002 = CARTESIAN_POINT('',(0.802218633671,-0.6));
#4003 = CARTESIAN_POINT('',(0.603013035746,-0.6));
#4004 = CARTESIAN_POINT('',(0.402677821085,-0.6));
#4005 = CARTESIAN_POINT('',(0.201547288447,-0.6));
#4006 = CARTESIAN_POINT('',(0.,-0.6));
#4007 = ( GEOMETRIC_REPRESENTATION_CONTEXT(2) 
PARAMETRIC_REPRESENTATION_CONTEXT() REPRESENTATION_CONTEXT('2D SPACE',''
  ) );
#4008 = ORIENTED_EDGE('',*,*,#4009,.F.);
#4009 = EDGE_CURVE('',#4010,#3971,#4012,.T.);
#4010 = VERTEX_POINT('',#4011);
#4011 = CARTESIAN_POINT('',(11.654976334702,-18.00799499511,4.));
#4012 = SURFACE_CURVE('',#4013,(#4017,#4024),.PCURVE_S1.);
#4013 = LINE('',#4014,#4015);
#4014 = CARTESIAN_POINT('',(-7.339021061131,-18.00799499511,4.));
#4015 = VECTOR('',#4016,1.);
#4016 = DIRECTION('',(1.,0.,0.));
#4017 = PCURVE('',#2511,#4018);
#4018 = DEFINITIONAL_REPRESENTATION('',(#4019),#4023);
#4019 = LINE('',#4020,#4021);
#4020 = CARTESIAN_POINT('',(20.97437886687,-12.88842268421));
#4021 = VECTOR('',#4022,1.);
#4022 = DIRECTION('',(0.994533904972,0.104414136312));
#4023 = ( GEOMETRIC_REPRESENTATION_CONTEXT(2) 
PARAMETRIC_REPRESENTATION_CONTEXT() REPRESENTATION_CONTEXT('2D SPACE',''
  ) );
#4024 = PCURVE('',#4025,#4030);
#4025 = PLANE('',#4026);
#4026 = AXIS2_PLACEMENT_3D('',#4027,#4028,#4029);
#4027 = CARTESIAN_POINT('',(12.174976334702,-18.00799499511,3.4));
#4028 = DIRECTION('',(0.,-1.,0.));
#4029 = DIRECTION('',(-1.,0.,0.));
#4030 = DEFINITIONAL_REPRESENTATION('',(#4031),#4035);
#4031 = LINE('',#4032,#4033);
#4032 = CARTESIAN_POINT('',(19.513997395833,-0.6));
#4033 = VECTOR('',#4034,1.);
#4034 = DIRECTION('',(-1.,-0.));
#4035 = ( GEOMETRIC_REPRESENTATION_CONTEXT(2) 
PARAMETRIC_REPRESENTATION_CONTEXT() REPRESENTATION_CONTEXT('2D SPACE',''
  ) );
#4036 = ORIENTED_EDGE('',*,*,#4037,.F.);
#4037 = EDGE_CURVE('',#4038,#4010,#4040,.T.);
#4038 = VERTEX_POINT('',#4039);
#4039 = CARTESIAN_POINT('',(11.520985449285,-17.8140041097,4.));
#4040 = SURFACE_CURVE('',#4041,(#4048,#4058),.PCURVE_S1.);
#4041 = B_SPLINE_CURVE_WITH_KNOTS('',5,(#4042,#4043,#4044,#4045,#4046,
    #4047),.UNSPECIFIED.,.F.,.F.,(6,6),(0.,1.),
  .PIECEWISE_BEZIER_KNOTS.);
#4042 = CARTESIAN_POINT('',(11.520985449285,-17.8140041097,4.));
#4043 = CARTESIAN_POINT('',(11.552484080035,-17.83742630328,4.));
#4044 = CARTESIAN_POINT('',(11.581653866099,-17.86873357187,4.));
#4045 = CARTESIAN_POINT('',(11.608450803669,-17.90778880709,4.));
#4046 = CARTESIAN_POINT('',(11.632879275892,-17.95432483646,4.));
#4047 = CARTESIAN_POINT('',(11.654976334702,-18.00799499511,4.));
#4048 = PCURVE('',#2511,#4049);
#4049 = DEFINITIONAL_REPRESENTATION('',(#4050),#4057);
#4050 = B_SPLINE_CURVE_WITH_KNOTS('',5,(#4051,#4052,#4053,#4054,#4055,
    #4056),.UNSPECIFIED.,.F.,.F.,(6,6),(0.,1.),
  .PIECEWISE_BEZIER_KNOTS.);
#4051 = CARTESIAN_POINT('',(39.711039398714,-10.72624088079));
#4052 = CARTESIAN_POINT('',(39.744811463069,-10.74624614412));
#4053 = CARTESIAN_POINT('',(39.77709072572,-10.77433654619));
#4054 = CARTESIAN_POINT('',(39.807819107337,-10.81038032269));
#4055 = CARTESIAN_POINT('',(39.836973070523,-10.85411130387));
#4056 = CARTESIAN_POINT('',(39.864553267971,-10.90518085102));
#4057 = ( GEOMETRIC_REPRESENTATION_CONTEXT(2) 
PARAMETRIC_REPRESENTATION_CONTEXT() REPRESENTATION_CONTEXT('2D SPACE',''
  ) );
#4058 = PCURVE('',#4059,#4066);
#4059 = SURFACE_OF_LINEAR_EXTRUSION('',#4060,#4064);
#4060 = B_SPLINE_CURVE_WITH_KNOTS('',2,(#4061,#4062,#4063),
  .UNSPECIFIED.,.F.,.F.,(3,3),(0.,1.),.PIECEWISE_BEZIER_KNOTS.);
#4061 = CARTESIAN_POINT('',(11.654976334702,-18.00799499511,3.4));
#4062 = CARTESIAN_POINT('',(11.598986751369,-17.87200541178,3.4));
#4063 = CARTESIAN_POINT('',(11.520985449285,-17.8140041097,3.4));
#4064 = VECTOR('',#4065,1.);
#4065 = DIRECTION('',(-0.,-0.,-1.));
#4066 = DEFINITIONAL_REPRESENTATION('',(#4067),#4074);
#4067 = B_SPLINE_CURVE_WITH_KNOTS('',5,(#4068,#4069,#4070,#4071,#4072,
    #4073),.UNSPECIFIED.,.F.,.F.,(6,6),(0.,1.),
  .PIECEWISE_BEZIER_KNOTS.);
#4068 = CARTESIAN_POINT('',(1.,-0.6));
#4069 = CARTESIAN_POINT('',(0.798089070897,-0.6));
#4070 = CARTESIAN_POINT('',(0.596725604771,-0.6));
#4071 = CARTESIAN_POINT('',(0.396347771718,-0.6));
#4072 = CARTESIAN_POINT('',(0.197331874023,-0.6));
#4073 = CARTESIAN_POINT('',(0.,-0.6));
#4074 = ( GEOMETRIC_REPRESENTATION_CONTEXT(2) 
PARAMETRIC_REPRESENTATION_CONTEXT() REPRESENTATION_CONTEXT('2D SPACE',''
  ) );
#4075 = ORIENTED_EDGE('',*,*,#4076,.F.);
#4076 = EDGE_CURVE('',#4077,#4038,#4079,.T.);
#4077 = VERTEX_POINT('',#4078);
#4078 = CARTESIAN_POINT('',(11.306981543035,-17.75600280761,4.));
#4079 = SURFACE_CURVE('',#4080,(#4087,#4097),.PCURVE_S1.);
#4080 = B_SPLINE_CURVE_WITH_KNOTS('',5,(#4081,#4082,#4083,#4084,#4085,
    #4086),.UNSPECIFIED.,.F.,.F.,(6,6),(0.,1.),
  .PIECEWISE_BEZIER_KNOTS.);
#4081 = CARTESIAN_POINT('',(11.306981543035,-17.75600280761,4.));
#4082 = CARTESIAN_POINT('',(11.36080659954,-17.75600280761,4.));
#4083 = CARTESIAN_POINT('',(11.409346219326,-17.76168076368,4.));
#4084 = CARTESIAN_POINT('',(11.452336252351,-17.77320232209,4.));
#4085 = CARTESIAN_POINT('',(11.489581534969,-17.79065234668,4.));
#4086 = CARTESIAN_POINT('',(11.520985449285,-17.8140041097,4.));
#4087 = PCURVE('',#2511,#4088);
#4088 = DEFINITIONAL_REPRESENTATION('',(#4089),#4096);
#4089 = B_SPLINE_CURVE_WITH_KNOTS('',5,(#4090,#4091,#4092,#4093,#4094,
    #4095),.UNSPECIFIED.,.F.,.F.,(6,6),(0.,1.),
  .PIECEWISE_BEZIER_KNOTS.);
#4090 = CARTESIAN_POINT('',(39.49214910229,-10.69090165238));
#4091 = CARTESIAN_POINT('',(39.545679945921,-10.68528155559));
#4092 = CARTESIAN_POINT('',(39.594547102412,-10.68586025294));
#4093 = CARTESIAN_POINT('',(39.638505161402,-10.69283006624));
#4094 = CARTESIAN_POINT('',(39.677368887012,-10.70629577333));
#4095 = CARTESIAN_POINT('',(39.711039398714,-10.72624088079));
#4096 = ( GEOMETRIC_REPRESENTATION_CONTEXT(2) 
PARAMETRIC_REPRESENTATION_CONTEXT() REPRESENTATION_CONTEXT('2D SPACE',''
  ) );
#4097 = PCURVE('',#4098,#4105);
#4098 = SURFACE_OF_LINEAR_EXTRUSION('',#4099,#4103);
#4099 = B_SPLINE_CURVE_WITH_KNOTS('',2,(#4100,#4101,#4102),
  .UNSPECIFIED.,.F.,.F.,(3,3),(0.,1.),.PIECEWISE_BEZIER_KNOTS.);
#4100 = CARTESIAN_POINT('',(11.520985449285,-17.8140041097,3.4));
#4101 = CARTESIAN_POINT('',(11.442984147202,-17.75600280761,3.4));
#4102 = CARTESIAN_POINT('',(11.306981543035,-17.75600280761,3.4));
#4103 = VECTOR('',#4104,1.);
#4104 = DIRECTION('',(-0.,-0.,-1.));
#4105 = DEFINITIONAL_REPRESENTATION('',(#4106),#4113);
#4106 = B_SPLINE_CURVE_WITH_KNOTS('',5,(#4107,#4108,#4109,#4110,#4111,
    #4112),.UNSPECIFIED.,.F.,.F.,(6,6),(0.,1.),
  .PIECEWISE_BEZIER_KNOTS.);
#4107 = CARTESIAN_POINT('',(1.,-0.6));
#4108 = CARTESIAN_POINT('',(0.802117551961,-0.6));
#4109 = CARTESIAN_POINT('',(0.6027920457,-0.6));
#4110 = CARTESIAN_POINT('',(0.402385620514,-0.6));
#4111 = CARTESIAN_POINT('',(0.201303782612,-0.6));
#4112 = CARTESIAN_POINT('',(0.,-0.6));
#4113 = ( GEOMETRIC_REPRESENTATION_CONTEXT(2) 
PARAMETRIC_REPRESENTATION_CONTEXT() REPRESENTATION_CONTEXT('2D SPACE',''
  ) );
#4114 = ORIENTED_EDGE('',*,*,#4115,.F.);
#4115 = EDGE_CURVE('',#4116,#4077,#4118,.T.);
#4116 = VERTEX_POINT('',#4117);
#4117 = CARTESIAN_POINT('',(11.072984147202,-17.8140041097,4.));
#4118 = SURFACE_CURVE('',#4119,(#4126,#4136),.PCURVE_S1.);
#4119 = B_SPLINE_CURVE_WITH_KNOTS('',5,(#4120,#4121,#4122,#4123,#4124,
    #4125),.UNSPECIFIED.,.F.,.F.,(6,6),(0.,1.),
  .PIECEWISE_BEZIER_KNOTS.);
#4120 = CARTESIAN_POINT('',(11.072984147202,-17.8140041097,4.));
#4121 = CARTESIAN_POINT('',(11.110781949473,-17.79068089177,4.));
#4122 = CARTESIAN_POINT('',(11.153194588526,-17.77324041545,4.));
#4123 = CARTESIAN_POINT('',(11.200137142554,-17.76170353683,4.));
#4124 = CARTESIAN_POINT('',(11.251463450054,-17.75600280761,4.));
#4125 = CARTESIAN_POINT('',(11.306981543035,-17.75600280761,4.));
#4126 = PCURVE('',#2511,#4127);
#4127 = DEFINITIONAL_REPRESENTATION('',(#4128),#4135);
#4128 = B_SPLINE_CURVE_WITH_KNOTS('',5,(#4129,#4130,#4131,#4132,#4133,
    #4134),.UNSPECIFIED.,.F.,.F.,(6,6),(0.,1.),
  .PIECEWISE_BEZIER_KNOTS.);
#4129 = CARTESIAN_POINT('',(39.265486914321,-10.77301854982));
#4130 = CARTESIAN_POINT('',(39.300642836556,-10.74587619394));
#4131 = CARTESIAN_POINT('',(39.341002611823,-10.72410256985));
#4132 = CARTESIAN_POINT('',(39.386483960172,-10.70772728666));
#4133 = CARTESIAN_POINT('',(39.436934476481,-10.69669852611));
#4134 = CARTESIAN_POINT('',(39.49214910229,-10.69090165238));
#4135 = ( GEOMETRIC_REPRESENTATION_CONTEXT(2) 
PARAMETRIC_REPRESENTATION_CONTEXT() REPRESENTATION_CONTEXT('2D SPACE',''
  ) );
#4136 = PCURVE('',#4137,#4144);
#4137 = SURFACE_OF_LINEAR_EXTRUSION('',#4138,#4142);
#4138 = B_SPLINE_CURVE_WITH_KNOTS('',2,(#4139,#4140,#4141),
  .UNSPECIFIED.,.F.,.F.,(3,3),(0.,1.),.PIECEWISE_BEZIER_KNOTS.);
#4139 = CARTESIAN_POINT('',(11.306981543035,-17.75600280761,3.4));
#4140 = CARTESIAN_POINT('',(11.166981543035,-17.75600280761,3.4));
#4141 = CARTESIAN_POINT('',(11.072984147202,-17.8140041097,3.4));
#4142 = VECTOR('',#4143,1.);
#4143 = DIRECTION('',(-0.,-0.,-1.));
#4144 = DEFINITIONAL_REPRESENTATION('',(#4145),#4152);
#4145 = B_SPLINE_CURVE_WITH_KNOTS('',5,(#4146,#4147,#4148,#4149,#4150,
    #4151),.UNSPECIFIED.,.F.,.F.,(6,6),(0.,1.),
  .PIECEWISE_BEZIER_KNOTS.);
#4146 = CARTESIAN_POINT('',(1.,-0.6));
#4147 = CARTESIAN_POINT('',(0.79894229018,-0.6));
#4148 = CARTESIAN_POINT('',(0.598066527717,-0.6));
#4149 = CARTESIAN_POINT('',(0.397735081914,-0.6));
#4150 = CARTESIAN_POINT('',(0.198278903503,-0.6));
#4151 = CARTESIAN_POINT('',(0.,-0.6));
#4152 = ( GEOMETRIC_REPRESENTATION_CONTEXT(2) 
PARAMETRIC_REPRESENTATION_CONTEXT() REPRESENTATION_CONTEXT('2D SPACE',''
  ) );
#4153 = ORIENTED_EDGE('',*,*,#4154,.F.);
#4154 = EDGE_CURVE('',#4155,#4116,#4157,.T.);
#4155 = VERTEX_POINT('',#4156);
#4156 = CARTESIAN_POINT('',(10.930985449285,-17.99600280761,4.));
#4157 = SURFACE_CURVE('',#4158,(#4165,#4175),.PCURVE_S1.);
#4158 = B_SPLINE_CURVE_WITH_KNOTS('',5,(#4159,#4160,#4161,#4162,#4163,
    #4164),.UNSPECIFIED.,.F.,.F.,(6,6),(0.,1.),
  .PIECEWISE_BEZIER_KNOTS.);
#4159 = CARTESIAN_POINT('',(10.930985449285,-17.99600280761,4.));
#4160 = CARTESIAN_POINT('',(10.950048330167,-17.94675940204,4.));
#4161 = CARTESIAN_POINT('',(10.973751187104,-17.90374726522,4.));
#4162 = CARTESIAN_POINT('',(11.002159013713,-17.86720431605,4.));
#4163 = CARTESIAN_POINT('',(11.035266623156,-17.83727779177,4.));
#4164 = CARTESIAN_POINT('',(11.072984147202,-17.8140041097,4.));
#4165 = PCURVE('',#2511,#4166);
#4166 = DEFINITIONAL_REPRESENTATION('',(#4167),#4174);
#4167 = B_SPLINE_CURVE_WITH_KNOTS('',5,(#4168,#4169,#4170,#4171,#4172,
    #4173),.UNSPECIFIED.,.F.,.F.,(6,6),(0.,1.),
  .PIECEWISE_BEZIER_KNOTS.);
#4168 = CARTESIAN_POINT('',(39.143267631634,-10.96884909696));
#4169 = CARTESIAN_POINT('',(39.157084605336,-10.91788442628));
#4170 = CARTESIAN_POINT('',(39.176166825087,-10.87263248455));
#4171 = CARTESIAN_POINT('',(39.200603771341,-10.83332310393));
#4172 = CARTESIAN_POINT('',(39.230405659258,-10.80010325843));
#4173 = CARTESIAN_POINT('',(39.265486914321,-10.77301854982));
#4174 = ( GEOMETRIC_REPRESENTATION_CONTEXT(2) 
PARAMETRIC_REPRESENTATION_CONTEXT() REPRESENTATION_CONTEXT('2D SPACE',''
  ) );
#4175 = PCURVE('',#4176,#4183);
#4176 = SURFACE_OF_LINEAR_EXTRUSION('',#4177,#4181);
#4177 = B_SPLINE_CURVE_WITH_KNOTS('',2,(#4178,#4179,#4180),
  .UNSPECIFIED.,.F.,.F.,(3,3),(0.,1.),.PIECEWISE_BEZIER_KNOTS.);
#4178 = CARTESIAN_POINT('',(11.072984147202,-17.8140041097,3.4));
#4179 = CARTESIAN_POINT('',(10.978986751369,-17.87200541178,3.4));
#4180 = CARTESIAN_POINT('',(10.930985449285,-17.99600280761,3.4));
#4181 = VECTOR('',#4182,1.);
#4182 = DIRECTION('',(-0.,-0.,-1.));
#4183 = DEFINITIONAL_REPRESENTATION('',(#4184),#4191);
#4184 = B_SPLINE_CURVE_WITH_KNOTS('',5,(#4185,#4186,#4187,#4188,#4189,
    #4190),.UNSPECIFIED.,.F.,.F.,(6,6),(0.,1.),
  .PIECEWISE_BEZIER_KNOTS.);
#4185 = CARTESIAN_POINT('',(1.,-0.6));
#4186 = CARTESIAN_POINT('',(0.801433710599,-0.6));
#4187 = CARTESIAN_POINT('',(0.601762381044,-0.6));
#4188 = CARTESIAN_POINT('',(0.401361041985,-0.6));
#4189 = CARTESIAN_POINT('',(0.200630686155,-0.6));
#4190 = CARTESIAN_POINT('',(0.,-0.6));
#4191 = ( GEOMETRIC_REPRESENTATION_CONTEXT(2) 
PARAMETRIC_REPRESENTATION_CONTEXT() REPRESENTATION_CONTEXT('2D SPACE',''
  ) );
#4192 = ORIENTED_EDGE('',*,*,#4193,.F.);
#4193 = EDGE_CURVE('',#4194,#4155,#4196,.T.);
#4194 = VERTEX_POINT('',#4195);
#4195 = CARTESIAN_POINT('',(10.862984147202,-18.25199890136,4.));
#4196 = SURFACE_CURVE('',#4197,(#4203,#4212),.PCURVE_S1.);
#4197 = B_SPLINE_CURVE_WITH_KNOTS('',4,(#4198,#4199,#4200,#4201,#4202),
  .UNSPECIFIED.,.F.,.F.,(5,5),(0.,1.),.PIECEWISE_BEZIER_KNOTS.);
#4198 = CARTESIAN_POINT('',(10.862984147202,-18.25199890136,4.));
#4199 = CARTESIAN_POINT('',(10.872980160733,-18.18602586284,4.));
#4200 = CARTESIAN_POINT('',(10.88764551046,-18.12134455343,4.));
#4201 = CARTESIAN_POINT('',(10.906987905861,-18.0579934779,4.));
#4202 = CARTESIAN_POINT('',(10.930985449285,-17.99600280761,4.));
#4203 = PCURVE('',#2511,#4204);
#4204 = DEFINITIONAL_REPRESENTATION('',(#4205),#4211);
#4205 = B_SPLINE_CURVE_WITH_KNOTS('',4,(#4206,#4207,#4208,#4209,#4210),
  .UNSPECIFIED.,.F.,.F.,(5,5),(0.,1.),.PIECEWISE_BEZIER_KNOTS.);
#4206 = CARTESIAN_POINT('',(39.102367642158,-11.23054618896));
#4207 = CARTESIAN_POINT('',(39.105420498691,-11.16389004021));
#4208 = CARTESIAN_POINT('',(39.113252043167,-11.09803101516));
#4209 = CARTESIAN_POINT('',(39.12587396336,-11.03300660312));
#4210 = CARTESIAN_POINT('',(39.143267631634,-10.96884909696));
#4211 = ( GEOMETRIC_REPRESENTATION_CONTEXT(2) 
PARAMETRIC_REPRESENTATION_CONTEXT() REPRESENTATION_CONTEXT('2D SPACE',''
  ) );
#4212 = PCURVE('',#4213,#4220);
#4213 = SURFACE_OF_LINEAR_EXTRUSION('',#4214,#4218);
#4214 = B_SPLINE_CURVE_WITH_KNOTS('',2,(#4215,#4216,#4217),
  .UNSPECIFIED.,.F.,.F.,(3,3),(0.,1.),.PIECEWISE_BEZIER_KNOTS.);
#4215 = CARTESIAN_POINT('',(10.930985449285,-17.99600280761,3.4));
#4216 = CARTESIAN_POINT('',(10.882984147202,-18.12000020345,3.4));
#4217 = CARTESIAN_POINT('',(10.862984147202,-18.25199890136,3.4));
#4218 = VECTOR('',#4219,1.);
#4219 = DIRECTION('',(-0.,-0.,-1.));
#4220 = DEFINITIONAL_REPRESENTATION('',(#4221),#4227);
#4221 = B_SPLINE_CURVE_WITH_KNOTS('',4,(#4222,#4223,#4224,#4225,#4226),
  .UNSPECIFIED.,.F.,.F.,(5,5),(0.,1.),.PIECEWISE_BEZIER_KNOTS.);
#4222 = CARTESIAN_POINT('',(1.,-0.6));
#4223 = CARTESIAN_POINT('',(0.750099661732,-0.6));
#4224 = CARTESIAN_POINT('',(0.500044937766,-0.6));
#4225 = CARTESIAN_POINT('',(0.249967629859,-0.6));
#4226 = CARTESIAN_POINT('',(0.,-0.6));
#4227 = ( GEOMETRIC_REPRESENTATION_CONTEXT(2) 
PARAMETRIC_REPRESENTATION_CONTEXT() REPRESENTATION_CONTEXT('2D SPACE',''
  ) );
#4228 = ORIENTED_EDGE('',*,*,#4229,.F.);
#4229 = EDGE_CURVE('',#4230,#4194,#4232,.T.);
#4230 = VERTEX_POINT('',#4231);
#4231 = CARTESIAN_POINT('',(10.834976334702,-18.58399759928,4.));
#4232 = SURFACE_CURVE('',#4233,(#4240,#4250),.PCURVE_S1.);
#4233 = B_SPLINE_CURVE_WITH_KNOTS('',5,(#4234,#4235,#4236,#4237,#4238,
    #4239),.UNSPECIFIED.,.F.,.F.,(6,6),(0.,1.),
  .PIECEWISE_BEZIER_KNOTS.);
#4234 = CARTESIAN_POINT('',(10.834976334702,-18.58399759928,4.));
#4235 = CARTESIAN_POINT('',(10.838112769609,-18.50566322501,4.));
#4236 = CARTESIAN_POINT('',(10.842434775192,-18.43295572703,4.));
#4237 = CARTESIAN_POINT('',(10.847992750814,-18.36622142031,4.));
#4238 = CARTESIAN_POINT('',(10.854831935711,-18.30580296646,4.));
#4239 = CARTESIAN_POINT('',(10.862984147202,-18.25199890136,4.));
#4240 = PCURVE('',#2511,#4241);
#4241 = DEFINITIONAL_REPRESENTATION('',(#4242),#4249);
#4242 = B_SPLINE_CURVE_WITH_KNOTS('',5,(#4243,#4244,#4245,#4246,#4247,
    #4248),.UNSPECIFIED.,.F.,.F.,(6,6),(0.,1.),
  .PIECEWISE_BEZIER_KNOTS.);
#4243 = CARTESIAN_POINT('',(39.109178280322,-11.56365456199));
#4244 = CARTESIAN_POINT('',(39.104118355145,-11.48542088272));
#4245 = CARTESIAN_POINT('',(39.10082504563,-11.41265953235));
#4246 = CARTESIAN_POINT('',(39.09938463583,-11.34570967047));
#4247 = CARTESIAN_POINT('',(39.099877896416,-11.28490736204));
#4248 = CARTESIAN_POINT('',(39.102367642158,-11.23054618896));
#4249 = ( GEOMETRIC_REPRESENTATION_CONTEXT(2) 
PARAMETRIC_REPRESENTATION_CONTEXT() REPRESENTATION_CONTEXT('2D SPACE',''
  ) );
#4250 = PCURVE('',#4251,#4258);
#4251 = SURFACE_OF_LINEAR_EXTRUSION('',#4252,#4256);
#4252 = B_SPLINE_CURVE_WITH_KNOTS('',2,(#4253,#4254,#4255),
  .UNSPECIFIED.,.F.,.F.,(3,3),(0.,1.),.PIECEWISE_BEZIER_KNOTS.);
#4253 = CARTESIAN_POINT('',(10.862984147202,-18.25199890136,3.4));
#4254 = CARTESIAN_POINT('',(10.842984147202,-18.38399759928,3.4));
#4255 = CARTESIAN_POINT('',(10.834976334702,-18.58399759928,3.4));
#4256 = VECTOR('',#4257,1.);
#4257 = DIRECTION('',(-0.,-0.,-1.));
#4258 = DEFINITIONAL_REPRESENTATION('',(#4259),#4266);
#4259 = B_SPLINE_CURVE_WITH_KNOTS('',5,(#4260,#4261,#4262,#4263,#4264,
    #4265),.UNSPECIFIED.,.F.,.F.,(6,6),(0.,1.),
  .PIECEWISE_BEZIER_KNOTS.);
#4260 = CARTESIAN_POINT('',(1.,-0.6));
#4261 = CARTESIAN_POINT('',(0.804164064337,-0.6));
#4262 = CARTESIAN_POINT('',(0.606095392151,-0.6));
#4263 = CARTESIAN_POINT('',(0.405917302649,-0.6));
#4264 = CARTESIAN_POINT('',(0.203805287282,-0.6));
#4265 = CARTESIAN_POINT('',(0.,-0.6));
#4266 = ( GEOMETRIC_REPRESENTATION_CONTEXT(2) 
PARAMETRIC_REPRESENTATION_CONTEXT() REPRESENTATION_CONTEXT('2D SPACE',''
  ) );
#4267 = ORIENTED_EDGE('',*,*,#4268,.F.);
#4268 = EDGE_CURVE('',#4269,#4230,#4271,.T.);
#4269 = VERTEX_POINT('',#4270);
#4270 = CARTESIAN_POINT('',(11.094982845119,-18.39000020345,4.));
#4271 = SURFACE_CURVE('',#4272,(#4279,#4289),.PCURVE_S1.);
#4272 = B_SPLINE_CURVE_WITH_KNOTS('',5,(#4273,#4274,#4275,#4276,#4277,
    #4278),.UNSPECIFIED.,.F.,.F.,(6,6),(0.,1.),
  .PIECEWISE_BEZIER_KNOTS.);
#4273 = CARTESIAN_POINT('',(11.094982845119,-18.39000020345,4.));
#4274 = CARTESIAN_POINT('',(11.0431176286,-18.41349928024,4.));
#4275 = CARTESIAN_POINT('',(10.991086196663,-18.44489218872,4.));
#4276 = CARTESIAN_POINT('',(10.938992476766,-18.48398411387,4.));
#4277 = CARTESIAN_POINT('',(10.88692892281,-18.53047177734,4.));
#4278 = CARTESIAN_POINT('',(10.834976334702,-18.58399759928,4.));
#4279 = PCURVE('',#2511,#4280);
#4280 = DEFINITIONAL_REPRESENTATION('',(#4281),#4288);
#4281 = B_SPLINE_CURVE_WITH_KNOTS('',5,(#4282,#4283,#4284,#4285,#4286,
    #4287),.UNSPECIFIED.,.F.,.F.,(6,6),(0.,1.),
  .PIECEWISE_BEZIER_KNOTS.);
#4282 = CARTESIAN_POINT('',(39.347507499912,-11.34356921914));
#4283 = CARTESIAN_POINT('',(39.298379419402,-11.37235530953));
#4284 = CARTESIAN_POINT('',(39.249910259643,-11.40900943842));
#4285 = CARTESIAN_POINT('',(39.202183038571,-11.45332700416));
#4286 = CARTESIAN_POINT('',(39.155258038178,-11.50499673267));
#4287 = CARTESIAN_POINT('',(39.109178280322,-11.56365456199));
#4288 = ( GEOMETRIC_REPRESENTATION_CONTEXT(2) 
PARAMETRIC_REPRESENTATION_CONTEXT() REPRESENTATION_CONTEXT('2D SPACE',''
  ) );
#4289 = PCURVE('',#4290,#4297);
#4290 = SURFACE_OF_LINEAR_EXTRUSION('',#4291,#4295);
#4291 = B_SPLINE_CURVE_WITH_KNOTS('',2,(#4292,#4293,#4294),
  .UNSPECIFIED.,.F.,.F.,(3,3),(0.,1.),.PIECEWISE_BEZIER_KNOTS.);
#4292 = CARTESIAN_POINT('',(10.834976334702,-18.58399759928,3.4));
#4293 = CARTESIAN_POINT('',(10.966981543035,-18.44799499511,3.4));
#4294 = CARTESIAN_POINT('',(11.094982845119,-18.39000020345,3.4));
#4295 = VECTOR('',#4296,1.);
#4296 = DIRECTION('',(-0.,-0.,-1.));
#4297 = DEFINITIONAL_REPRESENTATION('',(#4298),#4305);
#4298 = B_SPLINE_CURVE_WITH_KNOTS('',5,(#4299,#4300,#4301,#4302,#4303,
    #4304),.UNSPECIFIED.,.F.,.F.,(6,6),(0.,1.),
  .PIECEWISE_BEZIER_KNOTS.);
#4299 = CARTESIAN_POINT('',(1.,-0.6));
#4300 = CARTESIAN_POINT('',(0.79740355889,-0.6));
#4301 = CARTESIAN_POINT('',(0.595762734512,-0.6));
#4302 = CARTESIAN_POINT('',(0.395453165681,-0.6));
#4303 = CARTESIAN_POINT('',(0.196782342015,-0.6));
#4304 = CARTESIAN_POINT('',(0.,-0.6));
#4305 = ( GEOMETRIC_REPRESENTATION_CONTEXT(2) 
PARAMETRIC_REPRESENTATION_CONTEXT() REPRESENTATION_CONTEXT('2D SPACE',''
  ) );
#4306 = ORIENTED_EDGE('',*,*,#4307,.F.);
#4307 = EDGE_CURVE('',#4308,#4269,#4310,.T.);
#4308 = VERTEX_POINT('',#4309);
#4309 = CARTESIAN_POINT('',(11.398986751369,-18.33200541178,4.));
#4310 = SURFACE_CURVE('',#4311,(#4318,#4328),.PCURVE_S1.);
#4311 = B_SPLINE_CURVE_WITH_KNOTS('',5,(#4312,#4313,#4314,#4315,#4316,
    #4317),.UNSPECIFIED.,.F.,.F.,(6,6),(0.,1.),
  .PIECEWISE_BEZIER_KNOTS.);
#4312 = CARTESIAN_POINT('',(11.398986751369,-18.33200541178,4.));
#4313 = CARTESIAN_POINT('',(11.329413781745,-18.33200541178,4.));
#4314 = CARTESIAN_POINT('',(11.264010795293,-18.33766927055,4.));
#4315 = CARTESIAN_POINT('',(11.203013877937,-18.34916558889,4.));
#4316 = CARTESIAN_POINT('',(11.146623618735,-18.36660281718,4.));
#4317 = CARTESIAN_POINT('',(11.094982845119,-18.39000020345,4.));
#4318 = PCURVE('',#2511,#4319);
#4319 = DEFINITIONAL_REPRESENTATION('',(#4320),#4327);
#4320 = B_SPLINE_CURVE_WITH_KNOTS('',5,(#4321,#4322,#4323,#4324,#4325,
    #4326),.UNSPECIFIED.,.F.,.F.,(6,6),(0.,1.),
  .PIECEWISE_BEZIER_KNOTS.);
#4321 = CARTESIAN_POINT('',(39.643794215839,-11.25414912721));
#4322 = CARTESIAN_POINT('',(39.574601538678,-11.26141352874));
#4323 = CARTESIAN_POINT('',(39.510147438087,-11.27387542467));
#4324 = CARTESIAN_POINT('',(39.450684313828,-11.29167784348));
#4325 = CARTESIAN_POINT('',(39.396422982274,-11.31490769843));
#4326 = CARTESIAN_POINT('',(39.347507499912,-11.34356921914));
#4327 = ( GEOMETRIC_REPRESENTATION_CONTEXT(2) 
PARAMETRIC_REPRESENTATION_CONTEXT() REPRESENTATION_CONTEXT('2D SPACE',''
  ) );
#4328 = PCURVE('',#4329,#4336);
#4329 = SURFACE_OF_LINEAR_EXTRUSION('',#4330,#4334);
#4330 = B_SPLINE_CURVE_WITH_KNOTS('',2,(#4331,#4332,#4333),
  .UNSPECIFIED.,.F.,.F.,(3,3),(0.,1.),.PIECEWISE_BEZIER_KNOTS.);
#4331 = CARTESIAN_POINT('',(11.094982845119,-18.39000020345,3.4));
#4332 = CARTESIAN_POINT('',(11.222984147202,-18.33200541178,3.4));
#4333 = CARTESIAN_POINT('',(11.398986751369,-18.33200541178,3.4));
#4334 = VECTOR('',#4335,1.);
#4335 = DIRECTION('',(-0.,-0.,-1.));
#4336 = DEFINITIONAL_REPRESENTATION('',(#4337),#4344);
#4337 = B_SPLINE_CURVE_WITH_KNOTS('',5,(#4338,#4339,#4340,#4341,#4342,
    #4343),.UNSPECIFIED.,.F.,.F.,(6,6),(0.,1.),
  .PIECEWISE_BEZIER_KNOTS.);
#4338 = CARTESIAN_POINT('',(1.,-0.6));
#4339 = CARTESIAN_POINT('',(0.802352442586,-0.6));
#4340 = CARTESIAN_POINT('',(0.603233610509,-0.6));
#4341 = CARTESIAN_POINT('',(0.402917755166,-0.6));
#4342 = CARTESIAN_POINT('',(0.201719719941,-0.6));
#4343 = CARTESIAN_POINT('',(0.,-0.6));
#4344 = ( GEOMETRIC_REPRESENTATION_CONTEXT(2) 
PARAMETRIC_REPRESENTATION_CONTEXT() REPRESENTATION_CONTEXT('2D SPACE',''
  ) );
#4345 = ORIENTED_EDGE('',*,*,#4346,.F.);
#4346 = EDGE_CURVE('',#4347,#4308,#4349,.T.);
#4347 = VERTEX_POINT('',#4348);
#4348 = CARTESIAN_POINT('',(11.992984147202,-18.58800150553,4.));
#4349 = SURFACE_CURVE('',#4350,(#4361,#4375),.PCURVE_S1.);
#4350 = B_SPLINE_CURVE_WITH_KNOTS('',5,(#4351,#4352,#4353,#4354,#4355,
    #4356,#4357,#4358,#4359,#4360),.UNSPECIFIED.,.F.,.F.,(6,4,6),(0.,
    0.414439609094,1.),.UNSPECIFIED.);
#4351 = CARTESIAN_POINT('',(11.992984147202,-18.58800150553,4.));
#4352 = CARTESIAN_POINT('',(11.955216635798,-18.5459652647,4.));
#4353 = CARTESIAN_POINT('',(11.914823324662,-18.5078339712,4.));
#4354 = CARTESIAN_POINT('',(11.871823955512,-18.47389554037,4.));
#4355 = CARTESIAN_POINT('',(11.826303193881,-18.44435917712,4.));
#4356 = CARTESIAN_POINT('',(11.710802409299,-18.38392875241,4.));
#4357 = CARTESIAN_POINT('',(11.638466286111,-18.35750054295,4.));
#4358 = CARTESIAN_POINT('',(11.561930544651,-18.34030077434,4.));
#4359 = CARTESIAN_POINT('',(11.481867938971,-18.33200541178,4.));
#4360 = CARTESIAN_POINT('',(11.398986751369,-18.33200541178,4.));
#4361 = PCURVE('',#2511,#4362);
#4362 = DEFINITIONAL_REPRESENTATION('',(#4363),#4374);
#4363 = B_SPLINE_CURVE_WITH_KNOTS('',5,(#4364,#4365,#4366,#4367,#4368,
    #4369,#4370,#4371,#4372,#4373),.UNSPECIFIED.,.F.,.F.,(6,4,6),(0.,
    0.414439609094,1.),.UNSPECIFIED.);
#4364 = CARTESIAN_POINT('',(40.261274376488,-11.44672419693));
#4365 = CARTESIAN_POINT('',(40.219324128111,-11.40886119227));
#4366 = CARTESIAN_POINT('',(40.175170164574,-11.37515596074));
#4367 = CARTESIAN_POINT('',(40.12886218212,-11.34589278259));
#4368 = CARTESIAN_POINT('',(40.080506227439,-11.32127087892));
#4369 = CARTESIAN_POINT('',(39.959326990519,-11.27323068732));
#4370 = CARTESIAN_POINT('',(39.884626784788,-11.25449985078));
#4371 = CARTESIAN_POINT('',(39.806713495979,-11.24538551108));
#4372 = CARTESIAN_POINT('',(39.726222366994,-11.24549515959));
#4373 = CARTESIAN_POINT('',(39.643794215839,-11.25414912721));
#4374 = ( GEOMETRIC_REPRESENTATION_CONTEXT(2) 
PARAMETRIC_REPRESENTATION_CONTEXT() REPRESENTATION_CONTEXT('2D SPACE',''
  ) );
#4375 = PCURVE('',#4376,#4383);
#4376 = SURFACE_OF_LINEAR_EXTRUSION('',#4377,#4381);
#4377 = B_SPLINE_CURVE_WITH_KNOTS('',2,(#4378,#4379,#4380),
  .UNSPECIFIED.,.F.,.F.,(3,3),(0.,1.),.PIECEWISE_BEZIER_KNOTS.);
#4378 = CARTESIAN_POINT('',(11.398986751369,-18.33200541178,3.4));
#4379 = CARTESIAN_POINT('',(11.762984147202,-18.33200541178,3.4));
#4380 = CARTESIAN_POINT('',(11.992984147202,-18.58800150553,3.4));
#4381 = VECTOR('',#4382,1.);
#4382 = DIRECTION('',(-0.,-0.,-1.));
#4383 = DEFINITIONAL_REPRESENTATION('',(#4384),#4395);
#4384 = B_SPLINE_CURVE_WITH_KNOTS('',5,(#4385,#4386,#4387,#4388,#4389,
    #4390,#4391,#4392,#4393,#4394),.UNSPECIFIED.,.F.,.F.,(6,4,6),(0.,
    0.414439609094,1.),.UNSPECIFIED.);
#4385 = CARTESIAN_POINT('',(1.,-0.6));
#4386 = CARTESIAN_POINT('',(0.91789671434,-0.6));
#4387 = CARTESIAN_POINT('',(0.834994230101,-0.6));
#4388 = CARTESIAN_POINT('',(0.751526679154,-0.6));
#4389 = CARTESIAN_POINT('',(0.667760781493,-0.6));
#4390 = CARTESIAN_POINT('',(0.465654661193,-0.6));
#4391 = CARTESIAN_POINT('',(0.347289004862,-0.6));
#4392 = CARTESIAN_POINT('',(0.229789939303,-0.6));
#4393 = CARTESIAN_POINT('',(0.113848599675,-0.6));
#4394 = CARTESIAN_POINT('',(0.,-0.6));
#4395 = ( GEOMETRIC_REPRESENTATION_CONTEXT(2) 
PARAMETRIC_REPRESENTATION_CONTEXT() REPRESENTATION_CONTEXT('2D SPACE',''
  ) );
#4396 = ORIENTED_EDGE('',*,*,#4397,.F.);
#4397 = EDGE_CURVE('',#4398,#4347,#4400,.T.);
#4398 = VERTEX_POINT('',#4399);
#4399 = CARTESIAN_POINT('',(12.222984147202,-19.25200541178,4.));
#4400 = SURFACE_CURVE('',#4401,(#4414,#4430),.PCURVE_S1.);
#4401 = B_SPLINE_CURVE_WITH_KNOTS('',6,(#4402,#4403,#4404,#4405,#4406,
    #4407,#4408,#4409,#4410,#4411,#4412,#4413),.UNSPECIFIED.,.F.,.F.,(7,
    5,7),(0.,0.81915094637,1.),.UNSPECIFIED.);
#4402 = CARTESIAN_POINT('',(12.222984147202,-19.25200541178,4.));
#4403 = CARTESIAN_POINT('',(12.222984147202,-19.14565685282,4.));
#4404 = CARTESIAN_POINT('',(12.213608330009,-19.04297418496,4.));
#4405 = CARTESIAN_POINT('',(12.194020554394,-18.94489978382,4.));
#4406 = CARTESIAN_POINT('',(12.163578306841,-18.85239557308,4.));
#4407 = CARTESIAN_POINT('',(12.122037252345,-18.76633493713,4.));
#4408 = CARTESIAN_POINT('',(12.058312751538,-18.66991759097,4.));
#4409 = CARTESIAN_POINT('',(12.046267869525,-18.65282448871,4.));
#4410 = CARTESIAN_POINT('',(12.033706742048,-18.63608146162,4.));
#4411 = CARTESIAN_POINT('',(12.020634626761,-18.6196938185,4.));
#4412 = CARTESIAN_POINT('',(12.007057918083,-18.6036659854,4.));
#4413 = CARTESIAN_POINT('',(11.992984147202,-18.58800150553,4.));
#4414 = PCURVE('',#2511,#4415);
#4415 = DEFINITIONAL_REPRESENTATION('',(#4416),#4429);
#4416 = B_SPLINE_CURVE_WITH_KNOTS('',6,(#4417,#4418,#4419,#4420,#4421,
    #4422,#4423,#4424,#4425,#4426,#4427,#4428),.UNSPECIFIED.,.F.,.F.,(7,
    5,7),(0.,0.81915094637,1.),.UNSPECIFIED.);
#4417 = CARTESIAN_POINT('',(40.55934856901,-12.08308334337));
#4418 = CARTESIAN_POINT('',(40.548244276079,-11.97731609574));
#4419 = CARTESIAN_POINT('',(40.528198185914,-11.87617366896));
#4420 = CARTESIAN_POINT('',(40.498477125053,-11.78068059249));
#4421 = CARTESIAN_POINT('',(40.458542530448,-11.69186061954));
#4422 = CARTESIAN_POINT('',(40.408242596331,-11.61060787253));
#4423 = CARTESIAN_POINT('',(40.334799085776,-11.52137129146));
#4424 = CARTESIAN_POINT('',(40.321035280724,-11.50562927768));
#4425 = CARTESIAN_POINT('',(40.30679460485,-11.49028932884));
#4426 = CARTESIAN_POINT('',(40.292082841385,-11.47535617577));
#4427 = CARTESIAN_POINT('',(40.276906811937,-11.46083355263));
#4428 = CARTESIAN_POINT('',(40.261274376488,-11.44672419693));
#4429 = ( GEOMETRIC_REPRESENTATION_CONTEXT(2) 
PARAMETRIC_REPRESENTATION_CONTEXT() REPRESENTATION_CONTEXT('2D SPACE',''
  ) );
#4430 = PCURVE('',#4431,#4438);
#4431 = SURFACE_OF_LINEAR_EXTRUSION('',#4432,#4436);
#4432 = B_SPLINE_CURVE_WITH_KNOTS('',2,(#4433,#4434,#4435),
  .UNSPECIFIED.,.F.,.F.,(3,3),(0.,1.),.PIECEWISE_BEZIER_KNOTS.);
#4433 = CARTESIAN_POINT('',(11.992984147202,-18.58800150553,3.4));
#4434 = CARTESIAN_POINT('',(12.222984147202,-18.84399759928,3.4));
#4435 = CARTESIAN_POINT('',(12.222984147202,-19.25200541178,3.4));
#4436 = VECTOR('',#4437,1.);
#4437 = DIRECTION('',(-0.,-0.,-1.));
#4438 = DEFINITIONAL_REPRESENTATION('',(#4439),#4452);
#4439 = B_SPLINE_CURVE_WITH_KNOTS('',6,(#4440,#4441,#4442,#4443,#4444,
    #4445,#4446,#4447,#4448,#4449,#4450,#4451),.UNSPECIFIED.,.F.,.F.,(7,
    5,7),(0.,0.81915094637,1.),.UNSPECIFIED.);
#4440 = CARTESIAN_POINT('',(1.,-0.6));
#4441 = CARTESIAN_POINT('',(0.86967337916,-0.6));
#4442 = CARTESIAN_POINT('',(0.736245373049,-0.6));
#4443 = CARTESIAN_POINT('',(0.600193610669,-0.6));
#4444 = CARTESIAN_POINT('',(0.462176502587,-0.6));
#4445 = CARTESIAN_POINT('',(0.323066456584,-0.6));
#4446 = CARTESIAN_POINT('',(0.153297432694,-0.6));
#4447 = CARTESIAN_POINT('',(0.122594819741,-0.6));
#4448 = CARTESIAN_POINT('',(9.190308641463E-02,-0.6));
#4449 = CARTESIAN_POINT('',(6.123299685814E-02,-0.6));
#4450 = CARTESIAN_POINT('',(3.059515408968E-02,-0.6));
#4451 = CARTESIAN_POINT('',(0.,-0.6));
#4452 = ( GEOMETRIC_REPRESENTATION_CONTEXT(2) 
PARAMETRIC_REPRESENTATION_CONTEXT() REPRESENTATION_CONTEXT('2D SPACE',''
  ) );
#4453 = ORIENTED_EDGE('',*,*,#4454,.F.);
#4454 = EDGE_CURVE('',#4455,#4398,#4457,.T.);
#4455 = VERTEX_POINT('',#4456);
#4456 = CARTESIAN_POINT('',(11.960985449285,-20.0040041097,4.));
#4457 = SURFACE_CURVE('',#4458,(#4471,#4487),.PCURVE_S1.);
#4458 = B_SPLINE_CURVE_WITH_KNOTS('',6,(#4459,#4460,#4461,#4462,#4463,
    #4464,#4465,#4466,#4467,#4468,#4469,#4470),.UNSPECIFIED.,.F.,.F.,(7,
    5,7),(0.,0.176257213458,1.),.UNSPECIFIED.);
#4459 = CARTESIAN_POINT('',(11.960985449285,-20.0040041097,4.));
#4460 = CARTESIAN_POINT('',(11.976663090698,-19.98677050825,4.));
#4461 = CARTESIAN_POINT('',(11.99180306834,-19.9691311023,4.));
#4462 = CARTESIAN_POINT('',(12.006395818949,-19.95109033277,4.));
#4463 = CARTESIAN_POINT('',(12.020433189048,-19.93265378159,4.));
#4464 = CARTESIAN_POINT('',(12.033908434943,-19.91382817181,4.));
#4465 = CARTESIAN_POINT('',(12.107141113066,-19.80485785551,4.));
#4466 = CARTESIAN_POINT('',(12.155096165549,-19.70673276611,4.));
#4467 = CARTESIAN_POINT('',(12.19004868092,-19.60114481897,4.));
#4468 = CARTESIAN_POINT('',(12.212377501563,-19.48931293905,4.));
#4469 = CARTESIAN_POINT('',(12.222984147202,-19.37253037164,4.));
#4470 = CARTESIAN_POINT('',(12.222984147202,-19.25200541178,4.));
#4471 = PCURVE('',#2511,#4472);
#4472 = DEFINITIONAL_REPRESENTATION('',(#4473),#4486);
#4473 = B_SPLINE_CURVE_WITH_KNOTS('',6,(#4474,#4475,#4476,#4477,#4478,
    #4479,#4480,#4481,#4482,#4483,#4484,#4485),.UNSPECIFIED.,.F.,.F.,(7,
    5,7),(0.,0.176257213458,1.),.UNSPECIFIED.);
#4474 = CARTESIAN_POINT('',(40.377301275424,-12.8583279127));
#4475 = CARTESIAN_POINT('',(40.391093789748,-12.83955154437));
#4476 = CARTESIAN_POINT('',(40.404309207497,-12.82042772941));
#4477 = CARTESIAN_POINT('',(40.416938481376,-12.80096188298));
#4478 = CARTESIAN_POINT('',(40.428974085308,-12.78116040787));
#4479 = CARTESIAN_POINT('',(40.440410014442,-12.7610306945));
#4480 = CARTESIAN_POINT('',(40.501864354327,-12.64500949346));
#4481 = CARTESIAN_POINT('',(40.539311633476,-12.54241357975));
#4482 = CARTESIAN_POINT('',(40.56304822077,-12.43375324965));
#4483 = CARTESIAN_POINT('',(40.573578160805,-12.3202012089));
#4484 = CARTESIAN_POINT('',(40.571933078598,-12.20294950235));
#4485 = CARTESIAN_POINT('',(40.55934856901,-12.08308334337));
#4486 = ( GEOMETRIC_REPRESENTATION_CONTEXT(2) 
PARAMETRIC_REPRESENTATION_CONTEXT() REPRESENTATION_CONTEXT('2D SPACE',''
  ) );
#4487 = PCURVE('',#4488,#4495);
#4488 = SURFACE_OF_LINEAR_EXTRUSION('',#4489,#4493);
#4489 = B_SPLINE_CURVE_WITH_KNOTS('',2,(#4490,#4491,#4492),
  .UNSPECIFIED.,.F.,.F.,(3,3),(0.,1.),.PIECEWISE_BEZIER_KNOTS.);
#4490 = CARTESIAN_POINT('',(12.222984147202,-19.25200541178,3.4));
#4491 = CARTESIAN_POINT('',(12.222984147202,-19.71600280761,3.4));
#4492 = CARTESIAN_POINT('',(11.960985449285,-20.0040041097,3.4));
#4493 = VECTOR('',#4494,1.);
#4494 = DIRECTION('',(-0.,-0.,-1.));
#4495 = DEFINITIONAL_REPRESENTATION('',(#4496),#4509);
#4496 = B_SPLINE_CURVE_WITH_KNOTS('',6,(#4497,#4498,#4499,#4500,#4501,
    #4502,#4503,#4504,#4505,#4506,#4507,#4508),.UNSPECIFIED.,.F.,.F.,(7,
    5,7),(0.,0.176257213458,1.),.UNSPECIFIED.);
#4497 = CARTESIAN_POINT('',(1.,-0.6));
#4498 = CARTESIAN_POINT('',(0.970080688306,-0.6));
#4499 = CARTESIAN_POINT('',(0.94011328152,-0.6));
#4500 = CARTESIAN_POINT('',(0.910109487637,-0.6));
#4501 = CARTESIAN_POINT('',(0.880081223762,-0.6));
#4502 = CARTESIAN_POINT('',(0.850040616108,-0.6));
#4503 = CARTESIAN_POINT('',(0.679604379663,-0.6));
#4504 = CARTESIAN_POINT('',(0.539152497024,-0.6));
#4505 = CARTESIAN_POINT('',(0.400070795078,-0.6));
#4506 = CARTESIAN_POINT('',(0.263398546709,-0.6));
#4507 = CARTESIAN_POINT('',(0.12987676326,-0.6));
#4508 = CARTESIAN_POINT('',(0.,-0.6));
#4509 = ( GEOMETRIC_REPRESENTATION_CONTEXT(2) 
PARAMETRIC_REPRESENTATION_CONTEXT() REPRESENTATION_CONTEXT('2D SPACE',''
  ) );
#4510 = ORIENTED_EDGE('',*,*,#4511,.F.);
#4511 = EDGE_CURVE('',#4512,#4455,#4514,.T.);
#4512 = VERTEX_POINT('',#4513);
#4513 = CARTESIAN_POINT('',(11.274976334702,-20.29200541178,4.));
#4514 = SURFACE_CURVE('',#4515,(#4526,#4540),.PCURVE_S1.);
#4515 = B_SPLINE_CURVE_WITH_KNOTS('',5,(#4516,#4517,#4518,#4519,#4520,
    #4521,#4522,#4523,#4524,#4525),.UNSPECIFIED.,.F.,.F.,(6,4,6),(0.,
    0.632716842433,1.),.UNSPECIFIED.);
#4516 = CARTESIAN_POINT('',(11.274976334702,-20.29200541178,4.));
#4517 = CARTESIAN_POINT('',(11.378155545183,-20.29200541178,4.));
#4518 = CARTESIAN_POINT('',(11.477891354503,-20.28134600741,4.));
#4519 = CARTESIAN_POINT('',(11.573009654829,-20.25897676031,4.));
#4520 = CARTESIAN_POINT('',(11.662315880139,-20.22425571714,4.));
#4521 = CARTESIAN_POINT('',(11.792881597456,-20.15067142313,4.));
#4522 = CARTESIAN_POINT('',(11.838590896459,-20.11965070968,4.));
#4523 = CARTESIAN_POINT('',(11.881890477361,-20.08472752659,4.));
#4524 = CARTESIAN_POINT('',(11.922696689369,-20.046092917,4.));
#4525 = CARTESIAN_POINT('',(11.960985449285,-20.0040041097,4.));
#4526 = PCURVE('',#2511,#4527);
#4527 = DEFINITIONAL_REPRESENTATION('',(#4528),#4539);
#4528 = B_SPLINE_CURVE_WITH_KNOTS('',5,(#4529,#4530,#4531,#4532,#4533,
    #4534,#4535,#4536,#4537,#4538),.UNSPECIFIED.,.F.,.F.,(6,4,6),(0.,
    0.632716842433,1.),.UNSPECIFIED.);
#4529 = CARTESIAN_POINT('',(39.725113359065,-13.2163840215));
#4530 = CARTESIAN_POINT('',(39.827728582177,-13.20561065336));
#4531 = CARTESIAN_POINT('',(39.925806233584,-13.18459568591));
#4532 = CARTESIAN_POINT('',(40.018068942626,-13.15241701607));
#4533 = CARTESIAN_POINT('',(40.103261643887,-13.10856092903));
#4534 = CARTESIAN_POINT('',(40.225430436082,-13.02174594717));
#4535 = CARTESIAN_POINT('',(40.267650882709,-12.98612209891));
#4536 = CARTESIAN_POINT('',(40.307067309988,-12.94686872091));
#4537 = CARTESIAN_POINT('',(40.343616471971,-12.90418454639));
#4538 = CARTESIAN_POINT('',(40.377301275424,-12.8583279127));
#4539 = ( GEOMETRIC_REPRESENTATION_CONTEXT(2) 
PARAMETRIC_REPRESENTATION_CONTEXT() REPRESENTATION_CONTEXT('2D SPACE',''
  ) );
#4540 = PCURVE('',#4541,#4548);
#4541 = SURFACE_OF_LINEAR_EXTRUSION('',#4542,#4546);
#4542 = B_SPLINE_CURVE_WITH_KNOTS('',2,(#4543,#4544,#4545),
  .UNSPECIFIED.,.F.,.F.,(3,3),(0.,1.),.PIECEWISE_BEZIER_KNOTS.);
#4543 = CARTESIAN_POINT('',(11.960985449285,-20.0040041097,3.4));
#4544 = CARTESIAN_POINT('',(11.698986751369,-20.29200541178,3.4));
#4545 = CARTESIAN_POINT('',(11.274976334702,-20.29200541178,3.4));
#4546 = VECTOR('',#4547,1.);
#4547 = DIRECTION('',(-0.,-0.,-1.));
#4548 = DEFINITIONAL_REPRESENTATION('',(#4549),#4560);
#4549 = B_SPLINE_CURVE_WITH_KNOTS('',5,(#4550,#4551,#4552,#4553,#4554,
    #4555,#4556,#4557,#4558,#4559),.UNSPECIFIED.,.F.,.F.,(6,4,6),(0.,
    0.632716842433,1.),.UNSPECIFIED.);
#4550 = CARTESIAN_POINT('',(1.,-0.6));
#4551 = CARTESIAN_POINT('',(0.87832939189,-0.6));
#4552 = CARTESIAN_POINT('',(0.753648338378,-0.6));
#4553 = CARTESIAN_POINT('',(0.626644553917,-0.6));
#4554 = CARTESIAN_POINT('',(0.498300847827,-0.6));
#4555 = CARTESIAN_POINT('',(0.295523176644,-0.6));
#4556 = CARTESIAN_POINT('',(0.221044306341,-0.6));
#4557 = CARTESIAN_POINT('',(0.146818295466,-0.6));
#4558 = CARTESIAN_POINT('',(7.307051565657E-02,-0.6));
#4559 = CARTESIAN_POINT('',(0.,-0.6));
#4560 = ( GEOMETRIC_REPRESENTATION_CONTEXT(2) 
PARAMETRIC_REPRESENTATION_CONTEXT() REPRESENTATION_CONTEXT('2D SPACE',''
  ) );
#4561 = ORIENTED_EDGE('',*,*,#4562,.F.);
#4562 = EDGE_CURVE('',#4563,#4512,#4565,.T.);
#4563 = VERTEX_POINT('',#4564);
#4564 = CARTESIAN_POINT('',(10.894982845119,-20.22800150553,4.));
#4565 = SURFACE_CURVE('',#4566,(#4573,#4583),.PCURVE_S1.);
#4566 = B_SPLINE_CURVE_WITH_KNOTS('',5,(#4567,#4568,#4569,#4570,#4571,
    #4572),.UNSPECIFIED.,.F.,.F.,(6,6),(0.,1.),
  .PIECEWISE_BEZIER_KNOTS.);
#4567 = CARTESIAN_POINT('',(10.894982845119,-20.22800150553,4.));
#4568 = CARTESIAN_POINT('',(10.962810197629,-20.25384187377,4.));
#4569 = CARTESIAN_POINT('',(11.034920295595,-20.27308614556,4.));
#4570 = CARTESIAN_POINT('',(11.111137810629,-20.28576405488,4.));
#4571 = CARTESIAN_POINT('',(11.191239653256,-20.29200541178,4.));
#4572 = CARTESIAN_POINT('',(11.274976334702,-20.29200541178,4.));
#4573 = PCURVE('',#2511,#4574);
#4574 = DEFINITIONAL_REPRESENTATION('',(#4575),#4582);
#4575 = B_SPLINE_CURVE_WITH_KNOTS('',5,(#4576,#4577,#4578,#4579,#4580,
    #4581),.UNSPECIFIED.,.F.,.F.,(6,6),(0.,1.),
  .PIECEWISE_BEZIER_KNOTS.);
#4576 = CARTESIAN_POINT('',(39.340514037414,-13.19240665871));
#4577 = CARTESIAN_POINT('',(39.410668738902,-13.21102364661));
#4578 = CARTESIAN_POINT('',(39.484394050238,-13.22263341378));
#4579 = CARTESIAN_POINT('',(39.561518706044,-13.22728383844));
#4580 = CARTESIAN_POINT('',(39.641834390278,-13.22512731477));
#4581 = CARTESIAN_POINT('',(39.725113359065,-13.2163840215));
#4582 = ( GEOMETRIC_REPRESENTATION_CONTEXT(2) 
PARAMETRIC_REPRESENTATION_CONTEXT() REPRESENTATION_CONTEXT('2D SPACE',''
  ) );
#4583 = PCURVE('',#4584,#4591);
#4584 = SURFACE_OF_LINEAR_EXTRUSION('',#4585,#4589);
#4585 = B_SPLINE_CURVE_WITH_KNOTS('',2,(#4586,#4587,#4588),
  .UNSPECIFIED.,.F.,.F.,(3,3),(0.,1.),.PIECEWISE_BEZIER_KNOTS.);
#4586 = CARTESIAN_POINT('',(11.274976334702,-20.29200541178,3.4));
#4587 = CARTESIAN_POINT('',(11.062984147202,-20.29200541178,3.4));
#4588 = CARTESIAN_POINT('',(10.894982845119,-20.22800150553,3.4));
#4589 = VECTOR('',#4590,1.);
#4590 = DIRECTION('',(-0.,-0.,-1.));
#4591 = DEFINITIONAL_REPRESENTATION('',(#4592),#4599);
#4592 = B_SPLINE_CURVE_WITH_KNOTS('',5,(#4593,#4594,#4595,#4596,#4597,
    #4598),.UNSPECIFIED.,.F.,.F.,(6,6),(0.,1.),
  .PIECEWISE_BEZIER_KNOTS.);
#4593 = CARTESIAN_POINT('',(1.,-0.6));
#4594 = CARTESIAN_POINT('',(0.798134443992,-0.6));
#4595 = CARTESIAN_POINT('',(0.596860548381,-0.6));
#4596 = CARTESIAN_POINT('',(0.396543637367,-0.6));
#4597 = CARTESIAN_POINT('',(0.197499451355,-0.6));
#4598 = CARTESIAN_POINT('',(0.,-0.6));
#4599 = ( GEOMETRIC_REPRESENTATION_CONTEXT(2) 
PARAMETRIC_REPRESENTATION_CONTEXT() REPRESENTATION_CONTEXT('2D SPACE',''
  ) );
#4600 = ORIENTED_EDGE('',*,*,#4601,.F.);
#4601 = EDGE_CURVE('',#4602,#4563,#4604,.T.);
#4602 = VERTEX_POINT('',#4603);
#4603 = CARTESIAN_POINT('',(10.580978938869,-20.01199890136,4.));
#4604 = SURFACE_CURVE('',#4605,(#4612,#4622),.PCURVE_S1.);
#4605 = B_SPLINE_CURVE_WITH_KNOTS('',5,(#4606,#4607,#4608,#4609,#4610,
    #4611),.UNSPECIFIED.,.F.,.F.,(6,6),(0.,1.),
  .PIECEWISE_BEZIER_KNOTS.);
#4606 = CARTESIAN_POINT('',(10.580978938869,-20.01199890136,4.));
#4607 = CARTESIAN_POINT('',(10.638637729791,-20.07202564673,4.));
#4608 = CARTESIAN_POINT('',(10.69893393423,-20.12398851838,4.));
#4609 = CARTESIAN_POINT('',(10.761827597995,-20.16747618681,4.));
#4610 = CARTESIAN_POINT('',(10.827229434991,-20.20218930731,4.));
#4611 = CARTESIAN_POINT('',(10.894982845119,-20.22800150553,4.));
#4612 = PCURVE('',#2511,#4613);
#4613 = DEFINITIONAL_REPRESENTATION('',(#4614),#4621);
#4614 = B_SPLINE_CURVE_WITH_KNOTS('',5,(#4615,#4616,#4617,#4618,#4619,
    #4620),.UNSPECIFIED.,.F.,.F.,(6,6),(0.,1.),
  .PIECEWISE_BEZIER_KNOTS.);
#4615 = CARTESIAN_POINT('',(39.005672781,-13.01037119197));
#4616 = CARTESIAN_POINT('',(39.069284044265,-13.06404943259));
#4617 = CARTESIAN_POINT('',(39.134676322285,-13.10943249413));
#4618 = CARTESIAN_POINT('',(39.201766930645,-13.14611546725));
#4619 = CARTESIAN_POINT('',(39.270435815482,-13.17380996622));
#4620 = CARTESIAN_POINT('',(39.340514037414,-13.19240665871));
#4621 = ( GEOMETRIC_REPRESENTATION_CONTEXT(2) 
PARAMETRIC_REPRESENTATION_CONTEXT() REPRESENTATION_CONTEXT('2D SPACE',''
  ) );
#4622 = PCURVE('',#4623,#4630);
#4623 = SURFACE_OF_LINEAR_EXTRUSION('',#4624,#4628);
#4624 = B_SPLINE_CURVE_WITH_KNOTS('',2,(#4625,#4626,#4627),
  .UNSPECIFIED.,.F.,.F.,(3,3),(0.,1.),.PIECEWISE_BEZIER_KNOTS.);
#4625 = CARTESIAN_POINT('',(10.894982845119,-20.22800150553,3.4));
#4626 = CARTESIAN_POINT('',(10.726981543035,-20.16399759928,3.4));
#4627 = CARTESIAN_POINT('',(10.580978938869,-20.01199890136,3.4));
#4628 = VECTOR('',#4629,1.);
#4629 = DIRECTION('',(-0.,-0.,-1.));
#4630 = DEFINITIONAL_REPRESENTATION('',(#4631),#4638);
#4631 = B_SPLINE_CURVE_WITH_KNOTS('',5,(#4632,#4633,#4634,#4635,#4636,
    #4637),.UNSPECIFIED.,.F.,.F.,(6,6),(0.,1.),
  .PIECEWISE_BEZIER_KNOTS.);
#4632 = CARTESIAN_POINT('',(1.,-0.6));
#4633 = CARTESIAN_POINT('',(0.802541909265,-0.6));
#4634 = CARTESIAN_POINT('',(0.603395129967,-0.6));
#4635 = CARTESIAN_POINT('',(0.402947664278,-0.6));
#4636 = CARTESIAN_POINT('',(0.201645491099,-0.6));
#4637 = CARTESIAN_POINT('',(0.,-0.6));
#4638 = ( GEOMETRIC_REPRESENTATION_CONTEXT(2) 
PARAMETRIC_REPRESENTATION_CONTEXT() REPRESENTATION_CONTEXT('2D SPACE',''
  ) );
#4639 = ORIENTED_EDGE('',*,*,#4640,.F.);
#4640 = EDGE_CURVE('',#4641,#4602,#4643,.T.);
#4641 = VERTEX_POINT('',#4642);
#4642 = CARTESIAN_POINT('',(10.354976334702,-19.56600280761,4.));
#4643 = SURFACE_CURVE('',#4644,(#4652,#4663),.PCURVE_S1.);
#4644 = B_SPLINE_CURVE_WITH_KNOTS('',6,(#4645,#4646,#4647,#4648,#4649,
    #4650,#4651),.UNSPECIFIED.,.F.,.F.,(7,7),(0.,1.),
  .PIECEWISE_BEZIER_KNOTS.);
#4645 = CARTESIAN_POINT('',(10.354976334702,-19.56600280761,4.));
#4646 = CARTESIAN_POINT('',(10.380511425857,-19.65984343639,4.));
#4647 = CARTESIAN_POINT('',(10.410604261969,-19.74692620542,4.));
#4648 = CARTESIAN_POINT('',(10.44553021103,-19.82645694482,4.));
#4649 = CARTESIAN_POINT('',(10.485516116763,-19.89761552689,4.));
#4650 = CARTESIAN_POINT('',(10.530688370955,-19.95964298015,4.));
#4651 = CARTESIAN_POINT('',(10.580978938869,-20.01199890136,4.));
#4652 = PCURVE('',#2511,#4653);
#4653 = DEFINITIONAL_REPRESENTATION('',(#4654),#4662);
#4654 = B_SPLINE_CURVE_WITH_KNOTS('',6,(#4655,#4656,#4657,#4658,#4659,
    #4660,#4661),.UNSPECIFIED.,.F.,.F.,(7,7),(0.,1.),
  .PIECEWISE_BEZIER_KNOTS.);
#4655 = CARTESIAN_POINT('',(38.734337231617,-12.59041082197));
#4656 = CARTESIAN_POINT('',(38.769531033742,-12.68107228446));
#4657 = CARTESIAN_POINT('',(38.808552051667,-12.7645369333));
#4658 = CARTESIAN_POINT('',(38.851591225637,-12.83998618733));
#4659 = CARTESIAN_POINT('',(38.898788526497,-12.90658071601));
#4660 = CARTESIAN_POINT('',(38.950190407815,-12.96355249941));
#4661 = CARTESIAN_POINT('',(39.005672781,-13.01037119197));
#4662 = ( GEOMETRIC_REPRESENTATION_CONTEXT(2) 
PARAMETRIC_REPRESENTATION_CONTEXT() REPRESENTATION_CONTEXT('2D SPACE',''
  ) );
#4663 = PCURVE('',#4664,#4671);
#4664 = SURFACE_OF_LINEAR_EXTRUSION('',#4665,#4669);
#4665 = B_SPLINE_CURVE_WITH_KNOTS('',2,(#4666,#4667,#4668),
  .UNSPECIFIED.,.F.,.F.,(3,3),(0.,1.),.PIECEWISE_BEZIER_KNOTS.);
#4666 = CARTESIAN_POINT('',(10.580978938869,-20.01199890136,3.4));
#4667 = CARTESIAN_POINT('',(10.434976334702,-19.86000020345,3.4));
#4668 = CARTESIAN_POINT('',(10.354976334702,-19.56600280761,3.4));
#4669 = VECTOR('',#4670,1.);
#4670 = DIRECTION('',(-0.,-0.,-1.));
#4671 = DEFINITIONAL_REPRESENTATION('',(#4672),#4680);
#4672 = B_SPLINE_CURVE_WITH_KNOTS('',6,(#4673,#4674,#4675,#4676,#4677,
    #4678,#4679),.UNSPECIFIED.,.F.,.F.,(7,7),(0.,1.),
  .PIECEWISE_BEZIER_KNOTS.);
#4673 = CARTESIAN_POINT('',(1.,-0.6));
#4674 = CARTESIAN_POINT('',(0.840405680278,-0.6));
#4675 = CARTESIAN_POINT('',(0.677542047302,-0.6));
#4676 = CARTESIAN_POINT('',(0.511625509391,-0.6));
#4677 = CARTESIAN_POINT('',(0.343012306035,-0.6));
#4678 = CARTESIAN_POINT('',(0.172224900374,-0.6));
#4679 = CARTESIAN_POINT('',(0.,-0.6));
#4680 = ( GEOMETRIC_REPRESENTATION_CONTEXT(2) 
PARAMETRIC_REPRESENTATION_CONTEXT() REPRESENTATION_CONTEXT('2D SPACE',''
  ) );
#4681 = ORIENTED_EDGE('',*,*,#4682,.F.);
#4682 = EDGE_CURVE('',#3668,#4641,#4683,.T.);
#4683 = SURFACE_CURVE('',#4684,(#4692,#4703),.PCURVE_S1.);
#4684 = B_SPLINE_CURVE_WITH_KNOTS('',6,(#4685,#4686,#4687,#4688,#4689,
    #4690,#4691),.UNSPECIFIED.,.F.,.F.,(7,7),(0.,1.),
  .PIECEWISE_BEZIER_KNOTS.);
#4685 = CARTESIAN_POINT('',(10.274976334702,-18.85200541178,4.));
#4686 = CARTESIAN_POINT('',(10.274976334702,-18.98426007805,4.));
#4687 = CARTESIAN_POINT('',(10.279735826397,-19.11211549665,4.));
#4688 = CARTESIAN_POINT('',(10.289673081182,-19.23498100612,4.));
#4689 = CARTESIAN_POINT('',(10.305237671514,-19.35213502121,4.));
#4690 = CARTESIAN_POINT('',(10.32688143836,-19.4627549781,4.));
#4691 = CARTESIAN_POINT('',(10.354976334702,-19.56600280761,4.));
#4692 = PCURVE('',#2511,#4693);
#4693 = DEFINITIONAL_REPRESENTATION('',(#4694),#4702);
#4694 = B_SPLINE_CURVE_WITH_KNOTS('',6,(#4695,#4696,#4697,#4698,#4699,
    #4700,#4701),.UNSPECIFIED.,.F.,.F.,(7,7),(0.,1.),
  .PIECEWISE_BEZIER_KNOTS.);
#4695 = CARTESIAN_POINT('',(38.580223097805,-11.88866933466));
#4696 = CARTESIAN_POINT('',(38.594032354557,-12.02020108436));
#4697 = CARTESIAN_POINT('',(38.612115743524,-12.14686067487));
#4698 = CARTESIAN_POINT('',(38.634827576383,-12.26801699992));
#4699 = CARTESIAN_POINT('',(38.662539624487,-12.38290547677));
#4700 = CARTESIAN_POINT('',(38.695615371704,-12.49066085924));
#4701 = CARTESIAN_POINT('',(38.734337231617,-12.59041082197));
#4702 = ( GEOMETRIC_REPRESENTATION_CONTEXT(2) 
PARAMETRIC_REPRESENTATION_CONTEXT() REPRESENTATION_CONTEXT('2D SPACE',''
  ) );
#4703 = PCURVE('',#4704,#4711);
#4704 = SURFACE_OF_LINEAR_EXTRUSION('',#4705,#4709);
#4705 = B_SPLINE_CURVE_WITH_KNOTS('',2,(#4706,#4707,#4708),
  .UNSPECIFIED.,.F.,.F.,(3,3),(0.,1.),.PIECEWISE_BEZIER_KNOTS.);
#4706 = CARTESIAN_POINT('',(10.354976334702,-19.56600280761,3.4));
#4707 = CARTESIAN_POINT('',(10.274976334702,-19.27200541178,3.4));
#4708 = CARTESIAN_POINT('',(10.274976334702,-18.85200541178,3.4));
#4709 = VECTOR('',#4710,1.);
#4710 = DIRECTION('',(-0.,-0.,-1.));
#4711 = DEFINITIONAL_REPRESENTATION('',(#4712),#4720);
#4712 = B_SPLINE_CURVE_WITH_KNOTS('',6,(#4713,#4714,#4715,#4716,#4717,
    #4718,#4719),.UNSPECIFIED.,.F.,.F.,(7,7),(0.,1.),
  .PIECEWISE_BEZIER_KNOTS.);
#4713 = CARTESIAN_POINT('',(1.,-0.6));
#4714 = CARTESIAN_POINT('',(0.842553968721,-0.6));
#4715 = CARTESIAN_POINT('',(0.681420905683,-0.6));
#4716 = CARTESIAN_POINT('',(0.516519704215,-0.6));
#4717 = CARTESIAN_POINT('',(0.347866428591,-0.6));
#4718 = CARTESIAN_POINT('',(0.175593102138,-0.6));
#4719 = CARTESIAN_POINT('',(0.,-0.6));
#4720 = ( GEOMETRIC_REPRESENTATION_CONTEXT(2) 
PARAMETRIC_REPRESENTATION_CONTEXT() REPRESENTATION_CONTEXT('2D SPACE',''
  ) );
#4721 = ADVANCED_FACE('',(#4722),#2457,.T.);
#4722 = FACE_BOUND('',#4723,.T.);
#4723 = EDGE_LOOP('',(#4724,#4759,#4780,#4781));
#4724 = ORIENTED_EDGE('',*,*,#4725,.F.);
#4725 = EDGE_CURVE('',#4726,#2777,#4728,.T.);
#4726 = VERTEX_POINT('',#4727);
#4727 = CARTESIAN_POINT('',(-21.20000022465,-3.125,0.));
#4728 = SURFACE_CURVE('',#4729,(#4737,#4748),.PCURVE_S1.);
#4729 = B_SPLINE_CURVE_WITH_KNOTS('',3,(#4730,#4731,#4732,#4733,#4734,
    #4735,#4736),.UNSPECIFIED.,.F.,.F.,(4,1,1,1,4),(0.,0.3,0.6,0.88,1.),
  .UNSPECIFIED.);
#4730 = CARTESIAN_POINT('',(-21.20000022465,-3.125,0.));
#4731 = CARTESIAN_POINT('',(-21.08530207035,-3.125,0.4));
#4732 = CARTESIAN_POINT('',(-20.85590576174,-3.125,1.2));
#4733 = CARTESIAN_POINT('',(-20.51945784245,-3.125,2.373333333333));
#4734 = CARTESIAN_POINT('',(-20.25182881574,-3.125,3.306666666667));
#4735 = CARTESIAN_POINT('',(-20.09889794333,-3.125,3.84));
#4736 = CARTESIAN_POINT('',(-20.05301868161,-3.125,4.));
#4737 = PCURVE('',#2457,#4738);
#4738 = DEFINITIONAL_REPRESENTATION('',(#4739),#4747);
#4739 = B_SPLINE_CURVE_WITH_KNOTS('',3,(#4740,#4741,#4742,#4743,#4744,
    #4745,#4746),.UNSPECIFIED.,.F.,.F.,(4,1,1,1,4),(0.,0.3,0.6,0.88,1.),
  .UNSPECIFIED.);
#4740 = CARTESIAN_POINT('',(100.,78.799999775347));
#4741 = CARTESIAN_POINT('',(100.4,78.91469792965));
#4742 = CARTESIAN_POINT('',(101.2,79.144094238257));
#4743 = CARTESIAN_POINT('',(102.37333333333,79.480542157548));
#4744 = CARTESIAN_POINT('',(103.30666666666,79.748171184256));
#4745 = CARTESIAN_POINT('',(103.84,79.901102056661));
#4746 = CARTESIAN_POINT('',(104.,79.946981318382));
#4747 = ( GEOMETRIC_REPRESENTATION_CONTEXT(2) 
PARAMETRIC_REPRESENTATION_CONTEXT() REPRESENTATION_CONTEXT('2D SPACE',''
  ) );
#4748 = PCURVE('',#3126,#4749);
#4749 = DEFINITIONAL_REPRESENTATION('',(#4750),#4758);
#4750 = B_SPLINE_CURVE_WITH_KNOTS('',3,(#4751,#4752,#4753,#4754,#4755,
    #4756,#4757),.UNSPECIFIED.,.F.,.F.,(4,1,1,1,4),(0.,0.3,0.6,0.88,1.),
  .UNSPECIFIED.);
#4751 = CARTESIAN_POINT('',(20.685209948898,0.25));
#4752 = CARTESIAN_POINT('',(20.685209948898,0.255));
#4753 = CARTESIAN_POINT('',(20.685209948898,0.265));
#4754 = CARTESIAN_POINT('',(20.685209948898,0.279666666667));
#4755 = CARTESIAN_POINT('',(20.685209948898,0.291333333333));
#4756 = CARTESIAN_POINT('',(20.685209948898,0.298));
#4757 = CARTESIAN_POINT('',(20.685209948898,0.3));
#4758 = ( GEOMETRIC_REPRESENTATION_CONTEXT(2) 
PARAMETRIC_REPRESENTATION_CONTEXT() REPRESENTATION_CONTEXT('2D SPACE',''
  ) );
#4759 = ORIENTED_EDGE('',*,*,#4760,.T.);
#4760 = EDGE_CURVE('',#4726,#2358,#4761,.T.);
#4761 = SURFACE_CURVE('',#4762,(#4766,#4773),.PCURVE_S1.);
#4762 = LINE('',#4763,#4764);
#4763 = CARTESIAN_POINT('',(-64.,-3.125,0.));
#4764 = VECTOR('',#4765,1.);
#4765 = DIRECTION('',(-1.,0.,-0.));
#4766 = PCURVE('',#2457,#4767);
#4767 = DEFINITIONAL_REPRESENTATION('',(#4768),#4772);
#4768 = LINE('',#4769,#4770);
#4769 = CARTESIAN_POINT('',(100.,36.));
#4770 = VECTOR('',#4771,1.);
#4771 = DIRECTION('',(0.,-1.));
#4772 = ( GEOMETRIC_REPRESENTATION_CONTEXT(2) 
PARAMETRIC_REPRESENTATION_CONTEXT() REPRESENTATION_CONTEXT('2D SPACE',''
  ) );
#4773 = PCURVE('',#2399,#4774);
#4774 = DEFINITIONAL_REPRESENTATION('',(#4775),#4779);
#4775 = LINE('',#4776,#4777);
#4776 = CARTESIAN_POINT('',(-35.79016881194,-3.88322564534));
#4777 = VECTOR('',#4778,1.);
#4778 = DIRECTION('',(-0.994533904972,-0.104414136312));
#4779 = ( GEOMETRIC_REPRESENTATION_CONTEXT(2) 
PARAMETRIC_REPRESENTATION_CONTEXT() REPRESENTATION_CONTEXT('2D SPACE',''
  ) );
#4780 = ORIENTED_EDGE('',*,*,#2437,.T.);
#4781 = ORIENTED_EDGE('',*,*,#3335,.F.);
#4782 = ADVANCED_FACE('',(#4783,#5413),#2399,.F.);
#4783 = FACE_BOUND('',#4784,.F.);
#4784 = EDGE_LOOP('',(#4785,#4786,#4787,#4867,#4890,#5412));
#4785 = ORIENTED_EDGE('',*,*,#2357,.F.);
#4786 = ORIENTED_EDGE('',*,*,#2553,.T.);
#4787 = ORIENTED_EDGE('',*,*,#4788,.T.);
#4788 = EDGE_CURVE('',#2554,#4789,#4791,.T.);
#4789 = VERTEX_POINT('',#4790);
#4790 = CARTESIAN_POINT('',(-10.5,-12.92736119146,-4.440892098501E-16));
#4791 = SURFACE_CURVE('',#4792,(#4815,#4841),.PCURVE_S1.);
#4792 = B_SPLINE_CURVE_WITH_KNOTS('',6,(#4793,#4794,#4795,#4796,#4797,
    #4798,#4799,#4800,#4801,#4802,#4803,#4804,#4805,#4806,#4807,#4808,
    #4809,#4810,#4811,#4812,#4813,#4814),.UNSPECIFIED.,.F.,.F.,(7,5,5,5,
    7),(0.,0.250999673207,0.500999675762,0.750999677259,1.),
  .UNSPECIFIED.);
#4793 = CARTESIAN_POINT('',(14.45,-3.,0.));
#4794 = CARTESIAN_POINT('',(14.45,-4.441120384382,0.));
#4795 = CARTESIAN_POINT('',(14.277528395058,-5.882686721196,0.));
#4796 = CARTESIAN_POINT('',(13.932398731766,-7.297887028739,0.));
#4797 = CARTESIAN_POINT('',(13.420291861709,-8.661577977504,0.));
#4798 = CARTESIAN_POINT('',(12.750678824854,-9.949785386604,0.));
#4799 = CARTESIAN_POINT('',(11.13019110494,-12.32639605977,0.));
#4800 = CARTESIAN_POINT('',(10.179951738587,-13.41630142877,0.));
#4801 = CARTESIAN_POINT('',(9.102869940669,-14.38819319592,0.));
#4802 = CARTESIAN_POINT('',(7.917561287783,-15.22468719066,0.));
#4803 = CARTESIAN_POINT('',(6.645084083407,-15.91145522544,0.));
#4804 = CARTESIAN_POINT('',(3.975189669087,-16.966412745,0.));
#4805 = CARTESIAN_POINT('',(2.576959244449,-17.33492355756,0.));
#4806 = CARTESIAN_POINT('',(1.140010275054,-17.53456433898,0.));
#4807 = CARTESIAN_POINT('',(-0.310492627996,-17.56139919023,0.));
#4808 = CARTESIAN_POINT('',(-1.749078940059,-17.41539247581,0.));
#4809 = CARTESIAN_POINT('',(-4.545200513504,-16.79084935489,0.));
#4810 = CARTESIAN_POINT('',(-5.903878441078,-16.31345703539,0.));
#4811 = CARTESIAN_POINT('',(-7.20040436625,-15.67584736201,0.));
#4812 = CARTESIAN_POINT('',(-8.412007348691,-14.88873632529,0.));
#4813 = CARTESIAN_POINT('',(-9.517822279919,-13.96619501117,0.));
#4814 = CARTESIAN_POINT('',(-10.50000595782,-12.92735488996,0.));
#4815 = PCURVE('',#2399,#4816);
#4816 = DEFINITIONAL_REPRESENTATION('',(#4817),#4840);
#4817 = B_SPLINE_CURVE_WITH_KNOTS('',6,(#4818,#4819,#4820,#4821,#4822,
    #4823,#4824,#4825,#4826,#4827,#4828,#4829,#4830,#4831,#4832,#4833,
    #4834,#4835,#4836,#4837,#4838,#4839),.UNSPECIFIED.,.F.,.F.,(7,5,5,5,
    7),(0.,0.250999673207,0.500999675762,0.750999677259,1.),
  .UNSPECIFIED.);
#4818 = CARTESIAN_POINT('',(42.217964266049,4.432380086429));
#4819 = CARTESIAN_POINT('',(42.368437606306,2.999137003015));
#4820 = CARTESIAN_POINT('',(42.34742865154,1.547441931119));
#4821 = CARTESIAN_POINT('',(42.151952417605,0.103940827233));
#4822 = CARTESIAN_POINT('',(41.785033384976,-1.305767253753));
#4823 = CARTESIAN_POINT('',(41.253587580624,-2.656850265645));
#4824 = CARTESIAN_POINT('',(39.890109351367,-5.189671984712));
#4825 = CARTESIAN_POINT('',(39.058865611456,-6.372838250119));
#4826 = CARTESIAN_POINT('',(38.089150484454,-7.451880130178));
#4827 = CARTESIAN_POINT('',(36.997662639293,-8.407564748509));
#4828 = CARTESIAN_POINT('',(35.803849207436,-9.223443452218));
#4829 = CARTESIAN_POINT('',(33.25870116795,-10.55140919304));
#4830 = CARTESIAN_POINT('',(31.9065913419,-11.06390071263));
#4831 = CARTESIAN_POINT('',(30.498342191886,-11.41248802412));
#4832 = CARTESIAN_POINT('',(29.058569813359,-11.59062920137));
#4833 = CARTESIAN_POINT('',(27.612601785802,-11.5956293208));
#4834 = CARTESIAN_POINT('',(24.766552948029,-11.26645463105));
#4835 = CARTESIAN_POINT('',(23.365455176397,-10.93353696566));
#4836 = CARTESIAN_POINT('',(22.009440721789,-10.43478816204));
#4837 = CARTESIAN_POINT('',(20.722274957305,-9.778488028006));
#4838 = CARTESIAN_POINT('',(19.52617816105,-8.976452123349));
#4839 = CARTESIAN_POINT('',(18.440893598442,-8.045844261388));
#4840 = ( GEOMETRIC_REPRESENTATION_CONTEXT(2) 
PARAMETRIC_REPRESENTATION_CONTEXT() REPRESENTATION_CONTEXT('2D SPACE',''
  ) );
#4841 = PCURVE('',#2600,#4842);
#4842 = DEFINITIONAL_REPRESENTATION('',(#4843),#4866);
#4843 = B_SPLINE_CURVE_WITH_KNOTS('',6,(#4844,#4845,#4846,#4847,#4848,
    #4849,#4850,#4851,#4852,#4853,#4854,#4855,#4856,#4857,#4858,#4859,
    #4860,#4861,#4862,#4863,#4864,#4865),.UNSPECIFIED.,.F.,.F.,(7,5,5,5,
    7),(0.,0.250999673207,0.500999675762,0.750999677259,1.),
  .UNSPECIFIED.);
#4844 = CARTESIAN_POINT('',(6.28318530718,0.25));
#4845 = CARTESIAN_POINT('',(6.183453792689,0.25));
#4846 = CARTESIAN_POINT('',(6.083692072071,0.25));
#4847 = CARTESIAN_POINT('',(5.983965612631,0.25));
#4848 = CARTESIAN_POINT('',(5.884239159821,0.25));
#4849 = CARTESIAN_POINT('',(5.784477429908,0.25));
#4850 = CARTESIAN_POINT('',(5.585411608386,0.25));
#4851 = CARTESIAN_POINT('',(5.48604767501,0.25));
#4852 = CARTESIAN_POINT('',(5.386718332013,0.25));
#4853 = CARTESIAN_POINT('',(5.287388988198,0.25));
#4854 = CARTESIAN_POINT('',(5.188025053587,0.25));
#4855 = CARTESIAN_POINT('',(4.9893564377,0.25));
#4856 = CARTESIAN_POINT('',(4.889992503718,0.25));
#4857 = CARTESIAN_POINT('',(4.790663160079,0.25));
#4858 = CARTESIAN_POINT('',(4.691333816499,0.25));
#4859 = CARTESIAN_POINT('',(4.591969882621,0.25));
#4860 = CARTESIAN_POINT('',(4.393698476767,0.25));
#4861 = CARTESIAN_POINT('',(4.2947323307,0.25));
#4862 = CARTESIAN_POINT('',(4.195800099209,0.25));
#4863 = CARTESIAN_POINT('',(4.096867867976,0.25));
#4864 = CARTESIAN_POINT('',(3.997901722504,0.25));
#4865 = CARTESIAN_POINT('',(3.898964625051,0.25));
#4866 = ( GEOMETRIC_REPRESENTATION_CONTEXT(2) 
PARAMETRIC_REPRESENTATION_CONTEXT() REPRESENTATION_CONTEXT('2D SPACE',''
  ) );
#4867 = ORIENTED_EDGE('',*,*,#4868,.F.);
#4868 = EDGE_CURVE('',#4869,#4789,#4871,.T.);
#4869 = VERTEX_POINT('',#4870);
#4870 = CARTESIAN_POINT('',(-10.5,-13.1,0.));
#4871 = SURFACE_CURVE('',#4872,(#4876,#4883),.PCURVE_S1.);
#4872 = LINE('',#4873,#4874);
#4873 = CARTESIAN_POINT('',(-10.5,-8.05,0.));
#4874 = VECTOR('',#4875,1.);
#4875 = DIRECTION('',(-0.,1.,-0.));
#4876 = PCURVE('',#2399,#4877);
#4877 = DEFINITIONAL_REPRESENTATION('',(#4878),#4882);
#4878 = LINE('',#4879,#4880);
#4879 = CARTESIAN_POINT('',(17.931634725379,-3.195148834654));
#4880 = VECTOR('',#4881,1.);
#4881 = DIRECTION('',(-0.104414136312,0.994533904972));
#4882 = ( GEOMETRIC_REPRESENTATION_CONTEXT(2) 
PARAMETRIC_REPRESENTATION_CONTEXT() REPRESENTATION_CONTEXT('2D SPACE',''
  ) );
#4883 = PCURVE('',#2764,#4884);
#4884 = DEFINITIONAL_REPRESENTATION('',(#4885),#4889);
#4885 = LINE('',#4886,#4887);
#4886 = CARTESIAN_POINT('',(5.05,-62.41796615169));
#4887 = VECTOR('',#4888,1.);
#4888 = DIRECTION('',(1.,0.));
#4889 = ( GEOMETRIC_REPRESENTATION_CONTEXT(2) 
PARAMETRIC_REPRESENTATION_CONTEXT() REPRESENTATION_CONTEXT('2D SPACE',''
  ) );
#4890 = ORIENTED_EDGE('',*,*,#4891,.T.);
#4891 = EDGE_CURVE('',#4869,#4726,#4892,.T.);
#4892 = SURFACE_CURVE('',#4893,(#5064,#5238),.PCURVE_S1.);
#4893 = B_SPLINE_CURVE_WITH_KNOTS('',8,(#4894,#4895,#4896,#4897,#4898,
    #4899,#4900,#4901,#4902,#4903,#4904,#4905,#4906,#4907,#4908,#4909,
    #4910,#4911,#4912,#4913,#4914,#4915,#4916,#4917,#4918,#4919,#4920,
    #4921,#4922,#4923,#4924,#4925,#4926,#4927,#4928,#4929,#4930,#4931,
    #4932,#4933,#4934,#4935,#4936,#4937,#4938,#4939,#4940,#4941,#4942,
    #4943,#4944,#4945,#4946,#4947,#4948,#4949,#4950,#4951,#4952,#4953,
    #4954,#4955,#4956,#4957,#4958,#4959,#4960,#4961,#4962,#4963,#4964,
    #4965,#4966,#4967,#4968,#4969,#4970,#4971,#4972,#4973,#4974,#4975,
    #4976,#4977,#4978,#4979,#4980,#4981,#4982,#4983,#4984,#4985,#4986,
    #4987,#4988,#4989,#4990,#4991,#4992,#4993,#4994,#4995,#4996,#4997,
    #4998,#4999,#5000,#5001,#5002,#5003,#5004,#5005,#5006,#5007,#5008,
    #5009,#5010,#5011,#5012,#5013,#5014,#5015,#5016,#5017,#5018,#5019,
    #5020,#5021,#5022,#5023,#5024,#5025,#5026,#5027,#5028,#5029,#5030,
    #5031,#5032,#5033,#5034,#5035,#5036,#5037,#5038,#5039,#5040,#5041,
    #5042,#5043,#5044,#5045,#5046,#5047,#5048,#5049,#5050,#5051,#5052,
    #5053,#5054,#5055,#5056,#5057,#5058,#5059,#5060,#5061,#5062,#5063),
  .UNSPECIFIED.,.F.,.F.,(9,7,7,7,7,7,7,7,7,7,7,7,7,7,7,7,7,7,7,7,7,7,7,7
    ,9),(0.,3.414385910927E-02,7.916187992795E-02,0.113182164103,
    0.131686306013,0.150190448157,0.187321337114,0.228273000274,
    0.242686617308,0.258701749836,0.314195879488,0.324515677582,
    0.360955099795,0.388136075698,0.409131242022,0.42502536046,
    0.471462425521,0.506611922337,0.523428205909,0.541773458801,
    0.609267462475,0.643079238246,0.777935508083,0.911730676988,1.),
  .UNSPECIFIED.);
#4894 = CARTESIAN_POINT('',(-10.5,-13.1,0.));
#4895 = CARTESIAN_POINT('',(-10.61252936617,-13.11201732152,0.));
#4896 = CARTESIAN_POINT('',(-10.72507583894,-13.12442303602,0.));
#4897 = CARTESIAN_POINT('',(-10.83763498566,-13.13717238927,0.));
#4898 = CARTESIAN_POINT('',(-10.95020259854,-13.15022086739,0.));
#4899 = CARTESIAN_POINT('',(-11.06277469462,-13.1635241969,0.));
#4900 = CARTESIAN_POINT('',(-11.17534751585,-13.17703834467,0.));
#4901 = CARTESIAN_POINT('',(-11.28791752899,-13.19071951794,0.));
#4902 = CARTESIAN_POINT('',(-11.54889475614,-13.22272532483,0.));
#4903 = CARTESIAN_POINT('',(-11.69729695699,-13.24114095743,0.));
#4904 = CARTESIAN_POINT('',(-11.84568061659,-13.25967096272,0.));
#4905 = CARTESIAN_POINT('',(-11.99403818224,-13.27821547341,0.));
#4906 = CARTESIAN_POINT('',(-12.14236193874,-13.29667457233,0.));
#4907 = CARTESIAN_POINT('',(-12.29064398699,-13.31494801035,0.));
#4908 = CARTESIAN_POINT('',(-12.43887622257,-13.3329349243,0.));
#4909 = CARTESIAN_POINT('',(-12.69902602128,-13.363832905,0.));
#4910 = CARTESIAN_POINT('',(-12.81096823708,-13.37691041705,0.));
#4911 = CARTESIAN_POINT('',(-12.92287330451,-13.3897222898,0.));
#4912 = CARTESIAN_POINT('',(-13.03473721355,-13.40222427455,0.));
#4913 = CARTESIAN_POINT('',(-13.14655560137,-13.41437167516,0.));
#4914 = CARTESIAN_POINT('',(-13.25832375233,-13.4261193481,0.));
#4915 = CARTESIAN_POINT('',(-13.37003659796,-13.43742170246,0.));
#4916 = CARTESIAN_POINT('',(-13.54241797612,-13.45411296327,0.));
#4917 = CARTESIAN_POINT('',(-13.6030968202,-13.45984174451,0.));
#4918 = CARTESIAN_POINT('',(-13.66372952608,-13.4654304507,0.));
#4919 = CARTESIAN_POINT('',(-13.72432250828,-13.47092574904,0.));
#4920 = CARTESIAN_POINT('',(-13.78487938287,-13.47632771827,0.));
#4921 = CARTESIAN_POINT('',(-13.84540634146,-13.4816800059,0.));
#4922 = CARTESIAN_POINT('',(-13.90590794377,-13.48699765156,0.));
#4923 = CARTESIAN_POINT('',(-14.02687092042,-13.49761903573,0.));
#4924 = CARTESIAN_POINT('',(-14.08733227611,-13.50292235251,0.));
#4925 = CARTESIAN_POINT('',(-14.14777858989,-13.50824300278,0.));
#4926 = CARTESIAN_POINT('',(-14.20821495286,-13.51360569535,0.));
#4927 = CARTESIAN_POINT('',(-14.26864645613,-13.51903513902,0.));
#4928 = CARTESIAN_POINT('',(-14.3290781908,-13.52455604262,0.));
#4929 = CARTESIAN_POINT('',(-14.38951524798,-13.53019311494,0.));
#4930 = CARTESIAN_POINT('',(-14.57125817293,-13.54756524807,0.));
#4931 = CARTESIAN_POINT('',(-14.69254747347,-13.55972213274,0.));
#4932 = CARTESIAN_POINT('',(-14.81384270036,-13.57263764605,0.));
#4933 = CARTESIAN_POINT('',(-14.93515225205,-13.58650624424,0.));
#4934 = CARTESIAN_POINT('',(-15.05648078419,-13.60151942989,0.));
#4935 = CARTESIAN_POINT('',(-15.17782914829,-13.61786426921,0.));
#4936 = CARTESIAN_POINT('',(-15.2991943304,-13.63572190933,0.));
#4937 = CARTESIAN_POINT('',(-15.55443396148,-13.67682138176,0.));
#4938 = CARTESIAN_POINT('',(-15.6883094313,-13.70042794582,0.));
#4939 = CARTESIAN_POINT('',(-15.82218424219,-13.72631822218,0.));
#4940 = CARTESIAN_POINT('',(-15.95603853905,-13.75471289521,0.));
#4941 = CARTESIAN_POINT('',(-16.08984419041,-13.78581745482,0.));
#4942 = CARTESIAN_POINT('',(-16.22356481007,-13.81981875203,0.));
#4943 = CARTESIAN_POINT('',(-16.35715577878,-13.85688155447,0.));
#4944 = CARTESIAN_POINT('',(-16.5375195955,-13.91131652525,0.));
#4945 = CARTESIAN_POINT('',(-16.58455437842,-13.92592228524,0.));
#4946 = CARTESIAN_POINT('',(-16.63165751404,-13.94091442583,0.));
#4947 = CARTESIAN_POINT('',(-16.67881792602,-13.95624372431,0.));
#4948 = CARTESIAN_POINT('',(-16.72602454927,-13.97186023257,0.));
#4949 = CARTESIAN_POINT('',(-16.77326631698,-13.98771381846,0.));
#4950 = CARTESIAN_POINT('',(-16.82053214763,-14.00375470701,0.));
#4951 = CARTESIAN_POINT('',(-16.92034292278,-14.03791104103,0.));
#4952 = CARTESIAN_POINT('',(-16.97289093201,-14.05605860313,0.));
#4953 = CARTESIAN_POINT('',(-17.02543976319,-14.0743086658,0.));
#4954 = CARTESIAN_POINT('',(-17.07797421984,-14.09259318673,0.));
#4955 = CARTESIAN_POINT('',(-17.13047910548,-14.1108441236,0.));
#4956 = CARTESIAN_POINT('',(-17.18293922362,-14.1289934341,0.));
#4957 = CARTESIAN_POINT('',(-17.23533937779,-14.14697307591,0.));
#4958 = CARTESIAN_POINT('',(-17.46897601408,-14.22619267529,0.));
#4959 = CARTESIAN_POINT('',(-17.64987508382,-14.28498233114,0.));
#4960 = CARTESIAN_POINT('',(-17.83104613916,-14.33867492067,0.));
#4961 = CARTESIAN_POINT('',(-18.01263176092,-14.3845161822,0.));
#4962 = CARTESIAN_POINT('',(-18.1942407399,-14.41905829285,0.));
#4963 = CARTESIAN_POINT('',(-18.37496343179,-14.4381686133,0.));
#4964 = CARTESIAN_POINT('',(-18.55338628462,-14.43711629271,0.));
#4965 = CARTESIAN_POINT('',(-18.76005116671,-14.40690884276,0.));
#4966 = CARTESIAN_POINT('',(-18.79226199762,-14.40134770621,0.));
#4967 = CARTESIAN_POINT('',(-18.82426946391,-14.39491901216,0.));
#4968 = CARTESIAN_POINT('',(-18.85606671383,-14.38759179254,0.));
#4969 = CARTESIAN_POINT('',(-18.88764863874,-14.37934714026,0.));
#4970 = CARTESIAN_POINT('',(-18.91901187317,-14.37017820925,0.));
#4971 = CARTESIAN_POINT('',(-18.95015479477,-14.36009021446,0.));
#4972 = CARTESIAN_POINT('',(-19.09026632713,-14.31029528015,0.));
#4973 = CARTESIAN_POINT('',(-19.19613024614,-14.26053943579,0.));
#4974 = CARTESIAN_POINT('',(-19.29830582462,-14.20098770945,0.));
#4975 = CARTESIAN_POINT('',(-19.39661270293,-14.13289282752,0.));
#4976 = CARTESIAN_POINT('',(-19.49099571474,-14.05744877754,0.));
#4977 = CARTESIAN_POINT('',(-19.58149208855,-13.97571471849,0.));
#4978 = CARTESIAN_POINT('',(-19.66821085053,-13.88858294797,0.));
#4979 = CARTESIAN_POINT('',(-19.81329816707,-13.72825747479,0.));
#4980 = CARTESIAN_POINT('',(-19.87325434092,-13.65716673197,0.));
#4981 = CARTESIAN_POINT('',(-19.93123623173,-13.58378847428,0.));
#4982 = CARTESIAN_POINT('',(-19.98729621279,-13.50839766732,0.));
#4983 = CARTESIAN_POINT('',(-20.04148280801,-13.43124051053,0.));
#4984 = CARTESIAN_POINT('',(-20.09384065458,-13.35253698966,0.));
#4985 = CARTESIAN_POINT('',(-20.14441046564,-13.27248342937,0.));
#4986 = CARTESIAN_POINT('',(-20.23093746608,-13.1285125073,0.));
#4987 = CARTESIAN_POINT('',(-20.26759857104,-13.06507308509,0.));
#4988 = CARTESIAN_POINT('',(-20.30322779351,-13.00101989672,0.));
#4989 = CARTESIAN_POINT('',(-20.3378373585,-12.93643198199,0.));
#4990 = CARTESIAN_POINT('',(-20.37143619584,-12.87138518982,0.));
#4991 = CARTESIAN_POINT('',(-20.40402990569,-12.80595306528,0.));
#4992 = CARTESIAN_POINT('',(-20.43562072411,-12.74020773645,0.));
#4993 = CARTESIAN_POINT('',(-20.48936280191,-12.62426624793,0.));
#4994 = CARTESIAN_POINT('',(-20.51194306988,-12.57417116727,0.));
#4995 = CARTESIAN_POINT('',(-20.53394338392,-12.52398589148,0.));
#4996 = CARTESIAN_POINT('',(-20.55536809563,-12.4737081401,0.));
#4997 = CARTESIAN_POINT('',(-20.57622337606,-12.42332901287,0.));
#4998 = CARTESIAN_POINT('',(-20.59651381835,-12.37285377315,0.));
#4999 = CARTESIAN_POINT('',(-20.61624308357,-12.32229742226,0.));
#5000 = CARTESIAN_POINT('',(-20.69144272453,-12.12369577592,0.));
#5001 = CARTESIAN_POINT('',(-20.7427382145,-11.97501764082,0.));
#5002 = CARTESIAN_POINT('',(-20.78945588124,-11.82571495552,0.));
#5003 = CARTESIAN_POINT('',(-20.83179679426,-11.67587058813,0.));
#5004 = CARTESIAN_POINT('',(-20.87000455729,-11.52555562907,0.));
#5005 = CARTESIAN_POINT('',(-20.90435759436,-11.37482904149,0.));
#5006 = CARTESIAN_POINT('',(-20.93516143608,-11.22373731166,0.));
#5007 = CARTESIAN_POINT('',(-20.98361674349,-10.95769768891,0.));
#5008 = CARTESIAN_POINT('',(-21.00264519099,-10.84289098003,0.));
#5009 = CARTESIAN_POINT('',(-21.01996775524,-10.72790665455,0.));
#5010 = CARTESIAN_POINT('',(-21.0357317076,-10.61275393977,0.));
#5011 = CARTESIAN_POINT('',(-21.05008881607,-10.49743859704,0.));
#5012 = CARTESIAN_POINT('',(-21.0631939777,-10.38196291023,0.));
#5013 = CARTESIAN_POINT('',(-21.07520385094,-10.26632567417,0.));
#5014 = CARTESIAN_POINT('',(-21.09157239988,-10.09511927493,0.));
#5015 = CARTESIAN_POINT('',(-21.09665694095,-10.03966092796,0.));
#5016 = CARTESIAN_POINT('',(-21.10153960972,-9.984144669551,0.));
#5017 = CARTESIAN_POINT('',(-21.10626053173,-9.928564823717,0.));
#5018 = CARTESIAN_POINT('',(-21.11081176036,-9.87292373278,0.));
#5019 = CARTESIAN_POINT('',(-21.11517932655,-9.817225486558,0.));
#5020 = CARTESIAN_POINT('',(-21.11938804713,-9.761469351217,0.));
#5021 = CARTESIAN_POINT('',(-21.12784384936,-9.644776541282,0.));
#5022 = CARTESIAN_POINT('',(-21.1320617818,-9.583827688885,0.));
#5023 = CARTESIAN_POINT('',(-21.13609086938,-9.522815658962,0.));
#5024 = CARTESIAN_POINT('',(-21.13993608257,-9.461742577928,0.));
#5025 = CARTESIAN_POINT('',(-21.14360239182,-9.400610572202,0.));
#5026 = CARTESIAN_POINT('',(-21.14709476762,-9.339421768201,0.));
#5027 = CARTESIAN_POINT('',(-21.15041818041,-9.278178292343,0.));
#5028 = CARTESIAN_POINT('',(-21.16520142096,-8.991368133354,0.));
#5029 = CARTESIAN_POINT('',(-21.17459009784,-8.765440459386,0.));
#5030 = CARTESIAN_POINT('',(-21.182003394,-8.53917206729,0.));
#5031 = CARTESIAN_POINT('',(-21.18769626281,-8.312631149854,0.));
#5032 = CARTESIAN_POINT('',(-21.19191968899,-8.085881474235,0.));
#5033 = CARTESIAN_POINT('',(-21.19492152923,-7.858982581685,0.));
#5034 = CARTESIAN_POINT('',(-21.19694735286,-7.631989987282,0.));
#5035 = CARTESIAN_POINT('',(-21.19888948902,-7.29122019094,0.));
#5036 = CARTESIAN_POINT('',(-21.1993540551,-7.17747489597,0.));
#5037 = CARTESIAN_POINT('',(-21.1996656239,-7.063726196808,0.));
#5038 = CARTESIAN_POINT('',(-21.19985482759,-6.949980752193,0.));
#5039 = CARTESIAN_POINT('',(-21.19995228735,-6.836245177541,0.));
#5040 = CARTESIAN_POINT('',(-21.19998861332,-6.722526044945,0.));
#5041 = CARTESIAN_POINT('',(-21.19999440463,-6.608829883177,0.));
#5042 = CARTESIAN_POINT('',(-21.20002356087,-6.041810239016,0.));
#5043 = CARTESIAN_POINT('',(-21.20003317173,-5.588922963831,0.));
#5044 = CARTESIAN_POINT('',(-21.20003242893,-5.136423291734,0.));
#5045 = CARTESIAN_POINT('',(-21.20002492661,-4.684231820564,0.));
#5046 = CARTESIAN_POINT('',(-21.20001436973,-4.232268107618,0.));
#5047 = CARTESIAN_POINT('',(-21.20000443759,-3.780450970879,0.));
#5048 = CARTESIAN_POINT('',(-21.19999864741,-3.328698790231,0.));
#5049 = CARTESIAN_POINT('',(-21.20000177601,-2.428715519037,0.));
#5050 = CARTESIAN_POINT('',(-21.20000424663,-1.704088153947,0.));
#5051 = CARTESIAN_POINT('',(-21.20006276795,-0.96339296528,0.));
#5052 = CARTESIAN_POINT('',(-21.19999759187,-0.374996440628,0.));
#5053 = CARTESIAN_POINT('',(-21.20006515727,-1.369121356885E-02,0.));
#5054 = CARTESIAN_POINT('',(-21.19998227989,0.151033768777,0.));
#5055 = CARTESIAN_POINT('',(-21.20002566597,0.261170927864,0.));
#5056 = CARTESIAN_POINT('',(-21.1999743118,0.786692234584,0.));
#5057 = CARTESIAN_POINT('',(-21.19989782371,0.995670493203,0.));
#5058 = CARTESIAN_POINT('',(-21.19957516139,1.204696046934,0.));
#5059 = CARTESIAN_POINT('',(-21.1988167769,1.413728532986,0.));
#5060 = CARTESIAN_POINT('',(-21.19743295531,1.62272641726,0.));
#5061 = CARTESIAN_POINT('',(-21.1952330965,1.831646835621,0.));
#5062 = CARTESIAN_POINT('',(-21.19202499697,2.040445435171,0.));
#5063 = CARTESIAN_POINT('',(-21.18761413171,2.249076215526,0.));
#5064 = PCURVE('',#2399,#5065);
#5065 = DEFINITIONAL_REPRESENTATION('',(#5066),#5237);
#5066 = B_SPLINE_CURVE_WITH_KNOTS('',8,(#5067,#5068,#5069,#5070,#5071,
    #5072,#5073,#5074,#5075,#5076,#5077,#5078,#5079,#5080,#5081,#5082,
    #5083,#5084,#5085,#5086,#5087,#5088,#5089,#5090,#5091,#5092,#5093,
    #5094,#5095,#5096,#5097,#5098,#5099,#5100,#5101,#5102,#5103,#5104,
    #5105,#5106,#5107,#5108,#5109,#5110,#5111,#5112,#5113,#5114,#5115,
    #5116,#5117,#5118,#5119,#5120,#5121,#5122,#5123,#5124,#5125,#5126,
    #5127,#5128,#5129,#5130,#5131,#5132,#5133,#5134,#5135,#5136,#5137,
    #5138,#5139,#5140,#5141,#5142,#5143,#5144,#5145,#5146,#5147,#5148,
    #5149,#5150,#5151,#5152,#5153,#5154,#5155,#5156,#5157,#5158,#5159,
    #5160,#5161,#5162,#5163,#5164,#5165,#5166,#5167,#5168,#5169,#5170,
    #5171,#5172,#5173,#5174,#5175,#5176,#5177,#5178,#5179,#5180,#5181,
    #5182,#5183,#5184,#5185,#5186,#5187,#5188,#5189,#5190,#5191,#5192,
    #5193,#5194,#5195,#5196,#5197,#5198,#5199,#5200,#5201,#5202,#5203,
    #5204,#5205,#5206,#5207,#5208,#5209,#5210,#5211,#5212,#5213,#5214,
    #5215,#5216,#5217,#5218,#5219,#5220,#5221,#5222,#5223,#5224,#5225,
    #5226,#5227,#5228,#5229,#5230,#5231,#5232,#5233,#5234,#5235,#5236),
  .UNSPECIFIED.,.F.,.F.,(9,7,7,7,7,7,7,7,7,7,7,7,7,7,7,7,7,7,7,7,7,7,7,7
    ,9),(0.,3.414385910927E-02,7.916187992795E-02,0.113182164103,
    0.131686306013,0.150190448157,0.187321337114,0.228273000274,
    0.242686617308,0.258701749836,0.314195879488,0.324515677582,
    0.360955099795,0.388136075698,0.409131242022,0.42502536046,
    0.471462425521,0.506611922337,0.523428205909,0.541773458801,
    0.609267462475,0.643079238246,0.777935508083,0.911730676988,1.),
  .UNSPECIFIED.);
#5067 = CARTESIAN_POINT('',(18.458926113753,-8.217545054761));
#5068 = CARTESIAN_POINT('',(18.348266622038,-8.241246345038));
#5069 = CARTESIAN_POINT('',(18.237630670945,-8.265335691477));
#5070 = CARTESIAN_POINT('',(18.127017995923,-8.289768121638));
#5071 = CARTESIAN_POINT('',(18.016428133892,-8.314498925618));
#5072 = CARTESIAN_POINT('',(17.90586042324,-8.339483656049));
#5073 = CARTESIAN_POINT('',(17.795314003821,-8.3646781281));
#5074 = CARTESIAN_POINT('',(17.684787816961,-8.390038419478));
#5075 = CARTESIAN_POINT('',(17.428578974814,-8.449118991354));
#5076 = CARTESIAN_POINT('',(17.28291080687,-8.482929249985));
#5077 = CARTESIAN_POINT('',(17.13727302095,-8.516851320161));
#5078 = CARTESIAN_POINT('',(16.991662700921,-8.550785091878));
#5079 = CARTESIAN_POINT('',(16.846077087039,-8.584630388542));
#5080 = CARTESIAN_POINT('',(16.700513567801,-8.618286684206));
#5081 = CARTESIAN_POINT('',(16.554969671794,-8.65165282083));
#5082 = CARTESIAN_POINT('',(16.299468062575,-8.70954522677));
#5083 = CARTESIAN_POINT('',(16.189503210691,-8.734239605677));
#5084 = CARTESIAN_POINT('',(16.079547567627,-8.758665918485));
#5085 = CARTESIAN_POINT('',(15.969600501282,-8.782779739639));
#5086 = CARTESIAN_POINT('',(15.859661683732,-8.806536161789));
#5087 = CARTESIAN_POINT('',(15.74973109123,-8.829889795789));
#5088 = CARTESIAN_POINT('',(15.639809004204,-8.852794770696));
#5089 = CARTESIAN_POINT('',(15.47011268262,-8.887393848206));
#5090 = CARTESIAN_POINT('',(15.410363680612,-8.899427044481));
#5091 = CARTESIAN_POINT('',(15.350645938797,-8.911316113884));
#5092 = CARTESIAN_POINT('',(15.29095795042,-8.92310813831));
#5093 = CARTESIAN_POINT('',(15.231296127416,-8.934803573619));
#5094 = CARTESIAN_POINT('',(15.171658869425,-8.946446475237));
#5095 = CARTESIAN_POINT('',(15.112043212003,-8.958052276693));
#5096 = CARTESIAN_POINT('',(14.992850453131,-8.981245848096));
#5097 = CARTESIAN_POINT('',(14.933273326197,-8.992833196684));
#5098 = CARTESIAN_POINT('',(14.873712968813,-9.004436213421));
#5099 = CARTESIAN_POINT('',(14.814166897655,-9.016080003641));
#5100 = CARTESIAN_POINT('',(14.754632629396,-9.027789672679));
#5101 = CARTESIAN_POINT('',(14.695107680711,-9.03959032587));
#5102 = CARTESIAN_POINT('',(14.635589568273,-9.051507068549));
#5103 = CARTESIAN_POINT('',(14.4566539637,-9.087760774485));
#5104 = CARTESIAN_POINT('',(14.337296992612,-9.112515526033));
#5105 = CARTESIAN_POINT('',(14.218013339131,-9.138025378273));
#5106 = CARTESIAN_POINT('',(14.098814954678,-9.164484601454));
#5107 = CARTESIAN_POINT('',(13.979717204634,-9.192084137497));
#5108 = CARTESIAN_POINT('',(13.860738774502,-9.221010118998));
#5109 = CARTESIAN_POINT('',(13.741901576086,-9.251442388233));
#5110 = CARTESIAN_POINT('',(13.492348474999,-9.318967832667));
#5111 = CARTESIAN_POINT('',(13.361669640217,-9.356423852562));
#5112 = CARTESIAN_POINT('',(13.231229912612,-9.396151032969));
#5113 = CARTESIAN_POINT('',(13.101072081315,-9.438366778815));
#5114 = CARTESIAN_POINT('',(12.971245580087,-9.483272519469));
#5115 = CARTESIAN_POINT('',(12.841806106123,-9.53105028536));
#5116 = CARTESIAN_POINT('',(12.712815238855,-9.581859284615));
#5117 = CARTESIAN_POINT('',(12.539121088353,-9.654829240823));
#5118 = CARTESIAN_POINT('',(12.493868449843,-9.674266260568));
#5119 = CARTESIAN_POINT('',(12.448588175848,-9.694094685919));
#5120 = CARTESIAN_POINT('',(12.403286142622,-9.714264406679));
#5121 = CARTESIAN_POINT('',(12.357968139481,-9.734724592422));
#5122 = CARTESIAN_POINT('',(12.312639938238,-9.755424229474));
#5123 = CARTESIAN_POINT('',(12.267307362637,-9.776312657891));
#5124 = CARTESIAN_POINT('',(12.171608566783,-9.82070394602));
#5125 = CARTESIAN_POINT('',(12.121242651992,-9.844239066824));
#5126 = CARTESIAN_POINT('',(12.070886622249,-9.867876213741));
#5127 = CARTESIAN_POINT('',(12.020548486391,-9.891546129655));
#5128 = CARTESIAN_POINT('',(11.970236253257,-9.915179557455));
#5129 = CARTESIAN_POINT('',(11.919957931684,-9.938707240024));
#5130 = CARTESIAN_POINT('',(11.86972153051,-9.962059920251));
#5131 = CARTESIAN_POINT('',(11.645633620319,-10.06524146535));
#5132 = CARTESIAN_POINT('',(11.471861833231,-10.14259819149));
#5133 = CARTESIAN_POINT('',(11.297287341458,-10.21491411148));
#5134 = CARTESIAN_POINT('',(11.12148075969,-10.27946490619));
#5135 = CARTESIAN_POINT('',(10.944471157299,-10.33278075107));
#5136 = CARTESIAN_POINT('',(10.766731700423,-10.37065661648));
#5137 = CARTESIAN_POINT('',(10.589174246716,-10.38823991605));
#5138 = CARTESIAN_POINT('',(10.380484929704,-10.37977631805));
#5139 = CARTESIAN_POINT('',(10.347869504994,-10.3776088453));
#5140 = CARTESIAN_POINT('',(10.315365748015,-10.37455732305));
#5141 = CARTESIAN_POINT('',(10.282977239578,-10.37059023709));
#5142 = CARTESIAN_POINT('',(10.250707086221,-10.36568825027));
#5143 = CARTESIAN_POINT('',(10.218557920203,-10.35984420255));
#5144 = CARTESIAN_POINT('',(10.18653189951,-10.35306311096));
#5145 = CARTESIAN_POINT('',(10.04198693504,-10.31816998513));
#5146 = CARTESIAN_POINT('',(9.931506464758,-10.27973980062));
#5147 = CARTESIAN_POINT('',(9.823671345622,-10.23118216445));
#5148 = CARTESIAN_POINT('',(9.718791753774,-10.17372412341));
#5149 = CARTESIAN_POINT('',(9.617047223158,-10.10854737844));
#5150 = CARTESIAN_POINT('',(9.518511319936,-10.03670918623));
#5151 = CARTESIAN_POINT('',(9.423168782388,-9.959108350887));
#5152 = CARTESIAN_POINT('',(9.262134281098,-9.814808398826));
#5153 = CARTESIAN_POINT('',(9.195082954884,-9.750366516871));
#5154 = CARTESIAN_POINT('',(9.129756271195,-9.683443480759));
#5155 = CARTESIAN_POINT('',(9.066130853321,-9.614318221622));
#5156 = CARTESIAN_POINT('',(9.004184149293,-9.543240659716));
#5157 = CARTESIAN_POINT('',(8.943894735534,-9.470434239102));
#5158 = CARTESIAN_POINT('',(8.885242620514,-9.396098462328));
#5159 = CARTESIAN_POINT('',(8.784155985391,-9.261949141015));
#5160 = CARTESIAN_POINT('',(8.74107130104,-9.202684422328));
#5161 = CARTESIAN_POINT('',(8.698948772945,-9.142701549263));
#5162 = CARTESIAN_POINT('',(8.657784495793,-9.082080406044));
#5163 = CARTESIAN_POINT('',(8.61757750827,-9.020897359411));
#5164 = CARTESIAN_POINT('',(8.578329919958,-8.959226137139));
#5165 = CARTESIAN_POINT('',(8.540047038233,-8.897138706545));
#5166 = CARTESIAN_POINT('',(8.47449278935,-8.78744239786));
#5167 = CARTESIAN_POINT('',(8.44680531269,-8.739978840848));
#5168 = CARTESIAN_POINT('',(8.41968520223,-8.692365026328));
#5169 = CARTESIAN_POINT('',(8.393127892047,-8.644599140688));
#5170 = CARTESIAN_POINT('',(8.367126315498,-8.59667297665));
#5171 = CARTESIAN_POINT('',(8.341676454131,-8.548592248397));
#5172 = CARTESIAN_POINT('',(8.316776233242,-8.500372257506));
#5173 = CARTESIAN_POINT('',(8.221250821293,-8.310708092203));
#5174 = CARTESIAN_POINT('',(8.154711618281,-8.168198620199));
#5175 = CARTESIAN_POINT('',(8.092660003812,-8.024590022387));
#5176 = CARTESIAN_POINT('',(8.034904660039,-7.879985708416));
#5177 = CARTESIAN_POINT('',(7.981210737656,-7.734481815784));
#5178 = CARTESIAN_POINT('',(7.931307491081,-7.588166056744));
#5179 = CARTESIAN_POINT('',(7.884895913618,-7.441116565202));
#5180 = CARTESIAN_POINT('',(7.80892717009,-7.181590559381));
#5181 = CARTESIAN_POINT('',(7.778015290542,-7.069398233794));
#5182 = CARTESIAN_POINT('',(7.748781424035,-6.956851144147));
#5183 = CARTESIAN_POINT('',(7.721080067682,-6.843973844516));
#5184 = CARTESIAN_POINT('',(7.694760884614,-6.730787911491));
#5185 = CARTESIAN_POINT('',(7.669670062938,-6.617311789894));
#5186 = CARTESIAN_POINT('',(7.645651674684,-6.503560638495));
#5187 = CARTESIAN_POINT('',(7.611496229476,-6.334999177599));
#5188 = CARTESIAN_POINT('',(7.600648845595,-6.280374869194));
#5189 = CARTESIAN_POINT('',(7.589996183782,-6.225671887565));
#5190 = CARTESIAN_POINT('',(7.579497745181,-6.170888777445));
#5191 = CARTESIAN_POINT('',(7.569161677545,-6.116027038605));
#5192 = CARTESIAN_POINT('',(7.559002300615,-6.06108927994));
#5193 = CARTESIAN_POINT('',(7.548994856581,-6.006077362858));
#5194 = CARTESIAN_POINT('',(7.528400895613,-5.890905312198));
#5195 = CARTESIAN_POINT('',(7.517842097006,-5.830730023794));
#5196 = CARTESIAN_POINT('',(7.50746451439,-5.770472185123));
#5197 = CARTESIAN_POINT('',(7.497263426496,-5.710134429968));
#5198 = CARTESIAN_POINT('',(7.487234112057,-5.649719392109));
#5199 = CARTESIAN_POINT('',(7.477371849801,-5.589229705328));
#5200 = CARTESIAN_POINT('',(7.467671918462,-5.528668003405));
#5201 = CARTESIAN_POINT('',(7.423022449476,-5.244969155293));
#5202 = CARTESIAN_POINT('',(7.390095049043,-5.021256734049));
#5203 = CARTESIAN_POINT('',(7.359096655931,-4.796999199402));
#5204 = CARTESIAN_POINT('',(7.329780830651,-4.572290992128));
#5205 = CARTESIAN_POINT('',(7.301904618584,-4.34722173718));
#5206 = CARTESIAN_POINT('',(7.275227734787,-4.121876530095));
#5207 = CARTESIAN_POINT('',(7.249511748808,-3.896336223408));
#5208 = CARTESIAN_POINT('',(7.211999044586,-3.557631893625));
#5209 = CARTESIAN_POINT('',(7.19966040113,-3.444556848513));
#5210 = CARTESIAN_POINT('',(7.187473563219,-3.331462442737));
#5211 = CARTESIAN_POINT('',(7.175408761371,-3.218358497072));
#5212 = CARTESIAN_POINT('',(7.163436232542,-3.105254788055));
#5213 = CARTESIAN_POINT('',(7.151526220122,-2.992161047989));
#5214 = CARTESIAN_POINT('',(7.139648973935,-2.879086964941));
#5215 = CARTESIAN_POINT('',(7.080415110651,-2.315169748361));
#5216 = CARTESIAN_POINT('',(7.033117718636,-1.864759001569));
#5217 = CARTESIAN_POINT('',(6.985871094939,-1.414732658121));
#5218 = CARTESIAN_POINT('',(6.938663374337,-0.965012125155));
#5219 = CARTESIAN_POINT('',(6.891482472778,-0.515517786527));
#5220 = CARTESIAN_POINT('',(6.844316254523,-6.616928813579E-02));
#5221 = CARTESIAN_POINT('',(6.797152699286,0.38311417674));
#5222 = CARTESIAN_POINT('',(6.703178611832,1.27817772718));
#5223 = CARTESIAN_POINT('',(6.627514814247,1.998843952265));
#5224 = CARTESIAN_POINT('',(6.55011756441,2.73548432019));
#5225 = CARTESIAN_POINT('',(6.488745469301,3.320671418828));
#5226 = CARTESIAN_POINT('',(6.450952899998,3.6799946624));
#5227 = CARTESIAN_POINT('',(6.433835707596,3.843827895908));
#5228 = CARTESIAN_POINT('',(6.422292682325,3.953358504697));
#5229 = CARTESIAN_POINT('',(6.367471902438,4.476012624117));
#5230 = CARTESIAN_POINT('',(6.345727688057,4.683856574153));
#5231 = CARTESIAN_POINT('',(6.324223364014,4.891773264851));
#5232 = CARTESIAN_POINT('',(6.303151656606,5.099742345532));
#5233 = CARTESIAN_POINT('',(6.282705580518,5.307742318047));
#5234 = CARTESIAN_POINT('',(6.263079169654,5.515750453905));
#5235 = CARTESIAN_POINT('',(6.244468207966,5.723742711409));
#5236 = CARTESIAN_POINT('',(6.227070960281,5.931693652779));
#5237 = ( GEOMETRIC_REPRESENTATION_CONTEXT(2) 
PARAMETRIC_REPRESENTATION_CONTEXT() REPRESENTATION_CONTEXT('2D SPACE',''
  ) );
#5238 = PCURVE('',#3126,#5239);
#5239 = DEFINITIONAL_REPRESENTATION('',(#5240),#5411);
#5240 = B_SPLINE_CURVE_WITH_KNOTS('',8,(#5241,#5242,#5243,#5244,#5245,
    #5246,#5247,#5248,#5249,#5250,#5251,#5252,#5253,#5254,#5255,#5256,
    #5257,#5258,#5259,#5260,#5261,#5262,#5263,#5264,#5265,#5266,#5267,
    #5268,#5269,#5270,#5271,#5272,#5273,#5274,#5275,#5276,#5277,#5278,
    #5279,#5280,#5281,#5282,#5283,#5284,#5285,#5286,#5287,#5288,#5289,
    #5290,#5291,#5292,#5293,#5294,#5295,#5296,#5297,#5298,#5299,#5300,
    #5301,#5302,#5303,#5304,#5305,#5306,#5307,#5308,#5309,#5310,#5311,
    #5312,#5313,#5314,#5315,#5316,#5317,#5318,#5319,#5320,#5321,#5322,
    #5323,#5324,#5325,#5326,#5327,#5328,#5329,#5330,#5331,#5332,#5333,
    #5334,#5335,#5336,#5337,#5338,#5339,#5340,#5341,#5342,#5343,#5344,
    #5345,#5346,#5347,#5348,#5349,#5350,#5351,#5352,#5353,#5354,#5355,
    #5356,#5357,#5358,#5359,#5360,#5361,#5362,#5363,#5364,#5365,#5366,
    #5367,#5368,#5369,#5370,#5371,#5372,#5373,#5374,#5375,#5376,#5377,
    #5378,#5379,#5380,#5381,#5382,#5383,#5384,#5385,#5386,#5387,#5388,
    #5389,#5390,#5391,#5392,#5393,#5394,#5395,#5396,#5397,#5398,#5399,
    #5400,#5401,#5402,#5403,#5404,#5405,#5406,#5407,#5408,#5409,#5410),
  .UNSPECIFIED.,.F.,.F.,(9,7,7,7,7,7,7,7,7,7,7,7,7,7,7,7,7,7,7,7,7,7,7,7
    ,9),(0.,3.414385910927E-02,7.916187992795E-02,0.113182164103,
    0.131686306013,0.150190448157,0.187321337114,0.228273000274,
    0.242686617308,0.258701749836,0.314195879488,0.324515677582,
    0.360955099795,0.388136075698,0.409131242022,0.42502536046,
    0.471462425521,0.506611922337,0.523428205909,0.541773458801,
    0.609267462475,0.643079238246,0.777935508083,0.911730676988,1.),
  .UNSPECIFIED.);
#5241 = CARTESIAN_POINT('',(41.119832237205,0.25));
#5242 = CARTESIAN_POINT('',(41.0066045868,0.25));
#5243 = CARTESIAN_POINT('',(40.893435333035,0.25));
#5244 = CARTESIAN_POINT('',(40.780316660499,0.25));
#5245 = CARTESIAN_POINT('',(40.66724057451,0.25));
#5246 = CARTESIAN_POINT('',(40.554198901119,0.25));
#5247 = CARTESIAN_POINT('',(40.441183287106,0.25));
#5248 = CARTESIAN_POINT('',(40.328185199981,0.25));
#5249 = CARTESIAN_POINT('',(40.066221748395,0.25));
#5250 = CARTESIAN_POINT('',(39.917263359852,0.25));
#5251 = CARTESIAN_POINT('',(39.768300538361,0.25));
#5252 = CARTESIAN_POINT('',(39.619313229303,0.25));
#5253 = CARTESIAN_POINT('',(39.470281491004,0.25));
#5254 = CARTESIAN_POINT('',(39.321185438309,0.25));
#5255 = CARTESIAN_POINT('',(39.172005186149,0.25));
#5256 = CARTESIAN_POINT('',(38.909906027335,0.25));
#5257 = CARTESIAN_POINT('',(38.797032059692,0.25));
#5258 = CARTESIAN_POINT('',(38.684090379534,0.25));
#5259 = CARTESIAN_POINT('',(38.571072705724,0.25));
#5260 = CARTESIAN_POINT('',(38.457970986631,0.25));
#5261 = CARTESIAN_POINT('',(38.344777400125,0.25));
#5262 = CARTESIAN_POINT('',(38.231484353584,0.25));
#5263 = CARTESIAN_POINT('',(38.056404596955,0.25));
#5264 = CARTESIAN_POINT('',(37.994725383513,0.25));
#5265 = CARTESIAN_POINT('',(37.93304464698,0.25));
#5266 = CARTESIAN_POINT('',(37.871366034936,0.25));
#5267 = CARTESIAN_POINT('',(37.809685446184,0.25));
#5268 = CARTESIAN_POINT('',(37.748006069285,0.25));
#5269 = CARTESIAN_POINT('',(37.686326244619,0.25));
#5270 = CARTESIAN_POINT('',(37.562966748687,0.25));
#5271 = CARTESIAN_POINT('',(37.501287000331,0.25));
#5272 = CARTESIAN_POINT('',(37.439607251975,0.25));
#5273 = CARTESIAN_POINT('',(37.37792750362,0.25));
#5274 = CARTESIAN_POINT('',(37.316247755264,0.25));
#5275 = CARTESIAN_POINT('',(37.254568006908,0.25));
#5276 = CARTESIAN_POINT('',(37.192888258552,0.25));
#5277 = CARTESIAN_POINT('',(37.007440336061,0.25));
#5278 = CARTESIAN_POINT('',(36.883721237465,0.25));
#5279 = CARTESIAN_POINT('',(36.760080767135,0.25));
#5280 = CARTESIAN_POINT('',(36.63655210188,0.25));
#5281 = CARTESIAN_POINT('',(36.513171804481,0.25));
#5282 = CARTESIAN_POINT('',(36.389979585582,0.25));
#5283 = CARTESIAN_POINT('',(36.267018065578,0.25));
#5284 = CARTESIAN_POINT('',(36.009022647554,0.25));
#5285 = CARTESIAN_POINT('',(35.874049592602,0.25));
#5286 = CARTESIAN_POINT('',(35.739476333531,0.25));
#5287 = CARTESIAN_POINT('',(35.605372229755,0.25));
#5288 = CARTESIAN_POINT('',(35.471812295879,0.25));
#5289 = CARTESIAN_POINT('',(35.338876459354,0.25));
#5290 = CARTESIAN_POINT('',(35.206648818134,0.25));
#5291 = CARTESIAN_POINT('',(35.028957254361,0.25));
#5292 = CARTESIAN_POINT('',(34.982697270705,0.25));
#5293 = CARTESIAN_POINT('',(34.936437353914,0.25));
#5294 = CARTESIAN_POINT('',(34.890177590379,0.25));
#5295 = CARTESIAN_POINT('',(34.843917885925,0.25));
#5296 = CARTESIAN_POINT('',(34.797658105403,0.25));
#5297 = CARTESIAN_POINT('',(34.751398212275,0.25));
#5298 = CARTESIAN_POINT('',(34.653738617905,0.25));
#5299 = CARTESIAN_POINT('',(34.602338827608,0.25));
#5300 = CARTESIAN_POINT('',(34.550939037312,0.25));
#5301 = CARTESIAN_POINT('',(34.499539247015,0.25));
#5302 = CARTESIAN_POINT('',(34.448139456719,0.25));
#5303 = CARTESIAN_POINT('',(34.396739666422,0.25));
#5304 = CARTESIAN_POINT('',(34.345339876125,0.25));
#5305 = CARTESIAN_POINT('',(34.115834371012,0.25));
#5306 = CARTESIAN_POINT('',(33.937247460783,0.25));
#5307 = CARTESIAN_POINT('',(33.756877304149,0.25));
#5308 = CARTESIAN_POINT('',(33.573904450608,0.25));
#5309 = CARTESIAN_POINT('',(33.38790693739,0.25));
#5310 = CARTESIAN_POINT('',(33.198850793729,0.25));
#5311 = CARTESIAN_POINT('',(33.007100062518,0.25));
#5312 = CARTESIAN_POINT('',(32.777647329313,0.25));
#5313 = CARTESIAN_POINT('',(32.741666319582,0.25));
#5314 = CARTESIAN_POINT('',(32.705685228011,0.25));
#5315 = CARTESIAN_POINT('',(32.669705245659,0.25));
#5316 = CARTESIAN_POINT('',(32.633726622727,0.25));
#5317 = CARTESIAN_POINT('',(32.597748668561,0.25));
#5318 = CARTESIAN_POINT('',(32.561769751651,0.25));
#5319 = CARTESIAN_POINT('',(32.398732511393,0.25));
#5320 = CARTESIAN_POINT('',(32.272314908281,0.25));
#5321 = CARTESIAN_POINT('',(32.14691053317,0.25));
#5322 = CARTESIAN_POINT('',(32.022739850066,0.25));
#5323 = CARTESIAN_POINT('',(31.899905787056,0.25));
#5324 = CARTESIAN_POINT('',(31.77840870439,0.25));
#5325 = CARTESIAN_POINT('',(31.658146907652,0.25));
#5326 = CARTESIAN_POINT('',(31.449970852225,0.25));
#5327 = CARTESIAN_POINT('',(31.361626504488,0.25));
#5328 = CARTESIAN_POINT('',(31.273807498991,0.25));
#5329 = CARTESIAN_POINT('',(31.186441375866,0.25));
#5330 = CARTESIAN_POINT('',(31.09945179077,0.25));
#5331 = CARTESIAN_POINT('',(31.012756306541,0.25));
#5332 = CARTESIAN_POINT('',(30.926264184859,0.25));
#5333 = CARTESIAN_POINT('',(30.773144691395,0.25));
#5334 = CARTESIAN_POINT('',(30.706480463942,0.25));
#5335 = CARTESIAN_POINT('',(30.639837078537,0.25));
#5336 = CARTESIAN_POINT('',(30.573169932511,0.25));
#5337 = CARTESIAN_POINT('',(30.506433365535,0.25));
#5338 = CARTESIAN_POINT('',(30.439579787626,0.25));
#5339 = CARTESIAN_POINT('',(30.372558807149,0.25));
#5340 = CARTESIAN_POINT('',(30.254411335193,0.25));
#5341 = CARTESIAN_POINT('',(30.203382737841,0.25));
#5342 = CARTESIAN_POINT('',(30.152187461348,0.25));
#5343 = CARTESIAN_POINT('',(30.100837895167,0.25));
#5344 = CARTESIAN_POINT('',(30.049353516489,0.25));
#5345 = CARTESIAN_POINT('',(29.997738982851,0.25));
#5346 = CARTESIAN_POINT('',(29.94598872449,0.25));
#5347 = CARTESIAN_POINT('',(29.742569995279,0.25));
#5348 = CARTESIAN_POINT('',(29.589972751912,0.25));
#5349 = CARTESIAN_POINT('',(29.436481598754,0.25));
#5350 = CARTESIAN_POINT('',(29.282245590702,0.25));
#5351 = CARTESIAN_POINT('',(29.127405889336,0.25));
#5352 = CARTESIAN_POINT('',(28.972094107104,0.25));
#5353 = CARTESIAN_POINT('',(28.816430651517,0.25));
#5354 = CARTESIAN_POINT('',(28.542512315282,0.25));
#5355 = CARTESIAN_POINT('',(28.424361308911,0.25));
#5356 = CARTESIAN_POINT('',(28.306114810055,0.25));
#5357 = CARTESIAN_POINT('',(28.187814148652,0.25));
#5358 = CARTESIAN_POINT('',(28.069497055056,0.25));
#5359 = CARTESIAN_POINT('',(27.951197490375,0.25));
#5360 = CARTESIAN_POINT('',(27.832945476788,0.25));
#5361 = CARTESIAN_POINT('',(27.658227740388,0.25));
#5362 = CARTESIAN_POINT('',(27.601687902602,0.25));
#5363 = CARTESIAN_POINT('',(27.545145723873,0.25));
#5364 = CARTESIAN_POINT('',(27.488607692852,0.25));
#5365 = CARTESIAN_POINT('',(27.432069937908,0.25));
#5366 = CARTESIAN_POINT('',(27.375528089916,0.25));
#5367 = CARTESIAN_POINT('',(27.318987876058,0.25));
#5368 = CARTESIAN_POINT('',(27.200769024911,0.25));
#5369 = CARTESIAN_POINT('',(27.139089276555,0.25));
#5370 = CARTESIAN_POINT('',(27.0774095282,0.25));
#5371 = CARTESIAN_POINT('',(27.015729779844,0.25));
#5372 = CARTESIAN_POINT('',(26.954050031488,0.25));
#5373 = CARTESIAN_POINT('',(26.892370283132,0.25));
#5374 = CARTESIAN_POINT('',(26.830690534776,0.25));
#5375 = CARTESIAN_POINT('',(26.542084878851,0.25));
#5376 = CARTESIAN_POINT('',(26.315458556402,0.25));
#5377 = CARTESIAN_POINT('',(26.089095182335,0.25));
#5378 = CARTESIAN_POINT('',(25.862955381226,0.25));
#5379 = CARTESIAN_POINT('',(25.636996853682,0.25));
#5380 = CARTESIAN_POINT('',(25.411174191053,0.25));
#5381 = CARTESIAN_POINT('',(25.185438690155,0.25));
#5382 = CARTESIAN_POINT('',(24.846671302315,0.25));
#5383 = CARTESIAN_POINT('',(24.733613633497,0.25));
#5384 = CARTESIAN_POINT('',(24.620558823739,0.25));
#5385 = CARTESIAN_POINT('',(24.507500478401,0.25));
#5386 = CARTESIAN_POINT('',(24.394432145995,0.25));
#5387 = CARTESIAN_POINT('',(24.281347318185,0.25));
#5388 = CARTESIAN_POINT('',(24.168239429786,0.25));
#5389 = CARTESIAN_POINT('',(23.603859341659,0.25));
#5390 = CARTESIAN_POINT('',(23.152149227693,0.25));
#5391 = CARTESIAN_POINT('',(22.700050706543,0.25));
#5392 = CARTESIAN_POINT('',(22.247643965559,0.25));
#5393 = CARTESIAN_POINT('',(21.795009888925,0.25));
#5394 = CARTESIAN_POINT('',(21.342229756824,0.25));
#5395 = CARTESIAN_POINT('',(20.889384944594,0.25));
#5396 = CARTESIAN_POINT('',(19.987291326372,0.25));
#5397 = CARTESIAN_POINT('',(19.26106207544,0.25));
#5398 = CARTESIAN_POINT('',(18.518519113428,0.25));
#5399 = CARTESIAN_POINT('',(17.931574385748,0.25));
#5400 = CARTESIAN_POINT('',(17.571622166193,0.25));
#5401 = CARTESIAN_POINT('',(17.407514926909,0.25));
#5402 = CARTESIAN_POINT('',(17.297548232623,0.25));
#5403 = CARTESIAN_POINT('',(16.774636319003,0.25));
#5404 = CARTESIAN_POINT('',(16.566870849868,0.25));
#5405 = CARTESIAN_POINT('',(16.359152244332,0.25));
#5406 = CARTESIAN_POINT('',(16.151439904831,0.25));
#5407 = CARTESIAN_POINT('',(15.94369454171,0.25));
#5408 = CARTESIAN_POINT('',(15.735878016466,0.25));
#5409 = CARTESIAN_POINT('',(15.527953184993,0.25));
#5410 = CARTESIAN_POINT('',(15.319883740818,0.25));
#5411 = ( GEOMETRIC_REPRESENTATION_CONTEXT(2) 
PARAMETRIC_REPRESENTATION_CONTEXT() REPRESENTATION_CONTEXT('2D SPACE',''
  ) );
#5412 = ORIENTED_EDGE('',*,*,#4760,.T.);
#5413 = FACE_BOUND('',#5414,.F.);
#5414 = EDGE_LOOP('',(#5415,#5445,#5478,#5506));
#5415 = ORIENTED_EDGE('',*,*,#5416,.F.);
#5416 = EDGE_CURVE('',#5417,#5419,#5421,.T.);
#5417 = VERTEX_POINT('',#5418);
#5418 = CARTESIAN_POINT('',(18.234886774743,-13.32783345846,0.));
#5419 = VERTEX_POINT('',#5420);
#5420 = CARTESIAN_POINT('',(22.985323154484,-11.21280291446,0.));
#5421 = SURFACE_CURVE('',#5422,(#5426,#5433),.PCURVE_S1.);
#5422 = LINE('',#5423,#5424);
#5423 = CARTESIAN_POINT('',(3.235857813561,-20.00583140375,0.));
#5424 = VECTOR('',#5425,1.);
#5425 = DIRECTION('',(0.913545457643,0.406736643076,0.));
#5426 = PCURVE('',#2399,#5427);
#5427 = DEFINITIONAL_REPRESENTATION('',(#5428),#5432);
#5428 = LINE('',#5429,#5430);
#5429 = CARTESIAN_POINT('',(32.840768844746,-13.6514107977));
#5430 = VECTOR('',#5431,1.);
#5431 = DIRECTION('',(0.866082876065,0.499900441874));
#5432 = ( GEOMETRIC_REPRESENTATION_CONTEXT(2) 
PARAMETRIC_REPRESENTATION_CONTEXT() REPRESENTATION_CONTEXT('2D SPACE',''
  ) );
#5433 = PCURVE('',#5434,#5439);
#5434 = PLANE('',#5435);
#5435 = AXIS2_PLACEMENT_3D('',#5436,#5437,#5438);
#5436 = CARTESIAN_POINT('',(22.985323154484,-11.21280291446,-1.));
#5437 = DIRECTION('',(0.406736643076,-0.913545457643,0.));
#5438 = DIRECTION('',(-0.913545457643,-0.406736643076,0.));
#5439 = DEFINITIONAL_REPRESENTATION('',(#5440),#5444);
#5440 = LINE('',#5441,#5442);
#5441 = CARTESIAN_POINT('',(21.618481243273,-1.));
#5442 = VECTOR('',#5443,1.);
#5443 = DIRECTION('',(-1.,0.));
#5444 = ( GEOMETRIC_REPRESENTATION_CONTEXT(2) 
PARAMETRIC_REPRESENTATION_CONTEXT() REPRESENTATION_CONTEXT('2D SPACE',''
  ) );
#5445 = ORIENTED_EDGE('',*,*,#5446,.T.);
#5446 = EDGE_CURVE('',#5417,#5447,#5449,.T.);
#5447 = VERTEX_POINT('',#5448);
#5448 = CARTESIAN_POINT('',(17.014676845516,-10.58719708553,0.));
#5449 = SURFACE_CURVE('',#5450,(#5455,#5466),.PCURVE_S1.);
#5450 = CIRCLE('',#5451,1.5);
#5451 = AXIS2_PLACEMENT_3D('',#5452,#5453,#5454);
#5452 = CARTESIAN_POINT('',(17.624781810129,-11.95751527199,0.));
#5453 = DIRECTION('',(0.,-0.,-1.));
#5454 = DIRECTION('',(0.406736643076,-0.913545457643,0.));
#5455 = PCURVE('',#2399,#5456);
#5456 = DEFINITIONAL_REPRESENTATION('',(#5457),#5465);
#5457 = ( BOUNDED_CURVE() B_SPLINE_CURVE(2,(#5458,#5459,#5460,#5461,
#5462,#5463,#5464),.UNSPECIFIED.,.T.,.F.) B_SPLINE_CURVE_WITH_KNOTS((1,2
    ,2,2,2,1),(-2.094395102393,0.,2.094395102393,4.188790204786,
6.28318530718,8.377580409573),.UNSPECIFIED.) CURVE() 
GEOMETRIC_REPRESENTATION_ITEM() RATIONAL_B_SPLINE_CURVE((1.,0.5,1.,0.5,
1.,0.5,1.)) REPRESENTATION_ITEM('') );
#5458 = CARTESIAN_POINT('',(47.060534300546,-5.44380476929));
#5459 = CARTESIAN_POINT('',(44.81038498318,-6.742584215369));
#5460 = CARTESIAN_POINT('',(44.810683647645,-4.144508021182));
#5461 = CARTESIAN_POINT('',(44.810982312111,-1.546431826996));
#5462 = CARTESIAN_POINT('',(47.060832965011,-2.845728575103));
#5463 = CARTESIAN_POINT('',(49.310683617912,-4.145025323211));
#5464 = CARTESIAN_POINT('',(47.060534300546,-5.44380476929));
#5465 = ( GEOMETRIC_REPRESENTATION_CONTEXT(2) 
PARAMETRIC_REPRESENTATION_CONTEXT() REPRESENTATION_CONTEXT('2D SPACE',''
  ) );
#5466 = PCURVE('',#5467,#5472);
#5467 = CYLINDRICAL_SURFACE('',#5468,1.5);
#5468 = AXIS2_PLACEMENT_3D('',#5469,#5470,#5471);
#5469 = CARTESIAN_POINT('',(17.624781810129,-11.95751527199,-1.));
#5470 = DIRECTION('',(0.,-0.,-1.));
#5471 = DIRECTION('',(0.406736643076,-0.913545457643,0.));
#5472 = DEFINITIONAL_REPRESENTATION('',(#5473),#5477);
#5473 = LINE('',#5474,#5475);
#5474 = CARTESIAN_POINT('',(0.,-1.));
#5475 = VECTOR('',#5476,1.);
#5476 = DIRECTION('',(1.,0.));
#5477 = ( GEOMETRIC_REPRESENTATION_CONTEXT(2) 
PARAMETRIC_REPRESENTATION_CONTEXT() REPRESENTATION_CONTEXT('2D SPACE',''
  ) );
#5478 = ORIENTED_EDGE('',*,*,#5479,.F.);
#5479 = EDGE_CURVE('',#5480,#5447,#5482,.T.);
#5480 = VERTEX_POINT('',#5481);
#5481 = CARTESIAN_POINT('',(21.765113225257,-8.472166541539,0.));
#5482 = SURFACE_CURVE('',#5483,(#5487,#5494),.PCURVE_S1.);
#5483 = LINE('',#5484,#5485);
#5484 = CARTESIAN_POINT('',(-0.359570305538,-18.32271030282,0.));
#5485 = VECTOR('',#5486,1.);
#5486 = DIRECTION('',(-0.913545457643,-0.406736643076,0.));
#5487 = PCURVE('',#2399,#5488);
#5488 = DEFINITIONAL_REPRESENTATION('',(#5489),#5493);
#5489 = LINE('',#5490,#5491);
#5490 = CARTESIAN_POINT('',(29.089252041352,-12.35290331838));
#5491 = VECTOR('',#5492,1.);
#5492 = DIRECTION('',(-0.866082876065,-0.499900441874));
#5493 = ( GEOMETRIC_REPRESENTATION_CONTEXT(2) 
PARAMETRIC_REPRESENTATION_CONTEXT() REPRESENTATION_CONTEXT('2D SPACE',''
  ) );
#5494 = PCURVE('',#5495,#5500);
#5495 = PLANE('',#5496);
#5496 = AXIS2_PLACEMENT_3D('',#5497,#5498,#5499);
#5497 = CARTESIAN_POINT('',(17.014676845516,-10.58719708553,-1.));
#5498 = DIRECTION('',(-0.406736643076,0.913545457643,0.));
#5499 = DIRECTION('',(0.913545457643,0.406736643076,0.));
#5500 = DEFINITIONAL_REPRESENTATION('',(#5501),#5505);
#5501 = LINE('',#5502,#5503);
#5502 = CARTESIAN_POINT('',(-19.01848124327,-1.));
#5503 = VECTOR('',#5504,1.);
#5504 = DIRECTION('',(-1.,-0.));
#5505 = ( GEOMETRIC_REPRESENTATION_CONTEXT(2) 
PARAMETRIC_REPRESENTATION_CONTEXT() REPRESENTATION_CONTEXT('2D SPACE',''
  ) );
#5506 = ORIENTED_EDGE('',*,*,#5507,.T.);
#5507 = EDGE_CURVE('',#5480,#5419,#5508,.T.);
#5508 = SURFACE_CURVE('',#5509,(#5514,#5525),.PCURVE_S1.);
#5509 = CIRCLE('',#5510,1.5);
#5510 = AXIS2_PLACEMENT_3D('',#5511,#5512,#5513);
#5511 = CARTESIAN_POINT('',(22.375218189871,-9.842484728003,0.));
#5512 = DIRECTION('',(0.,0.,-1.));
#5513 = DIRECTION('',(-0.406736643076,0.913545457643,0.));
#5514 = PCURVE('',#2399,#5515);
#5515 = DEFINITIONAL_REPRESENTATION('',(#5516),#5524);
#5516 = ( BOUNDED_CURVE() B_SPLINE_CURVE(2,(#5517,#5518,#5519,#5520,
#5521,#5522,#5523),.UNSPECIFIED.,.T.,.F.) B_SPLINE_CURVE_WITH_KNOTS((1,2
    ,2,2,2,1),(-2.094395102393,0.,2.094395102393,4.188790204786,
6.28318530718,8.377580409573),.UNSPECIFIED.) CURVE() 
GEOMETRIC_REPRESENTATION_ITEM() RATIONAL_B_SPLINE_CURVE((1.,0.5,1.,0.5,
1.,0.5,1.)) REPRESENTATION_ITEM('') );
#5517 = CARTESIAN_POINT('',(50.064463930463,-0.246073843347));
#5518 = CARTESIAN_POINT('',(52.314613247829,1.052705602732));
#5519 = CARTESIAN_POINT('',(52.314314583363,-1.545370591455));
#5520 = CARTESIAN_POINT('',(52.314015918898,-4.143446785641));
#5521 = CARTESIAN_POINT('',(50.064165265997,-2.844150037534));
#5522 = CARTESIAN_POINT('',(47.814314613097,-1.544853289426));
#5523 = CARTESIAN_POINT('',(50.064463930463,-0.246073843347));
#5524 = ( GEOMETRIC_REPRESENTATION_CONTEXT(2) 
PARAMETRIC_REPRESENTATION_CONTEXT() REPRESENTATION_CONTEXT('2D SPACE',''
  ) );
#5525 = PCURVE('',#5526,#5531);
#5526 = CYLINDRICAL_SURFACE('',#5527,1.5);
#5527 = AXIS2_PLACEMENT_3D('',#5528,#5529,#5530);
#5528 = CARTESIAN_POINT('',(22.375218189871,-9.842484728003,-1.));
#5529 = DIRECTION('',(0.,0.,-1.));
#5530 = DIRECTION('',(-0.406736643076,0.913545457643,0.));
#5531 = DEFINITIONAL_REPRESENTATION('',(#5532),#5536);
#5532 = LINE('',#5533,#5534);
#5533 = CARTESIAN_POINT('',(0.,-1.));
#5534 = VECTOR('',#5535,1.);
#5535 = DIRECTION('',(1.,0.));
#5536 = ( GEOMETRIC_REPRESENTATION_CONTEXT(2) 
PARAMETRIC_REPRESENTATION_CONTEXT() REPRESENTATION_CONTEXT('2D SPACE',''
  ) );
#5537 = ADVANCED_FACE('',(#5538),#2600,.F.);
#5538 = FACE_BOUND('',#5539,.F.);
#5539 = EDGE_LOOP('',(#5540,#5567,#5568,#5569));
#5540 = ORIENTED_EDGE('',*,*,#5541,.F.);
#5541 = EDGE_CURVE('',#4789,#2669,#5542,.T.);
#5542 = SURFACE_CURVE('',#5543,(#5549,#5558),.PCURVE_S1.);
#5543 = B_SPLINE_CURVE_WITH_KNOTS('',4,(#5544,#5545,#5546,#5547,#5548),
  .UNSPECIFIED.,.F.,.F.,(5,5),(0.,1.),.PIECEWISE_BEZIER_KNOTS.);
#5544 = CARTESIAN_POINT('',(-16.23490771517,-12.92736119146,-20.));
#5545 = CARTESIAN_POINT('',(-10.5,-12.92736119146,1.207922650792E-13));
#5546 = CARTESIAN_POINT('',(-4.765092284824,-12.92736119146,20.));
#5547 = CARTESIAN_POINT('',(0.969815430352,-12.92736119146,40.));
#5548 = CARTESIAN_POINT('',(6.704723145528,-12.92736119146,60.));
#5549 = PCURVE('',#2600,#5550);
#5550 = DEFINITIONAL_REPRESENTATION('',(#5551),#5557);
#5551 = B_SPLINE_CURVE_WITH_KNOTS('',4,(#5552,#5553,#5554,#5555,#5556),
  .UNSPECIFIED.,.F.,.F.,(5,5),(0.,1.),.PIECEWISE_BEZIER_KNOTS.);
#5552 = CARTESIAN_POINT('',(3.898965225193,0.));
#5553 = CARTESIAN_POINT('',(3.898965225193,0.25));
#5554 = CARTESIAN_POINT('',(3.898965225193,0.5));
#5555 = CARTESIAN_POINT('',(3.898965225193,0.75));
#5556 = CARTESIAN_POINT('',(3.898965225193,1.));
#5557 = ( GEOMETRIC_REPRESENTATION_CONTEXT(2) 
PARAMETRIC_REPRESENTATION_CONTEXT() REPRESENTATION_CONTEXT('2D SPACE',''
  ) );
#5558 = PCURVE('',#2764,#5559);
#5559 = DEFINITIONAL_REPRESENTATION('',(#5560),#5566);
#5560 = B_SPLINE_CURVE_WITH_KNOTS('',4,(#5561,#5562,#5563,#5564,#5565),
  .UNSPECIFIED.,.F.,.F.,(5,5),(0.,1.),.PIECEWISE_BEZIER_KNOTS.);
#5561 = CARTESIAN_POINT('',(0.172638808538,-83.22395486892));
#5562 = CARTESIAN_POINT('',(0.172638808538,-62.41796615169));
#5563 = CARTESIAN_POINT('',(0.172638808538,-41.61197743446));
#5564 = CARTESIAN_POINT('',(0.172638808539,-20.80598871723));
#5565 = CARTESIAN_POINT('',(0.172638808539,-3.552713678801E-14));
#5566 = ( GEOMETRIC_REPRESENTATION_CONTEXT(2) 
PARAMETRIC_REPRESENTATION_CONTEXT() REPRESENTATION_CONTEXT('2D SPACE',''
  ) );
#5567 = ORIENTED_EDGE('',*,*,#4788,.F.);
#5568 = ORIENTED_EDGE('',*,*,#2576,.T.);
#5569 = ORIENTED_EDGE('',*,*,#2668,.T.);
#5570 = ADVANCED_FACE('',(#5571),#3126,.F.);
#5571 = FACE_BOUND('',#5572,.F.);
#5572 = EDGE_LOOP('',(#5573,#5574,#5593,#5594));
#5573 = ORIENTED_EDGE('',*,*,#4891,.F.);
#5574 = ORIENTED_EDGE('',*,*,#5575,.T.);
#5575 = EDGE_CURVE('',#4869,#2749,#5576,.T.);
#5576 = SURFACE_CURVE('',#5577,(#5580,#5587),.PCURVE_S1.);
#5577 = B_SPLINE_CURVE_WITH_KNOTS('',1,(#5578,#5579),.UNSPECIFIED.,.F.,
  .F.,(2,2),(0.,1.),.PIECEWISE_BEZIER_KNOTS.);
#5578 = CARTESIAN_POINT('',(-16.23490771517,-13.1,-20.));
#5579 = CARTESIAN_POINT('',(6.704723145528,-13.1,60.));
#5580 = PCURVE('',#3126,#5581);
#5581 = DEFINITIONAL_REPRESENTATION('',(#5582),#5586);
#5582 = LINE('',#5583,#5584);
#5583 = CARTESIAN_POINT('',(41.119832237205,0.));
#5584 = VECTOR('',#5585,1.);
#5585 = DIRECTION('',(0.,1.));
#5586 = ( GEOMETRIC_REPRESENTATION_CONTEXT(2) 
PARAMETRIC_REPRESENTATION_CONTEXT() REPRESENTATION_CONTEXT('2D SPACE',''
  ) );
#5587 = PCURVE('',#2764,#5588);
#5588 = DEFINITIONAL_REPRESENTATION('',(#5589),#5592);
#5589 = B_SPLINE_CURVE_WITH_KNOTS('',1,(#5590,#5591),.UNSPECIFIED.,.F.,
  .F.,(2,2),(0.,1.),.PIECEWISE_BEZIER_KNOTS.);
#5590 = CARTESIAN_POINT('',(0.,-83.22395486892));
#5591 = CARTESIAN_POINT('',(0.,0.));
#5592 = ( GEOMETRIC_REPRESENTATION_CONTEXT(2) 
PARAMETRIC_REPRESENTATION_CONTEXT() REPRESENTATION_CONTEXT('2D SPACE',''
  ) );
#5593 = ORIENTED_EDGE('',*,*,#2776,.T.);
#5594 = ORIENTED_EDGE('',*,*,#4725,.F.);
#5595 = ADVANCED_FACE('',(#5596),#2764,.F.);
#5596 = FACE_BOUND('',#5597,.F.);
#5597 = EDGE_LOOP('',(#5598,#5599,#5600,#5601));
#5598 = ORIENTED_EDGE('',*,*,#5575,.F.);
#5599 = ORIENTED_EDGE('',*,*,#4868,.T.);
#5600 = ORIENTED_EDGE('',*,*,#5541,.T.);
#5601 = ORIENTED_EDGE('',*,*,#2748,.F.);
#5602 = ADVANCED_FACE('',(#5603),#3379,.T.);
#5603 = FACE_BOUND('',#5604,.F.);
#5604 = EDGE_LOOP('',(#5605,#5606,#5629,#5656));
#5605 = ORIENTED_EDGE('',*,*,#3358,.T.);
#5606 = ORIENTED_EDGE('',*,*,#5607,.T.);
#5607 = EDGE_CURVE('',#3359,#5608,#5610,.T.);
#5608 = VERTEX_POINT('',#5609);
#5609 = CARTESIAN_POINT('',(-7.853018456965,-17.375,5.85));
#5610 = SEAM_CURVE('',#5611,(#5615,#5622),.PCURVE_S1.);
#5611 = LINE('',#5612,#5613);
#5612 = CARTESIAN_POINT('',(-7.853018456965,-17.375,3.4));
#5613 = VECTOR('',#5614,1.);
#5614 = DIRECTION('',(0.,0.,1.));
#5615 = PCURVE('',#3379,#5616);
#5616 = DEFINITIONAL_REPRESENTATION('',(#5617),#5621);
#5617 = LINE('',#5618,#5619);
#5618 = CARTESIAN_POINT('',(-6.28318530718,0.));
#5619 = VECTOR('',#5620,1.);
#5620 = DIRECTION('',(-0.,-1.));
#5621 = ( GEOMETRIC_REPRESENTATION_CONTEXT(2) 
PARAMETRIC_REPRESENTATION_CONTEXT() REPRESENTATION_CONTEXT('2D SPACE',''
  ) );
#5622 = PCURVE('',#3379,#5623);
#5623 = DEFINITIONAL_REPRESENTATION('',(#5624),#5628);
#5624 = LINE('',#5625,#5626);
#5625 = CARTESIAN_POINT('',(-0.,0.));
#5626 = VECTOR('',#5627,1.);
#5627 = DIRECTION('',(-0.,-1.));
#5628 = ( GEOMETRIC_REPRESENTATION_CONTEXT(2) 
PARAMETRIC_REPRESENTATION_CONTEXT() REPRESENTATION_CONTEXT('2D SPACE',''
  ) );
#5629 = ORIENTED_EDGE('',*,*,#5630,.T.);
#5630 = EDGE_CURVE('',#5608,#5608,#5631,.T.);
#5631 = SURFACE_CURVE('',#5632,(#5637,#5644),.PCURVE_S1.);
#5632 = CIRCLE('',#5633,1.5);
#5633 = AXIS2_PLACEMENT_3D('',#5634,#5635,#5636);
#5634 = CARTESIAN_POINT('',(-9.353018456965,-17.375,5.85));
#5635 = DIRECTION('',(0.,0.,1.));
#5636 = DIRECTION('',(1.,0.,0.));
#5637 = PCURVE('',#3379,#5638);
#5638 = DEFINITIONAL_REPRESENTATION('',(#5639),#5643);
#5639 = LINE('',#5640,#5641);
#5640 = CARTESIAN_POINT('',(-0.,-2.45));
#5641 = VECTOR('',#5642,1.);
#5642 = DIRECTION('',(-1.,0.));
#5643 = ( GEOMETRIC_REPRESENTATION_CONTEXT(2) 
PARAMETRIC_REPRESENTATION_CONTEXT() REPRESENTATION_CONTEXT('2D SPACE',''
  ) );
#5644 = PCURVE('',#5645,#5650);
#5645 = PLANE('',#5646);
#5646 = AXIS2_PLACEMENT_3D('',#5647,#5648,#5649);
#5647 = CARTESIAN_POINT('',(-9.353018456965,-17.375,5.85));
#5648 = DIRECTION('',(0.,0.,1.));
#5649 = DIRECTION('',(1.,0.,0.));
#5650 = DEFINITIONAL_REPRESENTATION('',(#5651),#5655);
#5651 = CIRCLE('',#5652,1.5);
#5652 = AXIS2_PLACEMENT_2D('',#5653,#5654);
#5653 = CARTESIAN_POINT('',(0.,0.));
#5654 = DIRECTION('',(1.,0.));
#5655 = ( GEOMETRIC_REPRESENTATION_CONTEXT(2) 
PARAMETRIC_REPRESENTATION_CONTEXT() REPRESENTATION_CONTEXT('2D SPACE',''
  ) );
#5656 = ORIENTED_EDGE('',*,*,#5607,.F.);
#5657 = ADVANCED_FACE('',(#5658),#3411,.F.);
#5658 = FACE_BOUND('',#5659,.F.);
#5659 = EDGE_LOOP('',(#5660,#5690,#5711,#5712));
#5660 = ORIENTED_EDGE('',*,*,#5661,.F.);
#5661 = EDGE_CURVE('',#5662,#5664,#5666,.T.);
#5662 = VERTEX_POINT('',#5663);
#5663 = CARTESIAN_POINT('',(8.874989355535,-20.20000020345,3.4));
#5664 = VERTEX_POINT('',#5665);
#5665 = CARTESIAN_POINT('',(8.874989355535,-18.24399759928,3.4));
#5666 = SURFACE_CURVE('',#5667,(#5671,#5678),.PCURVE_S1.);
#5667 = LINE('',#5668,#5669);
#5668 = CARTESIAN_POINT('',(8.874989355535,-20.20000020345,3.4));
#5669 = VECTOR('',#5670,1.);
#5670 = DIRECTION('',(0.,1.,0.));
#5671 = PCURVE('',#3411,#5672);
#5672 = DEFINITIONAL_REPRESENTATION('',(#5673),#5677);
#5673 = LINE('',#5674,#5675);
#5674 = CARTESIAN_POINT('',(0.,0.));
#5675 = VECTOR('',#5676,1.);
#5676 = DIRECTION('',(1.,0.));
#5677 = ( GEOMETRIC_REPRESENTATION_CONTEXT(2) 
PARAMETRIC_REPRESENTATION_CONTEXT() REPRESENTATION_CONTEXT('2D SPACE',''
  ) );
#5678 = PCURVE('',#5679,#5684);
#5679 = PLANE('',#5680);
#5680 = AXIS2_PLACEMENT_3D('',#5681,#5682,#5683);
#5681 = CARTESIAN_POINT('',(7.922984147202,-20.20000020345,3.4));
#5682 = DIRECTION('',(0.,0.,1.));
#5683 = DIRECTION('',(1.,0.,0.));
#5684 = DEFINITIONAL_REPRESENTATION('',(#5685),#5689);
#5685 = LINE('',#5686,#5687);
#5686 = CARTESIAN_POINT('',(0.952005208333,0.));
#5687 = VECTOR('',#5688,1.);
#5688 = DIRECTION('',(0.,1.));
#5689 = ( GEOMETRIC_REPRESENTATION_CONTEXT(2) 
PARAMETRIC_REPRESENTATION_CONTEXT() REPRESENTATION_CONTEXT('2D SPACE',''
  ) );
#5690 = ORIENTED_EDGE('',*,*,#5691,.T.);
#5691 = EDGE_CURVE('',#5662,#3396,#5692,.T.);
#5692 = SURFACE_CURVE('',#5693,(#5697,#5704),.PCURVE_S1.);
#5693 = LINE('',#5694,#5695);
#5694 = CARTESIAN_POINT('',(8.874989355535,-20.20000020345,3.4));
#5695 = VECTOR('',#5696,1.);
#5696 = DIRECTION('',(0.,0.,1.));
#5697 = PCURVE('',#3411,#5698);
#5698 = DEFINITIONAL_REPRESENTATION('',(#5699),#5703);
#5699 = LINE('',#5700,#5701);
#5700 = CARTESIAN_POINT('',(0.,0.));
#5701 = VECTOR('',#5702,1.);
#5702 = DIRECTION('',(0.,-1.));
#5703 = ( GEOMETRIC_REPRESENTATION_CONTEXT(2) 
PARAMETRIC_REPRESENTATION_CONTEXT() REPRESENTATION_CONTEXT('2D SPACE',''
  ) );
#5704 = PCURVE('',#3651,#5705);
#5705 = DEFINITIONAL_REPRESENTATION('',(#5706),#5710);
#5706 = LINE('',#5707,#5708);
#5707 = CARTESIAN_POINT('',(0.56,0.));
#5708 = VECTOR('',#5709,1.);
#5709 = DIRECTION('',(0.,-1.));
#5710 = ( GEOMETRIC_REPRESENTATION_CONTEXT(2) 
PARAMETRIC_REPRESENTATION_CONTEXT() REPRESENTATION_CONTEXT('2D SPACE',''
  ) );
#5711 = ORIENTED_EDGE('',*,*,#3393,.F.);
#5712 = ORIENTED_EDGE('',*,*,#5713,.F.);
#5713 = EDGE_CURVE('',#5664,#3394,#5714,.T.);
#5714 = SURFACE_CURVE('',#5715,(#5719,#5726),.PCURVE_S1.);
#5715 = LINE('',#5716,#5717);
#5716 = CARTESIAN_POINT('',(8.874989355535,-18.24399759928,3.4));
#5717 = VECTOR('',#5718,1.);
#5718 = DIRECTION('',(0.,0.,1.));
#5719 = PCURVE('',#3411,#5720);
#5720 = DEFINITIONAL_REPRESENTATION('',(#5721),#5725);
#5721 = LINE('',#5722,#5723);
#5722 = CARTESIAN_POINT('',(1.956002604167,0.));
#5723 = VECTOR('',#5724,1.);
#5724 = DIRECTION('',(0.,-1.));
#5725 = ( GEOMETRIC_REPRESENTATION_CONTEXT(2) 
PARAMETRIC_REPRESENTATION_CONTEXT() REPRESENTATION_CONTEXT('2D SPACE',''
  ) );
#5726 = PCURVE('',#3439,#5727);
#5727 = DEFINITIONAL_REPRESENTATION('',(#5728),#5732);
#5728 = LINE('',#5729,#5730);
#5729 = CARTESIAN_POINT('',(0.,-0.));
#5730 = VECTOR('',#5731,1.);
#5731 = DIRECTION('',(0.,-1.));
#5732 = ( GEOMETRIC_REPRESENTATION_CONTEXT(2) 
PARAMETRIC_REPRESENTATION_CONTEXT() REPRESENTATION_CONTEXT('2D SPACE',''
  ) );
#5733 = ADVANCED_FACE('',(#5734),#3439,.F.);
#5734 = FACE_BOUND('',#5735,.F.);
#5735 = EDGE_LOOP('',(#5736,#5759,#5760,#5761));
#5736 = ORIENTED_EDGE('',*,*,#5737,.F.);
#5737 = EDGE_CURVE('',#5664,#5738,#5740,.T.);
#5738 = VERTEX_POINT('',#5739);
#5739 = CARTESIAN_POINT('',(8.194989355535,-18.24399759928,3.4));
#5740 = SURFACE_CURVE('',#5741,(#5745,#5752),.PCURVE_S1.);
#5741 = LINE('',#5742,#5743);
#5742 = CARTESIAN_POINT('',(8.874989355535,-18.24399759928,3.4));
#5743 = VECTOR('',#5744,1.);
#5744 = DIRECTION('',(-1.,0.,0.));
#5745 = PCURVE('',#3439,#5746);
#5746 = DEFINITIONAL_REPRESENTATION('',(#5747),#5751);
#5747 = LINE('',#5748,#5749);
#5748 = CARTESIAN_POINT('',(0.,-0.));
#5749 = VECTOR('',#5750,1.);
#5750 = DIRECTION('',(1.,0.));
#5751 = ( GEOMETRIC_REPRESENTATION_CONTEXT(2) 
PARAMETRIC_REPRESENTATION_CONTEXT() REPRESENTATION_CONTEXT('2D SPACE',''
  ) );
#5752 = PCURVE('',#5679,#5753);
#5753 = DEFINITIONAL_REPRESENTATION('',(#5754),#5758);
#5754 = LINE('',#5755,#5756);
#5755 = CARTESIAN_POINT('',(0.952005208333,1.956002604167));
#5756 = VECTOR('',#5757,1.);
#5757 = DIRECTION('',(-1.,0.));
#5758 = ( GEOMETRIC_REPRESENTATION_CONTEXT(2) 
PARAMETRIC_REPRESENTATION_CONTEXT() REPRESENTATION_CONTEXT('2D SPACE',''
  ) );
#5759 = ORIENTED_EDGE('',*,*,#5713,.T.);
#5760 = ORIENTED_EDGE('',*,*,#3423,.F.);
#5761 = ORIENTED_EDGE('',*,*,#5762,.F.);
#5762 = EDGE_CURVE('',#5738,#3424,#5763,.T.);
#5763 = SURFACE_CURVE('',#5764,(#5768,#5775),.PCURVE_S1.);
#5764 = LINE('',#5765,#5766);
#5765 = CARTESIAN_POINT('',(8.194989355535,-18.24399759928,3.4));
#5766 = VECTOR('',#5767,1.);
#5767 = DIRECTION('',(0.,0.,1.));
#5768 = PCURVE('',#3439,#5769);
#5769 = DEFINITIONAL_REPRESENTATION('',(#5770),#5774);
#5770 = LINE('',#5771,#5772);
#5771 = CARTESIAN_POINT('',(0.68,0.));
#5772 = VECTOR('',#5773,1.);
#5773 = DIRECTION('',(0.,-1.));
#5774 = ( GEOMETRIC_REPRESENTATION_CONTEXT(2) 
PARAMETRIC_REPRESENTATION_CONTEXT() REPRESENTATION_CONTEXT('2D SPACE',''
  ) );
#5775 = PCURVE('',#3467,#5776);
#5776 = DEFINITIONAL_REPRESENTATION('',(#5777),#5781);
#5777 = LINE('',#5778,#5779);
#5778 = CARTESIAN_POINT('',(0.,0.));
#5779 = VECTOR('',#5780,1.);
#5780 = DIRECTION('',(0.,-1.));
#5781 = ( GEOMETRIC_REPRESENTATION_CONTEXT(2) 
PARAMETRIC_REPRESENTATION_CONTEXT() REPRESENTATION_CONTEXT('2D SPACE',''
  ) );
#5782 = ADVANCED_FACE('',(#5783),#3651,.F.);
#5783 = FACE_BOUND('',#5784,.F.);
#5784 = EDGE_LOOP('',(#5785,#5808,#5829,#5830));
#5785 = ORIENTED_EDGE('',*,*,#5786,.F.);
#5786 = EDGE_CURVE('',#5787,#5662,#5789,.T.);
#5787 = VERTEX_POINT('',#5788);
#5788 = CARTESIAN_POINT('',(9.434989355535,-20.20000020345,3.4));
#5789 = SURFACE_CURVE('',#5790,(#5794,#5801),.PCURVE_S1.);
#5790 = LINE('',#5791,#5792);
#5791 = CARTESIAN_POINT('',(9.434989355535,-20.20000020345,3.4));
#5792 = VECTOR('',#5793,1.);
#5793 = DIRECTION('',(-1.,0.,0.));
#5794 = PCURVE('',#3651,#5795);
#5795 = DEFINITIONAL_REPRESENTATION('',(#5796),#5800);
#5796 = LINE('',#5797,#5798);
#5797 = CARTESIAN_POINT('',(0.,-0.));
#5798 = VECTOR('',#5799,1.);
#5799 = DIRECTION('',(1.,0.));
#5800 = ( GEOMETRIC_REPRESENTATION_CONTEXT(2) 
PARAMETRIC_REPRESENTATION_CONTEXT() REPRESENTATION_CONTEXT('2D SPACE',''
  ) );
#5801 = PCURVE('',#5679,#5802);
#5802 = DEFINITIONAL_REPRESENTATION('',(#5803),#5807);
#5803 = LINE('',#5804,#5805);
#5804 = CARTESIAN_POINT('',(1.512005208333,0.));
#5805 = VECTOR('',#5806,1.);
#5806 = DIRECTION('',(-1.,0.));
#5807 = ( GEOMETRIC_REPRESENTATION_CONTEXT(2) 
PARAMETRIC_REPRESENTATION_CONTEXT() REPRESENTATION_CONTEXT('2D SPACE',''
  ) );
#5808 = ORIENTED_EDGE('',*,*,#5809,.T.);
#5809 = EDGE_CURVE('',#5787,#3610,#5810,.T.);
#5810 = SURFACE_CURVE('',#5811,(#5815,#5822),.PCURVE_S1.);
#5811 = LINE('',#5812,#5813);
#5812 = CARTESIAN_POINT('',(9.434989355535,-20.20000020345,3.4));
#5813 = VECTOR('',#5814,1.);
#5814 = DIRECTION('',(0.,0.,1.));
#5815 = PCURVE('',#3651,#5816);
#5816 = DEFINITIONAL_REPRESENTATION('',(#5817),#5821);
#5817 = LINE('',#5818,#5819);
#5818 = CARTESIAN_POINT('',(0.,-0.));
#5819 = VECTOR('',#5820,1.);
#5820 = DIRECTION('',(0.,-1.));
#5821 = ( GEOMETRIC_REPRESENTATION_CONTEXT(2) 
PARAMETRIC_REPRESENTATION_CONTEXT() REPRESENTATION_CONTEXT('2D SPACE',''
  ) );
#5822 = PCURVE('',#3625,#5823);
#5823 = DEFINITIONAL_REPRESENTATION('',(#5824),#5828);
#5824 = LINE('',#5825,#5826);
#5825 = CARTESIAN_POINT('',(2.836002604167,0.));
#5826 = VECTOR('',#5827,1.);
#5827 = DIRECTION('',(0.,-1.));
#5828 = ( GEOMETRIC_REPRESENTATION_CONTEXT(2) 
PARAMETRIC_REPRESENTATION_CONTEXT() REPRESENTATION_CONTEXT('2D SPACE',''
  ) );
#5829 = ORIENTED_EDGE('',*,*,#3637,.F.);
#5830 = ORIENTED_EDGE('',*,*,#5691,.F.);
#5831 = ADVANCED_FACE('',(#5832),#3467,.F.);
#5832 = FACE_BOUND('',#5833,.F.);
#5833 = EDGE_LOOP('',(#5834,#5857,#5858,#5859));
#5834 = ORIENTED_EDGE('',*,*,#5835,.F.);
#5835 = EDGE_CURVE('',#5738,#5836,#5838,.T.);
#5836 = VERTEX_POINT('',#5837);
#5837 = CARTESIAN_POINT('',(8.194989355535,-17.87200541178,3.4));
#5838 = SURFACE_CURVE('',#5839,(#5843,#5850),.PCURVE_S1.);
#5839 = LINE('',#5840,#5841);
#5840 = CARTESIAN_POINT('',(8.194989355535,-18.24399759928,3.4));
#5841 = VECTOR('',#5842,1.);
#5842 = DIRECTION('',(0.,1.,0.));
#5843 = PCURVE('',#3467,#5844);
#5844 = DEFINITIONAL_REPRESENTATION('',(#5845),#5849);
#5845 = LINE('',#5846,#5847);
#5846 = CARTESIAN_POINT('',(-3.552713678801E-15,0.));
#5847 = VECTOR('',#5848,1.);
#5848 = DIRECTION('',(1.,0.));
#5849 = ( GEOMETRIC_REPRESENTATION_CONTEXT(2) 
PARAMETRIC_REPRESENTATION_CONTEXT() REPRESENTATION_CONTEXT('2D SPACE',''
  ) );
#5850 = PCURVE('',#5679,#5851);
#5851 = DEFINITIONAL_REPRESENTATION('',(#5852),#5856);
#5852 = LINE('',#5853,#5854);
#5853 = CARTESIAN_POINT('',(0.272005208333,1.956002604167));
#5854 = VECTOR('',#5855,1.);
#5855 = DIRECTION('',(0.,1.));
#5856 = ( GEOMETRIC_REPRESENTATION_CONTEXT(2) 
PARAMETRIC_REPRESENTATION_CONTEXT() REPRESENTATION_CONTEXT('2D SPACE',''
  ) );
#5857 = ORIENTED_EDGE('',*,*,#5762,.T.);
#5858 = ORIENTED_EDGE('',*,*,#3451,.F.);
#5859 = ORIENTED_EDGE('',*,*,#5860,.F.);
#5860 = EDGE_CURVE('',#5836,#3452,#5861,.T.);
#5861 = SURFACE_CURVE('',#5862,(#5866,#5873),.PCURVE_S1.);
#5862 = LINE('',#5863,#5864);
#5863 = CARTESIAN_POINT('',(8.194989355535,-17.87200541178,3.4));
#5864 = VECTOR('',#5865,1.);
#5865 = DIRECTION('',(0.,0.,1.));
#5866 = PCURVE('',#3467,#5867);
#5867 = DEFINITIONAL_REPRESENTATION('',(#5868),#5872);
#5868 = LINE('',#5869,#5870);
#5869 = CARTESIAN_POINT('',(0.3719921875,0.));
#5870 = VECTOR('',#5871,1.);
#5871 = DIRECTION('',(0.,-1.));
#5872 = ( GEOMETRIC_REPRESENTATION_CONTEXT(2) 
PARAMETRIC_REPRESENTATION_CONTEXT() REPRESENTATION_CONTEXT('2D SPACE',''
  ) );
#5873 = PCURVE('',#3543,#5874);
#5874 = DEFINITIONAL_REPRESENTATION('',(#5875),#5879);
#5875 = LINE('',#5876,#5877);
#5876 = CARTESIAN_POINT('',(0.,0.));
#5877 = VECTOR('',#5878,1.);
#5878 = DIRECTION('',(0.,-1.));
#5879 = ( GEOMETRIC_REPRESENTATION_CONTEXT(2) 
PARAMETRIC_REPRESENTATION_CONTEXT() REPRESENTATION_CONTEXT('2D SPACE',''
  ) );
#5880 = ADVANCED_FACE('',(#5881),#3625,.F.);
#5881 = FACE_BOUND('',#5882,.F.);
#5882 = EDGE_LOOP('',(#5883,#5906,#5927,#5928));
#5883 = ORIENTED_EDGE('',*,*,#5884,.F.);
#5884 = EDGE_CURVE('',#5885,#5787,#5887,.T.);
#5885 = VERTEX_POINT('',#5886);
#5886 = CARTESIAN_POINT('',(9.434989355535,-17.36399759928,3.4));
#5887 = SURFACE_CURVE('',#5888,(#5892,#5899),.PCURVE_S1.);
#5888 = LINE('',#5889,#5890);
#5889 = CARTESIAN_POINT('',(9.434989355535,-17.36399759928,3.4));
#5890 = VECTOR('',#5891,1.);
#5891 = DIRECTION('',(0.,-1.,0.));
#5892 = PCURVE('',#3625,#5893);
#5893 = DEFINITIONAL_REPRESENTATION('',(#5894),#5898);
#5894 = LINE('',#5895,#5896);
#5895 = CARTESIAN_POINT('',(0.,0.));
#5896 = VECTOR('',#5897,1.);
#5897 = DIRECTION('',(1.,0.));
#5898 = ( GEOMETRIC_REPRESENTATION_CONTEXT(2) 
PARAMETRIC_REPRESENTATION_CONTEXT() REPRESENTATION_CONTEXT('2D SPACE',''
  ) );
#5899 = PCURVE('',#5679,#5900);
#5900 = DEFINITIONAL_REPRESENTATION('',(#5901),#5905);
#5901 = LINE('',#5902,#5903);
#5902 = CARTESIAN_POINT('',(1.512005208333,2.836002604167));
#5903 = VECTOR('',#5904,1.);
#5904 = DIRECTION('',(0.,-1.));
#5905 = ( GEOMETRIC_REPRESENTATION_CONTEXT(2) 
PARAMETRIC_REPRESENTATION_CONTEXT() REPRESENTATION_CONTEXT('2D SPACE',''
  ) );
#5906 = ORIENTED_EDGE('',*,*,#5907,.T.);
#5907 = EDGE_CURVE('',#5885,#3582,#5908,.T.);
#5908 = SURFACE_CURVE('',#5909,(#5913,#5920),.PCURVE_S1.);
#5909 = LINE('',#5910,#5911);
#5910 = CARTESIAN_POINT('',(9.434989355535,-17.36399759928,3.4));
#5911 = VECTOR('',#5912,1.);
#5912 = DIRECTION('',(0.,0.,1.));
#5913 = PCURVE('',#3625,#5914);
#5914 = DEFINITIONAL_REPRESENTATION('',(#5915),#5919);
#5915 = LINE('',#5916,#5917);
#5916 = CARTESIAN_POINT('',(0.,0.));
#5917 = VECTOR('',#5918,1.);
#5918 = DIRECTION('',(0.,-1.));
#5919 = ( GEOMETRIC_REPRESENTATION_CONTEXT(2) 
PARAMETRIC_REPRESENTATION_CONTEXT() REPRESENTATION_CONTEXT('2D SPACE',''
  ) );
#5920 = PCURVE('',#3597,#5921);
#5921 = DEFINITIONAL_REPRESENTATION('',(#5922),#5926);
#5922 = LINE('',#5923,#5924);
#5923 = CARTESIAN_POINT('',(0.372005208333,0.));
#5924 = VECTOR('',#5925,1.);
#5925 = DIRECTION('',(0.,-1.));
#5926 = ( GEOMETRIC_REPRESENTATION_CONTEXT(2) 
PARAMETRIC_REPRESENTATION_CONTEXT() REPRESENTATION_CONTEXT('2D SPACE',''
  ) );
#5927 = ORIENTED_EDGE('',*,*,#3609,.F.);
#5928 = ORIENTED_EDGE('',*,*,#5809,.F.);
#5929 = ADVANCED_FACE('',(#5930),#3543,.F.);
#5930 = FACE_BOUND('',#5931,.F.);
#5931 = EDGE_LOOP('',(#5932,#5955,#5956,#5957));
#5932 = ORIENTED_EDGE('',*,*,#5933,.F.);
#5933 = EDGE_CURVE('',#5836,#5934,#5936,.T.);
#5934 = VERTEX_POINT('',#5935);
#5935 = CARTESIAN_POINT('',(9.062984147202,-17.36399759928,3.4));
#5936 = SURFACE_CURVE('',#5937,(#5941,#5948),.PCURVE_S1.);
#5937 = B_SPLINE_CURVE_WITH_KNOTS('',2,(#5938,#5939,#5940),
  .UNSPECIFIED.,.F.,.F.,(3,3),(0.,1.),.PIECEWISE_BEZIER_KNOTS.);
#5938 = CARTESIAN_POINT('',(8.194989355535,-17.87200541178,3.4));
#5939 = CARTESIAN_POINT('',(8.930978938869,-17.87200541178,3.4));
#5940 = CARTESIAN_POINT('',(9.062984147202,-17.36399759928,3.4));
#5941 = PCURVE('',#3543,#5942);
#5942 = DEFINITIONAL_REPRESENTATION('',(#5943),#5947);
#5943 = LINE('',#5944,#5945);
#5944 = CARTESIAN_POINT('',(0.,0.));
#5945 = VECTOR('',#5946,1.);
#5946 = DIRECTION('',(1.,0.));
#5947 = ( GEOMETRIC_REPRESENTATION_CONTEXT(2) 
PARAMETRIC_REPRESENTATION_CONTEXT() REPRESENTATION_CONTEXT('2D SPACE',''
  ) );
#5948 = PCURVE('',#5679,#5949);
#5949 = DEFINITIONAL_REPRESENTATION('',(#5950),#5954);
#5950 = B_SPLINE_CURVE_WITH_KNOTS('',2,(#5951,#5952,#5953),
  .UNSPECIFIED.,.F.,.F.,(3,3),(0.,1.),.PIECEWISE_BEZIER_KNOTS.);
#5951 = CARTESIAN_POINT('',(0.272005208333,2.327994791667));
#5952 = CARTESIAN_POINT('',(1.007994791667,2.327994791667));
#5953 = CARTESIAN_POINT('',(1.14,2.836002604167));
#5954 = ( GEOMETRIC_REPRESENTATION_CONTEXT(2) 
PARAMETRIC_REPRESENTATION_CONTEXT() REPRESENTATION_CONTEXT('2D SPACE',''
  ) );
#5955 = ORIENTED_EDGE('',*,*,#5860,.T.);
#5956 = ORIENTED_EDGE('',*,*,#3479,.F.);
#5957 = ORIENTED_EDGE('',*,*,#5958,.F.);
#5958 = EDGE_CURVE('',#5934,#3480,#5959,.T.);
#5959 = SURFACE_CURVE('',#5960,(#5964,#5971),.PCURVE_S1.);
#5960 = LINE('',#5961,#5962);
#5961 = CARTESIAN_POINT('',(9.062984147202,-17.36399759928,3.4));
#5962 = VECTOR('',#5963,1.);
#5963 = DIRECTION('',(0.,0.,1.));
#5964 = PCURVE('',#3543,#5965);
#5965 = DEFINITIONAL_REPRESENTATION('',(#5966),#5970);
#5966 = LINE('',#5967,#5968);
#5967 = CARTESIAN_POINT('',(1.,0.));
#5968 = VECTOR('',#5969,1.);
#5969 = DIRECTION('',(0.,-1.));
#5970 = ( GEOMETRIC_REPRESENTATION_CONTEXT(2) 
PARAMETRIC_REPRESENTATION_CONTEXT() REPRESENTATION_CONTEXT('2D SPACE',''
  ) );
#5971 = PCURVE('',#3597,#5972);
#5972 = DEFINITIONAL_REPRESENTATION('',(#5973),#5977);
#5973 = LINE('',#5974,#5975);
#5974 = CARTESIAN_POINT('',(0.,0.));
#5975 = VECTOR('',#5976,1.);
#5976 = DIRECTION('',(0.,-1.));
#5977 = ( GEOMETRIC_REPRESENTATION_CONTEXT(2) 
PARAMETRIC_REPRESENTATION_CONTEXT() REPRESENTATION_CONTEXT('2D SPACE',''
  ) );
#5978 = ADVANCED_FACE('',(#5979),#3597,.F.);
#5979 = FACE_BOUND('',#5980,.F.);
#5980 = EDGE_LOOP('',(#5981,#6002,#6003,#6004));
#5981 = ORIENTED_EDGE('',*,*,#5982,.F.);
#5982 = EDGE_CURVE('',#5934,#5885,#5983,.T.);
#5983 = SURFACE_CURVE('',#5984,(#5988,#5995),.PCURVE_S1.);
#5984 = LINE('',#5985,#5986);
#5985 = CARTESIAN_POINT('',(9.062984147202,-17.36399759928,3.4));
#5986 = VECTOR('',#5987,1.);
#5987 = DIRECTION('',(1.,0.,0.));
#5988 = PCURVE('',#3597,#5989);
#5989 = DEFINITIONAL_REPRESENTATION('',(#5990),#5994);
#5990 = LINE('',#5991,#5992);
#5991 = CARTESIAN_POINT('',(0.,0.));
#5992 = VECTOR('',#5993,1.);
#5993 = DIRECTION('',(1.,0.));
#5994 = ( GEOMETRIC_REPRESENTATION_CONTEXT(2) 
PARAMETRIC_REPRESENTATION_CONTEXT() REPRESENTATION_CONTEXT('2D SPACE',''
  ) );
#5995 = PCURVE('',#5679,#5996);
#5996 = DEFINITIONAL_REPRESENTATION('',(#5997),#6001);
#5997 = LINE('',#5998,#5999);
#5998 = CARTESIAN_POINT('',(1.14,2.836002604167));
#5999 = VECTOR('',#6000,1.);
#6000 = DIRECTION('',(1.,0.));
#6001 = ( GEOMETRIC_REPRESENTATION_CONTEXT(2) 
PARAMETRIC_REPRESENTATION_CONTEXT() REPRESENTATION_CONTEXT('2D SPACE',''
  ) );
#6002 = ORIENTED_EDGE('',*,*,#5958,.T.);
#6003 = ORIENTED_EDGE('',*,*,#3581,.F.);
#6004 = ORIENTED_EDGE('',*,*,#5907,.F.);
#6005 = ADVANCED_FACE('',(#6006),#3765,.F.);
#6006 = FACE_BOUND('',#6007,.F.);
#6007 = EDGE_LOOP('',(#6008,#6038,#6059,#6060));
#6008 = ORIENTED_EDGE('',*,*,#6009,.F.);
#6009 = EDGE_CURVE('',#6010,#6012,#6014,.T.);
#6010 = VERTEX_POINT('',#6011);
#6011 = CARTESIAN_POINT('',(10.274976334702,-18.85200541178,3.4));
#6012 = VERTEX_POINT('',#6013);
#6013 = CARTESIAN_POINT('',(11.322984147202,-17.30399759928,3.4));
#6014 = SURFACE_CURVE('',#6015,(#6019,#6026),.PCURVE_S1.);
#6015 = B_SPLINE_CURVE_WITH_KNOTS('',2,(#6016,#6017,#6018),
  .UNSPECIFIED.,.F.,.F.,(3,3),(0.,1.),.PIECEWISE_BEZIER_KNOTS.);
#6016 = CARTESIAN_POINT('',(10.274976334702,-18.85200541178,3.4));
#6017 = CARTESIAN_POINT('',(10.274976334702,-17.30399759928,3.4));
#6018 = CARTESIAN_POINT('',(11.322984147202,-17.30399759928,3.4));
#6019 = PCURVE('',#3765,#6020);
#6020 = DEFINITIONAL_REPRESENTATION('',(#6021),#6025);
#6021 = LINE('',#6022,#6023);
#6022 = CARTESIAN_POINT('',(0.,0.));
#6023 = VECTOR('',#6024,1.);
#6024 = DIRECTION('',(1.,0.));
#6025 = ( GEOMETRIC_REPRESENTATION_CONTEXT(2) 
PARAMETRIC_REPRESENTATION_CONTEXT() REPRESENTATION_CONTEXT('2D SPACE',''
  ) );
#6026 = PCURVE('',#6027,#6032);
#6027 = PLANE('',#6028);
#6028 = AXIS2_PLACEMENT_3D('',#6029,#6030,#6031);
#6029 = CARTESIAN_POINT('',(10.146981543035,-20.20000020345,3.4));
#6030 = DIRECTION('',(0.,0.,1.));
#6031 = DIRECTION('',(1.,0.,0.));
#6032 = DEFINITIONAL_REPRESENTATION('',(#6033),#6037);
#6033 = B_SPLINE_CURVE_WITH_KNOTS('',2,(#6034,#6035,#6036),
  .UNSPECIFIED.,.F.,.F.,(3,3),(0.,1.),.PIECEWISE_BEZIER_KNOTS.);
#6034 = CARTESIAN_POINT('',(0.127994791667,1.347994791667));
#6035 = CARTESIAN_POINT('',(0.127994791667,2.896002604167));
#6036 = CARTESIAN_POINT('',(1.176002604167,2.896002604167));
#6037 = ( GEOMETRIC_REPRESENTATION_CONTEXT(2) 
PARAMETRIC_REPRESENTATION_CONTEXT() REPRESENTATION_CONTEXT('2D SPACE',''
  ) );
#6038 = ORIENTED_EDGE('',*,*,#6039,.T.);
#6039 = EDGE_CURVE('',#6010,#3668,#6040,.T.);
#6040 = SURFACE_CURVE('',#6041,(#6045,#6052),.PCURVE_S1.);
#6041 = LINE('',#6042,#6043);
#6042 = CARTESIAN_POINT('',(10.274976334702,-18.85200541178,3.4));
#6043 = VECTOR('',#6044,1.);
#6044 = DIRECTION('',(0.,0.,1.));
#6045 = PCURVE('',#3765,#6046);
#6046 = DEFINITIONAL_REPRESENTATION('',(#6047),#6051);
#6047 = LINE('',#6048,#6049);
#6048 = CARTESIAN_POINT('',(0.,0.));
#6049 = VECTOR('',#6050,1.);
#6050 = DIRECTION('',(0.,-1.));
#6051 = ( GEOMETRIC_REPRESENTATION_CONTEXT(2) 
PARAMETRIC_REPRESENTATION_CONTEXT() REPRESENTATION_CONTEXT('2D SPACE',''
  ) );
#6052 = PCURVE('',#4704,#6053);
#6053 = DEFINITIONAL_REPRESENTATION('',(#6054),#6058);
#6054 = LINE('',#6055,#6056);
#6055 = CARTESIAN_POINT('',(1.,0.));
#6056 = VECTOR('',#6057,1.);
#6057 = DIRECTION('',(0.,-1.));
#6058 = ( GEOMETRIC_REPRESENTATION_CONTEXT(2) 
PARAMETRIC_REPRESENTATION_CONTEXT() REPRESENTATION_CONTEXT('2D SPACE',''
  ) );
#6059 = ORIENTED_EDGE('',*,*,#3665,.F.);
#6060 = ORIENTED_EDGE('',*,*,#6061,.F.);
#6061 = EDGE_CURVE('',#6012,#3666,#6062,.T.);
#6062 = SURFACE_CURVE('',#6063,(#6067,#6074),.PCURVE_S1.);
#6063 = LINE('',#6064,#6065);
#6064 = CARTESIAN_POINT('',(11.322984147202,-17.30399759928,3.4));
#6065 = VECTOR('',#6066,1.);
#6066 = DIRECTION('',(0.,0.,1.));
#6067 = PCURVE('',#3765,#6068);
#6068 = DEFINITIONAL_REPRESENTATION('',(#6069),#6073);
#6069 = LINE('',#6070,#6071);
#6070 = CARTESIAN_POINT('',(1.,0.));
#6071 = VECTOR('',#6072,1.);
#6072 = DIRECTION('',(0.,-1.));
#6073 = ( GEOMETRIC_REPRESENTATION_CONTEXT(2) 
PARAMETRIC_REPRESENTATION_CONTEXT() REPRESENTATION_CONTEXT('2D SPACE',''
  ) );
#6074 = PCURVE('',#3840,#6075);
#6075 = DEFINITIONAL_REPRESENTATION('',(#6076),#6080);
#6076 = LINE('',#6077,#6078);
#6077 = CARTESIAN_POINT('',(0.,0.));
#6078 = VECTOR('',#6079,1.);
#6079 = DIRECTION('',(0.,-1.));
#6080 = ( GEOMETRIC_REPRESENTATION_CONTEXT(2) 
PARAMETRIC_REPRESENTATION_CONTEXT() REPRESENTATION_CONTEXT('2D SPACE',''
  ) );
#6081 = ADVANCED_FACE('',(#6082),#3840,.F.);
#6082 = FACE_BOUND('',#6083,.F.);
#6083 = EDGE_LOOP('',(#6084,#6107,#6108,#6109));
#6084 = ORIENTED_EDGE('',*,*,#6085,.F.);
#6085 = EDGE_CURVE('',#6012,#6086,#6088,.T.);
#6086 = VERTEX_POINT('',#6087);
#6087 = CARTESIAN_POINT('',(11.470985449285,-17.31199890136,3.4));
#6088 = SURFACE_CURVE('',#6089,(#6093,#6100),.PCURVE_S1.);
#6089 = B_SPLINE_CURVE_WITH_KNOTS('',2,(#6090,#6091,#6092),
  .UNSPECIFIED.,.F.,.F.,(3,3),(0.,1.),.PIECEWISE_BEZIER_KNOTS.);
#6090 = CARTESIAN_POINT('',(11.322984147202,-17.30399759928,3.4));
#6091 = CARTESIAN_POINT('',(11.398986751369,-17.30399759928,3.4));
#6092 = CARTESIAN_POINT('',(11.470985449285,-17.31199890136,3.4));
#6093 = PCURVE('',#3840,#6094);
#6094 = DEFINITIONAL_REPRESENTATION('',(#6095),#6099);
#6095 = LINE('',#6096,#6097);
#6096 = CARTESIAN_POINT('',(0.,0.));
#6097 = VECTOR('',#6098,1.);
#6098 = DIRECTION('',(1.,0.));
#6099 = ( GEOMETRIC_REPRESENTATION_CONTEXT(2) 
PARAMETRIC_REPRESENTATION_CONTEXT() REPRESENTATION_CONTEXT('2D SPACE',''
  ) );
#6100 = PCURVE('',#6027,#6101);
#6101 = DEFINITIONAL_REPRESENTATION('',(#6102),#6106);
#6102 = B_SPLINE_CURVE_WITH_KNOTS('',2,(#6103,#6104,#6105),
  .UNSPECIFIED.,.F.,.F.,(3,3),(0.,1.),.PIECEWISE_BEZIER_KNOTS.);
#6103 = CARTESIAN_POINT('',(1.176002604167,2.896002604167));
#6104 = CARTESIAN_POINT('',(1.252005208333,2.896002604167));
#6105 = CARTESIAN_POINT('',(1.32400390625,2.888001302083));
#6106 = ( GEOMETRIC_REPRESENTATION_CONTEXT(2) 
PARAMETRIC_REPRESENTATION_CONTEXT() REPRESENTATION_CONTEXT('2D SPACE',''
  ) );
#6107 = ORIENTED_EDGE('',*,*,#6061,.T.);
#6108 = ORIENTED_EDGE('',*,*,#3820,.F.);
#6109 = ORIENTED_EDGE('',*,*,#6110,.F.);
#6110 = EDGE_CURVE('',#6086,#3821,#6111,.T.);
#6111 = SURFACE_CURVE('',#6112,(#6116,#6123),.PCURVE_S1.);
#6112 = LINE('',#6113,#6114);
#6113 = CARTESIAN_POINT('',(11.470985449285,-17.31199890136,3.4));
#6114 = VECTOR('',#6115,1.);
#6115 = DIRECTION('',(0.,0.,1.));
#6116 = PCURVE('',#3840,#6117);
#6117 = DEFINITIONAL_REPRESENTATION('',(#6118),#6122);
#6118 = LINE('',#6119,#6120);
#6119 = CARTESIAN_POINT('',(1.,0.));
#6120 = VECTOR('',#6121,1.);
#6121 = DIRECTION('',(0.,-1.));
#6122 = ( GEOMETRIC_REPRESENTATION_CONTEXT(2) 
PARAMETRIC_REPRESENTATION_CONTEXT() REPRESENTATION_CONTEXT('2D SPACE',''
  ) );
#6123 = PCURVE('',#3878,#6124);
#6124 = DEFINITIONAL_REPRESENTATION('',(#6125),#6129);
#6125 = LINE('',#6126,#6127);
#6126 = CARTESIAN_POINT('',(0.,0.));
#6127 = VECTOR('',#6128,1.);
#6128 = DIRECTION('',(0.,-1.));
#6129 = ( GEOMETRIC_REPRESENTATION_CONTEXT(2) 
PARAMETRIC_REPRESENTATION_CONTEXT() REPRESENTATION_CONTEXT('2D SPACE',''
  ) );
#6130 = ADVANCED_FACE('',(#6131),#4704,.F.);
#6131 = FACE_BOUND('',#6132,.F.);
#6132 = EDGE_LOOP('',(#6133,#6156,#6177,#6178));
#6133 = ORIENTED_EDGE('',*,*,#6134,.F.);
#6134 = EDGE_CURVE('',#6135,#6010,#6137,.T.);
#6135 = VERTEX_POINT('',#6136);
#6136 = CARTESIAN_POINT('',(10.354976334702,-19.56600280761,3.4));
#6137 = SURFACE_CURVE('',#6138,(#6142,#6149),.PCURVE_S1.);
#6138 = B_SPLINE_CURVE_WITH_KNOTS('',2,(#6139,#6140,#6141),
  .UNSPECIFIED.,.F.,.F.,(3,3),(0.,1.),.PIECEWISE_BEZIER_KNOTS.);
#6139 = CARTESIAN_POINT('',(10.354976334702,-19.56600280761,3.4));
#6140 = CARTESIAN_POINT('',(10.274976334702,-19.27200541178,3.4));
#6141 = CARTESIAN_POINT('',(10.274976334702,-18.85200541178,3.4));
#6142 = PCURVE('',#4704,#6143);
#6143 = DEFINITIONAL_REPRESENTATION('',(#6144),#6148);
#6144 = LINE('',#6145,#6146);
#6145 = CARTESIAN_POINT('',(0.,0.));
#6146 = VECTOR('',#6147,1.);
#6147 = DIRECTION('',(1.,0.));
#6148 = ( GEOMETRIC_REPRESENTATION_CONTEXT(2) 
PARAMETRIC_REPRESENTATION_CONTEXT() REPRESENTATION_CONTEXT('2D SPACE',''
  ) );
#6149 = PCURVE('',#6027,#6150);
#6150 = DEFINITIONAL_REPRESENTATION('',(#6151),#6155);
#6151 = B_SPLINE_CURVE_WITH_KNOTS('',2,(#6152,#6153,#6154),
  .UNSPECIFIED.,.F.,.F.,(3,3),(0.,1.),.PIECEWISE_BEZIER_KNOTS.);
#6152 = CARTESIAN_POINT('',(0.207994791667,0.633997395833));
#6153 = CARTESIAN_POINT('',(0.127994791667,0.927994791667));
#6154 = CARTESIAN_POINT('',(0.127994791667,1.347994791667));
#6155 = ( GEOMETRIC_REPRESENTATION_CONTEXT(2) 
PARAMETRIC_REPRESENTATION_CONTEXT() REPRESENTATION_CONTEXT('2D SPACE',''
  ) );
#6156 = ORIENTED_EDGE('',*,*,#6157,.T.);
#6157 = EDGE_CURVE('',#6135,#4641,#6158,.T.);
#6158 = SURFACE_CURVE('',#6159,(#6163,#6170),.PCURVE_S1.);
#6159 = LINE('',#6160,#6161);
#6160 = CARTESIAN_POINT('',(10.354976334702,-19.56600280761,3.4));
#6161 = VECTOR('',#6162,1.);
#6162 = DIRECTION('',(0.,0.,1.));
#6163 = PCURVE('',#4704,#6164);
#6164 = DEFINITIONAL_REPRESENTATION('',(#6165),#6169);
#6165 = LINE('',#6166,#6167);
#6166 = CARTESIAN_POINT('',(0.,0.));
#6167 = VECTOR('',#6168,1.);
#6168 = DIRECTION('',(0.,-1.));
#6169 = ( GEOMETRIC_REPRESENTATION_CONTEXT(2) 
PARAMETRIC_REPRESENTATION_CONTEXT() REPRESENTATION_CONTEXT('2D SPACE',''
  ) );
#6170 = PCURVE('',#4664,#6171);
#6171 = DEFINITIONAL_REPRESENTATION('',(#6172),#6176);
#6172 = LINE('',#6173,#6174);
#6173 = CARTESIAN_POINT('',(1.,0.));
#6174 = VECTOR('',#6175,1.);
#6175 = DIRECTION('',(0.,-1.));
#6176 = ( GEOMETRIC_REPRESENTATION_CONTEXT(2) 
PARAMETRIC_REPRESENTATION_CONTEXT() REPRESENTATION_CONTEXT('2D SPACE',''
  ) );
#6177 = ORIENTED_EDGE('',*,*,#4682,.F.);
#6178 = ORIENTED_EDGE('',*,*,#6039,.F.);
#6179 = ADVANCED_FACE('',(#6180),#3878,.F.);
#6180 = FACE_BOUND('',#6181,.F.);
#6181 = EDGE_LOOP('',(#6182,#6205,#6206,#6207));
#6182 = ORIENTED_EDGE('',*,*,#6183,.F.);
#6183 = EDGE_CURVE('',#6086,#6184,#6186,.T.);
#6184 = VERTEX_POINT('',#6185);
#6185 = CARTESIAN_POINT('',(11.664982845119,-17.36000020345,3.4));
#6186 = SURFACE_CURVE('',#6187,(#6191,#6198),.PCURVE_S1.);
#6187 = B_SPLINE_CURVE_WITH_KNOTS('',2,(#6188,#6189,#6190),
  .UNSPECIFIED.,.F.,.F.,(3,3),(0.,1.),.PIECEWISE_BEZIER_KNOTS.);
#6188 = CARTESIAN_POINT('',(11.470985449285,-17.31199890136,3.4));
#6189 = CARTESIAN_POINT('',(11.542984147202,-17.32000020345,3.4));
#6190 = CARTESIAN_POINT('',(11.664982845119,-17.36000020345,3.4));
#6191 = PCURVE('',#3878,#6192);
#6192 = DEFINITIONAL_REPRESENTATION('',(#6193),#6197);
#6193 = LINE('',#6194,#6195);
#6194 = CARTESIAN_POINT('',(0.,0.));
#6195 = VECTOR('',#6196,1.);
#6196 = DIRECTION('',(1.,0.));
#6197 = ( GEOMETRIC_REPRESENTATION_CONTEXT(2) 
PARAMETRIC_REPRESENTATION_CONTEXT() REPRESENTATION_CONTEXT('2D SPACE',''
  ) );
#6198 = PCURVE('',#6027,#6199);
#6199 = DEFINITIONAL_REPRESENTATION('',(#6200),#6204);
#6200 = B_SPLINE_CURVE_WITH_KNOTS('',2,(#6201,#6202,#6203),
  .UNSPECIFIED.,.F.,.F.,(3,3),(0.,1.),.PIECEWISE_BEZIER_KNOTS.);
#6201 = CARTESIAN_POINT('',(1.32400390625,2.888001302083));
#6202 = CARTESIAN_POINT('',(1.396002604167,2.88));
#6203 = CARTESIAN_POINT('',(1.518001302083,2.84));
#6204 = ( GEOMETRIC_REPRESENTATION_CONTEXT(2) 
PARAMETRIC_REPRESENTATION_CONTEXT() REPRESENTATION_CONTEXT('2D SPACE',''
  ) );
#6205 = ORIENTED_EDGE('',*,*,#6110,.T.);
#6206 = ORIENTED_EDGE('',*,*,#3856,.F.);
#6207 = ORIENTED_EDGE('',*,*,#6208,.F.);
#6208 = EDGE_CURVE('',#6184,#3857,#6209,.T.);
#6209 = SURFACE_CURVE('',#6210,(#6214,#6221),.PCURVE_S1.);
#6210 = LINE('',#6211,#6212);
#6211 = CARTESIAN_POINT('',(11.664982845119,-17.36000020345,3.4));
#6212 = VECTOR('',#6213,1.);
#6213 = DIRECTION('',(0.,0.,1.));
#6214 = PCURVE('',#3878,#6215);
#6215 = DEFINITIONAL_REPRESENTATION('',(#6216),#6220);
#6216 = LINE('',#6217,#6218);
#6217 = CARTESIAN_POINT('',(1.,0.));
#6218 = VECTOR('',#6219,1.);
#6219 = DIRECTION('',(0.,-1.));
#6220 = ( GEOMETRIC_REPRESENTATION_CONTEXT(2) 
PARAMETRIC_REPRESENTATION_CONTEXT() REPRESENTATION_CONTEXT('2D SPACE',''
  ) );
#6221 = PCURVE('',#3915,#6222);
#6222 = DEFINITIONAL_REPRESENTATION('',(#6223),#6227);
#6223 = LINE('',#6224,#6225);
#6224 = CARTESIAN_POINT('',(0.,0.));
#6225 = VECTOR('',#6226,1.);
#6226 = DIRECTION('',(0.,-1.));
#6227 = ( GEOMETRIC_REPRESENTATION_CONTEXT(2) 
PARAMETRIC_REPRESENTATION_CONTEXT() REPRESENTATION_CONTEXT('2D SPACE',''
  ) );
#6228 = ADVANCED_FACE('',(#6229),#4664,.F.);
#6229 = FACE_BOUND('',#6230,.F.);
#6230 = EDGE_LOOP('',(#6231,#6254,#6275,#6276));
#6231 = ORIENTED_EDGE('',*,*,#6232,.F.);
#6232 = EDGE_CURVE('',#6233,#6135,#6235,.T.);
#6233 = VERTEX_POINT('',#6234);
#6234 = CARTESIAN_POINT('',(10.580978938869,-20.01199890136,3.4));
#6235 = SURFACE_CURVE('',#6236,(#6240,#6247),.PCURVE_S1.);
#6236 = B_SPLINE_CURVE_WITH_KNOTS('',2,(#6237,#6238,#6239),
  .UNSPECIFIED.,.F.,.F.,(3,3),(0.,1.),.PIECEWISE_BEZIER_KNOTS.);
#6237 = CARTESIAN_POINT('',(10.580978938869,-20.01199890136,3.4));
#6238 = CARTESIAN_POINT('',(10.434976334702,-19.86000020345,3.4));
#6239 = CARTESIAN_POINT('',(10.354976334702,-19.56600280761,3.4));
#6240 = PCURVE('',#4664,#6241);
#6241 = DEFINITIONAL_REPRESENTATION('',(#6242),#6246);
#6242 = LINE('',#6243,#6244);
#6243 = CARTESIAN_POINT('',(0.,0.));
#6244 = VECTOR('',#6245,1.);
#6245 = DIRECTION('',(1.,0.));
#6246 = ( GEOMETRIC_REPRESENTATION_CONTEXT(2) 
PARAMETRIC_REPRESENTATION_CONTEXT() REPRESENTATION_CONTEXT('2D SPACE',''
  ) );
#6247 = PCURVE('',#6027,#6248);
#6248 = DEFINITIONAL_REPRESENTATION('',(#6249),#6253);
#6249 = B_SPLINE_CURVE_WITH_KNOTS('',2,(#6250,#6251,#6252),
  .UNSPECIFIED.,.F.,.F.,(3,3),(0.,1.),.PIECEWISE_BEZIER_KNOTS.);
#6250 = CARTESIAN_POINT('',(0.433997395833,0.188001302083));
#6251 = CARTESIAN_POINT('',(0.287994791667,0.34));
#6252 = CARTESIAN_POINT('',(0.207994791667,0.633997395833));
#6253 = ( GEOMETRIC_REPRESENTATION_CONTEXT(2) 
PARAMETRIC_REPRESENTATION_CONTEXT() REPRESENTATION_CONTEXT('2D SPACE',''
  ) );
#6254 = ORIENTED_EDGE('',*,*,#6255,.T.);
#6255 = EDGE_CURVE('',#6233,#4602,#6256,.T.);
#6256 = SURFACE_CURVE('',#6257,(#6261,#6268),.PCURVE_S1.);
#6257 = LINE('',#6258,#6259);
#6258 = CARTESIAN_POINT('',(10.580978938869,-20.01199890136,3.4));
#6259 = VECTOR('',#6260,1.);
#6260 = DIRECTION('',(0.,0.,1.));
#6261 = PCURVE('',#4664,#6262);
#6262 = DEFINITIONAL_REPRESENTATION('',(#6263),#6267);
#6263 = LINE('',#6264,#6265);
#6264 = CARTESIAN_POINT('',(0.,0.));
#6265 = VECTOR('',#6266,1.);
#6266 = DIRECTION('',(0.,-1.));
#6267 = ( GEOMETRIC_REPRESENTATION_CONTEXT(2) 
PARAMETRIC_REPRESENTATION_CONTEXT() REPRESENTATION_CONTEXT('2D SPACE',''
  ) );
#6268 = PCURVE('',#4623,#6269);
#6269 = DEFINITIONAL_REPRESENTATION('',(#6270),#6274);
#6270 = LINE('',#6271,#6272);
#6271 = CARTESIAN_POINT('',(1.,0.));
#6272 = VECTOR('',#6273,1.);
#6273 = DIRECTION('',(0.,-1.));
#6274 = ( GEOMETRIC_REPRESENTATION_CONTEXT(2) 
PARAMETRIC_REPRESENTATION_CONTEXT() REPRESENTATION_CONTEXT('2D SPACE',''
  ) );
#6275 = ORIENTED_EDGE('',*,*,#4640,.F.);
#6276 = ORIENTED_EDGE('',*,*,#6157,.F.);
#6277 = ADVANCED_FACE('',(#6278),#3915,.F.);
#6278 = FACE_BOUND('',#6279,.F.);
#6279 = EDGE_LOOP('',(#6280,#6303,#6304,#6305));
#6280 = ORIENTED_EDGE('',*,*,#6281,.F.);
#6281 = EDGE_CURVE('',#6184,#6282,#6284,.T.);
#6282 = VERTEX_POINT('',#6283);
#6283 = CARTESIAN_POINT('',(11.880978938869,-17.46800150553,3.4));
#6284 = SURFACE_CURVE('',#6285,(#6289,#6296),.PCURVE_S1.);
#6285 = B_SPLINE_CURVE_WITH_KNOTS('',2,(#6286,#6287,#6288),
  .UNSPECIFIED.,.F.,.F.,(3,3),(0.,1.),.PIECEWISE_BEZIER_KNOTS.);
#6286 = CARTESIAN_POINT('',(11.664982845119,-17.36000020345,3.4));
#6287 = CARTESIAN_POINT('',(11.786981543035,-17.40000020345,3.4));
#6288 = CARTESIAN_POINT('',(11.880978938869,-17.46800150553,3.4));
#6289 = PCURVE('',#3915,#6290);
#6290 = DEFINITIONAL_REPRESENTATION('',(#6291),#6295);
#6291 = LINE('',#6292,#6293);
#6292 = CARTESIAN_POINT('',(0.,0.));
#6293 = VECTOR('',#6294,1.);
#6294 = DIRECTION('',(1.,0.));
#6295 = ( GEOMETRIC_REPRESENTATION_CONTEXT(2) 
PARAMETRIC_REPRESENTATION_CONTEXT() REPRESENTATION_CONTEXT('2D SPACE',''
  ) );
#6296 = PCURVE('',#6027,#6297);
#6297 = DEFINITIONAL_REPRESENTATION('',(#6298),#6302);
#6298 = B_SPLINE_CURVE_WITH_KNOTS('',2,(#6299,#6300,#6301),
  .UNSPECIFIED.,.F.,.F.,(3,3),(0.,1.),.PIECEWISE_BEZIER_KNOTS.);
#6299 = CARTESIAN_POINT('',(1.518001302083,2.84));
#6300 = CARTESIAN_POINT('',(1.64,2.8));
#6301 = CARTESIAN_POINT('',(1.733997395833,2.731998697917));
#6302 = ( GEOMETRIC_REPRESENTATION_CONTEXT(2) 
PARAMETRIC_REPRESENTATION_CONTEXT() REPRESENTATION_CONTEXT('2D SPACE',''
  ) );
#6303 = ORIENTED_EDGE('',*,*,#6208,.T.);
#6304 = ORIENTED_EDGE('',*,*,#3895,.F.);
#6305 = ORIENTED_EDGE('',*,*,#6306,.F.);
#6306 = EDGE_CURVE('',#6282,#3896,#6307,.T.);
#6307 = SURFACE_CURVE('',#6308,(#6312,#6319),.PCURVE_S1.);
#6308 = LINE('',#6309,#6310);
#6309 = CARTESIAN_POINT('',(11.880978938869,-17.46800150553,3.4));
#6310 = VECTOR('',#6311,1.);
#6311 = DIRECTION('',(0.,0.,1.));
#6312 = PCURVE('',#3915,#6313);
#6313 = DEFINITIONAL_REPRESENTATION('',(#6314),#6318);
#6314 = LINE('',#6315,#6316);
#6315 = CARTESIAN_POINT('',(1.,0.));
#6316 = VECTOR('',#6317,1.);
#6317 = DIRECTION('',(0.,-1.));
#6318 = ( GEOMETRIC_REPRESENTATION_CONTEXT(2) 
PARAMETRIC_REPRESENTATION_CONTEXT() REPRESENTATION_CONTEXT('2D SPACE',''
  ) );
#6319 = PCURVE('',#3953,#6320);
#6320 = DEFINITIONAL_REPRESENTATION('',(#6321),#6325);
#6321 = LINE('',#6322,#6323);
#6322 = CARTESIAN_POINT('',(0.,0.));
#6323 = VECTOR('',#6324,1.);
#6324 = DIRECTION('',(0.,-1.));
#6325 = ( GEOMETRIC_REPRESENTATION_CONTEXT(2) 
PARAMETRIC_REPRESENTATION_CONTEXT() REPRESENTATION_CONTEXT('2D SPACE',''
  ) );
#6326 = ADVANCED_FACE('',(#6327),#4623,.F.);
#6327 = FACE_BOUND('',#6328,.F.);
#6328 = EDGE_LOOP('',(#6329,#6352,#6373,#6374));
#6329 = ORIENTED_EDGE('',*,*,#6330,.F.);
#6330 = EDGE_CURVE('',#6331,#6233,#6333,.T.);
#6331 = VERTEX_POINT('',#6332);
#6332 = CARTESIAN_POINT('',(10.894982845119,-20.22800150553,3.4));
#6333 = SURFACE_CURVE('',#6334,(#6338,#6345),.PCURVE_S1.);
#6334 = B_SPLINE_CURVE_WITH_KNOTS('',2,(#6335,#6336,#6337),
  .UNSPECIFIED.,.F.,.F.,(3,3),(0.,1.),.PIECEWISE_BEZIER_KNOTS.);
#6335 = CARTESIAN_POINT('',(10.894982845119,-20.22800150553,3.4));
#6336 = CARTESIAN_POINT('',(10.726981543035,-20.16399759928,3.4));
#6337 = CARTESIAN_POINT('',(10.580978938869,-20.01199890136,3.4));
#6338 = PCURVE('',#4623,#6339);
#6339 = DEFINITIONAL_REPRESENTATION('',(#6340),#6344);
#6340 = LINE('',#6341,#6342);
#6341 = CARTESIAN_POINT('',(0.,0.));
#6342 = VECTOR('',#6343,1.);
#6343 = DIRECTION('',(1.,0.));
#6344 = ( GEOMETRIC_REPRESENTATION_CONTEXT(2) 
PARAMETRIC_REPRESENTATION_CONTEXT() REPRESENTATION_CONTEXT('2D SPACE',''
  ) );
#6345 = PCURVE('',#6027,#6346);
#6346 = DEFINITIONAL_REPRESENTATION('',(#6347),#6351);
#6347 = B_SPLINE_CURVE_WITH_KNOTS('',2,(#6348,#6349,#6350),
  .UNSPECIFIED.,.F.,.F.,(3,3),(0.,1.),.PIECEWISE_BEZIER_KNOTS.);
#6348 = CARTESIAN_POINT('',(0.748001302083,-2.800130208333E-02));
#6349 = CARTESIAN_POINT('',(0.58,3.600260416667E-02));
#6350 = CARTESIAN_POINT('',(0.433997395833,0.188001302083));
#6351 = ( GEOMETRIC_REPRESENTATION_CONTEXT(2) 
PARAMETRIC_REPRESENTATION_CONTEXT() REPRESENTATION_CONTEXT('2D SPACE',''
  ) );
#6352 = ORIENTED_EDGE('',*,*,#6353,.T.);
#6353 = EDGE_CURVE('',#6331,#4563,#6354,.T.);
#6354 = SURFACE_CURVE('',#6355,(#6359,#6366),.PCURVE_S1.);
#6355 = LINE('',#6356,#6357);
#6356 = CARTESIAN_POINT('',(10.894982845119,-20.22800150553,3.4));
#6357 = VECTOR('',#6358,1.);
#6358 = DIRECTION('',(0.,0.,1.));
#6359 = PCURVE('',#4623,#6360);
#6360 = DEFINITIONAL_REPRESENTATION('',(#6361),#6365);
#6361 = LINE('',#6362,#6363);
#6362 = CARTESIAN_POINT('',(0.,0.));
#6363 = VECTOR('',#6364,1.);
#6364 = DIRECTION('',(0.,-1.));
#6365 = ( GEOMETRIC_REPRESENTATION_CONTEXT(2) 
PARAMETRIC_REPRESENTATION_CONTEXT() REPRESENTATION_CONTEXT('2D SPACE',''
  ) );
#6366 = PCURVE('',#4584,#6367);
#6367 = DEFINITIONAL_REPRESENTATION('',(#6368),#6372);
#6368 = LINE('',#6369,#6370);
#6369 = CARTESIAN_POINT('',(1.,0.));
#6370 = VECTOR('',#6371,1.);
#6371 = DIRECTION('',(0.,-1.));
#6372 = ( GEOMETRIC_REPRESENTATION_CONTEXT(2) 
PARAMETRIC_REPRESENTATION_CONTEXT() REPRESENTATION_CONTEXT('2D SPACE',''
  ) );
#6373 = ORIENTED_EDGE('',*,*,#4601,.F.);
#6374 = ORIENTED_EDGE('',*,*,#6255,.F.);
#6375 = ADVANCED_FACE('',(#6376),#3953,.F.);
#6376 = FACE_BOUND('',#6377,.F.);
#6377 = EDGE_LOOP('',(#6378,#6401,#6402,#6403));
#6378 = ORIENTED_EDGE('',*,*,#6379,.F.);
#6379 = EDGE_CURVE('',#6282,#6380,#6382,.T.);
#6380 = VERTEX_POINT('',#6381);
#6381 = CARTESIAN_POINT('',(12.060978938869,-17.67600280761,3.4));
#6382 = SURFACE_CURVE('',#6383,(#6387,#6394),.PCURVE_S1.);
#6383 = B_SPLINE_CURVE_WITH_KNOTS('',2,(#6384,#6385,#6386),
  .UNSPECIFIED.,.F.,.F.,(3,3),(0.,1.),.PIECEWISE_BEZIER_KNOTS.);
#6384 = CARTESIAN_POINT('',(11.880978938869,-17.46800150553,3.4));
#6385 = CARTESIAN_POINT('',(11.974976334702,-17.53600280761,3.4));
#6386 = CARTESIAN_POINT('',(12.060978938869,-17.67600280761,3.4));
#6387 = PCURVE('',#3953,#6388);
#6388 = DEFINITIONAL_REPRESENTATION('',(#6389),#6393);
#6389 = LINE('',#6390,#6391);
#6390 = CARTESIAN_POINT('',(0.,0.));
#6391 = VECTOR('',#6392,1.);
#6392 = DIRECTION('',(1.,0.));
#6393 = ( GEOMETRIC_REPRESENTATION_CONTEXT(2) 
PARAMETRIC_REPRESENTATION_CONTEXT() REPRESENTATION_CONTEXT('2D SPACE',''
  ) );
#6394 = PCURVE('',#6027,#6395);
#6395 = DEFINITIONAL_REPRESENTATION('',(#6396),#6400);
#6396 = B_SPLINE_CURVE_WITH_KNOTS('',2,(#6397,#6398,#6399),
  .UNSPECIFIED.,.F.,.F.,(3,3),(0.,1.),.PIECEWISE_BEZIER_KNOTS.);
#6397 = CARTESIAN_POINT('',(1.733997395833,2.731998697917));
#6398 = CARTESIAN_POINT('',(1.827994791667,2.663997395833));
#6399 = CARTESIAN_POINT('',(1.913997395833,2.523997395833));
#6400 = ( GEOMETRIC_REPRESENTATION_CONTEXT(2) 
PARAMETRIC_REPRESENTATION_CONTEXT() REPRESENTATION_CONTEXT('2D SPACE',''
  ) );
#6401 = ORIENTED_EDGE('',*,*,#6306,.T.);
#6402 = ORIENTED_EDGE('',*,*,#3931,.F.);
#6403 = ORIENTED_EDGE('',*,*,#6404,.F.);
#6404 = EDGE_CURVE('',#6380,#3932,#6405,.T.);
#6405 = SURFACE_CURVE('',#6406,(#6410,#6417),.PCURVE_S1.);
#6406 = LINE('',#6407,#6408);
#6407 = CARTESIAN_POINT('',(12.060978938869,-17.67600280761,3.4));
#6408 = VECTOR('',#6409,1.);
#6409 = DIRECTION('',(0.,0.,1.));
#6410 = PCURVE('',#3953,#6411);
#6411 = DEFINITIONAL_REPRESENTATION('',(#6412),#6416);
#6412 = LINE('',#6413,#6414);
#6413 = CARTESIAN_POINT('',(1.,0.));
#6414 = VECTOR('',#6415,1.);
#6415 = DIRECTION('',(0.,-1.));
#6416 = ( GEOMETRIC_REPRESENTATION_CONTEXT(2) 
PARAMETRIC_REPRESENTATION_CONTEXT() REPRESENTATION_CONTEXT('2D SPACE',''
  ) );
#6417 = PCURVE('',#3992,#6418);
#6418 = DEFINITIONAL_REPRESENTATION('',(#6419),#6423);
#6419 = LINE('',#6420,#6421);
#6420 = CARTESIAN_POINT('',(0.,0.));
#6421 = VECTOR('',#6422,1.);
#6422 = DIRECTION('',(0.,-1.));
#6423 = ( GEOMETRIC_REPRESENTATION_CONTEXT(2) 
PARAMETRIC_REPRESENTATION_CONTEXT() REPRESENTATION_CONTEXT('2D SPACE',''
  ) );
#6424 = ADVANCED_FACE('',(#6425),#4584,.F.);
#6425 = FACE_BOUND('',#6426,.F.);
#6426 = EDGE_LOOP('',(#6427,#6450,#6471,#6472));
#6427 = ORIENTED_EDGE('',*,*,#6428,.F.);
#6428 = EDGE_CURVE('',#6429,#6331,#6431,.T.);
#6429 = VERTEX_POINT('',#6430);
#6430 = CARTESIAN_POINT('',(11.274976334702,-20.29200541178,3.4));
#6431 = SURFACE_CURVE('',#6432,(#6436,#6443),.PCURVE_S1.);
#6432 = B_SPLINE_CURVE_WITH_KNOTS('',2,(#6433,#6434,#6435),
  .UNSPECIFIED.,.F.,.F.,(3,3),(0.,1.),.PIECEWISE_BEZIER_KNOTS.);
#6433 = CARTESIAN_POINT('',(11.274976334702,-20.29200541178,3.4));
#6434 = CARTESIAN_POINT('',(11.062984147202,-20.29200541178,3.4));
#6435 = CARTESIAN_POINT('',(10.894982845119,-20.22800150553,3.4));
#6436 = PCURVE('',#4584,#6437);
#6437 = DEFINITIONAL_REPRESENTATION('',(#6438),#6442);
#6438 = LINE('',#6439,#6440);
#6439 = CARTESIAN_POINT('',(0.,0.));
#6440 = VECTOR('',#6441,1.);
#6441 = DIRECTION('',(1.,0.));
#6442 = ( GEOMETRIC_REPRESENTATION_CONTEXT(2) 
PARAMETRIC_REPRESENTATION_CONTEXT() REPRESENTATION_CONTEXT('2D SPACE',''
  ) );
#6443 = PCURVE('',#6027,#6444);
#6444 = DEFINITIONAL_REPRESENTATION('',(#6445),#6449);
#6445 = B_SPLINE_CURVE_WITH_KNOTS('',2,(#6446,#6447,#6448),
  .UNSPECIFIED.,.F.,.F.,(3,3),(0.,1.),.PIECEWISE_BEZIER_KNOTS.);
#6446 = CARTESIAN_POINT('',(1.127994791667,-9.200520833333E-02));
#6447 = CARTESIAN_POINT('',(0.916002604167,-9.200520833333E-02));
#6448 = CARTESIAN_POINT('',(0.748001302083,-2.800130208333E-02));
#6449 = ( GEOMETRIC_REPRESENTATION_CONTEXT(2) 
PARAMETRIC_REPRESENTATION_CONTEXT() REPRESENTATION_CONTEXT('2D SPACE',''
  ) );
#6450 = ORIENTED_EDGE('',*,*,#6451,.T.);
#6451 = EDGE_CURVE('',#6429,#4512,#6452,.T.);
#6452 = SURFACE_CURVE('',#6453,(#6457,#6464),.PCURVE_S1.);
#6453 = LINE('',#6454,#6455);
#6454 = CARTESIAN_POINT('',(11.274976334702,-20.29200541178,3.4));
#6455 = VECTOR('',#6456,1.);
#6456 = DIRECTION('',(0.,0.,1.));
#6457 = PCURVE('',#4584,#6458);
#6458 = DEFINITIONAL_REPRESENTATION('',(#6459),#6463);
#6459 = LINE('',#6460,#6461);
#6460 = CARTESIAN_POINT('',(0.,0.));
#6461 = VECTOR('',#6462,1.);
#6462 = DIRECTION('',(0.,-1.));
#6463 = ( GEOMETRIC_REPRESENTATION_CONTEXT(2) 
PARAMETRIC_REPRESENTATION_CONTEXT() REPRESENTATION_CONTEXT('2D SPACE',''
  ) );
#6464 = PCURVE('',#4541,#6465);
#6465 = DEFINITIONAL_REPRESENTATION('',(#6466),#6470);
#6466 = LINE('',#6467,#6468);
#6467 = CARTESIAN_POINT('',(1.,0.));
#6468 = VECTOR('',#6469,1.);
#6469 = DIRECTION('',(0.,-1.));
#6470 = ( GEOMETRIC_REPRESENTATION_CONTEXT(2) 
PARAMETRIC_REPRESENTATION_CONTEXT() REPRESENTATION_CONTEXT('2D SPACE',''
  ) );
#6471 = ORIENTED_EDGE('',*,*,#4562,.F.);
#6472 = ORIENTED_EDGE('',*,*,#6353,.F.);
#6473 = ADVANCED_FACE('',(#6474),#3992,.F.);
#6474 = FACE_BOUND('',#6475,.F.);
#6475 = EDGE_LOOP('',(#6476,#6499,#6500,#6501));
#6476 = ORIENTED_EDGE('',*,*,#6477,.F.);
#6477 = EDGE_CURVE('',#6380,#6478,#6480,.T.);
#6478 = VERTEX_POINT('',#6479);
#6479 = CARTESIAN_POINT('',(12.174976334702,-18.00799499511,3.4));
#6480 = SURFACE_CURVE('',#6481,(#6485,#6492),.PCURVE_S1.);
#6481 = B_SPLINE_CURVE_WITH_KNOTS('',2,(#6482,#6483,#6484),
  .UNSPECIFIED.,.F.,.F.,(3,3),(0.,1.),.PIECEWISE_BEZIER_KNOTS.);
#6482 = CARTESIAN_POINT('',(12.060978938869,-17.67600280761,3.4));
#6483 = CARTESIAN_POINT('',(12.146981543035,-17.81600280761,3.4));
#6484 = CARTESIAN_POINT('',(12.174976334702,-18.00799499511,3.4));
#6485 = PCURVE('',#3992,#6486);
#6486 = DEFINITIONAL_REPRESENTATION('',(#6487),#6491);
#6487 = LINE('',#6488,#6489);
#6488 = CARTESIAN_POINT('',(0.,0.));
#6489 = VECTOR('',#6490,1.);
#6490 = DIRECTION('',(1.,0.));
#6491 = ( GEOMETRIC_REPRESENTATION_CONTEXT(2) 
PARAMETRIC_REPRESENTATION_CONTEXT() REPRESENTATION_CONTEXT('2D SPACE',''
  ) );
#6492 = PCURVE('',#6027,#6493);
#6493 = DEFINITIONAL_REPRESENTATION('',(#6494),#6498);
#6494 = B_SPLINE_CURVE_WITH_KNOTS('',2,(#6495,#6496,#6497),
  .UNSPECIFIED.,.F.,.F.,(3,3),(0.,1.),.PIECEWISE_BEZIER_KNOTS.);
#6495 = CARTESIAN_POINT('',(1.913997395833,2.523997395833));
#6496 = CARTESIAN_POINT('',(2.,2.383997395833));
#6497 = CARTESIAN_POINT('',(2.027994791667,2.192005208333));
#6498 = ( GEOMETRIC_REPRESENTATION_CONTEXT(2) 
PARAMETRIC_REPRESENTATION_CONTEXT() REPRESENTATION_CONTEXT('2D SPACE',''
  ) );
#6499 = ORIENTED_EDGE('',*,*,#6404,.T.);
#6500 = ORIENTED_EDGE('',*,*,#3970,.F.);
#6501 = ORIENTED_EDGE('',*,*,#6502,.F.);
#6502 = EDGE_CURVE('',#6478,#3971,#6503,.T.);
#6503 = SURFACE_CURVE('',#6504,(#6508,#6515),.PCURVE_S1.);
#6504 = LINE('',#6505,#6506);
#6505 = CARTESIAN_POINT('',(12.174976334702,-18.00799499511,3.4));
#6506 = VECTOR('',#6507,1.);
#6507 = DIRECTION('',(0.,0.,1.));
#6508 = PCURVE('',#3992,#6509);
#6509 = DEFINITIONAL_REPRESENTATION('',(#6510),#6514);
#6510 = LINE('',#6511,#6512);
#6511 = CARTESIAN_POINT('',(1.,0.));
#6512 = VECTOR('',#6513,1.);
#6513 = DIRECTION('',(0.,-1.));
#6514 = ( GEOMETRIC_REPRESENTATION_CONTEXT(2) 
PARAMETRIC_REPRESENTATION_CONTEXT() REPRESENTATION_CONTEXT('2D SPACE',''
  ) );
#6515 = PCURVE('',#4025,#6516);
#6516 = DEFINITIONAL_REPRESENTATION('',(#6517),#6521);
#6517 = LINE('',#6518,#6519);
#6518 = CARTESIAN_POINT('',(0.,-0.));
#6519 = VECTOR('',#6520,1.);
#6520 = DIRECTION('',(0.,-1.));
#6521 = ( GEOMETRIC_REPRESENTATION_CONTEXT(2) 
PARAMETRIC_REPRESENTATION_CONTEXT() REPRESENTATION_CONTEXT('2D SPACE',''
  ) );
#6522 = ADVANCED_FACE('',(#6523),#4541,.F.);
#6523 = FACE_BOUND('',#6524,.F.);
#6524 = EDGE_LOOP('',(#6525,#6548,#6569,#6570));
#6525 = ORIENTED_EDGE('',*,*,#6526,.F.);
#6526 = EDGE_CURVE('',#6527,#6429,#6529,.T.);
#6527 = VERTEX_POINT('',#6528);
#6528 = CARTESIAN_POINT('',(11.960985449285,-20.0040041097,3.4));
#6529 = SURFACE_CURVE('',#6530,(#6534,#6541),.PCURVE_S1.);
#6530 = B_SPLINE_CURVE_WITH_KNOTS('',2,(#6531,#6532,#6533),
  .UNSPECIFIED.,.F.,.F.,(3,3),(0.,1.),.PIECEWISE_BEZIER_KNOTS.);
#6531 = CARTESIAN_POINT('',(11.960985449285,-20.0040041097,3.4));
#6532 = CARTESIAN_POINT('',(11.698986751369,-20.29200541178,3.4));
#6533 = CARTESIAN_POINT('',(11.274976334702,-20.29200541178,3.4));
#6534 = PCURVE('',#4541,#6535);
#6535 = DEFINITIONAL_REPRESENTATION('',(#6536),#6540);
#6536 = LINE('',#6537,#6538);
#6537 = CARTESIAN_POINT('',(0.,0.));
#6538 = VECTOR('',#6539,1.);
#6539 = DIRECTION('',(1.,0.));
#6540 = ( GEOMETRIC_REPRESENTATION_CONTEXT(2) 
PARAMETRIC_REPRESENTATION_CONTEXT() REPRESENTATION_CONTEXT('2D SPACE',''
  ) );
#6541 = PCURVE('',#6027,#6542);
#6542 = DEFINITIONAL_REPRESENTATION('',(#6543),#6547);
#6543 = B_SPLINE_CURVE_WITH_KNOTS('',2,(#6544,#6545,#6546),
  .UNSPECIFIED.,.F.,.F.,(3,3),(0.,1.),.PIECEWISE_BEZIER_KNOTS.);
#6544 = CARTESIAN_POINT('',(1.81400390625,0.19599609375));
#6545 = CARTESIAN_POINT('',(1.552005208333,-9.200520833333E-02));
#6546 = CARTESIAN_POINT('',(1.127994791667,-9.200520833333E-02));
#6547 = ( GEOMETRIC_REPRESENTATION_CONTEXT(2) 
PARAMETRIC_REPRESENTATION_CONTEXT() REPRESENTATION_CONTEXT('2D SPACE',''
  ) );
#6548 = ORIENTED_EDGE('',*,*,#6549,.T.);
#6549 = EDGE_CURVE('',#6527,#4455,#6550,.T.);
#6550 = SURFACE_CURVE('',#6551,(#6555,#6562),.PCURVE_S1.);
#6551 = LINE('',#6552,#6553);
#6552 = CARTESIAN_POINT('',(11.960985449285,-20.0040041097,3.4));
#6553 = VECTOR('',#6554,1.);
#6554 = DIRECTION('',(0.,0.,1.));
#6555 = PCURVE('',#4541,#6556);
#6556 = DEFINITIONAL_REPRESENTATION('',(#6557),#6561);
#6557 = LINE('',#6558,#6559);
#6558 = CARTESIAN_POINT('',(0.,0.));
#6559 = VECTOR('',#6560,1.);
#6560 = DIRECTION('',(0.,-1.));
#6561 = ( GEOMETRIC_REPRESENTATION_CONTEXT(2) 
PARAMETRIC_REPRESENTATION_CONTEXT() REPRESENTATION_CONTEXT('2D SPACE',''
  ) );
#6562 = PCURVE('',#4488,#6563);
#6563 = DEFINITIONAL_REPRESENTATION('',(#6564),#6568);
#6564 = LINE('',#6565,#6566);
#6565 = CARTESIAN_POINT('',(1.,0.));
#6566 = VECTOR('',#6567,1.);
#6567 = DIRECTION('',(0.,-1.));
#6568 = ( GEOMETRIC_REPRESENTATION_CONTEXT(2) 
PARAMETRIC_REPRESENTATION_CONTEXT() REPRESENTATION_CONTEXT('2D SPACE',''
  ) );
#6569 = ORIENTED_EDGE('',*,*,#4511,.F.);
#6570 = ORIENTED_EDGE('',*,*,#6451,.F.);
#6571 = ADVANCED_FACE('',(#6572),#4025,.F.);
#6572 = FACE_BOUND('',#6573,.F.);
#6573 = EDGE_LOOP('',(#6574,#6597,#6598,#6599));
#6574 = ORIENTED_EDGE('',*,*,#6575,.F.);
#6575 = EDGE_CURVE('',#6478,#6576,#6578,.T.);
#6576 = VERTEX_POINT('',#6577);
#6577 = CARTESIAN_POINT('',(11.654976334702,-18.00799499511,3.4));
#6578 = SURFACE_CURVE('',#6579,(#6583,#6590),.PCURVE_S1.);
#6579 = LINE('',#6580,#6581);
#6580 = CARTESIAN_POINT('',(12.174976334702,-18.00799499511,3.4));
#6581 = VECTOR('',#6582,1.);
#6582 = DIRECTION('',(-1.,0.,0.));
#6583 = PCURVE('',#4025,#6584);
#6584 = DEFINITIONAL_REPRESENTATION('',(#6585),#6589);
#6585 = LINE('',#6586,#6587);
#6586 = CARTESIAN_POINT('',(0.,-0.));
#6587 = VECTOR('',#6588,1.);
#6588 = DIRECTION('',(1.,0.));
#6589 = ( GEOMETRIC_REPRESENTATION_CONTEXT(2) 
PARAMETRIC_REPRESENTATION_CONTEXT() REPRESENTATION_CONTEXT('2D SPACE',''
  ) );
#6590 = PCURVE('',#6027,#6591);
#6591 = DEFINITIONAL_REPRESENTATION('',(#6592),#6596);
#6592 = LINE('',#6593,#6594);
#6593 = CARTESIAN_POINT('',(2.027994791667,2.192005208333));
#6594 = VECTOR('',#6595,1.);
#6595 = DIRECTION('',(-1.,0.));
#6596 = ( GEOMETRIC_REPRESENTATION_CONTEXT(2) 
PARAMETRIC_REPRESENTATION_CONTEXT() REPRESENTATION_CONTEXT('2D SPACE',''
  ) );
#6597 = ORIENTED_EDGE('',*,*,#6502,.T.);
#6598 = ORIENTED_EDGE('',*,*,#4009,.F.);
#6599 = ORIENTED_EDGE('',*,*,#6600,.F.);
#6600 = EDGE_CURVE('',#6576,#4010,#6601,.T.);
#6601 = SURFACE_CURVE('',#6602,(#6606,#6613),.PCURVE_S1.);
#6602 = LINE('',#6603,#6604);
#6603 = CARTESIAN_POINT('',(11.654976334702,-18.00799499511,3.4));
#6604 = VECTOR('',#6605,1.);
#6605 = DIRECTION('',(0.,0.,1.));
#6606 = PCURVE('',#4025,#6607);
#6607 = DEFINITIONAL_REPRESENTATION('',(#6608),#6612);
#6608 = LINE('',#6609,#6610);
#6609 = CARTESIAN_POINT('',(0.52,0.));
#6610 = VECTOR('',#6611,1.);
#6611 = DIRECTION('',(0.,-1.));
#6612 = ( GEOMETRIC_REPRESENTATION_CONTEXT(2) 
PARAMETRIC_REPRESENTATION_CONTEXT() REPRESENTATION_CONTEXT('2D SPACE',''
  ) );
#6613 = PCURVE('',#4059,#6614);
#6614 = DEFINITIONAL_REPRESENTATION('',(#6615),#6619);
#6615 = LINE('',#6616,#6617);
#6616 = CARTESIAN_POINT('',(0.,0.));
#6617 = VECTOR('',#6618,1.);
#6618 = DIRECTION('',(0.,-1.));
#6619 = ( GEOMETRIC_REPRESENTATION_CONTEXT(2) 
PARAMETRIC_REPRESENTATION_CONTEXT() REPRESENTATION_CONTEXT('2D SPACE',''
  ) );
#6620 = ADVANCED_FACE('',(#6621),#4488,.F.);
#6621 = FACE_BOUND('',#6622,.F.);
#6622 = EDGE_LOOP('',(#6623,#6646,#6667,#6668));
#6623 = ORIENTED_EDGE('',*,*,#6624,.F.);
#6624 = EDGE_CURVE('',#6625,#6527,#6627,.T.);
#6625 = VERTEX_POINT('',#6626);
#6626 = CARTESIAN_POINT('',(12.222984147202,-19.25200541178,3.4));
#6627 = SURFACE_CURVE('',#6628,(#6632,#6639),.PCURVE_S1.);
#6628 = B_SPLINE_CURVE_WITH_KNOTS('',2,(#6629,#6630,#6631),
  .UNSPECIFIED.,.F.,.F.,(3,3),(0.,1.),.PIECEWISE_BEZIER_KNOTS.);
#6629 = CARTESIAN_POINT('',(12.222984147202,-19.25200541178,3.4));
#6630 = CARTESIAN_POINT('',(12.222984147202,-19.71600280761,3.4));
#6631 = CARTESIAN_POINT('',(11.960985449285,-20.0040041097,3.4));
#6632 = PCURVE('',#4488,#6633);
#6633 = DEFINITIONAL_REPRESENTATION('',(#6634),#6638);
#6634 = LINE('',#6635,#6636);
#6635 = CARTESIAN_POINT('',(0.,0.));
#6636 = VECTOR('',#6637,1.);
#6637 = DIRECTION('',(1.,0.));
#6638 = ( GEOMETRIC_REPRESENTATION_CONTEXT(2) 
PARAMETRIC_REPRESENTATION_CONTEXT() REPRESENTATION_CONTEXT('2D SPACE',''
  ) );
#6639 = PCURVE('',#6027,#6640);
#6640 = DEFINITIONAL_REPRESENTATION('',(#6641),#6645);
#6641 = B_SPLINE_CURVE_WITH_KNOTS('',2,(#6642,#6643,#6644),
  .UNSPECIFIED.,.F.,.F.,(3,3),(0.,1.),.PIECEWISE_BEZIER_KNOTS.);
#6642 = CARTESIAN_POINT('',(2.076002604167,0.947994791667));
#6643 = CARTESIAN_POINT('',(2.076002604167,0.483997395833));
#6644 = CARTESIAN_POINT('',(1.81400390625,0.19599609375));
#6645 = ( GEOMETRIC_REPRESENTATION_CONTEXT(2) 
PARAMETRIC_REPRESENTATION_CONTEXT() REPRESENTATION_CONTEXT('2D SPACE',''
  ) );
#6646 = ORIENTED_EDGE('',*,*,#6647,.T.);
#6647 = EDGE_CURVE('',#6625,#4398,#6648,.T.);
#6648 = SURFACE_CURVE('',#6649,(#6653,#6660),.PCURVE_S1.);
#6649 = LINE('',#6650,#6651);
#6650 = CARTESIAN_POINT('',(12.222984147202,-19.25200541178,3.4));
#6651 = VECTOR('',#6652,1.);
#6652 = DIRECTION('',(0.,0.,1.));
#6653 = PCURVE('',#4488,#6654);
#6654 = DEFINITIONAL_REPRESENTATION('',(#6655),#6659);
#6655 = LINE('',#6656,#6657);
#6656 = CARTESIAN_POINT('',(0.,0.));
#6657 = VECTOR('',#6658,1.);
#6658 = DIRECTION('',(0.,-1.));
#6659 = ( GEOMETRIC_REPRESENTATION_CONTEXT(2) 
PARAMETRIC_REPRESENTATION_CONTEXT() REPRESENTATION_CONTEXT('2D SPACE',''
  ) );
#6660 = PCURVE('',#4431,#6661);
#6661 = DEFINITIONAL_REPRESENTATION('',(#6662),#6666);
#6662 = LINE('',#6663,#6664);
#6663 = CARTESIAN_POINT('',(1.,0.));
#6664 = VECTOR('',#6665,1.);
#6665 = DIRECTION('',(0.,-1.));
#6666 = ( GEOMETRIC_REPRESENTATION_CONTEXT(2) 
PARAMETRIC_REPRESENTATION_CONTEXT() REPRESENTATION_CONTEXT('2D SPACE',''
  ) );
#6667 = ORIENTED_EDGE('',*,*,#4454,.F.);
#6668 = ORIENTED_EDGE('',*,*,#6549,.F.);
#6669 = ADVANCED_FACE('',(#6670),#4059,.F.);
#6670 = FACE_BOUND('',#6671,.F.);
#6671 = EDGE_LOOP('',(#6672,#6695,#6696,#6697));
#6672 = ORIENTED_EDGE('',*,*,#6673,.F.);
#6673 = EDGE_CURVE('',#6576,#6674,#6676,.T.);
#6674 = VERTEX_POINT('',#6675);
#6675 = CARTESIAN_POINT('',(11.520985449285,-17.8140041097,3.4));
#6676 = SURFACE_CURVE('',#6677,(#6681,#6688),.PCURVE_S1.);
#6677 = B_SPLINE_CURVE_WITH_KNOTS('',2,(#6678,#6679,#6680),
  .UNSPECIFIED.,.F.,.F.,(3,3),(0.,1.),.PIECEWISE_BEZIER_KNOTS.);
#6678 = CARTESIAN_POINT('',(11.654976334702,-18.00799499511,3.4));
#6679 = CARTESIAN_POINT('',(11.598986751369,-17.87200541178,3.4));
#6680 = CARTESIAN_POINT('',(11.520985449285,-17.8140041097,3.4));
#6681 = PCURVE('',#4059,#6682);
#6682 = DEFINITIONAL_REPRESENTATION('',(#6683),#6687);
#6683 = LINE('',#6684,#6685);
#6684 = CARTESIAN_POINT('',(0.,0.));
#6685 = VECTOR('',#6686,1.);
#6686 = DIRECTION('',(1.,0.));
#6687 = ( GEOMETRIC_REPRESENTATION_CONTEXT(2) 
PARAMETRIC_REPRESENTATION_CONTEXT() REPRESENTATION_CONTEXT('2D SPACE',''
  ) );
#6688 = PCURVE('',#6027,#6689);
#6689 = DEFINITIONAL_REPRESENTATION('',(#6690),#6694);
#6690 = B_SPLINE_CURVE_WITH_KNOTS('',2,(#6691,#6692,#6693),
  .UNSPECIFIED.,.F.,.F.,(3,3),(0.,1.),.PIECEWISE_BEZIER_KNOTS.);
#6691 = CARTESIAN_POINT('',(1.507994791667,2.192005208333));
#6692 = CARTESIAN_POINT('',(1.452005208333,2.327994791667));
#6693 = CARTESIAN_POINT('',(1.37400390625,2.38599609375));
#6694 = ( GEOMETRIC_REPRESENTATION_CONTEXT(2) 
PARAMETRIC_REPRESENTATION_CONTEXT() REPRESENTATION_CONTEXT('2D SPACE',''
  ) );
#6695 = ORIENTED_EDGE('',*,*,#6600,.T.);
#6696 = ORIENTED_EDGE('',*,*,#4037,.F.);
#6697 = ORIENTED_EDGE('',*,*,#6698,.F.);
#6698 = EDGE_CURVE('',#6674,#4038,#6699,.T.);
#6699 = SURFACE_CURVE('',#6700,(#6704,#6711),.PCURVE_S1.);
#6700 = LINE('',#6701,#6702);
#6701 = CARTESIAN_POINT('',(11.520985449285,-17.8140041097,3.4));
#6702 = VECTOR('',#6703,1.);
#6703 = DIRECTION('',(0.,0.,1.));
#6704 = PCURVE('',#4059,#6705);
#6705 = DEFINITIONAL_REPRESENTATION('',(#6706),#6710);
#6706 = LINE('',#6707,#6708);
#6707 = CARTESIAN_POINT('',(1.,0.));
#6708 = VECTOR('',#6709,1.);
#6709 = DIRECTION('',(0.,-1.));
#6710 = ( GEOMETRIC_REPRESENTATION_CONTEXT(2) 
PARAMETRIC_REPRESENTATION_CONTEXT() REPRESENTATION_CONTEXT('2D SPACE',''
  ) );
#6711 = PCURVE('',#4098,#6712);
#6712 = DEFINITIONAL_REPRESENTATION('',(#6713),#6717);
#6713 = LINE('',#6714,#6715);
#6714 = CARTESIAN_POINT('',(0.,0.));
#6715 = VECTOR('',#6716,1.);
#6716 = DIRECTION('',(0.,-1.));
#6717 = ( GEOMETRIC_REPRESENTATION_CONTEXT(2) 
PARAMETRIC_REPRESENTATION_CONTEXT() REPRESENTATION_CONTEXT('2D SPACE',''
  ) );
#6718 = ADVANCED_FACE('',(#6719),#4431,.F.);
#6719 = FACE_BOUND('',#6720,.F.);
#6720 = EDGE_LOOP('',(#6721,#6744,#6765,#6766));
#6721 = ORIENTED_EDGE('',*,*,#6722,.F.);
#6722 = EDGE_CURVE('',#6723,#6625,#6725,.T.);
#6723 = VERTEX_POINT('',#6724);
#6724 = CARTESIAN_POINT('',(11.992984147202,-18.58800150553,3.4));
#6725 = SURFACE_CURVE('',#6726,(#6730,#6737),.PCURVE_S1.);
#6726 = B_SPLINE_CURVE_WITH_KNOTS('',2,(#6727,#6728,#6729),
  .UNSPECIFIED.,.F.,.F.,(3,3),(0.,1.),.PIECEWISE_BEZIER_KNOTS.);
#6727 = CARTESIAN_POINT('',(11.992984147202,-18.58800150553,3.4));
#6728 = CARTESIAN_POINT('',(12.222984147202,-18.84399759928,3.4));
#6729 = CARTESIAN_POINT('',(12.222984147202,-19.25200541178,3.4));
#6730 = PCURVE('',#4431,#6731);
#6731 = DEFINITIONAL_REPRESENTATION('',(#6732),#6736);
#6732 = LINE('',#6733,#6734);
#6733 = CARTESIAN_POINT('',(0.,0.));
#6734 = VECTOR('',#6735,1.);
#6735 = DIRECTION('',(1.,0.));
#6736 = ( GEOMETRIC_REPRESENTATION_CONTEXT(2) 
PARAMETRIC_REPRESENTATION_CONTEXT() REPRESENTATION_CONTEXT('2D SPACE',''
  ) );
#6737 = PCURVE('',#6027,#6738);
#6738 = DEFINITIONAL_REPRESENTATION('',(#6739),#6743);
#6739 = B_SPLINE_CURVE_WITH_KNOTS('',2,(#6740,#6741,#6742),
  .UNSPECIFIED.,.F.,.F.,(3,3),(0.,1.),.PIECEWISE_BEZIER_KNOTS.);
#6740 = CARTESIAN_POINT('',(1.846002604167,1.611998697917));
#6741 = CARTESIAN_POINT('',(2.076002604167,1.356002604167));
#6742 = CARTESIAN_POINT('',(2.076002604167,0.947994791667));
#6743 = ( GEOMETRIC_REPRESENTATION_CONTEXT(2) 
PARAMETRIC_REPRESENTATION_CONTEXT() REPRESENTATION_CONTEXT('2D SPACE',''
  ) );
#6744 = ORIENTED_EDGE('',*,*,#6745,.T.);
#6745 = EDGE_CURVE('',#6723,#4347,#6746,.T.);
#6746 = SURFACE_CURVE('',#6747,(#6751,#6758),.PCURVE_S1.);
#6747 = LINE('',#6748,#6749);
#6748 = CARTESIAN_POINT('',(11.992984147202,-18.58800150553,3.4));
#6749 = VECTOR('',#6750,1.);
#6750 = DIRECTION('',(0.,0.,1.));
#6751 = PCURVE('',#4431,#6752);
#6752 = DEFINITIONAL_REPRESENTATION('',(#6753),#6757);
#6753 = LINE('',#6754,#6755);
#6754 = CARTESIAN_POINT('',(0.,0.));
#6755 = VECTOR('',#6756,1.);
#6756 = DIRECTION('',(0.,-1.));
#6757 = ( GEOMETRIC_REPRESENTATION_CONTEXT(2) 
PARAMETRIC_REPRESENTATION_CONTEXT() REPRESENTATION_CONTEXT('2D SPACE',''
  ) );
#6758 = PCURVE('',#4376,#6759);
#6759 = DEFINITIONAL_REPRESENTATION('',(#6760),#6764);
#6760 = LINE('',#6761,#6762);
#6761 = CARTESIAN_POINT('',(1.,0.));
#6762 = VECTOR('',#6763,1.);
#6763 = DIRECTION('',(0.,-1.));
#6764 = ( GEOMETRIC_REPRESENTATION_CONTEXT(2) 
PARAMETRIC_REPRESENTATION_CONTEXT() REPRESENTATION_CONTEXT('2D SPACE',''
  ) );
#6765 = ORIENTED_EDGE('',*,*,#4397,.F.);
#6766 = ORIENTED_EDGE('',*,*,#6647,.F.);
#6767 = ADVANCED_FACE('',(#6768),#4098,.F.);
#6768 = FACE_BOUND('',#6769,.F.);
#6769 = EDGE_LOOP('',(#6770,#6793,#6794,#6795));
#6770 = ORIENTED_EDGE('',*,*,#6771,.F.);
#6771 = EDGE_CURVE('',#6674,#6772,#6774,.T.);
#6772 = VERTEX_POINT('',#6773);
#6773 = CARTESIAN_POINT('',(11.306981543035,-17.75600280761,3.4));
#6774 = SURFACE_CURVE('',#6775,(#6779,#6786),.PCURVE_S1.);
#6775 = B_SPLINE_CURVE_WITH_KNOTS('',2,(#6776,#6777,#6778),
  .UNSPECIFIED.,.F.,.F.,(3,3),(0.,1.),.PIECEWISE_BEZIER_KNOTS.);
#6776 = CARTESIAN_POINT('',(11.520985449285,-17.8140041097,3.4));
#6777 = CARTESIAN_POINT('',(11.442984147202,-17.75600280761,3.4));
#6778 = CARTESIAN_POINT('',(11.306981543035,-17.75600280761,3.4));
#6779 = PCURVE('',#4098,#6780);
#6780 = DEFINITIONAL_REPRESENTATION('',(#6781),#6785);
#6781 = LINE('',#6782,#6783);
#6782 = CARTESIAN_POINT('',(0.,0.));
#6783 = VECTOR('',#6784,1.);
#6784 = DIRECTION('',(1.,0.));
#6785 = ( GEOMETRIC_REPRESENTATION_CONTEXT(2) 
PARAMETRIC_REPRESENTATION_CONTEXT() REPRESENTATION_CONTEXT('2D SPACE',''
  ) );
#6786 = PCURVE('',#6027,#6787);
#6787 = DEFINITIONAL_REPRESENTATION('',(#6788),#6792);
#6788 = B_SPLINE_CURVE_WITH_KNOTS('',2,(#6789,#6790,#6791),
  .UNSPECIFIED.,.F.,.F.,(3,3),(0.,1.),.PIECEWISE_BEZIER_KNOTS.);
#6789 = CARTESIAN_POINT('',(1.37400390625,2.38599609375));
#6790 = CARTESIAN_POINT('',(1.296002604167,2.443997395833));
#6791 = CARTESIAN_POINT('',(1.16,2.443997395833));
#6792 = ( GEOMETRIC_REPRESENTATION_CONTEXT(2) 
PARAMETRIC_REPRESENTATION_CONTEXT() REPRESENTATION_CONTEXT('2D SPACE',''
  ) );
#6793 = ORIENTED_EDGE('',*,*,#6698,.T.);
#6794 = ORIENTED_EDGE('',*,*,#4076,.F.);
#6795 = ORIENTED_EDGE('',*,*,#6796,.F.);
#6796 = EDGE_CURVE('',#6772,#4077,#6797,.T.);
#6797 = SURFACE_CURVE('',#6798,(#6802,#6809),.PCURVE_S1.);
#6798 = LINE('',#6799,#6800);
#6799 = CARTESIAN_POINT('',(11.306981543035,-17.75600280761,3.4));
#6800 = VECTOR('',#6801,1.);
#6801 = DIRECTION('',(0.,0.,1.));
#6802 = PCURVE('',#4098,#6803);
#6803 = DEFINITIONAL_REPRESENTATION('',(#6804),#6808);
#6804 = LINE('',#6805,#6806);
#6805 = CARTESIAN_POINT('',(1.,0.));
#6806 = VECTOR('',#6807,1.);
#6807 = DIRECTION('',(0.,-1.));
#6808 = ( GEOMETRIC_REPRESENTATION_CONTEXT(2) 
PARAMETRIC_REPRESENTATION_CONTEXT() REPRESENTATION_CONTEXT('2D SPACE',''
  ) );
#6809 = PCURVE('',#4137,#6810);
#6810 = DEFINITIONAL_REPRESENTATION('',(#6811),#6815);
#6811 = LINE('',#6812,#6813);
#6812 = CARTESIAN_POINT('',(0.,0.));
#6813 = VECTOR('',#6814,1.);
#6814 = DIRECTION('',(0.,-1.));
#6815 = ( GEOMETRIC_REPRESENTATION_CONTEXT(2) 
PARAMETRIC_REPRESENTATION_CONTEXT() REPRESENTATION_CONTEXT('2D SPACE',''
  ) );
#6816 = ADVANCED_FACE('',(#6817),#4376,.F.);
#6817 = FACE_BOUND('',#6818,.F.);
#6818 = EDGE_LOOP('',(#6819,#6842,#6863,#6864));
#6819 = ORIENTED_EDGE('',*,*,#6820,.F.);
#6820 = EDGE_CURVE('',#6821,#6723,#6823,.T.);
#6821 = VERTEX_POINT('',#6822);
#6822 = CARTESIAN_POINT('',(11.398986751369,-18.33200541178,3.4));
#6823 = SURFACE_CURVE('',#6824,(#6828,#6835),.PCURVE_S1.);
#6824 = B_SPLINE_CURVE_WITH_KNOTS('',2,(#6825,#6826,#6827),
  .UNSPECIFIED.,.F.,.F.,(3,3),(0.,1.),.PIECEWISE_BEZIER_KNOTS.);
#6825 = CARTESIAN_POINT('',(11.398986751369,-18.33200541178,3.4));
#6826 = CARTESIAN_POINT('',(11.762984147202,-18.33200541178,3.4));
#6827 = CARTESIAN_POINT('',(11.992984147202,-18.58800150553,3.4));
#6828 = PCURVE('',#4376,#6829);
#6829 = DEFINITIONAL_REPRESENTATION('',(#6830),#6834);
#6830 = LINE('',#6831,#6832);
#6831 = CARTESIAN_POINT('',(0.,0.));
#6832 = VECTOR('',#6833,1.);
#6833 = DIRECTION('',(1.,0.));
#6834 = ( GEOMETRIC_REPRESENTATION_CONTEXT(2) 
PARAMETRIC_REPRESENTATION_CONTEXT() REPRESENTATION_CONTEXT('2D SPACE',''
  ) );
#6835 = PCURVE('',#6027,#6836);
#6836 = DEFINITIONAL_REPRESENTATION('',(#6837),#6841);
#6837 = B_SPLINE_CURVE_WITH_KNOTS('',2,(#6838,#6839,#6840),
  .UNSPECIFIED.,.F.,.F.,(3,3),(0.,1.),.PIECEWISE_BEZIER_KNOTS.);
#6838 = CARTESIAN_POINT('',(1.252005208333,1.867994791667));
#6839 = CARTESIAN_POINT('',(1.616002604167,1.867994791667));
#6840 = CARTESIAN_POINT('',(1.846002604167,1.611998697917));
#6841 = ( GEOMETRIC_REPRESENTATION_CONTEXT(2) 
PARAMETRIC_REPRESENTATION_CONTEXT() REPRESENTATION_CONTEXT('2D SPACE',''
  ) );
#6842 = ORIENTED_EDGE('',*,*,#6843,.T.);
#6843 = EDGE_CURVE('',#6821,#4308,#6844,.T.);
#6844 = SURFACE_CURVE('',#6845,(#6849,#6856),.PCURVE_S1.);
#6845 = LINE('',#6846,#6847);
#6846 = CARTESIAN_POINT('',(11.398986751369,-18.33200541178,3.4));
#6847 = VECTOR('',#6848,1.);
#6848 = DIRECTION('',(0.,0.,1.));
#6849 = PCURVE('',#4376,#6850);
#6850 = DEFINITIONAL_REPRESENTATION('',(#6851),#6855);
#6851 = LINE('',#6852,#6853);
#6852 = CARTESIAN_POINT('',(0.,0.));
#6853 = VECTOR('',#6854,1.);
#6854 = DIRECTION('',(0.,-1.));
#6855 = ( GEOMETRIC_REPRESENTATION_CONTEXT(2) 
PARAMETRIC_REPRESENTATION_CONTEXT() REPRESENTATION_CONTEXT('2D SPACE',''
  ) );
#6856 = PCURVE('',#4329,#6857);
#6857 = DEFINITIONAL_REPRESENTATION('',(#6858),#6862);
#6858 = LINE('',#6859,#6860);
#6859 = CARTESIAN_POINT('',(1.,0.));
#6860 = VECTOR('',#6861,1.);
#6861 = DIRECTION('',(0.,-1.));
#6862 = ( GEOMETRIC_REPRESENTATION_CONTEXT(2) 
PARAMETRIC_REPRESENTATION_CONTEXT() REPRESENTATION_CONTEXT('2D SPACE',''
  ) );
#6863 = ORIENTED_EDGE('',*,*,#4346,.F.);
#6864 = ORIENTED_EDGE('',*,*,#6745,.F.);
#6865 = ADVANCED_FACE('',(#6866),#4137,.F.);
#6866 = FACE_BOUND('',#6867,.F.);
#6867 = EDGE_LOOP('',(#6868,#6891,#6892,#6893));
#6868 = ORIENTED_EDGE('',*,*,#6869,.F.);
#6869 = EDGE_CURVE('',#6772,#6870,#6872,.T.);
#6870 = VERTEX_POINT('',#6871);
#6871 = CARTESIAN_POINT('',(11.072984147202,-17.8140041097,3.4));
#6872 = SURFACE_CURVE('',#6873,(#6877,#6884),.PCURVE_S1.);
#6873 = B_SPLINE_CURVE_WITH_KNOTS('',2,(#6874,#6875,#6876),
  .UNSPECIFIED.,.F.,.F.,(3,3),(0.,1.),.PIECEWISE_BEZIER_KNOTS.);
#6874 = CARTESIAN_POINT('',(11.306981543035,-17.75600280761,3.4));
#6875 = CARTESIAN_POINT('',(11.166981543035,-17.75600280761,3.4));
#6876 = CARTESIAN_POINT('',(11.072984147202,-17.8140041097,3.4));
#6877 = PCURVE('',#4137,#6878);
#6878 = DEFINITIONAL_REPRESENTATION('',(#6879),#6883);
#6879 = LINE('',#6880,#6881);
#6880 = CARTESIAN_POINT('',(0.,0.));
#6881 = VECTOR('',#6882,1.);
#6882 = DIRECTION('',(1.,0.));
#6883 = ( GEOMETRIC_REPRESENTATION_CONTEXT(2) 
PARAMETRIC_REPRESENTATION_CONTEXT() REPRESENTATION_CONTEXT('2D SPACE',''
  ) );
#6884 = PCURVE('',#6027,#6885);
#6885 = DEFINITIONAL_REPRESENTATION('',(#6886),#6890);
#6886 = B_SPLINE_CURVE_WITH_KNOTS('',2,(#6887,#6888,#6889),
  .UNSPECIFIED.,.F.,.F.,(3,3),(0.,1.),.PIECEWISE_BEZIER_KNOTS.);
#6887 = CARTESIAN_POINT('',(1.16,2.443997395833));
#6888 = CARTESIAN_POINT('',(1.02,2.443997395833));
#6889 = CARTESIAN_POINT('',(0.926002604167,2.38599609375));
#6890 = ( GEOMETRIC_REPRESENTATION_CONTEXT(2) 
PARAMETRIC_REPRESENTATION_CONTEXT() REPRESENTATION_CONTEXT('2D SPACE',''
  ) );
#6891 = ORIENTED_EDGE('',*,*,#6796,.T.);
#6892 = ORIENTED_EDGE('',*,*,#4115,.F.);
#6893 = ORIENTED_EDGE('',*,*,#6894,.F.);
#6894 = EDGE_CURVE('',#6870,#4116,#6895,.T.);
#6895 = SURFACE_CURVE('',#6896,(#6900,#6907),.PCURVE_S1.);
#6896 = LINE('',#6897,#6898);
#6897 = CARTESIAN_POINT('',(11.072984147202,-17.8140041097,3.4));
#6898 = VECTOR('',#6899,1.);
#6899 = DIRECTION('',(0.,0.,1.));
#6900 = PCURVE('',#4137,#6901);
#6901 = DEFINITIONAL_REPRESENTATION('',(#6902),#6906);
#6902 = LINE('',#6903,#6904);
#6903 = CARTESIAN_POINT('',(1.,0.));
#6904 = VECTOR('',#6905,1.);
#6905 = DIRECTION('',(0.,-1.));
#6906 = ( GEOMETRIC_REPRESENTATION_CONTEXT(2) 
PARAMETRIC_REPRESENTATION_CONTEXT() REPRESENTATION_CONTEXT('2D SPACE',''
  ) );
#6907 = PCURVE('',#4176,#6908);
#6908 = DEFINITIONAL_REPRESENTATION('',(#6909),#6913);
#6909 = LINE('',#6910,#6911);
#6910 = CARTESIAN_POINT('',(0.,0.));
#6911 = VECTOR('',#6912,1.);
#6912 = DIRECTION('',(0.,-1.));
#6913 = ( GEOMETRIC_REPRESENTATION_CONTEXT(2) 
PARAMETRIC_REPRESENTATION_CONTEXT() REPRESENTATION_CONTEXT('2D SPACE',''
  ) );
#6914 = ADVANCED_FACE('',(#6915),#4329,.F.);
#6915 = FACE_BOUND('',#6916,.F.);
#6916 = EDGE_LOOP('',(#6917,#6940,#6961,#6962));
#6917 = ORIENTED_EDGE('',*,*,#6918,.F.);
#6918 = EDGE_CURVE('',#6919,#6821,#6921,.T.);
#6919 = VERTEX_POINT('',#6920);
#6920 = CARTESIAN_POINT('',(11.094982845119,-18.39000020345,3.4));
#6921 = SURFACE_CURVE('',#6922,(#6926,#6933),.PCURVE_S1.);
#6922 = B_SPLINE_CURVE_WITH_KNOTS('',2,(#6923,#6924,#6925),
  .UNSPECIFIED.,.F.,.F.,(3,3),(0.,1.),.PIECEWISE_BEZIER_KNOTS.);
#6923 = CARTESIAN_POINT('',(11.094982845119,-18.39000020345,3.4));
#6924 = CARTESIAN_POINT('',(11.222984147202,-18.33200541178,3.4));
#6925 = CARTESIAN_POINT('',(11.398986751369,-18.33200541178,3.4));
#6926 = PCURVE('',#4329,#6927);
#6927 = DEFINITIONAL_REPRESENTATION('',(#6928),#6932);
#6928 = LINE('',#6929,#6930);
#6929 = CARTESIAN_POINT('',(0.,0.));
#6930 = VECTOR('',#6931,1.);
#6931 = DIRECTION('',(1.,0.));
#6932 = ( GEOMETRIC_REPRESENTATION_CONTEXT(2) 
PARAMETRIC_REPRESENTATION_CONTEXT() REPRESENTATION_CONTEXT('2D SPACE',''
  ) );
#6933 = PCURVE('',#6027,#6934);
#6934 = DEFINITIONAL_REPRESENTATION('',(#6935),#6939);
#6935 = B_SPLINE_CURVE_WITH_KNOTS('',2,(#6936,#6937,#6938),
  .UNSPECIFIED.,.F.,.F.,(3,3),(0.,1.),.PIECEWISE_BEZIER_KNOTS.);
#6936 = CARTESIAN_POINT('',(0.948001302083,1.81));
#6937 = CARTESIAN_POINT('',(1.076002604167,1.867994791667));
#6938 = CARTESIAN_POINT('',(1.252005208333,1.867994791667));
#6939 = ( GEOMETRIC_REPRESENTATION_CONTEXT(2) 
PARAMETRIC_REPRESENTATION_CONTEXT() REPRESENTATION_CONTEXT('2D SPACE',''
  ) );
#6940 = ORIENTED_EDGE('',*,*,#6941,.T.);
#6941 = EDGE_CURVE('',#6919,#4269,#6942,.T.);
#6942 = SURFACE_CURVE('',#6943,(#6947,#6954),.PCURVE_S1.);
#6943 = LINE('',#6944,#6945);
#6944 = CARTESIAN_POINT('',(11.094982845119,-18.39000020345,3.4));
#6945 = VECTOR('',#6946,1.);
#6946 = DIRECTION('',(0.,0.,1.));
#6947 = PCURVE('',#4329,#6948);
#6948 = DEFINITIONAL_REPRESENTATION('',(#6949),#6953);
#6949 = LINE('',#6950,#6951);
#6950 = CARTESIAN_POINT('',(0.,0.));
#6951 = VECTOR('',#6952,1.);
#6952 = DIRECTION('',(0.,-1.));
#6953 = ( GEOMETRIC_REPRESENTATION_CONTEXT(2) 
PARAMETRIC_REPRESENTATION_CONTEXT() REPRESENTATION_CONTEXT('2D SPACE',''
  ) );
#6954 = PCURVE('',#4290,#6955);
#6955 = DEFINITIONAL_REPRESENTATION('',(#6956),#6960);
#6956 = LINE('',#6957,#6958);
#6957 = CARTESIAN_POINT('',(1.,0.));
#6958 = VECTOR('',#6959,1.);
#6959 = DIRECTION('',(0.,-1.));
#6960 = ( GEOMETRIC_REPRESENTATION_CONTEXT(2) 
PARAMETRIC_REPRESENTATION_CONTEXT() REPRESENTATION_CONTEXT('2D SPACE',''
  ) );
#6961 = ORIENTED_EDGE('',*,*,#4307,.F.);
#6962 = ORIENTED_EDGE('',*,*,#6843,.F.);
#6963 = ADVANCED_FACE('',(#6964),#4176,.F.);
#6964 = FACE_BOUND('',#6965,.F.);
#6965 = EDGE_LOOP('',(#6966,#6989,#6990,#6991));
#6966 = ORIENTED_EDGE('',*,*,#6967,.F.);
#6967 = EDGE_CURVE('',#6870,#6968,#6970,.T.);
#6968 = VERTEX_POINT('',#6969);
#6969 = CARTESIAN_POINT('',(10.930985449285,-17.99600280761,3.4));
#6970 = SURFACE_CURVE('',#6971,(#6975,#6982),.PCURVE_S1.);
#6971 = B_SPLINE_CURVE_WITH_KNOTS('',2,(#6972,#6973,#6974),
  .UNSPECIFIED.,.F.,.F.,(3,3),(0.,1.),.PIECEWISE_BEZIER_KNOTS.);
#6972 = CARTESIAN_POINT('',(11.072984147202,-17.8140041097,3.4));
#6973 = CARTESIAN_POINT('',(10.978986751369,-17.87200541178,3.4));
#6974 = CARTESIAN_POINT('',(10.930985449285,-17.99600280761,3.4));
#6975 = PCURVE('',#4176,#6976);
#6976 = DEFINITIONAL_REPRESENTATION('',(#6977),#6981);
#6977 = LINE('',#6978,#6979);
#6978 = CARTESIAN_POINT('',(0.,0.));
#6979 = VECTOR('',#6980,1.);
#6980 = DIRECTION('',(1.,0.));
#6981 = ( GEOMETRIC_REPRESENTATION_CONTEXT(2) 
PARAMETRIC_REPRESENTATION_CONTEXT() REPRESENTATION_CONTEXT('2D SPACE',''
  ) );
#6982 = PCURVE('',#6027,#6983);
#6983 = DEFINITIONAL_REPRESENTATION('',(#6984),#6988);
#6984 = B_SPLINE_CURVE_WITH_KNOTS('',2,(#6985,#6986,#6987),
  .UNSPECIFIED.,.F.,.F.,(3,3),(0.,1.),.PIECEWISE_BEZIER_KNOTS.);
#6985 = CARTESIAN_POINT('',(0.926002604167,2.38599609375));
#6986 = CARTESIAN_POINT('',(0.832005208333,2.327994791667));
#6987 = CARTESIAN_POINT('',(0.78400390625,2.203997395833));
#6988 = ( GEOMETRIC_REPRESENTATION_CONTEXT(2) 
PARAMETRIC_REPRESENTATION_CONTEXT() REPRESENTATION_CONTEXT('2D SPACE',''
  ) );
#6989 = ORIENTED_EDGE('',*,*,#6894,.T.);
#6990 = ORIENTED_EDGE('',*,*,#4154,.F.);
#6991 = ORIENTED_EDGE('',*,*,#6992,.F.);
#6992 = EDGE_CURVE('',#6968,#4155,#6993,.T.);
#6993 = SURFACE_CURVE('',#6994,(#6998,#7005),.PCURVE_S1.);
#6994 = LINE('',#6995,#6996);
#6995 = CARTESIAN_POINT('',(10.930985449285,-17.99600280761,3.4));
#6996 = VECTOR('',#6997,1.);
#6997 = DIRECTION('',(0.,0.,1.));
#6998 = PCURVE('',#4176,#6999);
#6999 = DEFINITIONAL_REPRESENTATION('',(#7000),#7004);
#7000 = LINE('',#7001,#7002);
#7001 = CARTESIAN_POINT('',(1.,0.));
#7002 = VECTOR('',#7003,1.);
#7003 = DIRECTION('',(0.,-1.));
#7004 = ( GEOMETRIC_REPRESENTATION_CONTEXT(2) 
PARAMETRIC_REPRESENTATION_CONTEXT() REPRESENTATION_CONTEXT('2D SPACE',''
  ) );
#7005 = PCURVE('',#4213,#7006);
#7006 = DEFINITIONAL_REPRESENTATION('',(#7007),#7011);
#7007 = LINE('',#7008,#7009);
#7008 = CARTESIAN_POINT('',(0.,0.));
#7009 = VECTOR('',#7010,1.);
#7010 = DIRECTION('',(0.,-1.));
#7011 = ( GEOMETRIC_REPRESENTATION_CONTEXT(2) 
PARAMETRIC_REPRESENTATION_CONTEXT() REPRESENTATION_CONTEXT('2D SPACE',''
  ) );
#7012 = ADVANCED_FACE('',(#7013),#4290,.F.);
#7013 = FACE_BOUND('',#7014,.F.);
#7014 = EDGE_LOOP('',(#7015,#7038,#7059,#7060));
#7015 = ORIENTED_EDGE('',*,*,#7016,.F.);
#7016 = EDGE_CURVE('',#7017,#6919,#7019,.T.);
#7017 = VERTEX_POINT('',#7018);
#7018 = CARTESIAN_POINT('',(10.834976334702,-18.58399759928,3.4));
#7019 = SURFACE_CURVE('',#7020,(#7024,#7031),.PCURVE_S1.);
#7020 = B_SPLINE_CURVE_WITH_KNOTS('',2,(#7021,#7022,#7023),
  .UNSPECIFIED.,.F.,.F.,(3,3),(0.,1.),.PIECEWISE_BEZIER_KNOTS.);
#7021 = CARTESIAN_POINT('',(10.834976334702,-18.58399759928,3.4));
#7022 = CARTESIAN_POINT('',(10.966981543035,-18.44799499511,3.4));
#7023 = CARTESIAN_POINT('',(11.094982845119,-18.39000020345,3.4));
#7024 = PCURVE('',#4290,#7025);
#7025 = DEFINITIONAL_REPRESENTATION('',(#7026),#7030);
#7026 = LINE('',#7027,#7028);
#7027 = CARTESIAN_POINT('',(0.,0.));
#7028 = VECTOR('',#7029,1.);
#7029 = DIRECTION('',(1.,0.));
#7030 = ( GEOMETRIC_REPRESENTATION_CONTEXT(2) 
PARAMETRIC_REPRESENTATION_CONTEXT() REPRESENTATION_CONTEXT('2D SPACE',''
  ) );
#7031 = PCURVE('',#6027,#7032);
#7032 = DEFINITIONAL_REPRESENTATION('',(#7033),#7037);
#7033 = B_SPLINE_CURVE_WITH_KNOTS('',2,(#7034,#7035,#7036),
  .UNSPECIFIED.,.F.,.F.,(3,3),(0.,1.),.PIECEWISE_BEZIER_KNOTS.);
#7034 = CARTESIAN_POINT('',(0.687994791667,1.616002604167));
#7035 = CARTESIAN_POINT('',(0.82,1.752005208333));
#7036 = CARTESIAN_POINT('',(0.948001302083,1.81));
#7037 = ( GEOMETRIC_REPRESENTATION_CONTEXT(2) 
PARAMETRIC_REPRESENTATION_CONTEXT() REPRESENTATION_CONTEXT('2D SPACE',''
  ) );
#7038 = ORIENTED_EDGE('',*,*,#7039,.T.);
#7039 = EDGE_CURVE('',#7017,#4230,#7040,.T.);
#7040 = SURFACE_CURVE('',#7041,(#7045,#7052),.PCURVE_S1.);
#7041 = LINE('',#7042,#7043);
#7042 = CARTESIAN_POINT('',(10.834976334702,-18.58399759928,3.4));
#7043 = VECTOR('',#7044,1.);
#7044 = DIRECTION('',(0.,0.,1.));
#7045 = PCURVE('',#4290,#7046);
#7046 = DEFINITIONAL_REPRESENTATION('',(#7047),#7051);
#7047 = LINE('',#7048,#7049);
#7048 = CARTESIAN_POINT('',(0.,0.));
#7049 = VECTOR('',#7050,1.);
#7050 = DIRECTION('',(0.,-1.));
#7051 = ( GEOMETRIC_REPRESENTATION_CONTEXT(2) 
PARAMETRIC_REPRESENTATION_CONTEXT() REPRESENTATION_CONTEXT('2D SPACE',''
  ) );
#7052 = PCURVE('',#4251,#7053);
#7053 = DEFINITIONAL_REPRESENTATION('',(#7054),#7058);
#7054 = LINE('',#7055,#7056);
#7055 = CARTESIAN_POINT('',(1.,0.));
#7056 = VECTOR('',#7057,1.);
#7057 = DIRECTION('',(0.,-1.));
#7058 = ( GEOMETRIC_REPRESENTATION_CONTEXT(2) 
PARAMETRIC_REPRESENTATION_CONTEXT() REPRESENTATION_CONTEXT('2D SPACE',''
  ) );
#7059 = ORIENTED_EDGE('',*,*,#4268,.F.);
#7060 = ORIENTED_EDGE('',*,*,#6941,.F.);
#7061 = ADVANCED_FACE('',(#7062),#4213,.F.);
#7062 = FACE_BOUND('',#7063,.F.);
#7063 = EDGE_LOOP('',(#7064,#7087,#7088,#7089));
#7064 = ORIENTED_EDGE('',*,*,#7065,.F.);
#7065 = EDGE_CURVE('',#6968,#7066,#7068,.T.);
#7066 = VERTEX_POINT('',#7067);
#7067 = CARTESIAN_POINT('',(10.862984147202,-18.25199890136,3.4));
#7068 = SURFACE_CURVE('',#7069,(#7073,#7080),.PCURVE_S1.);
#7069 = B_SPLINE_CURVE_WITH_KNOTS('',2,(#7070,#7071,#7072),
  .UNSPECIFIED.,.F.,.F.,(3,3),(0.,1.),.PIECEWISE_BEZIER_KNOTS.);
#7070 = CARTESIAN_POINT('',(10.930985449285,-17.99600280761,3.4));
#7071 = CARTESIAN_POINT('',(10.882984147202,-18.12000020345,3.4));
#7072 = CARTESIAN_POINT('',(10.862984147202,-18.25199890136,3.4));
#7073 = PCURVE('',#4213,#7074);
#7074 = DEFINITIONAL_REPRESENTATION('',(#7075),#7079);
#7075 = LINE('',#7076,#7077);
#7076 = CARTESIAN_POINT('',(0.,0.));
#7077 = VECTOR('',#7078,1.);
#7078 = DIRECTION('',(1.,0.));
#7079 = ( GEOMETRIC_REPRESENTATION_CONTEXT(2) 
PARAMETRIC_REPRESENTATION_CONTEXT() REPRESENTATION_CONTEXT('2D SPACE',''
  ) );
#7080 = PCURVE('',#6027,#7081);
#7081 = DEFINITIONAL_REPRESENTATION('',(#7082),#7086);
#7082 = B_SPLINE_CURVE_WITH_KNOTS('',2,(#7083,#7084,#7085),
  .UNSPECIFIED.,.F.,.F.,(3,3),(0.,1.),.PIECEWISE_BEZIER_KNOTS.);
#7083 = CARTESIAN_POINT('',(0.78400390625,2.203997395833));
#7084 = CARTESIAN_POINT('',(0.736002604167,2.08));
#7085 = CARTESIAN_POINT('',(0.716002604167,1.948001302083));
#7086 = ( GEOMETRIC_REPRESENTATION_CONTEXT(2) 
PARAMETRIC_REPRESENTATION_CONTEXT() REPRESENTATION_CONTEXT('2D SPACE',''
  ) );
#7087 = ORIENTED_EDGE('',*,*,#6992,.T.);
#7088 = ORIENTED_EDGE('',*,*,#4193,.F.);
#7089 = ORIENTED_EDGE('',*,*,#7090,.F.);
#7090 = EDGE_CURVE('',#7066,#4194,#7091,.T.);
#7091 = SURFACE_CURVE('',#7092,(#7096,#7103),.PCURVE_S1.);
#7092 = LINE('',#7093,#7094);
#7093 = CARTESIAN_POINT('',(10.862984147202,-18.25199890136,3.4));
#7094 = VECTOR('',#7095,1.);
#7095 = DIRECTION('',(0.,0.,1.));
#7096 = PCURVE('',#4213,#7097);
#7097 = DEFINITIONAL_REPRESENTATION('',(#7098),#7102);
#7098 = LINE('',#7099,#7100);
#7099 = CARTESIAN_POINT('',(1.,0.));
#7100 = VECTOR('',#7101,1.);
#7101 = DIRECTION('',(0.,-1.));
#7102 = ( GEOMETRIC_REPRESENTATION_CONTEXT(2) 
PARAMETRIC_REPRESENTATION_CONTEXT() REPRESENTATION_CONTEXT('2D SPACE',''
  ) );
#7103 = PCURVE('',#4251,#7104);
#7104 = DEFINITIONAL_REPRESENTATION('',(#7105),#7109);
#7105 = LINE('',#7106,#7107);
#7106 = CARTESIAN_POINT('',(0.,0.));
#7107 = VECTOR('',#7108,1.);
#7108 = DIRECTION('',(0.,-1.));
#7109 = ( GEOMETRIC_REPRESENTATION_CONTEXT(2) 
PARAMETRIC_REPRESENTATION_CONTEXT() REPRESENTATION_CONTEXT('2D SPACE',''
  ) );
#7110 = ADVANCED_FACE('',(#7111),#4251,.F.);
#7111 = FACE_BOUND('',#7112,.F.);
#7112 = EDGE_LOOP('',(#7113,#7134,#7135,#7136));
#7113 = ORIENTED_EDGE('',*,*,#7114,.F.);
#7114 = EDGE_CURVE('',#7066,#7017,#7115,.T.);
#7115 = SURFACE_CURVE('',#7116,(#7120,#7127),.PCURVE_S1.);
#7116 = B_SPLINE_CURVE_WITH_KNOTS('',2,(#7117,#7118,#7119),
  .UNSPECIFIED.,.F.,.F.,(3,3),(0.,1.),.PIECEWISE_BEZIER_KNOTS.);
#7117 = CARTESIAN_POINT('',(10.862984147202,-18.25199890136,3.4));
#7118 = CARTESIAN_POINT('',(10.842984147202,-18.38399759928,3.4));
#7119 = CARTESIAN_POINT('',(10.834976334702,-18.58399759928,3.4));
#7120 = PCURVE('',#4251,#7121);
#7121 = DEFINITIONAL_REPRESENTATION('',(#7122),#7126);
#7122 = LINE('',#7123,#7124);
#7123 = CARTESIAN_POINT('',(0.,0.));
#7124 = VECTOR('',#7125,1.);
#7125 = DIRECTION('',(1.,0.));
#7126 = ( GEOMETRIC_REPRESENTATION_CONTEXT(2) 
PARAMETRIC_REPRESENTATION_CONTEXT() REPRESENTATION_CONTEXT('2D SPACE',''
  ) );
#7127 = PCURVE('',#6027,#7128);
#7128 = DEFINITIONAL_REPRESENTATION('',(#7129),#7133);
#7129 = B_SPLINE_CURVE_WITH_KNOTS('',2,(#7130,#7131,#7132),
  .UNSPECIFIED.,.F.,.F.,(3,3),(0.,1.),.PIECEWISE_BEZIER_KNOTS.);
#7130 = CARTESIAN_POINT('',(0.716002604167,1.948001302083));
#7131 = CARTESIAN_POINT('',(0.696002604167,1.816002604167));
#7132 = CARTESIAN_POINT('',(0.687994791667,1.616002604167));
#7133 = ( GEOMETRIC_REPRESENTATION_CONTEXT(2) 
PARAMETRIC_REPRESENTATION_CONTEXT() REPRESENTATION_CONTEXT('2D SPACE',''
  ) );
#7134 = ORIENTED_EDGE('',*,*,#7090,.T.);
#7135 = ORIENTED_EDGE('',*,*,#4229,.F.);
#7136 = ORIENTED_EDGE('',*,*,#7039,.F.);
#7137 = ADVANCED_FACE('',(#7138),#5434,.F.);
#7138 = FACE_BOUND('',#7139,.F.);
#7139 = EDGE_LOOP('',(#7140,#7141,#7164,#7192));
#7140 = ORIENTED_EDGE('',*,*,#5416,.T.);
#7141 = ORIENTED_EDGE('',*,*,#7142,.T.);
#7142 = EDGE_CURVE('',#5419,#7143,#7145,.T.);
#7143 = VERTEX_POINT('',#7144);
#7144 = CARTESIAN_POINT('',(22.985323154484,-11.21280291446,1.8));
#7145 = SURFACE_CURVE('',#7146,(#7150,#7157),.PCURVE_S1.);
#7146 = LINE('',#7147,#7148);
#7147 = CARTESIAN_POINT('',(22.985323154484,-11.21280291446,-1.));
#7148 = VECTOR('',#7149,1.);
#7149 = DIRECTION('',(0.,0.,1.));
#7150 = PCURVE('',#5434,#7151);
#7151 = DEFINITIONAL_REPRESENTATION('',(#7152),#7156);
#7152 = LINE('',#7153,#7154);
#7153 = CARTESIAN_POINT('',(0.,0.));
#7154 = VECTOR('',#7155,1.);
#7155 = DIRECTION('',(0.,-1.));
#7156 = ( GEOMETRIC_REPRESENTATION_CONTEXT(2) 
PARAMETRIC_REPRESENTATION_CONTEXT() REPRESENTATION_CONTEXT('2D SPACE',''
  ) );
#7157 = PCURVE('',#5526,#7158);
#7158 = DEFINITIONAL_REPRESENTATION('',(#7159),#7163);
#7159 = LINE('',#7160,#7161);
#7160 = CARTESIAN_POINT('',(3.14159265359,0.));
#7161 = VECTOR('',#7162,1.);
#7162 = DIRECTION('',(0.,-1.));
#7163 = ( GEOMETRIC_REPRESENTATION_CONTEXT(2) 
PARAMETRIC_REPRESENTATION_CONTEXT() REPRESENTATION_CONTEXT('2D SPACE',''
  ) );
#7164 = ORIENTED_EDGE('',*,*,#7165,.T.);
#7165 = EDGE_CURVE('',#7143,#7166,#7168,.T.);
#7166 = VERTEX_POINT('',#7167);
#7167 = CARTESIAN_POINT('',(18.234886774743,-13.32783345846,1.8));
#7168 = SURFACE_CURVE('',#7169,(#7173,#7180),.PCURVE_S1.);
#7169 = LINE('',#7170,#7171);
#7170 = CARTESIAN_POINT('',(22.985323154484,-11.21280291446,1.8));
#7171 = VECTOR('',#7172,1.);
#7172 = DIRECTION('',(-0.913545457643,-0.406736643076,0.));
#7173 = PCURVE('',#5434,#7174);
#7174 = DEFINITIONAL_REPRESENTATION('',(#7175),#7179);
#7175 = LINE('',#7176,#7177);
#7176 = CARTESIAN_POINT('',(0.,-2.8));
#7177 = VECTOR('',#7178,1.);
#7178 = DIRECTION('',(1.,0.));
#7179 = ( GEOMETRIC_REPRESENTATION_CONTEXT(2) 
PARAMETRIC_REPRESENTATION_CONTEXT() REPRESENTATION_CONTEXT('2D SPACE',''
  ) );
#7180 = PCURVE('',#7181,#7186);
#7181 = PLANE('',#7182);
#7182 = AXIS2_PLACEMENT_3D('',#7183,#7184,#7185);
#7183 = CARTESIAN_POINT('',(20.,-10.9,1.8));
#7184 = DIRECTION('',(-0.,-0.,-1.));
#7185 = DIRECTION('',(-1.,0.,0.));
#7186 = DEFINITIONAL_REPRESENTATION('',(#7187),#7191);
#7187 = LINE('',#7188,#7189);
#7188 = CARTESIAN_POINT('',(-2.985323154484,-0.312802914467));
#7189 = VECTOR('',#7190,1.);
#7190 = DIRECTION('',(0.913545457643,-0.406736643076));
#7191 = ( GEOMETRIC_REPRESENTATION_CONTEXT(2) 
PARAMETRIC_REPRESENTATION_CONTEXT() REPRESENTATION_CONTEXT('2D SPACE',''
  ) );
#7192 = ORIENTED_EDGE('',*,*,#7193,.F.);
#7193 = EDGE_CURVE('',#5417,#7166,#7194,.T.);
#7194 = SURFACE_CURVE('',#7195,(#7199,#7206),.PCURVE_S1.);
#7195 = LINE('',#7196,#7197);
#7196 = CARTESIAN_POINT('',(18.234886774743,-13.32783345846,-1.));
#7197 = VECTOR('',#7198,1.);
#7198 = DIRECTION('',(0.,0.,1.));
#7199 = PCURVE('',#5434,#7200);
#7200 = DEFINITIONAL_REPRESENTATION('',(#7201),#7205);
#7201 = LINE('',#7202,#7203);
#7202 = CARTESIAN_POINT('',(5.2,0.));
#7203 = VECTOR('',#7204,1.);
#7204 = DIRECTION('',(0.,-1.));
#7205 = ( GEOMETRIC_REPRESENTATION_CONTEXT(2) 
PARAMETRIC_REPRESENTATION_CONTEXT() REPRESENTATION_CONTEXT('2D SPACE',''
  ) );
#7206 = PCURVE('',#5467,#7207);
#7207 = DEFINITIONAL_REPRESENTATION('',(#7208),#7212);
#7208 = LINE('',#7209,#7210);
#7209 = CARTESIAN_POINT('',(0.,0.));
#7210 = VECTOR('',#7211,1.);
#7211 = DIRECTION('',(0.,-1.));
#7212 = ( GEOMETRIC_REPRESENTATION_CONTEXT(2) 
PARAMETRIC_REPRESENTATION_CONTEXT() REPRESENTATION_CONTEXT('2D SPACE',''
  ) );
#7213 = ADVANCED_FACE('',(#7214),#5526,.F.);
#7214 = FACE_BOUND('',#7215,.F.);
#7215 = EDGE_LOOP('',(#7216,#7217,#7240,#7262));
#7216 = ORIENTED_EDGE('',*,*,#5507,.F.);
#7217 = ORIENTED_EDGE('',*,*,#7218,.T.);
#7218 = EDGE_CURVE('',#5480,#7219,#7221,.T.);
#7219 = VERTEX_POINT('',#7220);
#7220 = CARTESIAN_POINT('',(21.765113225257,-8.472166541539,1.8));
#7221 = SURFACE_CURVE('',#7222,(#7226,#7233),.PCURVE_S1.);
#7222 = LINE('',#7223,#7224);
#7223 = CARTESIAN_POINT('',(21.765113225257,-8.472166541539,-1.));
#7224 = VECTOR('',#7225,1.);
#7225 = DIRECTION('',(0.,0.,1.));
#7226 = PCURVE('',#5526,#7227);
#7227 = DEFINITIONAL_REPRESENTATION('',(#7228),#7232);
#7228 = LINE('',#7229,#7230);
#7229 = CARTESIAN_POINT('',(0.,0.));
#7230 = VECTOR('',#7231,1.);
#7231 = DIRECTION('',(0.,-1.));
#7232 = ( GEOMETRIC_REPRESENTATION_CONTEXT(2) 
PARAMETRIC_REPRESENTATION_CONTEXT() REPRESENTATION_CONTEXT('2D SPACE',''
  ) );
#7233 = PCURVE('',#5495,#7234);
#7234 = DEFINITIONAL_REPRESENTATION('',(#7235),#7239);
#7235 = LINE('',#7236,#7237);
#7236 = CARTESIAN_POINT('',(5.2,0.));
#7237 = VECTOR('',#7238,1.);
#7238 = DIRECTION('',(0.,-1.));
#7239 = ( GEOMETRIC_REPRESENTATION_CONTEXT(2) 
PARAMETRIC_REPRESENTATION_CONTEXT() REPRESENTATION_CONTEXT('2D SPACE',''
  ) );
#7240 = ORIENTED_EDGE('',*,*,#7241,.T.);
#7241 = EDGE_CURVE('',#7219,#7143,#7242,.T.);
#7242 = SURFACE_CURVE('',#7243,(#7248,#7255),.PCURVE_S1.);
#7243 = CIRCLE('',#7244,1.5);
#7244 = AXIS2_PLACEMENT_3D('',#7245,#7246,#7247);
#7245 = CARTESIAN_POINT('',(22.375218189871,-9.842484728003,1.8));
#7246 = DIRECTION('',(0.,0.,-1.));
#7247 = DIRECTION('',(-0.406736643076,0.913545457643,0.));
#7248 = PCURVE('',#5526,#7249);
#7249 = DEFINITIONAL_REPRESENTATION('',(#7250),#7254);
#7250 = LINE('',#7251,#7252);
#7251 = CARTESIAN_POINT('',(0.,-2.8));
#7252 = VECTOR('',#7253,1.);
#7253 = DIRECTION('',(1.,0.));
#7254 = ( GEOMETRIC_REPRESENTATION_CONTEXT(2) 
PARAMETRIC_REPRESENTATION_CONTEXT() REPRESENTATION_CONTEXT('2D SPACE',''
  ) );
#7255 = PCURVE('',#7181,#7256);
#7256 = DEFINITIONAL_REPRESENTATION('',(#7257),#7261);
#7257 = CIRCLE('',#7258,1.5);
#7258 = AXIS2_PLACEMENT_2D('',#7259,#7260);
#7259 = CARTESIAN_POINT('',(-2.375218189871,1.057515271997));
#7260 = DIRECTION('',(0.406736643076,0.913545457643));
#7261 = ( GEOMETRIC_REPRESENTATION_CONTEXT(2) 
PARAMETRIC_REPRESENTATION_CONTEXT() REPRESENTATION_CONTEXT('2D SPACE',''
  ) );
#7262 = ORIENTED_EDGE('',*,*,#7142,.F.);
#7263 = ADVANCED_FACE('',(#7264),#5495,.F.);
#7264 = FACE_BOUND('',#7265,.F.);
#7265 = EDGE_LOOP('',(#7266,#7267,#7290,#7311));
#7266 = ORIENTED_EDGE('',*,*,#5479,.T.);
#7267 = ORIENTED_EDGE('',*,*,#7268,.T.);
#7268 = EDGE_CURVE('',#5447,#7269,#7271,.T.);
#7269 = VERTEX_POINT('',#7270);
#7270 = CARTESIAN_POINT('',(17.014676845516,-10.58719708553,1.8));
#7271 = SURFACE_CURVE('',#7272,(#7276,#7283),.PCURVE_S1.);
#7272 = LINE('',#7273,#7274);
#7273 = CARTESIAN_POINT('',(17.014676845516,-10.58719708553,-1.));
#7274 = VECTOR('',#7275,1.);
#7275 = DIRECTION('',(0.,0.,1.));
#7276 = PCURVE('',#5495,#7277);
#7277 = DEFINITIONAL_REPRESENTATION('',(#7278),#7282);
#7278 = LINE('',#7279,#7280);
#7279 = CARTESIAN_POINT('',(0.,0.));
#7280 = VECTOR('',#7281,1.);
#7281 = DIRECTION('',(0.,-1.));
#7282 = ( GEOMETRIC_REPRESENTATION_CONTEXT(2) 
PARAMETRIC_REPRESENTATION_CONTEXT() REPRESENTATION_CONTEXT('2D SPACE',''
  ) );
#7283 = PCURVE('',#5467,#7284);
#7284 = DEFINITIONAL_REPRESENTATION('',(#7285),#7289);
#7285 = LINE('',#7286,#7287);
#7286 = CARTESIAN_POINT('',(3.14159265359,0.));
#7287 = VECTOR('',#7288,1.);
#7288 = DIRECTION('',(0.,-1.));
#7289 = ( GEOMETRIC_REPRESENTATION_CONTEXT(2) 
PARAMETRIC_REPRESENTATION_CONTEXT() REPRESENTATION_CONTEXT('2D SPACE',''
  ) );
#7290 = ORIENTED_EDGE('',*,*,#7291,.T.);
#7291 = EDGE_CURVE('',#7269,#7219,#7292,.T.);
#7292 = SURFACE_CURVE('',#7293,(#7297,#7304),.PCURVE_S1.);
#7293 = LINE('',#7294,#7295);
#7294 = CARTESIAN_POINT('',(17.014676845516,-10.58719708553,1.8));
#7295 = VECTOR('',#7296,1.);
#7296 = DIRECTION('',(0.913545457643,0.406736643076,0.));
#7297 = PCURVE('',#5495,#7298);
#7298 = DEFINITIONAL_REPRESENTATION('',(#7299),#7303);
#7299 = LINE('',#7300,#7301);
#7300 = CARTESIAN_POINT('',(0.,-2.8));
#7301 = VECTOR('',#7302,1.);
#7302 = DIRECTION('',(1.,0.));
#7303 = ( GEOMETRIC_REPRESENTATION_CONTEXT(2) 
PARAMETRIC_REPRESENTATION_CONTEXT() REPRESENTATION_CONTEXT('2D SPACE',''
  ) );
#7304 = PCURVE('',#7181,#7305);
#7305 = DEFINITIONAL_REPRESENTATION('',(#7306),#7310);
#7306 = LINE('',#7307,#7308);
#7307 = CARTESIAN_POINT('',(2.985323154484,0.312802914467));
#7308 = VECTOR('',#7309,1.);
#7309 = DIRECTION('',(-0.913545457643,0.406736643076));
#7310 = ( GEOMETRIC_REPRESENTATION_CONTEXT(2) 
PARAMETRIC_REPRESENTATION_CONTEXT() REPRESENTATION_CONTEXT('2D SPACE',''
  ) );
#7311 = ORIENTED_EDGE('',*,*,#7218,.F.);
#7312 = ADVANCED_FACE('',(#7313),#5467,.F.);
#7313 = FACE_BOUND('',#7314,.F.);
#7314 = EDGE_LOOP('',(#7315,#7316,#7317,#7339));
#7315 = ORIENTED_EDGE('',*,*,#5446,.F.);
#7316 = ORIENTED_EDGE('',*,*,#7193,.T.);
#7317 = ORIENTED_EDGE('',*,*,#7318,.T.);
#7318 = EDGE_CURVE('',#7166,#7269,#7319,.T.);
#7319 = SURFACE_CURVE('',#7320,(#7325,#7332),.PCURVE_S1.);
#7320 = CIRCLE('',#7321,1.5);
#7321 = AXIS2_PLACEMENT_3D('',#7322,#7323,#7324);
#7322 = CARTESIAN_POINT('',(17.624781810129,-11.95751527199,1.8));
#7323 = DIRECTION('',(0.,-0.,-1.));
#7324 = DIRECTION('',(0.406736643076,-0.913545457643,0.));
#7325 = PCURVE('',#5467,#7326);
#7326 = DEFINITIONAL_REPRESENTATION('',(#7327),#7331);
#7327 = LINE('',#7328,#7329);
#7328 = CARTESIAN_POINT('',(0.,-2.8));
#7329 = VECTOR('',#7330,1.);
#7330 = DIRECTION('',(1.,0.));
#7331 = ( GEOMETRIC_REPRESENTATION_CONTEXT(2) 
PARAMETRIC_REPRESENTATION_CONTEXT() REPRESENTATION_CONTEXT('2D SPACE',''
  ) );
#7332 = PCURVE('',#7181,#7333);
#7333 = DEFINITIONAL_REPRESENTATION('',(#7334),#7338);
#7334 = CIRCLE('',#7335,1.5);
#7335 = AXIS2_PLACEMENT_2D('',#7336,#7337);
#7336 = CARTESIAN_POINT('',(2.375218189871,-1.057515271997));
#7337 = DIRECTION('',(-0.406736643076,-0.913545457643));
#7338 = ( GEOMETRIC_REPRESENTATION_CONTEXT(2) 
PARAMETRIC_REPRESENTATION_CONTEXT() REPRESENTATION_CONTEXT('2D SPACE',''
  ) );
#7339 = ORIENTED_EDGE('',*,*,#7268,.F.);
#7340 = ADVANCED_FACE('',(#7341),#5645,.T.);
#7341 = FACE_BOUND('',#7342,.T.);
#7342 = EDGE_LOOP('',(#7343));
#7343 = ORIENTED_EDGE('',*,*,#5630,.T.);
#7344 = ADVANCED_FACE('',(#7345),#5679,.T.);
#7345 = FACE_BOUND('',#7346,.F.);
#7346 = EDGE_LOOP('',(#7347,#7348,#7349,#7350,#7351,#7352,#7353));
#7347 = ORIENTED_EDGE('',*,*,#5661,.T.);
#7348 = ORIENTED_EDGE('',*,*,#5737,.T.);
#7349 = ORIENTED_EDGE('',*,*,#5835,.T.);
#7350 = ORIENTED_EDGE('',*,*,#5933,.T.);
#7351 = ORIENTED_EDGE('',*,*,#5982,.T.);
#7352 = ORIENTED_EDGE('',*,*,#5884,.T.);
#7353 = ORIENTED_EDGE('',*,*,#5786,.T.);
#7354 = ADVANCED_FACE('',(#7355,#7380),#6027,.T.);
#7355 = FACE_BOUND('',#7356,.F.);
#7356 = EDGE_LOOP('',(#7357,#7358,#7359,#7360,#7361,#7362,#7363,#7364,
    #7365,#7366,#7367,#7368,#7369,#7370,#7371,#7372,#7373,#7374,#7375,
    #7376,#7377,#7378,#7379));
#7357 = ORIENTED_EDGE('',*,*,#6009,.T.);
#7358 = ORIENTED_EDGE('',*,*,#6085,.T.);
#7359 = ORIENTED_EDGE('',*,*,#6183,.T.);
#7360 = ORIENTED_EDGE('',*,*,#6281,.T.);
#7361 = ORIENTED_EDGE('',*,*,#6379,.T.);
#7362 = ORIENTED_EDGE('',*,*,#6477,.T.);
#7363 = ORIENTED_EDGE('',*,*,#6575,.T.);
#7364 = ORIENTED_EDGE('',*,*,#6673,.T.);
#7365 = ORIENTED_EDGE('',*,*,#6771,.T.);
#7366 = ORIENTED_EDGE('',*,*,#6869,.T.);
#7367 = ORIENTED_EDGE('',*,*,#6967,.T.);
#7368 = ORIENTED_EDGE('',*,*,#7065,.T.);
#7369 = ORIENTED_EDGE('',*,*,#7114,.T.);
#7370 = ORIENTED_EDGE('',*,*,#7016,.T.);
#7371 = ORIENTED_EDGE('',*,*,#6918,.T.);
#7372 = ORIENTED_EDGE('',*,*,#6820,.T.);
#7373 = ORIENTED_EDGE('',*,*,#6722,.T.);
#7374 = ORIENTED_EDGE('',*,*,#6624,.T.);
#7375 = ORIENTED_EDGE('',*,*,#6526,.T.);
#7376 = ORIENTED_EDGE('',*,*,#6428,.T.);
#7377 = ORIENTED_EDGE('',*,*,#6330,.T.);
#7378 = ORIENTED_EDGE('',*,*,#6232,.T.);
#7379 = ORIENTED_EDGE('',*,*,#6134,.T.);
#7380 = FACE_BOUND('',#7381,.F.);
#7381 = EDGE_LOOP('',(#7382,#7414,#7444,#7474,#7504,#7534,#7564,#7594));
#7382 = ORIENTED_EDGE('',*,*,#7383,.T.);
#7383 = EDGE_CURVE('',#7384,#7386,#7388,.T.);
#7384 = VERTEX_POINT('',#7385);
#7385 = CARTESIAN_POINT('',(11.574982845119,-18.91200541178,3.4));
#7386 = VERTEX_POINT('',#7387);
#7387 = CARTESIAN_POINT('',(11.262984147202,-18.77200541178,3.4));
#7388 = SURFACE_CURVE('',#7389,(#7393,#7400),.PCURVE_S1.);
#7389 = B_SPLINE_CURVE_WITH_KNOTS('',2,(#7390,#7391,#7392),
  .UNSPECIFIED.,.F.,.F.,(3,3),(0.,1.),.PIECEWISE_BEZIER_KNOTS.);
#7390 = CARTESIAN_POINT('',(11.574982845119,-18.91200541178,3.4));
#7391 = CARTESIAN_POINT('',(11.458986751369,-18.77200541178,3.4));
#7392 = CARTESIAN_POINT('',(11.262984147202,-18.77200541178,3.4));
#7393 = PCURVE('',#6027,#7394);
#7394 = DEFINITIONAL_REPRESENTATION('',(#7395),#7399);
#7395 = B_SPLINE_CURVE_WITH_KNOTS('',2,(#7396,#7397,#7398),
  .UNSPECIFIED.,.F.,.F.,(3,3),(0.,1.),.PIECEWISE_BEZIER_KNOTS.);
#7396 = CARTESIAN_POINT('',(1.428001302083,1.287994791667));
#7397 = CARTESIAN_POINT('',(1.312005208333,1.427994791667));
#7398 = CARTESIAN_POINT('',(1.116002604167,1.427994791667));
#7399 = ( GEOMETRIC_REPRESENTATION_CONTEXT(2) 
PARAMETRIC_REPRESENTATION_CONTEXT() REPRESENTATION_CONTEXT('2D SPACE',''
  ) );
#7400 = PCURVE('',#7401,#7408);
#7401 = SURFACE_OF_LINEAR_EXTRUSION('',#7402,#7406);
#7402 = B_SPLINE_CURVE_WITH_KNOTS('',2,(#7403,#7404,#7405),
  .UNSPECIFIED.,.F.,.F.,(3,3),(0.,1.),.PIECEWISE_BEZIER_KNOTS.);
#7403 = CARTESIAN_POINT('',(11.574982845119,-18.91200541178,3.4));
#7404 = CARTESIAN_POINT('',(11.458986751369,-18.77200541178,3.4));
#7405 = CARTESIAN_POINT('',(11.262984147202,-18.77200541178,3.4));
#7406 = VECTOR('',#7407,1.);
#7407 = DIRECTION('',(-0.,-0.,-1.));
#7408 = DEFINITIONAL_REPRESENTATION('',(#7409),#7413);
#7409 = LINE('',#7410,#7411);
#7410 = CARTESIAN_POINT('',(0.,0.));
#7411 = VECTOR('',#7412,1.);
#7412 = DIRECTION('',(1.,0.));
#7413 = ( GEOMETRIC_REPRESENTATION_CONTEXT(2) 
PARAMETRIC_REPRESENTATION_CONTEXT() REPRESENTATION_CONTEXT('2D SPACE',''
  ) );
#7414 = ORIENTED_EDGE('',*,*,#7415,.T.);
#7415 = EDGE_CURVE('',#7386,#7416,#7418,.T.);
#7416 = VERTEX_POINT('',#7417);
#7417 = CARTESIAN_POINT('',(10.946981543035,-18.91800150553,3.4));
#7418 = SURFACE_CURVE('',#7419,(#7423,#7430),.PCURVE_S1.);
#7419 = B_SPLINE_CURVE_WITH_KNOTS('',2,(#7420,#7421,#7422),
  .UNSPECIFIED.,.F.,.F.,(3,3),(0.,1.),.PIECEWISE_BEZIER_KNOTS.);
#7420 = CARTESIAN_POINT('',(11.262984147202,-18.77200541178,3.4));
#7421 = CARTESIAN_POINT('',(11.066981543035,-18.77200541178,3.4));
#7422 = CARTESIAN_POINT('',(10.946981543035,-18.91800150553,3.4));
#7423 = PCURVE('',#6027,#7424);
#7424 = DEFINITIONAL_REPRESENTATION('',(#7425),#7429);
#7425 = B_SPLINE_CURVE_WITH_KNOTS('',2,(#7426,#7427,#7428),
  .UNSPECIFIED.,.F.,.F.,(3,3),(0.,1.),.PIECEWISE_BEZIER_KNOTS.);
#7426 = CARTESIAN_POINT('',(1.116002604167,1.427994791667));
#7427 = CARTESIAN_POINT('',(0.92,1.427994791667));
#7428 = CARTESIAN_POINT('',(0.8,1.281998697917));
#7429 = ( GEOMETRIC_REPRESENTATION_CONTEXT(2) 
PARAMETRIC_REPRESENTATION_CONTEXT() REPRESENTATION_CONTEXT('2D SPACE',''
  ) );
#7430 = PCURVE('',#7431,#7438);
#7431 = SURFACE_OF_LINEAR_EXTRUSION('',#7432,#7436);
#7432 = B_SPLINE_CURVE_WITH_KNOTS('',2,(#7433,#7434,#7435),
  .UNSPECIFIED.,.F.,.F.,(3,3),(0.,1.),.PIECEWISE_BEZIER_KNOTS.);
#7433 = CARTESIAN_POINT('',(11.262984147202,-18.77200541178,3.4));
#7434 = CARTESIAN_POINT('',(11.066981543035,-18.77200541178,3.4));
#7435 = CARTESIAN_POINT('',(10.946981543035,-18.91800150553,3.4));
#7436 = VECTOR('',#7437,1.);
#7437 = DIRECTION('',(-0.,-0.,-1.));
#7438 = DEFINITIONAL_REPRESENTATION('',(#7439),#7443);
#7439 = LINE('',#7440,#7441);
#7440 = CARTESIAN_POINT('',(0.,0.));
#7441 = VECTOR('',#7442,1.);
#7442 = DIRECTION('',(1.,0.));
#7443 = ( GEOMETRIC_REPRESENTATION_CONTEXT(2) 
PARAMETRIC_REPRESENTATION_CONTEXT() REPRESENTATION_CONTEXT('2D SPACE',''
  ) );
#7444 = ORIENTED_EDGE('',*,*,#7445,.T.);
#7445 = EDGE_CURVE('',#7416,#7446,#7448,.T.);
#7446 = VERTEX_POINT('',#7447);
#7447 = CARTESIAN_POINT('',(10.826981543035,-19.30000020345,3.4));
#7448 = SURFACE_CURVE('',#7449,(#7453,#7460),.PCURVE_S1.);
#7449 = B_SPLINE_CURVE_WITH_KNOTS('',2,(#7450,#7451,#7452),
  .UNSPECIFIED.,.F.,.F.,(3,3),(0.,1.),.PIECEWISE_BEZIER_KNOTS.);
#7450 = CARTESIAN_POINT('',(10.946981543035,-18.91800150553,3.4));
#7451 = CARTESIAN_POINT('',(10.826981543035,-19.06399759928,3.4));
#7452 = CARTESIAN_POINT('',(10.826981543035,-19.30000020345,3.4));
#7453 = PCURVE('',#6027,#7454);
#7454 = DEFINITIONAL_REPRESENTATION('',(#7455),#7459);
#7455 = B_SPLINE_CURVE_WITH_KNOTS('',2,(#7456,#7457,#7458),
  .UNSPECIFIED.,.F.,.F.,(3,3),(0.,1.),.PIECEWISE_BEZIER_KNOTS.);
#7456 = CARTESIAN_POINT('',(0.8,1.281998697917));
#7457 = CARTESIAN_POINT('',(0.68,1.136002604167));
#7458 = CARTESIAN_POINT('',(0.68,0.9));
#7459 = ( GEOMETRIC_REPRESENTATION_CONTEXT(2) 
PARAMETRIC_REPRESENTATION_CONTEXT() REPRESENTATION_CONTEXT('2D SPACE',''
  ) );
#7460 = PCURVE('',#7461,#7468);
#7461 = SURFACE_OF_LINEAR_EXTRUSION('',#7462,#7466);
#7462 = B_SPLINE_CURVE_WITH_KNOTS('',2,(#7463,#7464,#7465),
  .UNSPECIFIED.,.F.,.F.,(3,3),(0.,1.),.PIECEWISE_BEZIER_KNOTS.);
#7463 = CARTESIAN_POINT('',(10.946981543035,-18.91800150553,3.4));
#7464 = CARTESIAN_POINT('',(10.826981543035,-19.06399759928,3.4));
#7465 = CARTESIAN_POINT('',(10.826981543035,-19.30000020345,3.4));
#7466 = VECTOR('',#7467,1.);
#7467 = DIRECTION('',(-0.,-0.,-1.));
#7468 = DEFINITIONAL_REPRESENTATION('',(#7469),#7473);
#7469 = LINE('',#7470,#7471);
#7470 = CARTESIAN_POINT('',(0.,0.));
#7471 = VECTOR('',#7472,1.);
#7472 = DIRECTION('',(1.,0.));
#7473 = ( GEOMETRIC_REPRESENTATION_CONTEXT(2) 
PARAMETRIC_REPRESENTATION_CONTEXT() REPRESENTATION_CONTEXT('2D SPACE',''
  ) );
#7474 = ORIENTED_EDGE('',*,*,#7475,.T.);
#7475 = EDGE_CURVE('',#7446,#7476,#7478,.T.);
#7476 = VERTEX_POINT('',#7477);
#7477 = CARTESIAN_POINT('',(10.946981543035,-19.66800150553,3.4));
#7478 = SURFACE_CURVE('',#7479,(#7483,#7490),.PCURVE_S1.);
#7479 = B_SPLINE_CURVE_WITH_KNOTS('',2,(#7480,#7481,#7482),
  .UNSPECIFIED.,.F.,.F.,(3,3),(0.,1.),.PIECEWISE_BEZIER_KNOTS.);
#7480 = CARTESIAN_POINT('',(10.826981543035,-19.30000020345,3.4));
#7481 = CARTESIAN_POINT('',(10.826981543035,-19.52399759928,3.4));
#7482 = CARTESIAN_POINT('',(10.946981543035,-19.66800150553,3.4));
#7483 = PCURVE('',#6027,#7484);
#7484 = DEFINITIONAL_REPRESENTATION('',(#7485),#7489);
#7485 = B_SPLINE_CURVE_WITH_KNOTS('',2,(#7486,#7487,#7488),
  .UNSPECIFIED.,.F.,.F.,(3,3),(0.,1.),.PIECEWISE_BEZIER_KNOTS.);
#7486 = CARTESIAN_POINT('',(0.68,0.9));
#7487 = CARTESIAN_POINT('',(0.68,0.676002604167));
#7488 = CARTESIAN_POINT('',(0.8,0.531998697917));
#7489 = ( GEOMETRIC_REPRESENTATION_CONTEXT(2) 
PARAMETRIC_REPRESENTATION_CONTEXT() REPRESENTATION_CONTEXT('2D SPACE',''
  ) );
#7490 = PCURVE('',#7491,#7498);
#7491 = SURFACE_OF_LINEAR_EXTRUSION('',#7492,#7496);
#7492 = B_SPLINE_CURVE_WITH_KNOTS('',2,(#7493,#7494,#7495),
  .UNSPECIFIED.,.F.,.F.,(3,3),(0.,1.),.PIECEWISE_BEZIER_KNOTS.);
#7493 = CARTESIAN_POINT('',(10.826981543035,-19.30000020345,3.4));
#7494 = CARTESIAN_POINT('',(10.826981543035,-19.52399759928,3.4));
#7495 = CARTESIAN_POINT('',(10.946981543035,-19.66800150553,3.4));
#7496 = VECTOR('',#7497,1.);
#7497 = DIRECTION('',(-0.,-0.,-1.));
#7498 = DEFINITIONAL_REPRESENTATION('',(#7499),#7503);
#7499 = LINE('',#7500,#7501);
#7500 = CARTESIAN_POINT('',(0.,0.));
#7501 = VECTOR('',#7502,1.);
#7502 = DIRECTION('',(1.,0.));
#7503 = ( GEOMETRIC_REPRESENTATION_CONTEXT(2) 
PARAMETRIC_REPRESENTATION_CONTEXT() REPRESENTATION_CONTEXT('2D SPACE',''
  ) );
#7504 = ORIENTED_EDGE('',*,*,#7505,.T.);
#7505 = EDGE_CURVE('',#7476,#7506,#7508,.T.);
#7506 = VERTEX_POINT('',#7507);
#7507 = CARTESIAN_POINT('',(11.258986751369,-19.81200541178,3.4));
#7508 = SURFACE_CURVE('',#7509,(#7513,#7520),.PCURVE_S1.);
#7509 = B_SPLINE_CURVE_WITH_KNOTS('',2,(#7510,#7511,#7512),
  .UNSPECIFIED.,.F.,.F.,(3,3),(0.,1.),.PIECEWISE_BEZIER_KNOTS.);
#7510 = CARTESIAN_POINT('',(10.946981543035,-19.66800150553,3.4));
#7511 = CARTESIAN_POINT('',(11.066981543035,-19.81200541178,3.4));
#7512 = CARTESIAN_POINT('',(11.258986751369,-19.81200541178,3.4));
#7513 = PCURVE('',#6027,#7514);
#7514 = DEFINITIONAL_REPRESENTATION('',(#7515),#7519);
#7515 = B_SPLINE_CURVE_WITH_KNOTS('',2,(#7516,#7517,#7518),
  .UNSPECIFIED.,.F.,.F.,(3,3),(0.,1.),.PIECEWISE_BEZIER_KNOTS.);
#7516 = CARTESIAN_POINT('',(0.8,0.531998697917));
#7517 = CARTESIAN_POINT('',(0.92,0.387994791667));
#7518 = CARTESIAN_POINT('',(1.112005208333,0.387994791667));
#7519 = ( GEOMETRIC_REPRESENTATION_CONTEXT(2) 
PARAMETRIC_REPRESENTATION_CONTEXT() REPRESENTATION_CONTEXT('2D SPACE',''
  ) );
#7520 = PCURVE('',#7521,#7528);
#7521 = SURFACE_OF_LINEAR_EXTRUSION('',#7522,#7526);
#7522 = B_SPLINE_CURVE_WITH_KNOTS('',2,(#7523,#7524,#7525),
  .UNSPECIFIED.,.F.,.F.,(3,3),(0.,1.),.PIECEWISE_BEZIER_KNOTS.);
#7523 = CARTESIAN_POINT('',(10.946981543035,-19.66800150553,3.4));
#7524 = CARTESIAN_POINT('',(11.066981543035,-19.81200541178,3.4));
#7525 = CARTESIAN_POINT('',(11.258986751369,-19.81200541178,3.4));
#7526 = VECTOR('',#7527,1.);
#7527 = DIRECTION('',(-0.,-0.,-1.));
#7528 = DEFINITIONAL_REPRESENTATION('',(#7529),#7533);
#7529 = LINE('',#7530,#7531);
#7530 = CARTESIAN_POINT('',(0.,0.));
#7531 = VECTOR('',#7532,1.);
#7532 = DIRECTION('',(1.,0.));
#7533 = ( GEOMETRIC_REPRESENTATION_CONTEXT(2) 
PARAMETRIC_REPRESENTATION_CONTEXT() REPRESENTATION_CONTEXT('2D SPACE',''
  ) );
#7534 = ORIENTED_EDGE('',*,*,#7535,.T.);
#7535 = EDGE_CURVE('',#7506,#7536,#7538,.T.);
#7536 = VERTEX_POINT('',#7537);
#7537 = CARTESIAN_POINT('',(11.568980240952,-19.6640041097,3.4));
#7538 = SURFACE_CURVE('',#7539,(#7543,#7550),.PCURVE_S1.);
#7539 = B_SPLINE_CURVE_WITH_KNOTS('',2,(#7540,#7541,#7542),
  .UNSPECIFIED.,.F.,.F.,(3,3),(0.,1.),.PIECEWISE_BEZIER_KNOTS.);
#7540 = CARTESIAN_POINT('',(11.258986751369,-19.81200541178,3.4));
#7541 = CARTESIAN_POINT('',(11.446981543035,-19.81200541178,3.4));
#7542 = CARTESIAN_POINT('',(11.568980240952,-19.6640041097,3.4));
#7543 = PCURVE('',#6027,#7544);
#7544 = DEFINITIONAL_REPRESENTATION('',(#7545),#7549);
#7545 = B_SPLINE_CURVE_WITH_KNOTS('',2,(#7546,#7547,#7548),
  .UNSPECIFIED.,.F.,.F.,(3,3),(0.,1.),.PIECEWISE_BEZIER_KNOTS.);
#7546 = CARTESIAN_POINT('',(1.112005208333,0.387994791667));
#7547 = CARTESIAN_POINT('',(1.3,0.387994791667));
#7548 = CARTESIAN_POINT('',(1.421998697917,0.53599609375));
#7549 = ( GEOMETRIC_REPRESENTATION_CONTEXT(2) 
PARAMETRIC_REPRESENTATION_CONTEXT() REPRESENTATION_CONTEXT('2D SPACE',''
  ) );
#7550 = PCURVE('',#7551,#7558);
#7551 = SURFACE_OF_LINEAR_EXTRUSION('',#7552,#7556);
#7552 = B_SPLINE_CURVE_WITH_KNOTS('',2,(#7553,#7554,#7555),
  .UNSPECIFIED.,.F.,.F.,(3,3),(0.,1.),.PIECEWISE_BEZIER_KNOTS.);
#7553 = CARTESIAN_POINT('',(11.258986751369,-19.81200541178,3.4));
#7554 = CARTESIAN_POINT('',(11.446981543035,-19.81200541178,3.4));
#7555 = CARTESIAN_POINT('',(11.568980240952,-19.6640041097,3.4));
#7556 = VECTOR('',#7557,1.);
#7557 = DIRECTION('',(-0.,-0.,-1.));
#7558 = DEFINITIONAL_REPRESENTATION('',(#7559),#7563);
#7559 = LINE('',#7560,#7561);
#7560 = CARTESIAN_POINT('',(0.,0.));
#7561 = VECTOR('',#7562,1.);
#7562 = DIRECTION('',(1.,0.));
#7563 = ( GEOMETRIC_REPRESENTATION_CONTEXT(2) 
PARAMETRIC_REPRESENTATION_CONTEXT() REPRESENTATION_CONTEXT('2D SPACE',''
  ) );
#7564 = ORIENTED_EDGE('',*,*,#7565,.T.);
#7565 = EDGE_CURVE('',#7536,#7566,#7568,.T.);
#7566 = VERTEX_POINT('',#7567);
#7567 = CARTESIAN_POINT('',(11.690978938869,-19.28799499511,3.4));
#7568 = SURFACE_CURVE('',#7569,(#7573,#7580),.PCURVE_S1.);
#7569 = B_SPLINE_CURVE_WITH_KNOTS('',2,(#7570,#7571,#7572),
  .UNSPECIFIED.,.F.,.F.,(3,3),(0.,1.),.PIECEWISE_BEZIER_KNOTS.);
#7570 = CARTESIAN_POINT('',(11.568980240952,-19.6640041097,3.4));
#7571 = CARTESIAN_POINT('',(11.690978938869,-19.51600280761,3.4));
#7572 = CARTESIAN_POINT('',(11.690978938869,-19.28799499511,3.4));
#7573 = PCURVE('',#6027,#7574);
#7574 = DEFINITIONAL_REPRESENTATION('',(#7575),#7579);
#7575 = B_SPLINE_CURVE_WITH_KNOTS('',2,(#7576,#7577,#7578),
  .UNSPECIFIED.,.F.,.F.,(3,3),(0.,1.),.PIECEWISE_BEZIER_KNOTS.);
#7576 = CARTESIAN_POINT('',(1.421998697917,0.53599609375));
#7577 = CARTESIAN_POINT('',(1.543997395833,0.683997395833));
#7578 = CARTESIAN_POINT('',(1.543997395833,0.912005208333));
#7579 = ( GEOMETRIC_REPRESENTATION_CONTEXT(2) 
PARAMETRIC_REPRESENTATION_CONTEXT() REPRESENTATION_CONTEXT('2D SPACE',''
  ) );
#7580 = PCURVE('',#7581,#7588);
#7581 = SURFACE_OF_LINEAR_EXTRUSION('',#7582,#7586);
#7582 = B_SPLINE_CURVE_WITH_KNOTS('',2,(#7583,#7584,#7585),
  .UNSPECIFIED.,.F.,.F.,(3,3),(0.,1.),.PIECEWISE_BEZIER_KNOTS.);
#7583 = CARTESIAN_POINT('',(11.568980240952,-19.6640041097,3.4));
#7584 = CARTESIAN_POINT('',(11.690978938869,-19.51600280761,3.4));
#7585 = CARTESIAN_POINT('',(11.690978938869,-19.28799499511,3.4));
#7586 = VECTOR('',#7587,1.);
#7587 = DIRECTION('',(-0.,-0.,-1.));
#7588 = DEFINITIONAL_REPRESENTATION('',(#7589),#7593);
#7589 = LINE('',#7590,#7591);
#7590 = CARTESIAN_POINT('',(0.,0.));
#7591 = VECTOR('',#7592,1.);
#7592 = DIRECTION('',(1.,0.));
#7593 = ( GEOMETRIC_REPRESENTATION_CONTEXT(2) 
PARAMETRIC_REPRESENTATION_CONTEXT() REPRESENTATION_CONTEXT('2D SPACE',''
  ) );
#7594 = ORIENTED_EDGE('',*,*,#7595,.T.);
#7595 = EDGE_CURVE('',#7566,#7384,#7596,.T.);
#7596 = SURFACE_CURVE('',#7597,(#7601,#7608),.PCURVE_S1.);
#7597 = B_SPLINE_CURVE_WITH_KNOTS('',2,(#7598,#7599,#7600),
  .UNSPECIFIED.,.F.,.F.,(3,3),(0.,1.),.PIECEWISE_BEZIER_KNOTS.);
#7598 = CARTESIAN_POINT('',(11.690978938869,-19.28799499511,3.4));
#7599 = CARTESIAN_POINT('',(11.690978938869,-19.05200541178,3.4));
#7600 = CARTESIAN_POINT('',(11.574982845119,-18.91200541178,3.4));
#7601 = PCURVE('',#6027,#7602);
#7602 = DEFINITIONAL_REPRESENTATION('',(#7603),#7607);
#7603 = B_SPLINE_CURVE_WITH_KNOTS('',2,(#7604,#7605,#7606),
  .UNSPECIFIED.,.F.,.F.,(3,3),(0.,1.),.PIECEWISE_BEZIER_KNOTS.);
#7604 = CARTESIAN_POINT('',(1.543997395833,0.912005208333));
#7605 = CARTESIAN_POINT('',(1.543997395833,1.147994791667));
#7606 = CARTESIAN_POINT('',(1.428001302083,1.287994791667));
#7607 = ( GEOMETRIC_REPRESENTATION_CONTEXT(2) 
PARAMETRIC_REPRESENTATION_CONTEXT() REPRESENTATION_CONTEXT('2D SPACE',''
  ) );
#7608 = PCURVE('',#7609,#7616);
#7609 = SURFACE_OF_LINEAR_EXTRUSION('',#7610,#7614);
#7610 = B_SPLINE_CURVE_WITH_KNOTS('',2,(#7611,#7612,#7613),
  .UNSPECIFIED.,.F.,.F.,(3,3),(0.,1.),.PIECEWISE_BEZIER_KNOTS.);
#7611 = CARTESIAN_POINT('',(11.690978938869,-19.28799499511,3.4));
#7612 = CARTESIAN_POINT('',(11.690978938869,-19.05200541178,3.4));
#7613 = CARTESIAN_POINT('',(11.574982845119,-18.91200541178,3.4));
#7614 = VECTOR('',#7615,1.);
#7615 = DIRECTION('',(-0.,-0.,-1.));
#7616 = DEFINITIONAL_REPRESENTATION('',(#7617),#7621);
#7617 = LINE('',#7618,#7619);
#7618 = CARTESIAN_POINT('',(0.,0.));
#7619 = VECTOR('',#7620,1.);
#7620 = DIRECTION('',(1.,0.));
#7621 = ( GEOMETRIC_REPRESENTATION_CONTEXT(2) 
PARAMETRIC_REPRESENTATION_CONTEXT() REPRESENTATION_CONTEXT('2D SPACE',''
  ) );
#7622 = ADVANCED_FACE('',(#7623),#7181,.T.);
#7623 = FACE_BOUND('',#7624,.T.);
#7624 = EDGE_LOOP('',(#7625,#7626,#7627,#7628));
#7625 = ORIENTED_EDGE('',*,*,#7165,.T.);
#7626 = ORIENTED_EDGE('',*,*,#7318,.T.);
#7627 = ORIENTED_EDGE('',*,*,#7291,.T.);
#7628 = ORIENTED_EDGE('',*,*,#7241,.T.);
#7629 = ADVANCED_FACE('',(#7630),#7401,.F.);
#7630 = FACE_BOUND('',#7631,.F.);
#7631 = EDGE_LOOP('',(#7632,#7633,#7656,#7705));
#7632 = ORIENTED_EDGE('',*,*,#7383,.F.);
#7633 = ORIENTED_EDGE('',*,*,#7634,.T.);
#7634 = EDGE_CURVE('',#7384,#7635,#7637,.T.);
#7635 = VERTEX_POINT('',#7636);
#7636 = CARTESIAN_POINT('',(11.574982845119,-18.91200541178,4.));
#7637 = SURFACE_CURVE('',#7638,(#7642,#7649),.PCURVE_S1.);
#7638 = LINE('',#7639,#7640);
#7639 = CARTESIAN_POINT('',(11.574982845119,-18.91200541178,3.4));
#7640 = VECTOR('',#7641,1.);
#7641 = DIRECTION('',(0.,0.,1.));
#7642 = PCURVE('',#7401,#7643);
#7643 = DEFINITIONAL_REPRESENTATION('',(#7644),#7648);
#7644 = LINE('',#7645,#7646);
#7645 = CARTESIAN_POINT('',(0.,0.));
#7646 = VECTOR('',#7647,1.);
#7647 = DIRECTION('',(0.,-1.));
#7648 = ( GEOMETRIC_REPRESENTATION_CONTEXT(2) 
PARAMETRIC_REPRESENTATION_CONTEXT() REPRESENTATION_CONTEXT('2D SPACE',''
  ) );
#7649 = PCURVE('',#7609,#7650);
#7650 = DEFINITIONAL_REPRESENTATION('',(#7651),#7655);
#7651 = LINE('',#7652,#7653);
#7652 = CARTESIAN_POINT('',(1.,0.));
#7653 = VECTOR('',#7654,1.);
#7654 = DIRECTION('',(0.,-1.));
#7655 = ( GEOMETRIC_REPRESENTATION_CONTEXT(2) 
PARAMETRIC_REPRESENTATION_CONTEXT() REPRESENTATION_CONTEXT('2D SPACE',''
  ) );
#7656 = ORIENTED_EDGE('',*,*,#7657,.F.);
#7657 = EDGE_CURVE('',#7658,#7635,#7660,.T.);
#7658 = VERTEX_POINT('',#7659);
#7659 = CARTESIAN_POINT('',(11.262984147202,-18.77200541178,4.));
#7660 = SURFACE_CURVE('',#7661,(#7672,#7686),.PCURVE_S1.);
#7661 = B_SPLINE_CURVE_WITH_KNOTS('',5,(#7662,#7663,#7664,#7665,#7666,
    #7667,#7668,#7669,#7670,#7671),.UNSPECIFIED.,.F.,.F.,(6,4,6),(0.,
    0.603756909295,1.),.UNSPECIFIED.);
#7662 = CARTESIAN_POINT('',(11.262984147202,-18.77200541178,4.));
#7663 = CARTESIAN_POINT('',(11.30973933788,-18.77200541178,4.));
#7664 = CARTESIAN_POINT('',(11.35403024093,-18.77698442059,4.));
#7665 = CARTESIAN_POINT('',(11.395649950332,-18.78710484964,4.));
#7666 = CARTESIAN_POINT('',(11.434432693451,-18.8024342353,4.));
#7667 = CARTESIAN_POINT('',(11.49379351662,-18.83634926992,4.));
#7668 = CARTESIAN_POINT('',(11.516047822143,-18.85200542889,4.));
#7669 = CARTESIAN_POINT('',(11.537005909667,-18.86986182815,4.));
#7670 = CARTESIAN_POINT('',(11.556651820575,-18.88988101644,4.));
#7671 = CARTESIAN_POINT('',(11.574982845119,-18.91200541178,4.));
#7672 = PCURVE('',#7401,#7673);
#7673 = DEFINITIONAL_REPRESENTATION('',(#7674),#7685);
#7674 = B_SPLINE_CURVE_WITH_KNOTS('',5,(#7675,#7676,#7677,#7678,#7679,
    #7680,#7681,#7682,#7683,#7684),.UNSPECIFIED.,.F.,.F.,(6,4,6),(0.,
    0.603756909295,1.),.UNSPECIFIED.);
#7675 = CARTESIAN_POINT('',(1.,-0.6));
#7676 = CARTESIAN_POINT('',(0.880728139106,-0.6));
#7677 = CARTESIAN_POINT('',(0.760484118166,-0.6));
#7678 = CARTESIAN_POINT('',(0.639558984159,-0.6));
#7679 = CARTESIAN_POINT('',(0.518277164637,-0.6));
#7680 = CARTESIAN_POINT('',(0.317406312859,-0.6));
#7681 = CARTESIAN_POINT('',(0.237811936378,-0.6));
#7682 = CARTESIAN_POINT('',(0.15831662877,-0.6));
#7683 = CARTESIAN_POINT('',(7.90156976435E-02,-0.6));
#7684 = CARTESIAN_POINT('',(0.,-0.6));
#7685 = ( GEOMETRIC_REPRESENTATION_CONTEXT(2) 
PARAMETRIC_REPRESENTATION_CONTEXT() REPRESENTATION_CONTEXT('2D SPACE',''
  ) );
#7686 = PCURVE('',#7687,#7692);
#7687 = PLANE('',#7688);
#7688 = AXIS2_PLACEMENT_3D('',#7689,#7690,#7691);
#7689 = CARTESIAN_POINT('',(-26.85301845696,-3.,4.));
#7690 = DIRECTION('',(-0.,0.,1.));
#7691 = DIRECTION('',(0.994533904972,-0.104414136312,0.));
#7692 = DEFINITIONAL_REPRESENTATION('',(#7693),#7704);
#7693 = B_SPLINE_CURVE_WITH_KNOTS('',5,(#7694,#7695,#7696,#7697,#7698,
    #7699,#7700,#7701,#7702,#7703),.UNSPECIFIED.,.F.,.F.,(6,4,6),(0.,
    0.603756909295,1.),.UNSPECIFIED.);
#7694 = CARTESIAN_POINT('',(39.554477234808,-11.70594463985));
#7695 = CARTESIAN_POINT('',(39.60097685717,-11.70106273699));
#7696 = CARTESIAN_POINT('',(39.64554554084,-11.70138993368));
#7697 = CARTESIAN_POINT('',(39.687994468814,-11.7071093575));
#7698 = CARTESIAN_POINT('',(39.728165826337,-11.71830548465));
#7699 = CARTESIAN_POINT('',(39.790743386654,-11.74583702738));
#7700 = CARTESIAN_POINT('',(39.814510772345,-11.75908394421));
#7701 = CARTESIAN_POINT('',(39.837218761477,-11.77465441808));
#7702 = CARTESIAN_POINT('',(39.858847572225,-11.79251286877));
#7703 = CARTESIAN_POINT('',(39.879388497277,-11.81260231197));
#7704 = ( GEOMETRIC_REPRESENTATION_CONTEXT(2) 
PARAMETRIC_REPRESENTATION_CONTEXT() REPRESENTATION_CONTEXT('2D SPACE',''
  ) );
#7705 = ORIENTED_EDGE('',*,*,#7706,.F.);
#7706 = EDGE_CURVE('',#7386,#7658,#7707,.T.);
#7707 = SURFACE_CURVE('',#7708,(#7712,#7719),.PCURVE_S1.);
#7708 = LINE('',#7709,#7710);
#7709 = CARTESIAN_POINT('',(11.262984147202,-18.77200541178,3.4));
#7710 = VECTOR('',#7711,1.);
#7711 = DIRECTION('',(0.,0.,1.));
#7712 = PCURVE('',#7401,#7713);
#7713 = DEFINITIONAL_REPRESENTATION('',(#7714),#7718);
#7714 = LINE('',#7715,#7716);
#7715 = CARTESIAN_POINT('',(1.,0.));
#7716 = VECTOR('',#7717,1.);
#7717 = DIRECTION('',(0.,-1.));
#7718 = ( GEOMETRIC_REPRESENTATION_CONTEXT(2) 
PARAMETRIC_REPRESENTATION_CONTEXT() REPRESENTATION_CONTEXT('2D SPACE',''
  ) );
#7719 = PCURVE('',#7431,#7720);
#7720 = DEFINITIONAL_REPRESENTATION('',(#7721),#7725);
#7721 = LINE('',#7722,#7723);
#7722 = CARTESIAN_POINT('',(0.,0.));
#7723 = VECTOR('',#7724,1.);
#7724 = DIRECTION('',(0.,-1.));
#7725 = ( GEOMETRIC_REPRESENTATION_CONTEXT(2) 
PARAMETRIC_REPRESENTATION_CONTEXT() REPRESENTATION_CONTEXT('2D SPACE',''
  ) );
#7726 = ADVANCED_FACE('',(#7727),#7431,.F.);
#7727 = FACE_BOUND('',#7728,.F.);
#7728 = EDGE_LOOP('',(#7729,#7730,#7731,#7775));
#7729 = ORIENTED_EDGE('',*,*,#7415,.F.);
#7730 = ORIENTED_EDGE('',*,*,#7706,.T.);
#7731 = ORIENTED_EDGE('',*,*,#7732,.F.);
#7732 = EDGE_CURVE('',#7733,#7658,#7735,.T.);
#7733 = VERTEX_POINT('',#7734);
#7734 = CARTESIAN_POINT('',(10.946981543035,-18.91800150553,4.));
#7735 = SURFACE_CURVE('',#7736,(#7747,#7761),.PCURVE_S1.);
#7736 = B_SPLINE_CURVE_WITH_KNOTS('',5,(#7737,#7738,#7739,#7740,#7741,
    #7742,#7743,#7744,#7745,#7746),.UNSPECIFIED.,.F.,.F.,(6,4,6),(0.,
    0.449608053834,1.),.UNSPECIFIED.);
#7737 = CARTESIAN_POINT('',(10.946981543035,-18.91800150553,4.));
#7738 = CARTESIAN_POINT('',(10.96844262607,-18.89189121977,4.));
#7739 = CARTESIAN_POINT('',(10.991525737506,-18.86857448406,4.));
#7740 = CARTESIAN_POINT('',(11.016227785248,-18.84814636231,4.));
#7741 = CARTESIAN_POINT('',(11.042525566699,-18.83066986196,4.));
#7742 = CARTESIAN_POINT('',(11.104460630901,-18.79841814473,4.));
#7743 = CARTESIAN_POINT('',(11.140871682463,-18.78512574167,4.));
#7744 = CARTESIAN_POINT('',(11.17951851104,-18.77633800528,4.));
#7745 = CARTESIAN_POINT('',(11.220274527088,-18.77200541178,4.));
#7746 = CARTESIAN_POINT('',(11.262984147202,-18.77200541178,4.));
#7747 = PCURVE('',#7431,#7748);
#7748 = DEFINITIONAL_REPRESENTATION('',(#7749),#7760);
#7749 = B_SPLINE_CURVE_WITH_KNOTS('',5,(#7750,#7751,#7752,#7753,#7754,
    #7755,#7756,#7757,#7758,#7759),.UNSPECIFIED.,.F.,.F.,(6,4,6),(0.,
    0.449608053834,1.),.UNSPECIFIED.);
#7750 = CARTESIAN_POINT('',(1.,-0.6));
#7751 = CARTESIAN_POINT('',(0.910578820689,-0.6));
#7752 = CARTESIAN_POINT('',(0.820729680409,-0.6));
#7753 = CARTESIAN_POINT('',(0.730586711159,-0.6));
#7754 = CARTESIAN_POINT('',(0.640292775799,-0.6));
#7755 = CARTESIAN_POINT('',(0.439467245586,-0.6));
#7756 = CARTESIAN_POINT('',(0.328930941554,-0.6));
#7757 = CARTESIAN_POINT('',(0.218673360992,-0.6));
#7758 = CARTESIAN_POINT('',(0.108951664941,-0.6));
#7759 = CARTESIAN_POINT('',(0.,-0.6));
#7760 = ( GEOMETRIC_REPRESENTATION_CONTEXT(2) 
PARAMETRIC_REPRESENTATION_CONTEXT() REPRESENTATION_CONTEXT('2D SPACE',''
  ) );
#7761 = PCURVE('',#7687,#7762);
#7762 = DEFINITIONAL_REPRESENTATION('',(#7763),#7774);
#7763 = B_SPLINE_CURVE_WITH_KNOTS('',5,(#7764,#7765,#7766,#7767,#7768,
    #7769,#7770,#7771,#7772,#7773),.UNSPECIFIED.,.F.,.F.,(6,4,6),(0.,
    0.449608053834,1.),.UNSPECIFIED.);
#7764 = CARTESIAN_POINT('',(39.255445986938,-11.88413784406));
#7765 = CARTESIAN_POINT('',(39.274063478718,-11.85592943916));
#7766 = CARTESIAN_POINT('',(39.294585818852,-11.8303299518));
#7767 = CARTESIAN_POINT('',(39.317019858166,-11.80743424912));
#7768 = CARTESIAN_POINT('',(39.341349099753,-11.78730741684));
#7769 = CARTESIAN_POINT('',(39.39957808581,-11.74876509432));
#7770 = CARTESIAN_POINT('',(39.434402196319,-11.73174352031));
#7771 = CARTESIAN_POINT('',(39.471920213753,-11.71896854329));
#7772 = CARTESIAN_POINT('',(39.512001069536,-11.71040412794));
#7773 = CARTESIAN_POINT('',(39.554477234808,-11.70594463985));
#7774 = ( GEOMETRIC_REPRESENTATION_CONTEXT(2) 
PARAMETRIC_REPRESENTATION_CONTEXT() REPRESENTATION_CONTEXT('2D SPACE',''
  ) );
#7775 = ORIENTED_EDGE('',*,*,#7776,.F.);
#7776 = EDGE_CURVE('',#7416,#7733,#7777,.T.);
#7777 = SURFACE_CURVE('',#7778,(#7782,#7789),.PCURVE_S1.);
#7778 = LINE('',#7779,#7780);
#7779 = CARTESIAN_POINT('',(10.946981543035,-18.91800150553,3.4));
#7780 = VECTOR('',#7781,1.);
#7781 = DIRECTION('',(0.,0.,1.));
#7782 = PCURVE('',#7431,#7783);
#7783 = DEFINITIONAL_REPRESENTATION('',(#7784),#7788);
#7784 = LINE('',#7785,#7786);
#7785 = CARTESIAN_POINT('',(1.,0.));
#7786 = VECTOR('',#7787,1.);
#7787 = DIRECTION('',(0.,-1.));
#7788 = ( GEOMETRIC_REPRESENTATION_CONTEXT(2) 
PARAMETRIC_REPRESENTATION_CONTEXT() REPRESENTATION_CONTEXT('2D SPACE',''
  ) );
#7789 = PCURVE('',#7461,#7790);
#7790 = DEFINITIONAL_REPRESENTATION('',(#7791),#7795);
#7791 = LINE('',#7792,#7793);
#7792 = CARTESIAN_POINT('',(0.,0.));
#7793 = VECTOR('',#7794,1.);
#7794 = DIRECTION('',(0.,-1.));
#7795 = ( GEOMETRIC_REPRESENTATION_CONTEXT(2) 
PARAMETRIC_REPRESENTATION_CONTEXT() REPRESENTATION_CONTEXT('2D SPACE',''
  ) );
#7796 = ADVANCED_FACE('',(#7797),#7461,.F.);
#7797 = FACE_BOUND('',#7798,.F.);
#7798 = EDGE_LOOP('',(#7799,#7800,#7801,#7833));
#7799 = ORIENTED_EDGE('',*,*,#7445,.F.);
#7800 = ORIENTED_EDGE('',*,*,#7776,.T.);
#7801 = ORIENTED_EDGE('',*,*,#7802,.F.);
#7802 = EDGE_CURVE('',#7803,#7733,#7805,.T.);
#7803 = VERTEX_POINT('',#7804);
#7804 = CARTESIAN_POINT('',(10.826981543035,-19.30000020345,4.));
#7805 = SURFACE_CURVE('',#7806,(#7813,#7823),.PCURVE_S1.);
#7806 = B_SPLINE_CURVE_WITH_KNOTS('',5,(#7807,#7808,#7809,#7810,#7811,
    #7812),.UNSPECIFIED.,.F.,.F.,(6,6),(0.,1.),
  .PIECEWISE_BEZIER_KNOTS.);
#7807 = CARTESIAN_POINT('',(10.826981543035,-19.30000020345,4.));
#7808 = CARTESIAN_POINT('',(10.826981543035,-19.2077555549,4.));
#7809 = CARTESIAN_POINT('',(10.838439619962,-19.12251775573,4.));
#7810 = CARTESIAN_POINT('',(10.862144070305,-19.04532921245,4.));
#7811 = CARTESIAN_POINT('',(10.898464338412,-18.97702919182,4.));
#7812 = CARTESIAN_POINT('',(10.946981543035,-18.91800150553,4.));
#7813 = PCURVE('',#7461,#7814);
#7814 = DEFINITIONAL_REPRESENTATION('',(#7815),#7822);
#7815 = B_SPLINE_CURVE_WITH_KNOTS('',5,(#7816,#7817,#7818,#7819,#7820,
    #7821),.UNSPECIFIED.,.F.,.F.,(6,6),(0.,1.),
  .PIECEWISE_BEZIER_KNOTS.);
#7816 = CARTESIAN_POINT('',(1.,-0.6));
#7817 = CARTESIAN_POINT('',(0.804568579091,-0.6));
#7818 = CARTESIAN_POINT('',(0.605774208077,-0.6));
#7819 = CARTESIAN_POINT('',(0.404572684416,-0.6));
#7820 = CARTESIAN_POINT('',(0.202155019265,-0.6));
#7821 = CARTESIAN_POINT('',(0.,-0.6));
#7822 = ( GEOMETRIC_REPRESENTATION_CONTEXT(2) 
PARAMETRIC_REPRESENTATION_CONTEXT() REPRESENTATION_CONTEXT('2D SPACE',''
  ) );
#7823 = PCURVE('',#7687,#7824);
#7824 = DEFINITIONAL_REPRESENTATION('',(#7825),#7832);
#7825 = B_SPLINE_CURVE_WITH_KNOTS('',5,(#7826,#7827,#7828,#7829,#7830,
    #7831),.UNSPECIFIED.,.F.,.F.,(6,6),(0.,1.),
  .PIECEWISE_BEZIER_KNOTS.);
#7826 = CARTESIAN_POINT('',(39.175987982457,-12.27657819715));
#7827 = CARTESIAN_POINT('',(39.16635633715,-12.18483776662));
#7828 = CARTESIAN_POINT('',(39.168851751958,-12.09886950016));
#7829 = CARTESIAN_POINT('',(39.184367056443,-12.01962779708));
#7830 = CARTESIAN_POINT('',(39.213357306848,-11.94790876142));
#7831 = CARTESIAN_POINT('',(39.255445986938,-11.88413784406));
#7832 = ( GEOMETRIC_REPRESENTATION_CONTEXT(2) 
PARAMETRIC_REPRESENTATION_CONTEXT() REPRESENTATION_CONTEXT('2D SPACE',''
  ) );
#7833 = ORIENTED_EDGE('',*,*,#7834,.F.);
#7834 = EDGE_CURVE('',#7446,#7803,#7835,.T.);
#7835 = SURFACE_CURVE('',#7836,(#7840,#7847),.PCURVE_S1.);
#7836 = LINE('',#7837,#7838);
#7837 = CARTESIAN_POINT('',(10.826981543035,-19.30000020345,3.4));
#7838 = VECTOR('',#7839,1.);
#7839 = DIRECTION('',(0.,0.,1.));
#7840 = PCURVE('',#7461,#7841);
#7841 = DEFINITIONAL_REPRESENTATION('',(#7842),#7846);
#7842 = LINE('',#7843,#7844);
#7843 = CARTESIAN_POINT('',(1.,0.));
#7844 = VECTOR('',#7845,1.);
#7845 = DIRECTION('',(0.,-1.));
#7846 = ( GEOMETRIC_REPRESENTATION_CONTEXT(2) 
PARAMETRIC_REPRESENTATION_CONTEXT() REPRESENTATION_CONTEXT('2D SPACE',''
  ) );
#7847 = PCURVE('',#7491,#7848);
#7848 = DEFINITIONAL_REPRESENTATION('',(#7849),#7853);
#7849 = LINE('',#7850,#7851);
#7850 = CARTESIAN_POINT('',(0.,0.));
#7851 = VECTOR('',#7852,1.);
#7852 = DIRECTION('',(0.,-1.));
#7853 = ( GEOMETRIC_REPRESENTATION_CONTEXT(2) 
PARAMETRIC_REPRESENTATION_CONTEXT() REPRESENTATION_CONTEXT('2D SPACE',''
  ) );
#7854 = ADVANCED_FACE('',(#7855),#7491,.F.);
#7855 = FACE_BOUND('',#7856,.F.);
#7856 = EDGE_LOOP('',(#7857,#7858,#7859,#7903));
#7857 = ORIENTED_EDGE('',*,*,#7475,.F.);
#7858 = ORIENTED_EDGE('',*,*,#7834,.T.);
#7859 = ORIENTED_EDGE('',*,*,#7860,.F.);
#7860 = EDGE_CURVE('',#7861,#7803,#7863,.T.);
#7861 = VERTEX_POINT('',#7862);
#7862 = CARTESIAN_POINT('',(10.946981543035,-19.66800150553,4.));
#7863 = SURFACE_CURVE('',#7864,(#7875,#7889),.PCURVE_S1.);
#7864 = B_SPLINE_CURVE_WITH_KNOTS('',5,(#7865,#7866,#7867,#7868,#7869,
    #7870,#7871,#7872,#7873,#7874),.UNSPECIFIED.,.F.,.F.,(6,4,6),(0.,
    0.136972332661,1.),.UNSPECIFIED.);
#7865 = CARTESIAN_POINT('',(10.946981543035,-19.66800150553,4.));
#7866 = CARTESIAN_POINT('',(10.940360627856,-19.66005619179,4.));
#7867 = CARTESIAN_POINT('',(10.933965720635,-19.65195591181,4.));
#7868 = CARTESIAN_POINT('',(10.92779790312,-19.64370136862,4.));
#7869 = CARTESIAN_POINT('',(10.921858048828,-19.6352934106,4.));
#7870 = CARTESIAN_POINT('',(10.880161848716,-19.57279626945,4.));
#7871 = CARTESIAN_POINT('',(10.853249893994,-19.51280346206,4.));
#7872 = CARTESIAN_POINT('',(10.835591273637,-19.44701655955,4.));
#7873 = CARTESIAN_POINT('',(10.826981543035,-19.37589416396,4.));
#7874 = CARTESIAN_POINT('',(10.826981543035,-19.30000020345,4.));
#7875 = PCURVE('',#7491,#7876);
#7876 = DEFINITIONAL_REPRESENTATION('',(#7877),#7888);
#7877 = B_SPLINE_CURVE_WITH_KNOTS('',5,(#7878,#7879,#7880,#7881,#7882,
    #7883,#7884,#7885,#7886,#7887),.UNSPECIFIED.,.F.,.F.,(6,4,6),(0.,
    0.136972332661,1.),.UNSPECIFIED.);
#7878 = CARTESIAN_POINT('',(1.,-0.6));
#7879 = CARTESIAN_POINT('',(0.97241285342,-0.6));
#7880 = CARTESIAN_POINT('',(0.944816093933,-0.6));
#7881 = CARTESIAN_POINT('',(0.91721290048,-0.6));
#7882 = CARTESIAN_POINT('',(0.889606466514,-0.6));
#7883 = CARTESIAN_POINT('',(0.68805870882,-0.6));
#7884 = CARTESIAN_POINT('',(0.514099877321,-0.6));
#7885 = CARTESIAN_POINT('',(0.340976529728,-0.6));
#7886 = CARTESIAN_POINT('',(0.169408131364,-0.6));
#7887 = CARTESIAN_POINT('',(0.,-0.6));
#7888 = ( GEOMETRIC_REPRESENTATION_CONTEXT(2) 
PARAMETRIC_REPRESENTATION_CONTEXT() REPRESENTATION_CONTEXT('2D SPACE',''
  ) );
#7889 = PCURVE('',#7687,#7890);
#7890 = DEFINITIONAL_REPRESENTATION('',(#7891),#7902);
#7891 = B_SPLINE_CURVE_WITH_KNOTS('',5,(#7892,#7893,#7894,#7895,#7896,
    #7897,#7898,#7899,#7900,#7901),.UNSPECIFIED.,.F.,.F.,(6,4,6),(0.,
    0.136972332661,1.),.UNSPECIFIED.);
#7892 = CARTESIAN_POINT('',(39.333756589172,-12.63003827279));
#7893 = CARTESIAN_POINT('',(39.326342261473,-12.62282770603));
#7894 = CARTESIAN_POINT('',(39.319136525684,-12.61543942166));
#7895 = CARTESIAN_POINT('',(39.312140531049,-12.60787400593));
#7896 = CARTESIAN_POINT('',(39.305355234888,-12.60013221136));
#7897 = CARTESIAN_POINT('',(39.257361365155,-12.54233035825));
#7898 = CARTESIAN_POINT('',(39.224332416566,-12.48547546575));
#7899 = CARTESIAN_POINT('',(39.1999012373,-12.4218919703));
#7900 = CARTESIAN_POINT('',(39.183912384796,-12.35205731407));
#7901 = CARTESIAN_POINT('',(39.175987982457,-12.27657819715));
#7902 = ( GEOMETRIC_REPRESENTATION_CONTEXT(2) 
PARAMETRIC_REPRESENTATION_CONTEXT() REPRESENTATION_CONTEXT('2D SPACE',''
  ) );
#7903 = ORIENTED_EDGE('',*,*,#7904,.F.);
#7904 = EDGE_CURVE('',#7476,#7861,#7905,.T.);
#7905 = SURFACE_CURVE('',#7906,(#7910,#7917),.PCURVE_S1.);
#7906 = LINE('',#7907,#7908);
#7907 = CARTESIAN_POINT('',(10.946981543035,-19.66800150553,3.4));
#7908 = VECTOR('',#7909,1.);
#7909 = DIRECTION('',(0.,0.,1.));
#7910 = PCURVE('',#7491,#7911);
#7911 = DEFINITIONAL_REPRESENTATION('',(#7912),#7916);
#7912 = LINE('',#7913,#7914);
#7913 = CARTESIAN_POINT('',(1.,0.));
#7914 = VECTOR('',#7915,1.);
#7915 = DIRECTION('',(0.,-1.));
#7916 = ( GEOMETRIC_REPRESENTATION_CONTEXT(2) 
PARAMETRIC_REPRESENTATION_CONTEXT() REPRESENTATION_CONTEXT('2D SPACE',''
  ) );
#7917 = PCURVE('',#7521,#7918);
#7918 = DEFINITIONAL_REPRESENTATION('',(#7919),#7923);
#7919 = LINE('',#7920,#7921);
#7920 = CARTESIAN_POINT('',(0.,0.));
#7921 = VECTOR('',#7922,1.);
#7922 = DIRECTION('',(0.,-1.));
#7923 = ( GEOMETRIC_REPRESENTATION_CONTEXT(2) 
PARAMETRIC_REPRESENTATION_CONTEXT() REPRESENTATION_CONTEXT('2D SPACE',''
  ) );
#7924 = ADVANCED_FACE('',(#7925),#7521,.F.);
#7925 = FACE_BOUND('',#7926,.F.);
#7926 = EDGE_LOOP('',(#7927,#7928,#7929,#7973));
#7927 = ORIENTED_EDGE('',*,*,#7505,.F.);
#7928 = ORIENTED_EDGE('',*,*,#7904,.T.);
#7929 = ORIENTED_EDGE('',*,*,#7930,.F.);
#7930 = EDGE_CURVE('',#7931,#7861,#7933,.T.);
#7931 = VERTEX_POINT('',#7932);
#7932 = CARTESIAN_POINT('',(11.258986751369,-19.81200541178,4.));
#7933 = SURFACE_CURVE('',#7934,(#7945,#7959),.PCURVE_S1.);
#7934 = B_SPLINE_CURVE_WITH_KNOTS('',5,(#7935,#7936,#7937,#7938,#7939,
    #7940,#7941,#7942,#7943,#7944),.UNSPECIFIED.,.F.,.F.,(6,4,6),(0.,
    0.53425078156,1.),.UNSPECIFIED.);
#7935 = CARTESIAN_POINT('',(11.258986751369,-19.81200541178,4.));
#7936 = CARTESIAN_POINT('',(11.218328144191,-19.81200541178,4.));
#7937 = CARTESIAN_POINT('',(11.179427083377,-19.8079695869,4.));
#7938 = CARTESIAN_POINT('',(11.142415315928,-19.79979446863,4.));
#7939 = CARTESIAN_POINT('',(11.107400438258,-19.78743903114,4.));
#7940 = CARTESIAN_POINT('',(11.045739260888,-19.75655990504,4.));
#7941 = CARTESIAN_POINT('',(11.01859453821,-19.73902970179,4.));
#7942 = CARTESIAN_POINT('',(10.9930736271,-19.71837604024,4.));
#7943 = CARTESIAN_POINT('',(10.969201368378,-19.69466601924,4.));
#7944 = CARTESIAN_POINT('',(10.946981543035,-19.66800150553,4.));
#7945 = PCURVE('',#7521,#7946);
#7946 = DEFINITIONAL_REPRESENTATION('',(#7947),#7958);
#7947 = B_SPLINE_CURVE_WITH_KNOTS('',5,(#7948,#7949,#7950,#7951,#7952,
    #7953,#7954,#7955,#7956,#7957),.UNSPECIFIED.,.F.,.F.,(6,4,6),(0.,
    0.53425078156,1.),.UNSPECIFIED.);
#7948 = CARTESIAN_POINT('',(1.,-0.6));
#7949 = CARTESIAN_POINT('',(0.894121082624,-0.6));
#7950 = CARTESIAN_POINT('',(0.787563909417,-0.6));
#7951 = CARTESIAN_POINT('',(0.680536835144,-0.6));
#7952 = CARTESIAN_POINT('',(0.573266631212,-0.6));
#7953 = CARTESIAN_POINT('',(0.372487081768,-0.6));
#7954 = CARTESIAN_POINT('',(0.278973419067,-0.6));
#7955 = CARTESIAN_POINT('',(0.185621241095,-0.6));
#7956 = CARTESIAN_POINT('',(9.258260559686E-02,-0.6));
#7957 = CARTESIAN_POINT('',(0.,-0.6));
#7958 = ( GEOMETRIC_REPRESENTATION_CONTEXT(2) 
PARAMETRIC_REPRESENTATION_CONTEXT() REPRESENTATION_CONTEXT('2D SPACE',''
  ) );
#7959 = PCURVE('',#7687,#7960);
#7960 = DEFINITIONAL_REPRESENTATION('',(#7961),#7972);
#7961 = B_SPLINE_CURVE_WITH_KNOTS('',5,(#7962,#7963,#7964,#7965,#7966,
    #7967,#7968,#7969,#7970,#7971),.UNSPECIFIED.,.F.,.F.,(6,4,6),(0.,
    0.53425078156,1.),.UNSPECIFIED.);
#7962 = CARTESIAN_POINT('',(39.659092390884,-12.74067728565));
#7963 = CARTESIAN_POINT('',(39.618656027517,-12.744922619));
#7964 = CARTESIAN_POINT('',(39.579546206429,-12.74497067499));
#7965 = CARTESIAN_POINT('',(39.541883150904,-12.74070479442));
#7966 = CARTESIAN_POINT('',(39.505769585549,-12.73207294114));
#7967 = CARTESIAN_POINT('',(39.441221236753,-12.70780090186));
#7968 = CARTESIAN_POINT('',(39.412394488676,-12.69320081313));
#7969 = CARTESIAN_POINT('',(39.384856543059,-12.67532479035));
#7970 = CARTESIAN_POINT('',(39.358639111008,-12.65423697186));
#7971 = CARTESIAN_POINT('',(39.333756589172,-12.63003827279));
#7972 = ( GEOMETRIC_REPRESENTATION_CONTEXT(2) 
PARAMETRIC_REPRESENTATION_CONTEXT() REPRESENTATION_CONTEXT('2D SPACE',''
  ) );
#7973 = ORIENTED_EDGE('',*,*,#7974,.F.);
#7974 = EDGE_CURVE('',#7506,#7931,#7975,.T.);
#7975 = SURFACE_CURVE('',#7976,(#7980,#7987),.PCURVE_S1.);
#7976 = LINE('',#7977,#7978);
#7977 = CARTESIAN_POINT('',(11.258986751369,-19.81200541178,3.4));
#7978 = VECTOR('',#7979,1.);
#7979 = DIRECTION('',(0.,0.,1.));
#7980 = PCURVE('',#7521,#7981);
#7981 = DEFINITIONAL_REPRESENTATION('',(#7982),#7986);
#7982 = LINE('',#7983,#7984);
#7983 = CARTESIAN_POINT('',(1.,0.));
#7984 = VECTOR('',#7985,1.);
#7985 = DIRECTION('',(0.,-1.));
#7986 = ( GEOMETRIC_REPRESENTATION_CONTEXT(2) 
PARAMETRIC_REPRESENTATION_CONTEXT() REPRESENTATION_CONTEXT('2D SPACE',''
  ) );
#7987 = PCURVE('',#7551,#7988);
#7988 = DEFINITIONAL_REPRESENTATION('',(#7989),#7993);
#7989 = LINE('',#7990,#7991);
#7990 = CARTESIAN_POINT('',(0.,0.));
#7991 = VECTOR('',#7992,1.);
#7992 = DIRECTION('',(0.,-1.));
#7993 = ( GEOMETRIC_REPRESENTATION_CONTEXT(2) 
PARAMETRIC_REPRESENTATION_CONTEXT() REPRESENTATION_CONTEXT('2D SPACE',''
  ) );
#7994 = ADVANCED_FACE('',(#7995),#7551,.F.);
#7995 = FACE_BOUND('',#7996,.F.);
#7996 = EDGE_LOOP('',(#7997,#7998,#7999,#8043));
#7997 = ORIENTED_EDGE('',*,*,#7535,.F.);
#7998 = ORIENTED_EDGE('',*,*,#7974,.T.);
#7999 = ORIENTED_EDGE('',*,*,#8000,.F.);
#8000 = EDGE_CURVE('',#8001,#7931,#8003,.T.);
#8001 = VERTEX_POINT('',#8002);
#8002 = CARTESIAN_POINT('',(11.568980240952,-19.6640041097,4.));
#8003 = SURFACE_CURVE('',#8004,(#8015,#8029),.PCURVE_S1.);
#8004 = B_SPLINE_CURVE_WITH_KNOTS('',5,(#8005,#8006,#8007,#8008,#8009,
    #8010,#8011,#8012,#8013,#8014),.UNSPECIFIED.,.F.,.F.,(6,4,6),(0.,
    0.528210325659,1.),.UNSPECIFIED.);
#8005 = CARTESIAN_POINT('',(11.568980240952,-19.6640041097,4.));
#8006 = CARTESIAN_POINT('',(11.54343435912,-19.69499479926,4.));
#8007 = CARTESIAN_POINT('',(11.515917755313,-19.72212643978,4.));
#8008 = CARTESIAN_POINT('',(11.486434318317,-19.74523551996,4.));
#8009 = CARTESIAN_POINT('',(11.455020049466,-19.76421545894,4.));
#8010 = CARTESIAN_POINT('',(11.392035501649,-19.792267979,4.));
#8011 = CARTESIAN_POINT('',(11.36083916605,-19.802182767,4.));
#8012 = CARTESIAN_POINT('',(11.328215516754,-19.80875337737,4.));
#8013 = CARTESIAN_POINT('',(11.294236089238,-19.81200541178,4.));
#8014 = CARTESIAN_POINT('',(11.258986751369,-19.81200541178,4.));
#8015 = PCURVE('',#7551,#8016);
#8016 = DEFINITIONAL_REPRESENTATION('',(#8017),#8028);
#8017 = B_SPLINE_CURVE_WITH_KNOTS('',5,(#8018,#8019,#8020,#8021,#8022,
    #8023,#8024,#8025,#8026,#8027),.UNSPECIFIED.,.F.,.F.,(6,4,6),(0.,
    0.528210325659,1.),.UNSPECIFIED.);
#8018 = CARTESIAN_POINT('',(1.,-0.6));
#8019 = CARTESIAN_POINT('',(0.89530264557,-0.6));
#8020 = CARTESIAN_POINT('',(0.789940613965,-0.6));
#8021 = CARTESIAN_POINT('',(0.684118168897,-0.6));
#8022 = CARTESIAN_POINT('',(0.578057463889,-0.6));
#8023 = CARTESIAN_POINT('',(0.377271037087,-0.6));
#8024 = CARTESIAN_POINT('',(0.282541033629,-0.6));
#8025 = CARTESIAN_POINT('',(0.187981001309,-0.6));
#8026 = CARTESIAN_POINT('',(9.375083627748E-02,-0.6));
#8027 = CARTESIAN_POINT('',(0.,-0.6));
#8028 = ( GEOMETRIC_REPRESENTATION_CONTEXT(2) 
PARAMETRIC_REPRESENTATION_CONTEXT() REPRESENTATION_CONTEXT('2D SPACE',''
  ) );
#8029 = PCURVE('',#7687,#8030);
#8030 = DEFINITIONAL_REPRESENTATION('',(#8031),#8042);
#8031 = B_SPLINE_CURVE_WITH_KNOTS('',5,(#8032,#8033,#8034,#8035,#8036,
    #8037,#8038,#8039,#8040,#8041),.UNSPECIFIED.,.F.,.F.,(6,4,6),(0.,
    0.528210325659,1.),.UNSPECIFIED.);
#8032 = CARTESIAN_POINT('',(39.951937998465,-12.56111727027));
#8033 = CARTESIAN_POINT('',(39.929767618936,-12.59460591297));
#8034 = CARTESIAN_POINT('',(39.905234350311,-12.62446237178));
#8035 = CARTESIAN_POINT('',(39.878324987231,-12.65052362315));
#8036 = CARTESIAN_POINT('',(39.849064205695,-12.67267990972));
#8037 = CARTESIAN_POINT('',(39.789353017055,-12.70715556921));
#8038 = CARTESIAN_POINT('',(39.759362447617,-12.72027350047));
#8039 = CARTESIAN_POINT('',(39.727603186894,-12.73021456542));
#8040 = CARTESIAN_POINT('',(39.694149052523,-12.73699675648));
#8041 = CARTESIAN_POINT('',(39.659092390884,-12.74067728565));
#8042 = ( GEOMETRIC_REPRESENTATION_CONTEXT(2) 
PARAMETRIC_REPRESENTATION_CONTEXT() REPRESENTATION_CONTEXT('2D SPACE',''
  ) );
#8043 = ORIENTED_EDGE('',*,*,#8044,.F.);
#8044 = EDGE_CURVE('',#7536,#8001,#8045,.T.);
#8045 = SURFACE_CURVE('',#8046,(#8050,#8057),.PCURVE_S1.);
#8046 = LINE('',#8047,#8048);
#8047 = CARTESIAN_POINT('',(11.568980240952,-19.6640041097,3.4));
#8048 = VECTOR('',#8049,1.);
#8049 = DIRECTION('',(0.,0.,1.));
#8050 = PCURVE('',#7551,#8051);
#8051 = DEFINITIONAL_REPRESENTATION('',(#8052),#8056);
#8052 = LINE('',#8053,#8054);
#8053 = CARTESIAN_POINT('',(1.,0.));
#8054 = VECTOR('',#8055,1.);
#8055 = DIRECTION('',(0.,-1.));
#8056 = ( GEOMETRIC_REPRESENTATION_CONTEXT(2) 
PARAMETRIC_REPRESENTATION_CONTEXT() REPRESENTATION_CONTEXT('2D SPACE',''
  ) );
#8057 = PCURVE('',#7581,#8058);
#8058 = DEFINITIONAL_REPRESENTATION('',(#8059),#8063);
#8059 = LINE('',#8060,#8061);
#8060 = CARTESIAN_POINT('',(0.,0.));
#8061 = VECTOR('',#8062,1.);
#8062 = DIRECTION('',(0.,-1.));
#8063 = ( GEOMETRIC_REPRESENTATION_CONTEXT(2) 
PARAMETRIC_REPRESENTATION_CONTEXT() REPRESENTATION_CONTEXT('2D SPACE',''
  ) );
#8064 = ADVANCED_FACE('',(#8065),#7581,.F.);
#8065 = FACE_BOUND('',#8066,.F.);
#8066 = EDGE_LOOP('',(#8067,#8068,#8069,#8113));
#8067 = ORIENTED_EDGE('',*,*,#7565,.F.);
#8068 = ORIENTED_EDGE('',*,*,#8044,.T.);
#8069 = ORIENTED_EDGE('',*,*,#8070,.F.);
#8070 = EDGE_CURVE('',#8071,#8001,#8073,.T.);
#8071 = VERTEX_POINT('',#8072);
#8072 = CARTESIAN_POINT('',(11.690978938869,-19.28799499511,4.));
#8073 = SURFACE_CURVE('',#8074,(#8085,#8099),.PCURVE_S1.);
#8074 = B_SPLINE_CURVE_WITH_KNOTS('',5,(#8075,#8076,#8077,#8078,#8079,
    #8080,#8081,#8082,#8083,#8084),.UNSPECIFIED.,.F.,.F.,(6,4,6),(0.,
    0.85905707882,1.),.UNSPECIFIED.);
#8075 = CARTESIAN_POINT('',(11.690978938869,-19.28799499511,4.));
#8076 = CARTESIAN_POINT('',(11.690978938869,-19.36487964622,4.));
#8077 = CARTESIAN_POINT('',(11.682309022739,-19.43706607676,4.));
#8078 = CARTESIAN_POINT('',(11.664523777115,-19.50398567585,4.));
#8079 = CARTESIAN_POINT('',(11.637415566796,-19.56517322909,4.));
#8080 = CARTESIAN_POINT('',(11.595220841586,-19.62941256883,4.));
#8081 = CARTESIAN_POINT('',(11.58902768443,-19.63830521972,4.));
#8082 = CARTESIAN_POINT('',(11.582589165694,-19.64703530956,4.));
#8083 = CARTESIAN_POINT('',(11.575906274422,-19.65560187271,4.));
#8084 = CARTESIAN_POINT('',(11.568980240952,-19.6640041097,4.));
#8085 = PCURVE('',#7581,#8086);
#8086 = DEFINITIONAL_REPRESENTATION('',(#8087),#8098);
#8087 = B_SPLINE_CURVE_WITH_KNOTS('',5,(#8088,#8089,#8090,#8091,#8092,
    #8093,#8094,#8095,#8096,#8097),.UNSPECIFIED.,.F.,.F.,(6,4,6),(0.,
    0.85905707882,1.),.UNSPECIFIED.);
#8088 = CARTESIAN_POINT('',(1.,-0.6));
#8089 = CARTESIAN_POINT('',(0.831399086139,-0.6));
#8090 = CARTESIAN_POINT('',(0.660632690162,-0.6));
#8091 = CARTESIAN_POINT('',(0.488307172134,-0.6));
#8092 = CARTESIAN_POINT('',(0.315144102993,-0.6));
#8093 = CARTESIAN_POINT('',(0.113592765763,-0.6));
#8094 = CARTESIAN_POINT('',(8.518560011243E-02,-0.6));
#8095 = CARTESIAN_POINT('',(5.678206024552E-02,-0.6));
#8096 = CARTESIAN_POINT('',(2.838568602917E-02,-0.6));
#8097 = CARTESIAN_POINT('',(0.,-0.6));
#8098 = ( GEOMETRIC_REPRESENTATION_CONTEXT(2) 
PARAMETRIC_REPRESENTATION_CONTEXT() REPRESENTATION_CONTEXT('2D SPACE',''
  ) );
#8099 = PCURVE('',#7687,#8100);
#8100 = DEFINITIONAL_REPRESENTATION('',(#8101),#8112);
#8101 = B_SPLINE_CURVE_WITH_KNOTS('',5,(#8102,#8103,#8104,#8105,#8106,
    #8107,#8108,#8109,#8110,#8111),.UNSPECIFIED.,.F.,.F.,(6,4,6),(0.,
    0.85905707882,1.),.UNSPECIFIED.);
#8102 = CARTESIAN_POINT('',(40.034009172961,-12.17442506857));
#8103 = CARTESIAN_POINT('',(40.042037017402,-12.25088946087));
#8104 = CARTESIAN_POINT('',(40.040951775657,-12.32358657532));
#8105 = CARTESIAN_POINT('',(40.030251098017,-12.39199741658));
#8106 = CARTESIAN_POINT('',(40.009679909276,-12.45568099321));
#8107 = CARTESIAN_POINT('',(39.974423319619,-12.5239749204));
#8108 = CARTESIAN_POINT('',(39.969192533312,-12.53346561638));
#8109 = CARTESIAN_POINT('',(39.963700752921,-12.54282025909));
#8110 = CARTESIAN_POINT('',(39.95794886126,-12.55203778491));
#8111 = CARTESIAN_POINT('',(39.951937998465,-12.56111727027));
#8112 = ( GEOMETRIC_REPRESENTATION_CONTEXT(2) 
PARAMETRIC_REPRESENTATION_CONTEXT() REPRESENTATION_CONTEXT('2D SPACE',''
  ) );
#8113 = ORIENTED_EDGE('',*,*,#8114,.F.);
#8114 = EDGE_CURVE('',#7566,#8071,#8115,.T.);
#8115 = SURFACE_CURVE('',#8116,(#8120,#8127),.PCURVE_S1.);
#8116 = LINE('',#8117,#8118);
#8117 = CARTESIAN_POINT('',(11.690978938869,-19.28799499511,3.4));
#8118 = VECTOR('',#8119,1.);
#8119 = DIRECTION('',(0.,0.,1.));
#8120 = PCURVE('',#7581,#8121);
#8121 = DEFINITIONAL_REPRESENTATION('',(#8122),#8126);
#8122 = LINE('',#8123,#8124);
#8123 = CARTESIAN_POINT('',(1.,0.));
#8124 = VECTOR('',#8125,1.);
#8125 = DIRECTION('',(0.,-1.));
#8126 = ( GEOMETRIC_REPRESENTATION_CONTEXT(2) 
PARAMETRIC_REPRESENTATION_CONTEXT() REPRESENTATION_CONTEXT('2D SPACE',''
  ) );
#8127 = PCURVE('',#7609,#8128);
#8128 = DEFINITIONAL_REPRESENTATION('',(#8129),#8133);
#8129 = LINE('',#8130,#8131);
#8130 = CARTESIAN_POINT('',(0.,0.));
#8131 = VECTOR('',#8132,1.);
#8132 = DIRECTION('',(0.,-1.));
#8133 = ( GEOMETRIC_REPRESENTATION_CONTEXT(2) 
PARAMETRIC_REPRESENTATION_CONTEXT() REPRESENTATION_CONTEXT('2D SPACE',''
  ) );
#8134 = ADVANCED_FACE('',(#8135),#7609,.F.);
#8135 = FACE_BOUND('',#8136,.F.);
#8136 = EDGE_LOOP('',(#8137,#8138,#8139,#8169));
#8137 = ORIENTED_EDGE('',*,*,#7595,.F.);
#8138 = ORIENTED_EDGE('',*,*,#8114,.T.);
#8139 = ORIENTED_EDGE('',*,*,#8140,.F.);
#8140 = EDGE_CURVE('',#7635,#8071,#8141,.T.);
#8141 = SURFACE_CURVE('',#8142,(#8149,#8159),.PCURVE_S1.);
#8142 = B_SPLINE_CURVE_WITH_KNOTS('',5,(#8143,#8144,#8145,#8146,#8147,
    #8148),.UNSPECIFIED.,.F.,.F.,(6,6),(0.,1.),
  .PIECEWISE_BEZIER_KNOTS.);
#8143 = CARTESIAN_POINT('',(11.574982845119,-18.91200541178,4.));
#8144 = CARTESIAN_POINT('',(11.62199056272,-18.9687407746,4.));
#8145 = CARTESIAN_POINT('',(11.65710099752,-19.03533984732,4.));
#8146 = CARTESIAN_POINT('',(11.679954797759,-19.11138667245,4.));
#8147 = CARTESIAN_POINT('',(11.690978938869,-19.19597116137,4.));
#8148 = CARTESIAN_POINT('',(11.690978938869,-19.28799499511,4.));
#8149 = PCURVE('',#7609,#8150);
#8150 = DEFINITIONAL_REPRESENTATION('',(#8151),#8158);
#8151 = B_SPLINE_CURVE_WITH_KNOTS('',5,(#8152,#8153,#8154,#8155,#8156,
    #8157),.UNSPECIFIED.,.F.,.F.,(6,6),(0.,1.),
  .PIECEWISE_BEZIER_KNOTS.);
#8152 = CARTESIAN_POINT('',(1.,-0.6));
#8153 = CARTESIAN_POINT('',(0.797373704228,-0.6));
#8154 = CARTESIAN_POINT('',(0.59470838218,-0.6));
#8155 = CARTESIAN_POINT('',(0.393515392535,-0.6));
#8156 = CARTESIAN_POINT('',(0.194974355322,-0.6));
#8157 = CARTESIAN_POINT('',(0.,-0.6));
#8158 = ( GEOMETRIC_REPRESENTATION_CONTEXT(2) 
PARAMETRIC_REPRESENTATION_CONTEXT() REPRESENTATION_CONTEXT('2D SPACE',''
  ) );
#8159 = PCURVE('',#7687,#8160);
#8160 = DEFINITIONAL_REPRESENTATION('',(#8161),#8168);
#8161 = B_SPLINE_CURVE_WITH_KNOTS('',5,(#8162,#8163,#8164,#8165,#8166,
    #8167),.UNSPECIFIED.,.F.,.F.,(6,6),(0.,1.),
  .PIECEWISE_BEZIER_KNOTS.);
#8162 = CARTESIAN_POINT('',(39.879388497277,-11.81260231197));
#8163 = CARTESIAN_POINT('',(39.932063240133,-11.86411928367));
#8164 = CARTESIAN_POINT('',(39.973935642618,-11.92668829381));
#8165 = CARTESIAN_POINT('',(40.004604885378,-11.99993317995));
#8166 = CARTESIAN_POINT('',(40.02440058384,-12.08290424584));
#8167 = CARTESIAN_POINT('',(40.034009172961,-12.17442506857));
#8168 = ( GEOMETRIC_REPRESENTATION_CONTEXT(2) 
PARAMETRIC_REPRESENTATION_CONTEXT() REPRESENTATION_CONTEXT('2D SPACE',''
  ) );
#8169 = ORIENTED_EDGE('',*,*,#7634,.F.);
#8170 = ADVANCED_FACE('',(#8171),#7687,.T.);
#8171 = FACE_BOUND('',#8172,.T.);
#8172 = EDGE_LOOP('',(#8173,#8174,#8175,#8176,#8177,#8178,#8179,#8180));
#8173 = ORIENTED_EDGE('',*,*,#7657,.F.);
#8174 = ORIENTED_EDGE('',*,*,#7732,.F.);
#8175 = ORIENTED_EDGE('',*,*,#7802,.F.);
#8176 = ORIENTED_EDGE('',*,*,#7860,.F.);
#8177 = ORIENTED_EDGE('',*,*,#7930,.F.);
#8178 = ORIENTED_EDGE('',*,*,#8000,.F.);
#8179 = ORIENTED_EDGE('',*,*,#8070,.F.);
#8180 = ORIENTED_EDGE('',*,*,#8140,.F.);
#8181 = ( GEOMETRIC_REPRESENTATION_CONTEXT(3) 
GLOBAL_UNCERTAINTY_ASSIGNED_CONTEXT((#8185)) 
GLOBAL_UNIT_ASSIGNED_CONTEXT((#8182,#8183,#8184)) REPRESENTATION_CONTEXT
('Context #1','3D Context with UNIT and UNCERTAINTY') );
#8182 = ( LENGTH_UNIT() NAMED_UNIT(*) SI_UNIT(.MILLI.,.METRE.) );
#8183 = ( NAMED_UNIT(*) PLANE_ANGLE_UNIT() SI_UNIT($,.RADIAN.) );
#8184 = ( NAMED_UNIT(*) SI_UNIT($,.STERADIAN.) SOLID_ANGLE_UNIT() );
#8185 = UNCERTAINTY_MEASURE_WITH_UNIT(LENGTH_MEASURE(2.E-06),#8182,
  'distance_accuracy_value','confusion accuracy');
#8186 = CONTEXT_DEPENDENT_SHAPE_REPRESENTATION(#8187,#8189);
#8187 = ( REPRESENTATION_RELATIONSHIP('','',#2255,#10) 
REPRESENTATION_RELATIONSHIP_WITH_TRANSFORMATION(#8188) 
SHAPE_REPRESENTATION_RELATIONSHIP() );
#8188 = ITEM_DEFINED_TRANSFORMATION('','',#11,#19);
#8189 = PRODUCT_DEFINITION_SHAPE('Placement','Placement of an item',
  #8190);
#8190 = NEXT_ASSEMBLY_USAGE_OCCURRENCE('8','','',#5,#2250,$);
#8191 = PRODUCT_RELATED_PRODUCT_CATEGORY('part',$,(#2252));
ENDSEC;
END-ISO-10303-21;
