ISO-10303-21;
HEADER;
FILE_DESCRIPTION(('Open CASCADE Model'),'2;1');
FILE_NAME('Open CASCADE Shape Model','2026-09-28T12:09:40',('Author'),(
    'Open CASCADE'),'Open CASCADE STEP processor 7.9','Open CASCADE 7.9'
  ,'Unknown');
FILE_SCHEMA(('AUTOMOTIVE_DESIGN { 1 0 10303 214 1 1 1 1 }'));
ENDSEC;
DATA;
#1 = APPLICATION_PROTOCOL_DEFINITION('international standard',
  'automotive_design',2000,#2);
#2 = APPLICATION_CONTEXT(
  'core data for automotive mechanical design processes');
#3 = SHAPE_DEFINITION_REPRESENTATION(#4,#10);
#4 = PRODUCT_DEFINITION_SHAPE('','',#5);
#5 = PRODUCT_DEFINITION('design','',#6,#9);
#6 = PRODUCT_DEFINITION_FORMATION('','',#7);
#7 = PRODUCT('Open CASCADE STEP translator 7.9 5',
  'Open CASCADE STEP translator 7.9 5','',(#8));
#8 = PRODUCT_CONTEXT('',#2,'mechanical');
#9 = PRODUCT_DEFINITION_CONTEXT('part definition',#2,'design');
#10 = SHAPE_REPRESENTATION('',(#11,#15,#19),#23);
#11 = AXIS2_PLACEMENT_3D('',#12,#13,#14);
#12 = CARTESIAN_POINT('',(0.,0.,0.));
#13 = DIRECTION('',(0.,0.,1.));
#14 = DIRECTION('',(1.,0.,-0.));
#15 = AXIS2_PLACEMENT_3D('',#16,#17,#18);
#16 = CARTESIAN_POINT('',(0.,0.,0.));
#17 = DIRECTION('',(0.,0.,1.));
#18 = DIRECTION('',(1.,0.,-0.));
#19 = AXIS2_PLACEMENT_3D('',#20,#21,#22);
#20 = CARTESIAN_POINT('',(0.,0.,0.));
#21 = DIRECTION('',(0.,0.,1.));
#22 = DIRECTION('',(1.,0.,-0.));
#23 = ( GEOMETRIC_REPRESENTATION_CONTEXT(3) 
GLOBAL_UNCERTAINTY_ASSIGNED_CONTEXT((#27)) GLOBAL_UNIT_ASSIGNED_CONTEXT(
(#24,#25,#26)) REPRESENTATION_CONTEXT('Context #1',
  '3D Context with UNIT and UNCERTAINTY') );
#24 = ( LENGTH_UNIT() NAMED_UNIT(*) SI_UNIT(.MILLI.,.METRE.) );
#25 = ( NAMED_UNIT(*) PLANE_ANGLE_UNIT() SI_UNIT($,.RADIAN.) );
#26 = ( NAMED_UNIT(*) SI_UNIT($,.STERADIAN.) SOLID_ANGLE_UNIT() );
#27 = UNCERTAINTY_MEASURE_WITH_UNIT(LENGTH_MEASURE(2.E-06),#24,
  'distance_accuracy_value','confusion accuracy');
#28 = PRODUCT_RELATED_PRODUCT_CATEGORY('part',$,(#7));
#29 = SHAPE_DEFINITION_REPRESENTATION(#30,#36);
#30 = PRODUCT_DEFINITION_SHAPE('','',#31);
#31 = PRODUCT_DEFINITION('design','',#32,#35);
#32 = PRODUCT_DEFINITION_FORMATION('','',#33);
#33 = PRODUCT('Open CASCADE STEP translator 7.9 5.1',
  'Open CASCADE STEP translator 7.9 5.1','',(#34));
#34 = PRODUCT_CONTEXT('',#2,'mechanical');
#35 = PRODUCT_DEFINITION_CONTEXT('part definition',#2,'design');
#36 = ADVANCED_BREP_SHAPE_REPRESENTATION('',(#11,#37),#2237);
#37 = MANIFOLD_SOLID_BREP('',#38);
#38 = CLOSED_SHELL('',(#39,#329,#447,#1129,#1190,#1903,#1928,#1961,#1968
    ,#2023,#2099,#2149,#2198,#2226,#2230));
#39 = ADVANCED_FACE('',(#40),#56,.F.);
#40 = FACE_BOUND('',#41,.F.);
#41 = EDGE_LOOP('',(#42,#137,#217,#251));
#42 = ORIENTED_EDGE('',*,*,#43,.F.);
#43 = EDGE_CURVE('',#44,#46,#48,.T.);
#44 = VERTEX_POINT('',#45);
#45 = CARTESIAN_POINT('',(-27.98564361377,3.125,0.));
#46 = VERTEX_POINT('',#47);
#47 = CARTESIAN_POINT('',(-26.76272088793,3.125,4.));
#48 = SURFACE_CURVE('',#49,(#55,#123),.PCURVE_S1.);
#49 = B_SPLINE_CURVE_WITH_KNOTS('',4,(#50,#51,#52,#53,#54),
  .UNSPECIFIED.,.F.,.F.,(5,5),(0.,1.),.PIECEWISE_BEZIER_KNOTS.);
#50 = CARTESIAN_POINT('',(-27.98564361377,3.125,0.));
#51 = CARTESIAN_POINT('',(-27.67991293231,3.125,1.));
#52 = CARTESIAN_POINT('',(-27.37418225085,3.125,2.));
#53 = CARTESIAN_POINT('',(-27.06845156939,3.125,3.));
#54 = CARTESIAN_POINT('',(-26.76272088793,3.125,4.));
#55 = PCURVE('',#56,#115);
#56 = B_SPLINE_SURFACE_WITH_KNOTS('',3,1,(
    (#57,#58)
    ,(#59,#60)
    ,(#61,#62)
    ,(#63,#64)
    ,(#65,#66)
    ,(#67,#68)
    ,(#69,#70)
    ,(#71,#72)
    ,(#73,#74)
    ,(#75,#76)
    ,(#77,#78)
    ,(#79,#80)
    ,(#81,#82)
    ,(#83,#84)
    ,(#85,#86)
    ,(#87,#88)
    ,(#89,#90)
    ,(#91,#92)
    ,(#93,#94)
    ,(#95,#96)
    ,(#97,#98)
    ,(#99,#100)
    ,(#101,#102)
    ,(#103,#104)
    ,(#105,#106)
    ,(#107,#108)
    ,(#109,#110)
    ,(#111,#112)
    ,(#113,#114
    )),.UNSPECIFIED.,.T.,.F.,.F.,(1,1,2,1,1,1,1,1,1,1,1,1,1,1,1,1,1,1,1,
    1,1,1,1,1,1,1,1,1,2,1,1),(2,2),(-11.12863082616,-5.192301994299,0.,
    5.192301994299,11.128630826161,17.776938881599,24.45001912988,
    31.413495273302,37.423694937206,45.431347527073,54.799378269977,
    61.156264300103,65.497922969321,69.325454811122,73.816557125699,
    78.820555526978,83.824553928257,88.315656242834,92.143188084635,
    96.484846753853,102.84173278397,112.20976352688,120.21741611674,
    126.22761578065,133.19109192407,139.86417217235,146.51248022779,
    152.44880905965,157.64111105395,162.83341304825,168.76974188011),(0.
    ,1.),.UNSPECIFIED.);
#57 = CARTESIAN_POINT('',(-28.19467798052,1.242076884596,0.));
#58 = CARTESIAN_POINT('',(-26.97175525468,1.242076884596,4.));
#59 = CARTESIAN_POINT('',(-27.80532201947,4.757923115404,0.));
#60 = CARTESIAN_POINT('',(-26.58239929364,4.757923115404,4.));
#61 = CARTESIAN_POINT('',(-26.75646873277,8.336215308645,0.));
#62 = CARTESIAN_POINT('',(-25.53354600694,8.336215308645,4.));
#63 = CARTESIAN_POINT('',(-23.41828871055,13.340548207808,0.));
#64 = CARTESIAN_POINT('',(-22.19536598472,13.340548207808,4.));
#65 = CARTESIAN_POINT('',(-18.75681809731,17.798094545236,0.));
#66 = CARTESIAN_POINT('',(-17.53389537148,17.798094545236,4.));
#67 = CARTESIAN_POINT('',(-12.85133167509,21.317370819243,0.));
#68 = CARTESIAN_POINT('',(-11.62840894925,21.317370819243,4.));
#69 = CARTESIAN_POINT('',(-6.314132526844,22.517954476765,0.));
#70 = CARTESIAN_POINT('',(-5.091209801009,22.517954476765,4.));
#71 = CARTESIAN_POINT('',(0.64996341515,22.81092651448,0.));
#72 = CARTESIAN_POINT('',(1.872886140984,22.81092651448,4.));
#73 = CARTESIAN_POINT('',(8.530413832458,22.837673001601,0.));
#74 = CARTESIAN_POINT('',(9.753336558293,22.837673001601,4.));
#75 = CARTESIAN_POINT('',(16.064653825025,20.060161584088,0.));
#76 = CARTESIAN_POINT('',(17.287576550859,20.060161584088,4.));
#77 = CARTESIAN_POINT('',(22.361060251736,18.043362644683,0.));
#78 = CARTESIAN_POINT('',(23.58398297757,18.043362644683,4.));
#79 = CARTESIAN_POINT('',(26.944413011804,16.041845739911,0.));
#80 = CARTESIAN_POINT('',(28.167335737639,16.041845739911,4.));
#81 = CARTESIAN_POINT('',(29.256656930442,12.261815380072,0.));
#82 = CARTESIAN_POINT('',(30.479579656277,12.261815380072,4.));
#83 = CARTESIAN_POINT('',(29.908601413114,7.830585886073,0.));
#84 = CARTESIAN_POINT('',(31.131524138949,7.830585886073,4.));
#85 = CARTESIAN_POINT('',(30.048167847629,3.,0.));
#86 = CARTESIAN_POINT('',(31.271090573463,3.,4.));
#87 = CARTESIAN_POINT('',(29.908601340434,-1.830585886073,0.));
#88 = CARTESIAN_POINT('',(31.131524066269,-1.830585886073,4.));
#89 = CARTESIAN_POINT('',(29.25665717114,-6.261815380072,0.));
#90 = CARTESIAN_POINT('',(30.479579896975,-6.261815380072,4.));
#91 = CARTESIAN_POINT('',(26.944412212012,-10.04184573991,0.));
#92 = CARTESIAN_POINT('',(28.167334937846,-10.04184573991,4.));
#93 = CARTESIAN_POINT('',(22.361064394243,-12.04336264468,0.));
#94 = CARTESIAN_POINT('',(23.583987120078,-12.04336264468,4.));
#95 = CARTESIAN_POINT('',(16.064625424713,-14.06016158408,0.));
#96 = CARTESIAN_POINT('',(17.287548150548,-14.06016158408,4.));
#97 = CARTESIAN_POINT('',(8.5305641273,-16.8376730016,0.));
#98 = CARTESIAN_POINT('',(9.753486853134,-16.8376730016,4.));
#99 = CARTESIAN_POINT('',(0.649546473588,-16.81092651448,0.));
#100 = CARTESIAN_POINT('',(1.872469199423,-16.81092651448,4.));
#101 = CARTESIAN_POINT('',(-6.312923755102,-16.51795447676,0.));
#102 = CARTESIAN_POINT('',(-5.090001029268,-16.51795447676,4.));
#103 = CARTESIAN_POINT('',(-12.85660883347,-15.31737081924,0.));
#104 = CARTESIAN_POINT('',(-11.63368610764,-15.31737081924,4.));
#105 = CARTESIAN_POINT('',(-18.73814091818,-11.79809454523,0.));
#106 = CARTESIAN_POINT('',(-17.51521819234,-11.79809454523,4.));
#107 = CARTESIAN_POINT('',(-23.48463883032,-7.340548207808,0.));
#108 = CARTESIAN_POINT('',(-22.26171610448,-7.340548207808,4.));
#109 = CARTESIAN_POINT('',(-26.54956905411,-2.336215308645,0.));
#110 = CARTESIAN_POINT('',(-25.32664632828,-2.336215308645,4.));
#111 = CARTESIAN_POINT('',(-28.19467798052,1.242076884596,0.));
#112 = CARTESIAN_POINT('',(-26.97175525468,1.242076884596,4.));
#113 = CARTESIAN_POINT('',(-27.80532201947,4.757923115404,0.));
#114 = CARTESIAN_POINT('',(-26.58239929364,4.757923115404,4.));
#115 = DEFINITIONAL_REPRESENTATION('',(#116),#122);
#116 = B_SPLINE_CURVE_WITH_KNOTS('',4,(#117,#118,#119,#120,#121),
  .UNSPECIFIED.,.F.,.F.,(5,5),(0.,1.),.PIECEWISE_BEZIER_KNOTS.);
#117 = CARTESIAN_POINT('',(0.123216183917,0.));
#118 = CARTESIAN_POINT('',(0.123216183917,0.25));
#119 = CARTESIAN_POINT('',(0.123216183917,0.5));
#120 = CARTESIAN_POINT('',(0.123216183917,0.75));
#121 = CARTESIAN_POINT('',(0.123216183917,1.));
#122 = ( GEOMETRIC_REPRESENTATION_CONTEXT(2) 
PARAMETRIC_REPRESENTATION_CONTEXT() REPRESENTATION_CONTEXT('2D SPACE',''
  ) );
#123 = PCURVE('',#124,#129);
#124 = PLANE('',#125);
#125 = AXIS2_PLACEMENT_3D('',#126,#127,#128);
#126 = CARTESIAN_POINT('',(-100.,3.125,-100.));
#127 = DIRECTION('',(0.,1.,0.));
#128 = DIRECTION('',(0.,0.,1.));
#129 = DEFINITIONAL_REPRESENTATION('',(#130),#136);
#130 = B_SPLINE_CURVE_WITH_KNOTS('',4,(#131,#132,#133,#134,#135),
  .UNSPECIFIED.,.F.,.F.,(5,5),(0.,1.),.PIECEWISE_BEZIER_KNOTS.);
#131 = CARTESIAN_POINT('',(100.,72.014356386228));
#132 = CARTESIAN_POINT('',(101.,72.320087067687));
#133 = CARTESIAN_POINT('',(102.,72.625817749146));
#134 = CARTESIAN_POINT('',(103.,72.931548430604));
#135 = CARTESIAN_POINT('',(104.,73.237279112063));
#136 = ( GEOMETRIC_REPRESENTATION_CONTEXT(2) 
PARAMETRIC_REPRESENTATION_CONTEXT() REPRESENTATION_CONTEXT('2D SPACE',''
  ) );
#137 = ORIENTED_EDGE('',*,*,#138,.T.);
#138 = EDGE_CURVE('',#44,#139,#141,.T.);
#139 = VERTEX_POINT('',#140);
#140 = CARTESIAN_POINT('',(29.999908872711,3.125,0.));
#141 = SURFACE_CURVE('',#142,(#172,#179),.PCURVE_S1.);
#142 = B_SPLINE_CURVE_WITH_KNOTS('',3,(#143,#144,#145,#146,#147,#148,
    #149,#150,#151,#152,#153,#154,#155,#156,#157,#158,#159,#160,#161,
    #162,#163,#164,#165,#166,#167,#168,#169,#170,#171),.UNSPECIFIED.,.T.
  ,.F.,(1,1,2,1,1,1,1,1,1,1,1,1,1,1,1,1,1,1,1,1,1,1,1,1,1,1,1,1,2,1,1),(
    -11.12863082616,-5.192301994299,0.,5.192301994299,11.128630826161,
    17.776938881599,24.45001912988,31.413495273302,37.423694937206,
    45.431347527073,54.799378269977,61.156264300103,65.497922969321,
    69.325454811122,73.816557125699,78.820555526978,83.824553928257,
    88.315656242834,92.143188084635,96.484846753853,102.84173278397,
    112.20976352688,120.21741611674,126.22761578065,133.19109192407,
    139.86417217235,146.51248022779,152.44880905965,157.64111105395,
    162.83341304825,168.76974188011),.UNSPECIFIED.);
#143 = CARTESIAN_POINT('',(-28.19467798052,1.242076884596,0.));
#144 = CARTESIAN_POINT('',(-27.80532201947,4.757923115404,0.));
#145 = CARTESIAN_POINT('',(-26.75646873277,8.336215308645,0.));
#146 = CARTESIAN_POINT('',(-23.41828871055,13.340548207808,0.));
#147 = CARTESIAN_POINT('',(-18.75681809731,17.798094545236,0.));
#148 = CARTESIAN_POINT('',(-12.85133167509,21.317370819243,0.));
#149 = CARTESIAN_POINT('',(-6.314132526844,22.517954476765,0.));
#150 = CARTESIAN_POINT('',(0.64996341515,22.81092651448,0.));
#151 = CARTESIAN_POINT('',(8.530413832458,22.837673001601,0.));
#152 = CARTESIAN_POINT('',(16.064653825025,20.060161584088,0.));
#153 = CARTESIAN_POINT('',(22.361060251736,18.043362644683,0.));
#154 = CARTESIAN_POINT('',(26.944413011804,16.041845739911,0.));
#155 = CARTESIAN_POINT('',(29.256656930442,12.261815380072,0.));
#156 = CARTESIAN_POINT('',(29.908601413114,7.830585886073,0.));
#157 = CARTESIAN_POINT('',(30.048167847629,3.,0.));
#158 = CARTESIAN_POINT('',(29.908601340434,-1.830585886073,0.));
#159 = CARTESIAN_POINT('',(29.25665717114,-6.261815380072,0.));
#160 = CARTESIAN_POINT('',(26.944412212012,-10.04184573991,0.));
#161 = CARTESIAN_POINT('',(22.361064394243,-12.04336264468,0.));
#162 = CARTESIAN_POINT('',(16.064625424713,-14.06016158408,0.));
#163 = CARTESIAN_POINT('',(8.5305641273,-16.8376730016,0.));
#164 = CARTESIAN_POINT('',(0.649546473588,-16.81092651448,0.));
#165 = CARTESIAN_POINT('',(-6.312923755102,-16.51795447676,0.));
#166 = CARTESIAN_POINT('',(-12.85660883347,-15.31737081924,0.));
#167 = CARTESIAN_POINT('',(-18.73814091818,-11.79809454523,0.));
#168 = CARTESIAN_POINT('',(-23.48463883032,-7.340548207808,0.));
#169 = CARTESIAN_POINT('',(-26.54956905411,-2.336215308645,0.));
#170 = CARTESIAN_POINT('',(-28.19467798052,1.242076884596,0.));
#171 = CARTESIAN_POINT('',(-27.80532201947,4.757923115404,0.));
#172 = PCURVE('',#56,#173);
#173 = DEFINITIONAL_REPRESENTATION('',(#174),#178);
#174 = LINE('',#175,#176);
#175 = CARTESIAN_POINT('',(0.,0.));
#176 = VECTOR('',#177,1.);
#177 = DIRECTION('',(1.,0.));
#178 = ( GEOMETRIC_REPRESENTATION_CONTEXT(2) 
PARAMETRIC_REPRESENTATION_CONTEXT() REPRESENTATION_CONTEXT('2D SPACE',''
  ) );
#179 = PCURVE('',#180,#185);
#180 = PLANE('',#181);
#181 = AXIS2_PLACEMENT_3D('',#182,#183,#184);
#182 = CARTESIAN_POINT('',(-28.,3.,0.));
#183 = DIRECTION('',(-0.,0.,1.));
#184 = DIRECTION('',(0.994533904972,-0.104414136312,0.));
#185 = DEFINITIONAL_REPRESENTATION('',(#186),#216);
#186 = B_SPLINE_CURVE_WITH_KNOTS('',3,(#187,#188,#189,#190,#191,#192,
    #193,#194,#195,#196,#197,#198,#199,#200,#201,#202,#203,#204,#205,
    #206,#207,#208,#209,#210,#211,#212,#213,#214,#215),.UNSPECIFIED.,.F.
  ,.F.,(1,1,2,1,1,1,1,1,1,1,1,1,1,1,1,1,1,1,1,1,1,1,1,1,1,1,1,1,2,1,1),(
    -11.12863082616,-5.192301994299,0.,5.192301994299,11.128630826161,
    17.776938881599,24.45001912988,31.413495273302,37.423694937206,
    45.431347527073,54.799378269977,61.156264300103,65.497922969321,
    69.325454811122,73.816557125699,78.820555526978,83.824553928257,
    88.315656242834,92.143188084635,96.484846753853,102.84173278397,
    112.20976352688,120.21741611674,126.22761578065,133.19109192407,
    139.86417217235,146.51248022779,152.44880905965,157.64111105395,
    162.83341304825,168.76974188011),.UNSPECIFIED.);
#187 = CARTESIAN_POINT('',(-1.006182838394E-02,-1.768641273798));
#188 = CARTESIAN_POINT('',(1.006182838394E-02,1.768641273798));
#189 = CARTESIAN_POINT('',(0.679557694519,5.43688929192));
#190 = CARTESIAN_POINT('',(3.476967810037,10.762421215776));
#191 = CARTESIAN_POINT('',(7.647527531043,15.682325609354));
#192 = CARTESIAN_POINT('',(13.153271810702,19.798981449094));
#193 = CARTESIAN_POINT('',(19.529380101516,21.675578605216));
#194 = CARTESIAN_POINT('',(26.424819211023,22.694099292906));
#195 = CARTESIAN_POINT('',(34.259401626133,23.543530005257));
#196 = CARTESIAN_POINT('',(42.04247020269,21.567881890683));
#197 = CARTESIAN_POINT('',(48.515042192908,20.219540804845));
#198 = CARTESIAN_POINT('',(53.282328570166,18.70753120153));
#199 = CARTESIAN_POINT('',(55.976622149071,15.189593798554));
#200 = CARTESIAN_POINT('',(57.087686041662,10.850658046142));
#201 = CARTESIAN_POINT('',(57.730871045956,6.061049310282));
#202 = CARTESIAN_POINT('',(58.096448875726,1.242295149398));
#203 = CARTESIAN_POINT('',(57.910751295629,-3.232785010455));
#204 = CARTESIAN_POINT('',(56.00583389243,-7.233584425486));
#205 = CARTESIAN_POINT('',(51.656525748306,-9.702727152463));
#206 = CARTESIAN_POINT('',(45.605086031896,-12.36593931405));
#207 = CARTESIAN_POINT('',(38.402218085238,-15.9149310935));
#208 = CARTESIAN_POINT('',(30.561486111589,-16.71122045679));
#209 = CARTESIAN_POINT('',(23.606482984519,-17.1468301476));
#210 = CARTESIAN_POINT('',(16.973208404945,-16.63606222019));
#211 = CARTESIAN_POINT('',(10.756363140935,-13.75013773754));
#212 = CARTESIAN_POINT('',(5.570379186545,-9.812558251992));
#213 = CARTESIAN_POINT('',(1.999679065129,-5.155601554182));
#214 = CARTESIAN_POINT('',(-1.006182838394E-02,-1.768641273798));
#215 = CARTESIAN_POINT('',(1.006182838394E-02,1.768641273798));
#216 = ( GEOMETRIC_REPRESENTATION_CONTEXT(2) 
PARAMETRIC_REPRESENTATION_CONTEXT() REPRESENTATION_CONTEXT('2D SPACE',''
  ) );
#217 = ORIENTED_EDGE('',*,*,#218,.T.);
#218 = EDGE_CURVE('',#139,#219,#221,.T.);
#219 = VERTEX_POINT('',#220);
#220 = CARTESIAN_POINT('',(31.222831598546,3.125,4.));
#221 = SURFACE_CURVE('',#222,(#228,#237),.PCURVE_S1.);
#222 = B_SPLINE_CURVE_WITH_KNOTS('',4,(#223,#224,#225,#226,#227),
  .UNSPECIFIED.,.F.,.F.,(5,5),(0.,1.),.PIECEWISE_BEZIER_KNOTS.);
#223 = CARTESIAN_POINT('',(29.999908872711,3.125,0.));
#224 = CARTESIAN_POINT('',(30.30563955417,3.125,1.));
#225 = CARTESIAN_POINT('',(30.611370235628,3.125,2.));
#226 = CARTESIAN_POINT('',(30.917100917087,3.125,3.));
#227 = CARTESIAN_POINT('',(31.222831598546,3.125,4.));
#228 = PCURVE('',#56,#229);
#229 = DEFINITIONAL_REPRESENTATION('',(#230),#236);
#230 = B_SPLINE_CURVE_WITH_KNOTS('',4,(#231,#232,#233,#234,#235),
  .UNSPECIFIED.,.F.,.F.,(5,5),(0.,1.),.PIECEWISE_BEZIER_KNOTS.);
#231 = CARTESIAN_POINT('',(78.695492179666,0.));
#232 = CARTESIAN_POINT('',(78.695492179666,0.25));
#233 = CARTESIAN_POINT('',(78.695492179666,0.5));
#234 = CARTESIAN_POINT('',(78.695492179666,0.75));
#235 = CARTESIAN_POINT('',(78.695492179666,1.));
#236 = ( GEOMETRIC_REPRESENTATION_CONTEXT(2) 
PARAMETRIC_REPRESENTATION_CONTEXT() REPRESENTATION_CONTEXT('2D SPACE',''
  ) );
#237 = PCURVE('',#238,#243);
#238 = PLANE('',#239);
#239 = AXIS2_PLACEMENT_3D('',#240,#241,#242);
#240 = CARTESIAN_POINT('',(-100.,3.125,-100.));
#241 = DIRECTION('',(0.,1.,0.));
#242 = DIRECTION('',(0.,0.,1.));
#243 = DEFINITIONAL_REPRESENTATION('',(#244),#250);
#244 = B_SPLINE_CURVE_WITH_KNOTS('',4,(#245,#246,#247,#248,#249),
  .UNSPECIFIED.,.F.,.F.,(5,5),(0.,1.),.PIECEWISE_BEZIER_KNOTS.);
#245 = CARTESIAN_POINT('',(100.,129.99990887271));
#246 = CARTESIAN_POINT('',(101.,130.30563955417));
#247 = CARTESIAN_POINT('',(102.,130.61137023562));
#248 = CARTESIAN_POINT('',(103.,130.91710091708));
#249 = CARTESIAN_POINT('',(104.,131.22283159854));
#250 = ( GEOMETRIC_REPRESENTATION_CONTEXT(2) 
PARAMETRIC_REPRESENTATION_CONTEXT() REPRESENTATION_CONTEXT('2D SPACE',''
  ) );
#251 = ORIENTED_EDGE('',*,*,#252,.F.);
#252 = EDGE_CURVE('',#46,#219,#253,.T.);
#253 = SURFACE_CURVE('',#254,(#284,#291),.PCURVE_S1.);
#254 = B_SPLINE_CURVE_WITH_KNOTS('',3,(#255,#256,#257,#258,#259,#260,
    #261,#262,#263,#264,#265,#266,#267,#268,#269,#270,#271,#272,#273,
    #274,#275,#276,#277,#278,#279,#280,#281,#282,#283),.UNSPECIFIED.,.T.
  ,.F.,(1,1,2,1,1,1,1,1,1,1,1,1,1,1,1,1,1,1,1,1,1,1,1,1,1,1,1,1,2,1,1),(
    -11.12863082616,-5.192301994299,0.,5.192301994299,11.128630826161,
    17.776938881599,24.45001912988,31.413495273302,37.423694937206,
    45.431347527073,54.799378269977,61.156264300103,65.497922969321,
    69.325454811122,73.816557125699,78.820555526978,83.824553928257,
    88.315656242834,92.143188084635,96.484846753853,102.84173278397,
    112.20976352688,120.21741611674,126.22761578065,133.19109192407,
    139.86417217235,146.51248022779,152.44880905965,157.64111105395,
    162.83341304825,168.76974188011),.UNSPECIFIED.);
#255 = CARTESIAN_POINT('',(-26.97175525468,1.242076884596,4.));
#256 = CARTESIAN_POINT('',(-26.58239929364,4.757923115404,4.));
#257 = CARTESIAN_POINT('',(-25.53354600694,8.336215308645,4.));
#258 = CARTESIAN_POINT('',(-22.19536598472,13.340548207808,4.));
#259 = CARTESIAN_POINT('',(-17.53389537148,17.798094545236,4.));
#260 = CARTESIAN_POINT('',(-11.62840894925,21.317370819243,4.));
#261 = CARTESIAN_POINT('',(-5.091209801009,22.517954476765,4.));
#262 = CARTESIAN_POINT('',(1.872886140984,22.81092651448,4.));
#263 = CARTESIAN_POINT('',(9.753336558293,22.837673001601,4.));
#264 = CARTESIAN_POINT('',(17.287576550859,20.060161584088,4.));
#265 = CARTESIAN_POINT('',(23.58398297757,18.043362644683,4.));
#266 = CARTESIAN_POINT('',(28.167335737639,16.041845739911,4.));
#267 = CARTESIAN_POINT('',(30.479579656277,12.261815380072,4.));
#268 = CARTESIAN_POINT('',(31.131524138949,7.830585886073,4.));
#269 = CARTESIAN_POINT('',(31.271090573463,3.,4.));
#270 = CARTESIAN_POINT('',(31.131524066269,-1.830585886073,4.));
#271 = CARTESIAN_POINT('',(30.479579896975,-6.261815380072,4.));
#272 = CARTESIAN_POINT('',(28.167334937846,-10.04184573991,4.));
#273 = CARTESIAN_POINT('',(23.583987120078,-12.04336264468,4.));
#274 = CARTESIAN_POINT('',(17.287548150548,-14.06016158408,4.));
#275 = CARTESIAN_POINT('',(9.753486853134,-16.8376730016,4.));
#276 = CARTESIAN_POINT('',(1.872469199423,-16.81092651448,4.));
#277 = CARTESIAN_POINT('',(-5.090001029268,-16.51795447676,4.));
#278 = CARTESIAN_POINT('',(-11.63368610764,-15.31737081924,4.));
#279 = CARTESIAN_POINT('',(-17.51521819234,-11.79809454523,4.));
#280 = CARTESIAN_POINT('',(-22.26171610448,-7.340548207808,4.));
#281 = CARTESIAN_POINT('',(-25.32664632828,-2.336215308645,4.));
#282 = CARTESIAN_POINT('',(-26.97175525468,1.242076884596,4.));
#283 = CARTESIAN_POINT('',(-26.58239929364,4.757923115404,4.));
#284 = PCURVE('',#56,#285);
#285 = DEFINITIONAL_REPRESENTATION('',(#286),#290);
#286 = LINE('',#287,#288);
#287 = CARTESIAN_POINT('',(0.,1.));
#288 = VECTOR('',#289,1.);
#289 = DIRECTION('',(1.,0.));
#290 = ( GEOMETRIC_REPRESENTATION_CONTEXT(2) 
PARAMETRIC_REPRESENTATION_CONTEXT() REPRESENTATION_CONTEXT('2D SPACE',''
  ) );
#291 = PCURVE('',#292,#297);
#292 = PLANE('',#293);
#293 = AXIS2_PLACEMENT_3D('',#294,#295,#296);
#294 = CARTESIAN_POINT('',(-26.77707727416,3.,4.));
#295 = DIRECTION('',(-2.011080212013E-18,-1.915533209503E-17,1.));
#296 = DIRECTION('',(0.994533904972,-0.104414136312,3.851859888774E-34)
  );
#297 = DEFINITIONAL_REPRESENTATION('',(#298),#328);
#298 = B_SPLINE_CURVE_WITH_KNOTS('',3,(#299,#300,#301,#302,#303,#304,
    #305,#306,#307,#308,#309,#310,#311,#312,#313,#314,#315,#316,#317,
    #318,#319,#320,#321,#322,#323,#324,#325,#326,#327),.UNSPECIFIED.,.F.
  ,.F.,(1,1,2,1,1,1,1,1,1,1,1,1,1,1,1,1,1,1,1,1,1,1,1,1,1,1,1,1,2,1,1),(
    -11.12863082616,-5.192301994299,0.,5.192301994299,11.128630826161,
    17.776938881599,24.45001912988,31.413495273302,37.423694937206,
    45.431347527073,54.799378269977,61.156264300103,65.497922969321,
    69.325454811122,73.816557125699,78.820555526978,83.824553928257,
    88.315656242834,92.143188084635,96.484846753853,102.84173278397,
    112.20976352688,120.21741611674,126.22761578065,133.19109192407,
    139.86417217235,146.51248022779,152.44880905965,157.64111105395,
    162.83341304825,168.76974188011),.UNSPECIFIED.);
#299 = CARTESIAN_POINT('',(-1.006182838394E-02,-1.768641273798));
#300 = CARTESIAN_POINT('',(1.006182838394E-02,1.768641273798));
#301 = CARTESIAN_POINT('',(0.679557694519,5.43688929192));
#302 = CARTESIAN_POINT('',(3.476967810037,10.762421215776));
#303 = CARTESIAN_POINT('',(7.647527531043,15.682325609354));
#304 = CARTESIAN_POINT('',(13.153271810702,19.798981449094));
#305 = CARTESIAN_POINT('',(19.529380101516,21.675578605216));
#306 = CARTESIAN_POINT('',(26.424819211023,22.694099292906));
#307 = CARTESIAN_POINT('',(34.259401626133,23.543530005257));
#308 = CARTESIAN_POINT('',(42.04247020269,21.567881890683));
#309 = CARTESIAN_POINT('',(48.515042192908,20.219540804845));
#310 = CARTESIAN_POINT('',(53.282328570166,18.70753120153));
#311 = CARTESIAN_POINT('',(55.976622149071,15.189593798554));
#312 = CARTESIAN_POINT('',(57.087686041662,10.850658046142));
#313 = CARTESIAN_POINT('',(57.730871045956,6.061049310282));
#314 = CARTESIAN_POINT('',(58.096448875726,1.242295149398));
#315 = CARTESIAN_POINT('',(57.910751295629,-3.232785010455));
#316 = CARTESIAN_POINT('',(56.00583389243,-7.233584425486));
#317 = CARTESIAN_POINT('',(51.656525748306,-9.702727152463));
#318 = CARTESIAN_POINT('',(45.605086031896,-12.36593931405));
#319 = CARTESIAN_POINT('',(38.402218085238,-15.9149310935));
#320 = CARTESIAN_POINT('',(30.561486111589,-16.71122045679));
#321 = CARTESIAN_POINT('',(23.606482984519,-17.1468301476));
#322 = CARTESIAN_POINT('',(16.973208404945,-16.63606222019));
#323 = CARTESIAN_POINT('',(10.756363140935,-13.75013773754));
#324 = CARTESIAN_POINT('',(5.570379186545,-9.812558251992));
#325 = CARTESIAN_POINT('',(1.999679065129,-5.155601554182));
#326 = CARTESIAN_POINT('',(-1.006182838394E-02,-1.768641273798));
#327 = CARTESIAN_POINT('',(1.006182838394E-02,1.768641273798));
#328 = ( GEOMETRIC_REPRESENTATION_CONTEXT(2) 
PARAMETRIC_REPRESENTATION_CONTEXT() REPRESENTATION_CONTEXT('2D SPACE',''
  ) );
#329 = ADVANCED_FACE('',(#330),#124,.F.);
#330 = FACE_BOUND('',#331,.F.);
#331 = EDGE_LOOP('',(#332,#404,#425,#426));
#332 = ORIENTED_EDGE('',*,*,#333,.F.);
#333 = EDGE_CURVE('',#334,#336,#338,.T.);
#334 = VERTEX_POINT('',#335);
#335 = CARTESIAN_POINT('',(-21.20000022465,3.125,0.));
#336 = VERTEX_POINT('',#337);
#337 = CARTESIAN_POINT('',(-19.97707749881,3.125,4.));
#338 = SURFACE_CURVE('',#339,(#347,#358),.PCURVE_S1.);
#339 = B_SPLINE_CURVE_WITH_KNOTS('',3,(#340,#341,#342,#343,#344,#345,
    #346),.UNSPECIFIED.,.F.,.F.,(4,1,1,1,4),(0.,0.3,0.6,0.88,1.),
  .UNSPECIFIED.);
#340 = CARTESIAN_POINT('',(-21.20000022465,3.125,0.));
#341 = CARTESIAN_POINT('',(-21.07770795207,3.125,0.4));
#342 = CARTESIAN_POINT('',(-20.8331234069,3.125,1.2));
#343 = CARTESIAN_POINT('',(-20.47439940732,3.125,2.373333333333));
#344 = CARTESIAN_POINT('',(-20.18905077129,3.125,3.306666666667));
#345 = CARTESIAN_POINT('',(-20.02599440785,3.125,3.84));
#346 = CARTESIAN_POINT('',(-19.97707749881,3.125,4.));
#347 = PCURVE('',#124,#348);
#348 = DEFINITIONAL_REPRESENTATION('',(#349),#357);
#349 = B_SPLINE_CURVE_WITH_KNOTS('',3,(#350,#351,#352,#353,#354,#355,
    #356),.UNSPECIFIED.,.F.,.F.,(4,1,1,1,4),(0.,0.3,0.6,0.88,1.),
  .UNSPECIFIED.);
#350 = CARTESIAN_POINT('',(100.,78.799999775347));
#351 = CARTESIAN_POINT('',(100.4,78.92229204793));
#352 = CARTESIAN_POINT('',(101.2,79.166876593097));
#353 = CARTESIAN_POINT('',(102.37333333333,79.525600592675));
#354 = CARTESIAN_POINT('',(103.30666666666,79.810949228703));
#355 = CARTESIAN_POINT('',(103.84,79.974005592148));
#356 = CARTESIAN_POINT('',(104.,80.022922501181));
#357 = ( GEOMETRIC_REPRESENTATION_CONTEXT(2) 
PARAMETRIC_REPRESENTATION_CONTEXT() REPRESENTATION_CONTEXT('2D SPACE',''
  ) );
#358 = PCURVE('',#359,#394);
#359 = B_SPLINE_SURFACE_WITH_KNOTS('',3,1,(
    (#360,#361)
    ,(#362,#363)
    ,(#364,#365)
    ,(#366,#367)
    ,(#368,#369)
    ,(#370,#371)
    ,(#372,#373)
    ,(#374,#375)
    ,(#376,#377)
    ,(#378,#379)
    ,(#380,#381)
    ,(#382,#383)
    ,(#384,#385)
    ,(#386,#387)
    ,(#388,#389)
    ,(#390,#391)
    ,(#392,#393
    )),.UNSPECIFIED.,.F.,.F.,.F.,(4,1,1,1,1,1,1,1,1,1,1,1,1,1,4),(2,2),(
    0.,3.020347662108,6.053909924531,8.500463623104,10.890155025775,
    13.5584878386,17.059916118603,20.559916118603,24.059916118603,
    27.561344398605,30.22967721143,32.619368614101,35.065922312674,
    38.099484575098,41.119832237205),(0.,1.),.UNSPECIFIED.);
#360 = CARTESIAN_POINT('',(-16.61461362917,13.1,-20.));
#361 = CARTESIAN_POINT('',(7.84384088752,13.1,60.));
#362 = CARTESIAN_POINT('',(-17.61518727237,13.206854020275,-20.));
#363 = CARTESIAN_POINT('',(6.84326724432,13.206854020275,60.));
#364 = CARTESIAN_POINT('',(-19.63634506035,13.503114404475,-20.));
#365 = CARTESIAN_POINT('',(4.822109456343,13.503114404475,60.));
#366 = CARTESIAN_POINT('',(-22.37660720078,13.623125592086,-20.));
#367 = CARTESIAN_POINT('',(2.08184731591,13.623125592086,60.));
#368 = CARTESIAN_POINT('',(-25.1421494418,14.992963864358,-20.));
#369 = CARTESIAN_POINT('',(-0.683694925111,14.992963864358,60.));
#370 = CARTESIAN_POINT('',(-26.88486760119,12.492176654313,-20.));
#371 = CARTESIAN_POINT('',(-2.426413084503,12.492176654313,60.));
#372 = CARTESIAN_POINT('',(-27.31423241803,9.75336269061,-20.));
#373 = CARTESIAN_POINT('',(-2.855777901339,9.75336269061,60.));
#374 = CARTESIAN_POINT('',(-27.3147348616,6.492256488987,-20.));
#375 = CARTESIAN_POINT('',(-2.856280344908,6.492256488987,60.));
#376 = CARTESIAN_POINT('',(-27.31455302532,3.,-20.));
#377 = CARTESIAN_POINT('',(-2.856098508632,3.,60.));
#378 = CARTESIAN_POINT('',(-27.3147348616,-0.492256488987,-20.));
#379 = CARTESIAN_POINT('',(-2.856280344908,-0.492256488987,60.));
#380 = CARTESIAN_POINT('',(-27.31423241803,-3.75336269061,-20.));
#381 = CARTESIAN_POINT('',(-2.855777901339,-3.75336269061,60.));
#382 = CARTESIAN_POINT('',(-26.88486760119,-6.492176654313,-20.));
#383 = CARTESIAN_POINT('',(-2.426413084503,-6.492176654313,60.));
#384 = CARTESIAN_POINT('',(-25.1421494418,-8.992963864358,-20.));
#385 = CARTESIAN_POINT('',(-0.683694925111,-8.992963864358,60.));
#386 = CARTESIAN_POINT('',(-22.37660720078,-7.623125592086,-20.));
#387 = CARTESIAN_POINT('',(2.08184731591,-7.623125592086,60.));
#388 = CARTESIAN_POINT('',(-19.63634506035,-7.503114404475,-20.));
#389 = CARTESIAN_POINT('',(4.822109456343,-7.503114404475,60.));
#390 = CARTESIAN_POINT('',(-17.61518727237,-7.206854020275,-20.));
#391 = CARTESIAN_POINT('',(6.84326724432,-7.206854020275,60.));
#392 = CARTESIAN_POINT('',(-16.61461362917,-7.1,-20.));
#393 = CARTESIAN_POINT('',(7.84384088752,-7.1,60.));
#394 = DEFINITIONAL_REPRESENTATION('',(#395),#403);
#395 = B_SPLINE_CURVE_WITH_KNOTS('',3,(#396,#397,#398,#399,#400,#401,
    #402),.UNSPECIFIED.,.F.,.F.,(4,1,1,1,4),(0.,0.3,0.6,0.88,1.),
  .UNSPECIFIED.);
#396 = CARTESIAN_POINT('',(20.434622288307,0.25));
#397 = CARTESIAN_POINT('',(20.434622288307,0.255));
#398 = CARTESIAN_POINT('',(20.434622288307,0.265));
#399 = CARTESIAN_POINT('',(20.434622288307,0.279666666667));
#400 = CARTESIAN_POINT('',(20.434622288307,0.291333333333));
#401 = CARTESIAN_POINT('',(20.434622288307,0.298));
#402 = CARTESIAN_POINT('',(20.434622288307,0.3));
#403 = ( GEOMETRIC_REPRESENTATION_CONTEXT(2) 
PARAMETRIC_REPRESENTATION_CONTEXT() REPRESENTATION_CONTEXT('2D SPACE',''
  ) );
#404 = ORIENTED_EDGE('',*,*,#405,.T.);
#405 = EDGE_CURVE('',#334,#44,#406,.T.);
#406 = SURFACE_CURVE('',#407,(#411,#418),.PCURVE_S1.);
#407 = LINE('',#408,#409);
#408 = CARTESIAN_POINT('',(-64.,3.125,0.));
#409 = VECTOR('',#410,1.);
#410 = DIRECTION('',(-1.,0.,-0.));
#411 = PCURVE('',#124,#412);
#412 = DEFINITIONAL_REPRESENTATION('',(#413),#417);
#413 = LINE('',#414,#415);
#414 = CARTESIAN_POINT('',(100.,36.));
#415 = VECTOR('',#416,1.);
#416 = DIRECTION('',(0.,-1.));
#417 = ( GEOMETRIC_REPRESENTATION_CONTEXT(2) 
PARAMETRIC_REPRESENTATION_CONTEXT() REPRESENTATION_CONTEXT('2D SPACE',''
  ) );
#418 = PCURVE('',#180,#419);
#419 = DEFINITIONAL_REPRESENTATION('',(#420),#424);
#420 = LINE('',#421,#422);
#421 = CARTESIAN_POINT('',(-35.81627234602,-3.634592169097));
#422 = VECTOR('',#423,1.);
#423 = DIRECTION('',(-0.994533904972,-0.104414136312));
#424 = ( GEOMETRIC_REPRESENTATION_CONTEXT(2) 
PARAMETRIC_REPRESENTATION_CONTEXT() REPRESENTATION_CONTEXT('2D SPACE',''
  ) );
#425 = ORIENTED_EDGE('',*,*,#43,.T.);
#426 = ORIENTED_EDGE('',*,*,#427,.F.);
#427 = EDGE_CURVE('',#336,#46,#428,.T.);
#428 = SURFACE_CURVE('',#429,(#433,#440),.PCURVE_S1.);
#429 = LINE('',#430,#431);
#430 = CARTESIAN_POINT('',(-63.38853863708,3.125,4.));
#431 = VECTOR('',#432,1.);
#432 = DIRECTION('',(-1.,0.,-2.011080212013E-18));
#433 = PCURVE('',#124,#434);
#434 = DEFINITIONAL_REPRESENTATION('',(#435),#439);
#435 = LINE('',#436,#437);
#436 = CARTESIAN_POINT('',(104.,36.611461362917));
#437 = VECTOR('',#438,1.);
#438 = DIRECTION('',(-2.011080212013E-18,-1.));
#439 = ( GEOMETRIC_REPRESENTATION_CONTEXT(2) 
PARAMETRIC_REPRESENTATION_CONTEXT() REPRESENTATION_CONTEXT('2D SPACE',''
  ) );
#440 = PCURVE('',#292,#441);
#441 = DEFINITIONAL_REPRESENTATION('',(#442),#446);
#442 = LINE('',#443,#444);
#443 = CARTESIAN_POINT('',(-36.42439140302,-3.698437379194));
#444 = VECTOR('',#445,1.);
#445 = DIRECTION('',(-0.994533904972,-0.104414136312));
#446 = ( GEOMETRIC_REPRESENTATION_CONTEXT(2) 
PARAMETRIC_REPRESENTATION_CONTEXT() REPRESENTATION_CONTEXT('2D SPACE',''
  ) );
#447 = ADVANCED_FACE('',(#448,#1094),#292,.T.);
#448 = FACE_BOUND('',#449,.T.);
#449 = EDGE_LOOP('',(#450,#451,#452,#934,#962,#1073));
#450 = ORIENTED_EDGE('',*,*,#252,.F.);
#451 = ORIENTED_EDGE('',*,*,#427,.F.);
#452 = ORIENTED_EDGE('',*,*,#453,.T.);
#453 = EDGE_CURVE('',#336,#454,#456,.T.);
#454 = VERTEX_POINT('',#455);
#455 = CARTESIAN_POINT('',(-9.277077274165,13.1,4.));
#456 = SURFACE_CURVE('',#457,(#614,#774),.PCURVE_S1.);
#457 = B_SPLINE_CURVE_WITH_KNOTS('',8,(#458,#459,#460,#461,#462,#463,
    #464,#465,#466,#467,#468,#469,#470,#471,#472,#473,#474,#475,#476,
    #477,#478,#479,#480,#481,#482,#483,#484,#485,#486,#487,#488,#489,
    #490,#491,#492,#493,#494,#495,#496,#497,#498,#499,#500,#501,#502,
    #503,#504,#505,#506,#507,#508,#509,#510,#511,#512,#513,#514,#515,
    #516,#517,#518,#519,#520,#521,#522,#523,#524,#525,#526,#527,#528,
    #529,#530,#531,#532,#533,#534,#535,#536,#537,#538,#539,#540,#541,
    #542,#543,#544,#545,#546,#547,#548,#549,#550,#551,#552,#553,#554,
    #555,#556,#557,#558,#559,#560,#561,#562,#563,#564,#565,#566,#567,
    #568,#569,#570,#571,#572,#573,#574,#575,#576,#577,#578,#579,#580,
    #581,#582,#583,#584,#585,#586,#587,#588,#589,#590,#591,#592,#593,
    #594,#595,#596,#597,#598,#599,#600,#601,#602,#603,#604,#605,#606,
    #607,#608,#609,#610,#611,#612,#613),.UNSPECIFIED.,.F.,.F.,(9,7,7,7,7
    ,7,7,7,7,7,7,7,7,7,7,7,7,7,7,7,7,7,9),(0.,0.192520487224,
    0.221682525561,0.27804542949,0.328411865074,0.353494458178,
    0.365052780939,0.378537431326,0.448225174802,0.483948056665,
    0.520580059351,0.568281348733,0.598421390244,0.611412589448,
    0.653400812858,0.703495165676,0.727434310077,0.801269336977,
    0.857001119895,0.870477054671,0.912933339488,0.949701184946,1.),
  .UNSPECIFIED.);
#458 = CARTESIAN_POINT('',(-19.97708155338,2.412589224562,4.));
#459 = CARTESIAN_POINT('',(-19.97707487691,2.922447441803,4.));
#460 = CARTESIAN_POINT('',(-19.97707155397,3.432204493322,4.));
#461 = CARTESIAN_POINT('',(-19.9770854185,3.941976693006,4.));
#462 = CARTESIAN_POINT('',(-19.97709883599,4.451882905049,4.));
#463 = CARTESIAN_POINT('',(-19.97710772396,4.962039731017,4.));
#464 = CARTESIAN_POINT('',(-19.97711301875,5.472562435435,4.));
#465 = CARTESIAN_POINT('',(-19.97710382995,5.983566310142,4.));
#466 = CARTESIAN_POINT('',(-19.9770735388,6.572657306647,4.));
#467 = CARTESIAN_POINT('',(-19.97706958575,6.650165142141,4.));
#468 = CARTESIAN_POINT('',(-19.97705596415,6.727684617146,4.));
#469 = CARTESIAN_POINT('',(-19.97702297421,6.805213659703,4.));
#470 = CARTESIAN_POINT('',(-19.97696091665,6.882750192918,4.));
#471 = CARTESIAN_POINT('',(-19.97686009268,6.960292134961,4.));
#472 = CARTESIAN_POINT('',(-19.97671080401,7.037837399068,4.));
#473 = CARTESIAN_POINT('',(-19.97610240178,7.265261812476,4.));
#474 = CARTESIAN_POINT('',(-19.97548404976,7.415144094273,4.));
#475 = CARTESIAN_POINT('',(-19.97457850973,7.565015885287,4.));
#476 = CARTESIAN_POINT('',(-19.97331562686,7.714861832151,4.));
#477 = CARTESIAN_POINT('',(-19.97162487855,7.864666081775,4.));
#478 = CARTESIAN_POINT('',(-19.96943537441,8.014412281347,4.));
#479 = CARTESIAN_POINT('',(-19.96667585628,8.164083578332,4.));
#480 = CARTESIAN_POINT('',(-19.96023539052,8.447327897907,4.));
#481 = CARTESIAN_POINT('',(-19.95668356837,8.580919209735,4.));
#482 = CARTESIAN_POINT('',(-19.9525680381,8.714424144863,4.));
#483 = CARTESIAN_POINT('',(-19.94783712403,8.847829601642,4.));
#484 = CARTESIAN_POINT('',(-19.94243866848,8.981121787865,4.));
#485 = CARTESIAN_POINT('',(-19.93632003176,9.11428622077,4.));
#486 = CARTESIAN_POINT('',(-19.92942809218,9.247307727037,4.));
#487 = CARTESIAN_POINT('',(-19.91786524407,9.446336360616,4.));
#488 = CARTESIAN_POINT('',(-19.91381615577,9.512462860825,4.));
#489 = CARTESIAN_POINT('',(-19.90955535249,9.578547966153,4.));
#490 = CARTESIAN_POINT('',(-19.90507617198,9.644589639652,4.));
#491 = CARTESIAN_POINT('',(-19.9003719184,9.710585784694,4.));
#492 = CARTESIAN_POINT('',(-19.89543586233,9.776534244966,4.));
#493 = CARTESIAN_POINT('',(-19.89026124074,9.842432804476,4.));
#494 = CARTESIAN_POINT('',(-19.88234367148,9.938621893546,4.));
#495 = CARTESIAN_POINT('',(-19.87979461113,9.968946908154,4.));
#496 = CARTESIAN_POINT('',(-19.87719380453,9.999253803814,4.));
#497 = CARTESIAN_POINT('',(-19.87454024719,10.029542447962,4.));
#498 = CARTESIAN_POINT('',(-19.87183220151,10.059813003033,4.));
#499 = CARTESIAN_POINT('',(-19.8690671968,10.090065926461,4.));
#500 = CARTESIAN_POINT('',(-19.8662420293,10.120301970675,4.));
#501 = CARTESIAN_POINT('',(-19.85998196534,10.185778942034,4.));
#502 = CARTESIAN_POINT('',(-19.85652484455,10.221013616589,4.));
#503 = CARTESIAN_POINT('',(-19.85297695157,10.25622707194,4.));
#504 = CARTESIAN_POINT('',(-19.84933383817,10.291420173256,4.));
#505 = CARTESIAN_POINT('',(-19.8455910561,10.326593785706,4.));
#506 = CARTESIAN_POINT('',(-19.84174415716,10.361748774461,4.));
#507 = CARTESIAN_POINT('',(-19.8377886931,10.39688600469,4.));
#508 = CARTESIAN_POINT('',(-19.81269460506,10.613505821079,4.));
#509 = CARTESIAN_POINT('',(-19.78864515344,10.794601285302,4.));
#510 = CARTESIAN_POINT('',(-19.76096891486,10.975295833932,4.));
#511 = CARTESIAN_POINT('',(-19.72907482795,11.155565965859,4.));
#512 = CARTESIAN_POINT('',(-19.6923975432,11.335362325214,4.));
#513 = CARTESIAN_POINT('',(-19.65041355077,11.514610226515,4.));
#514 = CARTESIAN_POINT('',(-19.60265960899,11.693209958875,4.));
#515 = CARTESIAN_POINT('',(-19.52112045783,11.96219335389,4.));
#516 = CARTESIAN_POINT('',(-19.4918709446,12.05314631482,4.));
#517 = CARTESIAN_POINT('',(-19.46095364602,12.143878073901,4.));
#518 = CARTESIAN_POINT('',(-19.42832278481,12.234369867334,4.));
#519 = CARTESIAN_POINT('',(-19.39393857011,12.324601876244,4.));
#520 = CARTESIAN_POINT('',(-19.35776767329,12.414553257192,4.));
#521 = CARTESIAN_POINT('',(-19.3197837039,12.504202172699,4.));
#522 = CARTESIAN_POINT('',(-19.23913837889,12.685122691383,4.));
#523 = CARTESIAN_POINT('',(-19.19638270345,12.776381828577,4.));
#524 = CARTESIAN_POINT('',(-19.15171116087,12.867115940854,4.));
#525 = CARTESIAN_POINT('',(-19.10512061491,12.957135648038,4.));
#526 = CARTESIAN_POINT('',(-19.05659601294,13.046246691688,4.));
#527 = CARTESIAN_POINT('',(-19.006111026,13.134246161127,4.));
#528 = CARTESIAN_POINT('',(-18.95362760726,13.220917736069,4.));
#529 = CARTESIAN_POINT('',(-18.8280827628,13.416851755131,4.));
#530 = CARTESIAN_POINT('',(-18.75362436475,13.524981651127,4.));
#531 = CARTESIAN_POINT('',(-18.67558582329,13.629938756025,4.));
#532 = CARTESIAN_POINT('',(-18.59382826299,13.731128587388,4.));
#533 = CARTESIAN_POINT('',(-18.50821494985,13.827829137667,4.));
#534 = CARTESIAN_POINT('',(-18.41861771236,13.91918468405,4.));
#535 = CARTESIAN_POINT('',(-18.32492221854,14.004203328633,4.));
#536 = CARTESIAN_POINT('',(-18.16518028033,14.130761328374,4.));
#537 = CARTESIAN_POINT('',(-18.10167099263,14.176771124025,4.));
#538 = CARTESIAN_POINT('',(-18.03649358952,14.21949646021,4.));
#539 = CARTESIAN_POINT('',(-17.96965911721,14.258616258422,4.));
#540 = CARTESIAN_POINT('',(-17.90120398414,14.293786813172,4.));
#541 = CARTESIAN_POINT('',(-17.83119494044,14.32465516457,4.));
#542 = CARTESIAN_POINT('',(-17.75973537736,14.350878587633,4.));
#543 = CARTESIAN_POINT('',(-17.65561030756,14.381318856274,4.));
#544 = CARTESIAN_POINT('',(-17.62402802561,14.389552403084,4.));
#545 = CARTESIAN_POINT('',(-17.5922310512,14.3968731915,4.));
#546 = CARTESIAN_POINT('',(-17.56022442999,14.403303893778,4.));
#547 = CARTESIAN_POINT('',(-17.52801330262,14.408867501667,4.));
#548 = CARTESIAN_POINT('',(-17.4956029047,14.413587326409,4.));
#549 = CARTESIAN_POINT('',(-17.46299856681,14.41748699874,4.));
#550 = CARTESIAN_POINT('',(-17.32421753082,14.430621043895,4.));
#551 = CARTESIAN_POINT('',(-17.2168496148,14.432273391289,4.));
#552 = CARTESIAN_POINT('',(-17.10854885441,14.426478746835,4.));
#553 = CARTESIAN_POINT('',(-16.99967932881,14.414234178668,4.));
#554 = CARTESIAN_POINT('',(-16.89051500388,14.396511096917,4.));
#555 = CARTESIAN_POINT('',(-16.78123502715,14.374199120955,4.));
#556 = CARTESIAN_POINT('',(-16.67192162217,14.348085304264,4.));
#557 = CARTESIAN_POINT('',(-16.4320866049,14.284011656654,4.));
#558 = CARTESIAN_POINT('',(-16.30163964199,14.244763338365,4.));
#559 = CARTESIAN_POINT('',(-16.17122991517,14.202325171741,4.));
#560 = CARTESIAN_POINT('',(-16.04085202676,14.157763145504,4.));
#561 = CARTESIAN_POINT('',(-15.91048275064,14.112052139488,4.));
#562 = CARTESIAN_POINT('',(-15.78007861792,14.066119660371,4.));
#563 = CARTESIAN_POINT('',(-15.64957329755,14.020889001052,4.));
#564 = CARTESIAN_POINT('',(-15.45641641662,13.956501893072,4.));
#565 = CARTESIAN_POINT('',(-15.3939218959,13.936053050383,4.));
#566 = CARTESIAN_POINT('',(-15.33138135827,13.916180715872,4.));
#567 = CARTESIAN_POINT('',(-15.26881868642,13.89660705891,4.));
#568 = CARTESIAN_POINT('',(-15.20618913909,13.878326202686,4.));
#569 = CARTESIAN_POINT('',(-15.14353603301,13.860373957871,4.));
#570 = CARTESIAN_POINT('',(-15.0808490075,13.843217617667,4.));
#571 = CARTESIAN_POINT('',(-14.82472953191,13.775759645802,4.));
#572 = CARTESIAN_POINT('',(-14.63108365998,13.731072271208,4.));
#573 = CARTESIAN_POINT('',(-14.43732831888,13.692130702708,4.));
#574 = CARTESIAN_POINT('',(-14.24355479965,13.658329116965,4.));
#575 = CARTESIAN_POINT('',(-14.04982080455,13.628987758376,4.));
#576 = CARTESIAN_POINT('',(-13.85615093866,13.60337396025,4.));
#577 = CARTESIAN_POINT('',(-13.6625370487,13.580720597209,4.));
#578 = CARTESIAN_POINT('',(-13.32280725946,13.544784393698,4.));
#579 = CARTESIAN_POINT('',(-13.17669198008,13.530566592069,4.));
#580 = CARTESIAN_POINT('',(-13.03057442003,13.517250122524,4.));
#581 = CARTESIAN_POINT('',(-12.88443523436,13.504491393306,4.));
#582 = CARTESIAN_POINT('',(-12.738254044,13.491944200949,4.));
#583 = CARTESIAN_POINT('',(-12.59200959578,13.479262268941,4.));
#584 = CARTESIAN_POINT('',(-12.44567992243,13.466101786389,4.));
#585 = CARTESIAN_POINT('',(-12.26383396163,13.448744107625,4.));
#586 = CARTESIAN_POINT('',(-12.22840847771,13.445313434573,4.));
#587 = CARTESIAN_POINT('',(-12.19296638047,13.441832806086,4.));
#588 = CARTESIAN_POINT('',(-12.15750801897,13.438303283204,4.));
#589 = CARTESIAN_POINT('',(-12.12203376166,13.434726109446,4.));
#590 = CARTESIAN_POINT('',(-12.08654399638,13.431102710806,4.));
#591 = CARTESIAN_POINT('',(-12.05103913042,13.427434695754,4.));
#592 = CARTESIAN_POINT('',(-11.90361435112,13.412032755169,4.));
#593 = CARTESIAN_POINT('',(-11.79165682176,13.399924003314,4.));
#594 = CARTESIAN_POINT('',(-11.67965183133,13.387443070301,4.));
#595 = CARTESIAN_POINT('',(-11.56760392709,13.374635052393,4.));
#596 = CARTESIAN_POINT('',(-11.45551737459,13.361544671482,4.));
#597 = CARTESIAN_POINT('',(-11.3433961577,13.348216275092,4.));
#598 = CARTESIAN_POINT('',(-11.23124397855,13.334693836377,4.));
#599 = CARTESIAN_POINT('',(-11.02191476227,13.309180011755,4.));
#600 = CARTESIAN_POINT('',(-10.92474472567,13.29722633404,4.));
#601 = CARTESIAN_POINT('',(-10.82755639743,13.285188259368,4.));
#602 = CARTESIAN_POINT('',(-10.73035199984,13.273094072384,4.));
#603 = CARTESIAN_POINT('',(-10.63313372783,13.260972003993,4.));
#604 = CARTESIAN_POINT('',(-10.53590374899,13.248850231354,4.));
#605 = CARTESIAN_POINT('',(-10.43866420357,13.236756877885,4.));
#606 = CARTESIAN_POINT('',(-10.2083822452,13.208253450696,4.));
#607 = CARTESIAN_POINT('',(-10.07533361499,13.19189270565,4.));
#608 = CARTESIAN_POINT('',(-9.942276599419,13.175709795296,4.));
#609 = CARTESIAN_POINT('',(-9.809216853352,13.159776854269,4.));
#610 = CARTESIAN_POINT('',(-9.676160413224,13.144166284895,4.));
#611 = CARTESIAN_POINT('',(-9.543113709315,13.128950907412,4.));
#612 = CARTESIAN_POINT('',(-9.410083578027,13.114204110198,4.));
#613 = CARTESIAN_POINT('',(-9.277077274165,13.1,4.));
#614 = PCURVE('',#292,#615);
#615 = DEFINITIONAL_REPRESENTATION('',(#616),#773);
#616 = B_SPLINE_CURVE_WITH_KNOTS('',8,(#617,#618,#619,#620,#621,#622,
    #623,#624,#625,#626,#627,#628,#629,#630,#631,#632,#633,#634,#635,
    #636,#637,#638,#639,#640,#641,#642,#643,#644,#645,#646,#647,#648,
    #649,#650,#651,#652,#653,#654,#655,#656,#657,#658,#659,#660,#661,
    #662,#663,#664,#665,#666,#667,#668,#669,#670,#671,#672,#673,#674,
    #675,#676,#677,#678,#679,#680,#681,#682,#683,#684,#685,#686,#687,
    #688,#689,#690,#691,#692,#693,#694,#695,#696,#697,#698,#699,#700,
    #701,#702,#703,#704,#705,#706,#707,#708,#709,#710,#711,#712,#713,
    #714,#715,#716,#717,#718,#719,#720,#721,#722,#723,#724,#725,#726,
    #727,#728,#729,#730,#731,#732,#733,#734,#735,#736,#737,#738,#739,
    #740,#741,#742,#743,#744,#745,#746,#747,#748,#749,#750,#751,#752,
    #753,#754,#755,#756,#757,#758,#759,#760,#761,#762,#763,#764,#765,
    #766,#767,#768,#769,#770,#771,#772),.UNSPECIFIED.,.F.,.F.,(9,7,7,7,7
    ,7,7,7,7,7,7,7,7,7,7,7,7,7,7,7,7,7,9),(0.,0.192520487224,
    0.221682525561,0.27804542949,0.328411865074,0.353494458178,
    0.365052780939,0.378537431326,0.448225174802,0.483948056665,
    0.520580059351,0.568281348733,0.598421390244,0.611412589448,
    0.653400812858,0.703495165676,0.727434310077,0.801269336977,
    0.857001119895,0.870477054671,0.912933339488,0.949701184946,1.),
  .UNSPECIFIED.);
#617 = CARTESIAN_POINT('',(6.82416028676,0.12581574779));
#618 = CARTESIAN_POINT('',(6.77093052134,0.632887728682));
#619 = CARTESIAN_POINT('',(6.717707983849,1.139858746678));
#620 = CARTESIAN_POINT('',(6.664466771159,1.646843035423));
#621 = CARTESIAN_POINT('',(6.611212010279,2.153960650679));
#622 = CARTESIAN_POINT('',(6.557935586527,2.661327982927));
#623 = CARTESIAN_POINT('',(6.504624533428,3.169059568878));
#624 = CARTESIAN_POINT('',(6.451277643777,3.677271207288));
#625 = CARTESIAN_POINT('',(6.389798341744,4.26314533925));
#626 = CARTESIAN_POINT('',(6.381709359478,4.340229922303));
#627 = CARTESIAN_POINT('',(6.373628777591,4.417327090779));
#628 = CARTESIAN_POINT('',(6.365566459187,4.494435796837));
#629 = CARTESIAN_POINT('',(6.357532267389,4.57155498768));
#630 = CARTESIAN_POINT('',(6.349536065342,4.648683605548));
#631 = CARTESIAN_POINT('',(6.341587716212,4.72582058772));
#632 = CARTESIAN_POINT('',(6.318446469153,4.952065403465));
#633 = CARTESIAN_POINT('',(6.303411612199,5.10119297916));
#634 = CARTESIAN_POINT('',(6.288663468845,5.250340107902));
#635 = CARTESIAN_POINT('',(6.274273413554,5.399498845404));
#636 = CARTESIAN_POINT('',(6.260313238736,5.548660788789));
#637 = CARTESIAN_POINT('',(6.246855154745,5.697817076588));
#638 = CARTESIAN_POINT('',(6.23397178988,5.846958388743));
#639 = CARTESIAN_POINT('',(6.210802340442,6.12932694362));
#640 = CARTESIAN_POINT('',(6.200385926555,6.262558893085));
#641 = CARTESIAN_POINT('',(6.190539158455,6.39576379709));
#642 = CARTESIAN_POINT('',(6.18131479735,6.528934021272));
#643 = CARTESIAN_POINT('',(6.172766155926,6.662061294812));
#644 = CARTESIAN_POINT('',(6.164947098342,6.795136710439));
#645 = CARTESIAN_POINT('',(6.157912040237,6.928150724431));
#646 = CARTESIAN_POINT('',(6.148630281843,7.127298773384));
#647 = CARTESIAN_POINT('',(6.145752696035,7.193486601917));
#648 = CARTESIAN_POINT('',(6.14308999017,7.259655367875));
#649 = CARTESIAN_POINT('',(6.140649002756,7.325803741075));
#650 = CARTESIAN_POINT('',(6.138436611949,7.39193033549));
#651 = CARTESIAN_POINT('',(6.136459735546,7.458033709243));
#652 = CARTESIAN_POINT('',(6.13472533099,7.524112364608));
#653 = CARTESIAN_POINT('',(6.132556121409,7.620602381133));
#654 = CARTESIAN_POINT('',(6.131924888144,7.651027794265));
#655 = CARTESIAN_POINT('',(6.131347010148,7.681440590527));
#656 = CARTESIAN_POINT('',(6.130823500275,7.711840742966));
#657 = CARTESIAN_POINT('',(6.130356069659,7.742228594558));
#658 = CARTESIAN_POINT('',(6.129947127717,7.77260485821));
#659 = CARTESIAN_POINT('',(6.129599782142,7.802970616757));
#660 = CARTESIAN_POINT('',(6.128988906589,7.86874332394));
#661 = CARTESIAN_POINT('',(6.128748132308,7.904146374697));
#662 = CARTESIAN_POINT('',(6.128599849641,7.939537800136));
#663 = CARTESIAN_POINT('',(6.128548392167,7.974918925156));
#664 = CARTESIAN_POINT('',(6.128598093463,8.010291074654));
#665 = CARTESIAN_POINT('',(6.128753287105,8.045655573531));
#666 = CARTESIAN_POINT('',(6.129018306671,8.081013746683));
#667 = CARTESIAN_POINT('',(6.131357057007,8.299069676101));
#668 = CARTESIAN_POINT('',(6.13636612555,8.481686358026));
#669 = CARTESIAN_POINT('',(6.145024017955,8.664283003631));
#670 = CARTESIAN_POINT('',(6.157921018625,8.846897955423));
#671 = CARTESIAN_POINT('',(6.175624540275,9.029541157802));
#672 = CARTESIAN_POINT('',(6.198663029411,9.212192995349));
#673 = CARTESIAN_POINT('',(6.227507606805,9.394802671186));
#674 = CARTESIAN_POINT('',(6.280515388345,9.670829617447));
#675 = CARTESIAN_POINT('',(6.300108246096,9.764339483511));
#676 = CARTESIAN_POINT('',(6.321382869525,9.857803497203));
#677 = CARTESIAN_POINT('',(6.34438674489,9.951207777085));
#678 = CARTESIAN_POINT('',(6.369161514934,10.04453676734));
#679 = CARTESIAN_POINT('',(6.395742502436,10.137773218442));
#680 = CARTESIAN_POINT('',(6.424158233758,10.230898167816));
#681 = CARTESIAN_POINT('',(6.485472084055,10.419250269711));
#682 = CARTESIAN_POINT('',(6.518465308928,10.514474872713));
#683 = CARTESIAN_POINT('',(6.553418748639,10.609377364246));
#684 = CARTESIAN_POINT('',(6.590355296267,10.703769726772));
#685 = CARTESIAN_POINT('',(6.629310205495,10.797460335393));
#686 = CARTESIAN_POINT('',(6.670330848107,10.890250137679));
#687 = CARTESIAN_POINT('',(6.713477649844,10.981927968394));
#688 = CARTESIAN_POINT('',(6.81787797288,11.189899649991));
#689 = CARTESIAN_POINT('',(6.880639084551,11.305213007024));
#690 = CARTESIAN_POINT('',(6.947292054476,11.417744733319));
#691 = CARTESIAN_POINT('',(7.01803707133,11.526918096493));
#692 = CARTESIAN_POINT('',(7.093085509531,11.632029312524));
#693 = CARTESIAN_POINT('',(7.172654189537,11.732240718977));
#694 = CARTESIAN_POINT('',(7.256960386531,11.826577777632));
#695 = CARTESIAN_POINT('',(7.402614715894,11.969123315831));
#696 = CARTESIAN_POINT('',(7.460972782715,12.02151288499));
#697 = CARTESIAN_POINT('',(7.521332790878,12.070810122681));
#698 = CARTESIAN_POINT('',(7.583717279663,12.11669455206));
#699 = CARTESIAN_POINT('',(7.648125927376,12.158820544811));
#700 = CARTESIAN_POINT('',(7.714529202734,12.196830100698));
#701 = CARTESIAN_POINT('',(7.782860064989,12.2303715726));
#702 = CARTESIAN_POINT('',(7.883237582895,12.27151758107));
#703 = CARTESIAN_POINT('',(7.913787534411,12.283003759224));
#704 = CARTESIAN_POINT('',(7.944646309738,12.293604585135));
#705 = CARTESIAN_POINT('',(7.975806523492,12.303342080294));
#706 = CARTESIAN_POINT('',(8.00726066247,12.312238574017));
#707 = CARTESIAN_POINT('',(8.039001085655,12.320316703455));
#708 = CARTESIAN_POINT('',(8.071020024213,12.327599413587));
#709 = CARTESIAN_POINT('',(8.207671089893,12.355152368812));
#710 = CARTESIAN_POINT('',(8.314279594254,12.368006412537));
#711 = CARTESIAN_POINT('',(8.422593415193,12.373551572519));
#712 = CARTESIAN_POINT('',(8.532146355628,12.372741451811));
#713 = CARTESIAN_POINT('',(8.642564518255,12.366513544812));
#714 = CARTESIAN_POINT('',(8.753576845949,12.355733902618));
#715 = CARTESIAN_POINT('',(8.865019385091,12.3411766913));
#716 = CARTESIAN_POINT('',(9.110233635936,12.302495442521));
#717 = CARTESIAN_POINT('',(9.244065642604,12.277082166237));
#718 = CARTESIAN_POINT('',(9.37819368198,12.248492589657));
#719 = CARTESIAN_POINT('',(9.512511817942,12.217787438301));
#720 = CARTESIAN_POINT('',(9.646941358423,12.185938688356));
#721 = CARTESIAN_POINT('',(9.781428689899,12.153873315424));
#722 = CARTESIAN_POINT('',(9.915943376021,12.122516491499));
#723 = CARTESIAN_POINT('',(10.114767367353,12.078649638464));
#724 = CARTESIAN_POINT('',(10.179055435325,12.064837882498));
#725 = CARTESIAN_POINT('',(10.243329073084,12.051604288277));
#726 = CARTESIAN_POINT('',(10.307593537907,12.03867005013));
#727 = CARTESIAN_POINT('',(10.371789525994,12.027028528896));
#728 = CARTESIAN_POINT('',(10.435974632379,12.015716282715));
#729 = CARTESIAN_POINT('',(10.500110369099,12.005199132324));
#730 = CARTESIAN_POINT('',(10.761873437166,11.96485238598));
#731 = CARTESIAN_POINT('',(10.959126815979,11.940628643289));
#732 = CARTESIAN_POINT('',(11.155889122211,11.9221307297));
#733 = CARTESIAN_POINT('',(11.35213282035,11.908746601287));
#734 = CARTESIAN_POINT('',(11.547871499637,11.899794193124));
#735 = CARTESIAN_POINT('',(11.743157190245,11.89454227423));
#736 = CARTESIAN_POINT('',(11.938078099623,11.892228763723));
#737 = CARTESIAN_POINT('',(12.279703141204,11.891961583437));
#738 = CARTESIAN_POINT('',(12.426504280063,11.893077998363));
#739 = CARTESIAN_POINT('',(12.573213575309,11.895091056738));
#740 = CARTESIAN_POINT('',(12.719886141996,11.897661064799));
#741 = CARTESIAN_POINT('',(12.866578396332,11.900445839324));
#742 = CARTESIAN_POINT('',(13.013347631476,11.903103215713));
#743 = CARTESIAN_POINT('',(13.160251593339,11.905293556068));
#744 = CARTESIAN_POINT('',(13.342915953877,11.907018044965));
#745 = CARTESIAN_POINT('',(13.3785060095,11.907305045605));
#746 = CARTESIAN_POINT('',(13.414117803681,11.907544098535));
#747 = CARTESIAN_POINT('',(13.449750878493,11.907736222553));
#748 = CARTESIAN_POINT('',(13.485404737657,11.907882615906));
#749 = CARTESIAN_POINT('',(13.521078846539,11.907984656296));
#750 = CARTESIAN_POINT('',(13.556772632155,11.908043900877));
#751 = CARTESIAN_POINT('',(13.704999753924,11.908119379764));
#752 = CARTESIAN_POINT('',(13.817609637654,11.907766764229));
#753 = CARTESIAN_POINT('',(13.930305584006,11.907048957521));
#754 = CARTESIAN_POINT('',(14.043078361885,11.906010334602));
#755 = CARTESIAN_POINT('',(14.155919059451,11.904694927528));
#756 = CARTESIAN_POINT('',(14.268819084117,11.903146425444));
#757 = CARTESIAN_POINT('',(14.381770162552,11.901408174585));
#758 = CARTESIAN_POINT('',(14.592619169405,11.897890740275));
#759 = CARTESIAN_POINT('',(14.690506198285,11.896148327946));
#760 = CARTESIAN_POINT('',(14.788420231056,11.894323889886));
#761 = CARTESIAN_POINT('',(14.886356104264,11.892445324098));
#762 = CARTESIAN_POINT('',(14.984308687263,11.89054047799));
#763 = CARTESIAN_POINT('',(15.082272882217,11.888637148376));
#764 = CARTESIAN_POINT('',(15.1802436241,11.886763081477));
#765 = CARTESIAN_POINT('',(15.412243000138,11.882460148522));
#766 = CARTESIAN_POINT('',(15.546272666954,11.880080990674));
#767 = CARTESIAN_POINT('',(15.680292104843,11.877879571007));
#768 = CARTESIAN_POINT('',(15.81428815797,11.875927039413));
#769 = CARTESIAN_POINT('',(15.94824726307,11.874294772171));
#770 = CARTESIAN_POINT('',(16.082155421551,11.873054520065));
#771 = CARTESIAN_POINT('',(16.215998171594,11.872278556508));
#772 = CARTESIAN_POINT('',(16.349760560258,11.872039825668));
#773 = ( GEOMETRIC_REPRESENTATION_CONTEXT(2) 
PARAMETRIC_REPRESENTATION_CONTEXT() REPRESENTATION_CONTEXT('2D SPACE',''
  ) );
#774 = PCURVE('',#359,#775);
#775 = DEFINITIONAL_REPRESENTATION('',(#776),#933);
#776 = B_SPLINE_CURVE_WITH_KNOTS('',8,(#777,#778,#779,#780,#781,#782,
    #783,#784,#785,#786,#787,#788,#789,#790,#791,#792,#793,#794,#795,
    #796,#797,#798,#799,#800,#801,#802,#803,#804,#805,#806,#807,#808,
    #809,#810,#811,#812,#813,#814,#815,#816,#817,#818,#819,#820,#821,
    #822,#823,#824,#825,#826,#827,#828,#829,#830,#831,#832,#833,#834,
    #835,#836,#837,#838,#839,#840,#841,#842,#843,#844,#845,#846,#847,
    #848,#849,#850,#851,#852,#853,#854,#855,#856,#857,#858,#859,#860,
    #861,#862,#863,#864,#865,#866,#867,#868,#869,#870,#871,#872,#873,
    #874,#875,#876,#877,#878,#879,#880,#881,#882,#883,#884,#885,#886,
    #887,#888,#889,#890,#891,#892,#893,#894,#895,#896,#897,#898,#899,
    #900,#901,#902,#903,#904,#905,#906,#907,#908,#909,#910,#911,#912,
    #913,#914,#915,#916,#917,#918,#919,#920,#921,#922,#923,#924,#925,
    #926,#927,#928,#929,#930,#931,#932),.UNSPECIFIED.,.F.,.F.,(9,7,7,7,7
    ,7,7,7,7,7,7,7,7,7,7,7,7,7,7,7,7,7,9),(0.,0.192520487224,
    0.221682525561,0.27804542949,0.328411865074,0.353494458178,
    0.365052780939,0.378537431326,0.448225174802,0.483948056665,
    0.520580059351,0.568281348733,0.598421390244,0.611412589448,
    0.653400812858,0.703495165676,0.727434310077,0.801269336977,
    0.857001119895,0.870477054671,0.912933339488,0.949701184946,1.),
  .UNSPECIFIED.);
#777 = CARTESIAN_POINT('',(21.148670125641,0.3));
#778 = CARTESIAN_POINT('',(20.63771396216,0.3));
#779 = CARTESIAN_POINT('',(20.126657347908,0.3));
#780 = CARTESIAN_POINT('',(19.615615672124,0.3));
#781 = CARTESIAN_POINT('',(19.104707329788,0.3));
#782 = CARTESIAN_POINT('',(18.594048952368,0.3));
#783 = CARTESIAN_POINT('',(18.08375631658,0.3));
#784 = CARTESIAN_POINT('',(17.573945690756,0.3));
#785 = CARTESIAN_POINT('',(16.987596995528,0.3));
#786 = CARTESIAN_POINT('',(16.910477396855,0.3));
#787 = CARTESIAN_POINT('',(16.833369493021,0.3));
#788 = CARTESIAN_POINT('',(16.756271203588,0.3));
#789 = CARTESIAN_POINT('',(16.679180457083,0.3));
#790 = CARTESIAN_POINT('',(16.602095190998,0.3));
#791 = CARTESIAN_POINT('',(16.525013351791,0.3));
#792 = CARTESIAN_POINT('',(16.298955709632,0.3));
#793 = CARTESIAN_POINT('',(16.149983861591,0.3));
#794 = CARTESIAN_POINT('',(16.001002447797,0.3));
#795 = CARTESIAN_POINT('',(15.851996957731,0.3));
#796 = CARTESIAN_POINT('',(15.702953273323,0.3));
#797 = CARTESIAN_POINT('',(15.553857668945,0.3));
#798 = CARTESIAN_POINT('',(15.404696811417,0.3));
#799 = CARTESIAN_POINT('',(15.12209630157,0.3));
#800 = CARTESIAN_POINT('',(14.988672631578,0.3));
#801 = CARTESIAN_POINT('',(14.855177510803,0.3));
#802 = CARTESIAN_POINT('',(14.721602205015,0.3));
#803 = CARTESIAN_POINT('',(14.587938484975,0.3));
#804 = CARTESIAN_POINT('',(14.454178626435,0.3));
#805 = CARTESIAN_POINT('',(14.320315410143,0.3));
#806 = CARTESIAN_POINT('',(14.119623136494,0.3));
#807 = CARTESIAN_POINT('',(14.052876884304,0.3));
#808 = CARTESIAN_POINT('',(13.986102549786,0.3));
#809 = CARTESIAN_POINT('',(13.91929936321,0.3));
#810 = CARTESIAN_POINT('',(13.852466600587,0.3));
#811 = CARTESIAN_POINT('',(13.785603583675,0.3));
#812 = CARTESIAN_POINT('',(13.718709679981,0.3));
#813 = CARTESIAN_POINT('',(13.620944384897,0.3));
#814 = CARTESIAN_POINT('',(13.590104471401,0.3));
#815 = CARTESIAN_POINT('',(13.559264596063,0.3));
#816 = CARTESIAN_POINT('',(13.528424768892,0.3));
#817 = CARTESIAN_POINT('',(13.497584976105,0.3));
#818 = CARTESIAN_POINT('',(13.466745180127,0.3));
#819 = CARTESIAN_POINT('',(13.435905319588,0.3));
#820 = CARTESIAN_POINT('',(13.369085456122,0.3));
#821 = CARTESIAN_POINT('',(13.333105602914,0.3));
#822 = CARTESIAN_POINT('',(13.297125749707,0.3));
#823 = CARTESIAN_POINT('',(13.261145896499,0.3));
#824 = CARTESIAN_POINT('',(13.225166043291,0.3));
#825 = CARTESIAN_POINT('',(13.189186190084,0.3));
#826 = CARTESIAN_POINT('',(13.153206336876,0.3));
#827 = CARTESIAN_POINT('',(12.931285082992,0.3));
#828 = CARTESIAN_POINT('',(12.745295374961,0.3));
#829 = CARTESIAN_POINT('',(12.559376048993,0.3));
#830 = CARTESIAN_POINT('',(12.37367509603,0.3));
#831 = CARTESIAN_POINT('',(12.188367801681,0.3));
#832 = CARTESIAN_POINT('',(12.003654186533,0.3));
#833 = CARTESIAN_POINT('',(11.819755893632,0.3));
#834 = CARTESIAN_POINT('',(11.543184533124,0.3));
#835 = CARTESIAN_POINT('',(11.449734209494,0.3));
#836 = CARTESIAN_POINT('',(11.356594750225,0.3));
#837 = CARTESIAN_POINT('',(11.263799938054,0.3));
#838 = CARTESIAN_POINT('',(11.171384002286,0.3));
#839 = CARTESIAN_POINT('',(11.079381480595,0.3));
#840 = CARTESIAN_POINT('',(10.987827080838,0.3));
#841 = CARTESIAN_POINT('',(10.803366301852,0.3));
#842 = CARTESIAN_POINT('',(10.71049760114,0.3));
#843 = CARTESIAN_POINT('',(10.617998720677,0.3));
#844 = CARTESIAN_POINT('',(10.525733680089,0.3));
#845 = CARTESIAN_POINT('',(10.433577707909,0.3));
#846 = CARTESIAN_POINT('',(10.341413285386,0.3));
#847 = CARTESIAN_POINT('',(10.249125764842,0.3));
#848 = CARTESIAN_POINT('',(10.036111924494,0.3));
#849 = CARTESIAN_POINT('',(9.915268059362,0.3));
#850 = CARTESIAN_POINT('',(9.793769416808,0.3));
#851 = CARTESIAN_POINT('',(9.671380118179,0.3));
#852 = CARTESIAN_POINT('',(9.547912771697,0.3));
#853 = CARTESIAN_POINT('',(9.423218989049,0.3));
#854 = CARTESIAN_POINT('',(9.297183603408,0.3));
#855 = CARTESIAN_POINT('',(9.089186395467,0.3));
#856 = CARTESIAN_POINT('',(9.008103348293,0.3));
#857 = CARTESIAN_POINT('',(8.926468383257,0.3));
#858 = CARTESIAN_POINT('',(8.844303803301,0.3));
#859 = CARTESIAN_POINT('',(8.761659469829,0.3));
#860 = CARTESIAN_POINT('',(8.678614469624,0.3));
#861 = CARTESIAN_POINT('',(8.595280257273,0.3));
#862 = CARTESIAN_POINT('',(8.47582522485,0.3));
#863 = CARTESIAN_POINT('',(8.439845453328,0.3));
#864 = CARTESIAN_POINT('',(8.403865749502,0.3));
#865 = CARTESIAN_POINT('',(8.367885983162,0.3));
#866 = CARTESIAN_POINT('',(8.331906102929,0.3));
#867 = CARTESIAN_POINT('',(8.295926136246,0.3));
#868 = CARTESIAN_POINT('',(8.259946189384,0.3));
#869 = CARTESIAN_POINT('',(8.107678072579,0.3));
#870 = CARTESIAN_POINT('',(7.992039133218,0.3));
#871 = CARTESIAN_POINT('',(7.877303938292,0.3));
#872 = CARTESIAN_POINT('',(7.763620600785,0.3));
#873 = CARTESIAN_POINT('',(7.651046064818,0.3));
#874 = CARTESIAN_POINT('',(7.539555325414,0.3));
#875 = CARTESIAN_POINT('',(7.42904484094,0.3));
#876 = CARTESIAN_POINT('',(7.188434220724,0.3));
#877 = CARTESIAN_POINT('',(7.058766173097,0.3));
#878 = CARTESIAN_POINT('',(6.930045618077,0.3));
#879 = CARTESIAN_POINT('',(6.80200967645,0.3));
#880 = CARTESIAN_POINT('',(6.674399807416,0.3));
#881 = CARTESIAN_POINT('',(6.5469488054,0.3));
#882 = CARTESIAN_POINT('',(6.419367953319,0.3));
#883 = CARTESIAN_POINT('',(6.230149484711,0.3));
#884 = CARTESIAN_POINT('',(6.168871689176,0.3));
#885 = CARTESIAN_POINT('',(6.107442575162,0.3));
#886 = CARTESIAN_POINT('',(6.045951704426,0.3));
#887 = CARTESIAN_POINT('',(5.984120704754,0.3));
#888 = CARTESIAN_POINT('',(5.922219504654,0.3));
#889 = CARTESIAN_POINT('',(5.860128319798,0.3));
#890 = CARTESIAN_POINT('',(5.605955504813,0.3));
#891 = CARTESIAN_POINT('',(5.412605008416,0.3));
#892 = CARTESIAN_POINT('',(5.218091339525,0.3));
#893 = CARTESIAN_POINT('',(5.022644827761,0.3));
#894 = CARTESIAN_POINT('',(4.826475332772,0.3));
#895 = CARTESIAN_POINT('',(4.629768387475,0.3));
#896 = CARTESIAN_POINT('',(4.432681800873,0.3));
#897 = CARTESIAN_POINT('',(4.086388230213,0.3));
#898 = CARTESIAN_POINT('',(3.937297208348,0.3));
#899 = CARTESIAN_POINT('',(3.788123772198,0.3));
#900 = CARTESIAN_POINT('',(3.638921664972,0.3));
#901 = CARTESIAN_POINT('',(3.489743885932,0.3));
#902 = CARTESIAN_POINT('',(3.340642320594,0.3));
#903 = CARTESIAN_POINT('',(3.191667370927,0.3));
#904 = CARTESIAN_POINT('',(3.00688782504,0.3));
#905 = CARTESIAN_POINT('',(2.970907955067,0.3));
#906 = CARTESIAN_POINT('',(2.934928044112,0.3));
#907 = CARTESIAN_POINT('',(2.898948139061,0.3));
#908 = CARTESIAN_POINT('',(2.862968265208,0.3));
#909 = CARTESIAN_POINT('',(2.826988426254,0.3));
#910 = CARTESIAN_POINT('',(2.79100860431,0.3));
#911 = CARTESIAN_POINT('',(2.641673319424,0.3));
#912 = CARTESIAN_POINT('',(2.52841275662,0.3));
#913 = CARTESIAN_POINT('',(2.415239266342,0.3));
#914 = CARTESIAN_POINT('',(2.302144868132,0.3));
#915 = CARTESIAN_POINT('',(2.189121406214,0.3));
#916 = CARTESIAN_POINT('',(2.076160549493,0.3));
#917 = CARTESIAN_POINT('',(1.963253791557,0.3));
#918 = CARTESIAN_POINT('',(1.752652661202,0.3));
#919 = CARTESIAN_POINT('',(1.654947026826,0.3));
#920 = CARTESIAN_POINT('',(1.557269932506,0.3));
#921 = CARTESIAN_POINT('',(1.459615757529,0.3));
#922 = CARTESIAN_POINT('',(1.361978875506,0.3));
#923 = CARTESIAN_POINT('',(1.264353654376,0.3));
#924 = CARTESIAN_POINT('',(1.166734456401,0.3));
#925 = CARTESIAN_POINT('',(0.935572026274,0.3));
#926 = CARTESIAN_POINT('',(0.802029385729,0.3));
#927 = CARTESIAN_POINT('',(0.668473096741,0.3));
#928 = CARTESIAN_POINT('',(0.534888917385,0.3));
#929 = CARTESIAN_POINT('',(0.401262953546,0.3));
#930 = CARTESIAN_POINT('',(0.267581628865,0.3));
#931 = CARTESIAN_POINT('',(0.133831654686,0.3));
#932 = CARTESIAN_POINT('',(0.,0.3));
#933 = ( GEOMETRIC_REPRESENTATION_CONTEXT(2) 
PARAMETRIC_REPRESENTATION_CONTEXT() REPRESENTATION_CONTEXT('2D SPACE',''
  ) );
#934 = ORIENTED_EDGE('',*,*,#935,.F.);
#935 = EDGE_CURVE('',#936,#454,#938,.T.);
#936 = VERTEX_POINT('',#937);
#937 = CARTESIAN_POINT('',(-9.277077274165,12.927361191462,4.));
#938 = SURFACE_CURVE('',#939,(#943,#950),.PCURVE_S1.);
#939 = LINE('',#940,#941);
#940 = CARTESIAN_POINT('',(-9.277077274165,-2.05,4.));
#941 = VECTOR('',#942,1.);
#942 = DIRECTION('',(5.85637273498E-18,1.,1.915533209503E-17));
#943 = PCURVE('',#292,#944);
#944 = DEFINITIONAL_REPRESENTATION('',(#945),#949);
#945 = LINE('',#946,#947);
#946 = CARTESIAN_POINT('',(17.931634725379,-3.195148834654));
#947 = VECTOR('',#948,1.);
#948 = DIRECTION('',(-0.104414136312,0.994533904972));
#949 = ( GEOMETRIC_REPRESENTATION_CONTEXT(2) 
PARAMETRIC_REPRESENTATION_CONTEXT() REPRESENTATION_CONTEXT('2D SPACE',''
  ) );
#950 = PCURVE('',#951,#956);
#951 = PLANE('',#952);
#952 = AXIS2_PLACEMENT_3D('',#953,#954,#955);
#953 = CARTESIAN_POINT('',(7.84384088752,-7.1,60.));
#954 = DIRECTION('',(0.956304755963,0.,-0.292371704723));
#955 = DIRECTION('',(0.,1.,0.));
#956 = DEFINITIONAL_REPRESENTATION('',(#957),#961);
#957 = LINE('',#958,#959);
#958 = CARTESIAN_POINT('',(5.05,-58.55873836328));
#959 = VECTOR('',#960,1.);
#960 = DIRECTION('',(1.,2.003057286455E-17));
#961 = ( GEOMETRIC_REPRESENTATION_CONTEXT(2) 
PARAMETRIC_REPRESENTATION_CONTEXT() REPRESENTATION_CONTEXT('2D SPACE',''
  ) );
#962 = ORIENTED_EDGE('',*,*,#963,.T.);
#963 = EDGE_CURVE('',#936,#964,#966,.T.);
#964 = VERTEX_POINT('',#965);
#965 = CARTESIAN_POINT('',(15.672382058333,3.125,4.));
#966 = SURFACE_CURVE('',#967,(#990,#1016),.PCURVE_S1.);
#967 = B_SPLINE_CURVE_WITH_KNOTS('',6,(#968,#969,#970,#971,#972,#973,
    #974,#975,#976,#977,#978,#979,#980,#981,#982,#983,#984,#985,#986,
    #987,#988,#989),.UNSPECIFIED.,.F.,.F.,(7,5,5,5,7),(0.,0.250000000059
    ,0.499999999963,0.750000000934,1.),.UNSPECIFIED.);
#968 = CARTESIAN_POINT('',(-9.27708323199,12.927354889969,4.));
#969 = CARTESIAN_POINT('',(-8.29095631298,13.970365714846,4.));
#970 = CARTESIAN_POINT('',(-7.180199876316,14.896145758882,4.));
#971 = CARTESIAN_POINT('',(-5.96287696998,15.685324910509,4.));
#972 = CARTESIAN_POINT('',(-4.660119859504,16.323684293436,4.));
#973 = CARTESIAN_POINT('',(-3.294989086314,16.800409080713,4.));
#974 = CARTESIAN_POINT('',(-0.491781798596,17.419521689644,4.));
#975 = CARTESIAN_POINT('',(0.947148536526,17.562098085213,4.));
#976 = CARTESIAN_POINT('',(2.39758333674,17.531804994698,4.));
#977 = CARTESIAN_POINT('',(3.834052234767,17.328738780706,4.));
#978 = CARTESIAN_POINT('',(5.231400075029,16.956895328841,4.));
#979 = CARTESIAN_POINT('',(7.898771651681,15.895575196114,4.));
#980 = CARTESIAN_POINT('',(9.169607834261,15.205775249525,4.));
#981 = CARTESIAN_POINT('',(10.352918733641,14.366457597348,4.));
#982 = CARTESIAN_POINT('',(11.427680267897,13.392000594174,4.));
#983 = CARTESIAN_POINT('',(12.375318361104,12.299832744874,4.));
#984 = CARTESIAN_POINT('',(13.986912982796,9.924115109577,4.));
#985 = CARTESIAN_POINT('',(14.651360389523,8.639841701484,4.));
#986 = CARTESIAN_POINT('',(15.159439117305,7.28096907616,4.));
#987 = CARTESIAN_POINT('',(15.501822246844,5.871198689071,4.));
#988 = CARTESIAN_POINT('',(15.672922725836,4.435380741387,4.));
#989 = CARTESIAN_POINT('',(15.672922725835,3.,4.));
#990 = PCURVE('',#292,#991);
#991 = DEFINITIONAL_REPRESENTATION('',(#992),#1015);
#992 = B_SPLINE_CURVE_WITH_KNOTS('',6,(#993,#994,#995,#996,#997,#998,
    #999,#1000,#1001,#1002,#1003,#1004,#1005,#1006,#1007,#1008,#1009,
    #1010,#1011,#1012,#1013,#1014),.UNSPECIFIED.,.F.,.F.,(7,5,5,5,7),(0.
    ,0.250000000059,0.499999999963,0.750000000934,1.),.UNSPECIFIED.);
#993 = CARTESIAN_POINT('',(16.367781225051,11.700337788133));
#994 = CARTESIAN_POINT('',(17.239612806169,12.840613007268));
#995 = CARTESIAN_POINT('',(18.247633218884,13.877311323595));
#996 = CARTESIAN_POINT('',(19.375900663022,14.789282466862));
#997 = CARTESIAN_POINT('',(20.604883035709,15.560178775254));
#998 = CARTESIAN_POINT('',(21.912775067444,16.176836690177));
#999 = CARTESIAN_POINT('',(24.636015649403,17.085259638603));
#1000 = CARTESIAN_POINT('',(26.052193663371,17.3773013662));
#1001 = CARTESIAN_POINT('',(27.497863276018,17.498619757537));
#1002 = CARTESIAN_POINT('',(28.947683281891,17.446651182093));
#1003 = CARTESIAN_POINT('',(30.37621879894,17.222743129741));
#1004 = CARTESIAN_POINT('',(33.139827094087,16.445735573112));
#1005 = CARTESIAN_POINT('',(34.475741630979,15.892399400979));
#1006 = CARTESIAN_POINT('',(35.740221068278,15.181223924395));
#1007 = CARTESIAN_POINT('',(36.910854940214,14.324313693141));
#1008 = CARTESIAN_POINT('',(37.967350916244,13.337062550131));
#1009 = CARTESIAN_POINT('',(39.818194913596,11.142604073698));
#1010 = CARTESIAN_POINT('',(40.613106686351,9.934728328193));
#1011 = CARTESIAN_POINT('',(41.260293719055,8.63633403131));
#1012 = CARTESIAN_POINT('',(41.748005307238,7.270019221884));
#1013 = CARTESIAN_POINT('',(42.06809022566,5.859914900281));
#1014 = CARTESIAN_POINT('',(42.217964266049,4.432380086429));
#1015 = ( GEOMETRIC_REPRESENTATION_CONTEXT(2) 
PARAMETRIC_REPRESENTATION_CONTEXT() REPRESENTATION_CONTEXT('2D SPACE',''
  ) );
#1016 = PCURVE('',#1017,#1048);
#1017 = B_SPLINE_SURFACE_WITH_KNOTS('',14,1,(
    (#1018,#1019)
    ,(#1020,#1021)
    ,(#1022,#1023)
    ,(#1024,#1025)
    ,(#1026,#1027)
    ,(#1028,#1029)
    ,(#1030,#1031)
    ,(#1032,#1033)
    ,(#1034,#1035)
    ,(#1036,#1037)
    ,(#1038,#1039)
    ,(#1040,#1041)
    ,(#1042,#1043)
    ,(#1044,#1045)
    ,(#1046,#1047
    )),.UNSPECIFIED.,.T.,.F.,.F.,(15,15),(2,2),(0.,6.28318530718),(0.,1.
    ),.PIECEWISE_BEZIER_KNOTS.);
#1018 = CARTESIAN_POINT('',(8.335386370827,3.,-20.));
#1019 = CARTESIAN_POINT('',(32.79384088752,3.,60.));
#1020 = CARTESIAN_POINT('',(8.335386370833,9.485144834915,-20.));
#1021 = CARTESIAN_POINT('',(32.793840887521,9.485144834915,
    60.000000000007));
#1022 = CARTESIAN_POINT('',(5.200973851469,15.970292063633,-20.));
#1023 = CARTESIAN_POINT('',(29.659428368183,15.970292063633,
    59.999999999972));
#1024 = CARTESIAN_POINT('',(-1.067855194152,20.81423955799,
    -19.99999999998));
#1025 = CARTESIAN_POINT('',(23.390599322475,20.81423955799,
    60.000000000059));
#1026 = CARTESIAN_POINT('',(-9.533637012266,22.375970259668,
    -20.00000000004));
#1027 = CARTESIAN_POINT('',(14.924817504582,22.375970259668,
    59.999999999926));
#1028 = CARTESIAN_POINT('',(-18.32162192179,19.602715641629,
    -19.99999999991));
#1029 = CARTESIAN_POINT('',(6.136832594609,19.602715641629,
    60.00000000004));
#1030 = CARTESIAN_POINT('',(-25.03026621842,12.622041794024,
    -20.00000000014));
#1031 = CARTESIAN_POINT('',(-0.571811701309,12.622041794024,
    60.000000000049));
#1032 = CARTESIAN_POINT('',(-27.55593692844,3.000000000246,
    -19.99999999983));
#1033 = CARTESIAN_POINT('',(-3.097482412258,3.000000000246,
    59.999999999848));
#1034 = CARTESIAN_POINT('',(-25.03026621845,-6.622041794475,
    -20.00000000016));
#1035 = CARTESIAN_POINT('',(-0.571811701273,-6.622041794475,
    60.000000000211));
#1036 = CARTESIAN_POINT('',(-18.32162192175,-13.60271564128,
    -19.99999999987));
#1037 = CARTESIAN_POINT('',(6.136832594557,-13.60271564128,59.9999999998
    ));
#1038 = CARTESIAN_POINT('',(-9.533637012299,-16.37597025988,
    -20.00000000007));
#1039 = CARTESIAN_POINT('',(14.924817504628,-16.37597025988,
    60.000000000142));
#1040 = CARTESIAN_POINT('',(-1.067855194132,-14.81423955788,
    -19.99999999996));
#1041 = CARTESIAN_POINT('',(23.390599322446,-14.81423955788,
    59.999999999925));
#1042 = CARTESIAN_POINT('',(5.200973851461,-9.970292063671,
    -20.00000000001));
#1043 = CARTESIAN_POINT('',(29.659428368195,-9.970292063671,
    60.000000000028));
#1044 = CARTESIAN_POINT('',(8.335386370835,-3.485144834907,
    -19.99999999999));
#1045 = CARTESIAN_POINT('',(32.793840887519,-3.485144834907,
    59.999999999994));
#1046 = CARTESIAN_POINT('',(8.335386370827,3.,-20.));
#1047 = CARTESIAN_POINT('',(32.79384088752,3.,60.));
#1048 = DEFINITIONAL_REPRESENTATION('',(#1049),#1072);
#1049 = B_SPLINE_CURVE_WITH_KNOTS('',6,(#1050,#1051,#1052,#1053,#1054,
    #1055,#1056,#1057,#1058,#1059,#1060,#1061,#1062,#1063,#1064,#1065,
    #1066,#1067,#1068,#1069,#1070,#1071),.UNSPECIFIED.,.F.,.F.,(7,5,5,5,
    7),(0.,0.250000000059,0.499999999963,0.750000000934,1.),
  .UNSPECIFIED.);
#1050 = CARTESIAN_POINT('',(2.384220682128,0.3));
#1051 = CARTESIAN_POINT('',(2.284886375031,0.3));
#1052 = CARTESIAN_POINT('',(2.185522441291,0.3));
#1053 = CARTESIAN_POINT('',(2.086193097632,0.3));
#1054 = CARTESIAN_POINT('',(1.986863753713,0.3));
#1055 = CARTESIAN_POINT('',(1.887499819376,0.3));
#1056 = CARTESIAN_POINT('',(1.688831203878,0.3));
#1057 = CARTESIAN_POINT('',(1.589467270002,0.3));
#1058 = CARTESIAN_POINT('',(1.490137926423,0.3));
#1059 = CARTESIAN_POINT('',(1.390808582782,0.3));
#1060 = CARTESIAN_POINT('',(1.291444648797,0.3));
#1061 = CARTESIAN_POINT('',(1.092776032908,0.3));
#1062 = CARTESIAN_POINT('',(0.993412098301,0.3));
#1063 = CARTESIAN_POINT('',(0.894082754497,0.3));
#1064 = CARTESIAN_POINT('',(0.794753411511,0.3));
#1065 = CARTESIAN_POINT('',(0.69538947813,0.3));
#1066 = CARTESIAN_POINT('',(0.496720863691,0.3));
#1067 = CARTESIAN_POINT('',(0.39735692862,0.3));
#1068 = CARTESIAN_POINT('',(0.298027584138,0.3));
#1069 = CARTESIAN_POINT('',(0.198698233179,0.3));
#1070 = CARTESIAN_POINT('',(9.933430736234E-02,0.3));
#1071 = CARTESIAN_POINT('',(0.,0.3));
#1072 = ( GEOMETRIC_REPRESENTATION_CONTEXT(2) 
PARAMETRIC_REPRESENTATION_CONTEXT() REPRESENTATION_CONTEXT('2D SPACE',''
  ) );
#1073 = ORIENTED_EDGE('',*,*,#1074,.F.);
#1074 = EDGE_CURVE('',#219,#964,#1075,.T.);
#1075 = SURFACE_CURVE('',#1076,(#1080,#1087),.PCURVE_S1.);
#1076 = LINE('',#1077,#1078);
#1077 = CARTESIAN_POINT('',(-63.38853863708,3.125,4.));
#1078 = VECTOR('',#1079,1.);
#1079 = DIRECTION('',(-1.,0.,-2.011080212013E-18));
#1080 = PCURVE('',#292,#1081);
#1081 = DEFINITIONAL_REPRESENTATION('',(#1082),#1086);
#1082 = LINE('',#1083,#1084);
#1083 = CARTESIAN_POINT('',(-36.42439140302,-3.698437379194));
#1084 = VECTOR('',#1085,1.);
#1085 = DIRECTION('',(-0.994533904972,-0.104414136312));
#1086 = ( GEOMETRIC_REPRESENTATION_CONTEXT(2) 
PARAMETRIC_REPRESENTATION_CONTEXT() REPRESENTATION_CONTEXT('2D SPACE',''
  ) );
#1087 = PCURVE('',#238,#1088);
#1088 = DEFINITIONAL_REPRESENTATION('',(#1089),#1093);
#1089 = LINE('',#1090,#1091);
#1090 = CARTESIAN_POINT('',(104.,36.611461362917));
#1091 = VECTOR('',#1092,1.);
#1092 = DIRECTION('',(-2.011080212013E-18,-1.));
#1093 = ( GEOMETRIC_REPRESENTATION_CONTEXT(2) 
PARAMETRIC_REPRESENTATION_CONTEXT() REPRESENTATION_CONTEXT('2D SPACE',''
  ) );
#1094 = FACE_BOUND('',#1095,.T.);
#1095 = EDGE_LOOP('',(#1096));
#1096 = ORIENTED_EDGE('',*,*,#1097,.T.);
#1097 = EDGE_CURVE('',#1098,#1098,#1100,.T.);
#1098 = VERTEX_POINT('',#1099);
#1099 = CARTESIAN_POINT('',(-7.777077274165,17.375,4.));
#1100 = SURFACE_CURVE('',#1101,(#1106,#1117),.PCURVE_S1.);
#1101 = CIRCLE('',#1102,1.5);
#1102 = AXIS2_PLACEMENT_3D('',#1103,#1104,#1105);
#1103 = CARTESIAN_POINT('',(-9.277077274165,17.375,4.));
#1104 = DIRECTION('',(0.,0.,-1.));
#1105 = DIRECTION('',(1.,0.,0.));
#1106 = PCURVE('',#292,#1107);
#1107 = DEFINITIONAL_REPRESENTATION('',(#1108),#1116);
#1108 = ( BOUNDED_CURVE() B_SPLINE_CURVE(2,(#1109,#1110,#1111,#1112,
#1113,#1114,#1115),.UNSPECIFIED.,.T.,.F.) B_SPLINE_CURVE_WITH_KNOTS((1,2
    ,2,2,2,1),(-2.094395102393,0.,2.094395102393,4.188790204786,
6.28318530718,8.377580409573),.UNSPECIFIED.) CURVE() 
GEOMETRIC_REPRESENTATION_ITEM() RATIONAL_B_SPLINE_CURVE((1.,0.5,1.,0.5,
1.,0.5,1.)) REPRESENTATION_ITEM('') );
#1109 = CARTESIAN_POINT('',(17.395190984983,16.280293473889));
#1110 = CARTESIAN_POINT('',(17.666466868663,13.696418593998));
#1111 = CARTESIAN_POINT('',(15.293127640637,14.753424227243));
#1112 = CARTESIAN_POINT('',(12.91978841261,15.810429860487));
#1113 = CARTESIAN_POINT('',(15.021851756957,17.337299107134));
#1114 = CARTESIAN_POINT('',(17.123915101303,18.864168353781));
#1115 = CARTESIAN_POINT('',(17.395190984983,16.280293473889));
#1116 = ( GEOMETRIC_REPRESENTATION_CONTEXT(2) 
PARAMETRIC_REPRESENTATION_CONTEXT() REPRESENTATION_CONTEXT('2D SPACE',''
  ) );
#1117 = PCURVE('',#1118,#1123);
#1118 = CYLINDRICAL_SURFACE('',#1119,1.5);
#1119 = AXIS2_PLACEMENT_3D('',#1120,#1121,#1122);
#1120 = CARTESIAN_POINT('',(-9.277077274165,17.375,3.4));
#1121 = DIRECTION('',(-0.,-0.,-1.));
#1122 = DIRECTION('',(1.,0.,0.));
#1123 = DEFINITIONAL_REPRESENTATION('',(#1124),#1128);
#1124 = LINE('',#1125,#1126);
#1125 = CARTESIAN_POINT('',(-6.28318530718,-0.6));
#1126 = VECTOR('',#1127,1.);
#1127 = DIRECTION('',(1.,-0.));
#1128 = ( GEOMETRIC_REPRESENTATION_CONTEXT(2) 
PARAMETRIC_REPRESENTATION_CONTEXT() REPRESENTATION_CONTEXT('2D SPACE',''
  ) );
#1129 = ADVANCED_FACE('',(#1130),#238,.F.);
#1130 = FACE_BOUND('',#1131,.F.);
#1131 = EDGE_LOOP('',(#1132,#1133,#1156,#1189));
#1132 = ORIENTED_EDGE('',*,*,#218,.F.);
#1133 = ORIENTED_EDGE('',*,*,#1134,.T.);
#1134 = EDGE_CURVE('',#139,#1135,#1137,.T.);
#1135 = VERTEX_POINT('',#1136);
#1136 = CARTESIAN_POINT('',(14.449459332498,3.125,0.));
#1137 = SURFACE_CURVE('',#1138,(#1142,#1149),.PCURVE_S1.);
#1138 = LINE('',#1139,#1140);
#1139 = CARTESIAN_POINT('',(-64.,3.125,0.));
#1140 = VECTOR('',#1141,1.);
#1141 = DIRECTION('',(-1.,0.,-0.));
#1142 = PCURVE('',#238,#1143);
#1143 = DEFINITIONAL_REPRESENTATION('',(#1144),#1148);
#1144 = LINE('',#1145,#1146);
#1145 = CARTESIAN_POINT('',(100.,36.));
#1146 = VECTOR('',#1147,1.);
#1147 = DIRECTION('',(0.,-1.));
#1148 = ( GEOMETRIC_REPRESENTATION_CONTEXT(2) 
PARAMETRIC_REPRESENTATION_CONTEXT() REPRESENTATION_CONTEXT('2D SPACE',''
  ) );
#1149 = PCURVE('',#180,#1150);
#1150 = DEFINITIONAL_REPRESENTATION('',(#1151),#1155);
#1151 = LINE('',#1152,#1153);
#1152 = CARTESIAN_POINT('',(-35.81627234602,-3.634592169097));
#1153 = VECTOR('',#1154,1.);
#1154 = DIRECTION('',(-0.994533904972,-0.104414136312));
#1155 = ( GEOMETRIC_REPRESENTATION_CONTEXT(2) 
PARAMETRIC_REPRESENTATION_CONTEXT() REPRESENTATION_CONTEXT('2D SPACE',''
  ) );
#1156 = ORIENTED_EDGE('',*,*,#1157,.T.);
#1157 = EDGE_CURVE('',#1135,#964,#1158,.T.);
#1158 = SURFACE_CURVE('',#1159,(#1167,#1178),.PCURVE_S1.);
#1159 = B_SPLINE_CURVE_WITH_KNOTS('',3,(#1160,#1161,#1162,#1163,#1164,
    #1165,#1166),.UNSPECIFIED.,.F.,.F.,(4,1,1,1,4),(0.,0.3,0.58,0.86,1.)
  ,.UNSPECIFIED.);
#1160 = CARTESIAN_POINT('',(14.449459332498,3.125,0.));
#1161 = CARTESIAN_POINT('',(14.571751605082,3.125,0.4));
#1162 = CARTESIAN_POINT('',(14.808183332076,3.125,1.173333333333));
#1163 = CARTESIAN_POINT('',(15.158754513482,3.125,2.32));
#1164 = CARTESIAN_POINT('',(15.44410314951,3.125,3.253333333333));
#1165 = CARTESIAN_POINT('',(15.615312331127,3.125,3.813333333333));
#1166 = CARTESIAN_POINT('',(15.672382058333,3.125,4.));
#1167 = PCURVE('',#238,#1168);
#1168 = DEFINITIONAL_REPRESENTATION('',(#1169),#1177);
#1169 = B_SPLINE_CURVE_WITH_KNOTS('',3,(#1170,#1171,#1172,#1173,#1174,
    #1175,#1176),.UNSPECIFIED.,.F.,.F.,(4,1,1,1,4),(0.,0.3,0.58,0.86,1.)
  ,.UNSPECIFIED.);
#1170 = CARTESIAN_POINT('',(100.,114.44945933249));
#1171 = CARTESIAN_POINT('',(100.4,114.57175160508));
#1172 = CARTESIAN_POINT('',(101.17333333333,114.80818333207));
#1173 = CARTESIAN_POINT('',(102.32,115.15875451348));
#1174 = CARTESIAN_POINT('',(103.25333333333,115.44410314951));
#1175 = CARTESIAN_POINT('',(103.81333333333,115.61531233112));
#1176 = CARTESIAN_POINT('',(104.,115.67238205833));
#1177 = ( GEOMETRIC_REPRESENTATION_CONTEXT(2) 
PARAMETRIC_REPRESENTATION_CONTEXT() REPRESENTATION_CONTEXT('2D SPACE',''
  ) );
#1178 = PCURVE('',#1017,#1179);
#1179 = DEFINITIONAL_REPRESENTATION('',(#1180),#1188);
#1180 = B_SPLINE_CURVE_WITH_KNOTS('',3,(#1181,#1182,#1183,#1184,#1185,
    #1186,#1187),.UNSPECIFIED.,.F.,.F.,(4,1,1,1,4),(0.,0.3,0.58,0.86,1.)
  ,.UNSPECIFIED.);
#1181 = CARTESIAN_POINT('',(8.650626896472E-03,0.25));
#1182 = CARTESIAN_POINT('',(8.650626896472E-03,0.255));
#1183 = CARTESIAN_POINT('',(8.650626896472E-03,0.264666666667));
#1184 = CARTESIAN_POINT('',(8.650626896472E-03,0.279));
#1185 = CARTESIAN_POINT('',(8.650626896472E-03,0.290666666667));
#1186 = CARTESIAN_POINT('',(8.650626896472E-03,0.297666666667));
#1187 = CARTESIAN_POINT('',(8.650626896472E-03,0.3));
#1188 = ( GEOMETRIC_REPRESENTATION_CONTEXT(2) 
PARAMETRIC_REPRESENTATION_CONTEXT() REPRESENTATION_CONTEXT('2D SPACE',''
  ) );
#1189 = ORIENTED_EDGE('',*,*,#1074,.F.);
#1190 = ADVANCED_FACE('',(#1191,#1779),#180,.F.);
#1191 = FACE_BOUND('',#1192,.F.);
#1192 = EDGE_LOOP('',(#1193,#1194,#1195,#1677,#1700,#1778));
#1193 = ORIENTED_EDGE('',*,*,#138,.F.);
#1194 = ORIENTED_EDGE('',*,*,#405,.F.);
#1195 = ORIENTED_EDGE('',*,*,#1196,.T.);
#1196 = EDGE_CURVE('',#334,#1197,#1199,.T.);
#1197 = VERTEX_POINT('',#1198);
#1198 = CARTESIAN_POINT('',(-10.5,13.1,0.));
#1199 = SURFACE_CURVE('',#1200,(#1357,#1517),.PCURVE_S1.);
#1200 = B_SPLINE_CURVE_WITH_KNOTS('',8,(#1201,#1202,#1203,#1204,#1205,
    #1206,#1207,#1208,#1209,#1210,#1211,#1212,#1213,#1214,#1215,#1216,
    #1217,#1218,#1219,#1220,#1221,#1222,#1223,#1224,#1225,#1226,#1227,
    #1228,#1229,#1230,#1231,#1232,#1233,#1234,#1235,#1236,#1237,#1238,
    #1239,#1240,#1241,#1242,#1243,#1244,#1245,#1246,#1247,#1248,#1249,
    #1250,#1251,#1252,#1253,#1254,#1255,#1256,#1257,#1258,#1259,#1260,
    #1261,#1262,#1263,#1264,#1265,#1266,#1267,#1268,#1269,#1270,#1271,
    #1272,#1273,#1274,#1275,#1276,#1277,#1278,#1279,#1280,#1281,#1282,
    #1283,#1284,#1285,#1286,#1287,#1288,#1289,#1290,#1291,#1292,#1293,
    #1294,#1295,#1296,#1297,#1298,#1299,#1300,#1301,#1302,#1303,#1304,
    #1305,#1306,#1307,#1308,#1309,#1310,#1311,#1312,#1313,#1314,#1315,
    #1316,#1317,#1318,#1319,#1320,#1321,#1322,#1323,#1324,#1325,#1326,
    #1327,#1328,#1329,#1330,#1331,#1332,#1333,#1334,#1335,#1336,#1337,
    #1338,#1339,#1340,#1341,#1342,#1343,#1344,#1345,#1346,#1347,#1348,
    #1349,#1350,#1351,#1352,#1353,#1354,#1355,#1356),.UNSPECIFIED.,.F.,
  .F.,(9,7,7,7,7,7,7,7,7,7,7,7,7,7,7,7,7,7,7,7,7,7,9),(0.,0.192520487226
    ,0.221682525564,0.278045429494,0.328411865078,0.353494458183,
    0.365052780944,0.378537431331,0.448225174808,0.483948056671,
    0.520580059358,0.56828134874,0.598421390252,0.611412589456,
    0.653400812866,0.703495165686,0.727434310087,0.801269336984,
    0.8570011199,0.870477054675,0.912933339491,0.949701184948,1.),
  .UNSPECIFIED.);
#1201 = CARTESIAN_POINT('',(-21.20000427921,2.412589224562,0.));
#1202 = CARTESIAN_POINT('',(-21.19999760274,2.922447441803,0.));
#1203 = CARTESIAN_POINT('',(-21.19999427981,3.432204493322,0.));
#1204 = CARTESIAN_POINT('',(-21.20000814434,3.941976693007,0.));
#1205 = CARTESIAN_POINT('',(-21.20002156183,4.451882905049,0.));
#1206 = CARTESIAN_POINT('',(-21.20003044979,4.962039731016,0.));
#1207 = CARTESIAN_POINT('',(-21.20003574459,5.472562435436,0.));
#1208 = CARTESIAN_POINT('',(-21.20002655578,5.983566310142,0.));
#1209 = CARTESIAN_POINT('',(-21.19999626463,6.572657306647,0.));
#1210 = CARTESIAN_POINT('',(-21.19999231159,6.650165142141,0.));
#1211 = CARTESIAN_POINT('',(-21.19997868999,6.727684617146,0.));
#1212 = CARTESIAN_POINT('',(-21.19994570005,6.805213659703,0.));
#1213 = CARTESIAN_POINT('',(-21.19988364249,6.882750192918,0.));
#1214 = CARTESIAN_POINT('',(-21.19978281851,6.960292134961,0.));
#1215 = CARTESIAN_POINT('',(-21.19963352984,7.037837399068,0.));
#1216 = CARTESIAN_POINT('',(-21.19902512761,7.265261812476,0.));
#1217 = CARTESIAN_POINT('',(-21.19840677559,7.415144094273,0.));
#1218 = CARTESIAN_POINT('',(-21.19750123556,7.565015885287,0.));
#1219 = CARTESIAN_POINT('',(-21.19623835269,7.714861832151,0.));
#1220 = CARTESIAN_POINT('',(-21.19454760438,7.864666081775,0.));
#1221 = CARTESIAN_POINT('',(-21.19235810024,8.014412281347,0.));
#1222 = CARTESIAN_POINT('',(-21.18959858211,8.164083578332,0.));
#1223 = CARTESIAN_POINT('',(-21.18315811636,8.447327897907,0.));
#1224 = CARTESIAN_POINT('',(-21.1796062942,8.580919209735,0.));
#1225 = CARTESIAN_POINT('',(-21.17549076393,8.714424144863,0.));
#1226 = CARTESIAN_POINT('',(-21.17075984986,8.847829601642,0.));
#1227 = CARTESIAN_POINT('',(-21.16536139431,8.981121787865,0.));
#1228 = CARTESIAN_POINT('',(-21.1592427576,9.11428622077,0.));
#1229 = CARTESIAN_POINT('',(-21.15235081802,9.247307727037,0.));
#1230 = CARTESIAN_POINT('',(-21.14078796991,9.446336360616,0.));
#1231 = CARTESIAN_POINT('',(-21.13673888161,9.512462860825,0.));
#1232 = CARTESIAN_POINT('',(-21.13247807832,9.578547966153,0.));
#1233 = CARTESIAN_POINT('',(-21.12799889781,9.644589639652,0.));
#1234 = CARTESIAN_POINT('',(-21.12329464424,9.710585784694,0.));
#1235 = CARTESIAN_POINT('',(-21.11835858817,9.776534244966,0.));
#1236 = CARTESIAN_POINT('',(-21.11318396657,9.842432804476,0.));
#1237 = CARTESIAN_POINT('',(-21.10526639731,9.938621893546,0.));
#1238 = CARTESIAN_POINT('',(-21.10271733696,9.968946908154,0.));
#1239 = CARTESIAN_POINT('',(-21.10011653037,9.999253803814,0.));
#1240 = CARTESIAN_POINT('',(-21.09746297303,10.029542447962,0.));
#1241 = CARTESIAN_POINT('',(-21.09475492734,10.059813003033,0.));
#1242 = CARTESIAN_POINT('',(-21.09198992264,10.090065926461,0.));
#1243 = CARTESIAN_POINT('',(-21.08916475513,10.120301970675,0.));
#1244 = CARTESIAN_POINT('',(-21.08290469117,10.185778942034,0.));
#1245 = CARTESIAN_POINT('',(-21.07944757039,10.221013616589,0.));
#1246 = CARTESIAN_POINT('',(-21.07589967741,10.25622707194,0.));
#1247 = CARTESIAN_POINT('',(-21.072256564,10.291420173256,0.));
#1248 = CARTESIAN_POINT('',(-21.06851378194,10.326593785706,0.));
#1249 = CARTESIAN_POINT('',(-21.06466688299,10.361748774461,0.));
#1250 = CARTESIAN_POINT('',(-21.06071141894,10.39688600469,0.));
#1251 = CARTESIAN_POINT('',(-21.03561733089,10.613505821079,0.));
#1252 = CARTESIAN_POINT('',(-21.01156787928,10.794601285302,0.));
#1253 = CARTESIAN_POINT('',(-20.98389164069,10.975295833932,0.));
#1254 = CARTESIAN_POINT('',(-20.95199755378,11.155565965859,0.));
#1255 = CARTESIAN_POINT('',(-20.91532026903,11.335362325214,0.));
#1256 = CARTESIAN_POINT('',(-20.87333627661,11.514610226515,0.));
#1257 = CARTESIAN_POINT('',(-20.82558233483,11.693209958875,0.));
#1258 = CARTESIAN_POINT('',(-20.74404318367,11.96219335389,0.));
#1259 = CARTESIAN_POINT('',(-20.71479367044,12.05314631482,0.));
#1260 = CARTESIAN_POINT('',(-20.68387637186,12.143878073901,0.));
#1261 = CARTESIAN_POINT('',(-20.65124551065,12.234369867334,0.));
#1262 = CARTESIAN_POINT('',(-20.61686129594,12.324601876244,0.));
#1263 = CARTESIAN_POINT('',(-20.58069039913,12.414553257192,0.));
#1264 = CARTESIAN_POINT('',(-20.54270642974,12.504202172699,0.));
#1265 = CARTESIAN_POINT('',(-20.46206110473,12.685122691383,0.));
#1266 = CARTESIAN_POINT('',(-20.41930542928,12.776381828577,0.));
#1267 = CARTESIAN_POINT('',(-20.3746338867,12.867115940854,0.));
#1268 = CARTESIAN_POINT('',(-20.32804334075,12.957135648038,0.));
#1269 = CARTESIAN_POINT('',(-20.27951873878,13.046246691688,0.));
#1270 = CARTESIAN_POINT('',(-20.22903375183,13.134246161127,0.));
#1271 = CARTESIAN_POINT('',(-20.1765503331,13.220917736069,0.));
#1272 = CARTESIAN_POINT('',(-20.05100548864,13.416851755132,0.));
#1273 = CARTESIAN_POINT('',(-19.97654709059,13.524981651126,0.));
#1274 = CARTESIAN_POINT('',(-19.89850854912,13.629938756025,0.));
#1275 = CARTESIAN_POINT('',(-19.81675098883,13.731128587388,0.));
#1276 = CARTESIAN_POINT('',(-19.73113767568,13.827829137667,0.));
#1277 = CARTESIAN_POINT('',(-19.64154043819,13.91918468405,0.));
#1278 = CARTESIAN_POINT('',(-19.54784494438,14.004203328633,0.));
#1279 = CARTESIAN_POINT('',(-19.38810300617,14.130761328374,0.));
#1280 = CARTESIAN_POINT('',(-19.32459371847,14.176771124025,0.));
#1281 = CARTESIAN_POINT('',(-19.25941631535,14.21949646021,0.));
#1282 = CARTESIAN_POINT('',(-19.19258184305,14.258616258422,0.));
#1283 = CARTESIAN_POINT('',(-19.12412670997,14.293786813172,0.));
#1284 = CARTESIAN_POINT('',(-19.05411766628,14.32465516457,0.));
#1285 = CARTESIAN_POINT('',(-18.98265810319,14.350878587633,0.));
#1286 = CARTESIAN_POINT('',(-18.8785330334,14.381318856274,0.));
#1287 = CARTESIAN_POINT('',(-18.84695075145,14.389552403084,0.));
#1288 = CARTESIAN_POINT('',(-18.81515377704,14.3968731915,0.));
#1289 = CARTESIAN_POINT('',(-18.78314715583,14.403303893778,0.));
#1290 = CARTESIAN_POINT('',(-18.75093602845,14.408867501667,0.));
#1291 = CARTESIAN_POINT('',(-18.71852563053,14.413587326409,0.));
#1292 = CARTESIAN_POINT('',(-18.68592129264,14.41748699874,0.));
#1293 = CARTESIAN_POINT('',(-18.54714025665,14.430621043894,0.));
#1294 = CARTESIAN_POINT('',(-18.43977234063,14.432273391289,0.));
#1295 = CARTESIAN_POINT('',(-18.33147158024,14.426478746835,0.));
#1296 = CARTESIAN_POINT('',(-18.22260205465,14.414234178668,0.));
#1297 = CARTESIAN_POINT('',(-18.11343772972,14.396511096917,0.));
#1298 = CARTESIAN_POINT('',(-18.00415775299,14.374199120955,0.));
#1299 = CARTESIAN_POINT('',(-17.894844348,14.348085304264,0.));
#1300 = CARTESIAN_POINT('',(-17.65500933073,14.284011656654,0.));
#1301 = CARTESIAN_POINT('',(-17.52456236783,14.244763338365,0.));
#1302 = CARTESIAN_POINT('',(-17.39415264101,14.202325171741,0.));
#1303 = CARTESIAN_POINT('',(-17.2637747526,14.157763145504,0.));
#1304 = CARTESIAN_POINT('',(-17.13340547648,14.112052139488,0.));
#1305 = CARTESIAN_POINT('',(-17.00300134376,14.066119660371,0.));
#1306 = CARTESIAN_POINT('',(-16.87249602338,14.020889001052,0.));
#1307 = CARTESIAN_POINT('',(-16.67933914245,13.956501893072,0.));
#1308 = CARTESIAN_POINT('',(-16.61684462173,13.936053050381,0.));
#1309 = CARTESIAN_POINT('',(-16.55430408411,13.916180715877,0.));
#1310 = CARTESIAN_POINT('',(-16.49174141224,13.896607058904,0.));
#1311 = CARTESIAN_POINT('',(-16.42911186493,13.878326202691,0.));
#1312 = CARTESIAN_POINT('',(-16.36645875884,13.860373957869,0.));
#1313 = CARTESIAN_POINT('',(-16.30377173333,13.843217617667,0.));
#1314 = CARTESIAN_POINT('',(-16.04765225774,13.775759645802,0.));
#1315 = CARTESIAN_POINT('',(-15.85400638581,13.731072271208,0.));
#1316 = CARTESIAN_POINT('',(-15.66025104472,13.692130702708,0.));
#1317 = CARTESIAN_POINT('',(-15.46647752549,13.658329116965,0.));
#1318 = CARTESIAN_POINT('',(-15.27274353039,13.628987758376,0.));
#1319 = CARTESIAN_POINT('',(-15.0790736645,13.60337396025,0.));
#1320 = CARTESIAN_POINT('',(-14.88545977454,13.580720597209,0.));
#1321 = CARTESIAN_POINT('',(-14.54572998529,13.544784393698,0.));
#1322 = CARTESIAN_POINT('',(-14.39961470591,13.530566592069,0.));
#1323 = CARTESIAN_POINT('',(-14.25349714586,13.517250122524,0.));
#1324 = CARTESIAN_POINT('',(-14.10735796019,13.504491393306,0.));
#1325 = CARTESIAN_POINT('',(-13.96117676983,13.491944200949,0.));
#1326 = CARTESIAN_POINT('',(-13.81493232161,13.479262268941,0.));
#1327 = CARTESIAN_POINT('',(-13.66860264827,13.466101786389,0.));
#1328 = CARTESIAN_POINT('',(-13.48675668746,13.448744107625,0.));
#1329 = CARTESIAN_POINT('',(-13.45133120354,13.445313434573,0.));
#1330 = CARTESIAN_POINT('',(-13.41588910631,13.441832806086,0.));
#1331 = CARTESIAN_POINT('',(-13.38043074481,13.438303283204,0.));
#1332 = CARTESIAN_POINT('',(-13.34495648749,13.434726109446,0.));
#1333 = CARTESIAN_POINT('',(-13.30946672222,13.431102710806,0.));
#1334 = CARTESIAN_POINT('',(-13.27396185625,13.427434695754,0.));
#1335 = CARTESIAN_POINT('',(-13.12653707696,13.412032755169,0.));
#1336 = CARTESIAN_POINT('',(-13.0145795476,13.399924003314,0.));
#1337 = CARTESIAN_POINT('',(-12.90257455716,13.387443070301,0.));
#1338 = CARTESIAN_POINT('',(-12.79052665292,13.374635052393,0.));
#1339 = CARTESIAN_POINT('',(-12.67844010042,13.361544671482,0.));
#1340 = CARTESIAN_POINT('',(-12.56631888353,13.348216275092,0.));
#1341 = CARTESIAN_POINT('',(-12.45416670438,13.334693836377,0.));
#1342 = CARTESIAN_POINT('',(-12.24483748811,13.309180011755,0.));
#1343 = CARTESIAN_POINT('',(-12.14766745151,13.29722633404,0.));
#1344 = CARTESIAN_POINT('',(-12.05047912327,13.285188259368,0.));
#1345 = CARTESIAN_POINT('',(-11.95327472567,13.273094072384,0.));
#1346 = CARTESIAN_POINT('',(-11.85605645366,13.260972003993,0.));
#1347 = CARTESIAN_POINT('',(-11.75882647483,13.248850231354,0.));
#1348 = CARTESIAN_POINT('',(-11.6615869294,13.236756877885,0.));
#1349 = CARTESIAN_POINT('',(-11.43130497103,13.208253450696,0.));
#1350 = CARTESIAN_POINT('',(-11.29825634082,13.19189270565,0.));
#1351 = CARTESIAN_POINT('',(-11.16519932525,13.175709795296,0.));
#1352 = CARTESIAN_POINT('',(-11.03213957918,13.159776854269,0.));
#1353 = CARTESIAN_POINT('',(-10.89908313905,13.144166284895,0.));
#1354 = CARTESIAN_POINT('',(-10.76603643515,13.128950907412,0.));
#1355 = CARTESIAN_POINT('',(-10.63300630386,13.114204110198,0.));
#1356 = CARTESIAN_POINT('',(-10.5,13.1,0.));
#1357 = PCURVE('',#180,#1358);
#1358 = DEFINITIONAL_REPRESENTATION('',(#1359),#1516);
#1359 = B_SPLINE_CURVE_WITH_KNOTS('',8,(#1360,#1361,#1362,#1363,#1364,
    #1365,#1366,#1367,#1368,#1369,#1370,#1371,#1372,#1373,#1374,#1375,
    #1376,#1377,#1378,#1379,#1380,#1381,#1382,#1383,#1384,#1385,#1386,
    #1387,#1388,#1389,#1390,#1391,#1392,#1393,#1394,#1395,#1396,#1397,
    #1398,#1399,#1400,#1401,#1402,#1403,#1404,#1405,#1406,#1407,#1408,
    #1409,#1410,#1411,#1412,#1413,#1414,#1415,#1416,#1417,#1418,#1419,
    #1420,#1421,#1422,#1423,#1424,#1425,#1426,#1427,#1428,#1429,#1430,
    #1431,#1432,#1433,#1434,#1435,#1436,#1437,#1438,#1439,#1440,#1441,
    #1442,#1443,#1444,#1445,#1446,#1447,#1448,#1449,#1450,#1451,#1452,
    #1453,#1454,#1455,#1456,#1457,#1458,#1459,#1460,#1461,#1462,#1463,
    #1464,#1465,#1466,#1467,#1468,#1469,#1470,#1471,#1472,#1473,#1474,
    #1475,#1476,#1477,#1478,#1479,#1480,#1481,#1482,#1483,#1484,#1485,
    #1486,#1487,#1488,#1489,#1490,#1491,#1492,#1493,#1494,#1495,#1496,
    #1497,#1498,#1499,#1500,#1501,#1502,#1503,#1504,#1505,#1506,#1507,
    #1508,#1509,#1510,#1511,#1512,#1513,#1514,#1515),.UNSPECIFIED.,.F.,
  .F.,(9,7,7,7,7,7,7,7,7,7,7,7,7,7,7,7,7,7,7,7,7,7,9),(0.,0.192520487226
    ,0.221682525564,0.278045429494,0.328411865078,0.353494458183,
    0.365052780944,0.378537431331,0.448225174808,0.483948056671,
    0.520580059358,0.56828134874,0.598421390252,0.611412589456,
    0.653400812866,0.703495165686,0.727434310087,0.801269336984,
    0.8570011199,0.870477054675,0.912933339491,0.949701184948,1.),
  .UNSPECIFIED.);
#1360 = CARTESIAN_POINT('',(6.82416028676,0.12581574779));
#1361 = CARTESIAN_POINT('',(6.77093052134,0.632887728682));
#1362 = CARTESIAN_POINT('',(6.717707983849,1.139858746677));
#1363 = CARTESIAN_POINT('',(6.664466771159,1.646843035423));
#1364 = CARTESIAN_POINT('',(6.611212010279,2.153960650679));
#1365 = CARTESIAN_POINT('',(6.557935586527,2.661327982927));
#1366 = CARTESIAN_POINT('',(6.504624533428,3.169059568879));
#1367 = CARTESIAN_POINT('',(6.451277643777,3.677271207287));
#1368 = CARTESIAN_POINT('',(6.389798341744,4.26314533925));
#1369 = CARTESIAN_POINT('',(6.381709359478,4.340229922303));
#1370 = CARTESIAN_POINT('',(6.373628777591,4.417327090779));
#1371 = CARTESIAN_POINT('',(6.365566459187,4.494435796837));
#1372 = CARTESIAN_POINT('',(6.357532267389,4.57155498768));
#1373 = CARTESIAN_POINT('',(6.349536065342,4.648683605548));
#1374 = CARTESIAN_POINT('',(6.341587716212,4.72582058772));
#1375 = CARTESIAN_POINT('',(6.318446469153,4.952065403465));
#1376 = CARTESIAN_POINT('',(6.303411612199,5.10119297916));
#1377 = CARTESIAN_POINT('',(6.288663468845,5.250340107902));
#1378 = CARTESIAN_POINT('',(6.274273413554,5.399498845404));
#1379 = CARTESIAN_POINT('',(6.260313238736,5.548660788789));
#1380 = CARTESIAN_POINT('',(6.246855154745,5.697817076588));
#1381 = CARTESIAN_POINT('',(6.23397178988,5.846958388743));
#1382 = CARTESIAN_POINT('',(6.210802340442,6.12932694362));
#1383 = CARTESIAN_POINT('',(6.200385926555,6.262558893085));
#1384 = CARTESIAN_POINT('',(6.190539158455,6.39576379709));
#1385 = CARTESIAN_POINT('',(6.18131479735,6.528934021272));
#1386 = CARTESIAN_POINT('',(6.172766155926,6.662061294812));
#1387 = CARTESIAN_POINT('',(6.164947098342,6.795136710439));
#1388 = CARTESIAN_POINT('',(6.157912040237,6.928150724431));
#1389 = CARTESIAN_POINT('',(6.148630281843,7.127298773384));
#1390 = CARTESIAN_POINT('',(6.145752696035,7.193486601917));
#1391 = CARTESIAN_POINT('',(6.14308999017,7.259655367875));
#1392 = CARTESIAN_POINT('',(6.140649002756,7.325803741075));
#1393 = CARTESIAN_POINT('',(6.138436611949,7.39193033549));
#1394 = CARTESIAN_POINT('',(6.136459735546,7.458033709243));
#1395 = CARTESIAN_POINT('',(6.13472533099,7.524112364608));
#1396 = CARTESIAN_POINT('',(6.132556121409,7.620602381133));
#1397 = CARTESIAN_POINT('',(6.131924888144,7.651027794265));
#1398 = CARTESIAN_POINT('',(6.131347010148,7.681440590527));
#1399 = CARTESIAN_POINT('',(6.130823500275,7.711840742966));
#1400 = CARTESIAN_POINT('',(6.130356069659,7.742228594558));
#1401 = CARTESIAN_POINT('',(6.129947127717,7.77260485821));
#1402 = CARTESIAN_POINT('',(6.129599782142,7.802970616757));
#1403 = CARTESIAN_POINT('',(6.128988906589,7.86874332394));
#1404 = CARTESIAN_POINT('',(6.128748132308,7.904146374697));
#1405 = CARTESIAN_POINT('',(6.128599849641,7.939537800136));
#1406 = CARTESIAN_POINT('',(6.128548392167,7.974918925156));
#1407 = CARTESIAN_POINT('',(6.128598093463,8.010291074654));
#1408 = CARTESIAN_POINT('',(6.128753287105,8.045655573531));
#1409 = CARTESIAN_POINT('',(6.129018306671,8.081013746683));
#1410 = CARTESIAN_POINT('',(6.131357057007,8.299069676101));
#1411 = CARTESIAN_POINT('',(6.13636612555,8.481686358026));
#1412 = CARTESIAN_POINT('',(6.145024017955,8.664283003631));
#1413 = CARTESIAN_POINT('',(6.157921018625,8.846897955423));
#1414 = CARTESIAN_POINT('',(6.175624540275,9.029541157802));
#1415 = CARTESIAN_POINT('',(6.198663029411,9.212192995349));
#1416 = CARTESIAN_POINT('',(6.227507606805,9.394802671186));
#1417 = CARTESIAN_POINT('',(6.280515388345,9.670829617447));
#1418 = CARTESIAN_POINT('',(6.300108246096,9.764339483511));
#1419 = CARTESIAN_POINT('',(6.321382869525,9.857803497203));
#1420 = CARTESIAN_POINT('',(6.34438674489,9.951207777085));
#1421 = CARTESIAN_POINT('',(6.369161514934,10.04453676734));
#1422 = CARTESIAN_POINT('',(6.395742502436,10.137773218442));
#1423 = CARTESIAN_POINT('',(6.424158233758,10.230898167816));
#1424 = CARTESIAN_POINT('',(6.485472084055,10.419250269711));
#1425 = CARTESIAN_POINT('',(6.518465308928,10.514474872713));
#1426 = CARTESIAN_POINT('',(6.553418748639,10.609377364246));
#1427 = CARTESIAN_POINT('',(6.590355296267,10.703769726772));
#1428 = CARTESIAN_POINT('',(6.629310205495,10.797460335394));
#1429 = CARTESIAN_POINT('',(6.670330848107,10.890250137679));
#1430 = CARTESIAN_POINT('',(6.713477649844,10.981927968394));
#1431 = CARTESIAN_POINT('',(6.81787797288,11.189899649992));
#1432 = CARTESIAN_POINT('',(6.880639084551,11.305213007023));
#1433 = CARTESIAN_POINT('',(6.947292054476,11.417744733319));
#1434 = CARTESIAN_POINT('',(7.01803707133,11.526918096493));
#1435 = CARTESIAN_POINT('',(7.093085509531,11.632029312524));
#1436 = CARTESIAN_POINT('',(7.172654189537,11.732240718977));
#1437 = CARTESIAN_POINT('',(7.256960386532,11.826577777632));
#1438 = CARTESIAN_POINT('',(7.402614715894,11.969123315831));
#1439 = CARTESIAN_POINT('',(7.460972782715,12.02151288499));
#1440 = CARTESIAN_POINT('',(7.521332790878,12.070810122681));
#1441 = CARTESIAN_POINT('',(7.583717279664,12.11669455206));
#1442 = CARTESIAN_POINT('',(7.648125927376,12.158820544811));
#1443 = CARTESIAN_POINT('',(7.714529202734,12.196830100698));
#1444 = CARTESIAN_POINT('',(7.782860064989,12.2303715726));
#1445 = CARTESIAN_POINT('',(7.883237582895,12.27151758107));
#1446 = CARTESIAN_POINT('',(7.913787534411,12.283003759224));
#1447 = CARTESIAN_POINT('',(7.944646309738,12.293604585135));
#1448 = CARTESIAN_POINT('',(7.975806523492,12.303342080294));
#1449 = CARTESIAN_POINT('',(8.00726066247,12.312238574017));
#1450 = CARTESIAN_POINT('',(8.039001085655,12.320316703455));
#1451 = CARTESIAN_POINT('',(8.071020024213,12.327599413587));
#1452 = CARTESIAN_POINT('',(8.207671089892,12.355152368812));
#1453 = CARTESIAN_POINT('',(8.314279594254,12.368006412537));
#1454 = CARTESIAN_POINT('',(8.422593415193,12.373551572519));
#1455 = CARTESIAN_POINT('',(8.532146355628,12.372741451811));
#1456 = CARTESIAN_POINT('',(8.642564518255,12.366513544812));
#1457 = CARTESIAN_POINT('',(8.753576845949,12.355733902618));
#1458 = CARTESIAN_POINT('',(8.865019385091,12.3411766913));
#1459 = CARTESIAN_POINT('',(9.110233635936,12.302495442521));
#1460 = CARTESIAN_POINT('',(9.244065642604,12.277082166237));
#1461 = CARTESIAN_POINT('',(9.37819368198,12.248492589657));
#1462 = CARTESIAN_POINT('',(9.512511817942,12.217787438301));
#1463 = CARTESIAN_POINT('',(9.646941358423,12.185938688356));
#1464 = CARTESIAN_POINT('',(9.781428689899,12.153873315424));
#1465 = CARTESIAN_POINT('',(9.915943376021,12.122516491499));
#1466 = CARTESIAN_POINT('',(10.114767367351,12.078649638464));
#1467 = CARTESIAN_POINT('',(10.179055435332,12.064837882496));
#1468 = CARTESIAN_POINT('',(10.243329073072,12.051604288281));
#1469 = CARTESIAN_POINT('',(10.307593537921,12.038670050125));
#1470 = CARTESIAN_POINT('',(10.371789525983,12.027028528899));
#1471 = CARTESIAN_POINT('',(10.435974632385,12.015716282714));
#1472 = CARTESIAN_POINT('',(10.500110369098,12.005199132324));
#1473 = CARTESIAN_POINT('',(10.761873437166,11.96485238598));
#1474 = CARTESIAN_POINT('',(10.959126815979,11.940628643289));
#1475 = CARTESIAN_POINT('',(11.155889122211,11.9221307297));
#1476 = CARTESIAN_POINT('',(11.35213282035,11.908746601287));
#1477 = CARTESIAN_POINT('',(11.547871499637,11.899794193124));
#1478 = CARTESIAN_POINT('',(11.743157190245,11.89454227423));
#1479 = CARTESIAN_POINT('',(11.938078099624,11.892228763723));
#1480 = CARTESIAN_POINT('',(12.279703141204,11.891961583437));
#1481 = CARTESIAN_POINT('',(12.426504280063,11.893077998363));
#1482 = CARTESIAN_POINT('',(12.573213575309,11.895091056738));
#1483 = CARTESIAN_POINT('',(12.719886141996,11.897661064799));
#1484 = CARTESIAN_POINT('',(12.866578396332,11.900445839324));
#1485 = CARTESIAN_POINT('',(13.013347631476,11.903103215713));
#1486 = CARTESIAN_POINT('',(13.160251593339,11.905293556068));
#1487 = CARTESIAN_POINT('',(13.342915953877,11.907018044965));
#1488 = CARTESIAN_POINT('',(13.3785060095,11.907305045605));
#1489 = CARTESIAN_POINT('',(13.414117803681,11.907544098535));
#1490 = CARTESIAN_POINT('',(13.449750878493,11.907736222553));
#1491 = CARTESIAN_POINT('',(13.485404737657,11.907882615906));
#1492 = CARTESIAN_POINT('',(13.521078846539,11.907984656296));
#1493 = CARTESIAN_POINT('',(13.556772632155,11.908043900877));
#1494 = CARTESIAN_POINT('',(13.704999753924,11.908119379764));
#1495 = CARTESIAN_POINT('',(13.817609637654,11.907766764229));
#1496 = CARTESIAN_POINT('',(13.930305584006,11.907048957521));
#1497 = CARTESIAN_POINT('',(14.043078361885,11.906010334602));
#1498 = CARTESIAN_POINT('',(14.155919059451,11.904694927528));
#1499 = CARTESIAN_POINT('',(14.268819084117,11.903146425444));
#1500 = CARTESIAN_POINT('',(14.381770162552,11.901408174585));
#1501 = CARTESIAN_POINT('',(14.592619169405,11.897890740275));
#1502 = CARTESIAN_POINT('',(14.690506198285,11.896148327946));
#1503 = CARTESIAN_POINT('',(14.788420231056,11.894323889886));
#1504 = CARTESIAN_POINT('',(14.886356104264,11.892445324098));
#1505 = CARTESIAN_POINT('',(14.984308687263,11.89054047799));
#1506 = CARTESIAN_POINT('',(15.082272882217,11.888637148376));
#1507 = CARTESIAN_POINT('',(15.1802436241,11.886763081477));
#1508 = CARTESIAN_POINT('',(15.412243000138,11.882460148522));
#1509 = CARTESIAN_POINT('',(15.546272666954,11.880080990674));
#1510 = CARTESIAN_POINT('',(15.680292104843,11.877879571007));
#1511 = CARTESIAN_POINT('',(15.81428815797,11.875927039413));
#1512 = CARTESIAN_POINT('',(15.94824726307,11.874294772171));
#1513 = CARTESIAN_POINT('',(16.082155421551,11.873054520065));
#1514 = CARTESIAN_POINT('',(16.215998171594,11.872278556508));
#1515 = CARTESIAN_POINT('',(16.349760560258,11.872039825668));
#1516 = ( GEOMETRIC_REPRESENTATION_CONTEXT(2) 
PARAMETRIC_REPRESENTATION_CONTEXT() REPRESENTATION_CONTEXT('2D SPACE',''
  ) );
#1517 = PCURVE('',#359,#1518);
#1518 = DEFINITIONAL_REPRESENTATION('',(#1519),#1676);
#1519 = B_SPLINE_CURVE_WITH_KNOTS('',8,(#1520,#1521,#1522,#1523,#1524,
    #1525,#1526,#1527,#1528,#1529,#1530,#1531,#1532,#1533,#1534,#1535,
    #1536,#1537,#1538,#1539,#1540,#1541,#1542,#1543,#1544,#1545,#1546,
    #1547,#1548,#1549,#1550,#1551,#1552,#1553,#1554,#1555,#1556,#1557,
    #1558,#1559,#1560,#1561,#1562,#1563,#1564,#1565,#1566,#1567,#1568,
    #1569,#1570,#1571,#1572,#1573,#1574,#1575,#1576,#1577,#1578,#1579,
    #1580,#1581,#1582,#1583,#1584,#1585,#1586,#1587,#1588,#1589,#1590,
    #1591,#1592,#1593,#1594,#1595,#1596,#1597,#1598,#1599,#1600,#1601,
    #1602,#1603,#1604,#1605,#1606,#1607,#1608,#1609,#1610,#1611,#1612,
    #1613,#1614,#1615,#1616,#1617,#1618,#1619,#1620,#1621,#1622,#1623,
    #1624,#1625,#1626,#1627,#1628,#1629,#1630,#1631,#1632,#1633,#1634,
    #1635,#1636,#1637,#1638,#1639,#1640,#1641,#1642,#1643,#1644,#1645,
    #1646,#1647,#1648,#1649,#1650,#1651,#1652,#1653,#1654,#1655,#1656,
    #1657,#1658,#1659,#1660,#1661,#1662,#1663,#1664,#1665,#1666,#1667,
    #1668,#1669,#1670,#1671,#1672,#1673,#1674,#1675),.UNSPECIFIED.,.F.,
  .F.,(9,7,7,7,7,7,7,7,7,7,7,7,7,7,7,7,7,7,7,7,7,7,9),(0.,0.192520487226
    ,0.221682525564,0.278045429494,0.328411865078,0.353494458183,
    0.365052780944,0.378537431331,0.448225174808,0.483948056671,
    0.520580059358,0.56828134874,0.598421390252,0.611412589456,
    0.653400812866,0.703495165686,0.727434310087,0.801269336984,
    0.8570011199,0.870477054675,0.912933339491,0.949701184948,1.),
  .UNSPECIFIED.);
#1520 = CARTESIAN_POINT('',(21.148670125641,0.25));
#1521 = CARTESIAN_POINT('',(20.63771396216,0.25));
#1522 = CARTESIAN_POINT('',(20.126657347908,0.25));
#1523 = CARTESIAN_POINT('',(19.615615672123,0.25));
#1524 = CARTESIAN_POINT('',(19.104707329788,0.25));
#1525 = CARTESIAN_POINT('',(18.594048952369,0.25));
#1526 = CARTESIAN_POINT('',(18.083756316579,0.25));
#1527 = CARTESIAN_POINT('',(17.573945690756,0.25));
#1528 = CARTESIAN_POINT('',(16.987596995528,0.25));
#1529 = CARTESIAN_POINT('',(16.910477396855,0.25));
#1530 = CARTESIAN_POINT('',(16.833369493021,0.25));
#1531 = CARTESIAN_POINT('',(16.756271203588,0.25));
#1532 = CARTESIAN_POINT('',(16.679180457083,0.25));
#1533 = CARTESIAN_POINT('',(16.602095190998,0.25));
#1534 = CARTESIAN_POINT('',(16.525013351791,0.25));
#1535 = CARTESIAN_POINT('',(16.298955709632,0.25));
#1536 = CARTESIAN_POINT('',(16.149983861591,0.25));
#1537 = CARTESIAN_POINT('',(16.001002447797,0.25));
#1538 = CARTESIAN_POINT('',(15.851996957731,0.25));
#1539 = CARTESIAN_POINT('',(15.702953273323,0.25));
#1540 = CARTESIAN_POINT('',(15.553857668945,0.25));
#1541 = CARTESIAN_POINT('',(15.404696811417,0.25));
#1542 = CARTESIAN_POINT('',(15.12209630157,0.25));
#1543 = CARTESIAN_POINT('',(14.988672631578,0.25));
#1544 = CARTESIAN_POINT('',(14.855177510803,0.25));
#1545 = CARTESIAN_POINT('',(14.721602205015,0.25));
#1546 = CARTESIAN_POINT('',(14.587938484975,0.25));
#1547 = CARTESIAN_POINT('',(14.454178626435,0.25));
#1548 = CARTESIAN_POINT('',(14.320315410143,0.25));
#1549 = CARTESIAN_POINT('',(14.119623136494,0.25));
#1550 = CARTESIAN_POINT('',(14.052876884304,0.25));
#1551 = CARTESIAN_POINT('',(13.986102549786,0.25));
#1552 = CARTESIAN_POINT('',(13.91929936321,0.25));
#1553 = CARTESIAN_POINT('',(13.852466600587,0.25));
#1554 = CARTESIAN_POINT('',(13.785603583675,0.25));
#1555 = CARTESIAN_POINT('',(13.718709679981,0.25));
#1556 = CARTESIAN_POINT('',(13.620944384897,0.25));
#1557 = CARTESIAN_POINT('',(13.590104471401,0.25));
#1558 = CARTESIAN_POINT('',(13.559264596063,0.25));
#1559 = CARTESIAN_POINT('',(13.528424768892,0.25));
#1560 = CARTESIAN_POINT('',(13.497584976105,0.25));
#1561 = CARTESIAN_POINT('',(13.466745180127,0.25));
#1562 = CARTESIAN_POINT('',(13.435905319588,0.25));
#1563 = CARTESIAN_POINT('',(13.369085456122,0.25));
#1564 = CARTESIAN_POINT('',(13.333105602914,0.25));
#1565 = CARTESIAN_POINT('',(13.297125749707,0.25));
#1566 = CARTESIAN_POINT('',(13.261145896499,0.25));
#1567 = CARTESIAN_POINT('',(13.225166043291,0.25));
#1568 = CARTESIAN_POINT('',(13.189186190084,0.25));
#1569 = CARTESIAN_POINT('',(13.153206336876,0.25));
#1570 = CARTESIAN_POINT('',(12.931285082992,0.25));
#1571 = CARTESIAN_POINT('',(12.745295374961,0.25));
#1572 = CARTESIAN_POINT('',(12.559376048993,0.25));
#1573 = CARTESIAN_POINT('',(12.37367509603,0.25));
#1574 = CARTESIAN_POINT('',(12.188367801681,0.25));
#1575 = CARTESIAN_POINT('',(12.003654186533,0.25));
#1576 = CARTESIAN_POINT('',(11.819755893632,0.25));
#1577 = CARTESIAN_POINT('',(11.543184533124,0.25));
#1578 = CARTESIAN_POINT('',(11.449734209494,0.25));
#1579 = CARTESIAN_POINT('',(11.356594750225,0.25));
#1580 = CARTESIAN_POINT('',(11.263799938054,0.25));
#1581 = CARTESIAN_POINT('',(11.171384002286,0.25));
#1582 = CARTESIAN_POINT('',(11.079381480595,0.25));
#1583 = CARTESIAN_POINT('',(10.987827080838,0.25));
#1584 = CARTESIAN_POINT('',(10.803366301852,0.25));
#1585 = CARTESIAN_POINT('',(10.71049760114,0.25));
#1586 = CARTESIAN_POINT('',(10.617998720677,0.25));
#1587 = CARTESIAN_POINT('',(10.525733680088,0.25));
#1588 = CARTESIAN_POINT('',(10.433577707909,0.25));
#1589 = CARTESIAN_POINT('',(10.341413285386,0.25));
#1590 = CARTESIAN_POINT('',(10.249125764842,0.25));
#1591 = CARTESIAN_POINT('',(10.036111924494,0.25));
#1592 = CARTESIAN_POINT('',(9.915268059362,0.25));
#1593 = CARTESIAN_POINT('',(9.793769416808,0.25));
#1594 = CARTESIAN_POINT('',(9.671380118178,0.25));
#1595 = CARTESIAN_POINT('',(9.547912771697,0.25));
#1596 = CARTESIAN_POINT('',(9.423218989049,0.25));
#1597 = CARTESIAN_POINT('',(9.297183603408,0.25));
#1598 = CARTESIAN_POINT('',(9.089186395467,0.25));
#1599 = CARTESIAN_POINT('',(9.008103348293,0.25));
#1600 = CARTESIAN_POINT('',(8.926468383257,0.25));
#1601 = CARTESIAN_POINT('',(8.844303803301,0.25));
#1602 = CARTESIAN_POINT('',(8.761659469829,0.25));
#1603 = CARTESIAN_POINT('',(8.678614469624,0.25));
#1604 = CARTESIAN_POINT('',(8.595280257273,0.25));
#1605 = CARTESIAN_POINT('',(8.47582522485,0.25));
#1606 = CARTESIAN_POINT('',(8.439845453328,0.25));
#1607 = CARTESIAN_POINT('',(8.403865749502,0.25));
#1608 = CARTESIAN_POINT('',(8.367885983162,0.25));
#1609 = CARTESIAN_POINT('',(8.331906102929,0.25));
#1610 = CARTESIAN_POINT('',(8.295926136246,0.25));
#1611 = CARTESIAN_POINT('',(8.259946189384,0.25));
#1612 = CARTESIAN_POINT('',(8.107678072579,0.25));
#1613 = CARTESIAN_POINT('',(7.992039133218,0.25));
#1614 = CARTESIAN_POINT('',(7.877303938292,0.25));
#1615 = CARTESIAN_POINT('',(7.763620600786,0.25));
#1616 = CARTESIAN_POINT('',(7.651046064818,0.25));
#1617 = CARTESIAN_POINT('',(7.539555325414,0.25));
#1618 = CARTESIAN_POINT('',(7.42904484094,0.25));
#1619 = CARTESIAN_POINT('',(7.188434220724,0.25));
#1620 = CARTESIAN_POINT('',(7.058766173097,0.25));
#1621 = CARTESIAN_POINT('',(6.930045618077,0.25));
#1622 = CARTESIAN_POINT('',(6.80200967645,0.25));
#1623 = CARTESIAN_POINT('',(6.674399807416,0.25));
#1624 = CARTESIAN_POINT('',(6.5469488054,0.25));
#1625 = CARTESIAN_POINT('',(6.419367953319,0.25));
#1626 = CARTESIAN_POINT('',(6.230149484713,0.25));
#1627 = CARTESIAN_POINT('',(6.16887168917,0.25));
#1628 = CARTESIAN_POINT('',(6.107442575176,0.25));
#1629 = CARTESIAN_POINT('',(6.045951704409,0.25));
#1630 = CARTESIAN_POINT('',(5.984120704767,0.25));
#1631 = CARTESIAN_POINT('',(5.922219504648,0.25));
#1632 = CARTESIAN_POINT('',(5.8601283198,0.25));
#1633 = CARTESIAN_POINT('',(5.605955504813,0.25));
#1634 = CARTESIAN_POINT('',(5.412605008416,0.25));
#1635 = CARTESIAN_POINT('',(5.218091339525,0.25));
#1636 = CARTESIAN_POINT('',(5.022644827761,0.25));
#1637 = CARTESIAN_POINT('',(4.826475332772,0.25));
#1638 = CARTESIAN_POINT('',(4.629768387475,0.25));
#1639 = CARTESIAN_POINT('',(4.432681800873,0.25));
#1640 = CARTESIAN_POINT('',(4.086388230213,0.25));
#1641 = CARTESIAN_POINT('',(3.937297208348,0.25));
#1642 = CARTESIAN_POINT('',(3.788123772198,0.25));
#1643 = CARTESIAN_POINT('',(3.638921664972,0.25));
#1644 = CARTESIAN_POINT('',(3.489743885932,0.25));
#1645 = CARTESIAN_POINT('',(3.340642320594,0.25));
#1646 = CARTESIAN_POINT('',(3.191667370927,0.25));
#1647 = CARTESIAN_POINT('',(3.00688782504,0.25));
#1648 = CARTESIAN_POINT('',(2.970907955067,0.25));
#1649 = CARTESIAN_POINT('',(2.934928044112,0.25));
#1650 = CARTESIAN_POINT('',(2.898948139061,0.25));
#1651 = CARTESIAN_POINT('',(2.862968265208,0.25));
#1652 = CARTESIAN_POINT('',(2.826988426254,0.25));
#1653 = CARTESIAN_POINT('',(2.79100860431,0.25));
#1654 = CARTESIAN_POINT('',(2.641673319424,0.25));
#1655 = CARTESIAN_POINT('',(2.52841275662,0.25));
#1656 = CARTESIAN_POINT('',(2.415239266342,0.25));
#1657 = CARTESIAN_POINT('',(2.302144868132,0.25));
#1658 = CARTESIAN_POINT('',(2.189121406214,0.25));
#1659 = CARTESIAN_POINT('',(2.076160549493,0.25));
#1660 = CARTESIAN_POINT('',(1.963253791557,0.25));
#1661 = CARTESIAN_POINT('',(1.752652661202,0.25));
#1662 = CARTESIAN_POINT('',(1.654947026826,0.25));
#1663 = CARTESIAN_POINT('',(1.557269932506,0.25));
#1664 = CARTESIAN_POINT('',(1.459615757529,0.25));
#1665 = CARTESIAN_POINT('',(1.361978875506,0.25));
#1666 = CARTESIAN_POINT('',(1.264353654376,0.25));
#1667 = CARTESIAN_POINT('',(1.166734456401,0.25));
#1668 = CARTESIAN_POINT('',(0.935572026274,0.25));
#1669 = CARTESIAN_POINT('',(0.802029385729,0.25));
#1670 = CARTESIAN_POINT('',(0.668473096741,0.25));
#1671 = CARTESIAN_POINT('',(0.534888917385,0.25));
#1672 = CARTESIAN_POINT('',(0.401262953546,0.25));
#1673 = CARTESIAN_POINT('',(0.267581628865,0.25));
#1674 = CARTESIAN_POINT('',(0.133831654686,0.25));
#1675 = CARTESIAN_POINT('',(0.,0.25));
#1676 = ( GEOMETRIC_REPRESENTATION_CONTEXT(2) 
PARAMETRIC_REPRESENTATION_CONTEXT() REPRESENTATION_CONTEXT('2D SPACE',''
  ) );
#1677 = ORIENTED_EDGE('',*,*,#1678,.F.);
#1678 = EDGE_CURVE('',#1679,#1197,#1681,.T.);
#1679 = VERTEX_POINT('',#1680);
#1680 = CARTESIAN_POINT('',(-10.5,12.927361191462,4.884981308351E-15));
#1681 = SURFACE_CURVE('',#1682,(#1686,#1693),.PCURVE_S1.);
#1682 = LINE('',#1683,#1684);
#1683 = CARTESIAN_POINT('',(-10.5,-2.05,-3.552713678801E-15));
#1684 = VECTOR('',#1685,1.);
#1685 = DIRECTION('',(-0.,1.,-0.));
#1686 = PCURVE('',#180,#1687);
#1687 = DEFINITIONAL_REPRESENTATION('',(#1688),#1692);
#1688 = LINE('',#1689,#1690);
#1689 = CARTESIAN_POINT('',(17.931634725379,-3.195148834654));
#1690 = VECTOR('',#1691,1.);
#1691 = DIRECTION('',(-0.104414136312,0.994533904972));
#1692 = ( GEOMETRIC_REPRESENTATION_CONTEXT(2) 
PARAMETRIC_REPRESENTATION_CONTEXT() REPRESENTATION_CONTEXT('2D SPACE',''
  ) );
#1693 = PCURVE('',#951,#1694);
#1694 = DEFINITIONAL_REPRESENTATION('',(#1695),#1699);
#1695 = LINE('',#1696,#1697);
#1696 = CARTESIAN_POINT('',(5.05,-62.74150538922));
#1697 = VECTOR('',#1698,1.);
#1698 = DIRECTION('',(1.,0.));
#1699 = ( GEOMETRIC_REPRESENTATION_CONTEXT(2) 
PARAMETRIC_REPRESENTATION_CONTEXT() REPRESENTATION_CONTEXT('2D SPACE',''
  ) );
#1700 = ORIENTED_EDGE('',*,*,#1701,.T.);
#1701 = EDGE_CURVE('',#1679,#1135,#1702,.T.);
#1702 = SURFACE_CURVE('',#1703,(#1726,#1752),.PCURVE_S1.);
#1703 = B_SPLINE_CURVE_WITH_KNOTS('',6,(#1704,#1705,#1706,#1707,#1708,
    #1709,#1710,#1711,#1712,#1713,#1714,#1715,#1716,#1717,#1718,#1719,
    #1720,#1721,#1722,#1723,#1724,#1725),.UNSPECIFIED.,.F.,.F.,(7,5,5,5,
    7),(0.,0.250000000059,0.499999999963,0.750000000934,1.),
  .UNSPECIFIED.);
#1704 = CARTESIAN_POINT('',(-10.50000595782,12.927354889969,0.));
#1705 = CARTESIAN_POINT('',(-9.513879038815,13.970365714846,0.));
#1706 = CARTESIAN_POINT('',(-8.403122602151,14.896145758881,0.));
#1707 = CARTESIAN_POINT('',(-7.185799695814,15.685324910509,0.));
#1708 = CARTESIAN_POINT('',(-5.883042585339,16.323684293436,0.));
#1709 = CARTESIAN_POINT('',(-4.517911812149,16.800409080713,0.));
#1710 = CARTESIAN_POINT('',(-1.714704524431,17.419521689644,0.));
#1711 = CARTESIAN_POINT('',(-0.275774189308,17.562098085213,0.));
#1712 = CARTESIAN_POINT('',(1.174660610904,17.531804994698,0.));
#1713 = CARTESIAN_POINT('',(2.611129508933,17.328738780705,0.));
#1714 = CARTESIAN_POINT('',(4.008477349194,16.956895328842,0.));
#1715 = CARTESIAN_POINT('',(6.675848925846,15.895575196114,0.));
#1716 = CARTESIAN_POINT('',(7.946685108426,15.205775249525,0.));
#1717 = CARTESIAN_POINT('',(9.129996007807,14.366457597348,0.));
#1718 = CARTESIAN_POINT('',(10.204757542062,13.392000594174,0.));
#1719 = CARTESIAN_POINT('',(11.15239563527,12.299832744874,0.));
#1720 = CARTESIAN_POINT('',(12.76399025696,9.924115109578,0.));
#1721 = CARTESIAN_POINT('',(13.42843766369,8.639841701482,0.));
#1722 = CARTESIAN_POINT('',(13.936516391469,7.280969076162,0.));
#1723 = CARTESIAN_POINT('',(14.27889952101,5.87119868907,0.));
#1724 = CARTESIAN_POINT('',(14.450000000001,4.435380741387,0.));
#1725 = CARTESIAN_POINT('',(14.45,3.,0.));
#1726 = PCURVE('',#180,#1727);
#1727 = DEFINITIONAL_REPRESENTATION('',(#1728),#1751);
#1728 = B_SPLINE_CURVE_WITH_KNOTS('',6,(#1729,#1730,#1731,#1732,#1733,
    #1734,#1735,#1736,#1737,#1738,#1739,#1740,#1741,#1742,#1743,#1744,
    #1745,#1746,#1747,#1748,#1749,#1750),.UNSPECIFIED.,.F.,.F.,(7,5,5,5,
    7),(0.,0.250000000059,0.499999999963,0.750000000934,1.),
  .UNSPECIFIED.);
#1729 = CARTESIAN_POINT('',(16.367781225051,11.700337788133));
#1730 = CARTESIAN_POINT('',(17.239612806169,12.840613007268));
#1731 = CARTESIAN_POINT('',(18.247633218884,13.877311323594));
#1732 = CARTESIAN_POINT('',(19.375900663022,14.789282466863));
#1733 = CARTESIAN_POINT('',(20.604883035708,15.560178775254));
#1734 = CARTESIAN_POINT('',(21.912775067444,16.176836690177));
#1735 = CARTESIAN_POINT('',(24.636015649402,17.085259638603));
#1736 = CARTESIAN_POINT('',(26.052193663373,17.3773013662));
#1737 = CARTESIAN_POINT('',(27.497863276016,17.498619757537));
#1738 = CARTESIAN_POINT('',(28.947683281892,17.446651182093));
#1739 = CARTESIAN_POINT('',(30.37621879894,17.222743129741));
#1740 = CARTESIAN_POINT('',(33.139827094087,16.445735573112));
#1741 = CARTESIAN_POINT('',(34.475741630979,15.892399400979));
#1742 = CARTESIAN_POINT('',(35.740221068279,15.181223924395));
#1743 = CARTESIAN_POINT('',(36.910854940214,14.324313693141));
#1744 = CARTESIAN_POINT('',(37.967350916244,13.337062550131));
#1745 = CARTESIAN_POINT('',(39.818194913595,11.142604073698));
#1746 = CARTESIAN_POINT('',(40.613106686352,9.934728328192));
#1747 = CARTESIAN_POINT('',(41.260293719054,8.636334031312));
#1748 = CARTESIAN_POINT('',(41.748005307239,7.270019221882));
#1749 = CARTESIAN_POINT('',(42.06809022566,5.859914900282));
#1750 = CARTESIAN_POINT('',(42.217964266049,4.432380086429));
#1751 = ( GEOMETRIC_REPRESENTATION_CONTEXT(2) 
PARAMETRIC_REPRESENTATION_CONTEXT() REPRESENTATION_CONTEXT('2D SPACE',''
  ) );
#1752 = PCURVE('',#1017,#1753);
#1753 = DEFINITIONAL_REPRESENTATION('',(#1754),#1777);
#1754 = B_SPLINE_CURVE_WITH_KNOTS('',6,(#1755,#1756,#1757,#1758,#1759,
    #1760,#1761,#1762,#1763,#1764,#1765,#1766,#1767,#1768,#1769,#1770,
    #1771,#1772,#1773,#1774,#1775,#1776),.UNSPECIFIED.,.F.,.F.,(7,5,5,5,
    7),(0.,0.250000000059,0.499999999963,0.750000000934,1.),
  .UNSPECIFIED.);
#1755 = CARTESIAN_POINT('',(2.384220682128,0.25));
#1756 = CARTESIAN_POINT('',(2.284886375031,0.25));
#1757 = CARTESIAN_POINT('',(2.185522441291,0.25));
#1758 = CARTESIAN_POINT('',(2.086193097632,0.25));
#1759 = CARTESIAN_POINT('',(1.986863753713,0.25));
#1760 = CARTESIAN_POINT('',(1.887499819376,0.25));
#1761 = CARTESIAN_POINT('',(1.688831203878,0.25));
#1762 = CARTESIAN_POINT('',(1.589467270002,0.25));
#1763 = CARTESIAN_POINT('',(1.490137926423,0.25));
#1764 = CARTESIAN_POINT('',(1.390808582782,0.25));
#1765 = CARTESIAN_POINT('',(1.291444648797,0.25));
#1766 = CARTESIAN_POINT('',(1.092776032908,0.25));
#1767 = CARTESIAN_POINT('',(0.993412098301,0.25));
#1768 = CARTESIAN_POINT('',(0.894082754497,0.25));
#1769 = CARTESIAN_POINT('',(0.794753411511,0.25));
#1770 = CARTESIAN_POINT('',(0.69538947813,0.25));
#1771 = CARTESIAN_POINT('',(0.496720863691,0.25));
#1772 = CARTESIAN_POINT('',(0.39735692862,0.25));
#1773 = CARTESIAN_POINT('',(0.298027584138,0.25));
#1774 = CARTESIAN_POINT('',(0.198698233179,0.25));
#1775 = CARTESIAN_POINT('',(9.933430736236E-02,0.25));
#1776 = CARTESIAN_POINT('',(0.,0.25));
#1777 = ( GEOMETRIC_REPRESENTATION_CONTEXT(2) 
PARAMETRIC_REPRESENTATION_CONTEXT() REPRESENTATION_CONTEXT('2D SPACE',''
  ) );
#1778 = ORIENTED_EDGE('',*,*,#1134,.F.);
#1779 = FACE_BOUND('',#1780,.F.);
#1780 = EDGE_LOOP('',(#1781,#1811,#1844,#1872));
#1781 = ORIENTED_EDGE('',*,*,#1782,.F.);
#1782 = EDGE_CURVE('',#1783,#1785,#1787,.T.);
#1783 = VERTEX_POINT('',#1784);
#1784 = CARTESIAN_POINT('',(17.014676845516,10.587197085533,0.));
#1785 = VERTEX_POINT('',#1786);
#1786 = CARTESIAN_POINT('',(21.765113225257,8.472166541539,0.));
#1787 = SURFACE_CURVE('',#1788,(#1792,#1799),.PCURVE_S1.);
#1788 = LINE('',#1789,#1790);
#1789 = CARTESIAN_POINT('',(2.015647884333,17.265195030825,0.));
#1790 = VECTOR('',#1791,1.);
#1791 = DIRECTION('',(0.913545457643,-0.406736643076,0.));
#1792 = PCURVE('',#180,#1793);
#1793 = DEFINITIONAL_REPRESENTATION('',(#1794),#1798);
#1794 = LINE('',#1795,#1796);
#1795 = CARTESIAN_POINT('',(28.362091482202,17.321278068866));
#1796 = VECTOR('',#1797,1.);
#1797 = DIRECTION('',(0.951020986652,-0.309126321992));
#1798 = ( GEOMETRIC_REPRESENTATION_CONTEXT(2) 
PARAMETRIC_REPRESENTATION_CONTEXT() REPRESENTATION_CONTEXT('2D SPACE',''
  ) );
#1799 = PCURVE('',#1800,#1805);
#1800 = PLANE('',#1801);
#1801 = AXIS2_PLACEMENT_3D('',#1802,#1803,#1804);
#1802 = CARTESIAN_POINT('',(21.765113225257,8.472166541539,-1.));
#1803 = DIRECTION('',(-0.406736643076,-0.913545457643,0.));
#1804 = DIRECTION('',(-0.913545457643,0.406736643076,0.));
#1805 = DEFINITIONAL_REPRESENTATION('',(#1806),#1810);
#1806 = LINE('',#1807,#1808);
#1807 = CARTESIAN_POINT('',(21.618481243273,-1.));
#1808 = VECTOR('',#1809,1.);
#1809 = DIRECTION('',(-1.,-0.));
#1810 = ( GEOMETRIC_REPRESENTATION_CONTEXT(2) 
PARAMETRIC_REPRESENTATION_CONTEXT() REPRESENTATION_CONTEXT('2D SPACE',''
  ) );
#1811 = ORIENTED_EDGE('',*,*,#1812,.T.);
#1812 = EDGE_CURVE('',#1783,#1813,#1815,.T.);
#1813 = VERTEX_POINT('',#1814);
#1814 = CARTESIAN_POINT('',(18.234886774743,13.327833458461,0.));
#1815 = SURFACE_CURVE('',#1816,(#1821,#1832),.PCURVE_S1.);
#1816 = CIRCLE('',#1817,1.5);
#1817 = AXIS2_PLACEMENT_3D('',#1818,#1819,#1820);
#1818 = CARTESIAN_POINT('',(17.624781810129,11.957515271997,0.));
#1819 = DIRECTION('',(-0.,0.,-1.));
#1820 = DIRECTION('',(-0.406736643076,-0.913545457643,0.));
#1821 = PCURVE('',#180,#1822);
#1822 = DEFINITIONAL_REPRESENTATION('',(#1823),#1831);
#1823 = ( BOUNDED_CURVE() B_SPLINE_CURVE(2,(#1824,#1825,#1826,#1827,
#1828,#1829,#1830),.UNSPECIFIED.,.T.,.F.) B_SPLINE_CURVE_WITH_KNOTS((1,2
    ,2,2,2,1),(-2.094395102393,0.,2.094395102393,4.188790204786,
6.28318530718,8.377580409573),.UNSPECIFIED.) CURVE() 
GEOMETRIC_REPRESENTATION_ITEM() RATIONAL_B_SPLINE_CURVE((1.,0.5,1.,0.5,
1.,0.5,1.)) REPRESENTATION_ITEM('') );
#1824 = CARTESIAN_POINT('',(43.976411713499,12.245893349437));
#1825 = CARTESIAN_POINT('',(41.505586711582,13.049027092908));
#1826 = CARTESIAN_POINT('',(43.436533437022,14.787257441138));
#1827 = CARTESIAN_POINT('',(45.367480162463,16.525487789369));
#1828 = CARTESIAN_POINT('',(45.907358438939,13.984123697667));
#1829 = CARTESIAN_POINT('',(46.447236715416,11.442759605966));
#1830 = CARTESIAN_POINT('',(43.976411713499,12.245893349437));
#1831 = ( GEOMETRIC_REPRESENTATION_CONTEXT(2) 
PARAMETRIC_REPRESENTATION_CONTEXT() REPRESENTATION_CONTEXT('2D SPACE',''
  ) );
#1832 = PCURVE('',#1833,#1838);
#1833 = CYLINDRICAL_SURFACE('',#1834,1.5);
#1834 = AXIS2_PLACEMENT_3D('',#1835,#1836,#1837);
#1835 = CARTESIAN_POINT('',(17.624781810129,11.957515271997,-1.));
#1836 = DIRECTION('',(-0.,0.,-1.));
#1837 = DIRECTION('',(-0.406736643076,-0.913545457643,0.));
#1838 = DEFINITIONAL_REPRESENTATION('',(#1839),#1843);
#1839 = LINE('',#1840,#1841);
#1840 = CARTESIAN_POINT('',(0.,-1.));
#1841 = VECTOR('',#1842,1.);
#1842 = DIRECTION('',(1.,0.));
#1843 = ( GEOMETRIC_REPRESENTATION_CONTEXT(2) 
PARAMETRIC_REPRESENTATION_CONTEXT() REPRESENTATION_CONTEXT('2D SPACE',''
  ) );
#1844 = ORIENTED_EDGE('',*,*,#1845,.F.);
#1845 = EDGE_CURVE('',#1846,#1813,#1848,.T.);
#1846 = VERTEX_POINT('',#1847);
#1847 = CARTESIAN_POINT('',(22.985323154484,11.212802914467,0.));
#1848 = SURFACE_CURVE('',#1849,(#1853,#1860),.PCURVE_S1.);
#1849 = LINE('',#1850,#1851);
#1850 = CARTESIAN_POINT('',(0.86063962369,21.06334667575,0.));
#1851 = VECTOR('',#1852,1.);
#1852 = DIRECTION('',(-0.913545457643,0.406736643076,-0.));
#1853 = PCURVE('',#180,#1854);
#1854 = DEFINITIONAL_REPRESENTATION('',(#1855),#1859);
#1855 = LINE('',#1856,#1857);
#1856 = CARTESIAN_POINT('',(26.816815882884,20.978069466));
#1857 = VECTOR('',#1858,1.);
#1858 = DIRECTION('',(-0.951020986652,0.309126321992));
#1859 = ( GEOMETRIC_REPRESENTATION_CONTEXT(2) 
PARAMETRIC_REPRESENTATION_CONTEXT() REPRESENTATION_CONTEXT('2D SPACE',''
  ) );
#1860 = PCURVE('',#1861,#1866);
#1861 = PLANE('',#1862);
#1862 = AXIS2_PLACEMENT_3D('',#1863,#1864,#1865);
#1863 = CARTESIAN_POINT('',(18.234886774743,13.327833458461,-1.));
#1864 = DIRECTION('',(0.406736643076,0.913545457643,-0.));
#1865 = DIRECTION('',(0.913545457643,-0.406736643076,0.));
#1866 = DEFINITIONAL_REPRESENTATION('',(#1867),#1871);
#1867 = LINE('',#1868,#1869);
#1868 = CARTESIAN_POINT('',(-19.01848124327,-1.));
#1869 = VECTOR('',#1870,1.);
#1870 = DIRECTION('',(-1.,-0.));
#1871 = ( GEOMETRIC_REPRESENTATION_CONTEXT(2) 
PARAMETRIC_REPRESENTATION_CONTEXT() REPRESENTATION_CONTEXT('2D SPACE',''
  ) );
#1872 = ORIENTED_EDGE('',*,*,#1873,.T.);
#1873 = EDGE_CURVE('',#1846,#1785,#1874,.T.);
#1874 = SURFACE_CURVE('',#1875,(#1880,#1891),.PCURVE_S1.);
#1875 = CIRCLE('',#1876,1.5);
#1876 = AXIS2_PLACEMENT_3D('',#1877,#1878,#1879);
#1877 = CARTESIAN_POINT('',(22.375218189871,9.842484728003,0.));
#1878 = DIRECTION('',(0.,0.,-1.));
#1879 = DIRECTION('',(0.406736643076,0.913545457643,0.));
#1880 = PCURVE('',#180,#1881);
#1881 = DEFINITIONAL_REPRESENTATION('',(#1882),#1890);
#1882 = ( BOUNDED_CURVE() B_SPLINE_CURVE(2,(#1883,#1884,#1885,#1886,
#1887,#1888,#1889),.UNSPECIFIED.,.T.,.F.) B_SPLINE_CURVE_WITH_KNOTS((1,2
    ,2,2,2,1),(-2.094395102393,0.,2.094395102393,4.188790204786,
6.28318530718,8.377580409573),.UNSPECIFIED.) CURVE() 
GEOMETRIC_REPRESENTATION_ITEM() RATIONAL_B_SPLINE_CURVE((1.,0.5,1.,0.5,
1.,0.5,1.)) REPRESENTATION_ITEM('') );
#1883 = CARTESIAN_POINT('',(49.849099810063,13.491499435032));
#1884 = CARTESIAN_POINT('',(52.31992481198,12.688365691562));
#1885 = CARTESIAN_POINT('',(50.388978086539,10.950135343331));
#1886 = CARTESIAN_POINT('',(48.458031361098,9.211904995101));
#1887 = CARTESIAN_POINT('',(47.918153084622,11.753269086802));
#1888 = CARTESIAN_POINT('',(47.378274808146,14.294633178503));
#1889 = CARTESIAN_POINT('',(49.849099810063,13.491499435032));
#1890 = ( GEOMETRIC_REPRESENTATION_CONTEXT(2) 
PARAMETRIC_REPRESENTATION_CONTEXT() REPRESENTATION_CONTEXT('2D SPACE',''
  ) );
#1891 = PCURVE('',#1892,#1897);
#1892 = CYLINDRICAL_SURFACE('',#1893,1.5);
#1893 = AXIS2_PLACEMENT_3D('',#1894,#1895,#1896);
#1894 = CARTESIAN_POINT('',(22.375218189871,9.842484728003,-1.));
#1895 = DIRECTION('',(0.,0.,-1.));
#1896 = DIRECTION('',(0.406736643076,0.913545457643,0.));
#1897 = DEFINITIONAL_REPRESENTATION('',(#1898),#1902);
#1898 = LINE('',#1899,#1900);
#1899 = CARTESIAN_POINT('',(0.,-1.));
#1900 = VECTOR('',#1901,1.);
#1901 = DIRECTION('',(1.,0.));
#1902 = ( GEOMETRIC_REPRESENTATION_CONTEXT(2) 
PARAMETRIC_REPRESENTATION_CONTEXT() REPRESENTATION_CONTEXT('2D SPACE',''
  ) );
#1903 = ADVANCED_FACE('',(#1904),#359,.F.);
#1904 = FACE_BOUND('',#1905,.F.);
#1905 = EDGE_LOOP('',(#1906,#1925,#1926,#1927));
#1906 = ORIENTED_EDGE('',*,*,#1907,.F.);
#1907 = EDGE_CURVE('',#1197,#454,#1908,.T.);
#1908 = SURFACE_CURVE('',#1909,(#1912,#1919),.PCURVE_S1.);
#1909 = B_SPLINE_CURVE_WITH_KNOTS('',1,(#1910,#1911),.UNSPECIFIED.,.F.,
  .F.,(2,2),(0.,1.),.PIECEWISE_BEZIER_KNOTS.);
#1910 = CARTESIAN_POINT('',(-16.61461362917,13.1,-20.));
#1911 = CARTESIAN_POINT('',(7.84384088752,13.1,60.));
#1912 = PCURVE('',#359,#1913);
#1913 = DEFINITIONAL_REPRESENTATION('',(#1914),#1918);
#1914 = LINE('',#1915,#1916);
#1915 = CARTESIAN_POINT('',(0.,0.));
#1916 = VECTOR('',#1917,1.);
#1917 = DIRECTION('',(0.,1.));
#1918 = ( GEOMETRIC_REPRESENTATION_CONTEXT(2) 
PARAMETRIC_REPRESENTATION_CONTEXT() REPRESENTATION_CONTEXT('2D SPACE',''
  ) );
#1919 = PCURVE('',#951,#1920);
#1920 = DEFINITIONAL_REPRESENTATION('',(#1921),#1924);
#1921 = B_SPLINE_CURVE_WITH_KNOTS('',1,(#1922,#1923),.UNSPECIFIED.,.F.,
  .F.,(2,2),(0.,1.),.PIECEWISE_BEZIER_KNOTS.);
#1922 = CARTESIAN_POINT('',(20.2,-83.65534051897));
#1923 = CARTESIAN_POINT('',(20.2,0.));
#1924 = ( GEOMETRIC_REPRESENTATION_CONTEXT(2) 
PARAMETRIC_REPRESENTATION_CONTEXT() REPRESENTATION_CONTEXT('2D SPACE',''
  ) );
#1925 = ORIENTED_EDGE('',*,*,#1196,.F.);
#1926 = ORIENTED_EDGE('',*,*,#333,.T.);
#1927 = ORIENTED_EDGE('',*,*,#453,.T.);
#1928 = ADVANCED_FACE('',(#1929),#1017,.F.);
#1929 = FACE_BOUND('',#1930,.F.);
#1930 = EDGE_LOOP('',(#1931,#1958,#1959,#1960));
#1931 = ORIENTED_EDGE('',*,*,#1932,.T.);
#1932 = EDGE_CURVE('',#1679,#936,#1933,.T.);
#1933 = SURFACE_CURVE('',#1934,(#1940,#1949),.PCURVE_S1.);
#1934 = B_SPLINE_CURVE_WITH_KNOTS('',4,(#1935,#1936,#1937,#1938,#1939),
  .UNSPECIFIED.,.F.,.F.,(5,5),(0.,1.),.PIECEWISE_BEZIER_KNOTS.);
#1935 = CARTESIAN_POINT('',(-16.61461362917,12.927361191462,-20.));
#1936 = CARTESIAN_POINT('',(-10.5,12.927361191462,-4.973799150321E-14));
#1937 = CARTESIAN_POINT('',(-4.385386370827,12.927361191462,20.));
#1938 = CARTESIAN_POINT('',(1.729227258346,12.927361191462,40.));
#1939 = CARTESIAN_POINT('',(7.84384088752,12.927361191462,60.));
#1940 = PCURVE('',#1017,#1941);
#1941 = DEFINITIONAL_REPRESENTATION('',(#1942),#1948);
#1942 = B_SPLINE_CURVE_WITH_KNOTS('',4,(#1943,#1944,#1945,#1946,#1947),
  .UNSPECIFIED.,.F.,.F.,(5,5),(0.,1.),.PIECEWISE_BEZIER_KNOTS.);
#1943 = CARTESIAN_POINT('',(2.384220081986,0.));
#1944 = CARTESIAN_POINT('',(2.384220081986,0.25));
#1945 = CARTESIAN_POINT('',(2.384220081986,0.5));
#1946 = CARTESIAN_POINT('',(2.384220081986,0.75));
#1947 = CARTESIAN_POINT('',(2.384220081986,1.));
#1948 = ( GEOMETRIC_REPRESENTATION_CONTEXT(2) 
PARAMETRIC_REPRESENTATION_CONTEXT() REPRESENTATION_CONTEXT('2D SPACE',''
  ) );
#1949 = PCURVE('',#951,#1950);
#1950 = DEFINITIONAL_REPRESENTATION('',(#1951),#1957);
#1951 = B_SPLINE_CURVE_WITH_KNOTS('',4,(#1952,#1953,#1954,#1955,#1956),
  .UNSPECIFIED.,.F.,.F.,(5,5),(0.,1.),.PIECEWISE_BEZIER_KNOTS.);
#1952 = CARTESIAN_POINT('',(20.027361191462,-83.65534051897));
#1953 = CARTESIAN_POINT('',(20.027361191462,-62.74150538922));
#1954 = CARTESIAN_POINT('',(20.027361191462,-41.82767025948));
#1955 = CARTESIAN_POINT('',(20.027361191462,-20.91383512974));
#1956 = CARTESIAN_POINT('',(20.027361191462,6.394884621841E-14));
#1957 = ( GEOMETRIC_REPRESENTATION_CONTEXT(2) 
PARAMETRIC_REPRESENTATION_CONTEXT() REPRESENTATION_CONTEXT('2D SPACE',''
  ) );
#1958 = ORIENTED_EDGE('',*,*,#963,.T.);
#1959 = ORIENTED_EDGE('',*,*,#1157,.F.);
#1960 = ORIENTED_EDGE('',*,*,#1701,.F.);
#1961 = ADVANCED_FACE('',(#1962),#951,.F.);
#1962 = FACE_BOUND('',#1963,.F.);
#1963 = EDGE_LOOP('',(#1964,#1965,#1966,#1967));
#1964 = ORIENTED_EDGE('',*,*,#1932,.F.);
#1965 = ORIENTED_EDGE('',*,*,#1678,.T.);
#1966 = ORIENTED_EDGE('',*,*,#1907,.T.);
#1967 = ORIENTED_EDGE('',*,*,#935,.F.);
#1968 = ADVANCED_FACE('',(#1969),#1118,.T.);
#1969 = FACE_BOUND('',#1970,.F.);
#1970 = EDGE_LOOP('',(#1971,#1972,#1995,#2022));
#1971 = ORIENTED_EDGE('',*,*,#1097,.T.);
#1972 = ORIENTED_EDGE('',*,*,#1973,.T.);
#1973 = EDGE_CURVE('',#1098,#1974,#1976,.T.);
#1974 = VERTEX_POINT('',#1975);
#1975 = CARTESIAN_POINT('',(-7.777077274165,17.375,5.85));
#1976 = SEAM_CURVE('',#1977,(#1981,#1988),.PCURVE_S1.);
#1977 = LINE('',#1978,#1979);
#1978 = CARTESIAN_POINT('',(-7.777077274165,17.375,3.4));
#1979 = VECTOR('',#1980,1.);
#1980 = DIRECTION('',(0.,0.,1.));
#1981 = PCURVE('',#1118,#1982);
#1982 = DEFINITIONAL_REPRESENTATION('',(#1983),#1987);
#1983 = LINE('',#1984,#1985);
#1984 = CARTESIAN_POINT('',(-6.28318530718,0.));
#1985 = VECTOR('',#1986,1.);
#1986 = DIRECTION('',(-0.,-1.));
#1987 = ( GEOMETRIC_REPRESENTATION_CONTEXT(2) 
PARAMETRIC_REPRESENTATION_CONTEXT() REPRESENTATION_CONTEXT('2D SPACE',''
  ) );
#1988 = PCURVE('',#1118,#1989);
#1989 = DEFINITIONAL_REPRESENTATION('',(#1990),#1994);
#1990 = LINE('',#1991,#1992);
#1991 = CARTESIAN_POINT('',(-0.,0.));
#1992 = VECTOR('',#1993,1.);
#1993 = DIRECTION('',(-0.,-1.));
#1994 = ( GEOMETRIC_REPRESENTATION_CONTEXT(2) 
PARAMETRIC_REPRESENTATION_CONTEXT() REPRESENTATION_CONTEXT('2D SPACE',''
  ) );
#1995 = ORIENTED_EDGE('',*,*,#1996,.T.);
#1996 = EDGE_CURVE('',#1974,#1974,#1997,.T.);
#1997 = SURFACE_CURVE('',#1998,(#2003,#2010),.PCURVE_S1.);
#1998 = CIRCLE('',#1999,1.5);
#1999 = AXIS2_PLACEMENT_3D('',#2000,#2001,#2002);
#2000 = CARTESIAN_POINT('',(-9.277077274165,17.375,5.85));
#2001 = DIRECTION('',(0.,0.,1.));
#2002 = DIRECTION('',(1.,0.,0.));
#2003 = PCURVE('',#1118,#2004);
#2004 = DEFINITIONAL_REPRESENTATION('',(#2005),#2009);
#2005 = LINE('',#2006,#2007);
#2006 = CARTESIAN_POINT('',(-0.,-2.45));
#2007 = VECTOR('',#2008,1.);
#2008 = DIRECTION('',(-1.,0.));
#2009 = ( GEOMETRIC_REPRESENTATION_CONTEXT(2) 
PARAMETRIC_REPRESENTATION_CONTEXT() REPRESENTATION_CONTEXT('2D SPACE',''
  ) );
#2010 = PCURVE('',#2011,#2016);
#2011 = PLANE('',#2012);
#2012 = AXIS2_PLACEMENT_3D('',#2013,#2014,#2015);
#2013 = CARTESIAN_POINT('',(-9.277077274165,17.375,5.85));
#2014 = DIRECTION('',(0.,0.,1.));
#2015 = DIRECTION('',(1.,0.,0.));
#2016 = DEFINITIONAL_REPRESENTATION('',(#2017),#2021);
#2017 = CIRCLE('',#2018,1.5);
#2018 = AXIS2_PLACEMENT_2D('',#2019,#2020);
#2019 = CARTESIAN_POINT('',(0.,0.));
#2020 = DIRECTION('',(1.,0.));
#2021 = ( GEOMETRIC_REPRESENTATION_CONTEXT(2) 
PARAMETRIC_REPRESENTATION_CONTEXT() REPRESENTATION_CONTEXT('2D SPACE',''
  ) );
#2022 = ORIENTED_EDGE('',*,*,#1973,.F.);
#2023 = ADVANCED_FACE('',(#2024),#1800,.F.);
#2024 = FACE_BOUND('',#2025,.F.);
#2025 = EDGE_LOOP('',(#2026,#2027,#2050,#2078));
#2026 = ORIENTED_EDGE('',*,*,#1782,.T.);
#2027 = ORIENTED_EDGE('',*,*,#2028,.T.);
#2028 = EDGE_CURVE('',#1785,#2029,#2031,.T.);
#2029 = VERTEX_POINT('',#2030);
#2030 = CARTESIAN_POINT('',(21.765113225257,8.472166541539,1.8));
#2031 = SURFACE_CURVE('',#2032,(#2036,#2043),.PCURVE_S1.);
#2032 = LINE('',#2033,#2034);
#2033 = CARTESIAN_POINT('',(21.765113225257,8.472166541539,-1.));
#2034 = VECTOR('',#2035,1.);
#2035 = DIRECTION('',(0.,0.,1.));
#2036 = PCURVE('',#1800,#2037);
#2037 = DEFINITIONAL_REPRESENTATION('',(#2038),#2042);
#2038 = LINE('',#2039,#2040);
#2039 = CARTESIAN_POINT('',(0.,0.));
#2040 = VECTOR('',#2041,1.);
#2041 = DIRECTION('',(0.,-1.));
#2042 = ( GEOMETRIC_REPRESENTATION_CONTEXT(2) 
PARAMETRIC_REPRESENTATION_CONTEXT() REPRESENTATION_CONTEXT('2D SPACE',''
  ) );
#2043 = PCURVE('',#1892,#2044);
#2044 = DEFINITIONAL_REPRESENTATION('',(#2045),#2049);
#2045 = LINE('',#2046,#2047);
#2046 = CARTESIAN_POINT('',(3.14159265359,0.));
#2047 = VECTOR('',#2048,1.);
#2048 = DIRECTION('',(0.,-1.));
#2049 = ( GEOMETRIC_REPRESENTATION_CONTEXT(2) 
PARAMETRIC_REPRESENTATION_CONTEXT() REPRESENTATION_CONTEXT('2D SPACE',''
  ) );
#2050 = ORIENTED_EDGE('',*,*,#2051,.T.);
#2051 = EDGE_CURVE('',#2029,#2052,#2054,.T.);
#2052 = VERTEX_POINT('',#2053);
#2053 = CARTESIAN_POINT('',(17.014676845516,10.587197085533,1.8));
#2054 = SURFACE_CURVE('',#2055,(#2059,#2066),.PCURVE_S1.);
#2055 = LINE('',#2056,#2057);
#2056 = CARTESIAN_POINT('',(21.765113225257,8.472166541539,1.8));
#2057 = VECTOR('',#2058,1.);
#2058 = DIRECTION('',(-0.913545457643,0.406736643076,0.));
#2059 = PCURVE('',#1800,#2060);
#2060 = DEFINITIONAL_REPRESENTATION('',(#2061),#2065);
#2061 = LINE('',#2062,#2063);
#2062 = CARTESIAN_POINT('',(0.,-2.8));
#2063 = VECTOR('',#2064,1.);
#2064 = DIRECTION('',(1.,0.));
#2065 = ( GEOMETRIC_REPRESENTATION_CONTEXT(2) 
PARAMETRIC_REPRESENTATION_CONTEXT() REPRESENTATION_CONTEXT('2D SPACE',''
  ) );
#2066 = PCURVE('',#2067,#2072);
#2067 = PLANE('',#2068);
#2068 = AXIS2_PLACEMENT_3D('',#2069,#2070,#2071);
#2069 = CARTESIAN_POINT('',(20.,10.9,1.8));
#2070 = DIRECTION('',(-0.,-0.,-1.));
#2071 = DIRECTION('',(-1.,0.,0.));
#2072 = DEFINITIONAL_REPRESENTATION('',(#2073),#2077);
#2073 = LINE('',#2074,#2075);
#2074 = CARTESIAN_POINT('',(-1.765113225257,-2.427833458461));
#2075 = VECTOR('',#2076,1.);
#2076 = DIRECTION('',(0.913545457643,0.406736643076));
#2077 = ( GEOMETRIC_REPRESENTATION_CONTEXT(2) 
PARAMETRIC_REPRESENTATION_CONTEXT() REPRESENTATION_CONTEXT('2D SPACE',''
  ) );
#2078 = ORIENTED_EDGE('',*,*,#2079,.F.);
#2079 = EDGE_CURVE('',#1783,#2052,#2080,.T.);
#2080 = SURFACE_CURVE('',#2081,(#2085,#2092),.PCURVE_S1.);
#2081 = LINE('',#2082,#2083);
#2082 = CARTESIAN_POINT('',(17.014676845516,10.587197085533,-1.));
#2083 = VECTOR('',#2084,1.);
#2084 = DIRECTION('',(0.,0.,1.));
#2085 = PCURVE('',#1800,#2086);
#2086 = DEFINITIONAL_REPRESENTATION('',(#2087),#2091);
#2087 = LINE('',#2088,#2089);
#2088 = CARTESIAN_POINT('',(5.2,0.));
#2089 = VECTOR('',#2090,1.);
#2090 = DIRECTION('',(0.,-1.));
#2091 = ( GEOMETRIC_REPRESENTATION_CONTEXT(2) 
PARAMETRIC_REPRESENTATION_CONTEXT() REPRESENTATION_CONTEXT('2D SPACE',''
  ) );
#2092 = PCURVE('',#1833,#2093);
#2093 = DEFINITIONAL_REPRESENTATION('',(#2094),#2098);
#2094 = LINE('',#2095,#2096);
#2095 = CARTESIAN_POINT('',(0.,0.));
#2096 = VECTOR('',#2097,1.);
#2097 = DIRECTION('',(0.,-1.));
#2098 = ( GEOMETRIC_REPRESENTATION_CONTEXT(2) 
PARAMETRIC_REPRESENTATION_CONTEXT() REPRESENTATION_CONTEXT('2D SPACE',''
  ) );
#2099 = ADVANCED_FACE('',(#2100),#1892,.F.);
#2100 = FACE_BOUND('',#2101,.F.);
#2101 = EDGE_LOOP('',(#2102,#2103,#2126,#2148));
#2102 = ORIENTED_EDGE('',*,*,#1873,.F.);
#2103 = ORIENTED_EDGE('',*,*,#2104,.T.);
#2104 = EDGE_CURVE('',#1846,#2105,#2107,.T.);
#2105 = VERTEX_POINT('',#2106);
#2106 = CARTESIAN_POINT('',(22.985323154484,11.212802914467,1.8));
#2107 = SURFACE_CURVE('',#2108,(#2112,#2119),.PCURVE_S1.);
#2108 = LINE('',#2109,#2110);
#2109 = CARTESIAN_POINT('',(22.985323154484,11.212802914467,-1.));
#2110 = VECTOR('',#2111,1.);
#2111 = DIRECTION('',(0.,0.,1.));
#2112 = PCURVE('',#1892,#2113);
#2113 = DEFINITIONAL_REPRESENTATION('',(#2114),#2118);
#2114 = LINE('',#2115,#2116);
#2115 = CARTESIAN_POINT('',(0.,0.));
#2116 = VECTOR('',#2117,1.);
#2117 = DIRECTION('',(0.,-1.));
#2118 = ( GEOMETRIC_REPRESENTATION_CONTEXT(2) 
PARAMETRIC_REPRESENTATION_CONTEXT() REPRESENTATION_CONTEXT('2D SPACE',''
  ) );
#2119 = PCURVE('',#1861,#2120);
#2120 = DEFINITIONAL_REPRESENTATION('',(#2121),#2125);
#2121 = LINE('',#2122,#2123);
#2122 = CARTESIAN_POINT('',(5.2,0.));
#2123 = VECTOR('',#2124,1.);
#2124 = DIRECTION('',(0.,-1.));
#2125 = ( GEOMETRIC_REPRESENTATION_CONTEXT(2) 
PARAMETRIC_REPRESENTATION_CONTEXT() REPRESENTATION_CONTEXT('2D SPACE',''
  ) );
#2126 = ORIENTED_EDGE('',*,*,#2127,.T.);
#2127 = EDGE_CURVE('',#2105,#2029,#2128,.T.);
#2128 = SURFACE_CURVE('',#2129,(#2134,#2141),.PCURVE_S1.);
#2129 = CIRCLE('',#2130,1.5);
#2130 = AXIS2_PLACEMENT_3D('',#2131,#2132,#2133);
#2131 = CARTESIAN_POINT('',(22.375218189871,9.842484728003,1.8));
#2132 = DIRECTION('',(0.,0.,-1.));
#2133 = DIRECTION('',(0.406736643076,0.913545457643,0.));
#2134 = PCURVE('',#1892,#2135);
#2135 = DEFINITIONAL_REPRESENTATION('',(#2136),#2140);
#2136 = LINE('',#2137,#2138);
#2137 = CARTESIAN_POINT('',(0.,-2.8));
#2138 = VECTOR('',#2139,1.);
#2139 = DIRECTION('',(1.,0.));
#2140 = ( GEOMETRIC_REPRESENTATION_CONTEXT(2) 
PARAMETRIC_REPRESENTATION_CONTEXT() REPRESENTATION_CONTEXT('2D SPACE',''
  ) );
#2141 = PCURVE('',#2067,#2142);
#2142 = DEFINITIONAL_REPRESENTATION('',(#2143),#2147);
#2143 = CIRCLE('',#2144,1.5);
#2144 = AXIS2_PLACEMENT_2D('',#2145,#2146);
#2145 = CARTESIAN_POINT('',(-2.375218189871,-1.057515271997));
#2146 = DIRECTION('',(-0.406736643076,0.913545457643));
#2147 = ( GEOMETRIC_REPRESENTATION_CONTEXT(2) 
PARAMETRIC_REPRESENTATION_CONTEXT() REPRESENTATION_CONTEXT('2D SPACE',''
  ) );
#2148 = ORIENTED_EDGE('',*,*,#2028,.F.);
#2149 = ADVANCED_FACE('',(#2150),#1861,.F.);
#2150 = FACE_BOUND('',#2151,.F.);
#2151 = EDGE_LOOP('',(#2152,#2153,#2176,#2197));
#2152 = ORIENTED_EDGE('',*,*,#1845,.T.);
#2153 = ORIENTED_EDGE('',*,*,#2154,.T.);
#2154 = EDGE_CURVE('',#1813,#2155,#2157,.T.);
#2155 = VERTEX_POINT('',#2156);
#2156 = CARTESIAN_POINT('',(18.234886774743,13.327833458461,1.8));
#2157 = SURFACE_CURVE('',#2158,(#2162,#2169),.PCURVE_S1.);
#2158 = LINE('',#2159,#2160);
#2159 = CARTESIAN_POINT('',(18.234886774743,13.327833458461,-1.));
#2160 = VECTOR('',#2161,1.);
#2161 = DIRECTION('',(0.,0.,1.));
#2162 = PCURVE('',#1861,#2163);
#2163 = DEFINITIONAL_REPRESENTATION('',(#2164),#2168);
#2164 = LINE('',#2165,#2166);
#2165 = CARTESIAN_POINT('',(0.,0.));
#2166 = VECTOR('',#2167,1.);
#2167 = DIRECTION('',(0.,-1.));
#2168 = ( GEOMETRIC_REPRESENTATION_CONTEXT(2) 
PARAMETRIC_REPRESENTATION_CONTEXT() REPRESENTATION_CONTEXT('2D SPACE',''
  ) );
#2169 = PCURVE('',#1833,#2170);
#2170 = DEFINITIONAL_REPRESENTATION('',(#2171),#2175);
#2171 = LINE('',#2172,#2173);
#2172 = CARTESIAN_POINT('',(3.14159265359,0.));
#2173 = VECTOR('',#2174,1.);
#2174 = DIRECTION('',(0.,-1.));
#2175 = ( GEOMETRIC_REPRESENTATION_CONTEXT(2) 
PARAMETRIC_REPRESENTATION_CONTEXT() REPRESENTATION_CONTEXT('2D SPACE',''
  ) );
#2176 = ORIENTED_EDGE('',*,*,#2177,.T.);
#2177 = EDGE_CURVE('',#2155,#2105,#2178,.T.);
#2178 = SURFACE_CURVE('',#2179,(#2183,#2190),.PCURVE_S1.);
#2179 = LINE('',#2180,#2181);
#2180 = CARTESIAN_POINT('',(18.234886774743,13.327833458461,1.8));
#2181 = VECTOR('',#2182,1.);
#2182 = DIRECTION('',(0.913545457643,-0.406736643076,0.));
#2183 = PCURVE('',#1861,#2184);
#2184 = DEFINITIONAL_REPRESENTATION('',(#2185),#2189);
#2185 = LINE('',#2186,#2187);
#2186 = CARTESIAN_POINT('',(0.,-2.8));
#2187 = VECTOR('',#2188,1.);
#2188 = DIRECTION('',(1.,0.));
#2189 = ( GEOMETRIC_REPRESENTATION_CONTEXT(2) 
PARAMETRIC_REPRESENTATION_CONTEXT() REPRESENTATION_CONTEXT('2D SPACE',''
  ) );
#2190 = PCURVE('',#2067,#2191);
#2191 = DEFINITIONAL_REPRESENTATION('',(#2192),#2196);
#2192 = LINE('',#2193,#2194);
#2193 = CARTESIAN_POINT('',(1.765113225257,2.427833458461));
#2194 = VECTOR('',#2195,1.);
#2195 = DIRECTION('',(-0.913545457643,-0.406736643076));
#2196 = ( GEOMETRIC_REPRESENTATION_CONTEXT(2) 
PARAMETRIC_REPRESENTATION_CONTEXT() REPRESENTATION_CONTEXT('2D SPACE',''
  ) );
#2197 = ORIENTED_EDGE('',*,*,#2104,.F.);
#2198 = ADVANCED_FACE('',(#2199),#1833,.F.);
#2199 = FACE_BOUND('',#2200,.F.);
#2200 = EDGE_LOOP('',(#2201,#2202,#2203,#2225));
#2201 = ORIENTED_EDGE('',*,*,#1812,.F.);
#2202 = ORIENTED_EDGE('',*,*,#2079,.T.);
#2203 = ORIENTED_EDGE('',*,*,#2204,.T.);
#2204 = EDGE_CURVE('',#2052,#2155,#2205,.T.);
#2205 = SURFACE_CURVE('',#2206,(#2211,#2218),.PCURVE_S1.);
#2206 = CIRCLE('',#2207,1.5);
#2207 = AXIS2_PLACEMENT_3D('',#2208,#2209,#2210);
#2208 = CARTESIAN_POINT('',(17.624781810129,11.957515271997,1.8));
#2209 = DIRECTION('',(-0.,0.,-1.));
#2210 = DIRECTION('',(-0.406736643076,-0.913545457643,0.));
#2211 = PCURVE('',#1833,#2212);
#2212 = DEFINITIONAL_REPRESENTATION('',(#2213),#2217);
#2213 = LINE('',#2214,#2215);
#2214 = CARTESIAN_POINT('',(0.,-2.8));
#2215 = VECTOR('',#2216,1.);
#2216 = DIRECTION('',(1.,0.));
#2217 = ( GEOMETRIC_REPRESENTATION_CONTEXT(2) 
PARAMETRIC_REPRESENTATION_CONTEXT() REPRESENTATION_CONTEXT('2D SPACE',''
  ) );
#2218 = PCURVE('',#2067,#2219);
#2219 = DEFINITIONAL_REPRESENTATION('',(#2220),#2224);
#2220 = CIRCLE('',#2221,1.5);
#2221 = AXIS2_PLACEMENT_2D('',#2222,#2223);
#2222 = CARTESIAN_POINT('',(2.375218189871,1.057515271997));
#2223 = DIRECTION('',(0.406736643076,-0.913545457643));
#2224 = ( GEOMETRIC_REPRESENTATION_CONTEXT(2) 
PARAMETRIC_REPRESENTATION_CONTEXT() REPRESENTATION_CONTEXT('2D SPACE',''
  ) );
#2225 = ORIENTED_EDGE('',*,*,#2154,.F.);
#2226 = ADVANCED_FACE('',(#2227),#2011,.T.);
#2227 = FACE_BOUND('',#2228,.T.);
#2228 = EDGE_LOOP('',(#2229));
#2229 = ORIENTED_EDGE('',*,*,#1996,.T.);
#2230 = ADVANCED_FACE('',(#2231),#2067,.T.);
#2231 = FACE_BOUND('',#2232,.T.);
#2232 = EDGE_LOOP('',(#2233,#2234,#2235,#2236));
#2233 = ORIENTED_EDGE('',*,*,#2051,.T.);
#2234 = ORIENTED_EDGE('',*,*,#2204,.T.);
#2235 = ORIENTED_EDGE('',*,*,#2177,.T.);
#2236 = ORIENTED_EDGE('',*,*,#2127,.T.);
#2237 = ( GEOMETRIC_REPRESENTATION_CONTEXT(3) 
GLOBAL_UNCERTAINTY_ASSIGNED_CONTEXT((#2241)) 
GLOBAL_UNIT_ASSIGNED_CONTEXT((#2238,#2239,#2240)) REPRESENTATION_CONTEXT
('Context #1','3D Context with UNIT and UNCERTAINTY') );
#2238 = ( LENGTH_UNIT() NAMED_UNIT(*) SI_UNIT(.MILLI.,.METRE.) );
#2239 = ( NAMED_UNIT(*) PLANE_ANGLE_UNIT() SI_UNIT($,.RADIAN.) );
#2240 = ( NAMED_UNIT(*) SI_UNIT($,.STERADIAN.) SOLID_ANGLE_UNIT() );
#2241 = UNCERTAINTY_MEASURE_WITH_UNIT(LENGTH_MEASURE(2.E-06),#2238,
  'distance_accuracy_value','confusion accuracy');
#2242 = CONTEXT_DEPENDENT_SHAPE_REPRESENTATION(#2243,#2245);
#2243 = ( REPRESENTATION_RELATIONSHIP('','',#36,#10) 
REPRESENTATION_RELATIONSHIP_WITH_TRANSFORMATION(#2244) 
SHAPE_REPRESENTATION_RELATIONSHIP() );
#2244 = ITEM_DEFINED_TRANSFORMATION('','',#11,#15);
#2245 = PRODUCT_DEFINITION_SHAPE('Placement','Placement of an item',
  #2246);
#2246 = NEXT_ASSEMBLY_USAGE_OCCURRENCE('9','','',#5,#31,$);
#2247 = PRODUCT_RELATED_PRODUCT_CATEGORY('part',$,(#33));
#2248 = SHAPE_DEFINITION_REPRESENTATION(#2249,#2255);
#2249 = PRODUCT_DEFINITION_SHAPE('','',#2250);
#2250 = PRODUCT_DEFINITION('design','',#2251,#2254);
#2251 = PRODUCT_DEFINITION_FORMATION('','',#2252);
#2252 = PRODUCT('Open CASCADE STEP translator 7.9 5.2',
  'Open CASCADE STEP translator 7.9 5.2','',(#2253));
#2253 = PRODUCT_CONTEXT('',#2,'mechanical');
#2254 = PRODUCT_DEFINITION_CONTEXT('part definition',#2,'design');
#2255 = ADVANCED_BREP_SHAPE_REPRESENTATION('',(#11,#2256),#5965);
#2256 = MANIFOLD_SOLID_BREP('',#2257);
#2257 = CLOSED_SHELL('',(#2258,#2548,#2662,#3999,#4060,#4815,#4848,#4873
    ,#4880,#4935,#5011,#5060,#5109,#5158,#5207,#5256,#5283,#5359,#5408,
    #5457,#5506,#5555,#5604,#5653,#5702,#5729,#5805,#5855,#5904,#5932,
    #5936,#5946,#5958));
#2258 = ADVANCED_FACE('',(#2259),#2275,.F.);
#2259 = FACE_BOUND('',#2260,.F.);
#2260 = EDGE_LOOP('',(#2261,#2356,#2436,#2470));
#2261 = ORIENTED_EDGE('',*,*,#2262,.F.);
#2262 = EDGE_CURVE('',#2263,#2265,#2267,.T.);
#2263 = VERTEX_POINT('',#2264);
#2264 = CARTESIAN_POINT('',(29.999908870832,-3.125,0.));
#2265 = VERTEX_POINT('',#2266);
#2266 = CARTESIAN_POINT('',(31.222831596666,-3.125,4.));
#2267 = SURFACE_CURVE('',#2268,(#2274,#2342),.PCURVE_S1.);
#2268 = B_SPLINE_CURVE_WITH_KNOTS('',4,(#2269,#2270,#2271,#2272,#2273),
  .UNSPECIFIED.,.F.,.F.,(5,5),(0.,1.),.PIECEWISE_BEZIER_KNOTS.);
#2269 = CARTESIAN_POINT('',(29.999908870832,-3.125,0.));
#2270 = CARTESIAN_POINT('',(30.30563955229,-3.125,1.));
#2271 = CARTESIAN_POINT('',(30.611370233749,-3.125,2.));
#2272 = CARTESIAN_POINT('',(30.917100915208,-3.125,3.));
#2273 = CARTESIAN_POINT('',(31.222831596666,-3.125,4.));
#2274 = PCURVE('',#2275,#2334);
#2275 = B_SPLINE_SURFACE_WITH_KNOTS('',3,1,(
    (#2276,#2277)
    ,(#2278,#2279)
    ,(#2280,#2281)
    ,(#2282,#2283)
    ,(#2284,#2285)
    ,(#2286,#2287)
    ,(#2288,#2289)
    ,(#2290,#2291)
    ,(#2292,#2293)
    ,(#2294,#2295)
    ,(#2296,#2297)
    ,(#2298,#2299)
    ,(#2300,#2301)
    ,(#2302,#2303)
    ,(#2304,#2305)
    ,(#2306,#2307)
    ,(#2308,#2309)
    ,(#2310,#2311)
    ,(#2312,#2313)
    ,(#2314,#2315)
    ,(#2316,#2317)
    ,(#2318,#2319)
    ,(#2320,#2321)
    ,(#2322,#2323)
    ,(#2324,#2325)
    ,(#2326,#2327)
    ,(#2328,#2329)
    ,(#2330,#2331)
    ,(#2332,#2333
    )),.UNSPECIFIED.,.T.,.F.,.F.,(1,1,2,1,1,1,1,1,1,1,1,1,1,1,1,1,1,1,1,
    1,1,1,1,1,1,1,1,1,2,1,1),(2,2),(-11.12863082616,-5.192301994299,0.,
    5.192301994299,11.128630826161,17.776938881599,24.45001912988,
    31.413495273302,37.423694937206,45.431347527073,54.799378269977,
    61.156264300103,65.497922969321,69.325454811122,73.816557125699,
    78.820555526978,83.824553928257,88.315656242834,92.143188084635,
    96.484846753853,102.84173278397,112.20976352688,120.21741611674,
    126.22761578065,133.19109192407,139.86417217235,146.51248022779,
    152.44880905965,157.64111105395,162.83341304825,168.76974188011),(0.
    ,1.),.UNSPECIFIED.);
#2276 = CARTESIAN_POINT('',(-28.19467798052,-4.757923115404,0.));
#2277 = CARTESIAN_POINT('',(-26.97175525468,-4.757923115404,4.));
#2278 = CARTESIAN_POINT('',(-27.80532201947,-1.242076884596,0.));
#2279 = CARTESIAN_POINT('',(-26.58239929364,-1.242076884596,4.));
#2280 = CARTESIAN_POINT('',(-26.75646873277,2.336215308645,0.));
#2281 = CARTESIAN_POINT('',(-25.53354600694,2.336215308645,4.));
#2282 = CARTESIAN_POINT('',(-23.41828871055,7.340548207808,0.));
#2283 = CARTESIAN_POINT('',(-22.19536598472,7.340548207808,4.));
#2284 = CARTESIAN_POINT('',(-18.75681809731,11.798094545236,0.));
#2285 = CARTESIAN_POINT('',(-17.53389537148,11.798094545236,4.));
#2286 = CARTESIAN_POINT('',(-12.85133167509,15.317370819243,0.));
#2287 = CARTESIAN_POINT('',(-11.62840894925,15.317370819243,4.));
#2288 = CARTESIAN_POINT('',(-6.314132526844,16.517954476765,0.));
#2289 = CARTESIAN_POINT('',(-5.091209801009,16.517954476765,4.));
#2290 = CARTESIAN_POINT('',(0.64996341515,16.81092651448,0.));
#2291 = CARTESIAN_POINT('',(1.872886140984,16.81092651448,4.));
#2292 = CARTESIAN_POINT('',(8.530413832458,16.837673001601,0.));
#2293 = CARTESIAN_POINT('',(9.753336558293,16.837673001601,4.));
#2294 = CARTESIAN_POINT('',(16.064653825025,14.060161584088,0.));
#2295 = CARTESIAN_POINT('',(17.287576550859,14.060161584088,4.));
#2296 = CARTESIAN_POINT('',(22.361060251736,12.043362644683,0.));
#2297 = CARTESIAN_POINT('',(23.58398297757,12.043362644683,4.));
#2298 = CARTESIAN_POINT('',(26.944413011804,10.041845739911,0.));
#2299 = CARTESIAN_POINT('',(28.167335737639,10.041845739911,4.));
#2300 = CARTESIAN_POINT('',(29.256656930442,6.261815380072,0.));
#2301 = CARTESIAN_POINT('',(30.479579656277,6.261815380072,4.));
#2302 = CARTESIAN_POINT('',(29.908601413114,1.830585886073,0.));
#2303 = CARTESIAN_POINT('',(31.131524138949,1.830585886073,4.));
#2304 = CARTESIAN_POINT('',(30.048167847629,-3.,0.));
#2305 = CARTESIAN_POINT('',(31.271090573463,-3.,4.));
#2306 = CARTESIAN_POINT('',(29.908601340434,-7.830585886073,0.));
#2307 = CARTESIAN_POINT('',(31.131524066269,-7.830585886073,4.));
#2308 = CARTESIAN_POINT('',(29.25665717114,-12.26181538007,0.));
#2309 = CARTESIAN_POINT('',(30.479579896975,-12.26181538007,4.));
#2310 = CARTESIAN_POINT('',(26.944412212012,-16.04184573991,0.));
#2311 = CARTESIAN_POINT('',(28.167334937846,-16.04184573991,4.));
#2312 = CARTESIAN_POINT('',(22.361064394243,-18.04336264468,0.));
#2313 = CARTESIAN_POINT('',(23.583987120078,-18.04336264468,4.));
#2314 = CARTESIAN_POINT('',(16.064625424713,-20.06016158408,0.));
#2315 = CARTESIAN_POINT('',(17.287548150548,-20.06016158408,4.));
#2316 = CARTESIAN_POINT('',(8.5305641273,-22.8376730016,0.));
#2317 = CARTESIAN_POINT('',(9.753486853134,-22.8376730016,4.));
#2318 = CARTESIAN_POINT('',(0.649546473588,-22.81092651448,0.));
#2319 = CARTESIAN_POINT('',(1.872469199423,-22.81092651448,4.));
#2320 = CARTESIAN_POINT('',(-6.312923755102,-22.51795447676,0.));
#2321 = CARTESIAN_POINT('',(-5.090001029268,-22.51795447676,4.));
#2322 = CARTESIAN_POINT('',(-12.85660883347,-21.31737081924,0.));
#2323 = CARTESIAN_POINT('',(-11.63368610764,-21.31737081924,4.));
#2324 = CARTESIAN_POINT('',(-18.73814091818,-17.79809454523,0.));
#2325 = CARTESIAN_POINT('',(-17.51521819234,-17.79809454523,4.));
#2326 = CARTESIAN_POINT('',(-23.48463883032,-13.3405482078,0.));
#2327 = CARTESIAN_POINT('',(-22.26171610448,-13.3405482078,4.));
#2328 = CARTESIAN_POINT('',(-26.54956905411,-8.336215308645,0.));
#2329 = CARTESIAN_POINT('',(-25.32664632828,-8.336215308645,4.));
#2330 = CARTESIAN_POINT('',(-28.19467798052,-4.757923115404,0.));
#2331 = CARTESIAN_POINT('',(-26.97175525468,-4.757923115404,4.));
#2332 = CARTESIAN_POINT('',(-27.80532201947,-1.242076884596,0.));
#2333 = CARTESIAN_POINT('',(-26.58239929364,-1.242076884596,4.));
#2334 = DEFINITIONAL_REPRESENTATION('',(#2335),#2341);
#2335 = B_SPLINE_CURVE_WITH_KNOTS('',4,(#2336,#2337,#2338,#2339,#2340),
  .UNSPECIFIED.,.F.,.F.,(5,5),(0.,1.),.PIECEWISE_BEZIER_KNOTS.);
#2336 = CARTESIAN_POINT('',(78.94561887429,0.));
#2337 = CARTESIAN_POINT('',(78.94561887429,0.25));
#2338 = CARTESIAN_POINT('',(78.94561887429,0.5));
#2339 = CARTESIAN_POINT('',(78.94561887429,0.75));
#2340 = CARTESIAN_POINT('',(78.94561887429,1.));
#2341 = ( GEOMETRIC_REPRESENTATION_CONTEXT(2) 
PARAMETRIC_REPRESENTATION_CONTEXT() REPRESENTATION_CONTEXT('2D SPACE',''
  ) );
#2342 = PCURVE('',#2343,#2348);
#2343 = PLANE('',#2344);
#2344 = AXIS2_PLACEMENT_3D('',#2345,#2346,#2347);
#2345 = CARTESIAN_POINT('',(-100.,-3.125,-100.));
#2346 = DIRECTION('',(0.,1.,0.));
#2347 = DIRECTION('',(0.,0.,1.));
#2348 = DEFINITIONAL_REPRESENTATION('',(#2349),#2355);
#2349 = B_SPLINE_CURVE_WITH_KNOTS('',4,(#2350,#2351,#2352,#2353,#2354),
  .UNSPECIFIED.,.F.,.F.,(5,5),(0.,1.),.PIECEWISE_BEZIER_KNOTS.);
#2350 = CARTESIAN_POINT('',(100.,129.99990887083));
#2351 = CARTESIAN_POINT('',(101.,130.30563955229));
#2352 = CARTESIAN_POINT('',(102.,130.61137023374));
#2353 = CARTESIAN_POINT('',(103.,130.9171009152));
#2354 = CARTESIAN_POINT('',(104.,131.22283159666));
#2355 = ( GEOMETRIC_REPRESENTATION_CONTEXT(2) 
PARAMETRIC_REPRESENTATION_CONTEXT() REPRESENTATION_CONTEXT('2D SPACE',''
  ) );
#2356 = ORIENTED_EDGE('',*,*,#2357,.T.);
#2357 = EDGE_CURVE('',#2263,#2358,#2360,.T.);
#2358 = VERTEX_POINT('',#2359);
#2359 = CARTESIAN_POINT('',(-28.01224588709,-3.125,0.));
#2360 = SURFACE_CURVE('',#2361,(#2391,#2398),.PCURVE_S1.);
#2361 = B_SPLINE_CURVE_WITH_KNOTS('',3,(#2362,#2363,#2364,#2365,#2366,
    #2367,#2368,#2369,#2370,#2371,#2372,#2373,#2374,#2375,#2376,#2377,
    #2378,#2379,#2380,#2381,#2382,#2383,#2384,#2385,#2386,#2387,#2388,
    #2389,#2390),.UNSPECIFIED.,.T.,.F.,(1,1,2,1,1,1,1,1,1,1,1,1,1,1,1,1,
    1,1,1,1,1,1,1,1,1,1,1,1,2,1,1),(-11.12863082616,-5.192301994299,0.,
    5.192301994299,11.128630826161,17.776938881599,24.45001912988,
    31.413495273302,37.423694937206,45.431347527073,54.799378269977,
    61.156264300103,65.497922969321,69.325454811122,73.816557125699,
    78.820555526978,83.824553928257,88.315656242834,92.143188084635,
    96.484846753853,102.84173278397,112.20976352688,120.21741611674,
    126.22761578065,133.19109192407,139.86417217235,146.51248022779,
    152.44880905965,157.64111105395,162.83341304825,168.76974188011),
  .UNSPECIFIED.);
#2362 = CARTESIAN_POINT('',(-28.19467798052,-4.757923115404,0.));
#2363 = CARTESIAN_POINT('',(-27.80532201947,-1.242076884596,0.));
#2364 = CARTESIAN_POINT('',(-26.75646873277,2.336215308645,0.));
#2365 = CARTESIAN_POINT('',(-23.41828871055,7.340548207808,0.));
#2366 = CARTESIAN_POINT('',(-18.75681809731,11.798094545236,0.));
#2367 = CARTESIAN_POINT('',(-12.85133167509,15.317370819243,0.));
#2368 = CARTESIAN_POINT('',(-6.314132526844,16.517954476765,0.));
#2369 = CARTESIAN_POINT('',(0.64996341515,16.81092651448,0.));
#2370 = CARTESIAN_POINT('',(8.530413832458,16.837673001601,0.));
#2371 = CARTESIAN_POINT('',(16.064653825025,14.060161584088,0.));
#2372 = CARTESIAN_POINT('',(22.361060251736,12.043362644683,0.));
#2373 = CARTESIAN_POINT('',(26.944413011804,10.041845739911,0.));
#2374 = CARTESIAN_POINT('',(29.256656930442,6.261815380072,0.));
#2375 = CARTESIAN_POINT('',(29.908601413114,1.830585886073,0.));
#2376 = CARTESIAN_POINT('',(30.048167847629,-3.,0.));
#2377 = CARTESIAN_POINT('',(29.908601340434,-7.830585886073,0.));
#2378 = CARTESIAN_POINT('',(29.25665717114,-12.26181538007,0.));
#2379 = CARTESIAN_POINT('',(26.944412212012,-16.04184573991,0.));
#2380 = CARTESIAN_POINT('',(22.361064394243,-18.04336264468,0.));
#2381 = CARTESIAN_POINT('',(16.064625424713,-20.06016158408,0.));
#2382 = CARTESIAN_POINT('',(8.5305641273,-22.8376730016,0.));
#2383 = CARTESIAN_POINT('',(0.649546473588,-22.81092651448,0.));
#2384 = CARTESIAN_POINT('',(-6.312923755102,-22.51795447676,0.));
#2385 = CARTESIAN_POINT('',(-12.85660883347,-21.31737081924,0.));
#2386 = CARTESIAN_POINT('',(-18.73814091818,-17.79809454523,0.));
#2387 = CARTESIAN_POINT('',(-23.48463883032,-13.3405482078,0.));
#2388 = CARTESIAN_POINT('',(-26.54956905411,-8.336215308645,0.));
#2389 = CARTESIAN_POINT('',(-28.19467798052,-4.757923115404,0.));
#2390 = CARTESIAN_POINT('',(-27.80532201947,-1.242076884596,0.));
#2391 = PCURVE('',#2275,#2392);
#2392 = DEFINITIONAL_REPRESENTATION('',(#2393),#2397);
#2393 = LINE('',#2394,#2395);
#2394 = CARTESIAN_POINT('',(0.,0.));
#2395 = VECTOR('',#2396,1.);
#2396 = DIRECTION('',(1.,0.));
#2397 = ( GEOMETRIC_REPRESENTATION_CONTEXT(2) 
PARAMETRIC_REPRESENTATION_CONTEXT() REPRESENTATION_CONTEXT('2D SPACE',''
  ) );
#2398 = PCURVE('',#2399,#2404);
#2399 = PLANE('',#2400);
#2400 = AXIS2_PLACEMENT_3D('',#2401,#2402,#2403);
#2401 = CARTESIAN_POINT('',(-28.,-3.,0.));
#2402 = DIRECTION('',(-0.,0.,1.));
#2403 = DIRECTION('',(0.994533904972,-0.104414136312,0.));
#2404 = DEFINITIONAL_REPRESENTATION('',(#2405),#2435);
#2405 = B_SPLINE_CURVE_WITH_KNOTS('',3,(#2406,#2407,#2408,#2409,#2410,
    #2411,#2412,#2413,#2414,#2415,#2416,#2417,#2418,#2419,#2420,#2421,
    #2422,#2423,#2424,#2425,#2426,#2427,#2428,#2429,#2430,#2431,#2432,
    #2433,#2434),.UNSPECIFIED.,.F.,.F.,(1,1,2,1,1,1,1,1,1,1,1,1,1,1,1,1,
    1,1,1,1,1,1,1,1,1,1,1,1,2,1,1),(-11.12863082616,-5.192301994299,0.,
    5.192301994299,11.128630826161,17.776938881599,24.45001912988,
    31.413495273302,37.423694937206,45.431347527073,54.799378269977,
    61.156264300103,65.497922969321,69.325454811122,73.816557125699,
    78.820555526978,83.824553928257,88.315656242834,92.143188084635,
    96.484846753853,102.84173278397,112.20976352688,120.21741611674,
    126.22761578065,133.19109192407,139.86417217235,146.51248022779,
    152.44880905965,157.64111105395,162.83341304825,168.76974188011),
  .UNSPECIFIED.);
#2406 = CARTESIAN_POINT('',(-1.006182838394E-02,-1.768641273798));
#2407 = CARTESIAN_POINT('',(1.006182838394E-02,1.768641273798));
#2408 = CARTESIAN_POINT('',(0.679557694519,5.43688929192));
#2409 = CARTESIAN_POINT('',(3.476967810037,10.762421215776));
#2410 = CARTESIAN_POINT('',(7.647527531043,15.682325609354));
#2411 = CARTESIAN_POINT('',(13.153271810702,19.798981449094));
#2412 = CARTESIAN_POINT('',(19.529380101516,21.675578605216));
#2413 = CARTESIAN_POINT('',(26.424819211023,22.694099292906));
#2414 = CARTESIAN_POINT('',(34.259401626133,23.543530005257));
#2415 = CARTESIAN_POINT('',(42.04247020269,21.567881890683));
#2416 = CARTESIAN_POINT('',(48.515042192908,20.219540804845));
#2417 = CARTESIAN_POINT('',(53.282328570166,18.70753120153));
#2418 = CARTESIAN_POINT('',(55.976622149071,15.189593798554));
#2419 = CARTESIAN_POINT('',(57.087686041662,10.850658046142));
#2420 = CARTESIAN_POINT('',(57.730871045956,6.061049310282));
#2421 = CARTESIAN_POINT('',(58.096448875726,1.242295149398));
#2422 = CARTESIAN_POINT('',(57.910751295629,-3.232785010455));
#2423 = CARTESIAN_POINT('',(56.00583389243,-7.233584425486));
#2424 = CARTESIAN_POINT('',(51.656525748306,-9.702727152463));
#2425 = CARTESIAN_POINT('',(45.605086031896,-12.36593931405));
#2426 = CARTESIAN_POINT('',(38.402218085238,-15.9149310935));
#2427 = CARTESIAN_POINT('',(30.561486111589,-16.71122045679));
#2428 = CARTESIAN_POINT('',(23.606482984519,-17.1468301476));
#2429 = CARTESIAN_POINT('',(16.973208404945,-16.63606222019));
#2430 = CARTESIAN_POINT('',(10.756363140935,-13.75013773754));
#2431 = CARTESIAN_POINT('',(5.570379186545,-9.812558251992));
#2432 = CARTESIAN_POINT('',(1.999679065129,-5.155601554182));
#2433 = CARTESIAN_POINT('',(-1.006182838394E-02,-1.768641273798));
#2434 = CARTESIAN_POINT('',(1.006182838394E-02,1.768641273798));
#2435 = ( GEOMETRIC_REPRESENTATION_CONTEXT(2) 
PARAMETRIC_REPRESENTATION_CONTEXT() REPRESENTATION_CONTEXT('2D SPACE',''
  ) );
#2436 = ORIENTED_EDGE('',*,*,#2437,.T.);
#2437 = EDGE_CURVE('',#2358,#2438,#2440,.T.);
#2438 = VERTEX_POINT('',#2439);
#2439 = CARTESIAN_POINT('',(-26.78932316126,-3.125,4.));
#2440 = SURFACE_CURVE('',#2441,(#2447,#2456),.PCURVE_S1.);
#2441 = B_SPLINE_CURVE_WITH_KNOTS('',4,(#2442,#2443,#2444,#2445,#2446),
  .UNSPECIFIED.,.F.,.F.,(5,5),(0.,1.),.PIECEWISE_BEZIER_KNOTS.);
#2442 = CARTESIAN_POINT('',(-28.01224588709,-3.125,0.));
#2443 = CARTESIAN_POINT('',(-27.70651520563,-3.125,1.));
#2444 = CARTESIAN_POINT('',(-27.40078452418,-3.125,2.));
#2445 = CARTESIAN_POINT('',(-27.09505384272,-3.125,3.));
#2446 = CARTESIAN_POINT('',(-26.78932316126,-3.125,4.));
#2447 = PCURVE('',#2275,#2448);
#2448 = DEFINITIONAL_REPRESENTATION('',(#2449),#2455);
#2449 = B_SPLINE_CURVE_WITH_KNOTS('',4,(#2450,#2451,#2452,#2453,#2454),
  .UNSPECIFIED.,.F.,.F.,(5,5),(0.,1.),.PIECEWISE_BEZIER_KNOTS.);
#2450 = CARTESIAN_POINT('',(157.51789487003,0.));
#2451 = CARTESIAN_POINT('',(157.51789487003,0.25));
#2452 = CARTESIAN_POINT('',(157.51789487003,0.5));
#2453 = CARTESIAN_POINT('',(157.51789487003,0.75));
#2454 = CARTESIAN_POINT('',(157.51789487003,1.));
#2455 = ( GEOMETRIC_REPRESENTATION_CONTEXT(2) 
PARAMETRIC_REPRESENTATION_CONTEXT() REPRESENTATION_CONTEXT('2D SPACE',''
  ) );
#2456 = PCURVE('',#2457,#2462);
#2457 = PLANE('',#2458);
#2458 = AXIS2_PLACEMENT_3D('',#2459,#2460,#2461);
#2459 = CARTESIAN_POINT('',(-100.,-3.125,-100.));
#2460 = DIRECTION('',(0.,1.,0.));
#2461 = DIRECTION('',(0.,0.,1.));
#2462 = DEFINITIONAL_REPRESENTATION('',(#2463),#2469);
#2463 = B_SPLINE_CURVE_WITH_KNOTS('',4,(#2464,#2465,#2466,#2467,#2468),
  .UNSPECIFIED.,.F.,.F.,(5,5),(0.,1.),.PIECEWISE_BEZIER_KNOTS.);
#2464 = CARTESIAN_POINT('',(100.,71.987754112903));
#2465 = CARTESIAN_POINT('',(101.,72.293484794361));
#2466 = CARTESIAN_POINT('',(102.,72.59921547582));
#2467 = CARTESIAN_POINT('',(103.,72.904946157279));
#2468 = CARTESIAN_POINT('',(104.,73.210676838737));
#2469 = ( GEOMETRIC_REPRESENTATION_CONTEXT(2) 
PARAMETRIC_REPRESENTATION_CONTEXT() REPRESENTATION_CONTEXT('2D SPACE',''
  ) );
#2470 = ORIENTED_EDGE('',*,*,#2471,.F.);
#2471 = EDGE_CURVE('',#2265,#2438,#2472,.T.);
#2472 = SURFACE_CURVE('',#2473,(#2503,#2510),.PCURVE_S1.);
#2473 = B_SPLINE_CURVE_WITH_KNOTS('',3,(#2474,#2475,#2476,#2477,#2478,
    #2479,#2480,#2481,#2482,#2483,#2484,#2485,#2486,#2487,#2488,#2489,
    #2490,#2491,#2492,#2493,#2494,#2495,#2496,#2497,#2498,#2499,#2500,
    #2501,#2502),.UNSPECIFIED.,.T.,.F.,(1,1,2,1,1,1,1,1,1,1,1,1,1,1,1,1,
    1,1,1,1,1,1,1,1,1,1,1,1,2,1,1),(-11.12863082616,-5.192301994299,0.,
    5.192301994299,11.128630826161,17.776938881599,24.45001912988,
    31.413495273302,37.423694937206,45.431347527073,54.799378269977,
    61.156264300103,65.497922969321,69.325454811122,73.816557125699,
    78.820555526978,83.824553928257,88.315656242834,92.143188084635,
    96.484846753853,102.84173278397,112.20976352688,120.21741611674,
    126.22761578065,133.19109192407,139.86417217235,146.51248022779,
    152.44880905965,157.64111105395,162.83341304825,168.76974188011),
  .UNSPECIFIED.);
#2474 = CARTESIAN_POINT('',(-26.97175525468,-4.757923115404,4.));
#2475 = CARTESIAN_POINT('',(-26.58239929364,-1.242076884596,4.));
#2476 = CARTESIAN_POINT('',(-25.53354600694,2.336215308645,4.));
#2477 = CARTESIAN_POINT('',(-22.19536598472,7.340548207808,4.));
#2478 = CARTESIAN_POINT('',(-17.53389537148,11.798094545236,4.));
#2479 = CARTESIAN_POINT('',(-11.62840894925,15.317370819243,4.));
#2480 = CARTESIAN_POINT('',(-5.091209801009,16.517954476765,4.));
#2481 = CARTESIAN_POINT('',(1.872886140984,16.81092651448,4.));
#2482 = CARTESIAN_POINT('',(9.753336558293,16.837673001601,4.));
#2483 = CARTESIAN_POINT('',(17.287576550859,14.060161584088,4.));
#2484 = CARTESIAN_POINT('',(23.58398297757,12.043362644683,4.));
#2485 = CARTESIAN_POINT('',(28.167335737639,10.041845739911,4.));
#2486 = CARTESIAN_POINT('',(30.479579656277,6.261815380072,4.));
#2487 = CARTESIAN_POINT('',(31.131524138949,1.830585886073,4.));
#2488 = CARTESIAN_POINT('',(31.271090573463,-3.,4.));
#2489 = CARTESIAN_POINT('',(31.131524066269,-7.830585886073,4.));
#2490 = CARTESIAN_POINT('',(30.479579896975,-12.26181538007,4.));
#2491 = CARTESIAN_POINT('',(28.167334937846,-16.04184573991,4.));
#2492 = CARTESIAN_POINT('',(23.583987120078,-18.04336264468,4.));
#2493 = CARTESIAN_POINT('',(17.287548150548,-20.06016158408,4.));
#2494 = CARTESIAN_POINT('',(9.753486853134,-22.8376730016,4.));
#2495 = CARTESIAN_POINT('',(1.872469199423,-22.81092651448,4.));
#2496 = CARTESIAN_POINT('',(-5.090001029268,-22.51795447676,4.));
#2497 = CARTESIAN_POINT('',(-11.63368610764,-21.31737081924,4.));
#2498 = CARTESIAN_POINT('',(-17.51521819234,-17.79809454523,4.));
#2499 = CARTESIAN_POINT('',(-22.26171610448,-13.3405482078,4.));
#2500 = CARTESIAN_POINT('',(-25.32664632828,-8.336215308645,4.));
#2501 = CARTESIAN_POINT('',(-26.97175525468,-4.757923115404,4.));
#2502 = CARTESIAN_POINT('',(-26.58239929364,-1.242076884596,4.));
#2503 = PCURVE('',#2275,#2504);
#2504 = DEFINITIONAL_REPRESENTATION('',(#2505),#2509);
#2505 = LINE('',#2506,#2507);
#2506 = CARTESIAN_POINT('',(0.,1.));
#2507 = VECTOR('',#2508,1.);
#2508 = DIRECTION('',(1.,0.));
#2509 = ( GEOMETRIC_REPRESENTATION_CONTEXT(2) 
PARAMETRIC_REPRESENTATION_CONTEXT() REPRESENTATION_CONTEXT('2D SPACE',''
  ) );
#2510 = PCURVE('',#2511,#2516);
#2511 = PLANE('',#2512);
#2512 = AXIS2_PLACEMENT_3D('',#2513,#2514,#2515);
#2513 = CARTESIAN_POINT('',(-26.77707727416,-3.,4.));
#2514 = DIRECTION('',(-2.011080212013E-18,-1.915533209503E-17,1.));
#2515 = DIRECTION('',(0.994533904972,-0.104414136312,3.851859888774E-34)
  );
#2516 = DEFINITIONAL_REPRESENTATION('',(#2517),#2547);
#2517 = B_SPLINE_CURVE_WITH_KNOTS('',3,(#2518,#2519,#2520,#2521,#2522,
    #2523,#2524,#2525,#2526,#2527,#2528,#2529,#2530,#2531,#2532,#2533,
    #2534,#2535,#2536,#2537,#2538,#2539,#2540,#2541,#2542,#2543,#2544,
    #2545,#2546),.UNSPECIFIED.,.F.,.F.,(1,1,2,1,1,1,1,1,1,1,1,1,1,1,1,1,
    1,1,1,1,1,1,1,1,1,1,1,1,2,1,1),(-11.12863082616,-5.192301994299,0.,
    5.192301994299,11.128630826161,17.776938881599,24.45001912988,
    31.413495273302,37.423694937206,45.431347527073,54.799378269977,
    61.156264300103,65.497922969321,69.325454811122,73.816557125699,
    78.820555526978,83.824553928257,88.315656242834,92.143188084635,
    96.484846753853,102.84173278397,112.20976352688,120.21741611674,
    126.22761578065,133.19109192407,139.86417217235,146.51248022779,
    152.44880905965,157.64111105395,162.83341304825,168.76974188011),
  .UNSPECIFIED.);
#2518 = CARTESIAN_POINT('',(-1.006182838394E-02,-1.768641273798));
#2519 = CARTESIAN_POINT('',(1.006182838394E-02,1.768641273798));
#2520 = CARTESIAN_POINT('',(0.679557694519,5.43688929192));
#2521 = CARTESIAN_POINT('',(3.476967810037,10.762421215776));
#2522 = CARTESIAN_POINT('',(7.647527531043,15.682325609354));
#2523 = CARTESIAN_POINT('',(13.153271810702,19.798981449094));
#2524 = CARTESIAN_POINT('',(19.529380101516,21.675578605216));
#2525 = CARTESIAN_POINT('',(26.424819211023,22.694099292906));
#2526 = CARTESIAN_POINT('',(34.259401626133,23.543530005257));
#2527 = CARTESIAN_POINT('',(42.04247020269,21.567881890683));
#2528 = CARTESIAN_POINT('',(48.515042192908,20.219540804845));
#2529 = CARTESIAN_POINT('',(53.282328570166,18.70753120153));
#2530 = CARTESIAN_POINT('',(55.976622149071,15.189593798554));
#2531 = CARTESIAN_POINT('',(57.087686041662,10.850658046142));
#2532 = CARTESIAN_POINT('',(57.730871045956,6.061049310282));
#2533 = CARTESIAN_POINT('',(58.096448875726,1.242295149398));
#2534 = CARTESIAN_POINT('',(57.910751295629,-3.232785010455));
#2535 = CARTESIAN_POINT('',(56.00583389243,-7.233584425486));
#2536 = CARTESIAN_POINT('',(51.656525748306,-9.702727152463));
#2537 = CARTESIAN_POINT('',(45.605086031896,-12.36593931405));
#2538 = CARTESIAN_POINT('',(38.402218085238,-15.9149310935));
#2539 = CARTESIAN_POINT('',(30.561486111589,-16.71122045679));
#2540 = CARTESIAN_POINT('',(23.606482984519,-17.1468301476));
#2541 = CARTESIAN_POINT('',(16.973208404945,-16.63606222019));
#2542 = CARTESIAN_POINT('',(10.756363140935,-13.75013773754));
#2543 = CARTESIAN_POINT('',(5.570379186545,-9.812558251992));
#2544 = CARTESIAN_POINT('',(1.999679065129,-5.155601554182));
#2545 = CARTESIAN_POINT('',(-1.006182838394E-02,-1.768641273798));
#2546 = CARTESIAN_POINT('',(1.006182838394E-02,1.768641273798));
#2547 = ( GEOMETRIC_REPRESENTATION_CONTEXT(2) 
PARAMETRIC_REPRESENTATION_CONTEXT() REPRESENTATION_CONTEXT('2D SPACE',''
  ) );
#2548 = ADVANCED_FACE('',(#2549),#2343,.T.);
#2549 = FACE_BOUND('',#2550,.T.);
#2550 = EDGE_LOOP('',(#2551,#2552,#2575,#2641));
#2551 = ORIENTED_EDGE('',*,*,#2262,.F.);
#2552 = ORIENTED_EDGE('',*,*,#2553,.T.);
#2553 = EDGE_CURVE('',#2263,#2554,#2556,.T.);
#2554 = VERTEX_POINT('',#2555);
#2555 = CARTESIAN_POINT('',(14.449459332498,-3.125,0.));
#2556 = SURFACE_CURVE('',#2557,(#2561,#2568),.PCURVE_S1.);
#2557 = LINE('',#2558,#2559);
#2558 = CARTESIAN_POINT('',(-64.,-3.125,0.));
#2559 = VECTOR('',#2560,1.);
#2560 = DIRECTION('',(-1.,0.,-0.));
#2561 = PCURVE('',#2343,#2562);
#2562 = DEFINITIONAL_REPRESENTATION('',(#2563),#2567);
#2563 = LINE('',#2564,#2565);
#2564 = CARTESIAN_POINT('',(100.,36.));
#2565 = VECTOR('',#2566,1.);
#2566 = DIRECTION('',(0.,-1.));
#2567 = ( GEOMETRIC_REPRESENTATION_CONTEXT(2) 
PARAMETRIC_REPRESENTATION_CONTEXT() REPRESENTATION_CONTEXT('2D SPACE',''
  ) );
#2568 = PCURVE('',#2399,#2569);
#2569 = DEFINITIONAL_REPRESENTATION('',(#2570),#2574);
#2570 = LINE('',#2571,#2572);
#2571 = CARTESIAN_POINT('',(-35.79016881194,-3.88322564534));
#2572 = VECTOR('',#2573,1.);
#2573 = DIRECTION('',(-0.994533904972,-0.104414136312));
#2574 = ( GEOMETRIC_REPRESENTATION_CONTEXT(2) 
PARAMETRIC_REPRESENTATION_CONTEXT() REPRESENTATION_CONTEXT('2D SPACE',''
  ) );
#2575 = ORIENTED_EDGE('',*,*,#2576,.T.);
#2576 = EDGE_CURVE('',#2554,#2577,#2579,.T.);
#2577 = VERTEX_POINT('',#2578);
#2578 = CARTESIAN_POINT('',(15.672382058333,-3.125,4.));
#2579 = SURFACE_CURVE('',#2580,(#2588,#2599),.PCURVE_S1.);
#2580 = B_SPLINE_CURVE_WITH_KNOTS('',3,(#2581,#2582,#2583,#2584,#2585,
    #2586,#2587),.UNSPECIFIED.,.F.,.F.,(4,1,1,1,4),(0.,0.3,0.6,0.88,1.),
  .UNSPECIFIED.);
#2581 = CARTESIAN_POINT('',(14.449459332498,-3.125,0.));
#2582 = CARTESIAN_POINT('',(14.571751605082,-3.125,0.4));
#2583 = CARTESIAN_POINT('',(14.816336150249,-3.125,1.2));
#2584 = CARTESIAN_POINT('',(15.175060149827,-3.125,2.373333333333));
#2585 = CARTESIAN_POINT('',(15.460408785855,-3.125,3.306666666667));
#2586 = CARTESIAN_POINT('',(15.623465149299,-3.125,3.84));
#2587 = CARTESIAN_POINT('',(15.672382058333,-3.125,4.));
#2588 = PCURVE('',#2343,#2589);
#2589 = DEFINITIONAL_REPRESENTATION('',(#2590),#2598);
#2590 = B_SPLINE_CURVE_WITH_KNOTS('',3,(#2591,#2592,#2593,#2594,#2595,
    #2596,#2597),.UNSPECIFIED.,.F.,.F.,(4,1,1,1,4),(0.,0.3,0.6,0.88,1.),
  .UNSPECIFIED.);
#2591 = CARTESIAN_POINT('',(100.,114.44945933249));
#2592 = CARTESIAN_POINT('',(100.4,114.57175160508));
#2593 = CARTESIAN_POINT('',(101.2,114.81633615024));
#2594 = CARTESIAN_POINT('',(102.37333333333,115.17506014982));
#2595 = CARTESIAN_POINT('',(103.30666666666,115.46040878585));
#2596 = CARTESIAN_POINT('',(103.84,115.62346514929));
#2597 = CARTESIAN_POINT('',(104.,115.67238205833));
#2598 = ( GEOMETRIC_REPRESENTATION_CONTEXT(2) 
PARAMETRIC_REPRESENTATION_CONTEXT() REPRESENTATION_CONTEXT('2D SPACE',''
  ) );
#2599 = PCURVE('',#2600,#2631);
#2600 = B_SPLINE_SURFACE_WITH_KNOTS('',14,1,(
    (#2601,#2602)
    ,(#2603,#2604)
    ,(#2605,#2606)
    ,(#2607,#2608)
    ,(#2609,#2610)
    ,(#2611,#2612)
    ,(#2613,#2614)
    ,(#2615,#2616)
    ,(#2617,#2618)
    ,(#2619,#2620)
    ,(#2621,#2622)
    ,(#2623,#2624)
    ,(#2625,#2626)
    ,(#2627,#2628)
    ,(#2629,#2630
    )),.UNSPECIFIED.,.T.,.F.,.F.,(15,15),(2,2),(0.,6.28318530718),(0.,1.
    ),.PIECEWISE_BEZIER_KNOTS.);
#2601 = CARTESIAN_POINT('',(8.335386370827,-3.,-20.));
#2602 = CARTESIAN_POINT('',(32.79384088752,-3.,60.));
#2603 = CARTESIAN_POINT('',(8.335386370833,3.485144834915,-20.));
#2604 = CARTESIAN_POINT('',(32.793840887521,3.485144834915,
    60.000000000007));
#2605 = CARTESIAN_POINT('',(5.200973851469,9.970292063633,-20.));
#2606 = CARTESIAN_POINT('',(29.659428368183,9.970292063633,
    59.999999999972));
#2607 = CARTESIAN_POINT('',(-1.067855194152,14.81423955799,
    -19.99999999998));
#2608 = CARTESIAN_POINT('',(23.390599322475,14.81423955799,
    60.000000000059));
#2609 = CARTESIAN_POINT('',(-9.533637012266,16.375970259668,
    -20.00000000004));
#2610 = CARTESIAN_POINT('',(14.924817504582,16.375970259668,
    59.999999999926));
#2611 = CARTESIAN_POINT('',(-18.32162192179,13.602715641629,
    -19.99999999991));
#2612 = CARTESIAN_POINT('',(6.136832594609,13.602715641629,
    60.00000000004));
#2613 = CARTESIAN_POINT('',(-25.03026621842,6.622041794024,
    -20.00000000014));
#2614 = CARTESIAN_POINT('',(-0.571811701309,6.622041794024,
    60.000000000049));
#2615 = CARTESIAN_POINT('',(-27.55593692844,-2.999999999754,
    -19.99999999983));
#2616 = CARTESIAN_POINT('',(-3.097482412258,-2.999999999754,
    59.999999999848));
#2617 = CARTESIAN_POINT('',(-25.03026621845,-12.62204179447,
    -20.00000000016));
#2618 = CARTESIAN_POINT('',(-0.571811701273,-12.62204179447,
    60.000000000211));
#2619 = CARTESIAN_POINT('',(-18.32162192175,-19.60271564128,
    -19.99999999987));
#2620 = CARTESIAN_POINT('',(6.136832594557,-19.60271564128,59.9999999998
    ));
#2621 = CARTESIAN_POINT('',(-9.533637012299,-22.37597025988,
    -20.00000000007));
#2622 = CARTESIAN_POINT('',(14.924817504628,-22.37597025988,
    60.000000000142));
#2623 = CARTESIAN_POINT('',(-1.067855194132,-20.81423955788,
    -19.99999999996));
#2624 = CARTESIAN_POINT('',(23.390599322446,-20.81423955788,
    59.999999999925));
#2625 = CARTESIAN_POINT('',(5.200973851461,-15.97029206367,
    -20.00000000001));
#2626 = CARTESIAN_POINT('',(29.659428368195,-15.97029206367,
    60.000000000028));
#2627 = CARTESIAN_POINT('',(8.335386370835,-9.485144834907,
    -19.99999999999));
#2628 = CARTESIAN_POINT('',(32.793840887519,-9.485144834907,
    59.999999999994));
#2629 = CARTESIAN_POINT('',(8.335386370827,-3.,-20.));
#2630 = CARTESIAN_POINT('',(32.79384088752,-3.,60.));
#2631 = DEFINITIONAL_REPRESENTATION('',(#2632),#2640);
#2632 = B_SPLINE_CURVE_WITH_KNOTS('',3,(#2633,#2634,#2635,#2636,#2637,
    #2638,#2639),.UNSPECIFIED.,.F.,.F.,(4,1,1,1,4),(0.,0.3,0.6,0.88,1.),
  .UNSPECIFIED.);
#2633 = CARTESIAN_POINT('',(6.274534680283,0.25));
#2634 = CARTESIAN_POINT('',(6.274534680283,0.255));
#2635 = CARTESIAN_POINT('',(6.274534680283,0.265));
#2636 = CARTESIAN_POINT('',(6.274534680283,0.279666666667));
#2637 = CARTESIAN_POINT('',(6.274534680283,0.291333333333));
#2638 = CARTESIAN_POINT('',(6.274534680283,0.298));
#2639 = CARTESIAN_POINT('',(6.274534680283,0.3));
#2640 = ( GEOMETRIC_REPRESENTATION_CONTEXT(2) 
PARAMETRIC_REPRESENTATION_CONTEXT() REPRESENTATION_CONTEXT('2D SPACE',''
  ) );
#2641 = ORIENTED_EDGE('',*,*,#2642,.F.);
#2642 = EDGE_CURVE('',#2265,#2577,#2643,.T.);
#2643 = SURFACE_CURVE('',#2644,(#2648,#2655),.PCURVE_S1.);
#2644 = LINE('',#2645,#2646);
#2645 = CARTESIAN_POINT('',(-63.38853863708,-3.125,4.));
#2646 = VECTOR('',#2647,1.);
#2647 = DIRECTION('',(-1.,0.,-2.011080212013E-18));
#2648 = PCURVE('',#2343,#2649);
#2649 = DEFINITIONAL_REPRESENTATION('',(#2650),#2654);
#2650 = LINE('',#2651,#2652);
#2651 = CARTESIAN_POINT('',(104.,36.611461362917));
#2652 = VECTOR('',#2653,1.);
#2653 = DIRECTION('',(-2.011080212013E-18,-1.));
#2654 = ( GEOMETRIC_REPRESENTATION_CONTEXT(2) 
PARAMETRIC_REPRESENTATION_CONTEXT() REPRESENTATION_CONTEXT('2D SPACE',''
  ) );
#2655 = PCURVE('',#2511,#2656);
#2656 = DEFINITIONAL_REPRESENTATION('',(#2657),#2661);
#2657 = LINE('',#2658,#2659);
#2658 = CARTESIAN_POINT('',(-36.39828786894,-3.947070855437));
#2659 = VECTOR('',#2660,1.);
#2660 = DIRECTION('',(-0.994533904972,-0.104414136312));
#2661 = ( GEOMETRIC_REPRESENTATION_CONTEXT(2) 
PARAMETRIC_REPRESENTATION_CONTEXT() REPRESENTATION_CONTEXT('2D SPACE',''
  ) );
#2662 = ADVANCED_FACE('',(#2663,#3355,#3390,#3662),#2511,.T.);
#2663 = FACE_BOUND('',#2664,.T.);
#2664 = EDGE_LOOP('',(#2665,#2666,#2667,#2747,#2775,#3334));
#2665 = ORIENTED_EDGE('',*,*,#2471,.F.);
#2666 = ORIENTED_EDGE('',*,*,#2642,.T.);
#2667 = ORIENTED_EDGE('',*,*,#2668,.T.);
#2668 = EDGE_CURVE('',#2577,#2669,#2671,.T.);
#2669 = VERTEX_POINT('',#2670);
#2670 = CARTESIAN_POINT('',(-9.277077274165,-12.92736119146,4.));
#2671 = SURFACE_CURVE('',#2672,(#2695,#2721),.PCURVE_S1.);
#2672 = B_SPLINE_CURVE_WITH_KNOTS('',6,(#2673,#2674,#2675,#2676,#2677,
    #2678,#2679,#2680,#2681,#2682,#2683,#2684,#2685,#2686,#2687,#2688,
    #2689,#2690,#2691,#2692,#2693,#2694),.UNSPECIFIED.,.F.,.F.,(7,5,5,5,
    7),(0.,0.250999673207,0.500999675762,0.750999677259,1.),
  .UNSPECIFIED.);
#2673 = CARTESIAN_POINT('',(15.672922725834,-3.,4.));
#2674 = CARTESIAN_POINT('',(15.672922725836,-4.441120384383,4.));
#2675 = CARTESIAN_POINT('',(15.500451120894,-5.882686721193,4.));
#2676 = CARTESIAN_POINT('',(15.155321457598,-7.297887028745,4.));
#2677 = CARTESIAN_POINT('',(14.643214587546,-8.6615779775,4.));
#2678 = CARTESIAN_POINT('',(13.973601550687,-9.949785386605,4.));
#2679 = CARTESIAN_POINT('',(12.353113830774,-12.32639605977,4.));
#2680 = CARTESIAN_POINT('',(11.40287446442,-13.41630142877,4.));
#2681 = CARTESIAN_POINT('',(10.325792666507,-14.38819319592,4.));
#2682 = CARTESIAN_POINT('',(9.140484013614,-15.22468719066,4.));
#2683 = CARTESIAN_POINT('',(7.868006809243,-15.91145522544,4.));
#2684 = CARTESIAN_POINT('',(5.198112394922,-16.966412745,4.));
#2685 = CARTESIAN_POINT('',(3.799881970285,-17.33492355756,4.));
#2686 = CARTESIAN_POINT('',(2.362933000886,-17.53456433898,4.));
#2687 = CARTESIAN_POINT('',(0.91243009784,-17.56139919023,4.));
#2688 = CARTESIAN_POINT('',(-0.526156214226,-17.41539247581,4.));
#2689 = CARTESIAN_POINT('',(-3.322277787669,-16.79084935489,4.));
#2690 = CARTESIAN_POINT('',(-4.680955715243,-16.31345703539,4.));
#2691 = CARTESIAN_POINT('',(-5.977481640415,-15.67584736201,4.));
#2692 = CARTESIAN_POINT('',(-7.189084622857,-14.88873632529,4.));
#2693 = CARTESIAN_POINT('',(-8.294899554085,-13.96619501117,4.));
#2694 = CARTESIAN_POINT('',(-9.27708323199,-12.92735488996,4.));
#2695 = PCURVE('',#2511,#2696);
#2696 = DEFINITIONAL_REPRESENTATION('',(#2697),#2720);
#2697 = B_SPLINE_CURVE_WITH_KNOTS('',6,(#2698,#2699,#2700,#2701,#2702,
    #2703,#2704,#2705,#2706,#2707,#2708,#2709,#2710,#2711,#2712,#2713,
    #2714,#2715,#2716,#2717,#2718,#2719),.UNSPECIFIED.,.F.,.F.,(7,5,5,5,
    7),(0.,0.250999673207,0.500999675762,0.750999677259,1.),
  .UNSPECIFIED.);
#2698 = CARTESIAN_POINT('',(42.217964266049,4.432380086429));
#2699 = CARTESIAN_POINT('',(42.368437606307,2.999137003014));
#2700 = CARTESIAN_POINT('',(42.347428651541,1.547441931122));
#2701 = CARTESIAN_POINT('',(42.151952417603,0.103940827227));
#2702 = CARTESIAN_POINT('',(41.785033384978,-1.305767253748));
#2703 = CARTESIAN_POINT('',(41.253587580623,-2.656850265647));
#2704 = CARTESIAN_POINT('',(39.890109351367,-5.189671984712));
#2705 = CARTESIAN_POINT('',(39.058865611454,-6.37283825012));
#2706 = CARTESIAN_POINT('',(38.089150484457,-7.451880130176));
#2707 = CARTESIAN_POINT('',(36.99766263929,-8.40756474851));
#2708 = CARTESIAN_POINT('',(35.803849207437,-9.223443452217));
#2709 = CARTESIAN_POINT('',(33.25870116795,-10.55140919304));
#2710 = CARTESIAN_POINT('',(31.906591341901,-11.06390071263));
#2711 = CARTESIAN_POINT('',(30.498342191884,-11.41248802412));
#2712 = CARTESIAN_POINT('',(29.058569813361,-11.59062920137));
#2713 = CARTESIAN_POINT('',(27.612601785801,-11.5956293208));
#2714 = CARTESIAN_POINT('',(24.766552948029,-11.26645463105));
#2715 = CARTESIAN_POINT('',(23.365455176397,-10.93353696566));
#2716 = CARTESIAN_POINT('',(22.009440721789,-10.43478816204));
#2717 = CARTESIAN_POINT('',(20.722274957305,-9.778488028006));
#2718 = CARTESIAN_POINT('',(19.52617816105,-8.976452123349));
#2719 = CARTESIAN_POINT('',(18.440893598442,-8.045844261388));
#2720 = ( GEOMETRIC_REPRESENTATION_CONTEXT(2) 
PARAMETRIC_REPRESENTATION_CONTEXT() REPRESENTATION_CONTEXT('2D SPACE',''
  ) );
#2721 = PCURVE('',#2600,#2722);
#2722 = DEFINITIONAL_REPRESENTATION('',(#2723),#2746);
#2723 = B_SPLINE_CURVE_WITH_KNOTS('',6,(#2724,#2725,#2726,#2727,#2728,
    #2729,#2730,#2731,#2732,#2733,#2734,#2735,#2736,#2737,#2738,#2739,
    #2740,#2741,#2742,#2743,#2744,#2745),.UNSPECIFIED.,.F.,.F.,(7,5,5,5,
    7),(0.,0.250999673207,0.500999675762,0.750999677259,1.),
  .UNSPECIFIED.);
#2724 = CARTESIAN_POINT('',(6.28318530718,0.3));
#2725 = CARTESIAN_POINT('',(6.183453792689,0.3));
#2726 = CARTESIAN_POINT('',(6.083692072071,0.3));
#2727 = CARTESIAN_POINT('',(5.983965612631,0.3));
#2728 = CARTESIAN_POINT('',(5.884239159821,0.3));
#2729 = CARTESIAN_POINT('',(5.784477429908,0.3));
#2730 = CARTESIAN_POINT('',(5.585411608386,0.3));
#2731 = CARTESIAN_POINT('',(5.48604767501,0.3));
#2732 = CARTESIAN_POINT('',(5.386718332014,0.3));
#2733 = CARTESIAN_POINT('',(5.287388988198,0.3));
#2734 = CARTESIAN_POINT('',(5.188025053587,0.3));
#2735 = CARTESIAN_POINT('',(4.9893564377,0.3));
#2736 = CARTESIAN_POINT('',(4.889992503718,0.3));
#2737 = CARTESIAN_POINT('',(4.790663160078,0.3));
#2738 = CARTESIAN_POINT('',(4.691333816499,0.3));
#2739 = CARTESIAN_POINT('',(4.591969882621,0.3));
#2740 = CARTESIAN_POINT('',(4.393698476767,0.3));
#2741 = CARTESIAN_POINT('',(4.2947323307,0.3));
#2742 = CARTESIAN_POINT('',(4.195800099209,0.3));
#2743 = CARTESIAN_POINT('',(4.096867867976,0.3));
#2744 = CARTESIAN_POINT('',(3.997901722504,0.3));
#2745 = CARTESIAN_POINT('',(3.898964625051,0.3));
#2746 = ( GEOMETRIC_REPRESENTATION_CONTEXT(2) 
PARAMETRIC_REPRESENTATION_CONTEXT() REPRESENTATION_CONTEXT('2D SPACE',''
  ) );
#2747 = ORIENTED_EDGE('',*,*,#2748,.F.);
#2748 = EDGE_CURVE('',#2749,#2669,#2751,.T.);
#2749 = VERTEX_POINT('',#2750);
#2750 = CARTESIAN_POINT('',(-9.277077274165,-13.1,4.));
#2751 = SURFACE_CURVE('',#2752,(#2756,#2763),.PCURVE_S1.);
#2752 = LINE('',#2753,#2754);
#2753 = CARTESIAN_POINT('',(-9.277077274165,-8.05,4.));
#2754 = VECTOR('',#2755,1.);
#2755 = DIRECTION('',(5.85637273498E-18,1.,1.915533209503E-17));
#2756 = PCURVE('',#2511,#2757);
#2757 = DEFINITIONAL_REPRESENTATION('',(#2758),#2762);
#2758 = LINE('',#2759,#2760);
#2759 = CARTESIAN_POINT('',(17.931634725379,-3.195148834654));
#2760 = VECTOR('',#2761,1.);
#2761 = DIRECTION('',(-0.104414136312,0.994533904972));
#2762 = ( GEOMETRIC_REPRESENTATION_CONTEXT(2) 
PARAMETRIC_REPRESENTATION_CONTEXT() REPRESENTATION_CONTEXT('2D SPACE',''
  ) );
#2763 = PCURVE('',#2764,#2769);
#2764 = PLANE('',#2765);
#2765 = AXIS2_PLACEMENT_3D('',#2766,#2767,#2768);
#2766 = CARTESIAN_POINT('',(7.84384088752,-13.1,60.));
#2767 = DIRECTION('',(0.956304755963,0.,-0.292371704723));
#2768 = DIRECTION('',(0.,1.,0.));
#2769 = DEFINITIONAL_REPRESENTATION('',(#2770),#2774);
#2770 = LINE('',#2771,#2772);
#2771 = CARTESIAN_POINT('',(5.05,-58.55873836328));
#2772 = VECTOR('',#2773,1.);
#2773 = DIRECTION('',(1.,2.003057286455E-17));
#2774 = ( GEOMETRIC_REPRESENTATION_CONTEXT(2) 
PARAMETRIC_REPRESENTATION_CONTEXT() REPRESENTATION_CONTEXT('2D SPACE',''
  ) );
#2775 = ORIENTED_EDGE('',*,*,#2776,.T.);
#2776 = EDGE_CURVE('',#2749,#2777,#2779,.T.);
#2777 = VERTEX_POINT('',#2778);
#2778 = CARTESIAN_POINT('',(-19.97707749881,-3.125,4.));
#2779 = SURFACE_CURVE('',#2780,(#2951,#3125),.PCURVE_S1.);
#2780 = B_SPLINE_CURVE_WITH_KNOTS('',8,(#2781,#2782,#2783,#2784,#2785,
    #2786,#2787,#2788,#2789,#2790,#2791,#2792,#2793,#2794,#2795,#2796,
    #2797,#2798,#2799,#2800,#2801,#2802,#2803,#2804,#2805,#2806,#2807,
    #2808,#2809,#2810,#2811,#2812,#2813,#2814,#2815,#2816,#2817,#2818,
    #2819,#2820,#2821,#2822,#2823,#2824,#2825,#2826,#2827,#2828,#2829,
    #2830,#2831,#2832,#2833,#2834,#2835,#2836,#2837,#2838,#2839,#2840,
    #2841,#2842,#2843,#2844,#2845,#2846,#2847,#2848,#2849,#2850,#2851,
    #2852,#2853,#2854,#2855,#2856,#2857,#2858,#2859,#2860,#2861,#2862,
    #2863,#2864,#2865,#2866,#2867,#2868,#2869,#2870,#2871,#2872,#2873,
    #2874,#2875,#2876,#2877,#2878,#2879,#2880,#2881,#2882,#2883,#2884,
    #2885,#2886,#2887,#2888,#2889,#2890,#2891,#2892,#2893,#2894,#2895,
    #2896,#2897,#2898,#2899,#2900,#2901,#2902,#2903,#2904,#2905,#2906,
    #2907,#2908,#2909,#2910,#2911,#2912,#2913,#2914,#2915,#2916,#2917,
    #2918,#2919,#2920,#2921,#2922,#2923,#2924,#2925,#2926,#2927,#2928,
    #2929,#2930,#2931,#2932,#2933,#2934,#2935,#2936,#2937,#2938,#2939,
    #2940,#2941,#2942,#2943,#2944,#2945,#2946,#2947,#2948,#2949,#2950),
  .UNSPECIFIED.,.F.,.F.,(9,7,7,7,7,7,7,7,7,7,7,7,7,7,7,7,7,7,7,7,7,7,7,7
    ,9),(0.,3.414385910232E-02,7.916187991182E-02,0.11318216408,
    0.131686305989,0.150190448133,0.18732133709,0.228273000251,
    0.242686617285,0.258701749814,0.314195879467,0.324515677561,
    0.360955099775,0.388136075678,0.409131242003,0.425025360442,
    0.471462425504,0.506611922322,0.523428205894,0.541773458787,
    0.609267462463,0.643079238234,0.777935508076,0.911730676985,1.),
  .UNSPECIFIED.);
#2781 = CARTESIAN_POINT('',(-9.277077274165,-13.1,4.));
#2782 = CARTESIAN_POINT('',(-9.389606640336,-13.11201732152,4.));
#2783 = CARTESIAN_POINT('',(-9.50215311311,-13.12442303602,4.));
#2784 = CARTESIAN_POINT('',(-9.614712259832,-13.13717238927,4.));
#2785 = CARTESIAN_POINT('',(-9.727279872706,-13.15022086739,4.));
#2786 = CARTESIAN_POINT('',(-9.839851968793,-13.1635241969,4.));
#2787 = CARTESIAN_POINT('',(-9.952424790017,-13.17703834467,4.));
#2788 = CARTESIAN_POINT('',(-10.06499480315,-13.19071951794,4.));
#2789 = CARTESIAN_POINT('',(-10.32597203031,-13.22272532483,4.));
#2790 = CARTESIAN_POINT('',(-10.47437423116,-13.24114095743,4.));
#2791 = CARTESIAN_POINT('',(-10.62275789076,-13.25967096272,4.));
#2792 = CARTESIAN_POINT('',(-10.77111545641,-13.27821547341,4.));
#2793 = CARTESIAN_POINT('',(-10.91943921291,-13.29667457233,4.));
#2794 = CARTESIAN_POINT('',(-11.06772126116,-13.31494801035,4.));
#2795 = CARTESIAN_POINT('',(-11.21595349674,-13.3329349243,4.));
#2796 = CARTESIAN_POINT('',(-11.47610329545,-13.363832905,4.));
#2797 = CARTESIAN_POINT('',(-11.58804551125,-13.37691041705,4.));
#2798 = CARTESIAN_POINT('',(-11.69995057867,-13.3897222898,4.));
#2799 = CARTESIAN_POINT('',(-11.81181448771,-13.40222427455,4.));
#2800 = CARTESIAN_POINT('',(-11.92363287554,-13.41437167516,4.));
#2801 = CARTESIAN_POINT('',(-12.0354010265,-13.4261193481,4.));
#2802 = CARTESIAN_POINT('',(-12.14711387212,-13.43742170246,4.));
#2803 = CARTESIAN_POINT('',(-12.31949525029,-13.45411296327,4.));
#2804 = CARTESIAN_POINT('',(-12.38017409433,-13.45984174451,4.));
#2805 = CARTESIAN_POINT('',(-12.44080680031,-13.4654304507,4.));
#2806 = CARTESIAN_POINT('',(-12.50139978237,-13.47092574904,4.));
#2807 = CARTESIAN_POINT('',(-12.5619566571,-13.47632771828,4.));
#2808 = CARTESIAN_POINT('',(-12.62248361559,-13.4816800059,4.));
#2809 = CARTESIAN_POINT('',(-12.68298521794,-13.48699765156,4.));
#2810 = CARTESIAN_POINT('',(-12.80394819458,-13.49761903573,4.));
#2811 = CARTESIAN_POINT('',(-12.86440955027,-13.50292235251,4.));
#2812 = CARTESIAN_POINT('',(-12.92485586406,-13.50824300278,4.));
#2813 = CARTESIAN_POINT('',(-12.98529222703,-13.51360569535,4.));
#2814 = CARTESIAN_POINT('',(-13.0457237303,-13.51903513902,4.));
#2815 = CARTESIAN_POINT('',(-13.10615546497,-13.52455604262,4.));
#2816 = CARTESIAN_POINT('',(-13.16659252214,-13.53019311494,4.));
#2817 = CARTESIAN_POINT('',(-13.34833544709,-13.54756524807,4.));
#2818 = CARTESIAN_POINT('',(-13.46962474764,-13.55972213274,4.));
#2819 = CARTESIAN_POINT('',(-13.59091997452,-13.57263764605,4.));
#2820 = CARTESIAN_POINT('',(-13.71222952621,-13.58650624424,4.));
#2821 = CARTESIAN_POINT('',(-13.83355805836,-13.60151942989,4.));
#2822 = CARTESIAN_POINT('',(-13.95490642246,-13.61786426921,4.));
#2823 = CARTESIAN_POINT('',(-14.07627160456,-13.63572190933,4.));
#2824 = CARTESIAN_POINT('',(-14.33151123564,-13.67682138176,4.));
#2825 = CARTESIAN_POINT('',(-14.46538670546,-13.70042794582,4.));
#2826 = CARTESIAN_POINT('',(-14.59926151635,-13.72631822218,4.));
#2827 = CARTESIAN_POINT('',(-14.73311581322,-13.75471289521,4.));
#2828 = CARTESIAN_POINT('',(-14.86692146458,-13.78581745482,4.));
#2829 = CARTESIAN_POINT('',(-15.00064208424,-13.81981875203,4.));
#2830 = CARTESIAN_POINT('',(-15.13423305294,-13.85688155447,4.));
#2831 = CARTESIAN_POINT('',(-15.31459686967,-13.91131652525,4.));
#2832 = CARTESIAN_POINT('',(-15.36163165258,-13.92592228524,4.));
#2833 = CARTESIAN_POINT('',(-15.4087347882,-13.94091442583,4.));
#2834 = CARTESIAN_POINT('',(-15.45589520018,-13.95624372431,4.));
#2835 = CARTESIAN_POINT('',(-15.50310182344,-13.97186023257,4.));
#2836 = CARTESIAN_POINT('',(-15.55034359115,-13.98771381846,4.));
#2837 = CARTESIAN_POINT('',(-15.5976094218,-14.00375470701,4.));
#2838 = CARTESIAN_POINT('',(-15.69742019695,-14.03791104103,4.));
#2839 = CARTESIAN_POINT('',(-15.74996820617,-14.05605860313,4.));
#2840 = CARTESIAN_POINT('',(-15.80251703735,-14.0743086658,4.));
#2841 = CARTESIAN_POINT('',(-15.855051494,-14.09259318673,4.));
#2842 = CARTESIAN_POINT('',(-15.90755637964,-14.1108441236,4.));
#2843 = CARTESIAN_POINT('',(-15.96001649779,-14.1289934341,4.));
#2844 = CARTESIAN_POINT('',(-16.01241665195,-14.14697307591,4.));
#2845 = CARTESIAN_POINT('',(-16.24605328825,-14.22619267529,4.));
#2846 = CARTESIAN_POINT('',(-16.42695235798,-14.28498233114,4.));
#2847 = CARTESIAN_POINT('',(-16.60812341333,-14.33867492067,4.));
#2848 = CARTESIAN_POINT('',(-16.78970903507,-14.3845161822,4.));
#2849 = CARTESIAN_POINT('',(-16.97131801407,-14.41905829286,4.));
#2850 = CARTESIAN_POINT('',(-17.15204070595,-14.4381686133,4.));
#2851 = CARTESIAN_POINT('',(-17.33046355878,-14.43711629271,4.));
#2852 = CARTESIAN_POINT('',(-17.53712844088,-14.40690884276,4.));
#2853 = CARTESIAN_POINT('',(-17.56933927178,-14.40134770621,4.));
#2854 = CARTESIAN_POINT('',(-17.60134673808,-14.39491901216,4.));
#2855 = CARTESIAN_POINT('',(-17.633143988,-14.38759179254,4.));
#2856 = CARTESIAN_POINT('',(-17.66472591291,-14.37934714026,4.));
#2857 = CARTESIAN_POINT('',(-17.69608914733,-14.37017820925,4.));
#2858 = CARTESIAN_POINT('',(-17.72723206893,-14.36009021446,4.));
#2859 = CARTESIAN_POINT('',(-17.86734360129,-14.31029528015,4.));
#2860 = CARTESIAN_POINT('',(-17.9732075203,-14.26053943579,4.));
#2861 = CARTESIAN_POINT('',(-18.07538309879,-14.20098770945,4.));
#2862 = CARTESIAN_POINT('',(-18.17368997709,-14.13289282752,4.));
#2863 = CARTESIAN_POINT('',(-18.2680729889,-14.05744877754,4.));
#2864 = CARTESIAN_POINT('',(-18.35856936272,-13.9757147185,4.));
#2865 = CARTESIAN_POINT('',(-18.4452881247,-13.88858294797,4.));
#2866 = CARTESIAN_POINT('',(-18.59037544124,-13.72825747479,4.));
#2867 = CARTESIAN_POINT('',(-18.65033161508,-13.65716673197,4.));
#2868 = CARTESIAN_POINT('',(-18.7083135059,-13.58378847428,4.));
#2869 = CARTESIAN_POINT('',(-18.76437348696,-13.50839766732,4.));
#2870 = CARTESIAN_POINT('',(-18.81856008218,-13.43124051053,4.));
#2871 = CARTESIAN_POINT('',(-18.87091792875,-13.35253698966,4.));
#2872 = CARTESIAN_POINT('',(-18.9214877398,-13.27248342937,4.));
#2873 = CARTESIAN_POINT('',(-19.00801474025,-13.1285125073,4.));
#2874 = CARTESIAN_POINT('',(-19.04467584521,-13.06507308509,4.));
#2875 = CARTESIAN_POINT('',(-19.08030506768,-13.00101989672,4.));
#2876 = CARTESIAN_POINT('',(-19.11491463267,-12.93643198199,4.));
#2877 = CARTESIAN_POINT('',(-19.14851347,-12.87138518982,4.));
#2878 = CARTESIAN_POINT('',(-19.18110717986,-12.80595306528,4.));
#2879 = CARTESIAN_POINT('',(-19.21269799827,-12.74020773645,4.));
#2880 = CARTESIAN_POINT('',(-19.26644007607,-12.62426624793,4.));
#2881 = CARTESIAN_POINT('',(-19.28902034404,-12.57417116727,4.));
#2882 = CARTESIAN_POINT('',(-19.31102065808,-12.52398589148,4.));
#2883 = CARTESIAN_POINT('',(-19.33244536979,-12.4737081401,4.));
#2884 = CARTESIAN_POINT('',(-19.35330065023,-12.42332901287,4.));
#2885 = CARTESIAN_POINT('',(-19.37359109252,-12.37285377315,4.));
#2886 = CARTESIAN_POINT('',(-19.39332035773,-12.32229742226,4.));
#2887 = CARTESIAN_POINT('',(-19.46851999869,-12.12369577592,4.));
#2888 = CARTESIAN_POINT('',(-19.51981548866,-11.97501764082,4.));
#2889 = CARTESIAN_POINT('',(-19.5665331554,-11.82571495552,4.));
#2890 = CARTESIAN_POINT('',(-19.60887406843,-11.67587058813,4.));
#2891 = CARTESIAN_POINT('',(-19.64708183145,-11.52555562907,4.));
#2892 = CARTESIAN_POINT('',(-19.68143486853,-11.37482904149,4.));
#2893 = CARTESIAN_POINT('',(-19.71223871024,-11.22373731166,4.));
#2894 = CARTESIAN_POINT('',(-19.76069401765,-10.95769768891,4.));
#2895 = CARTESIAN_POINT('',(-19.77972246515,-10.84289098003,4.));
#2896 = CARTESIAN_POINT('',(-19.79704502941,-10.72790665455,4.));
#2897 = CARTESIAN_POINT('',(-19.81280898176,-10.61275393977,4.));
#2898 = CARTESIAN_POINT('',(-19.82716609024,-10.49743859704,4.));
#2899 = CARTESIAN_POINT('',(-19.84027125187,-10.38196291023,4.));
#2900 = CARTESIAN_POINT('',(-19.8522811251,-10.26632567417,4.));
#2901 = CARTESIAN_POINT('',(-19.86864967405,-10.09511927493,4.));
#2902 = CARTESIAN_POINT('',(-19.87373421511,-10.03966092796,4.));
#2903 = CARTESIAN_POINT('',(-19.87861688388,-9.984144669551,4.));
#2904 = CARTESIAN_POINT('',(-19.88333780589,-9.928564823717,4.));
#2905 = CARTESIAN_POINT('',(-19.88788903452,-9.872923732781,4.));
#2906 = CARTESIAN_POINT('',(-19.89225660071,-9.817225486558,4.));
#2907 = CARTESIAN_POINT('',(-19.8964653213,-9.761469351217,4.));
#2908 = CARTESIAN_POINT('',(-19.90492112352,-9.644776541282,4.));
#2909 = CARTESIAN_POINT('',(-19.90913905597,-9.583827688885,4.));
#2910 = CARTESIAN_POINT('',(-19.91316814355,-9.522815658962,4.));
#2911 = CARTESIAN_POINT('',(-19.91701335673,-9.461742577928,4.));
#2912 = CARTESIAN_POINT('',(-19.92067966599,-9.400610572202,4.));
#2913 = CARTESIAN_POINT('',(-19.92417204178,-9.339421768201,4.));
#2914 = CARTESIAN_POINT('',(-19.92749545457,-9.278178292343,4.));
#2915 = CARTESIAN_POINT('',(-19.94227869512,-8.991368133354,4.));
#2916 = CARTESIAN_POINT('',(-19.95166737201,-8.765440459386,4.));
#2917 = CARTESIAN_POINT('',(-19.95908066817,-8.53917206729,4.));
#2918 = CARTESIAN_POINT('',(-19.96477353698,-8.312631149854,4.));
#2919 = CARTESIAN_POINT('',(-19.96899696315,-8.085881474235,4.));
#2920 = CARTESIAN_POINT('',(-19.9719988034,-7.858982581685,4.));
#2921 = CARTESIAN_POINT('',(-19.97402462703,-7.631989987282,4.));
#2922 = CARTESIAN_POINT('',(-19.97596676318,-7.29122019094,4.));
#2923 = CARTESIAN_POINT('',(-19.97643132927,-7.17747489597,4.));
#2924 = CARTESIAN_POINT('',(-19.97674289806,-7.063726196808,4.));
#2925 = CARTESIAN_POINT('',(-19.97693210176,-6.949980752193,4.));
#2926 = CARTESIAN_POINT('',(-19.97702956152,-6.836245177541,4.));
#2927 = CARTESIAN_POINT('',(-19.97706588749,-6.722526044945,4.));
#2928 = CARTESIAN_POINT('',(-19.9770716788,-6.608829883177,4.));
#2929 = CARTESIAN_POINT('',(-19.97710083503,-6.041810239016,4.));
#2930 = CARTESIAN_POINT('',(-19.9771104459,-5.588922963831,4.));
#2931 = CARTESIAN_POINT('',(-19.97710970309,-5.136423291734,4.));
#2932 = CARTESIAN_POINT('',(-19.97710220078,-4.684231820564,4.));
#2933 = CARTESIAN_POINT('',(-19.9770916439,-4.232268107618,4.));
#2934 = CARTESIAN_POINT('',(-19.97708171176,-3.780450970879,4.));
#2935 = CARTESIAN_POINT('',(-19.97707592158,-3.328698790231,4.));
#2936 = CARTESIAN_POINT('',(-19.97707905018,-2.428715519036,4.));
#2937 = CARTESIAN_POINT('',(-19.97708152079,-1.704088153949,4.));
#2938 = CARTESIAN_POINT('',(-19.97714004212,-0.963392965276,4.));
#2939 = CARTESIAN_POINT('',(-19.97707486604,-0.374996440634,4.));
#2940 = CARTESIAN_POINT('',(-19.97714243143,-1.369121356428E-02,4.));
#2941 = CARTESIAN_POINT('',(-19.97705955406,0.151033768775,4.));
#2942 = CARTESIAN_POINT('',(-19.97710294014,0.261170927864,4.));
#2943 = CARTESIAN_POINT('',(-19.97705158596,0.786692234584,4.));
#2944 = CARTESIAN_POINT('',(-19.97697509787,0.995670493203,4.));
#2945 = CARTESIAN_POINT('',(-19.97665243555,1.204696046934,4.));
#2946 = CARTESIAN_POINT('',(-19.97589405107,1.413728532986,4.));
#2947 = CARTESIAN_POINT('',(-19.97451022948,1.62272641726,4.));
#2948 = CARTESIAN_POINT('',(-19.97231037066,1.831646835621,4.));
#2949 = CARTESIAN_POINT('',(-19.96910227114,2.040445435171,4.));
#2950 = CARTESIAN_POINT('',(-19.96469140588,2.249076215526,4.));
#2951 = PCURVE('',#2511,#2952);
#2952 = DEFINITIONAL_REPRESENTATION('',(#2953),#3124);
#2953 = B_SPLINE_CURVE_WITH_KNOTS('',8,(#2954,#2955,#2956,#2957,#2958,
    #2959,#2960,#2961,#2962,#2963,#2964,#2965,#2966,#2967,#2968,#2969,
    #2970,#2971,#2972,#2973,#2974,#2975,#2976,#2977,#2978,#2979,#2980,
    #2981,#2982,#2983,#2984,#2985,#2986,#2987,#2988,#2989,#2990,#2991,
    #2992,#2993,#2994,#2995,#2996,#2997,#2998,#2999,#3000,#3001,#3002,
    #3003,#3004,#3005,#3006,#3007,#3008,#3009,#3010,#3011,#3012,#3013,
    #3014,#3015,#3016,#3017,#3018,#3019,#3020,#3021,#3022,#3023,#3024,
    #3025,#3026,#3027,#3028,#3029,#3030,#3031,#3032,#3033,#3034,#3035,
    #3036,#3037,#3038,#3039,#3040,#3041,#3042,#3043,#3044,#3045,#3046,
    #3047,#3048,#3049,#3050,#3051,#3052,#3053,#3054,#3055,#3056,#3057,
    #3058,#3059,#3060,#3061,#3062,#3063,#3064,#3065,#3066,#3067,#3068,
    #3069,#3070,#3071,#3072,#3073,#3074,#3075,#3076,#3077,#3078,#3079,
    #3080,#3081,#3082,#3083,#3084,#3085,#3086,#3087,#3088,#3089,#3090,
    #3091,#3092,#3093,#3094,#3095,#3096,#3097,#3098,#3099,#3100,#3101,
    #3102,#3103,#3104,#3105,#3106,#3107,#3108,#3109,#3110,#3111,#3112,
    #3113,#3114,#3115,#3116,#3117,#3118,#3119,#3120,#3121,#3122,#3123),
  .UNSPECIFIED.,.F.,.F.,(9,7,7,7,7,7,7,7,7,7,7,7,7,7,7,7,7,7,7,7,7,7,7,7
    ,9),(0.,3.414385910232E-02,7.916187991182E-02,0.11318216408,
    0.131686305989,0.150190448133,0.18732133709,0.228273000251,
    0.242686617285,0.258701749814,0.314195879467,0.324515677561,
    0.360955099775,0.388136075678,0.409131242003,0.425025360442,
    0.471462425504,0.506611922322,0.523428205894,0.541773458787,
    0.609267462463,0.643079238234,0.777935508076,0.911730676985,1.),
  .UNSPECIFIED.);
#2954 = CARTESIAN_POINT('',(18.458926113753,-8.217545054761));
#2955 = CARTESIAN_POINT('',(18.348266622038,-8.241246345038));
#2956 = CARTESIAN_POINT('',(18.237630670945,-8.265335691477));
#2957 = CARTESIAN_POINT('',(18.127017995923,-8.289768121638));
#2958 = CARTESIAN_POINT('',(18.016428133892,-8.314498925618));
#2959 = CARTESIAN_POINT('',(17.90586042324,-8.339483656049));
#2960 = CARTESIAN_POINT('',(17.795314003821,-8.3646781281));
#2961 = CARTESIAN_POINT('',(17.684787816961,-8.390038419477));
#2962 = CARTESIAN_POINT('',(17.428578974814,-8.449118991354));
#2963 = CARTESIAN_POINT('',(17.28291080687,-8.482929249985));
#2964 = CARTESIAN_POINT('',(17.13727302095,-8.516851320161));
#2965 = CARTESIAN_POINT('',(16.991662700921,-8.550785091878));
#2966 = CARTESIAN_POINT('',(16.846077087039,-8.584630388542));
#2967 = CARTESIAN_POINT('',(16.700513567801,-8.618286684206));
#2968 = CARTESIAN_POINT('',(16.554969671794,-8.65165282083));
#2969 = CARTESIAN_POINT('',(16.299468062575,-8.70954522677));
#2970 = CARTESIAN_POINT('',(16.189503210691,-8.734239605677));
#2971 = CARTESIAN_POINT('',(16.079547567627,-8.758665918485));
#2972 = CARTESIAN_POINT('',(15.969600501282,-8.782779739639));
#2973 = CARTESIAN_POINT('',(15.859661683732,-8.806536161789));
#2974 = CARTESIAN_POINT('',(15.74973109123,-8.829889795789));
#2975 = CARTESIAN_POINT('',(15.639809004204,-8.852794770696));
#2976 = CARTESIAN_POINT('',(15.470112682613,-8.887393848208));
#2977 = CARTESIAN_POINT('',(15.410363680642,-8.899427044475));
#2978 = CARTESIAN_POINT('',(15.350645938734,-8.911316113896));
#2979 = CARTESIAN_POINT('',(15.290957950499,-8.923108138295));
#2980 = CARTESIAN_POINT('',(15.231296127355,-8.93480357363));
#2981 = CARTESIAN_POINT('',(15.171658869453,-8.946446475232));
#2982 = CARTESIAN_POINT('',(15.112043211997,-8.958052276695));
#2983 = CARTESIAN_POINT('',(14.992850453131,-8.981245848096));
#2984 = CARTESIAN_POINT('',(14.933273326196,-8.992833196684));
#2985 = CARTESIAN_POINT('',(14.873712968813,-9.004436213421));
#2986 = CARTESIAN_POINT('',(14.814166897655,-9.016080003641));
#2987 = CARTESIAN_POINT('',(14.754632629396,-9.027789672679));
#2988 = CARTESIAN_POINT('',(14.695107680711,-9.03959032587));
#2989 = CARTESIAN_POINT('',(14.635589568273,-9.051507068549));
#2990 = CARTESIAN_POINT('',(14.4566539637,-9.087760774485));
#2991 = CARTESIAN_POINT('',(14.337296992612,-9.112515526033));
#2992 = CARTESIAN_POINT('',(14.218013339131,-9.138025378273));
#2993 = CARTESIAN_POINT('',(14.098814954678,-9.164484601454));
#2994 = CARTESIAN_POINT('',(13.979717204634,-9.192084137497));
#2995 = CARTESIAN_POINT('',(13.860738774502,-9.221010118998));
#2996 = CARTESIAN_POINT('',(13.741901576086,-9.251442388233));
#2997 = CARTESIAN_POINT('',(13.492348475,-9.318967832667));
#2998 = CARTESIAN_POINT('',(13.361669640217,-9.356423852562));
#2999 = CARTESIAN_POINT('',(13.231229912612,-9.396151032969));
#3000 = CARTESIAN_POINT('',(13.101072081315,-9.438366778815));
#3001 = CARTESIAN_POINT('',(12.971245580087,-9.483272519469));
#3002 = CARTESIAN_POINT('',(12.841806106123,-9.53105028536));
#3003 = CARTESIAN_POINT('',(12.712815238855,-9.581859284615));
#3004 = CARTESIAN_POINT('',(12.539121088353,-9.654829240823));
#3005 = CARTESIAN_POINT('',(12.493868449843,-9.674266260568));
#3006 = CARTESIAN_POINT('',(12.448588175848,-9.694094685919));
#3007 = CARTESIAN_POINT('',(12.403286142622,-9.714264406679));
#3008 = CARTESIAN_POINT('',(12.357968139481,-9.734724592422));
#3009 = CARTESIAN_POINT('',(12.312639938238,-9.755424229474));
#3010 = CARTESIAN_POINT('',(12.267307362637,-9.776312657891));
#3011 = CARTESIAN_POINT('',(12.171608566783,-9.82070394602));
#3012 = CARTESIAN_POINT('',(12.121242651992,-9.844239066824));
#3013 = CARTESIAN_POINT('',(12.070886622249,-9.867876213741));
#3014 = CARTESIAN_POINT('',(12.020548486391,-9.891546129655));
#3015 = CARTESIAN_POINT('',(11.970236253257,-9.915179557455));
#3016 = CARTESIAN_POINT('',(11.919957931684,-9.938707240024));
#3017 = CARTESIAN_POINT('',(11.86972153051,-9.962059920251));
#3018 = CARTESIAN_POINT('',(11.645633620318,-10.06524146535));
#3019 = CARTESIAN_POINT('',(11.471861833235,-10.14259819149));
#3020 = CARTESIAN_POINT('',(11.297287341449,-10.21491411149));
#3021 = CARTESIAN_POINT('',(11.121480759702,-10.27946490618));
#3022 = CARTESIAN_POINT('',(10.94447115729,-10.33278075107));
#3023 = CARTESIAN_POINT('',(10.766731700427,-10.37065661647));
#3024 = CARTESIAN_POINT('',(10.589174246715,-10.38823991605));
#3025 = CARTESIAN_POINT('',(10.380484929704,-10.37977631805));
#3026 = CARTESIAN_POINT('',(10.347869504994,-10.3776088453));
#3027 = CARTESIAN_POINT('',(10.315365748015,-10.37455732305));
#3028 = CARTESIAN_POINT('',(10.282977239578,-10.37059023709));
#3029 = CARTESIAN_POINT('',(10.250707086221,-10.36568825027));
#3030 = CARTESIAN_POINT('',(10.218557920203,-10.35984420255));
#3031 = CARTESIAN_POINT('',(10.18653189951,-10.35306311096));
#3032 = CARTESIAN_POINT('',(10.04198693504,-10.31816998513));
#3033 = CARTESIAN_POINT('',(9.931506464757,-10.27973980062));
#3034 = CARTESIAN_POINT('',(9.823671345622,-10.23118216445));
#3035 = CARTESIAN_POINT('',(9.718791753774,-10.1737241234));
#3036 = CARTESIAN_POINT('',(9.617047223157,-10.10854737844));
#3037 = CARTESIAN_POINT('',(9.518511319937,-10.03670918624));
#3038 = CARTESIAN_POINT('',(9.423168782388,-9.959108350887));
#3039 = CARTESIAN_POINT('',(9.262134281098,-9.814808398826));
#3040 = CARTESIAN_POINT('',(9.195082954884,-9.750366516871));
#3041 = CARTESIAN_POINT('',(9.129756271195,-9.683443480759));
#3042 = CARTESIAN_POINT('',(9.066130853321,-9.614318221622));
#3043 = CARTESIAN_POINT('',(9.004184149293,-9.543240659716));
#3044 = CARTESIAN_POINT('',(8.943894735534,-9.470434239102));
#3045 = CARTESIAN_POINT('',(8.885242620514,-9.396098462328));
#3046 = CARTESIAN_POINT('',(8.784155985391,-9.261949141015));
#3047 = CARTESIAN_POINT('',(8.74107130104,-9.202684422328));
#3048 = CARTESIAN_POINT('',(8.698948772945,-9.142701549263));
#3049 = CARTESIAN_POINT('',(8.657784495793,-9.082080406044));
#3050 = CARTESIAN_POINT('',(8.61757750827,-9.020897359411));
#3051 = CARTESIAN_POINT('',(8.578329919958,-8.959226137139));
#3052 = CARTESIAN_POINT('',(8.540047038233,-8.897138706545));
#3053 = CARTESIAN_POINT('',(8.47449278935,-8.78744239786));
#3054 = CARTESIAN_POINT('',(8.44680531269,-8.739978840848));
#3055 = CARTESIAN_POINT('',(8.41968520223,-8.692365026328));
#3056 = CARTESIAN_POINT('',(8.393127892047,-8.644599140688));
#3057 = CARTESIAN_POINT('',(8.367126315498,-8.59667297665));
#3058 = CARTESIAN_POINT('',(8.341676454131,-8.548592248397));
#3059 = CARTESIAN_POINT('',(8.316776233242,-8.500372257506));
#3060 = CARTESIAN_POINT('',(8.221250821293,-8.310708092203));
#3061 = CARTESIAN_POINT('',(8.154711618281,-8.168198620199));
#3062 = CARTESIAN_POINT('',(8.092660003812,-8.024590022387));
#3063 = CARTESIAN_POINT('',(8.034904660039,-7.879985708416));
#3064 = CARTESIAN_POINT('',(7.981210737656,-7.734481815784));
#3065 = CARTESIAN_POINT('',(7.93130749108,-7.588166056743));
#3066 = CARTESIAN_POINT('',(7.884895913618,-7.441116565202));
#3067 = CARTESIAN_POINT('',(7.80892717009,-7.181590559381));
#3068 = CARTESIAN_POINT('',(7.778015290542,-7.069398233794));
#3069 = CARTESIAN_POINT('',(7.748781424035,-6.956851144147));
#3070 = CARTESIAN_POINT('',(7.721080067682,-6.843973844516));
#3071 = CARTESIAN_POINT('',(7.694760884614,-6.730787911491));
#3072 = CARTESIAN_POINT('',(7.669670062938,-6.617311789894));
#3073 = CARTESIAN_POINT('',(7.645651674684,-6.503560638495));
#3074 = CARTESIAN_POINT('',(7.611496229476,-6.334999177599));
#3075 = CARTESIAN_POINT('',(7.600648845595,-6.280374869194));
#3076 = CARTESIAN_POINT('',(7.589996183782,-6.225671887565));
#3077 = CARTESIAN_POINT('',(7.579497745181,-6.170888777445));
#3078 = CARTESIAN_POINT('',(7.569161677545,-6.116027038605));
#3079 = CARTESIAN_POINT('',(7.559002300615,-6.06108927994));
#3080 = CARTESIAN_POINT('',(7.548994856581,-6.006077362858));
#3081 = CARTESIAN_POINT('',(7.528400895613,-5.890905312198));
#3082 = CARTESIAN_POINT('',(7.517842097006,-5.830730023794));
#3083 = CARTESIAN_POINT('',(7.50746451439,-5.770472185123));
#3084 = CARTESIAN_POINT('',(7.497263426496,-5.710134429968));
#3085 = CARTESIAN_POINT('',(7.487234112057,-5.649719392109));
#3086 = CARTESIAN_POINT('',(7.477371849801,-5.589229705328));
#3087 = CARTESIAN_POINT('',(7.467671918462,-5.528668003405));
#3088 = CARTESIAN_POINT('',(7.423022449476,-5.244969155293));
#3089 = CARTESIAN_POINT('',(7.390095049043,-5.021256734049));
#3090 = CARTESIAN_POINT('',(7.359096655931,-4.796999199402));
#3091 = CARTESIAN_POINT('',(7.329780830651,-4.572290992128));
#3092 = CARTESIAN_POINT('',(7.301904618584,-4.34722173718));
#3093 = CARTESIAN_POINT('',(7.275227734787,-4.121876530095));
#3094 = CARTESIAN_POINT('',(7.249511748808,-3.896336223408));
#3095 = CARTESIAN_POINT('',(7.211999044586,-3.557631893625));
#3096 = CARTESIAN_POINT('',(7.19966040113,-3.444556848513));
#3097 = CARTESIAN_POINT('',(7.187473563219,-3.331462442737));
#3098 = CARTESIAN_POINT('',(7.175408761371,-3.218358497072));
#3099 = CARTESIAN_POINT('',(7.163436232542,-3.105254788055));
#3100 = CARTESIAN_POINT('',(7.151526220122,-2.992161047989));
#3101 = CARTESIAN_POINT('',(7.139648973935,-2.879086964941));
#3102 = CARTESIAN_POINT('',(7.080415110651,-2.315169748361));
#3103 = CARTESIAN_POINT('',(7.033117718636,-1.864759001569));
#3104 = CARTESIAN_POINT('',(6.985871094939,-1.414732658121));
#3105 = CARTESIAN_POINT('',(6.938663374337,-0.965012125155));
#3106 = CARTESIAN_POINT('',(6.891482472778,-0.515517786527));
#3107 = CARTESIAN_POINT('',(6.844316254523,-6.61692881358E-02));
#3108 = CARTESIAN_POINT('',(6.797152699286,0.38311417674));
#3109 = CARTESIAN_POINT('',(6.703178611832,1.27817772718));
#3110 = CARTESIAN_POINT('',(6.627514814247,1.998843952263));
#3111 = CARTESIAN_POINT('',(6.55011756441,2.735484320194));
#3112 = CARTESIAN_POINT('',(6.488745469301,3.320671418822));
#3113 = CARTESIAN_POINT('',(6.450952899998,3.679994662404));
#3114 = CARTESIAN_POINT('',(6.433835707596,3.843827895906));
#3115 = CARTESIAN_POINT('',(6.422292682325,3.953358504697));
#3116 = CARTESIAN_POINT('',(6.367471902438,4.476012624117));
#3117 = CARTESIAN_POINT('',(6.345727688057,4.683856574153));
#3118 = CARTESIAN_POINT('',(6.324223364014,4.891773264851));
#3119 = CARTESIAN_POINT('',(6.303151656606,5.099742345532));
#3120 = CARTESIAN_POINT('',(6.282705580518,5.307742318047));
#3121 = CARTESIAN_POINT('',(6.263079169654,5.515750453905));
#3122 = CARTESIAN_POINT('',(6.244468207966,5.723742711409));
#3123 = CARTESIAN_POINT('',(6.227070960281,5.931693652779));
#3124 = ( GEOMETRIC_REPRESENTATION_CONTEXT(2) 
PARAMETRIC_REPRESENTATION_CONTEXT() REPRESENTATION_CONTEXT('2D SPACE',''
  ) );
#3125 = PCURVE('',#3126,#3161);
#3126 = B_SPLINE_SURFACE_WITH_KNOTS('',3,1,(
    (#3127,#3128)
    ,(#3129,#3130)
    ,(#3131,#3132)
    ,(#3133,#3134)
    ,(#3135,#3136)
    ,(#3137,#3138)
    ,(#3139,#3140)
    ,(#3141,#3142)
    ,(#3143,#3144)
    ,(#3145,#3146)
    ,(#3147,#3148)
    ,(#3149,#3150)
    ,(#3151,#3152)
    ,(#3153,#3154)
    ,(#3155,#3156)
    ,(#3157,#3158)
    ,(#3159,#3160
    )),.UNSPECIFIED.,.F.,.F.,.F.,(4,1,1,1,1,1,1,1,1,1,1,1,1,1,4),(2,2),(
    0.,3.020347662108,6.053909924531,8.500463623104,10.890155025775,
    13.5584878386,17.059916118603,20.559916118603,24.059916118603,
    27.561344398605,30.22967721143,32.619368614101,35.065922312674,
    38.099484575098,41.119832237205),(0.,1.),.UNSPECIFIED.);
#3127 = CARTESIAN_POINT('',(-16.61461362917,7.1,-20.));
#3128 = CARTESIAN_POINT('',(7.84384088752,7.1,60.));
#3129 = CARTESIAN_POINT('',(-17.61518727237,7.206854020275,-20.));
#3130 = CARTESIAN_POINT('',(6.84326724432,7.206854020275,60.));
#3131 = CARTESIAN_POINT('',(-19.63634506035,7.503114404475,-20.));
#3132 = CARTESIAN_POINT('',(4.822109456343,7.503114404475,60.));
#3133 = CARTESIAN_POINT('',(-22.37660720078,7.623125592086,-20.));
#3134 = CARTESIAN_POINT('',(2.08184731591,7.623125592086,60.));
#3135 = CARTESIAN_POINT('',(-25.1421494418,8.992963864358,-20.));
#3136 = CARTESIAN_POINT('',(-0.683694925111,8.992963864358,60.));
#3137 = CARTESIAN_POINT('',(-26.88486760119,6.492176654313,-20.));
#3138 = CARTESIAN_POINT('',(-2.426413084503,6.492176654313,60.));
#3139 = CARTESIAN_POINT('',(-27.31423241803,3.75336269061,-20.));
#3140 = CARTESIAN_POINT('',(-2.855777901339,3.75336269061,60.));
#3141 = CARTESIAN_POINT('',(-27.3147348616,0.492256488987,-20.));
#3142 = CARTESIAN_POINT('',(-2.856280344908,0.492256488987,60.));
#3143 = CARTESIAN_POINT('',(-27.31455302532,-3.,-20.));
#3144 = CARTESIAN_POINT('',(-2.856098508632,-3.,60.));
#3145 = CARTESIAN_POINT('',(-27.3147348616,-6.492256488987,-20.));
#3146 = CARTESIAN_POINT('',(-2.856280344908,-6.492256488987,60.));
#3147 = CARTESIAN_POINT('',(-27.31423241803,-9.75336269061,-20.));
#3148 = CARTESIAN_POINT('',(-2.855777901339,-9.75336269061,60.));
#3149 = CARTESIAN_POINT('',(-26.88486760119,-12.49217665431,-20.));
#3150 = CARTESIAN_POINT('',(-2.426413084503,-12.49217665431,60.));
#3151 = CARTESIAN_POINT('',(-25.1421494418,-14.99296386435,-20.));
#3152 = CARTESIAN_POINT('',(-0.683694925111,-14.99296386435,60.));
#3153 = CARTESIAN_POINT('',(-22.37660720078,-13.62312559208,-20.));
#3154 = CARTESIAN_POINT('',(2.08184731591,-13.62312559208,60.));
#3155 = CARTESIAN_POINT('',(-19.63634506035,-13.50311440447,-20.));
#3156 = CARTESIAN_POINT('',(4.822109456343,-13.50311440447,60.));
#3157 = CARTESIAN_POINT('',(-17.61518727237,-13.20685402027,-20.));
#3158 = CARTESIAN_POINT('',(6.84326724432,-13.20685402027,60.));
#3159 = CARTESIAN_POINT('',(-16.61461362917,-13.1,-20.));
#3160 = CARTESIAN_POINT('',(7.84384088752,-13.1,60.));
#3161 = DEFINITIONAL_REPRESENTATION('',(#3162),#3333);
#3162 = B_SPLINE_CURVE_WITH_KNOTS('',8,(#3163,#3164,#3165,#3166,#3167,
    #3168,#3169,#3170,#3171,#3172,#3173,#3174,#3175,#3176,#3177,#3178,
    #3179,#3180,#3181,#3182,#3183,#3184,#3185,#3186,#3187,#3188,#3189,
    #3190,#3191,#3192,#3193,#3194,#3195,#3196,#3197,#3198,#3199,#3200,
    #3201,#3202,#3203,#3204,#3205,#3206,#3207,#3208,#3209,#3210,#3211,
    #3212,#3213,#3214,#3215,#3216,#3217,#3218,#3219,#3220,#3221,#3222,
    #3223,#3224,#3225,#3226,#3227,#3228,#3229,#3230,#3231,#3232,#3233,
    #3234,#3235,#3236,#3237,#3238,#3239,#3240,#3241,#3242,#3243,#3244,
    #3245,#3246,#3247,#3248,#3249,#3250,#3251,#3252,#3253,#3254,#3255,
    #3256,#3257,#3258,#3259,#3260,#3261,#3262,#3263,#3264,#3265,#3266,
    #3267,#3268,#3269,#3270,#3271,#3272,#3273,#3274,#3275,#3276,#3277,
    #3278,#3279,#3280,#3281,#3282,#3283,#3284,#3285,#3286,#3287,#3288,
    #3289,#3290,#3291,#3292,#3293,#3294,#3295,#3296,#3297,#3298,#3299,
    #3300,#3301,#3302,#3303,#3304,#3305,#3306,#3307,#3308,#3309,#3310,
    #3311,#3312,#3313,#3314,#3315,#3316,#3317,#3318,#3319,#3320,#3321,
    #3322,#3323,#3324,#3325,#3326,#3327,#3328,#3329,#3330,#3331,#3332),
  .UNSPECIFIED.,.F.,.F.,(9,7,7,7,7,7,7,7,7,7,7,7,7,7,7,7,7,7,7,7,7,7,7,7
    ,9),(0.,3.414385910232E-02,7.916187991182E-02,0.11318216408,
    0.131686305989,0.150190448133,0.18732133709,0.228273000251,
    0.242686617285,0.258701749814,0.314195879467,0.324515677561,
    0.360955099775,0.388136075678,0.409131242003,0.425025360442,
    0.471462425504,0.506611922322,0.523428205894,0.541773458787,
    0.609267462463,0.643079238234,0.777935508076,0.911730676985,1.),
  .UNSPECIFIED.);
#3163 = CARTESIAN_POINT('',(41.119832237205,0.3));
#3164 = CARTESIAN_POINT('',(41.0066045868,0.3));
#3165 = CARTESIAN_POINT('',(40.893435333035,0.3));
#3166 = CARTESIAN_POINT('',(40.780316660499,0.3));
#3167 = CARTESIAN_POINT('',(40.66724057451,0.3));
#3168 = CARTESIAN_POINT('',(40.554198901119,0.3));
#3169 = CARTESIAN_POINT('',(40.441183287106,0.3));
#3170 = CARTESIAN_POINT('',(40.328185199981,0.3));
#3171 = CARTESIAN_POINT('',(40.066221748395,0.3));
#3172 = CARTESIAN_POINT('',(39.917263359852,0.3));
#3173 = CARTESIAN_POINT('',(39.768300538361,0.3));
#3174 = CARTESIAN_POINT('',(39.619313229303,0.3));
#3175 = CARTESIAN_POINT('',(39.470281491004,0.3));
#3176 = CARTESIAN_POINT('',(39.321185438309,0.3));
#3177 = CARTESIAN_POINT('',(39.172005186149,0.3));
#3178 = CARTESIAN_POINT('',(38.909906027335,0.3));
#3179 = CARTESIAN_POINT('',(38.797032059692,0.3));
#3180 = CARTESIAN_POINT('',(38.684090379534,0.3));
#3181 = CARTESIAN_POINT('',(38.571072705724,0.3));
#3182 = CARTESIAN_POINT('',(38.457970986631,0.3));
#3183 = CARTESIAN_POINT('',(38.344777400125,0.3));
#3184 = CARTESIAN_POINT('',(38.231484353584,0.3));
#3185 = CARTESIAN_POINT('',(38.056404596948,0.3));
#3186 = CARTESIAN_POINT('',(37.994725383543,0.3));
#3187 = CARTESIAN_POINT('',(37.933044646917,0.3));
#3188 = CARTESIAN_POINT('',(37.871366035015,0.3));
#3189 = CARTESIAN_POINT('',(37.809685446123,0.3));
#3190 = CARTESIAN_POINT('',(37.748006069314,0.3));
#3191 = CARTESIAN_POINT('',(37.686326244613,0.3));
#3192 = CARTESIAN_POINT('',(37.562966748687,0.3));
#3193 = CARTESIAN_POINT('',(37.501287000331,0.3));
#3194 = CARTESIAN_POINT('',(37.439607251975,0.3));
#3195 = CARTESIAN_POINT('',(37.37792750362,0.3));
#3196 = CARTESIAN_POINT('',(37.316247755264,0.3));
#3197 = CARTESIAN_POINT('',(37.254568006908,0.3));
#3198 = CARTESIAN_POINT('',(37.192888258552,0.3));
#3199 = CARTESIAN_POINT('',(37.007440336061,0.3));
#3200 = CARTESIAN_POINT('',(36.883721237465,0.3));
#3201 = CARTESIAN_POINT('',(36.760080767135,0.3));
#3202 = CARTESIAN_POINT('',(36.63655210188,0.3));
#3203 = CARTESIAN_POINT('',(36.513171804481,0.3));
#3204 = CARTESIAN_POINT('',(36.389979585582,0.3));
#3205 = CARTESIAN_POINT('',(36.267018065578,0.3));
#3206 = CARTESIAN_POINT('',(36.009022647554,0.3));
#3207 = CARTESIAN_POINT('',(35.874049592602,0.3));
#3208 = CARTESIAN_POINT('',(35.739476333531,0.3));
#3209 = CARTESIAN_POINT('',(35.605372229755,0.3));
#3210 = CARTESIAN_POINT('',(35.471812295879,0.3));
#3211 = CARTESIAN_POINT('',(35.338876459354,0.3));
#3212 = CARTESIAN_POINT('',(35.206648818134,0.3));
#3213 = CARTESIAN_POINT('',(35.028957254361,0.3));
#3214 = CARTESIAN_POINT('',(34.982697270705,0.3));
#3215 = CARTESIAN_POINT('',(34.936437353914,0.3));
#3216 = CARTESIAN_POINT('',(34.890177590379,0.3));
#3217 = CARTESIAN_POINT('',(34.843917885925,0.3));
#3218 = CARTESIAN_POINT('',(34.797658105403,0.3));
#3219 = CARTESIAN_POINT('',(34.751398212275,0.3));
#3220 = CARTESIAN_POINT('',(34.653738617905,0.3));
#3221 = CARTESIAN_POINT('',(34.602338827608,0.3));
#3222 = CARTESIAN_POINT('',(34.550939037312,0.3));
#3223 = CARTESIAN_POINT('',(34.499539247015,0.3));
#3224 = CARTESIAN_POINT('',(34.448139456719,0.3));
#3225 = CARTESIAN_POINT('',(34.396739666422,0.3));
#3226 = CARTESIAN_POINT('',(34.345339876125,0.3));
#3227 = CARTESIAN_POINT('',(34.115834371011,0.3));
#3228 = CARTESIAN_POINT('',(33.937247460787,0.3));
#3229 = CARTESIAN_POINT('',(33.75687730414,0.3));
#3230 = CARTESIAN_POINT('',(33.57390445062,0.3));
#3231 = CARTESIAN_POINT('',(33.387906937381,0.3));
#3232 = CARTESIAN_POINT('',(33.198850793734,0.3));
#3233 = CARTESIAN_POINT('',(33.007100062517,0.3));
#3234 = CARTESIAN_POINT('',(32.777647329313,0.3));
#3235 = CARTESIAN_POINT('',(32.741666319582,0.3));
#3236 = CARTESIAN_POINT('',(32.705685228011,0.3));
#3237 = CARTESIAN_POINT('',(32.669705245659,0.3));
#3238 = CARTESIAN_POINT('',(32.633726622727,0.3));
#3239 = CARTESIAN_POINT('',(32.597748668561,0.3));
#3240 = CARTESIAN_POINT('',(32.561769751651,0.3));
#3241 = CARTESIAN_POINT('',(32.398732511394,0.3));
#3242 = CARTESIAN_POINT('',(32.27231490828,0.3));
#3243 = CARTESIAN_POINT('',(32.146910533172,0.3));
#3244 = CARTESIAN_POINT('',(32.022739850066,0.3));
#3245 = CARTESIAN_POINT('',(31.899905787054,0.3));
#3246 = CARTESIAN_POINT('',(31.778408704392,0.3));
#3247 = CARTESIAN_POINT('',(31.658146907651,0.3));
#3248 = CARTESIAN_POINT('',(31.449970852225,0.3));
#3249 = CARTESIAN_POINT('',(31.361626504488,0.3));
#3250 = CARTESIAN_POINT('',(31.273807498991,0.3));
#3251 = CARTESIAN_POINT('',(31.186441375866,0.3));
#3252 = CARTESIAN_POINT('',(31.09945179077,0.3));
#3253 = CARTESIAN_POINT('',(31.012756306541,0.3));
#3254 = CARTESIAN_POINT('',(30.926264184859,0.3));
#3255 = CARTESIAN_POINT('',(30.773144691395,0.3));
#3256 = CARTESIAN_POINT('',(30.706480463942,0.3));
#3257 = CARTESIAN_POINT('',(30.639837078537,0.3));
#3258 = CARTESIAN_POINT('',(30.573169932511,0.3));
#3259 = CARTESIAN_POINT('',(30.506433365535,0.3));
#3260 = CARTESIAN_POINT('',(30.439579787626,0.3));
#3261 = CARTESIAN_POINT('',(30.372558807149,0.3));
#3262 = CARTESIAN_POINT('',(30.254411335193,0.3));
#3263 = CARTESIAN_POINT('',(30.203382737841,0.3));
#3264 = CARTESIAN_POINT('',(30.152187461348,0.3));
#3265 = CARTESIAN_POINT('',(30.100837895167,0.3));
#3266 = CARTESIAN_POINT('',(30.049353516489,0.3));
#3267 = CARTESIAN_POINT('',(29.997738982851,0.3));
#3268 = CARTESIAN_POINT('',(29.94598872449,0.3));
#3269 = CARTESIAN_POINT('',(29.742569995279,0.3));
#3270 = CARTESIAN_POINT('',(29.589972751912,0.3));
#3271 = CARTESIAN_POINT('',(29.436481598754,0.3));
#3272 = CARTESIAN_POINT('',(29.282245590702,0.3));
#3273 = CARTESIAN_POINT('',(29.127405889335,0.3));
#3274 = CARTESIAN_POINT('',(28.972094107104,0.3));
#3275 = CARTESIAN_POINT('',(28.816430651517,0.3));
#3276 = CARTESIAN_POINT('',(28.542512315282,0.3));
#3277 = CARTESIAN_POINT('',(28.424361308911,0.3));
#3278 = CARTESIAN_POINT('',(28.306114810055,0.3));
#3279 = CARTESIAN_POINT('',(28.187814148652,0.3));
#3280 = CARTESIAN_POINT('',(28.069497055056,0.3));
#3281 = CARTESIAN_POINT('',(27.951197490375,0.3));
#3282 = CARTESIAN_POINT('',(27.832945476788,0.3));
#3283 = CARTESIAN_POINT('',(27.658227740388,0.3));
#3284 = CARTESIAN_POINT('',(27.601687902602,0.3));
#3285 = CARTESIAN_POINT('',(27.545145723872,0.3));
#3286 = CARTESIAN_POINT('',(27.488607692852,0.3));
#3287 = CARTESIAN_POINT('',(27.432069937908,0.3));
#3288 = CARTESIAN_POINT('',(27.375528089916,0.3));
#3289 = CARTESIAN_POINT('',(27.318987876058,0.3));
#3290 = CARTESIAN_POINT('',(27.200769024911,0.3));
#3291 = CARTESIAN_POINT('',(27.139089276555,0.3));
#3292 = CARTESIAN_POINT('',(27.0774095282,0.3));
#3293 = CARTESIAN_POINT('',(27.015729779844,0.3));
#3294 = CARTESIAN_POINT('',(26.954050031488,0.3));
#3295 = CARTESIAN_POINT('',(26.892370283132,0.3));
#3296 = CARTESIAN_POINT('',(26.830690534776,0.3));
#3297 = CARTESIAN_POINT('',(26.542084878851,0.3));
#3298 = CARTESIAN_POINT('',(26.315458556402,0.3));
#3299 = CARTESIAN_POINT('',(26.089095182335,0.3));
#3300 = CARTESIAN_POINT('',(25.862955381226,0.3));
#3301 = CARTESIAN_POINT('',(25.636996853682,0.3));
#3302 = CARTESIAN_POINT('',(25.411174191053,0.3));
#3303 = CARTESIAN_POINT('',(25.185438690155,0.3));
#3304 = CARTESIAN_POINT('',(24.846671302315,0.3));
#3305 = CARTESIAN_POINT('',(24.733613633497,0.3));
#3306 = CARTESIAN_POINT('',(24.620558823739,0.3));
#3307 = CARTESIAN_POINT('',(24.507500478401,0.3));
#3308 = CARTESIAN_POINT('',(24.394432145995,0.3));
#3309 = CARTESIAN_POINT('',(24.281347318185,0.3));
#3310 = CARTESIAN_POINT('',(24.168239429786,0.3));
#3311 = CARTESIAN_POINT('',(23.603859341659,0.3));
#3312 = CARTESIAN_POINT('',(23.152149227693,0.3));
#3313 = CARTESIAN_POINT('',(22.700050706543,0.3));
#3314 = CARTESIAN_POINT('',(22.247643965559,0.3));
#3315 = CARTESIAN_POINT('',(21.795009888925,0.3));
#3316 = CARTESIAN_POINT('',(21.342229756824,0.3));
#3317 = CARTESIAN_POINT('',(20.889384944594,0.3));
#3318 = CARTESIAN_POINT('',(19.987291326372,0.3));
#3319 = CARTESIAN_POINT('',(19.261062075442,0.3));
#3320 = CARTESIAN_POINT('',(18.518519113425,0.3));
#3321 = CARTESIAN_POINT('',(17.931574385752,0.3));
#3322 = CARTESIAN_POINT('',(17.571622166189,0.3));
#3323 = CARTESIAN_POINT('',(17.407514926911,0.3));
#3324 = CARTESIAN_POINT('',(17.297548232622,0.3));
#3325 = CARTESIAN_POINT('',(16.774636319003,0.3));
#3326 = CARTESIAN_POINT('',(16.566870849869,0.3));
#3327 = CARTESIAN_POINT('',(16.359152244332,0.3));
#3328 = CARTESIAN_POINT('',(16.151439904831,0.3));
#3329 = CARTESIAN_POINT('',(15.94369454171,0.3));
#3330 = CARTESIAN_POINT('',(15.735878016466,0.3));
#3331 = CARTESIAN_POINT('',(15.527953184993,0.3));
#3332 = CARTESIAN_POINT('',(15.319883740818,0.3));
#3333 = ( GEOMETRIC_REPRESENTATION_CONTEXT(2) 
PARAMETRIC_REPRESENTATION_CONTEXT() REPRESENTATION_CONTEXT('2D SPACE',''
  ) );
#3334 = ORIENTED_EDGE('',*,*,#3335,.T.);
#3335 = EDGE_CURVE('',#2777,#2438,#3336,.T.);
#3336 = SURFACE_CURVE('',#3337,(#3341,#3348),.PCURVE_S1.);
#3337 = LINE('',#3338,#3339);
#3338 = CARTESIAN_POINT('',(-63.38853863708,-3.125,4.));
#3339 = VECTOR('',#3340,1.);
#3340 = DIRECTION('',(-1.,0.,-2.011080212013E-18));
#3341 = PCURVE('',#2511,#3342);
#3342 = DEFINITIONAL_REPRESENTATION('',(#3343),#3347);
#3343 = LINE('',#3344,#3345);
#3344 = CARTESIAN_POINT('',(-36.39828786894,-3.947070855437));
#3345 = VECTOR('',#3346,1.);
#3346 = DIRECTION('',(-0.994533904972,-0.104414136312));
#3347 = ( GEOMETRIC_REPRESENTATION_CONTEXT(2) 
PARAMETRIC_REPRESENTATION_CONTEXT() REPRESENTATION_CONTEXT('2D SPACE',''
  ) );
#3348 = PCURVE('',#2457,#3349);
#3349 = DEFINITIONAL_REPRESENTATION('',(#3350),#3354);
#3350 = LINE('',#3351,#3352);
#3351 = CARTESIAN_POINT('',(104.,36.611461362917));
#3352 = VECTOR('',#3353,1.);
#3353 = DIRECTION('',(-2.011080212013E-18,-1.));
#3354 = ( GEOMETRIC_REPRESENTATION_CONTEXT(2) 
PARAMETRIC_REPRESENTATION_CONTEXT() REPRESENTATION_CONTEXT('2D SPACE',''
  ) );
#3355 = FACE_BOUND('',#3356,.T.);
#3356 = EDGE_LOOP('',(#3357));
#3357 = ORIENTED_EDGE('',*,*,#3358,.T.);
#3358 = EDGE_CURVE('',#3359,#3359,#3361,.T.);
#3359 = VERTEX_POINT('',#3360);
#3360 = CARTESIAN_POINT('',(-7.777077274165,-17.375,4.));
#3361 = SURFACE_CURVE('',#3362,(#3367,#3378),.PCURVE_S1.);
#3362 = CIRCLE('',#3363,1.5);
#3363 = AXIS2_PLACEMENT_3D('',#3364,#3365,#3366);
#3364 = CARTESIAN_POINT('',(-9.277077274165,-17.375,4.));
#3365 = DIRECTION('',(0.,0.,-1.));
#3366 = DIRECTION('',(1.,0.,0.));
#3367 = PCURVE('',#2511,#3368);
#3368 = DEFINITIONAL_REPRESENTATION('',(#3369),#3377);
#3369 = ( BOUNDED_CURVE() B_SPLINE_CURVE(2,(#3370,#3371,#3372,#3373,
#3374,#3375,#3376),.UNSPECIFIED.,.T.,.F.) B_SPLINE_CURVE_WITH_KNOTS((1,2
    ,2,2,2,1),(-2.094395102393,0.,2.094395102393,4.188790204786,
6.28318530718,8.377580409573),.UNSPECIFIED.) CURVE() 
GEOMETRIC_REPRESENTATION_ITEM() RATIONAL_B_SPLINE_CURVE((1.,0.5,1.,0.5,
1.,0.5,1.)) REPRESENTATION_ITEM('') );
#3370 = CARTESIAN_POINT('',(20.397097403942,-12.31255629404));
#3371 = CARTESIAN_POINT('',(20.668373287623,-14.89643117393));
#3372 = CARTESIAN_POINT('',(18.295034059596,-13.83942554069));
#3373 = CARTESIAN_POINT('',(15.92169483157,-12.78241990745));
#3374 = CARTESIAN_POINT('',(18.023758175916,-11.2555506608));
#3375 = CARTESIAN_POINT('',(20.125821520262,-9.728681414156));
#3376 = CARTESIAN_POINT('',(20.397097403942,-12.31255629404));
#3377 = ( GEOMETRIC_REPRESENTATION_CONTEXT(2) 
PARAMETRIC_REPRESENTATION_CONTEXT() REPRESENTATION_CONTEXT('2D SPACE',''
  ) );
#3378 = PCURVE('',#3379,#3384);
#3379 = CYLINDRICAL_SURFACE('',#3380,1.5);
#3380 = AXIS2_PLACEMENT_3D('',#3381,#3382,#3383);
#3381 = CARTESIAN_POINT('',(-9.277077274165,-17.375,3.4));
#3382 = DIRECTION('',(-0.,-0.,-1.));
#3383 = DIRECTION('',(1.,0.,0.));
#3384 = DEFINITIONAL_REPRESENTATION('',(#3385),#3389);
#3385 = LINE('',#3386,#3387);
#3386 = CARTESIAN_POINT('',(-6.28318530718,-0.6));
#3387 = VECTOR('',#3388,1.);
#3388 = DIRECTION('',(1.,-0.));
#3389 = ( GEOMETRIC_REPRESENTATION_CONTEXT(2) 
PARAMETRIC_REPRESENTATION_CONTEXT() REPRESENTATION_CONTEXT('2D SPACE',''
  ) );
#3390 = FACE_BOUND('',#3391,.T.);
#3391 = EDGE_LOOP('',(#3392,#3422,#3450,#3478,#3580,#3608,#3636));
#3392 = ORIENTED_EDGE('',*,*,#3393,.F.);
#3393 = EDGE_CURVE('',#3394,#3396,#3398,.T.);
#3394 = VERTEX_POINT('',#3395);
#3395 = CARTESIAN_POINT('',(8.950930538335,-18.24399759928,4.));
#3396 = VERTEX_POINT('',#3397);
#3397 = CARTESIAN_POINT('',(8.950930538335,-20.20000020345,4.));
#3398 = SURFACE_CURVE('',#3399,(#3403,#3410),.PCURVE_S1.);
#3399 = LINE('',#3400,#3401);
#3400 = CARTESIAN_POINT('',(8.950930538335,-11.60000010172,4.));
#3401 = VECTOR('',#3402,1.);
#3402 = DIRECTION('',(-0.,-1.,-1.915533209503E-17));
#3403 = PCURVE('',#2511,#3404);
#3404 = DEFINITIONAL_REPRESENTATION('',(#3405),#3409);
#3405 = LINE('',#3406,#3407);
#3406 = CARTESIAN_POINT('',(36.430676709527,-4.822482606049));
#3407 = VECTOR('',#3408,1.);
#3408 = DIRECTION('',(0.104414136312,-0.994533904972));
#3409 = ( GEOMETRIC_REPRESENTATION_CONTEXT(2) 
PARAMETRIC_REPRESENTATION_CONTEXT() REPRESENTATION_CONTEXT('2D SPACE',''
  ) );
#3410 = PCURVE('',#3411,#3416);
#3411 = PLANE('',#3412);
#3412 = AXIS2_PLACEMENT_3D('',#3413,#3414,#3415);
#3413 = CARTESIAN_POINT('',(8.950930538335,-20.20000020345,3.4));
#3414 = DIRECTION('',(-1.,0.,0.));
#3415 = DIRECTION('',(0.,1.,0.));
#3416 = DEFINITIONAL_REPRESENTATION('',(#3417),#3421);
#3417 = LINE('',#3418,#3419);
#3418 = CARTESIAN_POINT('',(8.600000101725,-0.6));
#3419 = VECTOR('',#3420,1.);
#3420 = DIRECTION('',(-1.,1.915533209503E-17));
#3421 = ( GEOMETRIC_REPRESENTATION_CONTEXT(2) 
PARAMETRIC_REPRESENTATION_CONTEXT() REPRESENTATION_CONTEXT('2D SPACE',''
  ) );
#3422 = ORIENTED_EDGE('',*,*,#3423,.F.);
#3423 = EDGE_CURVE('',#3424,#3394,#3426,.T.);
#3424 = VERTEX_POINT('',#3425);
#3425 = CARTESIAN_POINT('',(8.270930538335,-18.24399759928,4.));
#3426 = SURFACE_CURVE('',#3427,(#3431,#3438),.PCURVE_S1.);
#3427 = LINE('',#3428,#3429);
#3428 = CARTESIAN_POINT('',(-8.913073367915,-18.24399759928,4.));
#3429 = VECTOR('',#3430,1.);
#3430 = DIRECTION('',(1.,0.,2.011080212013E-18));
#3431 = PCURVE('',#2511,#3432);
#3432 = DEFINITIONAL_REPRESENTATION('',(#3433),#3437);
#3433 = LINE('',#3434,#3435);
#3434 = CARTESIAN_POINT('',(19.358046406579,-13.29541792085));
#3435 = VECTOR('',#3436,1.);
#3436 = DIRECTION('',(0.994533904972,0.104414136312));
#3437 = ( GEOMETRIC_REPRESENTATION_CONTEXT(2) 
PARAMETRIC_REPRESENTATION_CONTEXT() REPRESENTATION_CONTEXT('2D SPACE',''
  ) );
#3438 = PCURVE('',#3439,#3444);
#3439 = PLANE('',#3440);
#3440 = AXIS2_PLACEMENT_3D('',#3441,#3442,#3443);
#3441 = CARTESIAN_POINT('',(8.950930538335,-18.24399759928,3.4));
#3442 = DIRECTION('',(0.,-1.,0.));
#3443 = DIRECTION('',(-1.,0.,0.));
#3444 = DEFINITIONAL_REPRESENTATION('',(#3445),#3449);
#3445 = LINE('',#3446,#3447);
#3446 = CARTESIAN_POINT('',(17.86400390625,-0.6));
#3447 = VECTOR('',#3448,1.);
#3448 = DIRECTION('',(-1.,-2.011080212013E-18));
#3449 = ( GEOMETRIC_REPRESENTATION_CONTEXT(2) 
PARAMETRIC_REPRESENTATION_CONTEXT() REPRESENTATION_CONTEXT('2D SPACE',''
  ) );
#3450 = ORIENTED_EDGE('',*,*,#3451,.F.);
#3451 = EDGE_CURVE('',#3452,#3424,#3454,.T.);
#3452 = VERTEX_POINT('',#3453);
#3453 = CARTESIAN_POINT('',(8.270930538335,-17.87200541178,4.));
#3454 = SURFACE_CURVE('',#3455,(#3459,#3466),.PCURVE_S1.);
#3455 = LINE('',#3456,#3457);
#3456 = CARTESIAN_POINT('',(8.270930538335,-10.62199879964,4.));
#3457 = VECTOR('',#3458,1.);
#3458 = DIRECTION('',(-0.,-1.,-1.915533209503E-17));
#3459 = PCURVE('',#2511,#3460);
#3460 = DEFINITIONAL_REPRESENTATION('',(#3461),#3465);
#3461 = LINE('',#3462,#3463);
#3462 = CARTESIAN_POINT('',(35.652276492878,-3.920828764712));
#3463 = VECTOR('',#3464,1.);
#3464 = DIRECTION('',(0.104414136312,-0.994533904972));
#3465 = ( GEOMETRIC_REPRESENTATION_CONTEXT(2) 
PARAMETRIC_REPRESENTATION_CONTEXT() REPRESENTATION_CONTEXT('2D SPACE',''
  ) );
#3466 = PCURVE('',#3467,#3472);
#3467 = PLANE('',#3468);
#3468 = AXIS2_PLACEMENT_3D('',#3469,#3470,#3471);
#3469 = CARTESIAN_POINT('',(8.270930538335,-18.24399759928,3.4));
#3470 = DIRECTION('',(-1.,0.,0.));
#3471 = DIRECTION('',(0.,1.,0.));
#3472 = DEFINITIONAL_REPRESENTATION('',(#3473),#3477);
#3473 = LINE('',#3474,#3475);
#3474 = CARTESIAN_POINT('',(7.621998799642,-0.6));
#3475 = VECTOR('',#3476,1.);
#3476 = DIRECTION('',(-1.,1.915533209503E-17));
#3477 = ( GEOMETRIC_REPRESENTATION_CONTEXT(2) 
PARAMETRIC_REPRESENTATION_CONTEXT() REPRESENTATION_CONTEXT('2D SPACE',''
  ) );
#3478 = ORIENTED_EDGE('',*,*,#3479,.F.);
#3479 = EDGE_CURVE('',#3480,#3452,#3482,.T.);
#3480 = VERTEX_POINT('',#3481);
#3481 = CARTESIAN_POINT('',(9.138925330001,-17.36399759928,4.));
#3482 = SURFACE_CURVE('',#3483,(#3511,#3542),.PCURVE_S1.);
#3483 = B_SPLINE_CURVE_WITH_KNOTS('',6,(#3484,#3485,#3486,#3487,#3488,
    #3489,#3490,#3491,#3492,#3493,#3494,#3495,#3496,#3497,#3498,#3499,
    #3500,#3501,#3502,#3503,#3504,#3505,#3506,#3507,#3508,#3509,#3510),
  .UNSPECIFIED.,.F.,.F.,(7,5,5,5,5,7),(0.,8.759658726428E-02,
    0.269967518896,0.531124541169,0.674056679085,1.),.UNSPECIFIED.);
#3484 = CARTESIAN_POINT('',(9.138925330001,-17.36399759928,4.));
#3485 = CARTESIAN_POINT('',(9.134976960338,-17.37919247425,4.));
#3486 = CARTESIAN_POINT('',(9.130680370127,-17.39420726179,4.));
#3487 = CARTESIAN_POINT('',(9.126029172158,-17.40903116344,4.));
#3488 = CARTESIAN_POINT('',(9.12101796108,-17.42365329007,4.));
#3489 = CARTESIAN_POINT('',(9.115642313398,-17.4380626619,4.));
#3490 = CARTESIAN_POINT('',(9.097941105035,-17.48178168029,4.));
#3491 = CARTESIAN_POINT('',(9.084388159774,-17.51034738927,4.));
#3492 = CARTESIAN_POINT('',(9.069211442135,-17.53784186669,4.));
#3493 = CARTESIAN_POINT('',(9.052404237378,-17.56417079429,4.));
#3494 = CARTESIAN_POINT('',(9.03398735279,-17.58925310122,4.));
#3495 = CARTESIAN_POINT('',(8.985414011189,-17.64706674831,4.));
#3496 = CARTESIAN_POINT('',(8.953614639557,-17.67843129238,4.));
#3497 = CARTESIAN_POINT('',(8.918778811974,-17.70692099829,4.));
#3498 = CARTESIAN_POINT('',(8.881161039183,-17.73247501404,4.));
#3499 = CARTESIAN_POINT('',(8.841072143574,-17.75513181159,4.));
#3500 = CARTESIAN_POINT('',(8.77573106406,-17.78586103557,4.));
#3501 = CARTESIAN_POINT('',(8.751974421883,-17.79589428392,4.));
#3502 = CARTESIAN_POINT('',(8.727623699246,-17.80510920675,4.));
#3503 = CARTESIAN_POINT('',(8.702728277411,-17.81352933636,4.));
#3504 = CARTESIAN_POINT('',(8.677334947013,-17.82118181203,4.));
#3505 = CARTESIAN_POINT('',(8.592541280673,-17.84386069129,4.));
#3506 = CARTESIAN_POINT('',(8.531241676194,-17.85577957002,4.));
#3507 = CARTESIAN_POINT('',(8.46807185022,-17.86420230824,4.));
#3508 = CARTESIAN_POINT('',(8.403442501887,-17.869499727,4.));
#3509 = CARTESIAN_POINT('',(8.337661785049,-17.87200541178,4.));
#3510 = CARTESIAN_POINT('',(8.270930538335,-17.87200541178,4.));
#3511 = PCURVE('',#2511,#3512);
#3512 = DEFINITIONAL_REPRESENTATION('',(#3513),#3541);
#3513 = B_SPLINE_CURVE_WITH_KNOTS('',6,(#3514,#3515,#3516,#3517,#3518,
    #3519,#3520,#3521,#3522,#3523,#3524,#3525,#3526,#3527,#3528,#3529,
    #3530,#3531,#3532,#3533,#3534,#3535,#3536,#3537,#3538,#3539,#3540),
  .UNSPECIFIED.,.F.,.F.,(7,5,5,5,5,7),(0.,8.759658726428E-02,
    0.269967518896,0.531124541169,0.674056679085,1.),.UNSPECIFIED.);
#3514 = CARTESIAN_POINT('',(37.219486724208,-10.53534423174));
#3515 = CARTESIAN_POINT('',(37.217146496454,-10.55086831568));
#3516 = CARTESIAN_POINT('',(37.214441147886,-10.56624965572));
#3517 = CARTESIAN_POINT('',(37.211363198695,-10.58147817934));
#3518 = CARTESIAN_POINT('',(37.207906136097,-10.59654362131));
#3519 = CARTESIAN_POINT('',(37.20406441433,-10.61143552375));
#3520 = CARTESIAN_POINT('',(37.191024845999,-10.65676382622));
#3521 = CARTESIAN_POINT('',(37.180528646257,-10.68658851139));
#3522 = CARTESIAN_POINT('',(37.168305698111,-10.71551736525));
#3523 = CARTESIAN_POINT('',(37.154339475368,-10.7434572862));
#3524 = CARTESIAN_POINT('',(37.138642206637,-10.77032547395));
#3525 = CARTESIAN_POINT('',(37.096370933565,-10.83289484967));
#3526 = CARTESIAN_POINT('',(37.0680202821,-10.86740825608));
#3527 = CARTESIAN_POINT('',(37.036349598497,-10.8993795874));
#3528 = CARTESIAN_POINT('',(37.001605648511,-10.92872174973));
#3529 = CARTESIAN_POINT('',(36.964101572562,-10.95544055048));
#3530 = CARTESIAN_POINT('',(36.90232621898,-10.99282433799));
#3531 = CARTESIAN_POINT('',(36.879747045827,-11.00528327292));
#3532 = CARTESIAN_POINT('',(36.856491594762,-11.01699038578));
#3533 = CARTESIAN_POINT('',(36.83261143423,-11.02796392413));
#3534 = CARTESIAN_POINT('',(36.808155932826,-11.0382259933));
#3535 = CARTESIAN_POINT('',(36.726193752315,-11.06963456509));
#3536 = CARTESIAN_POINT('',(36.666473716729,-11.08788883936));
#3537 = CARTESIAN_POINT('',(36.604528635962,-11.10286136091));
#3538 = CARTESIAN_POINT('',(36.540805683193,-11.11487804105));
#3539 = CARTESIAN_POINT('',(36.475646158916,-11.12423846626));
#3540 = CARTESIAN_POINT('',(36.409279671538,-11.13120615175));
#3541 = ( GEOMETRIC_REPRESENTATION_CONTEXT(2) 
PARAMETRIC_REPRESENTATION_CONTEXT() REPRESENTATION_CONTEXT('2D SPACE',''
  ) );
#3542 = PCURVE('',#3543,#3550);
#3543 = SURFACE_OF_LINEAR_EXTRUSION('',#3544,#3548);
#3544 = B_SPLINE_CURVE_WITH_KNOTS('',2,(#3545,#3546,#3547),
  .UNSPECIFIED.,.F.,.F.,(3,3),(0.,1.),.PIECEWISE_BEZIER_KNOTS.);
#3545 = CARTESIAN_POINT('',(8.270930538335,-17.87200541178,3.4));
#3546 = CARTESIAN_POINT('',(9.006920121668,-17.87200541178,3.4));
#3547 = CARTESIAN_POINT('',(9.138925330001,-17.36399759928,3.4));
#3548 = VECTOR('',#3549,1.);
#3549 = DIRECTION('',(-0.,-0.,-1.));
#3550 = DEFINITIONAL_REPRESENTATION('',(#3551),#3579);
#3551 = B_SPLINE_CURVE_WITH_KNOTS('',6,(#3552,#3553,#3554,#3555,#3556,
    #3557,#3558,#3559,#3560,#3561,#3562,#3563,#3564,#3565,#3566,#3567,
    #3568,#3569,#3570,#3571,#3572,#3573,#3574,#3575,#3576,#3577,#3578),
  .UNSPECIFIED.,.F.,.F.,(7,5,5,5,5,7),(0.,8.759658726428E-02,
    0.269967518896,0.531124541169,0.674056679085,1.),.UNSPECIFIED.);
#3552 = CARTESIAN_POINT('',(1.,-0.6));
#3553 = CARTESIAN_POINT('',(0.985044644401,-0.6));
#3554 = CARTESIAN_POINT('',(0.969998180389,-0.6));
#3555 = CARTESIAN_POINT('',(0.954864990758,-0.6));
#3556 = CARTESIAN_POINT('',(0.939650198561,-0.6));
#3557 = CARTESIAN_POINT('',(0.924359667116,-0.6));
#3558 = CARTESIAN_POINT('',(0.877022078382,-0.6));
#3559 = CARTESIAN_POINT('',(0.844742071571,-0.6));
#3560 = CARTESIAN_POINT('',(0.812224183746,-0.6));
#3561 = CARTESIAN_POINT('',(0.779540034683,-0.6));
#3562 = CARTESIAN_POINT('',(0.746769241432,-0.6));
#3563 = CARTESIAN_POINT('',(0.66707411418,-0.6));
#3564 = CARTESIAN_POINT('',(0.620137624172,-0.6));
#3565 = CARTESIAN_POINT('',(0.57346032107,-0.6));
#3566 = CARTESIAN_POINT('',(0.5272642592,-0.6));
#3567 = CARTESIAN_POINT('',(0.481729524018,-0.6));
#3568 = CARTESIAN_POINT('',(0.412519377422,-0.6));
#3569 = CARTESIAN_POINT('',(0.388276204547,-0.6));
#3570 = CARTESIAN_POINT('',(0.364290405643,-0.6));
#3571 = CARTESIAN_POINT('',(0.340576521038,-0.6));
#3572 = CARTESIAN_POINT('',(0.317144417729,-0.6));
#3573 = CARTESIAN_POINT('',(0.24122132835,-0.6));
#3574 = CARTESIAN_POINT('',(0.189950028504,-0.6));
#3575 = CARTESIAN_POINT('',(0.140232035654,-0.6));
#3576 = CARTESIAN_POINT('',(9.204684669108E-02,-0.6));
#3577 = CARTESIAN_POINT('',(4.533436900807E-02,-0.6));
#3578 = CARTESIAN_POINT('',(0.,-0.6));
#3579 = ( GEOMETRIC_REPRESENTATION_CONTEXT(2) 
PARAMETRIC_REPRESENTATION_CONTEXT() REPRESENTATION_CONTEXT('2D SPACE',''
  ) );
#3580 = ORIENTED_EDGE('',*,*,#3581,.F.);
#3581 = EDGE_CURVE('',#3582,#3480,#3584,.T.);
#3582 = VERTEX_POINT('',#3583);
#3583 = CARTESIAN_POINT('',(9.510930538335,-17.36399759928,4.));
#3584 = SURFACE_CURVE('',#3585,(#3589,#3596),.PCURVE_S1.);
#3585 = LINE('',#3586,#3587);
#3586 = CARTESIAN_POINT('',(-8.819075972082,-17.36399759928,4.));
#3587 = VECTOR('',#3588,1.);
#3588 = DIRECTION('',(-1.,0.,-2.011080212013E-18));
#3589 = PCURVE('',#2511,#3590);
#3590 = DEFINITIONAL_REPRESENTATION('',(#3591),#3595);
#3591 = LINE('',#3592,#3593);
#3592 = CARTESIAN_POINT('',(19.35964556376,-12.41041342758));
#3593 = VECTOR('',#3594,1.);
#3594 = DIRECTION('',(-0.994533904972,-0.104414136312));
#3595 = ( GEOMETRIC_REPRESENTATION_CONTEXT(2) 
PARAMETRIC_REPRESENTATION_CONTEXT() REPRESENTATION_CONTEXT('2D SPACE',''
  ) );
#3596 = PCURVE('',#3597,#3602);
#3597 = PLANE('',#3598);
#3598 = AXIS2_PLACEMENT_3D('',#3599,#3600,#3601);
#3599 = CARTESIAN_POINT('',(9.138925330001,-17.36399759928,3.4));
#3600 = DIRECTION('',(0.,1.,0.));
#3601 = DIRECTION('',(1.,0.,0.));
#3602 = DEFINITIONAL_REPRESENTATION('',(#3603),#3607);
#3603 = LINE('',#3604,#3605);
#3604 = CARTESIAN_POINT('',(-17.95800130208,-0.6));
#3605 = VECTOR('',#3606,1.);
#3606 = DIRECTION('',(-1.,2.011080212013E-18));
#3607 = ( GEOMETRIC_REPRESENTATION_CONTEXT(2) 
PARAMETRIC_REPRESENTATION_CONTEXT() REPRESENTATION_CONTEXT('2D SPACE',''
  ) );
#3608 = ORIENTED_EDGE('',*,*,#3609,.F.);
#3609 = EDGE_CURVE('',#3610,#3582,#3612,.T.);
#3610 = VERTEX_POINT('',#3611);
#3611 = CARTESIAN_POINT('',(9.510930538335,-20.20000020345,4.));
#3612 = SURFACE_CURVE('',#3613,(#3617,#3624),.PCURVE_S1.);
#3613 = LINE('',#3614,#3615);
#3614 = CARTESIAN_POINT('',(9.510930538335,-10.18199879964,4.));
#3615 = VECTOR('',#3616,1.);
#3616 = DIRECTION('',(-0.,1.,1.915533209503E-17));
#3617 = PCURVE('',#2511,#3618);
#3618 = DEFINITIONAL_REPRESENTATION('',(#3619),#3623);
#3619 = LINE('',#3620,#3621);
#3620 = CARTESIAN_POINT('',(36.839556315066,-3.353760317498));
#3621 = VECTOR('',#3622,1.);
#3622 = DIRECTION('',(-0.104414136312,0.994533904972));
#3623 = ( GEOMETRIC_REPRESENTATION_CONTEXT(2) 
PARAMETRIC_REPRESENTATION_CONTEXT() REPRESENTATION_CONTEXT('2D SPACE',''
  ) );
#3624 = PCURVE('',#3625,#3630);
#3625 = PLANE('',#3626);
#3626 = AXIS2_PLACEMENT_3D('',#3627,#3628,#3629);
#3627 = CARTESIAN_POINT('',(9.510930538335,-17.36399759928,3.4));
#3628 = DIRECTION('',(1.,0.,0.));
#3629 = DIRECTION('',(0.,-1.,0.));
#3630 = DEFINITIONAL_REPRESENTATION('',(#3631),#3635);
#3631 = LINE('',#3632,#3633);
#3632 = CARTESIAN_POINT('',(-7.181998799642,-0.6));
#3633 = VECTOR('',#3634,1.);
#3634 = DIRECTION('',(-1.,-1.915533209503E-17));
#3635 = ( GEOMETRIC_REPRESENTATION_CONTEXT(2) 
PARAMETRIC_REPRESENTATION_CONTEXT() REPRESENTATION_CONTEXT('2D SPACE',''
  ) );
#3636 = ORIENTED_EDGE('',*,*,#3637,.F.);
#3637 = EDGE_CURVE('',#3396,#3610,#3638,.T.);
#3638 = SURFACE_CURVE('',#3639,(#3643,#3650),.PCURVE_S1.);
#3639 = LINE('',#3640,#3641);
#3640 = CARTESIAN_POINT('',(-8.633073367915,-20.20000020345,4.));
#3641 = VECTOR('',#3642,1.);
#3642 = DIRECTION('',(1.,0.,2.011080212013E-18));
#3643 = PCURVE('',#2511,#3644);
#3644 = DEFINITIONAL_REPRESENTATION('',(#3645),#3649);
#3645 = LINE('',#3646,#3647);
#3646 = CARTESIAN_POINT('',(19.840750222508,-15.21149287074));
#3647 = VECTOR('',#3648,1.);
#3648 = DIRECTION('',(0.994533904972,0.104414136312));
#3649 = ( GEOMETRIC_REPRESENTATION_CONTEXT(2) 
PARAMETRIC_REPRESENTATION_CONTEXT() REPRESENTATION_CONTEXT('2D SPACE',''
  ) );
#3650 = PCURVE('',#3651,#3656);
#3651 = PLANE('',#3652);
#3652 = AXIS2_PLACEMENT_3D('',#3653,#3654,#3655);
#3653 = CARTESIAN_POINT('',(9.510930538335,-20.20000020345,3.4));
#3654 = DIRECTION('',(0.,-1.,0.));
#3655 = DIRECTION('',(-1.,0.,0.));
#3656 = DEFINITIONAL_REPRESENTATION('',(#3657),#3661);
#3657 = LINE('',#3658,#3659);
#3658 = CARTESIAN_POINT('',(18.14400390625,-0.6));
#3659 = VECTOR('',#3660,1.);
#3660 = DIRECTION('',(-1.,-2.011080212013E-18));
#3661 = ( GEOMETRIC_REPRESENTATION_CONTEXT(2) 
PARAMETRIC_REPRESENTATION_CONTEXT() REPRESENTATION_CONTEXT('2D SPACE',''
  ) );
#3662 = FACE_BOUND('',#3663,.T.);
#3663 = EDGE_LOOP('',(#3664,#3694,#3722,#3773,#3824,#3852,#3903,#3945,
    #3973));
#3664 = ORIENTED_EDGE('',*,*,#3665,.F.);
#3665 = EDGE_CURVE('',#3666,#3668,#3670,.T.);
#3666 = VERTEX_POINT('',#3667);
#3667 = CARTESIAN_POINT('',(12.334927934168,-17.36399759928,4.));
#3668 = VERTEX_POINT('',#3669);
#3669 = CARTESIAN_POINT('',(10.338925330001,-17.36399759928,4.));
#3670 = SURFACE_CURVE('',#3671,(#3675,#3682),.PCURVE_S1.);
#3671 = LINE('',#3672,#3673);
#3672 = CARTESIAN_POINT('',(-8.219075972082,-17.36399759928,4.));
#3673 = VECTOR('',#3674,1.);
#3674 = DIRECTION('',(-1.,0.,-2.011080212013E-18));
#3675 = PCURVE('',#2511,#3676);
#3676 = DEFINITIONAL_REPRESENTATION('',(#3677),#3681);
#3677 = LINE('',#3678,#3679);
#3678 = CARTESIAN_POINT('',(19.956365906743,-12.34776494579));
#3679 = VECTOR('',#3680,1.);
#3680 = DIRECTION('',(-0.994533904972,-0.104414136312));
#3681 = ( GEOMETRIC_REPRESENTATION_CONTEXT(2) 
PARAMETRIC_REPRESENTATION_CONTEXT() REPRESENTATION_CONTEXT('2D SPACE',''
  ) );
#3682 = PCURVE('',#3683,#3688);
#3683 = PLANE('',#3684);
#3684 = AXIS2_PLACEMENT_3D('',#3685,#3686,#3687);
#3685 = CARTESIAN_POINT('',(10.338925330001,-17.36399759928,3.4));
#3686 = DIRECTION('',(0.,1.,0.));
#3687 = DIRECTION('',(1.,0.,0.));
#3688 = DEFINITIONAL_REPRESENTATION('',(#3689),#3693);
#3689 = LINE('',#3690,#3691);
#3690 = CARTESIAN_POINT('',(-18.55800130208,-0.6));
#3691 = VECTOR('',#3692,1.);
#3692 = DIRECTION('',(-1.,2.011080212013E-18));
#3693 = ( GEOMETRIC_REPRESENTATION_CONTEXT(2) 
PARAMETRIC_REPRESENTATION_CONTEXT() REPRESENTATION_CONTEXT('2D SPACE',''
  ) );
#3694 = ORIENTED_EDGE('',*,*,#3695,.F.);
#3695 = EDGE_CURVE('',#3696,#3666,#3698,.T.);
#3696 = VERTEX_POINT('',#3697);
#3697 = CARTESIAN_POINT('',(12.334927934168,-17.80399759928,4.));
#3698 = SURFACE_CURVE('',#3699,(#3703,#3710),.PCURVE_S1.);
#3699 = LINE('',#3700,#3701);
#3700 = CARTESIAN_POINT('',(12.334927934168,-10.18199879964,4.));
#3701 = VECTOR('',#3702,1.);
#3702 = DIRECTION('',(-0.,1.,1.915533209503E-17));
#3703 = PCURVE('',#2511,#3704);
#3704 = DEFINITIONAL_REPRESENTATION('',(#3705),#3709);
#3705 = LINE('',#3706,#3707);
#3706 = CARTESIAN_POINT('',(39.648117472774,-3.058895068466));
#3707 = VECTOR('',#3708,1.);
#3708 = DIRECTION('',(-0.104414136312,0.994533904972));
#3709 = ( GEOMETRIC_REPRESENTATION_CONTEXT(2) 
PARAMETRIC_REPRESENTATION_CONTEXT() REPRESENTATION_CONTEXT('2D SPACE',''
  ) );
#3710 = PCURVE('',#3711,#3716);
#3711 = PLANE('',#3712);
#3712 = AXIS2_PLACEMENT_3D('',#3713,#3714,#3715);
#3713 = CARTESIAN_POINT('',(12.334927934168,-17.36399759928,3.4));
#3714 = DIRECTION('',(1.,0.,0.));
#3715 = DIRECTION('',(0.,-1.,0.));
#3716 = DEFINITIONAL_REPRESENTATION('',(#3717),#3721);
#3717 = LINE('',#3718,#3719);
#3718 = CARTESIAN_POINT('',(-7.181998799642,-0.6));
#3719 = VECTOR('',#3720,1.);
#3720 = DIRECTION('',(-1.,-1.915533209503E-17));
#3721 = ( GEOMETRIC_REPRESENTATION_CONTEXT(2) 
PARAMETRIC_REPRESENTATION_CONTEXT() REPRESENTATION_CONTEXT('2D SPACE',''
  ) );
#3722 = ORIENTED_EDGE('',*,*,#3723,.F.);
#3723 = EDGE_CURVE('',#3724,#3696,#3726,.T.);
#3724 = VERTEX_POINT('',#3725);
#3725 = CARTESIAN_POINT('',(11.594921423751,-18.97000020345,4.));
#3726 = SURFACE_CURVE('',#3727,(#3738,#3752),.PCURVE_S1.);
#3727 = B_SPLINE_CURVE_WITH_KNOTS('',5,(#3728,#3729,#3730,#3731,#3732,
    #3733,#3734,#3735,#3736,#3737),.UNSPECIFIED.,.F.,.F.,(6,4,6),(0.,
    0.480086266507,1.),.UNSPECIFIED.);
#3728 = CARTESIAN_POINT('',(11.594921423751,-18.97000020345,4.));
#3729 = CARTESIAN_POINT('',(11.644252319561,-18.85336105704,4.));
#3730 = CARTESIAN_POINT('',(11.699949322739,-18.73761020594,4.));
#3731 = CARTESIAN_POINT('',(11.761411429095,-18.62293334238,4.));
#3732 = CARTESIAN_POINT('',(11.828059509225,-18.5094387709,4.));
#3733 = CARTESIAN_POINT('',(11.976663372865,-18.27558742496,4.));
#3734 = CARTESIAN_POINT('',(12.059426732602,-18.15544794665,4.));
#3735 = CARTESIAN_POINT('',(12.147066232381,-18.03680478402,4.));
#3736 = CARTESIAN_POINT('',(12.239044434353,-17.91966567885,4.));
#3737 = CARTESIAN_POINT('',(12.334927934168,-17.80399759928,4.));
#3738 = PCURVE('',#2511,#3739);
#3739 = DEFINITIONAL_REPRESENTATION('',(#3740),#3751);
#3740 = B_SPLINE_CURVE_WITH_KNOTS('',5,(#3741,#3742,#3743,#3744,#3745,
    #3746,#3747,#3748,#3749,#3750),.UNSPECIFIED.,.F.,.F.,(6,4,6),(0.,
    0.480086266507,1.),.UNSPECIFIED.);
#3741 = CARTESIAN_POINT('',(39.829747484749,-11.87612756214));
#3742 = CARTESIAN_POINT('',(39.866629957462,-11.75497513351));
#3743 = CARTESIAN_POINT('',(39.909936490382,-11.63404143308));
#3744 = CARTESIAN_POINT('',(39.959088753361,-11.51357389141));
#3745 = CARTESIAN_POINT('',(40.013522091095,-11.39374069031));
#3746 = CARTESIAN_POINT('',(40.136896285583,-11.14565125398));
#3747 = CARTESIAN_POINT('',(40.206662993067,-11.01752680475));
#3748 = CARTESIAN_POINT('',(40.281435423655,-10.89038135424));
#3749 = CARTESIAN_POINT('',(40.36067988554,-10.76427871803));
#3750 = CARTESIAN_POINT('',(40.443961894407,-10.63923129836));
#3751 = ( GEOMETRIC_REPRESENTATION_CONTEXT(2) 
PARAMETRIC_REPRESENTATION_CONTEXT() REPRESENTATION_CONTEXT('2D SPACE',''
  ) );
#3752 = PCURVE('',#3753,#3760);
#3753 = SURFACE_OF_LINEAR_EXTRUSION('',#3754,#3758);
#3754 = B_SPLINE_CURVE_WITH_KNOTS('',2,(#3755,#3756,#3757),
  .UNSPECIFIED.,.F.,.F.,(3,3),(0.,1.),.PIECEWISE_BEZIER_KNOTS.);
#3755 = CARTESIAN_POINT('',(12.334927934168,-17.80399759928,3.4));
#3756 = CARTESIAN_POINT('',(11.830917517501,-18.41200541178,3.4));
#3757 = CARTESIAN_POINT('',(11.594921423751,-18.97000020345,3.4));
#3758 = VECTOR('',#3759,1.);
#3759 = DIRECTION('',(-0.,-0.,-1.));
#3760 = DEFINITIONAL_REPRESENTATION('',(#3761),#3772);
#3761 = B_SPLINE_CURVE_WITH_KNOTS('',5,(#3762,#3763,#3764,#3765,#3766,
    #3767,#3768,#3769,#3770,#3771),.UNSPECIFIED.,.F.,.F.,(6,4,6),(0.,
    0.480086266507,1.),.UNSPECIFIED.);
#3762 = CARTESIAN_POINT('',(1.,-0.6));
#3763 = CARTESIAN_POINT('',(0.89548366029,-0.6));
#3764 = CARTESIAN_POINT('',(0.79298718751,-0.6));
#3765 = CARTESIAN_POINT('',(0.692582126036,-0.6));
#3766 = CARTESIAN_POINT('',(0.59426870509,-0.6));
#3767 = CARTESIAN_POINT('',(0.393744941329,-0.6));
#3768 = CARTESIAN_POINT('',(0.291892600112,-0.6));
#3769 = CARTESIAN_POINT('',(0.192381148935,-0.6));
#3770 = CARTESIAN_POINT('',(9.512055370759E-02,-0.6));
#3771 = CARTESIAN_POINT('',(0.,-0.6));
#3772 = ( GEOMETRIC_REPRESENTATION_CONTEXT(2) 
PARAMETRIC_REPRESENTATION_CONTEXT() REPRESENTATION_CONTEXT('2D SPACE',''
  ) );
#3773 = ORIENTED_EDGE('',*,*,#3774,.F.);
#3774 = EDGE_CURVE('',#3775,#3724,#3777,.T.);
#3775 = VERTEX_POINT('',#3776);
#3776 = CARTESIAN_POINT('',(11.318925330001,-20.20000020345,4.));
#3777 = SURFACE_CURVE('',#3778,(#3789,#3803),.PCURVE_S1.);
#3778 = B_SPLINE_CURVE_WITH_KNOTS('',5,(#3779,#3780,#3781,#3782,#3783,
    #3784,#3785,#3786,#3787,#3788),.UNSPECIFIED.,.F.,.F.,(6,4,6),(0.,
    0.508253955034,1.),.UNSPECIFIED.);
#3779 = CARTESIAN_POINT('',(11.318925330001,-20.20000020345,4.));
#3780 = CARTESIAN_POINT('',(11.326751641011,-20.06851715944,4.));
#3781 = CARTESIAN_POINT('',(11.33936109509,-19.93818866702,4.));
#3782 = CARTESIAN_POINT('',(11.356972315102,-19.80923804364,4.));
#3783 = CARTESIAN_POINT('',(11.379781694222,-19.68191774696,4.));
#3784 = CARTESIAN_POINT('',(11.435152948962,-19.43515105398,4.));
#3785 = CARTESIAN_POINT('',(11.467374421216,-19.31558121895,4.));
#3786 = CARTESIAN_POINT('',(11.504710434256,-19.19803550789,4.));
#3787 = CARTESIAN_POINT('',(11.547230155408,-19.08276257557,4.));
#3788 = CARTESIAN_POINT('',(11.594921423751,-18.97000020345,4.));
#3789 = PCURVE('',#2511,#3790);
#3790 = DEFINITIONAL_REPRESENTATION('',(#3791),#3802);
#3791 = B_SPLINE_CURVE_WITH_KNOTS('',5,(#3792,#3793,#3794,#3795,#3796,
    #3797,#3798,#3799,#3800,#3801),.UNSPECIFIED.,.F.,.F.,(6,4,6),(0.,
    0.508253955034,1.),.UNSPECIFIED.);
#3792 = CARTESIAN_POINT('',(39.683689399538,-13.12822215901));
#3793 = CARTESIAN_POINT('',(39.677744242708,-12.99664063631));
#3794 = CARTESIAN_POINT('',(39.67667663534,-12.86570792655));
#3795 = CARTESIAN_POINT('',(39.680727322783,-12.73562329921));
#3796 = CARTESIAN_POINT('',(39.690117984856,-12.60661732575));
#3797 = CARTESIAN_POINT('',(39.719420643938,-12.35541794122));
#3798 = CARTESIAN_POINT('',(39.738981209509,-12.23313730908));
#3799 = CARTESIAN_POINT('',(39.763839706456,-12.11233570649));
#3800 = CARTESIAN_POINT('',(39.794090887104,-11.99325320702));
#3801 = CARTESIAN_POINT('',(39.829747484749,-11.87612756214));
#3802 = ( GEOMETRIC_REPRESENTATION_CONTEXT(2) 
PARAMETRIC_REPRESENTATION_CONTEXT() REPRESENTATION_CONTEXT('2D SPACE',''
  ) );
#3803 = PCURVE('',#3804,#3811);
#3804 = SURFACE_OF_LINEAR_EXTRUSION('',#3805,#3809);
#3805 = B_SPLINE_CURVE_WITH_KNOTS('',2,(#3806,#3807,#3808),
  .UNSPECIFIED.,.F.,.F.,(3,3),(0.,1.),.PIECEWISE_BEZIER_KNOTS.);
#3806 = CARTESIAN_POINT('',(11.594921423751,-18.97000020345,3.4));
#3807 = CARTESIAN_POINT('',(11.358925330001,-19.52799499511,3.4));
#3808 = CARTESIAN_POINT('',(11.318925330001,-20.20000020345,3.4));
#3809 = VECTOR('',#3810,1.);
#3810 = DIRECTION('',(-0.,-0.,-1.));
#3811 = DEFINITIONAL_REPRESENTATION('',(#3812),#3823);
#3812 = B_SPLINE_CURVE_WITH_KNOTS('',5,(#3813,#3814,#3815,#3816,#3817,
    #3818,#3819,#3820,#3821,#3822),.UNSPECIFIED.,.F.,.F.,(6,4,6),(0.,
    0.508253955034,1.),.UNSPECIFIED.);
#3813 = CARTESIAN_POINT('',(1.,-0.6));
#3814 = CARTESIAN_POINT('',(0.902171112384,-0.6));
#3815 = CARTESIAN_POINT('',(0.803171612632,-0.6));
#3816 = CARTESIAN_POINT('',(0.70307064272,-0.6));
#3817 = CARTESIAN_POINT('',(0.601967599737,-0.6));
#3818 = CARTESIAN_POINT('',(0.401344272113,-0.6));
#3819 = CARTESIAN_POINT('',(0.301877616046,-0.6));
#3820 = CARTESIAN_POINT('',(0.201727062484,-0.6));
#3821 = CARTESIAN_POINT('',(0.101042495208,-0.6));
#3822 = CARTESIAN_POINT('',(0.,-0.6));
#3823 = ( GEOMETRIC_REPRESENTATION_CONTEXT(2) 
PARAMETRIC_REPRESENTATION_CONTEXT() REPRESENTATION_CONTEXT('2D SPACE',''
  ) );
#3824 = ORIENTED_EDGE('',*,*,#3825,.F.);
#3825 = EDGE_CURVE('',#3826,#3775,#3828,.T.);
#3826 = VERTEX_POINT('',#3827);
#3827 = CARTESIAN_POINT('',(10.754927934168,-20.20000020345,4.));
#3828 = SURFACE_CURVE('',#3829,(#3833,#3840),.PCURVE_S1.);
#3829 = LINE('',#3830,#3831);
#3830 = CARTESIAN_POINT('',(-7.729075972082,-20.20000020345,4.));
#3831 = VECTOR('',#3832,1.);
#3832 = DIRECTION('',(1.,0.,2.011080212013E-18));
#3833 = PCURVE('',#2511,#3834);
#3834 = DEFINITIONAL_REPRESENTATION('',(#3835),#3839);
#3835 = LINE('',#3836,#3837);
#3836 = CARTESIAN_POINT('',(20.73980628267,-15.11710276343));
#3837 = VECTOR('',#3838,1.);
#3838 = DIRECTION('',(0.994533904972,0.104414136312));
#3839 = ( GEOMETRIC_REPRESENTATION_CONTEXT(2) 
PARAMETRIC_REPRESENTATION_CONTEXT() REPRESENTATION_CONTEXT('2D SPACE',''
  ) );
#3840 = PCURVE('',#3841,#3846);
#3841 = PLANE('',#3842);
#3842 = AXIS2_PLACEMENT_3D('',#3843,#3844,#3845);
#3843 = CARTESIAN_POINT('',(11.318925330001,-20.20000020345,3.4));
#3844 = DIRECTION('',(0.,-1.,0.));
#3845 = DIRECTION('',(-1.,0.,0.));
#3846 = DEFINITIONAL_REPRESENTATION('',(#3847),#3851);
#3847 = LINE('',#3848,#3849);
#3848 = CARTESIAN_POINT('',(19.048001302083,-0.6));
#3849 = VECTOR('',#3850,1.);
#3850 = DIRECTION('',(-1.,-2.011080212013E-18));
#3851 = ( GEOMETRIC_REPRESENTATION_CONTEXT(2) 
PARAMETRIC_REPRESENTATION_CONTEXT() REPRESENTATION_CONTEXT('2D SPACE',''
  ) );
#3852 = ORIENTED_EDGE('',*,*,#3853,.F.);
#3853 = EDGE_CURVE('',#3854,#3826,#3856,.T.);
#3854 = VERTEX_POINT('',#3855);
#3855 = CARTESIAN_POINT('',(11.072922725835,-18.9359962972,4.));
#3856 = SURFACE_CURVE('',#3857,(#3868,#3882),.PCURVE_S1.);
#3857 = B_SPLINE_CURVE_WITH_KNOTS('',5,(#3858,#3859,#3860,#3861,#3862,
    #3863,#3864,#3865,#3866,#3867),.UNSPECIFIED.,.F.,.F.,(6,4,6),(0.,
    0.438040126543,1.),.UNSPECIFIED.);
#3858 = CARTESIAN_POINT('',(11.072922725835,-18.9359962972,4.));
#3859 = CARTESIAN_POINT('',(11.030153158321,-19.03463345549,4.));
#3860 = CARTESIAN_POINT('',(10.991178427465,-19.13682785305,4.));
#3861 = CARTESIAN_POINT('',(10.95577034918,-19.24210044737,4.));
#3862 = CARTESIAN_POINT('',(10.923683788185,-19.3500363548,4.));
#3863 = CARTESIAN_POINT('',(10.857487579138,-19.60178198768,4.));
#3864 = CARTESIAN_POINT('',(10.825376137285,-19.74709258898,4.));
#3865 = CARTESIAN_POINT('',(10.797859229524,-19.8955591839,4.));
#3866 = CARTESIAN_POINT('',(10.77450191197,-20.04665300947,4.));
#3867 = CARTESIAN_POINT('',(10.754927934168,-20.20000020345,4.));
#3868 = PCURVE('',#2511,#3869);
#3869 = DEFINITIONAL_REPRESENTATION('',(#3870),#3881);
#3870 = B_SPLINE_CURVE_WITH_KNOTS('',5,(#3871,#3872,#3873,#3874,#3875,
    #3876,#3877,#3878,#3879,#3880),.UNSPECIFIED.,.F.,.F.,(6,4,6),(0.,
    0.438040126543,1.),.UNSPECIFIED.);
#3871 = CARTESIAN_POINT('',(39.307051592817,-11.89681356767));
#3872 = CARTESIAN_POINT('',(39.274814921516,-11.99937731334));
#3873 = CARTESIAN_POINT('',(39.246723769999,-12.10508261947));
#3874 = CARTESIAN_POINT('',(39.222501182648,-12.2134768877));
#3875 = CARTESIAN_POINT('',(39.201860044395,-12.32417309775));
#3876 = CARTESIAN_POINT('',(39.162311472944,-12.58145448507));
#3877 = CARTESIAN_POINT('',(39.145548036217,-12.72932369329));
#3878 = CARTESIAN_POINT('',(39.133683549769,-12.87985190985));
#3879 = CARTESIAN_POINT('',(39.12623023683,-13.03255867635));
#3880 = CARTESIAN_POINT('',(39.122774867066,-13.18711145998));
#3881 = ( GEOMETRIC_REPRESENTATION_CONTEXT(2) 
PARAMETRIC_REPRESENTATION_CONTEXT() REPRESENTATION_CONTEXT('2D SPACE',''
  ) );
#3882 = PCURVE('',#3883,#3890);
#3883 = SURFACE_OF_LINEAR_EXTRUSION('',#3884,#3888);
#3884 = B_SPLINE_CURVE_WITH_KNOTS('',2,(#3885,#3886,#3887),
  .UNSPECIFIED.,.F.,.F.,(3,3),(0.,1.),.PIECEWISE_BEZIER_KNOTS.);
#3885 = CARTESIAN_POINT('',(10.754927934168,-20.20000020345,3.4));
#3886 = CARTESIAN_POINT('',(10.850917517501,-19.44799499511,3.4));
#3887 = CARTESIAN_POINT('',(11.072922725835,-18.9359962972,3.4));
#3888 = VECTOR('',#3889,1.);
#3889 = DIRECTION('',(-0.,-0.,-1.));
#3890 = DEFINITIONAL_REPRESENTATION('',(#3891),#3902);
#3891 = B_SPLINE_CURVE_WITH_KNOTS('',5,(#3892,#3893,#3894,#3895,#3896,
    #3897,#3898,#3899,#3900,#3901),.UNSPECIFIED.,.F.,.F.,(6,4,6),(0.,
    0.438040126543,1.),.UNSPECIFIED.);
#3892 = CARTESIAN_POINT('',(1.,-0.6));
#3893 = CARTESIAN_POINT('',(0.90367440513,-0.6));
#3894 = CARTESIAN_POINT('',(0.80931191653,-0.6));
#3895 = CARTESIAN_POINT('',(0.716936307768,-0.6));
#3896 = CARTESIAN_POINT('',(0.626519768576,-0.6));
#3897 = CARTESIAN_POINT('',(0.424438353628,-0.6));
#3898 = CARTESIAN_POINT('',(0.314006255662,-0.6));
#3899 = CARTESIAN_POINT('',(0.206566510997,-0.6));
#3900 = CARTESIAN_POINT('',(0.101958864299,-0.6));
#3901 = CARTESIAN_POINT('',(0.,-0.6));
#3902 = ( GEOMETRIC_REPRESENTATION_CONTEXT(2) 
PARAMETRIC_REPRESENTATION_CONTEXT() REPRESENTATION_CONTEXT('2D SPACE',''
  ) );
#3903 = ORIENTED_EDGE('',*,*,#3904,.F.);
#3904 = EDGE_CURVE('',#3905,#3854,#3907,.T.);
#3905 = VERTEX_POINT('',#3906);
#3906 = CARTESIAN_POINT('',(11.750917517501,-17.86399759928,4.));
#3907 = SURFACE_CURVE('',#3908,(#3916,#3927),.PCURVE_S1.);
#3908 = B_SPLINE_CURVE_WITH_KNOTS('',6,(#3909,#3910,#3911,#3912,#3913,
    #3914,#3915),.UNSPECIFIED.,.F.,.F.,(7,7),(0.,1.),
  .PIECEWISE_BEZIER_KNOTS.);
#3909 = CARTESIAN_POINT('',(11.750917517501,-17.86399759928,4.));
#3910 = CARTESIAN_POINT('',(11.610801806931,-18.03607345537,4.));
#3911 = CARTESIAN_POINT('',(11.479494720878,-18.21089092654,4.));
#3912 = CARTESIAN_POINT('',(11.35824601957,-18.38853181383,4.));
#3913 = CARTESIAN_POINT('',(11.248707757527,-18.56886989392,4.));
#3914 = CARTESIAN_POINT('',(11.152894447474,-18.75156180732,4.));
#3915 = CARTESIAN_POINT('',(11.072922725835,-18.9359962972,4.));
#3916 = PCURVE('',#2511,#3917);
#3917 = DEFINITIONAL_REPRESENTATION('',(#3918),#3926);
#3918 = B_SPLINE_CURVE_WITH_KNOTS('',6,(#3919,#3920,#3921,#3922,#3923,
    #3924,#3925),.UNSPECIFIED.,.F.,.F.,(7,7),(0.,1.),
  .PIECEWISE_BEZIER_KNOTS.);
#3919 = CARTESIAN_POINT('',(39.869408582354,-10.75988227591));
#3920 = CARTESIAN_POINT('',(39.748025909466,-10.94564760992));
#3921 = CARTESIAN_POINT('',(39.635689975687,-11.13321982816));
#3922 = CARTESIAN_POINT('',(39.533652251123,-11.32254979191));
#3923 = CARTESIAN_POINT('',(39.443542580506,-11.51333946994));
#3924 = CARTESIAN_POINT('',(39.367328613459,-11.705037036));
#3925 = CARTESIAN_POINT('',(39.307051592817,-11.89681356767));
#3926 = ( GEOMETRIC_REPRESENTATION_CONTEXT(2) 
PARAMETRIC_REPRESENTATION_CONTEXT() REPRESENTATION_CONTEXT('2D SPACE',''
  ) );
#3927 = PCURVE('',#3928,#3935);
#3928 = SURFACE_OF_LINEAR_EXTRUSION('',#3929,#3933);
#3929 = B_SPLINE_CURVE_WITH_KNOTS('',2,(#3930,#3931,#3932),
  .UNSPECIFIED.,.F.,.F.,(3,3),(0.,1.),.PIECEWISE_BEZIER_KNOTS.);
#3930 = CARTESIAN_POINT('',(11.072922725835,-18.9359962972,3.4));
#3931 = CARTESIAN_POINT('',(11.294927934168,-18.42399759928,3.4));
#3932 = CARTESIAN_POINT('',(11.750917517501,-17.86399759928,3.4));
#3933 = VECTOR('',#3934,1.);
#3934 = DIRECTION('',(-0.,-0.,-1.));
#3935 = DEFINITIONAL_REPRESENTATION('',(#3936),#3944);
#3936 = B_SPLINE_CURVE_WITH_KNOTS('',6,(#3937,#3938,#3939,#3940,#3941,
    #3942,#3943),.UNSPECIFIED.,.F.,.F.,(7,7),(0.,1.),
  .PIECEWISE_BEZIER_KNOTS.);
#3937 = CARTESIAN_POINT('',(1.,-0.6));
#3938 = CARTESIAN_POINT('',(0.846360842778,-0.6));
#3939 = CARTESIAN_POINT('',(0.687845884937,-0.6));
#3940 = CARTESIAN_POINT('',(0.524092619627,-0.6));
#3941 = CARTESIAN_POINT('',(0.354873059664,-0.6));
#3942 = CARTESIAN_POINT('',(0.180112264571,-0.6));
#3943 = CARTESIAN_POINT('',(0.,-0.6));
#3944 = ( GEOMETRIC_REPRESENTATION_CONTEXT(2) 
PARAMETRIC_REPRESENTATION_CONTEXT() REPRESENTATION_CONTEXT('2D SPACE',''
  ) );
#3945 = ORIENTED_EDGE('',*,*,#3946,.F.);
#3946 = EDGE_CURVE('',#3947,#3905,#3949,.T.);
#3947 = VERTEX_POINT('',#3948);
#3948 = CARTESIAN_POINT('',(10.338925330001,-17.86399759928,4.));
#3949 = SURFACE_CURVE('',#3950,(#3954,#3961),.PCURVE_S1.);
#3950 = LINE('',#3951,#3952);
#3951 = CARTESIAN_POINT('',(-7.513079878332,-17.86399759928,4.));
#3952 = VECTOR('',#3953,1.);
#3953 = DIRECTION('',(1.,0.,2.011080212013E-18));
#3954 = PCURVE('',#2511,#3955);
#3955 = DEFINITIONAL_REPRESENTATION('',(#3956),#3960);
#3956 = LINE('',#3957,#3958);
#3957 = CARTESIAN_POINT('',(20.71071002691,-12.77131592591));
#3958 = VECTOR('',#3959,1.);
#3959 = DIRECTION('',(0.994533904972,0.104414136312));
#3960 = ( GEOMETRIC_REPRESENTATION_CONTEXT(2) 
PARAMETRIC_REPRESENTATION_CONTEXT() REPRESENTATION_CONTEXT('2D SPACE',''
  ) );
#3961 = PCURVE('',#3962,#3967);
#3962 = PLANE('',#3963);
#3963 = AXIS2_PLACEMENT_3D('',#3964,#3965,#3966);
#3964 = CARTESIAN_POINT('',(11.750917517501,-17.86399759928,3.4));
#3965 = DIRECTION('',(0.,-1.,0.));
#3966 = DIRECTION('',(-1.,0.,0.));
#3967 = DEFINITIONAL_REPRESENTATION('',(#3968),#3972);
#3968 = LINE('',#3969,#3970);
#3969 = CARTESIAN_POINT('',(19.263997395833,-0.6));
#3970 = VECTOR('',#3971,1.);
#3971 = DIRECTION('',(-1.,-2.011080212013E-18));
#3972 = ( GEOMETRIC_REPRESENTATION_CONTEXT(2) 
PARAMETRIC_REPRESENTATION_CONTEXT() REPRESENTATION_CONTEXT('2D SPACE',''
  ) );
#3973 = ORIENTED_EDGE('',*,*,#3974,.F.);
#3974 = EDGE_CURVE('',#3668,#3947,#3975,.T.);
#3975 = SURFACE_CURVE('',#3976,(#3980,#3987),.PCURVE_S1.);
#3976 = LINE('',#3977,#3978);
#3977 = CARTESIAN_POINT('',(10.338925330001,-10.43199879964,4.));
#3978 = VECTOR('',#3979,1.);
#3979 = DIRECTION('',(-0.,-1.,-1.915533209503E-17));
#3980 = PCURVE('',#2511,#3981);
#3981 = DEFINITIONAL_REPRESENTATION('',(#3982),#3986);
#3982 = LINE('',#3983,#3984);
#3983 = CARTESIAN_POINT('',(37.689128742596,-3.515939432699));
#3984 = VECTOR('',#3985,1.);
#3985 = DIRECTION('',(0.104414136312,-0.994533904972));
#3986 = ( GEOMETRIC_REPRESENTATION_CONTEXT(2) 
PARAMETRIC_REPRESENTATION_CONTEXT() REPRESENTATION_CONTEXT('2D SPACE',''
  ) );
#3987 = PCURVE('',#3988,#3993);
#3988 = PLANE('',#3989);
#3989 = AXIS2_PLACEMENT_3D('',#3990,#3991,#3992);
#3990 = CARTESIAN_POINT('',(10.338925330001,-17.86399759928,3.4));
#3991 = DIRECTION('',(-1.,0.,0.));
#3992 = DIRECTION('',(0.,1.,0.));
#3993 = DEFINITIONAL_REPRESENTATION('',(#3994),#3998);
#3994 = LINE('',#3995,#3996);
#3995 = CARTESIAN_POINT('',(7.431998799642,-0.6));
#3996 = VECTOR('',#3997,1.);
#3997 = DIRECTION('',(-1.,1.915533209503E-17));
#3998 = ( GEOMETRIC_REPRESENTATION_CONTEXT(2) 
PARAMETRIC_REPRESENTATION_CONTEXT() REPRESENTATION_CONTEXT('2D SPACE',''
  ) );
#3999 = ADVANCED_FACE('',(#4000),#2457,.T.);
#4000 = FACE_BOUND('',#4001,.T.);
#4001 = EDGE_LOOP('',(#4002,#4037,#4058,#4059));
#4002 = ORIENTED_EDGE('',*,*,#4003,.F.);
#4003 = EDGE_CURVE('',#4004,#2777,#4006,.T.);
#4004 = VERTEX_POINT('',#4005);
#4005 = CARTESIAN_POINT('',(-21.20000022465,-3.125,0.));
#4006 = SURFACE_CURVE('',#4007,(#4015,#4026),.PCURVE_S1.);
#4007 = B_SPLINE_CURVE_WITH_KNOTS('',3,(#4008,#4009,#4010,#4011,#4012,
    #4013,#4014),.UNSPECIFIED.,.F.,.F.,(4,1,1,1,4),(0.,0.3,0.6,0.88,1.),
  .UNSPECIFIED.);
#4008 = CARTESIAN_POINT('',(-21.20000022465,-3.125,0.));
#4009 = CARTESIAN_POINT('',(-21.07770795207,-3.125,0.4));
#4010 = CARTESIAN_POINT('',(-20.8331234069,-3.125,1.2));
#4011 = CARTESIAN_POINT('',(-20.47439940732,-3.125,2.373333333333));
#4012 = CARTESIAN_POINT('',(-20.18905077129,-3.125,3.306666666667));
#4013 = CARTESIAN_POINT('',(-20.02599440785,-3.125,3.84));
#4014 = CARTESIAN_POINT('',(-19.97707749881,-3.125,4.));
#4015 = PCURVE('',#2457,#4016);
#4016 = DEFINITIONAL_REPRESENTATION('',(#4017),#4025);
#4017 = B_SPLINE_CURVE_WITH_KNOTS('',3,(#4018,#4019,#4020,#4021,#4022,
    #4023,#4024),.UNSPECIFIED.,.F.,.F.,(4,1,1,1,4),(0.,0.3,0.6,0.88,1.),
  .UNSPECIFIED.);
#4018 = CARTESIAN_POINT('',(100.,78.799999775347));
#4019 = CARTESIAN_POINT('',(100.4,78.92229204793));
#4020 = CARTESIAN_POINT('',(101.2,79.166876593097));
#4021 = CARTESIAN_POINT('',(102.37333333333,79.525600592675));
#4022 = CARTESIAN_POINT('',(103.30666666666,79.810949228703));
#4023 = CARTESIAN_POINT('',(103.84,79.974005592148));
#4024 = CARTESIAN_POINT('',(104.,80.022922501181));
#4025 = ( GEOMETRIC_REPRESENTATION_CONTEXT(2) 
PARAMETRIC_REPRESENTATION_CONTEXT() REPRESENTATION_CONTEXT('2D SPACE',''
  ) );
#4026 = PCURVE('',#3126,#4027);
#4027 = DEFINITIONAL_REPRESENTATION('',(#4028),#4036);
#4028 = B_SPLINE_CURVE_WITH_KNOTS('',3,(#4029,#4030,#4031,#4032,#4033,
    #4034,#4035),.UNSPECIFIED.,.F.,.F.,(4,1,1,1,4),(0.,0.3,0.6,0.88,1.),
  .UNSPECIFIED.);
#4029 = CARTESIAN_POINT('',(20.685209948898,0.25));
#4030 = CARTESIAN_POINT('',(20.685209948898,0.255));
#4031 = CARTESIAN_POINT('',(20.685209948898,0.265));
#4032 = CARTESIAN_POINT('',(20.685209948898,0.279666666667));
#4033 = CARTESIAN_POINT('',(20.685209948898,0.291333333333));
#4034 = CARTESIAN_POINT('',(20.685209948898,0.298));
#4035 = CARTESIAN_POINT('',(20.685209948898,0.3));
#4036 = ( GEOMETRIC_REPRESENTATION_CONTEXT(2) 
PARAMETRIC_REPRESENTATION_CONTEXT() REPRESENTATION_CONTEXT('2D SPACE',''
  ) );
#4037 = ORIENTED_EDGE('',*,*,#4038,.T.);
#4038 = EDGE_CURVE('',#4004,#2358,#4039,.T.);
#4039 = SURFACE_CURVE('',#4040,(#4044,#4051),.PCURVE_S1.);
#4040 = LINE('',#4041,#4042);
#4041 = CARTESIAN_POINT('',(-64.,-3.125,0.));
#4042 = VECTOR('',#4043,1.);
#4043 = DIRECTION('',(-1.,0.,-0.));
#4044 = PCURVE('',#2457,#4045);
#4045 = DEFINITIONAL_REPRESENTATION('',(#4046),#4050);
#4046 = LINE('',#4047,#4048);
#4047 = CARTESIAN_POINT('',(100.,36.));
#4048 = VECTOR('',#4049,1.);
#4049 = DIRECTION('',(0.,-1.));
#4050 = ( GEOMETRIC_REPRESENTATION_CONTEXT(2) 
PARAMETRIC_REPRESENTATION_CONTEXT() REPRESENTATION_CONTEXT('2D SPACE',''
  ) );
#4051 = PCURVE('',#2399,#4052);
#4052 = DEFINITIONAL_REPRESENTATION('',(#4053),#4057);
#4053 = LINE('',#4054,#4055);
#4054 = CARTESIAN_POINT('',(-35.79016881194,-3.88322564534));
#4055 = VECTOR('',#4056,1.);
#4056 = DIRECTION('',(-0.994533904972,-0.104414136312));
#4057 = ( GEOMETRIC_REPRESENTATION_CONTEXT(2) 
PARAMETRIC_REPRESENTATION_CONTEXT() REPRESENTATION_CONTEXT('2D SPACE',''
  ) );
#4058 = ORIENTED_EDGE('',*,*,#2437,.T.);
#4059 = ORIENTED_EDGE('',*,*,#3335,.F.);
#4060 = ADVANCED_FACE('',(#4061,#4691),#2399,.F.);
#4061 = FACE_BOUND('',#4062,.F.);
#4062 = EDGE_LOOP('',(#4063,#4064,#4065,#4145,#4168,#4690));
#4063 = ORIENTED_EDGE('',*,*,#2357,.F.);
#4064 = ORIENTED_EDGE('',*,*,#2553,.T.);
#4065 = ORIENTED_EDGE('',*,*,#4066,.T.);
#4066 = EDGE_CURVE('',#2554,#4067,#4069,.T.);
#4067 = VERTEX_POINT('',#4068);
#4068 = CARTESIAN_POINT('',(-10.5,-12.92736119146,4.440892098501E-15));
#4069 = SURFACE_CURVE('',#4070,(#4093,#4119),.PCURVE_S1.);
#4070 = B_SPLINE_CURVE_WITH_KNOTS('',6,(#4071,#4072,#4073,#4074,#4075,
    #4076,#4077,#4078,#4079,#4080,#4081,#4082,#4083,#4084,#4085,#4086,
    #4087,#4088,#4089,#4090,#4091,#4092),.UNSPECIFIED.,.F.,.F.,(7,5,5,5,
    7),(0.,0.250999673207,0.500999675762,0.750999677259,1.),
  .UNSPECIFIED.);
#4071 = CARTESIAN_POINT('',(14.45,-3.,0.));
#4072 = CARTESIAN_POINT('',(14.450000000001,-4.441120384383,0.));
#4073 = CARTESIAN_POINT('',(14.277528395058,-5.882686721194,0.));
#4074 = CARTESIAN_POINT('',(13.932398731765,-7.297887028741,0.));
#4075 = CARTESIAN_POINT('',(13.42029186171,-8.661577977503,0.));
#4076 = CARTESIAN_POINT('',(12.750678824853,-9.949785386604,0.));
#4077 = CARTESIAN_POINT('',(11.13019110494,-12.32639605977,0.));
#4078 = CARTESIAN_POINT('',(10.179951738586,-13.41630142877,0.));
#4079 = CARTESIAN_POINT('',(9.10286994067,-14.38819319592,0.));
#4080 = CARTESIAN_POINT('',(7.917561287783,-15.22468719066,0.));
#4081 = CARTESIAN_POINT('',(6.645084083407,-15.91145522544,0.));
#4082 = CARTESIAN_POINT('',(3.975189669087,-16.966412745,0.));
#4083 = CARTESIAN_POINT('',(2.576959244448,-17.33492355756,0.));
#4084 = CARTESIAN_POINT('',(1.140010275055,-17.53456433898,0.));
#4085 = CARTESIAN_POINT('',(-0.310492627997,-17.56139919023,0.));
#4086 = CARTESIAN_POINT('',(-1.749078940059,-17.41539247581,0.));
#4087 = CARTESIAN_POINT('',(-4.545200513504,-16.79084935489,0.));
#4088 = CARTESIAN_POINT('',(-5.903878441078,-16.31345703539,0.));
#4089 = CARTESIAN_POINT('',(-7.20040436625,-15.67584736201,0.));
#4090 = CARTESIAN_POINT('',(-8.412007348691,-14.88873632529,0.));
#4091 = CARTESIAN_POINT('',(-9.517822279919,-13.96619501117,0.));
#4092 = CARTESIAN_POINT('',(-10.50000595782,-12.92735488996,0.));
#4093 = PCURVE('',#2399,#4094);
#4094 = DEFINITIONAL_REPRESENTATION('',(#4095),#4118);
#4095 = B_SPLINE_CURVE_WITH_KNOTS('',6,(#4096,#4097,#4098,#4099,#4100,
    #4101,#4102,#4103,#4104,#4105,#4106,#4107,#4108,#4109,#4110,#4111,
    #4112,#4113,#4114,#4115,#4116,#4117),.UNSPECIFIED.,.F.,.F.,(7,5,5,5,
    7),(0.,0.250999673207,0.500999675762,0.750999677259,1.),
  .UNSPECIFIED.);
#4096 = CARTESIAN_POINT('',(42.217964266049,4.432380086429));
#4097 = CARTESIAN_POINT('',(42.368437606307,2.999137003014));
#4098 = CARTESIAN_POINT('',(42.347428651541,1.547441931121));
#4099 = CARTESIAN_POINT('',(42.151952417605,0.103940827231));
#4100 = CARTESIAN_POINT('',(41.785033384976,-1.305767253752));
#4101 = CARTESIAN_POINT('',(41.253587580623,-2.656850265645));
#4102 = CARTESIAN_POINT('',(39.890109351367,-5.189671984711));
#4103 = CARTESIAN_POINT('',(39.058865611455,-6.37283825012));
#4104 = CARTESIAN_POINT('',(38.089150484454,-7.451880130177));
#4105 = CARTESIAN_POINT('',(36.997662639293,-8.407564748509));
#4106 = CARTESIAN_POINT('',(35.803849207436,-9.223443452218));
#4107 = CARTESIAN_POINT('',(33.258701167951,-10.55140919304));
#4108 = CARTESIAN_POINT('',(31.906591341899,-11.06390071263));
#4109 = CARTESIAN_POINT('',(30.498342191887,-11.41248802412));
#4110 = CARTESIAN_POINT('',(29.058569813358,-11.59062920137));
#4111 = CARTESIAN_POINT('',(27.612601785802,-11.5956293208));
#4112 = CARTESIAN_POINT('',(24.766552948029,-11.26645463105));
#4113 = CARTESIAN_POINT('',(23.365455176397,-10.93353696566));
#4114 = CARTESIAN_POINT('',(22.009440721789,-10.43478816204));
#4115 = CARTESIAN_POINT('',(20.722274957305,-9.778488028006));
#4116 = CARTESIAN_POINT('',(19.52617816105,-8.976452123349));
#4117 = CARTESIAN_POINT('',(18.440893598442,-8.045844261388));
#4118 = ( GEOMETRIC_REPRESENTATION_CONTEXT(2) 
PARAMETRIC_REPRESENTATION_CONTEXT() REPRESENTATION_CONTEXT('2D SPACE',''
  ) );
#4119 = PCURVE('',#2600,#4120);
#4120 = DEFINITIONAL_REPRESENTATION('',(#4121),#4144);
#4121 = B_SPLINE_CURVE_WITH_KNOTS('',6,(#4122,#4123,#4124,#4125,#4126,
    #4127,#4128,#4129,#4130,#4131,#4132,#4133,#4134,#4135,#4136,#4137,
    #4138,#4139,#4140,#4141,#4142,#4143),.UNSPECIFIED.,.F.,.F.,(7,5,5,5,
    7),(0.,0.250999673207,0.500999675762,0.750999677259,1.),
  .UNSPECIFIED.);
#4122 = CARTESIAN_POINT('',(6.28318530718,0.25));
#4123 = CARTESIAN_POINT('',(6.183453792689,0.25));
#4124 = CARTESIAN_POINT('',(6.083692072071,0.25));
#4125 = CARTESIAN_POINT('',(5.983965612631,0.25));
#4126 = CARTESIAN_POINT('',(5.884239159821,0.25));
#4127 = CARTESIAN_POINT('',(5.784477429908,0.25));
#4128 = CARTESIAN_POINT('',(5.585411608386,0.25));
#4129 = CARTESIAN_POINT('',(5.48604767501,0.25));
#4130 = CARTESIAN_POINT('',(5.386718332013,0.25));
#4131 = CARTESIAN_POINT('',(5.287388988198,0.25));
#4132 = CARTESIAN_POINT('',(5.188025053587,0.25));
#4133 = CARTESIAN_POINT('',(4.9893564377,0.25));
#4134 = CARTESIAN_POINT('',(4.889992503717,0.25));
#4135 = CARTESIAN_POINT('',(4.790663160079,0.25));
#4136 = CARTESIAN_POINT('',(4.691333816499,0.25));
#4137 = CARTESIAN_POINT('',(4.591969882622,0.25));
#4138 = CARTESIAN_POINT('',(4.393698476767,0.25));
#4139 = CARTESIAN_POINT('',(4.2947323307,0.25));
#4140 = CARTESIAN_POINT('',(4.195800099209,0.25));
#4141 = CARTESIAN_POINT('',(4.096867867976,0.25));
#4142 = CARTESIAN_POINT('',(3.997901722504,0.25));
#4143 = CARTESIAN_POINT('',(3.898964625051,0.25));
#4144 = ( GEOMETRIC_REPRESENTATION_CONTEXT(2) 
PARAMETRIC_REPRESENTATION_CONTEXT() REPRESENTATION_CONTEXT('2D SPACE',''
  ) );
#4145 = ORIENTED_EDGE('',*,*,#4146,.F.);
#4146 = EDGE_CURVE('',#4147,#4067,#4149,.T.);
#4147 = VERTEX_POINT('',#4148);
#4148 = CARTESIAN_POINT('',(-10.5,-13.1,0.));
#4149 = SURFACE_CURVE('',#4150,(#4154,#4161),.PCURVE_S1.);
#4150 = LINE('',#4151,#4152);
#4151 = CARTESIAN_POINT('',(-10.5,-8.05,-3.552713678801E-15));
#4152 = VECTOR('',#4153,1.);
#4153 = DIRECTION('',(-0.,1.,-0.));
#4154 = PCURVE('',#2399,#4155);
#4155 = DEFINITIONAL_REPRESENTATION('',(#4156),#4160);
#4156 = LINE('',#4157,#4158);
#4157 = CARTESIAN_POINT('',(17.931634725379,-3.195148834654));
#4158 = VECTOR('',#4159,1.);
#4159 = DIRECTION('',(-0.104414136312,0.994533904972));
#4160 = ( GEOMETRIC_REPRESENTATION_CONTEXT(2) 
PARAMETRIC_REPRESENTATION_CONTEXT() REPRESENTATION_CONTEXT('2D SPACE',''
  ) );
#4161 = PCURVE('',#2764,#4162);
#4162 = DEFINITIONAL_REPRESENTATION('',(#4163),#4167);
#4163 = LINE('',#4164,#4165);
#4164 = CARTESIAN_POINT('',(5.05,-62.74150538922));
#4165 = VECTOR('',#4166,1.);
#4166 = DIRECTION('',(1.,0.));
#4167 = ( GEOMETRIC_REPRESENTATION_CONTEXT(2) 
PARAMETRIC_REPRESENTATION_CONTEXT() REPRESENTATION_CONTEXT('2D SPACE',''
  ) );
#4168 = ORIENTED_EDGE('',*,*,#4169,.T.);
#4169 = EDGE_CURVE('',#4147,#4004,#4170,.T.);
#4170 = SURFACE_CURVE('',#4171,(#4342,#4516),.PCURVE_S1.);
#4171 = B_SPLINE_CURVE_WITH_KNOTS('',8,(#4172,#4173,#4174,#4175,#4176,
    #4177,#4178,#4179,#4180,#4181,#4182,#4183,#4184,#4185,#4186,#4187,
    #4188,#4189,#4190,#4191,#4192,#4193,#4194,#4195,#4196,#4197,#4198,
    #4199,#4200,#4201,#4202,#4203,#4204,#4205,#4206,#4207,#4208,#4209,
    #4210,#4211,#4212,#4213,#4214,#4215,#4216,#4217,#4218,#4219,#4220,
    #4221,#4222,#4223,#4224,#4225,#4226,#4227,#4228,#4229,#4230,#4231,
    #4232,#4233,#4234,#4235,#4236,#4237,#4238,#4239,#4240,#4241,#4242,
    #4243,#4244,#4245,#4246,#4247,#4248,#4249,#4250,#4251,#4252,#4253,
    #4254,#4255,#4256,#4257,#4258,#4259,#4260,#4261,#4262,#4263,#4264,
    #4265,#4266,#4267,#4268,#4269,#4270,#4271,#4272,#4273,#4274,#4275,
    #4276,#4277,#4278,#4279,#4280,#4281,#4282,#4283,#4284,#4285,#4286,
    #4287,#4288,#4289,#4290,#4291,#4292,#4293,#4294,#4295,#4296,#4297,
    #4298,#4299,#4300,#4301,#4302,#4303,#4304,#4305,#4306,#4307,#4308,
    #4309,#4310,#4311,#4312,#4313,#4314,#4315,#4316,#4317,#4318,#4319,
    #4320,#4321,#4322,#4323,#4324,#4325,#4326,#4327,#4328,#4329,#4330,
    #4331,#4332,#4333,#4334,#4335,#4336,#4337,#4338,#4339,#4340,#4341),
  .UNSPECIFIED.,.F.,.F.,(9,7,7,7,7,7,7,7,7,7,7,7,7,7,7,7,7,7,7,7,7,7,7,7
    ,9),(0.,3.414385910622E-02,7.916187992089E-02,0.113182164093,
    0.131686306002,0.150190448146,0.187321337103,0.228273000263,
    0.242686617297,0.258701749825,0.314195879477,0.324515677571,
    0.360955099785,0.388136075688,0.409131242013,0.425025360451,
    0.471462425512,0.506611922329,0.523428205901,0.541773458793,
    0.609267462469,0.643079238239,0.777935508079,0.911730676986,1.),
  .UNSPECIFIED.);
#4172 = CARTESIAN_POINT('',(-10.5,-13.1,0.));
#4173 = CARTESIAN_POINT('',(-10.61252936617,-13.11201732152,0.));
#4174 = CARTESIAN_POINT('',(-10.72507583894,-13.12442303602,0.));
#4175 = CARTESIAN_POINT('',(-10.83763498566,-13.13717238927,0.));
#4176 = CARTESIAN_POINT('',(-10.95020259854,-13.15022086739,0.));
#4177 = CARTESIAN_POINT('',(-11.06277469462,-13.1635241969,0.));
#4178 = CARTESIAN_POINT('',(-11.17534751585,-13.17703834467,0.));
#4179 = CARTESIAN_POINT('',(-11.28791752899,-13.19071951794,0.));
#4180 = CARTESIAN_POINT('',(-11.54889475614,-13.22272532483,0.));
#4181 = CARTESIAN_POINT('',(-11.69729695699,-13.24114095743,0.));
#4182 = CARTESIAN_POINT('',(-11.84568061659,-13.25967096272,0.));
#4183 = CARTESIAN_POINT('',(-11.99403818224,-13.27821547341,0.));
#4184 = CARTESIAN_POINT('',(-12.14236193874,-13.29667457233,0.));
#4185 = CARTESIAN_POINT('',(-12.290643987,-13.31494801035,0.));
#4186 = CARTESIAN_POINT('',(-12.43887622257,-13.3329349243,0.));
#4187 = CARTESIAN_POINT('',(-12.69902602128,-13.363832905,0.));
#4188 = CARTESIAN_POINT('',(-12.81096823708,-13.37691041705,0.));
#4189 = CARTESIAN_POINT('',(-12.92287330451,-13.3897222898,0.));
#4190 = CARTESIAN_POINT('',(-13.03473721355,-13.40222427455,0.));
#4191 = CARTESIAN_POINT('',(-13.14655560137,-13.41437167516,0.));
#4192 = CARTESIAN_POINT('',(-13.25832375233,-13.4261193481,0.));
#4193 = CARTESIAN_POINT('',(-13.37003659796,-13.43742170246,0.));
#4194 = CARTESIAN_POINT('',(-13.54241797612,-13.45411296327,0.));
#4195 = CARTESIAN_POINT('',(-13.60309682019,-13.45984174451,0.));
#4196 = CARTESIAN_POINT('',(-13.6637295261,-13.4654304507,0.));
#4197 = CARTESIAN_POINT('',(-13.72432250825,-13.47092574904,0.));
#4198 = CARTESIAN_POINT('',(-13.7848793829,-13.47632771827,0.));
#4199 = CARTESIAN_POINT('',(-13.84540634144,-13.4816800059,0.));
#4200 = CARTESIAN_POINT('',(-13.90590794377,-13.48699765156,0.));
#4201 = CARTESIAN_POINT('',(-14.02687092042,-13.49761903573,0.));
#4202 = CARTESIAN_POINT('',(-14.08733227611,-13.50292235251,0.));
#4203 = CARTESIAN_POINT('',(-14.14777858989,-13.50824300278,0.));
#4204 = CARTESIAN_POINT('',(-14.20821495286,-13.51360569535,0.));
#4205 = CARTESIAN_POINT('',(-14.26864645613,-13.51903513902,0.));
#4206 = CARTESIAN_POINT('',(-14.3290781908,-13.52455604262,0.));
#4207 = CARTESIAN_POINT('',(-14.38951524798,-13.53019311494,0.));
#4208 = CARTESIAN_POINT('',(-14.57125817293,-13.54756524807,0.));
#4209 = CARTESIAN_POINT('',(-14.69254747347,-13.55972213274,0.));
#4210 = CARTESIAN_POINT('',(-14.81384270036,-13.57263764605,0.));
#4211 = CARTESIAN_POINT('',(-14.93515225205,-13.58650624424,0.));
#4212 = CARTESIAN_POINT('',(-15.05648078419,-13.60151942989,0.));
#4213 = CARTESIAN_POINT('',(-15.17782914829,-13.61786426921,0.));
#4214 = CARTESIAN_POINT('',(-15.2991943304,-13.63572190933,0.));
#4215 = CARTESIAN_POINT('',(-15.55443396148,-13.67682138176,0.));
#4216 = CARTESIAN_POINT('',(-15.6883094313,-13.70042794582,0.));
#4217 = CARTESIAN_POINT('',(-15.82218424219,-13.72631822218,0.));
#4218 = CARTESIAN_POINT('',(-15.95603853905,-13.75471289521,0.));
#4219 = CARTESIAN_POINT('',(-16.08984419041,-13.78581745482,0.));
#4220 = CARTESIAN_POINT('',(-16.22356481007,-13.81981875203,0.));
#4221 = CARTESIAN_POINT('',(-16.35715577878,-13.85688155447,0.));
#4222 = CARTESIAN_POINT('',(-16.5375195955,-13.91131652525,0.));
#4223 = CARTESIAN_POINT('',(-16.58455437842,-13.92592228524,0.));
#4224 = CARTESIAN_POINT('',(-16.63165751404,-13.94091442583,0.));
#4225 = CARTESIAN_POINT('',(-16.67881792602,-13.95624372431,0.));
#4226 = CARTESIAN_POINT('',(-16.72602454927,-13.97186023257,0.));
#4227 = CARTESIAN_POINT('',(-16.77326631698,-13.98771381846,0.));
#4228 = CARTESIAN_POINT('',(-16.82053214763,-14.00375470701,0.));
#4229 = CARTESIAN_POINT('',(-16.92034292278,-14.03791104103,0.));
#4230 = CARTESIAN_POINT('',(-16.97289093201,-14.05605860313,0.));
#4231 = CARTESIAN_POINT('',(-17.02543976319,-14.0743086658,0.));
#4232 = CARTESIAN_POINT('',(-17.07797421984,-14.09259318673,0.));
#4233 = CARTESIAN_POINT('',(-17.13047910548,-14.1108441236,0.));
#4234 = CARTESIAN_POINT('',(-17.18293922362,-14.1289934341,0.));
#4235 = CARTESIAN_POINT('',(-17.23533937779,-14.14697307591,0.));
#4236 = CARTESIAN_POINT('',(-17.46897601408,-14.22619267529,0.));
#4237 = CARTESIAN_POINT('',(-17.64987508381,-14.28498233114,0.));
#4238 = CARTESIAN_POINT('',(-17.83104613916,-14.33867492067,0.));
#4239 = CARTESIAN_POINT('',(-18.01263176091,-14.3845161822,0.));
#4240 = CARTESIAN_POINT('',(-18.1942407399,-14.41905829286,0.));
#4241 = CARTESIAN_POINT('',(-18.37496343178,-14.4381686133,0.));
#4242 = CARTESIAN_POINT('',(-18.55338628462,-14.43711629271,0.));
#4243 = CARTESIAN_POINT('',(-18.76005116671,-14.40690884276,0.));
#4244 = CARTESIAN_POINT('',(-18.79226199762,-14.40134770621,0.));
#4245 = CARTESIAN_POINT('',(-18.82426946391,-14.39491901216,0.));
#4246 = CARTESIAN_POINT('',(-18.85606671383,-14.38759179254,0.));
#4247 = CARTESIAN_POINT('',(-18.88764863874,-14.37934714026,0.));
#4248 = CARTESIAN_POINT('',(-18.91901187317,-14.37017820925,0.));
#4249 = CARTESIAN_POINT('',(-18.95015479477,-14.36009021446,0.));
#4250 = CARTESIAN_POINT('',(-19.09026632713,-14.31029528015,0.));
#4251 = CARTESIAN_POINT('',(-19.19613024614,-14.26053943579,0.));
#4252 = CARTESIAN_POINT('',(-19.29830582462,-14.20098770945,0.));
#4253 = CARTESIAN_POINT('',(-19.39661270293,-14.13289282752,0.));
#4254 = CARTESIAN_POINT('',(-19.49099571474,-14.05744877754,0.));
#4255 = CARTESIAN_POINT('',(-19.58149208855,-13.97571471849,0.));
#4256 = CARTESIAN_POINT('',(-19.66821085053,-13.88858294797,0.));
#4257 = CARTESIAN_POINT('',(-19.81329816707,-13.72825747479,0.));
#4258 = CARTESIAN_POINT('',(-19.87325434092,-13.65716673197,0.));
#4259 = CARTESIAN_POINT('',(-19.93123623173,-13.58378847428,0.));
#4260 = CARTESIAN_POINT('',(-19.98729621279,-13.50839766732,0.));
#4261 = CARTESIAN_POINT('',(-20.04148280801,-13.43124051053,0.));
#4262 = CARTESIAN_POINT('',(-20.09384065458,-13.35253698966,0.));
#4263 = CARTESIAN_POINT('',(-20.14441046564,-13.27248342937,0.));
#4264 = CARTESIAN_POINT('',(-20.23093746608,-13.1285125073,0.));
#4265 = CARTESIAN_POINT('',(-20.26759857104,-13.06507308509,0.));
#4266 = CARTESIAN_POINT('',(-20.30322779351,-13.00101989672,0.));
#4267 = CARTESIAN_POINT('',(-20.3378373585,-12.93643198199,0.));
#4268 = CARTESIAN_POINT('',(-20.37143619584,-12.87138518982,0.));
#4269 = CARTESIAN_POINT('',(-20.40402990569,-12.80595306528,0.));
#4270 = CARTESIAN_POINT('',(-20.43562072411,-12.74020773645,0.));
#4271 = CARTESIAN_POINT('',(-20.48936280191,-12.62426624793,0.));
#4272 = CARTESIAN_POINT('',(-20.51194306988,-12.57417116727,0.));
#4273 = CARTESIAN_POINT('',(-20.53394338392,-12.52398589148,0.));
#4274 = CARTESIAN_POINT('',(-20.55536809563,-12.4737081401,0.));
#4275 = CARTESIAN_POINT('',(-20.57622337606,-12.42332901287,0.));
#4276 = CARTESIAN_POINT('',(-20.59651381835,-12.37285377315,0.));
#4277 = CARTESIAN_POINT('',(-20.61624308357,-12.32229742226,0.));
#4278 = CARTESIAN_POINT('',(-20.69144272453,-12.12369577592,0.));
#4279 = CARTESIAN_POINT('',(-20.7427382145,-11.97501764082,0.));
#4280 = CARTESIAN_POINT('',(-20.78945588124,-11.82571495552,0.));
#4281 = CARTESIAN_POINT('',(-20.83179679426,-11.67587058813,0.));
#4282 = CARTESIAN_POINT('',(-20.87000455729,-11.52555562907,0.));
#4283 = CARTESIAN_POINT('',(-20.90435759436,-11.37482904149,0.));
#4284 = CARTESIAN_POINT('',(-20.93516143608,-11.22373731166,0.));
#4285 = CARTESIAN_POINT('',(-20.98361674349,-10.95769768891,0.));
#4286 = CARTESIAN_POINT('',(-21.00264519099,-10.84289098003,0.));
#4287 = CARTESIAN_POINT('',(-21.01996775524,-10.72790665455,0.));
#4288 = CARTESIAN_POINT('',(-21.0357317076,-10.61275393977,0.));
#4289 = CARTESIAN_POINT('',(-21.05008881607,-10.49743859704,0.));
#4290 = CARTESIAN_POINT('',(-21.0631939777,-10.38196291023,0.));
#4291 = CARTESIAN_POINT('',(-21.07520385094,-10.26632567417,0.));
#4292 = CARTESIAN_POINT('',(-21.09157239988,-10.09511927493,0.));
#4293 = CARTESIAN_POINT('',(-21.09665694095,-10.03966092796,0.));
#4294 = CARTESIAN_POINT('',(-21.10153960972,-9.984144669551,0.));
#4295 = CARTESIAN_POINT('',(-21.10626053173,-9.928564823717,0.));
#4296 = CARTESIAN_POINT('',(-21.11081176036,-9.87292373278,0.));
#4297 = CARTESIAN_POINT('',(-21.11517932655,-9.817225486558,0.));
#4298 = CARTESIAN_POINT('',(-21.11938804713,-9.761469351216,0.));
#4299 = CARTESIAN_POINT('',(-21.12784384936,-9.644776541282,0.));
#4300 = CARTESIAN_POINT('',(-21.1320617818,-9.583827688885,0.));
#4301 = CARTESIAN_POINT('',(-21.13609086938,-9.522815658962,0.));
#4302 = CARTESIAN_POINT('',(-21.13993608257,-9.461742577928,0.));
#4303 = CARTESIAN_POINT('',(-21.14360239182,-9.400610572202,0.));
#4304 = CARTESIAN_POINT('',(-21.14709476762,-9.339421768201,0.));
#4305 = CARTESIAN_POINT('',(-21.15041818041,-9.278178292343,0.));
#4306 = CARTESIAN_POINT('',(-21.16520142096,-8.991368133354,0.));
#4307 = CARTESIAN_POINT('',(-21.17459009784,-8.765440459386,0.));
#4308 = CARTESIAN_POINT('',(-21.182003394,-8.53917206729,0.));
#4309 = CARTESIAN_POINT('',(-21.18769626281,-8.312631149854,0.));
#4310 = CARTESIAN_POINT('',(-21.19191968899,-8.085881474235,0.));
#4311 = CARTESIAN_POINT('',(-21.19492152923,-7.858982581685,0.));
#4312 = CARTESIAN_POINT('',(-21.19694735286,-7.631989987282,0.));
#4313 = CARTESIAN_POINT('',(-21.19888948902,-7.29122019094,0.));
#4314 = CARTESIAN_POINT('',(-21.1993540551,-7.17747489597,0.));
#4315 = CARTESIAN_POINT('',(-21.1996656239,-7.063726196808,0.));
#4316 = CARTESIAN_POINT('',(-21.19985482759,-6.949980752193,0.));
#4317 = CARTESIAN_POINT('',(-21.19995228735,-6.836245177541,0.));
#4318 = CARTESIAN_POINT('',(-21.19998861332,-6.722526044945,0.));
#4319 = CARTESIAN_POINT('',(-21.19999440463,-6.608829883177,0.));
#4320 = CARTESIAN_POINT('',(-21.20002356087,-6.041810239016,0.));
#4321 = CARTESIAN_POINT('',(-21.20003317173,-5.588922963831,0.));
#4322 = CARTESIAN_POINT('',(-21.20003242893,-5.136423291734,0.));
#4323 = CARTESIAN_POINT('',(-21.20002492661,-4.684231820564,0.));
#4324 = CARTESIAN_POINT('',(-21.20001436973,-4.232268107618,0.));
#4325 = CARTESIAN_POINT('',(-21.20000443759,-3.780450970879,0.));
#4326 = CARTESIAN_POINT('',(-21.19999864741,-3.328698790231,0.));
#4327 = CARTESIAN_POINT('',(-21.20000177601,-2.428715519037,0.));
#4328 = CARTESIAN_POINT('',(-21.20000424663,-1.704088153947,0.));
#4329 = CARTESIAN_POINT('',(-21.20006276795,-0.963392965281,0.));
#4330 = CARTESIAN_POINT('',(-21.19999759187,-0.374996440626,0.));
#4331 = CARTESIAN_POINT('',(-21.20006515727,-1.369121356987E-02,0.));
#4332 = CARTESIAN_POINT('',(-21.19998227989,0.151033768777,0.));
#4333 = CARTESIAN_POINT('',(-21.20002566597,0.261170927864,0.));
#4334 = CARTESIAN_POINT('',(-21.1999743118,0.786692234584,0.));
#4335 = CARTESIAN_POINT('',(-21.19989782371,0.995670493203,0.));
#4336 = CARTESIAN_POINT('',(-21.19957516139,1.204696046934,0.));
#4337 = CARTESIAN_POINT('',(-21.1988167769,1.413728532986,0.));
#4338 = CARTESIAN_POINT('',(-21.19743295531,1.622726417261,0.));
#4339 = CARTESIAN_POINT('',(-21.1952330965,1.831646835621,0.));
#4340 = CARTESIAN_POINT('',(-21.19202499697,2.040445435171,0.));
#4341 = CARTESIAN_POINT('',(-21.18761413171,2.249076215526,0.));
#4342 = PCURVE('',#2399,#4343);
#4343 = DEFINITIONAL_REPRESENTATION('',(#4344),#4515);
#4344 = B_SPLINE_CURVE_WITH_KNOTS('',8,(#4345,#4346,#4347,#4348,#4349,
    #4350,#4351,#4352,#4353,#4354,#4355,#4356,#4357,#4358,#4359,#4360,
    #4361,#4362,#4363,#4364,#4365,#4366,#4367,#4368,#4369,#4370,#4371,
    #4372,#4373,#4374,#4375,#4376,#4377,#4378,#4379,#4380,#4381,#4382,
    #4383,#4384,#4385,#4386,#4387,#4388,#4389,#4390,#4391,#4392,#4393,
    #4394,#4395,#4396,#4397,#4398,#4399,#4400,#4401,#4402,#4403,#4404,
    #4405,#4406,#4407,#4408,#4409,#4410,#4411,#4412,#4413,#4414,#4415,
    #4416,#4417,#4418,#4419,#4420,#4421,#4422,#4423,#4424,#4425,#4426,
    #4427,#4428,#4429,#4430,#4431,#4432,#4433,#4434,#4435,#4436,#4437,
    #4438,#4439,#4440,#4441,#4442,#4443,#4444,#4445,#4446,#4447,#4448,
    #4449,#4450,#4451,#4452,#4453,#4454,#4455,#4456,#4457,#4458,#4459,
    #4460,#4461,#4462,#4463,#4464,#4465,#4466,#4467,#4468,#4469,#4470,
    #4471,#4472,#4473,#4474,#4475,#4476,#4477,#4478,#4479,#4480,#4481,
    #4482,#4483,#4484,#4485,#4486,#4487,#4488,#4489,#4490,#4491,#4492,
    #4493,#4494,#4495,#4496,#4497,#4498,#4499,#4500,#4501,#4502,#4503,
    #4504,#4505,#4506,#4507,#4508,#4509,#4510,#4511,#4512,#4513,#4514),
  .UNSPECIFIED.,.F.,.F.,(9,7,7,7,7,7,7,7,7,7,7,7,7,7,7,7,7,7,7,7,7,7,7,7
    ,9),(0.,3.414385910622E-02,7.916187992089E-02,0.113182164093,
    0.131686306002,0.150190448146,0.187321337103,0.228273000263,
    0.242686617297,0.258701749825,0.314195879477,0.324515677571,
    0.360955099785,0.388136075688,0.409131242013,0.425025360451,
    0.471462425512,0.506611922329,0.523428205901,0.541773458793,
    0.609267462469,0.643079238239,0.777935508079,0.911730676986,1.),
  .UNSPECIFIED.);
#4345 = CARTESIAN_POINT('',(18.458926113753,-8.217545054761));
#4346 = CARTESIAN_POINT('',(18.348266622038,-8.241246345038));
#4347 = CARTESIAN_POINT('',(18.237630670945,-8.265335691477));
#4348 = CARTESIAN_POINT('',(18.127017995923,-8.289768121638));
#4349 = CARTESIAN_POINT('',(18.016428133892,-8.314498925618));
#4350 = CARTESIAN_POINT('',(17.90586042324,-8.339483656049));
#4351 = CARTESIAN_POINT('',(17.795314003821,-8.3646781281));
#4352 = CARTESIAN_POINT('',(17.684787816961,-8.390038419477));
#4353 = CARTESIAN_POINT('',(17.428578974814,-8.449118991354));
#4354 = CARTESIAN_POINT('',(17.28291080687,-8.482929249985));
#4355 = CARTESIAN_POINT('',(17.13727302095,-8.516851320161));
#4356 = CARTESIAN_POINT('',(16.991662700921,-8.550785091878));
#4357 = CARTESIAN_POINT('',(16.846077087039,-8.584630388542));
#4358 = CARTESIAN_POINT('',(16.700513567801,-8.618286684206));
#4359 = CARTESIAN_POINT('',(16.554969671794,-8.65165282083));
#4360 = CARTESIAN_POINT('',(16.299468062575,-8.70954522677));
#4361 = CARTESIAN_POINT('',(16.189503210691,-8.734239605677));
#4362 = CARTESIAN_POINT('',(16.079547567627,-8.758665918485));
#4363 = CARTESIAN_POINT('',(15.969600501282,-8.782779739639));
#4364 = CARTESIAN_POINT('',(15.859661683732,-8.806536161789));
#4365 = CARTESIAN_POINT('',(15.74973109123,-8.829889795789));
#4366 = CARTESIAN_POINT('',(15.639809004204,-8.852794770696));
#4367 = CARTESIAN_POINT('',(15.470112682618,-8.887393848207));
#4368 = CARTESIAN_POINT('',(15.410363680623,-8.899427044479));
#4369 = CARTESIAN_POINT('',(15.350645938772,-8.911316113887));
#4370 = CARTESIAN_POINT('',(15.290957950454,-8.923108138305));
#4371 = CARTESIAN_POINT('',(15.231296127388,-8.934803573624));
#4372 = CARTESIAN_POINT('',(15.171658869439,-8.946446475235));
#4373 = CARTESIAN_POINT('',(15.112043212,-8.958052276694));
#4374 = CARTESIAN_POINT('',(14.992850453131,-8.981245848096));
#4375 = CARTESIAN_POINT('',(14.933273326197,-8.992833196684));
#4376 = CARTESIAN_POINT('',(14.873712968813,-9.004436213421));
#4377 = CARTESIAN_POINT('',(14.814166897655,-9.016080003641));
#4378 = CARTESIAN_POINT('',(14.754632629396,-9.027789672679));
#4379 = CARTESIAN_POINT('',(14.695107680711,-9.03959032587));
#4380 = CARTESIAN_POINT('',(14.635589568273,-9.051507068549));
#4381 = CARTESIAN_POINT('',(14.4566539637,-9.087760774485));
#4382 = CARTESIAN_POINT('',(14.337296992612,-9.112515526033));
#4383 = CARTESIAN_POINT('',(14.218013339131,-9.138025378273));
#4384 = CARTESIAN_POINT('',(14.098814954678,-9.164484601454));
#4385 = CARTESIAN_POINT('',(13.979717204634,-9.192084137497));
#4386 = CARTESIAN_POINT('',(13.860738774502,-9.221010118998));
#4387 = CARTESIAN_POINT('',(13.741901576086,-9.251442388234));
#4388 = CARTESIAN_POINT('',(13.492348475,-9.318967832667));
#4389 = CARTESIAN_POINT('',(13.361669640217,-9.356423852562));
#4390 = CARTESIAN_POINT('',(13.231229912612,-9.396151032969));
#4391 = CARTESIAN_POINT('',(13.101072081315,-9.438366778815));
#4392 = CARTESIAN_POINT('',(12.971245580087,-9.483272519469));
#4393 = CARTESIAN_POINT('',(12.841806106123,-9.53105028536));
#4394 = CARTESIAN_POINT('',(12.712815238855,-9.581859284615));
#4395 = CARTESIAN_POINT('',(12.539121088353,-9.654829240823));
#4396 = CARTESIAN_POINT('',(12.493868449843,-9.674266260568));
#4397 = CARTESIAN_POINT('',(12.448588175848,-9.694094685919));
#4398 = CARTESIAN_POINT('',(12.403286142622,-9.714264406679));
#4399 = CARTESIAN_POINT('',(12.357968139481,-9.734724592422));
#4400 = CARTESIAN_POINT('',(12.312639938238,-9.755424229474));
#4401 = CARTESIAN_POINT('',(12.267307362637,-9.776312657891));
#4402 = CARTESIAN_POINT('',(12.171608566783,-9.82070394602));
#4403 = CARTESIAN_POINT('',(12.121242651992,-9.844239066824));
#4404 = CARTESIAN_POINT('',(12.070886622249,-9.867876213741));
#4405 = CARTESIAN_POINT('',(12.020548486391,-9.891546129655));
#4406 = CARTESIAN_POINT('',(11.970236253257,-9.915179557455));
#4407 = CARTESIAN_POINT('',(11.919957931684,-9.938707240024));
#4408 = CARTESIAN_POINT('',(11.86972153051,-9.962059920251));
#4409 = CARTESIAN_POINT('',(11.645633620318,-10.06524146535));
#4410 = CARTESIAN_POINT('',(11.471861833235,-10.14259819149));
#4411 = CARTESIAN_POINT('',(11.297287341451,-10.21491411149));
#4412 = CARTESIAN_POINT('',(11.121480759699,-10.27946490618));
#4413 = CARTESIAN_POINT('',(10.944471157292,-10.33278075107));
#4414 = CARTESIAN_POINT('',(10.766731700427,-10.37065661648));
#4415 = CARTESIAN_POINT('',(10.589174246715,-10.38823991605));
#4416 = CARTESIAN_POINT('',(10.380484929704,-10.37977631805));
#4417 = CARTESIAN_POINT('',(10.347869504994,-10.3776088453));
#4418 = CARTESIAN_POINT('',(10.315365748015,-10.37455732305));
#4419 = CARTESIAN_POINT('',(10.282977239578,-10.37059023709));
#4420 = CARTESIAN_POINT('',(10.250707086221,-10.36568825027));
#4421 = CARTESIAN_POINT('',(10.218557920203,-10.35984420255));
#4422 = CARTESIAN_POINT('',(10.18653189951,-10.35306311096));
#4423 = CARTESIAN_POINT('',(10.04198693504,-10.31816998513));
#4424 = CARTESIAN_POINT('',(9.931506464758,-10.27973980062));
#4425 = CARTESIAN_POINT('',(9.823671345622,-10.23118216445));
#4426 = CARTESIAN_POINT('',(9.718791753774,-10.17372412341));
#4427 = CARTESIAN_POINT('',(9.617047223157,-10.10854737844));
#4428 = CARTESIAN_POINT('',(9.518511319936,-10.03670918623));
#4429 = CARTESIAN_POINT('',(9.423168782388,-9.959108350887));
#4430 = CARTESIAN_POINT('',(9.262134281098,-9.814808398827));
#4431 = CARTESIAN_POINT('',(9.195082954884,-9.750366516871));
#4432 = CARTESIAN_POINT('',(9.129756271195,-9.683443480759));
#4433 = CARTESIAN_POINT('',(9.066130853321,-9.614318221622));
#4434 = CARTESIAN_POINT('',(9.004184149293,-9.543240659716));
#4435 = CARTESIAN_POINT('',(8.943894735534,-9.470434239102));
#4436 = CARTESIAN_POINT('',(8.885242620514,-9.396098462328));
#4437 = CARTESIAN_POINT('',(8.784155985391,-9.261949141015));
#4438 = CARTESIAN_POINT('',(8.74107130104,-9.202684422328));
#4439 = CARTESIAN_POINT('',(8.698948772945,-9.142701549263));
#4440 = CARTESIAN_POINT('',(8.657784495793,-9.082080406044));
#4441 = CARTESIAN_POINT('',(8.61757750827,-9.020897359411));
#4442 = CARTESIAN_POINT('',(8.578329919958,-8.959226137139));
#4443 = CARTESIAN_POINT('',(8.540047038233,-8.897138706545));
#4444 = CARTESIAN_POINT('',(8.47449278935,-8.78744239786));
#4445 = CARTESIAN_POINT('',(8.44680531269,-8.739978840848));
#4446 = CARTESIAN_POINT('',(8.41968520223,-8.692365026328));
#4447 = CARTESIAN_POINT('',(8.393127892047,-8.644599140688));
#4448 = CARTESIAN_POINT('',(8.367126315498,-8.59667297665));
#4449 = CARTESIAN_POINT('',(8.341676454131,-8.548592248397));
#4450 = CARTESIAN_POINT('',(8.316776233242,-8.500372257506));
#4451 = CARTESIAN_POINT('',(8.221250821293,-8.310708092203));
#4452 = CARTESIAN_POINT('',(8.154711618281,-8.168198620199));
#4453 = CARTESIAN_POINT('',(8.092660003812,-8.024590022387));
#4454 = CARTESIAN_POINT('',(8.034904660039,-7.879985708416));
#4455 = CARTESIAN_POINT('',(7.981210737656,-7.734481815784));
#4456 = CARTESIAN_POINT('',(7.931307491081,-7.588166056744));
#4457 = CARTESIAN_POINT('',(7.884895913618,-7.441116565202));
#4458 = CARTESIAN_POINT('',(7.80892717009,-7.181590559381));
#4459 = CARTESIAN_POINT('',(7.778015290542,-7.069398233794));
#4460 = CARTESIAN_POINT('',(7.748781424035,-6.956851144147));
#4461 = CARTESIAN_POINT('',(7.721080067682,-6.843973844516));
#4462 = CARTESIAN_POINT('',(7.694760884614,-6.730787911491));
#4463 = CARTESIAN_POINT('',(7.669670062938,-6.617311789894));
#4464 = CARTESIAN_POINT('',(7.645651674684,-6.503560638495));
#4465 = CARTESIAN_POINT('',(7.611496229476,-6.334999177599));
#4466 = CARTESIAN_POINT('',(7.600648845594,-6.280374869194));
#4467 = CARTESIAN_POINT('',(7.589996183782,-6.225671887565));
#4468 = CARTESIAN_POINT('',(7.579497745181,-6.170888777445));
#4469 = CARTESIAN_POINT('',(7.569161677545,-6.116027038605));
#4470 = CARTESIAN_POINT('',(7.559002300615,-6.061089279941));
#4471 = CARTESIAN_POINT('',(7.548994856581,-6.006077362858));
#4472 = CARTESIAN_POINT('',(7.528400895613,-5.890905312198));
#4473 = CARTESIAN_POINT('',(7.517842097006,-5.830730023794));
#4474 = CARTESIAN_POINT('',(7.50746451439,-5.770472185123));
#4475 = CARTESIAN_POINT('',(7.497263426496,-5.710134429968));
#4476 = CARTESIAN_POINT('',(7.487234112057,-5.649719392109));
#4477 = CARTESIAN_POINT('',(7.477371849801,-5.589229705328));
#4478 = CARTESIAN_POINT('',(7.467671918462,-5.528668003405));
#4479 = CARTESIAN_POINT('',(7.423022449476,-5.244969155293));
#4480 = CARTESIAN_POINT('',(7.390095049043,-5.021256734049));
#4481 = CARTESIAN_POINT('',(7.359096655931,-4.796999199402));
#4482 = CARTESIAN_POINT('',(7.329780830651,-4.572290992128));
#4483 = CARTESIAN_POINT('',(7.301904618584,-4.34722173718));
#4484 = CARTESIAN_POINT('',(7.275227734787,-4.121876530095));
#4485 = CARTESIAN_POINT('',(7.249511748808,-3.896336223408));
#4486 = CARTESIAN_POINT('',(7.211999044586,-3.557631893625));
#4487 = CARTESIAN_POINT('',(7.19966040113,-3.444556848513));
#4488 = CARTESIAN_POINT('',(7.187473563219,-3.331462442737));
#4489 = CARTESIAN_POINT('',(7.175408761371,-3.218358497072));
#4490 = CARTESIAN_POINT('',(7.163436232542,-3.105254788055));
#4491 = CARTESIAN_POINT('',(7.151526220122,-2.992161047989));
#4492 = CARTESIAN_POINT('',(7.139648973935,-2.879086964941));
#4493 = CARTESIAN_POINT('',(7.080415110651,-2.315169748361));
#4494 = CARTESIAN_POINT('',(7.033117718636,-1.864759001569));
#4495 = CARTESIAN_POINT('',(6.985871094939,-1.414732658121));
#4496 = CARTESIAN_POINT('',(6.938663374337,-0.965012125155));
#4497 = CARTESIAN_POINT('',(6.891482472778,-0.515517786527));
#4498 = CARTESIAN_POINT('',(6.844316254523,-6.616928813581E-02));
#4499 = CARTESIAN_POINT('',(6.797152699286,0.38311417674));
#4500 = CARTESIAN_POINT('',(6.703178611832,1.27817772718));
#4501 = CARTESIAN_POINT('',(6.627514814247,1.998843952265));
#4502 = CARTESIAN_POINT('',(6.55011756441,2.735484320189));
#4503 = CARTESIAN_POINT('',(6.488745469301,3.32067141883));
#4504 = CARTESIAN_POINT('',(6.450952899998,3.679994662399));
#4505 = CARTESIAN_POINT('',(6.433835707596,3.843827895908));
#4506 = CARTESIAN_POINT('',(6.422292682325,3.953358504697));
#4507 = CARTESIAN_POINT('',(6.367471902438,4.476012624117));
#4508 = CARTESIAN_POINT('',(6.345727688057,4.683856574153));
#4509 = CARTESIAN_POINT('',(6.324223364014,4.891773264851));
#4510 = CARTESIAN_POINT('',(6.303151656606,5.099742345532));
#4511 = CARTESIAN_POINT('',(6.282705580518,5.307742318047));
#4512 = CARTESIAN_POINT('',(6.263079169654,5.515750453905));
#4513 = CARTESIAN_POINT('',(6.244468207966,5.723742711409));
#4514 = CARTESIAN_POINT('',(6.227070960281,5.931693652779));
#4515 = ( GEOMETRIC_REPRESENTATION_CONTEXT(2) 
PARAMETRIC_REPRESENTATION_CONTEXT() REPRESENTATION_CONTEXT('2D SPACE',''
  ) );
#4516 = PCURVE('',#3126,#4517);
#4517 = DEFINITIONAL_REPRESENTATION('',(#4518),#4689);
#4518 = B_SPLINE_CURVE_WITH_KNOTS('',8,(#4519,#4520,#4521,#4522,#4523,
    #4524,#4525,#4526,#4527,#4528,#4529,#4530,#4531,#4532,#4533,#4534,
    #4535,#4536,#4537,#4538,#4539,#4540,#4541,#4542,#4543,#4544,#4545,
    #4546,#4547,#4548,#4549,#4550,#4551,#4552,#4553,#4554,#4555,#4556,
    #4557,#4558,#4559,#4560,#4561,#4562,#4563,#4564,#4565,#4566,#4567,
    #4568,#4569,#4570,#4571,#4572,#4573,#4574,#4575,#4576,#4577,#4578,
    #4579,#4580,#4581,#4582,#4583,#4584,#4585,#4586,#4587,#4588,#4589,
    #4590,#4591,#4592,#4593,#4594,#4595,#4596,#4597,#4598,#4599,#4600,
    #4601,#4602,#4603,#4604,#4605,#4606,#4607,#4608,#4609,#4610,#4611,
    #4612,#4613,#4614,#4615,#4616,#4617,#4618,#4619,#4620,#4621,#4622,
    #4623,#4624,#4625,#4626,#4627,#4628,#4629,#4630,#4631,#4632,#4633,
    #4634,#4635,#4636,#4637,#4638,#4639,#4640,#4641,#4642,#4643,#4644,
    #4645,#4646,#4647,#4648,#4649,#4650,#4651,#4652,#4653,#4654,#4655,
    #4656,#4657,#4658,#4659,#4660,#4661,#4662,#4663,#4664,#4665,#4666,
    #4667,#4668,#4669,#4670,#4671,#4672,#4673,#4674,#4675,#4676,#4677,
    #4678,#4679,#4680,#4681,#4682,#4683,#4684,#4685,#4686,#4687,#4688),
  .UNSPECIFIED.,.F.,.F.,(9,7,7,7,7,7,7,7,7,7,7,7,7,7,7,7,7,7,7,7,7,7,7,7
    ,9),(0.,3.414385910622E-02,7.916187992089E-02,0.113182164093,
    0.131686306002,0.150190448146,0.187321337103,0.228273000263,
    0.242686617297,0.258701749825,0.314195879477,0.324515677571,
    0.360955099785,0.388136075688,0.409131242013,0.425025360451,
    0.471462425512,0.506611922329,0.523428205901,0.541773458793,
    0.609267462469,0.643079238239,0.777935508079,0.911730676986,1.),
  .UNSPECIFIED.);
#4519 = CARTESIAN_POINT('',(41.119832237205,0.25));
#4520 = CARTESIAN_POINT('',(41.0066045868,0.25));
#4521 = CARTESIAN_POINT('',(40.893435333035,0.25));
#4522 = CARTESIAN_POINT('',(40.780316660499,0.25));
#4523 = CARTESIAN_POINT('',(40.66724057451,0.25));
#4524 = CARTESIAN_POINT('',(40.554198901119,0.25));
#4525 = CARTESIAN_POINT('',(40.441183287106,0.25));
#4526 = CARTESIAN_POINT('',(40.328185199981,0.25));
#4527 = CARTESIAN_POINT('',(40.066221748395,0.25));
#4528 = CARTESIAN_POINT('',(39.917263359852,0.25));
#4529 = CARTESIAN_POINT('',(39.768300538361,0.25));
#4530 = CARTESIAN_POINT('',(39.619313229303,0.25));
#4531 = CARTESIAN_POINT('',(39.470281491004,0.25));
#4532 = CARTESIAN_POINT('',(39.321185438309,0.25));
#4533 = CARTESIAN_POINT('',(39.172005186149,0.25));
#4534 = CARTESIAN_POINT('',(38.909906027335,0.25));
#4535 = CARTESIAN_POINT('',(38.797032059692,0.25));
#4536 = CARTESIAN_POINT('',(38.684090379534,0.25));
#4537 = CARTESIAN_POINT('',(38.571072705724,0.25));
#4538 = CARTESIAN_POINT('',(38.457970986631,0.25));
#4539 = CARTESIAN_POINT('',(38.344777400125,0.25));
#4540 = CARTESIAN_POINT('',(38.231484353584,0.25));
#4541 = CARTESIAN_POINT('',(38.056404596953,0.25));
#4542 = CARTESIAN_POINT('',(37.994725383523,0.25));
#4543 = CARTESIAN_POINT('',(37.933044646957,0.25));
#4544 = CARTESIAN_POINT('',(37.871366034968,0.25));
#4545 = CARTESIAN_POINT('',(37.809685446156,0.25));
#4546 = CARTESIAN_POINT('',(37.748006069299,0.25));
#4547 = CARTESIAN_POINT('',(37.686326244616,0.25));
#4548 = CARTESIAN_POINT('',(37.562966748687,0.25));
#4549 = CARTESIAN_POINT('',(37.501287000331,0.25));
#4550 = CARTESIAN_POINT('',(37.439607251975,0.25));
#4551 = CARTESIAN_POINT('',(37.37792750362,0.25));
#4552 = CARTESIAN_POINT('',(37.316247755264,0.25));
#4553 = CARTESIAN_POINT('',(37.254568006908,0.25));
#4554 = CARTESIAN_POINT('',(37.192888258552,0.25));
#4555 = CARTESIAN_POINT('',(37.007440336061,0.25));
#4556 = CARTESIAN_POINT('',(36.883721237465,0.25));
#4557 = CARTESIAN_POINT('',(36.760080767135,0.25));
#4558 = CARTESIAN_POINT('',(36.63655210188,0.25));
#4559 = CARTESIAN_POINT('',(36.513171804481,0.25));
#4560 = CARTESIAN_POINT('',(36.389979585582,0.25));
#4561 = CARTESIAN_POINT('',(36.267018065577,0.25));
#4562 = CARTESIAN_POINT('',(36.009022647554,0.25));
#4563 = CARTESIAN_POINT('',(35.874049592602,0.25));
#4564 = CARTESIAN_POINT('',(35.739476333531,0.25));
#4565 = CARTESIAN_POINT('',(35.605372229755,0.25));
#4566 = CARTESIAN_POINT('',(35.471812295879,0.25));
#4567 = CARTESIAN_POINT('',(35.338876459354,0.25));
#4568 = CARTESIAN_POINT('',(35.206648818134,0.25));
#4569 = CARTESIAN_POINT('',(35.028957254361,0.25));
#4570 = CARTESIAN_POINT('',(34.982697270705,0.25));
#4571 = CARTESIAN_POINT('',(34.936437353914,0.25));
#4572 = CARTESIAN_POINT('',(34.890177590379,0.25));
#4573 = CARTESIAN_POINT('',(34.843917885925,0.25));
#4574 = CARTESIAN_POINT('',(34.797658105403,0.25));
#4575 = CARTESIAN_POINT('',(34.751398212275,0.25));
#4576 = CARTESIAN_POINT('',(34.653738617905,0.25));
#4577 = CARTESIAN_POINT('',(34.602338827608,0.25));
#4578 = CARTESIAN_POINT('',(34.550939037312,0.25));
#4579 = CARTESIAN_POINT('',(34.499539247015,0.25));
#4580 = CARTESIAN_POINT('',(34.448139456719,0.25));
#4581 = CARTESIAN_POINT('',(34.396739666422,0.25));
#4582 = CARTESIAN_POINT('',(34.345339876125,0.25));
#4583 = CARTESIAN_POINT('',(34.115834371011,0.25));
#4584 = CARTESIAN_POINT('',(33.93724746079,0.25));
#4585 = CARTESIAN_POINT('',(33.756877304131,0.25));
#4586 = CARTESIAN_POINT('',(33.573904450631,0.25));
#4587 = CARTESIAN_POINT('',(33.387906937373,0.25));
#4588 = CARTESIAN_POINT('',(33.198850793737,0.25));
#4589 = CARTESIAN_POINT('',(33.007100062517,0.25));
#4590 = CARTESIAN_POINT('',(32.777647329313,0.25));
#4591 = CARTESIAN_POINT('',(32.741666319582,0.25));
#4592 = CARTESIAN_POINT('',(32.705685228011,0.25));
#4593 = CARTESIAN_POINT('',(32.669705245659,0.25));
#4594 = CARTESIAN_POINT('',(32.633726622727,0.25));
#4595 = CARTESIAN_POINT('',(32.597748668561,0.25));
#4596 = CARTESIAN_POINT('',(32.561769751651,0.25));
#4597 = CARTESIAN_POINT('',(32.398732511393,0.25));
#4598 = CARTESIAN_POINT('',(32.27231490828,0.25));
#4599 = CARTESIAN_POINT('',(32.146910533171,0.25));
#4600 = CARTESIAN_POINT('',(32.022739850066,0.25));
#4601 = CARTESIAN_POINT('',(31.899905787055,0.25));
#4602 = CARTESIAN_POINT('',(31.778408704391,0.25));
#4603 = CARTESIAN_POINT('',(31.658146907651,0.25));
#4604 = CARTESIAN_POINT('',(31.449970852226,0.25));
#4605 = CARTESIAN_POINT('',(31.361626504488,0.25));
#4606 = CARTESIAN_POINT('',(31.273807498991,0.25));
#4607 = CARTESIAN_POINT('',(31.186441375866,0.25));
#4608 = CARTESIAN_POINT('',(31.09945179077,0.25));
#4609 = CARTESIAN_POINT('',(31.012756306541,0.25));
#4610 = CARTESIAN_POINT('',(30.926264184859,0.25));
#4611 = CARTESIAN_POINT('',(30.773144691395,0.25));
#4612 = CARTESIAN_POINT('',(30.706480463942,0.25));
#4613 = CARTESIAN_POINT('',(30.639837078537,0.25));
#4614 = CARTESIAN_POINT('',(30.573169932511,0.25));
#4615 = CARTESIAN_POINT('',(30.506433365535,0.25));
#4616 = CARTESIAN_POINT('',(30.439579787626,0.25));
#4617 = CARTESIAN_POINT('',(30.372558807149,0.25));
#4618 = CARTESIAN_POINT('',(30.254411335193,0.25));
#4619 = CARTESIAN_POINT('',(30.203382737841,0.25));
#4620 = CARTESIAN_POINT('',(30.152187461348,0.25));
#4621 = CARTESIAN_POINT('',(30.100837895167,0.25));
#4622 = CARTESIAN_POINT('',(30.049353516489,0.25));
#4623 = CARTESIAN_POINT('',(29.997738982851,0.25));
#4624 = CARTESIAN_POINT('',(29.94598872449,0.25));
#4625 = CARTESIAN_POINT('',(29.742569995279,0.25));
#4626 = CARTESIAN_POINT('',(29.589972751912,0.25));
#4627 = CARTESIAN_POINT('',(29.436481598754,0.25));
#4628 = CARTESIAN_POINT('',(29.282245590702,0.25));
#4629 = CARTESIAN_POINT('',(29.127405889336,0.25));
#4630 = CARTESIAN_POINT('',(28.972094107104,0.25));
#4631 = CARTESIAN_POINT('',(28.816430651517,0.25));
#4632 = CARTESIAN_POINT('',(28.542512315282,0.25));
#4633 = CARTESIAN_POINT('',(28.424361308911,0.25));
#4634 = CARTESIAN_POINT('',(28.306114810056,0.25));
#4635 = CARTESIAN_POINT('',(28.187814148652,0.25));
#4636 = CARTESIAN_POINT('',(28.069497055056,0.25));
#4637 = CARTESIAN_POINT('',(27.951197490375,0.25));
#4638 = CARTESIAN_POINT('',(27.832945476788,0.25));
#4639 = CARTESIAN_POINT('',(27.658227740388,0.25));
#4640 = CARTESIAN_POINT('',(27.601687902602,0.25));
#4641 = CARTESIAN_POINT('',(27.545145723873,0.25));
#4642 = CARTESIAN_POINT('',(27.488607692852,0.25));
#4643 = CARTESIAN_POINT('',(27.432069937908,0.25));
#4644 = CARTESIAN_POINT('',(27.375528089917,0.25));
#4645 = CARTESIAN_POINT('',(27.318987876058,0.25));
#4646 = CARTESIAN_POINT('',(27.200769024911,0.25));
#4647 = CARTESIAN_POINT('',(27.139089276555,0.25));
#4648 = CARTESIAN_POINT('',(27.0774095282,0.25));
#4649 = CARTESIAN_POINT('',(27.015729779844,0.25));
#4650 = CARTESIAN_POINT('',(26.954050031488,0.25));
#4651 = CARTESIAN_POINT('',(26.892370283132,0.25));
#4652 = CARTESIAN_POINT('',(26.830690534776,0.25));
#4653 = CARTESIAN_POINT('',(26.542084878851,0.25));
#4654 = CARTESIAN_POINT('',(26.315458556402,0.25));
#4655 = CARTESIAN_POINT('',(26.089095182335,0.25));
#4656 = CARTESIAN_POINT('',(25.862955381226,0.25));
#4657 = CARTESIAN_POINT('',(25.636996853682,0.25));
#4658 = CARTESIAN_POINT('',(25.411174191053,0.25));
#4659 = CARTESIAN_POINT('',(25.185438690155,0.25));
#4660 = CARTESIAN_POINT('',(24.846671302315,0.25));
#4661 = CARTESIAN_POINT('',(24.733613633497,0.25));
#4662 = CARTESIAN_POINT('',(24.620558823739,0.25));
#4663 = CARTESIAN_POINT('',(24.507500478401,0.25));
#4664 = CARTESIAN_POINT('',(24.394432145995,0.25));
#4665 = CARTESIAN_POINT('',(24.281347318185,0.25));
#4666 = CARTESIAN_POINT('',(24.168239429786,0.25));
#4667 = CARTESIAN_POINT('',(23.603859341659,0.25));
#4668 = CARTESIAN_POINT('',(23.152149227693,0.25));
#4669 = CARTESIAN_POINT('',(22.700050706543,0.25));
#4670 = CARTESIAN_POINT('',(22.247643965559,0.25));
#4671 = CARTESIAN_POINT('',(21.795009888925,0.25));
#4672 = CARTESIAN_POINT('',(21.342229756824,0.25));
#4673 = CARTESIAN_POINT('',(20.889384944594,0.25));
#4674 = CARTESIAN_POINT('',(19.987291326372,0.25));
#4675 = CARTESIAN_POINT('',(19.261062075441,0.25));
#4676 = CARTESIAN_POINT('',(18.518519113427,0.25));
#4677 = CARTESIAN_POINT('',(17.931574385749,0.25));
#4678 = CARTESIAN_POINT('',(17.571622166191,0.25));
#4679 = CARTESIAN_POINT('',(17.40751492691,0.25));
#4680 = CARTESIAN_POINT('',(17.297548232622,0.25));
#4681 = CARTESIAN_POINT('',(16.774636319003,0.25));
#4682 = CARTESIAN_POINT('',(16.566870849869,0.25));
#4683 = CARTESIAN_POINT('',(16.359152244332,0.25));
#4684 = CARTESIAN_POINT('',(16.151439904831,0.25));
#4685 = CARTESIAN_POINT('',(15.94369454171,0.25));
#4686 = CARTESIAN_POINT('',(15.735878016466,0.25));
#4687 = CARTESIAN_POINT('',(15.527953184993,0.25));
#4688 = CARTESIAN_POINT('',(15.319883740818,0.25));
#4689 = ( GEOMETRIC_REPRESENTATION_CONTEXT(2) 
PARAMETRIC_REPRESENTATION_CONTEXT() REPRESENTATION_CONTEXT('2D SPACE',''
  ) );
#4690 = ORIENTED_EDGE('',*,*,#4038,.T.);
#4691 = FACE_BOUND('',#4692,.F.);
#4692 = EDGE_LOOP('',(#4693,#4723,#4756,#4784));
#4693 = ORIENTED_EDGE('',*,*,#4694,.F.);
#4694 = EDGE_CURVE('',#4695,#4697,#4699,.T.);
#4695 = VERTEX_POINT('',#4696);
#4696 = CARTESIAN_POINT('',(18.234886774743,-13.32783345846,0.));
#4697 = VERTEX_POINT('',#4698);
#4698 = CARTESIAN_POINT('',(22.985323154484,-11.21280291446,0.));
#4699 = SURFACE_CURVE('',#4700,(#4704,#4711),.PCURVE_S1.);
#4700 = LINE('',#4701,#4702);
#4701 = CARTESIAN_POINT('',(3.235857813561,-20.00583140375,0.));
#4702 = VECTOR('',#4703,1.);
#4703 = DIRECTION('',(0.913545457643,0.406736643076,0.));
#4704 = PCURVE('',#2399,#4705);
#4705 = DEFINITIONAL_REPRESENTATION('',(#4706),#4710);
#4706 = LINE('',#4707,#4708);
#4707 = CARTESIAN_POINT('',(32.840768844746,-13.6514107977));
#4708 = VECTOR('',#4709,1.);
#4709 = DIRECTION('',(0.866082876065,0.499900441874));
#4710 = ( GEOMETRIC_REPRESENTATION_CONTEXT(2) 
PARAMETRIC_REPRESENTATION_CONTEXT() REPRESENTATION_CONTEXT('2D SPACE',''
  ) );
#4711 = PCURVE('',#4712,#4717);
#4712 = PLANE('',#4713);
#4713 = AXIS2_PLACEMENT_3D('',#4714,#4715,#4716);
#4714 = CARTESIAN_POINT('',(22.985323154484,-11.21280291446,-1.));
#4715 = DIRECTION('',(0.406736643076,-0.913545457643,0.));
#4716 = DIRECTION('',(-0.913545457643,-0.406736643076,0.));
#4717 = DEFINITIONAL_REPRESENTATION('',(#4718),#4722);
#4718 = LINE('',#4719,#4720);
#4719 = CARTESIAN_POINT('',(21.618481243273,-1.));
#4720 = VECTOR('',#4721,1.);
#4721 = DIRECTION('',(-1.,0.));
#4722 = ( GEOMETRIC_REPRESENTATION_CONTEXT(2) 
PARAMETRIC_REPRESENTATION_CONTEXT() REPRESENTATION_CONTEXT('2D SPACE',''
  ) );
#4723 = ORIENTED_EDGE('',*,*,#4724,.T.);
#4724 = EDGE_CURVE('',#4695,#4725,#4727,.T.);
#4725 = VERTEX_POINT('',#4726);
#4726 = CARTESIAN_POINT('',(17.014676845516,-10.58719708553,0.));
#4727 = SURFACE_CURVE('',#4728,(#4733,#4744),.PCURVE_S1.);
#4728 = CIRCLE('',#4729,1.5);
#4729 = AXIS2_PLACEMENT_3D('',#4730,#4731,#4732);
#4730 = CARTESIAN_POINT('',(17.624781810129,-11.95751527199,0.));
#4731 = DIRECTION('',(0.,-0.,-1.));
#4732 = DIRECTION('',(0.406736643076,-0.913545457643,0.));
#4733 = PCURVE('',#2399,#4734);
#4734 = DEFINITIONAL_REPRESENTATION('',(#4735),#4743);
#4735 = ( BOUNDED_CURVE() B_SPLINE_CURVE(2,(#4736,#4737,#4738,#4739,
#4740,#4741,#4742),.UNSPECIFIED.,.T.,.F.) B_SPLINE_CURVE_WITH_KNOTS((1,2
    ,2,2,2,1),(-2.094395102393,0.,2.094395102393,4.188790204786,
6.28318530718,8.377580409573),.UNSPECIFIED.) CURVE() 
GEOMETRIC_REPRESENTATION_ITEM() RATIONAL_B_SPLINE_CURVE((1.,0.5,1.,0.5,
1.,0.5,1.)) REPRESENTATION_ITEM('') );
#4736 = CARTESIAN_POINT('',(47.060534300546,-5.44380476929));
#4737 = CARTESIAN_POINT('',(44.81038498318,-6.742584215369));
#4738 = CARTESIAN_POINT('',(44.810683647645,-4.144508021182));
#4739 = CARTESIAN_POINT('',(44.810982312111,-1.546431826996));
#4740 = CARTESIAN_POINT('',(47.060832965011,-2.845728575103));
#4741 = CARTESIAN_POINT('',(49.310683617912,-4.145025323211));
#4742 = CARTESIAN_POINT('',(47.060534300546,-5.44380476929));
#4743 = ( GEOMETRIC_REPRESENTATION_CONTEXT(2) 
PARAMETRIC_REPRESENTATION_CONTEXT() REPRESENTATION_CONTEXT('2D SPACE',''
  ) );
#4744 = PCURVE('',#4745,#4750);
#4745 = CYLINDRICAL_SURFACE('',#4746,1.5);
#4746 = AXIS2_PLACEMENT_3D('',#4747,#4748,#4749);
#4747 = CARTESIAN_POINT('',(17.624781810129,-11.95751527199,-1.));
#4748 = DIRECTION('',(0.,-0.,-1.));
#4749 = DIRECTION('',(0.406736643076,-0.913545457643,0.));
#4750 = DEFINITIONAL_REPRESENTATION('',(#4751),#4755);
#4751 = LINE('',#4752,#4753);
#4752 = CARTESIAN_POINT('',(0.,-1.));
#4753 = VECTOR('',#4754,1.);
#4754 = DIRECTION('',(1.,0.));
#4755 = ( GEOMETRIC_REPRESENTATION_CONTEXT(2) 
PARAMETRIC_REPRESENTATION_CONTEXT() REPRESENTATION_CONTEXT('2D SPACE',''
  ) );
#4756 = ORIENTED_EDGE('',*,*,#4757,.F.);
#4757 = EDGE_CURVE('',#4758,#4725,#4760,.T.);
#4758 = VERTEX_POINT('',#4759);
#4759 = CARTESIAN_POINT('',(21.765113225257,-8.472166541539,0.));
#4760 = SURFACE_CURVE('',#4761,(#4765,#4772),.PCURVE_S1.);
#4761 = LINE('',#4762,#4763);
#4762 = CARTESIAN_POINT('',(-0.359570305538,-18.32271030282,0.));
#4763 = VECTOR('',#4764,1.);
#4764 = DIRECTION('',(-0.913545457643,-0.406736643076,0.));
#4765 = PCURVE('',#2399,#4766);
#4766 = DEFINITIONAL_REPRESENTATION('',(#4767),#4771);
#4767 = LINE('',#4768,#4769);
#4768 = CARTESIAN_POINT('',(29.089252041352,-12.35290331838));
#4769 = VECTOR('',#4770,1.);
#4770 = DIRECTION('',(-0.866082876065,-0.499900441874));
#4771 = ( GEOMETRIC_REPRESENTATION_CONTEXT(2) 
PARAMETRIC_REPRESENTATION_CONTEXT() REPRESENTATION_CONTEXT('2D SPACE',''
  ) );
#4772 = PCURVE('',#4773,#4778);
#4773 = PLANE('',#4774);
#4774 = AXIS2_PLACEMENT_3D('',#4775,#4776,#4777);
#4775 = CARTESIAN_POINT('',(17.014676845516,-10.58719708553,-1.));
#4776 = DIRECTION('',(-0.406736643076,0.913545457643,0.));
#4777 = DIRECTION('',(0.913545457643,0.406736643076,0.));
#4778 = DEFINITIONAL_REPRESENTATION('',(#4779),#4783);
#4779 = LINE('',#4780,#4781);
#4780 = CARTESIAN_POINT('',(-19.01848124327,-1.));
#4781 = VECTOR('',#4782,1.);
#4782 = DIRECTION('',(-1.,-0.));
#4783 = ( GEOMETRIC_REPRESENTATION_CONTEXT(2) 
PARAMETRIC_REPRESENTATION_CONTEXT() REPRESENTATION_CONTEXT('2D SPACE',''
  ) );
#4784 = ORIENTED_EDGE('',*,*,#4785,.T.);
#4785 = EDGE_CURVE('',#4758,#4697,#4786,.T.);
#4786 = SURFACE_CURVE('',#4787,(#4792,#4803),.PCURVE_S1.);
#4787 = CIRCLE('',#4788,1.5);
#4788 = AXIS2_PLACEMENT_3D('',#4789,#4790,#4791);
#4789 = CARTESIAN_POINT('',(22.375218189871,-9.842484728003,0.));
#4790 = DIRECTION('',(0.,0.,-1.));
#4791 = DIRECTION('',(-0.406736643076,0.913545457643,0.));
#4792 = PCURVE('',#2399,#4793);
#4793 = DEFINITIONAL_REPRESENTATION('',(#4794),#4802);
#4794 = ( BOUNDED_CURVE() B_SPLINE_CURVE(2,(#4795,#4796,#4797,#4798,
#4799,#4800,#4801),.UNSPECIFIED.,.T.,.F.) B_SPLINE_CURVE_WITH_KNOTS((1,2
    ,2,2,2,1),(-2.094395102393,0.,2.094395102393,4.188790204786,
6.28318530718,8.377580409573),.UNSPECIFIED.) CURVE() 
GEOMETRIC_REPRESENTATION_ITEM() RATIONAL_B_SPLINE_CURVE((1.,0.5,1.,0.5,
1.,0.5,1.)) REPRESENTATION_ITEM('') );
#4795 = CARTESIAN_POINT('',(50.064463930463,-0.246073843347));
#4796 = CARTESIAN_POINT('',(52.314613247829,1.052705602732));
#4797 = CARTESIAN_POINT('',(52.314314583363,-1.545370591455));
#4798 = CARTESIAN_POINT('',(52.314015918898,-4.143446785641));
#4799 = CARTESIAN_POINT('',(50.064165265997,-2.844150037534));
#4800 = CARTESIAN_POINT('',(47.814314613097,-1.544853289426));
#4801 = CARTESIAN_POINT('',(50.064463930463,-0.246073843347));
#4802 = ( GEOMETRIC_REPRESENTATION_CONTEXT(2) 
PARAMETRIC_REPRESENTATION_CONTEXT() REPRESENTATION_CONTEXT('2D SPACE',''
  ) );
#4803 = PCURVE('',#4804,#4809);
#4804 = CYLINDRICAL_SURFACE('',#4805,1.5);
#4805 = AXIS2_PLACEMENT_3D('',#4806,#4807,#4808);
#4806 = CARTESIAN_POINT('',(22.375218189871,-9.842484728003,-1.));
#4807 = DIRECTION('',(0.,0.,-1.));
#4808 = DIRECTION('',(-0.406736643076,0.913545457643,0.));
#4809 = DEFINITIONAL_REPRESENTATION('',(#4810),#4814);
#4810 = LINE('',#4811,#4812);
#4811 = CARTESIAN_POINT('',(0.,-1.));
#4812 = VECTOR('',#4813,1.);
#4813 = DIRECTION('',(1.,0.));
#4814 = ( GEOMETRIC_REPRESENTATION_CONTEXT(2) 
PARAMETRIC_REPRESENTATION_CONTEXT() REPRESENTATION_CONTEXT('2D SPACE',''
  ) );
#4815 = ADVANCED_FACE('',(#4816),#2600,.F.);
#4816 = FACE_BOUND('',#4817,.F.);
#4817 = EDGE_LOOP('',(#4818,#4845,#4846,#4847));
#4818 = ORIENTED_EDGE('',*,*,#4819,.F.);
#4819 = EDGE_CURVE('',#4067,#2669,#4820,.T.);
#4820 = SURFACE_CURVE('',#4821,(#4827,#4836),.PCURVE_S1.);
#4821 = B_SPLINE_CURVE_WITH_KNOTS('',4,(#4822,#4823,#4824,#4825,#4826),
  .UNSPECIFIED.,.F.,.F.,(5,5),(0.,1.),.PIECEWISE_BEZIER_KNOTS.);
#4822 = CARTESIAN_POINT('',(-16.61461362917,-12.92736119146,-20.));
#4823 = CARTESIAN_POINT('',(-10.5,-12.92736119146,5.684341886081E-14));
#4824 = CARTESIAN_POINT('',(-4.385386370827,-12.92736119146,20.));
#4825 = CARTESIAN_POINT('',(1.729227258346,-12.92736119146,40.));
#4826 = CARTESIAN_POINT('',(7.84384088752,-12.92736119146,60.));
#4827 = PCURVE('',#2600,#4828);
#4828 = DEFINITIONAL_REPRESENTATION('',(#4829),#4835);
#4829 = B_SPLINE_CURVE_WITH_KNOTS('',4,(#4830,#4831,#4832,#4833,#4834),
  .UNSPECIFIED.,.F.,.F.,(5,5),(0.,1.),.PIECEWISE_BEZIER_KNOTS.);
#4830 = CARTESIAN_POINT('',(3.898965225193,0.));
#4831 = CARTESIAN_POINT('',(3.898965225193,0.25));
#4832 = CARTESIAN_POINT('',(3.898965225193,0.5));
#4833 = CARTESIAN_POINT('',(3.898965225193,0.75));
#4834 = CARTESIAN_POINT('',(3.898965225193,1.));
#4835 = ( GEOMETRIC_REPRESENTATION_CONTEXT(2) 
PARAMETRIC_REPRESENTATION_CONTEXT() REPRESENTATION_CONTEXT('2D SPACE',''
  ) );
#4836 = PCURVE('',#2764,#4837);
#4837 = DEFINITIONAL_REPRESENTATION('',(#4838),#4844);
#4838 = B_SPLINE_CURVE_WITH_KNOTS('',4,(#4839,#4840,#4841,#4842,#4843),
  .UNSPECIFIED.,.F.,.F.,(5,5),(0.,1.),.PIECEWISE_BEZIER_KNOTS.);
#4839 = CARTESIAN_POINT('',(0.172638808538,-83.65534051897));
#4840 = CARTESIAN_POINT('',(0.172638808538,-62.74150538922));
#4841 = CARTESIAN_POINT('',(0.172638808538,-41.82767025948));
#4842 = CARTESIAN_POINT('',(0.172638808538,-20.91383512974));
#4843 = CARTESIAN_POINT('',(0.172638808538,-3.552713678801E-14));
#4844 = ( GEOMETRIC_REPRESENTATION_CONTEXT(2) 
PARAMETRIC_REPRESENTATION_CONTEXT() REPRESENTATION_CONTEXT('2D SPACE',''
  ) );
#4845 = ORIENTED_EDGE('',*,*,#4066,.F.);
#4846 = ORIENTED_EDGE('',*,*,#2576,.T.);
#4847 = ORIENTED_EDGE('',*,*,#2668,.T.);
#4848 = ADVANCED_FACE('',(#4849),#3126,.F.);
#4849 = FACE_BOUND('',#4850,.F.);
#4850 = EDGE_LOOP('',(#4851,#4852,#4871,#4872));
#4851 = ORIENTED_EDGE('',*,*,#4169,.F.);
#4852 = ORIENTED_EDGE('',*,*,#4853,.T.);
#4853 = EDGE_CURVE('',#4147,#2749,#4854,.T.);
#4854 = SURFACE_CURVE('',#4855,(#4858,#4865),.PCURVE_S1.);
#4855 = B_SPLINE_CURVE_WITH_KNOTS('',1,(#4856,#4857),.UNSPECIFIED.,.F.,
  .F.,(2,2),(0.,1.),.PIECEWISE_BEZIER_KNOTS.);
#4856 = CARTESIAN_POINT('',(-16.61461362917,-13.1,-20.));
#4857 = CARTESIAN_POINT('',(7.84384088752,-13.1,60.));
#4858 = PCURVE('',#3126,#4859);
#4859 = DEFINITIONAL_REPRESENTATION('',(#4860),#4864);
#4860 = LINE('',#4861,#4862);
#4861 = CARTESIAN_POINT('',(41.119832237205,0.));
#4862 = VECTOR('',#4863,1.);
#4863 = DIRECTION('',(0.,1.));
#4864 = ( GEOMETRIC_REPRESENTATION_CONTEXT(2) 
PARAMETRIC_REPRESENTATION_CONTEXT() REPRESENTATION_CONTEXT('2D SPACE',''
  ) );
#4865 = PCURVE('',#2764,#4866);
#4866 = DEFINITIONAL_REPRESENTATION('',(#4867),#4870);
#4867 = B_SPLINE_CURVE_WITH_KNOTS('',1,(#4868,#4869),.UNSPECIFIED.,.F.,
  .F.,(2,2),(0.,1.),.PIECEWISE_BEZIER_KNOTS.);
#4868 = CARTESIAN_POINT('',(0.,-83.65534051897));
#4869 = CARTESIAN_POINT('',(0.,0.));
#4870 = ( GEOMETRIC_REPRESENTATION_CONTEXT(2) 
PARAMETRIC_REPRESENTATION_CONTEXT() REPRESENTATION_CONTEXT('2D SPACE',''
  ) );
#4871 = ORIENTED_EDGE('',*,*,#2776,.T.);
#4872 = ORIENTED_EDGE('',*,*,#4003,.F.);
#4873 = ADVANCED_FACE('',(#4874),#2764,.F.);
#4874 = FACE_BOUND('',#4875,.F.);
#4875 = EDGE_LOOP('',(#4876,#4877,#4878,#4879));
#4876 = ORIENTED_EDGE('',*,*,#4853,.F.);
#4877 = ORIENTED_EDGE('',*,*,#4146,.T.);
#4878 = ORIENTED_EDGE('',*,*,#4819,.T.);
#4879 = ORIENTED_EDGE('',*,*,#2748,.F.);
#4880 = ADVANCED_FACE('',(#4881),#3379,.T.);
#4881 = FACE_BOUND('',#4882,.F.);
#4882 = EDGE_LOOP('',(#4883,#4884,#4907,#4934));
#4883 = ORIENTED_EDGE('',*,*,#3358,.T.);
#4884 = ORIENTED_EDGE('',*,*,#4885,.T.);
#4885 = EDGE_CURVE('',#3359,#4886,#4888,.T.);
#4886 = VERTEX_POINT('',#4887);
#4887 = CARTESIAN_POINT('',(-7.777077274165,-17.375,5.85));
#4888 = SEAM_CURVE('',#4889,(#4893,#4900),.PCURVE_S1.);
#4889 = LINE('',#4890,#4891);
#4890 = CARTESIAN_POINT('',(-7.777077274165,-17.375,3.4));
#4891 = VECTOR('',#4892,1.);
#4892 = DIRECTION('',(0.,0.,1.));
#4893 = PCURVE('',#3379,#4894);
#4894 = DEFINITIONAL_REPRESENTATION('',(#4895),#4899);
#4895 = LINE('',#4896,#4897);
#4896 = CARTESIAN_POINT('',(-6.28318530718,0.));
#4897 = VECTOR('',#4898,1.);
#4898 = DIRECTION('',(-0.,-1.));
#4899 = ( GEOMETRIC_REPRESENTATION_CONTEXT(2) 
PARAMETRIC_REPRESENTATION_CONTEXT() REPRESENTATION_CONTEXT('2D SPACE',''
  ) );
#4900 = PCURVE('',#3379,#4901);
#4901 = DEFINITIONAL_REPRESENTATION('',(#4902),#4906);
#4902 = LINE('',#4903,#4904);
#4903 = CARTESIAN_POINT('',(-0.,0.));
#4904 = VECTOR('',#4905,1.);
#4905 = DIRECTION('',(-0.,-1.));
#4906 = ( GEOMETRIC_REPRESENTATION_CONTEXT(2) 
PARAMETRIC_REPRESENTATION_CONTEXT() REPRESENTATION_CONTEXT('2D SPACE',''
  ) );
#4907 = ORIENTED_EDGE('',*,*,#4908,.T.);
#4908 = EDGE_CURVE('',#4886,#4886,#4909,.T.);
#4909 = SURFACE_CURVE('',#4910,(#4915,#4922),.PCURVE_S1.);
#4910 = CIRCLE('',#4911,1.5);
#4911 = AXIS2_PLACEMENT_3D('',#4912,#4913,#4914);
#4912 = CARTESIAN_POINT('',(-9.277077274165,-17.375,5.85));
#4913 = DIRECTION('',(0.,0.,1.));
#4914 = DIRECTION('',(1.,0.,0.));
#4915 = PCURVE('',#3379,#4916);
#4916 = DEFINITIONAL_REPRESENTATION('',(#4917),#4921);
#4917 = LINE('',#4918,#4919);
#4918 = CARTESIAN_POINT('',(-0.,-2.45));
#4919 = VECTOR('',#4920,1.);
#4920 = DIRECTION('',(-1.,0.));
#4921 = ( GEOMETRIC_REPRESENTATION_CONTEXT(2) 
PARAMETRIC_REPRESENTATION_CONTEXT() REPRESENTATION_CONTEXT('2D SPACE',''
  ) );
#4922 = PCURVE('',#4923,#4928);
#4923 = PLANE('',#4924);
#4924 = AXIS2_PLACEMENT_3D('',#4925,#4926,#4927);
#4925 = CARTESIAN_POINT('',(-9.277077274165,-17.375,5.85));
#4926 = DIRECTION('',(0.,0.,1.));
#4927 = DIRECTION('',(1.,0.,0.));
#4928 = DEFINITIONAL_REPRESENTATION('',(#4929),#4933);
#4929 = CIRCLE('',#4930,1.5);
#4930 = AXIS2_PLACEMENT_2D('',#4931,#4932);
#4931 = CARTESIAN_POINT('',(0.,0.));
#4932 = DIRECTION('',(1.,0.));
#4933 = ( GEOMETRIC_REPRESENTATION_CONTEXT(2) 
PARAMETRIC_REPRESENTATION_CONTEXT() REPRESENTATION_CONTEXT('2D SPACE',''
  ) );
#4934 = ORIENTED_EDGE('',*,*,#4885,.F.);
#4935 = ADVANCED_FACE('',(#4936),#3411,.F.);
#4936 = FACE_BOUND('',#4937,.F.);
#4937 = EDGE_LOOP('',(#4938,#4968,#4989,#4990));
#4938 = ORIENTED_EDGE('',*,*,#4939,.F.);
#4939 = EDGE_CURVE('',#4940,#4942,#4944,.T.);
#4940 = VERTEX_POINT('',#4941);
#4941 = CARTESIAN_POINT('',(8.950930538335,-20.20000020345,3.4));
#4942 = VERTEX_POINT('',#4943);
#4943 = CARTESIAN_POINT('',(8.950930538335,-18.24399759928,3.4));
#4944 = SURFACE_CURVE('',#4945,(#4949,#4956),.PCURVE_S1.);
#4945 = LINE('',#4946,#4947);
#4946 = CARTESIAN_POINT('',(8.950930538335,-20.20000020345,3.4));
#4947 = VECTOR('',#4948,1.);
#4948 = DIRECTION('',(0.,1.,0.));
#4949 = PCURVE('',#3411,#4950);
#4950 = DEFINITIONAL_REPRESENTATION('',(#4951),#4955);
#4951 = LINE('',#4952,#4953);
#4952 = CARTESIAN_POINT('',(0.,0.));
#4953 = VECTOR('',#4954,1.);
#4954 = DIRECTION('',(1.,0.));
#4955 = ( GEOMETRIC_REPRESENTATION_CONTEXT(2) 
PARAMETRIC_REPRESENTATION_CONTEXT() REPRESENTATION_CONTEXT('2D SPACE',''
  ) );
#4956 = PCURVE('',#4957,#4962);
#4957 = PLANE('',#4958);
#4958 = AXIS2_PLACEMENT_3D('',#4959,#4960,#4961);
#4959 = CARTESIAN_POINT('',(7.998925330001,-20.20000020345,3.4));
#4960 = DIRECTION('',(0.,0.,1.));
#4961 = DIRECTION('',(1.,0.,0.));
#4962 = DEFINITIONAL_REPRESENTATION('',(#4963),#4967);
#4963 = LINE('',#4964,#4965);
#4964 = CARTESIAN_POINT('',(0.952005208333,0.));
#4965 = VECTOR('',#4966,1.);
#4966 = DIRECTION('',(0.,1.));
#4967 = ( GEOMETRIC_REPRESENTATION_CONTEXT(2) 
PARAMETRIC_REPRESENTATION_CONTEXT() REPRESENTATION_CONTEXT('2D SPACE',''
  ) );
#4968 = ORIENTED_EDGE('',*,*,#4969,.T.);
#4969 = EDGE_CURVE('',#4940,#3396,#4970,.T.);
#4970 = SURFACE_CURVE('',#4971,(#4975,#4982),.PCURVE_S1.);
#4971 = LINE('',#4972,#4973);
#4972 = CARTESIAN_POINT('',(8.950930538335,-20.20000020345,3.4));
#4973 = VECTOR('',#4974,1.);
#4974 = DIRECTION('',(0.,0.,1.));
#4975 = PCURVE('',#3411,#4976);
#4976 = DEFINITIONAL_REPRESENTATION('',(#4977),#4981);
#4977 = LINE('',#4978,#4979);
#4978 = CARTESIAN_POINT('',(0.,0.));
#4979 = VECTOR('',#4980,1.);
#4980 = DIRECTION('',(0.,-1.));
#4981 = ( GEOMETRIC_REPRESENTATION_CONTEXT(2) 
PARAMETRIC_REPRESENTATION_CONTEXT() REPRESENTATION_CONTEXT('2D SPACE',''
  ) );
#4982 = PCURVE('',#3651,#4983);
#4983 = DEFINITIONAL_REPRESENTATION('',(#4984),#4988);
#4984 = LINE('',#4985,#4986);
#4985 = CARTESIAN_POINT('',(0.56,0.));
#4986 = VECTOR('',#4987,1.);
#4987 = DIRECTION('',(0.,-1.));
#4988 = ( GEOMETRIC_REPRESENTATION_CONTEXT(2) 
PARAMETRIC_REPRESENTATION_CONTEXT() REPRESENTATION_CONTEXT('2D SPACE',''
  ) );
#4989 = ORIENTED_EDGE('',*,*,#3393,.F.);
#4990 = ORIENTED_EDGE('',*,*,#4991,.F.);
#4991 = EDGE_CURVE('',#4942,#3394,#4992,.T.);
#4992 = SURFACE_CURVE('',#4993,(#4997,#5004),.PCURVE_S1.);
#4993 = LINE('',#4994,#4995);
#4994 = CARTESIAN_POINT('',(8.950930538335,-18.24399759928,3.4));
#4995 = VECTOR('',#4996,1.);
#4996 = DIRECTION('',(0.,0.,1.));
#4997 = PCURVE('',#3411,#4998);
#4998 = DEFINITIONAL_REPRESENTATION('',(#4999),#5003);
#4999 = LINE('',#5000,#5001);
#5000 = CARTESIAN_POINT('',(1.956002604167,0.));
#5001 = VECTOR('',#5002,1.);
#5002 = DIRECTION('',(0.,-1.));
#5003 = ( GEOMETRIC_REPRESENTATION_CONTEXT(2) 
PARAMETRIC_REPRESENTATION_CONTEXT() REPRESENTATION_CONTEXT('2D SPACE',''
  ) );
#5004 = PCURVE('',#3439,#5005);
#5005 = DEFINITIONAL_REPRESENTATION('',(#5006),#5010);
#5006 = LINE('',#5007,#5008);
#5007 = CARTESIAN_POINT('',(0.,-0.));
#5008 = VECTOR('',#5009,1.);
#5009 = DIRECTION('',(0.,-1.));
#5010 = ( GEOMETRIC_REPRESENTATION_CONTEXT(2) 
PARAMETRIC_REPRESENTATION_CONTEXT() REPRESENTATION_CONTEXT('2D SPACE',''
  ) );
#5011 = ADVANCED_FACE('',(#5012),#3439,.F.);
#5012 = FACE_BOUND('',#5013,.F.);
#5013 = EDGE_LOOP('',(#5014,#5037,#5038,#5039));
#5014 = ORIENTED_EDGE('',*,*,#5015,.F.);
#5015 = EDGE_CURVE('',#4942,#5016,#5018,.T.);
#5016 = VERTEX_POINT('',#5017);
#5017 = CARTESIAN_POINT('',(8.270930538335,-18.24399759928,3.4));
#5018 = SURFACE_CURVE('',#5019,(#5023,#5030),.PCURVE_S1.);
#5019 = LINE('',#5020,#5021);
#5020 = CARTESIAN_POINT('',(8.950930538335,-18.24399759928,3.4));
#5021 = VECTOR('',#5022,1.);
#5022 = DIRECTION('',(-1.,0.,0.));
#5023 = PCURVE('',#3439,#5024);
#5024 = DEFINITIONAL_REPRESENTATION('',(#5025),#5029);
#5025 = LINE('',#5026,#5027);
#5026 = CARTESIAN_POINT('',(0.,-0.));
#5027 = VECTOR('',#5028,1.);
#5028 = DIRECTION('',(1.,0.));
#5029 = ( GEOMETRIC_REPRESENTATION_CONTEXT(2) 
PARAMETRIC_REPRESENTATION_CONTEXT() REPRESENTATION_CONTEXT('2D SPACE',''
  ) );
#5030 = PCURVE('',#4957,#5031);
#5031 = DEFINITIONAL_REPRESENTATION('',(#5032),#5036);
#5032 = LINE('',#5033,#5034);
#5033 = CARTESIAN_POINT('',(0.952005208333,1.956002604167));
#5034 = VECTOR('',#5035,1.);
#5035 = DIRECTION('',(-1.,0.));
#5036 = ( GEOMETRIC_REPRESENTATION_CONTEXT(2) 
PARAMETRIC_REPRESENTATION_CONTEXT() REPRESENTATION_CONTEXT('2D SPACE',''
  ) );
#5037 = ORIENTED_EDGE('',*,*,#4991,.T.);
#5038 = ORIENTED_EDGE('',*,*,#3423,.F.);
#5039 = ORIENTED_EDGE('',*,*,#5040,.F.);
#5040 = EDGE_CURVE('',#5016,#3424,#5041,.T.);
#5041 = SURFACE_CURVE('',#5042,(#5046,#5053),.PCURVE_S1.);
#5042 = LINE('',#5043,#5044);
#5043 = CARTESIAN_POINT('',(8.270930538335,-18.24399759928,3.4));
#5044 = VECTOR('',#5045,1.);
#5045 = DIRECTION('',(0.,0.,1.));
#5046 = PCURVE('',#3439,#5047);
#5047 = DEFINITIONAL_REPRESENTATION('',(#5048),#5052);
#5048 = LINE('',#5049,#5050);
#5049 = CARTESIAN_POINT('',(0.68,0.));
#5050 = VECTOR('',#5051,1.);
#5051 = DIRECTION('',(0.,-1.));
#5052 = ( GEOMETRIC_REPRESENTATION_CONTEXT(2) 
PARAMETRIC_REPRESENTATION_CONTEXT() REPRESENTATION_CONTEXT('2D SPACE',''
  ) );
#5053 = PCURVE('',#3467,#5054);
#5054 = DEFINITIONAL_REPRESENTATION('',(#5055),#5059);
#5055 = LINE('',#5056,#5057);
#5056 = CARTESIAN_POINT('',(0.,0.));
#5057 = VECTOR('',#5058,1.);
#5058 = DIRECTION('',(0.,-1.));
#5059 = ( GEOMETRIC_REPRESENTATION_CONTEXT(2) 
PARAMETRIC_REPRESENTATION_CONTEXT() REPRESENTATION_CONTEXT('2D SPACE',''
  ) );
#5060 = ADVANCED_FACE('',(#5061),#3651,.F.);
#5061 = FACE_BOUND('',#5062,.F.);
#5062 = EDGE_LOOP('',(#5063,#5086,#5107,#5108));
#5063 = ORIENTED_EDGE('',*,*,#5064,.F.);
#5064 = EDGE_CURVE('',#5065,#4940,#5067,.T.);
#5065 = VERTEX_POINT('',#5066);
#5066 = CARTESIAN_POINT('',(9.510930538335,-20.20000020345,3.4));
#5067 = SURFACE_CURVE('',#5068,(#5072,#5079),.PCURVE_S1.);
#5068 = LINE('',#5069,#5070);
#5069 = CARTESIAN_POINT('',(9.510930538335,-20.20000020345,3.4));
#5070 = VECTOR('',#5071,1.);
#5071 = DIRECTION('',(-1.,0.,0.));
#5072 = PCURVE('',#3651,#5073);
#5073 = DEFINITIONAL_REPRESENTATION('',(#5074),#5078);
#5074 = LINE('',#5075,#5076);
#5075 = CARTESIAN_POINT('',(0.,-0.));
#5076 = VECTOR('',#5077,1.);
#5077 = DIRECTION('',(1.,0.));
#5078 = ( GEOMETRIC_REPRESENTATION_CONTEXT(2) 
PARAMETRIC_REPRESENTATION_CONTEXT() REPRESENTATION_CONTEXT('2D SPACE',''
  ) );
#5079 = PCURVE('',#4957,#5080);
#5080 = DEFINITIONAL_REPRESENTATION('',(#5081),#5085);
#5081 = LINE('',#5082,#5083);
#5082 = CARTESIAN_POINT('',(1.512005208333,0.));
#5083 = VECTOR('',#5084,1.);
#5084 = DIRECTION('',(-1.,0.));
#5085 = ( GEOMETRIC_REPRESENTATION_CONTEXT(2) 
PARAMETRIC_REPRESENTATION_CONTEXT() REPRESENTATION_CONTEXT('2D SPACE',''
  ) );
#5086 = ORIENTED_EDGE('',*,*,#5087,.T.);
#5087 = EDGE_CURVE('',#5065,#3610,#5088,.T.);
#5088 = SURFACE_CURVE('',#5089,(#5093,#5100),.PCURVE_S1.);
#5089 = LINE('',#5090,#5091);
#5090 = CARTESIAN_POINT('',(9.510930538335,-20.20000020345,3.4));
#5091 = VECTOR('',#5092,1.);
#5092 = DIRECTION('',(0.,0.,1.));
#5093 = PCURVE('',#3651,#5094);
#5094 = DEFINITIONAL_REPRESENTATION('',(#5095),#5099);
#5095 = LINE('',#5096,#5097);
#5096 = CARTESIAN_POINT('',(0.,-0.));
#5097 = VECTOR('',#5098,1.);
#5098 = DIRECTION('',(0.,-1.));
#5099 = ( GEOMETRIC_REPRESENTATION_CONTEXT(2) 
PARAMETRIC_REPRESENTATION_CONTEXT() REPRESENTATION_CONTEXT('2D SPACE',''
  ) );
#5100 = PCURVE('',#3625,#5101);
#5101 = DEFINITIONAL_REPRESENTATION('',(#5102),#5106);
#5102 = LINE('',#5103,#5104);
#5103 = CARTESIAN_POINT('',(2.836002604167,0.));
#5104 = VECTOR('',#5105,1.);
#5105 = DIRECTION('',(0.,-1.));
#5106 = ( GEOMETRIC_REPRESENTATION_CONTEXT(2) 
PARAMETRIC_REPRESENTATION_CONTEXT() REPRESENTATION_CONTEXT('2D SPACE',''
  ) );
#5107 = ORIENTED_EDGE('',*,*,#3637,.F.);
#5108 = ORIENTED_EDGE('',*,*,#4969,.F.);
#5109 = ADVANCED_FACE('',(#5110),#3467,.F.);
#5110 = FACE_BOUND('',#5111,.F.);
#5111 = EDGE_LOOP('',(#5112,#5135,#5136,#5137));
#5112 = ORIENTED_EDGE('',*,*,#5113,.F.);
#5113 = EDGE_CURVE('',#5016,#5114,#5116,.T.);
#5114 = VERTEX_POINT('',#5115);
#5115 = CARTESIAN_POINT('',(8.270930538335,-17.87200541178,3.4));
#5116 = SURFACE_CURVE('',#5117,(#5121,#5128),.PCURVE_S1.);
#5117 = LINE('',#5118,#5119);
#5118 = CARTESIAN_POINT('',(8.270930538335,-18.24399759928,3.4));
#5119 = VECTOR('',#5120,1.);
#5120 = DIRECTION('',(0.,1.,0.));
#5121 = PCURVE('',#3467,#5122);
#5122 = DEFINITIONAL_REPRESENTATION('',(#5123),#5127);
#5123 = LINE('',#5124,#5125);
#5124 = CARTESIAN_POINT('',(-3.552713678801E-15,0.));
#5125 = VECTOR('',#5126,1.);
#5126 = DIRECTION('',(1.,0.));
#5127 = ( GEOMETRIC_REPRESENTATION_CONTEXT(2) 
PARAMETRIC_REPRESENTATION_CONTEXT() REPRESENTATION_CONTEXT('2D SPACE',''
  ) );
#5128 = PCURVE('',#4957,#5129);
#5129 = DEFINITIONAL_REPRESENTATION('',(#5130),#5134);
#5130 = LINE('',#5131,#5132);
#5131 = CARTESIAN_POINT('',(0.272005208333,1.956002604167));
#5132 = VECTOR('',#5133,1.);
#5133 = DIRECTION('',(0.,1.));
#5134 = ( GEOMETRIC_REPRESENTATION_CONTEXT(2) 
PARAMETRIC_REPRESENTATION_CONTEXT() REPRESENTATION_CONTEXT('2D SPACE',''
  ) );
#5135 = ORIENTED_EDGE('',*,*,#5040,.T.);
#5136 = ORIENTED_EDGE('',*,*,#3451,.F.);
#5137 = ORIENTED_EDGE('',*,*,#5138,.F.);
#5138 = EDGE_CURVE('',#5114,#3452,#5139,.T.);
#5139 = SURFACE_CURVE('',#5140,(#5144,#5151),.PCURVE_S1.);
#5140 = LINE('',#5141,#5142);
#5141 = CARTESIAN_POINT('',(8.270930538335,-17.87200541178,3.4));
#5142 = VECTOR('',#5143,1.);
#5143 = DIRECTION('',(0.,0.,1.));
#5144 = PCURVE('',#3467,#5145);
#5145 = DEFINITIONAL_REPRESENTATION('',(#5146),#5150);
#5146 = LINE('',#5147,#5148);
#5147 = CARTESIAN_POINT('',(0.3719921875,0.));
#5148 = VECTOR('',#5149,1.);
#5149 = DIRECTION('',(0.,-1.));
#5150 = ( GEOMETRIC_REPRESENTATION_CONTEXT(2) 
PARAMETRIC_REPRESENTATION_CONTEXT() REPRESENTATION_CONTEXT('2D SPACE',''
  ) );
#5151 = PCURVE('',#3543,#5152);
#5152 = DEFINITIONAL_REPRESENTATION('',(#5153),#5157);
#5153 = LINE('',#5154,#5155);
#5154 = CARTESIAN_POINT('',(0.,0.));
#5155 = VECTOR('',#5156,1.);
#5156 = DIRECTION('',(0.,-1.));
#5157 = ( GEOMETRIC_REPRESENTATION_CONTEXT(2) 
PARAMETRIC_REPRESENTATION_CONTEXT() REPRESENTATION_CONTEXT('2D SPACE',''
  ) );
#5158 = ADVANCED_FACE('',(#5159),#3625,.F.);
#5159 = FACE_BOUND('',#5160,.F.);
#5160 = EDGE_LOOP('',(#5161,#5184,#5205,#5206));
#5161 = ORIENTED_EDGE('',*,*,#5162,.F.);
#5162 = EDGE_CURVE('',#5163,#5065,#5165,.T.);
#5163 = VERTEX_POINT('',#5164);
#5164 = CARTESIAN_POINT('',(9.510930538335,-17.36399759928,3.4));
#5165 = SURFACE_CURVE('',#5166,(#5170,#5177),.PCURVE_S1.);
#5166 = LINE('',#5167,#5168);
#5167 = CARTESIAN_POINT('',(9.510930538335,-17.36399759928,3.4));
#5168 = VECTOR('',#5169,1.);
#5169 = DIRECTION('',(0.,-1.,0.));
#5170 = PCURVE('',#3625,#5171);
#5171 = DEFINITIONAL_REPRESENTATION('',(#5172),#5176);
#5172 = LINE('',#5173,#5174);
#5173 = CARTESIAN_POINT('',(0.,0.));
#5174 = VECTOR('',#5175,1.);
#5175 = DIRECTION('',(1.,0.));
#5176 = ( GEOMETRIC_REPRESENTATION_CONTEXT(2) 
PARAMETRIC_REPRESENTATION_CONTEXT() REPRESENTATION_CONTEXT('2D SPACE',''
  ) );
#5177 = PCURVE('',#4957,#5178);
#5178 = DEFINITIONAL_REPRESENTATION('',(#5179),#5183);
#5179 = LINE('',#5180,#5181);
#5180 = CARTESIAN_POINT('',(1.512005208333,2.836002604167));
#5181 = VECTOR('',#5182,1.);
#5182 = DIRECTION('',(0.,-1.));
#5183 = ( GEOMETRIC_REPRESENTATION_CONTEXT(2) 
PARAMETRIC_REPRESENTATION_CONTEXT() REPRESENTATION_CONTEXT('2D SPACE',''
  ) );
#5184 = ORIENTED_EDGE('',*,*,#5185,.T.);
#5185 = EDGE_CURVE('',#5163,#3582,#5186,.T.);
#5186 = SURFACE_CURVE('',#5187,(#5191,#5198),.PCURVE_S1.);
#5187 = LINE('',#5188,#5189);
#5188 = CARTESIAN_POINT('',(9.510930538335,-17.36399759928,3.4));
#5189 = VECTOR('',#5190,1.);
#5190 = DIRECTION('',(0.,0.,1.));
#5191 = PCURVE('',#3625,#5192);
#5192 = DEFINITIONAL_REPRESENTATION('',(#5193),#5197);
#5193 = LINE('',#5194,#5195);
#5194 = CARTESIAN_POINT('',(0.,0.));
#5195 = VECTOR('',#5196,1.);
#5196 = DIRECTION('',(0.,-1.));
#5197 = ( GEOMETRIC_REPRESENTATION_CONTEXT(2) 
PARAMETRIC_REPRESENTATION_CONTEXT() REPRESENTATION_CONTEXT('2D SPACE',''
  ) );
#5198 = PCURVE('',#3597,#5199);
#5199 = DEFINITIONAL_REPRESENTATION('',(#5200),#5204);
#5200 = LINE('',#5201,#5202);
#5201 = CARTESIAN_POINT('',(0.372005208333,0.));
#5202 = VECTOR('',#5203,1.);
#5203 = DIRECTION('',(0.,-1.));
#5204 = ( GEOMETRIC_REPRESENTATION_CONTEXT(2) 
PARAMETRIC_REPRESENTATION_CONTEXT() REPRESENTATION_CONTEXT('2D SPACE',''
  ) );
#5205 = ORIENTED_EDGE('',*,*,#3609,.F.);
#5206 = ORIENTED_EDGE('',*,*,#5087,.F.);
#5207 = ADVANCED_FACE('',(#5208),#3543,.F.);
#5208 = FACE_BOUND('',#5209,.F.);
#5209 = EDGE_LOOP('',(#5210,#5233,#5234,#5235));
#5210 = ORIENTED_EDGE('',*,*,#5211,.F.);
#5211 = EDGE_CURVE('',#5114,#5212,#5214,.T.);
#5212 = VERTEX_POINT('',#5213);
#5213 = CARTESIAN_POINT('',(9.138925330001,-17.36399759928,3.4));
#5214 = SURFACE_CURVE('',#5215,(#5219,#5226),.PCURVE_S1.);
#5215 = B_SPLINE_CURVE_WITH_KNOTS('',2,(#5216,#5217,#5218),
  .UNSPECIFIED.,.F.,.F.,(3,3),(0.,1.),.PIECEWISE_BEZIER_KNOTS.);
#5216 = CARTESIAN_POINT('',(8.270930538335,-17.87200541178,3.4));
#5217 = CARTESIAN_POINT('',(9.006920121668,-17.87200541178,3.4));
#5218 = CARTESIAN_POINT('',(9.138925330001,-17.36399759928,3.4));
#5219 = PCURVE('',#3543,#5220);
#5220 = DEFINITIONAL_REPRESENTATION('',(#5221),#5225);
#5221 = LINE('',#5222,#5223);
#5222 = CARTESIAN_POINT('',(0.,0.));
#5223 = VECTOR('',#5224,1.);
#5224 = DIRECTION('',(1.,0.));
#5225 = ( GEOMETRIC_REPRESENTATION_CONTEXT(2) 
PARAMETRIC_REPRESENTATION_CONTEXT() REPRESENTATION_CONTEXT('2D SPACE',''
  ) );
#5226 = PCURVE('',#4957,#5227);
#5227 = DEFINITIONAL_REPRESENTATION('',(#5228),#5232);
#5228 = B_SPLINE_CURVE_WITH_KNOTS('',2,(#5229,#5230,#5231),
  .UNSPECIFIED.,.F.,.F.,(3,3),(0.,1.),.PIECEWISE_BEZIER_KNOTS.);
#5229 = CARTESIAN_POINT('',(0.272005208333,2.327994791667));
#5230 = CARTESIAN_POINT('',(1.007994791667,2.327994791667));
#5231 = CARTESIAN_POINT('',(1.14,2.836002604167));
#5232 = ( GEOMETRIC_REPRESENTATION_CONTEXT(2) 
PARAMETRIC_REPRESENTATION_CONTEXT() REPRESENTATION_CONTEXT('2D SPACE',''
  ) );
#5233 = ORIENTED_EDGE('',*,*,#5138,.T.);
#5234 = ORIENTED_EDGE('',*,*,#3479,.F.);
#5235 = ORIENTED_EDGE('',*,*,#5236,.F.);
#5236 = EDGE_CURVE('',#5212,#3480,#5237,.T.);
#5237 = SURFACE_CURVE('',#5238,(#5242,#5249),.PCURVE_S1.);
#5238 = LINE('',#5239,#5240);
#5239 = CARTESIAN_POINT('',(9.138925330001,-17.36399759928,3.4));
#5240 = VECTOR('',#5241,1.);
#5241 = DIRECTION('',(0.,0.,1.));
#5242 = PCURVE('',#3543,#5243);
#5243 = DEFINITIONAL_REPRESENTATION('',(#5244),#5248);
#5244 = LINE('',#5245,#5246);
#5245 = CARTESIAN_POINT('',(1.,0.));
#5246 = VECTOR('',#5247,1.);
#5247 = DIRECTION('',(0.,-1.));
#5248 = ( GEOMETRIC_REPRESENTATION_CONTEXT(2) 
PARAMETRIC_REPRESENTATION_CONTEXT() REPRESENTATION_CONTEXT('2D SPACE',''
  ) );
#5249 = PCURVE('',#3597,#5250);
#5250 = DEFINITIONAL_REPRESENTATION('',(#5251),#5255);
#5251 = LINE('',#5252,#5253);
#5252 = CARTESIAN_POINT('',(0.,0.));
#5253 = VECTOR('',#5254,1.);
#5254 = DIRECTION('',(0.,-1.));
#5255 = ( GEOMETRIC_REPRESENTATION_CONTEXT(2) 
PARAMETRIC_REPRESENTATION_CONTEXT() REPRESENTATION_CONTEXT('2D SPACE',''
  ) );
#5256 = ADVANCED_FACE('',(#5257),#3597,.F.);
#5257 = FACE_BOUND('',#5258,.F.);
#5258 = EDGE_LOOP('',(#5259,#5280,#5281,#5282));
#5259 = ORIENTED_EDGE('',*,*,#5260,.F.);
#5260 = EDGE_CURVE('',#5212,#5163,#5261,.T.);
#5261 = SURFACE_CURVE('',#5262,(#5266,#5273),.PCURVE_S1.);
#5262 = LINE('',#5263,#5264);
#5263 = CARTESIAN_POINT('',(9.138925330001,-17.36399759928,3.4));
#5264 = VECTOR('',#5265,1.);
#5265 = DIRECTION('',(1.,0.,0.));
#5266 = PCURVE('',#3597,#5267);
#5267 = DEFINITIONAL_REPRESENTATION('',(#5268),#5272);
#5268 = LINE('',#5269,#5270);
#5269 = CARTESIAN_POINT('',(1.7763568394E-15,0.));
#5270 = VECTOR('',#5271,1.);
#5271 = DIRECTION('',(1.,0.));
#5272 = ( GEOMETRIC_REPRESENTATION_CONTEXT(2) 
PARAMETRIC_REPRESENTATION_CONTEXT() REPRESENTATION_CONTEXT('2D SPACE',''
  ) );
#5273 = PCURVE('',#4957,#5274);
#5274 = DEFINITIONAL_REPRESENTATION('',(#5275),#5279);
#5275 = LINE('',#5276,#5277);
#5276 = CARTESIAN_POINT('',(1.14,2.836002604167));
#5277 = VECTOR('',#5278,1.);
#5278 = DIRECTION('',(1.,0.));
#5279 = ( GEOMETRIC_REPRESENTATION_CONTEXT(2) 
PARAMETRIC_REPRESENTATION_CONTEXT() REPRESENTATION_CONTEXT('2D SPACE',''
  ) );
#5280 = ORIENTED_EDGE('',*,*,#5236,.T.);
#5281 = ORIENTED_EDGE('',*,*,#3581,.F.);
#5282 = ORIENTED_EDGE('',*,*,#5185,.F.);
#5283 = ADVANCED_FACE('',(#5284),#3683,.F.);
#5284 = FACE_BOUND('',#5285,.F.);
#5285 = EDGE_LOOP('',(#5286,#5316,#5337,#5338));
#5286 = ORIENTED_EDGE('',*,*,#5287,.F.);
#5287 = EDGE_CURVE('',#5288,#5290,#5292,.T.);
#5288 = VERTEX_POINT('',#5289);
#5289 = CARTESIAN_POINT('',(10.338925330001,-17.36399759928,3.4));
#5290 = VERTEX_POINT('',#5291);
#5291 = CARTESIAN_POINT('',(12.334927934168,-17.36399759928,3.4));
#5292 = SURFACE_CURVE('',#5293,(#5297,#5304),.PCURVE_S1.);
#5293 = LINE('',#5294,#5295);
#5294 = CARTESIAN_POINT('',(10.338925330001,-17.36399759928,3.4));
#5295 = VECTOR('',#5296,1.);
#5296 = DIRECTION('',(1.,0.,0.));
#5297 = PCURVE('',#3683,#5298);
#5298 = DEFINITIONAL_REPRESENTATION('',(#5299),#5303);
#5299 = LINE('',#5300,#5301);
#5300 = CARTESIAN_POINT('',(0.,0.));
#5301 = VECTOR('',#5302,1.);
#5302 = DIRECTION('',(1.,0.));
#5303 = ( GEOMETRIC_REPRESENTATION_CONTEXT(2) 
PARAMETRIC_REPRESENTATION_CONTEXT() REPRESENTATION_CONTEXT('2D SPACE',''
  ) );
#5304 = PCURVE('',#5305,#5310);
#5305 = PLANE('',#5306);
#5306 = AXIS2_PLACEMENT_3D('',#5307,#5308,#5309);
#5307 = CARTESIAN_POINT('',(10.222922725835,-20.20000020345,3.4));
#5308 = DIRECTION('',(0.,0.,1.));
#5309 = DIRECTION('',(1.,0.,0.));
#5310 = DEFINITIONAL_REPRESENTATION('',(#5311),#5315);
#5311 = LINE('',#5312,#5313);
#5312 = CARTESIAN_POINT('',(0.116002604167,2.836002604167));
#5313 = VECTOR('',#5314,1.);
#5314 = DIRECTION('',(1.,0.));
#5315 = ( GEOMETRIC_REPRESENTATION_CONTEXT(2) 
PARAMETRIC_REPRESENTATION_CONTEXT() REPRESENTATION_CONTEXT('2D SPACE',''
  ) );
#5316 = ORIENTED_EDGE('',*,*,#5317,.T.);
#5317 = EDGE_CURVE('',#5288,#3668,#5318,.T.);
#5318 = SURFACE_CURVE('',#5319,(#5323,#5330),.PCURVE_S1.);
#5319 = LINE('',#5320,#5321);
#5320 = CARTESIAN_POINT('',(10.338925330001,-17.36399759928,3.4));
#5321 = VECTOR('',#5322,1.);
#5322 = DIRECTION('',(0.,0.,1.));
#5323 = PCURVE('',#3683,#5324);
#5324 = DEFINITIONAL_REPRESENTATION('',(#5325),#5329);
#5325 = LINE('',#5326,#5327);
#5326 = CARTESIAN_POINT('',(0.,0.));
#5327 = VECTOR('',#5328,1.);
#5328 = DIRECTION('',(0.,-1.));
#5329 = ( GEOMETRIC_REPRESENTATION_CONTEXT(2) 
PARAMETRIC_REPRESENTATION_CONTEXT() REPRESENTATION_CONTEXT('2D SPACE',''
  ) );
#5330 = PCURVE('',#3988,#5331);
#5331 = DEFINITIONAL_REPRESENTATION('',(#5332),#5336);
#5332 = LINE('',#5333,#5334);
#5333 = CARTESIAN_POINT('',(0.5,0.));
#5334 = VECTOR('',#5335,1.);
#5335 = DIRECTION('',(0.,-1.));
#5336 = ( GEOMETRIC_REPRESENTATION_CONTEXT(2) 
PARAMETRIC_REPRESENTATION_CONTEXT() REPRESENTATION_CONTEXT('2D SPACE',''
  ) );
#5337 = ORIENTED_EDGE('',*,*,#3665,.F.);
#5338 = ORIENTED_EDGE('',*,*,#5339,.F.);
#5339 = EDGE_CURVE('',#5290,#3666,#5340,.T.);
#5340 = SURFACE_CURVE('',#5341,(#5345,#5352),.PCURVE_S1.);
#5341 = LINE('',#5342,#5343);
#5342 = CARTESIAN_POINT('',(12.334927934168,-17.36399759928,3.4));
#5343 = VECTOR('',#5344,1.);
#5344 = DIRECTION('',(0.,0.,1.));
#5345 = PCURVE('',#3683,#5346);
#5346 = DEFINITIONAL_REPRESENTATION('',(#5347),#5351);
#5347 = LINE('',#5348,#5349);
#5348 = CARTESIAN_POINT('',(1.996002604167,0.));
#5349 = VECTOR('',#5350,1.);
#5350 = DIRECTION('',(0.,-1.));
#5351 = ( GEOMETRIC_REPRESENTATION_CONTEXT(2) 
PARAMETRIC_REPRESENTATION_CONTEXT() REPRESENTATION_CONTEXT('2D SPACE',''
  ) );
#5352 = PCURVE('',#3711,#5353);
#5353 = DEFINITIONAL_REPRESENTATION('',(#5354),#5358);
#5354 = LINE('',#5355,#5356);
#5355 = CARTESIAN_POINT('',(0.,0.));
#5356 = VECTOR('',#5357,1.);
#5357 = DIRECTION('',(0.,-1.));
#5358 = ( GEOMETRIC_REPRESENTATION_CONTEXT(2) 
PARAMETRIC_REPRESENTATION_CONTEXT() REPRESENTATION_CONTEXT('2D SPACE',''
  ) );
#5359 = ADVANCED_FACE('',(#5360),#3711,.F.);
#5360 = FACE_BOUND('',#5361,.F.);
#5361 = EDGE_LOOP('',(#5362,#5385,#5386,#5387));
#5362 = ORIENTED_EDGE('',*,*,#5363,.F.);
#5363 = EDGE_CURVE('',#5290,#5364,#5366,.T.);
#5364 = VERTEX_POINT('',#5365);
#5365 = CARTESIAN_POINT('',(12.334927934168,-17.80399759928,3.4));
#5366 = SURFACE_CURVE('',#5367,(#5371,#5378),.PCURVE_S1.);
#5367 = LINE('',#5368,#5369);
#5368 = CARTESIAN_POINT('',(12.334927934168,-17.36399759928,3.4));
#5369 = VECTOR('',#5370,1.);
#5370 = DIRECTION('',(0.,-1.,0.));
#5371 = PCURVE('',#3711,#5372);
#5372 = DEFINITIONAL_REPRESENTATION('',(#5373),#5377);
#5373 = LINE('',#5374,#5375);
#5374 = CARTESIAN_POINT('',(0.,0.));
#5375 = VECTOR('',#5376,1.);
#5376 = DIRECTION('',(1.,0.));
#5377 = ( GEOMETRIC_REPRESENTATION_CONTEXT(2) 
PARAMETRIC_REPRESENTATION_CONTEXT() REPRESENTATION_CONTEXT('2D SPACE',''
  ) );
#5378 = PCURVE('',#5305,#5379);
#5379 = DEFINITIONAL_REPRESENTATION('',(#5380),#5384);
#5380 = LINE('',#5381,#5382);
#5381 = CARTESIAN_POINT('',(2.112005208333,2.836002604167));
#5382 = VECTOR('',#5383,1.);
#5383 = DIRECTION('',(0.,-1.));
#5384 = ( GEOMETRIC_REPRESENTATION_CONTEXT(2) 
PARAMETRIC_REPRESENTATION_CONTEXT() REPRESENTATION_CONTEXT('2D SPACE',''
  ) );
#5385 = ORIENTED_EDGE('',*,*,#5339,.T.);
#5386 = ORIENTED_EDGE('',*,*,#3695,.F.);
#5387 = ORIENTED_EDGE('',*,*,#5388,.F.);
#5388 = EDGE_CURVE('',#5364,#3696,#5389,.T.);
#5389 = SURFACE_CURVE('',#5390,(#5394,#5401),.PCURVE_S1.);
#5390 = LINE('',#5391,#5392);
#5391 = CARTESIAN_POINT('',(12.334927934168,-17.80399759928,3.4));
#5392 = VECTOR('',#5393,1.);
#5393 = DIRECTION('',(0.,0.,1.));
#5394 = PCURVE('',#3711,#5395);
#5395 = DEFINITIONAL_REPRESENTATION('',(#5396),#5400);
#5396 = LINE('',#5397,#5398);
#5397 = CARTESIAN_POINT('',(0.44,0.));
#5398 = VECTOR('',#5399,1.);
#5399 = DIRECTION('',(0.,-1.));
#5400 = ( GEOMETRIC_REPRESENTATION_CONTEXT(2) 
PARAMETRIC_REPRESENTATION_CONTEXT() REPRESENTATION_CONTEXT('2D SPACE',''
  ) );
#5401 = PCURVE('',#3753,#5402);
#5402 = DEFINITIONAL_REPRESENTATION('',(#5403),#5407);
#5403 = LINE('',#5404,#5405);
#5404 = CARTESIAN_POINT('',(0.,0.));
#5405 = VECTOR('',#5406,1.);
#5406 = DIRECTION('',(0.,-1.));
#5407 = ( GEOMETRIC_REPRESENTATION_CONTEXT(2) 
PARAMETRIC_REPRESENTATION_CONTEXT() REPRESENTATION_CONTEXT('2D SPACE',''
  ) );
#5408 = ADVANCED_FACE('',(#5409),#3988,.F.);
#5409 = FACE_BOUND('',#5410,.F.);
#5410 = EDGE_LOOP('',(#5411,#5434,#5455,#5456));
#5411 = ORIENTED_EDGE('',*,*,#5412,.F.);
#5412 = EDGE_CURVE('',#5413,#5288,#5415,.T.);
#5413 = VERTEX_POINT('',#5414);
#5414 = CARTESIAN_POINT('',(10.338925330001,-17.86399759928,3.4));
#5415 = SURFACE_CURVE('',#5416,(#5420,#5427),.PCURVE_S1.);
#5416 = LINE('',#5417,#5418);
#5417 = CARTESIAN_POINT('',(10.338925330001,-17.86399759928,3.4));
#5418 = VECTOR('',#5419,1.);
#5419 = DIRECTION('',(0.,1.,0.));
#5420 = PCURVE('',#3988,#5421);
#5421 = DEFINITIONAL_REPRESENTATION('',(#5422),#5426);
#5422 = LINE('',#5423,#5424);
#5423 = CARTESIAN_POINT('',(0.,0.));
#5424 = VECTOR('',#5425,1.);
#5425 = DIRECTION('',(1.,0.));
#5426 = ( GEOMETRIC_REPRESENTATION_CONTEXT(2) 
PARAMETRIC_REPRESENTATION_CONTEXT() REPRESENTATION_CONTEXT('2D SPACE',''
  ) );
#5427 = PCURVE('',#5305,#5428);
#5428 = DEFINITIONAL_REPRESENTATION('',(#5429),#5433);
#5429 = LINE('',#5430,#5431);
#5430 = CARTESIAN_POINT('',(0.116002604167,2.336002604167));
#5431 = VECTOR('',#5432,1.);
#5432 = DIRECTION('',(0.,1.));
#5433 = ( GEOMETRIC_REPRESENTATION_CONTEXT(2) 
PARAMETRIC_REPRESENTATION_CONTEXT() REPRESENTATION_CONTEXT('2D SPACE',''
  ) );
#5434 = ORIENTED_EDGE('',*,*,#5435,.T.);
#5435 = EDGE_CURVE('',#5413,#3947,#5436,.T.);
#5436 = SURFACE_CURVE('',#5437,(#5441,#5448),.PCURVE_S1.);
#5437 = LINE('',#5438,#5439);
#5438 = CARTESIAN_POINT('',(10.338925330001,-17.86399759928,3.4));
#5439 = VECTOR('',#5440,1.);
#5440 = DIRECTION('',(0.,0.,1.));
#5441 = PCURVE('',#3988,#5442);
#5442 = DEFINITIONAL_REPRESENTATION('',(#5443),#5447);
#5443 = LINE('',#5444,#5445);
#5444 = CARTESIAN_POINT('',(0.,0.));
#5445 = VECTOR('',#5446,1.);
#5446 = DIRECTION('',(0.,-1.));
#5447 = ( GEOMETRIC_REPRESENTATION_CONTEXT(2) 
PARAMETRIC_REPRESENTATION_CONTEXT() REPRESENTATION_CONTEXT('2D SPACE',''
  ) );
#5448 = PCURVE('',#3962,#5449);
#5449 = DEFINITIONAL_REPRESENTATION('',(#5450),#5454);
#5450 = LINE('',#5451,#5452);
#5451 = CARTESIAN_POINT('',(1.4119921875,0.));
#5452 = VECTOR('',#5453,1.);
#5453 = DIRECTION('',(0.,-1.));
#5454 = ( GEOMETRIC_REPRESENTATION_CONTEXT(2) 
PARAMETRIC_REPRESENTATION_CONTEXT() REPRESENTATION_CONTEXT('2D SPACE',''
  ) );
#5455 = ORIENTED_EDGE('',*,*,#3974,.F.);
#5456 = ORIENTED_EDGE('',*,*,#5317,.F.);
#5457 = ADVANCED_FACE('',(#5458),#3753,.F.);
#5458 = FACE_BOUND('',#5459,.F.);
#5459 = EDGE_LOOP('',(#5460,#5483,#5484,#5485));
#5460 = ORIENTED_EDGE('',*,*,#5461,.F.);
#5461 = EDGE_CURVE('',#5364,#5462,#5464,.T.);
#5462 = VERTEX_POINT('',#5463);
#5463 = CARTESIAN_POINT('',(11.594921423751,-18.97000020345,3.4));
#5464 = SURFACE_CURVE('',#5465,(#5469,#5476),.PCURVE_S1.);
#5465 = B_SPLINE_CURVE_WITH_KNOTS('',2,(#5466,#5467,#5468),
  .UNSPECIFIED.,.F.,.F.,(3,3),(0.,1.),.PIECEWISE_BEZIER_KNOTS.);
#5466 = CARTESIAN_POINT('',(12.334927934168,-17.80399759928,3.4));
#5467 = CARTESIAN_POINT('',(11.830917517501,-18.41200541178,3.4));
#5468 = CARTESIAN_POINT('',(11.594921423751,-18.97000020345,3.4));
#5469 = PCURVE('',#3753,#5470);
#5470 = DEFINITIONAL_REPRESENTATION('',(#5471),#5475);
#5471 = LINE('',#5472,#5473);
#5472 = CARTESIAN_POINT('',(0.,0.));
#5473 = VECTOR('',#5474,1.);
#5474 = DIRECTION('',(1.,0.));
#5475 = ( GEOMETRIC_REPRESENTATION_CONTEXT(2) 
PARAMETRIC_REPRESENTATION_CONTEXT() REPRESENTATION_CONTEXT('2D SPACE',''
  ) );
#5476 = PCURVE('',#5305,#5477);
#5477 = DEFINITIONAL_REPRESENTATION('',(#5478),#5482);
#5478 = B_SPLINE_CURVE_WITH_KNOTS('',2,(#5479,#5480,#5481),
  .UNSPECIFIED.,.F.,.F.,(3,3),(0.,1.),.PIECEWISE_BEZIER_KNOTS.);
#5479 = CARTESIAN_POINT('',(2.112005208333,2.396002604167));
#5480 = CARTESIAN_POINT('',(1.607994791667,1.787994791667));
#5481 = CARTESIAN_POINT('',(1.371998697917,1.23));
#5482 = ( GEOMETRIC_REPRESENTATION_CONTEXT(2) 
PARAMETRIC_REPRESENTATION_CONTEXT() REPRESENTATION_CONTEXT('2D SPACE',''
  ) );
#5483 = ORIENTED_EDGE('',*,*,#5388,.T.);
#5484 = ORIENTED_EDGE('',*,*,#3723,.F.);
#5485 = ORIENTED_EDGE('',*,*,#5486,.F.);
#5486 = EDGE_CURVE('',#5462,#3724,#5487,.T.);
#5487 = SURFACE_CURVE('',#5488,(#5492,#5499),.PCURVE_S1.);
#5488 = LINE('',#5489,#5490);
#5489 = CARTESIAN_POINT('',(11.594921423751,-18.97000020345,3.4));
#5490 = VECTOR('',#5491,1.);
#5491 = DIRECTION('',(0.,0.,1.));
#5492 = PCURVE('',#3753,#5493);
#5493 = DEFINITIONAL_REPRESENTATION('',(#5494),#5498);
#5494 = LINE('',#5495,#5496);
#5495 = CARTESIAN_POINT('',(1.,0.));
#5496 = VECTOR('',#5497,1.);
#5497 = DIRECTION('',(0.,-1.));
#5498 = ( GEOMETRIC_REPRESENTATION_CONTEXT(2) 
PARAMETRIC_REPRESENTATION_CONTEXT() REPRESENTATION_CONTEXT('2D SPACE',''
  ) );
#5499 = PCURVE('',#3804,#5500);
#5500 = DEFINITIONAL_REPRESENTATION('',(#5501),#5505);
#5501 = LINE('',#5502,#5503);
#5502 = CARTESIAN_POINT('',(0.,0.));
#5503 = VECTOR('',#5504,1.);
#5504 = DIRECTION('',(0.,-1.));
#5505 = ( GEOMETRIC_REPRESENTATION_CONTEXT(2) 
PARAMETRIC_REPRESENTATION_CONTEXT() REPRESENTATION_CONTEXT('2D SPACE',''
  ) );
#5506 = ADVANCED_FACE('',(#5507),#3962,.F.);
#5507 = FACE_BOUND('',#5508,.F.);
#5508 = EDGE_LOOP('',(#5509,#5532,#5553,#5554));
#5509 = ORIENTED_EDGE('',*,*,#5510,.F.);
#5510 = EDGE_CURVE('',#5511,#5413,#5513,.T.);
#5511 = VERTEX_POINT('',#5512);
#5512 = CARTESIAN_POINT('',(11.750917517501,-17.86399759928,3.4));
#5513 = SURFACE_CURVE('',#5514,(#5518,#5525),.PCURVE_S1.);
#5514 = LINE('',#5515,#5516);
#5515 = CARTESIAN_POINT('',(11.750917517501,-17.86399759928,3.4));
#5516 = VECTOR('',#5517,1.);
#5517 = DIRECTION('',(-1.,0.,0.));
#5518 = PCURVE('',#3962,#5519);
#5519 = DEFINITIONAL_REPRESENTATION('',(#5520),#5524);
#5520 = LINE('',#5521,#5522);
#5521 = CARTESIAN_POINT('',(0.,-0.));
#5522 = VECTOR('',#5523,1.);
#5523 = DIRECTION('',(1.,0.));
#5524 = ( GEOMETRIC_REPRESENTATION_CONTEXT(2) 
PARAMETRIC_REPRESENTATION_CONTEXT() REPRESENTATION_CONTEXT('2D SPACE',''
  ) );
#5525 = PCURVE('',#5305,#5526);
#5526 = DEFINITIONAL_REPRESENTATION('',(#5527),#5531);
#5527 = LINE('',#5528,#5529);
#5528 = CARTESIAN_POINT('',(1.527994791667,2.336002604167));
#5529 = VECTOR('',#5530,1.);
#5530 = DIRECTION('',(-1.,0.));
#5531 = ( GEOMETRIC_REPRESENTATION_CONTEXT(2) 
PARAMETRIC_REPRESENTATION_CONTEXT() REPRESENTATION_CONTEXT('2D SPACE',''
  ) );
#5532 = ORIENTED_EDGE('',*,*,#5533,.T.);
#5533 = EDGE_CURVE('',#5511,#3905,#5534,.T.);
#5534 = SURFACE_CURVE('',#5535,(#5539,#5546),.PCURVE_S1.);
#5535 = LINE('',#5536,#5537);
#5536 = CARTESIAN_POINT('',(11.750917517501,-17.86399759928,3.4));
#5537 = VECTOR('',#5538,1.);
#5538 = DIRECTION('',(0.,0.,1.));
#5539 = PCURVE('',#3962,#5540);
#5540 = DEFINITIONAL_REPRESENTATION('',(#5541),#5545);
#5541 = LINE('',#5542,#5543);
#5542 = CARTESIAN_POINT('',(0.,-0.));
#5543 = VECTOR('',#5544,1.);
#5544 = DIRECTION('',(0.,-1.));
#5545 = ( GEOMETRIC_REPRESENTATION_CONTEXT(2) 
PARAMETRIC_REPRESENTATION_CONTEXT() REPRESENTATION_CONTEXT('2D SPACE',''
  ) );
#5546 = PCURVE('',#3928,#5547);
#5547 = DEFINITIONAL_REPRESENTATION('',(#5548),#5552);
#5548 = LINE('',#5549,#5550);
#5549 = CARTESIAN_POINT('',(1.,0.));
#5550 = VECTOR('',#5551,1.);
#5551 = DIRECTION('',(0.,-1.));
#5552 = ( GEOMETRIC_REPRESENTATION_CONTEXT(2) 
PARAMETRIC_REPRESENTATION_CONTEXT() REPRESENTATION_CONTEXT('2D SPACE',''
  ) );
#5553 = ORIENTED_EDGE('',*,*,#3946,.F.);
#5554 = ORIENTED_EDGE('',*,*,#5435,.F.);
#5555 = ADVANCED_FACE('',(#5556),#3804,.F.);
#5556 = FACE_BOUND('',#5557,.F.);
#5557 = EDGE_LOOP('',(#5558,#5581,#5582,#5583));
#5558 = ORIENTED_EDGE('',*,*,#5559,.F.);
#5559 = EDGE_CURVE('',#5462,#5560,#5562,.T.);
#5560 = VERTEX_POINT('',#5561);
#5561 = CARTESIAN_POINT('',(11.318925330001,-20.20000020345,3.4));
#5562 = SURFACE_CURVE('',#5563,(#5567,#5574),.PCURVE_S1.);
#5563 = B_SPLINE_CURVE_WITH_KNOTS('',2,(#5564,#5565,#5566),
  .UNSPECIFIED.,.F.,.F.,(3,3),(0.,1.),.PIECEWISE_BEZIER_KNOTS.);
#5564 = CARTESIAN_POINT('',(11.594921423751,-18.97000020345,3.4));
#5565 = CARTESIAN_POINT('',(11.358925330001,-19.52799499511,3.4));
#5566 = CARTESIAN_POINT('',(11.318925330001,-20.20000020345,3.4));
#5567 = PCURVE('',#3804,#5568);
#5568 = DEFINITIONAL_REPRESENTATION('',(#5569),#5573);
#5569 = LINE('',#5570,#5571);
#5570 = CARTESIAN_POINT('',(0.,0.));
#5571 = VECTOR('',#5572,1.);
#5572 = DIRECTION('',(1.,0.));
#5573 = ( GEOMETRIC_REPRESENTATION_CONTEXT(2) 
PARAMETRIC_REPRESENTATION_CONTEXT() REPRESENTATION_CONTEXT('2D SPACE',''
  ) );
#5574 = PCURVE('',#5305,#5575);
#5575 = DEFINITIONAL_REPRESENTATION('',(#5576),#5580);
#5576 = B_SPLINE_CURVE_WITH_KNOTS('',2,(#5577,#5578,#5579),
  .UNSPECIFIED.,.F.,.F.,(3,3),(0.,1.),.PIECEWISE_BEZIER_KNOTS.);
#5577 = CARTESIAN_POINT('',(1.371998697917,1.23));
#5578 = CARTESIAN_POINT('',(1.136002604167,0.672005208333));
#5579 = CARTESIAN_POINT('',(1.096002604167,0.));
#5580 = ( GEOMETRIC_REPRESENTATION_CONTEXT(2) 
PARAMETRIC_REPRESENTATION_CONTEXT() REPRESENTATION_CONTEXT('2D SPACE',''
  ) );
#5581 = ORIENTED_EDGE('',*,*,#5486,.T.);
#5582 = ORIENTED_EDGE('',*,*,#3774,.F.);
#5583 = ORIENTED_EDGE('',*,*,#5584,.F.);
#5584 = EDGE_CURVE('',#5560,#3775,#5585,.T.);
#5585 = SURFACE_CURVE('',#5586,(#5590,#5597),.PCURVE_S1.);
#5586 = LINE('',#5587,#5588);
#5587 = CARTESIAN_POINT('',(11.318925330001,-20.20000020345,3.4));
#5588 = VECTOR('',#5589,1.);
#5589 = DIRECTION('',(0.,0.,1.));
#5590 = PCURVE('',#3804,#5591);
#5591 = DEFINITIONAL_REPRESENTATION('',(#5592),#5596);
#5592 = LINE('',#5593,#5594);
#5593 = CARTESIAN_POINT('',(1.,0.));
#5594 = VECTOR('',#5595,1.);
#5595 = DIRECTION('',(0.,-1.));
#5596 = ( GEOMETRIC_REPRESENTATION_CONTEXT(2) 
PARAMETRIC_REPRESENTATION_CONTEXT() REPRESENTATION_CONTEXT('2D SPACE',''
  ) );
#5597 = PCURVE('',#3841,#5598);
#5598 = DEFINITIONAL_REPRESENTATION('',(#5599),#5603);
#5599 = LINE('',#5600,#5601);
#5600 = CARTESIAN_POINT('',(0.,-0.));
#5601 = VECTOR('',#5602,1.);
#5602 = DIRECTION('',(0.,-1.));
#5603 = ( GEOMETRIC_REPRESENTATION_CONTEXT(2) 
PARAMETRIC_REPRESENTATION_CONTEXT() REPRESENTATION_CONTEXT('2D SPACE',''
  ) );
#5604 = ADVANCED_FACE('',(#5605),#3928,.F.);
#5605 = FACE_BOUND('',#5606,.F.);
#5606 = EDGE_LOOP('',(#5607,#5630,#5651,#5652));
#5607 = ORIENTED_EDGE('',*,*,#5608,.F.);
#5608 = EDGE_CURVE('',#5609,#5511,#5611,.T.);
#5609 = VERTEX_POINT('',#5610);
#5610 = CARTESIAN_POINT('',(11.072922725835,-18.9359962972,3.4));
#5611 = SURFACE_CURVE('',#5612,(#5616,#5623),.PCURVE_S1.);
#5612 = B_SPLINE_CURVE_WITH_KNOTS('',2,(#5613,#5614,#5615),
  .UNSPECIFIED.,.F.,.F.,(3,3),(0.,1.),.PIECEWISE_BEZIER_KNOTS.);
#5613 = CARTESIAN_POINT('',(11.072922725835,-18.9359962972,3.4));
#5614 = CARTESIAN_POINT('',(11.294927934168,-18.42399759928,3.4));
#5615 = CARTESIAN_POINT('',(11.750917517501,-17.86399759928,3.4));
#5616 = PCURVE('',#3928,#5617);
#5617 = DEFINITIONAL_REPRESENTATION('',(#5618),#5622);
#5618 = LINE('',#5619,#5620);
#5619 = CARTESIAN_POINT('',(0.,0.));
#5620 = VECTOR('',#5621,1.);
#5621 = DIRECTION('',(1.,0.));
#5622 = ( GEOMETRIC_REPRESENTATION_CONTEXT(2) 
PARAMETRIC_REPRESENTATION_CONTEXT() REPRESENTATION_CONTEXT('2D SPACE',''
  ) );
#5623 = PCURVE('',#5305,#5624);
#5624 = DEFINITIONAL_REPRESENTATION('',(#5625),#5629);
#5625 = B_SPLINE_CURVE_WITH_KNOTS('',2,(#5626,#5627,#5628),
  .UNSPECIFIED.,.F.,.F.,(3,3),(0.,1.),.PIECEWISE_BEZIER_KNOTS.);
#5626 = CARTESIAN_POINT('',(0.85,1.26400390625));
#5627 = CARTESIAN_POINT('',(1.072005208333,1.776002604167));
#5628 = CARTESIAN_POINT('',(1.527994791667,2.336002604167));
#5629 = ( GEOMETRIC_REPRESENTATION_CONTEXT(2) 
PARAMETRIC_REPRESENTATION_CONTEXT() REPRESENTATION_CONTEXT('2D SPACE',''
  ) );
#5630 = ORIENTED_EDGE('',*,*,#5631,.T.);
#5631 = EDGE_CURVE('',#5609,#3854,#5632,.T.);
#5632 = SURFACE_CURVE('',#5633,(#5637,#5644),.PCURVE_S1.);
#5633 = LINE('',#5634,#5635);
#5634 = CARTESIAN_POINT('',(11.072922725835,-18.9359962972,3.4));
#5635 = VECTOR('',#5636,1.);
#5636 = DIRECTION('',(0.,0.,1.));
#5637 = PCURVE('',#3928,#5638);
#5638 = DEFINITIONAL_REPRESENTATION('',(#5639),#5643);
#5639 = LINE('',#5640,#5641);
#5640 = CARTESIAN_POINT('',(0.,0.));
#5641 = VECTOR('',#5642,1.);
#5642 = DIRECTION('',(0.,-1.));
#5643 = ( GEOMETRIC_REPRESENTATION_CONTEXT(2) 
PARAMETRIC_REPRESENTATION_CONTEXT() REPRESENTATION_CONTEXT('2D SPACE',''
  ) );
#5644 = PCURVE('',#3883,#5645);
#5645 = DEFINITIONAL_REPRESENTATION('',(#5646),#5650);
#5646 = LINE('',#5647,#5648);
#5647 = CARTESIAN_POINT('',(1.,0.));
#5648 = VECTOR('',#5649,1.);
#5649 = DIRECTION('',(0.,-1.));
#5650 = ( GEOMETRIC_REPRESENTATION_CONTEXT(2) 
PARAMETRIC_REPRESENTATION_CONTEXT() REPRESENTATION_CONTEXT('2D SPACE',''
  ) );
#5651 = ORIENTED_EDGE('',*,*,#3904,.F.);
#5652 = ORIENTED_EDGE('',*,*,#5533,.F.);
#5653 = ADVANCED_FACE('',(#5654),#3841,.F.);
#5654 = FACE_BOUND('',#5655,.F.);
#5655 = EDGE_LOOP('',(#5656,#5679,#5680,#5681));
#5656 = ORIENTED_EDGE('',*,*,#5657,.F.);
#5657 = EDGE_CURVE('',#5560,#5658,#5660,.T.);
#5658 = VERTEX_POINT('',#5659);
#5659 = CARTESIAN_POINT('',(10.754927934168,-20.20000020345,3.4));
#5660 = SURFACE_CURVE('',#5661,(#5665,#5672),.PCURVE_S1.);
#5661 = LINE('',#5662,#5663);
#5662 = CARTESIAN_POINT('',(11.318925330001,-20.20000020345,3.4));
#5663 = VECTOR('',#5664,1.);
#5664 = DIRECTION('',(-1.,0.,0.));
#5665 = PCURVE('',#3841,#5666);
#5666 = DEFINITIONAL_REPRESENTATION('',(#5667),#5671);
#5667 = LINE('',#5668,#5669);
#5668 = CARTESIAN_POINT('',(0.,-0.));
#5669 = VECTOR('',#5670,1.);
#5670 = DIRECTION('',(1.,0.));
#5671 = ( GEOMETRIC_REPRESENTATION_CONTEXT(2) 
PARAMETRIC_REPRESENTATION_CONTEXT() REPRESENTATION_CONTEXT('2D SPACE',''
  ) );
#5672 = PCURVE('',#5305,#5673);
#5673 = DEFINITIONAL_REPRESENTATION('',(#5674),#5678);
#5674 = LINE('',#5675,#5676);
#5675 = CARTESIAN_POINT('',(1.096002604167,0.));
#5676 = VECTOR('',#5677,1.);
#5677 = DIRECTION('',(-1.,0.));
#5678 = ( GEOMETRIC_REPRESENTATION_CONTEXT(2) 
PARAMETRIC_REPRESENTATION_CONTEXT() REPRESENTATION_CONTEXT('2D SPACE',''
  ) );
#5679 = ORIENTED_EDGE('',*,*,#5584,.T.);
#5680 = ORIENTED_EDGE('',*,*,#3825,.F.);
#5681 = ORIENTED_EDGE('',*,*,#5682,.F.);
#5682 = EDGE_CURVE('',#5658,#3826,#5683,.T.);
#5683 = SURFACE_CURVE('',#5684,(#5688,#5695),.PCURVE_S1.);
#5684 = LINE('',#5685,#5686);
#5685 = CARTESIAN_POINT('',(10.754927934168,-20.20000020345,3.4));
#5686 = VECTOR('',#5687,1.);
#5687 = DIRECTION('',(0.,0.,1.));
#5688 = PCURVE('',#3841,#5689);
#5689 = DEFINITIONAL_REPRESENTATION('',(#5690),#5694);
#5690 = LINE('',#5691,#5692);
#5691 = CARTESIAN_POINT('',(0.563997395833,0.));
#5692 = VECTOR('',#5693,1.);
#5693 = DIRECTION('',(0.,-1.));
#5694 = ( GEOMETRIC_REPRESENTATION_CONTEXT(2) 
PARAMETRIC_REPRESENTATION_CONTEXT() REPRESENTATION_CONTEXT('2D SPACE',''
  ) );
#5695 = PCURVE('',#3883,#5696);
#5696 = DEFINITIONAL_REPRESENTATION('',(#5697),#5701);
#5697 = LINE('',#5698,#5699);
#5698 = CARTESIAN_POINT('',(0.,0.));
#5699 = VECTOR('',#5700,1.);
#5700 = DIRECTION('',(0.,-1.));
#5701 = ( GEOMETRIC_REPRESENTATION_CONTEXT(2) 
PARAMETRIC_REPRESENTATION_CONTEXT() REPRESENTATION_CONTEXT('2D SPACE',''
  ) );
#5702 = ADVANCED_FACE('',(#5703),#3883,.F.);
#5703 = FACE_BOUND('',#5704,.F.);
#5704 = EDGE_LOOP('',(#5705,#5726,#5727,#5728));
#5705 = ORIENTED_EDGE('',*,*,#5706,.F.);
#5706 = EDGE_CURVE('',#5658,#5609,#5707,.T.);
#5707 = SURFACE_CURVE('',#5708,(#5712,#5719),.PCURVE_S1.);
#5708 = B_SPLINE_CURVE_WITH_KNOTS('',2,(#5709,#5710,#5711),
  .UNSPECIFIED.,.F.,.F.,(3,3),(0.,1.),.PIECEWISE_BEZIER_KNOTS.);
#5709 = CARTESIAN_POINT('',(10.754927934168,-20.20000020345,3.4));
#5710 = CARTESIAN_POINT('',(10.850917517501,-19.44799499511,3.4));
#5711 = CARTESIAN_POINT('',(11.072922725835,-18.9359962972,3.4));
#5712 = PCURVE('',#3883,#5713);
#5713 = DEFINITIONAL_REPRESENTATION('',(#5714),#5718);
#5714 = LINE('',#5715,#5716);
#5715 = CARTESIAN_POINT('',(0.,0.));
#5716 = VECTOR('',#5717,1.);
#5717 = DIRECTION('',(1.,0.));
#5718 = ( GEOMETRIC_REPRESENTATION_CONTEXT(2) 
PARAMETRIC_REPRESENTATION_CONTEXT() REPRESENTATION_CONTEXT('2D SPACE',''
  ) );
#5719 = PCURVE('',#5305,#5720);
#5720 = DEFINITIONAL_REPRESENTATION('',(#5721),#5725);
#5721 = B_SPLINE_CURVE_WITH_KNOTS('',2,(#5722,#5723,#5724),
  .UNSPECIFIED.,.F.,.F.,(3,3),(0.,1.),.PIECEWISE_BEZIER_KNOTS.);
#5722 = CARTESIAN_POINT('',(0.532005208333,0.));
#5723 = CARTESIAN_POINT('',(0.627994791667,0.752005208333));
#5724 = CARTESIAN_POINT('',(0.85,1.26400390625));
#5725 = ( GEOMETRIC_REPRESENTATION_CONTEXT(2) 
PARAMETRIC_REPRESENTATION_CONTEXT() REPRESENTATION_CONTEXT('2D SPACE',''
  ) );
#5726 = ORIENTED_EDGE('',*,*,#5682,.T.);
#5727 = ORIENTED_EDGE('',*,*,#3853,.F.);
#5728 = ORIENTED_EDGE('',*,*,#5631,.F.);
#5729 = ADVANCED_FACE('',(#5730),#4712,.F.);
#5730 = FACE_BOUND('',#5731,.F.);
#5731 = EDGE_LOOP('',(#5732,#5733,#5756,#5784));
#5732 = ORIENTED_EDGE('',*,*,#4694,.T.);
#5733 = ORIENTED_EDGE('',*,*,#5734,.T.);
#5734 = EDGE_CURVE('',#4697,#5735,#5737,.T.);
#5735 = VERTEX_POINT('',#5736);
#5736 = CARTESIAN_POINT('',(22.985323154484,-11.21280291446,1.8));
#5737 = SURFACE_CURVE('',#5738,(#5742,#5749),.PCURVE_S1.);
#5738 = LINE('',#5739,#5740);
#5739 = CARTESIAN_POINT('',(22.985323154484,-11.21280291446,-1.));
#5740 = VECTOR('',#5741,1.);
#5741 = DIRECTION('',(0.,0.,1.));
#5742 = PCURVE('',#4712,#5743);
#5743 = DEFINITIONAL_REPRESENTATION('',(#5744),#5748);
#5744 = LINE('',#5745,#5746);
#5745 = CARTESIAN_POINT('',(0.,0.));
#5746 = VECTOR('',#5747,1.);
#5747 = DIRECTION('',(0.,-1.));
#5748 = ( GEOMETRIC_REPRESENTATION_CONTEXT(2) 
PARAMETRIC_REPRESENTATION_CONTEXT() REPRESENTATION_CONTEXT('2D SPACE',''
  ) );
#5749 = PCURVE('',#4804,#5750);
#5750 = DEFINITIONAL_REPRESENTATION('',(#5751),#5755);
#5751 = LINE('',#5752,#5753);
#5752 = CARTESIAN_POINT('',(3.14159265359,0.));
#5753 = VECTOR('',#5754,1.);
#5754 = DIRECTION('',(0.,-1.));
#5755 = ( GEOMETRIC_REPRESENTATION_CONTEXT(2) 
PARAMETRIC_REPRESENTATION_CONTEXT() REPRESENTATION_CONTEXT('2D SPACE',''
  ) );
#5756 = ORIENTED_EDGE('',*,*,#5757,.T.);
#5757 = EDGE_CURVE('',#5735,#5758,#5760,.T.);
#5758 = VERTEX_POINT('',#5759);
#5759 = CARTESIAN_POINT('',(18.234886774743,-13.32783345846,1.8));
#5760 = SURFACE_CURVE('',#5761,(#5765,#5772),.PCURVE_S1.);
#5761 = LINE('',#5762,#5763);
#5762 = CARTESIAN_POINT('',(22.985323154484,-11.21280291446,1.8));
#5763 = VECTOR('',#5764,1.);
#5764 = DIRECTION('',(-0.913545457643,-0.406736643076,0.));
#5765 = PCURVE('',#4712,#5766);
#5766 = DEFINITIONAL_REPRESENTATION('',(#5767),#5771);
#5767 = LINE('',#5768,#5769);
#5768 = CARTESIAN_POINT('',(0.,-2.8));
#5769 = VECTOR('',#5770,1.);
#5770 = DIRECTION('',(1.,0.));
#5771 = ( GEOMETRIC_REPRESENTATION_CONTEXT(2) 
PARAMETRIC_REPRESENTATION_CONTEXT() REPRESENTATION_CONTEXT('2D SPACE',''
  ) );
#5772 = PCURVE('',#5773,#5778);
#5773 = PLANE('',#5774);
#5774 = AXIS2_PLACEMENT_3D('',#5775,#5776,#5777);
#5775 = CARTESIAN_POINT('',(20.,-10.9,1.8));
#5776 = DIRECTION('',(-0.,-0.,-1.));
#5777 = DIRECTION('',(-1.,0.,0.));
#5778 = DEFINITIONAL_REPRESENTATION('',(#5779),#5783);
#5779 = LINE('',#5780,#5781);
#5780 = CARTESIAN_POINT('',(-2.985323154484,-0.312802914467));
#5781 = VECTOR('',#5782,1.);
#5782 = DIRECTION('',(0.913545457643,-0.406736643076));
#5783 = ( GEOMETRIC_REPRESENTATION_CONTEXT(2) 
PARAMETRIC_REPRESENTATION_CONTEXT() REPRESENTATION_CONTEXT('2D SPACE',''
  ) );
#5784 = ORIENTED_EDGE('',*,*,#5785,.F.);
#5785 = EDGE_CURVE('',#4695,#5758,#5786,.T.);
#5786 = SURFACE_CURVE('',#5787,(#5791,#5798),.PCURVE_S1.);
#5787 = LINE('',#5788,#5789);
#5788 = CARTESIAN_POINT('',(18.234886774743,-13.32783345846,-1.));
#5789 = VECTOR('',#5790,1.);
#5790 = DIRECTION('',(0.,0.,1.));
#5791 = PCURVE('',#4712,#5792);
#5792 = DEFINITIONAL_REPRESENTATION('',(#5793),#5797);
#5793 = LINE('',#5794,#5795);
#5794 = CARTESIAN_POINT('',(5.2,0.));
#5795 = VECTOR('',#5796,1.);
#5796 = DIRECTION('',(0.,-1.));
#5797 = ( GEOMETRIC_REPRESENTATION_CONTEXT(2) 
PARAMETRIC_REPRESENTATION_CONTEXT() REPRESENTATION_CONTEXT('2D SPACE',''
  ) );
#5798 = PCURVE('',#4745,#5799);
#5799 = DEFINITIONAL_REPRESENTATION('',(#5800),#5804);
#5800 = LINE('',#5801,#5802);
#5801 = CARTESIAN_POINT('',(0.,0.));
#5802 = VECTOR('',#5803,1.);
#5803 = DIRECTION('',(0.,-1.));
#5804 = ( GEOMETRIC_REPRESENTATION_CONTEXT(2) 
PARAMETRIC_REPRESENTATION_CONTEXT() REPRESENTATION_CONTEXT('2D SPACE',''
  ) );
#5805 = ADVANCED_FACE('',(#5806),#4804,.F.);
#5806 = FACE_BOUND('',#5807,.F.);
#5807 = EDGE_LOOP('',(#5808,#5809,#5832,#5854));
#5808 = ORIENTED_EDGE('',*,*,#4785,.F.);
#5809 = ORIENTED_EDGE('',*,*,#5810,.T.);
#5810 = EDGE_CURVE('',#4758,#5811,#5813,.T.);
#5811 = VERTEX_POINT('',#5812);
#5812 = CARTESIAN_POINT('',(21.765113225257,-8.472166541539,1.8));
#5813 = SURFACE_CURVE('',#5814,(#5818,#5825),.PCURVE_S1.);
#5814 = LINE('',#5815,#5816);
#5815 = CARTESIAN_POINT('',(21.765113225257,-8.472166541539,-1.));
#5816 = VECTOR('',#5817,1.);
#5817 = DIRECTION('',(0.,0.,1.));
#5818 = PCURVE('',#4804,#5819);
#5819 = DEFINITIONAL_REPRESENTATION('',(#5820),#5824);
#5820 = LINE('',#5821,#5822);
#5821 = CARTESIAN_POINT('',(0.,0.));
#5822 = VECTOR('',#5823,1.);
#5823 = DIRECTION('',(0.,-1.));
#5824 = ( GEOMETRIC_REPRESENTATION_CONTEXT(2) 
PARAMETRIC_REPRESENTATION_CONTEXT() REPRESENTATION_CONTEXT('2D SPACE',''
  ) );
#5825 = PCURVE('',#4773,#5826);
#5826 = DEFINITIONAL_REPRESENTATION('',(#5827),#5831);
#5827 = LINE('',#5828,#5829);
#5828 = CARTESIAN_POINT('',(5.2,0.));
#5829 = VECTOR('',#5830,1.);
#5830 = DIRECTION('',(0.,-1.));
#5831 = ( GEOMETRIC_REPRESENTATION_CONTEXT(2) 
PARAMETRIC_REPRESENTATION_CONTEXT() REPRESENTATION_CONTEXT('2D SPACE',''
  ) );
#5832 = ORIENTED_EDGE('',*,*,#5833,.T.);
#5833 = EDGE_CURVE('',#5811,#5735,#5834,.T.);
#5834 = SURFACE_CURVE('',#5835,(#5840,#5847),.PCURVE_S1.);
#5835 = CIRCLE('',#5836,1.5);
#5836 = AXIS2_PLACEMENT_3D('',#5837,#5838,#5839);
#5837 = CARTESIAN_POINT('',(22.375218189871,-9.842484728003,1.8));
#5838 = DIRECTION('',(0.,0.,-1.));
#5839 = DIRECTION('',(-0.406736643076,0.913545457643,0.));
#5840 = PCURVE('',#4804,#5841);
#5841 = DEFINITIONAL_REPRESENTATION('',(#5842),#5846);
#5842 = LINE('',#5843,#5844);
#5843 = CARTESIAN_POINT('',(0.,-2.8));
#5844 = VECTOR('',#5845,1.);
#5845 = DIRECTION('',(1.,0.));
#5846 = ( GEOMETRIC_REPRESENTATION_CONTEXT(2) 
PARAMETRIC_REPRESENTATION_CONTEXT() REPRESENTATION_CONTEXT('2D SPACE',''
  ) );
#5847 = PCURVE('',#5773,#5848);
#5848 = DEFINITIONAL_REPRESENTATION('',(#5849),#5853);
#5849 = CIRCLE('',#5850,1.5);
#5850 = AXIS2_PLACEMENT_2D('',#5851,#5852);
#5851 = CARTESIAN_POINT('',(-2.375218189871,1.057515271997));
#5852 = DIRECTION('',(0.406736643076,0.913545457643));
#5853 = ( GEOMETRIC_REPRESENTATION_CONTEXT(2) 
PARAMETRIC_REPRESENTATION_CONTEXT() REPRESENTATION_CONTEXT('2D SPACE',''
  ) );
#5854 = ORIENTED_EDGE('',*,*,#5734,.F.);
#5855 = ADVANCED_FACE('',(#5856),#4773,.F.);
#5856 = FACE_BOUND('',#5857,.F.);
#5857 = EDGE_LOOP('',(#5858,#5859,#5882,#5903));
#5858 = ORIENTED_EDGE('',*,*,#4757,.T.);
#5859 = ORIENTED_EDGE('',*,*,#5860,.T.);
#5860 = EDGE_CURVE('',#4725,#5861,#5863,.T.);
#5861 = VERTEX_POINT('',#5862);
#5862 = CARTESIAN_POINT('',(17.014676845516,-10.58719708553,1.8));
#5863 = SURFACE_CURVE('',#5864,(#5868,#5875),.PCURVE_S1.);
#5864 = LINE('',#5865,#5866);
#5865 = CARTESIAN_POINT('',(17.014676845516,-10.58719708553,-1.));
#5866 = VECTOR('',#5867,1.);
#5867 = DIRECTION('',(0.,0.,1.));
#5868 = PCURVE('',#4773,#5869);
#5869 = DEFINITIONAL_REPRESENTATION('',(#5870),#5874);
#5870 = LINE('',#5871,#5872);
#5871 = CARTESIAN_POINT('',(0.,0.));
#5872 = VECTOR('',#5873,1.);
#5873 = DIRECTION('',(0.,-1.));
#5874 = ( GEOMETRIC_REPRESENTATION_CONTEXT(2) 
PARAMETRIC_REPRESENTATION_CONTEXT() REPRESENTATION_CONTEXT('2D SPACE',''
  ) );
#5875 = PCURVE('',#4745,#5876);
#5876 = DEFINITIONAL_REPRESENTATION('',(#5877),#5881);
#5877 = LINE('',#5878,#5879);
#5878 = CARTESIAN_POINT('',(3.14159265359,0.));
#5879 = VECTOR('',#5880,1.);
#5880 = DIRECTION('',(0.,-1.));
#5881 = ( GEOMETRIC_REPRESENTATION_CONTEXT(2) 
PARAMETRIC_REPRESENTATION_CONTEXT() REPRESENTATION_CONTEXT('2D SPACE',''
  ) );
#5882 = ORIENTED_EDGE('',*,*,#5883,.T.);
#5883 = EDGE_CURVE('',#5861,#5811,#5884,.T.);
#5884 = SURFACE_CURVE('',#5885,(#5889,#5896),.PCURVE_S1.);
#5885 = LINE('',#5886,#5887);
#5886 = CARTESIAN_POINT('',(17.014676845516,-10.58719708553,1.8));
#5887 = VECTOR('',#5888,1.);
#5888 = DIRECTION('',(0.913545457643,0.406736643076,0.));
#5889 = PCURVE('',#4773,#5890);
#5890 = DEFINITIONAL_REPRESENTATION('',(#5891),#5895);
#5891 = LINE('',#5892,#5893);
#5892 = CARTESIAN_POINT('',(0.,-2.8));
#5893 = VECTOR('',#5894,1.);
#5894 = DIRECTION('',(1.,0.));
#5895 = ( GEOMETRIC_REPRESENTATION_CONTEXT(2) 
PARAMETRIC_REPRESENTATION_CONTEXT() REPRESENTATION_CONTEXT('2D SPACE',''
  ) );
#5896 = PCURVE('',#5773,#5897);
#5897 = DEFINITIONAL_REPRESENTATION('',(#5898),#5902);
#5898 = LINE('',#5899,#5900);
#5899 = CARTESIAN_POINT('',(2.985323154484,0.312802914467));
#5900 = VECTOR('',#5901,1.);
#5901 = DIRECTION('',(-0.913545457643,0.406736643076));
#5902 = ( GEOMETRIC_REPRESENTATION_CONTEXT(2) 
PARAMETRIC_REPRESENTATION_CONTEXT() REPRESENTATION_CONTEXT('2D SPACE',''
  ) );
#5903 = ORIENTED_EDGE('',*,*,#5810,.F.);
#5904 = ADVANCED_FACE('',(#5905),#4745,.F.);
#5905 = FACE_BOUND('',#5906,.F.);
#5906 = EDGE_LOOP('',(#5907,#5908,#5909,#5931));
#5907 = ORIENTED_EDGE('',*,*,#4724,.F.);
#5908 = ORIENTED_EDGE('',*,*,#5785,.T.);
#5909 = ORIENTED_EDGE('',*,*,#5910,.T.);
#5910 = EDGE_CURVE('',#5758,#5861,#5911,.T.);
#5911 = SURFACE_CURVE('',#5912,(#5917,#5924),.PCURVE_S1.);
#5912 = CIRCLE('',#5913,1.5);
#5913 = AXIS2_PLACEMENT_3D('',#5914,#5915,#5916);
#5914 = CARTESIAN_POINT('',(17.624781810129,-11.95751527199,1.8));
#5915 = DIRECTION('',(0.,-0.,-1.));
#5916 = DIRECTION('',(0.406736643076,-0.913545457643,0.));
#5917 = PCURVE('',#4745,#5918);
#5918 = DEFINITIONAL_REPRESENTATION('',(#5919),#5923);
#5919 = LINE('',#5920,#5921);
#5920 = CARTESIAN_POINT('',(0.,-2.8));
#5921 = VECTOR('',#5922,1.);
#5922 = DIRECTION('',(1.,0.));
#5923 = ( GEOMETRIC_REPRESENTATION_CONTEXT(2) 
PARAMETRIC_REPRESENTATION_CONTEXT() REPRESENTATION_CONTEXT('2D SPACE',''
  ) );
#5924 = PCURVE('',#5773,#5925);
#5925 = DEFINITIONAL_REPRESENTATION('',(#5926),#5930);
#5926 = CIRCLE('',#5927,1.5);
#5927 = AXIS2_PLACEMENT_2D('',#5928,#5929);
#5928 = CARTESIAN_POINT('',(2.375218189871,-1.057515271997));
#5929 = DIRECTION('',(-0.406736643076,-0.913545457643));
#5930 = ( GEOMETRIC_REPRESENTATION_CONTEXT(2) 
PARAMETRIC_REPRESENTATION_CONTEXT() REPRESENTATION_CONTEXT('2D SPACE',''
  ) );
#5931 = ORIENTED_EDGE('',*,*,#5860,.F.);
#5932 = ADVANCED_FACE('',(#5933),#4923,.T.);
#5933 = FACE_BOUND('',#5934,.T.);
#5934 = EDGE_LOOP('',(#5935));
#5935 = ORIENTED_EDGE('',*,*,#4908,.T.);
#5936 = ADVANCED_FACE('',(#5937),#4957,.T.);
#5937 = FACE_BOUND('',#5938,.F.);
#5938 = EDGE_LOOP('',(#5939,#5940,#5941,#5942,#5943,#5944,#5945));
#5939 = ORIENTED_EDGE('',*,*,#4939,.T.);
#5940 = ORIENTED_EDGE('',*,*,#5015,.T.);
#5941 = ORIENTED_EDGE('',*,*,#5113,.T.);
#5942 = ORIENTED_EDGE('',*,*,#5211,.T.);
#5943 = ORIENTED_EDGE('',*,*,#5260,.T.);
#5944 = ORIENTED_EDGE('',*,*,#5162,.T.);
#5945 = ORIENTED_EDGE('',*,*,#5064,.T.);
#5946 = ADVANCED_FACE('',(#5947),#5305,.T.);
#5947 = FACE_BOUND('',#5948,.F.);
#5948 = EDGE_LOOP('',(#5949,#5950,#5951,#5952,#5953,#5954,#5955,#5956,
    #5957));
#5949 = ORIENTED_EDGE('',*,*,#5287,.T.);
#5950 = ORIENTED_EDGE('',*,*,#5363,.T.);
#5951 = ORIENTED_EDGE('',*,*,#5461,.T.);
#5952 = ORIENTED_EDGE('',*,*,#5559,.T.);
#5953 = ORIENTED_EDGE('',*,*,#5657,.T.);
#5954 = ORIENTED_EDGE('',*,*,#5706,.T.);
#5955 = ORIENTED_EDGE('',*,*,#5608,.T.);
#5956 = ORIENTED_EDGE('',*,*,#5510,.T.);
#5957 = ORIENTED_EDGE('',*,*,#5412,.T.);
#5958 = ADVANCED_FACE('',(#5959),#5773,.T.);
#5959 = FACE_BOUND('',#5960,.T.);
#5960 = EDGE_LOOP('',(#5961,#5962,#5963,#5964));
#5961 = ORIENTED_EDGE('',*,*,#5757,.T.);
#5962 = ORIENTED_EDGE('',*,*,#5910,.T.);
#5963 = ORIENTED_EDGE('',*,*,#5883,.T.);
#5964 = ORIENTED_EDGE('',*,*,#5833,.T.);
#5965 = ( GEOMETRIC_REPRESENTATION_CONTEXT(3) 
GLOBAL_UNCERTAINTY_ASSIGNED_CONTEXT((#5969)) 
GLOBAL_UNIT_ASSIGNED_CONTEXT((#5966,#5967,#5968)) REPRESENTATION_CONTEXT
('Context #1','3D Context with UNIT and UNCERTAINTY') );
#5966 = ( LENGTH_UNIT() NAMED_UNIT(*) SI_UNIT(.MILLI.,.METRE.) );
#5967 = ( NAMED_UNIT(*) PLANE_ANGLE_UNIT() SI_UNIT($,.RADIAN.) );
#5968 = ( NAMED_UNIT(*) SI_UNIT($,.STERADIAN.) SOLID_ANGLE_UNIT() );
#5969 = UNCERTAINTY_MEASURE_WITH_UNIT(LENGTH_MEASURE(2.E-06),#5966,
  'distance_accuracy_value','confusion accuracy');
#5970 = CONTEXT_DEPENDENT_SHAPE_REPRESENTATION(#5971,#5973);
#5971 = ( REPRESENTATION_RELATIONSHIP('','',#2255,#10) 
REPRESENTATION_RELATIONSHIP_WITH_TRANSFORMATION(#5972) 
SHAPE_REPRESENTATION_RELATIONSHIP() );
#5972 = ITEM_DEFINED_TRANSFORMATION('','',#11,#19);
#5973 = PRODUCT_DEFINITION_SHAPE('Placement','Placement of an item',
  #5974);
#5974 = NEXT_ASSEMBLY_USAGE_OCCURRENCE('10','','',#5,#2250,$);
#5975 = PRODUCT_RELATED_PRODUCT_CATEGORY('part',$,(#2252));
ENDSEC;
END-ISO-10303-21;
