ISO-10303-21;
HEADER;
FILE_DESCRIPTION(('Open CASCADE Model'),'2;1');
FILE_NAME('Open CASCADE Shape Model','2026-09-28T12:09:43',('Author'),(
    'Open CASCADE'),'Open CASCADE STEP processor 7.9','Open CASCADE 7.9'
  ,'Unknown');
FILE_SCHEMA(('AUTOMOTIVE_DESIGN { 1 0 10303 214 1 1 1 1 }'));
ENDSEC;
DATA;
#1 = APPLICATION_PROTOCOL_DEFINITION('international standard',
  'automotive_design',2000,#2);
#2 = APPLICATION_CONTEXT(
  'core data for automotive mechanical design processes');
#3 = SHAPE_DEFINITION_REPRESENTATION(#4,#10);
#4 = PRODUCT_DEFINITION_SHAPE('','',#5);
#5 = PRODUCT_DEFINITION('design','',#6,#9);
#6 = PRODUCT_DEFINITION_FORMATION('','',#7);
#7 = PRODUCT('Open CASCADE STEP translator 7.9 7',
  'Open CASCADE STEP translator 7.9 7','',(#8));
#8 = PRODUCT_CONTEXT('',#2,'mechanical');
#9 = PRODUCT_DEFINITION_CONTEXT('part definition',#2,'design');
#10 = SHAPE_REPRESENTATION('',(#11,#15,#19),#23);
#11 = AXIS2_PLACEMENT_3D('',#12,#13,#14);
#12 = CARTESIAN_POINT('',(0.,0.,0.));
#13 = DIRECTION('',(0.,0.,1.));
#14 = DIRECTION('',(1.,0.,-0.));
#15 = AXIS2_PLACEMENT_3D('',#16,#17,#18);
#16 = CARTESIAN_POINT('',(0.,0.,0.));
#17 = DIRECTION('',(0.,0.,1.));
#18 = DIRECTION('',(1.,0.,-0.));
#19 = AXIS2_PLACEMENT_3D('',#20,#21,#22);
#20 = CARTESIAN_POINT('',(0.,0.,0.));
#21 = DIRECTION('',(0.,0.,1.));
#22 = DIRECTION('',(1.,0.,-0.));
#23 = ( GEOMETRIC_REPRESENTATION_CONTEXT(3) 
GLOBAL_UNCERTAINTY_ASSIGNED_CONTEXT((#27)) GLOBAL_UNIT_ASSIGNED_CONTEXT(
(#24,#25,#26)) REPRESENTATION_CONTEXT('Context #1',
  '3D Context with UNIT and UNCERTAINTY') );
#24 = ( LENGTH_UNIT() NAMED_UNIT(*) SI_UNIT(.MILLI.,.METRE.) );
#25 = ( NAMED_UNIT(*) PLANE_ANGLE_UNIT() SI_UNIT($,.RADIAN.) );
#26 = ( NAMED_UNIT(*) SI_UNIT($,.STERADIAN.) SOLID_ANGLE_UNIT() );
#27 = UNCERTAINTY_MEASURE_WITH_UNIT(LENGTH_MEASURE(2.E-06),#24,
  'distance_accuracy_value','confusion accuracy');
#28 = PRODUCT_RELATED_PRODUCT_CATEGORY('part',$,(#7));
#29 = SHAPE_DEFINITION_REPRESENTATION(#30,#36);
#30 = PRODUCT_DEFINITION_SHAPE('','',#31);
#31 = PRODUCT_DEFINITION('design','',#32,#35);
#32 = PRODUCT_DEFINITION_FORMATION('','',#33);
#33 = PRODUCT('Open CASCADE STEP translator 7.9 7.1',
  'Open CASCADE STEP translator 7.9 7.1','',(#34));
#34 = PRODUCT_CONTEXT('',#2,'mechanical');
#35 = PRODUCT_DEFINITION_CONTEXT('part definition',#2,'design');
#36 = ADVANCED_BREP_SHAPE_REPRESENTATION('',(#11,#37),#2369);
#37 = MANIFOLD_SOLID_BREP('',#38);
#38 = CLOSED_SHELL('',(#39,#329,#447,#1195,#1256,#2035,#2060,#2093,#2100
    ,#2155,#2231,#2281,#2330,#2358,#2362));
#39 = ADVANCED_FACE('',(#40),#56,.F.);
#40 = FACE_BOUND('',#41,.F.);
#41 = EDGE_LOOP('',(#42,#137,#217,#251));
#42 = ORIENTED_EDGE('',*,*,#43,.F.);
#43 = EDGE_CURVE('',#44,#46,#48,.T.);
#44 = VERTEX_POINT('',#45);
#45 = CARTESIAN_POINT('',(-27.98564361377,3.125,0.));
#46 = VERTEX_POINT('',#47);
#47 = CARTESIAN_POINT('',(-26.60833316061,3.125,4.));
#48 = SURFACE_CURVE('',#49,(#55,#123),.PCURVE_S1.);
#49 = B_SPLINE_CURVE_WITH_KNOTS('',4,(#50,#51,#52,#53,#54),
  .UNSPECIFIED.,.F.,.F.,(5,5),(0.,1.),.PIECEWISE_BEZIER_KNOTS.);
#50 = CARTESIAN_POINT('',(-27.98564361377,3.125,0.));
#51 = CARTESIAN_POINT('',(-27.64131600048,3.125,1.));
#52 = CARTESIAN_POINT('',(-27.29698838719,3.125,2.));
#53 = CARTESIAN_POINT('',(-26.9526607739,3.125,3.));
#54 = CARTESIAN_POINT('',(-26.60833316061,3.125,4.));
#55 = PCURVE('',#56,#115);
#56 = B_SPLINE_SURFACE_WITH_KNOTS('',3,1,(
    (#57,#58)
    ,(#59,#60)
    ,(#61,#62)
    ,(#63,#64)
    ,(#65,#66)
    ,(#67,#68)
    ,(#69,#70)
    ,(#71,#72)
    ,(#73,#74)
    ,(#75,#76)
    ,(#77,#78)
    ,(#79,#80)
    ,(#81,#82)
    ,(#83,#84)
    ,(#85,#86)
    ,(#87,#88)
    ,(#89,#90)
    ,(#91,#92)
    ,(#93,#94)
    ,(#95,#96)
    ,(#97,#98)
    ,(#99,#100)
    ,(#101,#102)
    ,(#103,#104)
    ,(#105,#106)
    ,(#107,#108)
    ,(#109,#110)
    ,(#111,#112)
    ,(#113,#114
    )),.UNSPECIFIED.,.T.,.F.,.F.,(1,1,2,1,1,1,1,1,1,1,1,1,1,1,1,1,1,1,1,
    1,1,1,1,1,1,1,1,1,2,1,1),(2,2),(-11.12863082616,-5.192301994299,0.,
    5.192301994299,11.128630826161,17.776938881599,24.45001912988,
    31.413495273302,37.423694937206,45.431347527073,54.799378269977,
    61.156264300103,65.497922969321,69.325454811122,73.816557125699,
    78.820555526978,83.824553928257,88.315656242834,92.143188084635,
    96.484846753853,102.84173278397,112.20976352688,120.21741611674,
    126.22761578065,133.19109192407,139.86417217235,146.51248022779,
    152.44880905965,157.64111105395,162.83341304825,168.76974188011),(0.
    ,1.),.UNSPECIFIED.);
#57 = CARTESIAN_POINT('',(-28.19467798052,1.242076884596,0.));
#58 = CARTESIAN_POINT('',(-26.81736752736,1.242076884596,4.));
#59 = CARTESIAN_POINT('',(-27.80532201947,4.757923115404,0.));
#60 = CARTESIAN_POINT('',(-26.42801156631,4.757923115404,4.));
#61 = CARTESIAN_POINT('',(-26.75646873277,8.336215308645,0.));
#62 = CARTESIAN_POINT('',(-25.37915827962,8.336215308645,4.));
#63 = CARTESIAN_POINT('',(-23.41828871055,13.340548207808,0.));
#64 = CARTESIAN_POINT('',(-22.04097825739,13.340548207808,4.));
#65 = CARTESIAN_POINT('',(-18.75681809731,17.798094545236,0.));
#66 = CARTESIAN_POINT('',(-17.37950764415,17.798094545236,4.));
#67 = CARTESIAN_POINT('',(-12.85133167509,21.317370819243,0.));
#68 = CARTESIAN_POINT('',(-11.47402122193,21.317370819243,4.));
#69 = CARTESIAN_POINT('',(-6.314132526844,22.517954476765,0.));
#70 = CARTESIAN_POINT('',(-4.936822073685,22.517954476765,4.));
#71 = CARTESIAN_POINT('',(0.64996341515,22.81092651448,0.));
#72 = CARTESIAN_POINT('',(2.027273868308,22.81092651448,4.));
#73 = CARTESIAN_POINT('',(8.530413832458,22.837673001601,0.));
#74 = CARTESIAN_POINT('',(9.907724285617,22.837673001601,4.));
#75 = CARTESIAN_POINT('',(16.064653825025,20.060161584088,0.));
#76 = CARTESIAN_POINT('',(17.441964278183,20.060161584088,4.));
#77 = CARTESIAN_POINT('',(22.361060251736,18.043362644683,0.));
#78 = CARTESIAN_POINT('',(23.738370704894,18.043362644683,4.));
#79 = CARTESIAN_POINT('',(26.944413011804,16.041845739911,0.));
#80 = CARTESIAN_POINT('',(28.321723464963,16.041845739911,4.));
#81 = CARTESIAN_POINT('',(29.256656930442,12.261815380072,0.));
#82 = CARTESIAN_POINT('',(30.633967383601,12.261815380072,4.));
#83 = CARTESIAN_POINT('',(29.908601413114,7.830585886073,0.));
#84 = CARTESIAN_POINT('',(31.285911866273,7.830585886073,4.));
#85 = CARTESIAN_POINT('',(30.048167847629,3.,0.));
#86 = CARTESIAN_POINT('',(31.425478300788,3.,4.));
#87 = CARTESIAN_POINT('',(29.908601340434,-1.830585886073,0.));
#88 = CARTESIAN_POINT('',(31.285911793593,-1.830585886073,4.));
#89 = CARTESIAN_POINT('',(29.25665717114,-6.261815380072,0.));
#90 = CARTESIAN_POINT('',(30.633967624299,-6.261815380072,4.));
#91 = CARTESIAN_POINT('',(26.944412212012,-10.04184573991,0.));
#92 = CARTESIAN_POINT('',(28.32172266517,-10.04184573991,4.));
#93 = CARTESIAN_POINT('',(22.361064394243,-12.04336264468,0.));
#94 = CARTESIAN_POINT('',(23.738374847402,-12.04336264468,4.));
#95 = CARTESIAN_POINT('',(16.064625424713,-14.06016158408,0.));
#96 = CARTESIAN_POINT('',(17.441935877872,-14.06016158408,4.));
#97 = CARTESIAN_POINT('',(8.5305641273,-16.8376730016,0.));
#98 = CARTESIAN_POINT('',(9.907874580458,-16.8376730016,4.));
#99 = CARTESIAN_POINT('',(0.649546473588,-16.81092651448,0.));
#100 = CARTESIAN_POINT('',(2.026856926747,-16.81092651448,4.));
#101 = CARTESIAN_POINT('',(-6.312923755102,-16.51795447676,0.));
#102 = CARTESIAN_POINT('',(-4.935613301944,-16.51795447676,4.));
#103 = CARTESIAN_POINT('',(-12.85660883347,-15.31737081924,0.));
#104 = CARTESIAN_POINT('',(-11.47929838032,-15.31737081924,4.));
#105 = CARTESIAN_POINT('',(-18.73814091818,-11.79809454523,0.));
#106 = CARTESIAN_POINT('',(-17.36083046502,-11.79809454523,4.));
#107 = CARTESIAN_POINT('',(-23.48463883032,-7.340548207808,0.));
#108 = CARTESIAN_POINT('',(-22.10732837716,-7.340548207808,4.));
#109 = CARTESIAN_POINT('',(-26.54956905411,-2.336215308645,0.));
#110 = CARTESIAN_POINT('',(-25.17225860095,-2.336215308645,4.));
#111 = CARTESIAN_POINT('',(-28.19467798052,1.242076884596,0.));
#112 = CARTESIAN_POINT('',(-26.81736752736,1.242076884596,4.));
#113 = CARTESIAN_POINT('',(-27.80532201947,4.757923115404,0.));
#114 = CARTESIAN_POINT('',(-26.42801156631,4.757923115404,4.));
#115 = DEFINITIONAL_REPRESENTATION('',(#116),#122);
#116 = B_SPLINE_CURVE_WITH_KNOTS('',4,(#117,#118,#119,#120,#121),
  .UNSPECIFIED.,.F.,.F.,(5,5),(0.,1.),.PIECEWISE_BEZIER_KNOTS.);
#117 = CARTESIAN_POINT('',(0.123216183917,0.));
#118 = CARTESIAN_POINT('',(0.123216183917,0.25));
#119 = CARTESIAN_POINT('',(0.123216183917,0.5));
#120 = CARTESIAN_POINT('',(0.123216183917,0.75));
#121 = CARTESIAN_POINT('',(0.123216183917,1.));
#122 = ( GEOMETRIC_REPRESENTATION_CONTEXT(2) 
PARAMETRIC_REPRESENTATION_CONTEXT() REPRESENTATION_CONTEXT('2D SPACE',''
  ) );
#123 = PCURVE('',#124,#129);
#124 = PLANE('',#125);
#125 = AXIS2_PLACEMENT_3D('',#126,#127,#128);
#126 = CARTESIAN_POINT('',(-100.,3.125,-100.));
#127 = DIRECTION('',(0.,1.,0.));
#128 = DIRECTION('',(0.,0.,1.));
#129 = DEFINITIONAL_REPRESENTATION('',(#130),#136);
#130 = B_SPLINE_CURVE_WITH_KNOTS('',4,(#131,#132,#133,#134,#135),
  .UNSPECIFIED.,.F.,.F.,(5,5),(0.,1.),.PIECEWISE_BEZIER_KNOTS.);
#131 = CARTESIAN_POINT('',(100.,72.014356386228));
#132 = CARTESIAN_POINT('',(101.,72.358683999518));
#133 = CARTESIAN_POINT('',(102.,72.703011612808));
#134 = CARTESIAN_POINT('',(103.,73.047339226097));
#135 = CARTESIAN_POINT('',(104.,73.391666839387));
#136 = ( GEOMETRIC_REPRESENTATION_CONTEXT(2) 
PARAMETRIC_REPRESENTATION_CONTEXT() REPRESENTATION_CONTEXT('2D SPACE',''
  ) );
#137 = ORIENTED_EDGE('',*,*,#138,.T.);
#138 = EDGE_CURVE('',#44,#139,#141,.T.);
#139 = VERTEX_POINT('',#140);
#140 = CARTESIAN_POINT('',(29.999908872711,3.125,0.));
#141 = SURFACE_CURVE('',#142,(#172,#179),.PCURVE_S1.);
#142 = B_SPLINE_CURVE_WITH_KNOTS('',3,(#143,#144,#145,#146,#147,#148,
    #149,#150,#151,#152,#153,#154,#155,#156,#157,#158,#159,#160,#161,
    #162,#163,#164,#165,#166,#167,#168,#169,#170,#171),.UNSPECIFIED.,.T.
  ,.F.,(1,1,2,1,1,1,1,1,1,1,1,1,1,1,1,1,1,1,1,1,1,1,1,1,1,1,1,1,2,1,1),(
    -11.12863082616,-5.192301994299,0.,5.192301994299,11.128630826161,
    17.776938881599,24.45001912988,31.413495273302,37.423694937206,
    45.431347527073,54.799378269977,61.156264300103,65.497922969321,
    69.325454811122,73.816557125699,78.820555526978,83.824553928257,
    88.315656242834,92.143188084635,96.484846753853,102.84173278397,
    112.20976352688,120.21741611674,126.22761578065,133.19109192407,
    139.86417217235,146.51248022779,152.44880905965,157.64111105395,
    162.83341304825,168.76974188011),.UNSPECIFIED.);
#143 = CARTESIAN_POINT('',(-28.19467798052,1.242076884596,0.));
#144 = CARTESIAN_POINT('',(-27.80532201947,4.757923115404,0.));
#145 = CARTESIAN_POINT('',(-26.75646873277,8.336215308645,0.));
#146 = CARTESIAN_POINT('',(-23.41828871055,13.340548207808,0.));
#147 = CARTESIAN_POINT('',(-18.75681809731,17.798094545236,0.));
#148 = CARTESIAN_POINT('',(-12.85133167509,21.317370819243,0.));
#149 = CARTESIAN_POINT('',(-6.314132526844,22.517954476765,0.));
#150 = CARTESIAN_POINT('',(0.64996341515,22.81092651448,0.));
#151 = CARTESIAN_POINT('',(8.530413832458,22.837673001601,0.));
#152 = CARTESIAN_POINT('',(16.064653825025,20.060161584088,0.));
#153 = CARTESIAN_POINT('',(22.361060251736,18.043362644683,0.));
#154 = CARTESIAN_POINT('',(26.944413011804,16.041845739911,0.));
#155 = CARTESIAN_POINT('',(29.256656930442,12.261815380072,0.));
#156 = CARTESIAN_POINT('',(29.908601413114,7.830585886073,0.));
#157 = CARTESIAN_POINT('',(30.048167847629,3.,0.));
#158 = CARTESIAN_POINT('',(29.908601340434,-1.830585886073,0.));
#159 = CARTESIAN_POINT('',(29.25665717114,-6.261815380072,0.));
#160 = CARTESIAN_POINT('',(26.944412212012,-10.04184573991,0.));
#161 = CARTESIAN_POINT('',(22.361064394243,-12.04336264468,0.));
#162 = CARTESIAN_POINT('',(16.064625424713,-14.06016158408,0.));
#163 = CARTESIAN_POINT('',(8.5305641273,-16.8376730016,0.));
#164 = CARTESIAN_POINT('',(0.649546473588,-16.81092651448,0.));
#165 = CARTESIAN_POINT('',(-6.312923755102,-16.51795447676,0.));
#166 = CARTESIAN_POINT('',(-12.85660883347,-15.31737081924,0.));
#167 = CARTESIAN_POINT('',(-18.73814091818,-11.79809454523,0.));
#168 = CARTESIAN_POINT('',(-23.48463883032,-7.340548207808,0.));
#169 = CARTESIAN_POINT('',(-26.54956905411,-2.336215308645,0.));
#170 = CARTESIAN_POINT('',(-28.19467798052,1.242076884596,0.));
#171 = CARTESIAN_POINT('',(-27.80532201947,4.757923115404,0.));
#172 = PCURVE('',#56,#173);
#173 = DEFINITIONAL_REPRESENTATION('',(#174),#178);
#174 = LINE('',#175,#176);
#175 = CARTESIAN_POINT('',(0.,0.));
#176 = VECTOR('',#177,1.);
#177 = DIRECTION('',(1.,0.));
#178 = ( GEOMETRIC_REPRESENTATION_CONTEXT(2) 
PARAMETRIC_REPRESENTATION_CONTEXT() REPRESENTATION_CONTEXT('2D SPACE',''
  ) );
#179 = PCURVE('',#180,#185);
#180 = PLANE('',#181);
#181 = AXIS2_PLACEMENT_3D('',#182,#183,#184);
#182 = CARTESIAN_POINT('',(-28.,3.,0.));
#183 = DIRECTION('',(-0.,0.,1.));
#184 = DIRECTION('',(0.994533904972,-0.104414136312,0.));
#185 = DEFINITIONAL_REPRESENTATION('',(#186),#216);
#186 = B_SPLINE_CURVE_WITH_KNOTS('',3,(#187,#188,#189,#190,#191,#192,
    #193,#194,#195,#196,#197,#198,#199,#200,#201,#202,#203,#204,#205,
    #206,#207,#208,#209,#210,#211,#212,#213,#214,#215),.UNSPECIFIED.,.F.
  ,.F.,(1,1,2,1,1,1,1,1,1,1,1,1,1,1,1,1,1,1,1,1,1,1,1,1,1,1,1,1,2,1,1),(
    -11.12863082616,-5.192301994299,0.,5.192301994299,11.128630826161,
    17.776938881599,24.45001912988,31.413495273302,37.423694937206,
    45.431347527073,54.799378269977,61.156264300103,65.497922969321,
    69.325454811122,73.816557125699,78.820555526978,83.824553928257,
    88.315656242834,92.143188084635,96.484846753853,102.84173278397,
    112.20976352688,120.21741611674,126.22761578065,133.19109192407,
    139.86417217235,146.51248022779,152.44880905965,157.64111105395,
    162.83341304825,168.76974188011),.UNSPECIFIED.);
#187 = CARTESIAN_POINT('',(-1.006182838394E-02,-1.768641273798));
#188 = CARTESIAN_POINT('',(1.006182838394E-02,1.768641273798));
#189 = CARTESIAN_POINT('',(0.679557694519,5.43688929192));
#190 = CARTESIAN_POINT('',(3.476967810037,10.762421215776));
#191 = CARTESIAN_POINT('',(7.647527531043,15.682325609354));
#192 = CARTESIAN_POINT('',(13.153271810702,19.798981449094));
#193 = CARTESIAN_POINT('',(19.529380101516,21.675578605216));
#194 = CARTESIAN_POINT('',(26.424819211023,22.694099292906));
#195 = CARTESIAN_POINT('',(34.259401626133,23.543530005257));
#196 = CARTESIAN_POINT('',(42.04247020269,21.567881890683));
#197 = CARTESIAN_POINT('',(48.515042192908,20.219540804845));
#198 = CARTESIAN_POINT('',(53.282328570166,18.70753120153));
#199 = CARTESIAN_POINT('',(55.976622149071,15.189593798554));
#200 = CARTESIAN_POINT('',(57.087686041662,10.850658046142));
#201 = CARTESIAN_POINT('',(57.730871045956,6.061049310282));
#202 = CARTESIAN_POINT('',(58.096448875726,1.242295149398));
#203 = CARTESIAN_POINT('',(57.910751295629,-3.232785010455));
#204 = CARTESIAN_POINT('',(56.00583389243,-7.233584425486));
#205 = CARTESIAN_POINT('',(51.656525748306,-9.702727152463));
#206 = CARTESIAN_POINT('',(45.605086031896,-12.36593931405));
#207 = CARTESIAN_POINT('',(38.402218085238,-15.9149310935));
#208 = CARTESIAN_POINT('',(30.561486111589,-16.71122045679));
#209 = CARTESIAN_POINT('',(23.606482984519,-17.1468301476));
#210 = CARTESIAN_POINT('',(16.973208404945,-16.63606222019));
#211 = CARTESIAN_POINT('',(10.756363140935,-13.75013773754));
#212 = CARTESIAN_POINT('',(5.570379186545,-9.812558251992));
#213 = CARTESIAN_POINT('',(1.999679065129,-5.155601554182));
#214 = CARTESIAN_POINT('',(-1.006182838394E-02,-1.768641273798));
#215 = CARTESIAN_POINT('',(1.006182838394E-02,1.768641273798));
#216 = ( GEOMETRIC_REPRESENTATION_CONTEXT(2) 
PARAMETRIC_REPRESENTATION_CONTEXT() REPRESENTATION_CONTEXT('2D SPACE',''
  ) );
#217 = ORIENTED_EDGE('',*,*,#218,.T.);
#218 = EDGE_CURVE('',#139,#219,#221,.T.);
#219 = VERTEX_POINT('',#220);
#220 = CARTESIAN_POINT('',(31.37721932587,3.125,4.));
#221 = SURFACE_CURVE('',#222,(#228,#237),.PCURVE_S1.);
#222 = B_SPLINE_CURVE_WITH_KNOTS('',4,(#223,#224,#225,#226,#227),
  .UNSPECIFIED.,.F.,.F.,(5,5),(0.,1.),.PIECEWISE_BEZIER_KNOTS.);
#223 = CARTESIAN_POINT('',(29.999908872711,3.125,0.));
#224 = CARTESIAN_POINT('',(30.344236486001,3.125,1.));
#225 = CARTESIAN_POINT('',(30.68856409929,3.125,2.));
#226 = CARTESIAN_POINT('',(31.03289171258,3.125,3.));
#227 = CARTESIAN_POINT('',(31.37721932587,3.125,4.));
#228 = PCURVE('',#56,#229);
#229 = DEFINITIONAL_REPRESENTATION('',(#230),#236);
#230 = B_SPLINE_CURVE_WITH_KNOTS('',4,(#231,#232,#233,#234,#235),
  .UNSPECIFIED.,.F.,.F.,(5,5),(0.,1.),.PIECEWISE_BEZIER_KNOTS.);
#231 = CARTESIAN_POINT('',(78.695492179666,0.));
#232 = CARTESIAN_POINT('',(78.695492179666,0.25));
#233 = CARTESIAN_POINT('',(78.695492179666,0.5));
#234 = CARTESIAN_POINT('',(78.695492179666,0.75));
#235 = CARTESIAN_POINT('',(78.695492179666,1.));
#236 = ( GEOMETRIC_REPRESENTATION_CONTEXT(2) 
PARAMETRIC_REPRESENTATION_CONTEXT() REPRESENTATION_CONTEXT('2D SPACE',''
  ) );
#237 = PCURVE('',#238,#243);
#238 = PLANE('',#239);
#239 = AXIS2_PLACEMENT_3D('',#240,#241,#242);
#240 = CARTESIAN_POINT('',(-100.,3.125,-100.));
#241 = DIRECTION('',(0.,1.,0.));
#242 = DIRECTION('',(0.,0.,1.));
#243 = DEFINITIONAL_REPRESENTATION('',(#244),#250);
#244 = B_SPLINE_CURVE_WITH_KNOTS('',4,(#245,#246,#247,#248,#249),
  .UNSPECIFIED.,.F.,.F.,(5,5),(0.,1.),.PIECEWISE_BEZIER_KNOTS.);
#245 = CARTESIAN_POINT('',(100.,129.99990887271));
#246 = CARTESIAN_POINT('',(101.,130.344236486));
#247 = CARTESIAN_POINT('',(102.,130.68856409929));
#248 = CARTESIAN_POINT('',(103.,131.03289171258));
#249 = CARTESIAN_POINT('',(104.,131.37721932587));
#250 = ( GEOMETRIC_REPRESENTATION_CONTEXT(2) 
PARAMETRIC_REPRESENTATION_CONTEXT() REPRESENTATION_CONTEXT('2D SPACE',''
  ) );
#251 = ORIENTED_EDGE('',*,*,#252,.F.);
#252 = EDGE_CURVE('',#46,#219,#253,.T.);
#253 = SURFACE_CURVE('',#254,(#284,#291),.PCURVE_S1.);
#254 = B_SPLINE_CURVE_WITH_KNOTS('',3,(#255,#256,#257,#258,#259,#260,
    #261,#262,#263,#264,#265,#266,#267,#268,#269,#270,#271,#272,#273,
    #274,#275,#276,#277,#278,#279,#280,#281,#282,#283),.UNSPECIFIED.,.T.
  ,.F.,(1,1,2,1,1,1,1,1,1,1,1,1,1,1,1,1,1,1,1,1,1,1,1,1,1,1,1,1,2,1,1),(
    -11.12863082616,-5.192301994299,0.,5.192301994299,11.128630826161,
    17.776938881599,24.45001912988,31.413495273302,37.423694937206,
    45.431347527073,54.799378269977,61.156264300103,65.497922969321,
    69.325454811122,73.816557125699,78.820555526978,83.824553928257,
    88.315656242834,92.143188084635,96.484846753853,102.84173278397,
    112.20976352688,120.21741611674,126.22761578065,133.19109192407,
    139.86417217235,146.51248022779,152.44880905965,157.64111105395,
    162.83341304825,168.76974188011),.UNSPECIFIED.);
#255 = CARTESIAN_POINT('',(-26.81736752736,1.242076884596,4.));
#256 = CARTESIAN_POINT('',(-26.42801156631,4.757923115404,4.));
#257 = CARTESIAN_POINT('',(-25.37915827962,8.336215308645,4.));
#258 = CARTESIAN_POINT('',(-22.04097825739,13.340548207808,4.));
#259 = CARTESIAN_POINT('',(-17.37950764415,17.798094545236,4.));
#260 = CARTESIAN_POINT('',(-11.47402122193,21.317370819243,4.));
#261 = CARTESIAN_POINT('',(-4.936822073685,22.517954476765,4.));
#262 = CARTESIAN_POINT('',(2.027273868308,22.81092651448,4.));
#263 = CARTESIAN_POINT('',(9.907724285617,22.837673001601,4.));
#264 = CARTESIAN_POINT('',(17.441964278183,20.060161584088,4.));
#265 = CARTESIAN_POINT('',(23.738370704894,18.043362644683,4.));
#266 = CARTESIAN_POINT('',(28.321723464963,16.041845739911,4.));
#267 = CARTESIAN_POINT('',(30.633967383601,12.261815380072,4.));
#268 = CARTESIAN_POINT('',(31.285911866273,7.830585886073,4.));
#269 = CARTESIAN_POINT('',(31.425478300788,3.,4.));
#270 = CARTESIAN_POINT('',(31.285911793593,-1.830585886073,4.));
#271 = CARTESIAN_POINT('',(30.633967624299,-6.261815380072,4.));
#272 = CARTESIAN_POINT('',(28.32172266517,-10.04184573991,4.));
#273 = CARTESIAN_POINT('',(23.738374847402,-12.04336264468,4.));
#274 = CARTESIAN_POINT('',(17.441935877872,-14.06016158408,4.));
#275 = CARTESIAN_POINT('',(9.907874580458,-16.8376730016,4.));
#276 = CARTESIAN_POINT('',(2.026856926747,-16.81092651448,4.));
#277 = CARTESIAN_POINT('',(-4.935613301944,-16.51795447676,4.));
#278 = CARTESIAN_POINT('',(-11.47929838032,-15.31737081924,4.));
#279 = CARTESIAN_POINT('',(-17.36083046502,-11.79809454523,4.));
#280 = CARTESIAN_POINT('',(-22.10732837716,-7.340548207808,4.));
#281 = CARTESIAN_POINT('',(-25.17225860095,-2.336215308645,4.));
#282 = CARTESIAN_POINT('',(-26.81736752736,1.242076884596,4.));
#283 = CARTESIAN_POINT('',(-26.42801156631,4.757923115404,4.));
#284 = PCURVE('',#56,#285);
#285 = DEFINITIONAL_REPRESENTATION('',(#286),#290);
#286 = LINE('',#287,#288);
#287 = CARTESIAN_POINT('',(0.,1.));
#288 = VECTOR('',#289,1.);
#289 = DIRECTION('',(1.,0.));
#290 = ( GEOMETRIC_REPRESENTATION_CONTEXT(2) 
PARAMETRIC_REPRESENTATION_CONTEXT() REPRESENTATION_CONTEXT('2D SPACE',''
  ) );
#291 = PCURVE('',#292,#297);
#292 = PLANE('',#293);
#293 = AXIS2_PLACEMENT_3D('',#294,#295,#296);
#294 = CARTESIAN_POINT('',(-26.62268954684,3.,4.));
#295 = DIRECTION('',(-0.,0.,1.));
#296 = DIRECTION('',(0.994533904972,-0.104414136312,0.));
#297 = DEFINITIONAL_REPRESENTATION('',(#298),#328);
#298 = B_SPLINE_CURVE_WITH_KNOTS('',3,(#299,#300,#301,#302,#303,#304,
    #305,#306,#307,#308,#309,#310,#311,#312,#313,#314,#315,#316,#317,
    #318,#319,#320,#321,#322,#323,#324,#325,#326,#327),.UNSPECIFIED.,.F.
  ,.F.,(1,1,2,1,1,1,1,1,1,1,1,1,1,1,1,1,1,1,1,1,1,1,1,1,1,1,1,1,2,1,1),(
    -11.12863082616,-5.192301994299,0.,5.192301994299,11.128630826161,
    17.776938881599,24.45001912988,31.413495273302,37.423694937206,
    45.431347527073,54.799378269977,61.156264300103,65.497922969321,
    69.325454811122,73.816557125699,78.820555526978,83.824553928257,
    88.315656242834,92.143188084635,96.484846753853,102.84173278397,
    112.20976352688,120.21741611674,126.22761578065,133.19109192407,
    139.86417217235,146.51248022779,152.44880905965,157.64111105395,
    162.83341304825,168.76974188011),.UNSPECIFIED.);
#299 = CARTESIAN_POINT('',(-1.006182838394E-02,-1.768641273798));
#300 = CARTESIAN_POINT('',(1.006182838394E-02,1.768641273798));
#301 = CARTESIAN_POINT('',(0.679557694519,5.43688929192));
#302 = CARTESIAN_POINT('',(3.476967810037,10.762421215776));
#303 = CARTESIAN_POINT('',(7.647527531043,15.682325609354));
#304 = CARTESIAN_POINT('',(13.153271810702,19.798981449094));
#305 = CARTESIAN_POINT('',(19.529380101516,21.675578605216));
#306 = CARTESIAN_POINT('',(26.424819211023,22.694099292906));
#307 = CARTESIAN_POINT('',(34.259401626133,23.543530005257));
#308 = CARTESIAN_POINT('',(42.04247020269,21.567881890683));
#309 = CARTESIAN_POINT('',(48.515042192908,20.219540804845));
#310 = CARTESIAN_POINT('',(53.282328570166,18.70753120153));
#311 = CARTESIAN_POINT('',(55.976622149071,15.189593798554));
#312 = CARTESIAN_POINT('',(57.087686041662,10.850658046142));
#313 = CARTESIAN_POINT('',(57.730871045956,6.061049310282));
#314 = CARTESIAN_POINT('',(58.096448875726,1.242295149398));
#315 = CARTESIAN_POINT('',(57.910751295629,-3.232785010455));
#316 = CARTESIAN_POINT('',(56.00583389243,-7.233584425486));
#317 = CARTESIAN_POINT('',(51.656525748306,-9.702727152463));
#318 = CARTESIAN_POINT('',(45.605086031896,-12.36593931405));
#319 = CARTESIAN_POINT('',(38.402218085238,-15.9149310935));
#320 = CARTESIAN_POINT('',(30.561486111589,-16.71122045679));
#321 = CARTESIAN_POINT('',(23.606482984519,-17.1468301476));
#322 = CARTESIAN_POINT('',(16.973208404945,-16.63606222019));
#323 = CARTESIAN_POINT('',(10.756363140935,-13.75013773754));
#324 = CARTESIAN_POINT('',(5.570379186545,-9.812558251992));
#325 = CARTESIAN_POINT('',(1.999679065129,-5.155601554182));
#326 = CARTESIAN_POINT('',(-1.006182838394E-02,-1.768641273798));
#327 = CARTESIAN_POINT('',(1.006182838394E-02,1.768641273798));
#328 = ( GEOMETRIC_REPRESENTATION_CONTEXT(2) 
PARAMETRIC_REPRESENTATION_CONTEXT() REPRESENTATION_CONTEXT('2D SPACE',''
  ) );
#329 = ADVANCED_FACE('',(#330),#124,.F.);
#330 = FACE_BOUND('',#331,.F.);
#331 = EDGE_LOOP('',(#332,#404,#425,#426));
#332 = ORIENTED_EDGE('',*,*,#333,.F.);
#333 = EDGE_CURVE('',#334,#336,#338,.T.);
#334 = VERTEX_POINT('',#335);
#335 = CARTESIAN_POINT('',(-21.20000022465,3.125,0.));
#336 = VERTEX_POINT('',#337);
#337 = CARTESIAN_POINT('',(-19.82268977149,3.125,4.));
#338 = SURFACE_CURVE('',#339,(#347,#358),.PCURVE_S1.);
#339 = B_SPLINE_CURVE_WITH_KNOTS('',3,(#340,#341,#342,#343,#344,#345,
    #346),.UNSPECIFIED.,.F.,.F.,(4,1,1,1,4),(0.,0.3,0.6,0.88,1.),
  .UNSPECIFIED.);
#340 = CARTESIAN_POINT('',(-21.20000022465,3.125,0.));
#341 = CARTESIAN_POINT('',(-21.06226917933,3.125,0.4));
#342 = CARTESIAN_POINT('',(-20.7868070887,3.125,1.2));
#343 = CARTESIAN_POINT('',(-20.38279602244,3.125,2.373333333333));
#344 = CARTESIAN_POINT('',(-20.06142358337,3.125,3.306666666667));
#345 = CARTESIAN_POINT('',(-19.87778218962,3.125,3.84));
#346 = CARTESIAN_POINT('',(-19.82268977149,3.125,4.));
#347 = PCURVE('',#124,#348);
#348 = DEFINITIONAL_REPRESENTATION('',(#349),#357);
#349 = B_SPLINE_CURVE_WITH_KNOTS('',3,(#350,#351,#352,#353,#354,#355,
    #356),.UNSPECIFIED.,.F.,.F.,(4,1,1,1,4),(0.,0.3,0.6,0.88,1.),
  .UNSPECIFIED.);
#350 = CARTESIAN_POINT('',(100.,78.799999775347));
#351 = CARTESIAN_POINT('',(100.4,78.937730820663));
#352 = CARTESIAN_POINT('',(101.2,79.213192911294));
#353 = CARTESIAN_POINT('',(102.37333333333,79.617203977554));
#354 = CARTESIAN_POINT('',(103.30666666666,79.938576416625));
#355 = CARTESIAN_POINT('',(103.84,80.122217810379));
#356 = CARTESIAN_POINT('',(104.,80.177310228505));
#357 = ( GEOMETRIC_REPRESENTATION_CONTEXT(2) 
PARAMETRIC_REPRESENTATION_CONTEXT() REPRESENTATION_CONTEXT('2D SPACE',''
  ) );
#358 = PCURVE('',#359,#394);
#359 = B_SPLINE_SURFACE_WITH_KNOTS('',3,1,(
    (#360,#361)
    ,(#362,#363)
    ,(#364,#365)
    ,(#366,#367)
    ,(#368,#369)
    ,(#370,#371)
    ,(#372,#373)
    ,(#374,#375)
    ,(#376,#377)
    ,(#378,#379)
    ,(#380,#381)
    ,(#382,#383)
    ,(#384,#385)
    ,(#386,#387)
    ,(#388,#389)
    ,(#390,#391)
    ,(#392,#393
    )),.UNSPECIFIED.,.F.,.F.,.F.,(4,1,1,1,1,1,1,1,1,1,1,1,1,1,4),(2,2),(
    0.,3.020347662108,6.053909924531,8.500463623104,10.890155025775,
    13.5584878386,17.059916118603,20.559916118603,24.059916118603,
    27.561344398605,30.22967721143,32.619368614101,35.065922312674,
    38.099484575098,41.119832237205),(0.,1.),.UNSPECIFIED.);
#360 = CARTESIAN_POINT('',(-17.38655226579,13.1,-20.));
#361 = CARTESIAN_POINT('',(10.15965679738,13.1,60.));
#362 = CARTESIAN_POINT('',(-18.38712590899,13.206854020275,-20.));
#363 = CARTESIAN_POINT('',(9.159083154181,13.206854020275,60.));
#364 = CARTESIAN_POINT('',(-20.40828369697,13.503114404475,-20.));
#365 = CARTESIAN_POINT('',(7.137925366204,13.503114404475,60.));
#366 = CARTESIAN_POINT('',(-23.1485458374,13.623125592086,-20.));
#367 = CARTESIAN_POINT('',(4.397663225771,13.623125592086,60.));
#368 = CARTESIAN_POINT('',(-25.91408807842,14.992963864358,-20.));
#369 = CARTESIAN_POINT('',(1.63212098475,14.992963864358,60.));
#370 = CARTESIAN_POINT('',(-27.65680623781,12.492176654313,-20.));
#371 = CARTESIAN_POINT('',(-0.110597174643,12.492176654313,60.));
#372 = CARTESIAN_POINT('',(-28.08617105465,9.75336269061,-20.));
#373 = CARTESIAN_POINT('',(-0.539961991479,9.75336269061,60.));
#374 = CARTESIAN_POINT('',(-28.08667349822,6.492256488987,-20.));
#375 = CARTESIAN_POINT('',(-0.540464435048,6.492256488987,60.));
#376 = CARTESIAN_POINT('',(-28.08649166194,3.,-20.));
#377 = CARTESIAN_POINT('',(-0.540282598772,3.,60.));
#378 = CARTESIAN_POINT('',(-28.08667349822,-0.492256488987,-20.));
#379 = CARTESIAN_POINT('',(-0.540464435048,-0.492256488987,60.));
#380 = CARTESIAN_POINT('',(-28.08617105465,-3.75336269061,-20.));
#381 = CARTESIAN_POINT('',(-0.539961991479,-3.75336269061,60.));
#382 = CARTESIAN_POINT('',(-27.65680623781,-6.492176654313,-20.));
#383 = CARTESIAN_POINT('',(-0.110597174643,-6.492176654313,60.));
#384 = CARTESIAN_POINT('',(-25.91408807842,-8.992963864358,-20.));
#385 = CARTESIAN_POINT('',(1.63212098475,-8.992963864358,60.));
#386 = CARTESIAN_POINT('',(-23.1485458374,-7.623125592086,-20.));
#387 = CARTESIAN_POINT('',(4.397663225771,-7.623125592086,60.));
#388 = CARTESIAN_POINT('',(-20.40828369697,-7.503114404475,-20.));
#389 = CARTESIAN_POINT('',(7.137925366204,-7.503114404475,60.));
#390 = CARTESIAN_POINT('',(-18.38712590899,-7.206854020275,-20.));
#391 = CARTESIAN_POINT('',(9.159083154181,-7.206854020275,60.));
#392 = CARTESIAN_POINT('',(-17.38655226579,-7.1,-20.));
#393 = CARTESIAN_POINT('',(10.15965679738,-7.1,60.));
#394 = DEFINITIONAL_REPRESENTATION('',(#395),#403);
#395 = B_SPLINE_CURVE_WITH_KNOTS('',3,(#396,#397,#398,#399,#400,#401,
    #402),.UNSPECIFIED.,.F.,.F.,(4,1,1,1,4),(0.,0.3,0.6,0.88,1.),
  .UNSPECIFIED.);
#396 = CARTESIAN_POINT('',(20.434622288307,0.25));
#397 = CARTESIAN_POINT('',(20.434622288307,0.255));
#398 = CARTESIAN_POINT('',(20.434622288307,0.265));
#399 = CARTESIAN_POINT('',(20.434622288307,0.279666666667));
#400 = CARTESIAN_POINT('',(20.434622288307,0.291333333333));
#401 = CARTESIAN_POINT('',(20.434622288307,0.298));
#402 = CARTESIAN_POINT('',(20.434622288307,0.3));
#403 = ( GEOMETRIC_REPRESENTATION_CONTEXT(2) 
PARAMETRIC_REPRESENTATION_CONTEXT() REPRESENTATION_CONTEXT('2D SPACE',''
  ) );
#404 = ORIENTED_EDGE('',*,*,#405,.T.);
#405 = EDGE_CURVE('',#334,#44,#406,.T.);
#406 = SURFACE_CURVE('',#407,(#411,#418),.PCURVE_S1.);
#407 = LINE('',#408,#409);
#408 = CARTESIAN_POINT('',(-64.,3.125,0.));
#409 = VECTOR('',#410,1.);
#410 = DIRECTION('',(-1.,0.,-0.));
#411 = PCURVE('',#124,#412);
#412 = DEFINITIONAL_REPRESENTATION('',(#413),#417);
#413 = LINE('',#414,#415);
#414 = CARTESIAN_POINT('',(100.,36.));
#415 = VECTOR('',#416,1.);
#416 = DIRECTION('',(0.,-1.));
#417 = ( GEOMETRIC_REPRESENTATION_CONTEXT(2) 
PARAMETRIC_REPRESENTATION_CONTEXT() REPRESENTATION_CONTEXT('2D SPACE',''
  ) );
#418 = PCURVE('',#180,#419);
#419 = DEFINITIONAL_REPRESENTATION('',(#420),#424);
#420 = LINE('',#421,#422);
#421 = CARTESIAN_POINT('',(-35.81627234602,-3.634592169097));
#422 = VECTOR('',#423,1.);
#423 = DIRECTION('',(-0.994533904972,-0.104414136312));
#424 = ( GEOMETRIC_REPRESENTATION_CONTEXT(2) 
PARAMETRIC_REPRESENTATION_CONTEXT() REPRESENTATION_CONTEXT('2D SPACE',''
  ) );
#425 = ORIENTED_EDGE('',*,*,#43,.T.);
#426 = ORIENTED_EDGE('',*,*,#427,.F.);
#427 = EDGE_CURVE('',#336,#46,#428,.T.);
#428 = SURFACE_CURVE('',#429,(#433,#440),.PCURVE_S1.);
#429 = LINE('',#430,#431);
#430 = CARTESIAN_POINT('',(-63.31134477342,3.125,4.));
#431 = VECTOR('',#432,1.);
#432 = DIRECTION('',(-1.,0.,-0.));
#433 = PCURVE('',#124,#434);
#434 = DEFINITIONAL_REPRESENTATION('',(#435),#439);
#435 = LINE('',#436,#437);
#436 = CARTESIAN_POINT('',(104.,36.688655226579));
#437 = VECTOR('',#438,1.);
#438 = DIRECTION('',(0.,-1.));
#439 = ( GEOMETRIC_REPRESENTATION_CONTEXT(2) 
PARAMETRIC_REPRESENTATION_CONTEXT() REPRESENTATION_CONTEXT('2D SPACE',''
  ) );
#440 = PCURVE('',#292,#441);
#441 = DEFINITIONAL_REPRESENTATION('',(#442),#446);
#442 = LINE('',#443,#444);
#443 = CARTESIAN_POINT('',(-36.50116331769,-3.706497509797));
#444 = VECTOR('',#445,1.);
#445 = DIRECTION('',(-0.994533904972,-0.104414136312));
#446 = ( GEOMETRIC_REPRESENTATION_CONTEXT(2) 
PARAMETRIC_REPRESENTATION_CONTEXT() REPRESENTATION_CONTEXT('2D SPACE',''
  ) );
#447 = ADVANCED_FACE('',(#448,#1160),#292,.T.);
#448 = FACE_BOUND('',#449,.T.);
#449 = EDGE_LOOP('',(#450,#451,#452,#934,#962,#1139));
#450 = ORIENTED_EDGE('',*,*,#252,.F.);
#451 = ORIENTED_EDGE('',*,*,#427,.F.);
#452 = ORIENTED_EDGE('',*,*,#453,.T.);
#453 = EDGE_CURVE('',#336,#454,#456,.T.);
#454 = VERTEX_POINT('',#455);
#455 = CARTESIAN_POINT('',(-9.122689546841,13.1,4.));
#456 = SURFACE_CURVE('',#457,(#614,#774),.PCURVE_S1.);
#457 = B_SPLINE_CURVE_WITH_KNOTS('',8,(#458,#459,#460,#461,#462,#463,
    #464,#465,#466,#467,#468,#469,#470,#471,#472,#473,#474,#475,#476,
    #477,#478,#479,#480,#481,#482,#483,#484,#485,#486,#487,#488,#489,
    #490,#491,#492,#493,#494,#495,#496,#497,#498,#499,#500,#501,#502,
    #503,#504,#505,#506,#507,#508,#509,#510,#511,#512,#513,#514,#515,
    #516,#517,#518,#519,#520,#521,#522,#523,#524,#525,#526,#527,#528,
    #529,#530,#531,#532,#533,#534,#535,#536,#537,#538,#539,#540,#541,
    #542,#543,#544,#545,#546,#547,#548,#549,#550,#551,#552,#553,#554,
    #555,#556,#557,#558,#559,#560,#561,#562,#563,#564,#565,#566,#567,
    #568,#569,#570,#571,#572,#573,#574,#575,#576,#577,#578,#579,#580,
    #581,#582,#583,#584,#585,#586,#587,#588,#589,#590,#591,#592,#593,
    #594,#595,#596,#597,#598,#599,#600,#601,#602,#603,#604,#605,#606,
    #607,#608,#609,#610,#611,#612,#613),.UNSPECIFIED.,.F.,.F.,(9,7,7,7,7
    ,7,7,7,7,7,7,7,7,7,7,7,7,7,7,7,7,7,9),(0.,0.192520487224,
    0.221682525561,0.278045429491,0.328411865075,0.353494458179,
    0.36505278094,0.378537431327,0.448225174803,0.483948056666,
    0.520580059352,0.568281348734,0.598421390246,0.61141258945,
    0.65340081286,0.703495165679,0.72743431008,0.801269336979,
    0.857001119896,0.870477054672,0.912933339489,0.949701184947,1.),
  .UNSPECIFIED.);
#458 = CARTESIAN_POINT('',(-19.82269382605,2.412589224562,4.));
#459 = CARTESIAN_POINT('',(-19.82268714958,2.922447441804,4.));
#460 = CARTESIAN_POINT('',(-19.82268382665,3.432204493319,4.));
#461 = CARTESIAN_POINT('',(-19.82269769118,3.94197669301,4.));
#462 = CARTESIAN_POINT('',(-19.82271110867,4.451882905049,4.));
#463 = CARTESIAN_POINT('',(-19.82271999664,4.962039731013,4.));
#464 = CARTESIAN_POINT('',(-19.82272529143,5.472562435438,4.));
#465 = CARTESIAN_POINT('',(-19.82271610262,5.983566310141,4.));
#466 = CARTESIAN_POINT('',(-19.82268581147,6.572657306647,4.));
#467 = CARTESIAN_POINT('',(-19.82268185843,6.650165142141,4.));
#468 = CARTESIAN_POINT('',(-19.82266823683,6.727684617146,4.));
#469 = CARTESIAN_POINT('',(-19.82263524689,6.805213659703,4.));
#470 = CARTESIAN_POINT('',(-19.82257318933,6.882750192918,4.));
#471 = CARTESIAN_POINT('',(-19.82247236535,6.960292134961,4.));
#472 = CARTESIAN_POINT('',(-19.82232307668,7.037837399068,4.));
#473 = CARTESIAN_POINT('',(-19.82171467445,7.265261812476,4.));
#474 = CARTESIAN_POINT('',(-19.82109632243,7.415144094273,4.));
#475 = CARTESIAN_POINT('',(-19.8201907824,7.565015885287,4.));
#476 = CARTESIAN_POINT('',(-19.81892789954,7.714861832151,4.));
#477 = CARTESIAN_POINT('',(-19.81723715122,7.864666081775,4.));
#478 = CARTESIAN_POINT('',(-19.81504764708,8.014412281347,4.));
#479 = CARTESIAN_POINT('',(-19.81228812895,8.164083578332,4.));
#480 = CARTESIAN_POINT('',(-19.8058476632,8.447327897907,4.));
#481 = CARTESIAN_POINT('',(-19.80229584105,8.580919209735,4.));
#482 = CARTESIAN_POINT('',(-19.79818031077,8.714424144863,4.));
#483 = CARTESIAN_POINT('',(-19.7934493967,8.847829601642,4.));
#484 = CARTESIAN_POINT('',(-19.78805094115,8.981121787865,4.));
#485 = CARTESIAN_POINT('',(-19.78193230444,9.11428622077,4.));
#486 = CARTESIAN_POINT('',(-19.77504036486,9.247307727037,4.));
#487 = CARTESIAN_POINT('',(-19.76347751675,9.446336360616,4.));
#488 = CARTESIAN_POINT('',(-19.75942842845,9.512462860825,4.));
#489 = CARTESIAN_POINT('',(-19.75516762516,9.578547966153,4.));
#490 = CARTESIAN_POINT('',(-19.75068844465,9.644589639652,4.));
#491 = CARTESIAN_POINT('',(-19.74598419108,9.710585784694,4.));
#492 = CARTESIAN_POINT('',(-19.74104813501,9.776534244966,4.));
#493 = CARTESIAN_POINT('',(-19.73587351342,9.842432804476,4.));
#494 = CARTESIAN_POINT('',(-19.72795594415,9.938621893546,4.));
#495 = CARTESIAN_POINT('',(-19.7254068838,9.968946908154,4.));
#496 = CARTESIAN_POINT('',(-19.72280607721,9.999253803814,4.));
#497 = CARTESIAN_POINT('',(-19.72015251987,10.029542447962,4.));
#498 = CARTESIAN_POINT('',(-19.71744447418,10.059813003033,4.));
#499 = CARTESIAN_POINT('',(-19.71467946948,10.090065926461,4.));
#500 = CARTESIAN_POINT('',(-19.71185430198,10.120301970675,4.));
#501 = CARTESIAN_POINT('',(-19.70559423801,10.185778942034,4.));
#502 = CARTESIAN_POINT('',(-19.70213711723,10.221013616589,4.));
#503 = CARTESIAN_POINT('',(-19.69858922425,10.25622707194,4.));
#504 = CARTESIAN_POINT('',(-19.69494611084,10.291420173256,4.));
#505 = CARTESIAN_POINT('',(-19.69120332878,10.326593785706,4.));
#506 = CARTESIAN_POINT('',(-19.68735642983,10.361748774461,4.));
#507 = CARTESIAN_POINT('',(-19.68340096578,10.39688600469,4.));
#508 = CARTESIAN_POINT('',(-19.65830687774,10.613505821079,4.));
#509 = CARTESIAN_POINT('',(-19.63425742612,10.794601285302,4.));
#510 = CARTESIAN_POINT('',(-19.60658118753,10.975295833932,4.));
#511 = CARTESIAN_POINT('',(-19.57468710062,11.155565965858,4.));
#512 = CARTESIAN_POINT('',(-19.53800981588,11.335362325214,4.));
#513 = CARTESIAN_POINT('',(-19.49602582345,11.514610226515,4.));
#514 = CARTESIAN_POINT('',(-19.44827188167,11.693209958875,4.));
#515 = CARTESIAN_POINT('',(-19.36673273051,11.96219335389,4.));
#516 = CARTESIAN_POINT('',(-19.33748321728,12.05314631482,4.));
#517 = CARTESIAN_POINT('',(-19.3065659187,12.143878073901,4.));
#518 = CARTESIAN_POINT('',(-19.27393505749,12.234369867334,4.));
#519 = CARTESIAN_POINT('',(-19.23955084278,12.324601876244,4.));
#520 = CARTESIAN_POINT('',(-19.20337994597,12.414553257192,4.));
#521 = CARTESIAN_POINT('',(-19.16539597658,12.504202172699,4.));
#522 = CARTESIAN_POINT('',(-19.08475065157,12.685122691384,4.));
#523 = CARTESIAN_POINT('',(-19.04199497612,12.776381828577,4.));
#524 = CARTESIAN_POINT('',(-18.99732343355,12.867115940854,4.));
#525 = CARTESIAN_POINT('',(-18.95073288759,12.957135648038,4.));
#526 = CARTESIAN_POINT('',(-18.90220828562,13.046246691688,4.));
#527 = CARTESIAN_POINT('',(-18.85172329867,13.134246161127,4.));
#528 = CARTESIAN_POINT('',(-18.79923987994,13.220917736069,4.));
#529 = CARTESIAN_POINT('',(-18.67369503548,13.416851755131,4.));
#530 = CARTESIAN_POINT('',(-18.59923663743,13.524981651127,4.));
#531 = CARTESIAN_POINT('',(-18.52119809596,13.629938756025,4.));
#532 = CARTESIAN_POINT('',(-18.43944053567,13.731128587388,4.));
#533 = CARTESIAN_POINT('',(-18.35382722253,13.827829137667,4.));
#534 = CARTESIAN_POINT('',(-18.26422998503,13.91918468405,4.));
#535 = CARTESIAN_POINT('',(-18.17053449122,14.004203328633,4.));
#536 = CARTESIAN_POINT('',(-18.01079255301,14.130761328374,4.));
#537 = CARTESIAN_POINT('',(-17.94728326531,14.176771124025,4.));
#538 = CARTESIAN_POINT('',(-17.88210586219,14.21949646021,4.));
#539 = CARTESIAN_POINT('',(-17.81527138989,14.258616258422,4.));
#540 = CARTESIAN_POINT('',(-17.74681625681,14.293786813172,4.));
#541 = CARTESIAN_POINT('',(-17.67680721312,14.32465516457,4.));
#542 = CARTESIAN_POINT('',(-17.60534765003,14.350878587633,4.));
#543 = CARTESIAN_POINT('',(-17.50122258024,14.381318856274,4.));
#544 = CARTESIAN_POINT('',(-17.46964029829,14.389552403084,4.));
#545 = CARTESIAN_POINT('',(-17.43784332388,14.3968731915,4.));
#546 = CARTESIAN_POINT('',(-17.40583670267,14.403303893778,4.));
#547 = CARTESIAN_POINT('',(-17.3736255753,14.408867501667,4.));
#548 = CARTESIAN_POINT('',(-17.34121517737,14.413587326409,4.));
#549 = CARTESIAN_POINT('',(-17.30861083949,14.41748699874,4.));
#550 = CARTESIAN_POINT('',(-17.16982980349,14.430621043895,4.));
#551 = CARTESIAN_POINT('',(-17.06246188748,14.432273391289,4.));
#552 = CARTESIAN_POINT('',(-16.95416112708,14.426478746835,4.));
#553 = CARTESIAN_POINT('',(-16.84529160149,14.414234178668,4.));
#554 = CARTESIAN_POINT('',(-16.73612727656,14.396511096917,4.));
#555 = CARTESIAN_POINT('',(-16.62684729983,14.374199120955,4.));
#556 = CARTESIAN_POINT('',(-16.51753389484,14.348085304264,4.));
#557 = CARTESIAN_POINT('',(-16.27769887758,14.284011656654,4.));
#558 = CARTESIAN_POINT('',(-16.14725191467,14.244763338365,4.));
#559 = CARTESIAN_POINT('',(-16.01684218785,14.202325171741,4.));
#560 = CARTESIAN_POINT('',(-15.88646429944,14.157763145504,4.));
#561 = CARTESIAN_POINT('',(-15.75609502332,14.112052139488,4.));
#562 = CARTESIAN_POINT('',(-15.6256908906,14.066119660371,4.));
#563 = CARTESIAN_POINT('',(-15.49518557022,14.020889001052,4.));
#564 = CARTESIAN_POINT('',(-15.30202868929,13.956501893072,4.));
#565 = CARTESIAN_POINT('',(-15.23953416858,13.936053050383,4.));
#566 = CARTESIAN_POINT('',(-15.17699363095,13.916180715873,4.));
#567 = CARTESIAN_POINT('',(-15.11443095909,13.896607058909,4.));
#568 = CARTESIAN_POINT('',(-15.05180141177,13.878326202687,4.));
#569 = CARTESIAN_POINT('',(-14.98914830568,13.86037395787,4.));
#570 = CARTESIAN_POINT('',(-14.92646128017,13.843217617667,4.));
#571 = CARTESIAN_POINT('',(-14.67034180458,13.775759645802,4.));
#572 = CARTESIAN_POINT('',(-14.47669593265,13.731072271208,4.));
#573 = CARTESIAN_POINT('',(-14.28294059156,13.692130702708,4.));
#574 = CARTESIAN_POINT('',(-14.08916707233,13.658329116965,4.));
#575 = CARTESIAN_POINT('',(-13.89543307723,13.628987758376,4.));
#576 = CARTESIAN_POINT('',(-13.70176321134,13.60337396025,4.));
#577 = CARTESIAN_POINT('',(-13.50814932138,13.580720597209,4.));
#578 = CARTESIAN_POINT('',(-13.16841953214,13.544784393698,4.));
#579 = CARTESIAN_POINT('',(-13.02230425275,13.530566592069,4.));
#580 = CARTESIAN_POINT('',(-12.8761866927,13.517250122524,4.));
#581 = CARTESIAN_POINT('',(-12.73004750703,13.504491393306,4.));
#582 = CARTESIAN_POINT('',(-12.58386631667,13.491944200949,4.));
#583 = CARTESIAN_POINT('',(-12.43762186845,13.479262268941,4.));
#584 = CARTESIAN_POINT('',(-12.29129219511,13.466101786389,4.));
#585 = CARTESIAN_POINT('',(-12.10944623431,13.448744107625,4.));
#586 = CARTESIAN_POINT('',(-12.07402075039,13.445313434573,4.));
#587 = CARTESIAN_POINT('',(-12.03857865315,13.441832806086,4.));
#588 = CARTESIAN_POINT('',(-12.00312029165,13.438303283204,4.));
#589 = CARTESIAN_POINT('',(-11.96764603433,13.434726109446,4.));
#590 = CARTESIAN_POINT('',(-11.93215626906,13.431102710806,4.));
#591 = CARTESIAN_POINT('',(-11.8966514031,13.427434695754,4.));
#592 = CARTESIAN_POINT('',(-11.7492266238,13.412032755169,4.));
#593 = CARTESIAN_POINT('',(-11.63726909444,13.399924003314,4.));
#594 = CARTESIAN_POINT('',(-11.52526410401,13.387443070301,4.));
#595 = CARTESIAN_POINT('',(-11.41321619976,13.374635052393,4.));
#596 = CARTESIAN_POINT('',(-11.30112964727,13.361544671482,4.));
#597 = CARTESIAN_POINT('',(-11.18900843037,13.348216275092,4.));
#598 = CARTESIAN_POINT('',(-11.07685625123,13.334693836377,4.));
#599 = CARTESIAN_POINT('',(-10.86752703495,13.309180011755,4.));
#600 = CARTESIAN_POINT('',(-10.77035699835,13.29722633404,4.));
#601 = CARTESIAN_POINT('',(-10.67316867011,13.285188259368,4.));
#602 = CARTESIAN_POINT('',(-10.57596427251,13.273094072384,4.));
#603 = CARTESIAN_POINT('',(-10.4787460005,13.260972003993,4.));
#604 = CARTESIAN_POINT('',(-10.38151602167,13.248850231354,4.));
#605 = CARTESIAN_POINT('',(-10.28427647625,13.236756877885,4.));
#606 = CARTESIAN_POINT('',(-10.05399451787,13.208253450696,4.));
#607 = CARTESIAN_POINT('',(-9.920945887667,13.19189270565,4.));
#608 = CARTESIAN_POINT('',(-9.787888872095,13.175709795296,4.));
#609 = CARTESIAN_POINT('',(-9.654829126028,13.159776854269,4.));
#610 = CARTESIAN_POINT('',(-9.5217726859,13.144166284895,4.));
#611 = CARTESIAN_POINT('',(-9.388725981991,13.128950907412,4.));
#612 = CARTESIAN_POINT('',(-9.255695850703,13.114204110198,4.));
#613 = CARTESIAN_POINT('',(-9.122689546841,13.1,4.));
#614 = PCURVE('',#292,#615);
#615 = DEFINITIONAL_REPRESENTATION('',(#616),#773);
#616 = B_SPLINE_CURVE_WITH_KNOTS('',8,(#617,#618,#619,#620,#621,#622,
    #623,#624,#625,#626,#627,#628,#629,#630,#631,#632,#633,#634,#635,
    #636,#637,#638,#639,#640,#641,#642,#643,#644,#645,#646,#647,#648,
    #649,#650,#651,#652,#653,#654,#655,#656,#657,#658,#659,#660,#661,
    #662,#663,#664,#665,#666,#667,#668,#669,#670,#671,#672,#673,#674,
    #675,#676,#677,#678,#679,#680,#681,#682,#683,#684,#685,#686,#687,
    #688,#689,#690,#691,#692,#693,#694,#695,#696,#697,#698,#699,#700,
    #701,#702,#703,#704,#705,#706,#707,#708,#709,#710,#711,#712,#713,
    #714,#715,#716,#717,#718,#719,#720,#721,#722,#723,#724,#725,#726,
    #727,#728,#729,#730,#731,#732,#733,#734,#735,#736,#737,#738,#739,
    #740,#741,#742,#743,#744,#745,#746,#747,#748,#749,#750,#751,#752,
    #753,#754,#755,#756,#757,#758,#759,#760,#761,#762,#763,#764,#765,
    #766,#767,#768,#769,#770,#771,#772),.UNSPECIFIED.,.F.,.F.,(9,7,7,7,7
    ,7,7,7,7,7,7,7,7,7,7,7,7,7,7,7,7,7,9),(0.,0.192520487224,
    0.221682525561,0.278045429491,0.328411865075,0.353494458179,
    0.36505278094,0.378537431327,0.448225174803,0.483948056666,
    0.520580059352,0.568281348734,0.598421390246,0.61141258945,
    0.65340081286,0.703495165679,0.72743431008,0.801269336979,
    0.857001119896,0.870477054672,0.912933339489,0.949701184947,1.),
  .UNSPECIFIED.);
#617 = CARTESIAN_POINT('',(6.82416028676,0.12581574779));
#618 = CARTESIAN_POINT('',(6.77093052134,0.632887728683));
#619 = CARTESIAN_POINT('',(6.71770798385,1.139858746675));
#620 = CARTESIAN_POINT('',(6.664466771159,1.646843035427));
#621 = CARTESIAN_POINT('',(6.611212010279,2.153960650679));
#622 = CARTESIAN_POINT('',(6.557935586527,2.661327982924));
#623 = CARTESIAN_POINT('',(6.504624533428,3.169059568881));
#624 = CARTESIAN_POINT('',(6.451277643777,3.677271207286));
#625 = CARTESIAN_POINT('',(6.389798341744,4.26314533925));
#626 = CARTESIAN_POINT('',(6.381709359478,4.340229922303));
#627 = CARTESIAN_POINT('',(6.373628777591,4.417327090779));
#628 = CARTESIAN_POINT('',(6.365566459187,4.494435796837));
#629 = CARTESIAN_POINT('',(6.357532267389,4.57155498768));
#630 = CARTESIAN_POINT('',(6.349536065342,4.648683605548));
#631 = CARTESIAN_POINT('',(6.341587716212,4.72582058772));
#632 = CARTESIAN_POINT('',(6.318446469153,4.952065403465));
#633 = CARTESIAN_POINT('',(6.303411612199,5.10119297916));
#634 = CARTESIAN_POINT('',(6.288663468845,5.250340107902));
#635 = CARTESIAN_POINT('',(6.274273413554,5.399498845404));
#636 = CARTESIAN_POINT('',(6.260313238736,5.548660788789));
#637 = CARTESIAN_POINT('',(6.246855154745,5.697817076588));
#638 = CARTESIAN_POINT('',(6.23397178988,5.846958388743));
#639 = CARTESIAN_POINT('',(6.210802340442,6.12932694362));
#640 = CARTESIAN_POINT('',(6.200385926555,6.262558893085));
#641 = CARTESIAN_POINT('',(6.190539158455,6.39576379709));
#642 = CARTESIAN_POINT('',(6.18131479735,6.528934021272));
#643 = CARTESIAN_POINT('',(6.172766155926,6.662061294812));
#644 = CARTESIAN_POINT('',(6.164947098342,6.795136710439));
#645 = CARTESIAN_POINT('',(6.157912040237,6.928150724431));
#646 = CARTESIAN_POINT('',(6.148630281843,7.127298773384));
#647 = CARTESIAN_POINT('',(6.145752696035,7.193486601917));
#648 = CARTESIAN_POINT('',(6.14308999017,7.259655367875));
#649 = CARTESIAN_POINT('',(6.140649002756,7.325803741075));
#650 = CARTESIAN_POINT('',(6.138436611949,7.39193033549));
#651 = CARTESIAN_POINT('',(6.136459735546,7.458033709243));
#652 = CARTESIAN_POINT('',(6.13472533099,7.524112364608));
#653 = CARTESIAN_POINT('',(6.132556121409,7.620602381133));
#654 = CARTESIAN_POINT('',(6.131924888144,7.651027794265));
#655 = CARTESIAN_POINT('',(6.131347010148,7.681440590527));
#656 = CARTESIAN_POINT('',(6.130823500275,7.711840742966));
#657 = CARTESIAN_POINT('',(6.130356069659,7.742228594558));
#658 = CARTESIAN_POINT('',(6.129947127717,7.77260485821));
#659 = CARTESIAN_POINT('',(6.129599782142,7.802970616757));
#660 = CARTESIAN_POINT('',(6.128988906589,7.86874332394));
#661 = CARTESIAN_POINT('',(6.128748132308,7.904146374697));
#662 = CARTESIAN_POINT('',(6.128599849641,7.939537800136));
#663 = CARTESIAN_POINT('',(6.128548392167,7.974918925156));
#664 = CARTESIAN_POINT('',(6.128598093463,8.010291074654));
#665 = CARTESIAN_POINT('',(6.128753287105,8.045655573531));
#666 = CARTESIAN_POINT('',(6.129018306671,8.081013746683));
#667 = CARTESIAN_POINT('',(6.131357057007,8.299069676101));
#668 = CARTESIAN_POINT('',(6.13636612555,8.481686358027));
#669 = CARTESIAN_POINT('',(6.145024017955,8.664283003631));
#670 = CARTESIAN_POINT('',(6.157921018625,8.846897955423));
#671 = CARTESIAN_POINT('',(6.175624540275,9.029541157802));
#672 = CARTESIAN_POINT('',(6.198663029411,9.212192995349));
#673 = CARTESIAN_POINT('',(6.227507606805,9.394802671186));
#674 = CARTESIAN_POINT('',(6.280515388345,9.670829617447));
#675 = CARTESIAN_POINT('',(6.300108246096,9.764339483511));
#676 = CARTESIAN_POINT('',(6.321382869525,9.857803497203));
#677 = CARTESIAN_POINT('',(6.34438674489,9.951207777085));
#678 = CARTESIAN_POINT('',(6.369161514934,10.04453676734));
#679 = CARTESIAN_POINT('',(6.395742502436,10.137773218442));
#680 = CARTESIAN_POINT('',(6.424158233758,10.230898167816));
#681 = CARTESIAN_POINT('',(6.485472084055,10.419250269711));
#682 = CARTESIAN_POINT('',(6.518465308928,10.514474872713));
#683 = CARTESIAN_POINT('',(6.553418748639,10.609377364246));
#684 = CARTESIAN_POINT('',(6.590355296268,10.703769726772));
#685 = CARTESIAN_POINT('',(6.629310205495,10.797460335393));
#686 = CARTESIAN_POINT('',(6.670330848106,10.890250137679));
#687 = CARTESIAN_POINT('',(6.713477649845,10.981927968394));
#688 = CARTESIAN_POINT('',(6.81787797288,11.189899649991));
#689 = CARTESIAN_POINT('',(6.880639084551,11.305213007024));
#690 = CARTESIAN_POINT('',(6.947292054476,11.417744733319));
#691 = CARTESIAN_POINT('',(7.01803707133,11.526918096492));
#692 = CARTESIAN_POINT('',(7.093085509531,11.632029312524));
#693 = CARTESIAN_POINT('',(7.172654189537,11.732240718977));
#694 = CARTESIAN_POINT('',(7.256960386531,11.826577777632));
#695 = CARTESIAN_POINT('',(7.402614715894,11.969123315831));
#696 = CARTESIAN_POINT('',(7.460972782715,12.02151288499));
#697 = CARTESIAN_POINT('',(7.521332790878,12.070810122681));
#698 = CARTESIAN_POINT('',(7.583717279664,12.11669455206));
#699 = CARTESIAN_POINT('',(7.648125927376,12.158820544811));
#700 = CARTESIAN_POINT('',(7.714529202734,12.196830100698));
#701 = CARTESIAN_POINT('',(7.782860064989,12.2303715726));
#702 = CARTESIAN_POINT('',(7.883237582895,12.27151758107));
#703 = CARTESIAN_POINT('',(7.913787534411,12.283003759224));
#704 = CARTESIAN_POINT('',(7.944646309738,12.293604585135));
#705 = CARTESIAN_POINT('',(7.975806523492,12.303342080294));
#706 = CARTESIAN_POINT('',(8.00726066247,12.312238574017));
#707 = CARTESIAN_POINT('',(8.039001085655,12.320316703455));
#708 = CARTESIAN_POINT('',(8.071020024213,12.327599413587));
#709 = CARTESIAN_POINT('',(8.207671089893,12.355152368812));
#710 = CARTESIAN_POINT('',(8.314279594254,12.368006412537));
#711 = CARTESIAN_POINT('',(8.422593415193,12.373551572519));
#712 = CARTESIAN_POINT('',(8.532146355628,12.372741451811));
#713 = CARTESIAN_POINT('',(8.642564518255,12.366513544812));
#714 = CARTESIAN_POINT('',(8.753576845949,12.355733902618));
#715 = CARTESIAN_POINT('',(8.865019385091,12.3411766913));
#716 = CARTESIAN_POINT('',(9.110233635936,12.302495442521));
#717 = CARTESIAN_POINT('',(9.244065642604,12.277082166237));
#718 = CARTESIAN_POINT('',(9.37819368198,12.248492589657));
#719 = CARTESIAN_POINT('',(9.512511817942,12.217787438301));
#720 = CARTESIAN_POINT('',(9.646941358423,12.185938688356));
#721 = CARTESIAN_POINT('',(9.781428689899,12.153873315424));
#722 = CARTESIAN_POINT('',(9.915943376021,12.122516491499));
#723 = CARTESIAN_POINT('',(10.114767367352,12.078649638464));
#724 = CARTESIAN_POINT('',(10.179055435329,12.064837882497));
#725 = CARTESIAN_POINT('',(10.243329073079,12.051604288277));
#726 = CARTESIAN_POINT('',(10.307593537913,12.038670050129));
#727 = CARTESIAN_POINT('',(10.371789525989,12.027028528896));
#728 = CARTESIAN_POINT('',(10.435974632381,12.015716282715));
#729 = CARTESIAN_POINT('',(10.500110369099,12.005199132324));
#730 = CARTESIAN_POINT('',(10.761873437166,11.96485238598));
#731 = CARTESIAN_POINT('',(10.959126815979,11.940628643289));
#732 = CARTESIAN_POINT('',(11.155889122211,11.9221307297));
#733 = CARTESIAN_POINT('',(11.35213282035,11.908746601287));
#734 = CARTESIAN_POINT('',(11.547871499637,11.899794193124));
#735 = CARTESIAN_POINT('',(11.743157190245,11.89454227423));
#736 = CARTESIAN_POINT('',(11.938078099624,11.892228763723));
#737 = CARTESIAN_POINT('',(12.279703141204,11.891961583437));
#738 = CARTESIAN_POINT('',(12.426504280063,11.893077998363));
#739 = CARTESIAN_POINT('',(12.573213575309,11.895091056738));
#740 = CARTESIAN_POINT('',(12.719886141996,11.897661064799));
#741 = CARTESIAN_POINT('',(12.866578396332,11.900445839324));
#742 = CARTESIAN_POINT('',(13.013347631476,11.903103215713));
#743 = CARTESIAN_POINT('',(13.160251593339,11.905293556068));
#744 = CARTESIAN_POINT('',(13.342915953877,11.907018044965));
#745 = CARTESIAN_POINT('',(13.3785060095,11.907305045605));
#746 = CARTESIAN_POINT('',(13.414117803681,11.907544098535));
#747 = CARTESIAN_POINT('',(13.449750878493,11.907736222553));
#748 = CARTESIAN_POINT('',(13.485404737657,11.907882615906));
#749 = CARTESIAN_POINT('',(13.521078846539,11.907984656296));
#750 = CARTESIAN_POINT('',(13.556772632155,11.908043900877));
#751 = CARTESIAN_POINT('',(13.704999753924,11.908119379764));
#752 = CARTESIAN_POINT('',(13.817609637654,11.907766764229));
#753 = CARTESIAN_POINT('',(13.930305584006,11.907048957521));
#754 = CARTESIAN_POINT('',(14.043078361885,11.906010334602));
#755 = CARTESIAN_POINT('',(14.155919059451,11.904694927528));
#756 = CARTESIAN_POINT('',(14.268819084117,11.903146425444));
#757 = CARTESIAN_POINT('',(14.381770162552,11.901408174585));
#758 = CARTESIAN_POINT('',(14.592619169405,11.897890740275));
#759 = CARTESIAN_POINT('',(14.690506198285,11.896148327946));
#760 = CARTESIAN_POINT('',(14.788420231056,11.894323889886));
#761 = CARTESIAN_POINT('',(14.886356104264,11.892445324098));
#762 = CARTESIAN_POINT('',(14.984308687263,11.89054047799));
#763 = CARTESIAN_POINT('',(15.082272882217,11.888637148376));
#764 = CARTESIAN_POINT('',(15.1802436241,11.886763081477));
#765 = CARTESIAN_POINT('',(15.412243000138,11.882460148522));
#766 = CARTESIAN_POINT('',(15.546272666954,11.880080990674));
#767 = CARTESIAN_POINT('',(15.680292104842,11.877879571007));
#768 = CARTESIAN_POINT('',(15.81428815797,11.875927039413));
#769 = CARTESIAN_POINT('',(15.94824726307,11.874294772171));
#770 = CARTESIAN_POINT('',(16.082155421551,11.873054520065));
#771 = CARTESIAN_POINT('',(16.215998171594,11.872278556508));
#772 = CARTESIAN_POINT('',(16.349760560258,11.872039825668));
#773 = ( GEOMETRIC_REPRESENTATION_CONTEXT(2) 
PARAMETRIC_REPRESENTATION_CONTEXT() REPRESENTATION_CONTEXT('2D SPACE',''
  ) );
#774 = PCURVE('',#359,#775);
#775 = DEFINITIONAL_REPRESENTATION('',(#776),#933);
#776 = B_SPLINE_CURVE_WITH_KNOTS('',8,(#777,#778,#779,#780,#781,#782,
    #783,#784,#785,#786,#787,#788,#789,#790,#791,#792,#793,#794,#795,
    #796,#797,#798,#799,#800,#801,#802,#803,#804,#805,#806,#807,#808,
    #809,#810,#811,#812,#813,#814,#815,#816,#817,#818,#819,#820,#821,
    #822,#823,#824,#825,#826,#827,#828,#829,#830,#831,#832,#833,#834,
    #835,#836,#837,#838,#839,#840,#841,#842,#843,#844,#845,#846,#847,
    #848,#849,#850,#851,#852,#853,#854,#855,#856,#857,#858,#859,#860,
    #861,#862,#863,#864,#865,#866,#867,#868,#869,#870,#871,#872,#873,
    #874,#875,#876,#877,#878,#879,#880,#881,#882,#883,#884,#885,#886,
    #887,#888,#889,#890,#891,#892,#893,#894,#895,#896,#897,#898,#899,
    #900,#901,#902,#903,#904,#905,#906,#907,#908,#909,#910,#911,#912,
    #913,#914,#915,#916,#917,#918,#919,#920,#921,#922,#923,#924,#925,
    #926,#927,#928,#929,#930,#931,#932),.UNSPECIFIED.,.F.,.F.,(9,7,7,7,7
    ,7,7,7,7,7,7,7,7,7,7,7,7,7,7,7,7,7,9),(0.,0.192520487224,
    0.221682525561,0.278045429491,0.328411865075,0.353494458179,
    0.36505278094,0.378537431327,0.448225174803,0.483948056666,
    0.520580059352,0.568281348734,0.598421390246,0.61141258945,
    0.65340081286,0.703495165679,0.72743431008,0.801269336979,
    0.857001119896,0.870477054672,0.912933339489,0.949701184947,1.),
  .UNSPECIFIED.);
#777 = CARTESIAN_POINT('',(21.148670125641,0.3));
#778 = CARTESIAN_POINT('',(20.637713962159,0.3));
#779 = CARTESIAN_POINT('',(20.126657347911,0.3));
#780 = CARTESIAN_POINT('',(19.615615672119,0.3));
#781 = CARTESIAN_POINT('',(19.104707329788,0.3));
#782 = CARTESIAN_POINT('',(18.594048952372,0.3));
#783 = CARTESIAN_POINT('',(18.083756316576,0.3));
#784 = CARTESIAN_POINT('',(17.573945690757,0.3));
#785 = CARTESIAN_POINT('',(16.987596995528,0.3));
#786 = CARTESIAN_POINT('',(16.910477396855,0.3));
#787 = CARTESIAN_POINT('',(16.833369493021,0.3));
#788 = CARTESIAN_POINT('',(16.756271203587,0.3));
#789 = CARTESIAN_POINT('',(16.679180457083,0.3));
#790 = CARTESIAN_POINT('',(16.602095190998,0.3));
#791 = CARTESIAN_POINT('',(16.525013351791,0.3));
#792 = CARTESIAN_POINT('',(16.298955709632,0.3));
#793 = CARTESIAN_POINT('',(16.149983861591,0.3));
#794 = CARTESIAN_POINT('',(16.001002447797,0.3));
#795 = CARTESIAN_POINT('',(15.851996957731,0.3));
#796 = CARTESIAN_POINT('',(15.702953273323,0.3));
#797 = CARTESIAN_POINT('',(15.553857668945,0.3));
#798 = CARTESIAN_POINT('',(15.404696811417,0.3));
#799 = CARTESIAN_POINT('',(15.12209630157,0.3));
#800 = CARTESIAN_POINT('',(14.988672631578,0.3));
#801 = CARTESIAN_POINT('',(14.855177510803,0.3));
#802 = CARTESIAN_POINT('',(14.721602205015,0.3));
#803 = CARTESIAN_POINT('',(14.587938484975,0.3));
#804 = CARTESIAN_POINT('',(14.454178626435,0.3));
#805 = CARTESIAN_POINT('',(14.320315410143,0.3));
#806 = CARTESIAN_POINT('',(14.119623136494,0.3));
#807 = CARTESIAN_POINT('',(14.052876884304,0.3));
#808 = CARTESIAN_POINT('',(13.986102549786,0.3));
#809 = CARTESIAN_POINT('',(13.91929936321,0.3));
#810 = CARTESIAN_POINT('',(13.852466600587,0.3));
#811 = CARTESIAN_POINT('',(13.785603583675,0.3));
#812 = CARTESIAN_POINT('',(13.718709679981,0.3));
#813 = CARTESIAN_POINT('',(13.620944384897,0.3));
#814 = CARTESIAN_POINT('',(13.590104471401,0.3));
#815 = CARTESIAN_POINT('',(13.559264596063,0.3));
#816 = CARTESIAN_POINT('',(13.528424768892,0.3));
#817 = CARTESIAN_POINT('',(13.497584976105,0.3));
#818 = CARTESIAN_POINT('',(13.466745180127,0.3));
#819 = CARTESIAN_POINT('',(13.435905319588,0.3));
#820 = CARTESIAN_POINT('',(13.369085456122,0.3));
#821 = CARTESIAN_POINT('',(13.333105602914,0.3));
#822 = CARTESIAN_POINT('',(13.297125749707,0.3));
#823 = CARTESIAN_POINT('',(13.261145896499,0.3));
#824 = CARTESIAN_POINT('',(13.225166043291,0.3));
#825 = CARTESIAN_POINT('',(13.189186190084,0.3));
#826 = CARTESIAN_POINT('',(13.153206336876,0.3));
#827 = CARTESIAN_POINT('',(12.931285082992,0.3));
#828 = CARTESIAN_POINT('',(12.745295374961,0.3));
#829 = CARTESIAN_POINT('',(12.559376048993,0.3));
#830 = CARTESIAN_POINT('',(12.37367509603,0.3));
#831 = CARTESIAN_POINT('',(12.188367801681,0.3));
#832 = CARTESIAN_POINT('',(12.003654186533,0.3));
#833 = CARTESIAN_POINT('',(11.819755893632,0.3));
#834 = CARTESIAN_POINT('',(11.543184533124,0.3));
#835 = CARTESIAN_POINT('',(11.449734209494,0.3));
#836 = CARTESIAN_POINT('',(11.356594750225,0.3));
#837 = CARTESIAN_POINT('',(11.263799938054,0.3));
#838 = CARTESIAN_POINT('',(11.171384002286,0.3));
#839 = CARTESIAN_POINT('',(11.079381480595,0.3));
#840 = CARTESIAN_POINT('',(10.987827080838,0.3));
#841 = CARTESIAN_POINT('',(10.803366301852,0.3));
#842 = CARTESIAN_POINT('',(10.71049760114,0.3));
#843 = CARTESIAN_POINT('',(10.617998720677,0.3));
#844 = CARTESIAN_POINT('',(10.525733680088,0.3));
#845 = CARTESIAN_POINT('',(10.433577707909,0.3));
#846 = CARTESIAN_POINT('',(10.341413285387,0.3));
#847 = CARTESIAN_POINT('',(10.249125764842,0.3));
#848 = CARTESIAN_POINT('',(10.036111924494,0.3));
#849 = CARTESIAN_POINT('',(9.915268059362,0.3));
#850 = CARTESIAN_POINT('',(9.793769416808,0.3));
#851 = CARTESIAN_POINT('',(9.671380118179,0.3));
#852 = CARTESIAN_POINT('',(9.547912771697,0.3));
#853 = CARTESIAN_POINT('',(9.423218989049,0.3));
#854 = CARTESIAN_POINT('',(9.297183603408,0.3));
#855 = CARTESIAN_POINT('',(9.089186395467,0.3));
#856 = CARTESIAN_POINT('',(9.008103348294,0.3));
#857 = CARTESIAN_POINT('',(8.926468383257,0.3));
#858 = CARTESIAN_POINT('',(8.844303803301,0.3));
#859 = CARTESIAN_POINT('',(8.761659469829,0.3));
#860 = CARTESIAN_POINT('',(8.678614469624,0.3));
#861 = CARTESIAN_POINT('',(8.595280257273,0.3));
#862 = CARTESIAN_POINT('',(8.47582522485,0.3));
#863 = CARTESIAN_POINT('',(8.439845453328,0.3));
#864 = CARTESIAN_POINT('',(8.403865749502,0.3));
#865 = CARTESIAN_POINT('',(8.367885983162,0.3));
#866 = CARTESIAN_POINT('',(8.331906102929,0.3));
#867 = CARTESIAN_POINT('',(8.295926136246,0.3));
#868 = CARTESIAN_POINT('',(8.259946189384,0.3));
#869 = CARTESIAN_POINT('',(8.107678072579,0.3));
#870 = CARTESIAN_POINT('',(7.992039133218,0.3));
#871 = CARTESIAN_POINT('',(7.877303938292,0.3));
#872 = CARTESIAN_POINT('',(7.763620600786,0.3));
#873 = CARTESIAN_POINT('',(7.651046064818,0.3));
#874 = CARTESIAN_POINT('',(7.539555325414,0.3));
#875 = CARTESIAN_POINT('',(7.42904484094,0.3));
#876 = CARTESIAN_POINT('',(7.188434220724,0.3));
#877 = CARTESIAN_POINT('',(7.058766173097,0.3));
#878 = CARTESIAN_POINT('',(6.930045618077,0.3));
#879 = CARTESIAN_POINT('',(6.802009676449,0.3));
#880 = CARTESIAN_POINT('',(6.674399807416,0.3));
#881 = CARTESIAN_POINT('',(6.5469488054,0.3));
#882 = CARTESIAN_POINT('',(6.419367953319,0.3));
#883 = CARTESIAN_POINT('',(6.230149484712,0.3));
#884 = CARTESIAN_POINT('',(6.168871689173,0.3));
#885 = CARTESIAN_POINT('',(6.107442575168,0.3));
#886 = CARTESIAN_POINT('',(6.04595170442,0.3));
#887 = CARTESIAN_POINT('',(5.984120704758,0.3));
#888 = CARTESIAN_POINT('',(5.922219504652,0.3));
#889 = CARTESIAN_POINT('',(5.860128319799,0.3));
#890 = CARTESIAN_POINT('',(5.605955504813,0.3));
#891 = CARTESIAN_POINT('',(5.412605008416,0.3));
#892 = CARTESIAN_POINT('',(5.218091339525,0.3));
#893 = CARTESIAN_POINT('',(5.022644827761,0.3));
#894 = CARTESIAN_POINT('',(4.826475332772,0.3));
#895 = CARTESIAN_POINT('',(4.629768387475,0.3));
#896 = CARTESIAN_POINT('',(4.432681800873,0.3));
#897 = CARTESIAN_POINT('',(4.086388230213,0.3));
#898 = CARTESIAN_POINT('',(3.937297208348,0.3));
#899 = CARTESIAN_POINT('',(3.788123772198,0.3));
#900 = CARTESIAN_POINT('',(3.638921664972,0.3));
#901 = CARTESIAN_POINT('',(3.489743885932,0.3));
#902 = CARTESIAN_POINT('',(3.340642320594,0.3));
#903 = CARTESIAN_POINT('',(3.191667370927,0.3));
#904 = CARTESIAN_POINT('',(3.00688782504,0.3));
#905 = CARTESIAN_POINT('',(2.970907955067,0.3));
#906 = CARTESIAN_POINT('',(2.934928044112,0.3));
#907 = CARTESIAN_POINT('',(2.898948139061,0.3));
#908 = CARTESIAN_POINT('',(2.862968265208,0.3));
#909 = CARTESIAN_POINT('',(2.826988426254,0.3));
#910 = CARTESIAN_POINT('',(2.79100860431,0.3));
#911 = CARTESIAN_POINT('',(2.641673319424,0.3));
#912 = CARTESIAN_POINT('',(2.52841275662,0.3));
#913 = CARTESIAN_POINT('',(2.415239266342,0.3));
#914 = CARTESIAN_POINT('',(2.302144868132,0.3));
#915 = CARTESIAN_POINT('',(2.189121406214,0.3));
#916 = CARTESIAN_POINT('',(2.076160549493,0.3));
#917 = CARTESIAN_POINT('',(1.963253791557,0.3));
#918 = CARTESIAN_POINT('',(1.752652661202,0.3));
#919 = CARTESIAN_POINT('',(1.654947026826,0.3));
#920 = CARTESIAN_POINT('',(1.557269932506,0.3));
#921 = CARTESIAN_POINT('',(1.459615757529,0.3));
#922 = CARTESIAN_POINT('',(1.361978875506,0.3));
#923 = CARTESIAN_POINT('',(1.264353654376,0.3));
#924 = CARTESIAN_POINT('',(1.166734456401,0.3));
#925 = CARTESIAN_POINT('',(0.935572026274,0.3));
#926 = CARTESIAN_POINT('',(0.802029385729,0.3));
#927 = CARTESIAN_POINT('',(0.668473096741,0.3));
#928 = CARTESIAN_POINT('',(0.534888917385,0.3));
#929 = CARTESIAN_POINT('',(0.401262953546,0.3));
#930 = CARTESIAN_POINT('',(0.267581628865,0.3));
#931 = CARTESIAN_POINT('',(0.133831654686,0.3));
#932 = CARTESIAN_POINT('',(0.,0.3));
#933 = ( GEOMETRIC_REPRESENTATION_CONTEXT(2) 
PARAMETRIC_REPRESENTATION_CONTEXT() REPRESENTATION_CONTEXT('2D SPACE',''
  ) );
#934 = ORIENTED_EDGE('',*,*,#935,.F.);
#935 = EDGE_CURVE('',#936,#454,#938,.T.);
#936 = VERTEX_POINT('',#937);
#937 = CARTESIAN_POINT('',(-9.122689546841,12.927361191462,4.));
#938 = SURFACE_CURVE('',#939,(#943,#950),.PCURVE_S1.);
#939 = LINE('',#940,#941);
#940 = CARTESIAN_POINT('',(-9.122689546841,-2.05,4.));
#941 = VECTOR('',#942,1.);
#942 = DIRECTION('',(-0.,1.,-0.));
#943 = PCURVE('',#292,#944);
#944 = DEFINITIONAL_REPRESENTATION('',(#945),#949);
#945 = LINE('',#946,#947);
#946 = CARTESIAN_POINT('',(17.931634725379,-3.195148834654));
#947 = VECTOR('',#948,1.);
#948 = DIRECTION('',(-0.104414136312,0.994533904972));
#949 = ( GEOMETRIC_REPRESENTATION_CONTEXT(2) 
PARAMETRIC_REPRESENTATION_CONTEXT() REPRESENTATION_CONTEXT('2D SPACE',''
  ) );
#950 = PCURVE('',#951,#956);
#951 = PLANE('',#952);
#952 = AXIS2_PLACEMENT_3D('',#953,#954,#955);
#953 = CARTESIAN_POINT('',(10.15965679738,-7.1,60.));
#954 = DIRECTION('',(0.945518575599,0.,-0.325568154457));
#955 = DIRECTION('',(0.,1.,0.));
#956 = DEFINITIONAL_REPRESENTATION('',(#957),#961);
#957 = LINE('',#958,#959);
#958 = CARTESIAN_POINT('',(5.05,-59.22675814645));
#959 = VECTOR('',#960,1.);
#960 = DIRECTION('',(1.,0.));
#961 = ( GEOMETRIC_REPRESENTATION_CONTEXT(2) 
PARAMETRIC_REPRESENTATION_CONTEXT() REPRESENTATION_CONTEXT('2D SPACE',''
  ) );
#962 = ORIENTED_EDGE('',*,*,#963,.T.);
#963 = EDGE_CURVE('',#936,#964,#966,.T.);
#964 = VERTEX_POINT('',#965);
#965 = CARTESIAN_POINT('',(15.826769785657,3.125,4.));
#966 = SURFACE_CURVE('',#967,(#1012,#1060),.PCURVE_S1.);
#967 = B_SPLINE_CURVE_WITH_KNOTS('',8,(#968,#969,#970,#971,#972,#973,
    #974,#975,#976,#977,#978,#979,#980,#981,#982,#983,#984,#985,#986,
    #987,#988,#989,#990,#991,#992,#993,#994,#995,#996,#997,#998,#999,
    #1000,#1001,#1002,#1003,#1004,#1005,#1006,#1007,#1008,#1009,#1010,
    #1011),.UNSPECIFIED.,.F.,.F.,(9,7,7,7,7,7,9),(0.,0.250023762153,
    0.306033707434,0.344040462631,0.715961570431,0.939989347806,1.),
  .UNSPECIFIED.);
#968 = CARTESIAN_POINT('',(-9.122689548251,12.92736118997,4.));
#969 = CARTESIAN_POINT('',(-8.383094075705,13.709618668072,4.));
#970 = CARTESIAN_POINT('',(-7.576732861534,14.429073933557,4.));
#971 = CARTESIAN_POINT('',(-6.710056993472,15.078809098719,4.));
#972 = CARTESIAN_POINT('',(-5.790175247442,15.653010111106,4.));
#973 = CARTESIAN_POINT('',(-4.824731844086,16.146779555272,4.));
#974 = CARTESIAN_POINT('',(-3.82185752354,16.556078885665,4.));
#975 = CARTESIAN_POINT('',(-2.790193938445,16.877800090641,4.));
#976 = CARTESIAN_POINT('',(-1.503502553671,17.161976420142,4.));
#977 = CARTESIAN_POINT('',(-1.267021588608,17.209494421445,4.));
#978 = CARTESIAN_POINT('',(-1.029648615785,17.252498679313,4.));
#979 = CARTESIAN_POINT('',(-0.791484191231,17.290969784929,4.));
#980 = CARTESIAN_POINT('',(-0.552629281235,17.324891032865,4.));
#981 = CARTESIAN_POINT('',(-0.313185262354,17.35424842108,4.));
#982 = CARTESIAN_POINT('',(-7.325392140736E-02,17.379030650924,4.));
#983 = CARTESIAN_POINT('',(0.330134460489,17.412935238374,4.));
#984 = CARTESIAN_POINT('',(0.493383793025,17.424530726012,4.));
#985 = CARTESIAN_POINT('',(0.65677864319,17.434012909517,4.));
#986 = CARTESIAN_POINT('',(0.820287089705,17.441379687553,4.));
#987 = CARTESIAN_POINT('',(0.98387718895,17.446629537987,4.));
#988 = CARTESIAN_POINT('',(1.147516974963,17.449761517882,4.));
#989 = CARTESIAN_POINT('',(1.311174459445,17.4507752635,4.));
#990 = CARTESIAN_POINT('',(3.076173748959,17.438864950432,4.));
#991 = CARTESIAN_POINT('',(4.677846588974,17.225227296062,4.));
#992 = CARTESIAN_POINT('',(6.247179636393,16.808238091358,4.));
#993 = CARTESIAN_POINT('',(7.754460100074,16.194530646779,4.));
#994 = CARTESIAN_POINT('',(9.171793814387,15.394720449333,4.));
#995 = CARTESIAN_POINT('',(10.473532579233,14.424069954997,4.));
#996 = CARTESIAN_POINT('',(11.636018742914,13.30174074546,4.));
#997 = CARTESIAN_POINT('',(13.243743203845,11.30185119578,4.));
#998 = CARTESIAN_POINT('',(13.790845179148,10.50384299303,4.));
#999 = CARTESIAN_POINT('',(14.276418840243,9.664862666088,4.));
#1000 = CARTESIAN_POINT('',(14.696937895599,8.790485343772,4.));
#1001 = CARTESIAN_POINT('',(15.049503447979,7.886566372348,4.));
#1002 = CARTESIAN_POINT('',(15.331811014909,6.959219509758,4.));
#1003 = CARTESIAN_POINT('',(15.542188975343,6.01482617144,4.));
#1004 = CARTESIAN_POINT('',(15.716545985644,4.804325313741,4.));
#1005 = CARTESIAN_POINT('',(15.748156991066,4.547821889527,4.));
#1006 = CARTESIAN_POINT('',(15.77452347876,4.290690345159,4.));
#1007 = CARTESIAN_POINT('',(15.795631063034,4.033055828227,4.));
#1008 = CARTESIAN_POINT('',(15.811468952512,3.775043743844,4.));
#1009 = CARTESIAN_POINT('',(15.822029950135,3.516779754649,4.));
#1010 = CARTESIAN_POINT('',(15.827310453159,3.258389780806,4.));
#1011 = CARTESIAN_POINT('',(15.827310453159,2.999999999999,4.));
#1012 = PCURVE('',#292,#1013);
#1013 = DEFINITIONAL_REPRESENTATION('',(#1014),#1059);
#1014 = B_SPLINE_CURVE_WITH_KNOTS('',8,(#1015,#1016,#1017,#1018,#1019,
    #1020,#1021,#1022,#1023,#1024,#1025,#1026,#1027,#1028,#1029,#1030,
    #1031,#1032,#1033,#1034,#1035,#1036,#1037,#1038,#1039,#1040,#1041,
    #1042,#1043,#1044,#1045,#1046,#1047,#1048,#1049,#1050,#1051,#1052,
    #1053,#1054,#1055,#1056,#1057,#1058),.UNSPECIFIED.,.F.,.F.,(9,7,7,7,
    7,7,9),(0.,0.250023762153,0.306033707434,0.344040462631,
    0.715961570431,0.939989347806,1.),.UNSPECIFIED.);
#1015 = CARTESIAN_POINT('',(16.367786491099,11.700344675632));
#1016 = CARTESIAN_POINT('',(17.02166052556,12.555550482508));
#1017 = CARTESIAN_POINT('',(17.748492792546,13.355268646876));
#1018 = CARTESIAN_POINT('',(18.542589791854,14.091945510108));
#1019 = CARTESIAN_POINT('',(19.397488674068,14.759056543216));
#1020 = CARTESIAN_POINT('',(20.306098361986,15.350932935798));
#1021 = CARTESIAN_POINT('',(21.260754240119,15.862709253165));
#1022 = CARTESIAN_POINT('',(22.25318641227,16.290392161663));
#1023 = CARTESIAN_POINT('',(23.503172593658,16.707363925983));
#1024 = CARTESIAN_POINT('',(23.733399380228,16.779314145097));
#1025 = CARTESIAN_POINT('',(23.964984597381,16.846868431546));
#1026 = CARTESIAN_POINT('',(24.197830265293,16.909996983133));
#1027 = CARTESIAN_POINT('',(24.431837713847,16.968672643435));
#1028 = CARTESIAN_POINT('',(24.666907582632,17.022870901803));
#1029 = CARTESIAN_POINT('',(24.902939820944,17.072569893362));
#1030 = CARTESIAN_POINT('',(25.300583125395,17.148408604609));
#1031 = CARTESIAN_POINT('',(25.46172938874,17.176986248271));
#1032 = CARTESIAN_POINT('',(25.623241033126,17.203477333416));
#1033 = CARTESIAN_POINT('',(25.785086531168,17.227876437167));
#1034 = CARTESIAN_POINT('',(25.947234272786,17.250178710341));
#1035 = CARTESIAN_POINT('',(26.109652565203,17.270379877459));
#1036 = CARTESIAN_POINT('',(26.272309632949,17.28847623674));
#1037 = CARTESIAN_POINT('',(28.028904873674,17.46092190298));
#1038 = CARTESIAN_POINT('',(29.644129608906,17.415689298574));
#1039 = CARTESIAN_POINT('',(31.248424100417,17.164839951221));
#1040 = CARTESIAN_POINT('',(32.811545358623,16.711868477649));
#1041 = CARTESIAN_POINT('',(34.304643283146,16.064419794392));
#1042 = CARTESIAN_POINT('',(35.700616253229,15.234994896731));
#1043 = CARTESIAN_POINT('',(36.97393519214,14.240180434062));
#1044 = CARTESIAN_POINT('',(38.781688418437,12.419091631722));
#1045 = CARTESIAN_POINT('',(39.409123219613,11.682570597867));
#1046 = CARTESIAN_POINT('',(39.979644095153,10.898876971557));
#1047 = CARTESIAN_POINT('',(40.489161906312,10.073187212744));
#1048 = CARTESIAN_POINT('',(40.934182220575,9.21102197596));
#1049 = CARTESIAN_POINT('',(41.311774789236,8.318220980221));
#1050 = CARTESIAN_POINT('',(41.619610818505,7.400956218672));
#1051 = CARTESIAN_POINT('',(41.91940817838,6.215277410333));
#1052 = CARTESIAN_POINT('',(41.977628978543,5.96347669404));
#1053 = CARTESIAN_POINT('',(42.030699512634,5.710503689169));
#1054 = CARTESIAN_POINT('',(42.078592406416,5.45648135717));
#1055 = CARTESIAN_POINT('',(42.121283833434,5.20153329091));
#1056 = CARTESIAN_POINT('',(42.158753515012,4.945783714668));
#1057 = CARTESIAN_POINT('',(42.190984720255,4.689357484138));
#1058 = CARTESIAN_POINT('',(42.21796426605,4.432380086428));
#1059 = ( GEOMETRIC_REPRESENTATION_CONTEXT(2) 
PARAMETRIC_REPRESENTATION_CONTEXT() REPRESENTATION_CONTEXT('2D SPACE',''
  ) );
#1060 = PCURVE('',#1061,#1092);
#1061 = B_SPLINE_SURFACE_WITH_KNOTS('',14,1,(
    (#1062,#1063)
    ,(#1064,#1065)
    ,(#1066,#1067)
    ,(#1068,#1069)
    ,(#1070,#1071)
    ,(#1072,#1073)
    ,(#1074,#1075)
    ,(#1076,#1077)
    ,(#1078,#1079)
    ,(#1080,#1081)
    ,(#1082,#1083)
    ,(#1084,#1085)
    ,(#1086,#1087)
    ,(#1088,#1089)
    ,(#1090,#1091
    )),.UNSPECIFIED.,.T.,.F.,.F.,(1,14,14,1),(2,2),(-6.28318530718,0.,
    6.28318530718,12.566370614359),(0.,1.),.UNSPECIFIED.);
#1062 = CARTESIAN_POINT('',(7.563447734207,3.,-20.));
#1063 = CARTESIAN_POINT('',(35.10965679738,3.,60.));
#1064 = CARTESIAN_POINT('',(7.563447734209,9.485144834915,-20.));
#1065 = CARTESIAN_POINT('',(35.109656797384,9.485144834915,
    60.000000000007));
#1066 = CARTESIAN_POINT('',(4.429035214867,15.970292063633,-20.));
#1067 = CARTESIAN_POINT('',(31.975244278034,15.970292063633,
    59.999999999972));
#1068 = CARTESIAN_POINT('',(-1.839793830822,20.81423955799,
    -19.99999999998));
#1069 = CARTESIAN_POINT('',(25.706415232359,20.81423955799,
    60.000000000059));
#1070 = CARTESIAN_POINT('',(-10.30557564877,22.375970259668,
    -20.00000000004));
#1071 = CARTESIAN_POINT('',(17.240633414397,22.375970259668,
    59.999999999926));
#1072 = CARTESIAN_POINT('',(-19.0935605586,19.602715641629,
    -19.99999999991));
#1073 = CARTESIAN_POINT('',(8.452648504537,19.602715641629,
    60.00000000004));
#1074 = CARTESIAN_POINT('',(-25.80220485479,12.622041794024,
    -20.00000000014));
#1075 = CARTESIAN_POINT('',(1.744004208472,12.622041794024,
    60.000000000049));
#1076 = CARTESIAN_POINT('',(-28.32787556535,3.000000000246,
    -19.99999999983));
#1077 = CARTESIAN_POINT('',(-0.781666502322,3.000000000246,
    59.999999999848));
#1078 = CARTESIAN_POINT('',(-25.80220485479,-6.622041794475,
    -20.00000000016));
#1079 = CARTESIAN_POINT('',(1.744004208529,-6.622041794475,
    60.000000000211));
#1080 = CARTESIAN_POINT('',(-19.09356055858,-13.60271564128,
    -19.99999999987));
#1081 = CARTESIAN_POINT('',(8.452648504453,-13.60271564128,59.9999999998
    ));
#1082 = CARTESIAN_POINT('',(-10.30557564879,-16.37597025988,
    -20.00000000007));
#1083 = CARTESIAN_POINT('',(17.240633414471,-16.37597025988,
    60.000000000142));
#1084 = CARTESIAN_POINT('',(-1.839793830813,-14.81423955788,
    -19.99999999996));
#1085 = CARTESIAN_POINT('',(25.706415232313,-14.81423955788,
    59.999999999925));
#1086 = CARTESIAN_POINT('',(4.429035214862,-9.970292063671,
    -20.00000000001));
#1087 = CARTESIAN_POINT('',(31.975244278053,-9.970292063671,
    60.000000000028));
#1088 = CARTESIAN_POINT('',(7.56344773421,-3.485144834907,
    -19.99999999999));
#1089 = CARTESIAN_POINT('',(35.109656797379,-3.485144834907,
    59.999999999994));
#1090 = CARTESIAN_POINT('',(7.563447734207,3.,-20.));
#1091 = CARTESIAN_POINT('',(35.10965679738,3.,60.));
#1092 = DEFINITIONAL_REPRESENTATION('',(#1093),#1138);
#1093 = B_SPLINE_CURVE_WITH_KNOTS('',8,(#1094,#1095,#1096,#1097,#1098,
    #1099,#1100,#1101,#1102,#1103,#1104,#1105,#1106,#1107,#1108,#1109,
    #1110,#1111,#1112,#1113,#1114,#1115,#1116,#1117,#1118,#1119,#1120,
    #1121,#1122,#1123,#1124,#1125,#1126,#1127,#1128,#1129,#1130,#1131,
    #1132,#1133,#1134,#1135,#1136,#1137),.UNSPECIFIED.,.F.,.F.,(9,7,7,7,
    7,7,9),(0.,0.250023762153,0.306033707434,0.344040462631,
    0.715961570431,0.939989347806,1.),.UNSPECIFIED.);
#1094 = CARTESIAN_POINT('',(8.667405389308,0.3));
#1095 = CARTESIAN_POINT('',(8.592904677728,0.3));
#1096 = CARTESIAN_POINT('',(8.518388094753,0.3));
#1097 = CARTESIAN_POINT('',(8.443878574895,0.3));
#1098 = CARTESIAN_POINT('',(8.369377879756,0.3));
#1099 = CARTESIAN_POINT('',(8.294877184497,0.3));
#1100 = CARTESIAN_POINT('',(8.220367664309,0.3));
#1101 = CARTESIAN_POINT('',(8.145851080868,0.3));
#1102 = CARTESIAN_POINT('',(8.054660831862,0.3));
#1103 = CARTESIAN_POINT('',(8.037971291806,0.3));
#1104 = CARTESIAN_POINT('',(8.021281749654,0.3));
#1105 = CARTESIAN_POINT('',(8.004592206457,0.3));
#1106 = CARTESIAN_POINT('',(7.987902663262,0.3));
#1107 = CARTESIAN_POINT('',(7.971213121118,0.3));
#1108 = CARTESIAN_POINT('',(7.954523581074,0.3));
#1109 = CARTESIAN_POINT('',(7.926508999312,0.3));
#1110 = CARTESIAN_POINT('',(7.915183953995,0.3));
#1111 = CARTESIAN_POINT('',(7.903858908378,0.3));
#1112 = CARTESIAN_POINT('',(7.892533862611,0.3));
#1113 = CARTESIAN_POINT('',(7.881208816844,0.3));
#1114 = CARTESIAN_POINT('',(7.869883771229,0.3));
#1115 = CARTESIAN_POINT('',(7.858558725916,0.3));
#1116 = CARTESIAN_POINT('',(7.73641066529,0.3));
#1117 = CARTESIAN_POINT('',(7.625471244597,0.3));
#1118 = CARTESIAN_POINT('',(7.514599181336,0.3));
#1119 = CARTESIAN_POINT('',(7.403768744032,0.3));
#1120 = CARTESIAN_POINT('',(7.292938307192,0.3));
#1121 = CARTESIAN_POINT('',(7.182066245281,0.3));
#1122 = CARTESIAN_POINT('',(7.071126825841,0.3));
#1123 = CARTESIAN_POINT('',(6.893549240013,0.3));
#1124 = CARTESIAN_POINT('',(6.82678542825,0.3));
#1125 = CARTESIAN_POINT('',(6.760025727335,0.3));
#1126 = CARTESIAN_POINT('',(6.693271162765,0.3));
#1127 = CARTESIAN_POINT('',(6.626516597446,0.3));
#1128 = CARTESIAN_POINT('',(6.559756895024,0.3));
#1129 = CARTESIAN_POINT('',(6.492993082495,0.3));
#1130 = CARTESIAN_POINT('',(6.408356866568,0.3));
#1131 = CARTESIAN_POINT('',(6.390475216665,0.3));
#1132 = CARTESIAN_POINT('',(6.372593563888,0.3));
#1133 = CARTESIAN_POINT('',(6.354711909701,0.3));
#1134 = CARTESIAN_POINT('',(6.33683025554,0.3));
#1135 = CARTESIAN_POINT('',(6.318948602816,0.3));
#1136 = CARTESIAN_POINT('',(6.30106695291,0.3));
#1137 = CARTESIAN_POINT('',(6.28318530718,0.3));
#1138 = ( GEOMETRIC_REPRESENTATION_CONTEXT(2) 
PARAMETRIC_REPRESENTATION_CONTEXT() REPRESENTATION_CONTEXT('2D SPACE',''
  ) );
#1139 = ORIENTED_EDGE('',*,*,#1140,.F.);
#1140 = EDGE_CURVE('',#219,#964,#1141,.T.);
#1141 = SURFACE_CURVE('',#1142,(#1146,#1153),.PCURVE_S1.);
#1142 = LINE('',#1143,#1144);
#1143 = CARTESIAN_POINT('',(-63.31134477342,3.125,4.));
#1144 = VECTOR('',#1145,1.);
#1145 = DIRECTION('',(-1.,0.,-0.));
#1146 = PCURVE('',#292,#1147);
#1147 = DEFINITIONAL_REPRESENTATION('',(#1148),#1152);
#1148 = LINE('',#1149,#1150);
#1149 = CARTESIAN_POINT('',(-36.50116331769,-3.706497509797));
#1150 = VECTOR('',#1151,1.);
#1151 = DIRECTION('',(-0.994533904972,-0.104414136312));
#1152 = ( GEOMETRIC_REPRESENTATION_CONTEXT(2) 
PARAMETRIC_REPRESENTATION_CONTEXT() REPRESENTATION_CONTEXT('2D SPACE',''
  ) );
#1153 = PCURVE('',#238,#1154);
#1154 = DEFINITIONAL_REPRESENTATION('',(#1155),#1159);
#1155 = LINE('',#1156,#1157);
#1156 = CARTESIAN_POINT('',(104.,36.688655226579));
#1157 = VECTOR('',#1158,1.);
#1158 = DIRECTION('',(0.,-1.));
#1159 = ( GEOMETRIC_REPRESENTATION_CONTEXT(2) 
PARAMETRIC_REPRESENTATION_CONTEXT() REPRESENTATION_CONTEXT('2D SPACE',''
  ) );
#1160 = FACE_BOUND('',#1161,.T.);
#1161 = EDGE_LOOP('',(#1162));
#1162 = ORIENTED_EDGE('',*,*,#1163,.T.);
#1163 = EDGE_CURVE('',#1164,#1164,#1166,.T.);
#1164 = VERTEX_POINT('',#1165);
#1165 = CARTESIAN_POINT('',(-7.622689546841,17.375,4.));
#1166 = SURFACE_CURVE('',#1167,(#1172,#1183),.PCURVE_S1.);
#1167 = CIRCLE('',#1168,1.5);
#1168 = AXIS2_PLACEMENT_3D('',#1169,#1170,#1171);
#1169 = CARTESIAN_POINT('',(-9.122689546841,17.375,4.));
#1170 = DIRECTION('',(0.,0.,-1.));
#1171 = DIRECTION('',(1.,0.,0.));
#1172 = PCURVE('',#292,#1173);
#1173 = DEFINITIONAL_REPRESENTATION('',(#1174),#1182);
#1174 = ( BOUNDED_CURVE() B_SPLINE_CURVE(2,(#1175,#1176,#1177,#1178,
#1179,#1180,#1181),.UNSPECIFIED.,.T.,.F.) B_SPLINE_CURVE_WITH_KNOTS((1,2
    ,2,2,2,1),(-2.094395102393,0.,2.094395102393,4.188790204786,
6.28318530718,8.377580409573),.UNSPECIFIED.) CURVE() 
GEOMETRIC_REPRESENTATION_ITEM() RATIONAL_B_SPLINE_CURVE((1.,0.5,1.,0.5,
1.,0.5,1.)) REPRESENTATION_ITEM('') );
#1175 = CARTESIAN_POINT('',(17.395190984983,16.280293473889));
#1176 = CARTESIAN_POINT('',(17.666466868663,13.696418593998));
#1177 = CARTESIAN_POINT('',(15.293127640637,14.753424227243));
#1178 = CARTESIAN_POINT('',(12.91978841261,15.810429860487));
#1179 = CARTESIAN_POINT('',(15.021851756957,17.337299107134));
#1180 = CARTESIAN_POINT('',(17.123915101303,18.864168353781));
#1181 = CARTESIAN_POINT('',(17.395190984983,16.280293473889));
#1182 = ( GEOMETRIC_REPRESENTATION_CONTEXT(2) 
PARAMETRIC_REPRESENTATION_CONTEXT() REPRESENTATION_CONTEXT('2D SPACE',''
  ) );
#1183 = PCURVE('',#1184,#1189);
#1184 = CYLINDRICAL_SURFACE('',#1185,1.5);
#1185 = AXIS2_PLACEMENT_3D('',#1186,#1187,#1188);
#1186 = CARTESIAN_POINT('',(-9.122689546841,17.375,3.4));
#1187 = DIRECTION('',(-0.,-0.,-1.));
#1188 = DIRECTION('',(1.,0.,0.));
#1189 = DEFINITIONAL_REPRESENTATION('',(#1190),#1194);
#1190 = LINE('',#1191,#1192);
#1191 = CARTESIAN_POINT('',(-6.28318530718,-0.6));
#1192 = VECTOR('',#1193,1.);
#1193 = DIRECTION('',(1.,-0.));
#1194 = ( GEOMETRIC_REPRESENTATION_CONTEXT(2) 
PARAMETRIC_REPRESENTATION_CONTEXT() REPRESENTATION_CONTEXT('2D SPACE',''
  ) );
#1195 = ADVANCED_FACE('',(#1196),#238,.F.);
#1196 = FACE_BOUND('',#1197,.F.);
#1197 = EDGE_LOOP('',(#1198,#1199,#1222,#1255));
#1198 = ORIENTED_EDGE('',*,*,#218,.F.);
#1199 = ORIENTED_EDGE('',*,*,#1200,.T.);
#1200 = EDGE_CURVE('',#139,#1201,#1203,.T.);
#1201 = VERTEX_POINT('',#1202);
#1202 = CARTESIAN_POINT('',(14.449459332498,3.125,0.));
#1203 = SURFACE_CURVE('',#1204,(#1208,#1215),.PCURVE_S1.);
#1204 = LINE('',#1205,#1206);
#1205 = CARTESIAN_POINT('',(-64.,3.125,0.));
#1206 = VECTOR('',#1207,1.);
#1207 = DIRECTION('',(-1.,0.,-0.));
#1208 = PCURVE('',#238,#1209);
#1209 = DEFINITIONAL_REPRESENTATION('',(#1210),#1214);
#1210 = LINE('',#1211,#1212);
#1211 = CARTESIAN_POINT('',(100.,36.));
#1212 = VECTOR('',#1213,1.);
#1213 = DIRECTION('',(0.,-1.));
#1214 = ( GEOMETRIC_REPRESENTATION_CONTEXT(2) 
PARAMETRIC_REPRESENTATION_CONTEXT() REPRESENTATION_CONTEXT('2D SPACE',''
  ) );
#1215 = PCURVE('',#180,#1216);
#1216 = DEFINITIONAL_REPRESENTATION('',(#1217),#1221);
#1217 = LINE('',#1218,#1219);
#1218 = CARTESIAN_POINT('',(-35.81627234602,-3.634592169097));
#1219 = VECTOR('',#1220,1.);
#1220 = DIRECTION('',(-0.994533904972,-0.104414136312));
#1221 = ( GEOMETRIC_REPRESENTATION_CONTEXT(2) 
PARAMETRIC_REPRESENTATION_CONTEXT() REPRESENTATION_CONTEXT('2D SPACE',''
  ) );
#1222 = ORIENTED_EDGE('',*,*,#1223,.T.);
#1223 = EDGE_CURVE('',#1201,#964,#1224,.T.);
#1224 = SURFACE_CURVE('',#1225,(#1233,#1244),.PCURVE_S1.);
#1225 = B_SPLINE_CURVE_WITH_KNOTS('',3,(#1226,#1227,#1228,#1229,#1230,
    #1231,#1232),.UNSPECIFIED.,.F.,.F.,(4,1,1,1,4),(0.,0.3,0.58,0.86,1.)
  ,.UNSPECIFIED.);
#1226 = CARTESIAN_POINT('',(14.449459332498,3.125,0.));
#1227 = CARTESIAN_POINT('',(14.587190377814,3.125,0.4));
#1228 = CARTESIAN_POINT('',(14.853470398758,3.125,1.173333333333));
#1229 = CARTESIAN_POINT('',(15.24829939533,3.125,2.32));
#1230 = CARTESIAN_POINT('',(15.569671834401,3.125,3.253333333333));
#1231 = CARTESIAN_POINT('',(15.762495297843,3.125,3.813333333333));
#1232 = CARTESIAN_POINT('',(15.826769785657,3.125,4.));
#1233 = PCURVE('',#238,#1234);
#1234 = DEFINITIONAL_REPRESENTATION('',(#1235),#1243);
#1235 = B_SPLINE_CURVE_WITH_KNOTS('',3,(#1236,#1237,#1238,#1239,#1240,
    #1241,#1242),.UNSPECIFIED.,.F.,.F.,(4,1,1,1,4),(0.,0.3,0.58,0.86,1.)
  ,.UNSPECIFIED.);
#1236 = CARTESIAN_POINT('',(100.,114.44945933249));
#1237 = CARTESIAN_POINT('',(100.4,114.58719037781));
#1238 = CARTESIAN_POINT('',(101.17333333333,114.85347039875));
#1239 = CARTESIAN_POINT('',(102.32,115.24829939533));
#1240 = CARTESIAN_POINT('',(103.25333333333,115.5696718344));
#1241 = CARTESIAN_POINT('',(103.81333333333,115.76249529784));
#1242 = CARTESIAN_POINT('',(104.,115.82676978565));
#1243 = ( GEOMETRIC_REPRESENTATION_CONTEXT(2) 
PARAMETRIC_REPRESENTATION_CONTEXT() REPRESENTATION_CONTEXT('2D SPACE',''
  ) );
#1244 = PCURVE('',#1061,#1245);
#1245 = DEFINITIONAL_REPRESENTATION('',(#1246),#1254);
#1246 = B_SPLINE_CURVE_WITH_KNOTS('',3,(#1247,#1248,#1249,#1250,#1251,
    #1252,#1253),.UNSPECIFIED.,.F.,.F.,(4,1,1,1,4),(0.,0.3,0.58,0.86,1.)
  ,.UNSPECIFIED.);
#1247 = CARTESIAN_POINT('',(6.291835934076,0.25));
#1248 = CARTESIAN_POINT('',(6.291835934076,0.255));
#1249 = CARTESIAN_POINT('',(6.291835934076,0.264666666667));
#1250 = CARTESIAN_POINT('',(6.291835934076,0.279));
#1251 = CARTESIAN_POINT('',(6.291835934076,0.290666666667));
#1252 = CARTESIAN_POINT('',(6.291835934076,0.297666666667));
#1253 = CARTESIAN_POINT('',(6.291835934076,0.3));
#1254 = ( GEOMETRIC_REPRESENTATION_CONTEXT(2) 
PARAMETRIC_REPRESENTATION_CONTEXT() REPRESENTATION_CONTEXT('2D SPACE',''
  ) );
#1255 = ORIENTED_EDGE('',*,*,#1140,.F.);
#1256 = ADVANCED_FACE('',(#1257,#1911),#180,.F.);
#1257 = FACE_BOUND('',#1258,.F.);
#1258 = EDGE_LOOP('',(#1259,#1260,#1261,#1743,#1766,#1910));
#1259 = ORIENTED_EDGE('',*,*,#138,.F.);
#1260 = ORIENTED_EDGE('',*,*,#405,.F.);
#1261 = ORIENTED_EDGE('',*,*,#1262,.T.);
#1262 = EDGE_CURVE('',#334,#1263,#1265,.T.);
#1263 = VERTEX_POINT('',#1264);
#1264 = CARTESIAN_POINT('',(-10.5,13.1,0.));
#1265 = SURFACE_CURVE('',#1266,(#1423,#1583),.PCURVE_S1.);
#1266 = B_SPLINE_CURVE_WITH_KNOTS('',8,(#1267,#1268,#1269,#1270,#1271,
    #1272,#1273,#1274,#1275,#1276,#1277,#1278,#1279,#1280,#1281,#1282,
    #1283,#1284,#1285,#1286,#1287,#1288,#1289,#1290,#1291,#1292,#1293,
    #1294,#1295,#1296,#1297,#1298,#1299,#1300,#1301,#1302,#1303,#1304,
    #1305,#1306,#1307,#1308,#1309,#1310,#1311,#1312,#1313,#1314,#1315,
    #1316,#1317,#1318,#1319,#1320,#1321,#1322,#1323,#1324,#1325,#1326,
    #1327,#1328,#1329,#1330,#1331,#1332,#1333,#1334,#1335,#1336,#1337,
    #1338,#1339,#1340,#1341,#1342,#1343,#1344,#1345,#1346,#1347,#1348,
    #1349,#1350,#1351,#1352,#1353,#1354,#1355,#1356,#1357,#1358,#1359,
    #1360,#1361,#1362,#1363,#1364,#1365,#1366,#1367,#1368,#1369,#1370,
    #1371,#1372,#1373,#1374,#1375,#1376,#1377,#1378,#1379,#1380,#1381,
    #1382,#1383,#1384,#1385,#1386,#1387,#1388,#1389,#1390,#1391,#1392,
    #1393,#1394,#1395,#1396,#1397,#1398,#1399,#1400,#1401,#1402,#1403,
    #1404,#1405,#1406,#1407,#1408,#1409,#1410,#1411,#1412,#1413,#1414,
    #1415,#1416,#1417,#1418,#1419,#1420,#1421,#1422),.UNSPECIFIED.,.F.,
  .F.,(9,7,7,7,7,7,7,7,7,7,7,7,7,7,7,7,7,7,7,7,7,7,9),(0.,0.192520487224
    ,0.221682525562,0.278045429491,0.328411865075,0.353494458179,
    0.365052780941,0.378537431328,0.448225174803,0.483948056667,
    0.520580059353,0.568281348735,0.598421390247,0.611412589451,
    0.65340081286,0.703495165679,0.72743431008,0.80126933698,
    0.857001119897,0.870477054672,0.912933339489,0.949701184947,1.),
  .UNSPECIFIED.);
#1267 = CARTESIAN_POINT('',(-21.20000427921,2.412589224562,0.));
#1268 = CARTESIAN_POINT('',(-21.19999760274,2.922447441803,0.));
#1269 = CARTESIAN_POINT('',(-21.19999427981,3.432204493322,0.));
#1270 = CARTESIAN_POINT('',(-21.20000814434,3.941976693007,0.));
#1271 = CARTESIAN_POINT('',(-21.20002156183,4.451882905048,0.));
#1272 = CARTESIAN_POINT('',(-21.20003044979,4.962039731016,0.));
#1273 = CARTESIAN_POINT('',(-21.20003574459,5.472562435436,0.));
#1274 = CARTESIAN_POINT('',(-21.20002655578,5.983566310142,0.));
#1275 = CARTESIAN_POINT('',(-21.19999626463,6.572657306647,0.));
#1276 = CARTESIAN_POINT('',(-21.19999231159,6.650165142141,0.));
#1277 = CARTESIAN_POINT('',(-21.19997868999,6.727684617146,0.));
#1278 = CARTESIAN_POINT('',(-21.19994570005,6.805213659703,0.));
#1279 = CARTESIAN_POINT('',(-21.19988364249,6.882750192918,0.));
#1280 = CARTESIAN_POINT('',(-21.19978281851,6.960292134961,0.));
#1281 = CARTESIAN_POINT('',(-21.19963352984,7.037837399068,0.));
#1282 = CARTESIAN_POINT('',(-21.19902512761,7.265261812476,0.));
#1283 = CARTESIAN_POINT('',(-21.19840677559,7.415144094273,0.));
#1284 = CARTESIAN_POINT('',(-21.19750123556,7.565015885287,0.));
#1285 = CARTESIAN_POINT('',(-21.19623835269,7.714861832151,0.));
#1286 = CARTESIAN_POINT('',(-21.19454760438,7.864666081775,0.));
#1287 = CARTESIAN_POINT('',(-21.19235810024,8.014412281347,0.));
#1288 = CARTESIAN_POINT('',(-21.18959858211,8.164083578332,0.));
#1289 = CARTESIAN_POINT('',(-21.18315811636,8.447327897907,0.));
#1290 = CARTESIAN_POINT('',(-21.1796062942,8.580919209735,0.));
#1291 = CARTESIAN_POINT('',(-21.17549076393,8.714424144863,0.));
#1292 = CARTESIAN_POINT('',(-21.17075984986,8.847829601642,0.));
#1293 = CARTESIAN_POINT('',(-21.16536139431,8.981121787865,0.));
#1294 = CARTESIAN_POINT('',(-21.1592427576,9.11428622077,0.));
#1295 = CARTESIAN_POINT('',(-21.15235081802,9.247307727037,0.));
#1296 = CARTESIAN_POINT('',(-21.14078796991,9.446336360616,0.));
#1297 = CARTESIAN_POINT('',(-21.13673888161,9.512462860825,0.));
#1298 = CARTESIAN_POINT('',(-21.13247807832,9.578547966153,0.));
#1299 = CARTESIAN_POINT('',(-21.12799889781,9.644589639652,0.));
#1300 = CARTESIAN_POINT('',(-21.12329464424,9.710585784694,0.));
#1301 = CARTESIAN_POINT('',(-21.11835858817,9.776534244966,0.));
#1302 = CARTESIAN_POINT('',(-21.11318396657,9.842432804476,0.));
#1303 = CARTESIAN_POINT('',(-21.10526639731,9.938621893546,0.));
#1304 = CARTESIAN_POINT('',(-21.10271733696,9.968946908154,0.));
#1305 = CARTESIAN_POINT('',(-21.10011653037,9.999253803814,0.));
#1306 = CARTESIAN_POINT('',(-21.09746297303,10.029542447962,0.));
#1307 = CARTESIAN_POINT('',(-21.09475492734,10.059813003033,0.));
#1308 = CARTESIAN_POINT('',(-21.09198992264,10.090065926461,0.));
#1309 = CARTESIAN_POINT('',(-21.08916475513,10.120301970675,0.));
#1310 = CARTESIAN_POINT('',(-21.08290469117,10.185778942034,0.));
#1311 = CARTESIAN_POINT('',(-21.07944757039,10.221013616589,0.));
#1312 = CARTESIAN_POINT('',(-21.07589967741,10.25622707194,0.));
#1313 = CARTESIAN_POINT('',(-21.072256564,10.291420173256,0.));
#1314 = CARTESIAN_POINT('',(-21.06851378194,10.326593785706,0.));
#1315 = CARTESIAN_POINT('',(-21.06466688299,10.361748774461,0.));
#1316 = CARTESIAN_POINT('',(-21.06071141894,10.39688600469,0.));
#1317 = CARTESIAN_POINT('',(-21.03561733089,10.613505821079,0.));
#1318 = CARTESIAN_POINT('',(-21.01156787928,10.794601285302,0.));
#1319 = CARTESIAN_POINT('',(-20.98389164069,10.975295833932,0.));
#1320 = CARTESIAN_POINT('',(-20.95199755378,11.155565965858,0.));
#1321 = CARTESIAN_POINT('',(-20.91532026903,11.335362325214,0.));
#1322 = CARTESIAN_POINT('',(-20.87333627661,11.514610226515,0.));
#1323 = CARTESIAN_POINT('',(-20.82558233483,11.693209958875,0.));
#1324 = CARTESIAN_POINT('',(-20.74404318367,11.96219335389,0.));
#1325 = CARTESIAN_POINT('',(-20.71479367044,12.05314631482,0.));
#1326 = CARTESIAN_POINT('',(-20.68387637186,12.143878073901,0.));
#1327 = CARTESIAN_POINT('',(-20.65124551065,12.234369867334,0.));
#1328 = CARTESIAN_POINT('',(-20.61686129594,12.324601876244,0.));
#1329 = CARTESIAN_POINT('',(-20.58069039913,12.414553257192,0.));
#1330 = CARTESIAN_POINT('',(-20.54270642974,12.504202172699,0.));
#1331 = CARTESIAN_POINT('',(-20.46206110473,12.685122691384,0.));
#1332 = CARTESIAN_POINT('',(-20.41930542928,12.776381828577,0.));
#1333 = CARTESIAN_POINT('',(-20.3746338867,12.867115940854,0.));
#1334 = CARTESIAN_POINT('',(-20.32804334075,12.957135648038,0.));
#1335 = CARTESIAN_POINT('',(-20.27951873878,13.046246691688,0.));
#1336 = CARTESIAN_POINT('',(-20.22903375183,13.134246161127,0.));
#1337 = CARTESIAN_POINT('',(-20.1765503331,13.220917736069,0.));
#1338 = CARTESIAN_POINT('',(-20.05100548864,13.416851755131,0.));
#1339 = CARTESIAN_POINT('',(-19.97654709059,13.524981651127,0.));
#1340 = CARTESIAN_POINT('',(-19.89850854912,13.629938756025,0.));
#1341 = CARTESIAN_POINT('',(-19.81675098883,13.731128587388,0.));
#1342 = CARTESIAN_POINT('',(-19.73113767568,13.827829137667,0.));
#1343 = CARTESIAN_POINT('',(-19.64154043819,13.919184684051,0.));
#1344 = CARTESIAN_POINT('',(-19.54784494438,14.004203328633,0.));
#1345 = CARTESIAN_POINT('',(-19.38810300617,14.130761328374,0.));
#1346 = CARTESIAN_POINT('',(-19.32459371847,14.176771124025,0.));
#1347 = CARTESIAN_POINT('',(-19.25941631535,14.21949646021,0.));
#1348 = CARTESIAN_POINT('',(-19.19258184304,14.258616258422,0.));
#1349 = CARTESIAN_POINT('',(-19.12412670997,14.293786813172,0.));
#1350 = CARTESIAN_POINT('',(-19.05411766628,14.32465516457,0.));
#1351 = CARTESIAN_POINT('',(-18.98265810319,14.350878587633,0.));
#1352 = CARTESIAN_POINT('',(-18.8785330334,14.381318856274,0.));
#1353 = CARTESIAN_POINT('',(-18.84695075145,14.389552403084,0.));
#1354 = CARTESIAN_POINT('',(-18.81515377704,14.3968731915,0.));
#1355 = CARTESIAN_POINT('',(-18.78314715583,14.403303893778,0.));
#1356 = CARTESIAN_POINT('',(-18.75093602845,14.408867501667,0.));
#1357 = CARTESIAN_POINT('',(-18.71852563053,14.413587326409,0.));
#1358 = CARTESIAN_POINT('',(-18.68592129264,14.41748699874,0.));
#1359 = CARTESIAN_POINT('',(-18.54714025665,14.430621043895,0.));
#1360 = CARTESIAN_POINT('',(-18.43977234063,14.432273391289,0.));
#1361 = CARTESIAN_POINT('',(-18.33147158024,14.426478746835,0.));
#1362 = CARTESIAN_POINT('',(-18.22260205464,14.414234178668,0.));
#1363 = CARTESIAN_POINT('',(-18.11343772972,14.396511096917,0.));
#1364 = CARTESIAN_POINT('',(-18.00415775299,14.374199120955,0.));
#1365 = CARTESIAN_POINT('',(-17.894844348,14.348085304264,0.));
#1366 = CARTESIAN_POINT('',(-17.65500933073,14.284011656654,0.));
#1367 = CARTESIAN_POINT('',(-17.52456236783,14.244763338365,0.));
#1368 = CARTESIAN_POINT('',(-17.39415264101,14.202325171741,0.));
#1369 = CARTESIAN_POINT('',(-17.2637747526,14.157763145504,0.));
#1370 = CARTESIAN_POINT('',(-17.13340547648,14.112052139488,0.));
#1371 = CARTESIAN_POINT('',(-17.00300134376,14.066119660371,0.));
#1372 = CARTESIAN_POINT('',(-16.87249602338,14.020889001052,0.));
#1373 = CARTESIAN_POINT('',(-16.67933914245,13.956501893072,0.));
#1374 = CARTESIAN_POINT('',(-16.61684462173,13.936053050383,0.));
#1375 = CARTESIAN_POINT('',(-16.55430408411,13.916180715871,0.));
#1376 = CARTESIAN_POINT('',(-16.49174141225,13.896607058912,0.));
#1377 = CARTESIAN_POINT('',(-16.42911186493,13.878326202685,0.));
#1378 = CARTESIAN_POINT('',(-16.36645875884,13.860373957871,0.));
#1379 = CARTESIAN_POINT('',(-16.30377173333,13.843217617667,0.));
#1380 = CARTESIAN_POINT('',(-16.04765225774,13.775759645802,0.));
#1381 = CARTESIAN_POINT('',(-15.85400638581,13.731072271208,0.));
#1382 = CARTESIAN_POINT('',(-15.66025104472,13.692130702708,0.));
#1383 = CARTESIAN_POINT('',(-15.46647752549,13.658329116965,0.));
#1384 = CARTESIAN_POINT('',(-15.27274353039,13.628987758375,0.));
#1385 = CARTESIAN_POINT('',(-15.0790736645,13.60337396025,0.));
#1386 = CARTESIAN_POINT('',(-14.88545977454,13.580720597209,0.));
#1387 = CARTESIAN_POINT('',(-14.54572998529,13.544784393698,0.));
#1388 = CARTESIAN_POINT('',(-14.39961470591,13.530566592069,0.));
#1389 = CARTESIAN_POINT('',(-14.25349714586,13.517250122524,0.));
#1390 = CARTESIAN_POINT('',(-14.10735796019,13.504491393306,0.));
#1391 = CARTESIAN_POINT('',(-13.96117676983,13.491944200949,0.));
#1392 = CARTESIAN_POINT('',(-13.81493232161,13.479262268941,0.));
#1393 = CARTESIAN_POINT('',(-13.66860264827,13.466101786389,0.));
#1394 = CARTESIAN_POINT('',(-13.48675668746,13.448744107625,0.));
#1395 = CARTESIAN_POINT('',(-13.45133120354,13.445313434573,0.));
#1396 = CARTESIAN_POINT('',(-13.41588910631,13.441832806086,0.));
#1397 = CARTESIAN_POINT('',(-13.38043074481,13.438303283204,0.));
#1398 = CARTESIAN_POINT('',(-13.34495648749,13.434726109446,0.));
#1399 = CARTESIAN_POINT('',(-13.30946672222,13.431102710806,0.));
#1400 = CARTESIAN_POINT('',(-13.27396185625,13.427434695754,0.));
#1401 = CARTESIAN_POINT('',(-13.12653707696,13.412032755169,0.));
#1402 = CARTESIAN_POINT('',(-13.0145795476,13.399924003314,0.));
#1403 = CARTESIAN_POINT('',(-12.90257455716,13.387443070301,0.));
#1404 = CARTESIAN_POINT('',(-12.79052665292,13.374635052393,0.));
#1405 = CARTESIAN_POINT('',(-12.67844010042,13.361544671482,0.));
#1406 = CARTESIAN_POINT('',(-12.56631888353,13.348216275092,0.));
#1407 = CARTESIAN_POINT('',(-12.45416670438,13.334693836377,0.));
#1408 = CARTESIAN_POINT('',(-12.24483748811,13.309180011755,0.));
#1409 = CARTESIAN_POINT('',(-12.14766745151,13.29722633404,0.));
#1410 = CARTESIAN_POINT('',(-12.05047912327,13.285188259368,0.));
#1411 = CARTESIAN_POINT('',(-11.95327472567,13.273094072384,0.));
#1412 = CARTESIAN_POINT('',(-11.85605645366,13.260972003993,0.));
#1413 = CARTESIAN_POINT('',(-11.75882647483,13.248850231354,0.));
#1414 = CARTESIAN_POINT('',(-11.6615869294,13.236756877885,0.));
#1415 = CARTESIAN_POINT('',(-11.43130497103,13.208253450696,0.));
#1416 = CARTESIAN_POINT('',(-11.29825634082,13.19189270565,0.));
#1417 = CARTESIAN_POINT('',(-11.16519932525,13.175709795296,0.));
#1418 = CARTESIAN_POINT('',(-11.03213957918,13.159776854269,0.));
#1419 = CARTESIAN_POINT('',(-10.89908313905,13.144166284895,0.));
#1420 = CARTESIAN_POINT('',(-10.76603643515,13.128950907412,0.));
#1421 = CARTESIAN_POINT('',(-10.63300630386,13.114204110198,0.));
#1422 = CARTESIAN_POINT('',(-10.5,13.1,0.));
#1423 = PCURVE('',#180,#1424);
#1424 = DEFINITIONAL_REPRESENTATION('',(#1425),#1582);
#1425 = B_SPLINE_CURVE_WITH_KNOTS('',8,(#1426,#1427,#1428,#1429,#1430,
    #1431,#1432,#1433,#1434,#1435,#1436,#1437,#1438,#1439,#1440,#1441,
    #1442,#1443,#1444,#1445,#1446,#1447,#1448,#1449,#1450,#1451,#1452,
    #1453,#1454,#1455,#1456,#1457,#1458,#1459,#1460,#1461,#1462,#1463,
    #1464,#1465,#1466,#1467,#1468,#1469,#1470,#1471,#1472,#1473,#1474,
    #1475,#1476,#1477,#1478,#1479,#1480,#1481,#1482,#1483,#1484,#1485,
    #1486,#1487,#1488,#1489,#1490,#1491,#1492,#1493,#1494,#1495,#1496,
    #1497,#1498,#1499,#1500,#1501,#1502,#1503,#1504,#1505,#1506,#1507,
    #1508,#1509,#1510,#1511,#1512,#1513,#1514,#1515,#1516,#1517,#1518,
    #1519,#1520,#1521,#1522,#1523,#1524,#1525,#1526,#1527,#1528,#1529,
    #1530,#1531,#1532,#1533,#1534,#1535,#1536,#1537,#1538,#1539,#1540,
    #1541,#1542,#1543,#1544,#1545,#1546,#1547,#1548,#1549,#1550,#1551,
    #1552,#1553,#1554,#1555,#1556,#1557,#1558,#1559,#1560,#1561,#1562,
    #1563,#1564,#1565,#1566,#1567,#1568,#1569,#1570,#1571,#1572,#1573,
    #1574,#1575,#1576,#1577,#1578,#1579,#1580,#1581),.UNSPECIFIED.,.F.,
  .F.,(9,7,7,7,7,7,7,7,7,7,7,7,7,7,7,7,7,7,7,7,7,7,9),(0.,0.192520487224
    ,0.221682525562,0.278045429491,0.328411865075,0.353494458179,
    0.365052780941,0.378537431328,0.448225174803,0.483948056667,
    0.520580059353,0.568281348735,0.598421390247,0.611412589451,
    0.65340081286,0.703495165679,0.72743431008,0.80126933698,
    0.857001119897,0.870477054672,0.912933339489,0.949701184947,1.),
  .UNSPECIFIED.);
#1426 = CARTESIAN_POINT('',(6.82416028676,0.12581574779));
#1427 = CARTESIAN_POINT('',(6.77093052134,0.632887728682));
#1428 = CARTESIAN_POINT('',(6.717707983849,1.139858746678));
#1429 = CARTESIAN_POINT('',(6.664466771159,1.646843035424));
#1430 = CARTESIAN_POINT('',(6.611212010279,2.153960650678));
#1431 = CARTESIAN_POINT('',(6.557935586527,2.661327982927));
#1432 = CARTESIAN_POINT('',(6.504624533428,3.169059568879));
#1433 = CARTESIAN_POINT('',(6.451277643777,3.677271207287));
#1434 = CARTESIAN_POINT('',(6.389798341744,4.26314533925));
#1435 = CARTESIAN_POINT('',(6.381709359478,4.340229922303));
#1436 = CARTESIAN_POINT('',(6.373628777591,4.417327090779));
#1437 = CARTESIAN_POINT('',(6.365566459187,4.494435796837));
#1438 = CARTESIAN_POINT('',(6.357532267389,4.57155498768));
#1439 = CARTESIAN_POINT('',(6.349536065342,4.648683605548));
#1440 = CARTESIAN_POINT('',(6.341587716212,4.72582058772));
#1441 = CARTESIAN_POINT('',(6.318446469153,4.952065403465));
#1442 = CARTESIAN_POINT('',(6.303411612199,5.10119297916));
#1443 = CARTESIAN_POINT('',(6.288663468845,5.250340107902));
#1444 = CARTESIAN_POINT('',(6.274273413554,5.399498845404));
#1445 = CARTESIAN_POINT('',(6.260313238736,5.548660788789));
#1446 = CARTESIAN_POINT('',(6.246855154745,5.697817076588));
#1447 = CARTESIAN_POINT('',(6.23397178988,5.846958388743));
#1448 = CARTESIAN_POINT('',(6.210802340442,6.12932694362));
#1449 = CARTESIAN_POINT('',(6.200385926555,6.262558893085));
#1450 = CARTESIAN_POINT('',(6.190539158455,6.39576379709));
#1451 = CARTESIAN_POINT('',(6.18131479735,6.528934021272));
#1452 = CARTESIAN_POINT('',(6.172766155926,6.662061294812));
#1453 = CARTESIAN_POINT('',(6.164947098342,6.795136710439));
#1454 = CARTESIAN_POINT('',(6.157912040237,6.928150724431));
#1455 = CARTESIAN_POINT('',(6.148630281843,7.127298773384));
#1456 = CARTESIAN_POINT('',(6.145752696035,7.193486601917));
#1457 = CARTESIAN_POINT('',(6.14308999017,7.259655367875));
#1458 = CARTESIAN_POINT('',(6.140649002756,7.325803741075));
#1459 = CARTESIAN_POINT('',(6.138436611949,7.39193033549));
#1460 = CARTESIAN_POINT('',(6.136459735546,7.458033709243));
#1461 = CARTESIAN_POINT('',(6.13472533099,7.524112364608));
#1462 = CARTESIAN_POINT('',(6.132556121409,7.620602381133));
#1463 = CARTESIAN_POINT('',(6.131924888144,7.651027794265));
#1464 = CARTESIAN_POINT('',(6.131347010148,7.681440590527));
#1465 = CARTESIAN_POINT('',(6.130823500275,7.711840742966));
#1466 = CARTESIAN_POINT('',(6.130356069659,7.742228594558));
#1467 = CARTESIAN_POINT('',(6.129947127717,7.77260485821));
#1468 = CARTESIAN_POINT('',(6.129599782142,7.802970616757));
#1469 = CARTESIAN_POINT('',(6.128988906589,7.86874332394));
#1470 = CARTESIAN_POINT('',(6.128748132308,7.904146374697));
#1471 = CARTESIAN_POINT('',(6.128599849641,7.939537800136));
#1472 = CARTESIAN_POINT('',(6.128548392167,7.974918925156));
#1473 = CARTESIAN_POINT('',(6.128598093463,8.010291074654));
#1474 = CARTESIAN_POINT('',(6.128753287105,8.045655573531));
#1475 = CARTESIAN_POINT('',(6.129018306671,8.081013746683));
#1476 = CARTESIAN_POINT('',(6.131357057007,8.299069676101));
#1477 = CARTESIAN_POINT('',(6.13636612555,8.481686358027));
#1478 = CARTESIAN_POINT('',(6.145024017955,8.664283003631));
#1479 = CARTESIAN_POINT('',(6.157921018625,8.846897955423));
#1480 = CARTESIAN_POINT('',(6.175624540275,9.029541157802));
#1481 = CARTESIAN_POINT('',(6.198663029411,9.212192995349));
#1482 = CARTESIAN_POINT('',(6.227507606805,9.394802671186));
#1483 = CARTESIAN_POINT('',(6.280515388345,9.670829617447));
#1484 = CARTESIAN_POINT('',(6.300108246096,9.764339483511));
#1485 = CARTESIAN_POINT('',(6.321382869525,9.857803497203));
#1486 = CARTESIAN_POINT('',(6.34438674489,9.951207777085));
#1487 = CARTESIAN_POINT('',(6.369161514934,10.04453676734));
#1488 = CARTESIAN_POINT('',(6.395742502436,10.137773218442));
#1489 = CARTESIAN_POINT('',(6.424158233758,10.230898167816));
#1490 = CARTESIAN_POINT('',(6.485472084055,10.419250269711));
#1491 = CARTESIAN_POINT('',(6.518465308928,10.514474872713));
#1492 = CARTESIAN_POINT('',(6.553418748639,10.609377364246));
#1493 = CARTESIAN_POINT('',(6.590355296267,10.703769726772));
#1494 = CARTESIAN_POINT('',(6.629310205495,10.797460335394));
#1495 = CARTESIAN_POINT('',(6.670330848107,10.890250137679));
#1496 = CARTESIAN_POINT('',(6.713477649844,10.981927968394));
#1497 = CARTESIAN_POINT('',(6.81787797288,11.189899649991));
#1498 = CARTESIAN_POINT('',(6.880639084551,11.305213007024));
#1499 = CARTESIAN_POINT('',(6.947292054475,11.417744733319));
#1500 = CARTESIAN_POINT('',(7.01803707133,11.526918096492));
#1501 = CARTESIAN_POINT('',(7.093085509531,11.632029312524));
#1502 = CARTESIAN_POINT('',(7.172654189537,11.732240718978));
#1503 = CARTESIAN_POINT('',(7.256960386531,11.826577777632));
#1504 = CARTESIAN_POINT('',(7.402614715894,11.969123315831));
#1505 = CARTESIAN_POINT('',(7.460972782715,12.02151288499));
#1506 = CARTESIAN_POINT('',(7.521332790878,12.070810122681));
#1507 = CARTESIAN_POINT('',(7.583717279664,12.11669455206));
#1508 = CARTESIAN_POINT('',(7.648125927376,12.158820544811));
#1509 = CARTESIAN_POINT('',(7.714529202734,12.196830100698));
#1510 = CARTESIAN_POINT('',(7.782860064989,12.2303715726));
#1511 = CARTESIAN_POINT('',(7.883237582895,12.27151758107));
#1512 = CARTESIAN_POINT('',(7.913787534411,12.283003759224));
#1513 = CARTESIAN_POINT('',(7.944646309738,12.293604585135));
#1514 = CARTESIAN_POINT('',(7.975806523492,12.303342080294));
#1515 = CARTESIAN_POINT('',(8.00726066247,12.312238574017));
#1516 = CARTESIAN_POINT('',(8.039001085655,12.320316703455));
#1517 = CARTESIAN_POINT('',(8.071020024213,12.327599413587));
#1518 = CARTESIAN_POINT('',(8.207671089893,12.355152368812));
#1519 = CARTESIAN_POINT('',(8.314279594254,12.368006412537));
#1520 = CARTESIAN_POINT('',(8.422593415193,12.373551572519));
#1521 = CARTESIAN_POINT('',(8.532146355628,12.372741451811));
#1522 = CARTESIAN_POINT('',(8.642564518255,12.366513544812));
#1523 = CARTESIAN_POINT('',(8.753576845949,12.355733902618));
#1524 = CARTESIAN_POINT('',(8.865019385091,12.3411766913));
#1525 = CARTESIAN_POINT('',(9.110233635936,12.302495442521));
#1526 = CARTESIAN_POINT('',(9.244065642604,12.277082166237));
#1527 = CARTESIAN_POINT('',(9.37819368198,12.248492589657));
#1528 = CARTESIAN_POINT('',(9.512511817942,12.217787438301));
#1529 = CARTESIAN_POINT('',(9.646941358423,12.185938688356));
#1530 = CARTESIAN_POINT('',(9.781428689899,12.153873315424));
#1531 = CARTESIAN_POINT('',(9.915943376021,12.122516491499));
#1532 = CARTESIAN_POINT('',(10.114767367352,12.078649638464));
#1533 = CARTESIAN_POINT('',(10.179055435328,12.064837882498));
#1534 = CARTESIAN_POINT('',(10.24332907308,12.051604288276));
#1535 = CARTESIAN_POINT('',(10.307593537911,12.038670050132));
#1536 = CARTESIAN_POINT('',(10.371789525991,12.027028528894));
#1537 = CARTESIAN_POINT('',(10.43597463238,12.015716282716));
#1538 = CARTESIAN_POINT('',(10.500110369099,12.005199132324));
#1539 = CARTESIAN_POINT('',(10.761873437166,11.96485238598));
#1540 = CARTESIAN_POINT('',(10.959126815979,11.940628643289));
#1541 = CARTESIAN_POINT('',(11.155889122211,11.9221307297));
#1542 = CARTESIAN_POINT('',(11.35213282035,11.908746601287));
#1543 = CARTESIAN_POINT('',(11.547871499637,11.899794193124));
#1544 = CARTESIAN_POINT('',(11.743157190245,11.89454227423));
#1545 = CARTESIAN_POINT('',(11.938078099623,11.892228763723));
#1546 = CARTESIAN_POINT('',(12.279703141204,11.891961583437));
#1547 = CARTESIAN_POINT('',(12.426504280063,11.893077998363));
#1548 = CARTESIAN_POINT('',(12.573213575309,11.895091056738));
#1549 = CARTESIAN_POINT('',(12.719886141996,11.897661064799));
#1550 = CARTESIAN_POINT('',(12.866578396332,11.900445839324));
#1551 = CARTESIAN_POINT('',(13.013347631476,11.903103215713));
#1552 = CARTESIAN_POINT('',(13.160251593339,11.905293556068));
#1553 = CARTESIAN_POINT('',(13.342915953877,11.907018044965));
#1554 = CARTESIAN_POINT('',(13.3785060095,11.907305045605));
#1555 = CARTESIAN_POINT('',(13.414117803681,11.907544098535));
#1556 = CARTESIAN_POINT('',(13.449750878493,11.907736222553));
#1557 = CARTESIAN_POINT('',(13.485404737657,11.907882615906));
#1558 = CARTESIAN_POINT('',(13.521078846539,11.907984656296));
#1559 = CARTESIAN_POINT('',(13.556772632155,11.908043900877));
#1560 = CARTESIAN_POINT('',(13.704999753924,11.908119379764));
#1561 = CARTESIAN_POINT('',(13.817609637654,11.907766764229));
#1562 = CARTESIAN_POINT('',(13.930305584006,11.907048957521));
#1563 = CARTESIAN_POINT('',(14.043078361885,11.906010334602));
#1564 = CARTESIAN_POINT('',(14.155919059451,11.904694927528));
#1565 = CARTESIAN_POINT('',(14.268819084117,11.903146425444));
#1566 = CARTESIAN_POINT('',(14.381770162552,11.901408174585));
#1567 = CARTESIAN_POINT('',(14.592619169405,11.897890740275));
#1568 = CARTESIAN_POINT('',(14.690506198285,11.896148327946));
#1569 = CARTESIAN_POINT('',(14.788420231056,11.894323889886));
#1570 = CARTESIAN_POINT('',(14.886356104264,11.892445324098));
#1571 = CARTESIAN_POINT('',(14.984308687263,11.89054047799));
#1572 = CARTESIAN_POINT('',(15.082272882217,11.888637148376));
#1573 = CARTESIAN_POINT('',(15.1802436241,11.886763081477));
#1574 = CARTESIAN_POINT('',(15.412243000138,11.882460148522));
#1575 = CARTESIAN_POINT('',(15.546272666954,11.880080990674));
#1576 = CARTESIAN_POINT('',(15.680292104843,11.877879571007));
#1577 = CARTESIAN_POINT('',(15.81428815797,11.875927039413));
#1578 = CARTESIAN_POINT('',(15.94824726307,11.874294772171));
#1579 = CARTESIAN_POINT('',(16.082155421551,11.873054520065));
#1580 = CARTESIAN_POINT('',(16.215998171594,11.872278556508));
#1581 = CARTESIAN_POINT('',(16.349760560258,11.872039825668));
#1582 = ( GEOMETRIC_REPRESENTATION_CONTEXT(2) 
PARAMETRIC_REPRESENTATION_CONTEXT() REPRESENTATION_CONTEXT('2D SPACE',''
  ) );
#1583 = PCURVE('',#359,#1584);
#1584 = DEFINITIONAL_REPRESENTATION('',(#1585),#1742);
#1585 = B_SPLINE_CURVE_WITH_KNOTS('',8,(#1586,#1587,#1588,#1589,#1590,
    #1591,#1592,#1593,#1594,#1595,#1596,#1597,#1598,#1599,#1600,#1601,
    #1602,#1603,#1604,#1605,#1606,#1607,#1608,#1609,#1610,#1611,#1612,
    #1613,#1614,#1615,#1616,#1617,#1618,#1619,#1620,#1621,#1622,#1623,
    #1624,#1625,#1626,#1627,#1628,#1629,#1630,#1631,#1632,#1633,#1634,
    #1635,#1636,#1637,#1638,#1639,#1640,#1641,#1642,#1643,#1644,#1645,
    #1646,#1647,#1648,#1649,#1650,#1651,#1652,#1653,#1654,#1655,#1656,
    #1657,#1658,#1659,#1660,#1661,#1662,#1663,#1664,#1665,#1666,#1667,
    #1668,#1669,#1670,#1671,#1672,#1673,#1674,#1675,#1676,#1677,#1678,
    #1679,#1680,#1681,#1682,#1683,#1684,#1685,#1686,#1687,#1688,#1689,
    #1690,#1691,#1692,#1693,#1694,#1695,#1696,#1697,#1698,#1699,#1700,
    #1701,#1702,#1703,#1704,#1705,#1706,#1707,#1708,#1709,#1710,#1711,
    #1712,#1713,#1714,#1715,#1716,#1717,#1718,#1719,#1720,#1721,#1722,
    #1723,#1724,#1725,#1726,#1727,#1728,#1729,#1730,#1731,#1732,#1733,
    #1734,#1735,#1736,#1737,#1738,#1739,#1740,#1741),.UNSPECIFIED.,.F.,
  .F.,(9,7,7,7,7,7,7,7,7,7,7,7,7,7,7,7,7,7,7,7,7,7,9),(0.,0.192520487224
    ,0.221682525562,0.278045429491,0.328411865075,0.353494458179,
    0.365052780941,0.378537431328,0.448225174803,0.483948056667,
    0.520580059353,0.568281348735,0.598421390247,0.611412589451,
    0.65340081286,0.703495165679,0.72743431008,0.80126933698,
    0.857001119897,0.870477054672,0.912933339489,0.949701184947,1.),
  .UNSPECIFIED.);
#1586 = CARTESIAN_POINT('',(21.148670125641,0.25));
#1587 = CARTESIAN_POINT('',(20.63771396216,0.25));
#1588 = CARTESIAN_POINT('',(20.126657347908,0.25));
#1589 = CARTESIAN_POINT('',(19.615615672123,0.25));
#1590 = CARTESIAN_POINT('',(19.104707329788,0.25));
#1591 = CARTESIAN_POINT('',(18.594048952369,0.25));
#1592 = CARTESIAN_POINT('',(18.083756316578,0.25));
#1593 = CARTESIAN_POINT('',(17.573945690756,0.25));
#1594 = CARTESIAN_POINT('',(16.987596995528,0.25));
#1595 = CARTESIAN_POINT('',(16.910477396855,0.25));
#1596 = CARTESIAN_POINT('',(16.833369493021,0.25));
#1597 = CARTESIAN_POINT('',(16.756271203588,0.25));
#1598 = CARTESIAN_POINT('',(16.679180457083,0.25));
#1599 = CARTESIAN_POINT('',(16.602095190998,0.25));
#1600 = CARTESIAN_POINT('',(16.525013351791,0.25));
#1601 = CARTESIAN_POINT('',(16.298955709632,0.25));
#1602 = CARTESIAN_POINT('',(16.149983861591,0.25));
#1603 = CARTESIAN_POINT('',(16.001002447797,0.25));
#1604 = CARTESIAN_POINT('',(15.851996957731,0.25));
#1605 = CARTESIAN_POINT('',(15.702953273323,0.25));
#1606 = CARTESIAN_POINT('',(15.553857668945,0.25));
#1607 = CARTESIAN_POINT('',(15.404696811417,0.25));
#1608 = CARTESIAN_POINT('',(15.12209630157,0.25));
#1609 = CARTESIAN_POINT('',(14.988672631578,0.25));
#1610 = CARTESIAN_POINT('',(14.855177510803,0.25));
#1611 = CARTESIAN_POINT('',(14.721602205015,0.25));
#1612 = CARTESIAN_POINT('',(14.587938484975,0.25));
#1613 = CARTESIAN_POINT('',(14.454178626435,0.25));
#1614 = CARTESIAN_POINT('',(14.320315410143,0.25));
#1615 = CARTESIAN_POINT('',(14.119623136494,0.25));
#1616 = CARTESIAN_POINT('',(14.052876884304,0.25));
#1617 = CARTESIAN_POINT('',(13.986102549786,0.25));
#1618 = CARTESIAN_POINT('',(13.91929936321,0.25));
#1619 = CARTESIAN_POINT('',(13.852466600587,0.25));
#1620 = CARTESIAN_POINT('',(13.785603583675,0.25));
#1621 = CARTESIAN_POINT('',(13.718709679981,0.25));
#1622 = CARTESIAN_POINT('',(13.620944384897,0.25));
#1623 = CARTESIAN_POINT('',(13.590104471401,0.25));
#1624 = CARTESIAN_POINT('',(13.559264596063,0.25));
#1625 = CARTESIAN_POINT('',(13.528424768892,0.25));
#1626 = CARTESIAN_POINT('',(13.497584976105,0.25));
#1627 = CARTESIAN_POINT('',(13.466745180127,0.25));
#1628 = CARTESIAN_POINT('',(13.435905319588,0.25));
#1629 = CARTESIAN_POINT('',(13.369085456122,0.25));
#1630 = CARTESIAN_POINT('',(13.333105602914,0.25));
#1631 = CARTESIAN_POINT('',(13.297125749707,0.25));
#1632 = CARTESIAN_POINT('',(13.261145896499,0.25));
#1633 = CARTESIAN_POINT('',(13.225166043291,0.25));
#1634 = CARTESIAN_POINT('',(13.189186190084,0.25));
#1635 = CARTESIAN_POINT('',(13.153206336876,0.25));
#1636 = CARTESIAN_POINT('',(12.931285082992,0.25));
#1637 = CARTESIAN_POINT('',(12.745295374961,0.25));
#1638 = CARTESIAN_POINT('',(12.559376048993,0.25));
#1639 = CARTESIAN_POINT('',(12.373675096031,0.25));
#1640 = CARTESIAN_POINT('',(12.188367801681,0.25));
#1641 = CARTESIAN_POINT('',(12.003654186533,0.25));
#1642 = CARTESIAN_POINT('',(11.819755893632,0.25));
#1643 = CARTESIAN_POINT('',(11.543184533124,0.25));
#1644 = CARTESIAN_POINT('',(11.449734209494,0.25));
#1645 = CARTESIAN_POINT('',(11.356594750225,0.25));
#1646 = CARTESIAN_POINT('',(11.263799938054,0.25));
#1647 = CARTESIAN_POINT('',(11.171384002286,0.25));
#1648 = CARTESIAN_POINT('',(11.079381480595,0.25));
#1649 = CARTESIAN_POINT('',(10.987827080838,0.25));
#1650 = CARTESIAN_POINT('',(10.803366301852,0.25));
#1651 = CARTESIAN_POINT('',(10.71049760114,0.25));
#1652 = CARTESIAN_POINT('',(10.617998720677,0.25));
#1653 = CARTESIAN_POINT('',(10.525733680088,0.25));
#1654 = CARTESIAN_POINT('',(10.433577707909,0.25));
#1655 = CARTESIAN_POINT('',(10.341413285386,0.25));
#1656 = CARTESIAN_POINT('',(10.249125764842,0.25));
#1657 = CARTESIAN_POINT('',(10.036111924494,0.25));
#1658 = CARTESIAN_POINT('',(9.915268059362,0.25));
#1659 = CARTESIAN_POINT('',(9.793769416808,0.25));
#1660 = CARTESIAN_POINT('',(9.671380118179,0.25));
#1661 = CARTESIAN_POINT('',(9.547912771697,0.25));
#1662 = CARTESIAN_POINT('',(9.423218989049,0.25));
#1663 = CARTESIAN_POINT('',(9.297183603408,0.25));
#1664 = CARTESIAN_POINT('',(9.089186395467,0.25));
#1665 = CARTESIAN_POINT('',(9.008103348294,0.25));
#1666 = CARTESIAN_POINT('',(8.926468383257,0.25));
#1667 = CARTESIAN_POINT('',(8.844303803301,0.25));
#1668 = CARTESIAN_POINT('',(8.761659469829,0.25));
#1669 = CARTESIAN_POINT('',(8.678614469624,0.25));
#1670 = CARTESIAN_POINT('',(8.595280257273,0.25));
#1671 = CARTESIAN_POINT('',(8.47582522485,0.25));
#1672 = CARTESIAN_POINT('',(8.439845453328,0.25));
#1673 = CARTESIAN_POINT('',(8.403865749502,0.25));
#1674 = CARTESIAN_POINT('',(8.367885983162,0.25));
#1675 = CARTESIAN_POINT('',(8.331906102929,0.25));
#1676 = CARTESIAN_POINT('',(8.295926136246,0.25));
#1677 = CARTESIAN_POINT('',(8.259946189384,0.25));
#1678 = CARTESIAN_POINT('',(8.107678072579,0.25));
#1679 = CARTESIAN_POINT('',(7.992039133218,0.25));
#1680 = CARTESIAN_POINT('',(7.877303938292,0.25));
#1681 = CARTESIAN_POINT('',(7.763620600786,0.25));
#1682 = CARTESIAN_POINT('',(7.651046064818,0.25));
#1683 = CARTESIAN_POINT('',(7.539555325414,0.25));
#1684 = CARTESIAN_POINT('',(7.42904484094,0.25));
#1685 = CARTESIAN_POINT('',(7.188434220724,0.25));
#1686 = CARTESIAN_POINT('',(7.058766173097,0.25));
#1687 = CARTESIAN_POINT('',(6.930045618077,0.25));
#1688 = CARTESIAN_POINT('',(6.80200967645,0.25));
#1689 = CARTESIAN_POINT('',(6.674399807416,0.25));
#1690 = CARTESIAN_POINT('',(6.5469488054,0.25));
#1691 = CARTESIAN_POINT('',(6.419367953319,0.25));
#1692 = CARTESIAN_POINT('',(6.230149484712,0.25));
#1693 = CARTESIAN_POINT('',(6.168871689173,0.25));
#1694 = CARTESIAN_POINT('',(6.107442575168,0.25));
#1695 = CARTESIAN_POINT('',(6.04595170442,0.25));
#1696 = CARTESIAN_POINT('',(5.984120704758,0.25));
#1697 = CARTESIAN_POINT('',(5.922219504653,0.25));
#1698 = CARTESIAN_POINT('',(5.860128319799,0.25));
#1699 = CARTESIAN_POINT('',(5.605955504813,0.25));
#1700 = CARTESIAN_POINT('',(5.412605008416,0.25));
#1701 = CARTESIAN_POINT('',(5.218091339525,0.25));
#1702 = CARTESIAN_POINT('',(5.022644827761,0.25));
#1703 = CARTESIAN_POINT('',(4.826475332772,0.25));
#1704 = CARTESIAN_POINT('',(4.629768387475,0.25));
#1705 = CARTESIAN_POINT('',(4.432681800873,0.25));
#1706 = CARTESIAN_POINT('',(4.086388230213,0.25));
#1707 = CARTESIAN_POINT('',(3.937297208348,0.25));
#1708 = CARTESIAN_POINT('',(3.788123772198,0.25));
#1709 = CARTESIAN_POINT('',(3.638921664972,0.25));
#1710 = CARTESIAN_POINT('',(3.489743885932,0.25));
#1711 = CARTESIAN_POINT('',(3.340642320594,0.25));
#1712 = CARTESIAN_POINT('',(3.191667370927,0.25));
#1713 = CARTESIAN_POINT('',(3.00688782504,0.25));
#1714 = CARTESIAN_POINT('',(2.970907955067,0.25));
#1715 = CARTESIAN_POINT('',(2.934928044112,0.25));
#1716 = CARTESIAN_POINT('',(2.898948139061,0.25));
#1717 = CARTESIAN_POINT('',(2.862968265208,0.25));
#1718 = CARTESIAN_POINT('',(2.826988426254,0.25));
#1719 = CARTESIAN_POINT('',(2.79100860431,0.25));
#1720 = CARTESIAN_POINT('',(2.641673319424,0.25));
#1721 = CARTESIAN_POINT('',(2.52841275662,0.25));
#1722 = CARTESIAN_POINT('',(2.415239266342,0.25));
#1723 = CARTESIAN_POINT('',(2.302144868132,0.25));
#1724 = CARTESIAN_POINT('',(2.189121406214,0.25));
#1725 = CARTESIAN_POINT('',(2.076160549493,0.25));
#1726 = CARTESIAN_POINT('',(1.963253791557,0.25));
#1727 = CARTESIAN_POINT('',(1.752652661202,0.25));
#1728 = CARTESIAN_POINT('',(1.654947026826,0.25));
#1729 = CARTESIAN_POINT('',(1.557269932506,0.25));
#1730 = CARTESIAN_POINT('',(1.459615757529,0.25));
#1731 = CARTESIAN_POINT('',(1.361978875506,0.25));
#1732 = CARTESIAN_POINT('',(1.264353654376,0.25));
#1733 = CARTESIAN_POINT('',(1.166734456401,0.25));
#1734 = CARTESIAN_POINT('',(0.935572026274,0.25));
#1735 = CARTESIAN_POINT('',(0.802029385729,0.25));
#1736 = CARTESIAN_POINT('',(0.668473096741,0.25));
#1737 = CARTESIAN_POINT('',(0.534888917385,0.25));
#1738 = CARTESIAN_POINT('',(0.401262953546,0.25));
#1739 = CARTESIAN_POINT('',(0.267581628865,0.25));
#1740 = CARTESIAN_POINT('',(0.133831654686,0.25));
#1741 = CARTESIAN_POINT('',(0.,0.25));
#1742 = ( GEOMETRIC_REPRESENTATION_CONTEXT(2) 
PARAMETRIC_REPRESENTATION_CONTEXT() REPRESENTATION_CONTEXT('2D SPACE',''
  ) );
#1743 = ORIENTED_EDGE('',*,*,#1744,.F.);
#1744 = EDGE_CURVE('',#1745,#1263,#1747,.T.);
#1745 = VERTEX_POINT('',#1746);
#1746 = CARTESIAN_POINT('',(-10.5,12.927361191462,-3.552713678801E-15));
#1747 = SURFACE_CURVE('',#1748,(#1752,#1759),.PCURVE_S1.);
#1748 = LINE('',#1749,#1750);
#1749 = CARTESIAN_POINT('',(-10.5,-2.05,-7.105427357601E-15));
#1750 = VECTOR('',#1751,1.);
#1751 = DIRECTION('',(-0.,1.,-0.));
#1752 = PCURVE('',#180,#1753);
#1753 = DEFINITIONAL_REPRESENTATION('',(#1754),#1758);
#1754 = LINE('',#1755,#1756);
#1755 = CARTESIAN_POINT('',(17.931634725379,-3.195148834654));
#1756 = VECTOR('',#1757,1.);
#1757 = DIRECTION('',(-0.104414136312,0.994533904972));
#1758 = ( GEOMETRIC_REPRESENTATION_CONTEXT(2) 
PARAMETRIC_REPRESENTATION_CONTEXT() REPRESENTATION_CONTEXT('2D SPACE',''
  ) );
#1759 = PCURVE('',#951,#1760);
#1760 = DEFINITIONAL_REPRESENTATION('',(#1761),#1765);
#1761 = LINE('',#1762,#1763);
#1762 = CARTESIAN_POINT('',(5.05,-63.4572408712));
#1763 = VECTOR('',#1764,1.);
#1764 = DIRECTION('',(1.,0.));
#1765 = ( GEOMETRIC_REPRESENTATION_CONTEXT(2) 
PARAMETRIC_REPRESENTATION_CONTEXT() REPRESENTATION_CONTEXT('2D SPACE',''
  ) );
#1766 = ORIENTED_EDGE('',*,*,#1767,.T.);
#1767 = EDGE_CURVE('',#1745,#1201,#1768,.T.);
#1768 = SURFACE_CURVE('',#1769,(#1814,#1862),.PCURVE_S1.);
#1769 = B_SPLINE_CURVE_WITH_KNOTS('',8,(#1770,#1771,#1772,#1773,#1774,
    #1775,#1776,#1777,#1778,#1779,#1780,#1781,#1782,#1783,#1784,#1785,
    #1786,#1787,#1788,#1789,#1790,#1791,#1792,#1793,#1794,#1795,#1796,
    #1797,#1798,#1799,#1800,#1801,#1802,#1803,#1804,#1805,#1806,#1807,
    #1808,#1809,#1810,#1811,#1812,#1813),.UNSPECIFIED.,.F.,.F.,(9,7,7,7,
    7,7,9),(0.,0.250023762153,0.306033707435,0.344040462632,
    0.715961570432,0.939989347806,1.),.UNSPECIFIED.);
#1770 = CARTESIAN_POINT('',(-10.50000000141,12.92736118997,0.));
#1771 = CARTESIAN_POINT('',(-9.760404528864,13.709618668072,0.));
#1772 = CARTESIAN_POINT('',(-8.954043314693,14.429073933557,0.));
#1773 = CARTESIAN_POINT('',(-8.087367446631,15.078809098719,0.));
#1774 = CARTESIAN_POINT('',(-7.1674857006,15.653010111106,0.));
#1775 = CARTESIAN_POINT('',(-6.202042297245,16.146779555272,0.));
#1776 = CARTESIAN_POINT('',(-5.199167976699,16.556078885665,0.));
#1777 = CARTESIAN_POINT('',(-4.167504391604,16.877800090641,0.));
#1778 = CARTESIAN_POINT('',(-2.88081300683,17.161976420142,0.));
#1779 = CARTESIAN_POINT('',(-2.644332041767,17.209494421445,0.));
#1780 = CARTESIAN_POINT('',(-2.406959068944,17.252498679313,0.));
#1781 = CARTESIAN_POINT('',(-2.168794644389,17.290969784929,0.));
#1782 = CARTESIAN_POINT('',(-1.929939734394,17.324891032865,0.));
#1783 = CARTESIAN_POINT('',(-1.690495715513,17.35424842108,0.));
#1784 = CARTESIAN_POINT('',(-1.450564374566,17.379030650924,0.));
#1785 = CARTESIAN_POINT('',(-1.04717599267,17.412935238374,0.));
#1786 = CARTESIAN_POINT('',(-0.883926660134,17.424530726012,0.));
#1787 = CARTESIAN_POINT('',(-0.720531809968,17.434012909517,0.));
#1788 = CARTESIAN_POINT('',(-0.557023363453,17.441379687553,0.));
#1789 = CARTESIAN_POINT('',(-0.393433264209,17.446629537987,0.));
#1790 = CARTESIAN_POINT('',(-0.229793478196,17.449761517882,0.));
#1791 = CARTESIAN_POINT('',(-6.613599371368E-02,17.4507752635,0.));
#1792 = CARTESIAN_POINT('',(1.698863295795,17.438864950432,0.));
#1793 = CARTESIAN_POINT('',(3.300536135842,17.225227296055,0.));
#1794 = CARTESIAN_POINT('',(4.869869183175,16.808238091382,0.));
#1795 = CARTESIAN_POINT('',(6.377149646992,16.194530646737,0.));
#1796 = CARTESIAN_POINT('',(7.79448336117,15.394720449375,0.));
#1797 = CARTESIAN_POINT('',(9.0962221261,14.424069954974,0.));
#1798 = CARTESIAN_POINT('',(10.25870828975,13.301740745466,0.));
#1799 = CARTESIAN_POINT('',(11.866432750686,11.30185119578,0.));
#1800 = CARTESIAN_POINT('',(12.413534725989,10.50384299303,0.));
#1801 = CARTESIAN_POINT('',(12.899108387084,9.664862666088,0.));
#1802 = CARTESIAN_POINT('',(13.319627442441,8.790485343772,0.));
#1803 = CARTESIAN_POINT('',(13.67219299482,7.886566372348,0.));
#1804 = CARTESIAN_POINT('',(13.95450056175,6.959219509758,0.));
#1805 = CARTESIAN_POINT('',(14.164878522184,6.01482617144,0.));
#1806 = CARTESIAN_POINT('',(14.339235532485,4.804325313741,0.));
#1807 = CARTESIAN_POINT('',(14.370846537907,4.547821889527,0.));
#1808 = CARTESIAN_POINT('',(14.397213025602,4.290690345159,0.));
#1809 = CARTESIAN_POINT('',(14.418320609876,4.033055828227,0.));
#1810 = CARTESIAN_POINT('',(14.434158499354,3.775043743844,0.));
#1811 = CARTESIAN_POINT('',(14.444719496976,3.516779754649,0.));
#1812 = CARTESIAN_POINT('',(14.45,3.258389780806,0.));
#1813 = CARTESIAN_POINT('',(14.45,2.999999999999,0.));
#1814 = PCURVE('',#180,#1815);
#1815 = DEFINITIONAL_REPRESENTATION('',(#1816),#1861);
#1816 = B_SPLINE_CURVE_WITH_KNOTS('',8,(#1817,#1818,#1819,#1820,#1821,
    #1822,#1823,#1824,#1825,#1826,#1827,#1828,#1829,#1830,#1831,#1832,
    #1833,#1834,#1835,#1836,#1837,#1838,#1839,#1840,#1841,#1842,#1843,
    #1844,#1845,#1846,#1847,#1848,#1849,#1850,#1851,#1852,#1853,#1854,
    #1855,#1856,#1857,#1858,#1859,#1860),.UNSPECIFIED.,.F.,.F.,(9,7,7,7,
    7,7,9),(0.,0.250023762153,0.306033707435,0.344040462632,
    0.715961570432,0.939989347806,1.),.UNSPECIFIED.);
#1817 = CARTESIAN_POINT('',(16.367786491099,11.700344675632));
#1818 = CARTESIAN_POINT('',(17.02166052556,12.555550482508));
#1819 = CARTESIAN_POINT('',(17.748492792546,13.355268646876));
#1820 = CARTESIAN_POINT('',(18.542589791854,14.091945510108));
#1821 = CARTESIAN_POINT('',(19.397488674068,14.759056543216));
#1822 = CARTESIAN_POINT('',(20.306098361986,15.350932935798));
#1823 = CARTESIAN_POINT('',(21.260754240119,15.862709253165));
#1824 = CARTESIAN_POINT('',(22.25318641227,16.290392161663));
#1825 = CARTESIAN_POINT('',(23.503172593658,16.707363925983));
#1826 = CARTESIAN_POINT('',(23.733399380228,16.779314145097));
#1827 = CARTESIAN_POINT('',(23.964984597381,16.846868431546));
#1828 = CARTESIAN_POINT('',(24.197830265293,16.909996983133));
#1829 = CARTESIAN_POINT('',(24.431837713847,16.968672643435));
#1830 = CARTESIAN_POINT('',(24.666907582632,17.022870901803));
#1831 = CARTESIAN_POINT('',(24.902939820944,17.072569893362));
#1832 = CARTESIAN_POINT('',(25.300583125395,17.148408604609));
#1833 = CARTESIAN_POINT('',(25.46172938874,17.176986248271));
#1834 = CARTESIAN_POINT('',(25.623241033126,17.203477333416));
#1835 = CARTESIAN_POINT('',(25.785086531168,17.227876437167));
#1836 = CARTESIAN_POINT('',(25.947234272786,17.250178710341));
#1837 = CARTESIAN_POINT('',(26.109652565203,17.270379877459));
#1838 = CARTESIAN_POINT('',(26.272309632949,17.28847623674));
#1839 = CARTESIAN_POINT('',(28.028904873669,17.46092190298));
#1840 = CARTESIAN_POINT('',(29.644129608933,17.415689298571));
#1841 = CARTESIAN_POINT('',(31.248424100356,17.164839951239));
#1842 = CARTESIAN_POINT('',(32.811545358704,16.711868477615));
#1843 = CARTESIAN_POINT('',(34.304643283084,16.064419794427));
#1844 = CARTESIAN_POINT('',(35.700616253256,15.234994896711));
#1845 = CARTESIAN_POINT('',(36.973935192135,14.240180434067));
#1846 = CARTESIAN_POINT('',(38.781688418438,12.419091631721));
#1847 = CARTESIAN_POINT('',(39.409123219613,11.682570597867));
#1848 = CARTESIAN_POINT('',(39.979644095153,10.898876971557));
#1849 = CARTESIAN_POINT('',(40.489161906312,10.073187212743));
#1850 = CARTESIAN_POINT('',(40.934182220575,9.21102197596));
#1851 = CARTESIAN_POINT('',(41.311774789236,8.318220980221));
#1852 = CARTESIAN_POINT('',(41.619610818505,7.400956218672));
#1853 = CARTESIAN_POINT('',(41.91940817838,6.215277410333));
#1854 = CARTESIAN_POINT('',(41.977628978543,5.96347669404));
#1855 = CARTESIAN_POINT('',(42.030699512634,5.710503689169));
#1856 = CARTESIAN_POINT('',(42.078592406416,5.45648135717));
#1857 = CARTESIAN_POINT('',(42.121283833434,5.20153329091));
#1858 = CARTESIAN_POINT('',(42.158753515012,4.945783714668));
#1859 = CARTESIAN_POINT('',(42.190984720255,4.689357484138));
#1860 = CARTESIAN_POINT('',(42.21796426605,4.432380086428));
#1861 = ( GEOMETRIC_REPRESENTATION_CONTEXT(2) 
PARAMETRIC_REPRESENTATION_CONTEXT() REPRESENTATION_CONTEXT('2D SPACE',''
  ) );
#1862 = PCURVE('',#1061,#1863);
#1863 = DEFINITIONAL_REPRESENTATION('',(#1864),#1909);
#1864 = B_SPLINE_CURVE_WITH_KNOTS('',8,(#1865,#1866,#1867,#1868,#1869,
    #1870,#1871,#1872,#1873,#1874,#1875,#1876,#1877,#1878,#1879,#1880,
    #1881,#1882,#1883,#1884,#1885,#1886,#1887,#1888,#1889,#1890,#1891,
    #1892,#1893,#1894,#1895,#1896,#1897,#1898,#1899,#1900,#1901,#1902,
    #1903,#1904,#1905,#1906,#1907,#1908),.UNSPECIFIED.,.F.,.F.,(9,7,7,7,
    7,7,9),(0.,0.250023762153,0.306033707435,0.344040462632,
    0.715961570432,0.939989347806,1.),.UNSPECIFIED.);
#1865 = CARTESIAN_POINT('',(8.667405389308,0.25));
#1866 = CARTESIAN_POINT('',(8.592904677728,0.25));
#1867 = CARTESIAN_POINT('',(8.518388094753,0.25));
#1868 = CARTESIAN_POINT('',(8.443878574895,0.25));
#1869 = CARTESIAN_POINT('',(8.369377879756,0.25));
#1870 = CARTESIAN_POINT('',(8.294877184497,0.25));
#1871 = CARTESIAN_POINT('',(8.220367664309,0.25));
#1872 = CARTESIAN_POINT('',(8.145851080868,0.25));
#1873 = CARTESIAN_POINT('',(8.054660831862,0.25));
#1874 = CARTESIAN_POINT('',(8.037971291806,0.25));
#1875 = CARTESIAN_POINT('',(8.021281749654,0.25));
#1876 = CARTESIAN_POINT('',(8.004592206457,0.25));
#1877 = CARTESIAN_POINT('',(7.987902663262,0.25));
#1878 = CARTESIAN_POINT('',(7.971213121118,0.25));
#1879 = CARTESIAN_POINT('',(7.954523581074,0.25));
#1880 = CARTESIAN_POINT('',(7.926508999312,0.25));
#1881 = CARTESIAN_POINT('',(7.915183953995,0.25));
#1882 = CARTESIAN_POINT('',(7.903858908378,0.25));
#1883 = CARTESIAN_POINT('',(7.892533862611,0.25));
#1884 = CARTESIAN_POINT('',(7.881208816844,0.25));
#1885 = CARTESIAN_POINT('',(7.869883771229,0.25));
#1886 = CARTESIAN_POINT('',(7.858558725916,0.25));
#1887 = CARTESIAN_POINT('',(7.73641066529,0.25));
#1888 = CARTESIAN_POINT('',(7.625471244595,0.25));
#1889 = CARTESIAN_POINT('',(7.51459918134,0.25));
#1890 = CARTESIAN_POINT('',(7.403768744026,0.25));
#1891 = CARTESIAN_POINT('',(7.292938307197,0.25));
#1892 = CARTESIAN_POINT('',(7.182066245279,0.25));
#1893 = CARTESIAN_POINT('',(7.071126825841,0.25));
#1894 = CARTESIAN_POINT('',(6.893549240013,0.25));
#1895 = CARTESIAN_POINT('',(6.82678542825,0.25));
#1896 = CARTESIAN_POINT('',(6.760025727335,0.25));
#1897 = CARTESIAN_POINT('',(6.693271162765,0.25));
#1898 = CARTESIAN_POINT('',(6.626516597446,0.25));
#1899 = CARTESIAN_POINT('',(6.559756895024,0.25));
#1900 = CARTESIAN_POINT('',(6.492993082495,0.25));
#1901 = CARTESIAN_POINT('',(6.408356866568,0.25));
#1902 = CARTESIAN_POINT('',(6.390475216665,0.25));
#1903 = CARTESIAN_POINT('',(6.372593563888,0.25));
#1904 = CARTESIAN_POINT('',(6.354711909701,0.25));
#1905 = CARTESIAN_POINT('',(6.33683025554,0.25));
#1906 = CARTESIAN_POINT('',(6.318948602816,0.25));
#1907 = CARTESIAN_POINT('',(6.30106695291,0.25));
#1908 = CARTESIAN_POINT('',(6.28318530718,0.25));
#1909 = ( GEOMETRIC_REPRESENTATION_CONTEXT(2) 
PARAMETRIC_REPRESENTATION_CONTEXT() REPRESENTATION_CONTEXT('2D SPACE',''
  ) );
#1910 = ORIENTED_EDGE('',*,*,#1200,.F.);
#1911 = FACE_BOUND('',#1912,.F.);
#1912 = EDGE_LOOP('',(#1913,#1943,#1976,#2004));
#1913 = ORIENTED_EDGE('',*,*,#1914,.F.);
#1914 = EDGE_CURVE('',#1915,#1917,#1919,.T.);
#1915 = VERTEX_POINT('',#1916);
#1916 = CARTESIAN_POINT('',(17.014676845516,10.587197085533,0.));
#1917 = VERTEX_POINT('',#1918);
#1918 = CARTESIAN_POINT('',(21.765113225257,8.472166541539,0.));
#1919 = SURFACE_CURVE('',#1920,(#1924,#1931),.PCURVE_S1.);
#1920 = LINE('',#1921,#1922);
#1921 = CARTESIAN_POINT('',(2.015647884333,17.265195030825,0.));
#1922 = VECTOR('',#1923,1.);
#1923 = DIRECTION('',(0.913545457643,-0.406736643076,0.));
#1924 = PCURVE('',#180,#1925);
#1925 = DEFINITIONAL_REPRESENTATION('',(#1926),#1930);
#1926 = LINE('',#1927,#1928);
#1927 = CARTESIAN_POINT('',(28.362091482202,17.321278068866));
#1928 = VECTOR('',#1929,1.);
#1929 = DIRECTION('',(0.951020986652,-0.309126321992));
#1930 = ( GEOMETRIC_REPRESENTATION_CONTEXT(2) 
PARAMETRIC_REPRESENTATION_CONTEXT() REPRESENTATION_CONTEXT('2D SPACE',''
  ) );
#1931 = PCURVE('',#1932,#1937);
#1932 = PLANE('',#1933);
#1933 = AXIS2_PLACEMENT_3D('',#1934,#1935,#1936);
#1934 = CARTESIAN_POINT('',(21.765113225257,8.472166541539,-1.));
#1935 = DIRECTION('',(-0.406736643076,-0.913545457643,0.));
#1936 = DIRECTION('',(-0.913545457643,0.406736643076,0.));
#1937 = DEFINITIONAL_REPRESENTATION('',(#1938),#1942);
#1938 = LINE('',#1939,#1940);
#1939 = CARTESIAN_POINT('',(21.618481243273,-1.));
#1940 = VECTOR('',#1941,1.);
#1941 = DIRECTION('',(-1.,-0.));
#1942 = ( GEOMETRIC_REPRESENTATION_CONTEXT(2) 
PARAMETRIC_REPRESENTATION_CONTEXT() REPRESENTATION_CONTEXT('2D SPACE',''
  ) );
#1943 = ORIENTED_EDGE('',*,*,#1944,.T.);
#1944 = EDGE_CURVE('',#1915,#1945,#1947,.T.);
#1945 = VERTEX_POINT('',#1946);
#1946 = CARTESIAN_POINT('',(18.234886774743,13.327833458461,0.));
#1947 = SURFACE_CURVE('',#1948,(#1953,#1964),.PCURVE_S1.);
#1948 = CIRCLE('',#1949,1.5);
#1949 = AXIS2_PLACEMENT_3D('',#1950,#1951,#1952);
#1950 = CARTESIAN_POINT('',(17.624781810129,11.957515271997,0.));
#1951 = DIRECTION('',(-0.,0.,-1.));
#1952 = DIRECTION('',(-0.406736643076,-0.913545457643,0.));
#1953 = PCURVE('',#180,#1954);
#1954 = DEFINITIONAL_REPRESENTATION('',(#1955),#1963);
#1955 = ( BOUNDED_CURVE() B_SPLINE_CURVE(2,(#1956,#1957,#1958,#1959,
#1960,#1961,#1962),.UNSPECIFIED.,.T.,.F.) B_SPLINE_CURVE_WITH_KNOTS((1,2
    ,2,2,2,1),(-2.094395102393,0.,2.094395102393,4.188790204786,
6.28318530718,8.377580409573),.UNSPECIFIED.) CURVE() 
GEOMETRIC_REPRESENTATION_ITEM() RATIONAL_B_SPLINE_CURVE((1.,0.5,1.,0.5,
1.,0.5,1.)) REPRESENTATION_ITEM('') );
#1956 = CARTESIAN_POINT('',(43.976411713499,12.245893349437));
#1957 = CARTESIAN_POINT('',(41.505586711582,13.049027092908));
#1958 = CARTESIAN_POINT('',(43.436533437022,14.787257441138));
#1959 = CARTESIAN_POINT('',(45.367480162463,16.525487789369));
#1960 = CARTESIAN_POINT('',(45.907358438939,13.984123697667));
#1961 = CARTESIAN_POINT('',(46.447236715416,11.442759605966));
#1962 = CARTESIAN_POINT('',(43.976411713499,12.245893349437));
#1963 = ( GEOMETRIC_REPRESENTATION_CONTEXT(2) 
PARAMETRIC_REPRESENTATION_CONTEXT() REPRESENTATION_CONTEXT('2D SPACE',''
  ) );
#1964 = PCURVE('',#1965,#1970);
#1965 = CYLINDRICAL_SURFACE('',#1966,1.5);
#1966 = AXIS2_PLACEMENT_3D('',#1967,#1968,#1969);
#1967 = CARTESIAN_POINT('',(17.624781810129,11.957515271997,-1.));
#1968 = DIRECTION('',(-0.,0.,-1.));
#1969 = DIRECTION('',(-0.406736643076,-0.913545457643,0.));
#1970 = DEFINITIONAL_REPRESENTATION('',(#1971),#1975);
#1971 = LINE('',#1972,#1973);
#1972 = CARTESIAN_POINT('',(0.,-1.));
#1973 = VECTOR('',#1974,1.);
#1974 = DIRECTION('',(1.,0.));
#1975 = ( GEOMETRIC_REPRESENTATION_CONTEXT(2) 
PARAMETRIC_REPRESENTATION_CONTEXT() REPRESENTATION_CONTEXT('2D SPACE',''
  ) );
#1976 = ORIENTED_EDGE('',*,*,#1977,.F.);
#1977 = EDGE_CURVE('',#1978,#1945,#1980,.T.);
#1978 = VERTEX_POINT('',#1979);
#1979 = CARTESIAN_POINT('',(22.985323154484,11.212802914467,0.));
#1980 = SURFACE_CURVE('',#1981,(#1985,#1992),.PCURVE_S1.);
#1981 = LINE('',#1982,#1983);
#1982 = CARTESIAN_POINT('',(0.86063962369,21.06334667575,0.));
#1983 = VECTOR('',#1984,1.);
#1984 = DIRECTION('',(-0.913545457643,0.406736643076,-0.));
#1985 = PCURVE('',#180,#1986);
#1986 = DEFINITIONAL_REPRESENTATION('',(#1987),#1991);
#1987 = LINE('',#1988,#1989);
#1988 = CARTESIAN_POINT('',(26.816815882884,20.978069466));
#1989 = VECTOR('',#1990,1.);
#1990 = DIRECTION('',(-0.951020986652,0.309126321992));
#1991 = ( GEOMETRIC_REPRESENTATION_CONTEXT(2) 
PARAMETRIC_REPRESENTATION_CONTEXT() REPRESENTATION_CONTEXT('2D SPACE',''
  ) );
#1992 = PCURVE('',#1993,#1998);
#1993 = PLANE('',#1994);
#1994 = AXIS2_PLACEMENT_3D('',#1995,#1996,#1997);
#1995 = CARTESIAN_POINT('',(18.234886774743,13.327833458461,-1.));
#1996 = DIRECTION('',(0.406736643076,0.913545457643,-0.));
#1997 = DIRECTION('',(0.913545457643,-0.406736643076,0.));
#1998 = DEFINITIONAL_REPRESENTATION('',(#1999),#2003);
#1999 = LINE('',#2000,#2001);
#2000 = CARTESIAN_POINT('',(-19.01848124327,-1.));
#2001 = VECTOR('',#2002,1.);
#2002 = DIRECTION('',(-1.,-0.));
#2003 = ( GEOMETRIC_REPRESENTATION_CONTEXT(2) 
PARAMETRIC_REPRESENTATION_CONTEXT() REPRESENTATION_CONTEXT('2D SPACE',''
  ) );
#2004 = ORIENTED_EDGE('',*,*,#2005,.T.);
#2005 = EDGE_CURVE('',#1978,#1917,#2006,.T.);
#2006 = SURFACE_CURVE('',#2007,(#2012,#2023),.PCURVE_S1.);
#2007 = CIRCLE('',#2008,1.5);
#2008 = AXIS2_PLACEMENT_3D('',#2009,#2010,#2011);
#2009 = CARTESIAN_POINT('',(22.375218189871,9.842484728003,0.));
#2010 = DIRECTION('',(0.,0.,-1.));
#2011 = DIRECTION('',(0.406736643076,0.913545457643,0.));
#2012 = PCURVE('',#180,#2013);
#2013 = DEFINITIONAL_REPRESENTATION('',(#2014),#2022);
#2014 = ( BOUNDED_CURVE() B_SPLINE_CURVE(2,(#2015,#2016,#2017,#2018,
#2019,#2020,#2021),.UNSPECIFIED.,.T.,.F.) B_SPLINE_CURVE_WITH_KNOTS((1,2
    ,2,2,2,1),(-2.094395102393,0.,2.094395102393,4.188790204786,
6.28318530718,8.377580409573),.UNSPECIFIED.) CURVE() 
GEOMETRIC_REPRESENTATION_ITEM() RATIONAL_B_SPLINE_CURVE((1.,0.5,1.,0.5,
1.,0.5,1.)) REPRESENTATION_ITEM('') );
#2015 = CARTESIAN_POINT('',(49.849099810063,13.491499435032));
#2016 = CARTESIAN_POINT('',(52.31992481198,12.688365691562));
#2017 = CARTESIAN_POINT('',(50.388978086539,10.950135343331));
#2018 = CARTESIAN_POINT('',(48.458031361098,9.211904995101));
#2019 = CARTESIAN_POINT('',(47.918153084622,11.753269086802));
#2020 = CARTESIAN_POINT('',(47.378274808146,14.294633178503));
#2021 = CARTESIAN_POINT('',(49.849099810063,13.491499435032));
#2022 = ( GEOMETRIC_REPRESENTATION_CONTEXT(2) 
PARAMETRIC_REPRESENTATION_CONTEXT() REPRESENTATION_CONTEXT('2D SPACE',''
  ) );
#2023 = PCURVE('',#2024,#2029);
#2024 = CYLINDRICAL_SURFACE('',#2025,1.5);
#2025 = AXIS2_PLACEMENT_3D('',#2026,#2027,#2028);
#2026 = CARTESIAN_POINT('',(22.375218189871,9.842484728003,-1.));
#2027 = DIRECTION('',(0.,0.,-1.));
#2028 = DIRECTION('',(0.406736643076,0.913545457643,0.));
#2029 = DEFINITIONAL_REPRESENTATION('',(#2030),#2034);
#2030 = LINE('',#2031,#2032);
#2031 = CARTESIAN_POINT('',(0.,-1.));
#2032 = VECTOR('',#2033,1.);
#2033 = DIRECTION('',(1.,0.));
#2034 = ( GEOMETRIC_REPRESENTATION_CONTEXT(2) 
PARAMETRIC_REPRESENTATION_CONTEXT() REPRESENTATION_CONTEXT('2D SPACE',''
  ) );
#2035 = ADVANCED_FACE('',(#2036),#359,.F.);
#2036 = FACE_BOUND('',#2037,.F.);
#2037 = EDGE_LOOP('',(#2038,#2057,#2058,#2059));
#2038 = ORIENTED_EDGE('',*,*,#2039,.F.);
#2039 = EDGE_CURVE('',#1263,#454,#2040,.T.);
#2040 = SURFACE_CURVE('',#2041,(#2044,#2051),.PCURVE_S1.);
#2041 = B_SPLINE_CURVE_WITH_KNOTS('',1,(#2042,#2043),.UNSPECIFIED.,.F.,
  .F.,(2,2),(0.,1.),.PIECEWISE_BEZIER_KNOTS.);
#2042 = CARTESIAN_POINT('',(-17.38655226579,13.1,-20.));
#2043 = CARTESIAN_POINT('',(10.15965679738,13.1,60.));
#2044 = PCURVE('',#359,#2045);
#2045 = DEFINITIONAL_REPRESENTATION('',(#2046),#2050);
#2046 = LINE('',#2047,#2048);
#2047 = CARTESIAN_POINT('',(0.,0.));
#2048 = VECTOR('',#2049,1.);
#2049 = DIRECTION('',(0.,1.));
#2050 = ( GEOMETRIC_REPRESENTATION_CONTEXT(2) 
PARAMETRIC_REPRESENTATION_CONTEXT() REPRESENTATION_CONTEXT('2D SPACE',''
  ) );
#2051 = PCURVE('',#951,#2052);
#2052 = DEFINITIONAL_REPRESENTATION('',(#2053),#2056);
#2053 = B_SPLINE_CURVE_WITH_KNOTS('',1,(#2054,#2055),.UNSPECIFIED.,.F.,
  .F.,(2,2),(0.,1.),.PIECEWISE_BEZIER_KNOTS.);
#2054 = CARTESIAN_POINT('',(20.2,-84.60965449493));
#2055 = CARTESIAN_POINT('',(20.2,0.));
#2056 = ( GEOMETRIC_REPRESENTATION_CONTEXT(2) 
PARAMETRIC_REPRESENTATION_CONTEXT() REPRESENTATION_CONTEXT('2D SPACE',''
  ) );
#2057 = ORIENTED_EDGE('',*,*,#1262,.F.);
#2058 = ORIENTED_EDGE('',*,*,#333,.T.);
#2059 = ORIENTED_EDGE('',*,*,#453,.T.);
#2060 = ADVANCED_FACE('',(#2061),#1061,.F.);
#2061 = FACE_BOUND('',#2062,.F.);
#2062 = EDGE_LOOP('',(#2063,#2090,#2091,#2092));
#2063 = ORIENTED_EDGE('',*,*,#2064,.T.);
#2064 = EDGE_CURVE('',#1745,#936,#2065,.T.);
#2065 = SURFACE_CURVE('',#2066,(#2072,#2081),.PCURVE_S1.);
#2066 = B_SPLINE_CURVE_WITH_KNOTS('',4,(#2067,#2068,#2069,#2070,#2071),
  .UNSPECIFIED.,.F.,.F.,(5,5),(0.,1.),.PIECEWISE_BEZIER_KNOTS.);
#2067 = CARTESIAN_POINT('',(-17.38655226579,12.927361191462,-20.));
#2068 = CARTESIAN_POINT('',(-10.5,12.927361191462,1.207922650792E-13));
#2069 = CARTESIAN_POINT('',(-3.613447734207,12.927361191462,20.));
#2070 = CARTESIAN_POINT('',(3.273104531587,12.927361191462,40.));
#2071 = CARTESIAN_POINT('',(10.15965679738,12.927361191462,60.));
#2072 = PCURVE('',#1061,#2073);
#2073 = DEFINITIONAL_REPRESENTATION('',(#2074),#2080);
#2074 = B_SPLINE_CURVE_WITH_KNOTS('',4,(#2075,#2076,#2077,#2078,#2079),
  .UNSPECIFIED.,.F.,.F.,(5,5),(0.,1.),.PIECEWISE_BEZIER_KNOTS.);
#2075 = CARTESIAN_POINT('',(8.667405389166,0.));
#2076 = CARTESIAN_POINT('',(8.667405389166,0.25));
#2077 = CARTESIAN_POINT('',(8.667405389166,0.5));
#2078 = CARTESIAN_POINT('',(8.667405389166,0.75));
#2079 = CARTESIAN_POINT('',(8.667405389166,1.));
#2080 = ( GEOMETRIC_REPRESENTATION_CONTEXT(2) 
PARAMETRIC_REPRESENTATION_CONTEXT() REPRESENTATION_CONTEXT('2D SPACE',''
  ) );
#2081 = PCURVE('',#951,#2082);
#2082 = DEFINITIONAL_REPRESENTATION('',(#2083),#2089);
#2083 = B_SPLINE_CURVE_WITH_KNOTS('',4,(#2084,#2085,#2086,#2087,#2088),
  .UNSPECIFIED.,.F.,.F.,(5,5),(0.,1.),.PIECEWISE_BEZIER_KNOTS.);
#2084 = CARTESIAN_POINT('',(20.027361191462,-84.60965449493));
#2085 = CARTESIAN_POINT('',(20.027361191462,-63.4572408712));
#2086 = CARTESIAN_POINT('',(20.027361191462,-42.30482724746));
#2087 = CARTESIAN_POINT('',(20.027361191462,-21.15241362373));
#2088 = CARTESIAN_POINT('',(20.027361191462,6.394884621841E-14));
#2089 = ( GEOMETRIC_REPRESENTATION_CONTEXT(2) 
PARAMETRIC_REPRESENTATION_CONTEXT() REPRESENTATION_CONTEXT('2D SPACE',''
  ) );
#2090 = ORIENTED_EDGE('',*,*,#963,.T.);
#2091 = ORIENTED_EDGE('',*,*,#1223,.F.);
#2092 = ORIENTED_EDGE('',*,*,#1767,.F.);
#2093 = ADVANCED_FACE('',(#2094),#951,.F.);
#2094 = FACE_BOUND('',#2095,.F.);
#2095 = EDGE_LOOP('',(#2096,#2097,#2098,#2099));
#2096 = ORIENTED_EDGE('',*,*,#2064,.F.);
#2097 = ORIENTED_EDGE('',*,*,#1744,.T.);
#2098 = ORIENTED_EDGE('',*,*,#2039,.T.);
#2099 = ORIENTED_EDGE('',*,*,#935,.F.);
#2100 = ADVANCED_FACE('',(#2101),#1184,.T.);
#2101 = FACE_BOUND('',#2102,.F.);
#2102 = EDGE_LOOP('',(#2103,#2104,#2127,#2154));
#2103 = ORIENTED_EDGE('',*,*,#1163,.T.);
#2104 = ORIENTED_EDGE('',*,*,#2105,.T.);
#2105 = EDGE_CURVE('',#1164,#2106,#2108,.T.);
#2106 = VERTEX_POINT('',#2107);
#2107 = CARTESIAN_POINT('',(-7.622689546841,17.375,5.85));
#2108 = SEAM_CURVE('',#2109,(#2113,#2120),.PCURVE_S1.);
#2109 = LINE('',#2110,#2111);
#2110 = CARTESIAN_POINT('',(-7.622689546841,17.375,3.4));
#2111 = VECTOR('',#2112,1.);
#2112 = DIRECTION('',(0.,0.,1.));
#2113 = PCURVE('',#1184,#2114);
#2114 = DEFINITIONAL_REPRESENTATION('',(#2115),#2119);
#2115 = LINE('',#2116,#2117);
#2116 = CARTESIAN_POINT('',(-6.28318530718,0.));
#2117 = VECTOR('',#2118,1.);
#2118 = DIRECTION('',(-0.,-1.));
#2119 = ( GEOMETRIC_REPRESENTATION_CONTEXT(2) 
PARAMETRIC_REPRESENTATION_CONTEXT() REPRESENTATION_CONTEXT('2D SPACE',''
  ) );
#2120 = PCURVE('',#1184,#2121);
#2121 = DEFINITIONAL_REPRESENTATION('',(#2122),#2126);
#2122 = LINE('',#2123,#2124);
#2123 = CARTESIAN_POINT('',(-0.,0.));
#2124 = VECTOR('',#2125,1.);
#2125 = DIRECTION('',(-0.,-1.));
#2126 = ( GEOMETRIC_REPRESENTATION_CONTEXT(2) 
PARAMETRIC_REPRESENTATION_CONTEXT() REPRESENTATION_CONTEXT('2D SPACE',''
  ) );
#2127 = ORIENTED_EDGE('',*,*,#2128,.T.);
#2128 = EDGE_CURVE('',#2106,#2106,#2129,.T.);
#2129 = SURFACE_CURVE('',#2130,(#2135,#2142),.PCURVE_S1.);
#2130 = CIRCLE('',#2131,1.5);
#2131 = AXIS2_PLACEMENT_3D('',#2132,#2133,#2134);
#2132 = CARTESIAN_POINT('',(-9.122689546841,17.375,5.85));
#2133 = DIRECTION('',(0.,0.,1.));
#2134 = DIRECTION('',(1.,0.,0.));
#2135 = PCURVE('',#1184,#2136);
#2136 = DEFINITIONAL_REPRESENTATION('',(#2137),#2141);
#2137 = LINE('',#2138,#2139);
#2138 = CARTESIAN_POINT('',(-0.,-2.45));
#2139 = VECTOR('',#2140,1.);
#2140 = DIRECTION('',(-1.,0.));
#2141 = ( GEOMETRIC_REPRESENTATION_CONTEXT(2) 
PARAMETRIC_REPRESENTATION_CONTEXT() REPRESENTATION_CONTEXT('2D SPACE',''
  ) );
#2142 = PCURVE('',#2143,#2148);
#2143 = PLANE('',#2144);
#2144 = AXIS2_PLACEMENT_3D('',#2145,#2146,#2147);
#2145 = CARTESIAN_POINT('',(-9.122689546841,17.375,5.85));
#2146 = DIRECTION('',(0.,0.,1.));
#2147 = DIRECTION('',(1.,0.,0.));
#2148 = DEFINITIONAL_REPRESENTATION('',(#2149),#2153);
#2149 = CIRCLE('',#2150,1.5);
#2150 = AXIS2_PLACEMENT_2D('',#2151,#2152);
#2151 = CARTESIAN_POINT('',(0.,0.));
#2152 = DIRECTION('',(1.,0.));
#2153 = ( GEOMETRIC_REPRESENTATION_CONTEXT(2) 
PARAMETRIC_REPRESENTATION_CONTEXT() REPRESENTATION_CONTEXT('2D SPACE',''
  ) );
#2154 = ORIENTED_EDGE('',*,*,#2105,.F.);
#2155 = ADVANCED_FACE('',(#2156),#1932,.F.);
#2156 = FACE_BOUND('',#2157,.F.);
#2157 = EDGE_LOOP('',(#2158,#2159,#2182,#2210));
#2158 = ORIENTED_EDGE('',*,*,#1914,.T.);
#2159 = ORIENTED_EDGE('',*,*,#2160,.T.);
#2160 = EDGE_CURVE('',#1917,#2161,#2163,.T.);
#2161 = VERTEX_POINT('',#2162);
#2162 = CARTESIAN_POINT('',(21.765113225257,8.472166541539,1.8));
#2163 = SURFACE_CURVE('',#2164,(#2168,#2175),.PCURVE_S1.);
#2164 = LINE('',#2165,#2166);
#2165 = CARTESIAN_POINT('',(21.765113225257,8.472166541539,-1.));
#2166 = VECTOR('',#2167,1.);
#2167 = DIRECTION('',(0.,0.,1.));
#2168 = PCURVE('',#1932,#2169);
#2169 = DEFINITIONAL_REPRESENTATION('',(#2170),#2174);
#2170 = LINE('',#2171,#2172);
#2171 = CARTESIAN_POINT('',(0.,0.));
#2172 = VECTOR('',#2173,1.);
#2173 = DIRECTION('',(0.,-1.));
#2174 = ( GEOMETRIC_REPRESENTATION_CONTEXT(2) 
PARAMETRIC_REPRESENTATION_CONTEXT() REPRESENTATION_CONTEXT('2D SPACE',''
  ) );
#2175 = PCURVE('',#2024,#2176);
#2176 = DEFINITIONAL_REPRESENTATION('',(#2177),#2181);
#2177 = LINE('',#2178,#2179);
#2178 = CARTESIAN_POINT('',(3.14159265359,0.));
#2179 = VECTOR('',#2180,1.);
#2180 = DIRECTION('',(0.,-1.));
#2181 = ( GEOMETRIC_REPRESENTATION_CONTEXT(2) 
PARAMETRIC_REPRESENTATION_CONTEXT() REPRESENTATION_CONTEXT('2D SPACE',''
  ) );
#2182 = ORIENTED_EDGE('',*,*,#2183,.T.);
#2183 = EDGE_CURVE('',#2161,#2184,#2186,.T.);
#2184 = VERTEX_POINT('',#2185);
#2185 = CARTESIAN_POINT('',(17.014676845516,10.587197085533,1.8));
#2186 = SURFACE_CURVE('',#2187,(#2191,#2198),.PCURVE_S1.);
#2187 = LINE('',#2188,#2189);
#2188 = CARTESIAN_POINT('',(21.765113225257,8.472166541539,1.8));
#2189 = VECTOR('',#2190,1.);
#2190 = DIRECTION('',(-0.913545457643,0.406736643076,0.));
#2191 = PCURVE('',#1932,#2192);
#2192 = DEFINITIONAL_REPRESENTATION('',(#2193),#2197);
#2193 = LINE('',#2194,#2195);
#2194 = CARTESIAN_POINT('',(0.,-2.8));
#2195 = VECTOR('',#2196,1.);
#2196 = DIRECTION('',(1.,0.));
#2197 = ( GEOMETRIC_REPRESENTATION_CONTEXT(2) 
PARAMETRIC_REPRESENTATION_CONTEXT() REPRESENTATION_CONTEXT('2D SPACE',''
  ) );
#2198 = PCURVE('',#2199,#2204);
#2199 = PLANE('',#2200);
#2200 = AXIS2_PLACEMENT_3D('',#2201,#2202,#2203);
#2201 = CARTESIAN_POINT('',(20.,10.9,1.8));
#2202 = DIRECTION('',(-0.,-0.,-1.));
#2203 = DIRECTION('',(-1.,0.,0.));
#2204 = DEFINITIONAL_REPRESENTATION('',(#2205),#2209);
#2205 = LINE('',#2206,#2207);
#2206 = CARTESIAN_POINT('',(-1.765113225257,-2.427833458461));
#2207 = VECTOR('',#2208,1.);
#2208 = DIRECTION('',(0.913545457643,0.406736643076));
#2209 = ( GEOMETRIC_REPRESENTATION_CONTEXT(2) 
PARAMETRIC_REPRESENTATION_CONTEXT() REPRESENTATION_CONTEXT('2D SPACE',''
  ) );
#2210 = ORIENTED_EDGE('',*,*,#2211,.F.);
#2211 = EDGE_CURVE('',#1915,#2184,#2212,.T.);
#2212 = SURFACE_CURVE('',#2213,(#2217,#2224),.PCURVE_S1.);
#2213 = LINE('',#2214,#2215);
#2214 = CARTESIAN_POINT('',(17.014676845516,10.587197085533,-1.));
#2215 = VECTOR('',#2216,1.);
#2216 = DIRECTION('',(0.,0.,1.));
#2217 = PCURVE('',#1932,#2218);
#2218 = DEFINITIONAL_REPRESENTATION('',(#2219),#2223);
#2219 = LINE('',#2220,#2221);
#2220 = CARTESIAN_POINT('',(5.2,0.));
#2221 = VECTOR('',#2222,1.);
#2222 = DIRECTION('',(0.,-1.));
#2223 = ( GEOMETRIC_REPRESENTATION_CONTEXT(2) 
PARAMETRIC_REPRESENTATION_CONTEXT() REPRESENTATION_CONTEXT('2D SPACE',''
  ) );
#2224 = PCURVE('',#1965,#2225);
#2225 = DEFINITIONAL_REPRESENTATION('',(#2226),#2230);
#2226 = LINE('',#2227,#2228);
#2227 = CARTESIAN_POINT('',(0.,0.));
#2228 = VECTOR('',#2229,1.);
#2229 = DIRECTION('',(0.,-1.));
#2230 = ( GEOMETRIC_REPRESENTATION_CONTEXT(2) 
PARAMETRIC_REPRESENTATION_CONTEXT() REPRESENTATION_CONTEXT('2D SPACE',''
  ) );
#2231 = ADVANCED_FACE('',(#2232),#2024,.F.);
#2232 = FACE_BOUND('',#2233,.F.);
#2233 = EDGE_LOOP('',(#2234,#2235,#2258,#2280));
#2234 = ORIENTED_EDGE('',*,*,#2005,.F.);
#2235 = ORIENTED_EDGE('',*,*,#2236,.T.);
#2236 = EDGE_CURVE('',#1978,#2237,#2239,.T.);
#2237 = VERTEX_POINT('',#2238);
#2238 = CARTESIAN_POINT('',(22.985323154484,11.212802914467,1.8));
#2239 = SURFACE_CURVE('',#2240,(#2244,#2251),.PCURVE_S1.);
#2240 = LINE('',#2241,#2242);
#2241 = CARTESIAN_POINT('',(22.985323154484,11.212802914467,-1.));
#2242 = VECTOR('',#2243,1.);
#2243 = DIRECTION('',(0.,0.,1.));
#2244 = PCURVE('',#2024,#2245);
#2245 = DEFINITIONAL_REPRESENTATION('',(#2246),#2250);
#2246 = LINE('',#2247,#2248);
#2247 = CARTESIAN_POINT('',(0.,0.));
#2248 = VECTOR('',#2249,1.);
#2249 = DIRECTION('',(0.,-1.));
#2250 = ( GEOMETRIC_REPRESENTATION_CONTEXT(2) 
PARAMETRIC_REPRESENTATION_CONTEXT() REPRESENTATION_CONTEXT('2D SPACE',''
  ) );
#2251 = PCURVE('',#1993,#2252);
#2252 = DEFINITIONAL_REPRESENTATION('',(#2253),#2257);
#2253 = LINE('',#2254,#2255);
#2254 = CARTESIAN_POINT('',(5.2,0.));
#2255 = VECTOR('',#2256,1.);
#2256 = DIRECTION('',(0.,-1.));
#2257 = ( GEOMETRIC_REPRESENTATION_CONTEXT(2) 
PARAMETRIC_REPRESENTATION_CONTEXT() REPRESENTATION_CONTEXT('2D SPACE',''
  ) );
#2258 = ORIENTED_EDGE('',*,*,#2259,.T.);
#2259 = EDGE_CURVE('',#2237,#2161,#2260,.T.);
#2260 = SURFACE_CURVE('',#2261,(#2266,#2273),.PCURVE_S1.);
#2261 = CIRCLE('',#2262,1.5);
#2262 = AXIS2_PLACEMENT_3D('',#2263,#2264,#2265);
#2263 = CARTESIAN_POINT('',(22.375218189871,9.842484728003,1.8));
#2264 = DIRECTION('',(0.,0.,-1.));
#2265 = DIRECTION('',(0.406736643076,0.913545457643,0.));
#2266 = PCURVE('',#2024,#2267);
#2267 = DEFINITIONAL_REPRESENTATION('',(#2268),#2272);
#2268 = LINE('',#2269,#2270);
#2269 = CARTESIAN_POINT('',(0.,-2.8));
#2270 = VECTOR('',#2271,1.);
#2271 = DIRECTION('',(1.,0.));
#2272 = ( GEOMETRIC_REPRESENTATION_CONTEXT(2) 
PARAMETRIC_REPRESENTATION_CONTEXT() REPRESENTATION_CONTEXT('2D SPACE',''
  ) );
#2273 = PCURVE('',#2199,#2274);
#2274 = DEFINITIONAL_REPRESENTATION('',(#2275),#2279);
#2275 = CIRCLE('',#2276,1.5);
#2276 = AXIS2_PLACEMENT_2D('',#2277,#2278);
#2277 = CARTESIAN_POINT('',(-2.375218189871,-1.057515271997));
#2278 = DIRECTION('',(-0.406736643076,0.913545457643));
#2279 = ( GEOMETRIC_REPRESENTATION_CONTEXT(2) 
PARAMETRIC_REPRESENTATION_CONTEXT() REPRESENTATION_CONTEXT('2D SPACE',''
  ) );
#2280 = ORIENTED_EDGE('',*,*,#2160,.F.);
#2281 = ADVANCED_FACE('',(#2282),#1993,.F.);
#2282 = FACE_BOUND('',#2283,.F.);
#2283 = EDGE_LOOP('',(#2284,#2285,#2308,#2329));
#2284 = ORIENTED_EDGE('',*,*,#1977,.T.);
#2285 = ORIENTED_EDGE('',*,*,#2286,.T.);
#2286 = EDGE_CURVE('',#1945,#2287,#2289,.T.);
#2287 = VERTEX_POINT('',#2288);
#2288 = CARTESIAN_POINT('',(18.234886774743,13.327833458461,1.8));
#2289 = SURFACE_CURVE('',#2290,(#2294,#2301),.PCURVE_S1.);
#2290 = LINE('',#2291,#2292);
#2291 = CARTESIAN_POINT('',(18.234886774743,13.327833458461,-1.));
#2292 = VECTOR('',#2293,1.);
#2293 = DIRECTION('',(0.,0.,1.));
#2294 = PCURVE('',#1993,#2295);
#2295 = DEFINITIONAL_REPRESENTATION('',(#2296),#2300);
#2296 = LINE('',#2297,#2298);
#2297 = CARTESIAN_POINT('',(0.,0.));
#2298 = VECTOR('',#2299,1.);
#2299 = DIRECTION('',(0.,-1.));
#2300 = ( GEOMETRIC_REPRESENTATION_CONTEXT(2) 
PARAMETRIC_REPRESENTATION_CONTEXT() REPRESENTATION_CONTEXT('2D SPACE',''
  ) );
#2301 = PCURVE('',#1965,#2302);
#2302 = DEFINITIONAL_REPRESENTATION('',(#2303),#2307);
#2303 = LINE('',#2304,#2305);
#2304 = CARTESIAN_POINT('',(3.14159265359,0.));
#2305 = VECTOR('',#2306,1.);
#2306 = DIRECTION('',(0.,-1.));
#2307 = ( GEOMETRIC_REPRESENTATION_CONTEXT(2) 
PARAMETRIC_REPRESENTATION_CONTEXT() REPRESENTATION_CONTEXT('2D SPACE',''
  ) );
#2308 = ORIENTED_EDGE('',*,*,#2309,.T.);
#2309 = EDGE_CURVE('',#2287,#2237,#2310,.T.);
#2310 = SURFACE_CURVE('',#2311,(#2315,#2322),.PCURVE_S1.);
#2311 = LINE('',#2312,#2313);
#2312 = CARTESIAN_POINT('',(18.234886774743,13.327833458461,1.8));
#2313 = VECTOR('',#2314,1.);
#2314 = DIRECTION('',(0.913545457643,-0.406736643076,0.));
#2315 = PCURVE('',#1993,#2316);
#2316 = DEFINITIONAL_REPRESENTATION('',(#2317),#2321);
#2317 = LINE('',#2318,#2319);
#2318 = CARTESIAN_POINT('',(0.,-2.8));
#2319 = VECTOR('',#2320,1.);
#2320 = DIRECTION('',(1.,0.));
#2321 = ( GEOMETRIC_REPRESENTATION_CONTEXT(2) 
PARAMETRIC_REPRESENTATION_CONTEXT() REPRESENTATION_CONTEXT('2D SPACE',''
  ) );
#2322 = PCURVE('',#2199,#2323);
#2323 = DEFINITIONAL_REPRESENTATION('',(#2324),#2328);
#2324 = LINE('',#2325,#2326);
#2325 = CARTESIAN_POINT('',(1.765113225257,2.427833458461));
#2326 = VECTOR('',#2327,1.);
#2327 = DIRECTION('',(-0.913545457643,-0.406736643076));
#2328 = ( GEOMETRIC_REPRESENTATION_CONTEXT(2) 
PARAMETRIC_REPRESENTATION_CONTEXT() REPRESENTATION_CONTEXT('2D SPACE',''
  ) );
#2329 = ORIENTED_EDGE('',*,*,#2236,.F.);
#2330 = ADVANCED_FACE('',(#2331),#1965,.F.);
#2331 = FACE_BOUND('',#2332,.F.);
#2332 = EDGE_LOOP('',(#2333,#2334,#2335,#2357));
#2333 = ORIENTED_EDGE('',*,*,#1944,.F.);
#2334 = ORIENTED_EDGE('',*,*,#2211,.T.);
#2335 = ORIENTED_EDGE('',*,*,#2336,.T.);
#2336 = EDGE_CURVE('',#2184,#2287,#2337,.T.);
#2337 = SURFACE_CURVE('',#2338,(#2343,#2350),.PCURVE_S1.);
#2338 = CIRCLE('',#2339,1.5);
#2339 = AXIS2_PLACEMENT_3D('',#2340,#2341,#2342);
#2340 = CARTESIAN_POINT('',(17.624781810129,11.957515271997,1.8));
#2341 = DIRECTION('',(-0.,0.,-1.));
#2342 = DIRECTION('',(-0.406736643076,-0.913545457643,0.));
#2343 = PCURVE('',#1965,#2344);
#2344 = DEFINITIONAL_REPRESENTATION('',(#2345),#2349);
#2345 = LINE('',#2346,#2347);
#2346 = CARTESIAN_POINT('',(0.,-2.8));
#2347 = VECTOR('',#2348,1.);
#2348 = DIRECTION('',(1.,0.));
#2349 = ( GEOMETRIC_REPRESENTATION_CONTEXT(2) 
PARAMETRIC_REPRESENTATION_CONTEXT() REPRESENTATION_CONTEXT('2D SPACE',''
  ) );
#2350 = PCURVE('',#2199,#2351);
#2351 = DEFINITIONAL_REPRESENTATION('',(#2352),#2356);
#2352 = CIRCLE('',#2353,1.5);
#2353 = AXIS2_PLACEMENT_2D('',#2354,#2355);
#2354 = CARTESIAN_POINT('',(2.375218189871,1.057515271997));
#2355 = DIRECTION('',(0.406736643076,-0.913545457643));
#2356 = ( GEOMETRIC_REPRESENTATION_CONTEXT(2) 
PARAMETRIC_REPRESENTATION_CONTEXT() REPRESENTATION_CONTEXT('2D SPACE',''
  ) );
#2357 = ORIENTED_EDGE('',*,*,#2286,.F.);
#2358 = ADVANCED_FACE('',(#2359),#2143,.T.);
#2359 = FACE_BOUND('',#2360,.T.);
#2360 = EDGE_LOOP('',(#2361));
#2361 = ORIENTED_EDGE('',*,*,#2128,.T.);
#2362 = ADVANCED_FACE('',(#2363),#2199,.T.);
#2363 = FACE_BOUND('',#2364,.T.);
#2364 = EDGE_LOOP('',(#2365,#2366,#2367,#2368));
#2365 = ORIENTED_EDGE('',*,*,#2183,.T.);
#2366 = ORIENTED_EDGE('',*,*,#2336,.T.);
#2367 = ORIENTED_EDGE('',*,*,#2309,.T.);
#2368 = ORIENTED_EDGE('',*,*,#2259,.T.);
#2369 = ( GEOMETRIC_REPRESENTATION_CONTEXT(3) 
GLOBAL_UNCERTAINTY_ASSIGNED_CONTEXT((#2373)) 
GLOBAL_UNIT_ASSIGNED_CONTEXT((#2370,#2371,#2372)) REPRESENTATION_CONTEXT
('Context #1','3D Context with UNIT and UNCERTAINTY') );
#2370 = ( LENGTH_UNIT() NAMED_UNIT(*) SI_UNIT(.MILLI.,.METRE.) );
#2371 = ( NAMED_UNIT(*) PLANE_ANGLE_UNIT() SI_UNIT($,.RADIAN.) );
#2372 = ( NAMED_UNIT(*) SI_UNIT($,.STERADIAN.) SOLID_ANGLE_UNIT() );
#2373 = UNCERTAINTY_MEASURE_WITH_UNIT(LENGTH_MEASURE(2.E-06),#2370,
  'distance_accuracy_value','confusion accuracy');
#2374 = CONTEXT_DEPENDENT_SHAPE_REPRESENTATION(#2375,#2377);
#2375 = ( REPRESENTATION_RELATIONSHIP('','',#36,#10) 
REPRESENTATION_RELATIONSHIP_WITH_TRANSFORMATION(#2376) 
SHAPE_REPRESENTATION_RELATIONSHIP() );
#2376 = ITEM_DEFINED_TRANSFORMATION('','',#11,#15);
#2377 = PRODUCT_DEFINITION_SHAPE('Placement','Placement of an item',
  #2378);
#2378 = NEXT_ASSEMBLY_USAGE_OCCURRENCE('13','','',#5,#31,$);
#2379 = PRODUCT_RELATED_PRODUCT_CATEGORY('part',$,(#33));
#2380 = SHAPE_DEFINITION_REPRESENTATION(#2381,#2387);
#2381 = PRODUCT_DEFINITION_SHAPE('','',#2382);
#2382 = PRODUCT_DEFINITION('design','',#2383,#2386);
#2383 = PRODUCT_DEFINITION_FORMATION('','',#2384);
#2384 = PRODUCT('Open CASCADE STEP translator 7.9 7.2',
  'Open CASCADE STEP translator 7.9 7.2','',(#2385));
#2385 = PRODUCT_CONTEXT('',#2,'mechanical');
#2386 = PRODUCT_DEFINITION_CONTEXT('part definition',#2,'design');
#2387 = ADVANCED_BREP_SHAPE_REPRESENTATION('',(#11,#2388),#8663);
#2388 = MANIFOLD_SOLID_BREP('',#2389);
#2389 = CLOSED_SHELL('',(#2390,#2680,#2794,#4997,#5058,#5843,#5876,#5901
    ,#5908,#5963,#6039,#6088,#6137,#6186,#6235,#6284,#6311,#6387,#6436,
    #6485,#6534,#6583,#6632,#6681,#6730,#6779,#6828,#6877,#6926,#6975,
    #7024,#7073,#7122,#7171,#7220,#7269,#7318,#7367,#7416,#7465,#7514,
    #7563,#7612,#7639,#7715,#7765,#7814,#7842,#7846,#7856,#8128,#8135,
    #8232,#8290,#8348,#8418,#8488,#8546,#8604,#8652));
#2390 = ADVANCED_FACE('',(#2391),#2407,.F.);
#2391 = FACE_BOUND('',#2392,.F.);
#2392 = EDGE_LOOP('',(#2393,#2488,#2568,#2602));
#2393 = ORIENTED_EDGE('',*,*,#2394,.F.);
#2394 = EDGE_CURVE('',#2395,#2397,#2399,.T.);
#2395 = VERTEX_POINT('',#2396);
#2396 = CARTESIAN_POINT('',(29.999908870832,-3.125,0.));
#2397 = VERTEX_POINT('',#2398);
#2398 = CARTESIAN_POINT('',(31.37721932399,-3.125,4.));
#2399 = SURFACE_CURVE('',#2400,(#2406,#2474),.PCURVE_S1.);
#2400 = B_SPLINE_CURVE_WITH_KNOTS('',4,(#2401,#2402,#2403,#2404,#2405),
  .UNSPECIFIED.,.F.,.F.,(5,5),(0.,1.),.PIECEWISE_BEZIER_KNOTS.);
#2401 = CARTESIAN_POINT('',(29.999908870832,-3.125,0.));
#2402 = CARTESIAN_POINT('',(30.344236484121,-3.125,1.));
#2403 = CARTESIAN_POINT('',(30.688564097411,-3.125,2.));
#2404 = CARTESIAN_POINT('',(31.032891710701,-3.125,3.));
#2405 = CARTESIAN_POINT('',(31.37721932399,-3.125,4.));
#2406 = PCURVE('',#2407,#2466);
#2407 = B_SPLINE_SURFACE_WITH_KNOTS('',3,1,(
    (#2408,#2409)
    ,(#2410,#2411)
    ,(#2412,#2413)
    ,(#2414,#2415)
    ,(#2416,#2417)
    ,(#2418,#2419)
    ,(#2420,#2421)
    ,(#2422,#2423)
    ,(#2424,#2425)
    ,(#2426,#2427)
    ,(#2428,#2429)
    ,(#2430,#2431)
    ,(#2432,#2433)
    ,(#2434,#2435)
    ,(#2436,#2437)
    ,(#2438,#2439)
    ,(#2440,#2441)
    ,(#2442,#2443)
    ,(#2444,#2445)
    ,(#2446,#2447)
    ,(#2448,#2449)
    ,(#2450,#2451)
    ,(#2452,#2453)
    ,(#2454,#2455)
    ,(#2456,#2457)
    ,(#2458,#2459)
    ,(#2460,#2461)
    ,(#2462,#2463)
    ,(#2464,#2465
    )),.UNSPECIFIED.,.T.,.F.,.F.,(1,1,2,1,1,1,1,1,1,1,1,1,1,1,1,1,1,1,1,
    1,1,1,1,1,1,1,1,1,2,1,1),(2,2),(-11.12863082616,-5.192301994299,0.,
    5.192301994299,11.128630826161,17.776938881599,24.45001912988,
    31.413495273302,37.423694937206,45.431347527073,54.799378269977,
    61.156264300103,65.497922969321,69.325454811122,73.816557125699,
    78.820555526978,83.824553928257,88.315656242834,92.143188084635,
    96.484846753853,102.84173278397,112.20976352688,120.21741611674,
    126.22761578065,133.19109192407,139.86417217235,146.51248022779,
    152.44880905965,157.64111105395,162.83341304825,168.76974188011),(0.
    ,1.),.UNSPECIFIED.);
#2408 = CARTESIAN_POINT('',(-28.19467798052,-4.757923115404,0.));
#2409 = CARTESIAN_POINT('',(-26.81736752736,-4.757923115404,4.));
#2410 = CARTESIAN_POINT('',(-27.80532201947,-1.242076884596,0.));
#2411 = CARTESIAN_POINT('',(-26.42801156631,-1.242076884596,4.));
#2412 = CARTESIAN_POINT('',(-26.75646873277,2.336215308645,0.));
#2413 = CARTESIAN_POINT('',(-25.37915827962,2.336215308645,4.));
#2414 = CARTESIAN_POINT('',(-23.41828871055,7.340548207808,0.));
#2415 = CARTESIAN_POINT('',(-22.04097825739,7.340548207808,4.));
#2416 = CARTESIAN_POINT('',(-18.75681809731,11.798094545236,0.));
#2417 = CARTESIAN_POINT('',(-17.37950764415,11.798094545236,4.));
#2418 = CARTESIAN_POINT('',(-12.85133167509,15.317370819243,0.));
#2419 = CARTESIAN_POINT('',(-11.47402122193,15.317370819243,4.));
#2420 = CARTESIAN_POINT('',(-6.314132526844,16.517954476765,0.));
#2421 = CARTESIAN_POINT('',(-4.936822073685,16.517954476765,4.));
#2422 = CARTESIAN_POINT('',(0.64996341515,16.81092651448,0.));
#2423 = CARTESIAN_POINT('',(2.027273868308,16.81092651448,4.));
#2424 = CARTESIAN_POINT('',(8.530413832458,16.837673001601,0.));
#2425 = CARTESIAN_POINT('',(9.907724285617,16.837673001601,4.));
#2426 = CARTESIAN_POINT('',(16.064653825025,14.060161584088,0.));
#2427 = CARTESIAN_POINT('',(17.441964278183,14.060161584088,4.));
#2428 = CARTESIAN_POINT('',(22.361060251736,12.043362644683,0.));
#2429 = CARTESIAN_POINT('',(23.738370704894,12.043362644683,4.));
#2430 = CARTESIAN_POINT('',(26.944413011804,10.041845739911,0.));
#2431 = CARTESIAN_POINT('',(28.321723464963,10.041845739911,4.));
#2432 = CARTESIAN_POINT('',(29.256656930442,6.261815380072,0.));
#2433 = CARTESIAN_POINT('',(30.633967383601,6.261815380072,4.));
#2434 = CARTESIAN_POINT('',(29.908601413114,1.830585886073,0.));
#2435 = CARTESIAN_POINT('',(31.285911866273,1.830585886073,4.));
#2436 = CARTESIAN_POINT('',(30.048167847629,-3.,0.));
#2437 = CARTESIAN_POINT('',(31.425478300788,-3.,4.));
#2438 = CARTESIAN_POINT('',(29.908601340434,-7.830585886073,0.));
#2439 = CARTESIAN_POINT('',(31.285911793593,-7.830585886073,4.));
#2440 = CARTESIAN_POINT('',(29.25665717114,-12.26181538007,0.));
#2441 = CARTESIAN_POINT('',(30.633967624299,-12.26181538007,4.));
#2442 = CARTESIAN_POINT('',(26.944412212012,-16.04184573991,0.));
#2443 = CARTESIAN_POINT('',(28.32172266517,-16.04184573991,4.));
#2444 = CARTESIAN_POINT('',(22.361064394243,-18.04336264468,0.));
#2445 = CARTESIAN_POINT('',(23.738374847402,-18.04336264468,4.));
#2446 = CARTESIAN_POINT('',(16.064625424713,-20.06016158408,0.));
#2447 = CARTESIAN_POINT('',(17.441935877872,-20.06016158408,4.));
#2448 = CARTESIAN_POINT('',(8.5305641273,-22.8376730016,0.));
#2449 = CARTESIAN_POINT('',(9.907874580458,-22.8376730016,4.));
#2450 = CARTESIAN_POINT('',(0.649546473588,-22.81092651448,0.));
#2451 = CARTESIAN_POINT('',(2.026856926747,-22.81092651448,4.));
#2452 = CARTESIAN_POINT('',(-6.312923755102,-22.51795447676,0.));
#2453 = CARTESIAN_POINT('',(-4.935613301944,-22.51795447676,4.));
#2454 = CARTESIAN_POINT('',(-12.85660883347,-21.31737081924,0.));
#2455 = CARTESIAN_POINT('',(-11.47929838032,-21.31737081924,4.));
#2456 = CARTESIAN_POINT('',(-18.73814091818,-17.79809454523,0.));
#2457 = CARTESIAN_POINT('',(-17.36083046502,-17.79809454523,4.));
#2458 = CARTESIAN_POINT('',(-23.48463883032,-13.3405482078,0.));
#2459 = CARTESIAN_POINT('',(-22.10732837716,-13.3405482078,4.));
#2460 = CARTESIAN_POINT('',(-26.54956905411,-8.336215308645,0.));
#2461 = CARTESIAN_POINT('',(-25.17225860095,-8.336215308645,4.));
#2462 = CARTESIAN_POINT('',(-28.19467798052,-4.757923115404,0.));
#2463 = CARTESIAN_POINT('',(-26.81736752736,-4.757923115404,4.));
#2464 = CARTESIAN_POINT('',(-27.80532201947,-1.242076884596,0.));
#2465 = CARTESIAN_POINT('',(-26.42801156631,-1.242076884596,4.));
#2466 = DEFINITIONAL_REPRESENTATION('',(#2467),#2473);
#2467 = B_SPLINE_CURVE_WITH_KNOTS('',4,(#2468,#2469,#2470,#2471,#2472),
  .UNSPECIFIED.,.F.,.F.,(5,5),(0.,1.),.PIECEWISE_BEZIER_KNOTS.);
#2468 = CARTESIAN_POINT('',(78.94561887429,0.));
#2469 = CARTESIAN_POINT('',(78.94561887429,0.25));
#2470 = CARTESIAN_POINT('',(78.94561887429,0.5));
#2471 = CARTESIAN_POINT('',(78.94561887429,0.75));
#2472 = CARTESIAN_POINT('',(78.94561887429,1.));
#2473 = ( GEOMETRIC_REPRESENTATION_CONTEXT(2) 
PARAMETRIC_REPRESENTATION_CONTEXT() REPRESENTATION_CONTEXT('2D SPACE',''
  ) );
#2474 = PCURVE('',#2475,#2480);
#2475 = PLANE('',#2476);
#2476 = AXIS2_PLACEMENT_3D('',#2477,#2478,#2479);
#2477 = CARTESIAN_POINT('',(-100.,-3.125,-100.));
#2478 = DIRECTION('',(0.,1.,0.));
#2479 = DIRECTION('',(0.,0.,1.));
#2480 = DEFINITIONAL_REPRESENTATION('',(#2481),#2487);
#2481 = B_SPLINE_CURVE_WITH_KNOTS('',4,(#2482,#2483,#2484,#2485,#2486),
  .UNSPECIFIED.,.F.,.F.,(5,5),(0.,1.),.PIECEWISE_BEZIER_KNOTS.);
#2482 = CARTESIAN_POINT('',(100.,129.99990887083));
#2483 = CARTESIAN_POINT('',(101.,130.34423648412));
#2484 = CARTESIAN_POINT('',(102.,130.68856409741));
#2485 = CARTESIAN_POINT('',(103.,131.0328917107));
#2486 = CARTESIAN_POINT('',(104.,131.37721932399));
#2487 = ( GEOMETRIC_REPRESENTATION_CONTEXT(2) 
PARAMETRIC_REPRESENTATION_CONTEXT() REPRESENTATION_CONTEXT('2D SPACE',''
  ) );
#2488 = ORIENTED_EDGE('',*,*,#2489,.T.);
#2489 = EDGE_CURVE('',#2395,#2490,#2492,.T.);
#2490 = VERTEX_POINT('',#2491);
#2491 = CARTESIAN_POINT('',(-28.01224588709,-3.125,0.));
#2492 = SURFACE_CURVE('',#2493,(#2523,#2530),.PCURVE_S1.);
#2493 = B_SPLINE_CURVE_WITH_KNOTS('',3,(#2494,#2495,#2496,#2497,#2498,
    #2499,#2500,#2501,#2502,#2503,#2504,#2505,#2506,#2507,#2508,#2509,
    #2510,#2511,#2512,#2513,#2514,#2515,#2516,#2517,#2518,#2519,#2520,
    #2521,#2522),.UNSPECIFIED.,.T.,.F.,(1,1,2,1,1,1,1,1,1,1,1,1,1,1,1,1,
    1,1,1,1,1,1,1,1,1,1,1,1,2,1,1),(-11.12863082616,-5.192301994299,0.,
    5.192301994299,11.128630826161,17.776938881599,24.45001912988,
    31.413495273302,37.423694937206,45.431347527073,54.799378269977,
    61.156264300103,65.497922969321,69.325454811122,73.816557125699,
    78.820555526978,83.824553928257,88.315656242834,92.143188084635,
    96.484846753853,102.84173278397,112.20976352688,120.21741611674,
    126.22761578065,133.19109192407,139.86417217235,146.51248022779,
    152.44880905965,157.64111105395,162.83341304825,168.76974188011),
  .UNSPECIFIED.);
#2494 = CARTESIAN_POINT('',(-28.19467798052,-4.757923115404,0.));
#2495 = CARTESIAN_POINT('',(-27.80532201947,-1.242076884596,0.));
#2496 = CARTESIAN_POINT('',(-26.75646873277,2.336215308645,0.));
#2497 = CARTESIAN_POINT('',(-23.41828871055,7.340548207808,0.));
#2498 = CARTESIAN_POINT('',(-18.75681809731,11.798094545236,0.));
#2499 = CARTESIAN_POINT('',(-12.85133167509,15.317370819243,0.));
#2500 = CARTESIAN_POINT('',(-6.314132526844,16.517954476765,0.));
#2501 = CARTESIAN_POINT('',(0.64996341515,16.81092651448,0.));
#2502 = CARTESIAN_POINT('',(8.530413832458,16.837673001601,0.));
#2503 = CARTESIAN_POINT('',(16.064653825025,14.060161584088,0.));
#2504 = CARTESIAN_POINT('',(22.361060251736,12.043362644683,0.));
#2505 = CARTESIAN_POINT('',(26.944413011804,10.041845739911,0.));
#2506 = CARTESIAN_POINT('',(29.256656930442,6.261815380072,0.));
#2507 = CARTESIAN_POINT('',(29.908601413114,1.830585886073,0.));
#2508 = CARTESIAN_POINT('',(30.048167847629,-3.,0.));
#2509 = CARTESIAN_POINT('',(29.908601340434,-7.830585886073,0.));
#2510 = CARTESIAN_POINT('',(29.25665717114,-12.26181538007,0.));
#2511 = CARTESIAN_POINT('',(26.944412212012,-16.04184573991,0.));
#2512 = CARTESIAN_POINT('',(22.361064394243,-18.04336264468,0.));
#2513 = CARTESIAN_POINT('',(16.064625424713,-20.06016158408,0.));
#2514 = CARTESIAN_POINT('',(8.5305641273,-22.8376730016,0.));
#2515 = CARTESIAN_POINT('',(0.649546473588,-22.81092651448,0.));
#2516 = CARTESIAN_POINT('',(-6.312923755102,-22.51795447676,0.));
#2517 = CARTESIAN_POINT('',(-12.85660883347,-21.31737081924,0.));
#2518 = CARTESIAN_POINT('',(-18.73814091818,-17.79809454523,0.));
#2519 = CARTESIAN_POINT('',(-23.48463883032,-13.3405482078,0.));
#2520 = CARTESIAN_POINT('',(-26.54956905411,-8.336215308645,0.));
#2521 = CARTESIAN_POINT('',(-28.19467798052,-4.757923115404,0.));
#2522 = CARTESIAN_POINT('',(-27.80532201947,-1.242076884596,0.));
#2523 = PCURVE('',#2407,#2524);
#2524 = DEFINITIONAL_REPRESENTATION('',(#2525),#2529);
#2525 = LINE('',#2526,#2527);
#2526 = CARTESIAN_POINT('',(0.,0.));
#2527 = VECTOR('',#2528,1.);
#2528 = DIRECTION('',(1.,0.));
#2529 = ( GEOMETRIC_REPRESENTATION_CONTEXT(2) 
PARAMETRIC_REPRESENTATION_CONTEXT() REPRESENTATION_CONTEXT('2D SPACE',''
  ) );
#2530 = PCURVE('',#2531,#2536);
#2531 = PLANE('',#2532);
#2532 = AXIS2_PLACEMENT_3D('',#2533,#2534,#2535);
#2533 = CARTESIAN_POINT('',(-28.,-3.,0.));
#2534 = DIRECTION('',(-0.,0.,1.));
#2535 = DIRECTION('',(0.994533904972,-0.104414136312,0.));
#2536 = DEFINITIONAL_REPRESENTATION('',(#2537),#2567);
#2537 = B_SPLINE_CURVE_WITH_KNOTS('',3,(#2538,#2539,#2540,#2541,#2542,
    #2543,#2544,#2545,#2546,#2547,#2548,#2549,#2550,#2551,#2552,#2553,
    #2554,#2555,#2556,#2557,#2558,#2559,#2560,#2561,#2562,#2563,#2564,
    #2565,#2566),.UNSPECIFIED.,.F.,.F.,(1,1,2,1,1,1,1,1,1,1,1,1,1,1,1,1,
    1,1,1,1,1,1,1,1,1,1,1,1,2,1,1),(-11.12863082616,-5.192301994299,0.,
    5.192301994299,11.128630826161,17.776938881599,24.45001912988,
    31.413495273302,37.423694937206,45.431347527073,54.799378269977,
    61.156264300103,65.497922969321,69.325454811122,73.816557125699,
    78.820555526978,83.824553928257,88.315656242834,92.143188084635,
    96.484846753853,102.84173278397,112.20976352688,120.21741611674,
    126.22761578065,133.19109192407,139.86417217235,146.51248022779,
    152.44880905965,157.64111105395,162.83341304825,168.76974188011),
  .UNSPECIFIED.);
#2538 = CARTESIAN_POINT('',(-1.006182838394E-02,-1.768641273798));
#2539 = CARTESIAN_POINT('',(1.006182838394E-02,1.768641273798));
#2540 = CARTESIAN_POINT('',(0.679557694519,5.43688929192));
#2541 = CARTESIAN_POINT('',(3.476967810037,10.762421215776));
#2542 = CARTESIAN_POINT('',(7.647527531043,15.682325609354));
#2543 = CARTESIAN_POINT('',(13.153271810702,19.798981449094));
#2544 = CARTESIAN_POINT('',(19.529380101516,21.675578605216));
#2545 = CARTESIAN_POINT('',(26.424819211023,22.694099292906));
#2546 = CARTESIAN_POINT('',(34.259401626133,23.543530005257));
#2547 = CARTESIAN_POINT('',(42.04247020269,21.567881890683));
#2548 = CARTESIAN_POINT('',(48.515042192908,20.219540804845));
#2549 = CARTESIAN_POINT('',(53.282328570166,18.70753120153));
#2550 = CARTESIAN_POINT('',(55.976622149071,15.189593798554));
#2551 = CARTESIAN_POINT('',(57.087686041662,10.850658046142));
#2552 = CARTESIAN_POINT('',(57.730871045956,6.061049310282));
#2553 = CARTESIAN_POINT('',(58.096448875726,1.242295149398));
#2554 = CARTESIAN_POINT('',(57.910751295629,-3.232785010455));
#2555 = CARTESIAN_POINT('',(56.00583389243,-7.233584425486));
#2556 = CARTESIAN_POINT('',(51.656525748306,-9.702727152463));
#2557 = CARTESIAN_POINT('',(45.605086031896,-12.36593931405));
#2558 = CARTESIAN_POINT('',(38.402218085238,-15.9149310935));
#2559 = CARTESIAN_POINT('',(30.561486111589,-16.71122045679));
#2560 = CARTESIAN_POINT('',(23.606482984519,-17.1468301476));
#2561 = CARTESIAN_POINT('',(16.973208404945,-16.63606222019));
#2562 = CARTESIAN_POINT('',(10.756363140935,-13.75013773754));
#2563 = CARTESIAN_POINT('',(5.570379186545,-9.812558251992));
#2564 = CARTESIAN_POINT('',(1.999679065129,-5.155601554182));
#2565 = CARTESIAN_POINT('',(-1.006182838394E-02,-1.768641273798));
#2566 = CARTESIAN_POINT('',(1.006182838394E-02,1.768641273798));
#2567 = ( GEOMETRIC_REPRESENTATION_CONTEXT(2) 
PARAMETRIC_REPRESENTATION_CONTEXT() REPRESENTATION_CONTEXT('2D SPACE',''
  ) );
#2568 = ORIENTED_EDGE('',*,*,#2569,.T.);
#2569 = EDGE_CURVE('',#2490,#2570,#2572,.T.);
#2570 = VERTEX_POINT('',#2571);
#2571 = CARTESIAN_POINT('',(-26.63493543393,-3.125,4.));
#2572 = SURFACE_CURVE('',#2573,(#2579,#2588),.PCURVE_S1.);
#2573 = B_SPLINE_CURVE_WITH_KNOTS('',4,(#2574,#2575,#2576,#2577,#2578),
  .UNSPECIFIED.,.F.,.F.,(5,5),(0.,1.),.PIECEWISE_BEZIER_KNOTS.);
#2574 = CARTESIAN_POINT('',(-28.01224588709,-3.125,0.));
#2575 = CARTESIAN_POINT('',(-27.6679182738,-3.125,1.));
#2576 = CARTESIAN_POINT('',(-27.32359066051,-3.125,2.));
#2577 = CARTESIAN_POINT('',(-26.97926304722,-3.125,3.));
#2578 = CARTESIAN_POINT('',(-26.63493543393,-3.125,4.));
#2579 = PCURVE('',#2407,#2580);
#2580 = DEFINITIONAL_REPRESENTATION('',(#2581),#2587);
#2581 = B_SPLINE_CURVE_WITH_KNOTS('',4,(#2582,#2583,#2584,#2585,#2586),
  .UNSPECIFIED.,.F.,.F.,(5,5),(0.,1.),.PIECEWISE_BEZIER_KNOTS.);
#2582 = CARTESIAN_POINT('',(157.51789487003,0.));
#2583 = CARTESIAN_POINT('',(157.51789487003,0.25));
#2584 = CARTESIAN_POINT('',(157.51789487003,0.5));
#2585 = CARTESIAN_POINT('',(157.51789487003,0.75));
#2586 = CARTESIAN_POINT('',(157.51789487003,1.));
#2587 = ( GEOMETRIC_REPRESENTATION_CONTEXT(2) 
PARAMETRIC_REPRESENTATION_CONTEXT() REPRESENTATION_CONTEXT('2D SPACE',''
  ) );
#2588 = PCURVE('',#2589,#2594);
#2589 = PLANE('',#2590);
#2590 = AXIS2_PLACEMENT_3D('',#2591,#2592,#2593);
#2591 = CARTESIAN_POINT('',(-100.,-3.125,-100.));
#2592 = DIRECTION('',(0.,1.,0.));
#2593 = DIRECTION('',(0.,0.,1.));
#2594 = DEFINITIONAL_REPRESENTATION('',(#2595),#2601);
#2595 = B_SPLINE_CURVE_WITH_KNOTS('',4,(#2596,#2597,#2598,#2599,#2600),
  .UNSPECIFIED.,.F.,.F.,(5,5),(0.,1.),.PIECEWISE_BEZIER_KNOTS.);
#2596 = CARTESIAN_POINT('',(100.,71.987754112903));
#2597 = CARTESIAN_POINT('',(101.,72.332081726192));
#2598 = CARTESIAN_POINT('',(102.,72.676409339482));
#2599 = CARTESIAN_POINT('',(103.,73.020736952772));
#2600 = CARTESIAN_POINT('',(104.,73.365064566061));
#2601 = ( GEOMETRIC_REPRESENTATION_CONTEXT(2) 
PARAMETRIC_REPRESENTATION_CONTEXT() REPRESENTATION_CONTEXT('2D SPACE',''
  ) );
#2602 = ORIENTED_EDGE('',*,*,#2603,.F.);
#2603 = EDGE_CURVE('',#2397,#2570,#2604,.T.);
#2604 = SURFACE_CURVE('',#2605,(#2635,#2642),.PCURVE_S1.);
#2605 = B_SPLINE_CURVE_WITH_KNOTS('',3,(#2606,#2607,#2608,#2609,#2610,
    #2611,#2612,#2613,#2614,#2615,#2616,#2617,#2618,#2619,#2620,#2621,
    #2622,#2623,#2624,#2625,#2626,#2627,#2628,#2629,#2630,#2631,#2632,
    #2633,#2634),.UNSPECIFIED.,.T.,.F.,(1,1,2,1,1,1,1,1,1,1,1,1,1,1,1,1,
    1,1,1,1,1,1,1,1,1,1,1,1,2,1,1),(-11.12863082616,-5.192301994299,0.,
    5.192301994299,11.128630826161,17.776938881599,24.45001912988,
    31.413495273302,37.423694937206,45.431347527073,54.799378269977,
    61.156264300103,65.497922969321,69.325454811122,73.816557125699,
    78.820555526978,83.824553928257,88.315656242834,92.143188084635,
    96.484846753853,102.84173278397,112.20976352688,120.21741611674,
    126.22761578065,133.19109192407,139.86417217235,146.51248022779,
    152.44880905965,157.64111105395,162.83341304825,168.76974188011),
  .UNSPECIFIED.);
#2606 = CARTESIAN_POINT('',(-26.81736752736,-4.757923115404,4.));
#2607 = CARTESIAN_POINT('',(-26.42801156631,-1.242076884596,4.));
#2608 = CARTESIAN_POINT('',(-25.37915827962,2.336215308645,4.));
#2609 = CARTESIAN_POINT('',(-22.04097825739,7.340548207808,4.));
#2610 = CARTESIAN_POINT('',(-17.37950764415,11.798094545236,4.));
#2611 = CARTESIAN_POINT('',(-11.47402122193,15.317370819243,4.));
#2612 = CARTESIAN_POINT('',(-4.936822073685,16.517954476765,4.));
#2613 = CARTESIAN_POINT('',(2.027273868308,16.81092651448,4.));
#2614 = CARTESIAN_POINT('',(9.907724285617,16.837673001601,4.));
#2615 = CARTESIAN_POINT('',(17.441964278183,14.060161584088,4.));
#2616 = CARTESIAN_POINT('',(23.738370704894,12.043362644683,4.));
#2617 = CARTESIAN_POINT('',(28.321723464963,10.041845739911,4.));
#2618 = CARTESIAN_POINT('',(30.633967383601,6.261815380072,4.));
#2619 = CARTESIAN_POINT('',(31.285911866273,1.830585886073,4.));
#2620 = CARTESIAN_POINT('',(31.425478300788,-3.,4.));
#2621 = CARTESIAN_POINT('',(31.285911793593,-7.830585886073,4.));
#2622 = CARTESIAN_POINT('',(30.633967624299,-12.26181538007,4.));
#2623 = CARTESIAN_POINT('',(28.32172266517,-16.04184573991,4.));
#2624 = CARTESIAN_POINT('',(23.738374847402,-18.04336264468,4.));
#2625 = CARTESIAN_POINT('',(17.441935877872,-20.06016158408,4.));
#2626 = CARTESIAN_POINT('',(9.907874580458,-22.8376730016,4.));
#2627 = CARTESIAN_POINT('',(2.026856926747,-22.81092651448,4.));
#2628 = CARTESIAN_POINT('',(-4.935613301944,-22.51795447676,4.));
#2629 = CARTESIAN_POINT('',(-11.47929838032,-21.31737081924,4.));
#2630 = CARTESIAN_POINT('',(-17.36083046502,-17.79809454523,4.));
#2631 = CARTESIAN_POINT('',(-22.10732837716,-13.3405482078,4.));
#2632 = CARTESIAN_POINT('',(-25.17225860095,-8.336215308645,4.));
#2633 = CARTESIAN_POINT('',(-26.81736752736,-4.757923115404,4.));
#2634 = CARTESIAN_POINT('',(-26.42801156631,-1.242076884596,4.));
#2635 = PCURVE('',#2407,#2636);
#2636 = DEFINITIONAL_REPRESENTATION('',(#2637),#2641);
#2637 = LINE('',#2638,#2639);
#2638 = CARTESIAN_POINT('',(0.,1.));
#2639 = VECTOR('',#2640,1.);
#2640 = DIRECTION('',(1.,0.));
#2641 = ( GEOMETRIC_REPRESENTATION_CONTEXT(2) 
PARAMETRIC_REPRESENTATION_CONTEXT() REPRESENTATION_CONTEXT('2D SPACE',''
  ) );
#2642 = PCURVE('',#2643,#2648);
#2643 = PLANE('',#2644);
#2644 = AXIS2_PLACEMENT_3D('',#2645,#2646,#2647);
#2645 = CARTESIAN_POINT('',(-26.62268954684,-3.,4.));
#2646 = DIRECTION('',(-0.,0.,1.));
#2647 = DIRECTION('',(0.994533904972,-0.104414136312,0.));
#2648 = DEFINITIONAL_REPRESENTATION('',(#2649),#2679);
#2649 = B_SPLINE_CURVE_WITH_KNOTS('',3,(#2650,#2651,#2652,#2653,#2654,
    #2655,#2656,#2657,#2658,#2659,#2660,#2661,#2662,#2663,#2664,#2665,
    #2666,#2667,#2668,#2669,#2670,#2671,#2672,#2673,#2674,#2675,#2676,
    #2677,#2678),.UNSPECIFIED.,.F.,.F.,(1,1,2,1,1,1,1,1,1,1,1,1,1,1,1,1,
    1,1,1,1,1,1,1,1,1,1,1,1,2,1,1),(-11.12863082616,-5.192301994299,0.,
    5.192301994299,11.128630826161,17.776938881599,24.45001912988,
    31.413495273302,37.423694937206,45.431347527073,54.799378269977,
    61.156264300103,65.497922969321,69.325454811122,73.816557125699,
    78.820555526978,83.824553928257,88.315656242834,92.143188084635,
    96.484846753853,102.84173278397,112.20976352688,120.21741611674,
    126.22761578065,133.19109192407,139.86417217235,146.51248022779,
    152.44880905965,157.64111105395,162.83341304825,168.76974188011),
  .UNSPECIFIED.);
#2650 = CARTESIAN_POINT('',(-1.006182838394E-02,-1.768641273798));
#2651 = CARTESIAN_POINT('',(1.006182838394E-02,1.768641273798));
#2652 = CARTESIAN_POINT('',(0.679557694519,5.43688929192));
#2653 = CARTESIAN_POINT('',(3.476967810037,10.762421215776));
#2654 = CARTESIAN_POINT('',(7.647527531043,15.682325609354));
#2655 = CARTESIAN_POINT('',(13.153271810702,19.798981449094));
#2656 = CARTESIAN_POINT('',(19.529380101516,21.675578605216));
#2657 = CARTESIAN_POINT('',(26.424819211023,22.694099292906));
#2658 = CARTESIAN_POINT('',(34.259401626133,23.543530005257));
#2659 = CARTESIAN_POINT('',(42.04247020269,21.567881890683));
#2660 = CARTESIAN_POINT('',(48.515042192908,20.219540804845));
#2661 = CARTESIAN_POINT('',(53.282328570166,18.70753120153));
#2662 = CARTESIAN_POINT('',(55.976622149071,15.189593798554));
#2663 = CARTESIAN_POINT('',(57.087686041662,10.850658046142));
#2664 = CARTESIAN_POINT('',(57.730871045956,6.061049310282));
#2665 = CARTESIAN_POINT('',(58.096448875726,1.242295149398));
#2666 = CARTESIAN_POINT('',(57.910751295629,-3.232785010455));
#2667 = CARTESIAN_POINT('',(56.00583389243,-7.233584425486));
#2668 = CARTESIAN_POINT('',(51.656525748306,-9.702727152463));
#2669 = CARTESIAN_POINT('',(45.605086031896,-12.36593931405));
#2670 = CARTESIAN_POINT('',(38.402218085238,-15.9149310935));
#2671 = CARTESIAN_POINT('',(30.561486111589,-16.71122045679));
#2672 = CARTESIAN_POINT('',(23.606482984519,-17.1468301476));
#2673 = CARTESIAN_POINT('',(16.973208404945,-16.63606222019));
#2674 = CARTESIAN_POINT('',(10.756363140935,-13.75013773754));
#2675 = CARTESIAN_POINT('',(5.570379186545,-9.812558251992));
#2676 = CARTESIAN_POINT('',(1.999679065129,-5.155601554182));
#2677 = CARTESIAN_POINT('',(-1.006182838394E-02,-1.768641273798));
#2678 = CARTESIAN_POINT('',(1.006182838394E-02,1.768641273798));
#2679 = ( GEOMETRIC_REPRESENTATION_CONTEXT(2) 
PARAMETRIC_REPRESENTATION_CONTEXT() REPRESENTATION_CONTEXT('2D SPACE',''
  ) );
#2680 = ADVANCED_FACE('',(#2681),#2475,.T.);
#2681 = FACE_BOUND('',#2682,.T.);
#2682 = EDGE_LOOP('',(#2683,#2684,#2707,#2773));
#2683 = ORIENTED_EDGE('',*,*,#2394,.F.);
#2684 = ORIENTED_EDGE('',*,*,#2685,.T.);
#2685 = EDGE_CURVE('',#2395,#2686,#2688,.T.);
#2686 = VERTEX_POINT('',#2687);
#2687 = CARTESIAN_POINT('',(14.449459332498,-3.125,0.));
#2688 = SURFACE_CURVE('',#2689,(#2693,#2700),.PCURVE_S1.);
#2689 = LINE('',#2690,#2691);
#2690 = CARTESIAN_POINT('',(-64.,-3.125,0.));
#2691 = VECTOR('',#2692,1.);
#2692 = DIRECTION('',(-1.,0.,-0.));
#2693 = PCURVE('',#2475,#2694);
#2694 = DEFINITIONAL_REPRESENTATION('',(#2695),#2699);
#2695 = LINE('',#2696,#2697);
#2696 = CARTESIAN_POINT('',(100.,36.));
#2697 = VECTOR('',#2698,1.);
#2698 = DIRECTION('',(0.,-1.));
#2699 = ( GEOMETRIC_REPRESENTATION_CONTEXT(2) 
PARAMETRIC_REPRESENTATION_CONTEXT() REPRESENTATION_CONTEXT('2D SPACE',''
  ) );
#2700 = PCURVE('',#2531,#2701);
#2701 = DEFINITIONAL_REPRESENTATION('',(#2702),#2706);
#2702 = LINE('',#2703,#2704);
#2703 = CARTESIAN_POINT('',(-35.79016881194,-3.88322564534));
#2704 = VECTOR('',#2705,1.);
#2705 = DIRECTION('',(-0.994533904972,-0.104414136312));
#2706 = ( GEOMETRIC_REPRESENTATION_CONTEXT(2) 
PARAMETRIC_REPRESENTATION_CONTEXT() REPRESENTATION_CONTEXT('2D SPACE',''
  ) );
#2707 = ORIENTED_EDGE('',*,*,#2708,.T.);
#2708 = EDGE_CURVE('',#2686,#2709,#2711,.T.);
#2709 = VERTEX_POINT('',#2710);
#2710 = CARTESIAN_POINT('',(15.826769785657,-3.125,4.));
#2711 = SURFACE_CURVE('',#2712,(#2720,#2731),.PCURVE_S1.);
#2712 = B_SPLINE_CURVE_WITH_KNOTS('',3,(#2713,#2714,#2715,#2716,#2717,
    #2718,#2719),.UNSPECIFIED.,.F.,.F.,(4,1,1,1,4),(0.,0.3,0.6,0.9,1.),
  .UNSPECIFIED.);
#2713 = CARTESIAN_POINT('',(14.449459332498,-3.125,0.));
#2714 = CARTESIAN_POINT('',(14.587190377814,-3.125,0.4));
#2715 = CARTESIAN_POINT('',(14.862652468446,-3.125,1.2));
#2716 = CARTESIAN_POINT('',(15.275845604394,-3.125,2.4));
#2717 = CARTESIAN_POINT('',(15.597218043464,-3.125,3.333333333333));
#2718 = CARTESIAN_POINT('',(15.780859437218,-3.125,3.866666666667));
#2719 = CARTESIAN_POINT('',(15.826769785657,-3.125,4.));
#2720 = PCURVE('',#2475,#2721);
#2721 = DEFINITIONAL_REPRESENTATION('',(#2722),#2730);
#2722 = B_SPLINE_CURVE_WITH_KNOTS('',3,(#2723,#2724,#2725,#2726,#2727,
    #2728,#2729),.UNSPECIFIED.,.F.,.F.,(4,1,1,1,4),(0.,0.3,0.6,0.9,1.),
  .UNSPECIFIED.);
#2723 = CARTESIAN_POINT('',(100.,114.44945933249));
#2724 = CARTESIAN_POINT('',(100.4,114.58719037781));
#2725 = CARTESIAN_POINT('',(101.2,114.86265246844));
#2726 = CARTESIAN_POINT('',(102.4,115.27584560439));
#2727 = CARTESIAN_POINT('',(103.33333333333,115.59721804346));
#2728 = CARTESIAN_POINT('',(103.86666666666,115.78085943721));
#2729 = CARTESIAN_POINT('',(104.,115.82676978565));
#2730 = ( GEOMETRIC_REPRESENTATION_CONTEXT(2) 
PARAMETRIC_REPRESENTATION_CONTEXT() REPRESENTATION_CONTEXT('2D SPACE',''
  ) );
#2731 = PCURVE('',#2732,#2763);
#2732 = B_SPLINE_SURFACE_WITH_KNOTS('',14,1,(
    (#2733,#2734)
    ,(#2735,#2736)
    ,(#2737,#2738)
    ,(#2739,#2740)
    ,(#2741,#2742)
    ,(#2743,#2744)
    ,(#2745,#2746)
    ,(#2747,#2748)
    ,(#2749,#2750)
    ,(#2751,#2752)
    ,(#2753,#2754)
    ,(#2755,#2756)
    ,(#2757,#2758)
    ,(#2759,#2760)
    ,(#2761,#2762
    )),.UNSPECIFIED.,.T.,.F.,.F.,(1,14,14,1),(2,2),(-6.28318530718,0.,
    6.28318530718,12.566370614359),(0.,1.),.UNSPECIFIED.);
#2733 = CARTESIAN_POINT('',(7.563447734207,-3.,-20.));
#2734 = CARTESIAN_POINT('',(35.10965679738,-3.,60.));
#2735 = CARTESIAN_POINT('',(7.563447734209,3.485144834915,-20.));
#2736 = CARTESIAN_POINT('',(35.109656797384,3.485144834915,
    60.000000000007));
#2737 = CARTESIAN_POINT('',(4.429035214867,9.970292063633,-20.));
#2738 = CARTESIAN_POINT('',(31.975244278034,9.970292063633,
    59.999999999972));
#2739 = CARTESIAN_POINT('',(-1.839793830822,14.81423955799,
    -19.99999999998));
#2740 = CARTESIAN_POINT('',(25.706415232359,14.81423955799,
    60.000000000059));
#2741 = CARTESIAN_POINT('',(-10.30557564877,16.375970259668,
    -20.00000000004));
#2742 = CARTESIAN_POINT('',(17.240633414397,16.375970259668,
    59.999999999926));
#2743 = CARTESIAN_POINT('',(-19.0935605586,13.602715641629,
    -19.99999999991));
#2744 = CARTESIAN_POINT('',(8.452648504537,13.602715641629,
    60.00000000004));
#2745 = CARTESIAN_POINT('',(-25.80220485479,6.622041794024,
    -20.00000000014));
#2746 = CARTESIAN_POINT('',(1.744004208472,6.622041794024,
    60.000000000049));
#2747 = CARTESIAN_POINT('',(-28.32787556535,-2.999999999754,
    -19.99999999983));
#2748 = CARTESIAN_POINT('',(-0.781666502322,-2.999999999754,
    59.999999999848));
#2749 = CARTESIAN_POINT('',(-25.80220485479,-12.62204179447,
    -20.00000000016));
#2750 = CARTESIAN_POINT('',(1.744004208529,-12.62204179447,
    60.000000000211));
#2751 = CARTESIAN_POINT('',(-19.09356055858,-19.60271564128,
    -19.99999999987));
#2752 = CARTESIAN_POINT('',(8.452648504453,-19.60271564128,59.9999999998
    ));
#2753 = CARTESIAN_POINT('',(-10.30557564879,-22.37597025988,
    -20.00000000007));
#2754 = CARTESIAN_POINT('',(17.240633414471,-22.37597025988,
    60.000000000142));
#2755 = CARTESIAN_POINT('',(-1.839793830813,-20.81423955788,
    -19.99999999996));
#2756 = CARTESIAN_POINT('',(25.706415232313,-20.81423955788,
    59.999999999925));
#2757 = CARTESIAN_POINT('',(4.429035214862,-15.97029206367,
    -20.00000000001));
#2758 = CARTESIAN_POINT('',(31.975244278053,-15.97029206367,
    60.000000000028));
#2759 = CARTESIAN_POINT('',(7.56344773421,-9.485144834907,
    -19.99999999999));
#2760 = CARTESIAN_POINT('',(35.109656797379,-9.485144834907,
    59.999999999994));
#2761 = CARTESIAN_POINT('',(7.563447734207,-3.,-20.));
#2762 = CARTESIAN_POINT('',(35.10965679738,-3.,60.));
#2763 = DEFINITIONAL_REPRESENTATION('',(#2764),#2772);
#2764 = B_SPLINE_CURVE_WITH_KNOTS('',3,(#2765,#2766,#2767,#2768,#2769,
    #2770,#2771),.UNSPECIFIED.,.F.,.F.,(4,1,1,1,4),(0.,0.3,0.6,0.9,1.),
  .UNSPECIFIED.);
#2765 = CARTESIAN_POINT('',(6.274534680283,0.25));
#2766 = CARTESIAN_POINT('',(6.274534680283,0.255));
#2767 = CARTESIAN_POINT('',(6.274534680283,0.265));
#2768 = CARTESIAN_POINT('',(6.274534680283,0.28));
#2769 = CARTESIAN_POINT('',(6.274534680283,0.291666666667));
#2770 = CARTESIAN_POINT('',(6.274534680283,0.298333333333));
#2771 = CARTESIAN_POINT('',(6.274534680283,0.3));
#2772 = ( GEOMETRIC_REPRESENTATION_CONTEXT(2) 
PARAMETRIC_REPRESENTATION_CONTEXT() REPRESENTATION_CONTEXT('2D SPACE',''
  ) );
#2773 = ORIENTED_EDGE('',*,*,#2774,.F.);
#2774 = EDGE_CURVE('',#2397,#2709,#2775,.T.);
#2775 = SURFACE_CURVE('',#2776,(#2780,#2787),.PCURVE_S1.);
#2776 = LINE('',#2777,#2778);
#2777 = CARTESIAN_POINT('',(-63.31134477342,-3.125,4.));
#2778 = VECTOR('',#2779,1.);
#2779 = DIRECTION('',(-1.,0.,-0.));
#2780 = PCURVE('',#2475,#2781);
#2781 = DEFINITIONAL_REPRESENTATION('',(#2782),#2786);
#2782 = LINE('',#2783,#2784);
#2783 = CARTESIAN_POINT('',(104.,36.688655226579));
#2784 = VECTOR('',#2785,1.);
#2785 = DIRECTION('',(0.,-1.));
#2786 = ( GEOMETRIC_REPRESENTATION_CONTEXT(2) 
PARAMETRIC_REPRESENTATION_CONTEXT() REPRESENTATION_CONTEXT('2D SPACE',''
  ) );
#2787 = PCURVE('',#2643,#2788);
#2788 = DEFINITIONAL_REPRESENTATION('',(#2789),#2793);
#2789 = LINE('',#2790,#2791);
#2790 = CARTESIAN_POINT('',(-36.47505978361,-3.95513098604));
#2791 = VECTOR('',#2792,1.);
#2792 = DIRECTION('',(-0.994533904972,-0.104414136312));
#2793 = ( GEOMETRIC_REPRESENTATION_CONTEXT(2) 
PARAMETRIC_REPRESENTATION_CONTEXT() REPRESENTATION_CONTEXT('2D SPACE',''
  ) );
#2794 = ADVANCED_FACE('',(#2795,#3517,#3552,#3824),#2643,.T.);
#2795 = FACE_BOUND('',#2796,.T.);
#2796 = EDGE_LOOP('',(#2797,#2798,#2799,#2909,#2937,#3496));
#2797 = ORIENTED_EDGE('',*,*,#2603,.F.);
#2798 = ORIENTED_EDGE('',*,*,#2774,.T.);
#2799 = ORIENTED_EDGE('',*,*,#2800,.T.);
#2800 = EDGE_CURVE('',#2709,#2801,#2803,.T.);
#2801 = VERTEX_POINT('',#2802);
#2802 = CARTESIAN_POINT('',(-9.122689546841,-12.92736119146,4.));
#2803 = SURFACE_CURVE('',#2804,(#2837,#2873),.PCURVE_S1.);
#2804 = B_SPLINE_CURVE_WITH_KNOTS('',6,(#2805,#2806,#2807,#2808,#2809,
    #2810,#2811,#2812,#2813,#2814,#2815,#2816,#2817,#2818,#2819,#2820,
    #2821,#2822,#2823,#2824,#2825,#2826,#2827,#2828,#2829,#2830,#2831,
    #2832,#2833,#2834,#2835,#2836),.UNSPECIFIED.,.F.,.F.,(7,5,5,5,5,5,7)
  ,(0.,4.40018218726E-02,0.158006138257,0.334009774847,0.530011668298,
    0.776002759409,1.),.UNSPECIFIED.);
#2805 = CARTESIAN_POINT('',(15.827310453159,-3.000000000001,4.));
#2806 = CARTESIAN_POINT('',(15.827310453159,-3.252647837889,4.));
#2807 = CARTESIAN_POINT('',(15.822009613194,-3.505295752197,4.));
#2808 = CARTESIAN_POINT('',(15.811407936894,-3.757804555223,4.));
#2809 = CARTESIAN_POINT('',(15.795510283647,-4.01003531419,4.));
#2810 = CARTESIAN_POINT('',(15.774326368606,-4.261849351246,4.));
#2811 = CARTESIAN_POINT('',(15.679326935628,-5.164094885012,4.));
#2812 = CARTESIAN_POINT('',(15.575394001651,-5.811363845021,4.));
#2813 = CARTESIAN_POINT('',(15.436328087785,-6.45249240128,4.));
#2814 = CARTESIAN_POINT('',(15.262598735376,-7.085108608957,4.));
#2815 = CARTESIAN_POINT('',(15.054888520944,-7.706892838516,4.));
#2816 = CARTESIAN_POINT('',(14.442344084135,-9.255289638341,4.));
#2817 = CARTESIAN_POINT('',(13.991704128266,-10.16387292342,4.));
#2818 = CARTESIAN_POINT('',(13.465486404309,-11.03288980814,4.));
#2819 = CARTESIAN_POINT('',(12.868145497341,-11.85464359068,4.));
#2820 = CARTESIAN_POINT('',(12.205051730252,-12.62204610038,4.));
#2821 = CARTESIAN_POINT('',(10.678276088687,-14.11580198445,4.));
#2822 = CARTESIAN_POINT('',(9.800202083882,-14.8277413732,4.));
#2823 = CARTESIAN_POINT('',(8.857440344412,-15.45576372811,4.));
#2824 = CARTESIAN_POINT('',(7.860073041881,-15.99285798429,4.));
#2825 = CARTESIAN_POINT('',(6.81902655177,-16.43341882756,4.));
#2826 = CARTESIAN_POINT('',(4.39998904153,-17.2007340738,4.));
#2827 = CARTESIAN_POINT('',(3.003198702098,-17.46998866953,4.));
#2828 = CARTESIAN_POINT('',(1.579906456251,-17.57367038831,4.));
#2829 = CARTESIAN_POINT('',(0.154282104942,-17.50959290861,4.));
#2830 = CARTESIAN_POINT('',(-1.249453117158,-17.27926984058,4.));
#2831 = CARTESIAN_POINT('',(-3.843396341496,-16.53517166238,4.));
#2832 = CARTESIAN_POINT('',(-5.042039660673,-16.04841920463,4.));
#2833 = CARTESIAN_POINT('',(-6.184845444006,-15.43467465282,4.));
#2834 = CARTESIAN_POINT('',(-7.255505356565,-14.70229852991,4.));
#2835 = CARTESIAN_POINT('',(-8.239093897127,-13.86192519335,4.));
#2836 = CARTESIAN_POINT('',(-9.122689548251,-12.92736118997,4.));
#2837 = PCURVE('',#2643,#2838);
#2838 = DEFINITIONAL_REPRESENTATION('',(#2839),#2872);
#2839 = B_SPLINE_CURVE_WITH_KNOTS('',6,(#2840,#2841,#2842,#2843,#2844,
    #2845,#2846,#2847,#2848,#2849,#2850,#2851,#2852,#2853,#2854,#2855,
    #2856,#2857,#2858,#2859,#2860,#2861,#2862,#2863,#2864,#2865,#2866,
    #2867,#2868,#2869,#2870,#2871),.UNSPECIFIED.,.F.,.F.,(7,5,5,5,5,5,7)
  ,(0.,4.40018218726E-02,0.158006138257,0.334009774847,0.530011668298,
    0.776002759409,1.),.UNSPECIFIED.);
#2840 = CARTESIAN_POINT('',(42.21796426605,4.432380086428));
#2841 = CARTESIAN_POINT('',(42.244344271834,4.181113245631));
#2842 = CARTESIAN_POINT('',(42.265452420527,3.929292846204));
#2843 = CARTESIAN_POINT('',(42.281274182576,3.677057315416));
#2844 = CARTESIAN_POINT('',(42.291799884262,3.424545334014));
#2845 = CARTESIAN_POINT('',(42.297024707703,3.171895836221));
#2846 = CARTESIAN_POINT('',(42.296751738804,2.264662778536));
#2847 = CARTESIAN_POINT('',(42.260970941541,1.610079784637));
#2848 = CARTESIAN_POINT('',(42.189608059641,0.957935250704));
#2849 = CARTESIAN_POINT('',(42.082882403323,0.310637183051));
#2850 = CARTESIAN_POINT('',(41.941230615963,-0.329436197465));
#2851 = CARTESIAN_POINT('',(41.493708919776,-1.933327611563));
#2852 = CARTESIAN_POINT('',(41.140401143708,-2.883997675843));
#2853 = CARTESIAN_POINT('',(40.707797423295,-3.803209000856));
#2854 = CARTESIAN_POINT('',(40.199524349953,-4.682841834013));
#2855 = CARTESIAN_POINT('',(39.620182786662,-5.515286011657));
#2856 = CARTESIAN_POINT('',(38.257721876336,-7.160293844068));
#2857 = CARTESIAN_POINT('',(37.458784043865,-7.960025043297));
#2858 = CARTESIAN_POINT('',(36.586749941425,-8.683052221107));
#2859 = CARTESIAN_POINT('',(35.650914576224,-9.321349914521));
#2860 = CARTESIAN_POINT('',(34.6615593251,-9.868202580478));
#2861 = CARTESIAN_POINT('',(32.335863062484,-10.88390532101));
#2862 = CARTESIAN_POINT('',(30.974821697842,-11.29753280243));
#2863 = CARTESIAN_POINT('',(29.570135139781,-11.54925961765));
#2864 = CARTESIAN_POINT('',(28.145612791951,-11.63438772689));
#2865 = CARTESIAN_POINT('',(26.725501535749,-11.55189342746));
#2866 = CARTESIAN_POINT('',(24.068042682965,-11.08270690202));
#2867 = CARTESIAN_POINT('',(22.825127424603,-10.72377038639));
#2868 = CARTESIAN_POINT('',(21.624484718987,-10.23270569946));
#2869 = CARTESIAN_POINT('',(20.483206714925,-9.616124844087));
#2870 = CARTESIAN_POINT('',(19.417247706677,-8.883045615994));
#2871 = CARTESIAN_POINT('',(18.440900180107,-8.04584990502));
#2872 = ( GEOMETRIC_REPRESENTATION_CONTEXT(2) 
PARAMETRIC_REPRESENTATION_CONTEXT() REPRESENTATION_CONTEXT('2D SPACE',''
  ) );
#2873 = PCURVE('',#2732,#2874);
#2874 = DEFINITIONAL_REPRESENTATION('',(#2875),#2908);
#2875 = B_SPLINE_CURVE_WITH_KNOTS('',6,(#2876,#2877,#2878,#2879,#2880,
    #2881,#2882,#2883,#2884,#2885,#2886,#2887,#2888,#2889,#2890,#2891,
    #2892,#2893,#2894,#2895,#2896,#2897,#2898,#2899,#2900,#2901,#2902,
    #2903,#2904,#2905,#2906,#2907),.UNSPECIFIED.,.F.,.F.,(7,5,5,5,5,5,7)
  ,(0.,4.40018218726E-02,0.158006138257,0.334009774847,0.530011668298,
    0.776002759409,1.),.UNSPECIFIED.);
#2876 = CARTESIAN_POINT('',(6.28318530718,0.3));
#2877 = CARTESIAN_POINT('',(6.265701027741,0.3));
#2878 = CARTESIAN_POINT('',(6.248216746819,0.3));
#2879 = CARTESIAN_POINT('',(6.230732465144,0.3));
#2880 = CARTESIAN_POINT('',(6.213248183491,0.3));
#2881 = CARTESIAN_POINT('',(6.195763902678,0.3));
#2882 = CARTESIAN_POINT('',(6.132979606365,0.3));
#2883 = CARTESIAN_POINT('',(6.087678999856,0.3));
#2884 = CARTESIAN_POINT('',(6.042379080546,0.3));
#2885 = CARTESIAN_POINT('',(5.997079160766,0.3));
#2886 = CARTESIAN_POINT('',(5.951778552997,0.3));
#2887 = CARTESIAN_POINT('',(5.836542865992,0.3));
#2888 = CARTESIAN_POINT('',(5.766601956668,0.3));
#2889 = CARTESIAN_POINT('',(5.696667165081,0.3));
#2890 = CARTESIAN_POINT('',(5.626732374079,0.3));
#2891 = CARTESIAN_POINT('',(5.556791466284,0.3));
#2892 = CARTESIAN_POINT('',(5.408973755228,0.3));
#2893 = CARTESIAN_POINT('',(5.331082785874,0.3));
#2894 = CARTESIAN_POINT('',(5.253202232542,0.3));
#2895 = CARTESIAN_POINT('',(5.175321678929,0.3));
#2896 = CARTESIAN_POINT('',(5.097430708912,0.3));
#2897 = CARTESIAN_POINT('',(4.921803233981,0.3));
#2898 = CARTESIAN_POINT('',(4.824030438996,0.3));
#2899 = CARTESIAN_POINT('',(4.726289593588,0.3));
#2900 = CARTESIAN_POINT('',(4.628548748188,0.3));
#2901 = CARTESIAN_POINT('',(4.530775953171,0.3));
#2902 = CARTESIAN_POINT('',(4.344024427986,0.3));
#2903 = CARTESIAN_POINT('',(4.255001082559,0.3));
#2904 = CARTESIAN_POINT('',(4.165997873552,0.3));
#2905 = CARTESIAN_POINT('',(4.076994664761,0.3));
#2906 = CARTESIAN_POINT('',(3.987971319871,0.3));
#2907 = CARTESIAN_POINT('',(3.898965225051,0.3));
#2908 = ( GEOMETRIC_REPRESENTATION_CONTEXT(2) 
PARAMETRIC_REPRESENTATION_CONTEXT() REPRESENTATION_CONTEXT('2D SPACE',''
  ) );
#2909 = ORIENTED_EDGE('',*,*,#2910,.F.);
#2910 = EDGE_CURVE('',#2911,#2801,#2913,.T.);
#2911 = VERTEX_POINT('',#2912);
#2912 = CARTESIAN_POINT('',(-9.122689546841,-13.1,4.));
#2913 = SURFACE_CURVE('',#2914,(#2918,#2925),.PCURVE_S1.);
#2914 = LINE('',#2915,#2916);
#2915 = CARTESIAN_POINT('',(-9.122689546841,-8.05,4.));
#2916 = VECTOR('',#2917,1.);
#2917 = DIRECTION('',(-0.,1.,-0.));
#2918 = PCURVE('',#2643,#2919);
#2919 = DEFINITIONAL_REPRESENTATION('',(#2920),#2924);
#2920 = LINE('',#2921,#2922);
#2921 = CARTESIAN_POINT('',(17.931634725379,-3.195148834654));
#2922 = VECTOR('',#2923,1.);
#2923 = DIRECTION('',(-0.104414136312,0.994533904972));
#2924 = ( GEOMETRIC_REPRESENTATION_CONTEXT(2) 
PARAMETRIC_REPRESENTATION_CONTEXT() REPRESENTATION_CONTEXT('2D SPACE',''
  ) );
#2925 = PCURVE('',#2926,#2931);
#2926 = PLANE('',#2927);
#2927 = AXIS2_PLACEMENT_3D('',#2928,#2929,#2930);
#2928 = CARTESIAN_POINT('',(10.15965679738,-13.1,60.));
#2929 = DIRECTION('',(0.945518575599,0.,-0.325568154457));
#2930 = DIRECTION('',(0.,1.,0.));
#2931 = DEFINITIONAL_REPRESENTATION('',(#2932),#2936);
#2932 = LINE('',#2933,#2934);
#2933 = CARTESIAN_POINT('',(5.05,-59.22675814645));
#2934 = VECTOR('',#2935,1.);
#2935 = DIRECTION('',(1.,0.));
#2936 = ( GEOMETRIC_REPRESENTATION_CONTEXT(2) 
PARAMETRIC_REPRESENTATION_CONTEXT() REPRESENTATION_CONTEXT('2D SPACE',''
  ) );
#2937 = ORIENTED_EDGE('',*,*,#2938,.T.);
#2938 = EDGE_CURVE('',#2911,#2939,#2941,.T.);
#2939 = VERTEX_POINT('',#2940);
#2940 = CARTESIAN_POINT('',(-19.82268977149,-3.125,4.));
#2941 = SURFACE_CURVE('',#2942,(#3113,#3287),.PCURVE_S1.);
#2942 = B_SPLINE_CURVE_WITH_KNOTS('',8,(#2943,#2944,#2945,#2946,#2947,
    #2948,#2949,#2950,#2951,#2952,#2953,#2954,#2955,#2956,#2957,#2958,
    #2959,#2960,#2961,#2962,#2963,#2964,#2965,#2966,#2967,#2968,#2969,
    #2970,#2971,#2972,#2973,#2974,#2975,#2976,#2977,#2978,#2979,#2980,
    #2981,#2982,#2983,#2984,#2985,#2986,#2987,#2988,#2989,#2990,#2991,
    #2992,#2993,#2994,#2995,#2996,#2997,#2998,#2999,#3000,#3001,#3002,
    #3003,#3004,#3005,#3006,#3007,#3008,#3009,#3010,#3011,#3012,#3013,
    #3014,#3015,#3016,#3017,#3018,#3019,#3020,#3021,#3022,#3023,#3024,
    #3025,#3026,#3027,#3028,#3029,#3030,#3031,#3032,#3033,#3034,#3035,
    #3036,#3037,#3038,#3039,#3040,#3041,#3042,#3043,#3044,#3045,#3046,
    #3047,#3048,#3049,#3050,#3051,#3052,#3053,#3054,#3055,#3056,#3057,
    #3058,#3059,#3060,#3061,#3062,#3063,#3064,#3065,#3066,#3067,#3068,
    #3069,#3070,#3071,#3072,#3073,#3074,#3075,#3076,#3077,#3078,#3079,
    #3080,#3081,#3082,#3083,#3084,#3085,#3086,#3087,#3088,#3089,#3090,
    #3091,#3092,#3093,#3094,#3095,#3096,#3097,#3098,#3099,#3100,#3101,
    #3102,#3103,#3104,#3105,#3106,#3107,#3108,#3109,#3110,#3111,#3112),
  .UNSPECIFIED.,.F.,.F.,(9,7,7,7,7,7,7,7,7,7,7,7,7,7,7,7,7,7,7,7,7,7,7,7
    ,9),(0.,3.414385910745E-02,7.916187992368E-02,0.113182164097,
    0.131686306007,0.150190448151,0.187321337108,0.228273000268,
    0.242686617302,0.25870174983,0.314195879482,0.324515677576,
    0.360955099789,0.388136075692,0.409131242017,0.425025360455,
    0.471462425516,0.506611922333,0.523428205905,0.541773458797,
    0.609267462472,0.643079238242,0.77793550808,0.911730676987,1.),
  .UNSPECIFIED.);
#2943 = CARTESIAN_POINT('',(-9.122689546841,-13.1,4.));
#2944 = CARTESIAN_POINT('',(-9.235218913012,-13.11201732152,4.));
#2945 = CARTESIAN_POINT('',(-9.347765385786,-13.12442303602,4.));
#2946 = CARTESIAN_POINT('',(-9.460324532508,-13.13717238927,4.));
#2947 = CARTESIAN_POINT('',(-9.572892145382,-13.15022086739,4.));
#2948 = CARTESIAN_POINT('',(-9.685464241469,-13.1635241969,4.));
#2949 = CARTESIAN_POINT('',(-9.798037062693,-13.17703834467,4.));
#2950 = CARTESIAN_POINT('',(-9.910607075834,-13.19071951794,4.));
#2951 = CARTESIAN_POINT('',(-10.17158430298,-13.22272532483,4.));
#2952 = CARTESIAN_POINT('',(-10.31998650383,-13.24114095743,4.));
#2953 = CARTESIAN_POINT('',(-10.46837016343,-13.25967096272,4.));
#2954 = CARTESIAN_POINT('',(-10.61672772908,-13.27821547341,4.));
#2955 = CARTESIAN_POINT('',(-10.76505148558,-13.29667457233,4.));
#2956 = CARTESIAN_POINT('',(-10.91333353384,-13.31494801035,4.));
#2957 = CARTESIAN_POINT('',(-11.06156576941,-13.3329349243,4.));
#2958 = CARTESIAN_POINT('',(-11.32171556812,-13.363832905,4.));
#2959 = CARTESIAN_POINT('',(-11.43365778392,-13.37691041705,4.));
#2960 = CARTESIAN_POINT('',(-11.54556285135,-13.3897222898,4.));
#2961 = CARTESIAN_POINT('',(-11.65742676039,-13.40222427455,4.));
#2962 = CARTESIAN_POINT('',(-11.76924514821,-13.41437167516,4.));
#2963 = CARTESIAN_POINT('',(-11.88101329918,-13.4261193481,4.));
#2964 = CARTESIAN_POINT('',(-11.9927261448,-13.43742170246,4.));
#2965 = CARTESIAN_POINT('',(-12.16510752296,-13.45411296327,4.));
#2966 = CARTESIAN_POINT('',(-12.22578636703,-13.45984174451,4.));
#2967 = CARTESIAN_POINT('',(-12.28641907294,-13.4654304507,4.));
#2968 = CARTESIAN_POINT('',(-12.3470120551,-13.47092574904,4.));
#2969 = CARTESIAN_POINT('',(-12.40756892973,-13.47632771827,4.));
#2970 = CARTESIAN_POINT('',(-12.46809588829,-13.4816800059,4.));
#2971 = CARTESIAN_POINT('',(-12.52859749061,-13.48699765156,4.));
#2972 = CARTESIAN_POINT('',(-12.64956046726,-13.49761903573,4.));
#2973 = CARTESIAN_POINT('',(-12.71002182295,-13.50292235251,4.));
#2974 = CARTESIAN_POINT('',(-12.77046813673,-13.50824300278,4.));
#2975 = CARTESIAN_POINT('',(-12.83090449971,-13.51360569535,4.));
#2976 = CARTESIAN_POINT('',(-12.89133600298,-13.51903513902,4.));
#2977 = CARTESIAN_POINT('',(-12.95176773765,-13.52455604262,4.));
#2978 = CARTESIAN_POINT('',(-13.01220479482,-13.53019311494,4.));
#2979 = CARTESIAN_POINT('',(-13.19394771977,-13.54756524807,4.));
#2980 = CARTESIAN_POINT('',(-13.31523702031,-13.55972213274,4.));
#2981 = CARTESIAN_POINT('',(-13.4365322472,-13.57263764605,4.));
#2982 = CARTESIAN_POINT('',(-13.55784179889,-13.58650624424,4.));
#2983 = CARTESIAN_POINT('',(-13.67917033103,-13.60151942989,4.));
#2984 = CARTESIAN_POINT('',(-13.80051869513,-13.61786426921,4.));
#2985 = CARTESIAN_POINT('',(-13.92188387724,-13.63572190933,4.));
#2986 = CARTESIAN_POINT('',(-14.17712350832,-13.67682138176,4.));
#2987 = CARTESIAN_POINT('',(-14.31099897814,-13.70042794582,4.));
#2988 = CARTESIAN_POINT('',(-14.44487378903,-13.72631822218,4.));
#2989 = CARTESIAN_POINT('',(-14.57872808589,-13.75471289521,4.));
#2990 = CARTESIAN_POINT('',(-14.71253373725,-13.78581745482,4.));
#2991 = CARTESIAN_POINT('',(-14.84625435691,-13.81981875203,4.));
#2992 = CARTESIAN_POINT('',(-14.97984532562,-13.85688155447,4.));
#2993 = CARTESIAN_POINT('',(-15.16020914234,-13.91131652525,4.));
#2994 = CARTESIAN_POINT('',(-15.20724392526,-13.92592228524,4.));
#2995 = CARTESIAN_POINT('',(-15.25434706088,-13.94091442583,4.));
#2996 = CARTESIAN_POINT('',(-15.30150747286,-13.95624372431,4.));
#2997 = CARTESIAN_POINT('',(-15.34871409611,-13.97186023257,4.));
#2998 = CARTESIAN_POINT('',(-15.39595586382,-13.98771381846,4.));
#2999 = CARTESIAN_POINT('',(-15.44322169447,-14.00375470701,4.));
#3000 = CARTESIAN_POINT('',(-15.54303246962,-14.03791104103,4.));
#3001 = CARTESIAN_POINT('',(-15.59558047885,-14.05605860313,4.));
#3002 = CARTESIAN_POINT('',(-15.64812931003,-14.0743086658,4.));
#3003 = CARTESIAN_POINT('',(-15.70066376668,-14.09259318673,4.));
#3004 = CARTESIAN_POINT('',(-15.75316865232,-14.1108441236,4.));
#3005 = CARTESIAN_POINT('',(-15.80562877046,-14.1289934341,4.));
#3006 = CARTESIAN_POINT('',(-15.85802892463,-14.14697307591,4.));
#3007 = CARTESIAN_POINT('',(-16.09166556092,-14.22619267529,4.));
#3008 = CARTESIAN_POINT('',(-16.27256463066,-14.28498233114,4.));
#3009 = CARTESIAN_POINT('',(-16.453735686,-14.33867492067,4.));
#3010 = CARTESIAN_POINT('',(-16.63532130776,-14.3845161822,4.));
#3011 = CARTESIAN_POINT('',(-16.81693028674,-14.41905829286,4.));
#3012 = CARTESIAN_POINT('',(-16.99765297863,-14.4381686133,4.));
#3013 = CARTESIAN_POINT('',(-17.17607583146,-14.43711629271,4.));
#3014 = CARTESIAN_POINT('',(-17.38274071356,-14.40690884276,4.));
#3015 = CARTESIAN_POINT('',(-17.41495154446,-14.40134770621,4.));
#3016 = CARTESIAN_POINT('',(-17.44695901075,-14.39491901216,4.));
#3017 = CARTESIAN_POINT('',(-17.47875626067,-14.38759179254,4.));
#3018 = CARTESIAN_POINT('',(-17.51033818558,-14.37934714026,4.));
#3019 = CARTESIAN_POINT('',(-17.54170142001,-14.37017820925,4.));
#3020 = CARTESIAN_POINT('',(-17.57284434161,-14.36009021446,4.));
#3021 = CARTESIAN_POINT('',(-17.71295587397,-14.31029528015,4.));
#3022 = CARTESIAN_POINT('',(-17.81881979298,-14.26053943579,4.));
#3023 = CARTESIAN_POINT('',(-17.92099537146,-14.20098770945,4.));
#3024 = CARTESIAN_POINT('',(-18.01930224977,-14.13289282752,4.));
#3025 = CARTESIAN_POINT('',(-18.11368526158,-14.05744877754,4.));
#3026 = CARTESIAN_POINT('',(-18.20418163539,-13.9757147185,4.));
#3027 = CARTESIAN_POINT('',(-18.29090039737,-13.88858294797,4.));
#3028 = CARTESIAN_POINT('',(-18.43598771391,-13.72825747479,4.));
#3029 = CARTESIAN_POINT('',(-18.49594388776,-13.65716673197,4.));
#3030 = CARTESIAN_POINT('',(-18.55392577857,-13.58378847428,4.));
#3031 = CARTESIAN_POINT('',(-18.60998575963,-13.50839766732,4.));
#3032 = CARTESIAN_POINT('',(-18.66417235485,-13.43124051053,4.));
#3033 = CARTESIAN_POINT('',(-18.71653020142,-13.35253698966,4.));
#3034 = CARTESIAN_POINT('',(-18.76710001248,-13.27248342937,4.));
#3035 = CARTESIAN_POINT('',(-18.85362701293,-13.1285125073,4.));
#3036 = CARTESIAN_POINT('',(-18.89028811788,-13.06507308509,4.));
#3037 = CARTESIAN_POINT('',(-18.92591734035,-13.00101989672,4.));
#3038 = CARTESIAN_POINT('',(-18.96052690534,-12.93643198199,4.));
#3039 = CARTESIAN_POINT('',(-18.99412574268,-12.87138518982,4.));
#3040 = CARTESIAN_POINT('',(-19.02671945254,-12.80595306528,4.));
#3041 = CARTESIAN_POINT('',(-19.05831027095,-12.74020773645,4.));
#3042 = CARTESIAN_POINT('',(-19.11205234875,-12.62426624793,4.));
#3043 = CARTESIAN_POINT('',(-19.13463261672,-12.57417116727,4.));
#3044 = CARTESIAN_POINT('',(-19.15663293076,-12.52398589148,4.));
#3045 = CARTESIAN_POINT('',(-19.17805764247,-12.4737081401,4.));
#3046 = CARTESIAN_POINT('',(-19.1989129229,-12.42332901287,4.));
#3047 = CARTESIAN_POINT('',(-19.2192033652,-12.37285377315,4.));
#3048 = CARTESIAN_POINT('',(-19.23893263041,-12.32229742226,4.));
#3049 = CARTESIAN_POINT('',(-19.31413227137,-12.12369577592,4.));
#3050 = CARTESIAN_POINT('',(-19.36542776134,-11.97501764082,4.));
#3051 = CARTESIAN_POINT('',(-19.41214542808,-11.82571495552,4.));
#3052 = CARTESIAN_POINT('',(-19.45448634111,-11.67587058813,4.));
#3053 = CARTESIAN_POINT('',(-19.49269410413,-11.52555562907,4.));
#3054 = CARTESIAN_POINT('',(-19.52704714121,-11.37482904149,4.));
#3055 = CARTESIAN_POINT('',(-19.55785098292,-11.22373731166,4.));
#3056 = CARTESIAN_POINT('',(-19.60630629033,-10.95769768891,4.));
#3057 = CARTESIAN_POINT('',(-19.62533473783,-10.84289098003,4.));
#3058 = CARTESIAN_POINT('',(-19.64265730208,-10.72790665455,4.));
#3059 = CARTESIAN_POINT('',(-19.65842125444,-10.61275393977,4.));
#3060 = CARTESIAN_POINT('',(-19.67277836291,-10.49743859704,4.));
#3061 = CARTESIAN_POINT('',(-19.68588352455,-10.38196291023,4.));
#3062 = CARTESIAN_POINT('',(-19.69789339778,-10.26632567417,4.));
#3063 = CARTESIAN_POINT('',(-19.71426194672,-10.09511927493,4.));
#3064 = CARTESIAN_POINT('',(-19.71934648779,-10.03966092796,4.));
#3065 = CARTESIAN_POINT('',(-19.72422915656,-9.984144669551,4.));
#3066 = CARTESIAN_POINT('',(-19.72895007857,-9.928564823717,4.));
#3067 = CARTESIAN_POINT('',(-19.7335013072,-9.87292373278,4.));
#3068 = CARTESIAN_POINT('',(-19.73786887339,-9.817225486558,4.));
#3069 = CARTESIAN_POINT('',(-19.74207759397,-9.761469351216,4.));
#3070 = CARTESIAN_POINT('',(-19.7505333962,-9.644776541282,4.));
#3071 = CARTESIAN_POINT('',(-19.75475132864,-9.583827688885,4.));
#3072 = CARTESIAN_POINT('',(-19.75878041622,-9.522815658962,4.));
#3073 = CARTESIAN_POINT('',(-19.76262562941,-9.461742577928,4.));
#3074 = CARTESIAN_POINT('',(-19.76629193867,-9.400610572202,4.));
#3075 = CARTESIAN_POINT('',(-19.76978431446,-9.339421768201,4.));
#3076 = CARTESIAN_POINT('',(-19.77310772725,-9.278178292343,4.));
#3077 = CARTESIAN_POINT('',(-19.7878909678,-8.991368133354,4.));
#3078 = CARTESIAN_POINT('',(-19.79727964468,-8.765440459386,4.));
#3079 = CARTESIAN_POINT('',(-19.80469294084,-8.53917206729,4.));
#3080 = CARTESIAN_POINT('',(-19.81038580965,-8.312631149854,4.));
#3081 = CARTESIAN_POINT('',(-19.81460923583,-8.085881474235,4.));
#3082 = CARTESIAN_POINT('',(-19.81761107607,-7.858982581685,4.));
#3083 = CARTESIAN_POINT('',(-19.8196368997,-7.631989987282,4.));
#3084 = CARTESIAN_POINT('',(-19.82157903586,-7.29122019094,4.));
#3085 = CARTESIAN_POINT('',(-19.82204360194,-7.17747489597,4.));
#3086 = CARTESIAN_POINT('',(-19.82235517074,-7.063726196808,4.));
#3087 = CARTESIAN_POINT('',(-19.82254437444,-6.949980752193,4.));
#3088 = CARTESIAN_POINT('',(-19.82264183419,-6.836245177541,4.));
#3089 = CARTESIAN_POINT('',(-19.82267816016,-6.722526044945,4.));
#3090 = CARTESIAN_POINT('',(-19.82268395147,-6.608829883177,4.));
#3091 = CARTESIAN_POINT('',(-19.82271310771,-6.041810239016,4.));
#3092 = CARTESIAN_POINT('',(-19.82272271857,-5.588922963831,4.));
#3093 = CARTESIAN_POINT('',(-19.82272197577,-5.136423291734,4.));
#3094 = CARTESIAN_POINT('',(-19.82271447345,-4.684231820564,4.));
#3095 = CARTESIAN_POINT('',(-19.82270391657,-4.232268107618,4.));
#3096 = CARTESIAN_POINT('',(-19.82269398444,-3.780450970879,4.));
#3097 = CARTESIAN_POINT('',(-19.82268819425,-3.328698790231,4.));
#3098 = CARTESIAN_POINT('',(-19.82269132285,-2.428715519036,4.));
#3099 = CARTESIAN_POINT('',(-19.82269379347,-1.704088153951,4.));
#3100 = CARTESIAN_POINT('',(-19.82275231479,-0.963392965272,4.));
#3101 = CARTESIAN_POINT('',(-19.82268713871,-0.374996440638,4.));
#3102 = CARTESIAN_POINT('',(-19.82275470411,-1.369121356095E-02,4.));
#3103 = CARTESIAN_POINT('',(-19.82267182673,0.151033768773,4.));
#3104 = CARTESIAN_POINT('',(-19.82271521281,0.261170927865,4.));
#3105 = CARTESIAN_POINT('',(-19.82266385864,0.786692234584,4.));
#3106 = CARTESIAN_POINT('',(-19.82258737055,0.995670493203,4.));
#3107 = CARTESIAN_POINT('',(-19.82226470823,1.204696046934,4.));
#3108 = CARTESIAN_POINT('',(-19.82150632374,1.413728532986,4.));
#3109 = CARTESIAN_POINT('',(-19.82012250215,1.62272641726,4.));
#3110 = CARTESIAN_POINT('',(-19.81792264334,1.831646835621,4.));
#3111 = CARTESIAN_POINT('',(-19.81471454382,2.040445435171,4.));
#3112 = CARTESIAN_POINT('',(-19.81030367855,2.249076215526,4.));
#3113 = PCURVE('',#2643,#3114);
#3114 = DEFINITIONAL_REPRESENTATION('',(#3115),#3286);
#3115 = B_SPLINE_CURVE_WITH_KNOTS('',8,(#3116,#3117,#3118,#3119,#3120,
    #3121,#3122,#3123,#3124,#3125,#3126,#3127,#3128,#3129,#3130,#3131,
    #3132,#3133,#3134,#3135,#3136,#3137,#3138,#3139,#3140,#3141,#3142,
    #3143,#3144,#3145,#3146,#3147,#3148,#3149,#3150,#3151,#3152,#3153,
    #3154,#3155,#3156,#3157,#3158,#3159,#3160,#3161,#3162,#3163,#3164,
    #3165,#3166,#3167,#3168,#3169,#3170,#3171,#3172,#3173,#3174,#3175,
    #3176,#3177,#3178,#3179,#3180,#3181,#3182,#3183,#3184,#3185,#3186,
    #3187,#3188,#3189,#3190,#3191,#3192,#3193,#3194,#3195,#3196,#3197,
    #3198,#3199,#3200,#3201,#3202,#3203,#3204,#3205,#3206,#3207,#3208,
    #3209,#3210,#3211,#3212,#3213,#3214,#3215,#3216,#3217,#3218,#3219,
    #3220,#3221,#3222,#3223,#3224,#3225,#3226,#3227,#3228,#3229,#3230,
    #3231,#3232,#3233,#3234,#3235,#3236,#3237,#3238,#3239,#3240,#3241,
    #3242,#3243,#3244,#3245,#3246,#3247,#3248,#3249,#3250,#3251,#3252,
    #3253,#3254,#3255,#3256,#3257,#3258,#3259,#3260,#3261,#3262,#3263,
    #3264,#3265,#3266,#3267,#3268,#3269,#3270,#3271,#3272,#3273,#3274,
    #3275,#3276,#3277,#3278,#3279,#3280,#3281,#3282,#3283,#3284,#3285),
  .UNSPECIFIED.,.F.,.F.,(9,7,7,7,7,7,7,7,7,7,7,7,7,7,7,7,7,7,7,7,7,7,7,7
    ,9),(0.,3.414385910745E-02,7.916187992368E-02,0.113182164097,
    0.131686306007,0.150190448151,0.187321337108,0.228273000268,
    0.242686617302,0.25870174983,0.314195879482,0.324515677576,
    0.360955099789,0.388136075692,0.409131242017,0.425025360455,
    0.471462425516,0.506611922333,0.523428205905,0.541773458797,
    0.609267462472,0.643079238242,0.77793550808,0.911730676987,1.),
  .UNSPECIFIED.);
#3116 = CARTESIAN_POINT('',(18.458926113753,-8.217545054761));
#3117 = CARTESIAN_POINT('',(18.348266622038,-8.241246345038));
#3118 = CARTESIAN_POINT('',(18.237630670945,-8.265335691477));
#3119 = CARTESIAN_POINT('',(18.127017995923,-8.289768121638));
#3120 = CARTESIAN_POINT('',(18.016428133892,-8.314498925618));
#3121 = CARTESIAN_POINT('',(17.90586042324,-8.339483656049));
#3122 = CARTESIAN_POINT('',(17.795314003821,-8.3646781281));
#3123 = CARTESIAN_POINT('',(17.684787816961,-8.390038419478));
#3124 = CARTESIAN_POINT('',(17.428578974814,-8.449118991354));
#3125 = CARTESIAN_POINT('',(17.28291080687,-8.482929249985));
#3126 = CARTESIAN_POINT('',(17.13727302095,-8.516851320161));
#3127 = CARTESIAN_POINT('',(16.991662700921,-8.550785091878));
#3128 = CARTESIAN_POINT('',(16.846077087039,-8.584630388541));
#3129 = CARTESIAN_POINT('',(16.700513567801,-8.618286684206));
#3130 = CARTESIAN_POINT('',(16.554969671794,-8.65165282083));
#3131 = CARTESIAN_POINT('',(16.299468062575,-8.70954522677));
#3132 = CARTESIAN_POINT('',(16.189503210691,-8.734239605677));
#3133 = CARTESIAN_POINT('',(16.079547567627,-8.758665918485));
#3134 = CARTESIAN_POINT('',(15.969600501282,-8.782779739639));
#3135 = CARTESIAN_POINT('',(15.859661683732,-8.806536161789));
#3136 = CARTESIAN_POINT('',(15.74973109123,-8.829889795789));
#3137 = CARTESIAN_POINT('',(15.639809004204,-8.852794770696));
#3138 = CARTESIAN_POINT('',(15.470112682618,-8.887393848207));
#3139 = CARTESIAN_POINT('',(15.410363680621,-8.899427044479));
#3140 = CARTESIAN_POINT('',(15.350645938778,-8.911316113886));
#3141 = CARTESIAN_POINT('',(15.290957950444,-8.923108138307));
#3142 = CARTESIAN_POINT('',(15.231296127397,-8.934803573622));
#3143 = CARTESIAN_POINT('',(15.171658869433,-8.946446475236));
#3144 = CARTESIAN_POINT('',(15.112043212001,-8.958052276694));
#3145 = CARTESIAN_POINT('',(14.992850453131,-8.981245848096));
#3146 = CARTESIAN_POINT('',(14.933273326197,-8.992833196684));
#3147 = CARTESIAN_POINT('',(14.873712968813,-9.004436213421));
#3148 = CARTESIAN_POINT('',(14.814166897655,-9.016080003641));
#3149 = CARTESIAN_POINT('',(14.754632629396,-9.027789672679));
#3150 = CARTESIAN_POINT('',(14.695107680711,-9.03959032587));
#3151 = CARTESIAN_POINT('',(14.635589568273,-9.051507068549));
#3152 = CARTESIAN_POINT('',(14.4566539637,-9.087760774485));
#3153 = CARTESIAN_POINT('',(14.337296992612,-9.112515526033));
#3154 = CARTESIAN_POINT('',(14.218013339131,-9.138025378273));
#3155 = CARTESIAN_POINT('',(14.098814954678,-9.164484601454));
#3156 = CARTESIAN_POINT('',(13.979717204634,-9.192084137497));
#3157 = CARTESIAN_POINT('',(13.860738774502,-9.221010118998));
#3158 = CARTESIAN_POINT('',(13.741901576086,-9.251442388234));
#3159 = CARTESIAN_POINT('',(13.492348475,-9.318967832667));
#3160 = CARTESIAN_POINT('',(13.361669640217,-9.356423852562));
#3161 = CARTESIAN_POINT('',(13.231229912612,-9.396151032969));
#3162 = CARTESIAN_POINT('',(13.101072081315,-9.438366778815));
#3163 = CARTESIAN_POINT('',(12.971245580087,-9.483272519469));
#3164 = CARTESIAN_POINT('',(12.841806106123,-9.53105028536));
#3165 = CARTESIAN_POINT('',(12.712815238855,-9.581859284615));
#3166 = CARTESIAN_POINT('',(12.539121088353,-9.654829240823));
#3167 = CARTESIAN_POINT('',(12.493868449843,-9.674266260568));
#3168 = CARTESIAN_POINT('',(12.448588175848,-9.694094685919));
#3169 = CARTESIAN_POINT('',(12.403286142622,-9.714264406679));
#3170 = CARTESIAN_POINT('',(12.357968139481,-9.734724592422));
#3171 = CARTESIAN_POINT('',(12.312639938238,-9.755424229474));
#3172 = CARTESIAN_POINT('',(12.267307362637,-9.776312657891));
#3173 = CARTESIAN_POINT('',(12.171608566783,-9.82070394602));
#3174 = CARTESIAN_POINT('',(12.121242651992,-9.844239066824));
#3175 = CARTESIAN_POINT('',(12.070886622249,-9.867876213741));
#3176 = CARTESIAN_POINT('',(12.020548486391,-9.891546129655));
#3177 = CARTESIAN_POINT('',(11.970236253257,-9.915179557455));
#3178 = CARTESIAN_POINT('',(11.919957931684,-9.938707240024));
#3179 = CARTESIAN_POINT('',(11.86972153051,-9.962059920251));
#3180 = CARTESIAN_POINT('',(11.645633620319,-10.06524146535));
#3181 = CARTESIAN_POINT('',(11.471861833231,-10.14259819149));
#3182 = CARTESIAN_POINT('',(11.297287341456,-10.21491411149));
#3183 = CARTESIAN_POINT('',(11.121480759693,-10.27946490618));
#3184 = CARTESIAN_POINT('',(10.944471157297,-10.33278075107));
#3185 = CARTESIAN_POINT('',(10.766731700424,-10.37065661648));
#3186 = CARTESIAN_POINT('',(10.589174246716,-10.38823991605));
#3187 = CARTESIAN_POINT('',(10.380484929704,-10.37977631805));
#3188 = CARTESIAN_POINT('',(10.347869504994,-10.3776088453));
#3189 = CARTESIAN_POINT('',(10.315365748015,-10.37455732305));
#3190 = CARTESIAN_POINT('',(10.282977239578,-10.37059023709));
#3191 = CARTESIAN_POINT('',(10.250707086221,-10.36568825027));
#3192 = CARTESIAN_POINT('',(10.218557920203,-10.35984420255));
#3193 = CARTESIAN_POINT('',(10.18653189951,-10.35306311096));
#3194 = CARTESIAN_POINT('',(10.041986935041,-10.31816998513));
#3195 = CARTESIAN_POINT('',(9.931506464756,-10.27973980062));
#3196 = CARTESIAN_POINT('',(9.823671345623,-10.23118216445));
#3197 = CARTESIAN_POINT('',(9.718791753774,-10.1737241234));
#3198 = CARTESIAN_POINT('',(9.617047223156,-10.10854737844));
#3199 = CARTESIAN_POINT('',(9.518511319937,-10.03670918624));
#3200 = CARTESIAN_POINT('',(9.423168782388,-9.959108350886));
#3201 = CARTESIAN_POINT('',(9.262134281098,-9.814808398826));
#3202 = CARTESIAN_POINT('',(9.195082954884,-9.750366516871));
#3203 = CARTESIAN_POINT('',(9.129756271195,-9.683443480759));
#3204 = CARTESIAN_POINT('',(9.066130853321,-9.614318221622));
#3205 = CARTESIAN_POINT('',(9.004184149293,-9.543240659716));
#3206 = CARTESIAN_POINT('',(8.943894735534,-9.470434239102));
#3207 = CARTESIAN_POINT('',(8.885242620514,-9.396098462328));
#3208 = CARTESIAN_POINT('',(8.784155985391,-9.261949141015));
#3209 = CARTESIAN_POINT('',(8.74107130104,-9.202684422328));
#3210 = CARTESIAN_POINT('',(8.698948772945,-9.142701549263));
#3211 = CARTESIAN_POINT('',(8.657784495793,-9.082080406044));
#3212 = CARTESIAN_POINT('',(8.61757750827,-9.020897359411));
#3213 = CARTESIAN_POINT('',(8.578329919958,-8.959226137139));
#3214 = CARTESIAN_POINT('',(8.540047038233,-8.897138706545));
#3215 = CARTESIAN_POINT('',(8.47449278935,-8.78744239786));
#3216 = CARTESIAN_POINT('',(8.44680531269,-8.739978840848));
#3217 = CARTESIAN_POINT('',(8.41968520223,-8.692365026328));
#3218 = CARTESIAN_POINT('',(8.393127892047,-8.644599140687));
#3219 = CARTESIAN_POINT('',(8.367126315498,-8.59667297665));
#3220 = CARTESIAN_POINT('',(8.341676454131,-8.548592248397));
#3221 = CARTESIAN_POINT('',(8.316776233242,-8.500372257506));
#3222 = CARTESIAN_POINT('',(8.221250821293,-8.310708092203));
#3223 = CARTESIAN_POINT('',(8.154711618281,-8.168198620199));
#3224 = CARTESIAN_POINT('',(8.092660003812,-8.024590022387));
#3225 = CARTESIAN_POINT('',(8.034904660039,-7.879985708416));
#3226 = CARTESIAN_POINT('',(7.981210737656,-7.734481815784));
#3227 = CARTESIAN_POINT('',(7.931307491081,-7.588166056744));
#3228 = CARTESIAN_POINT('',(7.884895913618,-7.441116565202));
#3229 = CARTESIAN_POINT('',(7.80892717009,-7.181590559381));
#3230 = CARTESIAN_POINT('',(7.778015290542,-7.069398233794));
#3231 = CARTESIAN_POINT('',(7.748781424035,-6.956851144147));
#3232 = CARTESIAN_POINT('',(7.721080067682,-6.843973844516));
#3233 = CARTESIAN_POINT('',(7.694760884614,-6.730787911491));
#3234 = CARTESIAN_POINT('',(7.669670062938,-6.617311789894));
#3235 = CARTESIAN_POINT('',(7.645651674684,-6.503560638495));
#3236 = CARTESIAN_POINT('',(7.611496229476,-6.334999177599));
#3237 = CARTESIAN_POINT('',(7.600648845594,-6.280374869193));
#3238 = CARTESIAN_POINT('',(7.589996183782,-6.225671887566));
#3239 = CARTESIAN_POINT('',(7.579497745181,-6.170888777445));
#3240 = CARTESIAN_POINT('',(7.569161677545,-6.116027038604));
#3241 = CARTESIAN_POINT('',(7.559002300615,-6.061089279941));
#3242 = CARTESIAN_POINT('',(7.548994856581,-6.006077362858));
#3243 = CARTESIAN_POINT('',(7.528400895613,-5.890905312198));
#3244 = CARTESIAN_POINT('',(7.517842097006,-5.830730023794));
#3245 = CARTESIAN_POINT('',(7.50746451439,-5.770472185123));
#3246 = CARTESIAN_POINT('',(7.497263426496,-5.710134429968));
#3247 = CARTESIAN_POINT('',(7.487234112057,-5.649719392109));
#3248 = CARTESIAN_POINT('',(7.477371849801,-5.589229705328));
#3249 = CARTESIAN_POINT('',(7.467671918462,-5.528668003405));
#3250 = CARTESIAN_POINT('',(7.423022449476,-5.244969155293));
#3251 = CARTESIAN_POINT('',(7.390095049043,-5.021256734049));
#3252 = CARTESIAN_POINT('',(7.359096655931,-4.796999199402));
#3253 = CARTESIAN_POINT('',(7.329780830651,-4.572290992128));
#3254 = CARTESIAN_POINT('',(7.301904618584,-4.34722173718));
#3255 = CARTESIAN_POINT('',(7.275227734787,-4.121876530095));
#3256 = CARTESIAN_POINT('',(7.249511748808,-3.896336223408));
#3257 = CARTESIAN_POINT('',(7.211999044586,-3.557631893625));
#3258 = CARTESIAN_POINT('',(7.19966040113,-3.444556848513));
#3259 = CARTESIAN_POINT('',(7.187473563219,-3.331462442737));
#3260 = CARTESIAN_POINT('',(7.175408761371,-3.218358497072));
#3261 = CARTESIAN_POINT('',(7.163436232542,-3.105254788055));
#3262 = CARTESIAN_POINT('',(7.151526220122,-2.992161047989));
#3263 = CARTESIAN_POINT('',(7.139648973935,-2.879086964941));
#3264 = CARTESIAN_POINT('',(7.080415110651,-2.315169748361));
#3265 = CARTESIAN_POINT('',(7.033117718636,-1.864759001569));
#3266 = CARTESIAN_POINT('',(6.985871094939,-1.414732658121));
#3267 = CARTESIAN_POINT('',(6.938663374337,-0.965012125155));
#3268 = CARTESIAN_POINT('',(6.891482472778,-0.515517786526));
#3269 = CARTESIAN_POINT('',(6.844316254523,-6.616928813579E-02));
#3270 = CARTESIAN_POINT('',(6.797152699286,0.38311417674));
#3271 = CARTESIAN_POINT('',(6.703178611831,1.278177727181));
#3272 = CARTESIAN_POINT('',(6.627514814248,1.998843952261));
#3273 = CARTESIAN_POINT('',(6.55011756441,2.735484320198));
#3274 = CARTESIAN_POINT('',(6.488745469301,3.320671418818));
#3275 = CARTESIAN_POINT('',(6.450952899997,3.679994662408));
#3276 = CARTESIAN_POINT('',(6.433835707597,3.843827895904));
#3277 = CARTESIAN_POINT('',(6.422292682325,3.953358504698));
#3278 = CARTESIAN_POINT('',(6.367471902438,4.476012624117));
#3279 = CARTESIAN_POINT('',(6.345727688057,4.683856574153));
#3280 = CARTESIAN_POINT('',(6.324223364014,4.891773264851));
#3281 = CARTESIAN_POINT('',(6.303151656606,5.099742345532));
#3282 = CARTESIAN_POINT('',(6.282705580518,5.307742318047));
#3283 = CARTESIAN_POINT('',(6.263079169654,5.515750453905));
#3284 = CARTESIAN_POINT('',(6.244468207966,5.723742711409));
#3285 = CARTESIAN_POINT('',(6.227070960281,5.931693652779));
#3286 = ( GEOMETRIC_REPRESENTATION_CONTEXT(2) 
PARAMETRIC_REPRESENTATION_CONTEXT() REPRESENTATION_CONTEXT('2D SPACE',''
  ) );
#3287 = PCURVE('',#3288,#3323);
#3288 = B_SPLINE_SURFACE_WITH_KNOTS('',3,1,(
    (#3289,#3290)
    ,(#3291,#3292)
    ,(#3293,#3294)
    ,(#3295,#3296)
    ,(#3297,#3298)
    ,(#3299,#3300)
    ,(#3301,#3302)
    ,(#3303,#3304)
    ,(#3305,#3306)
    ,(#3307,#3308)
    ,(#3309,#3310)
    ,(#3311,#3312)
    ,(#3313,#3314)
    ,(#3315,#3316)
    ,(#3317,#3318)
    ,(#3319,#3320)
    ,(#3321,#3322
    )),.UNSPECIFIED.,.F.,.F.,.F.,(4,1,1,1,1,1,1,1,1,1,1,1,1,1,4),(2,2),(
    0.,3.020347662108,6.053909924531,8.500463623104,10.890155025775,
    13.5584878386,17.059916118603,20.559916118603,24.059916118603,
    27.561344398605,30.22967721143,32.619368614101,35.065922312674,
    38.099484575098,41.119832237205),(0.,1.),.UNSPECIFIED.);
#3289 = CARTESIAN_POINT('',(-17.38655226579,7.1,-20.));
#3290 = CARTESIAN_POINT('',(10.15965679738,7.1,60.));
#3291 = CARTESIAN_POINT('',(-18.38712590899,7.206854020275,-20.));
#3292 = CARTESIAN_POINT('',(9.159083154181,7.206854020275,60.));
#3293 = CARTESIAN_POINT('',(-20.40828369697,7.503114404475,-20.));
#3294 = CARTESIAN_POINT('',(7.137925366204,7.503114404475,60.));
#3295 = CARTESIAN_POINT('',(-23.1485458374,7.623125592086,-20.));
#3296 = CARTESIAN_POINT('',(4.397663225771,7.623125592086,60.));
#3297 = CARTESIAN_POINT('',(-25.91408807842,8.992963864358,-20.));
#3298 = CARTESIAN_POINT('',(1.63212098475,8.992963864358,60.));
#3299 = CARTESIAN_POINT('',(-27.65680623781,6.492176654313,-20.));
#3300 = CARTESIAN_POINT('',(-0.110597174643,6.492176654313,60.));
#3301 = CARTESIAN_POINT('',(-28.08617105465,3.75336269061,-20.));
#3302 = CARTESIAN_POINT('',(-0.539961991479,3.75336269061,60.));
#3303 = CARTESIAN_POINT('',(-28.08667349822,0.492256488987,-20.));
#3304 = CARTESIAN_POINT('',(-0.540464435048,0.492256488987,60.));
#3305 = CARTESIAN_POINT('',(-28.08649166194,-3.,-20.));
#3306 = CARTESIAN_POINT('',(-0.540282598772,-3.,60.));
#3307 = CARTESIAN_POINT('',(-28.08667349822,-6.492256488987,-20.));
#3308 = CARTESIAN_POINT('',(-0.540464435048,-6.492256488987,60.));
#3309 = CARTESIAN_POINT('',(-28.08617105465,-9.75336269061,-20.));
#3310 = CARTESIAN_POINT('',(-0.539961991479,-9.75336269061,60.));
#3311 = CARTESIAN_POINT('',(-27.65680623781,-12.49217665431,-20.));
#3312 = CARTESIAN_POINT('',(-0.110597174643,-12.49217665431,60.));
#3313 = CARTESIAN_POINT('',(-25.91408807842,-14.99296386435,-20.));
#3314 = CARTESIAN_POINT('',(1.63212098475,-14.99296386435,60.));
#3315 = CARTESIAN_POINT('',(-23.1485458374,-13.62312559208,-20.));
#3316 = CARTESIAN_POINT('',(4.397663225771,-13.62312559208,60.));
#3317 = CARTESIAN_POINT('',(-20.40828369697,-13.50311440447,-20.));
#3318 = CARTESIAN_POINT('',(7.137925366204,-13.50311440447,60.));
#3319 = CARTESIAN_POINT('',(-18.38712590899,-13.20685402027,-20.));
#3320 = CARTESIAN_POINT('',(9.159083154181,-13.20685402027,60.));
#3321 = CARTESIAN_POINT('',(-17.38655226579,-13.1,-20.));
#3322 = CARTESIAN_POINT('',(10.15965679738,-13.1,60.));
#3323 = DEFINITIONAL_REPRESENTATION('',(#3324),#3495);
#3324 = B_SPLINE_CURVE_WITH_KNOTS('',8,(#3325,#3326,#3327,#3328,#3329,
    #3330,#3331,#3332,#3333,#3334,#3335,#3336,#3337,#3338,#3339,#3340,
    #3341,#3342,#3343,#3344,#3345,#3346,#3347,#3348,#3349,#3350,#3351,
    #3352,#3353,#3354,#3355,#3356,#3357,#3358,#3359,#3360,#3361,#3362,
    #3363,#3364,#3365,#3366,#3367,#3368,#3369,#3370,#3371,#3372,#3373,
    #3374,#3375,#3376,#3377,#3378,#3379,#3380,#3381,#3382,#3383,#3384,
    #3385,#3386,#3387,#3388,#3389,#3390,#3391,#3392,#3393,#3394,#3395,
    #3396,#3397,#3398,#3399,#3400,#3401,#3402,#3403,#3404,#3405,#3406,
    #3407,#3408,#3409,#3410,#3411,#3412,#3413,#3414,#3415,#3416,#3417,
    #3418,#3419,#3420,#3421,#3422,#3423,#3424,#3425,#3426,#3427,#3428,
    #3429,#3430,#3431,#3432,#3433,#3434,#3435,#3436,#3437,#3438,#3439,
    #3440,#3441,#3442,#3443,#3444,#3445,#3446,#3447,#3448,#3449,#3450,
    #3451,#3452,#3453,#3454,#3455,#3456,#3457,#3458,#3459,#3460,#3461,
    #3462,#3463,#3464,#3465,#3466,#3467,#3468,#3469,#3470,#3471,#3472,
    #3473,#3474,#3475,#3476,#3477,#3478,#3479,#3480,#3481,#3482,#3483,
    #3484,#3485,#3486,#3487,#3488,#3489,#3490,#3491,#3492,#3493,#3494),
  .UNSPECIFIED.,.F.,.F.,(9,7,7,7,7,7,7,7,7,7,7,7,7,7,7,7,7,7,7,7,7,7,7,7
    ,9),(0.,3.414385910745E-02,7.916187992368E-02,0.113182164097,
    0.131686306007,0.150190448151,0.187321337108,0.228273000268,
    0.242686617302,0.25870174983,0.314195879482,0.324515677576,
    0.360955099789,0.388136075692,0.409131242017,0.425025360455,
    0.471462425516,0.506611922333,0.523428205905,0.541773458797,
    0.609267462472,0.643079238242,0.77793550808,0.911730676987,1.),
  .UNSPECIFIED.);
#3325 = CARTESIAN_POINT('',(41.119832237205,0.3));
#3326 = CARTESIAN_POINT('',(41.0066045868,0.3));
#3327 = CARTESIAN_POINT('',(40.893435333035,0.3));
#3328 = CARTESIAN_POINT('',(40.780316660499,0.3));
#3329 = CARTESIAN_POINT('',(40.66724057451,0.3));
#3330 = CARTESIAN_POINT('',(40.554198901119,0.3));
#3331 = CARTESIAN_POINT('',(40.441183287106,0.3));
#3332 = CARTESIAN_POINT('',(40.328185199981,0.3));
#3333 = CARTESIAN_POINT('',(40.066221748395,0.3));
#3334 = CARTESIAN_POINT('',(39.917263359852,0.3));
#3335 = CARTESIAN_POINT('',(39.768300538361,0.3));
#3336 = CARTESIAN_POINT('',(39.619313229303,0.3));
#3337 = CARTESIAN_POINT('',(39.470281491004,0.3));
#3338 = CARTESIAN_POINT('',(39.32118543831,0.3));
#3339 = CARTESIAN_POINT('',(39.172005186148,0.3));
#3340 = CARTESIAN_POINT('',(38.909906027335,0.3));
#3341 = CARTESIAN_POINT('',(38.797032059692,0.3));
#3342 = CARTESIAN_POINT('',(38.684090379534,0.3));
#3343 = CARTESIAN_POINT('',(38.571072705724,0.3));
#3344 = CARTESIAN_POINT('',(38.457970986631,0.3));
#3345 = CARTESIAN_POINT('',(38.344777400125,0.3));
#3346 = CARTESIAN_POINT('',(38.231484353584,0.3));
#3347 = CARTESIAN_POINT('',(38.056404596954,0.3));
#3348 = CARTESIAN_POINT('',(37.99472538352,0.3));
#3349 = CARTESIAN_POINT('',(37.933044646966,0.3));
#3350 = CARTESIAN_POINT('',(37.871366034954,0.3));
#3351 = CARTESIAN_POINT('',(37.809685446169,0.3));
#3352 = CARTESIAN_POINT('',(37.748006069293,0.3));
#3353 = CARTESIAN_POINT('',(37.686326244617,0.3));
#3354 = CARTESIAN_POINT('',(37.562966748687,0.3));
#3355 = CARTESIAN_POINT('',(37.501287000331,0.3));
#3356 = CARTESIAN_POINT('',(37.439607251975,0.3));
#3357 = CARTESIAN_POINT('',(37.37792750362,0.3));
#3358 = CARTESIAN_POINT('',(37.316247755264,0.3));
#3359 = CARTESIAN_POINT('',(37.254568006908,0.3));
#3360 = CARTESIAN_POINT('',(37.192888258552,0.3));
#3361 = CARTESIAN_POINT('',(37.007440336061,0.3));
#3362 = CARTESIAN_POINT('',(36.883721237465,0.3));
#3363 = CARTESIAN_POINT('',(36.760080767135,0.3));
#3364 = CARTESIAN_POINT('',(36.63655210188,0.3));
#3365 = CARTESIAN_POINT('',(36.513171804481,0.3));
#3366 = CARTESIAN_POINT('',(36.389979585582,0.3));
#3367 = CARTESIAN_POINT('',(36.267018065577,0.3));
#3368 = CARTESIAN_POINT('',(36.009022647554,0.3));
#3369 = CARTESIAN_POINT('',(35.874049592602,0.3));
#3370 = CARTESIAN_POINT('',(35.739476333531,0.3));
#3371 = CARTESIAN_POINT('',(35.605372229755,0.3));
#3372 = CARTESIAN_POINT('',(35.471812295879,0.3));
#3373 = CARTESIAN_POINT('',(35.338876459354,0.3));
#3374 = CARTESIAN_POINT('',(35.206648818134,0.3));
#3375 = CARTESIAN_POINT('',(35.028957254361,0.3));
#3376 = CARTESIAN_POINT('',(34.982697270705,0.3));
#3377 = CARTESIAN_POINT('',(34.936437353914,0.3));
#3378 = CARTESIAN_POINT('',(34.890177590379,0.3));
#3379 = CARTESIAN_POINT('',(34.843917885925,0.3));
#3380 = CARTESIAN_POINT('',(34.797658105403,0.3));
#3381 = CARTESIAN_POINT('',(34.751398212275,0.3));
#3382 = CARTESIAN_POINT('',(34.653738617905,0.3));
#3383 = CARTESIAN_POINT('',(34.602338827608,0.3));
#3384 = CARTESIAN_POINT('',(34.550939037312,0.3));
#3385 = CARTESIAN_POINT('',(34.499539247015,0.3));
#3386 = CARTESIAN_POINT('',(34.448139456719,0.3));
#3387 = CARTESIAN_POINT('',(34.396739666422,0.3));
#3388 = CARTESIAN_POINT('',(34.345339876125,0.3));
#3389 = CARTESIAN_POINT('',(34.115834371012,0.3));
#3390 = CARTESIAN_POINT('',(33.937247460781,0.3));
#3391 = CARTESIAN_POINT('',(33.756877304153,0.3));
#3392 = CARTESIAN_POINT('',(33.573904450603,0.3));
#3393 = CARTESIAN_POINT('',(33.387906937393,0.3));
#3394 = CARTESIAN_POINT('',(33.198850793729,0.3));
#3395 = CARTESIAN_POINT('',(33.007100062518,0.3));
#3396 = CARTESIAN_POINT('',(32.777647329313,0.3));
#3397 = CARTESIAN_POINT('',(32.741666319582,0.3));
#3398 = CARTESIAN_POINT('',(32.705685228011,0.3));
#3399 = CARTESIAN_POINT('',(32.669705245659,0.3));
#3400 = CARTESIAN_POINT('',(32.633726622727,0.3));
#3401 = CARTESIAN_POINT('',(32.597748668561,0.3));
#3402 = CARTESIAN_POINT('',(32.561769751651,0.3));
#3403 = CARTESIAN_POINT('',(32.398732511394,0.3));
#3404 = CARTESIAN_POINT('',(32.272314908278,0.3));
#3405 = CARTESIAN_POINT('',(32.146910533173,0.3));
#3406 = CARTESIAN_POINT('',(32.022739850067,0.3));
#3407 = CARTESIAN_POINT('',(31.899905787053,0.3));
#3408 = CARTESIAN_POINT('',(31.778408704393,0.3));
#3409 = CARTESIAN_POINT('',(31.658146907651,0.3));
#3410 = CARTESIAN_POINT('',(31.449970852225,0.3));
#3411 = CARTESIAN_POINT('',(31.361626504489,0.3));
#3412 = CARTESIAN_POINT('',(31.273807498991,0.3));
#3413 = CARTESIAN_POINT('',(31.186441375866,0.3));
#3414 = CARTESIAN_POINT('',(31.09945179077,0.3));
#3415 = CARTESIAN_POINT('',(31.012756306541,0.3));
#3416 = CARTESIAN_POINT('',(30.926264184859,0.3));
#3417 = CARTESIAN_POINT('',(30.773144691395,0.3));
#3418 = CARTESIAN_POINT('',(30.706480463942,0.3));
#3419 = CARTESIAN_POINT('',(30.639837078537,0.3));
#3420 = CARTESIAN_POINT('',(30.573169932511,0.3));
#3421 = CARTESIAN_POINT('',(30.506433365535,0.3));
#3422 = CARTESIAN_POINT('',(30.439579787626,0.3));
#3423 = CARTESIAN_POINT('',(30.372558807149,0.3));
#3424 = CARTESIAN_POINT('',(30.254411335193,0.3));
#3425 = CARTESIAN_POINT('',(30.203382737841,0.3));
#3426 = CARTESIAN_POINT('',(30.152187461348,0.3));
#3427 = CARTESIAN_POINT('',(30.100837895167,0.3));
#3428 = CARTESIAN_POINT('',(30.049353516489,0.3));
#3429 = CARTESIAN_POINT('',(29.997738982851,0.3));
#3430 = CARTESIAN_POINT('',(29.94598872449,0.3));
#3431 = CARTESIAN_POINT('',(29.742569995279,0.3));
#3432 = CARTESIAN_POINT('',(29.589972751912,0.3));
#3433 = CARTESIAN_POINT('',(29.436481598754,0.3));
#3434 = CARTESIAN_POINT('',(29.282245590702,0.3));
#3435 = CARTESIAN_POINT('',(29.127405889336,0.3));
#3436 = CARTESIAN_POINT('',(28.972094107104,0.3));
#3437 = CARTESIAN_POINT('',(28.816430651517,0.3));
#3438 = CARTESIAN_POINT('',(28.542512315282,0.3));
#3439 = CARTESIAN_POINT('',(28.424361308911,0.3));
#3440 = CARTESIAN_POINT('',(28.306114810055,0.3));
#3441 = CARTESIAN_POINT('',(28.187814148652,0.3));
#3442 = CARTESIAN_POINT('',(28.069497055056,0.3));
#3443 = CARTESIAN_POINT('',(27.951197490375,0.3));
#3444 = CARTESIAN_POINT('',(27.832945476788,0.3));
#3445 = CARTESIAN_POINT('',(27.658227740388,0.3));
#3446 = CARTESIAN_POINT('',(27.601687902601,0.3));
#3447 = CARTESIAN_POINT('',(27.545145723874,0.3));
#3448 = CARTESIAN_POINT('',(27.488607692852,0.3));
#3449 = CARTESIAN_POINT('',(27.432069937907,0.3));
#3450 = CARTESIAN_POINT('',(27.375528089917,0.3));
#3451 = CARTESIAN_POINT('',(27.318987876058,0.3));
#3452 = CARTESIAN_POINT('',(27.200769024911,0.3));
#3453 = CARTESIAN_POINT('',(27.139089276555,0.3));
#3454 = CARTESIAN_POINT('',(27.0774095282,0.3));
#3455 = CARTESIAN_POINT('',(27.015729779844,0.3));
#3456 = CARTESIAN_POINT('',(26.954050031488,0.3));
#3457 = CARTESIAN_POINT('',(26.892370283132,0.3));
#3458 = CARTESIAN_POINT('',(26.830690534776,0.3));
#3459 = CARTESIAN_POINT('',(26.542084878851,0.3));
#3460 = CARTESIAN_POINT('',(26.315458556402,0.3));
#3461 = CARTESIAN_POINT('',(26.089095182335,0.3));
#3462 = CARTESIAN_POINT('',(25.862955381226,0.3));
#3463 = CARTESIAN_POINT('',(25.636996853682,0.3));
#3464 = CARTESIAN_POINT('',(25.411174191053,0.3));
#3465 = CARTESIAN_POINT('',(25.185438690155,0.3));
#3466 = CARTESIAN_POINT('',(24.846671302315,0.3));
#3467 = CARTESIAN_POINT('',(24.733613633497,0.3));
#3468 = CARTESIAN_POINT('',(24.620558823739,0.3));
#3469 = CARTESIAN_POINT('',(24.507500478401,0.3));
#3470 = CARTESIAN_POINT('',(24.394432145995,0.3));
#3471 = CARTESIAN_POINT('',(24.281347318185,0.3));
#3472 = CARTESIAN_POINT('',(24.168239429786,0.3));
#3473 = CARTESIAN_POINT('',(23.603859341659,0.3));
#3474 = CARTESIAN_POINT('',(23.152149227693,0.3));
#3475 = CARTESIAN_POINT('',(22.700050706543,0.3));
#3476 = CARTESIAN_POINT('',(22.247643965559,0.3));
#3477 = CARTESIAN_POINT('',(21.795009888925,0.3));
#3478 = CARTESIAN_POINT('',(21.342229756824,0.3));
#3479 = CARTESIAN_POINT('',(20.889384944594,0.3));
#3480 = CARTESIAN_POINT('',(19.987291326371,0.3));
#3481 = CARTESIAN_POINT('',(19.261062075444,0.3));
#3482 = CARTESIAN_POINT('',(18.518519113422,0.3));
#3483 = CARTESIAN_POINT('',(17.931574385754,0.3));
#3484 = CARTESIAN_POINT('',(17.571622166187,0.3));
#3485 = CARTESIAN_POINT('',(17.407514926912,0.3));
#3486 = CARTESIAN_POINT('',(17.297548232622,0.3));
#3487 = CARTESIAN_POINT('',(16.774636319003,0.3));
#3488 = CARTESIAN_POINT('',(16.566870849869,0.3));
#3489 = CARTESIAN_POINT('',(16.359152244332,0.3));
#3490 = CARTESIAN_POINT('',(16.151439904831,0.3));
#3491 = CARTESIAN_POINT('',(15.94369454171,0.3));
#3492 = CARTESIAN_POINT('',(15.735878016466,0.3));
#3493 = CARTESIAN_POINT('',(15.527953184993,0.3));
#3494 = CARTESIAN_POINT('',(15.319883740818,0.3));
#3495 = ( GEOMETRIC_REPRESENTATION_CONTEXT(2) 
PARAMETRIC_REPRESENTATION_CONTEXT() REPRESENTATION_CONTEXT('2D SPACE',''
  ) );
#3496 = ORIENTED_EDGE('',*,*,#3497,.T.);
#3497 = EDGE_CURVE('',#2939,#2570,#3498,.T.);
#3498 = SURFACE_CURVE('',#3499,(#3503,#3510),.PCURVE_S1.);
#3499 = LINE('',#3500,#3501);
#3500 = CARTESIAN_POINT('',(-63.31134477342,-3.125,4.));
#3501 = VECTOR('',#3502,1.);
#3502 = DIRECTION('',(-1.,0.,-0.));
#3503 = PCURVE('',#2643,#3504);
#3504 = DEFINITIONAL_REPRESENTATION('',(#3505),#3509);
#3505 = LINE('',#3506,#3507);
#3506 = CARTESIAN_POINT('',(-36.47505978361,-3.95513098604));
#3507 = VECTOR('',#3508,1.);
#3508 = DIRECTION('',(-0.994533904972,-0.104414136312));
#3509 = ( GEOMETRIC_REPRESENTATION_CONTEXT(2) 
PARAMETRIC_REPRESENTATION_CONTEXT() REPRESENTATION_CONTEXT('2D SPACE',''
  ) );
#3510 = PCURVE('',#2589,#3511);
#3511 = DEFINITIONAL_REPRESENTATION('',(#3512),#3516);
#3512 = LINE('',#3513,#3514);
#3513 = CARTESIAN_POINT('',(104.,36.688655226579));
#3514 = VECTOR('',#3515,1.);
#3515 = DIRECTION('',(0.,-1.));
#3516 = ( GEOMETRIC_REPRESENTATION_CONTEXT(2) 
PARAMETRIC_REPRESENTATION_CONTEXT() REPRESENTATION_CONTEXT('2D SPACE',''
  ) );
#3517 = FACE_BOUND('',#3518,.T.);
#3518 = EDGE_LOOP('',(#3519));
#3519 = ORIENTED_EDGE('',*,*,#3520,.T.);
#3520 = EDGE_CURVE('',#3521,#3521,#3523,.T.);
#3521 = VERTEX_POINT('',#3522);
#3522 = CARTESIAN_POINT('',(-7.622689546841,-17.375,4.));
#3523 = SURFACE_CURVE('',#3524,(#3529,#3540),.PCURVE_S1.);
#3524 = CIRCLE('',#3525,1.5);
#3525 = AXIS2_PLACEMENT_3D('',#3526,#3527,#3528);
#3526 = CARTESIAN_POINT('',(-9.122689546841,-17.375,4.));
#3527 = DIRECTION('',(0.,0.,-1.));
#3528 = DIRECTION('',(1.,0.,0.));
#3529 = PCURVE('',#2643,#3530);
#3530 = DEFINITIONAL_REPRESENTATION('',(#3531),#3539);
#3531 = ( BOUNDED_CURVE() B_SPLINE_CURVE(2,(#3532,#3533,#3534,#3535,
#3536,#3537,#3538),.UNSPECIFIED.,.T.,.F.) B_SPLINE_CURVE_WITH_KNOTS((1,2
    ,2,2,2,1),(-2.094395102393,0.,2.094395102393,4.188790204786,
6.28318530718,8.377580409573),.UNSPECIFIED.) CURVE() 
GEOMETRIC_REPRESENTATION_ITEM() RATIONAL_B_SPLINE_CURVE((1.,0.5,1.,0.5,
1.,0.5,1.)) REPRESENTATION_ITEM('') );
#3532 = CARTESIAN_POINT('',(20.397097403942,-12.31255629404));
#3533 = CARTESIAN_POINT('',(20.668373287623,-14.89643117393));
#3534 = CARTESIAN_POINT('',(18.295034059596,-13.83942554069));
#3535 = CARTESIAN_POINT('',(15.92169483157,-12.78241990745));
#3536 = CARTESIAN_POINT('',(18.023758175916,-11.2555506608));
#3537 = CARTESIAN_POINT('',(20.125821520262,-9.728681414156));
#3538 = CARTESIAN_POINT('',(20.397097403942,-12.31255629404));
#3539 = ( GEOMETRIC_REPRESENTATION_CONTEXT(2) 
PARAMETRIC_REPRESENTATION_CONTEXT() REPRESENTATION_CONTEXT('2D SPACE',''
  ) );
#3540 = PCURVE('',#3541,#3546);
#3541 = CYLINDRICAL_SURFACE('',#3542,1.5);
#3542 = AXIS2_PLACEMENT_3D('',#3543,#3544,#3545);
#3543 = CARTESIAN_POINT('',(-9.122689546841,-17.375,3.4));
#3544 = DIRECTION('',(-0.,-0.,-1.));
#3545 = DIRECTION('',(1.,0.,0.));
#3546 = DEFINITIONAL_REPRESENTATION('',(#3547),#3551);
#3547 = LINE('',#3548,#3549);
#3548 = CARTESIAN_POINT('',(-6.28318530718,-0.6));
#3549 = VECTOR('',#3550,1.);
#3550 = DIRECTION('',(1.,-0.));
#3551 = ( GEOMETRIC_REPRESENTATION_CONTEXT(2) 
PARAMETRIC_REPRESENTATION_CONTEXT() REPRESENTATION_CONTEXT('2D SPACE',''
  ) );
#3552 = FACE_BOUND('',#3553,.T.);
#3553 = EDGE_LOOP('',(#3554,#3584,#3612,#3640,#3742,#3770,#3798));
#3554 = ORIENTED_EDGE('',*,*,#3555,.F.);
#3555 = EDGE_CURVE('',#3556,#3558,#3560,.T.);
#3556 = VERTEX_POINT('',#3557);
#3557 = CARTESIAN_POINT('',(9.105318265659,-18.24399759928,4.));
#3558 = VERTEX_POINT('',#3559);
#3559 = CARTESIAN_POINT('',(9.105318265659,-20.20000020345,4.));
#3560 = SURFACE_CURVE('',#3561,(#3565,#3572),.PCURVE_S1.);
#3561 = LINE('',#3562,#3563);
#3562 = CARTESIAN_POINT('',(9.105318265659,-11.60000010172,4.));
#3563 = VECTOR('',#3564,1.);
#3564 = DIRECTION('',(0.,-1.,0.));
#3565 = PCURVE('',#2643,#3566);
#3566 = DEFINITIONAL_REPRESENTATION('',(#3567),#3571);
#3567 = LINE('',#3568,#3569);
#3568 = CARTESIAN_POINT('',(36.430676709527,-4.822482606049));
#3569 = VECTOR('',#3570,1.);
#3570 = DIRECTION('',(0.104414136312,-0.994533904972));
#3571 = ( GEOMETRIC_REPRESENTATION_CONTEXT(2) 
PARAMETRIC_REPRESENTATION_CONTEXT() REPRESENTATION_CONTEXT('2D SPACE',''
  ) );
#3572 = PCURVE('',#3573,#3578);
#3573 = PLANE('',#3574);
#3574 = AXIS2_PLACEMENT_3D('',#3575,#3576,#3577);
#3575 = CARTESIAN_POINT('',(9.105318265659,-20.20000020345,3.4));
#3576 = DIRECTION('',(-1.,0.,0.));
#3577 = DIRECTION('',(0.,1.,0.));
#3578 = DEFINITIONAL_REPRESENTATION('',(#3579),#3583);
#3579 = LINE('',#3580,#3581);
#3580 = CARTESIAN_POINT('',(8.600000101725,-0.6));
#3581 = VECTOR('',#3582,1.);
#3582 = DIRECTION('',(-1.,0.));
#3583 = ( GEOMETRIC_REPRESENTATION_CONTEXT(2) 
PARAMETRIC_REPRESENTATION_CONTEXT() REPRESENTATION_CONTEXT('2D SPACE',''
  ) );
#3584 = ORIENTED_EDGE('',*,*,#3585,.F.);
#3585 = EDGE_CURVE('',#3586,#3556,#3588,.T.);
#3586 = VERTEX_POINT('',#3587);
#3587 = CARTESIAN_POINT('',(8.425318265659,-18.24399759928,4.));
#3588 = SURFACE_CURVE('',#3589,(#3593,#3600),.PCURVE_S1.);
#3589 = LINE('',#3590,#3591);
#3590 = CARTESIAN_POINT('',(-8.758685640591,-18.24399759928,4.));
#3591 = VECTOR('',#3592,1.);
#3592 = DIRECTION('',(1.,0.,0.));
#3593 = PCURVE('',#2643,#3594);
#3594 = DEFINITIONAL_REPRESENTATION('',(#3595),#3599);
#3595 = LINE('',#3596,#3597);
#3596 = CARTESIAN_POINT('',(19.358046406579,-13.29541792085));
#3597 = VECTOR('',#3598,1.);
#3598 = DIRECTION('',(0.994533904972,0.104414136312));
#3599 = ( GEOMETRIC_REPRESENTATION_CONTEXT(2) 
PARAMETRIC_REPRESENTATION_CONTEXT() REPRESENTATION_CONTEXT('2D SPACE',''
  ) );
#3600 = PCURVE('',#3601,#3606);
#3601 = PLANE('',#3602);
#3602 = AXIS2_PLACEMENT_3D('',#3603,#3604,#3605);
#3603 = CARTESIAN_POINT('',(9.105318265659,-18.24399759928,3.4));
#3604 = DIRECTION('',(0.,-1.,0.));
#3605 = DIRECTION('',(-1.,0.,0.));
#3606 = DEFINITIONAL_REPRESENTATION('',(#3607),#3611);
#3607 = LINE('',#3608,#3609);
#3608 = CARTESIAN_POINT('',(17.86400390625,-0.6));
#3609 = VECTOR('',#3610,1.);
#3610 = DIRECTION('',(-1.,-0.));
#3611 = ( GEOMETRIC_REPRESENTATION_CONTEXT(2) 
PARAMETRIC_REPRESENTATION_CONTEXT() REPRESENTATION_CONTEXT('2D SPACE',''
  ) );
#3612 = ORIENTED_EDGE('',*,*,#3613,.F.);
#3613 = EDGE_CURVE('',#3614,#3586,#3616,.T.);
#3614 = VERTEX_POINT('',#3615);
#3615 = CARTESIAN_POINT('',(8.425318265659,-17.87200541178,4.));
#3616 = SURFACE_CURVE('',#3617,(#3621,#3628),.PCURVE_S1.);
#3617 = LINE('',#3618,#3619);
#3618 = CARTESIAN_POINT('',(8.425318265659,-10.62199879964,4.));
#3619 = VECTOR('',#3620,1.);
#3620 = DIRECTION('',(0.,-1.,0.));
#3621 = PCURVE('',#2643,#3622);
#3622 = DEFINITIONAL_REPRESENTATION('',(#3623),#3627);
#3623 = LINE('',#3624,#3625);
#3624 = CARTESIAN_POINT('',(35.652276492878,-3.920828764712));
#3625 = VECTOR('',#3626,1.);
#3626 = DIRECTION('',(0.104414136312,-0.994533904972));
#3627 = ( GEOMETRIC_REPRESENTATION_CONTEXT(2) 
PARAMETRIC_REPRESENTATION_CONTEXT() REPRESENTATION_CONTEXT('2D SPACE',''
  ) );
#3628 = PCURVE('',#3629,#3634);
#3629 = PLANE('',#3630);
#3630 = AXIS2_PLACEMENT_3D('',#3631,#3632,#3633);
#3631 = CARTESIAN_POINT('',(8.425318265659,-18.24399759928,3.4));
#3632 = DIRECTION('',(-1.,0.,0.));
#3633 = DIRECTION('',(0.,1.,0.));
#3634 = DEFINITIONAL_REPRESENTATION('',(#3635),#3639);
#3635 = LINE('',#3636,#3637);
#3636 = CARTESIAN_POINT('',(7.621998799642,-0.6));
#3637 = VECTOR('',#3638,1.);
#3638 = DIRECTION('',(-1.,0.));
#3639 = ( GEOMETRIC_REPRESENTATION_CONTEXT(2) 
PARAMETRIC_REPRESENTATION_CONTEXT() REPRESENTATION_CONTEXT('2D SPACE',''
  ) );
#3640 = ORIENTED_EDGE('',*,*,#3641,.F.);
#3641 = EDGE_CURVE('',#3642,#3614,#3644,.T.);
#3642 = VERTEX_POINT('',#3643);
#3643 = CARTESIAN_POINT('',(9.293313057325,-17.36399759928,4.));
#3644 = SURFACE_CURVE('',#3645,(#3673,#3704),.PCURVE_S1.);
#3645 = B_SPLINE_CURVE_WITH_KNOTS('',6,(#3646,#3647,#3648,#3649,#3650,
    #3651,#3652,#3653,#3654,#3655,#3656,#3657,#3658,#3659,#3660,#3661,
    #3662,#3663,#3664,#3665,#3666,#3667,#3668,#3669,#3670,#3671,#3672),
  .UNSPECIFIED.,.F.,.F.,(7,5,5,5,5,7),(0.,8.759658726431E-02,
    0.269967518896,0.531124541169,0.674056679085,1.),.UNSPECIFIED.);
#3646 = CARTESIAN_POINT('',(9.293313057325,-17.36399759928,4.));
#3647 = CARTESIAN_POINT('',(9.289364687662,-17.37919247425,4.));
#3648 = CARTESIAN_POINT('',(9.285068097451,-17.39420726179,4.));
#3649 = CARTESIAN_POINT('',(9.280416899482,-17.40903116344,4.));
#3650 = CARTESIAN_POINT('',(9.275405688404,-17.42365329007,4.));
#3651 = CARTESIAN_POINT('',(9.270030040722,-17.4380626619,4.));
#3652 = CARTESIAN_POINT('',(9.252328832359,-17.48178168029,4.));
#3653 = CARTESIAN_POINT('',(9.238775887098,-17.51034738927,4.));
#3654 = CARTESIAN_POINT('',(9.223599169459,-17.53784186669,4.));
#3655 = CARTESIAN_POINT('',(9.206791964702,-17.56417079429,4.));
#3656 = CARTESIAN_POINT('',(9.188375080114,-17.58925310122,4.));
#3657 = CARTESIAN_POINT('',(9.139801738513,-17.64706674831,4.));
#3658 = CARTESIAN_POINT('',(9.108002366881,-17.67843129238,4.));
#3659 = CARTESIAN_POINT('',(9.073166539298,-17.70692099829,4.));
#3660 = CARTESIAN_POINT('',(9.035548766507,-17.73247501404,4.));
#3661 = CARTESIAN_POINT('',(8.995459870898,-17.75513181159,4.));
#3662 = CARTESIAN_POINT('',(8.930118791384,-17.78586103557,4.));
#3663 = CARTESIAN_POINT('',(8.906362149207,-17.79589428392,4.));
#3664 = CARTESIAN_POINT('',(8.88201142657,-17.80510920675,4.));
#3665 = CARTESIAN_POINT('',(8.857116004735,-17.81352933636,4.));
#3666 = CARTESIAN_POINT('',(8.831722674337,-17.82118181203,4.));
#3667 = CARTESIAN_POINT('',(8.746929007997,-17.84386069129,4.));
#3668 = CARTESIAN_POINT('',(8.685629403518,-17.85577957002,4.));
#3669 = CARTESIAN_POINT('',(8.622459577544,-17.86420230824,4.));
#3670 = CARTESIAN_POINT('',(8.557830229211,-17.869499727,4.));
#3671 = CARTESIAN_POINT('',(8.492049512373,-17.87200541178,4.));
#3672 = CARTESIAN_POINT('',(8.425318265659,-17.87200541178,4.));
#3673 = PCURVE('',#2643,#3674);
#3674 = DEFINITIONAL_REPRESENTATION('',(#3675),#3703);
#3675 = B_SPLINE_CURVE_WITH_KNOTS('',6,(#3676,#3677,#3678,#3679,#3680,
    #3681,#3682,#3683,#3684,#3685,#3686,#3687,#3688,#3689,#3690,#3691,
    #3692,#3693,#3694,#3695,#3696,#3697,#3698,#3699,#3700,#3701,#3702),
  .UNSPECIFIED.,.F.,.F.,(7,5,5,5,5,7),(0.,8.759658726431E-02,
    0.269967518896,0.531124541169,0.674056679085,1.),.UNSPECIFIED.);
#3676 = CARTESIAN_POINT('',(37.219486724208,-10.53534423174));
#3677 = CARTESIAN_POINT('',(37.217146496454,-10.55086831568));
#3678 = CARTESIAN_POINT('',(37.214441147886,-10.56624965572));
#3679 = CARTESIAN_POINT('',(37.211363198695,-10.58147817934));
#3680 = CARTESIAN_POINT('',(37.207906136097,-10.59654362131));
#3681 = CARTESIAN_POINT('',(37.20406441433,-10.61143552375));
#3682 = CARTESIAN_POINT('',(37.191024845999,-10.65676382622));
#3683 = CARTESIAN_POINT('',(37.180528646257,-10.68658851139));
#3684 = CARTESIAN_POINT('',(37.168305698111,-10.71551736525));
#3685 = CARTESIAN_POINT('',(37.154339475368,-10.7434572862));
#3686 = CARTESIAN_POINT('',(37.138642206637,-10.77032547395));
#3687 = CARTESIAN_POINT('',(37.096370933565,-10.83289484967));
#3688 = CARTESIAN_POINT('',(37.0680202821,-10.86740825608));
#3689 = CARTESIAN_POINT('',(37.036349598497,-10.8993795874));
#3690 = CARTESIAN_POINT('',(37.001605648511,-10.92872174973));
#3691 = CARTESIAN_POINT('',(36.964101572562,-10.95544055048));
#3692 = CARTESIAN_POINT('',(36.90232621898,-10.99282433799));
#3693 = CARTESIAN_POINT('',(36.879747045827,-11.00528327292));
#3694 = CARTESIAN_POINT('',(36.856491594763,-11.01699038578));
#3695 = CARTESIAN_POINT('',(36.83261143423,-11.02796392413));
#3696 = CARTESIAN_POINT('',(36.808155932826,-11.0382259933));
#3697 = CARTESIAN_POINT('',(36.726193752315,-11.06963456509));
#3698 = CARTESIAN_POINT('',(36.666473716729,-11.08788883936));
#3699 = CARTESIAN_POINT('',(36.604528635962,-11.10286136091));
#3700 = CARTESIAN_POINT('',(36.540805683193,-11.11487804105));
#3701 = CARTESIAN_POINT('',(36.475646158916,-11.12423846626));
#3702 = CARTESIAN_POINT('',(36.409279671538,-11.13120615175));
#3703 = ( GEOMETRIC_REPRESENTATION_CONTEXT(2) 
PARAMETRIC_REPRESENTATION_CONTEXT() REPRESENTATION_CONTEXT('2D SPACE',''
  ) );
#3704 = PCURVE('',#3705,#3712);
#3705 = SURFACE_OF_LINEAR_EXTRUSION('',#3706,#3710);
#3706 = B_SPLINE_CURVE_WITH_KNOTS('',2,(#3707,#3708,#3709),
  .UNSPECIFIED.,.F.,.F.,(3,3),(0.,1.),.PIECEWISE_BEZIER_KNOTS.);
#3707 = CARTESIAN_POINT('',(8.425318265659,-17.87200541178,3.4));
#3708 = CARTESIAN_POINT('',(9.161307848992,-17.87200541178,3.4));
#3709 = CARTESIAN_POINT('',(9.293313057325,-17.36399759928,3.4));
#3710 = VECTOR('',#3711,1.);
#3711 = DIRECTION('',(-0.,-0.,-1.));
#3712 = DEFINITIONAL_REPRESENTATION('',(#3713),#3741);
#3713 = B_SPLINE_CURVE_WITH_KNOTS('',6,(#3714,#3715,#3716,#3717,#3718,
    #3719,#3720,#3721,#3722,#3723,#3724,#3725,#3726,#3727,#3728,#3729,
    #3730,#3731,#3732,#3733,#3734,#3735,#3736,#3737,#3738,#3739,#3740),
  .UNSPECIFIED.,.F.,.F.,(7,5,5,5,5,7),(0.,8.759658726431E-02,
    0.269967518896,0.531124541169,0.674056679085,1.),.UNSPECIFIED.);
#3714 = CARTESIAN_POINT('',(1.,-0.6));
#3715 = CARTESIAN_POINT('',(0.985044644401,-0.6));
#3716 = CARTESIAN_POINT('',(0.969998180389,-0.6));
#3717 = CARTESIAN_POINT('',(0.954864990758,-0.6));
#3718 = CARTESIAN_POINT('',(0.939650198561,-0.6));
#3719 = CARTESIAN_POINT('',(0.924359667116,-0.6));
#3720 = CARTESIAN_POINT('',(0.877022078382,-0.6));
#3721 = CARTESIAN_POINT('',(0.844742071571,-0.6));
#3722 = CARTESIAN_POINT('',(0.812224183746,-0.6));
#3723 = CARTESIAN_POINT('',(0.779540034683,-0.6));
#3724 = CARTESIAN_POINT('',(0.746769241432,-0.6));
#3725 = CARTESIAN_POINT('',(0.66707411418,-0.6));
#3726 = CARTESIAN_POINT('',(0.620137624172,-0.6));
#3727 = CARTESIAN_POINT('',(0.57346032107,-0.6));
#3728 = CARTESIAN_POINT('',(0.5272642592,-0.6));
#3729 = CARTESIAN_POINT('',(0.481729524018,-0.6));
#3730 = CARTESIAN_POINT('',(0.412519377422,-0.6));
#3731 = CARTESIAN_POINT('',(0.388276204546,-0.6));
#3732 = CARTESIAN_POINT('',(0.364290405643,-0.6));
#3733 = CARTESIAN_POINT('',(0.340576521038,-0.6));
#3734 = CARTESIAN_POINT('',(0.317144417729,-0.6));
#3735 = CARTESIAN_POINT('',(0.24122132835,-0.6));
#3736 = CARTESIAN_POINT('',(0.189950028504,-0.6));
#3737 = CARTESIAN_POINT('',(0.140232035654,-0.6));
#3738 = CARTESIAN_POINT('',(9.204684669107E-02,-0.6));
#3739 = CARTESIAN_POINT('',(4.533436900807E-02,-0.6));
#3740 = CARTESIAN_POINT('',(0.,-0.6));
#3741 = ( GEOMETRIC_REPRESENTATION_CONTEXT(2) 
PARAMETRIC_REPRESENTATION_CONTEXT() REPRESENTATION_CONTEXT('2D SPACE',''
  ) );
#3742 = ORIENTED_EDGE('',*,*,#3743,.F.);
#3743 = EDGE_CURVE('',#3744,#3642,#3746,.T.);
#3744 = VERTEX_POINT('',#3745);
#3745 = CARTESIAN_POINT('',(9.665318265659,-17.36399759928,4.));
#3746 = SURFACE_CURVE('',#3747,(#3751,#3758),.PCURVE_S1.);
#3747 = LINE('',#3748,#3749);
#3748 = CARTESIAN_POINT('',(-8.664688244758,-17.36399759928,4.));
#3749 = VECTOR('',#3750,1.);
#3750 = DIRECTION('',(-1.,0.,-0.));
#3751 = PCURVE('',#2643,#3752);
#3752 = DEFINITIONAL_REPRESENTATION('',(#3753),#3757);
#3753 = LINE('',#3754,#3755);
#3754 = CARTESIAN_POINT('',(19.35964556376,-12.41041342758));
#3755 = VECTOR('',#3756,1.);
#3756 = DIRECTION('',(-0.994533904972,-0.104414136312));
#3757 = ( GEOMETRIC_REPRESENTATION_CONTEXT(2) 
PARAMETRIC_REPRESENTATION_CONTEXT() REPRESENTATION_CONTEXT('2D SPACE',''
  ) );
#3758 = PCURVE('',#3759,#3764);
#3759 = PLANE('',#3760);
#3760 = AXIS2_PLACEMENT_3D('',#3761,#3762,#3763);
#3761 = CARTESIAN_POINT('',(9.293313057325,-17.36399759928,3.4));
#3762 = DIRECTION('',(0.,1.,0.));
#3763 = DIRECTION('',(1.,0.,0.));
#3764 = DEFINITIONAL_REPRESENTATION('',(#3765),#3769);
#3765 = LINE('',#3766,#3767);
#3766 = CARTESIAN_POINT('',(-17.95800130208,-0.6));
#3767 = VECTOR('',#3768,1.);
#3768 = DIRECTION('',(-1.,0.));
#3769 = ( GEOMETRIC_REPRESENTATION_CONTEXT(2) 
PARAMETRIC_REPRESENTATION_CONTEXT() REPRESENTATION_CONTEXT('2D SPACE',''
  ) );
#3770 = ORIENTED_EDGE('',*,*,#3771,.F.);
#3771 = EDGE_CURVE('',#3772,#3744,#3774,.T.);
#3772 = VERTEX_POINT('',#3773);
#3773 = CARTESIAN_POINT('',(9.665318265659,-20.20000020345,4.));
#3774 = SURFACE_CURVE('',#3775,(#3779,#3786),.PCURVE_S1.);
#3775 = LINE('',#3776,#3777);
#3776 = CARTESIAN_POINT('',(9.665318265659,-10.18199879964,4.));
#3777 = VECTOR('',#3778,1.);
#3778 = DIRECTION('',(0.,1.,-0.));
#3779 = PCURVE('',#2643,#3780);
#3780 = DEFINITIONAL_REPRESENTATION('',(#3781),#3785);
#3781 = LINE('',#3782,#3783);
#3782 = CARTESIAN_POINT('',(36.839556315066,-3.353760317498));
#3783 = VECTOR('',#3784,1.);
#3784 = DIRECTION('',(-0.104414136312,0.994533904972));
#3785 = ( GEOMETRIC_REPRESENTATION_CONTEXT(2) 
PARAMETRIC_REPRESENTATION_CONTEXT() REPRESENTATION_CONTEXT('2D SPACE',''
  ) );
#3786 = PCURVE('',#3787,#3792);
#3787 = PLANE('',#3788);
#3788 = AXIS2_PLACEMENT_3D('',#3789,#3790,#3791);
#3789 = CARTESIAN_POINT('',(9.665318265659,-17.36399759928,3.4));
#3790 = DIRECTION('',(1.,0.,0.));
#3791 = DIRECTION('',(0.,-1.,0.));
#3792 = DEFINITIONAL_REPRESENTATION('',(#3793),#3797);
#3793 = LINE('',#3794,#3795);
#3794 = CARTESIAN_POINT('',(-7.181998799642,-0.6));
#3795 = VECTOR('',#3796,1.);
#3796 = DIRECTION('',(-1.,0.));
#3797 = ( GEOMETRIC_REPRESENTATION_CONTEXT(2) 
PARAMETRIC_REPRESENTATION_CONTEXT() REPRESENTATION_CONTEXT('2D SPACE',''
  ) );
#3798 = ORIENTED_EDGE('',*,*,#3799,.F.);
#3799 = EDGE_CURVE('',#3558,#3772,#3800,.T.);
#3800 = SURFACE_CURVE('',#3801,(#3805,#3812),.PCURVE_S1.);
#3801 = LINE('',#3802,#3803);
#3802 = CARTESIAN_POINT('',(-8.478685640591,-20.20000020345,4.));
#3803 = VECTOR('',#3804,1.);
#3804 = DIRECTION('',(1.,0.,0.));
#3805 = PCURVE('',#2643,#3806);
#3806 = DEFINITIONAL_REPRESENTATION('',(#3807),#3811);
#3807 = LINE('',#3808,#3809);
#3808 = CARTESIAN_POINT('',(19.840750222508,-15.21149287074));
#3809 = VECTOR('',#3810,1.);
#3810 = DIRECTION('',(0.994533904972,0.104414136312));
#3811 = ( GEOMETRIC_REPRESENTATION_CONTEXT(2) 
PARAMETRIC_REPRESENTATION_CONTEXT() REPRESENTATION_CONTEXT('2D SPACE',''
  ) );
#3812 = PCURVE('',#3813,#3818);
#3813 = PLANE('',#3814);
#3814 = AXIS2_PLACEMENT_3D('',#3815,#3816,#3817);
#3815 = CARTESIAN_POINT('',(9.665318265659,-20.20000020345,3.4));
#3816 = DIRECTION('',(0.,-1.,0.));
#3817 = DIRECTION('',(-1.,0.,0.));
#3818 = DEFINITIONAL_REPRESENTATION('',(#3819),#3823);
#3819 = LINE('',#3820,#3821);
#3820 = CARTESIAN_POINT('',(18.14400390625,-0.6));
#3821 = VECTOR('',#3822,1.);
#3822 = DIRECTION('',(-1.,-0.));
#3823 = ( GEOMETRIC_REPRESENTATION_CONTEXT(2) 
PARAMETRIC_REPRESENTATION_CONTEXT() REPRESENTATION_CONTEXT('2D SPACE',''
  ) );
#3824 = FACE_BOUND('',#3825,.T.);
#3825 = EDGE_LOOP('',(#3826,#3867,#3909,#3948,#3987,#4023,#4074,#4125,
    #4153,#4198,#4237,#4339,#4375,#4411,#4447,#4483,#4519,#4555,#4591,
    #4642,#4699,#4756,#4807,#4843,#4882,#4921,#4960));
#3826 = ORIENTED_EDGE('',*,*,#3827,.F.);
#3827 = EDGE_CURVE('',#3828,#3830,#3832,.T.);
#3828 = VERTEX_POINT('',#3829);
#3829 = CARTESIAN_POINT('',(12.373306546909,-19.3959962972,4.));
#3830 = VERTEX_POINT('',#3831);
#3831 = CARTESIAN_POINT('',(12.441307848992,-18.72000020345,4.));
#3832 = SURFACE_CURVE('',#3833,(#3840,#3850),.PCURVE_S1.);
#3833 = B_SPLINE_CURVE_WITH_KNOTS('',5,(#3834,#3835,#3836,#3837,#3838,
    #3839),.UNSPECIFIED.,.F.,.F.,(6,6),(0.,1.),
  .PIECEWISE_BEZIER_KNOTS.);
#3834 = CARTESIAN_POINT('',(12.373306546909,-19.3959962972,4.));
#3835 = CARTESIAN_POINT('',(12.401544376202,-19.27474259862,4.));
#3836 = CARTESIAN_POINT('',(12.421973049052,-19.14563525172,4.));
#3837 = CARTESIAN_POINT('',(12.435040371171,-19.00957848708,4.));
#3838 = CARTESIAN_POINT('',(12.441307848992,-18.86745667536,4.));
#3839 = CARTESIAN_POINT('',(12.441307848992,-18.72000020345,4.));
#3840 = PCURVE('',#2643,#3841);
#3841 = DEFINITIONAL_REPRESENTATION('',(#3842),#3849);
#3842 = B_SPLINE_CURVE_WITH_KNOTS('',5,(#3843,#3844,#3845,#3846,#3847,
    #3848),.UNSPECIFIED.,.F.,.F.,(6,6),(0.,1.),
  .PIECEWISE_BEZIER_KNOTS.);
#3843 = CARTESIAN_POINT('',(40.49481406572,-12.23464097161));
#3844 = CARTESIAN_POINT('',(40.510236944143,-12.11110162872));
#3845 = CARTESIAN_POINT('',(40.517073319808,-11.98056695262));
#3846 = CARTESIAN_POINT('',(40.515862965133,-11.84388947402));
#3847 = CARTESIAN_POINT('',(40.507256658103,-11.70189010035));
#3848 = CARTESIAN_POINT('',(40.491860117945,-11.55523963952));
#3849 = ( GEOMETRIC_REPRESENTATION_CONTEXT(2) 
PARAMETRIC_REPRESENTATION_CONTEXT() REPRESENTATION_CONTEXT('2D SPACE',''
  ) );
#3850 = PCURVE('',#3851,#3858);
#3851 = SURFACE_OF_LINEAR_EXTRUSION('',#3852,#3856);
#3852 = B_SPLINE_CURVE_WITH_KNOTS('',2,(#3853,#3854,#3855),
  .UNSPECIFIED.,.F.,.F.,(3,3),(0.,1.),.PIECEWISE_BEZIER_KNOTS.);
#3853 = CARTESIAN_POINT('',(12.441307848992,-18.72000020345,3.4));
#3854 = CARTESIAN_POINT('',(12.441307848992,-19.10399759928,3.4));
#3855 = CARTESIAN_POINT('',(12.373306546909,-19.3959962972,3.4));
#3856 = VECTOR('',#3857,1.);
#3857 = DIRECTION('',(-0.,-0.,-1.));
#3858 = DEFINITIONAL_REPRESENTATION('',(#3859),#3866);
#3859 = B_SPLINE_CURVE_WITH_KNOTS('',5,(#3860,#3861,#3862,#3863,#3864,
    #3865),.UNSPECIFIED.,.F.,.F.,(6,6),(0.,1.),
  .PIECEWISE_BEZIER_KNOTS.);
#3860 = CARTESIAN_POINT('',(1.,-0.6));
#3861 = CARTESIAN_POINT('',(0.792372877962,-0.6));
#3862 = CARTESIAN_POINT('',(0.588276156359,-0.6));
#3863 = CARTESIAN_POINT('',(0.38809837424,-0.6));
#3864 = CARTESIAN_POINT('',(0.192001916567,-0.6));
#3865 = CARTESIAN_POINT('',(0.,-0.6));
#3866 = ( GEOMETRIC_REPRESENTATION_CONTEXT(2) 
PARAMETRIC_REPRESENTATION_CONTEXT() REPRESENTATION_CONTEXT('2D SPACE',''
  ) );
#3867 = ORIENTED_EDGE('',*,*,#3868,.F.);
#3868 = EDGE_CURVE('',#3869,#3828,#3871,.T.);
#3869 = VERTEX_POINT('',#3870);
#3870 = CARTESIAN_POINT('',(12.203306546909,-19.8559962972,4.));
#3871 = SURFACE_CURVE('',#3872,(#3880,#3891),.PCURVE_S1.);
#3872 = B_SPLINE_CURVE_WITH_KNOTS('',6,(#3873,#3874,#3875,#3876,#3877,
    #3878,#3879),.UNSPECIFIED.,.F.,.F.,(7,7),(0.,1.),
  .PIECEWISE_BEZIER_KNOTS.);
#3873 = CARTESIAN_POINT('',(12.203306546909,-19.8559962972,4.));
#3874 = CARTESIAN_POINT('',(12.238617998987,-19.79783506525,4.));
#3875 = CARTESIAN_POINT('',(12.271042946466,-19.7314846393,4.));
#3876 = CARTESIAN_POINT('',(12.300614362629,-19.65749811714,4.));
#3877 = CARTESIAN_POINT('',(12.32742883615,-19.57650992858,4.));
#3878 = CARTESIAN_POINT('',(12.35161292474,-19.48914906387,4.));
#3879 = CARTESIAN_POINT('',(12.373306546909,-19.3959962972,4.));
#3880 = PCURVE('',#2643,#3881);
#3881 = DEFINITIONAL_REPRESENTATION('',(#3882),#3890);
#3882 = B_SPLINE_CURVE_WITH_KNOTS('',6,(#3883,#3884,#3885,#3886,#3887,
    #3888,#3889),.UNSPECIFIED.,.F.,.F.,(7,7),(0.,1.),
  .PIECEWISE_BEZIER_KNOTS.);
#3883 = CARTESIAN_POINT('',(40.373773804578,-12.70987697107));
#3884 = CARTESIAN_POINT('',(40.402819386104,-12.64834663918));
#3885 = CARTESIAN_POINT('',(40.428139173319,-12.57897326807));
#3886 = CARTESIAN_POINT('',(40.449823710501,-12.50230348939));
#3887 = CARTESIAN_POINT('',(40.468035301802,-12.41895817988));
#3888 = CARTESIAN_POINT('',(40.482965488629,-12.32954967723));
#3889 = CARTESIAN_POINT('',(40.49481406572,-12.23464097161));
#3890 = ( GEOMETRIC_REPRESENTATION_CONTEXT(2) 
PARAMETRIC_REPRESENTATION_CONTEXT() REPRESENTATION_CONTEXT('2D SPACE',''
  ) );
#3891 = PCURVE('',#3892,#3899);
#3892 = SURFACE_OF_LINEAR_EXTRUSION('',#3893,#3897);
#3893 = B_SPLINE_CURVE_WITH_KNOTS('',2,(#3894,#3895,#3896),
  .UNSPECIFIED.,.F.,.F.,(3,3),(0.,1.),.PIECEWISE_BEZIER_KNOTS.);
#3894 = CARTESIAN_POINT('',(12.373306546909,-19.3959962972,3.4));
#3895 = CARTESIAN_POINT('',(12.305305244825,-19.68799499511,3.4));
#3896 = CARTESIAN_POINT('',(12.203306546909,-19.8559962972,3.4));
#3897 = VECTOR('',#3898,1.);
#3898 = DIRECTION('',(-0.,-0.,-1.));
#3899 = DEFINITIONAL_REPRESENTATION('',(#3900),#3908);
#3900 = B_SPLINE_CURVE_WITH_KNOTS('',6,(#3901,#3902,#3903,#3904,#3905,
    #3906,#3907),.UNSPECIFIED.,.F.,.F.,(7,7),(0.,1.),
  .PIECEWISE_BEZIER_KNOTS.);
#3901 = CARTESIAN_POINT('',(1.,-0.6));
#3902 = CARTESIAN_POINT('',(0.826902436993,-0.6));
#3903 = CARTESIAN_POINT('',(0.65597021537,-0.6));
#3904 = CARTESIAN_POINT('',(0.487604096057,-0.6));
#3905 = CARTESIAN_POINT('',(0.32206531669,-0.6));
#3906 = CARTESIAN_POINT('',(0.159508873388,-0.6));
#3907 = CARTESIAN_POINT('',(0.,-0.6));
#3908 = ( GEOMETRIC_REPRESENTATION_CONTEXT(2) 
PARAMETRIC_REPRESENTATION_CONTEXT() REPRESENTATION_CONTEXT('2D SPACE',''
  ) );
#3909 = ORIENTED_EDGE('',*,*,#3910,.F.);
#3910 = EDGE_CURVE('',#3911,#3869,#3913,.T.);
#3911 = VERTEX_POINT('',#3912);
#3912 = CARTESIAN_POINT('',(11.957310453159,-20.1259962972,4.));
#3913 = SURFACE_CURVE('',#3914,(#3921,#3931),.PCURVE_S1.);
#3914 = B_SPLINE_CURVE_WITH_KNOTS('',5,(#3915,#3916,#3917,#3918,#3919,
    #3920),.UNSPECIFIED.,.F.,.F.,(6,6),(0.,1.),
  .PIECEWISE_BEZIER_KNOTS.);
#3915 = CARTESIAN_POINT('',(11.957310453159,-20.1259962972,4.));
#3916 = CARTESIAN_POINT('',(12.015187198097,-20.08500005147,4.));
#3917 = CARTESIAN_POINT('',(12.068789045023,-20.03736412287,4.));
#3918 = CARTESIAN_POINT('',(12.118017188386,-19.98318141647,4.));
#3919 = CARTESIAN_POINT('',(12.162845705354,-19.92263905052,4.));
#3920 = CARTESIAN_POINT('',(12.203306546909,-19.8559962972,4.));
#3921 = PCURVE('',#2643,#3922);
#3922 = DEFINITIONAL_REPRESENTATION('',(#3923),#3930);
#3923 = B_SPLINE_CURVE_WITH_KNOTS('',5,(#3924,#3925,#3926,#3927,#3928,
    #3929),.UNSPECIFIED.,.F.,.F.,(6,6),(0.,1.),
  .PIECEWISE_BEZIER_KNOTS.);
#3924 = CARTESIAN_POINT('',(40.157314165657,-13.00408659508));
#3925 = CARTESIAN_POINT('',(40.210593963219,-12.95727128839));
#3926 = CARTESIAN_POINT('',(40.258928953013,-12.90429895175));
#3927 = CARTESIAN_POINT('',(40.302230570175,-12.84527229911));
#3928 = CARTESIAN_POINT('',(40.340492571358,-12.7803801326));
#3929 = CARTESIAN_POINT('',(40.373773804578,-12.70987697107));
#3930 = ( GEOMETRIC_REPRESENTATION_CONTEXT(2) 
PARAMETRIC_REPRESENTATION_CONTEXT() REPRESENTATION_CONTEXT('2D SPACE',''
  ) );
#3931 = PCURVE('',#3932,#3939);
#3932 = SURFACE_OF_LINEAR_EXTRUSION('',#3933,#3937);
#3933 = B_SPLINE_CURVE_WITH_KNOTS('',2,(#3934,#3935,#3936),
  .UNSPECIFIED.,.F.,.F.,(3,3),(0.,1.),.PIECEWISE_BEZIER_KNOTS.);
#3934 = CARTESIAN_POINT('',(12.203306546909,-19.8559962972,3.4));
#3935 = CARTESIAN_POINT('',(12.101307848992,-20.02399759928,3.4));
#3936 = CARTESIAN_POINT('',(11.957310453159,-20.1259962972,3.4));
#3937 = VECTOR('',#3938,1.);
#3938 = DIRECTION('',(-0.,-0.,-1.));
#3939 = DEFINITIONAL_REPRESENTATION('',(#3940),#3947);
#3940 = B_SPLINE_CURVE_WITH_KNOTS('',5,(#3941,#3942,#3943,#3944,#3945,
    #3946),.UNSPECIFIED.,.F.,.F.,(6,6),(0.,1.),
  .PIECEWISE_BEZIER_KNOTS.);
#3941 = CARTESIAN_POINT('',(1.,-0.6));
#3942 = CARTESIAN_POINT('',(0.799035445732,-0.6));
#3943 = CARTESIAN_POINT('',(0.598190428826,-0.6));
#3944 = CARTESIAN_POINT('',(0.397842933913,-0.6));
#3945 = CARTESIAN_POINT('',(0.198339990517,-0.6));
#3946 = CARTESIAN_POINT('',(0.,-0.6));
#3947 = ( GEOMETRIC_REPRESENTATION_CONTEXT(2) 
PARAMETRIC_REPRESENTATION_CONTEXT() REPRESENTATION_CONTEXT('2D SPACE',''
  ) );
#3948 = ORIENTED_EDGE('',*,*,#3949,.F.);
#3949 = EDGE_CURVE('',#3950,#3911,#3952,.T.);
#3950 = VERTEX_POINT('',#3951);
#3951 = CARTESIAN_POINT('',(11.681314359409,-20.26199890136,4.));
#3952 = SURFACE_CURVE('',#3953,(#3960,#3970),.PCURVE_S1.);
#3953 = B_SPLINE_CURVE_WITH_KNOTS('',5,(#3954,#3955,#3956,#3957,#3958,
    #3959),.UNSPECIFIED.,.F.,.F.,(6,6),(0.,1.),
  .PIECEWISE_BEZIER_KNOTS.);
#3954 = CARTESIAN_POINT('',(11.681314359409,-20.26199890136,4.));
#3955 = CARTESIAN_POINT('',(11.734648994488,-20.24825947848,4.));
#3956 = CARTESIAN_POINT('',(11.789013010734,-20.22763224894,4.));
#3957 = CARTESIAN_POINT('',(11.84431039316,-20.20023884247,4.));
#3958 = CARTESIAN_POINT('',(11.900442166752,-20.16627821433,4.));
#3959 = CARTESIAN_POINT('',(11.957310453159,-20.1259962972,4.));
#3960 = PCURVE('',#2643,#3961);
#3961 = DEFINITIONAL_REPRESENTATION('',(#3962),#3969);
#3962 = B_SPLINE_CURVE_WITH_KNOTS('',5,(#3963,#3964,#3965,#3966,#3967,
    #3968),.UNSPECIFIED.,.F.,.F.,(6,6),(0.,1.),
  .PIECEWISE_BEZIER_KNOTS.);
#3963 = CARTESIAN_POINT('',(39.897027287233,-13.16816368984));
#3964 = CARTESIAN_POINT('',(39.948635800155,-13.14893047809));
#3965 = CARTESIAN_POINT('',(40.000548883165,-13.12273962714));
#3966 = CARTESIAN_POINT('',(40.052683745967,-13.08972212722));
#3967 = CARTESIAN_POINT('',(40.104962728294,-13.05008618043));
#3968 = CARTESIAN_POINT('',(40.157314165657,-13.00408659508));
#3969 = ( GEOMETRIC_REPRESENTATION_CONTEXT(2) 
PARAMETRIC_REPRESENTATION_CONTEXT() REPRESENTATION_CONTEXT('2D SPACE',''
  ) );
#3970 = PCURVE('',#3971,#3978);
#3971 = SURFACE_OF_LINEAR_EXTRUSION('',#3972,#3976);
#3972 = B_SPLINE_CURVE_WITH_KNOTS('',2,(#3973,#3974,#3975),
  .UNSPECIFIED.,.F.,.F.,(3,3),(0.,1.),.PIECEWISE_BEZIER_KNOTS.);
#3973 = CARTESIAN_POINT('',(11.957310453159,-20.1259962972,3.4));
#3974 = CARTESIAN_POINT('',(11.813313057325,-20.22799499511,3.4));
#3975 = CARTESIAN_POINT('',(11.681314359409,-20.26199890136,3.4));
#3976 = VECTOR('',#3977,1.);
#3977 = DIRECTION('',(-0.,-0.,-1.));
#3978 = DEFINITIONAL_REPRESENTATION('',(#3979),#3986);
#3979 = B_SPLINE_CURVE_WITH_KNOTS('',5,(#3980,#3981,#3982,#3983,#3984,
    #3985),.UNSPECIFIED.,.F.,.F.,(6,6),(0.,1.),
  .PIECEWISE_BEZIER_KNOTS.);
#3980 = CARTESIAN_POINT('',(1.,-0.6));
#3981 = CARTESIAN_POINT('',(0.797972874275,-0.6));
#3982 = CARTESIAN_POINT('',(0.596684153266,-0.6));
#3983 = CARTESIAN_POINT('',(0.396429680895,-0.6));
#3984 = CARTESIAN_POINT('',(0.197462898817,-0.6));
#3985 = CARTESIAN_POINT('',(0.,-0.6));
#3986 = ( GEOMETRIC_REPRESENTATION_CONTEXT(2) 
PARAMETRIC_REPRESENTATION_CONTEXT() REPRESENTATION_CONTEXT('2D SPACE',''
  ) );
#3987 = ORIENTED_EDGE('',*,*,#3988,.F.);
#3988 = EDGE_CURVE('',#3989,#3950,#3991,.T.);
#3989 = VERTEX_POINT('',#3990);
#3990 = CARTESIAN_POINT('',(11.397310453159,-20.29600280761,4.));
#3991 = SURFACE_CURVE('',#3992,(#3998,#4007),.PCURVE_S1.);
#3992 = B_SPLINE_CURVE_WITH_KNOTS('',4,(#3993,#3994,#3995,#3996,#3997),
  .UNSPECIFIED.,.F.,.F.,(5,5),(0.,1.),.PIECEWISE_BEZIER_KNOTS.);
#3993 = CARTESIAN_POINT('',(11.397310453159,-20.29600280761,4.));
#3994 = CARTESIAN_POINT('',(11.472961038525,-20.29600280761,4.));
#3995 = CARTESIAN_POINT('',(11.545587740351,-20.2903880316,4.));
#3996 = CARTESIAN_POINT('',(11.615069523481,-20.27906409387,4.));
#3997 = CARTESIAN_POINT('',(11.681314359409,-20.26199890136,4.));
#3998 = PCURVE('',#2643,#3999);
#3999 = DEFINITIONAL_REPRESENTATION('',(#4000),#4006);
#4000 = B_SPLINE_CURVE_WITH_KNOTS('',4,(#4001,#4002,#4003,#4004,#4005),
  .UNSPECIFIED.,.F.,.F.,(5,5),(0.,1.),.PIECEWISE_BEZIER_KNOTS.);
#4001 = CARTESIAN_POINT('',(39.618126261826,-13.23163575009));
#4002 = CARTESIAN_POINT('',(39.693363333903,-13.22373675956));
#4003 = CARTESIAN_POINT('',(39.765006789287,-13.21056942009));
#4004 = CARTESIAN_POINT('',(39.83292639921,-13.19205249971));
#4005 = CARTESIAN_POINT('',(39.897027287233,-13.16816368984));
#4006 = ( GEOMETRIC_REPRESENTATION_CONTEXT(2) 
PARAMETRIC_REPRESENTATION_CONTEXT() REPRESENTATION_CONTEXT('2D SPACE',''
  ) );
#4007 = PCURVE('',#4008,#4015);
#4008 = SURFACE_OF_LINEAR_EXTRUSION('',#4009,#4013);
#4009 = B_SPLINE_CURVE_WITH_KNOTS('',2,(#4010,#4011,#4012),
  .UNSPECIFIED.,.F.,.F.,(3,3),(0.,1.),.PIECEWISE_BEZIER_KNOTS.);
#4010 = CARTESIAN_POINT('',(11.681314359409,-20.26199890136,3.4));
#4011 = CARTESIAN_POINT('',(11.549315661492,-20.29600280761,3.4));
#4012 = CARTESIAN_POINT('',(11.397310453159,-20.29600280761,3.4));
#4013 = VECTOR('',#4014,1.);
#4014 = DIRECTION('',(-0.,-0.,-1.));
#4015 = DEFINITIONAL_REPRESENTATION('',(#4016),#4022);
#4016 = B_SPLINE_CURVE_WITH_KNOTS('',4,(#4017,#4018,#4019,#4020,#4021),
  .UNSPECIFIED.,.F.,.F.,(5,5),(0.,1.),.PIECEWISE_BEZIER_KNOTS.);
#4017 = CARTESIAN_POINT('',(1.,-0.6));
#4018 = CARTESIAN_POINT('',(0.751157916904,-0.6));
#4019 = CARTESIAN_POINT('',(0.501396057838,-0.6));
#4020 = CARTESIAN_POINT('',(0.250929884057,-0.6));
#4021 = CARTESIAN_POINT('',(0.,-0.6));
#4022 = ( GEOMETRIC_REPRESENTATION_CONTEXT(2) 
PARAMETRIC_REPRESENTATION_CONTEXT() REPRESENTATION_CONTEXT('2D SPACE',''
  ) );
#4023 = ORIENTED_EDGE('',*,*,#4024,.F.);
#4024 = EDGE_CURVE('',#4025,#3989,#4027,.T.);
#4025 = VERTEX_POINT('',#4026);
#4026 = CARTESIAN_POINT('',(10.783313057325,-20.08199890136,4.));
#4027 = SURFACE_CURVE('',#4028,(#4039,#4053),.PCURVE_S1.);
#4028 = B_SPLINE_CURVE_WITH_KNOTS('',5,(#4029,#4030,#4031,#4032,#4033,
    #4034,#4035,#4036,#4037,#4038),.UNSPECIFIED.,.F.,.F.,(6,4,6),(0.,
    0.25742973187,1.),.UNSPECIFIED.);
#4029 = CARTESIAN_POINT('',(10.783313057325,-20.08199890136,4.));
#4030 = CARTESIAN_POINT('',(10.80879879193,-20.10416958845,4.));
#4031 = CARTESIAN_POINT('',(10.835176076589,-20.12496852041,4.));
#4032 = CARTESIAN_POINT('',(10.862430926013,-20.14435847353,4.));
#4033 = CARTESIAN_POINT('',(10.890542095986,-20.16231256813,4.));
#4034 = CARTESIAN_POINT('',(11.002957189499,-20.22641433406,4.));
#4035 = CARTESIAN_POINT('',(11.09334142547,-20.26194134781,4.));
#4036 = CARTESIAN_POINT('',(11.189895071426,-20.28496078052,4.));
#4037 = CARTESIAN_POINT('',(11.291577993333,-20.29600280761,4.));
#4038 = CARTESIAN_POINT('',(11.397310453159,-20.29600280761,4.));
#4039 = PCURVE('',#2643,#4040);
#4040 = DEFINITIONAL_REPRESENTATION('',(#4041),#4052);
#4041 = B_SPLINE_CURVE_WITH_KNOTS('',5,(#4042,#4043,#4044,#4045,#4046,
    #4047,#4048,#4049,#4050,#4051),.UNSPECIFIED.,.F.,.F.,(6,4,6),(0.,
    0.25742973187,1.),.UNSPECIFIED.);
#4042 = CARTESIAN_POINT('',(38.985140001067,-13.08291161731));
#4043 = CARTESIAN_POINT('',(39.012801361368,-13.10230004635));
#4044 = CARTESIAN_POINT('',(39.041206167799,-13.12023112797));
#4045 = CARTESIAN_POINT('',(39.070336624834,-13.13666930221));
#4046 = CARTESIAN_POINT('',(39.100168797762,-13.15159005449));
#4047 = CARTESIAN_POINT('',(39.218662550217,-13.20360370918));
#4048 = CARTESIAN_POINT('',(39.312262259821,-13.22949913695));
#4049 = CARTESIAN_POINT('',(39.410691688558,-13.24231117771));
#4050 = CARTESIAN_POINT('',(39.512971745673,-13.24267571356));
#4051 = CARTESIAN_POINT('',(39.618126261826,-13.23163575009));
#4052 = ( GEOMETRIC_REPRESENTATION_CONTEXT(2) 
PARAMETRIC_REPRESENTATION_CONTEXT() REPRESENTATION_CONTEXT('2D SPACE',''
  ) );
#4053 = PCURVE('',#4054,#4061);
#4054 = SURFACE_OF_LINEAR_EXTRUSION('',#4055,#4059);
#4055 = B_SPLINE_CURVE_WITH_KNOTS('',2,(#4056,#4057,#4058),
  .UNSPECIFIED.,.F.,.F.,(3,3),(0.,1.),.PIECEWISE_BEZIER_KNOTS.);
#4056 = CARTESIAN_POINT('',(11.397310453159,-20.29600280761,3.4));
#4057 = CARTESIAN_POINT('',(11.029315661492,-20.29600280761,3.4));
#4058 = CARTESIAN_POINT('',(10.783313057325,-20.08199890136,3.4));
#4059 = VECTOR('',#4060,1.);
#4060 = DIRECTION('',(-0.,-0.,-1.));
#4061 = DEFINITIONAL_REPRESENTATION('',(#4062),#4073);
#4062 = B_SPLINE_CURVE_WITH_KNOTS('',5,(#4063,#4064,#4065,#4066,#4067,
    #4068,#4069,#4070,#4071,#4072),.UNSPECIFIED.,.F.,.F.,(6,4,6),(0.,
    0.25742973187,1.),.UNSPECIFIED.);
#4063 = CARTESIAN_POINT('',(1.,-0.6));
#4064 = CARTESIAN_POINT('',(0.948200274767,-0.6));
#4065 = CARTESIAN_POINT('',(0.8962516537,-0.6));
#4066 = CARTESIAN_POINT('',(0.844201969725,-0.6));
#4067 = CARTESIAN_POINT('',(0.792100906817,-0.6));
#4068 = CARTESIAN_POINT('',(0.58971205904,-0.6));
#4069 = CARTESIAN_POINT('',(0.439388888797,-0.6));
#4070 = CARTESIAN_POINT('',(0.290370755201,-0.6));
#4071 = CARTESIAN_POINT('',(0.143660266694,-0.6));
#4072 = CARTESIAN_POINT('',(0.,-0.6));
#4073 = ( GEOMETRIC_REPRESENTATION_CONTEXT(2) 
PARAMETRIC_REPRESENTATION_CONTEXT() REPRESENTATION_CONTEXT('2D SPACE',''
  ) );
#4074 = ORIENTED_EDGE('',*,*,#4075,.F.);
#4075 = EDGE_CURVE('',#4076,#4025,#4078,.T.);
#4076 = VERTEX_POINT('',#4077);
#4077 = CARTESIAN_POINT('',(10.529315661492,-19.54000020345,4.));
#4078 = SURFACE_CURVE('',#4079,(#4090,#4104),.PCURVE_S1.);
#4079 = B_SPLINE_CURVE_WITH_KNOTS('',5,(#4080,#4081,#4082,#4083,#4084,
    #4085,#4086,#4087,#4088,#4089),.UNSPECIFIED.,.F.,.F.,(6,4,6),(0.,
    0.510154934046,1.),.UNSPECIFIED.);
#4080 = CARTESIAN_POINT('',(10.529315661492,-19.54000020345,4.));
#4081 = CARTESIAN_POINT('',(10.530918774614,-19.60576961637,4.));
#4082 = CARTESIAN_POINT('',(10.538523148155,-19.66949933571,4.));
#4083 = CARTESIAN_POINT('',(10.552423210347,-19.73081366613,4.));
#4084 = CARTESIAN_POINT('',(10.572751182037,-19.78937119407,4.));
#4085 = CARTESIAN_POINT('',(10.624941207477,-19.89822962878,4.));
#4086 = CARTESIAN_POINT('',(10.656316070783,-19.94877522551,4.));
#4087 = CARTESIAN_POINT('',(10.693389436953,-19.9963061173,4.));
#4088 = CARTESIAN_POINT('',(10.735860140114,-20.04071840484,4.));
#4089 = CARTESIAN_POINT('',(10.783313057325,-20.08199890136,4.));
#4090 = PCURVE('',#2643,#4091);
#4091 = DEFINITIONAL_REPRESENTATION('',(#4092),#4103);
#4092 = B_SPLINE_CURVE_WITH_KNOTS('',5,(#4093,#4094,#4095,#4096,#4097,
    #4098,#4099,#4100,#4101,#4102),.UNSPECIFIED.,.F.,.F.,(6,4,6),(0.,
    0.510154934046,1.),.UNSPECIFIED.);
#4093 = CARTESIAN_POINT('',(38.675938653211,-12.57039645449));
#4094 = CARTESIAN_POINT('',(38.68440026001,-12.63563897788));
#4095 = CARTESIAN_POINT('',(38.698617350925,-12.69822634043));
#4096 = CARTESIAN_POINT('',(38.718843516911,-12.7577541579));
#4097 = CARTESIAN_POINT('',(38.74517460768,-12.81386907722));
#4098 = CARTESIAN_POINT('',(38.808445716922,-12.91668310495));
#4099 = CARTESIAN_POINT('',(38.844926757071,-12.96367643539));
#4100 = CARTESIAN_POINT('',(38.886760373713,-13.00707653531));
#4101 = CARTESIAN_POINT('',(38.933636198619,-13.04681151927));
#4102 = CARTESIAN_POINT('',(38.985140001067,-13.08291161731));
#4103 = ( GEOMETRIC_REPRESENTATION_CONTEXT(2) 
PARAMETRIC_REPRESENTATION_CONTEXT() REPRESENTATION_CONTEXT('2D SPACE',''
  ) );
#4104 = PCURVE('',#4105,#4112);
#4105 = SURFACE_OF_LINEAR_EXTRUSION('',#4106,#4110);
#4106 = B_SPLINE_CURVE_WITH_KNOTS('',2,(#4107,#4108,#4109),
  .UNSPECIFIED.,.F.,.F.,(3,3),(0.,1.),.PIECEWISE_BEZIER_KNOTS.);
#4107 = CARTESIAN_POINT('',(10.783313057325,-20.08199890136,3.4));
#4108 = CARTESIAN_POINT('',(10.537310453159,-19.86799499511,3.4));
#4109 = CARTESIAN_POINT('',(10.529315661492,-19.54000020345,3.4));
#4110 = VECTOR('',#4111,1.);
#4111 = DIRECTION('',(-0.,-0.,-1.));
#4112 = DEFINITIONAL_REPRESENTATION('',(#4113),#4124);
#4113 = B_SPLINE_CURVE_WITH_KNOTS('',5,(#4114,#4115,#4116,#4117,#4118,
    #4119,#4120,#4121,#4122,#4123),.UNSPECIFIED.,.F.,.F.,(6,4,6),(0.,
    0.510154934046,1.),.UNSPECIFIED.);
#4114 = CARTESIAN_POINT('',(1.,-0.6));
#4115 = CARTESIAN_POINT('',(0.899740156561,-0.6));
#4116 = CARTESIAN_POINT('',(0.798222815073,-0.6));
#4117 = CARTESIAN_POINT('',(0.695801600884,-0.6));
#4118 = CARTESIAN_POINT('',(0.592895543615,-0.6));
#4119 = CARTESIAN_POINT('',(0.391200849027,-0.6));
#4120 = CARTESIAN_POINT('',(0.292395099979,-0.6));
#4121 = CARTESIAN_POINT('',(0.194019515637,-0.6));
#4122 = CARTESIAN_POINT('',(9.644799772041E-02,-0.6));
#4123 = CARTESIAN_POINT('',(0.,-0.6));
#4124 = ( GEOMETRIC_REPRESENTATION_CONTEXT(2) 
PARAMETRIC_REPRESENTATION_CONTEXT() REPRESENTATION_CONTEXT('2D SPACE',''
  ) );
#4125 = ORIENTED_EDGE('',*,*,#4126,.F.);
#4126 = EDGE_CURVE('',#4127,#4076,#4129,.T.);
#4127 = VERTEX_POINT('',#4128);
#4128 = CARTESIAN_POINT('',(11.069315661492,-19.54000020345,4.));
#4129 = SURFACE_CURVE('',#4130,(#4134,#4141),.PCURVE_S1.);
#4130 = LINE('',#4131,#4132);
#4131 = CARTESIAN_POINT('',(-8.046686942675,-19.54000020345,4.));
#4132 = VECTOR('',#4133,1.);
#4133 = DIRECTION('',(-1.,0.,-0.));
#4134 = PCURVE('',#2643,#4135);
#4135 = DEFINITIONAL_REPRESENTATION('',(#4136),#4140);
#4136 = LINE('',#4137,#4138);
#4137 = CARTESIAN_POINT('',(20.201474244524,-14.50999372253));
#4138 = VECTOR('',#4139,1.);
#4139 = DIRECTION('',(-0.994533904972,-0.104414136312));
#4140 = ( GEOMETRIC_REPRESENTATION_CONTEXT(2) 
PARAMETRIC_REPRESENTATION_CONTEXT() REPRESENTATION_CONTEXT('2D SPACE',''
  ) );
#4141 = PCURVE('',#4142,#4147);
#4142 = PLANE('',#4143);
#4143 = AXIS2_PLACEMENT_3D('',#4144,#4145,#4146);
#4144 = CARTESIAN_POINT('',(10.529315661492,-19.54000020345,3.4));
#4145 = DIRECTION('',(0.,1.,0.));
#4146 = DIRECTION('',(1.,0.,0.));
#4147 = DEFINITIONAL_REPRESENTATION('',(#4148),#4152);
#4148 = LINE('',#4149,#4150);
#4149 = CARTESIAN_POINT('',(-18.57600260416,-0.6));
#4150 = VECTOR('',#4151,1.);
#4151 = DIRECTION('',(-1.,0.));
#4152 = ( GEOMETRIC_REPRESENTATION_CONTEXT(2) 
PARAMETRIC_REPRESENTATION_CONTEXT() REPRESENTATION_CONTEXT('2D SPACE',''
  ) );
#4153 = ORIENTED_EDGE('',*,*,#4154,.F.);
#4154 = EDGE_CURVE('',#4155,#4127,#4157,.T.);
#4155 = VERTEX_POINT('',#4156);
#4156 = CARTESIAN_POINT('',(11.171307848992,-19.74000020345,4.));
#4157 = SURFACE_CURVE('',#4158,(#4167,#4179),.PCURVE_S1.);
#4158 = B_SPLINE_CURVE_WITH_KNOTS('',4,(#4159,#4160,#4161,#4162,#4163,
    #4164,#4165,#4166),.UNSPECIFIED.,.F.,.F.,(5,3,5),(0.,0.455872467432,
    1.),.UNSPECIFIED.);
#4159 = CARTESIAN_POINT('',(11.171307848992,-19.74000020345,4.));
#4160 = CARTESIAN_POINT('',(11.149931233616,-19.72271591145,4.));
#4161 = CARTESIAN_POINT('',(11.131465444861,-19.70373284753,4.));
#4162 = CARTESIAN_POINT('',(11.115971256234,-19.68305328216,4.));
#4163 = CARTESIAN_POINT('',(11.08853815677,-19.63403233812,4.));
#4164 = CARTESIAN_POINT('',(11.077868180163,-19.60498242856,4.));
#4165 = CARTESIAN_POINT('',(11.071482415716,-19.57360606741,4.));
#4166 = CARTESIAN_POINT('',(11.069315661492,-19.54000020345,4.));
#4167 = PCURVE('',#2643,#4168);
#4168 = DEFINITIONAL_REPRESENTATION('',(#4169),#4178);
#4169 = B_SPLINE_CURVE_WITH_KNOTS('',4,(#4170,#4171,#4172,#4173,#4174,
    #4175,#4176,#4177),.UNSPECIFIED.,.F.,.F.,(5,3,5),(0.,0.455872467432,
    1.),.UNSPECIFIED.);
#4170 = CARTESIAN_POINT('',(39.335304477669,-12.70227017571));
#4171 = CARTESIAN_POINT('',(39.312239984483,-12.68731238212));
#4172 = CARTESIAN_POINT('',(39.291893031261,-12.67036117083));
#4173 = CARTESIAN_POINT('',(39.274324296383,-12.65141245425));
#4174 = CARTESIAN_POINT('',(39.241922669316,-12.60552386674));
#4175 = CARTESIAN_POINT('',(39.228277794598,-12.57774684313));
#4176 = CARTESIAN_POINT('',(39.218650799697,-12.54720875224));
#4177 = CARTESIAN_POINT('',(39.212986961896,-12.51401282088));
#4178 = ( GEOMETRIC_REPRESENTATION_CONTEXT(2) 
PARAMETRIC_REPRESENTATION_CONTEXT() REPRESENTATION_CONTEXT('2D SPACE',''
  ) );
#4179 = PCURVE('',#4180,#4187);
#4180 = SURFACE_OF_LINEAR_EXTRUSION('',#4181,#4185);
#4181 = B_SPLINE_CURVE_WITH_KNOTS('',2,(#4182,#4183,#4184),
  .UNSPECIFIED.,.F.,.F.,(3,3),(0.,1.),.PIECEWISE_BEZIER_KNOTS.);
#4182 = CARTESIAN_POINT('',(11.069315661492,-19.54000020345,3.4));
#4183 = CARTESIAN_POINT('',(11.077310453159,-19.66399759928,3.4));
#4184 = CARTESIAN_POINT('',(11.171307848992,-19.74000020345,3.4));
#4185 = VECTOR('',#4186,1.);
#4186 = DIRECTION('',(-0.,-0.,-1.));
#4187 = DEFINITIONAL_REPRESENTATION('',(#4188),#4197);
#4188 = B_SPLINE_CURVE_WITH_KNOTS('',4,(#4189,#4190,#4191,#4192,#4193,
    #4194,#4195,#4196),.UNSPECIFIED.,.F.,.F.,(5,3,5),(0.,0.455872467432,
    1.),.UNSPECIFIED.);
#4189 = CARTESIAN_POINT('',(1.,-0.6));
#4190 = CARTESIAN_POINT('',(0.886291448892,-0.6));
#4191 = CARTESIAN_POINT('',(0.772293505922,-0.6));
#4192 = CARTESIAN_POINT('',(0.65814701698,-0.6));
#4193 = CARTESIAN_POINT('',(0.407754582396,-0.6));
#4194 = CARTESIAN_POINT('',(0.271507131096,-0.6));
#4195 = CARTESIAN_POINT('',(0.135510361903,-0.6));
#4196 = CARTESIAN_POINT('',(0.,-0.6));
#4197 = ( GEOMETRIC_REPRESENTATION_CONTEXT(2) 
PARAMETRIC_REPRESENTATION_CONTEXT() REPRESENTATION_CONTEXT('2D SPACE',''
  ) );
#4198 = ORIENTED_EDGE('',*,*,#4199,.F.);
#4199 = EDGE_CURVE('',#4200,#4155,#4202,.T.);
#4200 = VERTEX_POINT('',#4201);
#4201 = CARTESIAN_POINT('',(11.413313057325,-19.81600280761,4.));
#4202 = SURFACE_CURVE('',#4203,(#4210,#4220),.PCURVE_S1.);
#4203 = B_SPLINE_CURVE_WITH_KNOTS('',5,(#4204,#4205,#4206,#4207,#4208,
    #4209),.UNSPECIFIED.,.F.,.F.,(6,6),(0.,1.),
  .PIECEWISE_BEZIER_KNOTS.);
#4204 = CARTESIAN_POINT('',(11.413313057325,-19.81600280761,4.));
#4205 = CARTESIAN_POINT('',(11.354668484588,-19.81600280761,4.));
#4206 = CARTESIAN_POINT('',(11.300893931002,-19.80854530959,4.));
#4207 = CARTESIAN_POINT('',(11.252288445152,-19.79341162782,4.));
#4208 = CARTESIAN_POINT('',(11.209062044779,-19.77052676402,4.));
#4209 = CARTESIAN_POINT('',(11.171307848992,-19.74000020345,4.));
#4210 = PCURVE('',#2643,#4211);
#4211 = DEFINITIONAL_REPRESENTATION('',(#4212),#4219);
#4212 = B_SPLINE_CURVE_WITH_KNOTS('',5,(#4213,#4214,#4215,#4216,#4217,
    #4218),.UNSPECIFIED.,.F.,.F.,(6,6),(0.,1.),
  .PIECEWISE_BEZIER_KNOTS.);
#4213 = CARTESIAN_POINT('',(39.583922608808,-12.75258857761));
#4214 = CARTESIAN_POINT('',(39.525598592878,-12.75871190002));
#4215 = CARTESIAN_POINT('',(39.471339307897,-12.75690998896));
#4216 = CARTESIAN_POINT('',(39.42141933394,-12.74693412916));
#4217 = CARTESIAN_POINT('',(39.376039709891,-12.72868780346));
#4218 = CARTESIAN_POINT('',(39.335304477669,-12.70227017571));
#4219 = ( GEOMETRIC_REPRESENTATION_CONTEXT(2) 
PARAMETRIC_REPRESENTATION_CONTEXT() REPRESENTATION_CONTEXT('2D SPACE',''
  ) );
#4220 = PCURVE('',#4221,#4228);
#4221 = SURFACE_OF_LINEAR_EXTRUSION('',#4222,#4226);
#4222 = B_SPLINE_CURVE_WITH_KNOTS('',2,(#4223,#4224,#4225),
  .UNSPECIFIED.,.F.,.F.,(3,3),(0.,1.),.PIECEWISE_BEZIER_KNOTS.);
#4223 = CARTESIAN_POINT('',(11.171307848992,-19.74000020345,3.4));
#4224 = CARTESIAN_POINT('',(11.265305244825,-19.81600280761,3.4));
#4225 = CARTESIAN_POINT('',(11.413313057325,-19.81600280761,3.4));
#4226 = VECTOR('',#4227,1.);
#4227 = DIRECTION('',(-0.,-0.,-1.));
#4228 = DEFINITIONAL_REPRESENTATION('',(#4229),#4236);
#4229 = B_SPLINE_CURVE_WITH_KNOTS('',5,(#4230,#4231,#4232,#4233,#4234,
    #4235),.UNSPECIFIED.,.F.,.F.,(6,6),(0.,1.),
  .PIECEWISE_BEZIER_KNOTS.);
#4230 = CARTESIAN_POINT('',(1.,-0.6));
#4231 = CARTESIAN_POINT('',(0.801886901284,-0.6));
#4232 = CARTESIAN_POINT('',(0.602322629222,-0.6));
#4233 = CARTESIAN_POINT('',(0.401792435117,-0.6));
#4234 = CARTESIAN_POINT('',(0.200825754011,-0.6));
#4235 = CARTESIAN_POINT('',(0.,-0.6));
#4236 = ( GEOMETRIC_REPRESENTATION_CONTEXT(2) 
PARAMETRIC_REPRESENTATION_CONTEXT() REPRESENTATION_CONTEXT('2D SPACE',''
  ) );
#4237 = ORIENTED_EDGE('',*,*,#4238,.F.);
#4238 = EDGE_CURVE('',#4239,#4200,#4241,.T.);
#4239 = VERTEX_POINT('',#4240);
#4240 = CARTESIAN_POINT('',(11.881307848992,-19.00799499511,4.));
#4241 = SURFACE_CURVE('',#4242,(#4270,#4301),.PCURVE_S1.);
#4242 = B_SPLINE_CURVE_WITH_KNOTS('',6,(#4243,#4244,#4245,#4246,#4247,
    #4248,#4249,#4250,#4251,#4252,#4253,#4254,#4255,#4256,#4257,#4258,
    #4259,#4260,#4261,#4262,#4263,#4264,#4265,#4266,#4267,#4268,#4269),
  .UNSPECIFIED.,.F.,.F.,(7,5,5,5,5,7),(0.,0.409371446737,0.545860932003,
    0.620638157654,0.773862339604,1.),.UNSPECIFIED.);
#4243 = CARTESIAN_POINT('',(11.881307848992,-19.00799499511,4.));
#4244 = CARTESIAN_POINT('',(11.881307848992,-19.09266247861,4.));
#4245 = CARTESIAN_POINT('',(11.878224856748,-19.17577454233,4.));
#4246 = CARTESIAN_POINT('',(11.871543383905,-19.25705907168,4.));
#4247 = CARTESIAN_POINT('',(11.860564160502,-19.33582195769,4.));
#4248 = CARTESIAN_POINT('',(11.844393651892,-19.4109390143,4.));
#4249 = CARTESIAN_POINT('',(11.814528428278,-19.50421636022,4.));
#4250 = CARTESIAN_POINT('',(11.806371294319,-19.52695730251,4.));
#4251 = CARTESIAN_POINT('',(11.797489342554,-19.54905445685,4.));
#4252 = CARTESIAN_POINT('',(11.787848019436,-19.5704375812,4.));
#4253 = CARTESIAN_POINT('',(11.777416998163,-19.59103078865,4.));
#4254 = CARTESIAN_POINT('',(11.760013849467,-19.62156250585,4.));
#4255 = CARTESIAN_POINT('',(11.753610333981,-19.63210855203,4.));
#4256 = CARTESIAN_POINT('',(11.7469593372,-19.64238090849,4.));
#4257 = CARTESIAN_POINT('',(11.740058096362,-19.65236659605,4.));
#4258 = CARTESIAN_POINT('',(11.732904844611,-19.66205278153,4.));
#4259 = CARTESIAN_POINT('',(11.710323288876,-19.6906348038,4.));
#4260 = CARTESIAN_POINT('',(11.69408485503,-19.70853452059,4.));
#4261 = CARTESIAN_POINT('',(11.676780981815,-19.72501371183,4.));
#4262 = CARTESIAN_POINT('',(11.658427641244,-19.73997637208,4.));
#4263 = CARTESIAN_POINT('',(11.639064864739,-19.75335076931,4.));
#4264 = CARTESIAN_POINT('',(11.588798534868,-19.78243406513,4.));
#4265 = CARTESIAN_POINT('',(11.556774704357,-19.79623248696,4.));
#4266 = CARTESIAN_POINT('',(11.522922753527,-19.80635544743,4.));
#4267 = CARTESIAN_POINT('',(11.487527741294,-19.81287617104,4.));
#4268 = CARTESIAN_POINT('',(11.450894294199,-19.81600280761,4.));
#4269 = CARTESIAN_POINT('',(11.413313057325,-19.81600280761,4.));
#4270 = PCURVE('',#2643,#4271);
#4271 = DEFINITIONAL_REPRESENTATION('',(#4272),#4300);
#4272 = B_SPLINE_CURVE_WITH_KNOTS('',6,(#4273,#4274,#4275,#4276,#4277,
    #4278,#4279,#4280,#4281,#4282,#4283,#4284,#4285,#4286,#4287,#4288,
    #4289,#4290,#4291,#4292,#4293,#4294,#4295,#4296,#4297,#4298,#4299),
  .UNSPECIFIED.,.F.,.F.,(7,5,5,5,5,7),(0.,0.409371446737,0.545860932003,
    0.620638157654,0.773862339604,1.),.UNSPECIFIED.);
#4273 = CARTESIAN_POINT('',(39.964991858595,-11.90013214063));
#4274 = CARTESIAN_POINT('',(39.973832340758,-11.98433682361));
#4275 = CARTESIAN_POINT('',(39.979444274793,-12.06731649686));
#4276 = CARTESIAN_POINT('',(39.981286577443,-12.14885435747));
#4277 = CARTESIAN_POINT('',(39.978591326236,-12.22833310419));
#4278 = CARTESIAN_POINT('',(39.97035248975,-12.30472799352));
#4279 = CARTESIAN_POINT('',(39.950389985798,-12.40061382814));
#4280 = CARTESIAN_POINT('',(39.944651915356,-12.42408218637));
#4281 = CARTESIAN_POINT('',(39.938125768468,-12.44698595688));
#4282 = CARTESIAN_POINT('',(39.930769846199,-12.46925888947));
#4283 = CARTESIAN_POINT('',(39.922546063851,-12.49082867858));
#4284 = CARTESIAN_POINT('',(39.9084259853,-12.52301064124));
#4285 = CARTESIAN_POINT('',(39.903158628342,-12.53416765927));
#4286 = CARTESIAN_POINT('',(39.897616565769,-12.54507832414));
#4287 = CARTESIAN_POINT('',(39.891795694712,-12.55573001608));
#4288 = CARTESIAN_POINT('',(39.885692918005,-12.56611015656));
#4289 = CARTESIAN_POINT('',(39.866219162368,-12.59689378041));
#4290 = CARTESIAN_POINT('',(39.851938472814,-12.6163911777));
#4291 = CARTESIAN_POINT('',(39.836449844734,-12.63458706109));
#4292 = CARTESIAN_POINT('',(39.819759138515,-12.65138428222));
#4293 = CARTESIAN_POINT('',(39.801898676921,-12.66670732131));
#4294 = CARTESIAN_POINT('',(39.754943814801,-12.70088016049));
#4295 = CARTESIAN_POINT('',(39.724535779888,-12.71794689944));
#4296 = CARTESIAN_POINT('',(39.691925847213,-12.73154914906));
#4297 = CARTESIAN_POINT('',(39.657405163204,-12.7417299694));
#4298 = CARTESIAN_POINT('',(39.62129842307,-12.74866456522));
#4299 = CARTESIAN_POINT('',(39.583922608808,-12.75258857761));
#4300 = ( GEOMETRIC_REPRESENTATION_CONTEXT(2) 
PARAMETRIC_REPRESENTATION_CONTEXT() REPRESENTATION_CONTEXT('2D SPACE',''
  ) );
#4301 = PCURVE('',#4302,#4309);
#4302 = SURFACE_OF_LINEAR_EXTRUSION('',#4303,#4307);
#4303 = B_SPLINE_CURVE_WITH_KNOTS('',2,(#4304,#4305,#4306),
  .UNSPECIFIED.,.F.,.F.,(3,3),(0.,1.),.PIECEWISE_BEZIER_KNOTS.);
#4304 = CARTESIAN_POINT('',(11.413313057325,-19.81600280761,3.4));
#4305 = CARTESIAN_POINT('',(11.881307848992,-19.81600280761,3.4));
#4306 = CARTESIAN_POINT('',(11.881307848992,-19.00799499511,3.4));
#4307 = VECTOR('',#4308,1.);
#4308 = DIRECTION('',(-0.,-0.,-1.));
#4309 = DEFINITIONAL_REPRESENTATION('',(#4310),#4338);
#4310 = B_SPLINE_CURVE_WITH_KNOTS('',6,(#4311,#4312,#4313,#4314,#4315,
    #4316,#4317,#4318,#4319,#4320,#4321,#4322,#4323,#4324,#4325,#4326,
    #4327,#4328,#4329,#4330,#4331,#4332,#4333,#4334,#4335,#4336,#4337),
  .UNSPECIFIED.,.F.,.F.,(7,5,5,5,5,7),(0.,0.409371446737,0.545860932003,
    0.620638157654,0.773862339604,1.),.UNSPECIFIED.);
#4311 = CARTESIAN_POINT('',(1.,-0.6));
#4312 = CARTESIAN_POINT('',(0.947607261847,-0.6));
#4313 = CARTESIAN_POINT('',(0.892883194831,-0.6));
#4314 = CARTESIAN_POINT('',(0.835445443525,-0.6));
#4315 = CARTESIAN_POINT('',(0.774976435039,-0.6));
#4316 = CARTESIAN_POINT('',(0.711217180689,-0.6));
#4317 = CARTESIAN_POINT('',(0.621588963602,-0.6));
#4318 = CARTESIAN_POINT('',(0.598801750694,-0.6));
#4319 = CARTESIAN_POINT('',(0.575638530947,-0.6));
#4320 = CARTESIAN_POINT('',(0.552105853957,-0.6));
#4321 = CARTESIAN_POINT('',(0.528218278204,-0.6));
#4322 = CARTESIAN_POINT('',(0.490731757025,-0.6));
#4323 = CARTESIAN_POINT('',(0.47736436261,-0.6));
#4324 = CARTESIAN_POINT('',(0.463901922975,-0.6));
#4325 = CARTESIAN_POINT('',(0.450349518007,-0.6));
#4326 = CARTESIAN_POINT('',(0.43671320127,-0.6));
#4327 = CARTESIAN_POINT('',(0.394900615084,-0.6));
#4328 = CARTESIAN_POINT('',(0.366475217577,-0.6));
#4329 = CARTESIAN_POINT('',(0.337790547069,-0.6));
#4330 = CARTESIAN_POINT('',(0.308923076594,-0.6));
#4331 = CARTESIAN_POINT('',(0.279959963448,-0.6));
#4332 = CARTESIAN_POINT('',(0.208259106912,-0.6));
#4333 = CARTESIAN_POINT('',(0.1655066872,-0.6));
#4334 = CARTESIAN_POINT('',(0.123075522924,-0.6));
#4335 = CARTESIAN_POINT('',(8.122485583753E-02,-0.6));
#4336 = CARTESIAN_POINT('',(4.015134093718E-02,-0.6));
#4337 = CARTESIAN_POINT('',(0.,-0.6));
#4338 = ( GEOMETRIC_REPRESENTATION_CONTEXT(2) 
PARAMETRIC_REPRESENTATION_CONTEXT() REPRESENTATION_CONTEXT('2D SPACE',''
  ) );
#4339 = ORIENTED_EDGE('',*,*,#4340,.F.);
#4340 = EDGE_CURVE('',#4341,#4239,#4343,.T.);
#4341 = VERTEX_POINT('',#4342);
#4342 = CARTESIAN_POINT('',(11.849309151075,-19.04600280761,4.));
#4343 = SURFACE_CURVE('',#4344,(#4350,#4359),.PCURVE_S1.);
#4344 = B_SPLINE_CURVE_WITH_KNOTS('',4,(#4345,#4346,#4347,#4348,#4349),
  .UNSPECIFIED.,.F.,.F.,(5,5),(0.,1.),.PIECEWISE_BEZIER_KNOTS.);
#4345 = CARTESIAN_POINT('',(11.849309151075,-19.04600280761,4.));
#4346 = CARTESIAN_POINT('',(11.863276410607,-19.02904465154,4.));
#4347 = CARTESIAN_POINT('',(11.873293354002,-19.01702254048,4.));
#4348 = CARTESIAN_POINT('',(11.879306324972,-19.01000303875,4.));
#4349 = CARTESIAN_POINT('',(11.881307848992,-19.00799499511,4.));
#4350 = PCURVE('',#2643,#4351);
#4351 = DEFINITIONAL_REPRESENTATION('',(#4352),#4358);
#4352 = B_SPLINE_CURVE_WITH_KNOTS('',4,(#4353,#4354,#4355,#4356,#4357),
  .UNSPECIFIED.,.F.,.F.,(5,5),(0.,1.),.PIECEWISE_BEZIER_KNOTS.);
#4353 = CARTESIAN_POINT('',(39.937136621517,-11.94127331522));
#4354 = CARTESIAN_POINT('',(39.949256863461,-11.9229494747));
#4355 = CARTESIAN_POINT('',(39.957963774949,-11.90994716714));
#4356 = CARTESIAN_POINT('',(39.963210943238,-11.90233819551));
#4357 = CARTESIAN_POINT('',(39.964991858595,-11.90013214063));
#4358 = ( GEOMETRIC_REPRESENTATION_CONTEXT(2) 
PARAMETRIC_REPRESENTATION_CONTEXT() REPRESENTATION_CONTEXT('2D SPACE',''
  ) );
#4359 = PCURVE('',#4360,#4367);
#4360 = SURFACE_OF_LINEAR_EXTRUSION('',#4361,#4365);
#4361 = B_SPLINE_CURVE_WITH_KNOTS('',2,(#4362,#4363,#4364),
  .UNSPECIFIED.,.F.,.F.,(3,3),(0.,1.),.PIECEWISE_BEZIER_KNOTS.);
#4362 = CARTESIAN_POINT('',(11.881307848992,-19.00799499511,3.4));
#4363 = CARTESIAN_POINT('',(11.877310453159,-19.01200541178,3.4));
#4364 = CARTESIAN_POINT('',(11.849309151075,-19.04600280761,3.4));
#4365 = VECTOR('',#4366,1.);
#4366 = DIRECTION('',(-0.,-0.,-1.));
#4367 = DEFINITIONAL_REPRESENTATION('',(#4368),#4374);
#4368 = B_SPLINE_CURVE_WITH_KNOTS('',4,(#4369,#4370,#4371,#4372,#4373),
  .UNSPECIFIED.,.F.,.F.,(5,5),(0.,1.),.PIECEWISE_BEZIER_KNOTS.);
#4369 = CARTESIAN_POINT('',(1.,-0.6));
#4370 = CARTESIAN_POINT('',(0.750596249241,-0.6));
#4371 = CARTESIAN_POINT('',(0.500635094609,-0.6));
#4372 = CARTESIAN_POINT('',(0.250353493036,-0.6));
#4373 = CARTESIAN_POINT('',(0.,-0.6));
#4374 = ( GEOMETRIC_REPRESENTATION_CONTEXT(2) 
PARAMETRIC_REPRESENTATION_CONTEXT() REPRESENTATION_CONTEXT('2D SPACE',''
  ) );
#4375 = ORIENTED_EDGE('',*,*,#4376,.F.);
#4376 = EDGE_CURVE('',#4377,#4341,#4379,.T.);
#4377 = VERTEX_POINT('',#4378);
#4378 = CARTESIAN_POINT('',(11.803306546909,-19.09800150553,4.));
#4379 = SURFACE_CURVE('',#4380,(#4386,#4395),.PCURVE_S1.);
#4380 = B_SPLINE_CURVE_WITH_KNOTS('',4,(#4381,#4382,#4383,#4384,#4385),
  .UNSPECIFIED.,.F.,.F.,(5,5),(0.,1.),.PIECEWISE_BEZIER_KNOTS.);
#4381 = CARTESIAN_POINT('',(11.803306546909,-19.09800150553,4.));
#4382 = CARTESIAN_POINT('',(11.81231772121,-19.08899033123,4.));
#4383 = CARTESIAN_POINT('',(11.822993851737,-19.07731251133,4.));
#4384 = CARTESIAN_POINT('',(11.835328112748,-19.06297769302,4.));
#4385 = CARTESIAN_POINT('',(11.849309151075,-19.04600280761,4.));
#4386 = PCURVE('',#2643,#4387);
#4387 = DEFINITIONAL_REPRESENTATION('',(#4388),#4394);
#4388 = B_SPLINE_CURVE_WITH_KNOTS('',4,(#4389,#4390,#4391,#4392,#4393),
  .UNSPECIFIED.,.F.,.F.,(5,5),(0.,1.),.PIECEWISE_BEZIER_KNOTS.);
#4389 = CARTESIAN_POINT('',(39.896814871089,-11.99779110549));
#4390 = CARTESIAN_POINT('',(39.904835895473,-11.98788829314));
#4391 = CARTESIAN_POINT('',(39.914234339778,-11.97515956638));
#4392 = CARTESIAN_POINT('',(39.925004422873,-11.95961523233));
#4393 = CARTESIAN_POINT('',(39.937136621517,-11.94127331522));
#4394 = ( GEOMETRIC_REPRESENTATION_CONTEXT(2) 
PARAMETRIC_REPRESENTATION_CONTEXT() REPRESENTATION_CONTEXT('2D SPACE',''
  ) );
#4395 = PCURVE('',#4396,#4403);
#4396 = SURFACE_OF_LINEAR_EXTRUSION('',#4397,#4401);
#4397 = B_SPLINE_CURVE_WITH_KNOTS('',2,(#4398,#4399,#4400),
  .UNSPECIFIED.,.F.,.F.,(3,3),(0.,1.),.PIECEWISE_BEZIER_KNOTS.);
#4398 = CARTESIAN_POINT('',(11.849309151075,-19.04600280761,3.4));
#4399 = CARTESIAN_POINT('',(11.821307848992,-19.08000020345,3.4));
#4400 = CARTESIAN_POINT('',(11.803306546909,-19.09800150553,3.4));
#4401 = VECTOR('',#4402,1.);
#4402 = DIRECTION('',(-0.,-0.,-1.));
#4403 = DEFINITIONAL_REPRESENTATION('',(#4404),#4410);
#4404 = B_SPLINE_CURVE_WITH_KNOTS('',4,(#4405,#4406,#4407,#4408,#4409),
  .UNSPECIFIED.,.F.,.F.,(5,5),(0.,1.),.PIECEWISE_BEZIER_KNOTS.);
#4405 = CARTESIAN_POINT('',(1.,-0.6));
#4406 = CARTESIAN_POINT('',(0.749707708383,-0.6));
#4407 = CARTESIAN_POINT('',(0.499571340561,-0.6));
#4408 = CARTESIAN_POINT('',(0.249649789236,-0.6));
#4409 = CARTESIAN_POINT('',(0.,-0.6));
#4410 = ( GEOMETRIC_REPRESENTATION_CONTEXT(2) 
PARAMETRIC_REPRESENTATION_CONTEXT() REPRESENTATION_CONTEXT('2D SPACE',''
  ) );
#4411 = ORIENTED_EDGE('',*,*,#4412,.F.);
#4412 = EDGE_CURVE('',#4413,#4377,#4415,.T.);
#4413 = VERTEX_POINT('',#4414);
#4414 = CARTESIAN_POINT('',(11.749309151075,-19.15000020345,4.));
#4415 = SURFACE_CURVE('',#4416,(#4422,#4431),.PCURVE_S1.);
#4416 = B_SPLINE_CURVE_WITH_KNOTS('',4,(#4417,#4418,#4419,#4420,#4421),
  .UNSPECIFIED.,.F.,.F.,(5,5),(0.,1.),.PIECEWISE_BEZIER_KNOTS.);
#4417 = CARTESIAN_POINT('',(11.749309151075,-19.15000020345,4.));
#4418 = CARTESIAN_POINT('',(11.767271564822,-19.13303516011,4.));
#4419 = CARTESIAN_POINT('',(11.78227493557,-19.11869892925,4.));
#4420 = CARTESIAN_POINT('',(11.794291457169,-19.10701659527,4.));
#4421 = CARTESIAN_POINT('',(11.803306546909,-19.09800150553,4.));
#4422 = PCURVE('',#2643,#4423);
#4423 = DEFINITIONAL_REPRESENTATION('',(#4424),#4430);
#4424 = B_SPLINE_CURVE_WITH_KNOTS('',4,(#4425,#4426,#4427,#4428,#4429),
  .UNSPECIFIED.,.F.,.F.,(5,5),(0.,1.),.PIECEWISE_BEZIER_KNOTS.);
#4425 = CARTESIAN_POINT('',(39.848542029285,-12.05514366503));
#4426 = CARTESIAN_POINT('',(39.864634868423,-12.03639582432));
#4427 = CARTESIAN_POINT('',(39.878059324158,-12.02057139266));
#4428 = CARTESIAN_POINT('',(39.888790361495,-12.0076982207));
#4429 = CARTESIAN_POINT('',(39.896814871089,-11.99779110549));
#4430 = ( GEOMETRIC_REPRESENTATION_CONTEXT(2) 
PARAMETRIC_REPRESENTATION_CONTEXT() REPRESENTATION_CONTEXT('2D SPACE',''
  ) );
#4431 = PCURVE('',#4432,#4439);
#4432 = SURFACE_OF_LINEAR_EXTRUSION('',#4433,#4437);
#4433 = B_SPLINE_CURVE_WITH_KNOTS('',2,(#4434,#4435,#4436),
  .UNSPECIFIED.,.F.,.F.,(3,3),(0.,1.),.PIECEWISE_BEZIER_KNOTS.);
#4434 = CARTESIAN_POINT('',(11.803306546909,-19.09800150553,3.4));
#4435 = CARTESIAN_POINT('',(11.785305244825,-19.11600280761,3.4));
#4436 = CARTESIAN_POINT('',(11.749309151075,-19.15000020345,3.4));
#4437 = VECTOR('',#4438,1.);
#4438 = DIRECTION('',(-0.,-0.,-1.));
#4439 = DEFINITIONAL_REPRESENTATION('',(#4440),#4446);
#4440 = B_SPLINE_CURVE_WITH_KNOTS('',4,(#4441,#4442,#4443,#4444,#4445),
  .UNSPECIFIED.,.F.,.F.,(5,5),(0.,1.),.PIECEWISE_BEZIER_KNOTS.);
#4441 = CARTESIAN_POINT('',(1.,-0.6));
#4442 = CARTESIAN_POINT('',(0.750494958272,-0.6));
#4443 = CARTESIAN_POINT('',(0.500598071182,-0.6));
#4444 = CARTESIAN_POINT('',(0.250401045937,-0.6));
#4445 = CARTESIAN_POINT('',(0.,-0.6));
#4446 = ( GEOMETRIC_REPRESENTATION_CONTEXT(2) 
PARAMETRIC_REPRESENTATION_CONTEXT() REPRESENTATION_CONTEXT('2D SPACE',''
  ) );
#4447 = ORIENTED_EDGE('',*,*,#4448,.F.);
#4448 = EDGE_CURVE('',#4449,#4413,#4451,.T.);
#4449 = VERTEX_POINT('',#4450);
#4450 = CARTESIAN_POINT('',(11.675311755242,-19.20399759928,4.));
#4451 = SURFACE_CURVE('',#4452,(#4458,#4467),.PCURVE_S1.);
#4452 = B_SPLINE_CURVE_WITH_KNOTS('',4,(#4453,#4454,#4455,#4456,#4457),
  .UNSPECIFIED.,.F.,.F.,(5,5),(0.,1.),.PIECEWISE_BEZIER_KNOTS.);
#4453 = CARTESIAN_POINT('',(11.675311755242,-19.20399759928,4.));
#4454 = CARTESIAN_POINT('',(11.694322602472,-19.19399223305,4.));
#4455 = CARTESIAN_POINT('',(11.712993760482,-19.18165416099,4.));
#4456 = CARTESIAN_POINT('',(11.731323123936,-19.16698754903,4.));
#4457 = CARTESIAN_POINT('',(11.749309151075,-19.15000020345,4.));
#4458 = PCURVE('',#2643,#4459);
#4459 = DEFINITIONAL_REPRESENTATION('',(#4460),#4466);
#4460 = B_SPLINE_CURVE_WITH_KNOTS('',4,(#4461,#4462,#4463,#4464,#4465),
  .UNSPECIFIED.,.F.,.F.,(5,5),(0.,1.),.PIECEWISE_BEZIER_KNOTS.);
#4461 = CARTESIAN_POINT('',(39.780587201698,-12.11657228015));
#4462 = CARTESIAN_POINT('',(39.798449432157,-12.104636603));
#4463 = CARTESIAN_POINT('',(39.815730262706,-12.09041643919));
#4464 = CARTESIAN_POINT('',(39.832428034496,-12.07391615166));
#4465 = CARTESIAN_POINT('',(39.848542029285,-12.05514366503));
#4466 = ( GEOMETRIC_REPRESENTATION_CONTEXT(2) 
PARAMETRIC_REPRESENTATION_CONTEXT() REPRESENTATION_CONTEXT('2D SPACE',''
  ) );
#4467 = PCURVE('',#4468,#4475);
#4468 = SURFACE_OF_LINEAR_EXTRUSION('',#4469,#4473);
#4469 = B_SPLINE_CURVE_WITH_KNOTS('',2,(#4470,#4471,#4472),
  .UNSPECIFIED.,.F.,.F.,(3,3),(0.,1.),.PIECEWISE_BEZIER_KNOTS.);
#4470 = CARTESIAN_POINT('',(11.749309151075,-19.15000020345,3.4));
#4471 = CARTESIAN_POINT('',(11.713313057325,-19.18399759928,3.4));
#4472 = CARTESIAN_POINT('',(11.675311755242,-19.20399759928,3.4));
#4473 = VECTOR('',#4474,1.);
#4474 = DIRECTION('',(-0.,-0.,-1.));
#4475 = DEFINITIONAL_REPRESENTATION('',(#4476),#4482);
#4476 = B_SPLINE_CURVE_WITH_KNOTS('',4,(#4477,#4478,#4479,#4480,#4481),
  .UNSPECIFIED.,.F.,.F.,(5,5),(0.,1.),.PIECEWISE_BEZIER_KNOTS.);
#4477 = CARTESIAN_POINT('',(1.,-0.6));
#4478 = CARTESIAN_POINT('',(0.749865844221,-0.6));
#4479 = CARTESIAN_POINT('',(0.499799171096,-0.6));
#4480 = CARTESIAN_POINT('',(0.249833041113,-0.6));
#4481 = CARTESIAN_POINT('',(0.,-0.6));
#4482 = ( GEOMETRIC_REPRESENTATION_CONTEXT(2) 
PARAMETRIC_REPRESENTATION_CONTEXT() REPRESENTATION_CONTEXT('2D SPACE',''
  ) );
#4483 = ORIENTED_EDGE('',*,*,#4484,.F.);
#4484 = EDGE_CURVE('',#4485,#4449,#4487,.T.);
#4485 = VERTEX_POINT('',#4486);
#4486 = CARTESIAN_POINT('',(11.587310453159,-19.2459962972,4.));
#4487 = SURFACE_CURVE('',#4488,(#4494,#4503),.PCURVE_S1.);
#4488 = B_SPLINE_CURVE_WITH_KNOTS('',4,(#4489,#4490,#4491,#4492,#4493),
  .UNSPECIFIED.,.F.,.F.,(5,5),(0.,1.),.PIECEWISE_BEZIER_KNOTS.);
#4489 = CARTESIAN_POINT('',(11.587310453159,-19.2459962972,4.));
#4490 = CARTESIAN_POINT('',(11.612281052024,-19.23500988397,4.));
#4491 = CARTESIAN_POINT('',(11.635277731284,-19.22434649351,4.));
#4492 = CARTESIAN_POINT('',(11.656290550511,-19.21400841664,4.));
#4493 = CARTESIAN_POINT('',(11.675311755242,-19.20399759928,4.));
#4494 = PCURVE('',#2643,#4495);
#4495 = DEFINITIONAL_REPRESENTATION('',(#4496),#4502);
#4496 = B_SPLINE_CURVE_WITH_KNOTS('',4,(#4497,#4498,#4499,#4500,#4501),
  .UNSPECIFIED.,.F.,.F.,(5,5),(0.,1.),.PIECEWISE_BEZIER_KNOTS.);
#4497 = CARTESIAN_POINT('',(39.697452180863,-12.16752998914));
#4498 = CARTESIAN_POINT('',(39.721139151214,-12.15399634518));
#4499 = CARTESIAN_POINT('',(39.742896719735,-12.14099006342));
#4500 = CARTESIAN_POINT('',(39.762715239528,-12.12851446009));
#4501 = CARTESIAN_POINT('',(39.780587201698,-12.11657228015));
#4502 = ( GEOMETRIC_REPRESENTATION_CONTEXT(2) 
PARAMETRIC_REPRESENTATION_CONTEXT() REPRESENTATION_CONTEXT('2D SPACE',''
  ) );
#4503 = PCURVE('',#4504,#4511);
#4504 = SURFACE_OF_LINEAR_EXTRUSION('',#4505,#4509);
#4505 = B_SPLINE_CURVE_WITH_KNOTS('',2,(#4506,#4507,#4508),
  .UNSPECIFIED.,.F.,.F.,(3,3),(0.,1.),.PIECEWISE_BEZIER_KNOTS.);
#4506 = CARTESIAN_POINT('',(11.675311755242,-19.20399759928,3.4));
#4507 = CARTESIAN_POINT('',(11.637310453159,-19.22399759928,3.4));
#4508 = CARTESIAN_POINT('',(11.587310453159,-19.2459962972,3.4));
#4509 = VECTOR('',#4510,1.);
#4510 = DIRECTION('',(-0.,-0.,-1.));
#4511 = DEFINITIONAL_REPRESENTATION('',(#4512),#4518);
#4512 = B_SPLINE_CURVE_WITH_KNOTS('',4,(#4513,#4514,#4515,#4516,#4517),
  .UNSPECIFIED.,.F.,.F.,(5,5),(0.,1.),.PIECEWISE_BEZIER_KNOTS.);
#4513 = CARTESIAN_POINT('',(1.,-0.6));
#4514 = CARTESIAN_POINT('',(0.750294011347,-0.6));
#4515 = CARTESIAN_POINT('',(0.500376414179,-0.6));
#4516 = CARTESIAN_POINT('',(0.25027043402,-0.6));
#4517 = CARTESIAN_POINT('',(0.,-0.6));
#4518 = ( GEOMETRIC_REPRESENTATION_CONTEXT(2) 
PARAMETRIC_REPRESENTATION_CONTEXT() REPRESENTATION_CONTEXT('2D SPACE',''
  ) );
#4519 = ORIENTED_EDGE('',*,*,#4520,.F.);
#4520 = EDGE_CURVE('',#4521,#4485,#4523,.T.);
#4521 = VERTEX_POINT('',#4522);
#4522 = CARTESIAN_POINT('',(11.473313057325,-19.27799499511,4.));
#4523 = SURFACE_CURVE('',#4524,(#4530,#4539),.PCURVE_S1.);
#4524 = B_SPLINE_CURVE_WITH_KNOTS('',4,(#4525,#4526,#4527,#4528,#4529),
  .UNSPECIFIED.,.F.,.F.,(5,5),(0.,1.),.PIECEWISE_BEZIER_KNOTS.);
#4525 = CARTESIAN_POINT('',(11.473313057325,-19.27799499511,4.));
#4526 = CARTESIAN_POINT('',(11.505270020696,-19.2730015164,4.));
#4527 = CARTESIAN_POINT('',(11.534932642537,-19.26600839783,4.));
#4528 = CARTESIAN_POINT('',(11.562283337493,-19.25700757634,4.));
#4529 = CARTESIAN_POINT('',(11.587310453159,-19.2459962972,4.));
#4530 = PCURVE('',#2643,#4531);
#4531 = DEFINITIONAL_REPRESENTATION('',(#4532),#4538);
#4532 = B_SPLINE_CURVE_WITH_KNOTS('',4,(#4533,#4534,#4535,#4536,#4537),
  .UNSPECIFIED.,.F.,.F.,(5,5),(0.,1.),.PIECEWISE_BEZIER_KNOTS.);
#4533 = CARTESIAN_POINT('',(39.587419022035,-12.21125671876));
#4534 = CARTESIAN_POINT('',(39.61867991584,-12.20295377615));
#4535 = CARTESIAN_POINT('',(39.647450218536,-12.19290168559));
#4536 = CARTESIAN_POINT('',(39.673711598992,-12.18109426425));
#4537 = CARTESIAN_POINT('',(39.697452180863,-12.16752998914));
#4538 = ( GEOMETRIC_REPRESENTATION_CONTEXT(2) 
PARAMETRIC_REPRESENTATION_CONTEXT() REPRESENTATION_CONTEXT('2D SPACE',''
  ) );
#4539 = PCURVE('',#4540,#4547);
#4540 = SURFACE_OF_LINEAR_EXTRUSION('',#4541,#4545);
#4541 = B_SPLINE_CURVE_WITH_KNOTS('',2,(#4542,#4543,#4544),
  .UNSPECIFIED.,.F.,.F.,(3,3),(0.,1.),.PIECEWISE_BEZIER_KNOTS.);
#4542 = CARTESIAN_POINT('',(11.587310453159,-19.2459962972,3.4));
#4543 = CARTESIAN_POINT('',(11.537310453159,-19.26799499511,3.4));
#4544 = CARTESIAN_POINT('',(11.473313057325,-19.27799499511,3.4));
#4545 = VECTOR('',#4546,1.);
#4546 = DIRECTION('',(-0.,-0.,-1.));
#4547 = DEFINITIONAL_REPRESENTATION('',(#4548),#4554);
#4548 = B_SPLINE_CURVE_WITH_KNOTS('',4,(#4549,#4550,#4551,#4552,#4553),
  .UNSPECIFIED.,.F.,.F.,(5,5),(0.,1.),.PIECEWISE_BEZIER_KNOTS.);
#4549 = CARTESIAN_POINT('',(1.,-0.6));
#4550 = CARTESIAN_POINT('',(0.750326064405,-0.6));
#4551 = CARTESIAN_POINT('',(0.500398433323,-0.6));
#4552 = CARTESIAN_POINT('',(0.250271156661,-0.6));
#4553 = CARTESIAN_POINT('',(0.,-0.6));
#4554 = ( GEOMETRIC_REPRESENTATION_CONTEXT(2) 
PARAMETRIC_REPRESENTATION_CONTEXT() REPRESENTATION_CONTEXT('2D SPACE',''
  ) );
#4555 = ORIENTED_EDGE('',*,*,#4556,.F.);
#4556 = EDGE_CURVE('',#4557,#4521,#4559,.T.);
#4557 = VERTEX_POINT('',#4558);
#4558 = CARTESIAN_POINT('',(11.337310453159,-19.28799499511,4.));
#4559 = SURFACE_CURVE('',#4560,(#4566,#4575),.PCURVE_S1.);
#4560 = B_SPLINE_CURVE_WITH_KNOTS('',4,(#4561,#4562,#4563,#4564,#4565),
  .UNSPECIFIED.,.F.,.F.,(5,5),(0.,1.),.PIECEWISE_BEZIER_KNOTS.);
#4561 = CARTESIAN_POINT('',(11.337310453159,-19.28799499511,4.));
#4562 = CARTESIAN_POINT('',(11.373276216989,-19.28799499511,4.));
#4563 = CARTESIAN_POINT('',(11.407937138349,-19.28633173888,4.));
#4564 = CARTESIAN_POINT('',(11.441284972774,-19.28299958696,4.));
#4565 = CARTESIAN_POINT('',(11.473313057325,-19.27799499511,4.));
#4566 = PCURVE('',#2643,#4567);
#4567 = DEFINITIONAL_REPRESENTATION('',(#4568),#4574);
#4568 = B_SPLINE_CURVE_WITH_KNOTS('',4,(#4569,#4570,#4571,#4572,#4573),
  .UNSPECIFIED.,.F.,.F.,(5,5),(0.,1.),.PIECEWISE_BEZIER_KNOTS.);
#4569 = CARTESIAN_POINT('',(39.45320396239,-12.23540265226));
#4570 = CARTESIAN_POINT('',(39.488973133937,-12.23164731809));
#4571 = CARTESIAN_POINT('',(39.523270927945,-12.22637406321));
#4572 = CARTESIAN_POINT('',(39.556088556173,-12.21957813982));
#4573 = CARTESIAN_POINT('',(39.587419022035,-12.21125671876));
#4574 = ( GEOMETRIC_REPRESENTATION_CONTEXT(2) 
PARAMETRIC_REPRESENTATION_CONTEXT() REPRESENTATION_CONTEXT('2D SPACE',''
  ) );
#4575 = PCURVE('',#4576,#4583);
#4576 = SURFACE_OF_LINEAR_EXTRUSION('',#4577,#4581);
#4577 = B_SPLINE_CURVE_WITH_KNOTS('',2,(#4578,#4579,#4580),
  .UNSPECIFIED.,.F.,.F.,(3,3),(0.,1.),.PIECEWISE_BEZIER_KNOTS.);
#4578 = CARTESIAN_POINT('',(11.473313057325,-19.27799499511,3.4));
#4579 = CARTESIAN_POINT('',(11.409315661492,-19.28799499511,3.4));
#4580 = CARTESIAN_POINT('',(11.337310453159,-19.28799499511,3.4));
#4581 = VECTOR('',#4582,1.);
#4582 = DIRECTION('',(-0.,-0.,-1.));
#4583 = DEFINITIONAL_REPRESENTATION('',(#4584),#4590);
#4584 = B_SPLINE_CURVE_WITH_KNOTS('',4,(#4585,#4586,#4587,#4588,#4589),
  .UNSPECIFIED.,.F.,.F.,(5,5),(0.,1.),.PIECEWISE_BEZIER_KNOTS.);
#4585 = CARTESIAN_POINT('',(1.,-0.6));
#4586 = CARTESIAN_POINT('',(0.750255817165,-0.6));
#4587 = CARTESIAN_POINT('',(0.500323717841,-0.6));
#4588 = CARTESIAN_POINT('',(0.250229592427,-0.6));
#4589 = CARTESIAN_POINT('',(0.,-0.6));
#4590 = ( GEOMETRIC_REPRESENTATION_CONTEXT(2) 
PARAMETRIC_REPRESENTATION_CONTEXT() REPRESENTATION_CONTEXT('2D SPACE',''
  ) );
#4591 = ORIENTED_EDGE('',*,*,#4592,.F.);
#4592 = EDGE_CURVE('',#4593,#4557,#4595,.T.);
#4593 = VERTEX_POINT('',#4594);
#4594 = CARTESIAN_POINT('',(10.725311755242,-19.0159962972,4.));
#4595 = SURFACE_CURVE('',#4596,(#4607,#4621),.PCURVE_S1.);
#4596 = B_SPLINE_CURVE_WITH_KNOTS('',5,(#4597,#4598,#4599,#4600,#4601,
    #4602,#4603,#4604,#4605,#4606),.UNSPECIFIED.,.F.,.F.,(6,4,6),(0.,
    0.436711452936,1.),.UNSPECIFIED.);
#4597 = CARTESIAN_POINT('',(10.725311755242,-19.0159962972,4.));
#4598 = CARTESIAN_POINT('',(10.766000497398,-19.06289234836,4.));
#4599 = CARTESIAN_POINT('',(10.809767011233,-19.10528430918,4.));
#4600 = CARTESIAN_POINT('',(10.856597435847,-19.14277889557,4.));
#4601 = CARTESIAN_POINT('',(10.906388070791,-19.17508548298,4.));
#4602 = CARTESIAN_POINT('',(11.026640633914,-19.23691201674,4.));
#4603 = CARTESIAN_POINT('',(11.098930546697,-19.26292010773,4.));
#4604 = CARTESIAN_POINT('',(11.175259904764,-19.27983923998,4.));
#4605 = CARTESIAN_POINT('',(11.254954327802,-19.28799499511,4.));
#4606 = CARTESIAN_POINT('',(11.337310453159,-19.28799499511,4.));
#4607 = PCURVE('',#2643,#4608);
#4608 = DEFINITIONAL_REPRESENTATION('',(#4609),#4620);
#4609 = B_SPLINE_CURVE_WITH_KNOTS('',5,(#4610,#4611,#4612,#4613,#4614,
    #4615,#4616,#4617,#4618,#4619),.UNSPECIFIED.,.F.,.F.,(6,4,6),(0.,
    0.436711452936,1.),.UNSPECIFIED.);
#4610 = CARTESIAN_POINT('',(38.816149998392,-12.02879204054));
#4611 = CARTESIAN_POINT('',(38.861512942695,-12.07118327356));
#4612 = CARTESIAN_POINT('',(38.909466544582,-12.10877367315));
#4613 = CARTESIAN_POINT('',(38.959955954499,-12.14117355223));
#4614 = CARTESIAN_POINT('',(39.012847693523,-12.16810470262));
#4615 = CARTESIAN_POINT('',(39.138898508832,-12.21703721916));
#4616 = CARTESIAN_POINT('',(39.21350889044,-12.23535505864));
#4617 = CARTESIAN_POINT('',(39.291187621564,-12.24421184531));
#4618 = CARTESIAN_POINT('',(39.371298003441,-12.24400179596));
#4619 = CARTESIAN_POINT('',(39.45320396239,-12.23540265226));
#4620 = ( GEOMETRIC_REPRESENTATION_CONTEXT(2) 
PARAMETRIC_REPRESENTATION_CONTEXT() REPRESENTATION_CONTEXT('2D SPACE',''
  ) );
#4621 = PCURVE('',#4622,#4629);
#4622 = SURFACE_OF_LINEAR_EXTRUSION('',#4623,#4627);
#4623 = B_SPLINE_CURVE_WITH_KNOTS('',2,(#4624,#4625,#4626),
  .UNSPECIFIED.,.F.,.F.,(3,3),(0.,1.),.PIECEWISE_BEZIER_KNOTS.);
#4624 = CARTESIAN_POINT('',(11.337310453159,-19.28799499511,3.4));
#4625 = CARTESIAN_POINT('',(10.961307848992,-19.28799499511,3.4));
#4626 = CARTESIAN_POINT('',(10.725311755242,-19.0159962972,3.4));
#4627 = VECTOR('',#4628,1.);
#4628 = DIRECTION('',(-0.,-0.,-1.));
#4629 = DEFINITIONAL_REPRESENTATION('',(#4630),#4641);
#4630 = B_SPLINE_CURVE_WITH_KNOTS('',5,(#4631,#4632,#4633,#4634,#4635,
    #4636,#4637,#4638,#4639,#4640),.UNSPECIFIED.,.F.,.F.,(6,4,6),(0.,
    0.436711452936,1.),.UNSPECIFIED.);
#4631 = CARTESIAN_POINT('',(1.,-0.6));
#4632 = CARTESIAN_POINT('',(0.913793610926,-0.6));
#4633 = CARTESIAN_POINT('',(0.826577427009,-0.6));
#4634 = CARTESIAN_POINT('',(0.738639075136,-0.6));
#4635 = CARTESIAN_POINT('',(0.650315380484,-0.6));
#4636 = CARTESIAN_POINT('',(0.448087158874,-0.6));
#4637 = CARTESIAN_POINT('',(0.334155611789,-0.6));
#4638 = CARTESIAN_POINT('',(0.221073706673,-0.6));
#4639 = CARTESIAN_POINT('',(0.109515365643,-0.6));
#4640 = CARTESIAN_POINT('',(0.,-0.6));
#4641 = ( GEOMETRIC_REPRESENTATION_CONTEXT(2) 
PARAMETRIC_REPRESENTATION_CONTEXT() REPRESENTATION_CONTEXT('2D SPACE',''
  ) );
#4642 = ORIENTED_EDGE('',*,*,#4643,.F.);
#4643 = EDGE_CURVE('',#4644,#4593,#4646,.T.);
#4644 = VERTEX_POINT('',#4645);
#4645 = CARTESIAN_POINT('',(10.489315661492,-18.30399759928,4.));
#4646 = SURFACE_CURVE('',#4647,(#4660,#4676),.PCURVE_S1.);
#4647 = B_SPLINE_CURVE_WITH_KNOTS('',6,(#4648,#4649,#4650,#4651,#4652,
    #4653,#4654,#4655,#4656,#4657,#4658,#4659),.UNSPECIFIED.,.F.,.F.,(7,
    5,7),(0.,0.88282749686,1.),.UNSPECIFIED.);
#4648 = CARTESIAN_POINT('',(10.489315661492,-18.30399759928,4.));
#4649 = CARTESIAN_POINT('',(10.489315661492,-18.42652157535,4.));
#4650 = CARTESIAN_POINT('',(10.500295543531,-18.54473071302,4.));
#4651 = CARTESIAN_POINT('',(10.523431219798,-18.65732232124,4.));
#4652 = CARTESIAN_POINT('',(10.559679619114,-18.76290899379,4.));
#4653 = CARTESIAN_POINT('',(10.609449524674,-18.86020160913,4.));
#4654 = CARTESIAN_POINT('',(10.680382421577,-18.95998982611,4.));
#4655 = CARTESIAN_POINT('',(10.688920640195,-18.97152086898,4.));
#4656 = CARTESIAN_POINT('',(10.697684360407,-18.98288864129,4.));
#4657 = CARTESIAN_POINT('',(10.706672019875,-18.99409144776,4.));
#4658 = CARTESIAN_POINT('',(10.715881825865,-19.00512777615,4.));
#4659 = CARTESIAN_POINT('',(10.725311755242,-19.0159962972,4.));
#4660 = PCURVE('',#2643,#4661);
#4661 = DEFINITIONAL_REPRESENTATION('',(#4662),#4675);
#4662 = B_SPLINE_CURVE_WITH_KNOTS('',6,(#4663,#4664,#4665,#4666,#4667,
    #4668,#4669,#4670,#4671,#4672,#4673,#4674),.UNSPECIFIED.,.F.,.F.,(7,
    5,7),(0.,0.88282749686,1.),.UNSPECIFIED.);
#4663 = CARTESIAN_POINT('',(38.507101152619,-11.34532652347));
#4664 = CARTESIAN_POINT('',(38.519894387758,-11.46718077184));
#4665 = CARTESIAN_POINT('',(38.543156957732,-11.58359731224));
#4666 = CARTESIAN_POINT('',(38.577922327723,-11.69315779237));
#4667 = CARTESIAN_POINT('',(38.624997331064,-11.79438247283));
#4668 = CARTESIAN_POINT('',(38.68465391399,-11.88594659578));
#4669 = CARTESIAN_POINT('',(38.765618385429,-11.97778296372));
#4670 = CARTESIAN_POINT('',(38.775313937214,-11.98835946609));
#4671 = CARTESIAN_POINT('',(38.785216710225,-11.99875004479));
#4672 = CARTESIAN_POINT('',(38.795324973655,-12.00895317696));
#4673 = CARTESIAN_POINT('',(38.805636786667,-12.01896754579));
#4674 = CARTESIAN_POINT('',(38.816149998392,-12.02879204054));
#4675 = ( GEOMETRIC_REPRESENTATION_CONTEXT(2) 
PARAMETRIC_REPRESENTATION_CONTEXT() REPRESENTATION_CONTEXT('2D SPACE',''
  ) );
#4676 = PCURVE('',#4677,#4684);
#4677 = SURFACE_OF_LINEAR_EXTRUSION('',#4678,#4682);
#4678 = B_SPLINE_CURVE_WITH_KNOTS('',2,(#4679,#4680,#4681),
  .UNSPECIFIED.,.F.,.F.,(3,3),(0.,1.),.PIECEWISE_BEZIER_KNOTS.);
#4679 = CARTESIAN_POINT('',(10.725311755242,-19.0159962972,3.4));
#4680 = CARTESIAN_POINT('',(10.489315661492,-18.74399759928,3.4));
#4681 = CARTESIAN_POINT('',(10.489315661492,-18.30399759928,3.4));
#4682 = VECTOR('',#4683,1.);
#4683 = DIRECTION('',(-0.,-0.,-1.));
#4684 = DEFINITIONAL_REPRESENTATION('',(#4685),#4698);
#4685 = B_SPLINE_CURVE_WITH_KNOTS('',6,(#4686,#4687,#4688,#4689,#4690,
    #4691,#4692,#4693,#4694,#4695,#4696,#4697),.UNSPECIFIED.,.F.,.F.,(7,
    5,7),(0.,0.88282749686,1.),.UNSPECIFIED.);
#4686 = CARTESIAN_POINT('',(1.,-0.6));
#4687 = CARTESIAN_POINT('',(0.86076820901,-0.6));
#4688 = CARTESIAN_POINT('',(0.71755739669,-0.6));
#4689 = CARTESIAN_POINT('',(0.570896631991,-0.6));
#4690 = CARTESIAN_POINT('',(0.42158839911,-0.6));
#4691 = CARTESIAN_POINT('',(0.270766921083,-0.6));
#4692 = CARTESIAN_POINT('',(9.998959298745E-02,-0.6));
#4693 = CARTESIAN_POINT('',(7.997908785881E-02,-0.6));
#4694 = CARTESIAN_POINT('',(5.997169648702E-02,-0.6));
#4695 = CARTESIAN_POINT('',(3.997060916889E-02,-0.6));
#4696 = CARTESIAN_POINT('',(1.997899462506E-02,-0.6));
#4697 = CARTESIAN_POINT('',(0.,-0.6));
#4698 = ( GEOMETRIC_REPRESENTATION_CONTEXT(2) 
PARAMETRIC_REPRESENTATION_CONTEXT() REPRESENTATION_CONTEXT('2D SPACE',''
  ) );
#4699 = ORIENTED_EDGE('',*,*,#4700,.F.);
#4700 = EDGE_CURVE('',#4701,#4644,#4703,.T.);
#4701 = VERTEX_POINT('',#4702);
#4702 = CARTESIAN_POINT('',(10.755311755242,-17.58199890136,4.));
#4703 = SURFACE_CURVE('',#4704,(#4717,#4733),.PCURVE_S1.);
#4704 = B_SPLINE_CURVE_WITH_KNOTS('',6,(#4705,#4706,#4707,#4708,#4709,
    #4710,#4711,#4712,#4713,#4714,#4715,#4716),.UNSPECIFIED.,.F.,.F.,(7,
    5,7),(0.,0.246251294667,1.),.UNSPECIFIED.);
#4705 = CARTESIAN_POINT('',(10.755311755242,-17.58199890136,4.));
#4706 = CARTESIAN_POINT('',(10.733260086284,-17.60504582885,4.));
#4707 = CARTESIAN_POINT('',(10.712237224975,-17.62884827398,4.));
#4708 = CARTESIAN_POINT('',(10.692272270936,-17.6533974141,4.));
#4709 = CARTESIAN_POINT('',(10.673389164825,-17.6786802619,4.));
#4710 = CARTESIAN_POINT('',(10.655606688342,-17.70467966547,4.));
#4711 = CARTESIAN_POINT('',(10.587918824453,-17.81308373633,4.));
#4712 = CARTESIAN_POINT('',(10.547320356851,-17.90133435634,4.));
#4713 = CARTESIAN_POINT('',(10.517583131781,-17.99545202247,4.));
#4714 = CARTESIAN_POINT('',(10.498461665445,-18.09455866196,4.));
#4715 = CARTESIAN_POINT('',(10.489315661492,-18.19771041328,4.));
#4716 = CARTESIAN_POINT('',(10.489315661492,-18.30399759928,4.));
#4717 = PCURVE('',#2643,#4718);
#4718 = DEFINITIONAL_REPRESENTATION('',(#4719),#4732);
#4719 = B_SPLINE_CURVE_WITH_KNOTS('',6,(#4720,#4721,#4722,#4723,#4724,
    #4725,#4726,#4727,#4728,#4729,#4730,#4731),.UNSPECIFIED.,.F.,.F.,(7,
    5,7),(0.,0.246251294667,1.),.UNSPECIFIED.);
#4720 = CARTESIAN_POINT('',(38.696256415982,-10.59950058665));
#4721 = CARTESIAN_POINT('',(38.67673170857,-10.62472404341));
#4722 = CARTESIAN_POINT('',(38.65830907197,-10.65059146603));
#4723 = CARTESIAN_POINT('',(38.641016525529,-10.67709104164));
#4724 = CARTESIAN_POINT('',(38.624876522987,-10.70420735421));
#4725 = CARTESIAN_POINT('',(38.609905952479,-10.73192138449));
#4726 = CARTESIAN_POINT('',(38.553906994318,-10.84680047824));
#4727 = CARTESIAN_POINT('',(38.522745054065,-10.93880776591));
#4728 = CARTESIAN_POINT('',(38.502997590314,-11.0355159626));
#4729 = CARTESIAN_POINT('',(38.494328777895,-11.13607742718));
#4730 = CARTESIAN_POINT('',(38.496003267891,-11.23962031332));
#4731 = CARTESIAN_POINT('',(38.507101152619,-11.34532652347));
#4732 = ( GEOMETRIC_REPRESENTATION_CONTEXT(2) 
PARAMETRIC_REPRESENTATION_CONTEXT() REPRESENTATION_CONTEXT('2D SPACE',''
  ) );
#4733 = PCURVE('',#4734,#4741);
#4734 = SURFACE_OF_LINEAR_EXTRUSION('',#4735,#4739);
#4735 = B_SPLINE_CURVE_WITH_KNOTS('',2,(#4736,#4737,#4738),
  .UNSPECIFIED.,.F.,.F.,(3,3),(0.,1.),.PIECEWISE_BEZIER_KNOTS.);
#4736 = CARTESIAN_POINT('',(10.489315661492,-18.30399759928,3.4));
#4737 = CARTESIAN_POINT('',(10.489315661492,-17.86000020345,3.4));
#4738 = CARTESIAN_POINT('',(10.755311755242,-17.58199890136,3.4));
#4739 = VECTOR('',#4740,1.);
#4740 = DIRECTION('',(-0.,-0.,-1.));
#4741 = DEFINITIONAL_REPRESENTATION('',(#4742),#4755);
#4742 = B_SPLINE_CURVE_WITH_KNOTS('',6,(#4743,#4744,#4745,#4746,#4747,
    #4748,#4749,#4750,#4751,#4752,#4753,#4754),.UNSPECIFIED.,.F.,.F.,(7,
    5,7),(0.,0.246251294667,1.),.UNSPECIFIED.);
#4743 = CARTESIAN_POINT('',(1.,-0.6));
#4744 = CARTESIAN_POINT('',(0.958548885724,-0.6));
#4745 = CARTESIAN_POINT('',(0.916969971737,-0.6));
#4746 = CARTESIAN_POINT('',(0.875293643833,-0.6));
#4747 = CARTESIAN_POINT('',(0.83355135217,-0.6));
#4748 = CARTESIAN_POINT('',(0.791775611265,-0.6));
#4749 = CARTESIAN_POINT('',(0.622129350839,-0.6));
#4750 = CARTESIAN_POINT('',(0.494216121236,-0.6));
#4751 = CARTESIAN_POINT('',(0.367328756399,-0.6));
#4752 = CARTESIAN_POINT('',(0.242283564552,-0.6));
#4753 = CARTESIAN_POINT('',(0.119693479063,-0.6));
#4754 = CARTESIAN_POINT('',(0.,-0.6));
#4755 = ( GEOMETRIC_REPRESENTATION_CONTEXT(2) 
PARAMETRIC_REPRESENTATION_CONTEXT() REPRESENTATION_CONTEXT('2D SPACE',''
  ) );
#4756 = ORIENTED_EDGE('',*,*,#4757,.F.);
#4757 = EDGE_CURVE('',#4758,#4701,#4760,.T.);
#4758 = VERTEX_POINT('',#4759);
#4759 = CARTESIAN_POINT('',(11.445305244825,-17.30399759928,4.));
#4760 = SURFACE_CURVE('',#4761,(#4772,#4786),.PCURVE_S1.);
#4761 = B_SPLINE_CURVE_WITH_KNOTS('',5,(#4762,#4763,#4764,#4765,#4766,
    #4767,#4768,#4769,#4770,#4771),.UNSPECIFIED.,.F.,.F.,(6,4,6),(0.,
    0.658970143465,1.),.UNSPECIFIED.);
#4762 = CARTESIAN_POINT('',(11.445305244825,-17.30399759928,4.));
#4763 = CARTESIAN_POINT('',(11.337932197025,-17.30399759928,4.));
#4764 = CARTESIAN_POINT('',(11.234195449775,-17.31514105694,4.));
#4765 = CARTESIAN_POINT('',(11.135339898972,-17.33854255737,4.));
#4766 = CARTESIAN_POINT('',(11.042635362517,-17.3748889912,4.));
#4767 = CARTESIAN_POINT('',(10.912703750985,-17.44885679824,4.));
#4768 = CARTESIAN_POINT('',(10.870281820116,-17.47740668661,4.));
#4769 = CARTESIAN_POINT('',(10.829870380885,-17.5092122216,4.));
#4770 = CARTESIAN_POINT('',(10.791537997523,-17.54413765919,4.));
#4771 = CARTESIAN_POINT('',(10.755311755242,-17.58199890136,4.));
#4772 = PCURVE('',#2643,#4773);
#4773 = DEFINITIONAL_REPRESENTATION('',(#4774),#4785);
#4774 = B_SPLINE_CURVE_WITH_KNOTS('',5,(#4775,#4776,#4777,#4778,#4779,
    #4780,#4781,#4782,#4783,#4784),.UNSPECIFIED.,.F.,.F.,(6,4,6),(0.,
    0.658970143465,1.),.UNSPECIFIED.);
#4775 = CARTESIAN_POINT('',(39.353451069732,-10.25097379183));
#4776 = CARTESIAN_POINT('',(39.246664933215,-10.26218505588));
#4777 = CARTESIAN_POINT('',(39.144658755389,-10.2840991852));
#4778 = CARTESIAN_POINT('',(39.048787005877,-10.31769468777));
#4779 = CARTESIAN_POINT('',(38.960384282725,-10.36352211264));
#4780 = CARTESIAN_POINT('',(38.838886174415,-10.45065230162));
#4781 = CARTESIAN_POINT('',(38.799677137788,-10.48347558286));
#4782 = CARTESIAN_POINT('',(38.762807538791,-10.5193267913));
#4783 = CARTESIAN_POINT('',(38.728331393279,-10.55806376582));
#4784 = CARTESIAN_POINT('',(38.696256415982,-10.59950058665));
#4785 = ( GEOMETRIC_REPRESENTATION_CONTEXT(2) 
PARAMETRIC_REPRESENTATION_CONTEXT() REPRESENTATION_CONTEXT('2D SPACE',''
  ) );
#4786 = PCURVE('',#4787,#4794);
#4787 = SURFACE_OF_LINEAR_EXTRUSION('',#4788,#4792);
#4788 = B_SPLINE_CURVE_WITH_KNOTS('',2,(#4789,#4790,#4791),
  .UNSPECIFIED.,.F.,.F.,(3,3),(0.,1.),.PIECEWISE_BEZIER_KNOTS.);
#4789 = CARTESIAN_POINT('',(10.755311755242,-17.58199890136,3.4));
#4790 = CARTESIAN_POINT('',(11.021307848992,-17.30399759928,3.4));
#4791 = CARTESIAN_POINT('',(11.445305244825,-17.30399759928,3.4));
#4792 = VECTOR('',#4793,1.);
#4793 = DIRECTION('',(-0.,-0.,-1.));
#4794 = DEFINITIONAL_REPRESENTATION('',(#4795),#4806);
#4795 = B_SPLINE_CURVE_WITH_KNOTS('',5,(#4796,#4797,#4798,#4799,#4800,
    #4801,#4802,#4803,#4804,#4805),.UNSPECIFIED.,.F.,.F.,(6,4,6),(0.,
    0.658970143465,1.),.UNSPECIFIED.);
#4796 = CARTESIAN_POINT('',(1.,-0.6));
#4797 = CARTESIAN_POINT('',(0.873380062171,-0.6));
#4798 = CARTESIAN_POINT('',(0.743579616566,-0.6));
#4799 = CARTESIAN_POINT('',(0.611319686955,-0.6));
#4800 = CARTESIAN_POINT('',(0.477637338017,-0.6));
#4801 = CARTESIAN_POINT('',(0.274840080292,-0.6));
#4802 = CARTESIAN_POINT('',(0.205679061003,-0.6));
#4803 = CARTESIAN_POINT('',(0.136706903169,-0.6));
#4804 = CARTESIAN_POINT('',(6.809544036984E-02,-0.6));
#4805 = CARTESIAN_POINT('',(0.,-0.6));
#4806 = ( GEOMETRIC_REPRESENTATION_CONTEXT(2) 
PARAMETRIC_REPRESENTATION_CONTEXT() REPRESENTATION_CONTEXT('2D SPACE',''
  ) );
#4807 = ORIENTED_EDGE('',*,*,#4808,.F.);
#4808 = EDGE_CURVE('',#4809,#4758,#4811,.T.);
#4809 = VERTEX_POINT('',#4810);
#4810 = CARTESIAN_POINT('',(11.705311755242,-17.33399759928,4.));
#4811 = SURFACE_CURVE('',#4812,(#4818,#4827),.PCURVE_S1.);
#4812 = B_SPLINE_CURVE_WITH_KNOTS('',4,(#4813,#4814,#4815,#4816,#4817),
  .UNSPECIFIED.,.F.,.F.,(5,5),(0.,1.),.PIECEWISE_BEZIER_KNOTS.);
#4813 = CARTESIAN_POINT('',(11.705311755242,-17.33399759928,4.));
#4814 = CARTESIAN_POINT('',(11.643200992406,-17.31897127518,4.));
#4815 = CARTESIAN_POINT('',(11.579129144834,-17.30897363188,4.));
#4816 = CARTESIAN_POINT('',(11.513143712757,-17.30399759928,4.));
#4817 = CARTESIAN_POINT('',(11.445305244825,-17.30399759928,4.));
#4818 = PCURVE('',#2643,#4819);
#4819 = DEFINITIONAL_REPRESENTATION('',(#4820),#4826);
#4820 = B_SPLINE_CURVE_WITH_KNOTS('',4,(#4821,#4822,#4823,#4824,#4825),
  .UNSPECIFIED.,.F.,.F.,(5,5),(0.,1.),.PIECEWISE_BEZIER_KNOTS.);
#4821 = CARTESIAN_POINT('',(39.615168783944,-10.25366145376));
#4822 = CARTESIAN_POINT('',(39.551828563787,-10.24520250663));
#4823 = CARTESIAN_POINT('',(39.487063043732,-10.24194951802));
#4824 = CARTESIAN_POINT('',(39.420918726152,-10.24389049679));
#4825 = CARTESIAN_POINT('',(39.353451069732,-10.25097379183));
#4826 = ( GEOMETRIC_REPRESENTATION_CONTEXT(2) 
PARAMETRIC_REPRESENTATION_CONTEXT() REPRESENTATION_CONTEXT('2D SPACE',''
  ) );
#4827 = PCURVE('',#4828,#4835);
#4828 = SURFACE_OF_LINEAR_EXTRUSION('',#4829,#4833);
#4829 = B_SPLINE_CURVE_WITH_KNOTS('',2,(#4830,#4831,#4832),
  .UNSPECIFIED.,.F.,.F.,(3,3),(0.,1.),.PIECEWISE_BEZIER_KNOTS.);
#4830 = CARTESIAN_POINT('',(11.445305244825,-17.30399759928,3.4));
#4831 = CARTESIAN_POINT('',(11.581307848992,-17.30399759928,3.4));
#4832 = CARTESIAN_POINT('',(11.705311755242,-17.33399759928,3.4));
#4833 = VECTOR('',#4834,1.);
#4834 = DIRECTION('',(-0.,-0.,-1.));
#4835 = DEFINITIONAL_REPRESENTATION('',(#4836),#4842);
#4836 = B_SPLINE_CURVE_WITH_KNOTS('',4,(#4837,#4838,#4839,#4840,#4841),
  .UNSPECIFIED.,.F.,.F.,(5,5),(0.,1.),.PIECEWISE_BEZIER_KNOTS.);
#4837 = CARTESIAN_POINT('',(1.,-0.6));
#4838 = CARTESIAN_POINT('',(0.749561264984,-0.6));
#4839 = CARTESIAN_POINT('',(0.499306972488,-0.6));
#4840 = CARTESIAN_POINT('',(0.249401356495,-0.6));
#4841 = CARTESIAN_POINT('',(0.,-0.6));
#4842 = ( GEOMETRIC_REPRESENTATION_CONTEXT(2) 
PARAMETRIC_REPRESENTATION_CONTEXT() REPRESENTATION_CONTEXT('2D SPACE',''
  ) );
#4843 = ORIENTED_EDGE('',*,*,#4844,.F.);
#4844 = EDGE_CURVE('',#4845,#4809,#4847,.T.);
#4845 = VERTEX_POINT('',#4846);
#4846 = CARTESIAN_POINT('',(11.967310453159,-17.45800150553,4.));
#4847 = SURFACE_CURVE('',#4848,(#4855,#4865),.PCURVE_S1.);
#4848 = B_SPLINE_CURVE_WITH_KNOTS('',5,(#4849,#4850,#4851,#4852,#4853,
    #4854),.UNSPECIFIED.,.F.,.F.,(6,6),(0.,1.),
  .PIECEWISE_BEZIER_KNOTS.);
#4849 = CARTESIAN_POINT('',(11.967310453159,-17.45800150553,4.));
#4850 = CARTESIAN_POINT('',(11.912764760087,-17.42084424651,4.));
#4851 = CARTESIAN_POINT('',(11.859199435028,-17.38967417733,4.));
#4852 = CARTESIAN_POINT('',(11.806708355769,-17.36470570907,4.));
#4853 = CARTESIAN_POINT('',(11.755383735263,-17.34611140638,4.));
#4854 = CARTESIAN_POINT('',(11.705311755242,-17.33399759928,4.));
#4855 = PCURVE('',#2643,#4856);
#4856 = DEFINITIONAL_REPRESENTATION('',(#4857),#4864);
#4857 = B_SPLINE_CURVE_WITH_KNOTS('',5,(#4858,#4859,#4860,#4861,#4862,
    #4863),.UNSPECIFIED.,.F.,.F.,(6,6),(0.,1.),
  .PIECEWISE_BEZIER_KNOTS.);
#4858 = CARTESIAN_POINT('',(39.888683132851,-10.34963117512));
#4859 = CARTESIAN_POINT('',(39.830555848613,-10.31837236263));
#4860 = CARTESIAN_POINT('',(39.774028720858,-10.29296564917));
#4861 = CARTESIAN_POINT('',(39.719217501779,-10.27361447163));
#4862 = CARTESIAN_POINT('',(39.66623191847,-10.2604808231));
#4863 = CARTESIAN_POINT('',(39.615168783944,-10.25366145376));
#4864 = ( GEOMETRIC_REPRESENTATION_CONTEXT(2) 
PARAMETRIC_REPRESENTATION_CONTEXT() REPRESENTATION_CONTEXT('2D SPACE',''
  ) );
#4865 = PCURVE('',#4866,#4873);
#4866 = SURFACE_OF_LINEAR_EXTRUSION('',#4867,#4871);
#4867 = B_SPLINE_CURVE_WITH_KNOTS('',2,(#4868,#4869,#4870),
  .UNSPECIFIED.,.F.,.F.,(3,3),(0.,1.),.PIECEWISE_BEZIER_KNOTS.);
#4868 = CARTESIAN_POINT('',(11.705311755242,-17.33399759928,3.4));
#4869 = CARTESIAN_POINT('',(11.829315661492,-17.36399759928,3.4));
#4870 = CARTESIAN_POINT('',(11.967310453159,-17.45800150553,3.4));
#4871 = VECTOR('',#4872,1.);
#4872 = DIRECTION('',(-0.,-0.,-1.));
#4873 = DEFINITIONAL_REPRESENTATION('',(#4874),#4881);
#4874 = B_SPLINE_CURVE_WITH_KNOTS('',5,(#4875,#4876,#4877,#4878,#4879,
    #4880),.UNSPECIFIED.,.F.,.F.,(6,6),(0.,1.),
  .PIECEWISE_BEZIER_KNOTS.);
#4875 = CARTESIAN_POINT('',(1.,-0.6));
#4876 = CARTESIAN_POINT('',(0.80236321816,-0.6));
#4877 = CARTESIAN_POINT('',(0.603328359766,-0.6));
#4878 = CARTESIAN_POINT('',(0.403095553951,-0.6));
#4879 = CARTESIAN_POINT('',(0.201896785089,-0.6));
#4880 = CARTESIAN_POINT('',(0.,-0.6));
#4881 = ( GEOMETRIC_REPRESENTATION_CONTEXT(2) 
PARAMETRIC_REPRESENTATION_CONTEXT() REPRESENTATION_CONTEXT('2D SPACE',''
  ) );
#4882 = ORIENTED_EDGE('',*,*,#4883,.F.);
#4883 = EDGE_CURVE('',#4884,#4845,#4886,.T.);
#4884 = VERTEX_POINT('',#4885);
#4885 = CARTESIAN_POINT('',(12.207310453159,-17.70000020345,4.));
#4886 = SURFACE_CURVE('',#4887,(#4894,#4904),.PCURVE_S1.);
#4887 = B_SPLINE_CURVE_WITH_KNOTS('',5,(#4888,#4889,#4890,#4891,#4892,
    #4893),.UNSPECIFIED.,.F.,.F.,(6,6),(0.,1.),
  .PIECEWISE_BEZIER_KNOTS.);
#4888 = CARTESIAN_POINT('',(12.207310453159,-17.70000020345,4.));
#4889 = CARTESIAN_POINT('',(12.16671982724,-17.64110908088,4.));
#4890 = CARTESIAN_POINT('',(12.122412630448,-17.58733659964,4.));
#4891 = CARTESIAN_POINT('',(12.074382318795,-17.53883369422,4.));
#4892 = CARTESIAN_POINT('',(12.022658121547,-17.49570508091,4.));
#4893 = CARTESIAN_POINT('',(11.967310453159,-17.45800150553,4.));
#4894 = PCURVE('',#2643,#4895);
#4895 = DEFINITIONAL_REPRESENTATION('',(#4896),#4903);
#4896 = B_SPLINE_CURVE_WITH_KNOTS('',5,(#4897,#4898,#4899,#4900,#4901,
    #4902),.UNSPECIFIED.,.F.,.F.,(6,6),(0.,1.),
  .PIECEWISE_BEZIER_KNOTS.);
#4897 = CARTESIAN_POINT('',(40.152639355076,-10.56524769244));
#4898 = CARTESIAN_POINT('',(40.106121535676,-10.51091670949));
#4899 = CARTESIAN_POINT('',(40.056441919047,-10.46206445143));
#4900 = CARTESIAN_POINT('',(40.003609756663,-10.41884171101));
#4901 = CARTESIAN_POINT('',(39.947665051884,-10.38134958018));
#4902 = CARTESIAN_POINT('',(39.888683132851,-10.34963117512));
#4903 = ( GEOMETRIC_REPRESENTATION_CONTEXT(2) 
PARAMETRIC_REPRESENTATION_CONTEXT() REPRESENTATION_CONTEXT('2D SPACE',''
  ) );
#4904 = PCURVE('',#4905,#4912);
#4905 = SURFACE_OF_LINEAR_EXTRUSION('',#4906,#4910);
#4906 = B_SPLINE_CURVE_WITH_KNOTS('',2,(#4907,#4908,#4909),
  .UNSPECIFIED.,.F.,.F.,(3,3),(0.,1.),.PIECEWISE_BEZIER_KNOTS.);
#4907 = CARTESIAN_POINT('',(11.967310453159,-17.45800150553,3.4));
#4908 = CARTESIAN_POINT('',(12.105305244825,-17.55200541178,3.4));
#4909 = CARTESIAN_POINT('',(12.207310453159,-17.70000020345,3.4));
#4910 = VECTOR('',#4911,1.);
#4911 = DIRECTION('',(-0.,-0.,-1.));
#4912 = DEFINITIONAL_REPRESENTATION('',(#4913),#4920);
#4913 = B_SPLINE_CURVE_WITH_KNOTS('',5,(#4914,#4915,#4916,#4917,#4918,
    #4919),.UNSPECIFIED.,.F.,.F.,(6,6),(0.,1.),
  .PIECEWISE_BEZIER_KNOTS.);
#4914 = CARTESIAN_POINT('',(1.,-0.6));
#4915 = CARTESIAN_POINT('',(0.801036503027,-0.6));
#4916 = CARTESIAN_POINT('',(0.601314110151,-0.6));
#4917 = CARTESIAN_POINT('',(0.401067219117,-0.6));
#4918 = CARTESIAN_POINT('',(0.200542599181,-0.6));
#4919 = CARTESIAN_POINT('',(0.,-0.6));
#4920 = ( GEOMETRIC_REPRESENTATION_CONTEXT(2) 
PARAMETRIC_REPRESENTATION_CONTEXT() REPRESENTATION_CONTEXT('2D SPACE',''
  ) );
#4921 = ORIENTED_EDGE('',*,*,#4922,.F.);
#4922 = EDGE_CURVE('',#4923,#4884,#4925,.T.);
#4923 = VERTEX_POINT('',#4924);
#4924 = CARTESIAN_POINT('',(12.375311755242,-18.11199890136,4.));
#4925 = SURFACE_CURVE('',#4926,(#4933,#4943),.PCURVE_S1.);
#4926 = B_SPLINE_CURVE_WITH_KNOTS('',5,(#4927,#4928,#4929,#4930,#4931,
    #4932),.UNSPECIFIED.,.F.,.F.,(6,6),(0.,1.),
  .PIECEWISE_BEZIER_KNOTS.);
#4927 = CARTESIAN_POINT('',(12.375311755242,-18.11199890136,4.));
#4928 = CARTESIAN_POINT('',(12.349886876909,-18.01029186365,4.));
#4929 = CARTESIAN_POINT('',(12.32058686873,-17.91720777056,4.));
#4930 = CARTESIAN_POINT('',(12.287163667143,-17.83377231839,4.));
#4931 = CARTESIAN_POINT('',(12.249413841244,-17.76108612494,4.));
#4932 = CARTESIAN_POINT('',(12.207310453159,-17.70000020345,4.));
#4933 = PCURVE('',#2643,#4934);
#4934 = DEFINITIONAL_REPRESENTATION('',(#4935),#4942);
#4935 = B_SPLINE_CURVE_WITH_KNOTS('',5,(#4936,#4937,#4938,#4939,#4940,
    #4941),.UNSPECIFIED.,.F.,.F.,(6,6),(0.,1.),
  .PIECEWISE_BEZIER_KNOTS.);
#4936 = CARTESIAN_POINT('',(40.362740834282,-10.95745265546));
#4937 = CARTESIAN_POINT('',(40.32683527825,-10.8589562748));
#4938 = CARTESIAN_POINT('',(40.287976131515,-10.76944032325));
#4939 = CARTESIAN_POINT('',(40.246023783649,-10.68995079192));
#4940 = CARTESIAN_POINT('',(40.200890835775,-10.62160352358));
#4941 = CARTESIAN_POINT('',(40.152639355076,-10.56524769244));
#4942 = ( GEOMETRIC_REPRESENTATION_CONTEXT(2) 
PARAMETRIC_REPRESENTATION_CONTEXT() REPRESENTATION_CONTEXT('2D SPACE',''
  ) );
#4943 = PCURVE('',#4944,#4951);
#4944 = SURFACE_OF_LINEAR_EXTRUSION('',#4945,#4949);
#4945 = B_SPLINE_CURVE_WITH_KNOTS('',2,(#4946,#4947,#4948),
  .UNSPECIFIED.,.F.,.F.,(3,3),(0.,1.),.PIECEWISE_BEZIER_KNOTS.);
#4946 = CARTESIAN_POINT('',(12.207310453159,-17.70000020345,3.4));
#4947 = CARTESIAN_POINT('',(12.309315661492,-17.84799499511,3.4));
#4948 = CARTESIAN_POINT('',(12.375311755242,-18.11199890136,3.4));
#4949 = VECTOR('',#4950,1.);
#4950 = DIRECTION('',(-0.,-0.,-1.));
#4951 = DEFINITIONAL_REPRESENTATION('',(#4952),#4959);
#4952 = B_SPLINE_CURVE_WITH_KNOTS('',5,(#4953,#4954,#4955,#4956,#4957,
    #4958),.UNSPECIFIED.,.F.,.F.,(6,6),(0.,1.),
  .PIECEWISE_BEZIER_KNOTS.);
#4953 = CARTESIAN_POINT('',(1.,-0.6));
#4954 = CARTESIAN_POINT('',(0.807375884779,-0.6));
#4955 = CARTESIAN_POINT('',(0.610700955307,-0.6));
#4956 = CARTESIAN_POINT('',(0.410212842729,-0.6));
#4957 = CARTESIAN_POINT('',(0.206378619159,-0.6));
#4958 = CARTESIAN_POINT('',(0.,-0.6));
#4959 = ( GEOMETRIC_REPRESENTATION_CONTEXT(2) 
PARAMETRIC_REPRESENTATION_CONTEXT() REPRESENTATION_CONTEXT('2D SPACE',''
  ) );
#4960 = ORIENTED_EDGE('',*,*,#4961,.F.);
#4961 = EDGE_CURVE('',#3830,#4923,#4962,.T.);
#4962 = SURFACE_CURVE('',#4963,(#4970,#4980),.PCURVE_S1.);
#4963 = B_SPLINE_CURVE_WITH_KNOTS('',5,(#4964,#4965,#4966,#4967,#4968,
    #4969),.UNSPECIFIED.,.F.,.F.,(6,6),(0.,1.),
  .PIECEWISE_BEZIER_KNOTS.);
#4964 = CARTESIAN_POINT('',(12.441307848992,-18.72000020345,4.));
#4965 = CARTESIAN_POINT('',(12.441307848992,-18.58696986893,4.));
#4966 = CARTESIAN_POINT('',(12.435138985314,-18.45901397556,4.));
#4967 = CARTESIAN_POINT('',(12.422357021029,-18.33674239654,4.));
#4968 = CARTESIAN_POINT('',(12.402521761904,-18.22084698069,4.));
#4969 = CARTESIAN_POINT('',(12.375311755242,-18.11199890136,4.));
#4970 = PCURVE('',#2643,#4971);
#4971 = DEFINITIONAL_REPRESENTATION('',(#4972),#4979);
#4972 = B_SPLINE_CURVE_WITH_KNOTS('',5,(#4973,#4974,#4975,#4976,#4977,
    #4978),.UNSPECIFIED.,.F.,.F.,(6,6),(0.,1.),
  .PIECEWISE_BEZIER_KNOTS.);
#4973 = CARTESIAN_POINT('',(40.491860117945,-11.55523963952));
#4974 = CARTESIAN_POINT('',(40.477969870463,-11.42293646146));
#4975 = CARTESIAN_POINT('',(40.458474322288,-11.29632410373));
#4976 = CARTESIAN_POINT('',(40.432995344116,-11.17605549054));
#4977 = CARTESIAN_POINT('',(40.401167386653,-11.0628646515));
#4978 = CARTESIAN_POINT('',(40.362740834282,-10.95745265546));
#4979 = ( GEOMETRIC_REPRESENTATION_CONTEXT(2) 
PARAMETRIC_REPRESENTATION_CONTEXT() REPRESENTATION_CONTEXT('2D SPACE',''
  ) );
#4980 = PCURVE('',#4981,#4988);
#4981 = SURFACE_OF_LINEAR_EXTRUSION('',#4982,#4986);
#4982 = B_SPLINE_CURVE_WITH_KNOTS('',2,(#4983,#4984,#4985),
  .UNSPECIFIED.,.F.,.F.,(3,3),(0.,1.),.PIECEWISE_BEZIER_KNOTS.);
#4983 = CARTESIAN_POINT('',(12.375311755242,-18.11199890136,3.4));
#4984 = CARTESIAN_POINT('',(12.441307848992,-18.37600280761,3.4));
#4985 = CARTESIAN_POINT('',(12.441307848992,-18.72000020345,3.4));
#4986 = VECTOR('',#4987,1.);
#4987 = DIRECTION('',(-0.,-0.,-1.));
#4988 = DEFINITIONAL_REPRESENTATION('',(#4989),#4996);
#4989 = B_SPLINE_CURVE_WITH_KNOTS('',5,(#4990,#4991,#4992,#4993,#4994,
    #4995),.UNSPECIFIED.,.F.,.F.,(6,6),(0.,1.),
  .PIECEWISE_BEZIER_KNOTS.);
#4990 = CARTESIAN_POINT('',(1.,-0.6));
#4991 = CARTESIAN_POINT('',(0.806640491863,-0.6));
#4992 = CARTESIAN_POINT('',(0.609788510479,-0.6));
#4993 = CARTESIAN_POINT('',(0.409547859176,-0.6));
#4994 = CARTESIAN_POINT('',(0.206148615135,-0.6));
#4995 = CARTESIAN_POINT('',(0.,-0.6));
#4996 = ( GEOMETRIC_REPRESENTATION_CONTEXT(2) 
PARAMETRIC_REPRESENTATION_CONTEXT() REPRESENTATION_CONTEXT('2D SPACE',''
  ) );
#4997 = ADVANCED_FACE('',(#4998),#2589,.T.);
#4998 = FACE_BOUND('',#4999,.T.);
#4999 = EDGE_LOOP('',(#5000,#5035,#5056,#5057));
#5000 = ORIENTED_EDGE('',*,*,#5001,.F.);
#5001 = EDGE_CURVE('',#5002,#2939,#5004,.T.);
#5002 = VERTEX_POINT('',#5003);
#5003 = CARTESIAN_POINT('',(-21.20000022465,-3.125,0.));
#5004 = SURFACE_CURVE('',#5005,(#5013,#5024),.PCURVE_S1.);
#5005 = B_SPLINE_CURVE_WITH_KNOTS('',3,(#5006,#5007,#5008,#5009,#5010,
    #5011,#5012),.UNSPECIFIED.,.F.,.F.,(4,1,1,1,4),(0.,0.3,0.6,0.88,1.),
  .UNSPECIFIED.);
#5006 = CARTESIAN_POINT('',(-21.20000022465,-3.125,0.));
#5007 = CARTESIAN_POINT('',(-21.06226917933,-3.125,0.4));
#5008 = CARTESIAN_POINT('',(-20.7868070887,-3.125,1.2));
#5009 = CARTESIAN_POINT('',(-20.38279602244,-3.125,2.373333333333));
#5010 = CARTESIAN_POINT('',(-20.06142358337,-3.125,3.306666666667));
#5011 = CARTESIAN_POINT('',(-19.87778218962,-3.125,3.84));
#5012 = CARTESIAN_POINT('',(-19.82268977149,-3.125,4.));
#5013 = PCURVE('',#2589,#5014);
#5014 = DEFINITIONAL_REPRESENTATION('',(#5015),#5023);
#5015 = B_SPLINE_CURVE_WITH_KNOTS('',3,(#5016,#5017,#5018,#5019,#5020,
    #5021,#5022),.UNSPECIFIED.,.F.,.F.,(4,1,1,1,4),(0.,0.3,0.6,0.88,1.),
  .UNSPECIFIED.);
#5016 = CARTESIAN_POINT('',(100.,78.799999775347));
#5017 = CARTESIAN_POINT('',(100.4,78.937730820663));
#5018 = CARTESIAN_POINT('',(101.2,79.213192911294));
#5019 = CARTESIAN_POINT('',(102.37333333333,79.617203977554));
#5020 = CARTESIAN_POINT('',(103.30666666666,79.938576416625));
#5021 = CARTESIAN_POINT('',(103.84,80.122217810379));
#5022 = CARTESIAN_POINT('',(104.,80.177310228505));
#5023 = ( GEOMETRIC_REPRESENTATION_CONTEXT(2) 
PARAMETRIC_REPRESENTATION_CONTEXT() REPRESENTATION_CONTEXT('2D SPACE',''
  ) );
#5024 = PCURVE('',#3288,#5025);
#5025 = DEFINITIONAL_REPRESENTATION('',(#5026),#5034);
#5026 = B_SPLINE_CURVE_WITH_KNOTS('',3,(#5027,#5028,#5029,#5030,#5031,
    #5032,#5033),.UNSPECIFIED.,.F.,.F.,(4,1,1,1,4),(0.,0.3,0.6,0.88,1.),
  .UNSPECIFIED.);
#5027 = CARTESIAN_POINT('',(20.685209948898,0.25));
#5028 = CARTESIAN_POINT('',(20.685209948898,0.255));
#5029 = CARTESIAN_POINT('',(20.685209948898,0.265));
#5030 = CARTESIAN_POINT('',(20.685209948898,0.279666666667));
#5031 = CARTESIAN_POINT('',(20.685209948898,0.291333333333));
#5032 = CARTESIAN_POINT('',(20.685209948898,0.298));
#5033 = CARTESIAN_POINT('',(20.685209948898,0.3));
#5034 = ( GEOMETRIC_REPRESENTATION_CONTEXT(2) 
PARAMETRIC_REPRESENTATION_CONTEXT() REPRESENTATION_CONTEXT('2D SPACE',''
  ) );
#5035 = ORIENTED_EDGE('',*,*,#5036,.T.);
#5036 = EDGE_CURVE('',#5002,#2490,#5037,.T.);
#5037 = SURFACE_CURVE('',#5038,(#5042,#5049),.PCURVE_S1.);
#5038 = LINE('',#5039,#5040);
#5039 = CARTESIAN_POINT('',(-64.,-3.125,0.));
#5040 = VECTOR('',#5041,1.);
#5041 = DIRECTION('',(-1.,0.,-0.));
#5042 = PCURVE('',#2589,#5043);
#5043 = DEFINITIONAL_REPRESENTATION('',(#5044),#5048);
#5044 = LINE('',#5045,#5046);
#5045 = CARTESIAN_POINT('',(100.,36.));
#5046 = VECTOR('',#5047,1.);
#5047 = DIRECTION('',(0.,-1.));
#5048 = ( GEOMETRIC_REPRESENTATION_CONTEXT(2) 
PARAMETRIC_REPRESENTATION_CONTEXT() REPRESENTATION_CONTEXT('2D SPACE',''
  ) );
#5049 = PCURVE('',#2531,#5050);
#5050 = DEFINITIONAL_REPRESENTATION('',(#5051),#5055);
#5051 = LINE('',#5052,#5053);
#5052 = CARTESIAN_POINT('',(-35.79016881194,-3.88322564534));
#5053 = VECTOR('',#5054,1.);
#5054 = DIRECTION('',(-0.994533904972,-0.104414136312));
#5055 = ( GEOMETRIC_REPRESENTATION_CONTEXT(2) 
PARAMETRIC_REPRESENTATION_CONTEXT() REPRESENTATION_CONTEXT('2D SPACE',''
  ) );
#5056 = ORIENTED_EDGE('',*,*,#2569,.T.);
#5057 = ORIENTED_EDGE('',*,*,#3497,.F.);
#5058 = ADVANCED_FACE('',(#5059,#5719),#2531,.F.);
#5059 = FACE_BOUND('',#5060,.F.);
#5060 = EDGE_LOOP('',(#5061,#5062,#5063,#5173,#5196,#5718));
#5061 = ORIENTED_EDGE('',*,*,#2489,.F.);
#5062 = ORIENTED_EDGE('',*,*,#2685,.T.);
#5063 = ORIENTED_EDGE('',*,*,#5064,.T.);
#5064 = EDGE_CURVE('',#2686,#5065,#5067,.T.);
#5065 = VERTEX_POINT('',#5066);
#5066 = CARTESIAN_POINT('',(-10.5,-12.92736119146,-1.33226762955E-15));
#5067 = SURFACE_CURVE('',#5068,(#5101,#5137),.PCURVE_S1.);
#5068 = B_SPLINE_CURVE_WITH_KNOTS('',6,(#5069,#5070,#5071,#5072,#5073,
    #5074,#5075,#5076,#5077,#5078,#5079,#5080,#5081,#5082,#5083,#5084,
    #5085,#5086,#5087,#5088,#5089,#5090,#5091,#5092,#5093,#5094,#5095,
    #5096,#5097,#5098,#5099,#5100),.UNSPECIFIED.,.F.,.F.,(7,5,5,5,5,5,7)
  ,(0.,4.400182187263E-02,0.158006138257,0.334009774847,0.530011668299,
    0.776002759409,1.),.UNSPECIFIED.);
#5069 = CARTESIAN_POINT('',(14.45,-3.000000000001,0.));
#5070 = CARTESIAN_POINT('',(14.45,-3.252647837889,0.));
#5071 = CARTESIAN_POINT('',(14.444699160035,-3.505295752197,0.));
#5072 = CARTESIAN_POINT('',(14.434097483735,-3.757804555223,0.));
#5073 = CARTESIAN_POINT('',(14.418199830489,-4.01003531419,0.));
#5074 = CARTESIAN_POINT('',(14.397015915447,-4.261849351246,0.));
#5075 = CARTESIAN_POINT('',(14.30201648247,-5.164094885012,0.));
#5076 = CARTESIAN_POINT('',(14.198083548493,-5.811363845021,0.));
#5077 = CARTESIAN_POINT('',(14.059017634626,-6.45249240128,0.));
#5078 = CARTESIAN_POINT('',(13.885288282217,-7.085108608957,0.));
#5079 = CARTESIAN_POINT('',(13.677578067785,-7.706892838516,0.));
#5080 = CARTESIAN_POINT('',(13.065033630976,-9.255289638341,0.));
#5081 = CARTESIAN_POINT('',(12.614393675107,-10.16387292342,0.));
#5082 = CARTESIAN_POINT('',(12.088175951151,-11.03288980814,0.));
#5083 = CARTESIAN_POINT('',(11.490835044181,-11.85464359068,0.));
#5084 = CARTESIAN_POINT('',(10.827741277094,-12.62204610038,0.));
#5085 = CARTESIAN_POINT('',(9.300965635529,-14.11580198445,0.));
#5086 = CARTESIAN_POINT('',(8.422891630722,-14.8277413732,0.));
#5087 = CARTESIAN_POINT('',(7.480129891255,-15.45576372811,0.));
#5088 = CARTESIAN_POINT('',(6.482762588722,-15.99285798429,0.));
#5089 = CARTESIAN_POINT('',(5.441716098612,-16.43341882756,0.));
#5090 = CARTESIAN_POINT('',(3.022678588372,-17.2007340738,0.));
#5091 = CARTESIAN_POINT('',(1.625888248938,-17.46998866953,0.));
#5092 = CARTESIAN_POINT('',(0.202596003094,-17.57367038831,0.));
#5093 = CARTESIAN_POINT('',(-1.223028348218,-17.50959290861,0.));
#5094 = CARTESIAN_POINT('',(-2.626763570316,-17.27926984058,0.));
#5095 = CARTESIAN_POINT('',(-5.220706794655,-16.53517166238,0.));
#5096 = CARTESIAN_POINT('',(-6.419350113831,-16.04841920463,0.));
#5097 = CARTESIAN_POINT('',(-7.562155897165,-15.43467465282,0.));
#5098 = CARTESIAN_POINT('',(-8.632815809723,-14.70229852991,0.));
#5099 = CARTESIAN_POINT('',(-9.616404350286,-13.86192519335,0.));
#5100 = CARTESIAN_POINT('',(-10.50000000141,-12.92736118997,0.));
#5101 = PCURVE('',#2531,#5102);
#5102 = DEFINITIONAL_REPRESENTATION('',(#5103),#5136);
#5103 = B_SPLINE_CURVE_WITH_KNOTS('',6,(#5104,#5105,#5106,#5107,#5108,
    #5109,#5110,#5111,#5112,#5113,#5114,#5115,#5116,#5117,#5118,#5119,
    #5120,#5121,#5122,#5123,#5124,#5125,#5126,#5127,#5128,#5129,#5130,
    #5131,#5132,#5133,#5134,#5135),.UNSPECIFIED.,.F.,.F.,(7,5,5,5,5,5,7)
  ,(0.,4.400182187263E-02,0.158006138257,0.334009774847,0.530011668299,
    0.776002759409,1.),.UNSPECIFIED.);
#5104 = CARTESIAN_POINT('',(42.21796426605,4.432380086428));
#5105 = CARTESIAN_POINT('',(42.244344271834,4.181113245631));
#5106 = CARTESIAN_POINT('',(42.265452420527,3.929292846204));
#5107 = CARTESIAN_POINT('',(42.281274182576,3.677057315416));
#5108 = CARTESIAN_POINT('',(42.291799884262,3.424545334014));
#5109 = CARTESIAN_POINT('',(42.297024707703,3.171895836221));
#5110 = CARTESIAN_POINT('',(42.296751738804,2.264662778537));
#5111 = CARTESIAN_POINT('',(42.260970941541,1.610079784636));
#5112 = CARTESIAN_POINT('',(42.189608059641,0.957935250704));
#5113 = CARTESIAN_POINT('',(42.082882403323,0.310637183052));
#5114 = CARTESIAN_POINT('',(41.941230615963,-0.329436197465));
#5115 = CARTESIAN_POINT('',(41.493708919776,-1.933327611562));
#5116 = CARTESIAN_POINT('',(41.140401143708,-2.883997675844));
#5117 = CARTESIAN_POINT('',(40.707797423295,-3.803209000855));
#5118 = CARTESIAN_POINT('',(40.199524349952,-4.682841834014));
#5119 = CARTESIAN_POINT('',(39.620182786662,-5.515286011657));
#5120 = CARTESIAN_POINT('',(38.257721876336,-7.160293844067));
#5121 = CARTESIAN_POINT('',(37.458784043864,-7.960025043298));
#5122 = CARTESIAN_POINT('',(36.586749941426,-8.683052221106));
#5123 = CARTESIAN_POINT('',(35.650914576224,-9.321349914521));
#5124 = CARTESIAN_POINT('',(34.6615593251,-9.868202580478));
#5125 = CARTESIAN_POINT('',(32.335863062484,-10.88390532101));
#5126 = CARTESIAN_POINT('',(30.974821697841,-11.29753280243));
#5127 = CARTESIAN_POINT('',(29.570135139783,-11.54925961765));
#5128 = CARTESIAN_POINT('',(28.14561279195,-11.63438772689));
#5129 = CARTESIAN_POINT('',(26.72550153575,-11.55189342746));
#5130 = CARTESIAN_POINT('',(24.068042682965,-11.08270690202));
#5131 = CARTESIAN_POINT('',(22.825127424603,-10.72377038639));
#5132 = CARTESIAN_POINT('',(21.624484718987,-10.23270569946));
#5133 = CARTESIAN_POINT('',(20.483206714925,-9.616124844087));
#5134 = CARTESIAN_POINT('',(19.417247706677,-8.883045615994));
#5135 = CARTESIAN_POINT('',(18.440900180107,-8.04584990502));
#5136 = ( GEOMETRIC_REPRESENTATION_CONTEXT(2) 
PARAMETRIC_REPRESENTATION_CONTEXT() REPRESENTATION_CONTEXT('2D SPACE',''
  ) );
#5137 = PCURVE('',#2732,#5138);
#5138 = DEFINITIONAL_REPRESENTATION('',(#5139),#5172);
#5139 = B_SPLINE_CURVE_WITH_KNOTS('',6,(#5140,#5141,#5142,#5143,#5144,
    #5145,#5146,#5147,#5148,#5149,#5150,#5151,#5152,#5153,#5154,#5155,
    #5156,#5157,#5158,#5159,#5160,#5161,#5162,#5163,#5164,#5165,#5166,
    #5167,#5168,#5169,#5170,#5171),.UNSPECIFIED.,.F.,.F.,(7,5,5,5,5,5,7)
  ,(0.,4.400182187263E-02,0.158006138257,0.334009774847,0.530011668299,
    0.776002759409,1.),.UNSPECIFIED.);
#5140 = CARTESIAN_POINT('',(6.28318530718,0.25));
#5141 = CARTESIAN_POINT('',(6.265701027741,0.25));
#5142 = CARTESIAN_POINT('',(6.248216746819,0.25));
#5143 = CARTESIAN_POINT('',(6.230732465144,0.25));
#5144 = CARTESIAN_POINT('',(6.213248183491,0.25));
#5145 = CARTESIAN_POINT('',(6.195763902678,0.25));
#5146 = CARTESIAN_POINT('',(6.132979606365,0.25));
#5147 = CARTESIAN_POINT('',(6.087678999856,0.25));
#5148 = CARTESIAN_POINT('',(6.042379080546,0.25));
#5149 = CARTESIAN_POINT('',(5.997079160766,0.25));
#5150 = CARTESIAN_POINT('',(5.951778552997,0.25));
#5151 = CARTESIAN_POINT('',(5.836542865992,0.25));
#5152 = CARTESIAN_POINT('',(5.766601956668,0.25));
#5153 = CARTESIAN_POINT('',(5.696667165081,0.25));
#5154 = CARTESIAN_POINT('',(5.626732374079,0.25));
#5155 = CARTESIAN_POINT('',(5.556791466284,0.25));
#5156 = CARTESIAN_POINT('',(5.408973755228,0.25));
#5157 = CARTESIAN_POINT('',(5.331082785874,0.25));
#5158 = CARTESIAN_POINT('',(5.253202232542,0.25));
#5159 = CARTESIAN_POINT('',(5.175321678929,0.25));
#5160 = CARTESIAN_POINT('',(5.097430708912,0.25));
#5161 = CARTESIAN_POINT('',(4.921803233981,0.25));
#5162 = CARTESIAN_POINT('',(4.824030438996,0.25));
#5163 = CARTESIAN_POINT('',(4.726289593588,0.25));
#5164 = CARTESIAN_POINT('',(4.628548748188,0.25));
#5165 = CARTESIAN_POINT('',(4.530775953171,0.25));
#5166 = CARTESIAN_POINT('',(4.344024427986,0.25));
#5167 = CARTESIAN_POINT('',(4.255001082559,0.25));
#5168 = CARTESIAN_POINT('',(4.165997873552,0.25));
#5169 = CARTESIAN_POINT('',(4.076994664761,0.25));
#5170 = CARTESIAN_POINT('',(3.987971319871,0.25));
#5171 = CARTESIAN_POINT('',(3.898965225051,0.25));
#5172 = ( GEOMETRIC_REPRESENTATION_CONTEXT(2) 
PARAMETRIC_REPRESENTATION_CONTEXT() REPRESENTATION_CONTEXT('2D SPACE',''
  ) );
#5173 = ORIENTED_EDGE('',*,*,#5174,.F.);
#5174 = EDGE_CURVE('',#5175,#5065,#5177,.T.);
#5175 = VERTEX_POINT('',#5176);
#5176 = CARTESIAN_POINT('',(-10.5,-13.1,0.));
#5177 = SURFACE_CURVE('',#5178,(#5182,#5189),.PCURVE_S1.);
#5178 = LINE('',#5179,#5180);
#5179 = CARTESIAN_POINT('',(-10.5,-8.05,-7.105427357601E-15));
#5180 = VECTOR('',#5181,1.);
#5181 = DIRECTION('',(-0.,1.,-0.));
#5182 = PCURVE('',#2531,#5183);
#5183 = DEFINITIONAL_REPRESENTATION('',(#5184),#5188);
#5184 = LINE('',#5185,#5186);
#5185 = CARTESIAN_POINT('',(17.931634725379,-3.195148834654));
#5186 = VECTOR('',#5187,1.);
#5187 = DIRECTION('',(-0.104414136312,0.994533904972));
#5188 = ( GEOMETRIC_REPRESENTATION_CONTEXT(2) 
PARAMETRIC_REPRESENTATION_CONTEXT() REPRESENTATION_CONTEXT('2D SPACE',''
  ) );
#5189 = PCURVE('',#2926,#5190);
#5190 = DEFINITIONAL_REPRESENTATION('',(#5191),#5195);
#5191 = LINE('',#5192,#5193);
#5192 = CARTESIAN_POINT('',(5.05,-63.4572408712));
#5193 = VECTOR('',#5194,1.);
#5194 = DIRECTION('',(1.,0.));
#5195 = ( GEOMETRIC_REPRESENTATION_CONTEXT(2) 
PARAMETRIC_REPRESENTATION_CONTEXT() REPRESENTATION_CONTEXT('2D SPACE',''
  ) );
#5196 = ORIENTED_EDGE('',*,*,#5197,.T.);
#5197 = EDGE_CURVE('',#5175,#5002,#5198,.T.);
#5198 = SURFACE_CURVE('',#5199,(#5370,#5544),.PCURVE_S1.);
#5199 = B_SPLINE_CURVE_WITH_KNOTS('',8,(#5200,#5201,#5202,#5203,#5204,
    #5205,#5206,#5207,#5208,#5209,#5210,#5211,#5212,#5213,#5214,#5215,
    #5216,#5217,#5218,#5219,#5220,#5221,#5222,#5223,#5224,#5225,#5226,
    #5227,#5228,#5229,#5230,#5231,#5232,#5233,#5234,#5235,#5236,#5237,
    #5238,#5239,#5240,#5241,#5242,#5243,#5244,#5245,#5246,#5247,#5248,
    #5249,#5250,#5251,#5252,#5253,#5254,#5255,#5256,#5257,#5258,#5259,
    #5260,#5261,#5262,#5263,#5264,#5265,#5266,#5267,#5268,#5269,#5270,
    #5271,#5272,#5273,#5274,#5275,#5276,#5277,#5278,#5279,#5280,#5281,
    #5282,#5283,#5284,#5285,#5286,#5287,#5288,#5289,#5290,#5291,#5292,
    #5293,#5294,#5295,#5296,#5297,#5298,#5299,#5300,#5301,#5302,#5303,
    #5304,#5305,#5306,#5307,#5308,#5309,#5310,#5311,#5312,#5313,#5314,
    #5315,#5316,#5317,#5318,#5319,#5320,#5321,#5322,#5323,#5324,#5325,
    #5326,#5327,#5328,#5329,#5330,#5331,#5332,#5333,#5334,#5335,#5336,
    #5337,#5338,#5339,#5340,#5341,#5342,#5343,#5344,#5345,#5346,#5347,
    #5348,#5349,#5350,#5351,#5352,#5353,#5354,#5355,#5356,#5357,#5358,
    #5359,#5360,#5361,#5362,#5363,#5364,#5365,#5366,#5367,#5368,#5369),
  .UNSPECIFIED.,.F.,.F.,(9,7,7,7,7,7,7,7,7,7,7,7,7,7,7,7,7,7,7,7,7,7,7,7
    ,9),(0.,3.414385910239E-02,7.916187991202E-02,0.113182164081,
    0.131686305989,0.150190448133,0.187321337091,0.228273000253,
    0.242686617287,0.258701749815,0.314195879468,0.324515677563,
    0.360955099777,0.38813607568,0.409131242005,0.425025360443,
    0.471462425505,0.506611922323,0.523428205895,0.541773458788,
    0.609267462464,0.643079238235,0.777935508076,0.911730676985,1.),
  .UNSPECIFIED.);
#5200 = CARTESIAN_POINT('',(-10.5,-13.1,0.));
#5201 = CARTESIAN_POINT('',(-10.61252936617,-13.11201732152,0.));
#5202 = CARTESIAN_POINT('',(-10.72507583894,-13.12442303602,0.));
#5203 = CARTESIAN_POINT('',(-10.83763498566,-13.13717238927,0.));
#5204 = CARTESIAN_POINT('',(-10.95020259854,-13.15022086739,0.));
#5205 = CARTESIAN_POINT('',(-11.06277469462,-13.1635241969,0.));
#5206 = CARTESIAN_POINT('',(-11.17534751585,-13.17703834467,0.));
#5207 = CARTESIAN_POINT('',(-11.28791752899,-13.19071951794,0.));
#5208 = CARTESIAN_POINT('',(-11.54889475614,-13.22272532483,0.));
#5209 = CARTESIAN_POINT('',(-11.69729695699,-13.24114095743,0.));
#5210 = CARTESIAN_POINT('',(-11.84568061659,-13.25967096272,0.));
#5211 = CARTESIAN_POINT('',(-11.99403818224,-13.27821547341,0.));
#5212 = CARTESIAN_POINT('',(-12.14236193874,-13.29667457233,0.));
#5213 = CARTESIAN_POINT('',(-12.290643987,-13.31494801035,0.));
#5214 = CARTESIAN_POINT('',(-12.43887622257,-13.3329349243,0.));
#5215 = CARTESIAN_POINT('',(-12.69902602128,-13.363832905,0.));
#5216 = CARTESIAN_POINT('',(-12.81096823708,-13.37691041705,0.));
#5217 = CARTESIAN_POINT('',(-12.92287330451,-13.3897222898,0.));
#5218 = CARTESIAN_POINT('',(-13.03473721355,-13.40222427455,0.));
#5219 = CARTESIAN_POINT('',(-13.14655560137,-13.41437167516,0.));
#5220 = CARTESIAN_POINT('',(-13.25832375233,-13.4261193481,0.));
#5221 = CARTESIAN_POINT('',(-13.37003659796,-13.43742170246,0.));
#5222 = CARTESIAN_POINT('',(-13.54241797613,-13.45411296327,0.));
#5223 = CARTESIAN_POINT('',(-13.60309682017,-13.45984174451,0.));
#5224 = CARTESIAN_POINT('',(-13.66372952614,-13.4654304507,0.));
#5225 = CARTESIAN_POINT('',(-13.72432250821,-13.47092574904,0.));
#5226 = CARTESIAN_POINT('',(-13.78487938293,-13.47632771828,0.));
#5227 = CARTESIAN_POINT('',(-13.84540634143,-13.4816800059,0.));
#5228 = CARTESIAN_POINT('',(-13.90590794377,-13.48699765156,0.));
#5229 = CARTESIAN_POINT('',(-14.02687092042,-13.49761903573,0.));
#5230 = CARTESIAN_POINT('',(-14.08733227611,-13.50292235251,0.));
#5231 = CARTESIAN_POINT('',(-14.14777858989,-13.50824300278,0.));
#5232 = CARTESIAN_POINT('',(-14.20821495286,-13.51360569535,0.));
#5233 = CARTESIAN_POINT('',(-14.26864645613,-13.51903513902,0.));
#5234 = CARTESIAN_POINT('',(-14.3290781908,-13.52455604262,0.));
#5235 = CARTESIAN_POINT('',(-14.38951524798,-13.53019311494,0.));
#5236 = CARTESIAN_POINT('',(-14.57125817293,-13.54756524807,0.));
#5237 = CARTESIAN_POINT('',(-14.69254747347,-13.55972213274,0.));
#5238 = CARTESIAN_POINT('',(-14.81384270036,-13.57263764605,0.));
#5239 = CARTESIAN_POINT('',(-14.93515225205,-13.58650624424,0.));
#5240 = CARTESIAN_POINT('',(-15.05648078419,-13.60151942989,0.));
#5241 = CARTESIAN_POINT('',(-15.17782914829,-13.61786426921,0.));
#5242 = CARTESIAN_POINT('',(-15.2991943304,-13.63572190933,0.));
#5243 = CARTESIAN_POINT('',(-15.55443396148,-13.67682138176,0.));
#5244 = CARTESIAN_POINT('',(-15.6883094313,-13.70042794582,0.));
#5245 = CARTESIAN_POINT('',(-15.82218424219,-13.72631822218,0.));
#5246 = CARTESIAN_POINT('',(-15.95603853905,-13.75471289521,0.));
#5247 = CARTESIAN_POINT('',(-16.08984419041,-13.78581745482,0.));
#5248 = CARTESIAN_POINT('',(-16.22356481007,-13.81981875203,0.));
#5249 = CARTESIAN_POINT('',(-16.35715577878,-13.85688155447,0.));
#5250 = CARTESIAN_POINT('',(-16.5375195955,-13.91131652525,0.));
#5251 = CARTESIAN_POINT('',(-16.58455437842,-13.92592228524,0.));
#5252 = CARTESIAN_POINT('',(-16.63165751404,-13.94091442583,0.));
#5253 = CARTESIAN_POINT('',(-16.67881792602,-13.95624372431,0.));
#5254 = CARTESIAN_POINT('',(-16.72602454927,-13.97186023257,0.));
#5255 = CARTESIAN_POINT('',(-16.77326631698,-13.98771381846,0.));
#5256 = CARTESIAN_POINT('',(-16.82053214763,-14.00375470701,0.));
#5257 = CARTESIAN_POINT('',(-16.92034292278,-14.03791104103,0.));
#5258 = CARTESIAN_POINT('',(-16.97289093201,-14.05605860313,0.));
#5259 = CARTESIAN_POINT('',(-17.02543976319,-14.0743086658,0.));
#5260 = CARTESIAN_POINT('',(-17.07797421984,-14.09259318673,0.));
#5261 = CARTESIAN_POINT('',(-17.13047910548,-14.1108441236,0.));
#5262 = CARTESIAN_POINT('',(-17.18293922362,-14.1289934341,0.));
#5263 = CARTESIAN_POINT('',(-17.23533937779,-14.14697307591,0.));
#5264 = CARTESIAN_POINT('',(-17.46897601408,-14.22619267529,0.));
#5265 = CARTESIAN_POINT('',(-17.64987508382,-14.28498233114,0.));
#5266 = CARTESIAN_POINT('',(-17.83104613916,-14.33867492067,0.));
#5267 = CARTESIAN_POINT('',(-18.01263176091,-14.3845161822,0.));
#5268 = CARTESIAN_POINT('',(-18.1942407399,-14.41905829286,0.));
#5269 = CARTESIAN_POINT('',(-18.37496343178,-14.4381686133,0.));
#5270 = CARTESIAN_POINT('',(-18.55338628462,-14.43711629271,0.));
#5271 = CARTESIAN_POINT('',(-18.76005116671,-14.40690884276,0.));
#5272 = CARTESIAN_POINT('',(-18.79226199762,-14.40134770621,0.));
#5273 = CARTESIAN_POINT('',(-18.82426946391,-14.39491901216,0.));
#5274 = CARTESIAN_POINT('',(-18.85606671383,-14.38759179254,0.));
#5275 = CARTESIAN_POINT('',(-18.88764863874,-14.37934714026,0.));
#5276 = CARTESIAN_POINT('',(-18.91901187317,-14.37017820925,0.));
#5277 = CARTESIAN_POINT('',(-18.95015479477,-14.36009021446,0.));
#5278 = CARTESIAN_POINT('',(-19.09026632713,-14.31029528015,0.));
#5279 = CARTESIAN_POINT('',(-19.19613024614,-14.26053943579,0.));
#5280 = CARTESIAN_POINT('',(-19.29830582462,-14.20098770945,0.));
#5281 = CARTESIAN_POINT('',(-19.39661270293,-14.13289282752,0.));
#5282 = CARTESIAN_POINT('',(-19.49099571474,-14.05744877754,0.));
#5283 = CARTESIAN_POINT('',(-19.58149208856,-13.97571471849,0.));
#5284 = CARTESIAN_POINT('',(-19.66821085053,-13.88858294797,0.));
#5285 = CARTESIAN_POINT('',(-19.81329816707,-13.72825747479,0.));
#5286 = CARTESIAN_POINT('',(-19.87325434092,-13.65716673197,0.));
#5287 = CARTESIAN_POINT('',(-19.93123623173,-13.58378847428,0.));
#5288 = CARTESIAN_POINT('',(-19.98729621279,-13.50839766732,0.));
#5289 = CARTESIAN_POINT('',(-20.04148280801,-13.43124051053,0.));
#5290 = CARTESIAN_POINT('',(-20.09384065458,-13.35253698966,0.));
#5291 = CARTESIAN_POINT('',(-20.14441046564,-13.27248342937,0.));
#5292 = CARTESIAN_POINT('',(-20.23093746608,-13.1285125073,0.));
#5293 = CARTESIAN_POINT('',(-20.26759857104,-13.06507308509,0.));
#5294 = CARTESIAN_POINT('',(-20.30322779351,-13.00101989672,0.));
#5295 = CARTESIAN_POINT('',(-20.3378373585,-12.93643198199,0.));
#5296 = CARTESIAN_POINT('',(-20.37143619584,-12.87138518982,0.));
#5297 = CARTESIAN_POINT('',(-20.40402990569,-12.80595306528,0.));
#5298 = CARTESIAN_POINT('',(-20.43562072411,-12.74020773645,0.));
#5299 = CARTESIAN_POINT('',(-20.48936280191,-12.62426624793,0.));
#5300 = CARTESIAN_POINT('',(-20.51194306988,-12.57417116727,0.));
#5301 = CARTESIAN_POINT('',(-20.53394338392,-12.52398589148,0.));
#5302 = CARTESIAN_POINT('',(-20.55536809563,-12.4737081401,0.));
#5303 = CARTESIAN_POINT('',(-20.57622337606,-12.42332901287,0.));
#5304 = CARTESIAN_POINT('',(-20.59651381835,-12.37285377315,0.));
#5305 = CARTESIAN_POINT('',(-20.61624308357,-12.32229742226,0.));
#5306 = CARTESIAN_POINT('',(-20.69144272453,-12.12369577592,0.));
#5307 = CARTESIAN_POINT('',(-20.7427382145,-11.97501764082,0.));
#5308 = CARTESIAN_POINT('',(-20.78945588124,-11.82571495552,0.));
#5309 = CARTESIAN_POINT('',(-20.83179679426,-11.67587058813,0.));
#5310 = CARTESIAN_POINT('',(-20.87000455729,-11.52555562907,0.));
#5311 = CARTESIAN_POINT('',(-20.90435759436,-11.37482904149,0.));
#5312 = CARTESIAN_POINT('',(-20.93516143608,-11.22373731166,0.));
#5313 = CARTESIAN_POINT('',(-20.98361674349,-10.95769768891,0.));
#5314 = CARTESIAN_POINT('',(-21.00264519099,-10.84289098003,0.));
#5315 = CARTESIAN_POINT('',(-21.01996775524,-10.72790665455,0.));
#5316 = CARTESIAN_POINT('',(-21.0357317076,-10.61275393977,0.));
#5317 = CARTESIAN_POINT('',(-21.05008881607,-10.49743859704,0.));
#5318 = CARTESIAN_POINT('',(-21.0631939777,-10.38196291023,0.));
#5319 = CARTESIAN_POINT('',(-21.07520385094,-10.26632567417,0.));
#5320 = CARTESIAN_POINT('',(-21.09157239988,-10.09511927493,0.));
#5321 = CARTESIAN_POINT('',(-21.09665694095,-10.03966092796,0.));
#5322 = CARTESIAN_POINT('',(-21.10153960972,-9.984144669552,0.));
#5323 = CARTESIAN_POINT('',(-21.10626053173,-9.928564823717,0.));
#5324 = CARTESIAN_POINT('',(-21.11081176036,-9.872923732779,0.));
#5325 = CARTESIAN_POINT('',(-21.11517932655,-9.817225486559,0.));
#5326 = CARTESIAN_POINT('',(-21.11938804713,-9.761469351216,0.));
#5327 = CARTESIAN_POINT('',(-21.12784384936,-9.644776541282,0.));
#5328 = CARTESIAN_POINT('',(-21.1320617818,-9.583827688885,0.));
#5329 = CARTESIAN_POINT('',(-21.13609086938,-9.522815658962,0.));
#5330 = CARTESIAN_POINT('',(-21.13993608257,-9.461742577928,0.));
#5331 = CARTESIAN_POINT('',(-21.14360239182,-9.400610572202,0.));
#5332 = CARTESIAN_POINT('',(-21.14709476762,-9.339421768201,0.));
#5333 = CARTESIAN_POINT('',(-21.15041818041,-9.278178292343,0.));
#5334 = CARTESIAN_POINT('',(-21.16520142096,-8.991368133354,0.));
#5335 = CARTESIAN_POINT('',(-21.17459009784,-8.765440459386,0.));
#5336 = CARTESIAN_POINT('',(-21.182003394,-8.53917206729,0.));
#5337 = CARTESIAN_POINT('',(-21.18769626281,-8.312631149854,0.));
#5338 = CARTESIAN_POINT('',(-21.19191968899,-8.085881474235,0.));
#5339 = CARTESIAN_POINT('',(-21.19492152923,-7.858982581685,0.));
#5340 = CARTESIAN_POINT('',(-21.19694735286,-7.631989987282,0.));
#5341 = CARTESIAN_POINT('',(-21.19888948902,-7.29122019094,0.));
#5342 = CARTESIAN_POINT('',(-21.1993540551,-7.17747489597,0.));
#5343 = CARTESIAN_POINT('',(-21.1996656239,-7.063726196808,0.));
#5344 = CARTESIAN_POINT('',(-21.19985482759,-6.949980752193,0.));
#5345 = CARTESIAN_POINT('',(-21.19995228735,-6.836245177541,0.));
#5346 = CARTESIAN_POINT('',(-21.19998861332,-6.722526044945,0.));
#5347 = CARTESIAN_POINT('',(-21.19999440463,-6.608829883177,0.));
#5348 = CARTESIAN_POINT('',(-21.20002356087,-6.041810239016,0.));
#5349 = CARTESIAN_POINT('',(-21.20003317173,-5.588922963831,0.));
#5350 = CARTESIAN_POINT('',(-21.20003242893,-5.136423291734,0.));
#5351 = CARTESIAN_POINT('',(-21.20002492661,-4.684231820564,0.));
#5352 = CARTESIAN_POINT('',(-21.20001436973,-4.232268107618,0.));
#5353 = CARTESIAN_POINT('',(-21.20000443759,-3.780450970879,0.));
#5354 = CARTESIAN_POINT('',(-21.19999864741,-3.328698790231,0.));
#5355 = CARTESIAN_POINT('',(-21.20000177601,-2.428715519037,0.));
#5356 = CARTESIAN_POINT('',(-21.20000424663,-1.704088153946,0.));
#5357 = CARTESIAN_POINT('',(-21.20006276795,-0.963392965281,0.));
#5358 = CARTESIAN_POINT('',(-21.19999759187,-0.374996440627,0.));
#5359 = CARTESIAN_POINT('',(-21.20006515727,-1.36912135691E-02,0.));
#5360 = CARTESIAN_POINT('',(-21.19998227989,0.151033768777,0.));
#5361 = CARTESIAN_POINT('',(-21.20002566597,0.261170927864,0.));
#5362 = CARTESIAN_POINT('',(-21.1999743118,0.786692234584,0.));
#5363 = CARTESIAN_POINT('',(-21.19989782371,0.995670493202,0.));
#5364 = CARTESIAN_POINT('',(-21.19957516139,1.204696046934,0.));
#5365 = CARTESIAN_POINT('',(-21.1988167769,1.413728532986,0.));
#5366 = CARTESIAN_POINT('',(-21.19743295531,1.622726417261,0.));
#5367 = CARTESIAN_POINT('',(-21.1952330965,1.831646835621,0.));
#5368 = CARTESIAN_POINT('',(-21.19202499697,2.040445435171,0.));
#5369 = CARTESIAN_POINT('',(-21.18761413171,2.249076215526,0.));
#5370 = PCURVE('',#2531,#5371);
#5371 = DEFINITIONAL_REPRESENTATION('',(#5372),#5543);
#5372 = B_SPLINE_CURVE_WITH_KNOTS('',8,(#5373,#5374,#5375,#5376,#5377,
    #5378,#5379,#5380,#5381,#5382,#5383,#5384,#5385,#5386,#5387,#5388,
    #5389,#5390,#5391,#5392,#5393,#5394,#5395,#5396,#5397,#5398,#5399,
    #5400,#5401,#5402,#5403,#5404,#5405,#5406,#5407,#5408,#5409,#5410,
    #5411,#5412,#5413,#5414,#5415,#5416,#5417,#5418,#5419,#5420,#5421,
    #5422,#5423,#5424,#5425,#5426,#5427,#5428,#5429,#5430,#5431,#5432,
    #5433,#5434,#5435,#5436,#5437,#5438,#5439,#5440,#5441,#5442,#5443,
    #5444,#5445,#5446,#5447,#5448,#5449,#5450,#5451,#5452,#5453,#5454,
    #5455,#5456,#5457,#5458,#5459,#5460,#5461,#5462,#5463,#5464,#5465,
    #5466,#5467,#5468,#5469,#5470,#5471,#5472,#5473,#5474,#5475,#5476,
    #5477,#5478,#5479,#5480,#5481,#5482,#5483,#5484,#5485,#5486,#5487,
    #5488,#5489,#5490,#5491,#5492,#5493,#5494,#5495,#5496,#5497,#5498,
    #5499,#5500,#5501,#5502,#5503,#5504,#5505,#5506,#5507,#5508,#5509,
    #5510,#5511,#5512,#5513,#5514,#5515,#5516,#5517,#5518,#5519,#5520,
    #5521,#5522,#5523,#5524,#5525,#5526,#5527,#5528,#5529,#5530,#5531,
    #5532,#5533,#5534,#5535,#5536,#5537,#5538,#5539,#5540,#5541,#5542),
  .UNSPECIFIED.,.F.,.F.,(9,7,7,7,7,7,7,7,7,7,7,7,7,7,7,7,7,7,7,7,7,7,7,7
    ,9),(0.,3.414385910239E-02,7.916187991202E-02,0.113182164081,
    0.131686305989,0.150190448133,0.187321337091,0.228273000253,
    0.242686617287,0.258701749815,0.314195879468,0.324515677563,
    0.360955099777,0.38813607568,0.409131242005,0.425025360443,
    0.471462425505,0.506611922323,0.523428205895,0.541773458788,
    0.609267462464,0.643079238235,0.777935508076,0.911730676985,1.),
  .UNSPECIFIED.);
#5373 = CARTESIAN_POINT('',(18.458926113753,-8.217545054761));
#5374 = CARTESIAN_POINT('',(18.348266622038,-8.241246345038));
#5375 = CARTESIAN_POINT('',(18.237630670945,-8.265335691477));
#5376 = CARTESIAN_POINT('',(18.127017995923,-8.289768121638));
#5377 = CARTESIAN_POINT('',(18.016428133892,-8.314498925618));
#5378 = CARTESIAN_POINT('',(17.90586042324,-8.339483656049));
#5379 = CARTESIAN_POINT('',(17.795314003821,-8.3646781281));
#5380 = CARTESIAN_POINT('',(17.684787816961,-8.390038419478));
#5381 = CARTESIAN_POINT('',(17.428578974814,-8.449118991354));
#5382 = CARTESIAN_POINT('',(17.28291080687,-8.482929249985));
#5383 = CARTESIAN_POINT('',(17.13727302095,-8.516851320161));
#5384 = CARTESIAN_POINT('',(16.991662700921,-8.550785091878));
#5385 = CARTESIAN_POINT('',(16.846077087039,-8.584630388542));
#5386 = CARTESIAN_POINT('',(16.700513567801,-8.618286684206));
#5387 = CARTESIAN_POINT('',(16.554969671794,-8.65165282083));
#5388 = CARTESIAN_POINT('',(16.299468062575,-8.70954522677));
#5389 = CARTESIAN_POINT('',(16.189503210691,-8.734239605677));
#5390 = CARTESIAN_POINT('',(16.079547567627,-8.758665918485));
#5391 = CARTESIAN_POINT('',(15.969600501282,-8.782779739639));
#5392 = CARTESIAN_POINT('',(15.859661683732,-8.806536161789));
#5393 = CARTESIAN_POINT('',(15.74973109123,-8.829889795789));
#5394 = CARTESIAN_POINT('',(15.639809004204,-8.852794770696));
#5395 = CARTESIAN_POINT('',(15.470112682613,-8.887393848208));
#5396 = CARTESIAN_POINT('',(15.410363680642,-8.899427044475));
#5397 = CARTESIAN_POINT('',(15.350645938737,-8.911316113895));
#5398 = CARTESIAN_POINT('',(15.290957950495,-8.923108138296));
#5399 = CARTESIAN_POINT('',(15.231296127358,-8.93480357363));
#5400 = CARTESIAN_POINT('',(15.171658869452,-8.946446475232));
#5401 = CARTESIAN_POINT('',(15.112043211997,-8.958052276695));
#5402 = CARTESIAN_POINT('',(14.992850453131,-8.981245848096));
#5403 = CARTESIAN_POINT('',(14.933273326197,-8.992833196684));
#5404 = CARTESIAN_POINT('',(14.873712968813,-9.004436213421));
#5405 = CARTESIAN_POINT('',(14.814166897655,-9.016080003641));
#5406 = CARTESIAN_POINT('',(14.754632629396,-9.027789672679));
#5407 = CARTESIAN_POINT('',(14.695107680711,-9.03959032587));
#5408 = CARTESIAN_POINT('',(14.635589568273,-9.051507068549));
#5409 = CARTESIAN_POINT('',(14.4566539637,-9.087760774485));
#5410 = CARTESIAN_POINT('',(14.337296992612,-9.112515526033));
#5411 = CARTESIAN_POINT('',(14.218013339131,-9.138025378273));
#5412 = CARTESIAN_POINT('',(14.098814954678,-9.164484601454));
#5413 = CARTESIAN_POINT('',(13.979717204634,-9.192084137497));
#5414 = CARTESIAN_POINT('',(13.860738774502,-9.221010118998));
#5415 = CARTESIAN_POINT('',(13.741901576086,-9.251442388233));
#5416 = CARTESIAN_POINT('',(13.492348475,-9.318967832667));
#5417 = CARTESIAN_POINT('',(13.361669640217,-9.356423852562));
#5418 = CARTESIAN_POINT('',(13.231229912612,-9.396151032969));
#5419 = CARTESIAN_POINT('',(13.101072081315,-9.438366778815));
#5420 = CARTESIAN_POINT('',(12.971245580087,-9.483272519469));
#5421 = CARTESIAN_POINT('',(12.841806106123,-9.53105028536));
#5422 = CARTESIAN_POINT('',(12.712815238855,-9.581859284615));
#5423 = CARTESIAN_POINT('',(12.539121088353,-9.654829240823));
#5424 = CARTESIAN_POINT('',(12.493868449843,-9.674266260568));
#5425 = CARTESIAN_POINT('',(12.448588175848,-9.694094685919));
#5426 = CARTESIAN_POINT('',(12.403286142622,-9.714264406679));
#5427 = CARTESIAN_POINT('',(12.357968139481,-9.734724592422));
#5428 = CARTESIAN_POINT('',(12.312639938238,-9.755424229474));
#5429 = CARTESIAN_POINT('',(12.267307362637,-9.776312657891));
#5430 = CARTESIAN_POINT('',(12.171608566783,-9.82070394602));
#5431 = CARTESIAN_POINT('',(12.121242651992,-9.844239066824));
#5432 = CARTESIAN_POINT('',(12.070886622249,-9.867876213741));
#5433 = CARTESIAN_POINT('',(12.020548486391,-9.891546129655));
#5434 = CARTESIAN_POINT('',(11.970236253257,-9.915179557455));
#5435 = CARTESIAN_POINT('',(11.919957931684,-9.938707240024));
#5436 = CARTESIAN_POINT('',(11.86972153051,-9.962059920251));
#5437 = CARTESIAN_POINT('',(11.645633620319,-10.06524146535));
#5438 = CARTESIAN_POINT('',(11.471861833232,-10.14259819149));
#5439 = CARTESIAN_POINT('',(11.297287341453,-10.21491411149));
#5440 = CARTESIAN_POINT('',(11.121480759698,-10.27946490618));
#5441 = CARTESIAN_POINT('',(10.944471157294,-10.33278075107));
#5442 = CARTESIAN_POINT('',(10.766731700425,-10.37065661647));
#5443 = CARTESIAN_POINT('',(10.589174246716,-10.38823991605));
#5444 = CARTESIAN_POINT('',(10.380484929704,-10.37977631805));
#5445 = CARTESIAN_POINT('',(10.347869504994,-10.3776088453));
#5446 = CARTESIAN_POINT('',(10.315365748015,-10.37455732305));
#5447 = CARTESIAN_POINT('',(10.282977239578,-10.37059023709));
#5448 = CARTESIAN_POINT('',(10.250707086221,-10.36568825027));
#5449 = CARTESIAN_POINT('',(10.218557920203,-10.35984420255));
#5450 = CARTESIAN_POINT('',(10.18653189951,-10.35306311096));
#5451 = CARTESIAN_POINT('',(10.04198693504,-10.31816998513));
#5452 = CARTESIAN_POINT('',(9.931506464759,-10.27973980062));
#5453 = CARTESIAN_POINT('',(9.823671345621,-10.23118216445));
#5454 = CARTESIAN_POINT('',(9.718791753774,-10.17372412341));
#5455 = CARTESIAN_POINT('',(9.617047223159,-10.10854737844));
#5456 = CARTESIAN_POINT('',(9.518511319935,-10.03670918623));
#5457 = CARTESIAN_POINT('',(9.423168782388,-9.959108350887));
#5458 = CARTESIAN_POINT('',(9.262134281098,-9.814808398826));
#5459 = CARTESIAN_POINT('',(9.195082954884,-9.750366516871));
#5460 = CARTESIAN_POINT('',(9.129756271195,-9.683443480759));
#5461 = CARTESIAN_POINT('',(9.066130853321,-9.614318221622));
#5462 = CARTESIAN_POINT('',(9.004184149293,-9.543240659716));
#5463 = CARTESIAN_POINT('',(8.943894735534,-9.470434239102));
#5464 = CARTESIAN_POINT('',(8.885242620514,-9.396098462328));
#5465 = CARTESIAN_POINT('',(8.784155985391,-9.261949141015));
#5466 = CARTESIAN_POINT('',(8.74107130104,-9.202684422328));
#5467 = CARTESIAN_POINT('',(8.698948772945,-9.142701549263));
#5468 = CARTESIAN_POINT('',(8.657784495793,-9.082080406044));
#5469 = CARTESIAN_POINT('',(8.61757750827,-9.020897359411));
#5470 = CARTESIAN_POINT('',(8.578329919958,-8.959226137139));
#5471 = CARTESIAN_POINT('',(8.540047038233,-8.897138706545));
#5472 = CARTESIAN_POINT('',(8.47449278935,-8.78744239786));
#5473 = CARTESIAN_POINT('',(8.44680531269,-8.739978840848));
#5474 = CARTESIAN_POINT('',(8.41968520223,-8.692365026328));
#5475 = CARTESIAN_POINT('',(8.393127892047,-8.644599140688));
#5476 = CARTESIAN_POINT('',(8.367126315498,-8.59667297665));
#5477 = CARTESIAN_POINT('',(8.341676454131,-8.548592248397));
#5478 = CARTESIAN_POINT('',(8.316776233242,-8.500372257506));
#5479 = CARTESIAN_POINT('',(8.221250821293,-8.310708092203));
#5480 = CARTESIAN_POINT('',(8.154711618281,-8.168198620199));
#5481 = CARTESIAN_POINT('',(8.092660003812,-8.024590022387));
#5482 = CARTESIAN_POINT('',(8.034904660039,-7.879985708416));
#5483 = CARTESIAN_POINT('',(7.981210737656,-7.734481815784));
#5484 = CARTESIAN_POINT('',(7.931307491081,-7.588166056744));
#5485 = CARTESIAN_POINT('',(7.884895913618,-7.441116565202));
#5486 = CARTESIAN_POINT('',(7.80892717009,-7.181590559381));
#5487 = CARTESIAN_POINT('',(7.778015290542,-7.069398233794));
#5488 = CARTESIAN_POINT('',(7.748781424035,-6.956851144147));
#5489 = CARTESIAN_POINT('',(7.721080067682,-6.843973844516));
#5490 = CARTESIAN_POINT('',(7.694760884614,-6.730787911491));
#5491 = CARTESIAN_POINT('',(7.669670062938,-6.617311789894));
#5492 = CARTESIAN_POINT('',(7.645651674684,-6.503560638495));
#5493 = CARTESIAN_POINT('',(7.611496229476,-6.334999177599));
#5494 = CARTESIAN_POINT('',(7.600648845594,-6.280374869193));
#5495 = CARTESIAN_POINT('',(7.589996183782,-6.225671887566));
#5496 = CARTESIAN_POINT('',(7.579497745181,-6.170888777445));
#5497 = CARTESIAN_POINT('',(7.569161677545,-6.116027038604));
#5498 = CARTESIAN_POINT('',(7.559002300615,-6.061089279942));
#5499 = CARTESIAN_POINT('',(7.548994856581,-6.006077362858));
#5500 = CARTESIAN_POINT('',(7.528400895613,-5.890905312198));
#5501 = CARTESIAN_POINT('',(7.517842097006,-5.830730023794));
#5502 = CARTESIAN_POINT('',(7.50746451439,-5.770472185123));
#5503 = CARTESIAN_POINT('',(7.497263426496,-5.710134429968));
#5504 = CARTESIAN_POINT('',(7.487234112057,-5.649719392109));
#5505 = CARTESIAN_POINT('',(7.477371849801,-5.589229705328));
#5506 = CARTESIAN_POINT('',(7.467671918462,-5.528668003405));
#5507 = CARTESIAN_POINT('',(7.423022449476,-5.244969155293));
#5508 = CARTESIAN_POINT('',(7.390095049043,-5.021256734049));
#5509 = CARTESIAN_POINT('',(7.359096655931,-4.796999199402));
#5510 = CARTESIAN_POINT('',(7.329780830651,-4.572290992128));
#5511 = CARTESIAN_POINT('',(7.301904618584,-4.34722173718));
#5512 = CARTESIAN_POINT('',(7.275227734787,-4.121876530095));
#5513 = CARTESIAN_POINT('',(7.249511748808,-3.896336223408));
#5514 = CARTESIAN_POINT('',(7.211999044586,-3.557631893625));
#5515 = CARTESIAN_POINT('',(7.19966040113,-3.444556848513));
#5516 = CARTESIAN_POINT('',(7.187473563219,-3.331462442737));
#5517 = CARTESIAN_POINT('',(7.175408761371,-3.218358497072));
#5518 = CARTESIAN_POINT('',(7.163436232542,-3.105254788055));
#5519 = CARTESIAN_POINT('',(7.151526220122,-2.992161047989));
#5520 = CARTESIAN_POINT('',(7.139648973935,-2.879086964941));
#5521 = CARTESIAN_POINT('',(7.080415110651,-2.315169748361));
#5522 = CARTESIAN_POINT('',(7.033117718636,-1.864759001569));
#5523 = CARTESIAN_POINT('',(6.985871094939,-1.414732658121));
#5524 = CARTESIAN_POINT('',(6.938663374337,-0.965012125155));
#5525 = CARTESIAN_POINT('',(6.891482472778,-0.515517786527));
#5526 = CARTESIAN_POINT('',(6.844316254523,-6.61692881358E-02));
#5527 = CARTESIAN_POINT('',(6.797152699286,0.38311417674));
#5528 = CARTESIAN_POINT('',(6.703178611832,1.27817772718));
#5529 = CARTESIAN_POINT('',(6.627514814247,1.998843952266));
#5530 = CARTESIAN_POINT('',(6.55011756441,2.735484320189));
#5531 = CARTESIAN_POINT('',(6.488745469301,3.320671418829));
#5532 = CARTESIAN_POINT('',(6.450952899998,3.679994662399));
#5533 = CARTESIAN_POINT('',(6.433835707596,3.843827895908));
#5534 = CARTESIAN_POINT('',(6.422292682325,3.953358504697));
#5535 = CARTESIAN_POINT('',(6.367471902438,4.476012624117));
#5536 = CARTESIAN_POINT('',(6.345727688057,4.683856574153));
#5537 = CARTESIAN_POINT('',(6.324223364014,4.891773264851));
#5538 = CARTESIAN_POINT('',(6.303151656606,5.099742345532));
#5539 = CARTESIAN_POINT('',(6.282705580518,5.307742318047));
#5540 = CARTESIAN_POINT('',(6.263079169654,5.515750453905));
#5541 = CARTESIAN_POINT('',(6.244468207966,5.723742711409));
#5542 = CARTESIAN_POINT('',(6.227070960281,5.931693652779));
#5543 = ( GEOMETRIC_REPRESENTATION_CONTEXT(2) 
PARAMETRIC_REPRESENTATION_CONTEXT() REPRESENTATION_CONTEXT('2D SPACE',''
  ) );
#5544 = PCURVE('',#3288,#5545);
#5545 = DEFINITIONAL_REPRESENTATION('',(#5546),#5717);
#5546 = B_SPLINE_CURVE_WITH_KNOTS('',8,(#5547,#5548,#5549,#5550,#5551,
    #5552,#5553,#5554,#5555,#5556,#5557,#5558,#5559,#5560,#5561,#5562,
    #5563,#5564,#5565,#5566,#5567,#5568,#5569,#5570,#5571,#5572,#5573,
    #5574,#5575,#5576,#5577,#5578,#5579,#5580,#5581,#5582,#5583,#5584,
    #5585,#5586,#5587,#5588,#5589,#5590,#5591,#5592,#5593,#5594,#5595,
    #5596,#5597,#5598,#5599,#5600,#5601,#5602,#5603,#5604,#5605,#5606,
    #5607,#5608,#5609,#5610,#5611,#5612,#5613,#5614,#5615,#5616,#5617,
    #5618,#5619,#5620,#5621,#5622,#5623,#5624,#5625,#5626,#5627,#5628,
    #5629,#5630,#5631,#5632,#5633,#5634,#5635,#5636,#5637,#5638,#5639,
    #5640,#5641,#5642,#5643,#5644,#5645,#5646,#5647,#5648,#5649,#5650,
    #5651,#5652,#5653,#5654,#5655,#5656,#5657,#5658,#5659,#5660,#5661,
    #5662,#5663,#5664,#5665,#5666,#5667,#5668,#5669,#5670,#5671,#5672,
    #5673,#5674,#5675,#5676,#5677,#5678,#5679,#5680,#5681,#5682,#5683,
    #5684,#5685,#5686,#5687,#5688,#5689,#5690,#5691,#5692,#5693,#5694,
    #5695,#5696,#5697,#5698,#5699,#5700,#5701,#5702,#5703,#5704,#5705,
    #5706,#5707,#5708,#5709,#5710,#5711,#5712,#5713,#5714,#5715,#5716),
  .UNSPECIFIED.,.F.,.F.,(9,7,7,7,7,7,7,7,7,7,7,7,7,7,7,7,7,7,7,7,7,7,7,7
    ,9),(0.,3.414385910239E-02,7.916187991202E-02,0.113182164081,
    0.131686305989,0.150190448133,0.187321337091,0.228273000253,
    0.242686617287,0.258701749815,0.314195879468,0.324515677563,
    0.360955099777,0.38813607568,0.409131242005,0.425025360443,
    0.471462425505,0.506611922323,0.523428205895,0.541773458788,
    0.609267462464,0.643079238235,0.777935508076,0.911730676985,1.),
  .UNSPECIFIED.);
#5547 = CARTESIAN_POINT('',(41.119832237205,0.25));
#5548 = CARTESIAN_POINT('',(41.0066045868,0.25));
#5549 = CARTESIAN_POINT('',(40.893435333035,0.25));
#5550 = CARTESIAN_POINT('',(40.780316660499,0.25));
#5551 = CARTESIAN_POINT('',(40.66724057451,0.25));
#5552 = CARTESIAN_POINT('',(40.554198901119,0.25));
#5553 = CARTESIAN_POINT('',(40.441183287106,0.25));
#5554 = CARTESIAN_POINT('',(40.328185199981,0.25));
#5555 = CARTESIAN_POINT('',(40.066221748395,0.25));
#5556 = CARTESIAN_POINT('',(39.917263359852,0.25));
#5557 = CARTESIAN_POINT('',(39.768300538361,0.25));
#5558 = CARTESIAN_POINT('',(39.619313229303,0.25));
#5559 = CARTESIAN_POINT('',(39.470281491004,0.25));
#5560 = CARTESIAN_POINT('',(39.321185438309,0.25));
#5561 = CARTESIAN_POINT('',(39.172005186149,0.25));
#5562 = CARTESIAN_POINT('',(38.909906027335,0.25));
#5563 = CARTESIAN_POINT('',(38.797032059692,0.25));
#5564 = CARTESIAN_POINT('',(38.684090379534,0.25));
#5565 = CARTESIAN_POINT('',(38.571072705724,0.25));
#5566 = CARTESIAN_POINT('',(38.457970986631,0.25));
#5567 = CARTESIAN_POINT('',(38.344777400125,0.25));
#5568 = CARTESIAN_POINT('',(38.231484353584,0.25));
#5569 = CARTESIAN_POINT('',(38.056404596948,0.25));
#5570 = CARTESIAN_POINT('',(37.994725383545,0.25));
#5571 = CARTESIAN_POINT('',(37.933044646913,0.25));
#5572 = CARTESIAN_POINT('',(37.871366035019,0.25));
#5573 = CARTESIAN_POINT('',(37.809685446119,0.25));
#5574 = CARTESIAN_POINT('',(37.748006069315,0.25));
#5575 = CARTESIAN_POINT('',(37.686326244612,0.25));
#5576 = CARTESIAN_POINT('',(37.562966748687,0.25));
#5577 = CARTESIAN_POINT('',(37.501287000331,0.25));
#5578 = CARTESIAN_POINT('',(37.439607251975,0.25));
#5579 = CARTESIAN_POINT('',(37.37792750362,0.25));
#5580 = CARTESIAN_POINT('',(37.316247755264,0.25));
#5581 = CARTESIAN_POINT('',(37.254568006908,0.25));
#5582 = CARTESIAN_POINT('',(37.192888258552,0.25));
#5583 = CARTESIAN_POINT('',(37.007440336061,0.25));
#5584 = CARTESIAN_POINT('',(36.883721237465,0.25));
#5585 = CARTESIAN_POINT('',(36.760080767135,0.25));
#5586 = CARTESIAN_POINT('',(36.63655210188,0.25));
#5587 = CARTESIAN_POINT('',(36.513171804481,0.25));
#5588 = CARTESIAN_POINT('',(36.389979585582,0.25));
#5589 = CARTESIAN_POINT('',(36.267018065577,0.25));
#5590 = CARTESIAN_POINT('',(36.009022647554,0.25));
#5591 = CARTESIAN_POINT('',(35.874049592602,0.25));
#5592 = CARTESIAN_POINT('',(35.739476333531,0.25));
#5593 = CARTESIAN_POINT('',(35.605372229755,0.25));
#5594 = CARTESIAN_POINT('',(35.471812295879,0.25));
#5595 = CARTESIAN_POINT('',(35.338876459354,0.25));
#5596 = CARTESIAN_POINT('',(35.206648818134,0.25));
#5597 = CARTESIAN_POINT('',(35.028957254361,0.25));
#5598 = CARTESIAN_POINT('',(34.982697270705,0.25));
#5599 = CARTESIAN_POINT('',(34.936437353914,0.25));
#5600 = CARTESIAN_POINT('',(34.890177590379,0.25));
#5601 = CARTESIAN_POINT('',(34.843917885925,0.25));
#5602 = CARTESIAN_POINT('',(34.797658105403,0.25));
#5603 = CARTESIAN_POINT('',(34.751398212275,0.25));
#5604 = CARTESIAN_POINT('',(34.653738617905,0.25));
#5605 = CARTESIAN_POINT('',(34.602338827608,0.25));
#5606 = CARTESIAN_POINT('',(34.550939037312,0.25));
#5607 = CARTESIAN_POINT('',(34.499539247015,0.25));
#5608 = CARTESIAN_POINT('',(34.448139456719,0.25));
#5609 = CARTESIAN_POINT('',(34.396739666422,0.25));
#5610 = CARTESIAN_POINT('',(34.345339876125,0.25));
#5611 = CARTESIAN_POINT('',(34.115834371012,0.25));
#5612 = CARTESIAN_POINT('',(33.937247460781,0.25));
#5613 = CARTESIAN_POINT('',(33.756877304152,0.25));
#5614 = CARTESIAN_POINT('',(33.573904450605,0.25));
#5615 = CARTESIAN_POINT('',(33.387906937392,0.25));
#5616 = CARTESIAN_POINT('',(33.198850793729,0.25));
#5617 = CARTESIAN_POINT('',(33.007100062518,0.25));
#5618 = CARTESIAN_POINT('',(32.777647329313,0.25));
#5619 = CARTESIAN_POINT('',(32.741666319582,0.25));
#5620 = CARTESIAN_POINT('',(32.705685228011,0.25));
#5621 = CARTESIAN_POINT('',(32.669705245659,0.25));
#5622 = CARTESIAN_POINT('',(32.633726622727,0.25));
#5623 = CARTESIAN_POINT('',(32.597748668561,0.25));
#5624 = CARTESIAN_POINT('',(32.561769751651,0.25));
#5625 = CARTESIAN_POINT('',(32.398732511393,0.25));
#5626 = CARTESIAN_POINT('',(32.272314908282,0.25));
#5627 = CARTESIAN_POINT('',(32.146910533169,0.25));
#5628 = CARTESIAN_POINT('',(32.022739850066,0.25));
#5629 = CARTESIAN_POINT('',(31.899905787057,0.25));
#5630 = CARTESIAN_POINT('',(31.778408704389,0.25));
#5631 = CARTESIAN_POINT('',(31.658146907652,0.25));
#5632 = CARTESIAN_POINT('',(31.449970852225,0.25));
#5633 = CARTESIAN_POINT('',(31.361626504488,0.25));
#5634 = CARTESIAN_POINT('',(31.273807498991,0.25));
#5635 = CARTESIAN_POINT('',(31.186441375866,0.25));
#5636 = CARTESIAN_POINT('',(31.09945179077,0.25));
#5637 = CARTESIAN_POINT('',(31.012756306541,0.25));
#5638 = CARTESIAN_POINT('',(30.926264184859,0.25));
#5639 = CARTESIAN_POINT('',(30.773144691395,0.25));
#5640 = CARTESIAN_POINT('',(30.706480463942,0.25));
#5641 = CARTESIAN_POINT('',(30.639837078537,0.25));
#5642 = CARTESIAN_POINT('',(30.573169932511,0.25));
#5643 = CARTESIAN_POINT('',(30.506433365535,0.25));
#5644 = CARTESIAN_POINT('',(30.439579787626,0.25));
#5645 = CARTESIAN_POINT('',(30.372558807149,0.25));
#5646 = CARTESIAN_POINT('',(30.254411335193,0.25));
#5647 = CARTESIAN_POINT('',(30.203382737841,0.25));
#5648 = CARTESIAN_POINT('',(30.152187461348,0.25));
#5649 = CARTESIAN_POINT('',(30.100837895167,0.25));
#5650 = CARTESIAN_POINT('',(30.049353516489,0.25));
#5651 = CARTESIAN_POINT('',(29.997738982851,0.25));
#5652 = CARTESIAN_POINT('',(29.94598872449,0.25));
#5653 = CARTESIAN_POINT('',(29.742569995279,0.25));
#5654 = CARTESIAN_POINT('',(29.589972751912,0.25));
#5655 = CARTESIAN_POINT('',(29.436481598754,0.25));
#5656 = CARTESIAN_POINT('',(29.282245590702,0.25));
#5657 = CARTESIAN_POINT('',(29.127405889336,0.25));
#5658 = CARTESIAN_POINT('',(28.972094107104,0.25));
#5659 = CARTESIAN_POINT('',(28.816430651517,0.25));
#5660 = CARTESIAN_POINT('',(28.542512315282,0.25));
#5661 = CARTESIAN_POINT('',(28.424361308911,0.25));
#5662 = CARTESIAN_POINT('',(28.306114810056,0.25));
#5663 = CARTESIAN_POINT('',(28.187814148652,0.25));
#5664 = CARTESIAN_POINT('',(28.069497055056,0.25));
#5665 = CARTESIAN_POINT('',(27.951197490375,0.25));
#5666 = CARTESIAN_POINT('',(27.832945476788,0.25));
#5667 = CARTESIAN_POINT('',(27.658227740388,0.25));
#5668 = CARTESIAN_POINT('',(27.601687902601,0.25));
#5669 = CARTESIAN_POINT('',(27.545145723874,0.25));
#5670 = CARTESIAN_POINT('',(27.488607692852,0.25));
#5671 = CARTESIAN_POINT('',(27.432069937907,0.25));
#5672 = CARTESIAN_POINT('',(27.375528089917,0.25));
#5673 = CARTESIAN_POINT('',(27.318987876057,0.25));
#5674 = CARTESIAN_POINT('',(27.200769024911,0.25));
#5675 = CARTESIAN_POINT('',(27.139089276555,0.25));
#5676 = CARTESIAN_POINT('',(27.0774095282,0.25));
#5677 = CARTESIAN_POINT('',(27.015729779844,0.25));
#5678 = CARTESIAN_POINT('',(26.954050031488,0.25));
#5679 = CARTESIAN_POINT('',(26.892370283132,0.25));
#5680 = CARTESIAN_POINT('',(26.830690534776,0.25));
#5681 = CARTESIAN_POINT('',(26.542084878851,0.25));
#5682 = CARTESIAN_POINT('',(26.315458556402,0.25));
#5683 = CARTESIAN_POINT('',(26.089095182335,0.25));
#5684 = CARTESIAN_POINT('',(25.862955381226,0.25));
#5685 = CARTESIAN_POINT('',(25.636996853682,0.25));
#5686 = CARTESIAN_POINT('',(25.411174191053,0.25));
#5687 = CARTESIAN_POINT('',(25.185438690155,0.25));
#5688 = CARTESIAN_POINT('',(24.846671302315,0.25));
#5689 = CARTESIAN_POINT('',(24.733613633497,0.25));
#5690 = CARTESIAN_POINT('',(24.620558823739,0.25));
#5691 = CARTESIAN_POINT('',(24.507500478401,0.25));
#5692 = CARTESIAN_POINT('',(24.394432145995,0.25));
#5693 = CARTESIAN_POINT('',(24.281347318185,0.25));
#5694 = CARTESIAN_POINT('',(24.168239429786,0.25));
#5695 = CARTESIAN_POINT('',(23.603859341659,0.25));
#5696 = CARTESIAN_POINT('',(23.152149227693,0.25));
#5697 = CARTESIAN_POINT('',(22.700050706543,0.25));
#5698 = CARTESIAN_POINT('',(22.247643965559,0.25));
#5699 = CARTESIAN_POINT('',(21.795009888925,0.25));
#5700 = CARTESIAN_POINT('',(21.342229756824,0.25));
#5701 = CARTESIAN_POINT('',(20.889384944594,0.25));
#5702 = CARTESIAN_POINT('',(19.987291326372,0.25));
#5703 = CARTESIAN_POINT('',(19.26106207544,0.25));
#5704 = CARTESIAN_POINT('',(18.518519113428,0.25));
#5705 = CARTESIAN_POINT('',(17.931574385748,0.25));
#5706 = CARTESIAN_POINT('',(17.571622166192,0.25));
#5707 = CARTESIAN_POINT('',(17.40751492691,0.25));
#5708 = CARTESIAN_POINT('',(17.297548232622,0.25));
#5709 = CARTESIAN_POINT('',(16.774636319003,0.25));
#5710 = CARTESIAN_POINT('',(16.566870849869,0.25));
#5711 = CARTESIAN_POINT('',(16.359152244332,0.25));
#5712 = CARTESIAN_POINT('',(16.151439904831,0.25));
#5713 = CARTESIAN_POINT('',(15.94369454171,0.25));
#5714 = CARTESIAN_POINT('',(15.735878016466,0.25));
#5715 = CARTESIAN_POINT('',(15.527953184993,0.25));
#5716 = CARTESIAN_POINT('',(15.319883740818,0.25));
#5717 = ( GEOMETRIC_REPRESENTATION_CONTEXT(2) 
PARAMETRIC_REPRESENTATION_CONTEXT() REPRESENTATION_CONTEXT('2D SPACE',''
  ) );
#5718 = ORIENTED_EDGE('',*,*,#5036,.T.);
#5719 = FACE_BOUND('',#5720,.F.);
#5720 = EDGE_LOOP('',(#5721,#5751,#5784,#5812));
#5721 = ORIENTED_EDGE('',*,*,#5722,.F.);
#5722 = EDGE_CURVE('',#5723,#5725,#5727,.T.);
#5723 = VERTEX_POINT('',#5724);
#5724 = CARTESIAN_POINT('',(18.234886774743,-13.32783345846,0.));
#5725 = VERTEX_POINT('',#5726);
#5726 = CARTESIAN_POINT('',(22.985323154484,-11.21280291446,0.));
#5727 = SURFACE_CURVE('',#5728,(#5732,#5739),.PCURVE_S1.);
#5728 = LINE('',#5729,#5730);
#5729 = CARTESIAN_POINT('',(3.235857813561,-20.00583140375,0.));
#5730 = VECTOR('',#5731,1.);
#5731 = DIRECTION('',(0.913545457643,0.406736643076,0.));
#5732 = PCURVE('',#2531,#5733);
#5733 = DEFINITIONAL_REPRESENTATION('',(#5734),#5738);
#5734 = LINE('',#5735,#5736);
#5735 = CARTESIAN_POINT('',(32.840768844746,-13.6514107977));
#5736 = VECTOR('',#5737,1.);
#5737 = DIRECTION('',(0.866082876065,0.499900441874));
#5738 = ( GEOMETRIC_REPRESENTATION_CONTEXT(2) 
PARAMETRIC_REPRESENTATION_CONTEXT() REPRESENTATION_CONTEXT('2D SPACE',''
  ) );
#5739 = PCURVE('',#5740,#5745);
#5740 = PLANE('',#5741);
#5741 = AXIS2_PLACEMENT_3D('',#5742,#5743,#5744);
#5742 = CARTESIAN_POINT('',(22.985323154484,-11.21280291446,-1.));
#5743 = DIRECTION('',(0.406736643076,-0.913545457643,0.));
#5744 = DIRECTION('',(-0.913545457643,-0.406736643076,0.));
#5745 = DEFINITIONAL_REPRESENTATION('',(#5746),#5750);
#5746 = LINE('',#5747,#5748);
#5747 = CARTESIAN_POINT('',(21.618481243273,-1.));
#5748 = VECTOR('',#5749,1.);
#5749 = DIRECTION('',(-1.,0.));
#5750 = ( GEOMETRIC_REPRESENTATION_CONTEXT(2) 
PARAMETRIC_REPRESENTATION_CONTEXT() REPRESENTATION_CONTEXT('2D SPACE',''
  ) );
#5751 = ORIENTED_EDGE('',*,*,#5752,.T.);
#5752 = EDGE_CURVE('',#5723,#5753,#5755,.T.);
#5753 = VERTEX_POINT('',#5754);
#5754 = CARTESIAN_POINT('',(17.014676845516,-10.58719708553,0.));
#5755 = SURFACE_CURVE('',#5756,(#5761,#5772),.PCURVE_S1.);
#5756 = CIRCLE('',#5757,1.5);
#5757 = AXIS2_PLACEMENT_3D('',#5758,#5759,#5760);
#5758 = CARTESIAN_POINT('',(17.624781810129,-11.95751527199,0.));
#5759 = DIRECTION('',(0.,-0.,-1.));
#5760 = DIRECTION('',(0.406736643076,-0.913545457643,0.));
#5761 = PCURVE('',#2531,#5762);
#5762 = DEFINITIONAL_REPRESENTATION('',(#5763),#5771);
#5763 = ( BOUNDED_CURVE() B_SPLINE_CURVE(2,(#5764,#5765,#5766,#5767,
#5768,#5769,#5770),.UNSPECIFIED.,.T.,.F.) B_SPLINE_CURVE_WITH_KNOTS((1,2
    ,2,2,2,1),(-2.094395102393,0.,2.094395102393,4.188790204786,
6.28318530718,8.377580409573),.UNSPECIFIED.) CURVE() 
GEOMETRIC_REPRESENTATION_ITEM() RATIONAL_B_SPLINE_CURVE((1.,0.5,1.,0.5,
1.,0.5,1.)) REPRESENTATION_ITEM('') );
#5764 = CARTESIAN_POINT('',(47.060534300546,-5.44380476929));
#5765 = CARTESIAN_POINT('',(44.81038498318,-6.742584215369));
#5766 = CARTESIAN_POINT('',(44.810683647645,-4.144508021182));
#5767 = CARTESIAN_POINT('',(44.810982312111,-1.546431826996));
#5768 = CARTESIAN_POINT('',(47.060832965011,-2.845728575103));
#5769 = CARTESIAN_POINT('',(49.310683617912,-4.145025323211));
#5770 = CARTESIAN_POINT('',(47.060534300546,-5.44380476929));
#5771 = ( GEOMETRIC_REPRESENTATION_CONTEXT(2) 
PARAMETRIC_REPRESENTATION_CONTEXT() REPRESENTATION_CONTEXT('2D SPACE',''
  ) );
#5772 = PCURVE('',#5773,#5778);
#5773 = CYLINDRICAL_SURFACE('',#5774,1.5);
#5774 = AXIS2_PLACEMENT_3D('',#5775,#5776,#5777);
#5775 = CARTESIAN_POINT('',(17.624781810129,-11.95751527199,-1.));
#5776 = DIRECTION('',(0.,-0.,-1.));
#5777 = DIRECTION('',(0.406736643076,-0.913545457643,0.));
#5778 = DEFINITIONAL_REPRESENTATION('',(#5779),#5783);
#5779 = LINE('',#5780,#5781);
#5780 = CARTESIAN_POINT('',(0.,-1.));
#5781 = VECTOR('',#5782,1.);
#5782 = DIRECTION('',(1.,0.));
#5783 = ( GEOMETRIC_REPRESENTATION_CONTEXT(2) 
PARAMETRIC_REPRESENTATION_CONTEXT() REPRESENTATION_CONTEXT('2D SPACE',''
  ) );
#5784 = ORIENTED_EDGE('',*,*,#5785,.F.);
#5785 = EDGE_CURVE('',#5786,#5753,#5788,.T.);
#5786 = VERTEX_POINT('',#5787);
#5787 = CARTESIAN_POINT('',(21.765113225257,-8.472166541539,0.));
#5788 = SURFACE_CURVE('',#5789,(#5793,#5800),.PCURVE_S1.);
#5789 = LINE('',#5790,#5791);
#5790 = CARTESIAN_POINT('',(-0.359570305538,-18.32271030282,0.));
#5791 = VECTOR('',#5792,1.);
#5792 = DIRECTION('',(-0.913545457643,-0.406736643076,0.));
#5793 = PCURVE('',#2531,#5794);
#5794 = DEFINITIONAL_REPRESENTATION('',(#5795),#5799);
#5795 = LINE('',#5796,#5797);
#5796 = CARTESIAN_POINT('',(29.089252041352,-12.35290331838));
#5797 = VECTOR('',#5798,1.);
#5798 = DIRECTION('',(-0.866082876065,-0.499900441874));
#5799 = ( GEOMETRIC_REPRESENTATION_CONTEXT(2) 
PARAMETRIC_REPRESENTATION_CONTEXT() REPRESENTATION_CONTEXT('2D SPACE',''
  ) );
#5800 = PCURVE('',#5801,#5806);
#5801 = PLANE('',#5802);
#5802 = AXIS2_PLACEMENT_3D('',#5803,#5804,#5805);
#5803 = CARTESIAN_POINT('',(17.014676845516,-10.58719708553,-1.));
#5804 = DIRECTION('',(-0.406736643076,0.913545457643,0.));
#5805 = DIRECTION('',(0.913545457643,0.406736643076,0.));
#5806 = DEFINITIONAL_REPRESENTATION('',(#5807),#5811);
#5807 = LINE('',#5808,#5809);
#5808 = CARTESIAN_POINT('',(-19.01848124327,-1.));
#5809 = VECTOR('',#5810,1.);
#5810 = DIRECTION('',(-1.,-0.));
#5811 = ( GEOMETRIC_REPRESENTATION_CONTEXT(2) 
PARAMETRIC_REPRESENTATION_CONTEXT() REPRESENTATION_CONTEXT('2D SPACE',''
  ) );
#5812 = ORIENTED_EDGE('',*,*,#5813,.T.);
#5813 = EDGE_CURVE('',#5786,#5725,#5814,.T.);
#5814 = SURFACE_CURVE('',#5815,(#5820,#5831),.PCURVE_S1.);
#5815 = CIRCLE('',#5816,1.5);
#5816 = AXIS2_PLACEMENT_3D('',#5817,#5818,#5819);
#5817 = CARTESIAN_POINT('',(22.375218189871,-9.842484728003,0.));
#5818 = DIRECTION('',(0.,0.,-1.));
#5819 = DIRECTION('',(-0.406736643076,0.913545457643,0.));
#5820 = PCURVE('',#2531,#5821);
#5821 = DEFINITIONAL_REPRESENTATION('',(#5822),#5830);
#5822 = ( BOUNDED_CURVE() B_SPLINE_CURVE(2,(#5823,#5824,#5825,#5826,
#5827,#5828,#5829),.UNSPECIFIED.,.T.,.F.) B_SPLINE_CURVE_WITH_KNOTS((1,2
    ,2,2,2,1),(-2.094395102393,0.,2.094395102393,4.188790204786,
6.28318530718,8.377580409573),.UNSPECIFIED.) CURVE() 
GEOMETRIC_REPRESENTATION_ITEM() RATIONAL_B_SPLINE_CURVE((1.,0.5,1.,0.5,
1.,0.5,1.)) REPRESENTATION_ITEM('') );
#5823 = CARTESIAN_POINT('',(50.064463930463,-0.246073843347));
#5824 = CARTESIAN_POINT('',(52.314613247829,1.052705602732));
#5825 = CARTESIAN_POINT('',(52.314314583363,-1.545370591455));
#5826 = CARTESIAN_POINT('',(52.314015918898,-4.143446785641));
#5827 = CARTESIAN_POINT('',(50.064165265997,-2.844150037534));
#5828 = CARTESIAN_POINT('',(47.814314613097,-1.544853289426));
#5829 = CARTESIAN_POINT('',(50.064463930463,-0.246073843347));
#5830 = ( GEOMETRIC_REPRESENTATION_CONTEXT(2) 
PARAMETRIC_REPRESENTATION_CONTEXT() REPRESENTATION_CONTEXT('2D SPACE',''
  ) );
#5831 = PCURVE('',#5832,#5837);
#5832 = CYLINDRICAL_SURFACE('',#5833,1.5);
#5833 = AXIS2_PLACEMENT_3D('',#5834,#5835,#5836);
#5834 = CARTESIAN_POINT('',(22.375218189871,-9.842484728003,-1.));
#5835 = DIRECTION('',(0.,0.,-1.));
#5836 = DIRECTION('',(-0.406736643076,0.913545457643,0.));
#5837 = DEFINITIONAL_REPRESENTATION('',(#5838),#5842);
#5838 = LINE('',#5839,#5840);
#5839 = CARTESIAN_POINT('',(0.,-1.));
#5840 = VECTOR('',#5841,1.);
#5841 = DIRECTION('',(1.,0.));
#5842 = ( GEOMETRIC_REPRESENTATION_CONTEXT(2) 
PARAMETRIC_REPRESENTATION_CONTEXT() REPRESENTATION_CONTEXT('2D SPACE',''
  ) );
#5843 = ADVANCED_FACE('',(#5844),#2732,.F.);
#5844 = FACE_BOUND('',#5845,.F.);
#5845 = EDGE_LOOP('',(#5846,#5847,#5874,#5875));
#5846 = ORIENTED_EDGE('',*,*,#2800,.T.);
#5847 = ORIENTED_EDGE('',*,*,#5848,.F.);
#5848 = EDGE_CURVE('',#5065,#2801,#5849,.T.);
#5849 = SURFACE_CURVE('',#5850,(#5856,#5865),.PCURVE_S1.);
#5850 = B_SPLINE_CURVE_WITH_KNOTS('',4,(#5851,#5852,#5853,#5854,#5855),
  .UNSPECIFIED.,.F.,.F.,(5,5),(0.,1.),.PIECEWISE_BEZIER_KNOTS.);
#5851 = CARTESIAN_POINT('',(-17.38655226579,-12.92736119146,-20.));
#5852 = CARTESIAN_POINT('',(-10.5,-12.92736119146,1.278976924368E-13));
#5853 = CARTESIAN_POINT('',(-3.613447734207,-12.92736119146,20.));
#5854 = CARTESIAN_POINT('',(3.273104531587,-12.92736119146,40.));
#5855 = CARTESIAN_POINT('',(10.15965679738,-12.92736119146,60.));
#5856 = PCURVE('',#2732,#5857);
#5857 = DEFINITIONAL_REPRESENTATION('',(#5858),#5864);
#5858 = B_SPLINE_CURVE_WITH_KNOTS('',4,(#5859,#5860,#5861,#5862,#5863),
  .UNSPECIFIED.,.F.,.F.,(5,5),(0.,1.),.PIECEWISE_BEZIER_KNOTS.);
#5859 = CARTESIAN_POINT('',(3.898965225193,0.));
#5860 = CARTESIAN_POINT('',(3.898965225193,0.25));
#5861 = CARTESIAN_POINT('',(3.898965225193,0.5));
#5862 = CARTESIAN_POINT('',(3.898965225193,0.75));
#5863 = CARTESIAN_POINT('',(3.898965225193,1.));
#5864 = ( GEOMETRIC_REPRESENTATION_CONTEXT(2) 
PARAMETRIC_REPRESENTATION_CONTEXT() REPRESENTATION_CONTEXT('2D SPACE',''
  ) );
#5865 = PCURVE('',#2926,#5866);
#5866 = DEFINITIONAL_REPRESENTATION('',(#5867),#5873);
#5867 = B_SPLINE_CURVE_WITH_KNOTS('',4,(#5868,#5869,#5870,#5871,#5872),
  .UNSPECIFIED.,.F.,.F.,(5,5),(0.,1.),.PIECEWISE_BEZIER_KNOTS.);
#5868 = CARTESIAN_POINT('',(0.172638808538,-84.60965449493));
#5869 = CARTESIAN_POINT('',(0.172638808539,-63.4572408712));
#5870 = CARTESIAN_POINT('',(0.172638808538,-42.30482724746));
#5871 = CARTESIAN_POINT('',(0.172638808539,-21.15241362373));
#5872 = CARTESIAN_POINT('',(0.172638808539,-2.84217094304E-14));
#5873 = ( GEOMETRIC_REPRESENTATION_CONTEXT(2) 
PARAMETRIC_REPRESENTATION_CONTEXT() REPRESENTATION_CONTEXT('2D SPACE',''
  ) );
#5874 = ORIENTED_EDGE('',*,*,#5064,.F.);
#5875 = ORIENTED_EDGE('',*,*,#2708,.T.);
#5876 = ADVANCED_FACE('',(#5877),#3288,.F.);
#5877 = FACE_BOUND('',#5878,.F.);
#5878 = EDGE_LOOP('',(#5879,#5880,#5899,#5900));
#5879 = ORIENTED_EDGE('',*,*,#5197,.F.);
#5880 = ORIENTED_EDGE('',*,*,#5881,.T.);
#5881 = EDGE_CURVE('',#5175,#2911,#5882,.T.);
#5882 = SURFACE_CURVE('',#5883,(#5886,#5893),.PCURVE_S1.);
#5883 = B_SPLINE_CURVE_WITH_KNOTS('',1,(#5884,#5885),.UNSPECIFIED.,.F.,
  .F.,(2,2),(0.,1.),.PIECEWISE_BEZIER_KNOTS.);
#5884 = CARTESIAN_POINT('',(-17.38655226579,-13.1,-20.));
#5885 = CARTESIAN_POINT('',(10.15965679738,-13.1,60.));
#5886 = PCURVE('',#3288,#5887);
#5887 = DEFINITIONAL_REPRESENTATION('',(#5888),#5892);
#5888 = LINE('',#5889,#5890);
#5889 = CARTESIAN_POINT('',(41.119832237205,0.));
#5890 = VECTOR('',#5891,1.);
#5891 = DIRECTION('',(0.,1.));
#5892 = ( GEOMETRIC_REPRESENTATION_CONTEXT(2) 
PARAMETRIC_REPRESENTATION_CONTEXT() REPRESENTATION_CONTEXT('2D SPACE',''
  ) );
#5893 = PCURVE('',#2926,#5894);
#5894 = DEFINITIONAL_REPRESENTATION('',(#5895),#5898);
#5895 = B_SPLINE_CURVE_WITH_KNOTS('',1,(#5896,#5897),.UNSPECIFIED.,.F.,
  .F.,(2,2),(0.,1.),.PIECEWISE_BEZIER_KNOTS.);
#5896 = CARTESIAN_POINT('',(0.,-84.60965449493));
#5897 = CARTESIAN_POINT('',(0.,0.));
#5898 = ( GEOMETRIC_REPRESENTATION_CONTEXT(2) 
PARAMETRIC_REPRESENTATION_CONTEXT() REPRESENTATION_CONTEXT('2D SPACE',''
  ) );
#5899 = ORIENTED_EDGE('',*,*,#2938,.T.);
#5900 = ORIENTED_EDGE('',*,*,#5001,.F.);
#5901 = ADVANCED_FACE('',(#5902),#2926,.F.);
#5902 = FACE_BOUND('',#5903,.F.);
#5903 = EDGE_LOOP('',(#5904,#5905,#5906,#5907));
#5904 = ORIENTED_EDGE('',*,*,#5881,.F.);
#5905 = ORIENTED_EDGE('',*,*,#5174,.T.);
#5906 = ORIENTED_EDGE('',*,*,#5848,.T.);
#5907 = ORIENTED_EDGE('',*,*,#2910,.F.);
#5908 = ADVANCED_FACE('',(#5909),#3541,.T.);
#5909 = FACE_BOUND('',#5910,.F.);
#5910 = EDGE_LOOP('',(#5911,#5912,#5935,#5962));
#5911 = ORIENTED_EDGE('',*,*,#3520,.T.);
#5912 = ORIENTED_EDGE('',*,*,#5913,.T.);
#5913 = EDGE_CURVE('',#3521,#5914,#5916,.T.);
#5914 = VERTEX_POINT('',#5915);
#5915 = CARTESIAN_POINT('',(-7.622689546841,-17.375,5.85));
#5916 = SEAM_CURVE('',#5917,(#5921,#5928),.PCURVE_S1.);
#5917 = LINE('',#5918,#5919);
#5918 = CARTESIAN_POINT('',(-7.622689546841,-17.375,3.4));
#5919 = VECTOR('',#5920,1.);
#5920 = DIRECTION('',(0.,0.,1.));
#5921 = PCURVE('',#3541,#5922);
#5922 = DEFINITIONAL_REPRESENTATION('',(#5923),#5927);
#5923 = LINE('',#5924,#5925);
#5924 = CARTESIAN_POINT('',(-6.28318530718,0.));
#5925 = VECTOR('',#5926,1.);
#5926 = DIRECTION('',(-0.,-1.));
#5927 = ( GEOMETRIC_REPRESENTATION_CONTEXT(2) 
PARAMETRIC_REPRESENTATION_CONTEXT() REPRESENTATION_CONTEXT('2D SPACE',''
  ) );
#5928 = PCURVE('',#3541,#5929);
#5929 = DEFINITIONAL_REPRESENTATION('',(#5930),#5934);
#5930 = LINE('',#5931,#5932);
#5931 = CARTESIAN_POINT('',(-0.,0.));
#5932 = VECTOR('',#5933,1.);
#5933 = DIRECTION('',(-0.,-1.));
#5934 = ( GEOMETRIC_REPRESENTATION_CONTEXT(2) 
PARAMETRIC_REPRESENTATION_CONTEXT() REPRESENTATION_CONTEXT('2D SPACE',''
  ) );
#5935 = ORIENTED_EDGE('',*,*,#5936,.T.);
#5936 = EDGE_CURVE('',#5914,#5914,#5937,.T.);
#5937 = SURFACE_CURVE('',#5938,(#5943,#5950),.PCURVE_S1.);
#5938 = CIRCLE('',#5939,1.5);
#5939 = AXIS2_PLACEMENT_3D('',#5940,#5941,#5942);
#5940 = CARTESIAN_POINT('',(-9.122689546841,-17.375,5.85));
#5941 = DIRECTION('',(0.,0.,1.));
#5942 = DIRECTION('',(1.,0.,0.));
#5943 = PCURVE('',#3541,#5944);
#5944 = DEFINITIONAL_REPRESENTATION('',(#5945),#5949);
#5945 = LINE('',#5946,#5947);
#5946 = CARTESIAN_POINT('',(-0.,-2.45));
#5947 = VECTOR('',#5948,1.);
#5948 = DIRECTION('',(-1.,0.));
#5949 = ( GEOMETRIC_REPRESENTATION_CONTEXT(2) 
PARAMETRIC_REPRESENTATION_CONTEXT() REPRESENTATION_CONTEXT('2D SPACE',''
  ) );
#5950 = PCURVE('',#5951,#5956);
#5951 = PLANE('',#5952);
#5952 = AXIS2_PLACEMENT_3D('',#5953,#5954,#5955);
#5953 = CARTESIAN_POINT('',(-9.122689546841,-17.375,5.85));
#5954 = DIRECTION('',(0.,0.,1.));
#5955 = DIRECTION('',(1.,0.,0.));
#5956 = DEFINITIONAL_REPRESENTATION('',(#5957),#5961);
#5957 = CIRCLE('',#5958,1.5);
#5958 = AXIS2_PLACEMENT_2D('',#5959,#5960);
#5959 = CARTESIAN_POINT('',(0.,0.));
#5960 = DIRECTION('',(1.,0.));
#5961 = ( GEOMETRIC_REPRESENTATION_CONTEXT(2) 
PARAMETRIC_REPRESENTATION_CONTEXT() REPRESENTATION_CONTEXT('2D SPACE',''
  ) );
#5962 = ORIENTED_EDGE('',*,*,#5913,.F.);
#5963 = ADVANCED_FACE('',(#5964),#3573,.F.);
#5964 = FACE_BOUND('',#5965,.F.);
#5965 = EDGE_LOOP('',(#5966,#5996,#6017,#6018));
#5966 = ORIENTED_EDGE('',*,*,#5967,.F.);
#5967 = EDGE_CURVE('',#5968,#5970,#5972,.T.);
#5968 = VERTEX_POINT('',#5969);
#5969 = CARTESIAN_POINT('',(9.105318265659,-20.20000020345,3.4));
#5970 = VERTEX_POINT('',#5971);
#5971 = CARTESIAN_POINT('',(9.105318265659,-18.24399759928,3.4));
#5972 = SURFACE_CURVE('',#5973,(#5977,#5984),.PCURVE_S1.);
#5973 = LINE('',#5974,#5975);
#5974 = CARTESIAN_POINT('',(9.105318265659,-20.20000020345,3.4));
#5975 = VECTOR('',#5976,1.);
#5976 = DIRECTION('',(0.,1.,0.));
#5977 = PCURVE('',#3573,#5978);
#5978 = DEFINITIONAL_REPRESENTATION('',(#5979),#5983);
#5979 = LINE('',#5980,#5981);
#5980 = CARTESIAN_POINT('',(0.,0.));
#5981 = VECTOR('',#5982,1.);
#5982 = DIRECTION('',(1.,0.));
#5983 = ( GEOMETRIC_REPRESENTATION_CONTEXT(2) 
PARAMETRIC_REPRESENTATION_CONTEXT() REPRESENTATION_CONTEXT('2D SPACE',''
  ) );
#5984 = PCURVE('',#5985,#5990);
#5985 = PLANE('',#5986);
#5986 = AXIS2_PLACEMENT_3D('',#5987,#5988,#5989);
#5987 = CARTESIAN_POINT('',(8.153313057325,-20.20000020345,3.4));
#5988 = DIRECTION('',(0.,0.,1.));
#5989 = DIRECTION('',(1.,0.,0.));
#5990 = DEFINITIONAL_REPRESENTATION('',(#5991),#5995);
#5991 = LINE('',#5992,#5993);
#5992 = CARTESIAN_POINT('',(0.952005208333,0.));
#5993 = VECTOR('',#5994,1.);
#5994 = DIRECTION('',(0.,1.));
#5995 = ( GEOMETRIC_REPRESENTATION_CONTEXT(2) 
PARAMETRIC_REPRESENTATION_CONTEXT() REPRESENTATION_CONTEXT('2D SPACE',''
  ) );
#5996 = ORIENTED_EDGE('',*,*,#5997,.T.);
#5997 = EDGE_CURVE('',#5968,#3558,#5998,.T.);
#5998 = SURFACE_CURVE('',#5999,(#6003,#6010),.PCURVE_S1.);
#5999 = LINE('',#6000,#6001);
#6000 = CARTESIAN_POINT('',(9.105318265659,-20.20000020345,3.4));
#6001 = VECTOR('',#6002,1.);
#6002 = DIRECTION('',(0.,0.,1.));
#6003 = PCURVE('',#3573,#6004);
#6004 = DEFINITIONAL_REPRESENTATION('',(#6005),#6009);
#6005 = LINE('',#6006,#6007);
#6006 = CARTESIAN_POINT('',(0.,0.));
#6007 = VECTOR('',#6008,1.);
#6008 = DIRECTION('',(0.,-1.));
#6009 = ( GEOMETRIC_REPRESENTATION_CONTEXT(2) 
PARAMETRIC_REPRESENTATION_CONTEXT() REPRESENTATION_CONTEXT('2D SPACE',''
  ) );
#6010 = PCURVE('',#3813,#6011);
#6011 = DEFINITIONAL_REPRESENTATION('',(#6012),#6016);
#6012 = LINE('',#6013,#6014);
#6013 = CARTESIAN_POINT('',(0.56,0.));
#6014 = VECTOR('',#6015,1.);
#6015 = DIRECTION('',(0.,-1.));
#6016 = ( GEOMETRIC_REPRESENTATION_CONTEXT(2) 
PARAMETRIC_REPRESENTATION_CONTEXT() REPRESENTATION_CONTEXT('2D SPACE',''
  ) );
#6017 = ORIENTED_EDGE('',*,*,#3555,.F.);
#6018 = ORIENTED_EDGE('',*,*,#6019,.F.);
#6019 = EDGE_CURVE('',#5970,#3556,#6020,.T.);
#6020 = SURFACE_CURVE('',#6021,(#6025,#6032),.PCURVE_S1.);
#6021 = LINE('',#6022,#6023);
#6022 = CARTESIAN_POINT('',(9.105318265659,-18.24399759928,3.4));
#6023 = VECTOR('',#6024,1.);
#6024 = DIRECTION('',(0.,0.,1.));
#6025 = PCURVE('',#3573,#6026);
#6026 = DEFINITIONAL_REPRESENTATION('',(#6027),#6031);
#6027 = LINE('',#6028,#6029);
#6028 = CARTESIAN_POINT('',(1.956002604167,0.));
#6029 = VECTOR('',#6030,1.);
#6030 = DIRECTION('',(0.,-1.));
#6031 = ( GEOMETRIC_REPRESENTATION_CONTEXT(2) 
PARAMETRIC_REPRESENTATION_CONTEXT() REPRESENTATION_CONTEXT('2D SPACE',''
  ) );
#6032 = PCURVE('',#3601,#6033);
#6033 = DEFINITIONAL_REPRESENTATION('',(#6034),#6038);
#6034 = LINE('',#6035,#6036);
#6035 = CARTESIAN_POINT('',(0.,-0.));
#6036 = VECTOR('',#6037,1.);
#6037 = DIRECTION('',(0.,-1.));
#6038 = ( GEOMETRIC_REPRESENTATION_CONTEXT(2) 
PARAMETRIC_REPRESENTATION_CONTEXT() REPRESENTATION_CONTEXT('2D SPACE',''
  ) );
#6039 = ADVANCED_FACE('',(#6040),#3601,.F.);
#6040 = FACE_BOUND('',#6041,.F.);
#6041 = EDGE_LOOP('',(#6042,#6065,#6066,#6067));
#6042 = ORIENTED_EDGE('',*,*,#6043,.F.);
#6043 = EDGE_CURVE('',#5970,#6044,#6046,.T.);
#6044 = VERTEX_POINT('',#6045);
#6045 = CARTESIAN_POINT('',(8.425318265659,-18.24399759928,3.4));
#6046 = SURFACE_CURVE('',#6047,(#6051,#6058),.PCURVE_S1.);
#6047 = LINE('',#6048,#6049);
#6048 = CARTESIAN_POINT('',(9.105318265659,-18.24399759928,3.4));
#6049 = VECTOR('',#6050,1.);
#6050 = DIRECTION('',(-1.,0.,0.));
#6051 = PCURVE('',#3601,#6052);
#6052 = DEFINITIONAL_REPRESENTATION('',(#6053),#6057);
#6053 = LINE('',#6054,#6055);
#6054 = CARTESIAN_POINT('',(0.,-0.));
#6055 = VECTOR('',#6056,1.);
#6056 = DIRECTION('',(1.,0.));
#6057 = ( GEOMETRIC_REPRESENTATION_CONTEXT(2) 
PARAMETRIC_REPRESENTATION_CONTEXT() REPRESENTATION_CONTEXT('2D SPACE',''
  ) );
#6058 = PCURVE('',#5985,#6059);
#6059 = DEFINITIONAL_REPRESENTATION('',(#6060),#6064);
#6060 = LINE('',#6061,#6062);
#6061 = CARTESIAN_POINT('',(0.952005208333,1.956002604167));
#6062 = VECTOR('',#6063,1.);
#6063 = DIRECTION('',(-1.,0.));
#6064 = ( GEOMETRIC_REPRESENTATION_CONTEXT(2) 
PARAMETRIC_REPRESENTATION_CONTEXT() REPRESENTATION_CONTEXT('2D SPACE',''
  ) );
#6065 = ORIENTED_EDGE('',*,*,#6019,.T.);
#6066 = ORIENTED_EDGE('',*,*,#3585,.F.);
#6067 = ORIENTED_EDGE('',*,*,#6068,.F.);
#6068 = EDGE_CURVE('',#6044,#3586,#6069,.T.);
#6069 = SURFACE_CURVE('',#6070,(#6074,#6081),.PCURVE_S1.);
#6070 = LINE('',#6071,#6072);
#6071 = CARTESIAN_POINT('',(8.425318265659,-18.24399759928,3.4));
#6072 = VECTOR('',#6073,1.);
#6073 = DIRECTION('',(0.,0.,1.));
#6074 = PCURVE('',#3601,#6075);
#6075 = DEFINITIONAL_REPRESENTATION('',(#6076),#6080);
#6076 = LINE('',#6077,#6078);
#6077 = CARTESIAN_POINT('',(0.68,0.));
#6078 = VECTOR('',#6079,1.);
#6079 = DIRECTION('',(0.,-1.));
#6080 = ( GEOMETRIC_REPRESENTATION_CONTEXT(2) 
PARAMETRIC_REPRESENTATION_CONTEXT() REPRESENTATION_CONTEXT('2D SPACE',''
  ) );
#6081 = PCURVE('',#3629,#6082);
#6082 = DEFINITIONAL_REPRESENTATION('',(#6083),#6087);
#6083 = LINE('',#6084,#6085);
#6084 = CARTESIAN_POINT('',(0.,0.));
#6085 = VECTOR('',#6086,1.);
#6086 = DIRECTION('',(0.,-1.));
#6087 = ( GEOMETRIC_REPRESENTATION_CONTEXT(2) 
PARAMETRIC_REPRESENTATION_CONTEXT() REPRESENTATION_CONTEXT('2D SPACE',''
  ) );
#6088 = ADVANCED_FACE('',(#6089),#3813,.F.);
#6089 = FACE_BOUND('',#6090,.F.);
#6090 = EDGE_LOOP('',(#6091,#6114,#6135,#6136));
#6091 = ORIENTED_EDGE('',*,*,#6092,.F.);
#6092 = EDGE_CURVE('',#6093,#5968,#6095,.T.);
#6093 = VERTEX_POINT('',#6094);
#6094 = CARTESIAN_POINT('',(9.665318265659,-20.20000020345,3.4));
#6095 = SURFACE_CURVE('',#6096,(#6100,#6107),.PCURVE_S1.);
#6096 = LINE('',#6097,#6098);
#6097 = CARTESIAN_POINT('',(9.665318265659,-20.20000020345,3.4));
#6098 = VECTOR('',#6099,1.);
#6099 = DIRECTION('',(-1.,0.,0.));
#6100 = PCURVE('',#3813,#6101);
#6101 = DEFINITIONAL_REPRESENTATION('',(#6102),#6106);
#6102 = LINE('',#6103,#6104);
#6103 = CARTESIAN_POINT('',(0.,-0.));
#6104 = VECTOR('',#6105,1.);
#6105 = DIRECTION('',(1.,0.));
#6106 = ( GEOMETRIC_REPRESENTATION_CONTEXT(2) 
PARAMETRIC_REPRESENTATION_CONTEXT() REPRESENTATION_CONTEXT('2D SPACE',''
  ) );
#6107 = PCURVE('',#5985,#6108);
#6108 = DEFINITIONAL_REPRESENTATION('',(#6109),#6113);
#6109 = LINE('',#6110,#6111);
#6110 = CARTESIAN_POINT('',(1.512005208333,0.));
#6111 = VECTOR('',#6112,1.);
#6112 = DIRECTION('',(-1.,0.));
#6113 = ( GEOMETRIC_REPRESENTATION_CONTEXT(2) 
PARAMETRIC_REPRESENTATION_CONTEXT() REPRESENTATION_CONTEXT('2D SPACE',''
  ) );
#6114 = ORIENTED_EDGE('',*,*,#6115,.T.);
#6115 = EDGE_CURVE('',#6093,#3772,#6116,.T.);
#6116 = SURFACE_CURVE('',#6117,(#6121,#6128),.PCURVE_S1.);
#6117 = LINE('',#6118,#6119);
#6118 = CARTESIAN_POINT('',(9.665318265659,-20.20000020345,3.4));
#6119 = VECTOR('',#6120,1.);
#6120 = DIRECTION('',(0.,0.,1.));
#6121 = PCURVE('',#3813,#6122);
#6122 = DEFINITIONAL_REPRESENTATION('',(#6123),#6127);
#6123 = LINE('',#6124,#6125);
#6124 = CARTESIAN_POINT('',(0.,-0.));
#6125 = VECTOR('',#6126,1.);
#6126 = DIRECTION('',(0.,-1.));
#6127 = ( GEOMETRIC_REPRESENTATION_CONTEXT(2) 
PARAMETRIC_REPRESENTATION_CONTEXT() REPRESENTATION_CONTEXT('2D SPACE',''
  ) );
#6128 = PCURVE('',#3787,#6129);
#6129 = DEFINITIONAL_REPRESENTATION('',(#6130),#6134);
#6130 = LINE('',#6131,#6132);
#6131 = CARTESIAN_POINT('',(2.836002604167,0.));
#6132 = VECTOR('',#6133,1.);
#6133 = DIRECTION('',(0.,-1.));
#6134 = ( GEOMETRIC_REPRESENTATION_CONTEXT(2) 
PARAMETRIC_REPRESENTATION_CONTEXT() REPRESENTATION_CONTEXT('2D SPACE',''
  ) );
#6135 = ORIENTED_EDGE('',*,*,#3799,.F.);
#6136 = ORIENTED_EDGE('',*,*,#5997,.F.);
#6137 = ADVANCED_FACE('',(#6138),#3629,.F.);
#6138 = FACE_BOUND('',#6139,.F.);
#6139 = EDGE_LOOP('',(#6140,#6163,#6164,#6165));
#6140 = ORIENTED_EDGE('',*,*,#6141,.F.);
#6141 = EDGE_CURVE('',#6044,#6142,#6144,.T.);
#6142 = VERTEX_POINT('',#6143);
#6143 = CARTESIAN_POINT('',(8.425318265659,-17.87200541178,3.4));
#6144 = SURFACE_CURVE('',#6145,(#6149,#6156),.PCURVE_S1.);
#6145 = LINE('',#6146,#6147);
#6146 = CARTESIAN_POINT('',(8.425318265659,-18.24399759928,3.4));
#6147 = VECTOR('',#6148,1.);
#6148 = DIRECTION('',(0.,1.,0.));
#6149 = PCURVE('',#3629,#6150);
#6150 = DEFINITIONAL_REPRESENTATION('',(#6151),#6155);
#6151 = LINE('',#6152,#6153);
#6152 = CARTESIAN_POINT('',(-3.552713678801E-15,0.));
#6153 = VECTOR('',#6154,1.);
#6154 = DIRECTION('',(1.,0.));
#6155 = ( GEOMETRIC_REPRESENTATION_CONTEXT(2) 
PARAMETRIC_REPRESENTATION_CONTEXT() REPRESENTATION_CONTEXT('2D SPACE',''
  ) );
#6156 = PCURVE('',#5985,#6157);
#6157 = DEFINITIONAL_REPRESENTATION('',(#6158),#6162);
#6158 = LINE('',#6159,#6160);
#6159 = CARTESIAN_POINT('',(0.272005208333,1.956002604167));
#6160 = VECTOR('',#6161,1.);
#6161 = DIRECTION('',(0.,1.));
#6162 = ( GEOMETRIC_REPRESENTATION_CONTEXT(2) 
PARAMETRIC_REPRESENTATION_CONTEXT() REPRESENTATION_CONTEXT('2D SPACE',''
  ) );
#6163 = ORIENTED_EDGE('',*,*,#6068,.T.);
#6164 = ORIENTED_EDGE('',*,*,#3613,.F.);
#6165 = ORIENTED_EDGE('',*,*,#6166,.F.);
#6166 = EDGE_CURVE('',#6142,#3614,#6167,.T.);
#6167 = SURFACE_CURVE('',#6168,(#6172,#6179),.PCURVE_S1.);
#6168 = LINE('',#6169,#6170);
#6169 = CARTESIAN_POINT('',(8.425318265659,-17.87200541178,3.4));
#6170 = VECTOR('',#6171,1.);
#6171 = DIRECTION('',(0.,0.,1.));
#6172 = PCURVE('',#3629,#6173);
#6173 = DEFINITIONAL_REPRESENTATION('',(#6174),#6178);
#6174 = LINE('',#6175,#6176);
#6175 = CARTESIAN_POINT('',(0.3719921875,0.));
#6176 = VECTOR('',#6177,1.);
#6177 = DIRECTION('',(0.,-1.));
#6178 = ( GEOMETRIC_REPRESENTATION_CONTEXT(2) 
PARAMETRIC_REPRESENTATION_CONTEXT() REPRESENTATION_CONTEXT('2D SPACE',''
  ) );
#6179 = PCURVE('',#3705,#6180);
#6180 = DEFINITIONAL_REPRESENTATION('',(#6181),#6185);
#6181 = LINE('',#6182,#6183);
#6182 = CARTESIAN_POINT('',(0.,0.));
#6183 = VECTOR('',#6184,1.);
#6184 = DIRECTION('',(0.,-1.));
#6185 = ( GEOMETRIC_REPRESENTATION_CONTEXT(2) 
PARAMETRIC_REPRESENTATION_CONTEXT() REPRESENTATION_CONTEXT('2D SPACE',''
  ) );
#6186 = ADVANCED_FACE('',(#6187),#3787,.F.);
#6187 = FACE_BOUND('',#6188,.F.);
#6188 = EDGE_LOOP('',(#6189,#6212,#6233,#6234));
#6189 = ORIENTED_EDGE('',*,*,#6190,.F.);
#6190 = EDGE_CURVE('',#6191,#6093,#6193,.T.);
#6191 = VERTEX_POINT('',#6192);
#6192 = CARTESIAN_POINT('',(9.665318265659,-17.36399759928,3.4));
#6193 = SURFACE_CURVE('',#6194,(#6198,#6205),.PCURVE_S1.);
#6194 = LINE('',#6195,#6196);
#6195 = CARTESIAN_POINT('',(9.665318265659,-17.36399759928,3.4));
#6196 = VECTOR('',#6197,1.);
#6197 = DIRECTION('',(0.,-1.,0.));
#6198 = PCURVE('',#3787,#6199);
#6199 = DEFINITIONAL_REPRESENTATION('',(#6200),#6204);
#6200 = LINE('',#6201,#6202);
#6201 = CARTESIAN_POINT('',(0.,0.));
#6202 = VECTOR('',#6203,1.);
#6203 = DIRECTION('',(1.,0.));
#6204 = ( GEOMETRIC_REPRESENTATION_CONTEXT(2) 
PARAMETRIC_REPRESENTATION_CONTEXT() REPRESENTATION_CONTEXT('2D SPACE',''
  ) );
#6205 = PCURVE('',#5985,#6206);
#6206 = DEFINITIONAL_REPRESENTATION('',(#6207),#6211);
#6207 = LINE('',#6208,#6209);
#6208 = CARTESIAN_POINT('',(1.512005208333,2.836002604167));
#6209 = VECTOR('',#6210,1.);
#6210 = DIRECTION('',(0.,-1.));
#6211 = ( GEOMETRIC_REPRESENTATION_CONTEXT(2) 
PARAMETRIC_REPRESENTATION_CONTEXT() REPRESENTATION_CONTEXT('2D SPACE',''
  ) );
#6212 = ORIENTED_EDGE('',*,*,#6213,.T.);
#6213 = EDGE_CURVE('',#6191,#3744,#6214,.T.);
#6214 = SURFACE_CURVE('',#6215,(#6219,#6226),.PCURVE_S1.);
#6215 = LINE('',#6216,#6217);
#6216 = CARTESIAN_POINT('',(9.665318265659,-17.36399759928,3.4));
#6217 = VECTOR('',#6218,1.);
#6218 = DIRECTION('',(0.,0.,1.));
#6219 = PCURVE('',#3787,#6220);
#6220 = DEFINITIONAL_REPRESENTATION('',(#6221),#6225);
#6221 = LINE('',#6222,#6223);
#6222 = CARTESIAN_POINT('',(0.,0.));
#6223 = VECTOR('',#6224,1.);
#6224 = DIRECTION('',(0.,-1.));
#6225 = ( GEOMETRIC_REPRESENTATION_CONTEXT(2) 
PARAMETRIC_REPRESENTATION_CONTEXT() REPRESENTATION_CONTEXT('2D SPACE',''
  ) );
#6226 = PCURVE('',#3759,#6227);
#6227 = DEFINITIONAL_REPRESENTATION('',(#6228),#6232);
#6228 = LINE('',#6229,#6230);
#6229 = CARTESIAN_POINT('',(0.372005208333,0.));
#6230 = VECTOR('',#6231,1.);
#6231 = DIRECTION('',(0.,-1.));
#6232 = ( GEOMETRIC_REPRESENTATION_CONTEXT(2) 
PARAMETRIC_REPRESENTATION_CONTEXT() REPRESENTATION_CONTEXT('2D SPACE',''
  ) );
#6233 = ORIENTED_EDGE('',*,*,#3771,.F.);
#6234 = ORIENTED_EDGE('',*,*,#6115,.F.);
#6235 = ADVANCED_FACE('',(#6236),#3705,.F.);
#6236 = FACE_BOUND('',#6237,.F.);
#6237 = EDGE_LOOP('',(#6238,#6261,#6262,#6263));
#6238 = ORIENTED_EDGE('',*,*,#6239,.F.);
#6239 = EDGE_CURVE('',#6142,#6240,#6242,.T.);
#6240 = VERTEX_POINT('',#6241);
#6241 = CARTESIAN_POINT('',(9.293313057325,-17.36399759928,3.4));
#6242 = SURFACE_CURVE('',#6243,(#6247,#6254),.PCURVE_S1.);
#6243 = B_SPLINE_CURVE_WITH_KNOTS('',2,(#6244,#6245,#6246),
  .UNSPECIFIED.,.F.,.F.,(3,3),(0.,1.),.PIECEWISE_BEZIER_KNOTS.);
#6244 = CARTESIAN_POINT('',(8.425318265659,-17.87200541178,3.4));
#6245 = CARTESIAN_POINT('',(9.161307848992,-17.87200541178,3.4));
#6246 = CARTESIAN_POINT('',(9.293313057325,-17.36399759928,3.4));
#6247 = PCURVE('',#3705,#6248);
#6248 = DEFINITIONAL_REPRESENTATION('',(#6249),#6253);
#6249 = LINE('',#6250,#6251);
#6250 = CARTESIAN_POINT('',(0.,0.));
#6251 = VECTOR('',#6252,1.);
#6252 = DIRECTION('',(1.,0.));
#6253 = ( GEOMETRIC_REPRESENTATION_CONTEXT(2) 
PARAMETRIC_REPRESENTATION_CONTEXT() REPRESENTATION_CONTEXT('2D SPACE',''
  ) );
#6254 = PCURVE('',#5985,#6255);
#6255 = DEFINITIONAL_REPRESENTATION('',(#6256),#6260);
#6256 = B_SPLINE_CURVE_WITH_KNOTS('',2,(#6257,#6258,#6259),
  .UNSPECIFIED.,.F.,.F.,(3,3),(0.,1.),.PIECEWISE_BEZIER_KNOTS.);
#6257 = CARTESIAN_POINT('',(0.272005208333,2.327994791667));
#6258 = CARTESIAN_POINT('',(1.007994791667,2.327994791667));
#6259 = CARTESIAN_POINT('',(1.14,2.836002604167));
#6260 = ( GEOMETRIC_REPRESENTATION_CONTEXT(2) 
PARAMETRIC_REPRESENTATION_CONTEXT() REPRESENTATION_CONTEXT('2D SPACE',''
  ) );
#6261 = ORIENTED_EDGE('',*,*,#6166,.T.);
#6262 = ORIENTED_EDGE('',*,*,#3641,.F.);
#6263 = ORIENTED_EDGE('',*,*,#6264,.F.);
#6264 = EDGE_CURVE('',#6240,#3642,#6265,.T.);
#6265 = SURFACE_CURVE('',#6266,(#6270,#6277),.PCURVE_S1.);
#6266 = LINE('',#6267,#6268);
#6267 = CARTESIAN_POINT('',(9.293313057325,-17.36399759928,3.4));
#6268 = VECTOR('',#6269,1.);
#6269 = DIRECTION('',(0.,0.,1.));
#6270 = PCURVE('',#3705,#6271);
#6271 = DEFINITIONAL_REPRESENTATION('',(#6272),#6276);
#6272 = LINE('',#6273,#6274);
#6273 = CARTESIAN_POINT('',(1.,0.));
#6274 = VECTOR('',#6275,1.);
#6275 = DIRECTION('',(0.,-1.));
#6276 = ( GEOMETRIC_REPRESENTATION_CONTEXT(2) 
PARAMETRIC_REPRESENTATION_CONTEXT() REPRESENTATION_CONTEXT('2D SPACE',''
  ) );
#6277 = PCURVE('',#3759,#6278);
#6278 = DEFINITIONAL_REPRESENTATION('',(#6279),#6283);
#6279 = LINE('',#6280,#6281);
#6280 = CARTESIAN_POINT('',(0.,0.));
#6281 = VECTOR('',#6282,1.);
#6282 = DIRECTION('',(0.,-1.));
#6283 = ( GEOMETRIC_REPRESENTATION_CONTEXT(2) 
PARAMETRIC_REPRESENTATION_CONTEXT() REPRESENTATION_CONTEXT('2D SPACE',''
  ) );
#6284 = ADVANCED_FACE('',(#6285),#3759,.F.);
#6285 = FACE_BOUND('',#6286,.F.);
#6286 = EDGE_LOOP('',(#6287,#6308,#6309,#6310));
#6287 = ORIENTED_EDGE('',*,*,#6288,.F.);
#6288 = EDGE_CURVE('',#6240,#6191,#6289,.T.);
#6289 = SURFACE_CURVE('',#6290,(#6294,#6301),.PCURVE_S1.);
#6290 = LINE('',#6291,#6292);
#6291 = CARTESIAN_POINT('',(9.293313057325,-17.36399759928,3.4));
#6292 = VECTOR('',#6293,1.);
#6293 = DIRECTION('',(1.,0.,0.));
#6294 = PCURVE('',#3759,#6295);
#6295 = DEFINITIONAL_REPRESENTATION('',(#6296),#6300);
#6296 = LINE('',#6297,#6298);
#6297 = CARTESIAN_POINT('',(0.,0.));
#6298 = VECTOR('',#6299,1.);
#6299 = DIRECTION('',(1.,0.));
#6300 = ( GEOMETRIC_REPRESENTATION_CONTEXT(2) 
PARAMETRIC_REPRESENTATION_CONTEXT() REPRESENTATION_CONTEXT('2D SPACE',''
  ) );
#6301 = PCURVE('',#5985,#6302);
#6302 = DEFINITIONAL_REPRESENTATION('',(#6303),#6307);
#6303 = LINE('',#6304,#6305);
#6304 = CARTESIAN_POINT('',(1.14,2.836002604167));
#6305 = VECTOR('',#6306,1.);
#6306 = DIRECTION('',(1.,0.));
#6307 = ( GEOMETRIC_REPRESENTATION_CONTEXT(2) 
PARAMETRIC_REPRESENTATION_CONTEXT() REPRESENTATION_CONTEXT('2D SPACE',''
  ) );
#6308 = ORIENTED_EDGE('',*,*,#6264,.T.);
#6309 = ORIENTED_EDGE('',*,*,#3743,.F.);
#6310 = ORIENTED_EDGE('',*,*,#6213,.F.);
#6311 = ADVANCED_FACE('',(#6312),#3851,.F.);
#6312 = FACE_BOUND('',#6313,.F.);
#6313 = EDGE_LOOP('',(#6314,#6344,#6365,#6366));
#6314 = ORIENTED_EDGE('',*,*,#6315,.F.);
#6315 = EDGE_CURVE('',#6316,#6318,#6320,.T.);
#6316 = VERTEX_POINT('',#6317);
#6317 = CARTESIAN_POINT('',(12.441307848992,-18.72000020345,3.4));
#6318 = VERTEX_POINT('',#6319);
#6319 = CARTESIAN_POINT('',(12.373306546909,-19.3959962972,3.4));
#6320 = SURFACE_CURVE('',#6321,(#6325,#6332),.PCURVE_S1.);
#6321 = B_SPLINE_CURVE_WITH_KNOTS('',2,(#6322,#6323,#6324),
  .UNSPECIFIED.,.F.,.F.,(3,3),(0.,1.),.PIECEWISE_BEZIER_KNOTS.);
#6322 = CARTESIAN_POINT('',(12.441307848992,-18.72000020345,3.4));
#6323 = CARTESIAN_POINT('',(12.441307848992,-19.10399759928,3.4));
#6324 = CARTESIAN_POINT('',(12.373306546909,-19.3959962972,3.4));
#6325 = PCURVE('',#3851,#6326);
#6326 = DEFINITIONAL_REPRESENTATION('',(#6327),#6331);
#6327 = LINE('',#6328,#6329);
#6328 = CARTESIAN_POINT('',(0.,0.));
#6329 = VECTOR('',#6330,1.);
#6330 = DIRECTION('',(1.,0.));
#6331 = ( GEOMETRIC_REPRESENTATION_CONTEXT(2) 
PARAMETRIC_REPRESENTATION_CONTEXT() REPRESENTATION_CONTEXT('2D SPACE',''
  ) );
#6332 = PCURVE('',#6333,#6338);
#6333 = PLANE('',#6334);
#6334 = AXIS2_PLACEMENT_3D('',#6335,#6336,#6337);
#6335 = CARTESIAN_POINT('',(10.377310453159,-20.20000020345,3.4));
#6336 = DIRECTION('',(0.,0.,1.));
#6337 = DIRECTION('',(1.,0.,0.));
#6338 = DEFINITIONAL_REPRESENTATION('',(#6339),#6343);
#6339 = B_SPLINE_CURVE_WITH_KNOTS('',2,(#6340,#6341,#6342),
  .UNSPECIFIED.,.F.,.F.,(3,3),(0.,1.),.PIECEWISE_BEZIER_KNOTS.);
#6340 = CARTESIAN_POINT('',(2.063997395833,1.48));
#6341 = CARTESIAN_POINT('',(2.063997395833,1.096002604167));
#6342 = CARTESIAN_POINT('',(1.99599609375,0.80400390625));
#6343 = ( GEOMETRIC_REPRESENTATION_CONTEXT(2) 
PARAMETRIC_REPRESENTATION_CONTEXT() REPRESENTATION_CONTEXT('2D SPACE',''
  ) );
#6344 = ORIENTED_EDGE('',*,*,#6345,.T.);
#6345 = EDGE_CURVE('',#6316,#3830,#6346,.T.);
#6346 = SURFACE_CURVE('',#6347,(#6351,#6358),.PCURVE_S1.);
#6347 = LINE('',#6348,#6349);
#6348 = CARTESIAN_POINT('',(12.441307848992,-18.72000020345,3.4));
#6349 = VECTOR('',#6350,1.);
#6350 = DIRECTION('',(0.,0.,1.));
#6351 = PCURVE('',#3851,#6352);
#6352 = DEFINITIONAL_REPRESENTATION('',(#6353),#6357);
#6353 = LINE('',#6354,#6355);
#6354 = CARTESIAN_POINT('',(0.,0.));
#6355 = VECTOR('',#6356,1.);
#6356 = DIRECTION('',(0.,-1.));
#6357 = ( GEOMETRIC_REPRESENTATION_CONTEXT(2) 
PARAMETRIC_REPRESENTATION_CONTEXT() REPRESENTATION_CONTEXT('2D SPACE',''
  ) );
#6358 = PCURVE('',#4981,#6359);
#6359 = DEFINITIONAL_REPRESENTATION('',(#6360),#6364);
#6360 = LINE('',#6361,#6362);
#6361 = CARTESIAN_POINT('',(1.,0.));
#6362 = VECTOR('',#6363,1.);
#6363 = DIRECTION('',(0.,-1.));
#6364 = ( GEOMETRIC_REPRESENTATION_CONTEXT(2) 
PARAMETRIC_REPRESENTATION_CONTEXT() REPRESENTATION_CONTEXT('2D SPACE',''
  ) );
#6365 = ORIENTED_EDGE('',*,*,#3827,.F.);
#6366 = ORIENTED_EDGE('',*,*,#6367,.F.);
#6367 = EDGE_CURVE('',#6318,#3828,#6368,.T.);
#6368 = SURFACE_CURVE('',#6369,(#6373,#6380),.PCURVE_S1.);
#6369 = LINE('',#6370,#6371);
#6370 = CARTESIAN_POINT('',(12.373306546909,-19.3959962972,3.4));
#6371 = VECTOR('',#6372,1.);
#6372 = DIRECTION('',(0.,0.,1.));
#6373 = PCURVE('',#3851,#6374);
#6374 = DEFINITIONAL_REPRESENTATION('',(#6375),#6379);
#6375 = LINE('',#6376,#6377);
#6376 = CARTESIAN_POINT('',(1.,0.));
#6377 = VECTOR('',#6378,1.);
#6378 = DIRECTION('',(0.,-1.));
#6379 = ( GEOMETRIC_REPRESENTATION_CONTEXT(2) 
PARAMETRIC_REPRESENTATION_CONTEXT() REPRESENTATION_CONTEXT('2D SPACE',''
  ) );
#6380 = PCURVE('',#3892,#6381);
#6381 = DEFINITIONAL_REPRESENTATION('',(#6382),#6386);
#6382 = LINE('',#6383,#6384);
#6383 = CARTESIAN_POINT('',(0.,0.));
#6384 = VECTOR('',#6385,1.);
#6385 = DIRECTION('',(0.,-1.));
#6386 = ( GEOMETRIC_REPRESENTATION_CONTEXT(2) 
PARAMETRIC_REPRESENTATION_CONTEXT() REPRESENTATION_CONTEXT('2D SPACE',''
  ) );
#6387 = ADVANCED_FACE('',(#6388),#3892,.F.);
#6388 = FACE_BOUND('',#6389,.F.);
#6389 = EDGE_LOOP('',(#6390,#6413,#6414,#6415));
#6390 = ORIENTED_EDGE('',*,*,#6391,.F.);
#6391 = EDGE_CURVE('',#6318,#6392,#6394,.T.);
#6392 = VERTEX_POINT('',#6393);
#6393 = CARTESIAN_POINT('',(12.203306546909,-19.8559962972,3.4));
#6394 = SURFACE_CURVE('',#6395,(#6399,#6406),.PCURVE_S1.);
#6395 = B_SPLINE_CURVE_WITH_KNOTS('',2,(#6396,#6397,#6398),
  .UNSPECIFIED.,.F.,.F.,(3,3),(0.,1.),.PIECEWISE_BEZIER_KNOTS.);
#6396 = CARTESIAN_POINT('',(12.373306546909,-19.3959962972,3.4));
#6397 = CARTESIAN_POINT('',(12.305305244825,-19.68799499511,3.4));
#6398 = CARTESIAN_POINT('',(12.203306546909,-19.8559962972,3.4));
#6399 = PCURVE('',#3892,#6400);
#6400 = DEFINITIONAL_REPRESENTATION('',(#6401),#6405);
#6401 = LINE('',#6402,#6403);
#6402 = CARTESIAN_POINT('',(0.,0.));
#6403 = VECTOR('',#6404,1.);
#6404 = DIRECTION('',(1.,0.));
#6405 = ( GEOMETRIC_REPRESENTATION_CONTEXT(2) 
PARAMETRIC_REPRESENTATION_CONTEXT() REPRESENTATION_CONTEXT('2D SPACE',''
  ) );
#6406 = PCURVE('',#6333,#6407);
#6407 = DEFINITIONAL_REPRESENTATION('',(#6408),#6412);
#6408 = B_SPLINE_CURVE_WITH_KNOTS('',2,(#6409,#6410,#6411),
  .UNSPECIFIED.,.F.,.F.,(3,3),(0.,1.),.PIECEWISE_BEZIER_KNOTS.);
#6409 = CARTESIAN_POINT('',(1.99599609375,0.80400390625));
#6410 = CARTESIAN_POINT('',(1.927994791667,0.512005208333));
#6411 = CARTESIAN_POINT('',(1.82599609375,0.34400390625));
#6412 = ( GEOMETRIC_REPRESENTATION_CONTEXT(2) 
PARAMETRIC_REPRESENTATION_CONTEXT() REPRESENTATION_CONTEXT('2D SPACE',''
  ) );
#6413 = ORIENTED_EDGE('',*,*,#6367,.T.);
#6414 = ORIENTED_EDGE('',*,*,#3868,.F.);
#6415 = ORIENTED_EDGE('',*,*,#6416,.F.);
#6416 = EDGE_CURVE('',#6392,#3869,#6417,.T.);
#6417 = SURFACE_CURVE('',#6418,(#6422,#6429),.PCURVE_S1.);
#6418 = LINE('',#6419,#6420);
#6419 = CARTESIAN_POINT('',(12.203306546909,-19.8559962972,3.4));
#6420 = VECTOR('',#6421,1.);
#6421 = DIRECTION('',(0.,0.,1.));
#6422 = PCURVE('',#3892,#6423);
#6423 = DEFINITIONAL_REPRESENTATION('',(#6424),#6428);
#6424 = LINE('',#6425,#6426);
#6425 = CARTESIAN_POINT('',(1.,0.));
#6426 = VECTOR('',#6427,1.);
#6427 = DIRECTION('',(0.,-1.));
#6428 = ( GEOMETRIC_REPRESENTATION_CONTEXT(2) 
PARAMETRIC_REPRESENTATION_CONTEXT() REPRESENTATION_CONTEXT('2D SPACE',''
  ) );
#6429 = PCURVE('',#3932,#6430);
#6430 = DEFINITIONAL_REPRESENTATION('',(#6431),#6435);
#6431 = LINE('',#6432,#6433);
#6432 = CARTESIAN_POINT('',(0.,0.));
#6433 = VECTOR('',#6434,1.);
#6434 = DIRECTION('',(0.,-1.));
#6435 = ( GEOMETRIC_REPRESENTATION_CONTEXT(2) 
PARAMETRIC_REPRESENTATION_CONTEXT() REPRESENTATION_CONTEXT('2D SPACE',''
  ) );
#6436 = ADVANCED_FACE('',(#6437),#4981,.F.);
#6437 = FACE_BOUND('',#6438,.F.);
#6438 = EDGE_LOOP('',(#6439,#6462,#6483,#6484));
#6439 = ORIENTED_EDGE('',*,*,#6440,.F.);
#6440 = EDGE_CURVE('',#6441,#6316,#6443,.T.);
#6441 = VERTEX_POINT('',#6442);
#6442 = CARTESIAN_POINT('',(12.375311755242,-18.11199890136,3.4));
#6443 = SURFACE_CURVE('',#6444,(#6448,#6455),.PCURVE_S1.);
#6444 = B_SPLINE_CURVE_WITH_KNOTS('',2,(#6445,#6446,#6447),
  .UNSPECIFIED.,.F.,.F.,(3,3),(0.,1.),.PIECEWISE_BEZIER_KNOTS.);
#6445 = CARTESIAN_POINT('',(12.375311755242,-18.11199890136,3.4));
#6446 = CARTESIAN_POINT('',(12.441307848992,-18.37600280761,3.4));
#6447 = CARTESIAN_POINT('',(12.441307848992,-18.72000020345,3.4));
#6448 = PCURVE('',#4981,#6449);
#6449 = DEFINITIONAL_REPRESENTATION('',(#6450),#6454);
#6450 = LINE('',#6451,#6452);
#6451 = CARTESIAN_POINT('',(0.,0.));
#6452 = VECTOR('',#6453,1.);
#6453 = DIRECTION('',(1.,0.));
#6454 = ( GEOMETRIC_REPRESENTATION_CONTEXT(2) 
PARAMETRIC_REPRESENTATION_CONTEXT() REPRESENTATION_CONTEXT('2D SPACE',''
  ) );
#6455 = PCURVE('',#6333,#6456);
#6456 = DEFINITIONAL_REPRESENTATION('',(#6457),#6461);
#6457 = B_SPLINE_CURVE_WITH_KNOTS('',2,(#6458,#6459,#6460),
  .UNSPECIFIED.,.F.,.F.,(3,3),(0.,1.),.PIECEWISE_BEZIER_KNOTS.);
#6458 = CARTESIAN_POINT('',(1.998001302083,2.088001302083));
#6459 = CARTESIAN_POINT('',(2.063997395833,1.823997395833));
#6460 = CARTESIAN_POINT('',(2.063997395833,1.48));
#6461 = ( GEOMETRIC_REPRESENTATION_CONTEXT(2) 
PARAMETRIC_REPRESENTATION_CONTEXT() REPRESENTATION_CONTEXT('2D SPACE',''
  ) );
#6462 = ORIENTED_EDGE('',*,*,#6463,.T.);
#6463 = EDGE_CURVE('',#6441,#4923,#6464,.T.);
#6464 = SURFACE_CURVE('',#6465,(#6469,#6476),.PCURVE_S1.);
#6465 = LINE('',#6466,#6467);
#6466 = CARTESIAN_POINT('',(12.375311755242,-18.11199890136,3.4));
#6467 = VECTOR('',#6468,1.);
#6468 = DIRECTION('',(0.,0.,1.));
#6469 = PCURVE('',#4981,#6470);
#6470 = DEFINITIONAL_REPRESENTATION('',(#6471),#6475);
#6471 = LINE('',#6472,#6473);
#6472 = CARTESIAN_POINT('',(0.,0.));
#6473 = VECTOR('',#6474,1.);
#6474 = DIRECTION('',(0.,-1.));
#6475 = ( GEOMETRIC_REPRESENTATION_CONTEXT(2) 
PARAMETRIC_REPRESENTATION_CONTEXT() REPRESENTATION_CONTEXT('2D SPACE',''
  ) );
#6476 = PCURVE('',#4944,#6477);
#6477 = DEFINITIONAL_REPRESENTATION('',(#6478),#6482);
#6478 = LINE('',#6479,#6480);
#6479 = CARTESIAN_POINT('',(1.,0.));
#6480 = VECTOR('',#6481,1.);
#6481 = DIRECTION('',(0.,-1.));
#6482 = ( GEOMETRIC_REPRESENTATION_CONTEXT(2) 
PARAMETRIC_REPRESENTATION_CONTEXT() REPRESENTATION_CONTEXT('2D SPACE',''
  ) );
#6483 = ORIENTED_EDGE('',*,*,#4961,.F.);
#6484 = ORIENTED_EDGE('',*,*,#6345,.F.);
#6485 = ADVANCED_FACE('',(#6486),#3932,.F.);
#6486 = FACE_BOUND('',#6487,.F.);
#6487 = EDGE_LOOP('',(#6488,#6511,#6512,#6513));
#6488 = ORIENTED_EDGE('',*,*,#6489,.F.);
#6489 = EDGE_CURVE('',#6392,#6490,#6492,.T.);
#6490 = VERTEX_POINT('',#6491);
#6491 = CARTESIAN_POINT('',(11.957310453159,-20.1259962972,3.4));
#6492 = SURFACE_CURVE('',#6493,(#6497,#6504),.PCURVE_S1.);
#6493 = B_SPLINE_CURVE_WITH_KNOTS('',2,(#6494,#6495,#6496),
  .UNSPECIFIED.,.F.,.F.,(3,3),(0.,1.),.PIECEWISE_BEZIER_KNOTS.);
#6494 = CARTESIAN_POINT('',(12.203306546909,-19.8559962972,3.4));
#6495 = CARTESIAN_POINT('',(12.101307848992,-20.02399759928,3.4));
#6496 = CARTESIAN_POINT('',(11.957310453159,-20.1259962972,3.4));
#6497 = PCURVE('',#3932,#6498);
#6498 = DEFINITIONAL_REPRESENTATION('',(#6499),#6503);
#6499 = LINE('',#6500,#6501);
#6500 = CARTESIAN_POINT('',(0.,0.));
#6501 = VECTOR('',#6502,1.);
#6502 = DIRECTION('',(1.,0.));
#6503 = ( GEOMETRIC_REPRESENTATION_CONTEXT(2) 
PARAMETRIC_REPRESENTATION_CONTEXT() REPRESENTATION_CONTEXT('2D SPACE',''
  ) );
#6504 = PCURVE('',#6333,#6505);
#6505 = DEFINITIONAL_REPRESENTATION('',(#6506),#6510);
#6506 = B_SPLINE_CURVE_WITH_KNOTS('',2,(#6507,#6508,#6509),
  .UNSPECIFIED.,.F.,.F.,(3,3),(0.,1.),.PIECEWISE_BEZIER_KNOTS.);
#6507 = CARTESIAN_POINT('',(1.82599609375,0.34400390625));
#6508 = CARTESIAN_POINT('',(1.723997395833,0.176002604167));
#6509 = CARTESIAN_POINT('',(1.58,7.400390625E-02));
#6510 = ( GEOMETRIC_REPRESENTATION_CONTEXT(2) 
PARAMETRIC_REPRESENTATION_CONTEXT() REPRESENTATION_CONTEXT('2D SPACE',''
  ) );
#6511 = ORIENTED_EDGE('',*,*,#6416,.T.);
#6512 = ORIENTED_EDGE('',*,*,#3910,.F.);
#6513 = ORIENTED_EDGE('',*,*,#6514,.F.);
#6514 = EDGE_CURVE('',#6490,#3911,#6515,.T.);
#6515 = SURFACE_CURVE('',#6516,(#6520,#6527),.PCURVE_S1.);
#6516 = LINE('',#6517,#6518);
#6517 = CARTESIAN_POINT('',(11.957310453159,-20.1259962972,3.4));
#6518 = VECTOR('',#6519,1.);
#6519 = DIRECTION('',(0.,0.,1.));
#6520 = PCURVE('',#3932,#6521);
#6521 = DEFINITIONAL_REPRESENTATION('',(#6522),#6526);
#6522 = LINE('',#6523,#6524);
#6523 = CARTESIAN_POINT('',(1.,0.));
#6524 = VECTOR('',#6525,1.);
#6525 = DIRECTION('',(0.,-1.));
#6526 = ( GEOMETRIC_REPRESENTATION_CONTEXT(2) 
PARAMETRIC_REPRESENTATION_CONTEXT() REPRESENTATION_CONTEXT('2D SPACE',''
  ) );
#6527 = PCURVE('',#3971,#6528);
#6528 = DEFINITIONAL_REPRESENTATION('',(#6529),#6533);
#6529 = LINE('',#6530,#6531);
#6530 = CARTESIAN_POINT('',(0.,0.));
#6531 = VECTOR('',#6532,1.);
#6532 = DIRECTION('',(0.,-1.));
#6533 = ( GEOMETRIC_REPRESENTATION_CONTEXT(2) 
PARAMETRIC_REPRESENTATION_CONTEXT() REPRESENTATION_CONTEXT('2D SPACE',''
  ) );
#6534 = ADVANCED_FACE('',(#6535),#4944,.F.);
#6535 = FACE_BOUND('',#6536,.F.);
#6536 = EDGE_LOOP('',(#6537,#6560,#6581,#6582));
#6537 = ORIENTED_EDGE('',*,*,#6538,.F.);
#6538 = EDGE_CURVE('',#6539,#6441,#6541,.T.);
#6539 = VERTEX_POINT('',#6540);
#6540 = CARTESIAN_POINT('',(12.207310453159,-17.70000020345,3.4));
#6541 = SURFACE_CURVE('',#6542,(#6546,#6553),.PCURVE_S1.);
#6542 = B_SPLINE_CURVE_WITH_KNOTS('',2,(#6543,#6544,#6545),
  .UNSPECIFIED.,.F.,.F.,(3,3),(0.,1.),.PIECEWISE_BEZIER_KNOTS.);
#6543 = CARTESIAN_POINT('',(12.207310453159,-17.70000020345,3.4));
#6544 = CARTESIAN_POINT('',(12.309315661492,-17.84799499511,3.4));
#6545 = CARTESIAN_POINT('',(12.375311755242,-18.11199890136,3.4));
#6546 = PCURVE('',#4944,#6547);
#6547 = DEFINITIONAL_REPRESENTATION('',(#6548),#6552);
#6548 = LINE('',#6549,#6550);
#6549 = CARTESIAN_POINT('',(0.,0.));
#6550 = VECTOR('',#6551,1.);
#6551 = DIRECTION('',(1.,0.));
#6552 = ( GEOMETRIC_REPRESENTATION_CONTEXT(2) 
PARAMETRIC_REPRESENTATION_CONTEXT() REPRESENTATION_CONTEXT('2D SPACE',''
  ) );
#6553 = PCURVE('',#6333,#6554);
#6554 = DEFINITIONAL_REPRESENTATION('',(#6555),#6559);
#6555 = B_SPLINE_CURVE_WITH_KNOTS('',2,(#6556,#6557,#6558),
  .UNSPECIFIED.,.F.,.F.,(3,3),(0.,1.),.PIECEWISE_BEZIER_KNOTS.);
#6556 = CARTESIAN_POINT('',(1.83,2.5));
#6557 = CARTESIAN_POINT('',(1.932005208333,2.352005208333));
#6558 = CARTESIAN_POINT('',(1.998001302083,2.088001302083));
#6559 = ( GEOMETRIC_REPRESENTATION_CONTEXT(2) 
PARAMETRIC_REPRESENTATION_CONTEXT() REPRESENTATION_CONTEXT('2D SPACE',''
  ) );
#6560 = ORIENTED_EDGE('',*,*,#6561,.T.);
#6561 = EDGE_CURVE('',#6539,#4884,#6562,.T.);
#6562 = SURFACE_CURVE('',#6563,(#6567,#6574),.PCURVE_S1.);
#6563 = LINE('',#6564,#6565);
#6564 = CARTESIAN_POINT('',(12.207310453159,-17.70000020345,3.4));
#6565 = VECTOR('',#6566,1.);
#6566 = DIRECTION('',(0.,0.,1.));
#6567 = PCURVE('',#4944,#6568);
#6568 = DEFINITIONAL_REPRESENTATION('',(#6569),#6573);
#6569 = LINE('',#6570,#6571);
#6570 = CARTESIAN_POINT('',(0.,0.));
#6571 = VECTOR('',#6572,1.);
#6572 = DIRECTION('',(0.,-1.));
#6573 = ( GEOMETRIC_REPRESENTATION_CONTEXT(2) 
PARAMETRIC_REPRESENTATION_CONTEXT() REPRESENTATION_CONTEXT('2D SPACE',''
  ) );
#6574 = PCURVE('',#4905,#6575);
#6575 = DEFINITIONAL_REPRESENTATION('',(#6576),#6580);
#6576 = LINE('',#6577,#6578);
#6577 = CARTESIAN_POINT('',(1.,0.));
#6578 = VECTOR('',#6579,1.);
#6579 = DIRECTION('',(0.,-1.));
#6580 = ( GEOMETRIC_REPRESENTATION_CONTEXT(2) 
PARAMETRIC_REPRESENTATION_CONTEXT() REPRESENTATION_CONTEXT('2D SPACE',''
  ) );
#6581 = ORIENTED_EDGE('',*,*,#4922,.F.);
#6582 = ORIENTED_EDGE('',*,*,#6463,.F.);
#6583 = ADVANCED_FACE('',(#6584),#3971,.F.);
#6584 = FACE_BOUND('',#6585,.F.);
#6585 = EDGE_LOOP('',(#6586,#6609,#6610,#6611));
#6586 = ORIENTED_EDGE('',*,*,#6587,.F.);
#6587 = EDGE_CURVE('',#6490,#6588,#6590,.T.);
#6588 = VERTEX_POINT('',#6589);
#6589 = CARTESIAN_POINT('',(11.681314359409,-20.26199890136,3.4));
#6590 = SURFACE_CURVE('',#6591,(#6595,#6602),.PCURVE_S1.);
#6591 = B_SPLINE_CURVE_WITH_KNOTS('',2,(#6592,#6593,#6594),
  .UNSPECIFIED.,.F.,.F.,(3,3),(0.,1.),.PIECEWISE_BEZIER_KNOTS.);
#6592 = CARTESIAN_POINT('',(11.957310453159,-20.1259962972,3.4));
#6593 = CARTESIAN_POINT('',(11.813313057325,-20.22799499511,3.4));
#6594 = CARTESIAN_POINT('',(11.681314359409,-20.26199890136,3.4));
#6595 = PCURVE('',#3971,#6596);
#6596 = DEFINITIONAL_REPRESENTATION('',(#6597),#6601);
#6597 = LINE('',#6598,#6599);
#6598 = CARTESIAN_POINT('',(0.,0.));
#6599 = VECTOR('',#6600,1.);
#6600 = DIRECTION('',(1.,0.));
#6601 = ( GEOMETRIC_REPRESENTATION_CONTEXT(2) 
PARAMETRIC_REPRESENTATION_CONTEXT() REPRESENTATION_CONTEXT('2D SPACE',''
  ) );
#6602 = PCURVE('',#6333,#6603);
#6603 = DEFINITIONAL_REPRESENTATION('',(#6604),#6608);
#6604 = B_SPLINE_CURVE_WITH_KNOTS('',2,(#6605,#6606,#6607),
  .UNSPECIFIED.,.F.,.F.,(3,3),(0.,1.),.PIECEWISE_BEZIER_KNOTS.);
#6605 = CARTESIAN_POINT('',(1.58,7.400390625E-02));
#6606 = CARTESIAN_POINT('',(1.436002604167,-2.799479166667E-02));
#6607 = CARTESIAN_POINT('',(1.30400390625,-6.199869791667E-02));
#6608 = ( GEOMETRIC_REPRESENTATION_CONTEXT(2) 
PARAMETRIC_REPRESENTATION_CONTEXT() REPRESENTATION_CONTEXT('2D SPACE',''
  ) );
#6609 = ORIENTED_EDGE('',*,*,#6514,.T.);
#6610 = ORIENTED_EDGE('',*,*,#3949,.F.);
#6611 = ORIENTED_EDGE('',*,*,#6612,.F.);
#6612 = EDGE_CURVE('',#6588,#3950,#6613,.T.);
#6613 = SURFACE_CURVE('',#6614,(#6618,#6625),.PCURVE_S1.);
#6614 = LINE('',#6615,#6616);
#6615 = CARTESIAN_POINT('',(11.681314359409,-20.26199890136,3.4));
#6616 = VECTOR('',#6617,1.);
#6617 = DIRECTION('',(0.,0.,1.));
#6618 = PCURVE('',#3971,#6619);
#6619 = DEFINITIONAL_REPRESENTATION('',(#6620),#6624);
#6620 = LINE('',#6621,#6622);
#6621 = CARTESIAN_POINT('',(1.,0.));
#6622 = VECTOR('',#6623,1.);
#6623 = DIRECTION('',(0.,-1.));
#6624 = ( GEOMETRIC_REPRESENTATION_CONTEXT(2) 
PARAMETRIC_REPRESENTATION_CONTEXT() REPRESENTATION_CONTEXT('2D SPACE',''
  ) );
#6625 = PCURVE('',#4008,#6626);
#6626 = DEFINITIONAL_REPRESENTATION('',(#6627),#6631);
#6627 = LINE('',#6628,#6629);
#6628 = CARTESIAN_POINT('',(0.,0.));
#6629 = VECTOR('',#6630,1.);
#6630 = DIRECTION('',(0.,-1.));
#6631 = ( GEOMETRIC_REPRESENTATION_CONTEXT(2) 
PARAMETRIC_REPRESENTATION_CONTEXT() REPRESENTATION_CONTEXT('2D SPACE',''
  ) );
#6632 = ADVANCED_FACE('',(#6633),#4905,.F.);
#6633 = FACE_BOUND('',#6634,.F.);
#6634 = EDGE_LOOP('',(#6635,#6658,#6679,#6680));
#6635 = ORIENTED_EDGE('',*,*,#6636,.F.);
#6636 = EDGE_CURVE('',#6637,#6539,#6639,.T.);
#6637 = VERTEX_POINT('',#6638);
#6638 = CARTESIAN_POINT('',(11.967310453159,-17.45800150553,3.4));
#6639 = SURFACE_CURVE('',#6640,(#6644,#6651),.PCURVE_S1.);
#6640 = B_SPLINE_CURVE_WITH_KNOTS('',2,(#6641,#6642,#6643),
  .UNSPECIFIED.,.F.,.F.,(3,3),(0.,1.),.PIECEWISE_BEZIER_KNOTS.);
#6641 = CARTESIAN_POINT('',(11.967310453159,-17.45800150553,3.4));
#6642 = CARTESIAN_POINT('',(12.105305244825,-17.55200541178,3.4));
#6643 = CARTESIAN_POINT('',(12.207310453159,-17.70000020345,3.4));
#6644 = PCURVE('',#4905,#6645);
#6645 = DEFINITIONAL_REPRESENTATION('',(#6646),#6650);
#6646 = LINE('',#6647,#6648);
#6647 = CARTESIAN_POINT('',(0.,0.));
#6648 = VECTOR('',#6649,1.);
#6649 = DIRECTION('',(1.,0.));
#6650 = ( GEOMETRIC_REPRESENTATION_CONTEXT(2) 
PARAMETRIC_REPRESENTATION_CONTEXT() REPRESENTATION_CONTEXT('2D SPACE',''
  ) );
#6651 = PCURVE('',#6333,#6652);
#6652 = DEFINITIONAL_REPRESENTATION('',(#6653),#6657);
#6653 = B_SPLINE_CURVE_WITH_KNOTS('',2,(#6654,#6655,#6656),
  .UNSPECIFIED.,.F.,.F.,(3,3),(0.,1.),.PIECEWISE_BEZIER_KNOTS.);
#6654 = CARTESIAN_POINT('',(1.59,2.741998697917));
#6655 = CARTESIAN_POINT('',(1.727994791667,2.647994791667));
#6656 = CARTESIAN_POINT('',(1.83,2.5));
#6657 = ( GEOMETRIC_REPRESENTATION_CONTEXT(2) 
PARAMETRIC_REPRESENTATION_CONTEXT() REPRESENTATION_CONTEXT('2D SPACE',''
  ) );
#6658 = ORIENTED_EDGE('',*,*,#6659,.T.);
#6659 = EDGE_CURVE('',#6637,#4845,#6660,.T.);
#6660 = SURFACE_CURVE('',#6661,(#6665,#6672),.PCURVE_S1.);
#6661 = LINE('',#6662,#6663);
#6662 = CARTESIAN_POINT('',(11.967310453159,-17.45800150553,3.4));
#6663 = VECTOR('',#6664,1.);
#6664 = DIRECTION('',(0.,0.,1.));
#6665 = PCURVE('',#4905,#6666);
#6666 = DEFINITIONAL_REPRESENTATION('',(#6667),#6671);
#6667 = LINE('',#6668,#6669);
#6668 = CARTESIAN_POINT('',(0.,0.));
#6669 = VECTOR('',#6670,1.);
#6670 = DIRECTION('',(0.,-1.));
#6671 = ( GEOMETRIC_REPRESENTATION_CONTEXT(2) 
PARAMETRIC_REPRESENTATION_CONTEXT() REPRESENTATION_CONTEXT('2D SPACE',''
  ) );
#6672 = PCURVE('',#4866,#6673);
#6673 = DEFINITIONAL_REPRESENTATION('',(#6674),#6678);
#6674 = LINE('',#6675,#6676);
#6675 = CARTESIAN_POINT('',(1.,0.));
#6676 = VECTOR('',#6677,1.);
#6677 = DIRECTION('',(0.,-1.));
#6678 = ( GEOMETRIC_REPRESENTATION_CONTEXT(2) 
PARAMETRIC_REPRESENTATION_CONTEXT() REPRESENTATION_CONTEXT('2D SPACE',''
  ) );
#6679 = ORIENTED_EDGE('',*,*,#4883,.F.);
#6680 = ORIENTED_EDGE('',*,*,#6561,.F.);
#6681 = ADVANCED_FACE('',(#6682),#4008,.F.);
#6682 = FACE_BOUND('',#6683,.F.);
#6683 = EDGE_LOOP('',(#6684,#6707,#6708,#6709));
#6684 = ORIENTED_EDGE('',*,*,#6685,.F.);
#6685 = EDGE_CURVE('',#6588,#6686,#6688,.T.);
#6686 = VERTEX_POINT('',#6687);
#6687 = CARTESIAN_POINT('',(11.397310453159,-20.29600280761,3.4));
#6688 = SURFACE_CURVE('',#6689,(#6693,#6700),.PCURVE_S1.);
#6689 = B_SPLINE_CURVE_WITH_KNOTS('',2,(#6690,#6691,#6692),
  .UNSPECIFIED.,.F.,.F.,(3,3),(0.,1.),.PIECEWISE_BEZIER_KNOTS.);
#6690 = CARTESIAN_POINT('',(11.681314359409,-20.26199890136,3.4));
#6691 = CARTESIAN_POINT('',(11.549315661492,-20.29600280761,3.4));
#6692 = CARTESIAN_POINT('',(11.397310453159,-20.29600280761,3.4));
#6693 = PCURVE('',#4008,#6694);
#6694 = DEFINITIONAL_REPRESENTATION('',(#6695),#6699);
#6695 = LINE('',#6696,#6697);
#6696 = CARTESIAN_POINT('',(0.,0.));
#6697 = VECTOR('',#6698,1.);
#6698 = DIRECTION('',(1.,0.));
#6699 = ( GEOMETRIC_REPRESENTATION_CONTEXT(2) 
PARAMETRIC_REPRESENTATION_CONTEXT() REPRESENTATION_CONTEXT('2D SPACE',''
  ) );
#6700 = PCURVE('',#6333,#6701);
#6701 = DEFINITIONAL_REPRESENTATION('',(#6702),#6706);
#6702 = B_SPLINE_CURVE_WITH_KNOTS('',2,(#6703,#6704,#6705),
  .UNSPECIFIED.,.F.,.F.,(3,3),(0.,1.),.PIECEWISE_BEZIER_KNOTS.);
#6703 = CARTESIAN_POINT('',(1.30400390625,-6.199869791667E-02));
#6704 = CARTESIAN_POINT('',(1.172005208333,-9.600260416667E-02));
#6705 = CARTESIAN_POINT('',(1.02,-9.600260416667E-02));
#6706 = ( GEOMETRIC_REPRESENTATION_CONTEXT(2) 
PARAMETRIC_REPRESENTATION_CONTEXT() REPRESENTATION_CONTEXT('2D SPACE',''
  ) );
#6707 = ORIENTED_EDGE('',*,*,#6612,.T.);
#6708 = ORIENTED_EDGE('',*,*,#3988,.F.);
#6709 = ORIENTED_EDGE('',*,*,#6710,.F.);
#6710 = EDGE_CURVE('',#6686,#3989,#6711,.T.);
#6711 = SURFACE_CURVE('',#6712,(#6716,#6723),.PCURVE_S1.);
#6712 = LINE('',#6713,#6714);
#6713 = CARTESIAN_POINT('',(11.397310453159,-20.29600280761,3.4));
#6714 = VECTOR('',#6715,1.);
#6715 = DIRECTION('',(0.,0.,1.));
#6716 = PCURVE('',#4008,#6717);
#6717 = DEFINITIONAL_REPRESENTATION('',(#6718),#6722);
#6718 = LINE('',#6719,#6720);
#6719 = CARTESIAN_POINT('',(1.,0.));
#6720 = VECTOR('',#6721,1.);
#6721 = DIRECTION('',(0.,-1.));
#6722 = ( GEOMETRIC_REPRESENTATION_CONTEXT(2) 
PARAMETRIC_REPRESENTATION_CONTEXT() REPRESENTATION_CONTEXT('2D SPACE',''
  ) );
#6723 = PCURVE('',#4054,#6724);
#6724 = DEFINITIONAL_REPRESENTATION('',(#6725),#6729);
#6725 = LINE('',#6726,#6727);
#6726 = CARTESIAN_POINT('',(0.,0.));
#6727 = VECTOR('',#6728,1.);
#6728 = DIRECTION('',(0.,-1.));
#6729 = ( GEOMETRIC_REPRESENTATION_CONTEXT(2) 
PARAMETRIC_REPRESENTATION_CONTEXT() REPRESENTATION_CONTEXT('2D SPACE',''
  ) );
#6730 = ADVANCED_FACE('',(#6731),#4866,.F.);
#6731 = FACE_BOUND('',#6732,.F.);
#6732 = EDGE_LOOP('',(#6733,#6756,#6777,#6778));
#6733 = ORIENTED_EDGE('',*,*,#6734,.F.);
#6734 = EDGE_CURVE('',#6735,#6637,#6737,.T.);
#6735 = VERTEX_POINT('',#6736);
#6736 = CARTESIAN_POINT('',(11.705311755242,-17.33399759928,3.4));
#6737 = SURFACE_CURVE('',#6738,(#6742,#6749),.PCURVE_S1.);
#6738 = B_SPLINE_CURVE_WITH_KNOTS('',2,(#6739,#6740,#6741),
  .UNSPECIFIED.,.F.,.F.,(3,3),(0.,1.),.PIECEWISE_BEZIER_KNOTS.);
#6739 = CARTESIAN_POINT('',(11.705311755242,-17.33399759928,3.4));
#6740 = CARTESIAN_POINT('',(11.829315661492,-17.36399759928,3.4));
#6741 = CARTESIAN_POINT('',(11.967310453159,-17.45800150553,3.4));
#6742 = PCURVE('',#4866,#6743);
#6743 = DEFINITIONAL_REPRESENTATION('',(#6744),#6748);
#6744 = LINE('',#6745,#6746);
#6745 = CARTESIAN_POINT('',(0.,0.));
#6746 = VECTOR('',#6747,1.);
#6747 = DIRECTION('',(1.,0.));
#6748 = ( GEOMETRIC_REPRESENTATION_CONTEXT(2) 
PARAMETRIC_REPRESENTATION_CONTEXT() REPRESENTATION_CONTEXT('2D SPACE',''
  ) );
#6749 = PCURVE('',#6333,#6750);
#6750 = DEFINITIONAL_REPRESENTATION('',(#6751),#6755);
#6751 = B_SPLINE_CURVE_WITH_KNOTS('',2,(#6752,#6753,#6754),
  .UNSPECIFIED.,.F.,.F.,(3,3),(0.,1.),.PIECEWISE_BEZIER_KNOTS.);
#6752 = CARTESIAN_POINT('',(1.328001302083,2.866002604167));
#6753 = CARTESIAN_POINT('',(1.452005208333,2.836002604167));
#6754 = CARTESIAN_POINT('',(1.59,2.741998697917));
#6755 = ( GEOMETRIC_REPRESENTATION_CONTEXT(2) 
PARAMETRIC_REPRESENTATION_CONTEXT() REPRESENTATION_CONTEXT('2D SPACE',''
  ) );
#6756 = ORIENTED_EDGE('',*,*,#6757,.T.);
#6757 = EDGE_CURVE('',#6735,#4809,#6758,.T.);
#6758 = SURFACE_CURVE('',#6759,(#6763,#6770),.PCURVE_S1.);
#6759 = LINE('',#6760,#6761);
#6760 = CARTESIAN_POINT('',(11.705311755242,-17.33399759928,3.4));
#6761 = VECTOR('',#6762,1.);
#6762 = DIRECTION('',(0.,0.,1.));
#6763 = PCURVE('',#4866,#6764);
#6764 = DEFINITIONAL_REPRESENTATION('',(#6765),#6769);
#6765 = LINE('',#6766,#6767);
#6766 = CARTESIAN_POINT('',(0.,0.));
#6767 = VECTOR('',#6768,1.);
#6768 = DIRECTION('',(0.,-1.));
#6769 = ( GEOMETRIC_REPRESENTATION_CONTEXT(2) 
PARAMETRIC_REPRESENTATION_CONTEXT() REPRESENTATION_CONTEXT('2D SPACE',''
  ) );
#6770 = PCURVE('',#4828,#6771);
#6771 = DEFINITIONAL_REPRESENTATION('',(#6772),#6776);
#6772 = LINE('',#6773,#6774);
#6773 = CARTESIAN_POINT('',(1.,0.));
#6774 = VECTOR('',#6775,1.);
#6775 = DIRECTION('',(0.,-1.));
#6776 = ( GEOMETRIC_REPRESENTATION_CONTEXT(2) 
PARAMETRIC_REPRESENTATION_CONTEXT() REPRESENTATION_CONTEXT('2D SPACE',''
  ) );
#6777 = ORIENTED_EDGE('',*,*,#4844,.F.);
#6778 = ORIENTED_EDGE('',*,*,#6659,.F.);
#6779 = ADVANCED_FACE('',(#6780),#4054,.F.);
#6780 = FACE_BOUND('',#6781,.F.);
#6781 = EDGE_LOOP('',(#6782,#6805,#6806,#6807));
#6782 = ORIENTED_EDGE('',*,*,#6783,.F.);
#6783 = EDGE_CURVE('',#6686,#6784,#6786,.T.);
#6784 = VERTEX_POINT('',#6785);
#6785 = CARTESIAN_POINT('',(10.783313057325,-20.08199890136,3.4));
#6786 = SURFACE_CURVE('',#6787,(#6791,#6798),.PCURVE_S1.);
#6787 = B_SPLINE_CURVE_WITH_KNOTS('',2,(#6788,#6789,#6790),
  .UNSPECIFIED.,.F.,.F.,(3,3),(0.,1.),.PIECEWISE_BEZIER_KNOTS.);
#6788 = CARTESIAN_POINT('',(11.397310453159,-20.29600280761,3.4));
#6789 = CARTESIAN_POINT('',(11.029315661492,-20.29600280761,3.4));
#6790 = CARTESIAN_POINT('',(10.783313057325,-20.08199890136,3.4));
#6791 = PCURVE('',#4054,#6792);
#6792 = DEFINITIONAL_REPRESENTATION('',(#6793),#6797);
#6793 = LINE('',#6794,#6795);
#6794 = CARTESIAN_POINT('',(0.,0.));
#6795 = VECTOR('',#6796,1.);
#6796 = DIRECTION('',(1.,0.));
#6797 = ( GEOMETRIC_REPRESENTATION_CONTEXT(2) 
PARAMETRIC_REPRESENTATION_CONTEXT() REPRESENTATION_CONTEXT('2D SPACE',''
  ) );
#6798 = PCURVE('',#6333,#6799);
#6799 = DEFINITIONAL_REPRESENTATION('',(#6800),#6804);
#6800 = B_SPLINE_CURVE_WITH_KNOTS('',2,(#6801,#6802,#6803),
  .UNSPECIFIED.,.F.,.F.,(3,3),(0.,1.),.PIECEWISE_BEZIER_KNOTS.);
#6801 = CARTESIAN_POINT('',(1.02,-9.600260416667E-02));
#6802 = CARTESIAN_POINT('',(0.652005208333,-9.600260416667E-02));
#6803 = CARTESIAN_POINT('',(0.406002604167,0.118001302083));
#6804 = ( GEOMETRIC_REPRESENTATION_CONTEXT(2) 
PARAMETRIC_REPRESENTATION_CONTEXT() REPRESENTATION_CONTEXT('2D SPACE',''
  ) );
#6805 = ORIENTED_EDGE('',*,*,#6710,.T.);
#6806 = ORIENTED_EDGE('',*,*,#4024,.F.);
#6807 = ORIENTED_EDGE('',*,*,#6808,.F.);
#6808 = EDGE_CURVE('',#6784,#4025,#6809,.T.);
#6809 = SURFACE_CURVE('',#6810,(#6814,#6821),.PCURVE_S1.);
#6810 = LINE('',#6811,#6812);
#6811 = CARTESIAN_POINT('',(10.783313057325,-20.08199890136,3.4));
#6812 = VECTOR('',#6813,1.);
#6813 = DIRECTION('',(0.,0.,1.));
#6814 = PCURVE('',#4054,#6815);
#6815 = DEFINITIONAL_REPRESENTATION('',(#6816),#6820);
#6816 = LINE('',#6817,#6818);
#6817 = CARTESIAN_POINT('',(1.,0.));
#6818 = VECTOR('',#6819,1.);
#6819 = DIRECTION('',(0.,-1.));
#6820 = ( GEOMETRIC_REPRESENTATION_CONTEXT(2) 
PARAMETRIC_REPRESENTATION_CONTEXT() REPRESENTATION_CONTEXT('2D SPACE',''
  ) );
#6821 = PCURVE('',#4105,#6822);
#6822 = DEFINITIONAL_REPRESENTATION('',(#6823),#6827);
#6823 = LINE('',#6824,#6825);
#6824 = CARTESIAN_POINT('',(0.,0.));
#6825 = VECTOR('',#6826,1.);
#6826 = DIRECTION('',(0.,-1.));
#6827 = ( GEOMETRIC_REPRESENTATION_CONTEXT(2) 
PARAMETRIC_REPRESENTATION_CONTEXT() REPRESENTATION_CONTEXT('2D SPACE',''
  ) );
#6828 = ADVANCED_FACE('',(#6829),#4828,.F.);
#6829 = FACE_BOUND('',#6830,.F.);
#6830 = EDGE_LOOP('',(#6831,#6854,#6875,#6876));
#6831 = ORIENTED_EDGE('',*,*,#6832,.F.);
#6832 = EDGE_CURVE('',#6833,#6735,#6835,.T.);
#6833 = VERTEX_POINT('',#6834);
#6834 = CARTESIAN_POINT('',(11.445305244825,-17.30399759928,3.4));
#6835 = SURFACE_CURVE('',#6836,(#6840,#6847),.PCURVE_S1.);
#6836 = B_SPLINE_CURVE_WITH_KNOTS('',2,(#6837,#6838,#6839),
  .UNSPECIFIED.,.F.,.F.,(3,3),(0.,1.),.PIECEWISE_BEZIER_KNOTS.);
#6837 = CARTESIAN_POINT('',(11.445305244825,-17.30399759928,3.4));
#6838 = CARTESIAN_POINT('',(11.581307848992,-17.30399759928,3.4));
#6839 = CARTESIAN_POINT('',(11.705311755242,-17.33399759928,3.4));
#6840 = PCURVE('',#4828,#6841);
#6841 = DEFINITIONAL_REPRESENTATION('',(#6842),#6846);
#6842 = LINE('',#6843,#6844);
#6843 = CARTESIAN_POINT('',(0.,0.));
#6844 = VECTOR('',#6845,1.);
#6845 = DIRECTION('',(1.,0.));
#6846 = ( GEOMETRIC_REPRESENTATION_CONTEXT(2) 
PARAMETRIC_REPRESENTATION_CONTEXT() REPRESENTATION_CONTEXT('2D SPACE',''
  ) );
#6847 = PCURVE('',#6333,#6848);
#6848 = DEFINITIONAL_REPRESENTATION('',(#6849),#6853);
#6849 = B_SPLINE_CURVE_WITH_KNOTS('',2,(#6850,#6851,#6852),
  .UNSPECIFIED.,.F.,.F.,(3,3),(0.,1.),.PIECEWISE_BEZIER_KNOTS.);
#6850 = CARTESIAN_POINT('',(1.067994791667,2.896002604167));
#6851 = CARTESIAN_POINT('',(1.203997395833,2.896002604167));
#6852 = CARTESIAN_POINT('',(1.328001302083,2.866002604167));
#6853 = ( GEOMETRIC_REPRESENTATION_CONTEXT(2) 
PARAMETRIC_REPRESENTATION_CONTEXT() REPRESENTATION_CONTEXT('2D SPACE',''
  ) );
#6854 = ORIENTED_EDGE('',*,*,#6855,.T.);
#6855 = EDGE_CURVE('',#6833,#4758,#6856,.T.);
#6856 = SURFACE_CURVE('',#6857,(#6861,#6868),.PCURVE_S1.);
#6857 = LINE('',#6858,#6859);
#6858 = CARTESIAN_POINT('',(11.445305244825,-17.30399759928,3.4));
#6859 = VECTOR('',#6860,1.);
#6860 = DIRECTION('',(0.,0.,1.));
#6861 = PCURVE('',#4828,#6862);
#6862 = DEFINITIONAL_REPRESENTATION('',(#6863),#6867);
#6863 = LINE('',#6864,#6865);
#6864 = CARTESIAN_POINT('',(0.,0.));
#6865 = VECTOR('',#6866,1.);
#6866 = DIRECTION('',(0.,-1.));
#6867 = ( GEOMETRIC_REPRESENTATION_CONTEXT(2) 
PARAMETRIC_REPRESENTATION_CONTEXT() REPRESENTATION_CONTEXT('2D SPACE',''
  ) );
#6868 = PCURVE('',#4787,#6869);
#6869 = DEFINITIONAL_REPRESENTATION('',(#6870),#6874);
#6870 = LINE('',#6871,#6872);
#6871 = CARTESIAN_POINT('',(1.,0.));
#6872 = VECTOR('',#6873,1.);
#6873 = DIRECTION('',(0.,-1.));
#6874 = ( GEOMETRIC_REPRESENTATION_CONTEXT(2) 
PARAMETRIC_REPRESENTATION_CONTEXT() REPRESENTATION_CONTEXT('2D SPACE',''
  ) );
#6875 = ORIENTED_EDGE('',*,*,#4808,.F.);
#6876 = ORIENTED_EDGE('',*,*,#6757,.F.);
#6877 = ADVANCED_FACE('',(#6878),#4105,.F.);
#6878 = FACE_BOUND('',#6879,.F.);
#6879 = EDGE_LOOP('',(#6880,#6903,#6904,#6905));
#6880 = ORIENTED_EDGE('',*,*,#6881,.F.);
#6881 = EDGE_CURVE('',#6784,#6882,#6884,.T.);
#6882 = VERTEX_POINT('',#6883);
#6883 = CARTESIAN_POINT('',(10.529315661492,-19.54000020345,3.4));
#6884 = SURFACE_CURVE('',#6885,(#6889,#6896),.PCURVE_S1.);
#6885 = B_SPLINE_CURVE_WITH_KNOTS('',2,(#6886,#6887,#6888),
  .UNSPECIFIED.,.F.,.F.,(3,3),(0.,1.),.PIECEWISE_BEZIER_KNOTS.);
#6886 = CARTESIAN_POINT('',(10.783313057325,-20.08199890136,3.4));
#6887 = CARTESIAN_POINT('',(10.537310453159,-19.86799499511,3.4));
#6888 = CARTESIAN_POINT('',(10.529315661492,-19.54000020345,3.4));
#6889 = PCURVE('',#4105,#6890);
#6890 = DEFINITIONAL_REPRESENTATION('',(#6891),#6895);
#6891 = LINE('',#6892,#6893);
#6892 = CARTESIAN_POINT('',(0.,0.));
#6893 = VECTOR('',#6894,1.);
#6894 = DIRECTION('',(1.,0.));
#6895 = ( GEOMETRIC_REPRESENTATION_CONTEXT(2) 
PARAMETRIC_REPRESENTATION_CONTEXT() REPRESENTATION_CONTEXT('2D SPACE',''
  ) );
#6896 = PCURVE('',#6333,#6897);
#6897 = DEFINITIONAL_REPRESENTATION('',(#6898),#6902);
#6898 = B_SPLINE_CURVE_WITH_KNOTS('',2,(#6899,#6900,#6901),
  .UNSPECIFIED.,.F.,.F.,(3,3),(0.,1.),.PIECEWISE_BEZIER_KNOTS.);
#6899 = CARTESIAN_POINT('',(0.406002604167,0.118001302083));
#6900 = CARTESIAN_POINT('',(0.16,0.332005208333));
#6901 = CARTESIAN_POINT('',(0.152005208333,0.66));
#6902 = ( GEOMETRIC_REPRESENTATION_CONTEXT(2) 
PARAMETRIC_REPRESENTATION_CONTEXT() REPRESENTATION_CONTEXT('2D SPACE',''
  ) );
#6903 = ORIENTED_EDGE('',*,*,#6808,.T.);
#6904 = ORIENTED_EDGE('',*,*,#4075,.F.);
#6905 = ORIENTED_EDGE('',*,*,#6906,.F.);
#6906 = EDGE_CURVE('',#6882,#4076,#6907,.T.);
#6907 = SURFACE_CURVE('',#6908,(#6912,#6919),.PCURVE_S1.);
#6908 = LINE('',#6909,#6910);
#6909 = CARTESIAN_POINT('',(10.529315661492,-19.54000020345,3.4));
#6910 = VECTOR('',#6911,1.);
#6911 = DIRECTION('',(0.,0.,1.));
#6912 = PCURVE('',#4105,#6913);
#6913 = DEFINITIONAL_REPRESENTATION('',(#6914),#6918);
#6914 = LINE('',#6915,#6916);
#6915 = CARTESIAN_POINT('',(1.,0.));
#6916 = VECTOR('',#6917,1.);
#6917 = DIRECTION('',(0.,-1.));
#6918 = ( GEOMETRIC_REPRESENTATION_CONTEXT(2) 
PARAMETRIC_REPRESENTATION_CONTEXT() REPRESENTATION_CONTEXT('2D SPACE',''
  ) );
#6919 = PCURVE('',#4142,#6920);
#6920 = DEFINITIONAL_REPRESENTATION('',(#6921),#6925);
#6921 = LINE('',#6922,#6923);
#6922 = CARTESIAN_POINT('',(0.,0.));
#6923 = VECTOR('',#6924,1.);
#6924 = DIRECTION('',(0.,-1.));
#6925 = ( GEOMETRIC_REPRESENTATION_CONTEXT(2) 
PARAMETRIC_REPRESENTATION_CONTEXT() REPRESENTATION_CONTEXT('2D SPACE',''
  ) );
#6926 = ADVANCED_FACE('',(#6927),#4787,.F.);
#6927 = FACE_BOUND('',#6928,.F.);
#6928 = EDGE_LOOP('',(#6929,#6952,#6973,#6974));
#6929 = ORIENTED_EDGE('',*,*,#6930,.F.);
#6930 = EDGE_CURVE('',#6931,#6833,#6933,.T.);
#6931 = VERTEX_POINT('',#6932);
#6932 = CARTESIAN_POINT('',(10.755311755242,-17.58199890136,3.4));
#6933 = SURFACE_CURVE('',#6934,(#6938,#6945),.PCURVE_S1.);
#6934 = B_SPLINE_CURVE_WITH_KNOTS('',2,(#6935,#6936,#6937),
  .UNSPECIFIED.,.F.,.F.,(3,3),(0.,1.),.PIECEWISE_BEZIER_KNOTS.);
#6935 = CARTESIAN_POINT('',(10.755311755242,-17.58199890136,3.4));
#6936 = CARTESIAN_POINT('',(11.021307848992,-17.30399759928,3.4));
#6937 = CARTESIAN_POINT('',(11.445305244825,-17.30399759928,3.4));
#6938 = PCURVE('',#4787,#6939);
#6939 = DEFINITIONAL_REPRESENTATION('',(#6940),#6944);
#6940 = LINE('',#6941,#6942);
#6941 = CARTESIAN_POINT('',(0.,0.));
#6942 = VECTOR('',#6943,1.);
#6943 = DIRECTION('',(1.,0.));
#6944 = ( GEOMETRIC_REPRESENTATION_CONTEXT(2) 
PARAMETRIC_REPRESENTATION_CONTEXT() REPRESENTATION_CONTEXT('2D SPACE',''
  ) );
#6945 = PCURVE('',#6333,#6946);
#6946 = DEFINITIONAL_REPRESENTATION('',(#6947),#6951);
#6947 = B_SPLINE_CURVE_WITH_KNOTS('',2,(#6948,#6949,#6950),
  .UNSPECIFIED.,.F.,.F.,(3,3),(0.,1.),.PIECEWISE_BEZIER_KNOTS.);
#6948 = CARTESIAN_POINT('',(0.378001302083,2.618001302083));
#6949 = CARTESIAN_POINT('',(0.643997395833,2.896002604167));
#6950 = CARTESIAN_POINT('',(1.067994791667,2.896002604167));
#6951 = ( GEOMETRIC_REPRESENTATION_CONTEXT(2) 
PARAMETRIC_REPRESENTATION_CONTEXT() REPRESENTATION_CONTEXT('2D SPACE',''
  ) );
#6952 = ORIENTED_EDGE('',*,*,#6953,.T.);
#6953 = EDGE_CURVE('',#6931,#4701,#6954,.T.);
#6954 = SURFACE_CURVE('',#6955,(#6959,#6966),.PCURVE_S1.);
#6955 = LINE('',#6956,#6957);
#6956 = CARTESIAN_POINT('',(10.755311755242,-17.58199890136,3.4));
#6957 = VECTOR('',#6958,1.);
#6958 = DIRECTION('',(0.,0.,1.));
#6959 = PCURVE('',#4787,#6960);
#6960 = DEFINITIONAL_REPRESENTATION('',(#6961),#6965);
#6961 = LINE('',#6962,#6963);
#6962 = CARTESIAN_POINT('',(0.,0.));
#6963 = VECTOR('',#6964,1.);
#6964 = DIRECTION('',(0.,-1.));
#6965 = ( GEOMETRIC_REPRESENTATION_CONTEXT(2) 
PARAMETRIC_REPRESENTATION_CONTEXT() REPRESENTATION_CONTEXT('2D SPACE',''
  ) );
#6966 = PCURVE('',#4734,#6967);
#6967 = DEFINITIONAL_REPRESENTATION('',(#6968),#6972);
#6968 = LINE('',#6969,#6970);
#6969 = CARTESIAN_POINT('',(1.,0.));
#6970 = VECTOR('',#6971,1.);
#6971 = DIRECTION('',(0.,-1.));
#6972 = ( GEOMETRIC_REPRESENTATION_CONTEXT(2) 
PARAMETRIC_REPRESENTATION_CONTEXT() REPRESENTATION_CONTEXT('2D SPACE',''
  ) );
#6973 = ORIENTED_EDGE('',*,*,#4757,.F.);
#6974 = ORIENTED_EDGE('',*,*,#6855,.F.);
#6975 = ADVANCED_FACE('',(#6976),#4142,.F.);
#6976 = FACE_BOUND('',#6977,.F.);
#6977 = EDGE_LOOP('',(#6978,#7001,#7002,#7003));
#6978 = ORIENTED_EDGE('',*,*,#6979,.F.);
#6979 = EDGE_CURVE('',#6882,#6980,#6982,.T.);
#6980 = VERTEX_POINT('',#6981);
#6981 = CARTESIAN_POINT('',(11.069315661492,-19.54000020345,3.4));
#6982 = SURFACE_CURVE('',#6983,(#6987,#6994),.PCURVE_S1.);
#6983 = LINE('',#6984,#6985);
#6984 = CARTESIAN_POINT('',(10.529315661492,-19.54000020345,3.4));
#6985 = VECTOR('',#6986,1.);
#6986 = DIRECTION('',(1.,0.,0.));
#6987 = PCURVE('',#4142,#6988);
#6988 = DEFINITIONAL_REPRESENTATION('',(#6989),#6993);
#6989 = LINE('',#6990,#6991);
#6990 = CARTESIAN_POINT('',(0.,0.));
#6991 = VECTOR('',#6992,1.);
#6992 = DIRECTION('',(1.,0.));
#6993 = ( GEOMETRIC_REPRESENTATION_CONTEXT(2) 
PARAMETRIC_REPRESENTATION_CONTEXT() REPRESENTATION_CONTEXT('2D SPACE',''
  ) );
#6994 = PCURVE('',#6333,#6995);
#6995 = DEFINITIONAL_REPRESENTATION('',(#6996),#7000);
#6996 = LINE('',#6997,#6998);
#6997 = CARTESIAN_POINT('',(0.152005208333,0.66));
#6998 = VECTOR('',#6999,1.);
#6999 = DIRECTION('',(1.,0.));
#7000 = ( GEOMETRIC_REPRESENTATION_CONTEXT(2) 
PARAMETRIC_REPRESENTATION_CONTEXT() REPRESENTATION_CONTEXT('2D SPACE',''
  ) );
#7001 = ORIENTED_EDGE('',*,*,#6906,.T.);
#7002 = ORIENTED_EDGE('',*,*,#4126,.F.);
#7003 = ORIENTED_EDGE('',*,*,#7004,.F.);
#7004 = EDGE_CURVE('',#6980,#4127,#7005,.T.);
#7005 = SURFACE_CURVE('',#7006,(#7010,#7017),.PCURVE_S1.);
#7006 = LINE('',#7007,#7008);
#7007 = CARTESIAN_POINT('',(11.069315661492,-19.54000020345,3.4));
#7008 = VECTOR('',#7009,1.);
#7009 = DIRECTION('',(0.,0.,1.));
#7010 = PCURVE('',#4142,#7011);
#7011 = DEFINITIONAL_REPRESENTATION('',(#7012),#7016);
#7012 = LINE('',#7013,#7014);
#7013 = CARTESIAN_POINT('',(0.54,0.));
#7014 = VECTOR('',#7015,1.);
#7015 = DIRECTION('',(0.,-1.));
#7016 = ( GEOMETRIC_REPRESENTATION_CONTEXT(2) 
PARAMETRIC_REPRESENTATION_CONTEXT() REPRESENTATION_CONTEXT('2D SPACE',''
  ) );
#7017 = PCURVE('',#4180,#7018);
#7018 = DEFINITIONAL_REPRESENTATION('',(#7019),#7023);
#7019 = LINE('',#7020,#7021);
#7020 = CARTESIAN_POINT('',(0.,0.));
#7021 = VECTOR('',#7022,1.);
#7022 = DIRECTION('',(0.,-1.));
#7023 = ( GEOMETRIC_REPRESENTATION_CONTEXT(2) 
PARAMETRIC_REPRESENTATION_CONTEXT() REPRESENTATION_CONTEXT('2D SPACE',''
  ) );
#7024 = ADVANCED_FACE('',(#7025),#4734,.F.);
#7025 = FACE_BOUND('',#7026,.F.);
#7026 = EDGE_LOOP('',(#7027,#7050,#7071,#7072));
#7027 = ORIENTED_EDGE('',*,*,#7028,.F.);
#7028 = EDGE_CURVE('',#7029,#6931,#7031,.T.);
#7029 = VERTEX_POINT('',#7030);
#7030 = CARTESIAN_POINT('',(10.489315661492,-18.30399759928,3.4));
#7031 = SURFACE_CURVE('',#7032,(#7036,#7043),.PCURVE_S1.);
#7032 = B_SPLINE_CURVE_WITH_KNOTS('',2,(#7033,#7034,#7035),
  .UNSPECIFIED.,.F.,.F.,(3,3),(0.,1.),.PIECEWISE_BEZIER_KNOTS.);
#7033 = CARTESIAN_POINT('',(10.489315661492,-18.30399759928,3.4));
#7034 = CARTESIAN_POINT('',(10.489315661492,-17.86000020345,3.4));
#7035 = CARTESIAN_POINT('',(10.755311755242,-17.58199890136,3.4));
#7036 = PCURVE('',#4734,#7037);
#7037 = DEFINITIONAL_REPRESENTATION('',(#7038),#7042);
#7038 = LINE('',#7039,#7040);
#7039 = CARTESIAN_POINT('',(0.,0.));
#7040 = VECTOR('',#7041,1.);
#7041 = DIRECTION('',(1.,0.));
#7042 = ( GEOMETRIC_REPRESENTATION_CONTEXT(2) 
PARAMETRIC_REPRESENTATION_CONTEXT() REPRESENTATION_CONTEXT('2D SPACE',''
  ) );
#7043 = PCURVE('',#6333,#7044);
#7044 = DEFINITIONAL_REPRESENTATION('',(#7045),#7049);
#7045 = B_SPLINE_CURVE_WITH_KNOTS('',2,(#7046,#7047,#7048),
  .UNSPECIFIED.,.F.,.F.,(3,3),(0.,1.),.PIECEWISE_BEZIER_KNOTS.);
#7046 = CARTESIAN_POINT('',(0.112005208333,1.896002604167));
#7047 = CARTESIAN_POINT('',(0.112005208333,2.34));
#7048 = CARTESIAN_POINT('',(0.378001302083,2.618001302083));
#7049 = ( GEOMETRIC_REPRESENTATION_CONTEXT(2) 
PARAMETRIC_REPRESENTATION_CONTEXT() REPRESENTATION_CONTEXT('2D SPACE',''
  ) );
#7050 = ORIENTED_EDGE('',*,*,#7051,.T.);
#7051 = EDGE_CURVE('',#7029,#4644,#7052,.T.);
#7052 = SURFACE_CURVE('',#7053,(#7057,#7064),.PCURVE_S1.);
#7053 = LINE('',#7054,#7055);
#7054 = CARTESIAN_POINT('',(10.489315661492,-18.30399759928,3.4));
#7055 = VECTOR('',#7056,1.);
#7056 = DIRECTION('',(0.,0.,1.));
#7057 = PCURVE('',#4734,#7058);
#7058 = DEFINITIONAL_REPRESENTATION('',(#7059),#7063);
#7059 = LINE('',#7060,#7061);
#7060 = CARTESIAN_POINT('',(0.,0.));
#7061 = VECTOR('',#7062,1.);
#7062 = DIRECTION('',(0.,-1.));
#7063 = ( GEOMETRIC_REPRESENTATION_CONTEXT(2) 
PARAMETRIC_REPRESENTATION_CONTEXT() REPRESENTATION_CONTEXT('2D SPACE',''
  ) );
#7064 = PCURVE('',#4677,#7065);
#7065 = DEFINITIONAL_REPRESENTATION('',(#7066),#7070);
#7066 = LINE('',#7067,#7068);
#7067 = CARTESIAN_POINT('',(1.,0.));
#7068 = VECTOR('',#7069,1.);
#7069 = DIRECTION('',(0.,-1.));
#7070 = ( GEOMETRIC_REPRESENTATION_CONTEXT(2) 
PARAMETRIC_REPRESENTATION_CONTEXT() REPRESENTATION_CONTEXT('2D SPACE',''
  ) );
#7071 = ORIENTED_EDGE('',*,*,#4700,.F.);
#7072 = ORIENTED_EDGE('',*,*,#6953,.F.);
#7073 = ADVANCED_FACE('',(#7074),#4180,.F.);
#7074 = FACE_BOUND('',#7075,.F.);
#7075 = EDGE_LOOP('',(#7076,#7099,#7100,#7101));
#7076 = ORIENTED_EDGE('',*,*,#7077,.F.);
#7077 = EDGE_CURVE('',#6980,#7078,#7080,.T.);
#7078 = VERTEX_POINT('',#7079);
#7079 = CARTESIAN_POINT('',(11.171307848992,-19.74000020345,3.4));
#7080 = SURFACE_CURVE('',#7081,(#7085,#7092),.PCURVE_S1.);
#7081 = B_SPLINE_CURVE_WITH_KNOTS('',2,(#7082,#7083,#7084),
  .UNSPECIFIED.,.F.,.F.,(3,3),(0.,1.),.PIECEWISE_BEZIER_KNOTS.);
#7082 = CARTESIAN_POINT('',(11.069315661492,-19.54000020345,3.4));
#7083 = CARTESIAN_POINT('',(11.077310453159,-19.66399759928,3.4));
#7084 = CARTESIAN_POINT('',(11.171307848992,-19.74000020345,3.4));
#7085 = PCURVE('',#4180,#7086);
#7086 = DEFINITIONAL_REPRESENTATION('',(#7087),#7091);
#7087 = LINE('',#7088,#7089);
#7088 = CARTESIAN_POINT('',(0.,0.));
#7089 = VECTOR('',#7090,1.);
#7090 = DIRECTION('',(1.,0.));
#7091 = ( GEOMETRIC_REPRESENTATION_CONTEXT(2) 
PARAMETRIC_REPRESENTATION_CONTEXT() REPRESENTATION_CONTEXT('2D SPACE',''
  ) );
#7092 = PCURVE('',#6333,#7093);
#7093 = DEFINITIONAL_REPRESENTATION('',(#7094),#7098);
#7094 = B_SPLINE_CURVE_WITH_KNOTS('',2,(#7095,#7096,#7097),
  .UNSPECIFIED.,.F.,.F.,(3,3),(0.,1.),.PIECEWISE_BEZIER_KNOTS.);
#7095 = CARTESIAN_POINT('',(0.692005208333,0.66));
#7096 = CARTESIAN_POINT('',(0.7,0.536002604167));
#7097 = CARTESIAN_POINT('',(0.793997395833,0.46));
#7098 = ( GEOMETRIC_REPRESENTATION_CONTEXT(2) 
PARAMETRIC_REPRESENTATION_CONTEXT() REPRESENTATION_CONTEXT('2D SPACE',''
  ) );
#7099 = ORIENTED_EDGE('',*,*,#7004,.T.);
#7100 = ORIENTED_EDGE('',*,*,#4154,.F.);
#7101 = ORIENTED_EDGE('',*,*,#7102,.F.);
#7102 = EDGE_CURVE('',#7078,#4155,#7103,.T.);
#7103 = SURFACE_CURVE('',#7104,(#7108,#7115),.PCURVE_S1.);
#7104 = LINE('',#7105,#7106);
#7105 = CARTESIAN_POINT('',(11.171307848992,-19.74000020345,3.4));
#7106 = VECTOR('',#7107,1.);
#7107 = DIRECTION('',(0.,0.,1.));
#7108 = PCURVE('',#4180,#7109);
#7109 = DEFINITIONAL_REPRESENTATION('',(#7110),#7114);
#7110 = LINE('',#7111,#7112);
#7111 = CARTESIAN_POINT('',(1.,0.));
#7112 = VECTOR('',#7113,1.);
#7113 = DIRECTION('',(0.,-1.));
#7114 = ( GEOMETRIC_REPRESENTATION_CONTEXT(2) 
PARAMETRIC_REPRESENTATION_CONTEXT() REPRESENTATION_CONTEXT('2D SPACE',''
  ) );
#7115 = PCURVE('',#4221,#7116);
#7116 = DEFINITIONAL_REPRESENTATION('',(#7117),#7121);
#7117 = LINE('',#7118,#7119);
#7118 = CARTESIAN_POINT('',(0.,0.));
#7119 = VECTOR('',#7120,1.);
#7120 = DIRECTION('',(0.,-1.));
#7121 = ( GEOMETRIC_REPRESENTATION_CONTEXT(2) 
PARAMETRIC_REPRESENTATION_CONTEXT() REPRESENTATION_CONTEXT('2D SPACE',''
  ) );
#7122 = ADVANCED_FACE('',(#7123),#4677,.F.);
#7123 = FACE_BOUND('',#7124,.F.);
#7124 = EDGE_LOOP('',(#7125,#7148,#7169,#7170));
#7125 = ORIENTED_EDGE('',*,*,#7126,.F.);
#7126 = EDGE_CURVE('',#7127,#7029,#7129,.T.);
#7127 = VERTEX_POINT('',#7128);
#7128 = CARTESIAN_POINT('',(10.725311755242,-19.0159962972,3.4));
#7129 = SURFACE_CURVE('',#7130,(#7134,#7141),.PCURVE_S1.);
#7130 = B_SPLINE_CURVE_WITH_KNOTS('',2,(#7131,#7132,#7133),
  .UNSPECIFIED.,.F.,.F.,(3,3),(0.,1.),.PIECEWISE_BEZIER_KNOTS.);
#7131 = CARTESIAN_POINT('',(10.725311755242,-19.0159962972,3.4));
#7132 = CARTESIAN_POINT('',(10.489315661492,-18.74399759928,3.4));
#7133 = CARTESIAN_POINT('',(10.489315661492,-18.30399759928,3.4));
#7134 = PCURVE('',#4677,#7135);
#7135 = DEFINITIONAL_REPRESENTATION('',(#7136),#7140);
#7136 = LINE('',#7137,#7138);
#7137 = CARTESIAN_POINT('',(0.,0.));
#7138 = VECTOR('',#7139,1.);
#7139 = DIRECTION('',(1.,0.));
#7140 = ( GEOMETRIC_REPRESENTATION_CONTEXT(2) 
PARAMETRIC_REPRESENTATION_CONTEXT() REPRESENTATION_CONTEXT('2D SPACE',''
  ) );
#7141 = PCURVE('',#6333,#7142);
#7142 = DEFINITIONAL_REPRESENTATION('',(#7143),#7147);
#7143 = B_SPLINE_CURVE_WITH_KNOTS('',2,(#7144,#7145,#7146),
  .UNSPECIFIED.,.F.,.F.,(3,3),(0.,1.),.PIECEWISE_BEZIER_KNOTS.);
#7144 = CARTESIAN_POINT('',(0.348001302083,1.18400390625));
#7145 = CARTESIAN_POINT('',(0.112005208333,1.456002604167));
#7146 = CARTESIAN_POINT('',(0.112005208333,1.896002604167));
#7147 = ( GEOMETRIC_REPRESENTATION_CONTEXT(2) 
PARAMETRIC_REPRESENTATION_CONTEXT() REPRESENTATION_CONTEXT('2D SPACE',''
  ) );
#7148 = ORIENTED_EDGE('',*,*,#7149,.T.);
#7149 = EDGE_CURVE('',#7127,#4593,#7150,.T.);
#7150 = SURFACE_CURVE('',#7151,(#7155,#7162),.PCURVE_S1.);
#7151 = LINE('',#7152,#7153);
#7152 = CARTESIAN_POINT('',(10.725311755242,-19.0159962972,3.4));
#7153 = VECTOR('',#7154,1.);
#7154 = DIRECTION('',(0.,0.,1.));
#7155 = PCURVE('',#4677,#7156);
#7156 = DEFINITIONAL_REPRESENTATION('',(#7157),#7161);
#7157 = LINE('',#7158,#7159);
#7158 = CARTESIAN_POINT('',(0.,0.));
#7159 = VECTOR('',#7160,1.);
#7160 = DIRECTION('',(0.,-1.));
#7161 = ( GEOMETRIC_REPRESENTATION_CONTEXT(2) 
PARAMETRIC_REPRESENTATION_CONTEXT() REPRESENTATION_CONTEXT('2D SPACE',''
  ) );
#7162 = PCURVE('',#4622,#7163);
#7163 = DEFINITIONAL_REPRESENTATION('',(#7164),#7168);
#7164 = LINE('',#7165,#7166);
#7165 = CARTESIAN_POINT('',(1.,0.));
#7166 = VECTOR('',#7167,1.);
#7167 = DIRECTION('',(0.,-1.));
#7168 = ( GEOMETRIC_REPRESENTATION_CONTEXT(2) 
PARAMETRIC_REPRESENTATION_CONTEXT() REPRESENTATION_CONTEXT('2D SPACE',''
  ) );
#7169 = ORIENTED_EDGE('',*,*,#4643,.F.);
#7170 = ORIENTED_EDGE('',*,*,#7051,.F.);
#7171 = ADVANCED_FACE('',(#7172),#4221,.F.);
#7172 = FACE_BOUND('',#7173,.F.);
#7173 = EDGE_LOOP('',(#7174,#7197,#7198,#7199));
#7174 = ORIENTED_EDGE('',*,*,#7175,.F.);
#7175 = EDGE_CURVE('',#7078,#7176,#7178,.T.);
#7176 = VERTEX_POINT('',#7177);
#7177 = CARTESIAN_POINT('',(11.413313057325,-19.81600280761,3.4));
#7178 = SURFACE_CURVE('',#7179,(#7183,#7190),.PCURVE_S1.);
#7179 = B_SPLINE_CURVE_WITH_KNOTS('',2,(#7180,#7181,#7182),
  .UNSPECIFIED.,.F.,.F.,(3,3),(0.,1.),.PIECEWISE_BEZIER_KNOTS.);
#7180 = CARTESIAN_POINT('',(11.171307848992,-19.74000020345,3.4));
#7181 = CARTESIAN_POINT('',(11.265305244825,-19.81600280761,3.4));
#7182 = CARTESIAN_POINT('',(11.413313057325,-19.81600280761,3.4));
#7183 = PCURVE('',#4221,#7184);
#7184 = DEFINITIONAL_REPRESENTATION('',(#7185),#7189);
#7185 = LINE('',#7186,#7187);
#7186 = CARTESIAN_POINT('',(0.,0.));
#7187 = VECTOR('',#7188,1.);
#7188 = DIRECTION('',(1.,0.));
#7189 = ( GEOMETRIC_REPRESENTATION_CONTEXT(2) 
PARAMETRIC_REPRESENTATION_CONTEXT() REPRESENTATION_CONTEXT('2D SPACE',''
  ) );
#7190 = PCURVE('',#6333,#7191);
#7191 = DEFINITIONAL_REPRESENTATION('',(#7192),#7196);
#7192 = B_SPLINE_CURVE_WITH_KNOTS('',2,(#7193,#7194,#7195),
  .UNSPECIFIED.,.F.,.F.,(3,3),(0.,1.),.PIECEWISE_BEZIER_KNOTS.);
#7193 = CARTESIAN_POINT('',(0.793997395833,0.46));
#7194 = CARTESIAN_POINT('',(0.887994791667,0.383997395833));
#7195 = CARTESIAN_POINT('',(1.036002604167,0.383997395833));
#7196 = ( GEOMETRIC_REPRESENTATION_CONTEXT(2) 
PARAMETRIC_REPRESENTATION_CONTEXT() REPRESENTATION_CONTEXT('2D SPACE',''
  ) );
#7197 = ORIENTED_EDGE('',*,*,#7102,.T.);
#7198 = ORIENTED_EDGE('',*,*,#4199,.F.);
#7199 = ORIENTED_EDGE('',*,*,#7200,.F.);
#7200 = EDGE_CURVE('',#7176,#4200,#7201,.T.);
#7201 = SURFACE_CURVE('',#7202,(#7206,#7213),.PCURVE_S1.);
#7202 = LINE('',#7203,#7204);
#7203 = CARTESIAN_POINT('',(11.413313057325,-19.81600280761,3.4));
#7204 = VECTOR('',#7205,1.);
#7205 = DIRECTION('',(0.,0.,1.));
#7206 = PCURVE('',#4221,#7207);
#7207 = DEFINITIONAL_REPRESENTATION('',(#7208),#7212);
#7208 = LINE('',#7209,#7210);
#7209 = CARTESIAN_POINT('',(1.,0.));
#7210 = VECTOR('',#7211,1.);
#7211 = DIRECTION('',(0.,-1.));
#7212 = ( GEOMETRIC_REPRESENTATION_CONTEXT(2) 
PARAMETRIC_REPRESENTATION_CONTEXT() REPRESENTATION_CONTEXT('2D SPACE',''
  ) );
#7213 = PCURVE('',#4302,#7214);
#7214 = DEFINITIONAL_REPRESENTATION('',(#7215),#7219);
#7215 = LINE('',#7216,#7217);
#7216 = CARTESIAN_POINT('',(0.,0.));
#7217 = VECTOR('',#7218,1.);
#7218 = DIRECTION('',(0.,-1.));
#7219 = ( GEOMETRIC_REPRESENTATION_CONTEXT(2) 
PARAMETRIC_REPRESENTATION_CONTEXT() REPRESENTATION_CONTEXT('2D SPACE',''
  ) );
#7220 = ADVANCED_FACE('',(#7221),#4622,.F.);
#7221 = FACE_BOUND('',#7222,.F.);
#7222 = EDGE_LOOP('',(#7223,#7246,#7267,#7268));
#7223 = ORIENTED_EDGE('',*,*,#7224,.F.);
#7224 = EDGE_CURVE('',#7225,#7127,#7227,.T.);
#7225 = VERTEX_POINT('',#7226);
#7226 = CARTESIAN_POINT('',(11.337310453159,-19.28799499511,3.4));
#7227 = SURFACE_CURVE('',#7228,(#7232,#7239),.PCURVE_S1.);
#7228 = B_SPLINE_CURVE_WITH_KNOTS('',2,(#7229,#7230,#7231),
  .UNSPECIFIED.,.F.,.F.,(3,3),(0.,1.),.PIECEWISE_BEZIER_KNOTS.);
#7229 = CARTESIAN_POINT('',(11.337310453159,-19.28799499511,3.4));
#7230 = CARTESIAN_POINT('',(10.961307848992,-19.28799499511,3.4));
#7231 = CARTESIAN_POINT('',(10.725311755242,-19.0159962972,3.4));
#7232 = PCURVE('',#4622,#7233);
#7233 = DEFINITIONAL_REPRESENTATION('',(#7234),#7238);
#7234 = LINE('',#7235,#7236);
#7235 = CARTESIAN_POINT('',(0.,0.));
#7236 = VECTOR('',#7237,1.);
#7237 = DIRECTION('',(1.,0.));
#7238 = ( GEOMETRIC_REPRESENTATION_CONTEXT(2) 
PARAMETRIC_REPRESENTATION_CONTEXT() REPRESENTATION_CONTEXT('2D SPACE',''
  ) );
#7239 = PCURVE('',#6333,#7240);
#7240 = DEFINITIONAL_REPRESENTATION('',(#7241),#7245);
#7241 = B_SPLINE_CURVE_WITH_KNOTS('',2,(#7242,#7243,#7244),
  .UNSPECIFIED.,.F.,.F.,(3,3),(0.,1.),.PIECEWISE_BEZIER_KNOTS.);
#7242 = CARTESIAN_POINT('',(0.96,0.912005208333));
#7243 = CARTESIAN_POINT('',(0.583997395833,0.912005208333));
#7244 = CARTESIAN_POINT('',(0.348001302083,1.18400390625));
#7245 = ( GEOMETRIC_REPRESENTATION_CONTEXT(2) 
PARAMETRIC_REPRESENTATION_CONTEXT() REPRESENTATION_CONTEXT('2D SPACE',''
  ) );
#7246 = ORIENTED_EDGE('',*,*,#7247,.T.);
#7247 = EDGE_CURVE('',#7225,#4557,#7248,.T.);
#7248 = SURFACE_CURVE('',#7249,(#7253,#7260),.PCURVE_S1.);
#7249 = LINE('',#7250,#7251);
#7250 = CARTESIAN_POINT('',(11.337310453159,-19.28799499511,3.4));
#7251 = VECTOR('',#7252,1.);
#7252 = DIRECTION('',(0.,0.,1.));
#7253 = PCURVE('',#4622,#7254);
#7254 = DEFINITIONAL_REPRESENTATION('',(#7255),#7259);
#7255 = LINE('',#7256,#7257);
#7256 = CARTESIAN_POINT('',(0.,0.));
#7257 = VECTOR('',#7258,1.);
#7258 = DIRECTION('',(0.,-1.));
#7259 = ( GEOMETRIC_REPRESENTATION_CONTEXT(2) 
PARAMETRIC_REPRESENTATION_CONTEXT() REPRESENTATION_CONTEXT('2D SPACE',''
  ) );
#7260 = PCURVE('',#4576,#7261);
#7261 = DEFINITIONAL_REPRESENTATION('',(#7262),#7266);
#7262 = LINE('',#7263,#7264);
#7263 = CARTESIAN_POINT('',(1.,0.));
#7264 = VECTOR('',#7265,1.);
#7265 = DIRECTION('',(0.,-1.));
#7266 = ( GEOMETRIC_REPRESENTATION_CONTEXT(2) 
PARAMETRIC_REPRESENTATION_CONTEXT() REPRESENTATION_CONTEXT('2D SPACE',''
  ) );
#7267 = ORIENTED_EDGE('',*,*,#4592,.F.);
#7268 = ORIENTED_EDGE('',*,*,#7149,.F.);
#7269 = ADVANCED_FACE('',(#7270),#4302,.F.);
#7270 = FACE_BOUND('',#7271,.F.);
#7271 = EDGE_LOOP('',(#7272,#7295,#7296,#7297));
#7272 = ORIENTED_EDGE('',*,*,#7273,.F.);
#7273 = EDGE_CURVE('',#7176,#7274,#7276,.T.);
#7274 = VERTEX_POINT('',#7275);
#7275 = CARTESIAN_POINT('',(11.881307848992,-19.00799499511,3.4));
#7276 = SURFACE_CURVE('',#7277,(#7281,#7288),.PCURVE_S1.);
#7277 = B_SPLINE_CURVE_WITH_KNOTS('',2,(#7278,#7279,#7280),
  .UNSPECIFIED.,.F.,.F.,(3,3),(0.,1.),.PIECEWISE_BEZIER_KNOTS.);
#7278 = CARTESIAN_POINT('',(11.413313057325,-19.81600280761,3.4));
#7279 = CARTESIAN_POINT('',(11.881307848992,-19.81600280761,3.4));
#7280 = CARTESIAN_POINT('',(11.881307848992,-19.00799499511,3.4));
#7281 = PCURVE('',#4302,#7282);
#7282 = DEFINITIONAL_REPRESENTATION('',(#7283),#7287);
#7283 = LINE('',#7284,#7285);
#7284 = CARTESIAN_POINT('',(0.,0.));
#7285 = VECTOR('',#7286,1.);
#7286 = DIRECTION('',(1.,0.));
#7287 = ( GEOMETRIC_REPRESENTATION_CONTEXT(2) 
PARAMETRIC_REPRESENTATION_CONTEXT() REPRESENTATION_CONTEXT('2D SPACE',''
  ) );
#7288 = PCURVE('',#6333,#7289);
#7289 = DEFINITIONAL_REPRESENTATION('',(#7290),#7294);
#7290 = B_SPLINE_CURVE_WITH_KNOTS('',2,(#7291,#7292,#7293),
  .UNSPECIFIED.,.F.,.F.,(3,3),(0.,1.),.PIECEWISE_BEZIER_KNOTS.);
#7291 = CARTESIAN_POINT('',(1.036002604167,0.383997395833));
#7292 = CARTESIAN_POINT('',(1.503997395833,0.383997395833));
#7293 = CARTESIAN_POINT('',(1.503997395833,1.192005208333));
#7294 = ( GEOMETRIC_REPRESENTATION_CONTEXT(2) 
PARAMETRIC_REPRESENTATION_CONTEXT() REPRESENTATION_CONTEXT('2D SPACE',''
  ) );
#7295 = ORIENTED_EDGE('',*,*,#7200,.T.);
#7296 = ORIENTED_EDGE('',*,*,#4238,.F.);
#7297 = ORIENTED_EDGE('',*,*,#7298,.F.);
#7298 = EDGE_CURVE('',#7274,#4239,#7299,.T.);
#7299 = SURFACE_CURVE('',#7300,(#7304,#7311),.PCURVE_S1.);
#7300 = LINE('',#7301,#7302);
#7301 = CARTESIAN_POINT('',(11.881307848992,-19.00799499511,3.4));
#7302 = VECTOR('',#7303,1.);
#7303 = DIRECTION('',(0.,0.,1.));
#7304 = PCURVE('',#4302,#7305);
#7305 = DEFINITIONAL_REPRESENTATION('',(#7306),#7310);
#7306 = LINE('',#7307,#7308);
#7307 = CARTESIAN_POINT('',(1.,0.));
#7308 = VECTOR('',#7309,1.);
#7309 = DIRECTION('',(0.,-1.));
#7310 = ( GEOMETRIC_REPRESENTATION_CONTEXT(2) 
PARAMETRIC_REPRESENTATION_CONTEXT() REPRESENTATION_CONTEXT('2D SPACE',''
  ) );
#7311 = PCURVE('',#4360,#7312);
#7312 = DEFINITIONAL_REPRESENTATION('',(#7313),#7317);
#7313 = LINE('',#7314,#7315);
#7314 = CARTESIAN_POINT('',(0.,0.));
#7315 = VECTOR('',#7316,1.);
#7316 = DIRECTION('',(0.,-1.));
#7317 = ( GEOMETRIC_REPRESENTATION_CONTEXT(2) 
PARAMETRIC_REPRESENTATION_CONTEXT() REPRESENTATION_CONTEXT('2D SPACE',''
  ) );
#7318 = ADVANCED_FACE('',(#7319),#4576,.F.);
#7319 = FACE_BOUND('',#7320,.F.);
#7320 = EDGE_LOOP('',(#7321,#7344,#7365,#7366));
#7321 = ORIENTED_EDGE('',*,*,#7322,.F.);
#7322 = EDGE_CURVE('',#7323,#7225,#7325,.T.);
#7323 = VERTEX_POINT('',#7324);
#7324 = CARTESIAN_POINT('',(11.473313057325,-19.27799499511,3.4));
#7325 = SURFACE_CURVE('',#7326,(#7330,#7337),.PCURVE_S1.);
#7326 = B_SPLINE_CURVE_WITH_KNOTS('',2,(#7327,#7328,#7329),
  .UNSPECIFIED.,.F.,.F.,(3,3),(0.,1.),.PIECEWISE_BEZIER_KNOTS.);
#7327 = CARTESIAN_POINT('',(11.473313057325,-19.27799499511,3.4));
#7328 = CARTESIAN_POINT('',(11.409315661492,-19.28799499511,3.4));
#7329 = CARTESIAN_POINT('',(11.337310453159,-19.28799499511,3.4));
#7330 = PCURVE('',#4576,#7331);
#7331 = DEFINITIONAL_REPRESENTATION('',(#7332),#7336);
#7332 = LINE('',#7333,#7334);
#7333 = CARTESIAN_POINT('',(0.,0.));
#7334 = VECTOR('',#7335,1.);
#7335 = DIRECTION('',(1.,0.));
#7336 = ( GEOMETRIC_REPRESENTATION_CONTEXT(2) 
PARAMETRIC_REPRESENTATION_CONTEXT() REPRESENTATION_CONTEXT('2D SPACE',''
  ) );
#7337 = PCURVE('',#6333,#7338);
#7338 = DEFINITIONAL_REPRESENTATION('',(#7339),#7343);
#7339 = B_SPLINE_CURVE_WITH_KNOTS('',2,(#7340,#7341,#7342),
  .UNSPECIFIED.,.F.,.F.,(3,3),(0.,1.),.PIECEWISE_BEZIER_KNOTS.);
#7340 = CARTESIAN_POINT('',(1.096002604167,0.922005208333));
#7341 = CARTESIAN_POINT('',(1.032005208333,0.912005208333));
#7342 = CARTESIAN_POINT('',(0.96,0.912005208333));
#7343 = ( GEOMETRIC_REPRESENTATION_CONTEXT(2) 
PARAMETRIC_REPRESENTATION_CONTEXT() REPRESENTATION_CONTEXT('2D SPACE',''
  ) );
#7344 = ORIENTED_EDGE('',*,*,#7345,.T.);
#7345 = EDGE_CURVE('',#7323,#4521,#7346,.T.);
#7346 = SURFACE_CURVE('',#7347,(#7351,#7358),.PCURVE_S1.);
#7347 = LINE('',#7348,#7349);
#7348 = CARTESIAN_POINT('',(11.473313057325,-19.27799499511,3.4));
#7349 = VECTOR('',#7350,1.);
#7350 = DIRECTION('',(0.,0.,1.));
#7351 = PCURVE('',#4576,#7352);
#7352 = DEFINITIONAL_REPRESENTATION('',(#7353),#7357);
#7353 = LINE('',#7354,#7355);
#7354 = CARTESIAN_POINT('',(0.,0.));
#7355 = VECTOR('',#7356,1.);
#7356 = DIRECTION('',(0.,-1.));
#7357 = ( GEOMETRIC_REPRESENTATION_CONTEXT(2) 
PARAMETRIC_REPRESENTATION_CONTEXT() REPRESENTATION_CONTEXT('2D SPACE',''
  ) );
#7358 = PCURVE('',#4540,#7359);
#7359 = DEFINITIONAL_REPRESENTATION('',(#7360),#7364);
#7360 = LINE('',#7361,#7362);
#7361 = CARTESIAN_POINT('',(1.,0.));
#7362 = VECTOR('',#7363,1.);
#7363 = DIRECTION('',(0.,-1.));
#7364 = ( GEOMETRIC_REPRESENTATION_CONTEXT(2) 
PARAMETRIC_REPRESENTATION_CONTEXT() REPRESENTATION_CONTEXT('2D SPACE',''
  ) );
#7365 = ORIENTED_EDGE('',*,*,#4556,.F.);
#7366 = ORIENTED_EDGE('',*,*,#7247,.F.);
#7367 = ADVANCED_FACE('',(#7368),#4360,.F.);
#7368 = FACE_BOUND('',#7369,.F.);
#7369 = EDGE_LOOP('',(#7370,#7393,#7394,#7395));
#7370 = ORIENTED_EDGE('',*,*,#7371,.F.);
#7371 = EDGE_CURVE('',#7274,#7372,#7374,.T.);
#7372 = VERTEX_POINT('',#7373);
#7373 = CARTESIAN_POINT('',(11.849309151075,-19.04600280761,3.4));
#7374 = SURFACE_CURVE('',#7375,(#7379,#7386),.PCURVE_S1.);
#7375 = B_SPLINE_CURVE_WITH_KNOTS('',2,(#7376,#7377,#7378),
  .UNSPECIFIED.,.F.,.F.,(3,3),(0.,1.),.PIECEWISE_BEZIER_KNOTS.);
#7376 = CARTESIAN_POINT('',(11.881307848992,-19.00799499511,3.4));
#7377 = CARTESIAN_POINT('',(11.877310453159,-19.01200541178,3.4));
#7378 = CARTESIAN_POINT('',(11.849309151075,-19.04600280761,3.4));
#7379 = PCURVE('',#4360,#7380);
#7380 = DEFINITIONAL_REPRESENTATION('',(#7381),#7385);
#7381 = LINE('',#7382,#7383);
#7382 = CARTESIAN_POINT('',(0.,0.));
#7383 = VECTOR('',#7384,1.);
#7384 = DIRECTION('',(1.,0.));
#7385 = ( GEOMETRIC_REPRESENTATION_CONTEXT(2) 
PARAMETRIC_REPRESENTATION_CONTEXT() REPRESENTATION_CONTEXT('2D SPACE',''
  ) );
#7386 = PCURVE('',#6333,#7387);
#7387 = DEFINITIONAL_REPRESENTATION('',(#7388),#7392);
#7388 = B_SPLINE_CURVE_WITH_KNOTS('',2,(#7389,#7390,#7391),
  .UNSPECIFIED.,.F.,.F.,(3,3),(0.,1.),.PIECEWISE_BEZIER_KNOTS.);
#7389 = CARTESIAN_POINT('',(1.503997395833,1.192005208333));
#7390 = CARTESIAN_POINT('',(1.5,1.187994791667));
#7391 = CARTESIAN_POINT('',(1.471998697917,1.153997395833));
#7392 = ( GEOMETRIC_REPRESENTATION_CONTEXT(2) 
PARAMETRIC_REPRESENTATION_CONTEXT() REPRESENTATION_CONTEXT('2D SPACE',''
  ) );
#7393 = ORIENTED_EDGE('',*,*,#7298,.T.);
#7394 = ORIENTED_EDGE('',*,*,#4340,.F.);
#7395 = ORIENTED_EDGE('',*,*,#7396,.F.);
#7396 = EDGE_CURVE('',#7372,#4341,#7397,.T.);
#7397 = SURFACE_CURVE('',#7398,(#7402,#7409),.PCURVE_S1.);
#7398 = LINE('',#7399,#7400);
#7399 = CARTESIAN_POINT('',(11.849309151075,-19.04600280761,3.4));
#7400 = VECTOR('',#7401,1.);
#7401 = DIRECTION('',(0.,0.,1.));
#7402 = PCURVE('',#4360,#7403);
#7403 = DEFINITIONAL_REPRESENTATION('',(#7404),#7408);
#7404 = LINE('',#7405,#7406);
#7405 = CARTESIAN_POINT('',(1.,0.));
#7406 = VECTOR('',#7407,1.);
#7407 = DIRECTION('',(0.,-1.));
#7408 = ( GEOMETRIC_REPRESENTATION_CONTEXT(2) 
PARAMETRIC_REPRESENTATION_CONTEXT() REPRESENTATION_CONTEXT('2D SPACE',''
  ) );
#7409 = PCURVE('',#4396,#7410);
#7410 = DEFINITIONAL_REPRESENTATION('',(#7411),#7415);
#7411 = LINE('',#7412,#7413);
#7412 = CARTESIAN_POINT('',(0.,0.));
#7413 = VECTOR('',#7414,1.);
#7414 = DIRECTION('',(0.,-1.));
#7415 = ( GEOMETRIC_REPRESENTATION_CONTEXT(2) 
PARAMETRIC_REPRESENTATION_CONTEXT() REPRESENTATION_CONTEXT('2D SPACE',''
  ) );
#7416 = ADVANCED_FACE('',(#7417),#4540,.F.);
#7417 = FACE_BOUND('',#7418,.F.);
#7418 = EDGE_LOOP('',(#7419,#7442,#7463,#7464));
#7419 = ORIENTED_EDGE('',*,*,#7420,.F.);
#7420 = EDGE_CURVE('',#7421,#7323,#7423,.T.);
#7421 = VERTEX_POINT('',#7422);
#7422 = CARTESIAN_POINT('',(11.587310453159,-19.2459962972,3.4));
#7423 = SURFACE_CURVE('',#7424,(#7428,#7435),.PCURVE_S1.);
#7424 = B_SPLINE_CURVE_WITH_KNOTS('',2,(#7425,#7426,#7427),
  .UNSPECIFIED.,.F.,.F.,(3,3),(0.,1.),.PIECEWISE_BEZIER_KNOTS.);
#7425 = CARTESIAN_POINT('',(11.587310453159,-19.2459962972,3.4));
#7426 = CARTESIAN_POINT('',(11.537310453159,-19.26799499511,3.4));
#7427 = CARTESIAN_POINT('',(11.473313057325,-19.27799499511,3.4));
#7428 = PCURVE('',#4540,#7429);
#7429 = DEFINITIONAL_REPRESENTATION('',(#7430),#7434);
#7430 = LINE('',#7431,#7432);
#7431 = CARTESIAN_POINT('',(0.,0.));
#7432 = VECTOR('',#7433,1.);
#7433 = DIRECTION('',(1.,0.));
#7434 = ( GEOMETRIC_REPRESENTATION_CONTEXT(2) 
PARAMETRIC_REPRESENTATION_CONTEXT() REPRESENTATION_CONTEXT('2D SPACE',''
  ) );
#7435 = PCURVE('',#6333,#7436);
#7436 = DEFINITIONAL_REPRESENTATION('',(#7437),#7441);
#7437 = B_SPLINE_CURVE_WITH_KNOTS('',2,(#7438,#7439,#7440),
  .UNSPECIFIED.,.F.,.F.,(3,3),(0.,1.),.PIECEWISE_BEZIER_KNOTS.);
#7438 = CARTESIAN_POINT('',(1.21,0.95400390625));
#7439 = CARTESIAN_POINT('',(1.16,0.932005208333));
#7440 = CARTESIAN_POINT('',(1.096002604167,0.922005208333));
#7441 = ( GEOMETRIC_REPRESENTATION_CONTEXT(2) 
PARAMETRIC_REPRESENTATION_CONTEXT() REPRESENTATION_CONTEXT('2D SPACE',''
  ) );
#7442 = ORIENTED_EDGE('',*,*,#7443,.T.);
#7443 = EDGE_CURVE('',#7421,#4485,#7444,.T.);
#7444 = SURFACE_CURVE('',#7445,(#7449,#7456),.PCURVE_S1.);
#7445 = LINE('',#7446,#7447);
#7446 = CARTESIAN_POINT('',(11.587310453159,-19.2459962972,3.4));
#7447 = VECTOR('',#7448,1.);
#7448 = DIRECTION('',(0.,0.,1.));
#7449 = PCURVE('',#4540,#7450);
#7450 = DEFINITIONAL_REPRESENTATION('',(#7451),#7455);
#7451 = LINE('',#7452,#7453);
#7452 = CARTESIAN_POINT('',(0.,0.));
#7453 = VECTOR('',#7454,1.);
#7454 = DIRECTION('',(0.,-1.));
#7455 = ( GEOMETRIC_REPRESENTATION_CONTEXT(2) 
PARAMETRIC_REPRESENTATION_CONTEXT() REPRESENTATION_CONTEXT('2D SPACE',''
  ) );
#7456 = PCURVE('',#4504,#7457);
#7457 = DEFINITIONAL_REPRESENTATION('',(#7458),#7462);
#7458 = LINE('',#7459,#7460);
#7459 = CARTESIAN_POINT('',(1.,0.));
#7460 = VECTOR('',#7461,1.);
#7461 = DIRECTION('',(0.,-1.));
#7462 = ( GEOMETRIC_REPRESENTATION_CONTEXT(2) 
PARAMETRIC_REPRESENTATION_CONTEXT() REPRESENTATION_CONTEXT('2D SPACE',''
  ) );
#7463 = ORIENTED_EDGE('',*,*,#4520,.F.);
#7464 = ORIENTED_EDGE('',*,*,#7345,.F.);
#7465 = ADVANCED_FACE('',(#7466),#4396,.F.);
#7466 = FACE_BOUND('',#7467,.F.);
#7467 = EDGE_LOOP('',(#7468,#7491,#7492,#7493));
#7468 = ORIENTED_EDGE('',*,*,#7469,.F.);
#7469 = EDGE_CURVE('',#7372,#7470,#7472,.T.);
#7470 = VERTEX_POINT('',#7471);
#7471 = CARTESIAN_POINT('',(11.803306546909,-19.09800150553,3.4));
#7472 = SURFACE_CURVE('',#7473,(#7477,#7484),.PCURVE_S1.);
#7473 = B_SPLINE_CURVE_WITH_KNOTS('',2,(#7474,#7475,#7476),
  .UNSPECIFIED.,.F.,.F.,(3,3),(0.,1.),.PIECEWISE_BEZIER_KNOTS.);
#7474 = CARTESIAN_POINT('',(11.849309151075,-19.04600280761,3.4));
#7475 = CARTESIAN_POINT('',(11.821307848992,-19.08000020345,3.4));
#7476 = CARTESIAN_POINT('',(11.803306546909,-19.09800150553,3.4));
#7477 = PCURVE('',#4396,#7478);
#7478 = DEFINITIONAL_REPRESENTATION('',(#7479),#7483);
#7479 = LINE('',#7480,#7481);
#7480 = CARTESIAN_POINT('',(0.,0.));
#7481 = VECTOR('',#7482,1.);
#7482 = DIRECTION('',(1.,0.));
#7483 = ( GEOMETRIC_REPRESENTATION_CONTEXT(2) 
PARAMETRIC_REPRESENTATION_CONTEXT() REPRESENTATION_CONTEXT('2D SPACE',''
  ) );
#7484 = PCURVE('',#6333,#7485);
#7485 = DEFINITIONAL_REPRESENTATION('',(#7486),#7490);
#7486 = B_SPLINE_CURVE_WITH_KNOTS('',2,(#7487,#7488,#7489),
  .UNSPECIFIED.,.F.,.F.,(3,3),(0.,1.),.PIECEWISE_BEZIER_KNOTS.);
#7487 = CARTESIAN_POINT('',(1.471998697917,1.153997395833));
#7488 = CARTESIAN_POINT('',(1.443997395833,1.12));
#7489 = CARTESIAN_POINT('',(1.42599609375,1.101998697917));
#7490 = ( GEOMETRIC_REPRESENTATION_CONTEXT(2) 
PARAMETRIC_REPRESENTATION_CONTEXT() REPRESENTATION_CONTEXT('2D SPACE',''
  ) );
#7491 = ORIENTED_EDGE('',*,*,#7396,.T.);
#7492 = ORIENTED_EDGE('',*,*,#4376,.F.);
#7493 = ORIENTED_EDGE('',*,*,#7494,.F.);
#7494 = EDGE_CURVE('',#7470,#4377,#7495,.T.);
#7495 = SURFACE_CURVE('',#7496,(#7500,#7507),.PCURVE_S1.);
#7496 = LINE('',#7497,#7498);
#7497 = CARTESIAN_POINT('',(11.803306546909,-19.09800150553,3.4));
#7498 = VECTOR('',#7499,1.);
#7499 = DIRECTION('',(0.,0.,1.));
#7500 = PCURVE('',#4396,#7501);
#7501 = DEFINITIONAL_REPRESENTATION('',(#7502),#7506);
#7502 = LINE('',#7503,#7504);
#7503 = CARTESIAN_POINT('',(1.,0.));
#7504 = VECTOR('',#7505,1.);
#7505 = DIRECTION('',(0.,-1.));
#7506 = ( GEOMETRIC_REPRESENTATION_CONTEXT(2) 
PARAMETRIC_REPRESENTATION_CONTEXT() REPRESENTATION_CONTEXT('2D SPACE',''
  ) );
#7507 = PCURVE('',#4432,#7508);
#7508 = DEFINITIONAL_REPRESENTATION('',(#7509),#7513);
#7509 = LINE('',#7510,#7511);
#7510 = CARTESIAN_POINT('',(0.,0.));
#7511 = VECTOR('',#7512,1.);
#7512 = DIRECTION('',(0.,-1.));
#7513 = ( GEOMETRIC_REPRESENTATION_CONTEXT(2) 
PARAMETRIC_REPRESENTATION_CONTEXT() REPRESENTATION_CONTEXT('2D SPACE',''
  ) );
#7514 = ADVANCED_FACE('',(#7515),#4504,.F.);
#7515 = FACE_BOUND('',#7516,.F.);
#7516 = EDGE_LOOP('',(#7517,#7540,#7561,#7562));
#7517 = ORIENTED_EDGE('',*,*,#7518,.F.);
#7518 = EDGE_CURVE('',#7519,#7421,#7521,.T.);
#7519 = VERTEX_POINT('',#7520);
#7520 = CARTESIAN_POINT('',(11.675311755242,-19.20399759928,3.4));
#7521 = SURFACE_CURVE('',#7522,(#7526,#7533),.PCURVE_S1.);
#7522 = B_SPLINE_CURVE_WITH_KNOTS('',2,(#7523,#7524,#7525),
  .UNSPECIFIED.,.F.,.F.,(3,3),(0.,1.),.PIECEWISE_BEZIER_KNOTS.);
#7523 = CARTESIAN_POINT('',(11.675311755242,-19.20399759928,3.4));
#7524 = CARTESIAN_POINT('',(11.637310453159,-19.22399759928,3.4));
#7525 = CARTESIAN_POINT('',(11.587310453159,-19.2459962972,3.4));
#7526 = PCURVE('',#4504,#7527);
#7527 = DEFINITIONAL_REPRESENTATION('',(#7528),#7532);
#7528 = LINE('',#7529,#7530);
#7529 = CARTESIAN_POINT('',(0.,0.));
#7530 = VECTOR('',#7531,1.);
#7531 = DIRECTION('',(1.,0.));
#7532 = ( GEOMETRIC_REPRESENTATION_CONTEXT(2) 
PARAMETRIC_REPRESENTATION_CONTEXT() REPRESENTATION_CONTEXT('2D SPACE',''
  ) );
#7533 = PCURVE('',#6333,#7534);
#7534 = DEFINITIONAL_REPRESENTATION('',(#7535),#7539);
#7535 = B_SPLINE_CURVE_WITH_KNOTS('',2,(#7536,#7537,#7538),
  .UNSPECIFIED.,.F.,.F.,(3,3),(0.,1.),.PIECEWISE_BEZIER_KNOTS.);
#7536 = CARTESIAN_POINT('',(1.298001302083,0.996002604167));
#7537 = CARTESIAN_POINT('',(1.26,0.976002604167));
#7538 = CARTESIAN_POINT('',(1.21,0.95400390625));
#7539 = ( GEOMETRIC_REPRESENTATION_CONTEXT(2) 
PARAMETRIC_REPRESENTATION_CONTEXT() REPRESENTATION_CONTEXT('2D SPACE',''
  ) );
#7540 = ORIENTED_EDGE('',*,*,#7541,.T.);
#7541 = EDGE_CURVE('',#7519,#4449,#7542,.T.);
#7542 = SURFACE_CURVE('',#7543,(#7547,#7554),.PCURVE_S1.);
#7543 = LINE('',#7544,#7545);
#7544 = CARTESIAN_POINT('',(11.675311755242,-19.20399759928,3.4));
#7545 = VECTOR('',#7546,1.);
#7546 = DIRECTION('',(0.,0.,1.));
#7547 = PCURVE('',#4504,#7548);
#7548 = DEFINITIONAL_REPRESENTATION('',(#7549),#7553);
#7549 = LINE('',#7550,#7551);
#7550 = CARTESIAN_POINT('',(0.,0.));
#7551 = VECTOR('',#7552,1.);
#7552 = DIRECTION('',(0.,-1.));
#7553 = ( GEOMETRIC_REPRESENTATION_CONTEXT(2) 
PARAMETRIC_REPRESENTATION_CONTEXT() REPRESENTATION_CONTEXT('2D SPACE',''
  ) );
#7554 = PCURVE('',#4468,#7555);
#7555 = DEFINITIONAL_REPRESENTATION('',(#7556),#7560);
#7556 = LINE('',#7557,#7558);
#7557 = CARTESIAN_POINT('',(1.,0.));
#7558 = VECTOR('',#7559,1.);
#7559 = DIRECTION('',(0.,-1.));
#7560 = ( GEOMETRIC_REPRESENTATION_CONTEXT(2) 
PARAMETRIC_REPRESENTATION_CONTEXT() REPRESENTATION_CONTEXT('2D SPACE',''
  ) );
#7561 = ORIENTED_EDGE('',*,*,#4484,.F.);
#7562 = ORIENTED_EDGE('',*,*,#7443,.F.);
#7563 = ADVANCED_FACE('',(#7564),#4432,.F.);
#7564 = FACE_BOUND('',#7565,.F.);
#7565 = EDGE_LOOP('',(#7566,#7589,#7590,#7591));
#7566 = ORIENTED_EDGE('',*,*,#7567,.F.);
#7567 = EDGE_CURVE('',#7470,#7568,#7570,.T.);
#7568 = VERTEX_POINT('',#7569);
#7569 = CARTESIAN_POINT('',(11.749309151075,-19.15000020345,3.4));
#7570 = SURFACE_CURVE('',#7571,(#7575,#7582),.PCURVE_S1.);
#7571 = B_SPLINE_CURVE_WITH_KNOTS('',2,(#7572,#7573,#7574),
  .UNSPECIFIED.,.F.,.F.,(3,3),(0.,1.),.PIECEWISE_BEZIER_KNOTS.);
#7572 = CARTESIAN_POINT('',(11.803306546909,-19.09800150553,3.4));
#7573 = CARTESIAN_POINT('',(11.785305244825,-19.11600280761,3.4));
#7574 = CARTESIAN_POINT('',(11.749309151075,-19.15000020345,3.4));
#7575 = PCURVE('',#4432,#7576);
#7576 = DEFINITIONAL_REPRESENTATION('',(#7577),#7581);
#7577 = LINE('',#7578,#7579);
#7578 = CARTESIAN_POINT('',(0.,0.));
#7579 = VECTOR('',#7580,1.);
#7580 = DIRECTION('',(1.,0.));
#7581 = ( GEOMETRIC_REPRESENTATION_CONTEXT(2) 
PARAMETRIC_REPRESENTATION_CONTEXT() REPRESENTATION_CONTEXT('2D SPACE',''
  ) );
#7582 = PCURVE('',#6333,#7583);
#7583 = DEFINITIONAL_REPRESENTATION('',(#7584),#7588);
#7584 = B_SPLINE_CURVE_WITH_KNOTS('',2,(#7585,#7586,#7587),
  .UNSPECIFIED.,.F.,.F.,(3,3),(0.,1.),.PIECEWISE_BEZIER_KNOTS.);
#7585 = CARTESIAN_POINT('',(1.42599609375,1.101998697917));
#7586 = CARTESIAN_POINT('',(1.407994791667,1.083997395833));
#7587 = CARTESIAN_POINT('',(1.371998697917,1.05));
#7588 = ( GEOMETRIC_REPRESENTATION_CONTEXT(2) 
PARAMETRIC_REPRESENTATION_CONTEXT() REPRESENTATION_CONTEXT('2D SPACE',''
  ) );
#7589 = ORIENTED_EDGE('',*,*,#7494,.T.);
#7590 = ORIENTED_EDGE('',*,*,#4412,.F.);
#7591 = ORIENTED_EDGE('',*,*,#7592,.F.);
#7592 = EDGE_CURVE('',#7568,#4413,#7593,.T.);
#7593 = SURFACE_CURVE('',#7594,(#7598,#7605),.PCURVE_S1.);
#7594 = LINE('',#7595,#7596);
#7595 = CARTESIAN_POINT('',(11.749309151075,-19.15000020345,3.4));
#7596 = VECTOR('',#7597,1.);
#7597 = DIRECTION('',(0.,0.,1.));
#7598 = PCURVE('',#4432,#7599);
#7599 = DEFINITIONAL_REPRESENTATION('',(#7600),#7604);
#7600 = LINE('',#7601,#7602);
#7601 = CARTESIAN_POINT('',(1.,0.));
#7602 = VECTOR('',#7603,1.);
#7603 = DIRECTION('',(0.,-1.));
#7604 = ( GEOMETRIC_REPRESENTATION_CONTEXT(2) 
PARAMETRIC_REPRESENTATION_CONTEXT() REPRESENTATION_CONTEXT('2D SPACE',''
  ) );
#7605 = PCURVE('',#4468,#7606);
#7606 = DEFINITIONAL_REPRESENTATION('',(#7607),#7611);
#7607 = LINE('',#7608,#7609);
#7608 = CARTESIAN_POINT('',(0.,0.));
#7609 = VECTOR('',#7610,1.);
#7610 = DIRECTION('',(0.,-1.));
#7611 = ( GEOMETRIC_REPRESENTATION_CONTEXT(2) 
PARAMETRIC_REPRESENTATION_CONTEXT() REPRESENTATION_CONTEXT('2D SPACE',''
  ) );
#7612 = ADVANCED_FACE('',(#7613),#4468,.F.);
#7613 = FACE_BOUND('',#7614,.F.);
#7614 = EDGE_LOOP('',(#7615,#7636,#7637,#7638));
#7615 = ORIENTED_EDGE('',*,*,#7616,.F.);
#7616 = EDGE_CURVE('',#7568,#7519,#7617,.T.);
#7617 = SURFACE_CURVE('',#7618,(#7622,#7629),.PCURVE_S1.);
#7618 = B_SPLINE_CURVE_WITH_KNOTS('',2,(#7619,#7620,#7621),
  .UNSPECIFIED.,.F.,.F.,(3,3),(0.,1.),.PIECEWISE_BEZIER_KNOTS.);
#7619 = CARTESIAN_POINT('',(11.749309151075,-19.15000020345,3.4));
#7620 = CARTESIAN_POINT('',(11.713313057325,-19.18399759928,3.4));
#7621 = CARTESIAN_POINT('',(11.675311755242,-19.20399759928,3.4));
#7622 = PCURVE('',#4468,#7623);
#7623 = DEFINITIONAL_REPRESENTATION('',(#7624),#7628);
#7624 = LINE('',#7625,#7626);
#7625 = CARTESIAN_POINT('',(0.,0.));
#7626 = VECTOR('',#7627,1.);
#7627 = DIRECTION('',(1.,0.));
#7628 = ( GEOMETRIC_REPRESENTATION_CONTEXT(2) 
PARAMETRIC_REPRESENTATION_CONTEXT() REPRESENTATION_CONTEXT('2D SPACE',''
  ) );
#7629 = PCURVE('',#6333,#7630);
#7630 = DEFINITIONAL_REPRESENTATION('',(#7631),#7635);
#7631 = B_SPLINE_CURVE_WITH_KNOTS('',2,(#7632,#7633,#7634),
  .UNSPECIFIED.,.F.,.F.,(3,3),(0.,1.),.PIECEWISE_BEZIER_KNOTS.);
#7632 = CARTESIAN_POINT('',(1.371998697917,1.05));
#7633 = CARTESIAN_POINT('',(1.336002604167,1.016002604167));
#7634 = CARTESIAN_POINT('',(1.298001302083,0.996002604167));
#7635 = ( GEOMETRIC_REPRESENTATION_CONTEXT(2) 
PARAMETRIC_REPRESENTATION_CONTEXT() REPRESENTATION_CONTEXT('2D SPACE',''
  ) );
#7636 = ORIENTED_EDGE('',*,*,#7592,.T.);
#7637 = ORIENTED_EDGE('',*,*,#4448,.F.);
#7638 = ORIENTED_EDGE('',*,*,#7541,.F.);
#7639 = ADVANCED_FACE('',(#7640),#5740,.F.);
#7640 = FACE_BOUND('',#7641,.F.);
#7641 = EDGE_LOOP('',(#7642,#7643,#7666,#7694));
#7642 = ORIENTED_EDGE('',*,*,#5722,.T.);
#7643 = ORIENTED_EDGE('',*,*,#7644,.T.);
#7644 = EDGE_CURVE('',#5725,#7645,#7647,.T.);
#7645 = VERTEX_POINT('',#7646);
#7646 = CARTESIAN_POINT('',(22.985323154484,-11.21280291446,1.8));
#7647 = SURFACE_CURVE('',#7648,(#7652,#7659),.PCURVE_S1.);
#7648 = LINE('',#7649,#7650);
#7649 = CARTESIAN_POINT('',(22.985323154484,-11.21280291446,-1.));
#7650 = VECTOR('',#7651,1.);
#7651 = DIRECTION('',(0.,0.,1.));
#7652 = PCURVE('',#5740,#7653);
#7653 = DEFINITIONAL_REPRESENTATION('',(#7654),#7658);
#7654 = LINE('',#7655,#7656);
#7655 = CARTESIAN_POINT('',(0.,0.));
#7656 = VECTOR('',#7657,1.);
#7657 = DIRECTION('',(0.,-1.));
#7658 = ( GEOMETRIC_REPRESENTATION_CONTEXT(2) 
PARAMETRIC_REPRESENTATION_CONTEXT() REPRESENTATION_CONTEXT('2D SPACE',''
  ) );
#7659 = PCURVE('',#5832,#7660);
#7660 = DEFINITIONAL_REPRESENTATION('',(#7661),#7665);
#7661 = LINE('',#7662,#7663);
#7662 = CARTESIAN_POINT('',(3.14159265359,0.));
#7663 = VECTOR('',#7664,1.);
#7664 = DIRECTION('',(0.,-1.));
#7665 = ( GEOMETRIC_REPRESENTATION_CONTEXT(2) 
PARAMETRIC_REPRESENTATION_CONTEXT() REPRESENTATION_CONTEXT('2D SPACE',''
  ) );
#7666 = ORIENTED_EDGE('',*,*,#7667,.T.);
#7667 = EDGE_CURVE('',#7645,#7668,#7670,.T.);
#7668 = VERTEX_POINT('',#7669);
#7669 = CARTESIAN_POINT('',(18.234886774743,-13.32783345846,1.8));
#7670 = SURFACE_CURVE('',#7671,(#7675,#7682),.PCURVE_S1.);
#7671 = LINE('',#7672,#7673);
#7672 = CARTESIAN_POINT('',(22.985323154484,-11.21280291446,1.8));
#7673 = VECTOR('',#7674,1.);
#7674 = DIRECTION('',(-0.913545457643,-0.406736643076,0.));
#7675 = PCURVE('',#5740,#7676);
#7676 = DEFINITIONAL_REPRESENTATION('',(#7677),#7681);
#7677 = LINE('',#7678,#7679);
#7678 = CARTESIAN_POINT('',(0.,-2.8));
#7679 = VECTOR('',#7680,1.);
#7680 = DIRECTION('',(1.,0.));
#7681 = ( GEOMETRIC_REPRESENTATION_CONTEXT(2) 
PARAMETRIC_REPRESENTATION_CONTEXT() REPRESENTATION_CONTEXT('2D SPACE',''
  ) );
#7682 = PCURVE('',#7683,#7688);
#7683 = PLANE('',#7684);
#7684 = AXIS2_PLACEMENT_3D('',#7685,#7686,#7687);
#7685 = CARTESIAN_POINT('',(20.,-10.9,1.8));
#7686 = DIRECTION('',(-0.,-0.,-1.));
#7687 = DIRECTION('',(-1.,0.,0.));
#7688 = DEFINITIONAL_REPRESENTATION('',(#7689),#7693);
#7689 = LINE('',#7690,#7691);
#7690 = CARTESIAN_POINT('',(-2.985323154484,-0.312802914467));
#7691 = VECTOR('',#7692,1.);
#7692 = DIRECTION('',(0.913545457643,-0.406736643076));
#7693 = ( GEOMETRIC_REPRESENTATION_CONTEXT(2) 
PARAMETRIC_REPRESENTATION_CONTEXT() REPRESENTATION_CONTEXT('2D SPACE',''
  ) );
#7694 = ORIENTED_EDGE('',*,*,#7695,.F.);
#7695 = EDGE_CURVE('',#5723,#7668,#7696,.T.);
#7696 = SURFACE_CURVE('',#7697,(#7701,#7708),.PCURVE_S1.);
#7697 = LINE('',#7698,#7699);
#7698 = CARTESIAN_POINT('',(18.234886774743,-13.32783345846,-1.));
#7699 = VECTOR('',#7700,1.);
#7700 = DIRECTION('',(0.,0.,1.));
#7701 = PCURVE('',#5740,#7702);
#7702 = DEFINITIONAL_REPRESENTATION('',(#7703),#7707);
#7703 = LINE('',#7704,#7705);
#7704 = CARTESIAN_POINT('',(5.2,0.));
#7705 = VECTOR('',#7706,1.);
#7706 = DIRECTION('',(0.,-1.));
#7707 = ( GEOMETRIC_REPRESENTATION_CONTEXT(2) 
PARAMETRIC_REPRESENTATION_CONTEXT() REPRESENTATION_CONTEXT('2D SPACE',''
  ) );
#7708 = PCURVE('',#5773,#7709);
#7709 = DEFINITIONAL_REPRESENTATION('',(#7710),#7714);
#7710 = LINE('',#7711,#7712);
#7711 = CARTESIAN_POINT('',(0.,0.));
#7712 = VECTOR('',#7713,1.);
#7713 = DIRECTION('',(0.,-1.));
#7714 = ( GEOMETRIC_REPRESENTATION_CONTEXT(2) 
PARAMETRIC_REPRESENTATION_CONTEXT() REPRESENTATION_CONTEXT('2D SPACE',''
  ) );
#7715 = ADVANCED_FACE('',(#7716),#5832,.F.);
#7716 = FACE_BOUND('',#7717,.F.);
#7717 = EDGE_LOOP('',(#7718,#7719,#7742,#7764));
#7718 = ORIENTED_EDGE('',*,*,#5813,.F.);
#7719 = ORIENTED_EDGE('',*,*,#7720,.T.);
#7720 = EDGE_CURVE('',#5786,#7721,#7723,.T.);
#7721 = VERTEX_POINT('',#7722);
#7722 = CARTESIAN_POINT('',(21.765113225257,-8.472166541539,1.8));
#7723 = SURFACE_CURVE('',#7724,(#7728,#7735),.PCURVE_S1.);
#7724 = LINE('',#7725,#7726);
#7725 = CARTESIAN_POINT('',(21.765113225257,-8.472166541539,-1.));
#7726 = VECTOR('',#7727,1.);
#7727 = DIRECTION('',(0.,0.,1.));
#7728 = PCURVE('',#5832,#7729);
#7729 = DEFINITIONAL_REPRESENTATION('',(#7730),#7734);
#7730 = LINE('',#7731,#7732);
#7731 = CARTESIAN_POINT('',(0.,0.));
#7732 = VECTOR('',#7733,1.);
#7733 = DIRECTION('',(0.,-1.));
#7734 = ( GEOMETRIC_REPRESENTATION_CONTEXT(2) 
PARAMETRIC_REPRESENTATION_CONTEXT() REPRESENTATION_CONTEXT('2D SPACE',''
  ) );
#7735 = PCURVE('',#5801,#7736);
#7736 = DEFINITIONAL_REPRESENTATION('',(#7737),#7741);
#7737 = LINE('',#7738,#7739);
#7738 = CARTESIAN_POINT('',(5.2,0.));
#7739 = VECTOR('',#7740,1.);
#7740 = DIRECTION('',(0.,-1.));
#7741 = ( GEOMETRIC_REPRESENTATION_CONTEXT(2) 
PARAMETRIC_REPRESENTATION_CONTEXT() REPRESENTATION_CONTEXT('2D SPACE',''
  ) );
#7742 = ORIENTED_EDGE('',*,*,#7743,.T.);
#7743 = EDGE_CURVE('',#7721,#7645,#7744,.T.);
#7744 = SURFACE_CURVE('',#7745,(#7750,#7757),.PCURVE_S1.);
#7745 = CIRCLE('',#7746,1.5);
#7746 = AXIS2_PLACEMENT_3D('',#7747,#7748,#7749);
#7747 = CARTESIAN_POINT('',(22.375218189871,-9.842484728003,1.8));
#7748 = DIRECTION('',(0.,0.,-1.));
#7749 = DIRECTION('',(-0.406736643076,0.913545457643,0.));
#7750 = PCURVE('',#5832,#7751);
#7751 = DEFINITIONAL_REPRESENTATION('',(#7752),#7756);
#7752 = LINE('',#7753,#7754);
#7753 = CARTESIAN_POINT('',(0.,-2.8));
#7754 = VECTOR('',#7755,1.);
#7755 = DIRECTION('',(1.,0.));
#7756 = ( GEOMETRIC_REPRESENTATION_CONTEXT(2) 
PARAMETRIC_REPRESENTATION_CONTEXT() REPRESENTATION_CONTEXT('2D SPACE',''
  ) );
#7757 = PCURVE('',#7683,#7758);
#7758 = DEFINITIONAL_REPRESENTATION('',(#7759),#7763);
#7759 = CIRCLE('',#7760,1.5);
#7760 = AXIS2_PLACEMENT_2D('',#7761,#7762);
#7761 = CARTESIAN_POINT('',(-2.375218189871,1.057515271997));
#7762 = DIRECTION('',(0.406736643076,0.913545457643));
#7763 = ( GEOMETRIC_REPRESENTATION_CONTEXT(2) 
PARAMETRIC_REPRESENTATION_CONTEXT() REPRESENTATION_CONTEXT('2D SPACE',''
  ) );
#7764 = ORIENTED_EDGE('',*,*,#7644,.F.);
#7765 = ADVANCED_FACE('',(#7766),#5801,.F.);
#7766 = FACE_BOUND('',#7767,.F.);
#7767 = EDGE_LOOP('',(#7768,#7769,#7792,#7813));
#7768 = ORIENTED_EDGE('',*,*,#5785,.T.);
#7769 = ORIENTED_EDGE('',*,*,#7770,.T.);
#7770 = EDGE_CURVE('',#5753,#7771,#7773,.T.);
#7771 = VERTEX_POINT('',#7772);
#7772 = CARTESIAN_POINT('',(17.014676845516,-10.58719708553,1.8));
#7773 = SURFACE_CURVE('',#7774,(#7778,#7785),.PCURVE_S1.);
#7774 = LINE('',#7775,#7776);
#7775 = CARTESIAN_POINT('',(17.014676845516,-10.58719708553,-1.));
#7776 = VECTOR('',#7777,1.);
#7777 = DIRECTION('',(0.,0.,1.));
#7778 = PCURVE('',#5801,#7779);
#7779 = DEFINITIONAL_REPRESENTATION('',(#7780),#7784);
#7780 = LINE('',#7781,#7782);
#7781 = CARTESIAN_POINT('',(0.,0.));
#7782 = VECTOR('',#7783,1.);
#7783 = DIRECTION('',(0.,-1.));
#7784 = ( GEOMETRIC_REPRESENTATION_CONTEXT(2) 
PARAMETRIC_REPRESENTATION_CONTEXT() REPRESENTATION_CONTEXT('2D SPACE',''
  ) );
#7785 = PCURVE('',#5773,#7786);
#7786 = DEFINITIONAL_REPRESENTATION('',(#7787),#7791);
#7787 = LINE('',#7788,#7789);
#7788 = CARTESIAN_POINT('',(3.14159265359,0.));
#7789 = VECTOR('',#7790,1.);
#7790 = DIRECTION('',(0.,-1.));
#7791 = ( GEOMETRIC_REPRESENTATION_CONTEXT(2) 
PARAMETRIC_REPRESENTATION_CONTEXT() REPRESENTATION_CONTEXT('2D SPACE',''
  ) );
#7792 = ORIENTED_EDGE('',*,*,#7793,.T.);
#7793 = EDGE_CURVE('',#7771,#7721,#7794,.T.);
#7794 = SURFACE_CURVE('',#7795,(#7799,#7806),.PCURVE_S1.);
#7795 = LINE('',#7796,#7797);
#7796 = CARTESIAN_POINT('',(17.014676845516,-10.58719708553,1.8));
#7797 = VECTOR('',#7798,1.);
#7798 = DIRECTION('',(0.913545457643,0.406736643076,0.));
#7799 = PCURVE('',#5801,#7800);
#7800 = DEFINITIONAL_REPRESENTATION('',(#7801),#7805);
#7801 = LINE('',#7802,#7803);
#7802 = CARTESIAN_POINT('',(0.,-2.8));
#7803 = VECTOR('',#7804,1.);
#7804 = DIRECTION('',(1.,0.));
#7805 = ( GEOMETRIC_REPRESENTATION_CONTEXT(2) 
PARAMETRIC_REPRESENTATION_CONTEXT() REPRESENTATION_CONTEXT('2D SPACE',''
  ) );
#7806 = PCURVE('',#7683,#7807);
#7807 = DEFINITIONAL_REPRESENTATION('',(#7808),#7812);
#7808 = LINE('',#7809,#7810);
#7809 = CARTESIAN_POINT('',(2.985323154484,0.312802914467));
#7810 = VECTOR('',#7811,1.);
#7811 = DIRECTION('',(-0.913545457643,0.406736643076));
#7812 = ( GEOMETRIC_REPRESENTATION_CONTEXT(2) 
PARAMETRIC_REPRESENTATION_CONTEXT() REPRESENTATION_CONTEXT('2D SPACE',''
  ) );
#7813 = ORIENTED_EDGE('',*,*,#7720,.F.);
#7814 = ADVANCED_FACE('',(#7815),#5773,.F.);
#7815 = FACE_BOUND('',#7816,.F.);
#7816 = EDGE_LOOP('',(#7817,#7818,#7819,#7841));
#7817 = ORIENTED_EDGE('',*,*,#5752,.F.);
#7818 = ORIENTED_EDGE('',*,*,#7695,.T.);
#7819 = ORIENTED_EDGE('',*,*,#7820,.T.);
#7820 = EDGE_CURVE('',#7668,#7771,#7821,.T.);
#7821 = SURFACE_CURVE('',#7822,(#7827,#7834),.PCURVE_S1.);
#7822 = CIRCLE('',#7823,1.5);
#7823 = AXIS2_PLACEMENT_3D('',#7824,#7825,#7826);
#7824 = CARTESIAN_POINT('',(17.624781810129,-11.95751527199,1.8));
#7825 = DIRECTION('',(0.,-0.,-1.));
#7826 = DIRECTION('',(0.406736643076,-0.913545457643,0.));
#7827 = PCURVE('',#5773,#7828);
#7828 = DEFINITIONAL_REPRESENTATION('',(#7829),#7833);
#7829 = LINE('',#7830,#7831);
#7830 = CARTESIAN_POINT('',(0.,-2.8));
#7831 = VECTOR('',#7832,1.);
#7832 = DIRECTION('',(1.,0.));
#7833 = ( GEOMETRIC_REPRESENTATION_CONTEXT(2) 
PARAMETRIC_REPRESENTATION_CONTEXT() REPRESENTATION_CONTEXT('2D SPACE',''
  ) );
#7834 = PCURVE('',#7683,#7835);
#7835 = DEFINITIONAL_REPRESENTATION('',(#7836),#7840);
#7836 = CIRCLE('',#7837,1.5);
#7837 = AXIS2_PLACEMENT_2D('',#7838,#7839);
#7838 = CARTESIAN_POINT('',(2.375218189871,-1.057515271997));
#7839 = DIRECTION('',(-0.406736643076,-0.913545457643));
#7840 = ( GEOMETRIC_REPRESENTATION_CONTEXT(2) 
PARAMETRIC_REPRESENTATION_CONTEXT() REPRESENTATION_CONTEXT('2D SPACE',''
  ) );
#7841 = ORIENTED_EDGE('',*,*,#7770,.F.);
#7842 = ADVANCED_FACE('',(#7843),#5951,.T.);
#7843 = FACE_BOUND('',#7844,.T.);
#7844 = EDGE_LOOP('',(#7845));
#7845 = ORIENTED_EDGE('',*,*,#5936,.T.);
#7846 = ADVANCED_FACE('',(#7847),#5985,.T.);
#7847 = FACE_BOUND('',#7848,.F.);
#7848 = EDGE_LOOP('',(#7849,#7850,#7851,#7852,#7853,#7854,#7855));
#7849 = ORIENTED_EDGE('',*,*,#5967,.T.);
#7850 = ORIENTED_EDGE('',*,*,#6043,.T.);
#7851 = ORIENTED_EDGE('',*,*,#6141,.T.);
#7852 = ORIENTED_EDGE('',*,*,#6239,.T.);
#7853 = ORIENTED_EDGE('',*,*,#6288,.T.);
#7854 = ORIENTED_EDGE('',*,*,#6190,.T.);
#7855 = ORIENTED_EDGE('',*,*,#6092,.T.);
#7856 = ADVANCED_FACE('',(#7857,#7886),#6333,.T.);
#7857 = FACE_BOUND('',#7858,.F.);
#7858 = EDGE_LOOP('',(#7859,#7860,#7861,#7862,#7863,#7864,#7865,#7866,
    #7867,#7868,#7869,#7870,#7871,#7872,#7873,#7874,#7875,#7876,#7877,
    #7878,#7879,#7880,#7881,#7882,#7883,#7884,#7885));
#7859 = ORIENTED_EDGE('',*,*,#6315,.T.);
#7860 = ORIENTED_EDGE('',*,*,#6391,.T.);
#7861 = ORIENTED_EDGE('',*,*,#6489,.T.);
#7862 = ORIENTED_EDGE('',*,*,#6587,.T.);
#7863 = ORIENTED_EDGE('',*,*,#6685,.T.);
#7864 = ORIENTED_EDGE('',*,*,#6783,.T.);
#7865 = ORIENTED_EDGE('',*,*,#6881,.T.);
#7866 = ORIENTED_EDGE('',*,*,#6979,.T.);
#7867 = ORIENTED_EDGE('',*,*,#7077,.T.);
#7868 = ORIENTED_EDGE('',*,*,#7175,.T.);
#7869 = ORIENTED_EDGE('',*,*,#7273,.T.);
#7870 = ORIENTED_EDGE('',*,*,#7371,.T.);
#7871 = ORIENTED_EDGE('',*,*,#7469,.T.);
#7872 = ORIENTED_EDGE('',*,*,#7567,.T.);
#7873 = ORIENTED_EDGE('',*,*,#7616,.T.);
#7874 = ORIENTED_EDGE('',*,*,#7518,.T.);
#7875 = ORIENTED_EDGE('',*,*,#7420,.T.);
#7876 = ORIENTED_EDGE('',*,*,#7322,.T.);
#7877 = ORIENTED_EDGE('',*,*,#7224,.T.);
#7878 = ORIENTED_EDGE('',*,*,#7126,.T.);
#7879 = ORIENTED_EDGE('',*,*,#7028,.T.);
#7880 = ORIENTED_EDGE('',*,*,#6930,.T.);
#7881 = ORIENTED_EDGE('',*,*,#6832,.T.);
#7882 = ORIENTED_EDGE('',*,*,#6734,.T.);
#7883 = ORIENTED_EDGE('',*,*,#6636,.T.);
#7884 = ORIENTED_EDGE('',*,*,#6538,.T.);
#7885 = ORIENTED_EDGE('',*,*,#6440,.T.);
#7886 = FACE_BOUND('',#7887,.F.);
#7887 = EDGE_LOOP('',(#7888,#7920,#7950,#7980,#8010,#8040,#8070,#8100));
#7888 = ORIENTED_EDGE('',*,*,#7889,.T.);
#7889 = EDGE_CURVE('',#7890,#7892,#7894,.T.);
#7890 = VERTEX_POINT('',#7891);
#7891 = CARTESIAN_POINT('',(11.429315661492,-17.76000020345,3.4));
#7892 = VERTEX_POINT('',#7893);
#7893 = CARTESIAN_POINT('',(11.131307848992,-17.90600280761,3.4));
#7894 = SURFACE_CURVE('',#7895,(#7899,#7906),.PCURVE_S1.);
#7895 = B_SPLINE_CURVE_WITH_KNOTS('',2,(#7896,#7897,#7898),
  .UNSPECIFIED.,.F.,.F.,(3,3),(0.,1.),.PIECEWISE_BEZIER_KNOTS.);
#7896 = CARTESIAN_POINT('',(11.429315661492,-17.76000020345,3.4));
#7897 = CARTESIAN_POINT('',(11.241307848992,-17.76000020345,3.4));
#7898 = CARTESIAN_POINT('',(11.131307848992,-17.90600280761,3.4));
#7899 = PCURVE('',#6333,#7900);
#7900 = DEFINITIONAL_REPRESENTATION('',(#7901),#7905);
#7901 = B_SPLINE_CURVE_WITH_KNOTS('',2,(#7902,#7903,#7904),
  .UNSPECIFIED.,.F.,.F.,(3,3),(0.,1.),.PIECEWISE_BEZIER_KNOTS.);
#7902 = CARTESIAN_POINT('',(1.052005208333,2.44));
#7903 = CARTESIAN_POINT('',(0.863997395833,2.44));
#7904 = CARTESIAN_POINT('',(0.753997395833,2.293997395833));
#7905 = ( GEOMETRIC_REPRESENTATION_CONTEXT(2) 
PARAMETRIC_REPRESENTATION_CONTEXT() REPRESENTATION_CONTEXT('2D SPACE',''
  ) );
#7906 = PCURVE('',#7907,#7914);
#7907 = SURFACE_OF_LINEAR_EXTRUSION('',#7908,#7912);
#7908 = B_SPLINE_CURVE_WITH_KNOTS('',2,(#7909,#7910,#7911),
  .UNSPECIFIED.,.F.,.F.,(3,3),(0.,1.),.PIECEWISE_BEZIER_KNOTS.);
#7909 = CARTESIAN_POINT('',(11.429315661492,-17.76000020345,3.4));
#7910 = CARTESIAN_POINT('',(11.241307848992,-17.76000020345,3.4));
#7911 = CARTESIAN_POINT('',(11.131307848992,-17.90600280761,3.4));
#7912 = VECTOR('',#7913,1.);
#7913 = DIRECTION('',(-0.,-0.,-1.));
#7914 = DEFINITIONAL_REPRESENTATION('',(#7915),#7919);
#7915 = LINE('',#7916,#7917);
#7916 = CARTESIAN_POINT('',(0.,0.));
#7917 = VECTOR('',#7918,1.);
#7918 = DIRECTION('',(1.,0.));
#7919 = ( GEOMETRIC_REPRESENTATION_CONTEXT(2) 
PARAMETRIC_REPRESENTATION_CONTEXT() REPRESENTATION_CONTEXT('2D SPACE',''
  ) );
#7920 = ORIENTED_EDGE('',*,*,#7921,.T.);
#7921 = EDGE_CURVE('',#7892,#7922,#7924,.T.);
#7922 = VERTEX_POINT('',#7923);
#7923 = CARTESIAN_POINT('',(11.021307848992,-18.29600280761,3.4));
#7924 = SURFACE_CURVE('',#7925,(#7929,#7936),.PCURVE_S1.);
#7925 = B_SPLINE_CURVE_WITH_KNOTS('',2,(#7926,#7927,#7928),
  .UNSPECIFIED.,.F.,.F.,(3,3),(0.,1.),.PIECEWISE_BEZIER_KNOTS.);
#7926 = CARTESIAN_POINT('',(11.131307848992,-17.90600280761,3.4));
#7927 = CARTESIAN_POINT('',(11.021307848992,-18.05200541178,3.4));
#7928 = CARTESIAN_POINT('',(11.021307848992,-18.29600280761,3.4));
#7929 = PCURVE('',#6333,#7930);
#7930 = DEFINITIONAL_REPRESENTATION('',(#7931),#7935);
#7931 = B_SPLINE_CURVE_WITH_KNOTS('',2,(#7932,#7933,#7934),
  .UNSPECIFIED.,.F.,.F.,(3,3),(0.,1.),.PIECEWISE_BEZIER_KNOTS.);
#7932 = CARTESIAN_POINT('',(0.753997395833,2.293997395833));
#7933 = CARTESIAN_POINT('',(0.643997395833,2.147994791667));
#7934 = CARTESIAN_POINT('',(0.643997395833,1.903997395833));
#7935 = ( GEOMETRIC_REPRESENTATION_CONTEXT(2) 
PARAMETRIC_REPRESENTATION_CONTEXT() REPRESENTATION_CONTEXT('2D SPACE',''
  ) );
#7936 = PCURVE('',#7937,#7944);
#7937 = SURFACE_OF_LINEAR_EXTRUSION('',#7938,#7942);
#7938 = B_SPLINE_CURVE_WITH_KNOTS('',2,(#7939,#7940,#7941),
  .UNSPECIFIED.,.F.,.F.,(3,3),(0.,1.),.PIECEWISE_BEZIER_KNOTS.);
#7939 = CARTESIAN_POINT('',(11.131307848992,-17.90600280761,3.4));
#7940 = CARTESIAN_POINT('',(11.021307848992,-18.05200541178,3.4));
#7941 = CARTESIAN_POINT('',(11.021307848992,-18.29600280761,3.4));
#7942 = VECTOR('',#7943,1.);
#7943 = DIRECTION('',(-0.,-0.,-1.));
#7944 = DEFINITIONAL_REPRESENTATION('',(#7945),#7949);
#7945 = LINE('',#7946,#7947);
#7946 = CARTESIAN_POINT('',(0.,0.));
#7947 = VECTOR('',#7948,1.);
#7948 = DIRECTION('',(1.,0.));
#7949 = ( GEOMETRIC_REPRESENTATION_CONTEXT(2) 
PARAMETRIC_REPRESENTATION_CONTEXT() REPRESENTATION_CONTEXT('2D SPACE',''
  ) );
#7950 = ORIENTED_EDGE('',*,*,#7951,.T.);
#7951 = EDGE_CURVE('',#7922,#7952,#7954,.T.);
#7952 = VERTEX_POINT('',#7953);
#7953 = CARTESIAN_POINT('',(11.133306546909,-18.68199890136,3.4));
#7954 = SURFACE_CURVE('',#7955,(#7959,#7966),.PCURVE_S1.);
#7955 = B_SPLINE_CURVE_WITH_KNOTS('',2,(#7956,#7957,#7958),
  .UNSPECIFIED.,.F.,.F.,(3,3),(0.,1.),.PIECEWISE_BEZIER_KNOTS.);
#7956 = CARTESIAN_POINT('',(11.021307848992,-18.29600280761,3.4));
#7957 = CARTESIAN_POINT('',(11.021307848992,-18.54000020345,3.4));
#7958 = CARTESIAN_POINT('',(11.133306546909,-18.68199890136,3.4));
#7959 = PCURVE('',#6333,#7960);
#7960 = DEFINITIONAL_REPRESENTATION('',(#7961),#7965);
#7961 = B_SPLINE_CURVE_WITH_KNOTS('',2,(#7962,#7963,#7964),
  .UNSPECIFIED.,.F.,.F.,(3,3),(0.,1.),.PIECEWISE_BEZIER_KNOTS.);
#7962 = CARTESIAN_POINT('',(0.643997395833,1.903997395833));
#7963 = CARTESIAN_POINT('',(0.643997395833,1.66));
#7964 = CARTESIAN_POINT('',(0.75599609375,1.518001302083));
#7965 = ( GEOMETRIC_REPRESENTATION_CONTEXT(2) 
PARAMETRIC_REPRESENTATION_CONTEXT() REPRESENTATION_CONTEXT('2D SPACE',''
  ) );
#7966 = PCURVE('',#7967,#7974);
#7967 = SURFACE_OF_LINEAR_EXTRUSION('',#7968,#7972);
#7968 = B_SPLINE_CURVE_WITH_KNOTS('',2,(#7969,#7970,#7971),
  .UNSPECIFIED.,.F.,.F.,(3,3),(0.,1.),.PIECEWISE_BEZIER_KNOTS.);
#7969 = CARTESIAN_POINT('',(11.021307848992,-18.29600280761,3.4));
#7970 = CARTESIAN_POINT('',(11.021307848992,-18.54000020345,3.4));
#7971 = CARTESIAN_POINT('',(11.133306546909,-18.68199890136,3.4));
#7972 = VECTOR('',#7973,1.);
#7973 = DIRECTION('',(-0.,-0.,-1.));
#7974 = DEFINITIONAL_REPRESENTATION('',(#7975),#7979);
#7975 = LINE('',#7976,#7977);
#7976 = CARTESIAN_POINT('',(0.,0.));
#7977 = VECTOR('',#7978,1.);
#7978 = DIRECTION('',(1.,0.));
#7979 = ( GEOMETRIC_REPRESENTATION_CONTEXT(2) 
PARAMETRIC_REPRESENTATION_CONTEXT() REPRESENTATION_CONTEXT('2D SPACE',''
  ) );
#7980 = ORIENTED_EDGE('',*,*,#7981,.T.);
#7981 = EDGE_CURVE('',#7952,#7982,#7984,.T.);
#7982 = VERTEX_POINT('',#7983);
#7983 = CARTESIAN_POINT('',(11.437310453159,-18.82399759928,3.4));
#7984 = SURFACE_CURVE('',#7985,(#7989,#7996),.PCURVE_S1.);
#7985 = B_SPLINE_CURVE_WITH_KNOTS('',2,(#7986,#7987,#7988),
  .UNSPECIFIED.,.F.,.F.,(3,3),(0.,1.),.PIECEWISE_BEZIER_KNOTS.);
#7986 = CARTESIAN_POINT('',(11.133306546909,-18.68199890136,3.4));
#7987 = CARTESIAN_POINT('',(11.245305244825,-18.82399759928,3.4));
#7988 = CARTESIAN_POINT('',(11.437310453159,-18.82399759928,3.4));
#7989 = PCURVE('',#6333,#7990);
#7990 = DEFINITIONAL_REPRESENTATION('',(#7991),#7995);
#7991 = B_SPLINE_CURVE_WITH_KNOTS('',2,(#7992,#7993,#7994),
  .UNSPECIFIED.,.F.,.F.,(3,3),(0.,1.),.PIECEWISE_BEZIER_KNOTS.);
#7992 = CARTESIAN_POINT('',(0.75599609375,1.518001302083));
#7993 = CARTESIAN_POINT('',(0.867994791667,1.376002604167));
#7994 = CARTESIAN_POINT('',(1.06,1.376002604167));
#7995 = ( GEOMETRIC_REPRESENTATION_CONTEXT(2) 
PARAMETRIC_REPRESENTATION_CONTEXT() REPRESENTATION_CONTEXT('2D SPACE',''
  ) );
#7996 = PCURVE('',#7997,#8004);
#7997 = SURFACE_OF_LINEAR_EXTRUSION('',#7998,#8002);
#7998 = B_SPLINE_CURVE_WITH_KNOTS('',2,(#7999,#8000,#8001),
  .UNSPECIFIED.,.F.,.F.,(3,3),(0.,1.),.PIECEWISE_BEZIER_KNOTS.);
#7999 = CARTESIAN_POINT('',(11.133306546909,-18.68199890136,3.4));
#8000 = CARTESIAN_POINT('',(11.245305244825,-18.82399759928,3.4));
#8001 = CARTESIAN_POINT('',(11.437310453159,-18.82399759928,3.4));
#8002 = VECTOR('',#8003,1.);
#8003 = DIRECTION('',(-0.,-0.,-1.));
#8004 = DEFINITIONAL_REPRESENTATION('',(#8005),#8009);
#8005 = LINE('',#8006,#8007);
#8006 = CARTESIAN_POINT('',(0.,0.));
#8007 = VECTOR('',#8008,1.);
#8008 = DIRECTION('',(1.,0.));
#8009 = ( GEOMETRIC_REPRESENTATION_CONTEXT(2) 
PARAMETRIC_REPRESENTATION_CONTEXT() REPRESENTATION_CONTEXT('2D SPACE',''
  ) );
#8010 = ORIENTED_EDGE('',*,*,#8011,.T.);
#8011 = EDGE_CURVE('',#7982,#8012,#8014,.T.);
#8012 = VERTEX_POINT('',#8013);
#8013 = CARTESIAN_POINT('',(11.749315661492,-18.68000020345,3.4));
#8014 = SURFACE_CURVE('',#8015,(#8019,#8026),.PCURVE_S1.);
#8015 = B_SPLINE_CURVE_WITH_KNOTS('',2,(#8016,#8017,#8018),
  .UNSPECIFIED.,.F.,.F.,(3,3),(0.,1.),.PIECEWISE_BEZIER_KNOTS.);
#8016 = CARTESIAN_POINT('',(11.437310453159,-18.82399759928,3.4));
#8017 = CARTESIAN_POINT('',(11.629315661492,-18.82399759928,3.4));
#8018 = CARTESIAN_POINT('',(11.749315661492,-18.68000020345,3.4));
#8019 = PCURVE('',#6333,#8020);
#8020 = DEFINITIONAL_REPRESENTATION('',(#8021),#8025);
#8021 = B_SPLINE_CURVE_WITH_KNOTS('',2,(#8022,#8023,#8024),
  .UNSPECIFIED.,.F.,.F.,(3,3),(0.,1.),.PIECEWISE_BEZIER_KNOTS.);
#8022 = CARTESIAN_POINT('',(1.06,1.376002604167));
#8023 = CARTESIAN_POINT('',(1.252005208333,1.376002604167));
#8024 = CARTESIAN_POINT('',(1.372005208333,1.52));
#8025 = ( GEOMETRIC_REPRESENTATION_CONTEXT(2) 
PARAMETRIC_REPRESENTATION_CONTEXT() REPRESENTATION_CONTEXT('2D SPACE',''
  ) );
#8026 = PCURVE('',#8027,#8034);
#8027 = SURFACE_OF_LINEAR_EXTRUSION('',#8028,#8032);
#8028 = B_SPLINE_CURVE_WITH_KNOTS('',2,(#8029,#8030,#8031),
  .UNSPECIFIED.,.F.,.F.,(3,3),(0.,1.),.PIECEWISE_BEZIER_KNOTS.);
#8029 = CARTESIAN_POINT('',(11.437310453159,-18.82399759928,3.4));
#8030 = CARTESIAN_POINT('',(11.629315661492,-18.82399759928,3.4));
#8031 = CARTESIAN_POINT('',(11.749315661492,-18.68000020345,3.4));
#8032 = VECTOR('',#8033,1.);
#8033 = DIRECTION('',(-0.,-0.,-1.));
#8034 = DEFINITIONAL_REPRESENTATION('',(#8035),#8039);
#8035 = LINE('',#8036,#8037);
#8036 = CARTESIAN_POINT('',(0.,0.));
#8037 = VECTOR('',#8038,1.);
#8038 = DIRECTION('',(1.,0.));
#8039 = ( GEOMETRIC_REPRESENTATION_CONTEXT(2) 
PARAMETRIC_REPRESENTATION_CONTEXT() REPRESENTATION_CONTEXT('2D SPACE',''
  ) );
#8040 = ORIENTED_EDGE('',*,*,#8041,.T.);
#8041 = EDGE_CURVE('',#8012,#8042,#8044,.T.);
#8042 = VERTEX_POINT('',#8043);
#8043 = CARTESIAN_POINT('',(11.869315661492,-18.30399759928,3.4));
#8044 = SURFACE_CURVE('',#8045,(#8049,#8056),.PCURVE_S1.);
#8045 = B_SPLINE_CURVE_WITH_KNOTS('',2,(#8046,#8047,#8048),
  .UNSPECIFIED.,.F.,.F.,(3,3),(0.,1.),.PIECEWISE_BEZIER_KNOTS.);
#8046 = CARTESIAN_POINT('',(11.749315661492,-18.68000020345,3.4));
#8047 = CARTESIAN_POINT('',(11.869315661492,-18.53600280761,3.4));
#8048 = CARTESIAN_POINT('',(11.869315661492,-18.30399759928,3.4));
#8049 = PCURVE('',#6333,#8050);
#8050 = DEFINITIONAL_REPRESENTATION('',(#8051),#8055);
#8051 = B_SPLINE_CURVE_WITH_KNOTS('',2,(#8052,#8053,#8054),
  .UNSPECIFIED.,.F.,.F.,(3,3),(0.,1.),.PIECEWISE_BEZIER_KNOTS.);
#8052 = CARTESIAN_POINT('',(1.372005208333,1.52));
#8053 = CARTESIAN_POINT('',(1.492005208333,1.663997395833));
#8054 = CARTESIAN_POINT('',(1.492005208333,1.896002604167));
#8055 = ( GEOMETRIC_REPRESENTATION_CONTEXT(2) 
PARAMETRIC_REPRESENTATION_CONTEXT() REPRESENTATION_CONTEXT('2D SPACE',''
  ) );
#8056 = PCURVE('',#8057,#8064);
#8057 = SURFACE_OF_LINEAR_EXTRUSION('',#8058,#8062);
#8058 = B_SPLINE_CURVE_WITH_KNOTS('',2,(#8059,#8060,#8061),
  .UNSPECIFIED.,.F.,.F.,(3,3),(0.,1.),.PIECEWISE_BEZIER_KNOTS.);
#8059 = CARTESIAN_POINT('',(11.749315661492,-18.68000020345,3.4));
#8060 = CARTESIAN_POINT('',(11.869315661492,-18.53600280761,3.4));
#8061 = CARTESIAN_POINT('',(11.869315661492,-18.30399759928,3.4));
#8062 = VECTOR('',#8063,1.);
#8063 = DIRECTION('',(-0.,-0.,-1.));
#8064 = DEFINITIONAL_REPRESENTATION('',(#8065),#8069);
#8065 = LINE('',#8066,#8067);
#8066 = CARTESIAN_POINT('',(0.,0.));
#8067 = VECTOR('',#8068,1.);
#8068 = DIRECTION('',(1.,0.));
#8069 = ( GEOMETRIC_REPRESENTATION_CONTEXT(2) 
PARAMETRIC_REPRESENTATION_CONTEXT() REPRESENTATION_CONTEXT('2D SPACE',''
  ) );
#8070 = ORIENTED_EDGE('',*,*,#8071,.T.);
#8071 = EDGE_CURVE('',#8042,#8072,#8074,.T.);
#8072 = VERTEX_POINT('',#8073);
#8073 = CARTESIAN_POINT('',(11.751314359409,-17.90800150553,3.4));
#8074 = SURFACE_CURVE('',#8075,(#8079,#8086),.PCURVE_S1.);
#8075 = B_SPLINE_CURVE_WITH_KNOTS('',2,(#8076,#8077,#8078),
  .UNSPECIFIED.,.F.,.F.,(3,3),(0.,1.),.PIECEWISE_BEZIER_KNOTS.);
#8076 = CARTESIAN_POINT('',(11.869315661492,-18.30399759928,3.4));
#8077 = CARTESIAN_POINT('',(11.869315661492,-18.05600280761,3.4));
#8078 = CARTESIAN_POINT('',(11.751314359409,-17.90800150553,3.4));
#8079 = PCURVE('',#6333,#8080);
#8080 = DEFINITIONAL_REPRESENTATION('',(#8081),#8085);
#8081 = B_SPLINE_CURVE_WITH_KNOTS('',2,(#8082,#8083,#8084),
  .UNSPECIFIED.,.F.,.F.,(3,3),(0.,1.),.PIECEWISE_BEZIER_KNOTS.);
#8082 = CARTESIAN_POINT('',(1.492005208333,1.896002604167));
#8083 = CARTESIAN_POINT('',(1.492005208333,2.143997395833));
#8084 = CARTESIAN_POINT('',(1.37400390625,2.291998697917));
#8085 = ( GEOMETRIC_REPRESENTATION_CONTEXT(2) 
PARAMETRIC_REPRESENTATION_CONTEXT() REPRESENTATION_CONTEXT('2D SPACE',''
  ) );
#8086 = PCURVE('',#8087,#8094);
#8087 = SURFACE_OF_LINEAR_EXTRUSION('',#8088,#8092);
#8088 = B_SPLINE_CURVE_WITH_KNOTS('',2,(#8089,#8090,#8091),
  .UNSPECIFIED.,.F.,.F.,(3,3),(0.,1.),.PIECEWISE_BEZIER_KNOTS.);
#8089 = CARTESIAN_POINT('',(11.869315661492,-18.30399759928,3.4));
#8090 = CARTESIAN_POINT('',(11.869315661492,-18.05600280761,3.4));
#8091 = CARTESIAN_POINT('',(11.751314359409,-17.90800150553,3.4));
#8092 = VECTOR('',#8093,1.);
#8093 = DIRECTION('',(-0.,-0.,-1.));
#8094 = DEFINITIONAL_REPRESENTATION('',(#8095),#8099);
#8095 = LINE('',#8096,#8097);
#8096 = CARTESIAN_POINT('',(0.,0.));
#8097 = VECTOR('',#8098,1.);
#8098 = DIRECTION('',(1.,0.));
#8099 = ( GEOMETRIC_REPRESENTATION_CONTEXT(2) 
PARAMETRIC_REPRESENTATION_CONTEXT() REPRESENTATION_CONTEXT('2D SPACE',''
  ) );
#8100 = ORIENTED_EDGE('',*,*,#8101,.T.);
#8101 = EDGE_CURVE('',#8072,#7890,#8102,.T.);
#8102 = SURFACE_CURVE('',#8103,(#8107,#8114),.PCURVE_S1.);
#8103 = B_SPLINE_CURVE_WITH_KNOTS('',2,(#8104,#8105,#8106),
  .UNSPECIFIED.,.F.,.F.,(3,3),(0.,1.),.PIECEWISE_BEZIER_KNOTS.);
#8104 = CARTESIAN_POINT('',(11.751314359409,-17.90800150553,3.4));
#8105 = CARTESIAN_POINT('',(11.633313057325,-17.76000020345,3.4));
#8106 = CARTESIAN_POINT('',(11.429315661492,-17.76000020345,3.4));
#8107 = PCURVE('',#6333,#8108);
#8108 = DEFINITIONAL_REPRESENTATION('',(#8109),#8113);
#8109 = B_SPLINE_CURVE_WITH_KNOTS('',2,(#8110,#8111,#8112),
  .UNSPECIFIED.,.F.,.F.,(3,3),(0.,1.),.PIECEWISE_BEZIER_KNOTS.);
#8110 = CARTESIAN_POINT('',(1.37400390625,2.291998697917));
#8111 = CARTESIAN_POINT('',(1.256002604167,2.44));
#8112 = CARTESIAN_POINT('',(1.052005208333,2.44));
#8113 = ( GEOMETRIC_REPRESENTATION_CONTEXT(2) 
PARAMETRIC_REPRESENTATION_CONTEXT() REPRESENTATION_CONTEXT('2D SPACE',''
  ) );
#8114 = PCURVE('',#8115,#8122);
#8115 = SURFACE_OF_LINEAR_EXTRUSION('',#8116,#8120);
#8116 = B_SPLINE_CURVE_WITH_KNOTS('',2,(#8117,#8118,#8119),
  .UNSPECIFIED.,.F.,.F.,(3,3),(0.,1.),.PIECEWISE_BEZIER_KNOTS.);
#8117 = CARTESIAN_POINT('',(11.751314359409,-17.90800150553,3.4));
#8118 = CARTESIAN_POINT('',(11.633313057325,-17.76000020345,3.4));
#8119 = CARTESIAN_POINT('',(11.429315661492,-17.76000020345,3.4));
#8120 = VECTOR('',#8121,1.);
#8121 = DIRECTION('',(-0.,-0.,-1.));
#8122 = DEFINITIONAL_REPRESENTATION('',(#8123),#8127);
#8123 = LINE('',#8124,#8125);
#8124 = CARTESIAN_POINT('',(0.,0.));
#8125 = VECTOR('',#8126,1.);
#8126 = DIRECTION('',(1.,0.));
#8127 = ( GEOMETRIC_REPRESENTATION_CONTEXT(2) 
PARAMETRIC_REPRESENTATION_CONTEXT() REPRESENTATION_CONTEXT('2D SPACE',''
  ) );
#8128 = ADVANCED_FACE('',(#8129),#7683,.T.);
#8129 = FACE_BOUND('',#8130,.T.);
#8130 = EDGE_LOOP('',(#8131,#8132,#8133,#8134));
#8131 = ORIENTED_EDGE('',*,*,#7667,.T.);
#8132 = ORIENTED_EDGE('',*,*,#7820,.T.);
#8133 = ORIENTED_EDGE('',*,*,#7793,.T.);
#8134 = ORIENTED_EDGE('',*,*,#7743,.T.);
#8135 = ADVANCED_FACE('',(#8136),#7907,.F.);
#8136 = FACE_BOUND('',#8137,.F.);
#8137 = EDGE_LOOP('',(#8138,#8139,#8162,#8211));
#8138 = ORIENTED_EDGE('',*,*,#7889,.F.);
#8139 = ORIENTED_EDGE('',*,*,#8140,.T.);
#8140 = EDGE_CURVE('',#7890,#8141,#8143,.T.);
#8141 = VERTEX_POINT('',#8142);
#8142 = CARTESIAN_POINT('',(11.429315661492,-17.76000020345,4.));
#8143 = SURFACE_CURVE('',#8144,(#8148,#8155),.PCURVE_S1.);
#8144 = LINE('',#8145,#8146);
#8145 = CARTESIAN_POINT('',(11.429315661492,-17.76000020345,3.4));
#8146 = VECTOR('',#8147,1.);
#8147 = DIRECTION('',(0.,0.,1.));
#8148 = PCURVE('',#7907,#8149);
#8149 = DEFINITIONAL_REPRESENTATION('',(#8150),#8154);
#8150 = LINE('',#8151,#8152);
#8151 = CARTESIAN_POINT('',(0.,0.));
#8152 = VECTOR('',#8153,1.);
#8153 = DIRECTION('',(0.,-1.));
#8154 = ( GEOMETRIC_REPRESENTATION_CONTEXT(2) 
PARAMETRIC_REPRESENTATION_CONTEXT() REPRESENTATION_CONTEXT('2D SPACE',''
  ) );
#8155 = PCURVE('',#8115,#8156);
#8156 = DEFINITIONAL_REPRESENTATION('',(#8157),#8161);
#8157 = LINE('',#8158,#8159);
#8158 = CARTESIAN_POINT('',(1.,0.));
#8159 = VECTOR('',#8160,1.);
#8160 = DIRECTION('',(0.,-1.));
#8161 = ( GEOMETRIC_REPRESENTATION_CONTEXT(2) 
PARAMETRIC_REPRESENTATION_CONTEXT() REPRESENTATION_CONTEXT('2D SPACE',''
  ) );
#8162 = ORIENTED_EDGE('',*,*,#8163,.F.);
#8163 = EDGE_CURVE('',#8164,#8141,#8166,.T.);
#8164 = VERTEX_POINT('',#8165);
#8165 = CARTESIAN_POINT('',(11.131307848992,-17.90600280761,4.));
#8166 = SURFACE_CURVE('',#8167,(#8178,#8192),.PCURVE_S1.);
#8167 = B_SPLINE_CURVE_WITH_KNOTS('',5,(#8168,#8169,#8170,#8171,#8172,
    #8173,#8174,#8175,#8176,#8177),.UNSPECIFIED.,.F.,.F.,(6,4,6),(0.,
    0.464714602672,1.),.UNSPECIFIED.);
#8168 = CARTESIAN_POINT('',(11.131307848992,-17.90600280761,4.));
#8169 = CARTESIAN_POINT('',(11.151624688114,-17.87903634016,4.));
#8170 = CARTESIAN_POINT('',(11.173710483856,-17.85504241306,4.));
#8171 = CARTESIAN_POINT('',(11.197566894721,-17.8341296624,4.));
#8172 = CARTESIAN_POINT('',(11.223171915724,-17.81636993063,4.));
#8173 = CARTESIAN_POINT('',(11.281924475615,-17.7849955522,4.));
#8174 = CARTESIAN_POINT('',(11.315628436425,-17.77241912042,4.));
#8175 = CARTESIAN_POINT('',(11.351509730832,-17.76410239827,4.));
#8176 = CARTESIAN_POINT('',(11.389453188997,-17.76000020345,4.));
#8177 = CARTESIAN_POINT('',(11.429315661492,-17.76000020345,4.));
#8178 = PCURVE('',#7907,#8179);
#8179 = DEFINITIONAL_REPRESENTATION('',(#8180),#8191);
#8180 = B_SPLINE_CURVE_WITH_KNOTS('',5,(#8181,#8182,#8183,#8184,#8185,
    #8186,#8187,#8188,#8189,#8190),.UNSPECIFIED.,.F.,.F.,(6,4,6),(0.,
    0.464714602672,1.),.UNSPECIFIED.);
#8181 = CARTESIAN_POINT('',(1.,-0.6));
#8182 = CARTESIAN_POINT('',(0.907650731265,-0.6));
#8183 = CARTESIAN_POINT('',(0.814820747459,-0.6));
#8184 = CARTESIAN_POINT('',(0.721660001715,-0.6));
#8185 = CARTESIAN_POINT('',(0.628329098351,-0.6));
#8186 = CARTESIAN_POINT('',(0.42749809839,-0.6));
#8187 = CARTESIAN_POINT('',(0.319993444735,-0.6));
#8188 = CARTESIAN_POINT('',(0.212750985045,-0.6));
#8189 = CARTESIAN_POINT('',(0.10601280863,-0.6));
#8190 = CARTESIAN_POINT('',(0.,-0.6));
#8191 = ( GEOMETRIC_REPRESENTATION_CONTEXT(2) 
PARAMETRIC_REPRESENTATION_CONTEXT() REPRESENTATION_CONTEXT('2D SPACE',''
  ) );
#8192 = PCURVE('',#8193,#8198);
#8193 = PLANE('',#8194);
#8194 = AXIS2_PLACEMENT_3D('',#8195,#8196,#8197);
#8195 = CARTESIAN_POINT('',(-26.62268954684,-3.,4.));
#8196 = DIRECTION('',(-0.,0.,1.));
#8197 = DIRECTION('',(0.994533904972,-0.104414136312,0.));
#8198 = DEFINITIONAL_REPRESENTATION('',(#8199),#8210);
#8199 = B_SPLINE_CURVE_WITH_KNOTS('',5,(#8200,#8201,#8202,#8203,#8204,
    #8205,#8206,#8207,#8208,#8209),.UNSPECIFIED.,.F.,.F.,(6,4,6),(0.,
    0.464714602672,1.),.UNSPECIFIED.);
#8200 = CARTESIAN_POINT('',(39.104027867386,-10.88247414938));
#8201 = CARTESIAN_POINT('',(39.121417972326,-10.85353371798));
#8202 = CARTESIAN_POINT('',(39.140877739836,-10.82736487469));
#8203 = CARTESIAN_POINT('',(39.162420162494,-10.80407548857));
#8204 = CARTESIAN_POINT('',(39.186030856964,-10.78373930703));
#8205 = CARTESIAN_POINT('',(39.241186341155,-10.74640182614));
#8206 = CARTESIAN_POINT('',(39.27339291565,-10.73037496837));
#8207 = CARTESIAN_POINT('',(39.308209696131,-10.71835719185));
#8208 = CARTESIAN_POINT('',(39.345517424618,-10.7103155866));
#8209 = CARTESIAN_POINT('',(39.385162005051,-10.70615338096));
#8210 = ( GEOMETRIC_REPRESENTATION_CONTEXT(2) 
PARAMETRIC_REPRESENTATION_CONTEXT() REPRESENTATION_CONTEXT('2D SPACE',''
  ) );
#8211 = ORIENTED_EDGE('',*,*,#8212,.F.);
#8212 = EDGE_CURVE('',#7892,#8164,#8213,.T.);
#8213 = SURFACE_CURVE('',#8214,(#8218,#8225),.PCURVE_S1.);
#8214 = LINE('',#8215,#8216);
#8215 = CARTESIAN_POINT('',(11.131307848992,-17.90600280761,3.4));
#8216 = VECTOR('',#8217,1.);
#8217 = DIRECTION('',(0.,0.,1.));
#8218 = PCURVE('',#7907,#8219);
#8219 = DEFINITIONAL_REPRESENTATION('',(#8220),#8224);
#8220 = LINE('',#8221,#8222);
#8221 = CARTESIAN_POINT('',(1.,0.));
#8222 = VECTOR('',#8223,1.);
#8223 = DIRECTION('',(0.,-1.));
#8224 = ( GEOMETRIC_REPRESENTATION_CONTEXT(2) 
PARAMETRIC_REPRESENTATION_CONTEXT() REPRESENTATION_CONTEXT('2D SPACE',''
  ) );
#8225 = PCURVE('',#7937,#8226);
#8226 = DEFINITIONAL_REPRESENTATION('',(#8227),#8231);
#8227 = LINE('',#8228,#8229);
#8228 = CARTESIAN_POINT('',(0.,0.));
#8229 = VECTOR('',#8230,1.);
#8230 = DIRECTION('',(0.,-1.));
#8231 = ( GEOMETRIC_REPRESENTATION_CONTEXT(2) 
PARAMETRIC_REPRESENTATION_CONTEXT() REPRESENTATION_CONTEXT('2D SPACE',''
  ) );
#8232 = ADVANCED_FACE('',(#8233),#7937,.F.);
#8233 = FACE_BOUND('',#8234,.F.);
#8234 = EDGE_LOOP('',(#8235,#8236,#8237,#8269));
#8235 = ORIENTED_EDGE('',*,*,#7921,.F.);
#8236 = ORIENTED_EDGE('',*,*,#8212,.T.);
#8237 = ORIENTED_EDGE('',*,*,#8238,.F.);
#8238 = EDGE_CURVE('',#8239,#8164,#8241,.T.);
#8239 = VERTEX_POINT('',#8240);
#8240 = CARTESIAN_POINT('',(11.021307848992,-18.29600280761,4.));
#8241 = SURFACE_CURVE('',#8242,(#8249,#8259),.PCURVE_S1.);
#8242 = B_SPLINE_CURVE_WITH_KNOTS('',5,(#8243,#8244,#8245,#8246,#8247,
    #8248),.UNSPECIFIED.,.F.,.F.,(6,6),(0.,1.),
  .PIECEWISE_BEZIER_KNOTS.);
#8243 = CARTESIAN_POINT('',(11.021307848992,-18.29600280761,4.));
#8244 = CARTESIAN_POINT('',(11.021307848992,-18.20108247108,4.));
#8245 = CARTESIAN_POINT('',(11.031712650548,-18.11362966585,4.));
#8246 = CARTESIAN_POINT('',(11.053310152319,-18.03473646949,4.));
#8247 = CARTESIAN_POINT('',(11.086585844675,-17.96536216301,4.));
#8248 = CARTESIAN_POINT('',(11.131307848992,-17.90600280761,4.));
#8249 = PCURVE('',#7937,#8250);
#8250 = DEFINITIONAL_REPRESENTATION('',(#8251),#8258);
#8251 = B_SPLINE_CURVE_WITH_KNOTS('',5,(#8252,#8253,#8254,#8255,#8256,
    #8257),.UNSPECIFIED.,.F.,.F.,(6,6),(0.,1.),
  .PIECEWISE_BEZIER_KNOTS.);
#8252 = CARTESIAN_POINT('',(1.,-0.6));
#8253 = CARTESIAN_POINT('',(0.805489037676,-0.6));
#8254 = CARTESIAN_POINT('',(0.607286010675,-0.6));
#8255 = CARTESIAN_POINT('',(0.406190453712,-0.6));
#8256 = CARTESIAN_POINT('',(0.203281837804,-0.6));
#8257 = CARTESIAN_POINT('',(0.,-0.6));
#8258 = ( GEOMETRIC_REPRESENTATION_CONTEXT(2) 
PARAMETRIC_REPRESENTATION_CONTEXT() REPRESENTATION_CONTEXT('2D SPACE',''
  ) );
#8259 = PCURVE('',#8193,#8260);
#8260 = DEFINITIONAL_REPRESENTATION('',(#8261),#8268);
#8261 = B_SPLINE_CURVE_WITH_KNOTS('',5,(#8262,#8263,#8264,#8265,#8266,
    #8267),.UNSPECIFIED.,.F.,.F.,(6,6),(0.,1.),
  .PIECEWISE_BEZIER_KNOTS.);
#8262 = CARTESIAN_POINT('',(39.035350651001,-11.28182792731));
#8263 = CARTESIAN_POINT('',(39.025439626043,-11.18742643435));
#8264 = CARTESIAN_POINT('',(39.02665624484,-11.0993652461));
#8265 = CARTESIAN_POINT('',(39.039898127653,-11.01864820295));
#8266 = CARTESIAN_POINT('',(39.065748273621,-10.94617865035));
#8267 = CARTESIAN_POINT('',(39.104027867386,-10.88247414938));
#8268 = ( GEOMETRIC_REPRESENTATION_CONTEXT(2) 
PARAMETRIC_REPRESENTATION_CONTEXT() REPRESENTATION_CONTEXT('2D SPACE',''
  ) );
#8269 = ORIENTED_EDGE('',*,*,#8270,.F.);
#8270 = EDGE_CURVE('',#7922,#8239,#8271,.T.);
#8271 = SURFACE_CURVE('',#8272,(#8276,#8283),.PCURVE_S1.);
#8272 = LINE('',#8273,#8274);
#8273 = CARTESIAN_POINT('',(11.021307848992,-18.29600280761,3.4));
#8274 = VECTOR('',#8275,1.);
#8275 = DIRECTION('',(0.,0.,1.));
#8276 = PCURVE('',#7937,#8277);
#8277 = DEFINITIONAL_REPRESENTATION('',(#8278),#8282);
#8278 = LINE('',#8279,#8280);
#8279 = CARTESIAN_POINT('',(1.,0.));
#8280 = VECTOR('',#8281,1.);
#8281 = DIRECTION('',(0.,-1.));
#8282 = ( GEOMETRIC_REPRESENTATION_CONTEXT(2) 
PARAMETRIC_REPRESENTATION_CONTEXT() REPRESENTATION_CONTEXT('2D SPACE',''
  ) );
#8283 = PCURVE('',#7967,#8284);
#8284 = DEFINITIONAL_REPRESENTATION('',(#8285),#8289);
#8285 = LINE('',#8286,#8287);
#8286 = CARTESIAN_POINT('',(0.,0.));
#8287 = VECTOR('',#8288,1.);
#8288 = DIRECTION('',(0.,-1.));
#8289 = ( GEOMETRIC_REPRESENTATION_CONTEXT(2) 
PARAMETRIC_REPRESENTATION_CONTEXT() REPRESENTATION_CONTEXT('2D SPACE',''
  ) );
#8290 = ADVANCED_FACE('',(#8291),#7967,.F.);
#8291 = FACE_BOUND('',#8292,.F.);
#8292 = EDGE_LOOP('',(#8293,#8294,#8295,#8327));
#8293 = ORIENTED_EDGE('',*,*,#7951,.F.);
#8294 = ORIENTED_EDGE('',*,*,#8270,.T.);
#8295 = ORIENTED_EDGE('',*,*,#8296,.F.);
#8296 = EDGE_CURVE('',#8297,#8239,#8299,.T.);
#8297 = VERTEX_POINT('',#8298);
#8298 = CARTESIAN_POINT('',(11.133306546909,-18.68199890136,4.));
#8299 = SURFACE_CURVE('',#8300,(#8307,#8317),.PCURVE_S1.);
#8300 = B_SPLINE_CURVE_WITH_KNOTS('',5,(#8301,#8302,#8303,#8304,#8305,
    #8306),.UNSPECIFIED.,.F.,.F.,(6,6),(0.,1.),
  .PIECEWISE_BEZIER_KNOTS.);
#8301 = CARTESIAN_POINT('',(11.133306546909,-18.68199890136,4.));
#8302 = CARTESIAN_POINT('',(11.087758978096,-18.62425094907,4.));
#8303 = CARTESIAN_POINT('',(11.053860876722,-18.55605087893,4.));
#8304 = CARTESIAN_POINT('',(11.03188115295,-18.47790296227,4.));
#8305 = CARTESIAN_POINT('',(11.021307848992,-18.39083085546,4.));
#8306 = CARTESIAN_POINT('',(11.021307848992,-18.29600280761,4.));
#8307 = PCURVE('',#7967,#8308);
#8308 = DEFINITIONAL_REPRESENTATION('',(#8309),#8316);
#8309 = B_SPLINE_CURVE_WITH_KNOTS('',5,(#8310,#8311,#8312,#8313,#8314,
    #8315),.UNSPECIFIED.,.F.,.F.,(6,6),(0.,1.),
  .PIECEWISE_BEZIER_KNOTS.);
#8310 = CARTESIAN_POINT('',(1.,-0.6));
#8311 = CARTESIAN_POINT('',(0.796660275254,-0.6));
#8312 = CARTESIAN_POINT('',(0.593642698384,-0.6));
#8313 = CARTESIAN_POINT('',(0.392482472996,-0.6));
#8314 = CARTESIAN_POINT('',(0.194321844141,-0.6));
#8315 = CARTESIAN_POINT('',(0.,-0.6));
#8316 = ( GEOMETRIC_REPRESENTATION_CONTEXT(2) 
PARAMETRIC_REPRESENTATION_CONTEXT() REPRESENTATION_CONTEXT('2D SPACE',''
  ) );
#8317 = PCURVE('',#8193,#8318);
#8318 = DEFINITIONAL_REPRESENTATION('',(#8319),#8326);
#8319 = B_SPLINE_CURVE_WITH_KNOTS('',5,(#8320,#8321,#8322,#8323,#8324,
    #8325),.UNSPECIFIED.,.F.,.F.,(6,6),(0.,1.),
  .PIECEWISE_BEZIER_KNOTS.);
#8320 = CARTESIAN_POINT('',(39.18704060214,-11.65401988242));
#8321 = CARTESIAN_POINT('',(39.135712298104,-11.60134339598));
#8322 = CARTESIAN_POINT('',(39.094878435553,-11.53705555488));
#8323 = CARTESIAN_POINT('',(39.064859107818,-11.46162979603));
#8324 = CARTESIAN_POINT('',(39.045252039715,-11.37613763604));
#8325 = CARTESIAN_POINT('',(39.035350651001,-11.28182792731));
#8326 = ( GEOMETRIC_REPRESENTATION_CONTEXT(2) 
PARAMETRIC_REPRESENTATION_CONTEXT() REPRESENTATION_CONTEXT('2D SPACE',''
  ) );
#8327 = ORIENTED_EDGE('',*,*,#8328,.F.);
#8328 = EDGE_CURVE('',#7952,#8297,#8329,.T.);
#8329 = SURFACE_CURVE('',#8330,(#8334,#8341),.PCURVE_S1.);
#8330 = LINE('',#8331,#8332);
#8331 = CARTESIAN_POINT('',(11.133306546909,-18.68199890136,3.4));
#8332 = VECTOR('',#8333,1.);
#8333 = DIRECTION('',(0.,0.,1.));
#8334 = PCURVE('',#7967,#8335);
#8335 = DEFINITIONAL_REPRESENTATION('',(#8336),#8340);
#8336 = LINE('',#8337,#8338);
#8337 = CARTESIAN_POINT('',(1.,0.));
#8338 = VECTOR('',#8339,1.);
#8339 = DIRECTION('',(0.,-1.));
#8340 = ( GEOMETRIC_REPRESENTATION_CONTEXT(2) 
PARAMETRIC_REPRESENTATION_CONTEXT() REPRESENTATION_CONTEXT('2D SPACE',''
  ) );
#8341 = PCURVE('',#7997,#8342);
#8342 = DEFINITIONAL_REPRESENTATION('',(#8343),#8347);
#8343 = LINE('',#8344,#8345);
#8344 = CARTESIAN_POINT('',(0.,0.));
#8345 = VECTOR('',#8346,1.);
#8346 = DIRECTION('',(0.,-1.));
#8347 = ( GEOMETRIC_REPRESENTATION_CONTEXT(2) 
PARAMETRIC_REPRESENTATION_CONTEXT() REPRESENTATION_CONTEXT('2D SPACE',''
  ) );
#8348 = ADVANCED_FACE('',(#8349),#7997,.F.);
#8349 = FACE_BOUND('',#8350,.F.);
#8350 = EDGE_LOOP('',(#8351,#8352,#8353,#8397));
#8351 = ORIENTED_EDGE('',*,*,#7981,.F.);
#8352 = ORIENTED_EDGE('',*,*,#8328,.T.);
#8353 = ORIENTED_EDGE('',*,*,#8354,.F.);
#8354 = EDGE_CURVE('',#8355,#8297,#8357,.T.);
#8355 = VERTEX_POINT('',#8356);
#8356 = CARTESIAN_POINT('',(11.437310453159,-18.82399759928,4.));
#8357 = SURFACE_CURVE('',#8358,(#8369,#8383),.PCURVE_S1.);
#8358 = B_SPLINE_CURVE_WITH_KNOTS('',5,(#8359,#8360,#8361,#8362,#8363,
    #8364,#8365,#8366,#8367,#8368),.UNSPECIFIED.,.F.,.F.,(6,4,6),(0.,
    0.579596717848,1.),.UNSPECIFIED.);
#8359 = CARTESIAN_POINT('',(11.437310453159,-18.82399759928,4.));
#8360 = CARTESIAN_POINT('',(11.393304648329,-18.82399759928,4.));
#8361 = CARTESIAN_POINT('',(11.3515861519,-18.81933576128,4.));
#8362 = CARTESIAN_POINT('',(11.312338405007,-18.80986822653,4.));
#8363 = CARTESIAN_POINT('',(11.275708076543,-18.79553599393,4.));
#8364 = CARTESIAN_POINT('',(11.217187745024,-18.76250927112,4.));
#8365 = CARTESIAN_POINT('',(11.194011736812,-18.74609342444,4.));
#8366 = CARTESIAN_POINT('',(11.172297070778,-18.72716721622,4.));
#8367 = CARTESIAN_POINT('',(11.152061745444,-18.7057778722,4.));
#8368 = CARTESIAN_POINT('',(11.133306546909,-18.68199890136,4.));
#8369 = PCURVE('',#7997,#8370);
#8370 = DEFINITIONAL_REPRESENTATION('',(#8371),#8382);
#8371 = B_SPLINE_CURVE_WITH_KNOTS('',5,(#8372,#8373,#8374,#8375,#8376,
    #8377,#8378,#8379,#8380,#8381),.UNSPECIFIED.,.F.,.F.,(6,4,6),(0.,
    0.579596717848,1.),.UNSPECIFIED.);
#8372 = CARTESIAN_POINT('',(1.,-0.6));
#8373 = CARTESIAN_POINT('',(0.885404658521,-0.6));
#8374 = CARTESIAN_POINT('',(0.76992570292,-0.6));
#8375 = CARTESIAN_POINT('',(0.653829757774,-0.6));
#8376 = CARTESIAN_POINT('',(0.537412194838,-0.6));
#8377 = CARTESIAN_POINT('',(0.336561860022,-0.6));
#8378 = CARTESIAN_POINT('',(0.252123499555,-0.6));
#8379 = CARTESIAN_POINT('',(0.167807338697,-0.6));
#8380 = CARTESIAN_POINT('',(8.372953830675E-02,-0.6));
#8381 = CARTESIAN_POINT('',(0.,-0.6));
#8382 = ( GEOMETRIC_REPRESENTATION_CONTEXT(2) 
PARAMETRIC_REPRESENTATION_CONTEXT() REPRESENTATION_CONTEXT('2D SPACE',''
  ) );
#8383 = PCURVE('',#8193,#8384);
#8384 = DEFINITIONAL_REPRESENTATION('',(#8385),#8396);
#8385 = B_SPLINE_CURVE_WITH_KNOTS('',5,(#8386,#8387,#8388,#8389,#8390,
    #8391,#8392,#8393,#8394,#8395),.UNSPECIFIED.,.F.,.F.,(6,4,6),(0.,
    0.579596717848,1.),.UNSPECIFIED.);
#8386 = CARTESIAN_POINT('',(39.50420946555,-11.76350009665));
#8387 = CARTESIAN_POINT('',(39.460444200632,-11.76809492476));
#8388 = CARTESIAN_POINT('',(39.41846697968,-11.76781456958));
#8389 = CARTESIAN_POINT('',(39.378445220237,-11.76249680487));
#8390 = CARTESIAN_POINT('',(39.340518628942,-11.75206763773));
#8391 = CARTESIAN_POINT('',(39.278869718378,-11.72533179199));
#8392 = CARTESIAN_POINT('',(39.254106345976,-11.71142557877));
#8393 = CARTESIAN_POINT('',(39.230534210685,-11.6948701411));
#8394 = CARTESIAN_POINT('',(39.20817614368,-11.67571056728));
#8395 = CARTESIAN_POINT('',(39.18704060214,-11.65401988242));
#8396 = ( GEOMETRIC_REPRESENTATION_CONTEXT(2) 
PARAMETRIC_REPRESENTATION_CONTEXT() REPRESENTATION_CONTEXT('2D SPACE',''
  ) );
#8397 = ORIENTED_EDGE('',*,*,#8398,.F.);
#8398 = EDGE_CURVE('',#7982,#8355,#8399,.T.);
#8399 = SURFACE_CURVE('',#8400,(#8404,#8411),.PCURVE_S1.);
#8400 = LINE('',#8401,#8402);
#8401 = CARTESIAN_POINT('',(11.437310453159,-18.82399759928,3.4));
#8402 = VECTOR('',#8403,1.);
#8403 = DIRECTION('',(0.,0.,1.));
#8404 = PCURVE('',#7997,#8405);
#8405 = DEFINITIONAL_REPRESENTATION('',(#8406),#8410);
#8406 = LINE('',#8407,#8408);
#8407 = CARTESIAN_POINT('',(1.,0.));
#8408 = VECTOR('',#8409,1.);
#8409 = DIRECTION('',(0.,-1.));
#8410 = ( GEOMETRIC_REPRESENTATION_CONTEXT(2) 
PARAMETRIC_REPRESENTATION_CONTEXT() REPRESENTATION_CONTEXT('2D SPACE',''
  ) );
#8411 = PCURVE('',#8027,#8412);
#8412 = DEFINITIONAL_REPRESENTATION('',(#8413),#8417);
#8413 = LINE('',#8414,#8415);
#8414 = CARTESIAN_POINT('',(0.,0.));
#8415 = VECTOR('',#8416,1.);
#8416 = DIRECTION('',(0.,-1.));
#8417 = ( GEOMETRIC_REPRESENTATION_CONTEXT(2) 
PARAMETRIC_REPRESENTATION_CONTEXT() REPRESENTATION_CONTEXT('2D SPACE',''
  ) );
#8418 = ADVANCED_FACE('',(#8419),#8027,.F.);
#8419 = FACE_BOUND('',#8420,.F.);
#8420 = EDGE_LOOP('',(#8421,#8422,#8423,#8467));
#8421 = ORIENTED_EDGE('',*,*,#8011,.F.);
#8422 = ORIENTED_EDGE('',*,*,#8398,.T.);
#8423 = ORIENTED_EDGE('',*,*,#8424,.F.);
#8424 = EDGE_CURVE('',#8425,#8355,#8427,.T.);
#8425 = VERTEX_POINT('',#8426);
#8426 = CARTESIAN_POINT('',(11.749315661492,-18.68000020345,4.));
#8427 = SURFACE_CURVE('',#8428,(#8439,#8453),.PCURVE_S1.);
#8428 = B_SPLINE_CURVE_WITH_KNOTS('',5,(#8429,#8430,#8431,#8432,#8433,
    #8434,#8435,#8436,#8437,#8438),.UNSPECIFIED.,.F.,.F.,(6,4,6),(0.,
    0.467740987284,1.),.UNSPECIFIED.);
#8429 = CARTESIAN_POINT('',(11.749315661492,-18.68000020345,4.));
#8430 = CARTESIAN_POINT('',(11.727000764522,-18.70677759555,4.));
#8431 = CARTESIAN_POINT('',(11.703019275085,-18.73057527907,4.));
#8432 = CARTESIAN_POINT('',(11.67737503314,-18.75129007598,4.));
#8433 = CARTESIAN_POINT('',(11.65009329571,-18.76885419611,4.));
#8434 = CARTESIAN_POINT('',(11.58837430218,-18.79961627299,4.));
#8435 = CARTESIAN_POINT('',(11.553467728582,-18.81187849741,4.));
#8436 = CARTESIAN_POINT('',(11.516579942285,-18.81999200015,4.));
#8437 = CARTESIAN_POINT('',(11.477817435438,-18.82399759928,4.));
#8438 = CARTESIAN_POINT('',(11.437310453159,-18.82399759928,4.));
#8439 = PCURVE('',#8027,#8440);
#8440 = DEFINITIONAL_REPRESENTATION('',(#8441),#8452);
#8441 = B_SPLINE_CURVE_WITH_KNOTS('',5,(#8442,#8443,#8444,#8445,#8446,
    #8447,#8448,#8449,#8450,#8451),.UNSPECIFIED.,.F.,.F.,(6,4,6),(0.,
    0.467740987284,1.),.UNSPECIFIED.);
#8442 = CARTESIAN_POINT('',(1.,-0.6));
#8443 = CARTESIAN_POINT('',(0.907021262626,-0.6));
#8444 = CARTESIAN_POINT('',(0.813582632882,-0.6));
#8445 = CARTESIAN_POINT('',(0.719828465302,-0.6));
#8446 = CARTESIAN_POINT('',(0.625912805613,-0.6));
#8447 = CARTESIAN_POINT('',(0.42513329694,-0.6));
#8448 = CARTESIAN_POINT('',(0.318265778696,-0.6));
#8449 = CARTESIAN_POINT('',(0.211641315619,-0.6));
#8450 = CARTESIAN_POINT('',(0.10548407158,-0.6));
#8451 = CARTESIAN_POINT('',(0.,-0.6));
#8452 = ( GEOMETRIC_REPRESENTATION_CONTEXT(2) 
PARAMETRIC_REPRESENTATION_CONTEXT() REPRESENTATION_CONTEXT('2D SPACE',''
  ) );
#8453 = PCURVE('',#8193,#8454);
#8454 = DEFINITIONAL_REPRESENTATION('',(#8455),#8466);
#8455 = B_SPLINE_CURVE_WITH_KNOTS('',5,(#8456,#8457,#8458,#8459,#8460,
    #8461,#8462,#8463,#8464,#8465),.UNSPECIFIED.,.F.,.F.,(6,4,6),(0.,
    0.467740987284,1.),.UNSPECIFIED.);
#8456 = CARTESIAN_POINT('',(39.799473860048,-11.58771204992));
#8457 = CARTESIAN_POINT('',(39.780076876695,-11.61667306494));
#8458 = CARTESIAN_POINT('',(39.758711286929,-11.64284467457));
#8459 = CARTESIAN_POINT('',(39.735370136475,-11.6661238638));
#8460 = CARTESIAN_POINT('',(39.710071466049,-11.68644057584));
#8461 = CARTESIAN_POINT('',(39.65190183009,-11.72347883968));
#8462 = CARTESIAN_POINT('',(39.618466408714,-11.73931877736));
#8463 = CARTESIAN_POINT('',(39.582627418942,-11.75123953726));
#8464 = CARTESIAN_POINT('',(39.544495032815,-11.75927059508));
#8465 = CARTESIAN_POINT('',(39.50420946555,-11.76350009665));
#8466 = ( GEOMETRIC_REPRESENTATION_CONTEXT(2) 
PARAMETRIC_REPRESENTATION_CONTEXT() REPRESENTATION_CONTEXT('2D SPACE',''
  ) );
#8467 = ORIENTED_EDGE('',*,*,#8468,.F.);
#8468 = EDGE_CURVE('',#8012,#8425,#8469,.T.);
#8469 = SURFACE_CURVE('',#8470,(#8474,#8481),.PCURVE_S1.);
#8470 = LINE('',#8471,#8472);
#8471 = CARTESIAN_POINT('',(11.749315661492,-18.68000020345,3.4));
#8472 = VECTOR('',#8473,1.);
#8473 = DIRECTION('',(0.,0.,1.));
#8474 = PCURVE('',#8027,#8475);
#8475 = DEFINITIONAL_REPRESENTATION('',(#8476),#8480);
#8476 = LINE('',#8477,#8478);
#8477 = CARTESIAN_POINT('',(1.,0.));
#8478 = VECTOR('',#8479,1.);
#8479 = DIRECTION('',(0.,-1.));
#8480 = ( GEOMETRIC_REPRESENTATION_CONTEXT(2) 
PARAMETRIC_REPRESENTATION_CONTEXT() REPRESENTATION_CONTEXT('2D SPACE',''
  ) );
#8481 = PCURVE('',#8057,#8482);
#8482 = DEFINITIONAL_REPRESENTATION('',(#8483),#8487);
#8483 = LINE('',#8484,#8485);
#8484 = CARTESIAN_POINT('',(0.,0.));
#8485 = VECTOR('',#8486,1.);
#8486 = DIRECTION('',(0.,-1.));
#8487 = ( GEOMETRIC_REPRESENTATION_CONTEXT(2) 
PARAMETRIC_REPRESENTATION_CONTEXT() REPRESENTATION_CONTEXT('2D SPACE',''
  ) );
#8488 = ADVANCED_FACE('',(#8489),#8057,.F.);
#8489 = FACE_BOUND('',#8490,.F.);
#8490 = EDGE_LOOP('',(#8491,#8492,#8493,#8525));
#8491 = ORIENTED_EDGE('',*,*,#8041,.F.);
#8492 = ORIENTED_EDGE('',*,*,#8468,.T.);
#8493 = ORIENTED_EDGE('',*,*,#8494,.F.);
#8494 = EDGE_CURVE('',#8495,#8425,#8497,.T.);
#8495 = VERTEX_POINT('',#8496);
#8496 = CARTESIAN_POINT('',(11.869315661492,-18.30399759928,4.));
#8497 = SURFACE_CURVE('',#8498,(#8505,#8515),.PCURVE_S1.);
#8498 = B_SPLINE_CURVE_WITH_KNOTS('',5,(#8499,#8500,#8501,#8502,#8503,
    #8504),.UNSPECIFIED.,.F.,.F.,(6,6),(0.,1.),
  .PIECEWISE_BEZIER_KNOTS.);
#8499 = CARTESIAN_POINT('',(11.869315661492,-18.30399759928,4.));
#8500 = CARTESIAN_POINT('',(11.869315661492,-18.39477741467,4.));
#8501 = CARTESIAN_POINT('',(11.857832953674,-18.47864861911,4.));
#8502 = CARTESIAN_POINT('',(11.834102200289,-18.55460155505,4.));
#8503 = CARTESIAN_POINT('',(11.797785333704,-18.62183764865,4.));
#8504 = CARTESIAN_POINT('',(11.749315661492,-18.68000020345,4.));
#8505 = PCURVE('',#8057,#8506);
#8506 = DEFINITIONAL_REPRESENTATION('',(#8507),#8514);
#8507 = B_SPLINE_CURVE_WITH_KNOTS('',5,(#8508,#8509,#8510,#8511,#8512,
    #8513),.UNSPECIFIED.,.F.,.F.,(6,6),(0.,1.),
  .PIECEWISE_BEZIER_KNOTS.);
#8508 = CARTESIAN_POINT('',(1.,-0.6));
#8509 = CARTESIAN_POINT('',(0.80435823825,-0.6));
#8510 = CARTESIAN_POINT('',(0.605456228503,-0.6));
#8511 = CARTESIAN_POINT('',(0.404260242308,-0.6));
#8512 = CARTESIAN_POINT('',(0.201956967551,-0.6));
#8513 = CARTESIAN_POINT('',(0.,-0.6));
#8514 = ( GEOMETRIC_REPRESENTATION_CONTEXT(2) 
PARAMETRIC_REPRESENTATION_CONTEXT() REPRESENTATION_CONTEXT('2D SPACE',''
  ) );
#8515 = PCURVE('',#8193,#8516);
#8516 = DEFINITIONAL_REPRESENTATION('',(#8517),#8524);
#8517 = B_SPLINE_CURVE_WITH_KNOTS('',5,(#8518,#8519,#8520,#8521,#8522,
    #8523),.UNSPECIFIED.,.F.,.F.,(6,6),(0.,1.),
  .PIECEWISE_BEZIER_KNOTS.);
#8518 = CARTESIAN_POINT('',(39.87955794148,-11.20123501536));
#8519 = CARTESIAN_POINT('',(39.889036637498,-11.29151861965));
#8520 = CARTESIAN_POINT('',(39.886374034626,-11.37613033314));
#8521 = CARTESIAN_POINT('',(39.870703556,-11.45414592923));
#8522 = CARTESIAN_POINT('',(39.841605599502,-11.52480649821));
#8523 = CARTESIAN_POINT('',(39.799473860048,-11.58771204992));
#8524 = ( GEOMETRIC_REPRESENTATION_CONTEXT(2) 
PARAMETRIC_REPRESENTATION_CONTEXT() REPRESENTATION_CONTEXT('2D SPACE',''
  ) );
#8525 = ORIENTED_EDGE('',*,*,#8526,.F.);
#8526 = EDGE_CURVE('',#8042,#8495,#8527,.T.);
#8527 = SURFACE_CURVE('',#8528,(#8532,#8539),.PCURVE_S1.);
#8528 = LINE('',#8529,#8530);
#8529 = CARTESIAN_POINT('',(11.869315661492,-18.30399759928,3.4));
#8530 = VECTOR('',#8531,1.);
#8531 = DIRECTION('',(0.,0.,1.));
#8532 = PCURVE('',#8057,#8533);
#8533 = DEFINITIONAL_REPRESENTATION('',(#8534),#8538);
#8534 = LINE('',#8535,#8536);
#8535 = CARTESIAN_POINT('',(1.,0.));
#8536 = VECTOR('',#8537,1.);
#8537 = DIRECTION('',(0.,-1.));
#8538 = ( GEOMETRIC_REPRESENTATION_CONTEXT(2) 
PARAMETRIC_REPRESENTATION_CONTEXT() REPRESENTATION_CONTEXT('2D SPACE',''
  ) );
#8539 = PCURVE('',#8087,#8540);
#8540 = DEFINITIONAL_REPRESENTATION('',(#8541),#8545);
#8541 = LINE('',#8542,#8543);
#8542 = CARTESIAN_POINT('',(0.,0.));
#8543 = VECTOR('',#8544,1.);
#8544 = DIRECTION('',(0.,-1.));
#8545 = ( GEOMETRIC_REPRESENTATION_CONTEXT(2) 
PARAMETRIC_REPRESENTATION_CONTEXT() REPRESENTATION_CONTEXT('2D SPACE',''
  ) );
#8546 = ADVANCED_FACE('',(#8547),#8087,.F.);
#8547 = FACE_BOUND('',#8548,.F.);
#8548 = EDGE_LOOP('',(#8549,#8550,#8551,#8583));
#8549 = ORIENTED_EDGE('',*,*,#8071,.F.);
#8550 = ORIENTED_EDGE('',*,*,#8526,.T.);
#8551 = ORIENTED_EDGE('',*,*,#8552,.F.);
#8552 = EDGE_CURVE('',#8553,#8495,#8555,.T.);
#8553 = VERTEX_POINT('',#8554);
#8554 = CARTESIAN_POINT('',(11.751314359409,-17.90800150553,4.));
#8555 = SURFACE_CURVE('',#8556,(#8563,#8573),.PCURVE_S1.);
#8556 = B_SPLINE_CURVE_WITH_KNOTS('',5,(#8557,#8558,#8559,#8560,#8561,
    #8562),.UNSPECIFIED.,.F.,.F.,(6,6),(0.,1.),
  .PIECEWISE_BEZIER_KNOTS.);
#8557 = CARTESIAN_POINT('',(11.751314359409,-17.90800150553,4.));
#8558 = CARTESIAN_POINT('',(11.799234535027,-17.96810464221,4.));
#8559 = CARTESIAN_POINT('',(11.834963222635,-18.03847869235,4.));
#8560 = CARTESIAN_POINT('',(11.858155827893,-18.11862798961,4.));
#8561 = CARTESIAN_POINT('',(11.869315661492,-18.20752982539,4.));
#8562 = CARTESIAN_POINT('',(11.869315661492,-18.30399759928,4.));
#8563 = PCURVE('',#8087,#8564);
#8564 = DEFINITIONAL_REPRESENTATION('',(#8565),#8572);
#8565 = B_SPLINE_CURVE_WITH_KNOTS('',5,(#8566,#8567,#8568,#8569,#8570,
    #8571),.UNSPECIFIED.,.F.,.F.,(6,6),(0.,1.),
  .PIECEWISE_BEZIER_KNOTS.);
#8566 = CARTESIAN_POINT('',(1.,-0.6));
#8567 = CARTESIAN_POINT('',(0.796950648966,-0.6));
#8568 = CARTESIAN_POINT('',(0.594022408131,-0.6));
#8569 = CARTESIAN_POINT('',(0.392803361684,-0.6));
#8570 = CARTESIAN_POINT('',(0.194495564287,-0.6));
#8571 = CARTESIAN_POINT('',(0.,-0.6));
#8572 = ( GEOMETRIC_REPRESENTATION_CONTEXT(2) 
PARAMETRIC_REPRESENTATION_CONTEXT() REPRESENTATION_CONTEXT('2D SPACE',''
  ) );
#8573 = PCURVE('',#8193,#8574);
#8574 = DEFINITIONAL_REPRESENTATION('',(#8575),#8582);
#8575 = B_SPLINE_CURVE_WITH_KNOTS('',5,(#8576,#8577,#8578,#8579,#8580,
    #8581),.UNSPECIFIED.,.F.,.F.,(6,6),(0.,1.),
  .PIECEWISE_BEZIER_KNOTS.);
#8576 = CARTESIAN_POINT('',(39.720854055616,-10.81972447793));
#8577 = CARTESIAN_POINT('',(39.774787912106,-10.8744955414));
#8578 = CARTESIAN_POINT('',(39.817669348977,-10.94075434024));
#8579 = CARTESIAN_POINT('',(39.8491039009,-11.01804389798));
#8580 = CARTESIAN_POINT('',(39.869485342187,-11.10529454349));
#8581 = CARTESIAN_POINT('',(39.87955794148,-11.20123501536));
#8582 = ( GEOMETRIC_REPRESENTATION_CONTEXT(2) 
PARAMETRIC_REPRESENTATION_CONTEXT() REPRESENTATION_CONTEXT('2D SPACE',''
  ) );
#8583 = ORIENTED_EDGE('',*,*,#8584,.F.);
#8584 = EDGE_CURVE('',#8072,#8553,#8585,.T.);
#8585 = SURFACE_CURVE('',#8586,(#8590,#8597),.PCURVE_S1.);
#8586 = LINE('',#8587,#8588);
#8587 = CARTESIAN_POINT('',(11.751314359409,-17.90800150553,3.4));
#8588 = VECTOR('',#8589,1.);
#8589 = DIRECTION('',(0.,0.,1.));
#8590 = PCURVE('',#8087,#8591);
#8591 = DEFINITIONAL_REPRESENTATION('',(#8592),#8596);
#8592 = LINE('',#8593,#8594);
#8593 = CARTESIAN_POINT('',(1.,0.));
#8594 = VECTOR('',#8595,1.);
#8595 = DIRECTION('',(0.,-1.));
#8596 = ( GEOMETRIC_REPRESENTATION_CONTEXT(2) 
PARAMETRIC_REPRESENTATION_CONTEXT() REPRESENTATION_CONTEXT('2D SPACE',''
  ) );
#8597 = PCURVE('',#8115,#8598);
#8598 = DEFINITIONAL_REPRESENTATION('',(#8599),#8603);
#8599 = LINE('',#8600,#8601);
#8600 = CARTESIAN_POINT('',(0.,0.));
#8601 = VECTOR('',#8602,1.);
#8602 = DIRECTION('',(0.,-1.));
#8603 = ( GEOMETRIC_REPRESENTATION_CONTEXT(2) 
PARAMETRIC_REPRESENTATION_CONTEXT() REPRESENTATION_CONTEXT('2D SPACE',''
  ) );
#8604 = ADVANCED_FACE('',(#8605),#8115,.F.);
#8605 = FACE_BOUND('',#8606,.F.);
#8606 = EDGE_LOOP('',(#8607,#8608,#8609,#8651));
#8607 = ORIENTED_EDGE('',*,*,#8101,.F.);
#8608 = ORIENTED_EDGE('',*,*,#8584,.T.);
#8609 = ORIENTED_EDGE('',*,*,#8610,.F.);
#8610 = EDGE_CURVE('',#8141,#8553,#8611,.T.);
#8611 = SURFACE_CURVE('',#8612,(#8623,#8637),.PCURVE_S1.);
#8612 = B_SPLINE_CURVE_WITH_KNOTS('',5,(#8613,#8614,#8615,#8616,#8617,
    #8618,#8619,#8620,#8621,#8622),.UNSPECIFIED.,.F.,.F.,(6,4,6),(0.,
    0.598815559649,1.),.UNSPECIFIED.);
#8613 = CARTESIAN_POINT('',(11.429315661492,-17.76000020345,4.));
#8614 = CARTESIAN_POINT('',(11.477521388443,-17.76000020345,4.));
#8615 = CARTESIAN_POINT('',(11.523156859696,-17.76516546502,4.));
#8616 = CARTESIAN_POINT('',(11.565987073936,-17.77568081226,4.));
#8617 = CARTESIAN_POINT('',(11.605822873669,-17.79162463714,4.));
#8618 = CARTESIAN_POINT('',(11.667145806145,-17.82719723307,4.));
#8619 = CARTESIAN_POINT('',(11.690350450606,-17.84387393065,4.));
#8620 = CARTESIAN_POINT('',(11.712122831624,-17.86293499612,4.));
#8621 = CARTESIAN_POINT('',(11.732444640103,-17.8843344529,4.));
#8622 = CARTESIAN_POINT('',(11.751314359409,-17.90800150553,4.));
#8623 = PCURVE('',#8115,#8624);
#8624 = DEFINITIONAL_REPRESENTATION('',(#8625),#8636);
#8625 = B_SPLINE_CURVE_WITH_KNOTS('',5,(#8626,#8627,#8628,#8629,#8630,
    #8631,#8632,#8633,#8634,#8635),.UNSPECIFIED.,.F.,.F.,(6,4,6),(0.,
    0.598815559649,1.),.UNSPECIFIED.);
#8626 = CARTESIAN_POINT('',(1.,-0.6));
#8627 = CARTESIAN_POINT('',(0.881847200172,-0.6));
#8628 = CARTESIAN_POINT('',(0.762637971789,-0.6));
#8629 = CARTESIAN_POINT('',(0.642685086877,-0.6));
#8630 = CARTESIAN_POINT('',(0.522340530005,-0.6));
#8631 = CARTESIAN_POINT('',(0.321376263019,-0.6));
#8632 = CARTESIAN_POINT('',(0.240751134501,-0.6));
#8633 = CARTESIAN_POINT('',(0.16024078072,-0.6));
#8634 = CARTESIAN_POINT('',(7.99555554577E-02,-0.6));
#8635 = CARTESIAN_POINT('',(0.,-0.6));
#8636 = ( GEOMETRIC_REPRESENTATION_CONTEXT(2) 
PARAMETRIC_REPRESENTATION_CONTEXT() REPRESENTATION_CONTEXT('2D SPACE',''
  ) );
#8637 = PCURVE('',#8193,#8638);
#8638 = DEFINITIONAL_REPRESENTATION('',(#8639),#8650);
#8639 = B_SPLINE_CURVE_WITH_KNOTS('',5,(#8640,#8641,#8642,#8643,#8644,
    #8645,#8646,#8647,#8648,#8649),.UNSPECIFIED.,.F.,.F.,(6,4,6),(0.,
    0.598815559649,1.),.UNSPECIFIED.);
#8640 = CARTESIAN_POINT('',(39.385162005051,-10.70615338096));
#8641 = CARTESIAN_POINT('',(39.433104234917,-10.70112002162));
#8642 = CARTESIAN_POINT('',(39.479029584673,-10.70149206107));
#8643 = CARTESIAN_POINT('',(39.522723635793,-10.70747785059));
#8644 = CARTESIAN_POINT('',(39.564006449963,-10.71917510438));
#8645 = CARTESIAN_POINT('',(39.628708467343,-10.74815027609));
#8646 = CARTESIAN_POINT('',(39.653527555987,-10.76231292435));
#8647 = CARTESIAN_POINT('',(39.677171171789,-10.77899645587));
#8648 = CARTESIAN_POINT('',(39.699616305129,-10.7981570571));
#8649 = CARTESIAN_POINT('',(39.720854055616,-10.81972447793));
#8650 = ( GEOMETRIC_REPRESENTATION_CONTEXT(2) 
PARAMETRIC_REPRESENTATION_CONTEXT() REPRESENTATION_CONTEXT('2D SPACE',''
  ) );
#8651 = ORIENTED_EDGE('',*,*,#8140,.F.);
#8652 = ADVANCED_FACE('',(#8653),#8193,.T.);
#8653 = FACE_BOUND('',#8654,.T.);
#8654 = EDGE_LOOP('',(#8655,#8656,#8657,#8658,#8659,#8660,#8661,#8662));
#8655 = ORIENTED_EDGE('',*,*,#8163,.F.);
#8656 = ORIENTED_EDGE('',*,*,#8238,.F.);
#8657 = ORIENTED_EDGE('',*,*,#8296,.F.);
#8658 = ORIENTED_EDGE('',*,*,#8354,.F.);
#8659 = ORIENTED_EDGE('',*,*,#8424,.F.);
#8660 = ORIENTED_EDGE('',*,*,#8494,.F.);
#8661 = ORIENTED_EDGE('',*,*,#8552,.F.);
#8662 = ORIENTED_EDGE('',*,*,#8610,.F.);
#8663 = ( GEOMETRIC_REPRESENTATION_CONTEXT(3) 
GLOBAL_UNCERTAINTY_ASSIGNED_CONTEXT((#8667)) 
GLOBAL_UNIT_ASSIGNED_CONTEXT((#8664,#8665,#8666)) REPRESENTATION_CONTEXT
('Context #1','3D Context with UNIT and UNCERTAINTY') );
#8664 = ( LENGTH_UNIT() NAMED_UNIT(*) SI_UNIT(.MILLI.,.METRE.) );
#8665 = ( NAMED_UNIT(*) PLANE_ANGLE_UNIT() SI_UNIT($,.RADIAN.) );
#8666 = ( NAMED_UNIT(*) SI_UNIT($,.STERADIAN.) SOLID_ANGLE_UNIT() );
#8667 = UNCERTAINTY_MEASURE_WITH_UNIT(LENGTH_MEASURE(2.E-06),#8664,
  'distance_accuracy_value','confusion accuracy');
#8668 = CONTEXT_DEPENDENT_SHAPE_REPRESENTATION(#8669,#8671);
#8669 = ( REPRESENTATION_RELATIONSHIP('','',#2387,#10) 
REPRESENTATION_RELATIONSHIP_WITH_TRANSFORMATION(#8670) 
SHAPE_REPRESENTATION_RELATIONSHIP() );
#8670 = ITEM_DEFINED_TRANSFORMATION('','',#11,#19);
#8671 = PRODUCT_DEFINITION_SHAPE('Placement','Placement of an item',
  #8672);
#8672 = NEXT_ASSEMBLY_USAGE_OCCURRENCE('14','','',#5,#2382,$);
#8673 = PRODUCT_RELATED_PRODUCT_CATEGORY('part',$,(#2384));
ENDSEC;
END-ISO-10303-21;
