ISO-10303-21;
HEADER;
FILE_DESCRIPTION(('Open CASCADE Model'),'2;1');
FILE_NAME('Open CASCADE Shape Model','2026-09-28T12:09:37',('Author'),(
    'Open CASCADE'),'Open CASCADE STEP processor 7.9','Open CASCADE 7.9'
  ,'Unknown');
FILE_SCHEMA(('AUTOMOTIVE_DESIGN { 1 0 10303 214 1 1 1 1 }'));
ENDSEC;
DATA;
#1 = APPLICATION_PROTOCOL_DEFINITION('international standard',
  'automotive_design',2000,#2);
#2 = APPLICATION_CONTEXT(
  'core data for automotive mechanical design processes');
#3 = SHAPE_DEFINITION_REPRESENTATION(#4,#10);
#4 = PRODUCT_DEFINITION_SHAPE('','',#5);
#5 = PRODUCT_DEFINITION('design','',#6,#9);
#6 = PRODUCT_DEFINITION_FORMATION('','',#7);
#7 = PRODUCT('Open CASCADE STEP translator 7.9 3',
  'Open CASCADE STEP translator 7.9 3','',(#8));
#8 = PRODUCT_CONTEXT('',#2,'mechanical');
#9 = PRODUCT_DEFINITION_CONTEXT('part definition',#2,'design');
#10 = SHAPE_REPRESENTATION('',(#11,#15,#19),#23);
#11 = AXIS2_PLACEMENT_3D('',#12,#13,#14);
#12 = CARTESIAN_POINT('',(0.,0.,0.));
#13 = DIRECTION('',(0.,0.,1.));
#14 = DIRECTION('',(1.,0.,-0.));
#15 = AXIS2_PLACEMENT_3D('',#16,#17,#18);
#16 = CARTESIAN_POINT('',(0.,0.,0.));
#17 = DIRECTION('',(0.,0.,1.));
#18 = DIRECTION('',(1.,0.,-0.));
#19 = AXIS2_PLACEMENT_3D('',#20,#21,#22);
#20 = CARTESIAN_POINT('',(0.,0.,0.));
#21 = DIRECTION('',(0.,0.,1.));
#22 = DIRECTION('',(1.,0.,-0.));
#23 = ( GEOMETRIC_REPRESENTATION_CONTEXT(3) 
GLOBAL_UNCERTAINTY_ASSIGNED_CONTEXT((#27)) GLOBAL_UNIT_ASSIGNED_CONTEXT(
(#24,#25,#26)) REPRESENTATION_CONTEXT('Context #1',
  '3D Context with UNIT and UNCERTAINTY') );
#24 = ( LENGTH_UNIT() NAMED_UNIT(*) SI_UNIT(.MILLI.,.METRE.) );
#25 = ( NAMED_UNIT(*) PLANE_ANGLE_UNIT() SI_UNIT($,.RADIAN.) );
#26 = ( NAMED_UNIT(*) SI_UNIT($,.STERADIAN.) SOLID_ANGLE_UNIT() );
#27 = UNCERTAINTY_MEASURE_WITH_UNIT(LENGTH_MEASURE(2.E-06),#24,
  'distance_accuracy_value','confusion accuracy');
#28 = PRODUCT_RELATED_PRODUCT_CATEGORY('part',$,(#7));
#29 = SHAPE_DEFINITION_REPRESENTATION(#30,#36);
#30 = PRODUCT_DEFINITION_SHAPE('','',#31);
#31 = PRODUCT_DEFINITION('design','',#32,#35);
#32 = PRODUCT_DEFINITION_FORMATION('','',#33);
#33 = PRODUCT('Open CASCADE STEP translator 7.9 3.1',
  'Open CASCADE STEP translator 7.9 3.1','',(#34));
#34 = PRODUCT_CONTEXT('',#2,'mechanical');
#35 = PRODUCT_DEFINITION_CONTEXT('part definition',#2,'design');
#36 = ADVANCED_BREP_SHAPE_REPRESENTATION('',(#11,#37),#2237);
#37 = MANIFOLD_SOLID_BREP('',#38);
#38 = CLOSED_SHELL('',(#39,#329,#447,#1129,#1190,#1903,#1928,#1961,#1968
    ,#2023,#2099,#2149,#2198,#2226,#2230));
#39 = ADVANCED_FACE('',(#40),#56,.F.);
#40 = FACE_BOUND('',#41,.F.);
#41 = EDGE_LOOP('',(#42,#137,#217,#251));
#42 = ORIENTED_EDGE('',*,*,#43,.F.);
#43 = EDGE_CURVE('',#44,#46,#48,.T.);
#44 = VERTEX_POINT('',#45);
#45 = CARTESIAN_POINT('',(-27.98564361377,3.125,0.));
#46 = VERTEX_POINT('',#47);
#47 = CARTESIAN_POINT('',(-26.91384684404,3.125,4.));
#48 = SURFACE_CURVE('',#49,(#55,#123),.PCURVE_S1.);
#49 = B_SPLINE_CURVE_WITH_KNOTS('',4,(#50,#51,#52,#53,#54),
  .UNSPECIFIED.,.F.,.F.,(5,5),(0.,1.),.PIECEWISE_BEZIER_KNOTS.);
#50 = CARTESIAN_POINT('',(-27.98564361377,3.125,0.));
#51 = CARTESIAN_POINT('',(-27.71769442134,3.125,1.));
#52 = CARTESIAN_POINT('',(-27.4497452289,3.125,2.));
#53 = CARTESIAN_POINT('',(-27.18179603647,3.125,3.));
#54 = CARTESIAN_POINT('',(-26.91384684404,3.125,4.));
#55 = PCURVE('',#56,#115);
#56 = B_SPLINE_SURFACE_WITH_KNOTS('',3,1,(
    (#57,#58)
    ,(#59,#60)
    ,(#61,#62)
    ,(#63,#64)
    ,(#65,#66)
    ,(#67,#68)
    ,(#69,#70)
    ,(#71,#72)
    ,(#73,#74)
    ,(#75,#76)
    ,(#77,#78)
    ,(#79,#80)
    ,(#81,#82)
    ,(#83,#84)
    ,(#85,#86)
    ,(#87,#88)
    ,(#89,#90)
    ,(#91,#92)
    ,(#93,#94)
    ,(#95,#96)
    ,(#97,#98)
    ,(#99,#100)
    ,(#101,#102)
    ,(#103,#104)
    ,(#105,#106)
    ,(#107,#108)
    ,(#109,#110)
    ,(#111,#112)
    ,(#113,#114
    )),.UNSPECIFIED.,.T.,.F.,.F.,(1,1,2,1,1,1,1,1,1,1,1,1,1,1,1,1,1,1,1,
    1,1,1,1,1,1,1,1,1,2,1,1),(2,2),(-11.12863082616,-5.192301994299,0.,
    5.192301994299,11.128630826161,17.776938881599,24.45001912988,
    31.413495273302,37.423694937206,45.431347527073,54.799378269977,
    61.156264300103,65.497922969321,69.325454811122,73.816557125699,
    78.820555526978,83.824553928257,88.315656242834,92.143188084635,
    96.484846753853,102.84173278397,112.20976352688,120.21741611674,
    126.22761578065,133.19109192407,139.86417217235,146.51248022779,
    152.44880905965,157.64111105395,162.83341304825,168.76974188011),(0.
    ,1.),.UNSPECIFIED.);
#57 = CARTESIAN_POINT('',(-28.19467798052,1.242076884596,0.));
#58 = CARTESIAN_POINT('',(-27.12288121079,1.242076884596,4.));
#59 = CARTESIAN_POINT('',(-27.80532201947,4.757923115404,0.));
#60 = CARTESIAN_POINT('',(-26.73352524975,4.757923115404,4.));
#61 = CARTESIAN_POINT('',(-26.75646873277,8.336215308645,0.));
#62 = CARTESIAN_POINT('',(-25.68467196305,8.336215308645,4.));
#63 = CARTESIAN_POINT('',(-23.41828871055,13.340548207808,0.));
#64 = CARTESIAN_POINT('',(-22.34649194083,13.340548207808,4.));
#65 = CARTESIAN_POINT('',(-18.75681809731,17.798094545236,0.));
#66 = CARTESIAN_POINT('',(-17.68502132759,17.798094545236,4.));
#67 = CARTESIAN_POINT('',(-12.85133167509,21.317370819243,0.));
#68 = CARTESIAN_POINT('',(-11.77953490536,21.317370819243,4.));
#69 = CARTESIAN_POINT('',(-6.314132526844,22.517954476765,0.));
#70 = CARTESIAN_POINT('',(-5.242335757119,22.517954476765,4.));
#71 = CARTESIAN_POINT('',(0.64996341515,22.81092651448,0.));
#72 = CARTESIAN_POINT('',(1.721760184874,22.81092651448,4.));
#73 = CARTESIAN_POINT('',(8.530413832458,22.837673001601,0.));
#74 = CARTESIAN_POINT('',(9.602210602183,22.837673001601,4.));
#75 = CARTESIAN_POINT('',(16.064653825025,20.060161584088,0.));
#76 = CARTESIAN_POINT('',(17.136450594749,20.060161584088,4.));
#77 = CARTESIAN_POINT('',(22.361060251736,18.043362644683,0.));
#78 = CARTESIAN_POINT('',(23.43285702146,18.043362644683,4.));
#79 = CARTESIAN_POINT('',(26.944413011804,16.041845739911,0.));
#80 = CARTESIAN_POINT('',(28.016209781529,16.041845739911,4.));
#81 = CARTESIAN_POINT('',(29.256656930442,12.261815380072,0.));
#82 = CARTESIAN_POINT('',(30.328453700167,12.261815380072,4.));
#83 = CARTESIAN_POINT('',(29.908601413114,7.830585886073,0.));
#84 = CARTESIAN_POINT('',(30.980398182838,7.830585886073,4.));
#85 = CARTESIAN_POINT('',(30.048167847629,3.,0.));
#86 = CARTESIAN_POINT('',(31.119964617353,3.,4.));
#87 = CARTESIAN_POINT('',(29.908601340434,-1.830585886073,0.));
#88 = CARTESIAN_POINT('',(30.980398110159,-1.830585886073,4.));
#89 = CARTESIAN_POINT('',(29.25665717114,-6.261815380072,0.));
#90 = CARTESIAN_POINT('',(30.328453940865,-6.261815380072,4.));
#91 = CARTESIAN_POINT('',(26.944412212012,-10.04184573991,0.));
#92 = CARTESIAN_POINT('',(28.016208981736,-10.04184573991,4.));
#93 = CARTESIAN_POINT('',(22.361064394243,-12.04336264468,0.));
#94 = CARTESIAN_POINT('',(23.432861163967,-12.04336264468,4.));
#95 = CARTESIAN_POINT('',(16.064625424713,-14.06016158408,0.));
#96 = CARTESIAN_POINT('',(17.136422194438,-14.06016158408,4.));
#97 = CARTESIAN_POINT('',(8.5305641273,-16.8376730016,0.));
#98 = CARTESIAN_POINT('',(9.602360897024,-16.8376730016,4.));
#99 = CARTESIAN_POINT('',(0.649546473588,-16.81092651448,0.));
#100 = CARTESIAN_POINT('',(1.721343243313,-16.81092651448,4.));
#101 = CARTESIAN_POINT('',(-6.312923755102,-16.51795447676,0.));
#102 = CARTESIAN_POINT('',(-5.241126985378,-16.51795447676,4.));
#103 = CARTESIAN_POINT('',(-12.85660883347,-15.31737081924,0.));
#104 = CARTESIAN_POINT('',(-11.78481206375,-15.31737081924,4.));
#105 = CARTESIAN_POINT('',(-18.73814091818,-11.79809454523,0.));
#106 = CARTESIAN_POINT('',(-17.66634414845,-11.79809454523,4.));
#107 = CARTESIAN_POINT('',(-23.48463883032,-7.340548207808,0.));
#108 = CARTESIAN_POINT('',(-22.41284206059,-7.340548207808,4.));
#109 = CARTESIAN_POINT('',(-26.54956905411,-2.336215308645,0.));
#110 = CARTESIAN_POINT('',(-25.47777228439,-2.336215308645,4.));
#111 = CARTESIAN_POINT('',(-28.19467798052,1.242076884596,0.));
#112 = CARTESIAN_POINT('',(-27.12288121079,1.242076884596,4.));
#113 = CARTESIAN_POINT('',(-27.80532201947,4.757923115404,0.));
#114 = CARTESIAN_POINT('',(-26.73352524975,4.757923115404,4.));
#115 = DEFINITIONAL_REPRESENTATION('',(#116),#122);
#116 = B_SPLINE_CURVE_WITH_KNOTS('',4,(#117,#118,#119,#120,#121),
  .UNSPECIFIED.,.F.,.F.,(5,5),(0.,1.),.PIECEWISE_BEZIER_KNOTS.);
#117 = CARTESIAN_POINT('',(0.123216183917,0.));
#118 = CARTESIAN_POINT('',(0.123216183917,0.25));
#119 = CARTESIAN_POINT('',(0.123216183917,0.5));
#120 = CARTESIAN_POINT('',(0.123216183917,0.75));
#121 = CARTESIAN_POINT('',(0.123216183917,1.));
#122 = ( GEOMETRIC_REPRESENTATION_CONTEXT(2) 
PARAMETRIC_REPRESENTATION_CONTEXT() REPRESENTATION_CONTEXT('2D SPACE',''
  ) );
#123 = PCURVE('',#124,#129);
#124 = PLANE('',#125);
#125 = AXIS2_PLACEMENT_3D('',#126,#127,#128);
#126 = CARTESIAN_POINT('',(-100.,3.125,-100.));
#127 = DIRECTION('',(0.,1.,0.));
#128 = DIRECTION('',(0.,0.,1.));
#129 = DEFINITIONAL_REPRESENTATION('',(#130),#136);
#130 = B_SPLINE_CURVE_WITH_KNOTS('',4,(#131,#132,#133,#134,#135),
  .UNSPECIFIED.,.F.,.F.,(5,5),(0.,1.),.PIECEWISE_BEZIER_KNOTS.);
#131 = CARTESIAN_POINT('',(100.,72.014356386228));
#132 = CARTESIAN_POINT('',(101.,72.28230557866));
#133 = CARTESIAN_POINT('',(102.,72.550254771091));
#134 = CARTESIAN_POINT('',(103.,72.818203963522));
#135 = CARTESIAN_POINT('',(104.,73.086153155953));
#136 = ( GEOMETRIC_REPRESENTATION_CONTEXT(2) 
PARAMETRIC_REPRESENTATION_CONTEXT() REPRESENTATION_CONTEXT('2D SPACE',''
  ) );
#137 = ORIENTED_EDGE('',*,*,#138,.T.);
#138 = EDGE_CURVE('',#44,#139,#141,.T.);
#139 = VERTEX_POINT('',#140);
#140 = CARTESIAN_POINT('',(29.999908872711,3.125,0.));
#141 = SURFACE_CURVE('',#142,(#172,#179),.PCURVE_S1.);
#142 = B_SPLINE_CURVE_WITH_KNOTS('',3,(#143,#144,#145,#146,#147,#148,
    #149,#150,#151,#152,#153,#154,#155,#156,#157,#158,#159,#160,#161,
    #162,#163,#164,#165,#166,#167,#168,#169,#170,#171),.UNSPECIFIED.,.T.
  ,.F.,(1,1,2,1,1,1,1,1,1,1,1,1,1,1,1,1,1,1,1,1,1,1,1,1,1,1,1,1,2,1,1),(
    -11.12863082616,-5.192301994299,0.,5.192301994299,11.128630826161,
    17.776938881599,24.45001912988,31.413495273302,37.423694937206,
    45.431347527073,54.799378269977,61.156264300103,65.497922969321,
    69.325454811122,73.816557125699,78.820555526978,83.824553928257,
    88.315656242834,92.143188084635,96.484846753853,102.84173278397,
    112.20976352688,120.21741611674,126.22761578065,133.19109192407,
    139.86417217235,146.51248022779,152.44880905965,157.64111105395,
    162.83341304825,168.76974188011),.UNSPECIFIED.);
#143 = CARTESIAN_POINT('',(-28.19467798052,1.242076884596,0.));
#144 = CARTESIAN_POINT('',(-27.80532201947,4.757923115404,0.));
#145 = CARTESIAN_POINT('',(-26.75646873277,8.336215308645,0.));
#146 = CARTESIAN_POINT('',(-23.41828871055,13.340548207808,0.));
#147 = CARTESIAN_POINT('',(-18.75681809731,17.798094545236,0.));
#148 = CARTESIAN_POINT('',(-12.85133167509,21.317370819243,0.));
#149 = CARTESIAN_POINT('',(-6.314132526844,22.517954476765,0.));
#150 = CARTESIAN_POINT('',(0.64996341515,22.81092651448,0.));
#151 = CARTESIAN_POINT('',(8.530413832458,22.837673001601,0.));
#152 = CARTESIAN_POINT('',(16.064653825025,20.060161584088,0.));
#153 = CARTESIAN_POINT('',(22.361060251736,18.043362644683,0.));
#154 = CARTESIAN_POINT('',(26.944413011804,16.041845739911,0.));
#155 = CARTESIAN_POINT('',(29.256656930442,12.261815380072,0.));
#156 = CARTESIAN_POINT('',(29.908601413114,7.830585886073,0.));
#157 = CARTESIAN_POINT('',(30.048167847629,3.,0.));
#158 = CARTESIAN_POINT('',(29.908601340434,-1.830585886073,0.));
#159 = CARTESIAN_POINT('',(29.25665717114,-6.261815380072,0.));
#160 = CARTESIAN_POINT('',(26.944412212012,-10.04184573991,0.));
#161 = CARTESIAN_POINT('',(22.361064394243,-12.04336264468,0.));
#162 = CARTESIAN_POINT('',(16.064625424713,-14.06016158408,0.));
#163 = CARTESIAN_POINT('',(8.5305641273,-16.8376730016,0.));
#164 = CARTESIAN_POINT('',(0.649546473588,-16.81092651448,0.));
#165 = CARTESIAN_POINT('',(-6.312923755102,-16.51795447676,0.));
#166 = CARTESIAN_POINT('',(-12.85660883347,-15.31737081924,0.));
#167 = CARTESIAN_POINT('',(-18.73814091818,-11.79809454523,0.));
#168 = CARTESIAN_POINT('',(-23.48463883032,-7.340548207808,0.));
#169 = CARTESIAN_POINT('',(-26.54956905411,-2.336215308645,0.));
#170 = CARTESIAN_POINT('',(-28.19467798052,1.242076884596,0.));
#171 = CARTESIAN_POINT('',(-27.80532201947,4.757923115404,0.));
#172 = PCURVE('',#56,#173);
#173 = DEFINITIONAL_REPRESENTATION('',(#174),#178);
#174 = LINE('',#175,#176);
#175 = CARTESIAN_POINT('',(0.,0.));
#176 = VECTOR('',#177,1.);
#177 = DIRECTION('',(1.,0.));
#178 = ( GEOMETRIC_REPRESENTATION_CONTEXT(2) 
PARAMETRIC_REPRESENTATION_CONTEXT() REPRESENTATION_CONTEXT('2D SPACE',''
  ) );
#179 = PCURVE('',#180,#185);
#180 = PLANE('',#181);
#181 = AXIS2_PLACEMENT_3D('',#182,#183,#184);
#182 = CARTESIAN_POINT('',(-28.,3.,0.));
#183 = DIRECTION('',(-0.,0.,1.));
#184 = DIRECTION('',(0.994533904972,-0.104414136312,0.));
#185 = DEFINITIONAL_REPRESENTATION('',(#186),#216);
#186 = B_SPLINE_CURVE_WITH_KNOTS('',3,(#187,#188,#189,#190,#191,#192,
    #193,#194,#195,#196,#197,#198,#199,#200,#201,#202,#203,#204,#205,
    #206,#207,#208,#209,#210,#211,#212,#213,#214,#215),.UNSPECIFIED.,.F.
  ,.F.,(1,1,2,1,1,1,1,1,1,1,1,1,1,1,1,1,1,1,1,1,1,1,1,1,1,1,1,1,2,1,1),(
    -11.12863082616,-5.192301994299,0.,5.192301994299,11.128630826161,
    17.776938881599,24.45001912988,31.413495273302,37.423694937206,
    45.431347527073,54.799378269977,61.156264300103,65.497922969321,
    69.325454811122,73.816557125699,78.820555526978,83.824553928257,
    88.315656242834,92.143188084635,96.484846753853,102.84173278397,
    112.20976352688,120.21741611674,126.22761578065,133.19109192407,
    139.86417217235,146.51248022779,152.44880905965,157.64111105395,
    162.83341304825,168.76974188011),.UNSPECIFIED.);
#187 = CARTESIAN_POINT('',(-1.006182838394E-02,-1.768641273798));
#188 = CARTESIAN_POINT('',(1.006182838394E-02,1.768641273798));
#189 = CARTESIAN_POINT('',(0.679557694519,5.43688929192));
#190 = CARTESIAN_POINT('',(3.476967810037,10.762421215776));
#191 = CARTESIAN_POINT('',(7.647527531043,15.682325609354));
#192 = CARTESIAN_POINT('',(13.153271810702,19.798981449094));
#193 = CARTESIAN_POINT('',(19.529380101516,21.675578605216));
#194 = CARTESIAN_POINT('',(26.424819211023,22.694099292906));
#195 = CARTESIAN_POINT('',(34.259401626133,23.543530005257));
#196 = CARTESIAN_POINT('',(42.04247020269,21.567881890683));
#197 = CARTESIAN_POINT('',(48.515042192908,20.219540804845));
#198 = CARTESIAN_POINT('',(53.282328570166,18.70753120153));
#199 = CARTESIAN_POINT('',(55.976622149071,15.189593798554));
#200 = CARTESIAN_POINT('',(57.087686041662,10.850658046142));
#201 = CARTESIAN_POINT('',(57.730871045956,6.061049310282));
#202 = CARTESIAN_POINT('',(58.096448875726,1.242295149398));
#203 = CARTESIAN_POINT('',(57.910751295629,-3.232785010455));
#204 = CARTESIAN_POINT('',(56.00583389243,-7.233584425486));
#205 = CARTESIAN_POINT('',(51.656525748306,-9.702727152463));
#206 = CARTESIAN_POINT('',(45.605086031896,-12.36593931405));
#207 = CARTESIAN_POINT('',(38.402218085238,-15.9149310935));
#208 = CARTESIAN_POINT('',(30.561486111589,-16.71122045679));
#209 = CARTESIAN_POINT('',(23.606482984519,-17.1468301476));
#210 = CARTESIAN_POINT('',(16.973208404945,-16.63606222019));
#211 = CARTESIAN_POINT('',(10.756363140935,-13.75013773754));
#212 = CARTESIAN_POINT('',(5.570379186545,-9.812558251992));
#213 = CARTESIAN_POINT('',(1.999679065129,-5.155601554182));
#214 = CARTESIAN_POINT('',(-1.006182838394E-02,-1.768641273798));
#215 = CARTESIAN_POINT('',(1.006182838394E-02,1.768641273798));
#216 = ( GEOMETRIC_REPRESENTATION_CONTEXT(2) 
PARAMETRIC_REPRESENTATION_CONTEXT() REPRESENTATION_CONTEXT('2D SPACE',''
  ) );
#217 = ORIENTED_EDGE('',*,*,#218,.T.);
#218 = EDGE_CURVE('',#139,#219,#221,.T.);
#219 = VERTEX_POINT('',#220);
#220 = CARTESIAN_POINT('',(31.071705642436,3.125,4.));
#221 = SURFACE_CURVE('',#222,(#228,#237),.PCURVE_S1.);
#222 = B_SPLINE_CURVE_WITH_KNOTS('',4,(#223,#224,#225,#226,#227),
  .UNSPECIFIED.,.F.,.F.,(5,5),(0.,1.),.PIECEWISE_BEZIER_KNOTS.);
#223 = CARTESIAN_POINT('',(29.999908872711,3.125,0.));
#224 = CARTESIAN_POINT('',(30.267858065142,3.125,1.));
#225 = CARTESIAN_POINT('',(30.535807257573,3.125,2.));
#226 = CARTESIAN_POINT('',(30.803756450004,3.125,3.));
#227 = CARTESIAN_POINT('',(31.071705642436,3.125,4.));
#228 = PCURVE('',#56,#229);
#229 = DEFINITIONAL_REPRESENTATION('',(#230),#236);
#230 = B_SPLINE_CURVE_WITH_KNOTS('',4,(#231,#232,#233,#234,#235),
  .UNSPECIFIED.,.F.,.F.,(5,5),(0.,1.),.PIECEWISE_BEZIER_KNOTS.);
#231 = CARTESIAN_POINT('',(78.695492179666,0.));
#232 = CARTESIAN_POINT('',(78.695492179666,0.25));
#233 = CARTESIAN_POINT('',(78.695492179666,0.5));
#234 = CARTESIAN_POINT('',(78.695492179666,0.75));
#235 = CARTESIAN_POINT('',(78.695492179666,1.));
#236 = ( GEOMETRIC_REPRESENTATION_CONTEXT(2) 
PARAMETRIC_REPRESENTATION_CONTEXT() REPRESENTATION_CONTEXT('2D SPACE',''
  ) );
#237 = PCURVE('',#238,#243);
#238 = PLANE('',#239);
#239 = AXIS2_PLACEMENT_3D('',#240,#241,#242);
#240 = CARTESIAN_POINT('',(-100.,3.125,-100.));
#241 = DIRECTION('',(0.,1.,0.));
#242 = DIRECTION('',(0.,0.,1.));
#243 = DEFINITIONAL_REPRESENTATION('',(#244),#250);
#244 = B_SPLINE_CURVE_WITH_KNOTS('',4,(#245,#246,#247,#248,#249),
  .UNSPECIFIED.,.F.,.F.,(5,5),(0.,1.),.PIECEWISE_BEZIER_KNOTS.);
#245 = CARTESIAN_POINT('',(100.,129.99990887271));
#246 = CARTESIAN_POINT('',(101.,130.26785806514));
#247 = CARTESIAN_POINT('',(102.,130.53580725757));
#248 = CARTESIAN_POINT('',(103.,130.80375645));
#249 = CARTESIAN_POINT('',(104.,131.07170564243));
#250 = ( GEOMETRIC_REPRESENTATION_CONTEXT(2) 
PARAMETRIC_REPRESENTATION_CONTEXT() REPRESENTATION_CONTEXT('2D SPACE',''
  ) );
#251 = ORIENTED_EDGE('',*,*,#252,.F.);
#252 = EDGE_CURVE('',#46,#219,#253,.T.);
#253 = SURFACE_CURVE('',#254,(#284,#291),.PCURVE_S1.);
#254 = B_SPLINE_CURVE_WITH_KNOTS('',3,(#255,#256,#257,#258,#259,#260,
    #261,#262,#263,#264,#265,#266,#267,#268,#269,#270,#271,#272,#273,
    #274,#275,#276,#277,#278,#279,#280,#281,#282,#283),.UNSPECIFIED.,.T.
  ,.F.,(1,1,2,1,1,1,1,1,1,1,1,1,1,1,1,1,1,1,1,1,1,1,1,1,1,1,1,1,2,1,1),(
    -11.12863082616,-5.192301994299,0.,5.192301994299,11.128630826161,
    17.776938881599,24.45001912988,31.413495273302,37.423694937206,
    45.431347527073,54.799378269977,61.156264300103,65.497922969321,
    69.325454811122,73.816557125699,78.820555526978,83.824553928257,
    88.315656242834,92.143188084635,96.484846753853,102.84173278397,
    112.20976352688,120.21741611674,126.22761578065,133.19109192407,
    139.86417217235,146.51248022779,152.44880905965,157.64111105395,
    162.83341304825,168.76974188011),.UNSPECIFIED.);
#255 = CARTESIAN_POINT('',(-27.12288121079,1.242076884596,4.));
#256 = CARTESIAN_POINT('',(-26.73352524975,4.757923115404,4.));
#257 = CARTESIAN_POINT('',(-25.68467196305,8.336215308645,4.));
#258 = CARTESIAN_POINT('',(-22.34649194083,13.340548207808,4.));
#259 = CARTESIAN_POINT('',(-17.68502132759,17.798094545236,4.));
#260 = CARTESIAN_POINT('',(-11.77953490536,21.317370819243,4.));
#261 = CARTESIAN_POINT('',(-5.242335757119,22.517954476765,4.));
#262 = CARTESIAN_POINT('',(1.721760184874,22.81092651448,4.));
#263 = CARTESIAN_POINT('',(9.602210602183,22.837673001601,4.));
#264 = CARTESIAN_POINT('',(17.136450594749,20.060161584088,4.));
#265 = CARTESIAN_POINT('',(23.43285702146,18.043362644683,4.));
#266 = CARTESIAN_POINT('',(28.016209781529,16.041845739911,4.));
#267 = CARTESIAN_POINT('',(30.328453700167,12.261815380072,4.));
#268 = CARTESIAN_POINT('',(30.980398182838,7.830585886073,4.));
#269 = CARTESIAN_POINT('',(31.119964617353,3.,4.));
#270 = CARTESIAN_POINT('',(30.980398110159,-1.830585886073,4.));
#271 = CARTESIAN_POINT('',(30.328453940865,-6.261815380072,4.));
#272 = CARTESIAN_POINT('',(28.016208981736,-10.04184573991,4.));
#273 = CARTESIAN_POINT('',(23.432861163967,-12.04336264468,4.));
#274 = CARTESIAN_POINT('',(17.136422194438,-14.06016158408,4.));
#275 = CARTESIAN_POINT('',(9.602360897024,-16.8376730016,4.));
#276 = CARTESIAN_POINT('',(1.721343243313,-16.81092651448,4.));
#277 = CARTESIAN_POINT('',(-5.241126985378,-16.51795447676,4.));
#278 = CARTESIAN_POINT('',(-11.78481206375,-15.31737081924,4.));
#279 = CARTESIAN_POINT('',(-17.66634414845,-11.79809454523,4.));
#280 = CARTESIAN_POINT('',(-22.41284206059,-7.340548207808,4.));
#281 = CARTESIAN_POINT('',(-25.47777228439,-2.336215308645,4.));
#282 = CARTESIAN_POINT('',(-27.12288121079,1.242076884596,4.));
#283 = CARTESIAN_POINT('',(-26.73352524975,4.757923115404,4.));
#284 = PCURVE('',#56,#285);
#285 = DEFINITIONAL_REPRESENTATION('',(#286),#290);
#286 = LINE('',#287,#288);
#287 = CARTESIAN_POINT('',(0.,1.));
#288 = VECTOR('',#289,1.);
#289 = DIRECTION('',(1.,0.));
#290 = ( GEOMETRIC_REPRESENTATION_CONTEXT(2) 
PARAMETRIC_REPRESENTATION_CONTEXT() REPRESENTATION_CONTEXT('2D SPACE',''
  ) );
#291 = PCURVE('',#292,#297);
#292 = PLANE('',#293);
#293 = AXIS2_PLACEMENT_3D('',#294,#295,#296);
#294 = CARTESIAN_POINT('',(-26.92820323027,3.,4.));
#295 = DIRECTION('',(-2.011080212013E-18,-1.915533209503E-17,1.));
#296 = DIRECTION('',(0.994533904972,-0.104414136312,3.851859888774E-34)
  );
#297 = DEFINITIONAL_REPRESENTATION('',(#298),#328);
#298 = B_SPLINE_CURVE_WITH_KNOTS('',3,(#299,#300,#301,#302,#303,#304,
    #305,#306,#307,#308,#309,#310,#311,#312,#313,#314,#315,#316,#317,
    #318,#319,#320,#321,#322,#323,#324,#325,#326,#327),.UNSPECIFIED.,.F.
  ,.F.,(1,1,2,1,1,1,1,1,1,1,1,1,1,1,1,1,1,1,1,1,1,1,1,1,1,1,1,1,2,1,1),(
    -11.12863082616,-5.192301994299,0.,5.192301994299,11.128630826161,
    17.776938881599,24.45001912988,31.413495273302,37.423694937206,
    45.431347527073,54.799378269977,61.156264300103,65.497922969321,
    69.325454811122,73.816557125699,78.820555526978,83.824553928257,
    88.315656242834,92.143188084635,96.484846753853,102.84173278397,
    112.20976352688,120.21741611674,126.22761578065,133.19109192407,
    139.86417217235,146.51248022779,152.44880905965,157.64111105395,
    162.83341304825,168.76974188011),.UNSPECIFIED.);
#299 = CARTESIAN_POINT('',(-1.006182838394E-02,-1.768641273798));
#300 = CARTESIAN_POINT('',(1.006182838394E-02,1.768641273798));
#301 = CARTESIAN_POINT('',(0.679557694519,5.43688929192));
#302 = CARTESIAN_POINT('',(3.476967810037,10.762421215776));
#303 = CARTESIAN_POINT('',(7.647527531043,15.682325609354));
#304 = CARTESIAN_POINT('',(13.153271810702,19.798981449094));
#305 = CARTESIAN_POINT('',(19.529380101516,21.675578605216));
#306 = CARTESIAN_POINT('',(26.424819211023,22.694099292906));
#307 = CARTESIAN_POINT('',(34.259401626133,23.543530005257));
#308 = CARTESIAN_POINT('',(42.04247020269,21.567881890683));
#309 = CARTESIAN_POINT('',(48.515042192908,20.219540804845));
#310 = CARTESIAN_POINT('',(53.282328570166,18.70753120153));
#311 = CARTESIAN_POINT('',(55.976622149071,15.189593798554));
#312 = CARTESIAN_POINT('',(57.087686041662,10.850658046142));
#313 = CARTESIAN_POINT('',(57.730871045956,6.061049310282));
#314 = CARTESIAN_POINT('',(58.096448875726,1.242295149398));
#315 = CARTESIAN_POINT('',(57.910751295629,-3.232785010455));
#316 = CARTESIAN_POINT('',(56.00583389243,-7.233584425486));
#317 = CARTESIAN_POINT('',(51.656525748306,-9.702727152463));
#318 = CARTESIAN_POINT('',(45.605086031896,-12.36593931405));
#319 = CARTESIAN_POINT('',(38.402218085238,-15.9149310935));
#320 = CARTESIAN_POINT('',(30.561486111589,-16.71122045679));
#321 = CARTESIAN_POINT('',(23.606482984519,-17.1468301476));
#322 = CARTESIAN_POINT('',(16.973208404945,-16.63606222019));
#323 = CARTESIAN_POINT('',(10.756363140935,-13.75013773754));
#324 = CARTESIAN_POINT('',(5.570379186545,-9.812558251992));
#325 = CARTESIAN_POINT('',(1.999679065129,-5.155601554182));
#326 = CARTESIAN_POINT('',(-1.006182838394E-02,-1.768641273798));
#327 = CARTESIAN_POINT('',(1.006182838394E-02,1.768641273798));
#328 = ( GEOMETRIC_REPRESENTATION_CONTEXT(2) 
PARAMETRIC_REPRESENTATION_CONTEXT() REPRESENTATION_CONTEXT('2D SPACE',''
  ) );
#329 = ADVANCED_FACE('',(#330),#124,.F.);
#330 = FACE_BOUND('',#331,.F.);
#331 = EDGE_LOOP('',(#332,#404,#425,#426));
#332 = ORIENTED_EDGE('',*,*,#333,.F.);
#333 = EDGE_CURVE('',#334,#336,#338,.T.);
#334 = VERTEX_POINT('',#335);
#335 = CARTESIAN_POINT('',(-21.20000022465,3.125,0.));
#336 = VERTEX_POINT('',#337);
#337 = CARTESIAN_POINT('',(-20.12820345492,3.125,4.));
#338 = SURFACE_CURVE('',#339,(#347,#358),.PCURVE_S1.);
#339 = B_SPLINE_CURVE_WITH_KNOTS('',3,(#340,#341,#342,#343,#344,#345,
    #346),.UNSPECIFIED.,.F.,.F.,(4,1,1,1,4),(0.,0.3,0.6,0.88,1.),
  .UNSPECIFIED.);
#340 = CARTESIAN_POINT('',(-21.20000022465,3.125,0.));
#341 = CARTESIAN_POINT('',(-21.09282054768,3.125,0.4));
#342 = CARTESIAN_POINT('',(-20.87846119373,3.125,1.2));
#343 = CARTESIAN_POINT('',(-20.56406747461,3.125,2.373333333333));
#344 = CARTESIAN_POINT('',(-20.31398156168,3.125,3.306666666667));
#345 = CARTESIAN_POINT('',(-20.17107532571,3.125,3.84));
#346 = CARTESIAN_POINT('',(-20.12820345492,3.125,4.));
#347 = PCURVE('',#124,#348);
#348 = DEFINITIONAL_REPRESENTATION('',(#349),#357);
#349 = B_SPLINE_CURVE_WITH_KNOTS('',3,(#350,#351,#352,#353,#354,#355,
    #356),.UNSPECIFIED.,.F.,.F.,(4,1,1,1,4),(0.,0.3,0.6,0.88,1.),
  .UNSPECIFIED.);
#350 = CARTESIAN_POINT('',(100.,78.799999775347));
#351 = CARTESIAN_POINT('',(100.4,78.907179452319));
#352 = CARTESIAN_POINT('',(101.2,79.121538806264));
#353 = CARTESIAN_POINT('',(102.37333333333,79.435932525383));
#354 = CARTESIAN_POINT('',(103.30666666666,79.686018438319));
#355 = CARTESIAN_POINT('',(103.84,79.828924674282));
#356 = CARTESIAN_POINT('',(104.,79.871796545071));
#357 = ( GEOMETRIC_REPRESENTATION_CONTEXT(2) 
PARAMETRIC_REPRESENTATION_CONTEXT() REPRESENTATION_CONTEXT('2D SPACE',''
  ) );
#358 = PCURVE('',#359,#394);
#359 = B_SPLINE_SURFACE_WITH_KNOTS('',3,1,(
    (#360,#361)
    ,(#362,#363)
    ,(#364,#365)
    ,(#366,#367)
    ,(#368,#369)
    ,(#370,#371)
    ,(#372,#373)
    ,(#374,#375)
    ,(#376,#377)
    ,(#378,#379)
    ,(#380,#381)
    ,(#382,#383)
    ,(#384,#385)
    ,(#386,#387)
    ,(#388,#389)
    ,(#390,#391)
    ,(#392,#393
    )),.UNSPECIFIED.,.F.,.F.,.F.,(4,1,1,1,1,1,1,1,1,1,1,1,1,1,4),(2,2),(
    0.,3.020347662108,6.053909924531,8.500463623104,10.890155025775,
    13.5584878386,17.059916118603,20.559916118603,24.059916118603,
    27.561344398605,30.22967721143,32.619368614101,35.065922312674,
    38.099484575098,41.119832237205),(0.,1.),.UNSPECIFIED.);
#360 = CARTESIAN_POINT('',(-15.85898384862,13.1,-20.));
#361 = CARTESIAN_POINT('',(5.576951545867,13.1,60.));
#362 = CARTESIAN_POINT('',(-16.85955749182,13.206854020275,-20.));
#363 = CARTESIAN_POINT('',(4.576377902668,13.206854020275,60.));
#364 = CARTESIAN_POINT('',(-18.88071527979,13.503114404475,-20.));
#365 = CARTESIAN_POINT('',(2.555220114691,13.503114404475,60.));
#366 = CARTESIAN_POINT('',(-21.62097742023,13.623125592086,-20.));
#367 = CARTESIAN_POINT('',(-0.185042025742,13.623125592086,60.));
#368 = CARTESIAN_POINT('',(-24.38651966125,14.992963864358,-20.));
#369 = CARTESIAN_POINT('',(-2.950584266763,14.992963864358,60.));
#370 = CARTESIAN_POINT('',(-26.12923782064,12.492176654313,-20.));
#371 = CARTESIAN_POINT('',(-4.693302426155,12.492176654313,60.));
#372 = CARTESIAN_POINT('',(-26.55860263748,9.75336269061,-20.));
#373 = CARTESIAN_POINT('',(-5.122667242992,9.75336269061,60.));
#374 = CARTESIAN_POINT('',(-26.55910508105,6.492256488987,-20.));
#375 = CARTESIAN_POINT('',(-5.12316968656,6.492256488987,60.));
#376 = CARTESIAN_POINT('',(-26.55892324477,3.,-20.));
#377 = CARTESIAN_POINT('',(-5.122987850284,3.,60.));
#378 = CARTESIAN_POINT('',(-26.55910508105,-0.492256488987,-20.));
#379 = CARTESIAN_POINT('',(-5.12316968656,-0.492256488987,60.));
#380 = CARTESIAN_POINT('',(-26.55860263748,-3.75336269061,-20.));
#381 = CARTESIAN_POINT('',(-5.122667242992,-3.75336269061,60.));
#382 = CARTESIAN_POINT('',(-26.12923782064,-6.492176654313,-20.));
#383 = CARTESIAN_POINT('',(-4.693302426155,-6.492176654313,60.));
#384 = CARTESIAN_POINT('',(-24.38651966125,-8.992963864358,-20.));
#385 = CARTESIAN_POINT('',(-2.950584266763,-8.992963864358,60.));
#386 = CARTESIAN_POINT('',(-21.62097742023,-7.623125592086,-20.));
#387 = CARTESIAN_POINT('',(-0.185042025742,-7.623125592086,60.));
#388 = CARTESIAN_POINT('',(-18.88071527979,-7.503114404475,-20.));
#389 = CARTESIAN_POINT('',(2.555220114691,-7.503114404475,60.));
#390 = CARTESIAN_POINT('',(-16.85955749182,-7.206854020275,-20.));
#391 = CARTESIAN_POINT('',(4.576377902668,-7.206854020275,60.));
#392 = CARTESIAN_POINT('',(-15.85898384862,-7.1,-20.));
#393 = CARTESIAN_POINT('',(5.576951545867,-7.1,60.));
#394 = DEFINITIONAL_REPRESENTATION('',(#395),#403);
#395 = B_SPLINE_CURVE_WITH_KNOTS('',3,(#396,#397,#398,#399,#400,#401,
    #402),.UNSPECIFIED.,.F.,.F.,(4,1,1,1,4),(0.,0.3,0.6,0.88,1.),
  .UNSPECIFIED.);
#396 = CARTESIAN_POINT('',(20.434622288307,0.25));
#397 = CARTESIAN_POINT('',(20.434622288307,0.255));
#398 = CARTESIAN_POINT('',(20.434622288307,0.265));
#399 = CARTESIAN_POINT('',(20.434622288307,0.279666666667));
#400 = CARTESIAN_POINT('',(20.434622288307,0.291333333333));
#401 = CARTESIAN_POINT('',(20.434622288307,0.298));
#402 = CARTESIAN_POINT('',(20.434622288307,0.3));
#403 = ( GEOMETRIC_REPRESENTATION_CONTEXT(2) 
PARAMETRIC_REPRESENTATION_CONTEXT() REPRESENTATION_CONTEXT('2D SPACE',''
  ) );
#404 = ORIENTED_EDGE('',*,*,#405,.T.);
#405 = EDGE_CURVE('',#334,#44,#406,.T.);
#406 = SURFACE_CURVE('',#407,(#411,#418),.PCURVE_S1.);
#407 = LINE('',#408,#409);
#408 = CARTESIAN_POINT('',(-64.,3.125,0.));
#409 = VECTOR('',#410,1.);
#410 = DIRECTION('',(-1.,0.,-0.));
#411 = PCURVE('',#124,#412);
#412 = DEFINITIONAL_REPRESENTATION('',(#413),#417);
#413 = LINE('',#414,#415);
#414 = CARTESIAN_POINT('',(100.,36.));
#415 = VECTOR('',#416,1.);
#416 = DIRECTION('',(0.,-1.));
#417 = ( GEOMETRIC_REPRESENTATION_CONTEXT(2) 
PARAMETRIC_REPRESENTATION_CONTEXT() REPRESENTATION_CONTEXT('2D SPACE',''
  ) );
#418 = PCURVE('',#180,#419);
#419 = DEFINITIONAL_REPRESENTATION('',(#420),#424);
#420 = LINE('',#421,#422);
#421 = CARTESIAN_POINT('',(-35.81627234602,-3.634592169097));
#422 = VECTOR('',#423,1.);
#423 = DIRECTION('',(-0.994533904972,-0.104414136312));
#424 = ( GEOMETRIC_REPRESENTATION_CONTEXT(2) 
PARAMETRIC_REPRESENTATION_CONTEXT() REPRESENTATION_CONTEXT('2D SPACE',''
  ) );
#425 = ORIENTED_EDGE('',*,*,#43,.T.);
#426 = ORIENTED_EDGE('',*,*,#427,.F.);
#427 = EDGE_CURVE('',#336,#46,#428,.T.);
#428 = SURFACE_CURVE('',#429,(#433,#440),.PCURVE_S1.);
#429 = LINE('',#430,#431);
#430 = CARTESIAN_POINT('',(-63.46410161513,3.125,4.));
#431 = VECTOR('',#432,1.);
#432 = DIRECTION('',(-1.,0.,-2.011080212013E-18));
#433 = PCURVE('',#124,#434);
#434 = DEFINITIONAL_REPRESENTATION('',(#435),#439);
#435 = LINE('',#436,#437);
#436 = CARTESIAN_POINT('',(104.,36.535898384862));
#437 = VECTOR('',#438,1.);
#438 = DIRECTION('',(-2.011080212013E-18,-1.));
#439 = ( GEOMETRIC_REPRESENTATION_CONTEXT(2) 
PARAMETRIC_REPRESENTATION_CONTEXT() REPRESENTATION_CONTEXT('2D SPACE',''
  ) );
#440 = PCURVE('',#292,#441);
#441 = DEFINITIONAL_REPRESENTATION('',(#442),#446);
#442 = LINE('',#443,#444);
#443 = CARTESIAN_POINT('',(-36.34924145938,-3.690547536103));
#444 = VECTOR('',#445,1.);
#445 = DIRECTION('',(-0.994533904972,-0.104414136312));
#446 = ( GEOMETRIC_REPRESENTATION_CONTEXT(2) 
PARAMETRIC_REPRESENTATION_CONTEXT() REPRESENTATION_CONTEXT('2D SPACE',''
  ) );
#447 = ADVANCED_FACE('',(#448,#1094),#292,.T.);
#448 = FACE_BOUND('',#449,.T.);
#449 = EDGE_LOOP('',(#450,#451,#452,#934,#962,#1073));
#450 = ORIENTED_EDGE('',*,*,#252,.F.);
#451 = ORIENTED_EDGE('',*,*,#427,.F.);
#452 = ORIENTED_EDGE('',*,*,#453,.T.);
#453 = EDGE_CURVE('',#336,#454,#456,.T.);
#454 = VERTEX_POINT('',#455);
#455 = CARTESIAN_POINT('',(-9.428203230276,13.1,4.));
#456 = SURFACE_CURVE('',#457,(#614,#774),.PCURVE_S1.);
#457 = B_SPLINE_CURVE_WITH_KNOTS('',8,(#458,#459,#460,#461,#462,#463,
    #464,#465,#466,#467,#468,#469,#470,#471,#472,#473,#474,#475,#476,
    #477,#478,#479,#480,#481,#482,#483,#484,#485,#486,#487,#488,#489,
    #490,#491,#492,#493,#494,#495,#496,#497,#498,#499,#500,#501,#502,
    #503,#504,#505,#506,#507,#508,#509,#510,#511,#512,#513,#514,#515,
    #516,#517,#518,#519,#520,#521,#522,#523,#524,#525,#526,#527,#528,
    #529,#530,#531,#532,#533,#534,#535,#536,#537,#538,#539,#540,#541,
    #542,#543,#544,#545,#546,#547,#548,#549,#550,#551,#552,#553,#554,
    #555,#556,#557,#558,#559,#560,#561,#562,#563,#564,#565,#566,#567,
    #568,#569,#570,#571,#572,#573,#574,#575,#576,#577,#578,#579,#580,
    #581,#582,#583,#584,#585,#586,#587,#588,#589,#590,#591,#592,#593,
    #594,#595,#596,#597,#598,#599,#600,#601,#602,#603,#604,#605,#606,
    #607,#608,#609,#610,#611,#612,#613),.UNSPECIFIED.,.F.,.F.,(9,7,7,7,7
    ,7,7,7,7,7,7,7,7,7,7,7,7,7,7,7,7,7,9),(0.,0.192520487226,
    0.221682525564,0.278045429494,0.328411865078,0.353494458183,
    0.365052780944,0.378537431331,0.448225174808,0.483948056672,
    0.520580059358,0.56828134874,0.598421390252,0.611412589456,
    0.653400812866,0.703495165685,0.727434310085,0.801269336983,
    0.857001119899,0.870477054675,0.912933339491,0.949701184948,1.),
  .UNSPECIFIED.);
#458 = CARTESIAN_POINT('',(-20.12820750949,2.412589224562,4.));
#459 = CARTESIAN_POINT('',(-20.12820083302,2.922447441804,4.));
#460 = CARTESIAN_POINT('',(-20.12819751008,3.43220449332,4.));
#461 = CARTESIAN_POINT('',(-20.12821137461,3.94197669301,4.));
#462 = CARTESIAN_POINT('',(-20.1282247921,4.451882905049,4.));
#463 = CARTESIAN_POINT('',(-20.12823368007,4.962039731014,4.));
#464 = CARTESIAN_POINT('',(-20.12823897486,5.472562435438,4.));
#465 = CARTESIAN_POINT('',(-20.12822978606,5.983566310141,4.));
#466 = CARTESIAN_POINT('',(-20.12819949491,6.572657306647,4.));
#467 = CARTESIAN_POINT('',(-20.12819554186,6.650165142141,4.));
#468 = CARTESIAN_POINT('',(-20.12818192026,6.727684617146,4.));
#469 = CARTESIAN_POINT('',(-20.12814893032,6.805213659703,4.));
#470 = CARTESIAN_POINT('',(-20.12808687276,6.882750192918,4.));
#471 = CARTESIAN_POINT('',(-20.12798604879,6.960292134961,4.));
#472 = CARTESIAN_POINT('',(-20.12783676012,7.037837399068,4.));
#473 = CARTESIAN_POINT('',(-20.12722835789,7.265261812476,4.));
#474 = CARTESIAN_POINT('',(-20.12661000587,7.415144094273,4.));
#475 = CARTESIAN_POINT('',(-20.12570446584,7.565015885287,4.));
#476 = CARTESIAN_POINT('',(-20.12444158297,7.714861832151,4.));
#477 = CARTESIAN_POINT('',(-20.12275083466,7.864666081775,4.));
#478 = CARTESIAN_POINT('',(-20.12056133052,8.014412281347,4.));
#479 = CARTESIAN_POINT('',(-20.11780181239,8.164083578332,4.));
#480 = CARTESIAN_POINT('',(-20.11136134663,8.447327897907,4.));
#481 = CARTESIAN_POINT('',(-20.10780952448,8.580919209735,4.));
#482 = CARTESIAN_POINT('',(-20.10369399421,8.714424144863,4.));
#483 = CARTESIAN_POINT('',(-20.09896308014,8.847829601642,4.));
#484 = CARTESIAN_POINT('',(-20.09356462459,8.981121787865,4.));
#485 = CARTESIAN_POINT('',(-20.08744598787,9.11428622077,4.));
#486 = CARTESIAN_POINT('',(-20.08055404829,9.247307727037,4.));
#487 = CARTESIAN_POINT('',(-20.06899120018,9.446336360616,4.));
#488 = CARTESIAN_POINT('',(-20.06494211188,9.512462860825,4.));
#489 = CARTESIAN_POINT('',(-20.0606813086,9.578547966153,4.));
#490 = CARTESIAN_POINT('',(-20.05620212809,9.644589639652,4.));
#491 = CARTESIAN_POINT('',(-20.05149787451,9.710585784694,4.));
#492 = CARTESIAN_POINT('',(-20.04656181844,9.776534244966,4.));
#493 = CARTESIAN_POINT('',(-20.04138719685,9.842432804476,4.));
#494 = CARTESIAN_POINT('',(-20.03346962759,9.938621893546,4.));
#495 = CARTESIAN_POINT('',(-20.03092056724,9.968946908154,4.));
#496 = CARTESIAN_POINT('',(-20.02831976064,9.999253803814,4.));
#497 = CARTESIAN_POINT('',(-20.0256662033,10.029542447962,4.));
#498 = CARTESIAN_POINT('',(-20.02295815762,10.059813003033,4.));
#499 = CARTESIAN_POINT('',(-20.02019315291,10.090065926461,4.));
#500 = CARTESIAN_POINT('',(-20.01736798541,10.120301970675,4.));
#501 = CARTESIAN_POINT('',(-20.01110792145,10.185778942034,4.));
#502 = CARTESIAN_POINT('',(-20.00765080066,10.221013616589,4.));
#503 = CARTESIAN_POINT('',(-20.00410290768,10.25622707194,4.));
#504 = CARTESIAN_POINT('',(-20.00045979428,10.291420173256,4.));
#505 = CARTESIAN_POINT('',(-19.99671701221,10.326593785706,4.));
#506 = CARTESIAN_POINT('',(-19.99287011327,10.361748774461,4.));
#507 = CARTESIAN_POINT('',(-19.98891464921,10.39688600469,4.));
#508 = CARTESIAN_POINT('',(-19.96382056117,10.613505821079,4.));
#509 = CARTESIAN_POINT('',(-19.93977110955,10.794601285302,4.));
#510 = CARTESIAN_POINT('',(-19.91209487097,10.975295833932,4.));
#511 = CARTESIAN_POINT('',(-19.88020078406,11.155565965858,4.));
#512 = CARTESIAN_POINT('',(-19.84352349931,11.335362325214,4.));
#513 = CARTESIAN_POINT('',(-19.80153950688,11.514610226515,4.));
#514 = CARTESIAN_POINT('',(-19.7537855651,11.693209958875,4.));
#515 = CARTESIAN_POINT('',(-19.67224641394,11.96219335389,4.));
#516 = CARTESIAN_POINT('',(-19.64299690071,12.05314631482,4.));
#517 = CARTESIAN_POINT('',(-19.61207960213,12.143878073901,4.));
#518 = CARTESIAN_POINT('',(-19.57944874092,12.234369867334,4.));
#519 = CARTESIAN_POINT('',(-19.54506452622,12.324601876244,4.));
#520 = CARTESIAN_POINT('',(-19.5088936294,12.414553257192,4.));
#521 = CARTESIAN_POINT('',(-19.47090966001,12.504202172699,4.));
#522 = CARTESIAN_POINT('',(-19.390264335,12.685122691383,4.));
#523 = CARTESIAN_POINT('',(-19.34750865956,12.776381828577,4.));
#524 = CARTESIAN_POINT('',(-19.30283711698,12.867115940854,4.));
#525 = CARTESIAN_POINT('',(-19.25624657102,12.957135648038,4.));
#526 = CARTESIAN_POINT('',(-19.20772196905,13.046246691688,4.));
#527 = CARTESIAN_POINT('',(-19.15723698211,13.134246161127,4.));
#528 = CARTESIAN_POINT('',(-19.10475356337,13.220917736069,4.));
#529 = CARTESIAN_POINT('',(-18.97920871891,13.416851755131,4.));
#530 = CARTESIAN_POINT('',(-18.90475032086,13.524981651127,4.));
#531 = CARTESIAN_POINT('',(-18.8267117794,13.629938756025,4.));
#532 = CARTESIAN_POINT('',(-18.7449542191,13.731128587388,4.));
#533 = CARTESIAN_POINT('',(-18.65934090596,13.827829137667,4.));
#534 = CARTESIAN_POINT('',(-18.56974366847,13.91918468405,4.));
#535 = CARTESIAN_POINT('',(-18.47604817466,14.004203328633,4.));
#536 = CARTESIAN_POINT('',(-18.31630623644,14.130761328374,4.));
#537 = CARTESIAN_POINT('',(-18.25279694874,14.176771124025,4.));
#538 = CARTESIAN_POINT('',(-18.18761954563,14.21949646021,4.));
#539 = CARTESIAN_POINT('',(-18.12078507332,14.258616258422,4.));
#540 = CARTESIAN_POINT('',(-18.05232994025,14.293786813172,4.));
#541 = CARTESIAN_POINT('',(-17.98232089655,14.32465516457,4.));
#542 = CARTESIAN_POINT('',(-17.91086133347,14.350878587633,4.));
#543 = CARTESIAN_POINT('',(-17.80673626367,14.381318856274,4.));
#544 = CARTESIAN_POINT('',(-17.77515398172,14.389552403084,4.));
#545 = CARTESIAN_POINT('',(-17.74335700731,14.3968731915,4.));
#546 = CARTESIAN_POINT('',(-17.7113503861,14.403303893778,4.));
#547 = CARTESIAN_POINT('',(-17.67913925873,14.408867501667,4.));
#548 = CARTESIAN_POINT('',(-17.64672886081,14.413587326409,4.));
#549 = CARTESIAN_POINT('',(-17.61412452292,14.41748699874,4.));
#550 = CARTESIAN_POINT('',(-17.47534348693,14.430621043895,4.));
#551 = CARTESIAN_POINT('',(-17.36797557091,14.432273391289,4.));
#552 = CARTESIAN_POINT('',(-17.25967481052,14.426478746835,4.));
#553 = CARTESIAN_POINT('',(-17.15080528492,14.414234178668,4.));
#554 = CARTESIAN_POINT('',(-17.04164095999,14.396511096917,4.));
#555 = CARTESIAN_POINT('',(-16.93236098326,14.374199120955,4.));
#556 = CARTESIAN_POINT('',(-16.82304757828,14.348085304264,4.));
#557 = CARTESIAN_POINT('',(-16.58321256101,14.284011656654,4.));
#558 = CARTESIAN_POINT('',(-16.4527655981,14.244763338365,4.));
#559 = CARTESIAN_POINT('',(-16.32235587128,14.202325171741,4.));
#560 = CARTESIAN_POINT('',(-16.19197798287,14.157763145504,4.));
#561 = CARTESIAN_POINT('',(-16.06160870675,14.112052139488,4.));
#562 = CARTESIAN_POINT('',(-15.93120457403,14.066119660371,4.));
#563 = CARTESIAN_POINT('',(-15.80069925366,14.020889001052,4.));
#564 = CARTESIAN_POINT('',(-15.60754237273,13.956501893072,4.));
#565 = CARTESIAN_POINT('',(-15.54504785201,13.936053050382,4.));
#566 = CARTESIAN_POINT('',(-15.48250731439,13.916180715877,4.));
#567 = CARTESIAN_POINT('',(-15.41994464252,13.896607058904,4.));
#568 = CARTESIAN_POINT('',(-15.35731509521,13.878326202691,4.));
#569 = CARTESIAN_POINT('',(-15.29466198911,13.860373957869,4.));
#570 = CARTESIAN_POINT('',(-15.23197496361,13.843217617667,4.));
#571 = CARTESIAN_POINT('',(-14.97585548802,13.775759645802,4.));
#572 = CARTESIAN_POINT('',(-14.78220961609,13.731072271208,4.));
#573 = CARTESIAN_POINT('',(-14.58845427499,13.692130702708,4.));
#574 = CARTESIAN_POINT('',(-14.39468075576,13.658329116965,4.));
#575 = CARTESIAN_POINT('',(-14.20094676066,13.628987758376,4.));
#576 = CARTESIAN_POINT('',(-14.00727689477,13.60337396025,4.));
#577 = CARTESIAN_POINT('',(-13.81366300481,13.580720597209,4.));
#578 = CARTESIAN_POINT('',(-13.47393321557,13.544784393698,4.));
#579 = CARTESIAN_POINT('',(-13.32781793619,13.530566592069,4.));
#580 = CARTESIAN_POINT('',(-13.18170037614,13.517250122524,4.));
#581 = CARTESIAN_POINT('',(-13.03556119047,13.504491393306,4.));
#582 = CARTESIAN_POINT('',(-12.88938000011,13.491944200949,4.));
#583 = CARTESIAN_POINT('',(-12.74313555189,13.479262268941,4.));
#584 = CARTESIAN_POINT('',(-12.59680587854,13.466101786389,4.));
#585 = CARTESIAN_POINT('',(-12.41495991774,13.448744107625,4.));
#586 = CARTESIAN_POINT('',(-12.37953443382,13.445313434573,4.));
#587 = CARTESIAN_POINT('',(-12.34409233658,13.441832806086,4.));
#588 = CARTESIAN_POINT('',(-12.30863397508,13.438303283204,4.));
#589 = CARTESIAN_POINT('',(-12.27315971777,13.434726109446,4.));
#590 = CARTESIAN_POINT('',(-12.23766995249,13.431102710806,4.));
#591 = CARTESIAN_POINT('',(-12.20216508653,13.427434695754,4.));
#592 = CARTESIAN_POINT('',(-12.05474030723,13.412032755169,4.));
#593 = CARTESIAN_POINT('',(-11.94278277787,13.399924003314,4.));
#594 = CARTESIAN_POINT('',(-11.83077778744,13.387443070301,4.));
#595 = CARTESIAN_POINT('',(-11.7187298832,13.374635052393,4.));
#596 = CARTESIAN_POINT('',(-11.6066433307,13.361544671482,4.));
#597 = CARTESIAN_POINT('',(-11.49452211381,13.348216275092,4.));
#598 = CARTESIAN_POINT('',(-11.38236993466,13.334693836377,4.));
#599 = CARTESIAN_POINT('',(-11.17304071838,13.309180011755,4.));
#600 = CARTESIAN_POINT('',(-11.07587068178,13.29722633404,4.));
#601 = CARTESIAN_POINT('',(-10.97868235354,13.285188259368,4.));
#602 = CARTESIAN_POINT('',(-10.88147795595,13.273094072384,4.));
#603 = CARTESIAN_POINT('',(-10.78425968394,13.260972003993,4.));
#604 = CARTESIAN_POINT('',(-10.6870297051,13.248850231354,4.));
#605 = CARTESIAN_POINT('',(-10.58979015968,13.236756877885,4.));
#606 = CARTESIAN_POINT('',(-10.35950820131,13.208253450696,4.));
#607 = CARTESIAN_POINT('',(-10.2264595711,13.19189270565,4.));
#608 = CARTESIAN_POINT('',(-10.09340255552,13.175709795296,4.));
#609 = CARTESIAN_POINT('',(-9.960342809462,13.159776854269,4.));
#610 = CARTESIAN_POINT('',(-9.827286369334,13.144166284895,4.));
#611 = CARTESIAN_POINT('',(-9.694239665425,13.128950907412,4.));
#612 = CARTESIAN_POINT('',(-9.561209534137,13.114204110198,4.));
#613 = CARTESIAN_POINT('',(-9.428203230276,13.1,4.));
#614 = PCURVE('',#292,#615);
#615 = DEFINITIONAL_REPRESENTATION('',(#616),#773);
#616 = B_SPLINE_CURVE_WITH_KNOTS('',8,(#617,#618,#619,#620,#621,#622,
    #623,#624,#625,#626,#627,#628,#629,#630,#631,#632,#633,#634,#635,
    #636,#637,#638,#639,#640,#641,#642,#643,#644,#645,#646,#647,#648,
    #649,#650,#651,#652,#653,#654,#655,#656,#657,#658,#659,#660,#661,
    #662,#663,#664,#665,#666,#667,#668,#669,#670,#671,#672,#673,#674,
    #675,#676,#677,#678,#679,#680,#681,#682,#683,#684,#685,#686,#687,
    #688,#689,#690,#691,#692,#693,#694,#695,#696,#697,#698,#699,#700,
    #701,#702,#703,#704,#705,#706,#707,#708,#709,#710,#711,#712,#713,
    #714,#715,#716,#717,#718,#719,#720,#721,#722,#723,#724,#725,#726,
    #727,#728,#729,#730,#731,#732,#733,#734,#735,#736,#737,#738,#739,
    #740,#741,#742,#743,#744,#745,#746,#747,#748,#749,#750,#751,#752,
    #753,#754,#755,#756,#757,#758,#759,#760,#761,#762,#763,#764,#765,
    #766,#767,#768,#769,#770,#771,#772),.UNSPECIFIED.,.F.,.F.,(9,7,7,7,7
    ,7,7,7,7,7,7,7,7,7,7,7,7,7,7,7,7,7,9),(0.,0.192520487226,
    0.221682525564,0.278045429494,0.328411865078,0.353494458183,
    0.365052780944,0.378537431331,0.448225174808,0.483948056672,
    0.520580059358,0.56828134874,0.598421390252,0.611412589456,
    0.653400812866,0.703495165685,0.727434310085,0.801269336983,
    0.857001119899,0.870477054675,0.912933339491,0.949701184948,1.),
  .UNSPECIFIED.);
#617 = CARTESIAN_POINT('',(6.82416028676,0.12581574779));
#618 = CARTESIAN_POINT('',(6.77093052134,0.632887728683));
#619 = CARTESIAN_POINT('',(6.71770798385,1.139858746675));
#620 = CARTESIAN_POINT('',(6.664466771159,1.646843035426));
#621 = CARTESIAN_POINT('',(6.611212010279,2.153960650679));
#622 = CARTESIAN_POINT('',(6.557935586527,2.661327982924));
#623 = CARTESIAN_POINT('',(6.504624533428,3.169059568881));
#624 = CARTESIAN_POINT('',(6.451277643777,3.677271207287));
#625 = CARTESIAN_POINT('',(6.389798341744,4.26314533925));
#626 = CARTESIAN_POINT('',(6.381709359478,4.340229922303));
#627 = CARTESIAN_POINT('',(6.373628777591,4.417327090779));
#628 = CARTESIAN_POINT('',(6.365566459187,4.494435796837));
#629 = CARTESIAN_POINT('',(6.357532267389,4.57155498768));
#630 = CARTESIAN_POINT('',(6.349536065342,4.648683605548));
#631 = CARTESIAN_POINT('',(6.341587716212,4.72582058772));
#632 = CARTESIAN_POINT('',(6.318446469153,4.952065403465));
#633 = CARTESIAN_POINT('',(6.303411612199,5.10119297916));
#634 = CARTESIAN_POINT('',(6.288663468845,5.250340107902));
#635 = CARTESIAN_POINT('',(6.274273413554,5.399498845404));
#636 = CARTESIAN_POINT('',(6.260313238736,5.548660788789));
#637 = CARTESIAN_POINT('',(6.246855154745,5.697817076588));
#638 = CARTESIAN_POINT('',(6.23397178988,5.846958388743));
#639 = CARTESIAN_POINT('',(6.210802340442,6.12932694362));
#640 = CARTESIAN_POINT('',(6.200385926555,6.262558893085));
#641 = CARTESIAN_POINT('',(6.190539158455,6.39576379709));
#642 = CARTESIAN_POINT('',(6.18131479735,6.528934021272));
#643 = CARTESIAN_POINT('',(6.172766155926,6.662061294812));
#644 = CARTESIAN_POINT('',(6.164947098342,6.795136710439));
#645 = CARTESIAN_POINT('',(6.157912040237,6.928150724431));
#646 = CARTESIAN_POINT('',(6.148630281843,7.127298773384));
#647 = CARTESIAN_POINT('',(6.145752696035,7.193486601917));
#648 = CARTESIAN_POINT('',(6.14308999017,7.259655367875));
#649 = CARTESIAN_POINT('',(6.140649002756,7.325803741075));
#650 = CARTESIAN_POINT('',(6.138436611949,7.39193033549));
#651 = CARTESIAN_POINT('',(6.136459735546,7.458033709243));
#652 = CARTESIAN_POINT('',(6.13472533099,7.524112364608));
#653 = CARTESIAN_POINT('',(6.132556121409,7.620602381133));
#654 = CARTESIAN_POINT('',(6.131924888144,7.651027794265));
#655 = CARTESIAN_POINT('',(6.131347010148,7.681440590527));
#656 = CARTESIAN_POINT('',(6.130823500275,7.711840742966));
#657 = CARTESIAN_POINT('',(6.130356069659,7.742228594558));
#658 = CARTESIAN_POINT('',(6.129947127717,7.77260485821));
#659 = CARTESIAN_POINT('',(6.129599782142,7.802970616757));
#660 = CARTESIAN_POINT('',(6.128988906589,7.86874332394));
#661 = CARTESIAN_POINT('',(6.128748132308,7.904146374697));
#662 = CARTESIAN_POINT('',(6.128599849641,7.939537800136));
#663 = CARTESIAN_POINT('',(6.128548392167,7.974918925156));
#664 = CARTESIAN_POINT('',(6.128598093463,8.010291074654));
#665 = CARTESIAN_POINT('',(6.128753287105,8.045655573531));
#666 = CARTESIAN_POINT('',(6.129018306671,8.081013746683));
#667 = CARTESIAN_POINT('',(6.131357057007,8.299069676101));
#668 = CARTESIAN_POINT('',(6.13636612555,8.481686358027));
#669 = CARTESIAN_POINT('',(6.145024017955,8.664283003631));
#670 = CARTESIAN_POINT('',(6.157921018625,8.846897955423));
#671 = CARTESIAN_POINT('',(6.175624540275,9.029541157802));
#672 = CARTESIAN_POINT('',(6.198663029411,9.212192995349));
#673 = CARTESIAN_POINT('',(6.227507606805,9.394802671186));
#674 = CARTESIAN_POINT('',(6.280515388345,9.670829617447));
#675 = CARTESIAN_POINT('',(6.300108246096,9.764339483511));
#676 = CARTESIAN_POINT('',(6.321382869525,9.857803497203));
#677 = CARTESIAN_POINT('',(6.34438674489,9.951207777085));
#678 = CARTESIAN_POINT('',(6.369161514934,10.04453676734));
#679 = CARTESIAN_POINT('',(6.395742502436,10.137773218442));
#680 = CARTESIAN_POINT('',(6.424158233758,10.230898167816));
#681 = CARTESIAN_POINT('',(6.485472084055,10.419250269711));
#682 = CARTESIAN_POINT('',(6.518465308928,10.514474872713));
#683 = CARTESIAN_POINT('',(6.553418748639,10.609377364246));
#684 = CARTESIAN_POINT('',(6.590355296267,10.703769726772));
#685 = CARTESIAN_POINT('',(6.629310205495,10.797460335393));
#686 = CARTESIAN_POINT('',(6.670330848107,10.890250137679));
#687 = CARTESIAN_POINT('',(6.713477649844,10.981927968394));
#688 = CARTESIAN_POINT('',(6.81787797288,11.189899649991));
#689 = CARTESIAN_POINT('',(6.880639084551,11.305213007024));
#690 = CARTESIAN_POINT('',(6.947292054476,11.417744733319));
#691 = CARTESIAN_POINT('',(7.01803707133,11.526918096492));
#692 = CARTESIAN_POINT('',(7.093085509531,11.632029312524));
#693 = CARTESIAN_POINT('',(7.172654189537,11.732240718977));
#694 = CARTESIAN_POINT('',(7.256960386531,11.826577777632));
#695 = CARTESIAN_POINT('',(7.402614715894,11.969123315831));
#696 = CARTESIAN_POINT('',(7.460972782715,12.02151288499));
#697 = CARTESIAN_POINT('',(7.521332790878,12.070810122681));
#698 = CARTESIAN_POINT('',(7.583717279663,12.11669455206));
#699 = CARTESIAN_POINT('',(7.648125927376,12.158820544811));
#700 = CARTESIAN_POINT('',(7.714529202734,12.196830100698));
#701 = CARTESIAN_POINT('',(7.782860064989,12.2303715726));
#702 = CARTESIAN_POINT('',(7.883237582895,12.27151758107));
#703 = CARTESIAN_POINT('',(7.913787534411,12.283003759224));
#704 = CARTESIAN_POINT('',(7.944646309738,12.293604585135));
#705 = CARTESIAN_POINT('',(7.975806523492,12.303342080294));
#706 = CARTESIAN_POINT('',(8.00726066247,12.312238574017));
#707 = CARTESIAN_POINT('',(8.039001085655,12.320316703455));
#708 = CARTESIAN_POINT('',(8.071020024213,12.327599413587));
#709 = CARTESIAN_POINT('',(8.207671089893,12.355152368812));
#710 = CARTESIAN_POINT('',(8.314279594254,12.368006412537));
#711 = CARTESIAN_POINT('',(8.422593415193,12.373551572519));
#712 = CARTESIAN_POINT('',(8.532146355628,12.372741451811));
#713 = CARTESIAN_POINT('',(8.642564518255,12.366513544812));
#714 = CARTESIAN_POINT('',(8.753576845949,12.355733902618));
#715 = CARTESIAN_POINT('',(8.865019385091,12.3411766913));
#716 = CARTESIAN_POINT('',(9.110233635936,12.302495442521));
#717 = CARTESIAN_POINT('',(9.244065642604,12.277082166237));
#718 = CARTESIAN_POINT('',(9.37819368198,12.248492589657));
#719 = CARTESIAN_POINT('',(9.512511817942,12.217787438301));
#720 = CARTESIAN_POINT('',(9.646941358423,12.185938688356));
#721 = CARTESIAN_POINT('',(9.781428689899,12.153873315424));
#722 = CARTESIAN_POINT('',(9.915943376021,12.122516491499));
#723 = CARTESIAN_POINT('',(10.114767367352,12.078649638464));
#724 = CARTESIAN_POINT('',(10.17905543533,12.064837882496));
#725 = CARTESIAN_POINT('',(10.243329073074,12.051604288281));
#726 = CARTESIAN_POINT('',(10.30759353792,12.038670050125));
#727 = CARTESIAN_POINT('',(10.371789525983,12.0270285289));
#728 = CARTESIAN_POINT('',(10.435974632385,12.015716282713));
#729 = CARTESIAN_POINT('',(10.500110369098,12.005199132324));
#730 = CARTESIAN_POINT('',(10.761873437166,11.96485238598));
#731 = CARTESIAN_POINT('',(10.959126815979,11.940628643289));
#732 = CARTESIAN_POINT('',(11.155889122211,11.9221307297));
#733 = CARTESIAN_POINT('',(11.35213282035,11.908746601287));
#734 = CARTESIAN_POINT('',(11.547871499637,11.899794193124));
#735 = CARTESIAN_POINT('',(11.743157190245,11.89454227423));
#736 = CARTESIAN_POINT('',(11.938078099623,11.892228763723));
#737 = CARTESIAN_POINT('',(12.279703141204,11.891961583437));
#738 = CARTESIAN_POINT('',(12.426504280063,11.893077998363));
#739 = CARTESIAN_POINT('',(12.573213575309,11.895091056738));
#740 = CARTESIAN_POINT('',(12.719886141996,11.897661064799));
#741 = CARTESIAN_POINT('',(12.866578396332,11.900445839324));
#742 = CARTESIAN_POINT('',(13.013347631476,11.903103215713));
#743 = CARTESIAN_POINT('',(13.160251593339,11.905293556068));
#744 = CARTESIAN_POINT('',(13.342915953877,11.907018044965));
#745 = CARTESIAN_POINT('',(13.3785060095,11.907305045605));
#746 = CARTESIAN_POINT('',(13.414117803681,11.907544098535));
#747 = CARTESIAN_POINT('',(13.449750878493,11.907736222553));
#748 = CARTESIAN_POINT('',(13.485404737657,11.907882615906));
#749 = CARTESIAN_POINT('',(13.521078846539,11.907984656296));
#750 = CARTESIAN_POINT('',(13.556772632155,11.908043900877));
#751 = CARTESIAN_POINT('',(13.704999753924,11.908119379764));
#752 = CARTESIAN_POINT('',(13.817609637654,11.907766764229));
#753 = CARTESIAN_POINT('',(13.930305584006,11.907048957521));
#754 = CARTESIAN_POINT('',(14.043078361885,11.906010334602));
#755 = CARTESIAN_POINT('',(14.155919059451,11.904694927528));
#756 = CARTESIAN_POINT('',(14.268819084117,11.903146425444));
#757 = CARTESIAN_POINT('',(14.381770162552,11.901408174585));
#758 = CARTESIAN_POINT('',(14.592619169405,11.897890740275));
#759 = CARTESIAN_POINT('',(14.690506198285,11.896148327946));
#760 = CARTESIAN_POINT('',(14.788420231056,11.894323889886));
#761 = CARTESIAN_POINT('',(14.886356104264,11.892445324098));
#762 = CARTESIAN_POINT('',(14.984308687263,11.89054047799));
#763 = CARTESIAN_POINT('',(15.082272882217,11.888637148376));
#764 = CARTESIAN_POINT('',(15.1802436241,11.886763081477));
#765 = CARTESIAN_POINT('',(15.412243000138,11.882460148522));
#766 = CARTESIAN_POINT('',(15.546272666954,11.880080990674));
#767 = CARTESIAN_POINT('',(15.680292104843,11.877879571007));
#768 = CARTESIAN_POINT('',(15.81428815797,11.875927039413));
#769 = CARTESIAN_POINT('',(15.94824726307,11.874294772171));
#770 = CARTESIAN_POINT('',(16.082155421551,11.873054520065));
#771 = CARTESIAN_POINT('',(16.215998171594,11.872278556508));
#772 = CARTESIAN_POINT('',(16.349760560258,11.872039825668));
#773 = ( GEOMETRIC_REPRESENTATION_CONTEXT(2) 
PARAMETRIC_REPRESENTATION_CONTEXT() REPRESENTATION_CONTEXT('2D SPACE',''
  ) );
#774 = PCURVE('',#359,#775);
#775 = DEFINITIONAL_REPRESENTATION('',(#776),#933);
#776 = B_SPLINE_CURVE_WITH_KNOTS('',8,(#777,#778,#779,#780,#781,#782,
    #783,#784,#785,#786,#787,#788,#789,#790,#791,#792,#793,#794,#795,
    #796,#797,#798,#799,#800,#801,#802,#803,#804,#805,#806,#807,#808,
    #809,#810,#811,#812,#813,#814,#815,#816,#817,#818,#819,#820,#821,
    #822,#823,#824,#825,#826,#827,#828,#829,#830,#831,#832,#833,#834,
    #835,#836,#837,#838,#839,#840,#841,#842,#843,#844,#845,#846,#847,
    #848,#849,#850,#851,#852,#853,#854,#855,#856,#857,#858,#859,#860,
    #861,#862,#863,#864,#865,#866,#867,#868,#869,#870,#871,#872,#873,
    #874,#875,#876,#877,#878,#879,#880,#881,#882,#883,#884,#885,#886,
    #887,#888,#889,#890,#891,#892,#893,#894,#895,#896,#897,#898,#899,
    #900,#901,#902,#903,#904,#905,#906,#907,#908,#909,#910,#911,#912,
    #913,#914,#915,#916,#917,#918,#919,#920,#921,#922,#923,#924,#925,
    #926,#927,#928,#929,#930,#931,#932),.UNSPECIFIED.,.F.,.F.,(9,7,7,7,7
    ,7,7,7,7,7,7,7,7,7,7,7,7,7,7,7,7,7,9),(0.,0.192520487226,
    0.221682525564,0.278045429494,0.328411865078,0.353494458183,
    0.365052780944,0.378537431331,0.448225174808,0.483948056672,
    0.520580059358,0.56828134874,0.598421390252,0.611412589456,
    0.653400812866,0.703495165685,0.727434310085,0.801269336983,
    0.857001119899,0.870477054675,0.912933339491,0.949701184948,1.),
  .UNSPECIFIED.);
#777 = CARTESIAN_POINT('',(21.148670125641,0.3));
#778 = CARTESIAN_POINT('',(20.637713962159,0.3));
#779 = CARTESIAN_POINT('',(20.126657347911,0.3));
#780 = CARTESIAN_POINT('',(19.61561567212,0.3));
#781 = CARTESIAN_POINT('',(19.104707329788,0.3));
#782 = CARTESIAN_POINT('',(18.594048952372,0.3));
#783 = CARTESIAN_POINT('',(18.083756316576,0.3));
#784 = CARTESIAN_POINT('',(17.573945690757,0.3));
#785 = CARTESIAN_POINT('',(16.987596995528,0.3));
#786 = CARTESIAN_POINT('',(16.910477396855,0.3));
#787 = CARTESIAN_POINT('',(16.833369493021,0.3));
#788 = CARTESIAN_POINT('',(16.756271203588,0.3));
#789 = CARTESIAN_POINT('',(16.679180457083,0.3));
#790 = CARTESIAN_POINT('',(16.602095190998,0.3));
#791 = CARTESIAN_POINT('',(16.525013351791,0.3));
#792 = CARTESIAN_POINT('',(16.298955709632,0.3));
#793 = CARTESIAN_POINT('',(16.149983861591,0.3));
#794 = CARTESIAN_POINT('',(16.001002447797,0.3));
#795 = CARTESIAN_POINT('',(15.851996957731,0.3));
#796 = CARTESIAN_POINT('',(15.702953273323,0.3));
#797 = CARTESIAN_POINT('',(15.553857668945,0.3));
#798 = CARTESIAN_POINT('',(15.404696811417,0.3));
#799 = CARTESIAN_POINT('',(15.12209630157,0.3));
#800 = CARTESIAN_POINT('',(14.988672631578,0.3));
#801 = CARTESIAN_POINT('',(14.855177510803,0.3));
#802 = CARTESIAN_POINT('',(14.721602205015,0.3));
#803 = CARTESIAN_POINT('',(14.587938484975,0.3));
#804 = CARTESIAN_POINT('',(14.454178626435,0.3));
#805 = CARTESIAN_POINT('',(14.320315410143,0.3));
#806 = CARTESIAN_POINT('',(14.119623136494,0.3));
#807 = CARTESIAN_POINT('',(14.052876884304,0.3));
#808 = CARTESIAN_POINT('',(13.986102549786,0.3));
#809 = CARTESIAN_POINT('',(13.91929936321,0.3));
#810 = CARTESIAN_POINT('',(13.852466600587,0.3));
#811 = CARTESIAN_POINT('',(13.785603583675,0.3));
#812 = CARTESIAN_POINT('',(13.718709679981,0.3));
#813 = CARTESIAN_POINT('',(13.620944384897,0.3));
#814 = CARTESIAN_POINT('',(13.590104471401,0.3));
#815 = CARTESIAN_POINT('',(13.559264596063,0.3));
#816 = CARTESIAN_POINT('',(13.528424768892,0.3));
#817 = CARTESIAN_POINT('',(13.497584976105,0.3));
#818 = CARTESIAN_POINT('',(13.466745180127,0.3));
#819 = CARTESIAN_POINT('',(13.435905319588,0.3));
#820 = CARTESIAN_POINT('',(13.369085456122,0.3));
#821 = CARTESIAN_POINT('',(13.333105602914,0.3));
#822 = CARTESIAN_POINT('',(13.297125749707,0.3));
#823 = CARTESIAN_POINT('',(13.261145896499,0.3));
#824 = CARTESIAN_POINT('',(13.225166043291,0.3));
#825 = CARTESIAN_POINT('',(13.189186190084,0.3));
#826 = CARTESIAN_POINT('',(13.153206336876,0.3));
#827 = CARTESIAN_POINT('',(12.931285082992,0.3));
#828 = CARTESIAN_POINT('',(12.745295374961,0.3));
#829 = CARTESIAN_POINT('',(12.559376048993,0.3));
#830 = CARTESIAN_POINT('',(12.373675096031,0.3));
#831 = CARTESIAN_POINT('',(12.188367801681,0.3));
#832 = CARTESIAN_POINT('',(12.003654186532,0.3));
#833 = CARTESIAN_POINT('',(11.819755893632,0.3));
#834 = CARTESIAN_POINT('',(11.543184533124,0.3));
#835 = CARTESIAN_POINT('',(11.449734209494,0.3));
#836 = CARTESIAN_POINT('',(11.356594750225,0.3));
#837 = CARTESIAN_POINT('',(11.263799938054,0.3));
#838 = CARTESIAN_POINT('',(11.171384002286,0.3));
#839 = CARTESIAN_POINT('',(11.079381480595,0.3));
#840 = CARTESIAN_POINT('',(10.987827080838,0.3));
#841 = CARTESIAN_POINT('',(10.803366301852,0.3));
#842 = CARTESIAN_POINT('',(10.71049760114,0.3));
#843 = CARTESIAN_POINT('',(10.617998720677,0.3));
#844 = CARTESIAN_POINT('',(10.525733680088,0.3));
#845 = CARTESIAN_POINT('',(10.433577707909,0.3));
#846 = CARTESIAN_POINT('',(10.341413285386,0.3));
#847 = CARTESIAN_POINT('',(10.249125764842,0.3));
#848 = CARTESIAN_POINT('',(10.036111924494,0.3));
#849 = CARTESIAN_POINT('',(9.915268059362,0.3));
#850 = CARTESIAN_POINT('',(9.793769416808,0.3));
#851 = CARTESIAN_POINT('',(9.671380118179,0.3));
#852 = CARTESIAN_POINT('',(9.547912771697,0.3));
#853 = CARTESIAN_POINT('',(9.423218989049,0.3));
#854 = CARTESIAN_POINT('',(9.297183603408,0.3));
#855 = CARTESIAN_POINT('',(9.089186395468,0.3));
#856 = CARTESIAN_POINT('',(9.008103348293,0.3));
#857 = CARTESIAN_POINT('',(8.926468383257,0.3));
#858 = CARTESIAN_POINT('',(8.844303803301,0.3));
#859 = CARTESIAN_POINT('',(8.761659469829,0.3));
#860 = CARTESIAN_POINT('',(8.678614469624,0.3));
#861 = CARTESIAN_POINT('',(8.595280257273,0.3));
#862 = CARTESIAN_POINT('',(8.47582522485,0.3));
#863 = CARTESIAN_POINT('',(8.439845453328,0.3));
#864 = CARTESIAN_POINT('',(8.403865749502,0.3));
#865 = CARTESIAN_POINT('',(8.367885983162,0.3));
#866 = CARTESIAN_POINT('',(8.331906102929,0.3));
#867 = CARTESIAN_POINT('',(8.295926136246,0.3));
#868 = CARTESIAN_POINT('',(8.259946189384,0.3));
#869 = CARTESIAN_POINT('',(8.107678072579,0.3));
#870 = CARTESIAN_POINT('',(7.992039133218,0.3));
#871 = CARTESIAN_POINT('',(7.877303938292,0.3));
#872 = CARTESIAN_POINT('',(7.763620600786,0.3));
#873 = CARTESIAN_POINT('',(7.651046064818,0.3));
#874 = CARTESIAN_POINT('',(7.539555325414,0.3));
#875 = CARTESIAN_POINT('',(7.42904484094,0.3));
#876 = CARTESIAN_POINT('',(7.188434220724,0.3));
#877 = CARTESIAN_POINT('',(7.058766173097,0.3));
#878 = CARTESIAN_POINT('',(6.930045618077,0.3));
#879 = CARTESIAN_POINT('',(6.80200967645,0.3));
#880 = CARTESIAN_POINT('',(6.674399807416,0.3));
#881 = CARTESIAN_POINT('',(6.5469488054,0.3));
#882 = CARTESIAN_POINT('',(6.419367953319,0.3));
#883 = CARTESIAN_POINT('',(6.230149484712,0.3));
#884 = CARTESIAN_POINT('',(6.168871689172,0.3));
#885 = CARTESIAN_POINT('',(6.107442575172,0.3));
#886 = CARTESIAN_POINT('',(6.045951704413,0.3));
#887 = CARTESIAN_POINT('',(5.984120704764,0.3));
#888 = CARTESIAN_POINT('',(5.922219504649,0.3));
#889 = CARTESIAN_POINT('',(5.8601283198,0.3));
#890 = CARTESIAN_POINT('',(5.605955504813,0.3));
#891 = CARTESIAN_POINT('',(5.412605008416,0.3));
#892 = CARTESIAN_POINT('',(5.218091339525,0.3));
#893 = CARTESIAN_POINT('',(5.022644827761,0.3));
#894 = CARTESIAN_POINT('',(4.826475332772,0.3));
#895 = CARTESIAN_POINT('',(4.629768387475,0.3));
#896 = CARTESIAN_POINT('',(4.432681800873,0.3));
#897 = CARTESIAN_POINT('',(4.086388230213,0.3));
#898 = CARTESIAN_POINT('',(3.937297208348,0.3));
#899 = CARTESIAN_POINT('',(3.788123772198,0.3));
#900 = CARTESIAN_POINT('',(3.638921664972,0.3));
#901 = CARTESIAN_POINT('',(3.489743885932,0.3));
#902 = CARTESIAN_POINT('',(3.340642320594,0.3));
#903 = CARTESIAN_POINT('',(3.191667370927,0.3));
#904 = CARTESIAN_POINT('',(3.00688782504,0.3));
#905 = CARTESIAN_POINT('',(2.970907955067,0.3));
#906 = CARTESIAN_POINT('',(2.934928044112,0.3));
#907 = CARTESIAN_POINT('',(2.898948139061,0.3));
#908 = CARTESIAN_POINT('',(2.862968265208,0.3));
#909 = CARTESIAN_POINT('',(2.826988426254,0.3));
#910 = CARTESIAN_POINT('',(2.79100860431,0.3));
#911 = CARTESIAN_POINT('',(2.641673319424,0.3));
#912 = CARTESIAN_POINT('',(2.52841275662,0.3));
#913 = CARTESIAN_POINT('',(2.415239266342,0.3));
#914 = CARTESIAN_POINT('',(2.302144868132,0.3));
#915 = CARTESIAN_POINT('',(2.189121406214,0.3));
#916 = CARTESIAN_POINT('',(2.076160549493,0.3));
#917 = CARTESIAN_POINT('',(1.963253791557,0.3));
#918 = CARTESIAN_POINT('',(1.752652661202,0.3));
#919 = CARTESIAN_POINT('',(1.654947026826,0.3));
#920 = CARTESIAN_POINT('',(1.557269932506,0.3));
#921 = CARTESIAN_POINT('',(1.459615757529,0.3));
#922 = CARTESIAN_POINT('',(1.361978875506,0.3));
#923 = CARTESIAN_POINT('',(1.264353654376,0.3));
#924 = CARTESIAN_POINT('',(1.166734456401,0.3));
#925 = CARTESIAN_POINT('',(0.935572026274,0.3));
#926 = CARTESIAN_POINT('',(0.802029385729,0.3));
#927 = CARTESIAN_POINT('',(0.668473096741,0.3));
#928 = CARTESIAN_POINT('',(0.534888917385,0.3));
#929 = CARTESIAN_POINT('',(0.401262953546,0.3));
#930 = CARTESIAN_POINT('',(0.267581628865,0.3));
#931 = CARTESIAN_POINT('',(0.133831654686,0.3));
#932 = CARTESIAN_POINT('',(0.,0.3));
#933 = ( GEOMETRIC_REPRESENTATION_CONTEXT(2) 
PARAMETRIC_REPRESENTATION_CONTEXT() REPRESENTATION_CONTEXT('2D SPACE',''
  ) );
#934 = ORIENTED_EDGE('',*,*,#935,.F.);
#935 = EDGE_CURVE('',#936,#454,#938,.T.);
#936 = VERTEX_POINT('',#937);
#937 = CARTESIAN_POINT('',(-9.428203230276,12.927361191462,4.));
#938 = SURFACE_CURVE('',#939,(#943,#950),.PCURVE_S1.);
#939 = LINE('',#940,#941);
#940 = CARTESIAN_POINT('',(-9.428203230276,-2.05,4.));
#941 = VECTOR('',#942,1.);
#942 = DIRECTION('',(5.132655765613E-18,1.,1.915533209503E-17));
#943 = PCURVE('',#292,#944);
#944 = DEFINITIONAL_REPRESENTATION('',(#945),#949);
#945 = LINE('',#946,#947);
#946 = CARTESIAN_POINT('',(17.931634725379,-3.195148834654));
#947 = VECTOR('',#948,1.);
#948 = DIRECTION('',(-0.104414136312,0.994533904972));
#949 = ( GEOMETRIC_REPRESENTATION_CONTEXT(2) 
PARAMETRIC_REPRESENTATION_CONTEXT() REPRESENTATION_CONTEXT('2D SPACE',''
  ) );
#950 = PCURVE('',#951,#956);
#951 = PLANE('',#952);
#952 = AXIS2_PLACEMENT_3D('',#953,#954,#955);
#953 = CARTESIAN_POINT('',(5.576951545867,-7.1,60.));
#954 = DIRECTION('',(0.965925826289,0.,-0.258819045103));
#955 = DIRECTION('',(0.,1.,0.));
#956 = DEFINITIONAL_REPRESENTATION('',(#957),#961);
#957 = LINE('',#958,#959);
#958 = CARTESIAN_POINT('',(5.05,-57.97546610296));
#959 = VECTOR('',#960,1.);
#960 = DIRECTION('',(1.,1.983105904583E-17));
#961 = ( GEOMETRIC_REPRESENTATION_CONTEXT(2) 
PARAMETRIC_REPRESENTATION_CONTEXT() REPRESENTATION_CONTEXT('2D SPACE',''
  ) );
#962 = ORIENTED_EDGE('',*,*,#963,.T.);
#963 = EDGE_CURVE('',#936,#964,#966,.T.);
#964 = VERTEX_POINT('',#965);
#965 = CARTESIAN_POINT('',(15.521256102223,3.125,4.));
#966 = SURFACE_CURVE('',#967,(#990,#1016),.PCURVE_S1.);
#967 = B_SPLINE_CURVE_WITH_KNOTS('',6,(#968,#969,#970,#971,#972,#973,
    #974,#975,#976,#977,#978,#979,#980,#981,#982,#983,#984,#985,#986,
    #987,#988,#989),.UNSPECIFIED.,.F.,.F.,(7,5,5,5,7),(0.,0.250000000059
    ,0.499999999963,0.750000000934,1.),.UNSPECIFIED.);
#968 = CARTESIAN_POINT('',(-9.4282091881,12.927354889969,4.));
#969 = CARTESIAN_POINT('',(-8.442082269091,13.970365714846,4.));
#970 = CARTESIAN_POINT('',(-7.331325832426,14.896145758883,4.));
#971 = CARTESIAN_POINT('',(-6.114002926091,15.685324910508,4.));
#972 = CARTESIAN_POINT('',(-4.811245815613,16.323684293436,4.));
#973 = CARTESIAN_POINT('',(-3.446115042424,16.800409080713,4.));
#974 = CARTESIAN_POINT('',(-0.642907754705,17.419521689644,4.));
#975 = CARTESIAN_POINT('',(0.796022580413,17.562098085213,4.));
#976 = CARTESIAN_POINT('',(2.246457380633,17.531804994697,4.));
#977 = CARTESIAN_POINT('',(3.682926278655,17.328738780706,4.));
#978 = CARTESIAN_POINT('',(5.080274118919,16.956895328841,4.));
#979 = CARTESIAN_POINT('',(7.74764569557,15.895575196114,4.));
#980 = CARTESIAN_POINT('',(9.018481878152,15.205775249524,4.));
#981 = CARTESIAN_POINT('',(10.20179277753,14.366457597349,4.));
#982 = CARTESIAN_POINT('',(11.276554311787,13.392000594173,4.));
#983 = CARTESIAN_POINT('',(12.224192404994,12.299832744874,4.));
#984 = CARTESIAN_POINT('',(13.835787026685,9.924115109578,4.));
#985 = CARTESIAN_POINT('',(14.500234433414,8.639841701483,4.));
#986 = CARTESIAN_POINT('',(15.008313161194,7.280969076162,4.));
#987 = CARTESIAN_POINT('',(15.350696290734,5.87119868907,4.));
#988 = CARTESIAN_POINT('',(15.521796769725,4.435380741387,4.));
#989 = CARTESIAN_POINT('',(15.521796769724,3.,4.));
#990 = PCURVE('',#292,#991);
#991 = DEFINITIONAL_REPRESENTATION('',(#992),#1015);
#992 = B_SPLINE_CURVE_WITH_KNOTS('',6,(#993,#994,#995,#996,#997,#998,
    #999,#1000,#1001,#1002,#1003,#1004,#1005,#1006,#1007,#1008,#1009,
    #1010,#1011,#1012,#1013,#1014),.UNSPECIFIED.,.F.,.F.,(7,5,5,5,7),(0.
    ,0.250000000059,0.499999999963,0.750000000934,1.),.UNSPECIFIED.);
#993 = CARTESIAN_POINT('',(16.367781225051,11.700337788133));
#994 = CARTESIAN_POINT('',(17.239612806168,12.840613007268));
#995 = CARTESIAN_POINT('',(18.247633218885,13.877311323596));
#996 = CARTESIAN_POINT('',(19.375900663021,14.789282466861));
#997 = CARTESIAN_POINT('',(20.604883035709,15.560178775254));
#998 = CARTESIAN_POINT('',(21.912775067444,16.176836690177));
#999 = CARTESIAN_POINT('',(24.636015649404,17.085259638603));
#1000 = CARTESIAN_POINT('',(26.052193663369,17.3773013662));
#1001 = CARTESIAN_POINT('',(27.497863276021,17.498619757537));
#1002 = CARTESIAN_POINT('',(28.947683281889,17.446651182094));
#1003 = CARTESIAN_POINT('',(30.376218798941,17.22274312974));
#1004 = CARTESIAN_POINT('',(33.139827094087,16.445735573112));
#1005 = CARTESIAN_POINT('',(34.47574163098,15.892399400979));
#1006 = CARTESIAN_POINT('',(35.740221068277,15.181223924396));
#1007 = CARTESIAN_POINT('',(36.910854940215,14.324313693141));
#1008 = CARTESIAN_POINT('',(37.967350916244,13.337062550131));
#1009 = CARTESIAN_POINT('',(39.818194913595,11.142604073698));
#1010 = CARTESIAN_POINT('',(40.613106686352,9.934728328192));
#1011 = CARTESIAN_POINT('',(41.260293719054,8.636334031312));
#1012 = CARTESIAN_POINT('',(41.748005307238,7.270019221883));
#1013 = CARTESIAN_POINT('',(42.06809022566,5.859914900281));
#1014 = CARTESIAN_POINT('',(42.217964266049,4.432380086429));
#1015 = ( GEOMETRIC_REPRESENTATION_CONTEXT(2) 
PARAMETRIC_REPRESENTATION_CONTEXT() REPRESENTATION_CONTEXT('2D SPACE',''
  ) );
#1016 = PCURVE('',#1017,#1048);
#1017 = B_SPLINE_SURFACE_WITH_KNOTS('',14,1,(
    (#1018,#1019)
    ,(#1020,#1021)
    ,(#1022,#1023)
    ,(#1024,#1025)
    ,(#1026,#1027)
    ,(#1028,#1029)
    ,(#1030,#1031)
    ,(#1032,#1033)
    ,(#1034,#1035)
    ,(#1036,#1037)
    ,(#1038,#1039)
    ,(#1040,#1041)
    ,(#1042,#1043)
    ,(#1044,#1045)
    ,(#1046,#1047
    )),.UNSPECIFIED.,.T.,.F.,.F.,(15,15),(2,2),(0.,6.28318530718),(0.,1.
    ),.PIECEWISE_BEZIER_KNOTS.);
#1018 = CARTESIAN_POINT('',(9.091016151378,3.,-20.));
#1019 = CARTESIAN_POINT('',(30.526951545867,3.,60.));
#1020 = CARTESIAN_POINT('',(9.091016151381,9.485144834915,-20.));
#1021 = CARTESIAN_POINT('',(30.526951545871,9.485144834915,
    60.000000000007));
#1022 = CARTESIAN_POINT('',(5.956603632033,15.970292063633,-20.));
#1023 = CARTESIAN_POINT('',(27.392539026523,15.970292063633,
    59.999999999972));
#1024 = CARTESIAN_POINT('',(-0.312225413641,20.81423955799,
    -19.99999999998));
#1025 = CARTESIAN_POINT('',(21.123709980843,20.81423955799,
    60.000000000059));
#1026 = CARTESIAN_POINT('',(-8.778007231628,22.375970259668,
    -20.00000000004));
#1027 = CARTESIAN_POINT('',(12.657928162887,22.375970259668,
    59.999999999926));
#1028 = CARTESIAN_POINT('',(-17.56599214139,19.602715641629,
    -19.99999999991));
#1029 = CARTESIAN_POINT('',(3.869943253026,19.602715641629,
    60.00000000004));
#1030 = CARTESIAN_POINT('',(-24.27463643765,12.622041794024,
    -20.00000000014));
#1031 = CARTESIAN_POINT('',(-2.838701043053,12.622041794024,
    60.000000000049));
#1032 = CARTESIAN_POINT('',(-26.80030714814,3.000000000246,
    -19.99999999983));
#1033 = CARTESIAN_POINT('',(-5.36437175381,3.000000000246,
    59.999999999848));
#1034 = CARTESIAN_POINT('',(-24.27463643766,-6.622041794475,
    -20.00000000016));
#1035 = CARTESIAN_POINT('',(-2.838701043014,-6.622041794475,
    60.000000000211));
#1036 = CARTESIAN_POINT('',(-17.56599214138,-13.60271564128,
    -19.99999999987));
#1037 = CARTESIAN_POINT('',(3.869943252968,-13.60271564128,59.9999999998
    ));
#1038 = CARTESIAN_POINT('',(-8.778007231637,-16.37597025988,
    -20.00000000007));
#1039 = CARTESIAN_POINT('',(12.65792816294,-16.37597025988,
    60.000000000142));
#1040 = CARTESIAN_POINT('',(-0.312225413635,-14.81423955788,
    -19.99999999996));
#1041 = CARTESIAN_POINT('',(21.12370998081,-14.81423955788,
    59.999999999925));
#1042 = CARTESIAN_POINT('',(5.956603632031,-9.970292063671,
    -20.00000000001));
#1043 = CARTESIAN_POINT('',(27.392539026537,-9.970292063671,
    60.000000000028));
#1044 = CARTESIAN_POINT('',(9.091016151381,-3.485144834907,
    -19.99999999999));
#1045 = CARTESIAN_POINT('',(30.526951545867,-3.485144834907,
    59.999999999994));
#1046 = CARTESIAN_POINT('',(9.091016151378,3.,-20.));
#1047 = CARTESIAN_POINT('',(30.526951545867,3.,60.));
#1048 = DEFINITIONAL_REPRESENTATION('',(#1049),#1072);
#1049 = B_SPLINE_CURVE_WITH_KNOTS('',6,(#1050,#1051,#1052,#1053,#1054,
    #1055,#1056,#1057,#1058,#1059,#1060,#1061,#1062,#1063,#1064,#1065,
    #1066,#1067,#1068,#1069,#1070,#1071),.UNSPECIFIED.,.F.,.F.,(7,5,5,5,
    7),(0.,0.250000000059,0.499999999963,0.750000000934,1.),
  .UNSPECIFIED.);
#1050 = CARTESIAN_POINT('',(2.384220682128,0.3));
#1051 = CARTESIAN_POINT('',(2.284886375032,0.3));
#1052 = CARTESIAN_POINT('',(2.185522441291,0.3));
#1053 = CARTESIAN_POINT('',(2.086193097632,0.3));
#1054 = CARTESIAN_POINT('',(1.986863753713,0.3));
#1055 = CARTESIAN_POINT('',(1.887499819376,0.3));
#1056 = CARTESIAN_POINT('',(1.688831203878,0.3));
#1057 = CARTESIAN_POINT('',(1.589467270003,0.3));
#1058 = CARTESIAN_POINT('',(1.490137926423,0.3));
#1059 = CARTESIAN_POINT('',(1.390808582782,0.3));
#1060 = CARTESIAN_POINT('',(1.291444648797,0.3));
#1061 = CARTESIAN_POINT('',(1.092776032908,0.3));
#1062 = CARTESIAN_POINT('',(0.993412098301,0.3));
#1063 = CARTESIAN_POINT('',(0.894082754497,0.3));
#1064 = CARTESIAN_POINT('',(0.794753411511,0.3));
#1065 = CARTESIAN_POINT('',(0.69538947813,0.3));
#1066 = CARTESIAN_POINT('',(0.496720863691,0.3));
#1067 = CARTESIAN_POINT('',(0.39735692862,0.3));
#1068 = CARTESIAN_POINT('',(0.298027584138,0.3));
#1069 = CARTESIAN_POINT('',(0.198698233179,0.3));
#1070 = CARTESIAN_POINT('',(9.933430736234E-02,0.3));
#1071 = CARTESIAN_POINT('',(0.,0.3));
#1072 = ( GEOMETRIC_REPRESENTATION_CONTEXT(2) 
PARAMETRIC_REPRESENTATION_CONTEXT() REPRESENTATION_CONTEXT('2D SPACE',''
  ) );
#1073 = ORIENTED_EDGE('',*,*,#1074,.F.);
#1074 = EDGE_CURVE('',#219,#964,#1075,.T.);
#1075 = SURFACE_CURVE('',#1076,(#1080,#1087),.PCURVE_S1.);
#1076 = LINE('',#1077,#1078);
#1077 = CARTESIAN_POINT('',(-63.46410161513,3.125,4.));
#1078 = VECTOR('',#1079,1.);
#1079 = DIRECTION('',(-1.,0.,-2.011080212013E-18));
#1080 = PCURVE('',#292,#1081);
#1081 = DEFINITIONAL_REPRESENTATION('',(#1082),#1086);
#1082 = LINE('',#1083,#1084);
#1083 = CARTESIAN_POINT('',(-36.34924145938,-3.690547536103));
#1084 = VECTOR('',#1085,1.);
#1085 = DIRECTION('',(-0.994533904972,-0.104414136312));
#1086 = ( GEOMETRIC_REPRESENTATION_CONTEXT(2) 
PARAMETRIC_REPRESENTATION_CONTEXT() REPRESENTATION_CONTEXT('2D SPACE',''
  ) );
#1087 = PCURVE('',#238,#1088);
#1088 = DEFINITIONAL_REPRESENTATION('',(#1089),#1093);
#1089 = LINE('',#1090,#1091);
#1090 = CARTESIAN_POINT('',(104.,36.535898384862));
#1091 = VECTOR('',#1092,1.);
#1092 = DIRECTION('',(-2.011080212013E-18,-1.));
#1093 = ( GEOMETRIC_REPRESENTATION_CONTEXT(2) 
PARAMETRIC_REPRESENTATION_CONTEXT() REPRESENTATION_CONTEXT('2D SPACE',''
  ) );
#1094 = FACE_BOUND('',#1095,.T.);
#1095 = EDGE_LOOP('',(#1096));
#1096 = ORIENTED_EDGE('',*,*,#1097,.T.);
#1097 = EDGE_CURVE('',#1098,#1098,#1100,.T.);
#1098 = VERTEX_POINT('',#1099);
#1099 = CARTESIAN_POINT('',(-7.928203230276,17.375,4.));
#1100 = SURFACE_CURVE('',#1101,(#1106,#1117),.PCURVE_S1.);
#1101 = CIRCLE('',#1102,1.5);
#1102 = AXIS2_PLACEMENT_3D('',#1103,#1104,#1105);
#1103 = CARTESIAN_POINT('',(-9.428203230276,17.375,4.));
#1104 = DIRECTION('',(0.,0.,-1.));
#1105 = DIRECTION('',(1.,0.,0.));
#1106 = PCURVE('',#292,#1107);
#1107 = DEFINITIONAL_REPRESENTATION('',(#1108),#1116);
#1108 = ( BOUNDED_CURVE() B_SPLINE_CURVE(2,(#1109,#1110,#1111,#1112,
#1113,#1114,#1115),.UNSPECIFIED.,.T.,.F.) B_SPLINE_CURVE_WITH_KNOTS((1,2
    ,2,2,2,1),(-2.094395102393,0.,2.094395102393,4.188790204786,
6.28318530718,8.377580409573),.UNSPECIFIED.) CURVE() 
GEOMETRIC_REPRESENTATION_ITEM() RATIONAL_B_SPLINE_CURVE((1.,0.5,1.,0.5,
1.,0.5,1.)) REPRESENTATION_ITEM('') );
#1109 = CARTESIAN_POINT('',(17.395190984983,16.280293473889));
#1110 = CARTESIAN_POINT('',(17.666466868663,13.696418593998));
#1111 = CARTESIAN_POINT('',(15.293127640637,14.753424227243));
#1112 = CARTESIAN_POINT('',(12.91978841261,15.810429860487));
#1113 = CARTESIAN_POINT('',(15.021851756957,17.337299107134));
#1114 = CARTESIAN_POINT('',(17.123915101303,18.864168353781));
#1115 = CARTESIAN_POINT('',(17.395190984983,16.280293473889));
#1116 = ( GEOMETRIC_REPRESENTATION_CONTEXT(2) 
PARAMETRIC_REPRESENTATION_CONTEXT() REPRESENTATION_CONTEXT('2D SPACE',''
  ) );
#1117 = PCURVE('',#1118,#1123);
#1118 = CYLINDRICAL_SURFACE('',#1119,1.5);
#1119 = AXIS2_PLACEMENT_3D('',#1120,#1121,#1122);
#1120 = CARTESIAN_POINT('',(-9.428203230276,17.375,3.4));
#1121 = DIRECTION('',(-0.,-0.,-1.));
#1122 = DIRECTION('',(1.,0.,0.));
#1123 = DEFINITIONAL_REPRESENTATION('',(#1124),#1128);
#1124 = LINE('',#1125,#1126);
#1125 = CARTESIAN_POINT('',(-6.28318530718,-0.6));
#1126 = VECTOR('',#1127,1.);
#1127 = DIRECTION('',(1.,-0.));
#1128 = ( GEOMETRIC_REPRESENTATION_CONTEXT(2) 
PARAMETRIC_REPRESENTATION_CONTEXT() REPRESENTATION_CONTEXT('2D SPACE',''
  ) );
#1129 = ADVANCED_FACE('',(#1130),#238,.F.);
#1130 = FACE_BOUND('',#1131,.F.);
#1131 = EDGE_LOOP('',(#1132,#1133,#1156,#1189));
#1132 = ORIENTED_EDGE('',*,*,#218,.F.);
#1133 = ORIENTED_EDGE('',*,*,#1134,.T.);
#1134 = EDGE_CURVE('',#139,#1135,#1137,.T.);
#1135 = VERTEX_POINT('',#1136);
#1136 = CARTESIAN_POINT('',(14.449459332498,3.125,0.));
#1137 = SURFACE_CURVE('',#1138,(#1142,#1149),.PCURVE_S1.);
#1138 = LINE('',#1139,#1140);
#1139 = CARTESIAN_POINT('',(-64.,3.125,0.));
#1140 = VECTOR('',#1141,1.);
#1141 = DIRECTION('',(-1.,0.,-0.));
#1142 = PCURVE('',#238,#1143);
#1143 = DEFINITIONAL_REPRESENTATION('',(#1144),#1148);
#1144 = LINE('',#1145,#1146);
#1145 = CARTESIAN_POINT('',(100.,36.));
#1146 = VECTOR('',#1147,1.);
#1147 = DIRECTION('',(0.,-1.));
#1148 = ( GEOMETRIC_REPRESENTATION_CONTEXT(2) 
PARAMETRIC_REPRESENTATION_CONTEXT() REPRESENTATION_CONTEXT('2D SPACE',''
  ) );
#1149 = PCURVE('',#180,#1150);
#1150 = DEFINITIONAL_REPRESENTATION('',(#1151),#1155);
#1151 = LINE('',#1152,#1153);
#1152 = CARTESIAN_POINT('',(-35.81627234602,-3.634592169097));
#1153 = VECTOR('',#1154,1.);
#1154 = DIRECTION('',(-0.994533904972,-0.104414136312));
#1155 = ( GEOMETRIC_REPRESENTATION_CONTEXT(2) 
PARAMETRIC_REPRESENTATION_CONTEXT() REPRESENTATION_CONTEXT('2D SPACE',''
  ) );
#1156 = ORIENTED_EDGE('',*,*,#1157,.T.);
#1157 = EDGE_CURVE('',#1135,#964,#1158,.T.);
#1158 = SURFACE_CURVE('',#1159,(#1167,#1178),.PCURVE_S1.);
#1159 = B_SPLINE_CURVE_WITH_KNOTS('',3,(#1160,#1161,#1162,#1163,#1164,
    #1165,#1166),.UNSPECIFIED.,.F.,.F.,(4,1,1,1,4),(0.,0.3,0.58,0.86,1.)
  ,.UNSPECIFIED.);
#1160 = CARTESIAN_POINT('',(14.449459332498,3.125,0.));
#1161 = CARTESIAN_POINT('',(14.556639009471,3.125,0.4));
#1162 = CARTESIAN_POINT('',(14.763853051617,3.125,1.173333333333));
#1163 = CARTESIAN_POINT('',(15.071101458938,3.125,2.32));
#1164 = CARTESIAN_POINT('',(15.321187371874,3.125,3.253333333333));
#1165 = CARTESIAN_POINT('',(15.471238919636,3.125,3.813333333333));
#1166 = CARTESIAN_POINT('',(15.521256102223,3.125,4.));
#1167 = PCURVE('',#238,#1168);
#1168 = DEFINITIONAL_REPRESENTATION('',(#1169),#1177);
#1169 = B_SPLINE_CURVE_WITH_KNOTS('',3,(#1170,#1171,#1172,#1173,#1174,
    #1175,#1176),.UNSPECIFIED.,.F.,.F.,(4,1,1,1,4),(0.,0.3,0.58,0.86,1.)
  ,.UNSPECIFIED.);
#1170 = CARTESIAN_POINT('',(100.,114.44945933249));
#1171 = CARTESIAN_POINT('',(100.4,114.55663900947));
#1172 = CARTESIAN_POINT('',(101.17333333333,114.76385305161));
#1173 = CARTESIAN_POINT('',(102.32,115.07110145893));
#1174 = CARTESIAN_POINT('',(103.25333333333,115.32118737187));
#1175 = CARTESIAN_POINT('',(103.81333333333,115.47123891963));
#1176 = CARTESIAN_POINT('',(104.,115.52125610222));
#1177 = ( GEOMETRIC_REPRESENTATION_CONTEXT(2) 
PARAMETRIC_REPRESENTATION_CONTEXT() REPRESENTATION_CONTEXT('2D SPACE',''
  ) );
#1178 = PCURVE('',#1017,#1179);
#1179 = DEFINITIONAL_REPRESENTATION('',(#1180),#1188);
#1180 = B_SPLINE_CURVE_WITH_KNOTS('',3,(#1181,#1182,#1183,#1184,#1185,
    #1186,#1187),.UNSPECIFIED.,.F.,.F.,(4,1,1,1,4),(0.,0.3,0.58,0.86,1.)
  ,.UNSPECIFIED.);
#1181 = CARTESIAN_POINT('',(8.650626896472E-03,0.25));
#1182 = CARTESIAN_POINT('',(8.650626896472E-03,0.255));
#1183 = CARTESIAN_POINT('',(8.650626896472E-03,0.264666666667));
#1184 = CARTESIAN_POINT('',(8.650626896472E-03,0.279));
#1185 = CARTESIAN_POINT('',(8.650626896472E-03,0.290666666667));
#1186 = CARTESIAN_POINT('',(8.650626896472E-03,0.297666666667));
#1187 = CARTESIAN_POINT('',(8.650626896472E-03,0.3));
#1188 = ( GEOMETRIC_REPRESENTATION_CONTEXT(2) 
PARAMETRIC_REPRESENTATION_CONTEXT() REPRESENTATION_CONTEXT('2D SPACE',''
  ) );
#1189 = ORIENTED_EDGE('',*,*,#1074,.F.);
#1190 = ADVANCED_FACE('',(#1191,#1779),#180,.F.);
#1191 = FACE_BOUND('',#1192,.F.);
#1192 = EDGE_LOOP('',(#1193,#1194,#1195,#1677,#1700,#1778));
#1193 = ORIENTED_EDGE('',*,*,#138,.F.);
#1194 = ORIENTED_EDGE('',*,*,#405,.F.);
#1195 = ORIENTED_EDGE('',*,*,#1196,.T.);
#1196 = EDGE_CURVE('',#334,#1197,#1199,.T.);
#1197 = VERTEX_POINT('',#1198);
#1198 = CARTESIAN_POINT('',(-10.5,13.1,0.));
#1199 = SURFACE_CURVE('',#1200,(#1357,#1517),.PCURVE_S1.);
#1200 = B_SPLINE_CURVE_WITH_KNOTS('',8,(#1201,#1202,#1203,#1204,#1205,
    #1206,#1207,#1208,#1209,#1210,#1211,#1212,#1213,#1214,#1215,#1216,
    #1217,#1218,#1219,#1220,#1221,#1222,#1223,#1224,#1225,#1226,#1227,
    #1228,#1229,#1230,#1231,#1232,#1233,#1234,#1235,#1236,#1237,#1238,
    #1239,#1240,#1241,#1242,#1243,#1244,#1245,#1246,#1247,#1248,#1249,
    #1250,#1251,#1252,#1253,#1254,#1255,#1256,#1257,#1258,#1259,#1260,
    #1261,#1262,#1263,#1264,#1265,#1266,#1267,#1268,#1269,#1270,#1271,
    #1272,#1273,#1274,#1275,#1276,#1277,#1278,#1279,#1280,#1281,#1282,
    #1283,#1284,#1285,#1286,#1287,#1288,#1289,#1290,#1291,#1292,#1293,
    #1294,#1295,#1296,#1297,#1298,#1299,#1300,#1301,#1302,#1303,#1304,
    #1305,#1306,#1307,#1308,#1309,#1310,#1311,#1312,#1313,#1314,#1315,
    #1316,#1317,#1318,#1319,#1320,#1321,#1322,#1323,#1324,#1325,#1326,
    #1327,#1328,#1329,#1330,#1331,#1332,#1333,#1334,#1335,#1336,#1337,
    #1338,#1339,#1340,#1341,#1342,#1343,#1344,#1345,#1346,#1347,#1348,
    #1349,#1350,#1351,#1352,#1353,#1354,#1355,#1356),.UNSPECIFIED.,.F.,
  .F.,(9,7,7,7,7,7,7,7,7,7,7,7,7,7,7,7,7,7,7,7,7,7,9),(0.,0.192520487223
    ,0.22168252556,0.27804542949,0.328411865073,0.353494458177,
    0.365052780938,0.378537431325,0.448225174801,0.483948056664,
    0.52058005935,0.568281348732,0.598421390243,0.611412589447,
    0.653400812857,0.703495165676,0.727434310077,0.801269336977,
    0.857001119895,0.870477054671,0.912933339488,0.949701184946,1.),
  .UNSPECIFIED.);
#1201 = CARTESIAN_POINT('',(-21.20000427921,2.412589224562,0.));
#1202 = CARTESIAN_POINT('',(-21.19999760274,2.922447441803,0.));
#1203 = CARTESIAN_POINT('',(-21.19999427981,3.432204493321,0.));
#1204 = CARTESIAN_POINT('',(-21.20000814434,3.941976693008,0.));
#1205 = CARTESIAN_POINT('',(-21.20002156183,4.451882905049,0.));
#1206 = CARTESIAN_POINT('',(-21.20003044979,4.962039731016,0.));
#1207 = CARTESIAN_POINT('',(-21.20003574459,5.472562435436,0.));
#1208 = CARTESIAN_POINT('',(-21.20002655578,5.983566310142,0.));
#1209 = CARTESIAN_POINT('',(-21.19999626463,6.572657306647,0.));
#1210 = CARTESIAN_POINT('',(-21.19999231159,6.650165142141,0.));
#1211 = CARTESIAN_POINT('',(-21.19997868999,6.727684617146,0.));
#1212 = CARTESIAN_POINT('',(-21.19994570005,6.805213659703,0.));
#1213 = CARTESIAN_POINT('',(-21.19988364249,6.882750192918,0.));
#1214 = CARTESIAN_POINT('',(-21.19978281851,6.960292134961,0.));
#1215 = CARTESIAN_POINT('',(-21.19963352984,7.037837399068,0.));
#1216 = CARTESIAN_POINT('',(-21.19902512761,7.265261812476,0.));
#1217 = CARTESIAN_POINT('',(-21.19840677559,7.415144094273,0.));
#1218 = CARTESIAN_POINT('',(-21.19750123556,7.565015885287,0.));
#1219 = CARTESIAN_POINT('',(-21.19623835269,7.714861832151,0.));
#1220 = CARTESIAN_POINT('',(-21.19454760438,7.864666081775,0.));
#1221 = CARTESIAN_POINT('',(-21.19235810024,8.014412281347,0.));
#1222 = CARTESIAN_POINT('',(-21.18959858211,8.164083578332,0.));
#1223 = CARTESIAN_POINT('',(-21.18315811636,8.447327897907,0.));
#1224 = CARTESIAN_POINT('',(-21.1796062942,8.580919209735,0.));
#1225 = CARTESIAN_POINT('',(-21.17549076393,8.714424144863,0.));
#1226 = CARTESIAN_POINT('',(-21.17075984986,8.847829601642,0.));
#1227 = CARTESIAN_POINT('',(-21.16536139431,8.981121787865,0.));
#1228 = CARTESIAN_POINT('',(-21.1592427576,9.11428622077,0.));
#1229 = CARTESIAN_POINT('',(-21.15235081802,9.247307727037,0.));
#1230 = CARTESIAN_POINT('',(-21.14078796991,9.446336360616,0.));
#1231 = CARTESIAN_POINT('',(-21.13673888161,9.512462860825,0.));
#1232 = CARTESIAN_POINT('',(-21.13247807832,9.578547966153,0.));
#1233 = CARTESIAN_POINT('',(-21.12799889781,9.644589639652,0.));
#1234 = CARTESIAN_POINT('',(-21.12329464424,9.710585784694,0.));
#1235 = CARTESIAN_POINT('',(-21.11835858817,9.776534244966,0.));
#1236 = CARTESIAN_POINT('',(-21.11318396657,9.842432804476,0.));
#1237 = CARTESIAN_POINT('',(-21.10526639731,9.938621893546,0.));
#1238 = CARTESIAN_POINT('',(-21.10271733696,9.968946908154,0.));
#1239 = CARTESIAN_POINT('',(-21.10011653037,9.999253803814,0.));
#1240 = CARTESIAN_POINT('',(-21.09746297303,10.029542447962,0.));
#1241 = CARTESIAN_POINT('',(-21.09475492734,10.059813003033,0.));
#1242 = CARTESIAN_POINT('',(-21.09198992264,10.090065926461,0.));
#1243 = CARTESIAN_POINT('',(-21.08916475513,10.120301970675,0.));
#1244 = CARTESIAN_POINT('',(-21.08290469117,10.185778942034,0.));
#1245 = CARTESIAN_POINT('',(-21.07944757039,10.221013616589,0.));
#1246 = CARTESIAN_POINT('',(-21.07589967741,10.25622707194,0.));
#1247 = CARTESIAN_POINT('',(-21.072256564,10.291420173256,0.));
#1248 = CARTESIAN_POINT('',(-21.06851378194,10.326593785706,0.));
#1249 = CARTESIAN_POINT('',(-21.06466688299,10.361748774461,0.));
#1250 = CARTESIAN_POINT('',(-21.06071141894,10.39688600469,0.));
#1251 = CARTESIAN_POINT('',(-21.03561733089,10.613505821079,0.));
#1252 = CARTESIAN_POINT('',(-21.01156787928,10.794601285302,0.));
#1253 = CARTESIAN_POINT('',(-20.98389164069,10.975295833932,0.));
#1254 = CARTESIAN_POINT('',(-20.95199755378,11.155565965858,0.));
#1255 = CARTESIAN_POINT('',(-20.91532026903,11.335362325214,0.));
#1256 = CARTESIAN_POINT('',(-20.87333627661,11.514610226515,0.));
#1257 = CARTESIAN_POINT('',(-20.82558233483,11.693209958875,0.));
#1258 = CARTESIAN_POINT('',(-20.74404318367,11.96219335389,0.));
#1259 = CARTESIAN_POINT('',(-20.71479367044,12.05314631482,0.));
#1260 = CARTESIAN_POINT('',(-20.68387637186,12.143878073901,0.));
#1261 = CARTESIAN_POINT('',(-20.65124551065,12.234369867334,0.));
#1262 = CARTESIAN_POINT('',(-20.61686129594,12.324601876244,0.));
#1263 = CARTESIAN_POINT('',(-20.58069039913,12.414553257192,0.));
#1264 = CARTESIAN_POINT('',(-20.54270642974,12.504202172699,0.));
#1265 = CARTESIAN_POINT('',(-20.46206110473,12.685122691384,0.));
#1266 = CARTESIAN_POINT('',(-20.41930542928,12.776381828577,0.));
#1267 = CARTESIAN_POINT('',(-20.3746338867,12.867115940855,0.));
#1268 = CARTESIAN_POINT('',(-20.32804334075,12.957135648038,0.));
#1269 = CARTESIAN_POINT('',(-20.27951873878,13.046246691688,0.));
#1270 = CARTESIAN_POINT('',(-20.22903375183,13.134246161127,0.));
#1271 = CARTESIAN_POINT('',(-20.1765503331,13.220917736069,0.));
#1272 = CARTESIAN_POINT('',(-20.05100548864,13.416851755131,0.));
#1273 = CARTESIAN_POINT('',(-19.97654709059,13.524981651127,0.));
#1274 = CARTESIAN_POINT('',(-19.89850854912,13.629938756025,0.));
#1275 = CARTESIAN_POINT('',(-19.81675098883,13.731128587388,0.));
#1276 = CARTESIAN_POINT('',(-19.73113767568,13.827829137667,0.));
#1277 = CARTESIAN_POINT('',(-19.64154043819,13.91918468405,0.));
#1278 = CARTESIAN_POINT('',(-19.54784494438,14.004203328633,0.));
#1279 = CARTESIAN_POINT('',(-19.38810300617,14.130761328374,0.));
#1280 = CARTESIAN_POINT('',(-19.32459371847,14.176771124025,0.));
#1281 = CARTESIAN_POINT('',(-19.25941631535,14.21949646021,0.));
#1282 = CARTESIAN_POINT('',(-19.19258184304,14.258616258422,0.));
#1283 = CARTESIAN_POINT('',(-19.12412670997,14.293786813172,0.));
#1284 = CARTESIAN_POINT('',(-19.05411766628,14.32465516457,0.));
#1285 = CARTESIAN_POINT('',(-18.98265810319,14.350878587633,0.));
#1286 = CARTESIAN_POINT('',(-18.8785330334,14.381318856274,0.));
#1287 = CARTESIAN_POINT('',(-18.84695075145,14.389552403084,0.));
#1288 = CARTESIAN_POINT('',(-18.81515377704,14.3968731915,0.));
#1289 = CARTESIAN_POINT('',(-18.78314715583,14.403303893778,0.));
#1290 = CARTESIAN_POINT('',(-18.75093602845,14.408867501667,0.));
#1291 = CARTESIAN_POINT('',(-18.71852563053,14.413587326409,0.));
#1292 = CARTESIAN_POINT('',(-18.68592129264,14.41748699874,0.));
#1293 = CARTESIAN_POINT('',(-18.54714025665,14.430621043895,0.));
#1294 = CARTESIAN_POINT('',(-18.43977234063,14.432273391289,0.));
#1295 = CARTESIAN_POINT('',(-18.33147158024,14.426478746835,0.));
#1296 = CARTESIAN_POINT('',(-18.22260205464,14.414234178668,0.));
#1297 = CARTESIAN_POINT('',(-18.11343772972,14.396511096917,0.));
#1298 = CARTESIAN_POINT('',(-18.00415775299,14.374199120954,0.));
#1299 = CARTESIAN_POINT('',(-17.894844348,14.348085304264,0.));
#1300 = CARTESIAN_POINT('',(-17.65500933073,14.284011656654,0.));
#1301 = CARTESIAN_POINT('',(-17.52456236783,14.244763338365,0.));
#1302 = CARTESIAN_POINT('',(-17.39415264101,14.202325171741,0.));
#1303 = CARTESIAN_POINT('',(-17.2637747526,14.157763145504,0.));
#1304 = CARTESIAN_POINT('',(-17.13340547648,14.112052139488,0.));
#1305 = CARTESIAN_POINT('',(-17.00300134376,14.066119660371,0.));
#1306 = CARTESIAN_POINT('',(-16.87249602338,14.020889001052,0.));
#1307 = CARTESIAN_POINT('',(-16.67933914245,13.956501893072,0.));
#1308 = CARTESIAN_POINT('',(-16.61684462174,13.936053050385,0.));
#1309 = CARTESIAN_POINT('',(-16.5543040841,13.916180715868,0.));
#1310 = CARTESIAN_POINT('',(-16.49174141225,13.896607058916,0.));
#1311 = CARTESIAN_POINT('',(-16.42911186492,13.878326202682,0.));
#1312 = CARTESIAN_POINT('',(-16.36645875884,13.860373957872,0.));
#1313 = CARTESIAN_POINT('',(-16.30377173333,13.843217617667,0.));
#1314 = CARTESIAN_POINT('',(-16.04765225774,13.775759645802,0.));
#1315 = CARTESIAN_POINT('',(-15.85400638581,13.731072271208,0.));
#1316 = CARTESIAN_POINT('',(-15.66025104472,13.692130702708,0.));
#1317 = CARTESIAN_POINT('',(-15.46647752549,13.658329116965,0.));
#1318 = CARTESIAN_POINT('',(-15.27274353039,13.628987758376,0.));
#1319 = CARTESIAN_POINT('',(-15.0790736645,13.60337396025,0.));
#1320 = CARTESIAN_POINT('',(-14.88545977454,13.580720597209,0.));
#1321 = CARTESIAN_POINT('',(-14.54572998529,13.544784393698,0.));
#1322 = CARTESIAN_POINT('',(-14.39961470591,13.530566592069,0.));
#1323 = CARTESIAN_POINT('',(-14.25349714586,13.517250122524,0.));
#1324 = CARTESIAN_POINT('',(-14.10735796019,13.504491393306,0.));
#1325 = CARTESIAN_POINT('',(-13.96117676983,13.491944200949,0.));
#1326 = CARTESIAN_POINT('',(-13.81493232161,13.479262268941,0.));
#1327 = CARTESIAN_POINT('',(-13.66860264827,13.466101786389,0.));
#1328 = CARTESIAN_POINT('',(-13.48675668746,13.448744107625,0.));
#1329 = CARTESIAN_POINT('',(-13.45133120354,13.445313434573,0.));
#1330 = CARTESIAN_POINT('',(-13.41588910631,13.441832806086,0.));
#1331 = CARTESIAN_POINT('',(-13.38043074481,13.438303283204,0.));
#1332 = CARTESIAN_POINT('',(-13.34495648749,13.434726109446,0.));
#1333 = CARTESIAN_POINT('',(-13.30946672222,13.431102710806,0.));
#1334 = CARTESIAN_POINT('',(-13.27396185625,13.427434695754,0.));
#1335 = CARTESIAN_POINT('',(-13.12653707696,13.412032755169,0.));
#1336 = CARTESIAN_POINT('',(-13.0145795476,13.399924003314,0.));
#1337 = CARTESIAN_POINT('',(-12.90257455716,13.387443070301,0.));
#1338 = CARTESIAN_POINT('',(-12.79052665292,13.374635052393,0.));
#1339 = CARTESIAN_POINT('',(-12.67844010042,13.361544671482,0.));
#1340 = CARTESIAN_POINT('',(-12.56631888353,13.348216275092,0.));
#1341 = CARTESIAN_POINT('',(-12.45416670438,13.334693836377,0.));
#1342 = CARTESIAN_POINT('',(-12.24483748811,13.309180011755,0.));
#1343 = CARTESIAN_POINT('',(-12.14766745151,13.29722633404,0.));
#1344 = CARTESIAN_POINT('',(-12.05047912327,13.285188259368,0.));
#1345 = CARTESIAN_POINT('',(-11.95327472567,13.273094072384,0.));
#1346 = CARTESIAN_POINT('',(-11.85605645366,13.260972003993,0.));
#1347 = CARTESIAN_POINT('',(-11.75882647483,13.248850231354,0.));
#1348 = CARTESIAN_POINT('',(-11.6615869294,13.236756877885,0.));
#1349 = CARTESIAN_POINT('',(-11.43130497103,13.208253450696,0.));
#1350 = CARTESIAN_POINT('',(-11.29825634082,13.19189270565,0.));
#1351 = CARTESIAN_POINT('',(-11.16519932525,13.175709795296,0.));
#1352 = CARTESIAN_POINT('',(-11.03213957918,13.159776854269,0.));
#1353 = CARTESIAN_POINT('',(-10.89908313905,13.144166284895,0.));
#1354 = CARTESIAN_POINT('',(-10.76603643515,13.128950907412,0.));
#1355 = CARTESIAN_POINT('',(-10.63300630386,13.114204110198,0.));
#1356 = CARTESIAN_POINT('',(-10.5,13.1,0.));
#1357 = PCURVE('',#180,#1358);
#1358 = DEFINITIONAL_REPRESENTATION('',(#1359),#1516);
#1359 = B_SPLINE_CURVE_WITH_KNOTS('',8,(#1360,#1361,#1362,#1363,#1364,
    #1365,#1366,#1367,#1368,#1369,#1370,#1371,#1372,#1373,#1374,#1375,
    #1376,#1377,#1378,#1379,#1380,#1381,#1382,#1383,#1384,#1385,#1386,
    #1387,#1388,#1389,#1390,#1391,#1392,#1393,#1394,#1395,#1396,#1397,
    #1398,#1399,#1400,#1401,#1402,#1403,#1404,#1405,#1406,#1407,#1408,
    #1409,#1410,#1411,#1412,#1413,#1414,#1415,#1416,#1417,#1418,#1419,
    #1420,#1421,#1422,#1423,#1424,#1425,#1426,#1427,#1428,#1429,#1430,
    #1431,#1432,#1433,#1434,#1435,#1436,#1437,#1438,#1439,#1440,#1441,
    #1442,#1443,#1444,#1445,#1446,#1447,#1448,#1449,#1450,#1451,#1452,
    #1453,#1454,#1455,#1456,#1457,#1458,#1459,#1460,#1461,#1462,#1463,
    #1464,#1465,#1466,#1467,#1468,#1469,#1470,#1471,#1472,#1473,#1474,
    #1475,#1476,#1477,#1478,#1479,#1480,#1481,#1482,#1483,#1484,#1485,
    #1486,#1487,#1488,#1489,#1490,#1491,#1492,#1493,#1494,#1495,#1496,
    #1497,#1498,#1499,#1500,#1501,#1502,#1503,#1504,#1505,#1506,#1507,
    #1508,#1509,#1510,#1511,#1512,#1513,#1514,#1515),.UNSPECIFIED.,.F.,
  .F.,(9,7,7,7,7,7,7,7,7,7,7,7,7,7,7,7,7,7,7,7,7,7,9),(0.,0.192520487223
    ,0.22168252556,0.27804542949,0.328411865073,0.353494458177,
    0.365052780938,0.378537431325,0.448225174801,0.483948056664,
    0.52058005935,0.568281348732,0.598421390243,0.611412589447,
    0.653400812857,0.703495165676,0.727434310077,0.801269336977,
    0.857001119895,0.870477054671,0.912933339488,0.949701184946,1.),
  .UNSPECIFIED.);
#1360 = CARTESIAN_POINT('',(6.82416028676,0.12581574779));
#1361 = CARTESIAN_POINT('',(6.77093052134,0.632887728682));
#1362 = CARTESIAN_POINT('',(6.717707983849,1.139858746677));
#1363 = CARTESIAN_POINT('',(6.664466771159,1.646843035424));
#1364 = CARTESIAN_POINT('',(6.611212010279,2.153960650679));
#1365 = CARTESIAN_POINT('',(6.557935586527,2.661327982926));
#1366 = CARTESIAN_POINT('',(6.504624533428,3.169059568879));
#1367 = CARTESIAN_POINT('',(6.451277643777,3.677271207287));
#1368 = CARTESIAN_POINT('',(6.389798341744,4.26314533925));
#1369 = CARTESIAN_POINT('',(6.381709359478,4.340229922303));
#1370 = CARTESIAN_POINT('',(6.373628777591,4.417327090779));
#1371 = CARTESIAN_POINT('',(6.365566459187,4.494435796837));
#1372 = CARTESIAN_POINT('',(6.357532267389,4.57155498768));
#1373 = CARTESIAN_POINT('',(6.349536065342,4.648683605548));
#1374 = CARTESIAN_POINT('',(6.341587716212,4.72582058772));
#1375 = CARTESIAN_POINT('',(6.318446469153,4.952065403465));
#1376 = CARTESIAN_POINT('',(6.303411612199,5.10119297916));
#1377 = CARTESIAN_POINT('',(6.288663468845,5.250340107902));
#1378 = CARTESIAN_POINT('',(6.274273413554,5.399498845404));
#1379 = CARTESIAN_POINT('',(6.260313238736,5.548660788789));
#1380 = CARTESIAN_POINT('',(6.246855154745,5.697817076588));
#1381 = CARTESIAN_POINT('',(6.23397178988,5.846958388743));
#1382 = CARTESIAN_POINT('',(6.210802340442,6.12932694362));
#1383 = CARTESIAN_POINT('',(6.200385926555,6.262558893085));
#1384 = CARTESIAN_POINT('',(6.190539158455,6.39576379709));
#1385 = CARTESIAN_POINT('',(6.18131479735,6.528934021272));
#1386 = CARTESIAN_POINT('',(6.172766155926,6.662061294812));
#1387 = CARTESIAN_POINT('',(6.164947098342,6.795136710439));
#1388 = CARTESIAN_POINT('',(6.157912040237,6.928150724431));
#1389 = CARTESIAN_POINT('',(6.148630281843,7.127298773384));
#1390 = CARTESIAN_POINT('',(6.145752696035,7.193486601917));
#1391 = CARTESIAN_POINT('',(6.14308999017,7.259655367875));
#1392 = CARTESIAN_POINT('',(6.140649002756,7.325803741075));
#1393 = CARTESIAN_POINT('',(6.138436611949,7.39193033549));
#1394 = CARTESIAN_POINT('',(6.136459735546,7.458033709243));
#1395 = CARTESIAN_POINT('',(6.13472533099,7.524112364608));
#1396 = CARTESIAN_POINT('',(6.132556121409,7.620602381133));
#1397 = CARTESIAN_POINT('',(6.131924888144,7.651027794265));
#1398 = CARTESIAN_POINT('',(6.131347010148,7.681440590527));
#1399 = CARTESIAN_POINT('',(6.130823500275,7.711840742966));
#1400 = CARTESIAN_POINT('',(6.130356069659,7.742228594558));
#1401 = CARTESIAN_POINT('',(6.129947127717,7.77260485821));
#1402 = CARTESIAN_POINT('',(6.129599782142,7.802970616757));
#1403 = CARTESIAN_POINT('',(6.128988906589,7.86874332394));
#1404 = CARTESIAN_POINT('',(6.128748132308,7.904146374697));
#1405 = CARTESIAN_POINT('',(6.128599849641,7.939537800136));
#1406 = CARTESIAN_POINT('',(6.128548392167,7.974918925156));
#1407 = CARTESIAN_POINT('',(6.128598093463,8.010291074654));
#1408 = CARTESIAN_POINT('',(6.128753287105,8.045655573531));
#1409 = CARTESIAN_POINT('',(6.129018306671,8.081013746683));
#1410 = CARTESIAN_POINT('',(6.131357057007,8.299069676101));
#1411 = CARTESIAN_POINT('',(6.13636612555,8.481686358027));
#1412 = CARTESIAN_POINT('',(6.145024017955,8.664283003631));
#1413 = CARTESIAN_POINT('',(6.157921018625,8.846897955423));
#1414 = CARTESIAN_POINT('',(6.175624540275,9.029541157802));
#1415 = CARTESIAN_POINT('',(6.198663029411,9.212192995349));
#1416 = CARTESIAN_POINT('',(6.227507606805,9.394802671186));
#1417 = CARTESIAN_POINT('',(6.280515388345,9.670829617447));
#1418 = CARTESIAN_POINT('',(6.300108246096,9.764339483511));
#1419 = CARTESIAN_POINT('',(6.321382869525,9.857803497203));
#1420 = CARTESIAN_POINT('',(6.34438674489,9.951207777085));
#1421 = CARTESIAN_POINT('',(6.369161514934,10.04453676734));
#1422 = CARTESIAN_POINT('',(6.395742502436,10.137773218442));
#1423 = CARTESIAN_POINT('',(6.424158233758,10.230898167816));
#1424 = CARTESIAN_POINT('',(6.485472084055,10.419250269711));
#1425 = CARTESIAN_POINT('',(6.518465308928,10.514474872713));
#1426 = CARTESIAN_POINT('',(6.553418748639,10.609377364246));
#1427 = CARTESIAN_POINT('',(6.590355296267,10.703769726772));
#1428 = CARTESIAN_POINT('',(6.629310205495,10.797460335393));
#1429 = CARTESIAN_POINT('',(6.670330848107,10.890250137679));
#1430 = CARTESIAN_POINT('',(6.713477649844,10.981927968394));
#1431 = CARTESIAN_POINT('',(6.81787797288,11.189899649991));
#1432 = CARTESIAN_POINT('',(6.880639084551,11.305213007024));
#1433 = CARTESIAN_POINT('',(6.947292054476,11.417744733319));
#1434 = CARTESIAN_POINT('',(7.01803707133,11.526918096493));
#1435 = CARTESIAN_POINT('',(7.093085509531,11.632029312524));
#1436 = CARTESIAN_POINT('',(7.172654189537,11.732240718977));
#1437 = CARTESIAN_POINT('',(7.256960386531,11.826577777632));
#1438 = CARTESIAN_POINT('',(7.402614715894,11.969123315831));
#1439 = CARTESIAN_POINT('',(7.460972782715,12.02151288499));
#1440 = CARTESIAN_POINT('',(7.521332790878,12.070810122681));
#1441 = CARTESIAN_POINT('',(7.583717279664,12.11669455206));
#1442 = CARTESIAN_POINT('',(7.648125927376,12.158820544811));
#1443 = CARTESIAN_POINT('',(7.714529202734,12.196830100698));
#1444 = CARTESIAN_POINT('',(7.782860064989,12.2303715726));
#1445 = CARTESIAN_POINT('',(7.883237582895,12.27151758107));
#1446 = CARTESIAN_POINT('',(7.913787534411,12.283003759224));
#1447 = CARTESIAN_POINT('',(7.944646309738,12.293604585135));
#1448 = CARTESIAN_POINT('',(7.975806523492,12.303342080294));
#1449 = CARTESIAN_POINT('',(8.00726066247,12.312238574017));
#1450 = CARTESIAN_POINT('',(8.039001085655,12.320316703455));
#1451 = CARTESIAN_POINT('',(8.071020024213,12.327599413587));
#1452 = CARTESIAN_POINT('',(8.207671089893,12.355152368812));
#1453 = CARTESIAN_POINT('',(8.314279594254,12.368006412537));
#1454 = CARTESIAN_POINT('',(8.422593415193,12.373551572519));
#1455 = CARTESIAN_POINT('',(8.532146355628,12.372741451811));
#1456 = CARTESIAN_POINT('',(8.642564518255,12.366513544812));
#1457 = CARTESIAN_POINT('',(8.753576845949,12.355733902618));
#1458 = CARTESIAN_POINT('',(8.865019385091,12.3411766913));
#1459 = CARTESIAN_POINT('',(9.110233635936,12.302495442521));
#1460 = CARTESIAN_POINT('',(9.244065642604,12.277082166237));
#1461 = CARTESIAN_POINT('',(9.37819368198,12.248492589657));
#1462 = CARTESIAN_POINT('',(9.512511817942,12.217787438301));
#1463 = CARTESIAN_POINT('',(9.646941358424,12.185938688356));
#1464 = CARTESIAN_POINT('',(9.781428689899,12.153873315424));
#1465 = CARTESIAN_POINT('',(9.915943376021,12.122516491499));
#1466 = CARTESIAN_POINT('',(10.114767367353,12.078649638464));
#1467 = CARTESIAN_POINT('',(10.179055435326,12.064837882499));
#1468 = CARTESIAN_POINT('',(10.243329073084,12.051604288272));
#1469 = CARTESIAN_POINT('',(10.307593537907,12.038670050136));
#1470 = CARTESIAN_POINT('',(10.371789525994,12.027028528891));
#1471 = CARTESIAN_POINT('',(10.435974632379,12.015716282716));
#1472 = CARTESIAN_POINT('',(10.500110369099,12.005199132324));
#1473 = CARTESIAN_POINT('',(10.761873437166,11.96485238598));
#1474 = CARTESIAN_POINT('',(10.959126815979,11.940628643289));
#1475 = CARTESIAN_POINT('',(11.155889122211,11.9221307297));
#1476 = CARTESIAN_POINT('',(11.352132820349,11.908746601287));
#1477 = CARTESIAN_POINT('',(11.547871499637,11.899794193124));
#1478 = CARTESIAN_POINT('',(11.743157190245,11.89454227423));
#1479 = CARTESIAN_POINT('',(11.938078099623,11.892228763723));
#1480 = CARTESIAN_POINT('',(12.279703141204,11.891961583437));
#1481 = CARTESIAN_POINT('',(12.426504280063,11.893077998363));
#1482 = CARTESIAN_POINT('',(12.573213575309,11.895091056738));
#1483 = CARTESIAN_POINT('',(12.719886141996,11.897661064799));
#1484 = CARTESIAN_POINT('',(12.866578396332,11.900445839324));
#1485 = CARTESIAN_POINT('',(13.013347631476,11.903103215713));
#1486 = CARTESIAN_POINT('',(13.160251593339,11.905293556068));
#1487 = CARTESIAN_POINT('',(13.342915953877,11.907018044965));
#1488 = CARTESIAN_POINT('',(13.3785060095,11.907305045605));
#1489 = CARTESIAN_POINT('',(13.414117803681,11.907544098535));
#1490 = CARTESIAN_POINT('',(13.449750878493,11.907736222553));
#1491 = CARTESIAN_POINT('',(13.485404737657,11.907882615906));
#1492 = CARTESIAN_POINT('',(13.521078846539,11.907984656296));
#1493 = CARTESIAN_POINT('',(13.556772632155,11.908043900877));
#1494 = CARTESIAN_POINT('',(13.704999753924,11.908119379764));
#1495 = CARTESIAN_POINT('',(13.817609637654,11.907766764229));
#1496 = CARTESIAN_POINT('',(13.930305584006,11.907048957521));
#1497 = CARTESIAN_POINT('',(14.043078361885,11.906010334602));
#1498 = CARTESIAN_POINT('',(14.155919059451,11.904694927528));
#1499 = CARTESIAN_POINT('',(14.268819084117,11.903146425444));
#1500 = CARTESIAN_POINT('',(14.381770162552,11.901408174585));
#1501 = CARTESIAN_POINT('',(14.592619169405,11.897890740275));
#1502 = CARTESIAN_POINT('',(14.690506198285,11.896148327946));
#1503 = CARTESIAN_POINT('',(14.788420231056,11.894323889886));
#1504 = CARTESIAN_POINT('',(14.886356104264,11.892445324098));
#1505 = CARTESIAN_POINT('',(14.984308687263,11.89054047799));
#1506 = CARTESIAN_POINT('',(15.082272882217,11.888637148376));
#1507 = CARTESIAN_POINT('',(15.1802436241,11.886763081477));
#1508 = CARTESIAN_POINT('',(15.412243000138,11.882460148522));
#1509 = CARTESIAN_POINT('',(15.546272666954,11.880080990674));
#1510 = CARTESIAN_POINT('',(15.680292104843,11.877879571007));
#1511 = CARTESIAN_POINT('',(15.81428815797,11.875927039413));
#1512 = CARTESIAN_POINT('',(15.94824726307,11.874294772171));
#1513 = CARTESIAN_POINT('',(16.082155421551,11.873054520065));
#1514 = CARTESIAN_POINT('',(16.215998171594,11.872278556508));
#1515 = CARTESIAN_POINT('',(16.349760560258,11.872039825668));
#1516 = ( GEOMETRIC_REPRESENTATION_CONTEXT(2) 
PARAMETRIC_REPRESENTATION_CONTEXT() REPRESENTATION_CONTEXT('2D SPACE',''
  ) );
#1517 = PCURVE('',#359,#1518);
#1518 = DEFINITIONAL_REPRESENTATION('',(#1519),#1676);
#1519 = B_SPLINE_CURVE_WITH_KNOTS('',8,(#1520,#1521,#1522,#1523,#1524,
    #1525,#1526,#1527,#1528,#1529,#1530,#1531,#1532,#1533,#1534,#1535,
    #1536,#1537,#1538,#1539,#1540,#1541,#1542,#1543,#1544,#1545,#1546,
    #1547,#1548,#1549,#1550,#1551,#1552,#1553,#1554,#1555,#1556,#1557,
    #1558,#1559,#1560,#1561,#1562,#1563,#1564,#1565,#1566,#1567,#1568,
    #1569,#1570,#1571,#1572,#1573,#1574,#1575,#1576,#1577,#1578,#1579,
    #1580,#1581,#1582,#1583,#1584,#1585,#1586,#1587,#1588,#1589,#1590,
    #1591,#1592,#1593,#1594,#1595,#1596,#1597,#1598,#1599,#1600,#1601,
    #1602,#1603,#1604,#1605,#1606,#1607,#1608,#1609,#1610,#1611,#1612,
    #1613,#1614,#1615,#1616,#1617,#1618,#1619,#1620,#1621,#1622,#1623,
    #1624,#1625,#1626,#1627,#1628,#1629,#1630,#1631,#1632,#1633,#1634,
    #1635,#1636,#1637,#1638,#1639,#1640,#1641,#1642,#1643,#1644,#1645,
    #1646,#1647,#1648,#1649,#1650,#1651,#1652,#1653,#1654,#1655,#1656,
    #1657,#1658,#1659,#1660,#1661,#1662,#1663,#1664,#1665,#1666,#1667,
    #1668,#1669,#1670,#1671,#1672,#1673,#1674,#1675),.UNSPECIFIED.,.F.,
  .F.,(9,7,7,7,7,7,7,7,7,7,7,7,7,7,7,7,7,7,7,7,7,7,9),(0.,0.192520487223
    ,0.22168252556,0.27804542949,0.328411865073,0.353494458177,
    0.365052780938,0.378537431325,0.448225174801,0.483948056664,
    0.52058005935,0.568281348732,0.598421390243,0.611412589447,
    0.653400812857,0.703495165676,0.727434310077,0.801269336977,
    0.857001119895,0.870477054671,0.912933339488,0.949701184946,1.),
  .UNSPECIFIED.);
#1520 = CARTESIAN_POINT('',(21.148670125641,0.25));
#1521 = CARTESIAN_POINT('',(20.637713962159,0.25));
#1522 = CARTESIAN_POINT('',(20.126657347909,0.25));
#1523 = CARTESIAN_POINT('',(19.615615672122,0.25));
#1524 = CARTESIAN_POINT('',(19.104707329788,0.25));
#1525 = CARTESIAN_POINT('',(18.59404895237,0.25));
#1526 = CARTESIAN_POINT('',(18.083756316578,0.25));
#1527 = CARTESIAN_POINT('',(17.573945690756,0.25));
#1528 = CARTESIAN_POINT('',(16.987596995528,0.25));
#1529 = CARTESIAN_POINT('',(16.910477396855,0.25));
#1530 = CARTESIAN_POINT('',(16.833369493021,0.25));
#1531 = CARTESIAN_POINT('',(16.756271203588,0.25));
#1532 = CARTESIAN_POINT('',(16.679180457083,0.25));
#1533 = CARTESIAN_POINT('',(16.602095190998,0.25));
#1534 = CARTESIAN_POINT('',(16.525013351791,0.25));
#1535 = CARTESIAN_POINT('',(16.298955709632,0.25));
#1536 = CARTESIAN_POINT('',(16.149983861591,0.25));
#1537 = CARTESIAN_POINT('',(16.001002447797,0.25));
#1538 = CARTESIAN_POINT('',(15.851996957731,0.25));
#1539 = CARTESIAN_POINT('',(15.702953273323,0.25));
#1540 = CARTESIAN_POINT('',(15.553857668945,0.25));
#1541 = CARTESIAN_POINT('',(15.404696811417,0.25));
#1542 = CARTESIAN_POINT('',(15.12209630157,0.25));
#1543 = CARTESIAN_POINT('',(14.988672631578,0.25));
#1544 = CARTESIAN_POINT('',(14.855177510803,0.25));
#1545 = CARTESIAN_POINT('',(14.721602205015,0.25));
#1546 = CARTESIAN_POINT('',(14.587938484975,0.25));
#1547 = CARTESIAN_POINT('',(14.454178626435,0.25));
#1548 = CARTESIAN_POINT('',(14.320315410143,0.25));
#1549 = CARTESIAN_POINT('',(14.119623136494,0.25));
#1550 = CARTESIAN_POINT('',(14.052876884304,0.25));
#1551 = CARTESIAN_POINT('',(13.986102549786,0.25));
#1552 = CARTESIAN_POINT('',(13.91929936321,0.25));
#1553 = CARTESIAN_POINT('',(13.852466600587,0.25));
#1554 = CARTESIAN_POINT('',(13.785603583675,0.25));
#1555 = CARTESIAN_POINT('',(13.718709679981,0.25));
#1556 = CARTESIAN_POINT('',(13.620944384897,0.25));
#1557 = CARTESIAN_POINT('',(13.590104471401,0.25));
#1558 = CARTESIAN_POINT('',(13.559264596063,0.25));
#1559 = CARTESIAN_POINT('',(13.528424768892,0.25));
#1560 = CARTESIAN_POINT('',(13.497584976105,0.25));
#1561 = CARTESIAN_POINT('',(13.466745180127,0.25));
#1562 = CARTESIAN_POINT('',(13.435905319588,0.25));
#1563 = CARTESIAN_POINT('',(13.369085456122,0.25));
#1564 = CARTESIAN_POINT('',(13.333105602914,0.25));
#1565 = CARTESIAN_POINT('',(13.297125749707,0.25));
#1566 = CARTESIAN_POINT('',(13.261145896499,0.25));
#1567 = CARTESIAN_POINT('',(13.225166043291,0.25));
#1568 = CARTESIAN_POINT('',(13.189186190084,0.25));
#1569 = CARTESIAN_POINT('',(13.153206336876,0.25));
#1570 = CARTESIAN_POINT('',(12.931285082992,0.25));
#1571 = CARTESIAN_POINT('',(12.745295374961,0.25));
#1572 = CARTESIAN_POINT('',(12.559376048993,0.25));
#1573 = CARTESIAN_POINT('',(12.37367509603,0.25));
#1574 = CARTESIAN_POINT('',(12.188367801681,0.25));
#1575 = CARTESIAN_POINT('',(12.003654186533,0.25));
#1576 = CARTESIAN_POINT('',(11.819755893632,0.25));
#1577 = CARTESIAN_POINT('',(11.543184533124,0.25));
#1578 = CARTESIAN_POINT('',(11.449734209494,0.25));
#1579 = CARTESIAN_POINT('',(11.356594750225,0.25));
#1580 = CARTESIAN_POINT('',(11.263799938054,0.25));
#1581 = CARTESIAN_POINT('',(11.171384002286,0.25));
#1582 = CARTESIAN_POINT('',(11.079381480595,0.25));
#1583 = CARTESIAN_POINT('',(10.987827080838,0.25));
#1584 = CARTESIAN_POINT('',(10.803366301852,0.25));
#1585 = CARTESIAN_POINT('',(10.71049760114,0.25));
#1586 = CARTESIAN_POINT('',(10.617998720677,0.25));
#1587 = CARTESIAN_POINT('',(10.525733680088,0.25));
#1588 = CARTESIAN_POINT('',(10.433577707909,0.25));
#1589 = CARTESIAN_POINT('',(10.341413285387,0.25));
#1590 = CARTESIAN_POINT('',(10.249125764842,0.25));
#1591 = CARTESIAN_POINT('',(10.036111924494,0.25));
#1592 = CARTESIAN_POINT('',(9.915268059362,0.25));
#1593 = CARTESIAN_POINT('',(9.793769416808,0.25));
#1594 = CARTESIAN_POINT('',(9.671380118179,0.25));
#1595 = CARTESIAN_POINT('',(9.547912771697,0.25));
#1596 = CARTESIAN_POINT('',(9.423218989049,0.25));
#1597 = CARTESIAN_POINT('',(9.297183603408,0.25));
#1598 = CARTESIAN_POINT('',(9.089186395467,0.25));
#1599 = CARTESIAN_POINT('',(9.008103348293,0.25));
#1600 = CARTESIAN_POINT('',(8.926468383257,0.25));
#1601 = CARTESIAN_POINT('',(8.844303803301,0.25));
#1602 = CARTESIAN_POINT('',(8.761659469829,0.25));
#1603 = CARTESIAN_POINT('',(8.678614469624,0.25));
#1604 = CARTESIAN_POINT('',(8.595280257273,0.25));
#1605 = CARTESIAN_POINT('',(8.47582522485,0.25));
#1606 = CARTESIAN_POINT('',(8.439845453328,0.25));
#1607 = CARTESIAN_POINT('',(8.403865749502,0.25));
#1608 = CARTESIAN_POINT('',(8.367885983162,0.25));
#1609 = CARTESIAN_POINT('',(8.331906102929,0.25));
#1610 = CARTESIAN_POINT('',(8.295926136246,0.25));
#1611 = CARTESIAN_POINT('',(8.259946189384,0.25));
#1612 = CARTESIAN_POINT('',(8.107678072579,0.25));
#1613 = CARTESIAN_POINT('',(7.992039133218,0.25));
#1614 = CARTESIAN_POINT('',(7.877303938292,0.25));
#1615 = CARTESIAN_POINT('',(7.763620600786,0.25));
#1616 = CARTESIAN_POINT('',(7.651046064818,0.25));
#1617 = CARTESIAN_POINT('',(7.539555325414,0.25));
#1618 = CARTESIAN_POINT('',(7.42904484094,0.25));
#1619 = CARTESIAN_POINT('',(7.188434220724,0.25));
#1620 = CARTESIAN_POINT('',(7.058766173097,0.25));
#1621 = CARTESIAN_POINT('',(6.930045618077,0.25));
#1622 = CARTESIAN_POINT('',(6.802009676449,0.25));
#1623 = CARTESIAN_POINT('',(6.674399807415,0.25));
#1624 = CARTESIAN_POINT('',(6.5469488054,0.25));
#1625 = CARTESIAN_POINT('',(6.419367953319,0.25));
#1626 = CARTESIAN_POINT('',(6.230149484711,0.25));
#1627 = CARTESIAN_POINT('',(6.168871689176,0.25));
#1628 = CARTESIAN_POINT('',(6.107442575163,0.25));
#1629 = CARTESIAN_POINT('',(6.045951704426,0.25));
#1630 = CARTESIAN_POINT('',(5.984120704753,0.25));
#1631 = CARTESIAN_POINT('',(5.922219504655,0.25));
#1632 = CARTESIAN_POINT('',(5.860128319798,0.25));
#1633 = CARTESIAN_POINT('',(5.605955504813,0.25));
#1634 = CARTESIAN_POINT('',(5.412605008416,0.25));
#1635 = CARTESIAN_POINT('',(5.218091339525,0.25));
#1636 = CARTESIAN_POINT('',(5.022644827761,0.25));
#1637 = CARTESIAN_POINT('',(4.826475332772,0.25));
#1638 = CARTESIAN_POINT('',(4.629768387475,0.25));
#1639 = CARTESIAN_POINT('',(4.432681800873,0.25));
#1640 = CARTESIAN_POINT('',(4.086388230213,0.25));
#1641 = CARTESIAN_POINT('',(3.937297208348,0.25));
#1642 = CARTESIAN_POINT('',(3.788123772198,0.25));
#1643 = CARTESIAN_POINT('',(3.638921664972,0.25));
#1644 = CARTESIAN_POINT('',(3.489743885932,0.25));
#1645 = CARTESIAN_POINT('',(3.340642320594,0.25));
#1646 = CARTESIAN_POINT('',(3.191667370927,0.25));
#1647 = CARTESIAN_POINT('',(3.00688782504,0.25));
#1648 = CARTESIAN_POINT('',(2.970907955067,0.25));
#1649 = CARTESIAN_POINT('',(2.934928044112,0.25));
#1650 = CARTESIAN_POINT('',(2.898948139061,0.25));
#1651 = CARTESIAN_POINT('',(2.862968265208,0.25));
#1652 = CARTESIAN_POINT('',(2.826988426254,0.25));
#1653 = CARTESIAN_POINT('',(2.79100860431,0.25));
#1654 = CARTESIAN_POINT('',(2.641673319424,0.25));
#1655 = CARTESIAN_POINT('',(2.52841275662,0.25));
#1656 = CARTESIAN_POINT('',(2.415239266342,0.25));
#1657 = CARTESIAN_POINT('',(2.302144868132,0.25));
#1658 = CARTESIAN_POINT('',(2.189121406214,0.25));
#1659 = CARTESIAN_POINT('',(2.076160549493,0.25));
#1660 = CARTESIAN_POINT('',(1.963253791557,0.25));
#1661 = CARTESIAN_POINT('',(1.752652661202,0.25));
#1662 = CARTESIAN_POINT('',(1.654947026826,0.25));
#1663 = CARTESIAN_POINT('',(1.557269932506,0.25));
#1664 = CARTESIAN_POINT('',(1.459615757529,0.25));
#1665 = CARTESIAN_POINT('',(1.361978875506,0.25));
#1666 = CARTESIAN_POINT('',(1.264353654376,0.25));
#1667 = CARTESIAN_POINT('',(1.166734456401,0.25));
#1668 = CARTESIAN_POINT('',(0.935572026274,0.25));
#1669 = CARTESIAN_POINT('',(0.802029385729,0.25));
#1670 = CARTESIAN_POINT('',(0.668473096741,0.25));
#1671 = CARTESIAN_POINT('',(0.534888917385,0.25));
#1672 = CARTESIAN_POINT('',(0.401262953546,0.25));
#1673 = CARTESIAN_POINT('',(0.267581628865,0.25));
#1674 = CARTESIAN_POINT('',(0.133831654686,0.25));
#1675 = CARTESIAN_POINT('',(0.,0.25));
#1676 = ( GEOMETRIC_REPRESENTATION_CONTEXT(2) 
PARAMETRIC_REPRESENTATION_CONTEXT() REPRESENTATION_CONTEXT('2D SPACE',''
  ) );
#1677 = ORIENTED_EDGE('',*,*,#1678,.F.);
#1678 = EDGE_CURVE('',#1679,#1197,#1681,.T.);
#1679 = VERTEX_POINT('',#1680);
#1680 = CARTESIAN_POINT('',(-10.5,12.927361191462,3.552713678801E-15));
#1681 = SURFACE_CURVE('',#1682,(#1686,#1693),.PCURVE_S1.);
#1682 = LINE('',#1683,#1684);
#1683 = CARTESIAN_POINT('',(-10.5,-2.05,-3.552713678801E-15));
#1684 = VECTOR('',#1685,1.);
#1685 = DIRECTION('',(-0.,1.,-0.));
#1686 = PCURVE('',#180,#1687);
#1687 = DEFINITIONAL_REPRESENTATION('',(#1688),#1692);
#1688 = LINE('',#1689,#1690);
#1689 = CARTESIAN_POINT('',(17.931634725379,-3.195148834654));
#1690 = VECTOR('',#1691,1.);
#1691 = DIRECTION('',(-0.104414136312,0.994533904972));
#1692 = ( GEOMETRIC_REPRESENTATION_CONTEXT(2) 
PARAMETRIC_REPRESENTATION_CONTEXT() REPRESENTATION_CONTEXT('2D SPACE',''
  ) );
#1693 = PCURVE('',#951,#1694);
#1694 = DEFINITIONAL_REPRESENTATION('',(#1695),#1699);
#1695 = LINE('',#1696,#1697);
#1696 = CARTESIAN_POINT('',(5.05,-62.1165708246));
#1697 = VECTOR('',#1698,1.);
#1698 = DIRECTION('',(1.,0.));
#1699 = ( GEOMETRIC_REPRESENTATION_CONTEXT(2) 
PARAMETRIC_REPRESENTATION_CONTEXT() REPRESENTATION_CONTEXT('2D SPACE',''
  ) );
#1700 = ORIENTED_EDGE('',*,*,#1701,.T.);
#1701 = EDGE_CURVE('',#1679,#1135,#1702,.T.);
#1702 = SURFACE_CURVE('',#1703,(#1726,#1752),.PCURVE_S1.);
#1703 = B_SPLINE_CURVE_WITH_KNOTS('',6,(#1704,#1705,#1706,#1707,#1708,
    #1709,#1710,#1711,#1712,#1713,#1714,#1715,#1716,#1717,#1718,#1719,
    #1720,#1721,#1722,#1723,#1724,#1725),.UNSPECIFIED.,.F.,.F.,(7,5,5,5,
    7),(0.,0.250000000059,0.499999999963,0.750000000934,1.),
  .UNSPECIFIED.);
#1704 = CARTESIAN_POINT('',(-10.50000595782,12.927354889969,0.));
#1705 = CARTESIAN_POINT('',(-9.513879038814,13.970365714846,0.));
#1706 = CARTESIAN_POINT('',(-8.403122602152,14.896145758881,0.));
#1707 = CARTESIAN_POINT('',(-7.185799695814,15.68532491051,0.));
#1708 = CARTESIAN_POINT('',(-5.883042585339,16.323684293435,0.));
#1709 = CARTESIAN_POINT('',(-4.517911812149,16.800409080713,0.));
#1710 = CARTESIAN_POINT('',(-1.71470452443,17.419521689644,0.));
#1711 = CARTESIAN_POINT('',(-0.27577418931,17.562098085213,0.));
#1712 = CARTESIAN_POINT('',(1.174660610906,17.531804994697,0.));
#1713 = CARTESIAN_POINT('',(2.611129508932,17.328738780706,0.));
#1714 = CARTESIAN_POINT('',(4.008477349194,16.956895328841,0.));
#1715 = CARTESIAN_POINT('',(6.675848925846,15.895575196114,0.));
#1716 = CARTESIAN_POINT('',(7.946685108426,15.205775249525,0.));
#1717 = CARTESIAN_POINT('',(9.129996007807,14.366457597348,0.));
#1718 = CARTESIAN_POINT('',(10.204757542061,13.392000594174,0.));
#1719 = CARTESIAN_POINT('',(11.15239563527,12.299832744874,0.));
#1720 = CARTESIAN_POINT('',(12.763990256961,9.924115109577,0.));
#1721 = CARTESIAN_POINT('',(13.428437663689,8.639841701484,0.));
#1722 = CARTESIAN_POINT('',(13.936516391469,7.28096907616,0.));
#1723 = CARTESIAN_POINT('',(14.27889952101,5.871198689071,0.));
#1724 = CARTESIAN_POINT('',(14.450000000001,4.435380741387,0.));
#1725 = CARTESIAN_POINT('',(14.45,3.,0.));
#1726 = PCURVE('',#180,#1727);
#1727 = DEFINITIONAL_REPRESENTATION('',(#1728),#1751);
#1728 = B_SPLINE_CURVE_WITH_KNOTS('',6,(#1729,#1730,#1731,#1732,#1733,
    #1734,#1735,#1736,#1737,#1738,#1739,#1740,#1741,#1742,#1743,#1744,
    #1745,#1746,#1747,#1748,#1749,#1750),.UNSPECIFIED.,.F.,.F.,(7,5,5,5,
    7),(0.,0.250000000059,0.499999999963,0.750000000934,1.),
  .UNSPECIFIED.);
#1729 = CARTESIAN_POINT('',(16.367781225051,11.700337788133));
#1730 = CARTESIAN_POINT('',(17.239612806169,12.840613007268));
#1731 = CARTESIAN_POINT('',(18.247633218883,13.877311323594));
#1732 = CARTESIAN_POINT('',(19.375900663023,14.789282466863));
#1733 = CARTESIAN_POINT('',(20.604883035708,15.560178775253));
#1734 = CARTESIAN_POINT('',(21.912775067444,16.176836690177));
#1735 = CARTESIAN_POINT('',(24.636015649403,17.085259638603));
#1736 = CARTESIAN_POINT('',(26.052193663371,17.3773013662));
#1737 = CARTESIAN_POINT('',(27.497863276018,17.498619757537));
#1738 = CARTESIAN_POINT('',(28.947683281891,17.446651182093));
#1739 = CARTESIAN_POINT('',(30.37621879894,17.222743129741));
#1740 = CARTESIAN_POINT('',(33.139827094087,16.445735573112));
#1741 = CARTESIAN_POINT('',(34.475741630979,15.892399400979));
#1742 = CARTESIAN_POINT('',(35.740221068279,15.181223924395));
#1743 = CARTESIAN_POINT('',(36.910854940214,14.324313693142));
#1744 = CARTESIAN_POINT('',(37.967350916244,13.337062550131));
#1745 = CARTESIAN_POINT('',(39.818194913596,11.142604073698));
#1746 = CARTESIAN_POINT('',(40.613106686351,9.934728328193));
#1747 = CARTESIAN_POINT('',(41.260293719054,8.636334031311));
#1748 = CARTESIAN_POINT('',(41.748005307239,7.270019221884));
#1749 = CARTESIAN_POINT('',(42.06809022566,5.859914900281));
#1750 = CARTESIAN_POINT('',(42.217964266049,4.432380086429));
#1751 = ( GEOMETRIC_REPRESENTATION_CONTEXT(2) 
PARAMETRIC_REPRESENTATION_CONTEXT() REPRESENTATION_CONTEXT('2D SPACE',''
  ) );
#1752 = PCURVE('',#1017,#1753);
#1753 = DEFINITIONAL_REPRESENTATION('',(#1754),#1777);
#1754 = B_SPLINE_CURVE_WITH_KNOTS('',6,(#1755,#1756,#1757,#1758,#1759,
    #1760,#1761,#1762,#1763,#1764,#1765,#1766,#1767,#1768,#1769,#1770,
    #1771,#1772,#1773,#1774,#1775,#1776),.UNSPECIFIED.,.F.,.F.,(7,5,5,5,
    7),(0.,0.250000000059,0.499999999963,0.750000000934,1.),
  .UNSPECIFIED.);
#1755 = CARTESIAN_POINT('',(2.384220682128,0.25));
#1756 = CARTESIAN_POINT('',(2.284886375031,0.25));
#1757 = CARTESIAN_POINT('',(2.185522441291,0.25));
#1758 = CARTESIAN_POINT('',(2.086193097632,0.25));
#1759 = CARTESIAN_POINT('',(1.986863753713,0.25));
#1760 = CARTESIAN_POINT('',(1.887499819376,0.25));
#1761 = CARTESIAN_POINT('',(1.688831203878,0.25));
#1762 = CARTESIAN_POINT('',(1.589467270003,0.25));
#1763 = CARTESIAN_POINT('',(1.490137926423,0.25));
#1764 = CARTESIAN_POINT('',(1.390808582782,0.25));
#1765 = CARTESIAN_POINT('',(1.291444648797,0.25));
#1766 = CARTESIAN_POINT('',(1.092776032908,0.25));
#1767 = CARTESIAN_POINT('',(0.993412098301,0.25));
#1768 = CARTESIAN_POINT('',(0.894082754497,0.25));
#1769 = CARTESIAN_POINT('',(0.794753411511,0.25));
#1770 = CARTESIAN_POINT('',(0.69538947813,0.25));
#1771 = CARTESIAN_POINT('',(0.496720863691,0.25));
#1772 = CARTESIAN_POINT('',(0.39735692862,0.25));
#1773 = CARTESIAN_POINT('',(0.298027584138,0.25));
#1774 = CARTESIAN_POINT('',(0.198698233179,0.25));
#1775 = CARTESIAN_POINT('',(9.933430736234E-02,0.25));
#1776 = CARTESIAN_POINT('',(0.,0.25));
#1777 = ( GEOMETRIC_REPRESENTATION_CONTEXT(2) 
PARAMETRIC_REPRESENTATION_CONTEXT() REPRESENTATION_CONTEXT('2D SPACE',''
  ) );
#1778 = ORIENTED_EDGE('',*,*,#1134,.F.);
#1779 = FACE_BOUND('',#1780,.F.);
#1780 = EDGE_LOOP('',(#1781,#1811,#1844,#1872));
#1781 = ORIENTED_EDGE('',*,*,#1782,.F.);
#1782 = EDGE_CURVE('',#1783,#1785,#1787,.T.);
#1783 = VERTEX_POINT('',#1784);
#1784 = CARTESIAN_POINT('',(17.014676845516,10.587197085533,0.));
#1785 = VERTEX_POINT('',#1786);
#1786 = CARTESIAN_POINT('',(21.765113225257,8.472166541539,0.));
#1787 = SURFACE_CURVE('',#1788,(#1792,#1799),.PCURVE_S1.);
#1788 = LINE('',#1789,#1790);
#1789 = CARTESIAN_POINT('',(2.015647884333,17.265195030825,0.));
#1790 = VECTOR('',#1791,1.);
#1791 = DIRECTION('',(0.913545457643,-0.406736643076,0.));
#1792 = PCURVE('',#180,#1793);
#1793 = DEFINITIONAL_REPRESENTATION('',(#1794),#1798);
#1794 = LINE('',#1795,#1796);
#1795 = CARTESIAN_POINT('',(28.362091482202,17.321278068866));
#1796 = VECTOR('',#1797,1.);
#1797 = DIRECTION('',(0.951020986652,-0.309126321992));
#1798 = ( GEOMETRIC_REPRESENTATION_CONTEXT(2) 
PARAMETRIC_REPRESENTATION_CONTEXT() REPRESENTATION_CONTEXT('2D SPACE',''
  ) );
#1799 = PCURVE('',#1800,#1805);
#1800 = PLANE('',#1801);
#1801 = AXIS2_PLACEMENT_3D('',#1802,#1803,#1804);
#1802 = CARTESIAN_POINT('',(21.765113225257,8.472166541539,-1.));
#1803 = DIRECTION('',(-0.406736643076,-0.913545457643,0.));
#1804 = DIRECTION('',(-0.913545457643,0.406736643076,0.));
#1805 = DEFINITIONAL_REPRESENTATION('',(#1806),#1810);
#1806 = LINE('',#1807,#1808);
#1807 = CARTESIAN_POINT('',(21.618481243273,-1.));
#1808 = VECTOR('',#1809,1.);
#1809 = DIRECTION('',(-1.,-0.));
#1810 = ( GEOMETRIC_REPRESENTATION_CONTEXT(2) 
PARAMETRIC_REPRESENTATION_CONTEXT() REPRESENTATION_CONTEXT('2D SPACE',''
  ) );
#1811 = ORIENTED_EDGE('',*,*,#1812,.T.);
#1812 = EDGE_CURVE('',#1783,#1813,#1815,.T.);
#1813 = VERTEX_POINT('',#1814);
#1814 = CARTESIAN_POINT('',(18.234886774743,13.327833458461,0.));
#1815 = SURFACE_CURVE('',#1816,(#1821,#1832),.PCURVE_S1.);
#1816 = CIRCLE('',#1817,1.5);
#1817 = AXIS2_PLACEMENT_3D('',#1818,#1819,#1820);
#1818 = CARTESIAN_POINT('',(17.624781810129,11.957515271997,0.));
#1819 = DIRECTION('',(-0.,0.,-1.));
#1820 = DIRECTION('',(-0.406736643076,-0.913545457643,0.));
#1821 = PCURVE('',#180,#1822);
#1822 = DEFINITIONAL_REPRESENTATION('',(#1823),#1831);
#1823 = ( BOUNDED_CURVE() B_SPLINE_CURVE(2,(#1824,#1825,#1826,#1827,
#1828,#1829,#1830),.UNSPECIFIED.,.T.,.F.) B_SPLINE_CURVE_WITH_KNOTS((1,2
    ,2,2,2,1),(-2.094395102393,0.,2.094395102393,4.188790204786,
6.28318530718,8.377580409573),.UNSPECIFIED.) CURVE() 
GEOMETRIC_REPRESENTATION_ITEM() RATIONAL_B_SPLINE_CURVE((1.,0.5,1.,0.5,
1.,0.5,1.)) REPRESENTATION_ITEM('') );
#1824 = CARTESIAN_POINT('',(43.976411713499,12.245893349437));
#1825 = CARTESIAN_POINT('',(41.505586711582,13.049027092908));
#1826 = CARTESIAN_POINT('',(43.436533437022,14.787257441138));
#1827 = CARTESIAN_POINT('',(45.367480162463,16.525487789369));
#1828 = CARTESIAN_POINT('',(45.907358438939,13.984123697667));
#1829 = CARTESIAN_POINT('',(46.447236715416,11.442759605966));
#1830 = CARTESIAN_POINT('',(43.976411713499,12.245893349437));
#1831 = ( GEOMETRIC_REPRESENTATION_CONTEXT(2) 
PARAMETRIC_REPRESENTATION_CONTEXT() REPRESENTATION_CONTEXT('2D SPACE',''
  ) );
#1832 = PCURVE('',#1833,#1838);
#1833 = CYLINDRICAL_SURFACE('',#1834,1.5);
#1834 = AXIS2_PLACEMENT_3D('',#1835,#1836,#1837);
#1835 = CARTESIAN_POINT('',(17.624781810129,11.957515271997,-1.));
#1836 = DIRECTION('',(-0.,0.,-1.));
#1837 = DIRECTION('',(-0.406736643076,-0.913545457643,0.));
#1838 = DEFINITIONAL_REPRESENTATION('',(#1839),#1843);
#1839 = LINE('',#1840,#1841);
#1840 = CARTESIAN_POINT('',(0.,-1.));
#1841 = VECTOR('',#1842,1.);
#1842 = DIRECTION('',(1.,0.));
#1843 = ( GEOMETRIC_REPRESENTATION_CONTEXT(2) 
PARAMETRIC_REPRESENTATION_CONTEXT() REPRESENTATION_CONTEXT('2D SPACE',''
  ) );
#1844 = ORIENTED_EDGE('',*,*,#1845,.F.);
#1845 = EDGE_CURVE('',#1846,#1813,#1848,.T.);
#1846 = VERTEX_POINT('',#1847);
#1847 = CARTESIAN_POINT('',(22.985323154484,11.212802914467,0.));
#1848 = SURFACE_CURVE('',#1849,(#1853,#1860),.PCURVE_S1.);
#1849 = LINE('',#1850,#1851);
#1850 = CARTESIAN_POINT('',(0.86063962369,21.06334667575,0.));
#1851 = VECTOR('',#1852,1.);
#1852 = DIRECTION('',(-0.913545457643,0.406736643076,-0.));
#1853 = PCURVE('',#180,#1854);
#1854 = DEFINITIONAL_REPRESENTATION('',(#1855),#1859);
#1855 = LINE('',#1856,#1857);
#1856 = CARTESIAN_POINT('',(26.816815882884,20.978069466));
#1857 = VECTOR('',#1858,1.);
#1858 = DIRECTION('',(-0.951020986652,0.309126321992));
#1859 = ( GEOMETRIC_REPRESENTATION_CONTEXT(2) 
PARAMETRIC_REPRESENTATION_CONTEXT() REPRESENTATION_CONTEXT('2D SPACE',''
  ) );
#1860 = PCURVE('',#1861,#1866);
#1861 = PLANE('',#1862);
#1862 = AXIS2_PLACEMENT_3D('',#1863,#1864,#1865);
#1863 = CARTESIAN_POINT('',(18.234886774743,13.327833458461,-1.));
#1864 = DIRECTION('',(0.406736643076,0.913545457643,-0.));
#1865 = DIRECTION('',(0.913545457643,-0.406736643076,0.));
#1866 = DEFINITIONAL_REPRESENTATION('',(#1867),#1871);
#1867 = LINE('',#1868,#1869);
#1868 = CARTESIAN_POINT('',(-19.01848124327,-1.));
#1869 = VECTOR('',#1870,1.);
#1870 = DIRECTION('',(-1.,-0.));
#1871 = ( GEOMETRIC_REPRESENTATION_CONTEXT(2) 
PARAMETRIC_REPRESENTATION_CONTEXT() REPRESENTATION_CONTEXT('2D SPACE',''
  ) );
#1872 = ORIENTED_EDGE('',*,*,#1873,.T.);
#1873 = EDGE_CURVE('',#1846,#1785,#1874,.T.);
#1874 = SURFACE_CURVE('',#1875,(#1880,#1891),.PCURVE_S1.);
#1875 = CIRCLE('',#1876,1.5);
#1876 = AXIS2_PLACEMENT_3D('',#1877,#1878,#1879);
#1877 = CARTESIAN_POINT('',(22.375218189871,9.842484728003,0.));
#1878 = DIRECTION('',(0.,0.,-1.));
#1879 = DIRECTION('',(0.406736643076,0.913545457643,0.));
#1880 = PCURVE('',#180,#1881);
#1881 = DEFINITIONAL_REPRESENTATION('',(#1882),#1890);
#1882 = ( BOUNDED_CURVE() B_SPLINE_CURVE(2,(#1883,#1884,#1885,#1886,
#1887,#1888,#1889),.UNSPECIFIED.,.T.,.F.) B_SPLINE_CURVE_WITH_KNOTS((1,2
    ,2,2,2,1),(-2.094395102393,0.,2.094395102393,4.188790204786,
6.28318530718,8.377580409573),.UNSPECIFIED.) CURVE() 
GEOMETRIC_REPRESENTATION_ITEM() RATIONAL_B_SPLINE_CURVE((1.,0.5,1.,0.5,
1.,0.5,1.)) REPRESENTATION_ITEM('') );
#1883 = CARTESIAN_POINT('',(49.849099810063,13.491499435032));
#1884 = CARTESIAN_POINT('',(52.31992481198,12.688365691562));
#1885 = CARTESIAN_POINT('',(50.388978086539,10.950135343331));
#1886 = CARTESIAN_POINT('',(48.458031361098,9.211904995101));
#1887 = CARTESIAN_POINT('',(47.918153084622,11.753269086802));
#1888 = CARTESIAN_POINT('',(47.378274808146,14.294633178503));
#1889 = CARTESIAN_POINT('',(49.849099810063,13.491499435032));
#1890 = ( GEOMETRIC_REPRESENTATION_CONTEXT(2) 
PARAMETRIC_REPRESENTATION_CONTEXT() REPRESENTATION_CONTEXT('2D SPACE',''
  ) );
#1891 = PCURVE('',#1892,#1897);
#1892 = CYLINDRICAL_SURFACE('',#1893,1.5);
#1893 = AXIS2_PLACEMENT_3D('',#1894,#1895,#1896);
#1894 = CARTESIAN_POINT('',(22.375218189871,9.842484728003,-1.));
#1895 = DIRECTION('',(0.,0.,-1.));
#1896 = DIRECTION('',(0.406736643076,0.913545457643,0.));
#1897 = DEFINITIONAL_REPRESENTATION('',(#1898),#1902);
#1898 = LINE('',#1899,#1900);
#1899 = CARTESIAN_POINT('',(0.,-1.));
#1900 = VECTOR('',#1901,1.);
#1901 = DIRECTION('',(1.,0.));
#1902 = ( GEOMETRIC_REPRESENTATION_CONTEXT(2) 
PARAMETRIC_REPRESENTATION_CONTEXT() REPRESENTATION_CONTEXT('2D SPACE',''
  ) );
#1903 = ADVANCED_FACE('',(#1904),#359,.F.);
#1904 = FACE_BOUND('',#1905,.F.);
#1905 = EDGE_LOOP('',(#1906,#1925,#1926,#1927));
#1906 = ORIENTED_EDGE('',*,*,#1907,.F.);
#1907 = EDGE_CURVE('',#1197,#454,#1908,.T.);
#1908 = SURFACE_CURVE('',#1909,(#1912,#1919),.PCURVE_S1.);
#1909 = B_SPLINE_CURVE_WITH_KNOTS('',1,(#1910,#1911),.UNSPECIFIED.,.F.,
  .F.,(2,2),(0.,1.),.PIECEWISE_BEZIER_KNOTS.);
#1910 = CARTESIAN_POINT('',(-15.85898384862,13.1,-20.));
#1911 = CARTESIAN_POINT('',(5.576951545867,13.1,60.));
#1912 = PCURVE('',#359,#1913);
#1913 = DEFINITIONAL_REPRESENTATION('',(#1914),#1918);
#1914 = LINE('',#1915,#1916);
#1915 = CARTESIAN_POINT('',(0.,0.));
#1916 = VECTOR('',#1917,1.);
#1917 = DIRECTION('',(0.,1.));
#1918 = ( GEOMETRIC_REPRESENTATION_CONTEXT(2) 
PARAMETRIC_REPRESENTATION_CONTEXT() REPRESENTATION_CONTEXT('2D SPACE',''
  ) );
#1919 = PCURVE('',#951,#1920);
#1920 = DEFINITIONAL_REPRESENTATION('',(#1921),#1924);
#1921 = B_SPLINE_CURVE_WITH_KNOTS('',1,(#1922,#1923),.UNSPECIFIED.,.F.,
  .F.,(2,2),(0.,1.),.PIECEWISE_BEZIER_KNOTS.);
#1922 = CARTESIAN_POINT('',(20.2,-82.8220944328));
#1923 = CARTESIAN_POINT('',(20.2,0.));
#1924 = ( GEOMETRIC_REPRESENTATION_CONTEXT(2) 
PARAMETRIC_REPRESENTATION_CONTEXT() REPRESENTATION_CONTEXT('2D SPACE',''
  ) );
#1925 = ORIENTED_EDGE('',*,*,#1196,.F.);
#1926 = ORIENTED_EDGE('',*,*,#333,.T.);
#1927 = ORIENTED_EDGE('',*,*,#453,.T.);
#1928 = ADVANCED_FACE('',(#1929),#1017,.F.);
#1929 = FACE_BOUND('',#1930,.F.);
#1930 = EDGE_LOOP('',(#1931,#1958,#1959,#1960));
#1931 = ORIENTED_EDGE('',*,*,#1932,.T.);
#1932 = EDGE_CURVE('',#1679,#936,#1933,.T.);
#1933 = SURFACE_CURVE('',#1934,(#1940,#1949),.PCURVE_S1.);
#1934 = B_SPLINE_CURVE_WITH_KNOTS('',4,(#1935,#1936,#1937,#1938,#1939),
  .UNSPECIFIED.,.F.,.F.,(5,5),(0.,1.),.PIECEWISE_BEZIER_KNOTS.);
#1935 = CARTESIAN_POINT('',(-15.85898384862,12.927361191462,-20.));
#1936 = CARTESIAN_POINT('',(-10.5,12.927361191462,-3.552713678801E-14));
#1937 = CARTESIAN_POINT('',(-5.141016151378,12.927361191462,20.));
#1938 = CARTESIAN_POINT('',(0.217967697245,12.927361191462,40.));
#1939 = CARTESIAN_POINT('',(5.576951545867,12.927361191462,60.));
#1940 = PCURVE('',#1017,#1941);
#1941 = DEFINITIONAL_REPRESENTATION('',(#1942),#1948);
#1942 = B_SPLINE_CURVE_WITH_KNOTS('',4,(#1943,#1944,#1945,#1946,#1947),
  .UNSPECIFIED.,.F.,.F.,(5,5),(0.,1.),.PIECEWISE_BEZIER_KNOTS.);
#1943 = CARTESIAN_POINT('',(2.384220081986,0.));
#1944 = CARTESIAN_POINT('',(2.384220081986,0.25));
#1945 = CARTESIAN_POINT('',(2.384220081986,0.5));
#1946 = CARTESIAN_POINT('',(2.384220081986,0.75));
#1947 = CARTESIAN_POINT('',(2.384220081986,1.));
#1948 = ( GEOMETRIC_REPRESENTATION_CONTEXT(2) 
PARAMETRIC_REPRESENTATION_CONTEXT() REPRESENTATION_CONTEXT('2D SPACE',''
  ) );
#1949 = PCURVE('',#951,#1950);
#1950 = DEFINITIONAL_REPRESENTATION('',(#1951),#1957);
#1951 = B_SPLINE_CURVE_WITH_KNOTS('',4,(#1952,#1953,#1954,#1955,#1956),
  .UNSPECIFIED.,.F.,.F.,(5,5),(0.,1.),.PIECEWISE_BEZIER_KNOTS.);
#1952 = CARTESIAN_POINT('',(20.027361191462,-82.8220944328));
#1953 = CARTESIAN_POINT('',(20.027361191462,-62.1165708246));
#1954 = CARTESIAN_POINT('',(20.027361191462,-41.4110472164));
#1955 = CARTESIAN_POINT('',(20.027361191462,-20.7055236082));
#1956 = CARTESIAN_POINT('',(20.027361191462,4.973799150321E-14));
#1957 = ( GEOMETRIC_REPRESENTATION_CONTEXT(2) 
PARAMETRIC_REPRESENTATION_CONTEXT() REPRESENTATION_CONTEXT('2D SPACE',''
  ) );
#1958 = ORIENTED_EDGE('',*,*,#963,.T.);
#1959 = ORIENTED_EDGE('',*,*,#1157,.F.);
#1960 = ORIENTED_EDGE('',*,*,#1701,.F.);
#1961 = ADVANCED_FACE('',(#1962),#951,.F.);
#1962 = FACE_BOUND('',#1963,.F.);
#1963 = EDGE_LOOP('',(#1964,#1965,#1966,#1967));
#1964 = ORIENTED_EDGE('',*,*,#1932,.F.);
#1965 = ORIENTED_EDGE('',*,*,#1678,.T.);
#1966 = ORIENTED_EDGE('',*,*,#1907,.T.);
#1967 = ORIENTED_EDGE('',*,*,#935,.F.);
#1968 = ADVANCED_FACE('',(#1969),#1118,.T.);
#1969 = FACE_BOUND('',#1970,.F.);
#1970 = EDGE_LOOP('',(#1971,#1972,#1995,#2022));
#1971 = ORIENTED_EDGE('',*,*,#1097,.T.);
#1972 = ORIENTED_EDGE('',*,*,#1973,.T.);
#1973 = EDGE_CURVE('',#1098,#1974,#1976,.T.);
#1974 = VERTEX_POINT('',#1975);
#1975 = CARTESIAN_POINT('',(-7.928203230276,17.375,5.85));
#1976 = SEAM_CURVE('',#1977,(#1981,#1988),.PCURVE_S1.);
#1977 = LINE('',#1978,#1979);
#1978 = CARTESIAN_POINT('',(-7.928203230276,17.375,3.4));
#1979 = VECTOR('',#1980,1.);
#1980 = DIRECTION('',(0.,0.,1.));
#1981 = PCURVE('',#1118,#1982);
#1982 = DEFINITIONAL_REPRESENTATION('',(#1983),#1987);
#1983 = LINE('',#1984,#1985);
#1984 = CARTESIAN_POINT('',(-6.28318530718,0.));
#1985 = VECTOR('',#1986,1.);
#1986 = DIRECTION('',(-0.,-1.));
#1987 = ( GEOMETRIC_REPRESENTATION_CONTEXT(2) 
PARAMETRIC_REPRESENTATION_CONTEXT() REPRESENTATION_CONTEXT('2D SPACE',''
  ) );
#1988 = PCURVE('',#1118,#1989);
#1989 = DEFINITIONAL_REPRESENTATION('',(#1990),#1994);
#1990 = LINE('',#1991,#1992);
#1991 = CARTESIAN_POINT('',(-0.,0.));
#1992 = VECTOR('',#1993,1.);
#1993 = DIRECTION('',(-0.,-1.));
#1994 = ( GEOMETRIC_REPRESENTATION_CONTEXT(2) 
PARAMETRIC_REPRESENTATION_CONTEXT() REPRESENTATION_CONTEXT('2D SPACE',''
  ) );
#1995 = ORIENTED_EDGE('',*,*,#1996,.T.);
#1996 = EDGE_CURVE('',#1974,#1974,#1997,.T.);
#1997 = SURFACE_CURVE('',#1998,(#2003,#2010),.PCURVE_S1.);
#1998 = CIRCLE('',#1999,1.5);
#1999 = AXIS2_PLACEMENT_3D('',#2000,#2001,#2002);
#2000 = CARTESIAN_POINT('',(-9.428203230276,17.375,5.85));
#2001 = DIRECTION('',(0.,0.,1.));
#2002 = DIRECTION('',(1.,0.,0.));
#2003 = PCURVE('',#1118,#2004);
#2004 = DEFINITIONAL_REPRESENTATION('',(#2005),#2009);
#2005 = LINE('',#2006,#2007);
#2006 = CARTESIAN_POINT('',(-0.,-2.45));
#2007 = VECTOR('',#2008,1.);
#2008 = DIRECTION('',(-1.,0.));
#2009 = ( GEOMETRIC_REPRESENTATION_CONTEXT(2) 
PARAMETRIC_REPRESENTATION_CONTEXT() REPRESENTATION_CONTEXT('2D SPACE',''
  ) );
#2010 = PCURVE('',#2011,#2016);
#2011 = PLANE('',#2012);
#2012 = AXIS2_PLACEMENT_3D('',#2013,#2014,#2015);
#2013 = CARTESIAN_POINT('',(-9.428203230276,17.375,5.85));
#2014 = DIRECTION('',(0.,0.,1.));
#2015 = DIRECTION('',(1.,0.,0.));
#2016 = DEFINITIONAL_REPRESENTATION('',(#2017),#2021);
#2017 = CIRCLE('',#2018,1.5);
#2018 = AXIS2_PLACEMENT_2D('',#2019,#2020);
#2019 = CARTESIAN_POINT('',(0.,0.));
#2020 = DIRECTION('',(1.,0.));
#2021 = ( GEOMETRIC_REPRESENTATION_CONTEXT(2) 
PARAMETRIC_REPRESENTATION_CONTEXT() REPRESENTATION_CONTEXT('2D SPACE',''
  ) );
#2022 = ORIENTED_EDGE('',*,*,#1973,.F.);
#2023 = ADVANCED_FACE('',(#2024),#1800,.F.);
#2024 = FACE_BOUND('',#2025,.F.);
#2025 = EDGE_LOOP('',(#2026,#2027,#2050,#2078));
#2026 = ORIENTED_EDGE('',*,*,#1782,.T.);
#2027 = ORIENTED_EDGE('',*,*,#2028,.T.);
#2028 = EDGE_CURVE('',#1785,#2029,#2031,.T.);
#2029 = VERTEX_POINT('',#2030);
#2030 = CARTESIAN_POINT('',(21.765113225257,8.472166541539,1.8));
#2031 = SURFACE_CURVE('',#2032,(#2036,#2043),.PCURVE_S1.);
#2032 = LINE('',#2033,#2034);
#2033 = CARTESIAN_POINT('',(21.765113225257,8.472166541539,-1.));
#2034 = VECTOR('',#2035,1.);
#2035 = DIRECTION('',(0.,0.,1.));
#2036 = PCURVE('',#1800,#2037);
#2037 = DEFINITIONAL_REPRESENTATION('',(#2038),#2042);
#2038 = LINE('',#2039,#2040);
#2039 = CARTESIAN_POINT('',(0.,0.));
#2040 = VECTOR('',#2041,1.);
#2041 = DIRECTION('',(0.,-1.));
#2042 = ( GEOMETRIC_REPRESENTATION_CONTEXT(2) 
PARAMETRIC_REPRESENTATION_CONTEXT() REPRESENTATION_CONTEXT('2D SPACE',''
  ) );
#2043 = PCURVE('',#1892,#2044);
#2044 = DEFINITIONAL_REPRESENTATION('',(#2045),#2049);
#2045 = LINE('',#2046,#2047);
#2046 = CARTESIAN_POINT('',(3.14159265359,0.));
#2047 = VECTOR('',#2048,1.);
#2048 = DIRECTION('',(0.,-1.));
#2049 = ( GEOMETRIC_REPRESENTATION_CONTEXT(2) 
PARAMETRIC_REPRESENTATION_CONTEXT() REPRESENTATION_CONTEXT('2D SPACE',''
  ) );
#2050 = ORIENTED_EDGE('',*,*,#2051,.T.);
#2051 = EDGE_CURVE('',#2029,#2052,#2054,.T.);
#2052 = VERTEX_POINT('',#2053);
#2053 = CARTESIAN_POINT('',(17.014676845516,10.587197085533,1.8));
#2054 = SURFACE_CURVE('',#2055,(#2059,#2066),.PCURVE_S1.);
#2055 = LINE('',#2056,#2057);
#2056 = CARTESIAN_POINT('',(21.765113225257,8.472166541539,1.8));
#2057 = VECTOR('',#2058,1.);
#2058 = DIRECTION('',(-0.913545457643,0.406736643076,0.));
#2059 = PCURVE('',#1800,#2060);
#2060 = DEFINITIONAL_REPRESENTATION('',(#2061),#2065);
#2061 = LINE('',#2062,#2063);
#2062 = CARTESIAN_POINT('',(0.,-2.8));
#2063 = VECTOR('',#2064,1.);
#2064 = DIRECTION('',(1.,0.));
#2065 = ( GEOMETRIC_REPRESENTATION_CONTEXT(2) 
PARAMETRIC_REPRESENTATION_CONTEXT() REPRESENTATION_CONTEXT('2D SPACE',''
  ) );
#2066 = PCURVE('',#2067,#2072);
#2067 = PLANE('',#2068);
#2068 = AXIS2_PLACEMENT_3D('',#2069,#2070,#2071);
#2069 = CARTESIAN_POINT('',(20.,10.9,1.8));
#2070 = DIRECTION('',(-0.,-0.,-1.));
#2071 = DIRECTION('',(-1.,0.,0.));
#2072 = DEFINITIONAL_REPRESENTATION('',(#2073),#2077);
#2073 = LINE('',#2074,#2075);
#2074 = CARTESIAN_POINT('',(-1.765113225257,-2.427833458461));
#2075 = VECTOR('',#2076,1.);
#2076 = DIRECTION('',(0.913545457643,0.406736643076));
#2077 = ( GEOMETRIC_REPRESENTATION_CONTEXT(2) 
PARAMETRIC_REPRESENTATION_CONTEXT() REPRESENTATION_CONTEXT('2D SPACE',''
  ) );
#2078 = ORIENTED_EDGE('',*,*,#2079,.F.);
#2079 = EDGE_CURVE('',#1783,#2052,#2080,.T.);
#2080 = SURFACE_CURVE('',#2081,(#2085,#2092),.PCURVE_S1.);
#2081 = LINE('',#2082,#2083);
#2082 = CARTESIAN_POINT('',(17.014676845516,10.587197085533,-1.));
#2083 = VECTOR('',#2084,1.);
#2084 = DIRECTION('',(0.,0.,1.));
#2085 = PCURVE('',#1800,#2086);
#2086 = DEFINITIONAL_REPRESENTATION('',(#2087),#2091);
#2087 = LINE('',#2088,#2089);
#2088 = CARTESIAN_POINT('',(5.2,0.));
#2089 = VECTOR('',#2090,1.);
#2090 = DIRECTION('',(0.,-1.));
#2091 = ( GEOMETRIC_REPRESENTATION_CONTEXT(2) 
PARAMETRIC_REPRESENTATION_CONTEXT() REPRESENTATION_CONTEXT('2D SPACE',''
  ) );
#2092 = PCURVE('',#1833,#2093);
#2093 = DEFINITIONAL_REPRESENTATION('',(#2094),#2098);
#2094 = LINE('',#2095,#2096);
#2095 = CARTESIAN_POINT('',(0.,0.));
#2096 = VECTOR('',#2097,1.);
#2097 = DIRECTION('',(0.,-1.));
#2098 = ( GEOMETRIC_REPRESENTATION_CONTEXT(2) 
PARAMETRIC_REPRESENTATION_CONTEXT() REPRESENTATION_CONTEXT('2D SPACE',''
  ) );
#2099 = ADVANCED_FACE('',(#2100),#1892,.F.);
#2100 = FACE_BOUND('',#2101,.F.);
#2101 = EDGE_LOOP('',(#2102,#2103,#2126,#2148));
#2102 = ORIENTED_EDGE('',*,*,#1873,.F.);
#2103 = ORIENTED_EDGE('',*,*,#2104,.T.);
#2104 = EDGE_CURVE('',#1846,#2105,#2107,.T.);
#2105 = VERTEX_POINT('',#2106);
#2106 = CARTESIAN_POINT('',(22.985323154484,11.212802914467,1.8));
#2107 = SURFACE_CURVE('',#2108,(#2112,#2119),.PCURVE_S1.);
#2108 = LINE('',#2109,#2110);
#2109 = CARTESIAN_POINT('',(22.985323154484,11.212802914467,-1.));
#2110 = VECTOR('',#2111,1.);
#2111 = DIRECTION('',(0.,0.,1.));
#2112 = PCURVE('',#1892,#2113);
#2113 = DEFINITIONAL_REPRESENTATION('',(#2114),#2118);
#2114 = LINE('',#2115,#2116);
#2115 = CARTESIAN_POINT('',(0.,0.));
#2116 = VECTOR('',#2117,1.);
#2117 = DIRECTION('',(0.,-1.));
#2118 = ( GEOMETRIC_REPRESENTATION_CONTEXT(2) 
PARAMETRIC_REPRESENTATION_CONTEXT() REPRESENTATION_CONTEXT('2D SPACE',''
  ) );
#2119 = PCURVE('',#1861,#2120);
#2120 = DEFINITIONAL_REPRESENTATION('',(#2121),#2125);
#2121 = LINE('',#2122,#2123);
#2122 = CARTESIAN_POINT('',(5.2,0.));
#2123 = VECTOR('',#2124,1.);
#2124 = DIRECTION('',(0.,-1.));
#2125 = ( GEOMETRIC_REPRESENTATION_CONTEXT(2) 
PARAMETRIC_REPRESENTATION_CONTEXT() REPRESENTATION_CONTEXT('2D SPACE',''
  ) );
#2126 = ORIENTED_EDGE('',*,*,#2127,.T.);
#2127 = EDGE_CURVE('',#2105,#2029,#2128,.T.);
#2128 = SURFACE_CURVE('',#2129,(#2134,#2141),.PCURVE_S1.);
#2129 = CIRCLE('',#2130,1.5);
#2130 = AXIS2_PLACEMENT_3D('',#2131,#2132,#2133);
#2131 = CARTESIAN_POINT('',(22.375218189871,9.842484728003,1.8));
#2132 = DIRECTION('',(0.,0.,-1.));
#2133 = DIRECTION('',(0.406736643076,0.913545457643,0.));
#2134 = PCURVE('',#1892,#2135);
#2135 = DEFINITIONAL_REPRESENTATION('',(#2136),#2140);
#2136 = LINE('',#2137,#2138);
#2137 = CARTESIAN_POINT('',(0.,-2.8));
#2138 = VECTOR('',#2139,1.);
#2139 = DIRECTION('',(1.,0.));
#2140 = ( GEOMETRIC_REPRESENTATION_CONTEXT(2) 
PARAMETRIC_REPRESENTATION_CONTEXT() REPRESENTATION_CONTEXT('2D SPACE',''
  ) );
#2141 = PCURVE('',#2067,#2142);
#2142 = DEFINITIONAL_REPRESENTATION('',(#2143),#2147);
#2143 = CIRCLE('',#2144,1.5);
#2144 = AXIS2_PLACEMENT_2D('',#2145,#2146);
#2145 = CARTESIAN_POINT('',(-2.375218189871,-1.057515271997));
#2146 = DIRECTION('',(-0.406736643076,0.913545457643));
#2147 = ( GEOMETRIC_REPRESENTATION_CONTEXT(2) 
PARAMETRIC_REPRESENTATION_CONTEXT() REPRESENTATION_CONTEXT('2D SPACE',''
  ) );
#2148 = ORIENTED_EDGE('',*,*,#2028,.F.);
#2149 = ADVANCED_FACE('',(#2150),#1861,.F.);
#2150 = FACE_BOUND('',#2151,.F.);
#2151 = EDGE_LOOP('',(#2152,#2153,#2176,#2197));
#2152 = ORIENTED_EDGE('',*,*,#1845,.T.);
#2153 = ORIENTED_EDGE('',*,*,#2154,.T.);
#2154 = EDGE_CURVE('',#1813,#2155,#2157,.T.);
#2155 = VERTEX_POINT('',#2156);
#2156 = CARTESIAN_POINT('',(18.234886774743,13.327833458461,1.8));
#2157 = SURFACE_CURVE('',#2158,(#2162,#2169),.PCURVE_S1.);
#2158 = LINE('',#2159,#2160);
#2159 = CARTESIAN_POINT('',(18.234886774743,13.327833458461,-1.));
#2160 = VECTOR('',#2161,1.);
#2161 = DIRECTION('',(0.,0.,1.));
#2162 = PCURVE('',#1861,#2163);
#2163 = DEFINITIONAL_REPRESENTATION('',(#2164),#2168);
#2164 = LINE('',#2165,#2166);
#2165 = CARTESIAN_POINT('',(0.,0.));
#2166 = VECTOR('',#2167,1.);
#2167 = DIRECTION('',(0.,-1.));
#2168 = ( GEOMETRIC_REPRESENTATION_CONTEXT(2) 
PARAMETRIC_REPRESENTATION_CONTEXT() REPRESENTATION_CONTEXT('2D SPACE',''
  ) );
#2169 = PCURVE('',#1833,#2170);
#2170 = DEFINITIONAL_REPRESENTATION('',(#2171),#2175);
#2171 = LINE('',#2172,#2173);
#2172 = CARTESIAN_POINT('',(3.14159265359,0.));
#2173 = VECTOR('',#2174,1.);
#2174 = DIRECTION('',(0.,-1.));
#2175 = ( GEOMETRIC_REPRESENTATION_CONTEXT(2) 
PARAMETRIC_REPRESENTATION_CONTEXT() REPRESENTATION_CONTEXT('2D SPACE',''
  ) );
#2176 = ORIENTED_EDGE('',*,*,#2177,.T.);
#2177 = EDGE_CURVE('',#2155,#2105,#2178,.T.);
#2178 = SURFACE_CURVE('',#2179,(#2183,#2190),.PCURVE_S1.);
#2179 = LINE('',#2180,#2181);
#2180 = CARTESIAN_POINT('',(18.234886774743,13.327833458461,1.8));
#2181 = VECTOR('',#2182,1.);
#2182 = DIRECTION('',(0.913545457643,-0.406736643076,0.));
#2183 = PCURVE('',#1861,#2184);
#2184 = DEFINITIONAL_REPRESENTATION('',(#2185),#2189);
#2185 = LINE('',#2186,#2187);
#2186 = CARTESIAN_POINT('',(0.,-2.8));
#2187 = VECTOR('',#2188,1.);
#2188 = DIRECTION('',(1.,0.));
#2189 = ( GEOMETRIC_REPRESENTATION_CONTEXT(2) 
PARAMETRIC_REPRESENTATION_CONTEXT() REPRESENTATION_CONTEXT('2D SPACE',''
  ) );
#2190 = PCURVE('',#2067,#2191);
#2191 = DEFINITIONAL_REPRESENTATION('',(#2192),#2196);
#2192 = LINE('',#2193,#2194);
#2193 = CARTESIAN_POINT('',(1.765113225257,2.427833458461));
#2194 = VECTOR('',#2195,1.);
#2195 = DIRECTION('',(-0.913545457643,-0.406736643076));
#2196 = ( GEOMETRIC_REPRESENTATION_CONTEXT(2) 
PARAMETRIC_REPRESENTATION_CONTEXT() REPRESENTATION_CONTEXT('2D SPACE',''
  ) );
#2197 = ORIENTED_EDGE('',*,*,#2104,.F.);
#2198 = ADVANCED_FACE('',(#2199),#1833,.F.);
#2199 = FACE_BOUND('',#2200,.F.);
#2200 = EDGE_LOOP('',(#2201,#2202,#2203,#2225));
#2201 = ORIENTED_EDGE('',*,*,#1812,.F.);
#2202 = ORIENTED_EDGE('',*,*,#2079,.T.);
#2203 = ORIENTED_EDGE('',*,*,#2204,.T.);
#2204 = EDGE_CURVE('',#2052,#2155,#2205,.T.);
#2205 = SURFACE_CURVE('',#2206,(#2211,#2218),.PCURVE_S1.);
#2206 = CIRCLE('',#2207,1.5);
#2207 = AXIS2_PLACEMENT_3D('',#2208,#2209,#2210);
#2208 = CARTESIAN_POINT('',(17.624781810129,11.957515271997,1.8));
#2209 = DIRECTION('',(-0.,0.,-1.));
#2210 = DIRECTION('',(-0.406736643076,-0.913545457643,0.));
#2211 = PCURVE('',#1833,#2212);
#2212 = DEFINITIONAL_REPRESENTATION('',(#2213),#2217);
#2213 = LINE('',#2214,#2215);
#2214 = CARTESIAN_POINT('',(0.,-2.8));
#2215 = VECTOR('',#2216,1.);
#2216 = DIRECTION('',(1.,0.));
#2217 = ( GEOMETRIC_REPRESENTATION_CONTEXT(2) 
PARAMETRIC_REPRESENTATION_CONTEXT() REPRESENTATION_CONTEXT('2D SPACE',''
  ) );
#2218 = PCURVE('',#2067,#2219);
#2219 = DEFINITIONAL_REPRESENTATION('',(#2220),#2224);
#2220 = CIRCLE('',#2221,1.5);
#2221 = AXIS2_PLACEMENT_2D('',#2222,#2223);
#2222 = CARTESIAN_POINT('',(2.375218189871,1.057515271997));
#2223 = DIRECTION('',(0.406736643076,-0.913545457643));
#2224 = ( GEOMETRIC_REPRESENTATION_CONTEXT(2) 
PARAMETRIC_REPRESENTATION_CONTEXT() REPRESENTATION_CONTEXT('2D SPACE',''
  ) );
#2225 = ORIENTED_EDGE('',*,*,#2154,.F.);
#2226 = ADVANCED_FACE('',(#2227),#2011,.T.);
#2227 = FACE_BOUND('',#2228,.T.);
#2228 = EDGE_LOOP('',(#2229));
#2229 = ORIENTED_EDGE('',*,*,#1996,.T.);
#2230 = ADVANCED_FACE('',(#2231),#2067,.T.);
#2231 = FACE_BOUND('',#2232,.T.);
#2232 = EDGE_LOOP('',(#2233,#2234,#2235,#2236));
#2233 = ORIENTED_EDGE('',*,*,#2051,.T.);
#2234 = ORIENTED_EDGE('',*,*,#2204,.T.);
#2235 = ORIENTED_EDGE('',*,*,#2177,.T.);
#2236 = ORIENTED_EDGE('',*,*,#2127,.T.);
#2237 = ( GEOMETRIC_REPRESENTATION_CONTEXT(3) 
GLOBAL_UNCERTAINTY_ASSIGNED_CONTEXT((#2241)) 
GLOBAL_UNIT_ASSIGNED_CONTEXT((#2238,#2239,#2240)) REPRESENTATION_CONTEXT
('Context #1','3D Context with UNIT and UNCERTAINTY') );
#2238 = ( LENGTH_UNIT() NAMED_UNIT(*) SI_UNIT(.MILLI.,.METRE.) );
#2239 = ( NAMED_UNIT(*) PLANE_ANGLE_UNIT() SI_UNIT($,.RADIAN.) );
#2240 = ( NAMED_UNIT(*) SI_UNIT($,.STERADIAN.) SOLID_ANGLE_UNIT() );
#2241 = UNCERTAINTY_MEASURE_WITH_UNIT(LENGTH_MEASURE(2.E-06),#2238,
  'distance_accuracy_value','confusion accuracy');
#2242 = CONTEXT_DEPENDENT_SHAPE_REPRESENTATION(#2243,#2245);
#2243 = ( REPRESENTATION_RELATIONSHIP('','',#36,#10) 
REPRESENTATION_RELATIONSHIP_WITH_TRANSFORMATION(#2244) 
SHAPE_REPRESENTATION_RELATIONSHIP() );
#2244 = ITEM_DEFINED_TRANSFORMATION('','',#11,#15);
#2245 = PRODUCT_DEFINITION_SHAPE('Placement','Placement of an item',
  #2246);
#2246 = NEXT_ASSEMBLY_USAGE_OCCURRENCE('5','','',#5,#31,$);
#2247 = PRODUCT_RELATED_PRODUCT_CATEGORY('part',$,(#33));
#2248 = SHAPE_DEFINITION_REPRESENTATION(#2249,#2255);
#2249 = PRODUCT_DEFINITION_SHAPE('','',#2250);
#2250 = PRODUCT_DEFINITION('design','',#2251,#2254);
#2251 = PRODUCT_DEFINITION_FORMATION('','',#2252);
#2252 = PRODUCT('Open CASCADE STEP translator 7.9 3.2',
  'Open CASCADE STEP translator 7.9 3.2','',(#2253));
#2253 = PRODUCT_CONTEXT('',#2,'mechanical');
#2254 = PRODUCT_DEFINITION_CONTEXT('part definition',#2,'design');
#2255 = ADVANCED_BREP_SHAPE_REPRESENTATION('',(#11,#2256),#7063);
#2256 = MANIFOLD_SOLID_BREP('',#2257);
#2257 = CLOSED_SHELL('',(#2258,#2548,#2662,#4547,#4608,#5363,#5396,#5421
    ,#5428,#5483,#5559,#5608,#5657,#5706,#5755,#5804,#5831,#5907,#5956,
    #6005,#6054,#6103,#6152,#6201,#6250,#6299,#6348,#6397,#6446,#6495,
    #6544,#6593,#6642,#6691,#6740,#6789,#6816,#6892,#6942,#6991,#7019,
    #7023,#7033,#7056));
#2258 = ADVANCED_FACE('',(#2259),#2275,.F.);
#2259 = FACE_BOUND('',#2260,.F.);
#2260 = EDGE_LOOP('',(#2261,#2356,#2436,#2470));
#2261 = ORIENTED_EDGE('',*,*,#2262,.F.);
#2262 = EDGE_CURVE('',#2263,#2265,#2267,.T.);
#2263 = VERTEX_POINT('',#2264);
#2264 = CARTESIAN_POINT('',(29.999908870832,-3.125,0.));
#2265 = VERTEX_POINT('',#2266);
#2266 = CARTESIAN_POINT('',(31.071705640556,-3.125,4.));
#2267 = SURFACE_CURVE('',#2268,(#2274,#2342),.PCURVE_S1.);
#2268 = B_SPLINE_CURVE_WITH_KNOTS('',4,(#2269,#2270,#2271,#2272,#2273),
  .UNSPECIFIED.,.F.,.F.,(5,5),(0.,1.),.PIECEWISE_BEZIER_KNOTS.);
#2269 = CARTESIAN_POINT('',(29.999908870832,-3.125,0.));
#2270 = CARTESIAN_POINT('',(30.267858063263,-3.125,1.));
#2271 = CARTESIAN_POINT('',(30.535807255694,-3.125,2.));
#2272 = CARTESIAN_POINT('',(30.803756448125,-3.125,3.));
#2273 = CARTESIAN_POINT('',(31.071705640556,-3.125,4.));
#2274 = PCURVE('',#2275,#2334);
#2275 = B_SPLINE_SURFACE_WITH_KNOTS('',3,1,(
    (#2276,#2277)
    ,(#2278,#2279)
    ,(#2280,#2281)
    ,(#2282,#2283)
    ,(#2284,#2285)
    ,(#2286,#2287)
    ,(#2288,#2289)
    ,(#2290,#2291)
    ,(#2292,#2293)
    ,(#2294,#2295)
    ,(#2296,#2297)
    ,(#2298,#2299)
    ,(#2300,#2301)
    ,(#2302,#2303)
    ,(#2304,#2305)
    ,(#2306,#2307)
    ,(#2308,#2309)
    ,(#2310,#2311)
    ,(#2312,#2313)
    ,(#2314,#2315)
    ,(#2316,#2317)
    ,(#2318,#2319)
    ,(#2320,#2321)
    ,(#2322,#2323)
    ,(#2324,#2325)
    ,(#2326,#2327)
    ,(#2328,#2329)
    ,(#2330,#2331)
    ,(#2332,#2333
    )),.UNSPECIFIED.,.T.,.F.,.F.,(1,1,2,1,1,1,1,1,1,1,1,1,1,1,1,1,1,1,1,
    1,1,1,1,1,1,1,1,1,2,1,1),(2,2),(-11.12863082616,-5.192301994299,0.,
    5.192301994299,11.128630826161,17.776938881599,24.45001912988,
    31.413495273302,37.423694937206,45.431347527073,54.799378269977,
    61.156264300103,65.497922969321,69.325454811122,73.816557125699,
    78.820555526978,83.824553928257,88.315656242834,92.143188084635,
    96.484846753853,102.84173278397,112.20976352688,120.21741611674,
    126.22761578065,133.19109192407,139.86417217235,146.51248022779,
    152.44880905965,157.64111105395,162.83341304825,168.76974188011),(0.
    ,1.),.UNSPECIFIED.);
#2276 = CARTESIAN_POINT('',(-28.19467798052,-4.757923115404,0.));
#2277 = CARTESIAN_POINT('',(-27.12288121079,-4.757923115404,4.));
#2278 = CARTESIAN_POINT('',(-27.80532201947,-1.242076884596,0.));
#2279 = CARTESIAN_POINT('',(-26.73352524975,-1.242076884596,4.));
#2280 = CARTESIAN_POINT('',(-26.75646873277,2.336215308645,0.));
#2281 = CARTESIAN_POINT('',(-25.68467196305,2.336215308645,4.));
#2282 = CARTESIAN_POINT('',(-23.41828871055,7.340548207808,0.));
#2283 = CARTESIAN_POINT('',(-22.34649194083,7.340548207808,4.));
#2284 = CARTESIAN_POINT('',(-18.75681809731,11.798094545236,0.));
#2285 = CARTESIAN_POINT('',(-17.68502132759,11.798094545236,4.));
#2286 = CARTESIAN_POINT('',(-12.85133167509,15.317370819243,0.));
#2287 = CARTESIAN_POINT('',(-11.77953490536,15.317370819243,4.));
#2288 = CARTESIAN_POINT('',(-6.314132526844,16.517954476765,0.));
#2289 = CARTESIAN_POINT('',(-5.242335757119,16.517954476765,4.));
#2290 = CARTESIAN_POINT('',(0.64996341515,16.81092651448,0.));
#2291 = CARTESIAN_POINT('',(1.721760184874,16.81092651448,4.));
#2292 = CARTESIAN_POINT('',(8.530413832458,16.837673001601,0.));
#2293 = CARTESIAN_POINT('',(9.602210602183,16.837673001601,4.));
#2294 = CARTESIAN_POINT('',(16.064653825025,14.060161584088,0.));
#2295 = CARTESIAN_POINT('',(17.136450594749,14.060161584088,4.));
#2296 = CARTESIAN_POINT('',(22.361060251736,12.043362644683,0.));
#2297 = CARTESIAN_POINT('',(23.43285702146,12.043362644683,4.));
#2298 = CARTESIAN_POINT('',(26.944413011804,10.041845739911,0.));
#2299 = CARTESIAN_POINT('',(28.016209781529,10.041845739911,4.));
#2300 = CARTESIAN_POINT('',(29.256656930442,6.261815380072,0.));
#2301 = CARTESIAN_POINT('',(30.328453700167,6.261815380072,4.));
#2302 = CARTESIAN_POINT('',(29.908601413114,1.830585886073,0.));
#2303 = CARTESIAN_POINT('',(30.980398182838,1.830585886073,4.));
#2304 = CARTESIAN_POINT('',(30.048167847629,-3.,0.));
#2305 = CARTESIAN_POINT('',(31.119964617353,-3.,4.));
#2306 = CARTESIAN_POINT('',(29.908601340434,-7.830585886073,0.));
#2307 = CARTESIAN_POINT('',(30.980398110159,-7.830585886073,4.));
#2308 = CARTESIAN_POINT('',(29.25665717114,-12.26181538007,0.));
#2309 = CARTESIAN_POINT('',(30.328453940865,-12.26181538007,4.));
#2310 = CARTESIAN_POINT('',(26.944412212012,-16.04184573991,0.));
#2311 = CARTESIAN_POINT('',(28.016208981736,-16.04184573991,4.));
#2312 = CARTESIAN_POINT('',(22.361064394243,-18.04336264468,0.));
#2313 = CARTESIAN_POINT('',(23.432861163967,-18.04336264468,4.));
#2314 = CARTESIAN_POINT('',(16.064625424713,-20.06016158408,0.));
#2315 = CARTESIAN_POINT('',(17.136422194438,-20.06016158408,4.));
#2316 = CARTESIAN_POINT('',(8.5305641273,-22.8376730016,0.));
#2317 = CARTESIAN_POINT('',(9.602360897024,-22.8376730016,4.));
#2318 = CARTESIAN_POINT('',(0.649546473588,-22.81092651448,0.));
#2319 = CARTESIAN_POINT('',(1.721343243313,-22.81092651448,4.));
#2320 = CARTESIAN_POINT('',(-6.312923755102,-22.51795447676,0.));
#2321 = CARTESIAN_POINT('',(-5.241126985378,-22.51795447676,4.));
#2322 = CARTESIAN_POINT('',(-12.85660883347,-21.31737081924,0.));
#2323 = CARTESIAN_POINT('',(-11.78481206375,-21.31737081924,4.));
#2324 = CARTESIAN_POINT('',(-18.73814091818,-17.79809454523,0.));
#2325 = CARTESIAN_POINT('',(-17.66634414845,-17.79809454523,4.));
#2326 = CARTESIAN_POINT('',(-23.48463883032,-13.3405482078,0.));
#2327 = CARTESIAN_POINT('',(-22.41284206059,-13.3405482078,4.));
#2328 = CARTESIAN_POINT('',(-26.54956905411,-8.336215308645,0.));
#2329 = CARTESIAN_POINT('',(-25.47777228439,-8.336215308645,4.));
#2330 = CARTESIAN_POINT('',(-28.19467798052,-4.757923115404,0.));
#2331 = CARTESIAN_POINT('',(-27.12288121079,-4.757923115404,4.));
#2332 = CARTESIAN_POINT('',(-27.80532201947,-1.242076884596,0.));
#2333 = CARTESIAN_POINT('',(-26.73352524975,-1.242076884596,4.));
#2334 = DEFINITIONAL_REPRESENTATION('',(#2335),#2341);
#2335 = B_SPLINE_CURVE_WITH_KNOTS('',4,(#2336,#2337,#2338,#2339,#2340),
  .UNSPECIFIED.,.F.,.F.,(5,5),(0.,1.),.PIECEWISE_BEZIER_KNOTS.);
#2336 = CARTESIAN_POINT('',(78.94561887429,0.));
#2337 = CARTESIAN_POINT('',(78.94561887429,0.25));
#2338 = CARTESIAN_POINT('',(78.94561887429,0.5));
#2339 = CARTESIAN_POINT('',(78.94561887429,0.75));
#2340 = CARTESIAN_POINT('',(78.94561887429,1.));
#2341 = ( GEOMETRIC_REPRESENTATION_CONTEXT(2) 
PARAMETRIC_REPRESENTATION_CONTEXT() REPRESENTATION_CONTEXT('2D SPACE',''
  ) );
#2342 = PCURVE('',#2343,#2348);
#2343 = PLANE('',#2344);
#2344 = AXIS2_PLACEMENT_3D('',#2345,#2346,#2347);
#2345 = CARTESIAN_POINT('',(-100.,-3.125,-100.));
#2346 = DIRECTION('',(0.,1.,0.));
#2347 = DIRECTION('',(0.,0.,1.));
#2348 = DEFINITIONAL_REPRESENTATION('',(#2349),#2355);
#2349 = B_SPLINE_CURVE_WITH_KNOTS('',4,(#2350,#2351,#2352,#2353,#2354),
  .UNSPECIFIED.,.F.,.F.,(5,5),(0.,1.),.PIECEWISE_BEZIER_KNOTS.);
#2350 = CARTESIAN_POINT('',(100.,129.99990887083));
#2351 = CARTESIAN_POINT('',(101.,130.26785806326));
#2352 = CARTESIAN_POINT('',(102.,130.53580725569));
#2353 = CARTESIAN_POINT('',(103.,130.80375644812));
#2354 = CARTESIAN_POINT('',(104.,131.07170564055));
#2355 = ( GEOMETRIC_REPRESENTATION_CONTEXT(2) 
PARAMETRIC_REPRESENTATION_CONTEXT() REPRESENTATION_CONTEXT('2D SPACE',''
  ) );
#2356 = ORIENTED_EDGE('',*,*,#2357,.T.);
#2357 = EDGE_CURVE('',#2263,#2358,#2360,.T.);
#2358 = VERTEX_POINT('',#2359);
#2359 = CARTESIAN_POINT('',(-28.01224588709,-3.125,0.));
#2360 = SURFACE_CURVE('',#2361,(#2391,#2398),.PCURVE_S1.);
#2361 = B_SPLINE_CURVE_WITH_KNOTS('',3,(#2362,#2363,#2364,#2365,#2366,
    #2367,#2368,#2369,#2370,#2371,#2372,#2373,#2374,#2375,#2376,#2377,
    #2378,#2379,#2380,#2381,#2382,#2383,#2384,#2385,#2386,#2387,#2388,
    #2389,#2390),.UNSPECIFIED.,.T.,.F.,(1,1,2,1,1,1,1,1,1,1,1,1,1,1,1,1,
    1,1,1,1,1,1,1,1,1,1,1,1,2,1,1),(-11.12863082616,-5.192301994299,0.,
    5.192301994299,11.128630826161,17.776938881599,24.45001912988,
    31.413495273302,37.423694937206,45.431347527073,54.799378269977,
    61.156264300103,65.497922969321,69.325454811122,73.816557125699,
    78.820555526978,83.824553928257,88.315656242834,92.143188084635,
    96.484846753853,102.84173278397,112.20976352688,120.21741611674,
    126.22761578065,133.19109192407,139.86417217235,146.51248022779,
    152.44880905965,157.64111105395,162.83341304825,168.76974188011),
  .UNSPECIFIED.);
#2362 = CARTESIAN_POINT('',(-28.19467798052,-4.757923115404,0.));
#2363 = CARTESIAN_POINT('',(-27.80532201947,-1.242076884596,0.));
#2364 = CARTESIAN_POINT('',(-26.75646873277,2.336215308645,0.));
#2365 = CARTESIAN_POINT('',(-23.41828871055,7.340548207808,0.));
#2366 = CARTESIAN_POINT('',(-18.75681809731,11.798094545236,0.));
#2367 = CARTESIAN_POINT('',(-12.85133167509,15.317370819243,0.));
#2368 = CARTESIAN_POINT('',(-6.314132526844,16.517954476765,0.));
#2369 = CARTESIAN_POINT('',(0.64996341515,16.81092651448,0.));
#2370 = CARTESIAN_POINT('',(8.530413832458,16.837673001601,0.));
#2371 = CARTESIAN_POINT('',(16.064653825025,14.060161584088,0.));
#2372 = CARTESIAN_POINT('',(22.361060251736,12.043362644683,0.));
#2373 = CARTESIAN_POINT('',(26.944413011804,10.041845739911,0.));
#2374 = CARTESIAN_POINT('',(29.256656930442,6.261815380072,0.));
#2375 = CARTESIAN_POINT('',(29.908601413114,1.830585886073,0.));
#2376 = CARTESIAN_POINT('',(30.048167847629,-3.,0.));
#2377 = CARTESIAN_POINT('',(29.908601340434,-7.830585886073,0.));
#2378 = CARTESIAN_POINT('',(29.25665717114,-12.26181538007,0.));
#2379 = CARTESIAN_POINT('',(26.944412212012,-16.04184573991,0.));
#2380 = CARTESIAN_POINT('',(22.361064394243,-18.04336264468,0.));
#2381 = CARTESIAN_POINT('',(16.064625424713,-20.06016158408,0.));
#2382 = CARTESIAN_POINT('',(8.5305641273,-22.8376730016,0.));
#2383 = CARTESIAN_POINT('',(0.649546473588,-22.81092651448,0.));
#2384 = CARTESIAN_POINT('',(-6.312923755102,-22.51795447676,0.));
#2385 = CARTESIAN_POINT('',(-12.85660883347,-21.31737081924,0.));
#2386 = CARTESIAN_POINT('',(-18.73814091818,-17.79809454523,0.));
#2387 = CARTESIAN_POINT('',(-23.48463883032,-13.3405482078,0.));
#2388 = CARTESIAN_POINT('',(-26.54956905411,-8.336215308645,0.));
#2389 = CARTESIAN_POINT('',(-28.19467798052,-4.757923115404,0.));
#2390 = CARTESIAN_POINT('',(-27.80532201947,-1.242076884596,0.));
#2391 = PCURVE('',#2275,#2392);
#2392 = DEFINITIONAL_REPRESENTATION('',(#2393),#2397);
#2393 = LINE('',#2394,#2395);
#2394 = CARTESIAN_POINT('',(0.,0.));
#2395 = VECTOR('',#2396,1.);
#2396 = DIRECTION('',(1.,0.));
#2397 = ( GEOMETRIC_REPRESENTATION_CONTEXT(2) 
PARAMETRIC_REPRESENTATION_CONTEXT() REPRESENTATION_CONTEXT('2D SPACE',''
  ) );
#2398 = PCURVE('',#2399,#2404);
#2399 = PLANE('',#2400);
#2400 = AXIS2_PLACEMENT_3D('',#2401,#2402,#2403);
#2401 = CARTESIAN_POINT('',(-28.,-3.,0.));
#2402 = DIRECTION('',(-0.,0.,1.));
#2403 = DIRECTION('',(0.994533904972,-0.104414136312,0.));
#2404 = DEFINITIONAL_REPRESENTATION('',(#2405),#2435);
#2405 = B_SPLINE_CURVE_WITH_KNOTS('',3,(#2406,#2407,#2408,#2409,#2410,
    #2411,#2412,#2413,#2414,#2415,#2416,#2417,#2418,#2419,#2420,#2421,
    #2422,#2423,#2424,#2425,#2426,#2427,#2428,#2429,#2430,#2431,#2432,
    #2433,#2434),.UNSPECIFIED.,.F.,.F.,(1,1,2,1,1,1,1,1,1,1,1,1,1,1,1,1,
    1,1,1,1,1,1,1,1,1,1,1,1,2,1,1),(-11.12863082616,-5.192301994299,0.,
    5.192301994299,11.128630826161,17.776938881599,24.45001912988,
    31.413495273302,37.423694937206,45.431347527073,54.799378269977,
    61.156264300103,65.497922969321,69.325454811122,73.816557125699,
    78.820555526978,83.824553928257,88.315656242834,92.143188084635,
    96.484846753853,102.84173278397,112.20976352688,120.21741611674,
    126.22761578065,133.19109192407,139.86417217235,146.51248022779,
    152.44880905965,157.64111105395,162.83341304825,168.76974188011),
  .UNSPECIFIED.);
#2406 = CARTESIAN_POINT('',(-1.006182838394E-02,-1.768641273798));
#2407 = CARTESIAN_POINT('',(1.006182838394E-02,1.768641273798));
#2408 = CARTESIAN_POINT('',(0.679557694519,5.43688929192));
#2409 = CARTESIAN_POINT('',(3.476967810037,10.762421215776));
#2410 = CARTESIAN_POINT('',(7.647527531043,15.682325609354));
#2411 = CARTESIAN_POINT('',(13.153271810702,19.798981449094));
#2412 = CARTESIAN_POINT('',(19.529380101516,21.675578605216));
#2413 = CARTESIAN_POINT('',(26.424819211023,22.694099292906));
#2414 = CARTESIAN_POINT('',(34.259401626133,23.543530005257));
#2415 = CARTESIAN_POINT('',(42.04247020269,21.567881890683));
#2416 = CARTESIAN_POINT('',(48.515042192908,20.219540804845));
#2417 = CARTESIAN_POINT('',(53.282328570166,18.70753120153));
#2418 = CARTESIAN_POINT('',(55.976622149071,15.189593798554));
#2419 = CARTESIAN_POINT('',(57.087686041662,10.850658046142));
#2420 = CARTESIAN_POINT('',(57.730871045956,6.061049310282));
#2421 = CARTESIAN_POINT('',(58.096448875726,1.242295149398));
#2422 = CARTESIAN_POINT('',(57.910751295629,-3.232785010455));
#2423 = CARTESIAN_POINT('',(56.00583389243,-7.233584425486));
#2424 = CARTESIAN_POINT('',(51.656525748306,-9.702727152463));
#2425 = CARTESIAN_POINT('',(45.605086031896,-12.36593931405));
#2426 = CARTESIAN_POINT('',(38.402218085238,-15.9149310935));
#2427 = CARTESIAN_POINT('',(30.561486111589,-16.71122045679));
#2428 = CARTESIAN_POINT('',(23.606482984519,-17.1468301476));
#2429 = CARTESIAN_POINT('',(16.973208404945,-16.63606222019));
#2430 = CARTESIAN_POINT('',(10.756363140935,-13.75013773754));
#2431 = CARTESIAN_POINT('',(5.570379186545,-9.812558251992));
#2432 = CARTESIAN_POINT('',(1.999679065129,-5.155601554182));
#2433 = CARTESIAN_POINT('',(-1.006182838394E-02,-1.768641273798));
#2434 = CARTESIAN_POINT('',(1.006182838394E-02,1.768641273798));
#2435 = ( GEOMETRIC_REPRESENTATION_CONTEXT(2) 
PARAMETRIC_REPRESENTATION_CONTEXT() REPRESENTATION_CONTEXT('2D SPACE',''
  ) );
#2436 = ORIENTED_EDGE('',*,*,#2437,.T.);
#2437 = EDGE_CURVE('',#2358,#2438,#2440,.T.);
#2438 = VERTEX_POINT('',#2439);
#2439 = CARTESIAN_POINT('',(-26.94044911737,-3.125,4.));
#2440 = SURFACE_CURVE('',#2441,(#2447,#2456),.PCURVE_S1.);
#2441 = B_SPLINE_CURVE_WITH_KNOTS('',4,(#2442,#2443,#2444,#2445,#2446),
  .UNSPECIFIED.,.F.,.F.,(5,5),(0.,1.),.PIECEWISE_BEZIER_KNOTS.);
#2442 = CARTESIAN_POINT('',(-28.01224588709,-3.125,0.));
#2443 = CARTESIAN_POINT('',(-27.74429669466,-3.125,1.));
#2444 = CARTESIAN_POINT('',(-27.47634750223,-3.125,2.));
#2445 = CARTESIAN_POINT('',(-27.2083983098,-3.125,3.));
#2446 = CARTESIAN_POINT('',(-26.94044911737,-3.125,4.));
#2447 = PCURVE('',#2275,#2448);
#2448 = DEFINITIONAL_REPRESENTATION('',(#2449),#2455);
#2449 = B_SPLINE_CURVE_WITH_KNOTS('',4,(#2450,#2451,#2452,#2453,#2454),
  .UNSPECIFIED.,.F.,.F.,(5,5),(0.,1.),.PIECEWISE_BEZIER_KNOTS.);
#2450 = CARTESIAN_POINT('',(157.51789487003,0.));
#2451 = CARTESIAN_POINT('',(157.51789487003,0.25));
#2452 = CARTESIAN_POINT('',(157.51789487003,0.5));
#2453 = CARTESIAN_POINT('',(157.51789487003,0.75));
#2454 = CARTESIAN_POINT('',(157.51789487003,1.));
#2455 = ( GEOMETRIC_REPRESENTATION_CONTEXT(2) 
PARAMETRIC_REPRESENTATION_CONTEXT() REPRESENTATION_CONTEXT('2D SPACE',''
  ) );
#2456 = PCURVE('',#2457,#2462);
#2457 = PLANE('',#2458);
#2458 = AXIS2_PLACEMENT_3D('',#2459,#2460,#2461);
#2459 = CARTESIAN_POINT('',(-100.,-3.125,-100.));
#2460 = DIRECTION('',(0.,1.,0.));
#2461 = DIRECTION('',(0.,0.,1.));
#2462 = DEFINITIONAL_REPRESENTATION('',(#2463),#2469);
#2463 = B_SPLINE_CURVE_WITH_KNOTS('',4,(#2464,#2465,#2466,#2467,#2468),
  .UNSPECIFIED.,.F.,.F.,(5,5),(0.,1.),.PIECEWISE_BEZIER_KNOTS.);
#2464 = CARTESIAN_POINT('',(100.,71.987754112903));
#2465 = CARTESIAN_POINT('',(101.,72.255703305334));
#2466 = CARTESIAN_POINT('',(102.,72.523652497765));
#2467 = CARTESIAN_POINT('',(103.,72.791601690196));
#2468 = CARTESIAN_POINT('',(104.,73.059550882627));
#2469 = ( GEOMETRIC_REPRESENTATION_CONTEXT(2) 
PARAMETRIC_REPRESENTATION_CONTEXT() REPRESENTATION_CONTEXT('2D SPACE',''
  ) );
#2470 = ORIENTED_EDGE('',*,*,#2471,.F.);
#2471 = EDGE_CURVE('',#2265,#2438,#2472,.T.);
#2472 = SURFACE_CURVE('',#2473,(#2503,#2510),.PCURVE_S1.);
#2473 = B_SPLINE_CURVE_WITH_KNOTS('',3,(#2474,#2475,#2476,#2477,#2478,
    #2479,#2480,#2481,#2482,#2483,#2484,#2485,#2486,#2487,#2488,#2489,
    #2490,#2491,#2492,#2493,#2494,#2495,#2496,#2497,#2498,#2499,#2500,
    #2501,#2502),.UNSPECIFIED.,.T.,.F.,(1,1,2,1,1,1,1,1,1,1,1,1,1,1,1,1,
    1,1,1,1,1,1,1,1,1,1,1,1,2,1,1),(-11.12863082616,-5.192301994299,0.,
    5.192301994299,11.128630826161,17.776938881599,24.45001912988,
    31.413495273302,37.423694937206,45.431347527073,54.799378269977,
    61.156264300103,65.497922969321,69.325454811122,73.816557125699,
    78.820555526978,83.824553928257,88.315656242834,92.143188084635,
    96.484846753853,102.84173278397,112.20976352688,120.21741611674,
    126.22761578065,133.19109192407,139.86417217235,146.51248022779,
    152.44880905965,157.64111105395,162.83341304825,168.76974188011),
  .UNSPECIFIED.);
#2474 = CARTESIAN_POINT('',(-27.12288121079,-4.757923115404,4.));
#2475 = CARTESIAN_POINT('',(-26.73352524975,-1.242076884596,4.));
#2476 = CARTESIAN_POINT('',(-25.68467196305,2.336215308645,4.));
#2477 = CARTESIAN_POINT('',(-22.34649194083,7.340548207808,4.));
#2478 = CARTESIAN_POINT('',(-17.68502132759,11.798094545236,4.));
#2479 = CARTESIAN_POINT('',(-11.77953490536,15.317370819243,4.));
#2480 = CARTESIAN_POINT('',(-5.242335757119,16.517954476765,4.));
#2481 = CARTESIAN_POINT('',(1.721760184874,16.81092651448,4.));
#2482 = CARTESIAN_POINT('',(9.602210602183,16.837673001601,4.));
#2483 = CARTESIAN_POINT('',(17.136450594749,14.060161584088,4.));
#2484 = CARTESIAN_POINT('',(23.43285702146,12.043362644683,4.));
#2485 = CARTESIAN_POINT('',(28.016209781529,10.041845739911,4.));
#2486 = CARTESIAN_POINT('',(30.328453700167,6.261815380072,4.));
#2487 = CARTESIAN_POINT('',(30.980398182838,1.830585886073,4.));
#2488 = CARTESIAN_POINT('',(31.119964617353,-3.,4.));
#2489 = CARTESIAN_POINT('',(30.980398110159,-7.830585886073,4.));
#2490 = CARTESIAN_POINT('',(30.328453940865,-12.26181538007,4.));
#2491 = CARTESIAN_POINT('',(28.016208981736,-16.04184573991,4.));
#2492 = CARTESIAN_POINT('',(23.432861163967,-18.04336264468,4.));
#2493 = CARTESIAN_POINT('',(17.136422194438,-20.06016158408,4.));
#2494 = CARTESIAN_POINT('',(9.602360897024,-22.8376730016,4.));
#2495 = CARTESIAN_POINT('',(1.721343243313,-22.81092651448,4.));
#2496 = CARTESIAN_POINT('',(-5.241126985378,-22.51795447676,4.));
#2497 = CARTESIAN_POINT('',(-11.78481206375,-21.31737081924,4.));
#2498 = CARTESIAN_POINT('',(-17.66634414845,-17.79809454523,4.));
#2499 = CARTESIAN_POINT('',(-22.41284206059,-13.3405482078,4.));
#2500 = CARTESIAN_POINT('',(-25.47777228439,-8.336215308645,4.));
#2501 = CARTESIAN_POINT('',(-27.12288121079,-4.757923115404,4.));
#2502 = CARTESIAN_POINT('',(-26.73352524975,-1.242076884596,4.));
#2503 = PCURVE('',#2275,#2504);
#2504 = DEFINITIONAL_REPRESENTATION('',(#2505),#2509);
#2505 = LINE('',#2506,#2507);
#2506 = CARTESIAN_POINT('',(0.,1.));
#2507 = VECTOR('',#2508,1.);
#2508 = DIRECTION('',(1.,0.));
#2509 = ( GEOMETRIC_REPRESENTATION_CONTEXT(2) 
PARAMETRIC_REPRESENTATION_CONTEXT() REPRESENTATION_CONTEXT('2D SPACE',''
  ) );
#2510 = PCURVE('',#2511,#2516);
#2511 = PLANE('',#2512);
#2512 = AXIS2_PLACEMENT_3D('',#2513,#2514,#2515);
#2513 = CARTESIAN_POINT('',(-26.92820323027,-3.,4.));
#2514 = DIRECTION('',(-2.011080212013E-18,-1.915533209503E-17,1.));
#2515 = DIRECTION('',(0.994533904972,-0.104414136312,3.851859888774E-34)
  );
#2516 = DEFINITIONAL_REPRESENTATION('',(#2517),#2547);
#2517 = B_SPLINE_CURVE_WITH_KNOTS('',3,(#2518,#2519,#2520,#2521,#2522,
    #2523,#2524,#2525,#2526,#2527,#2528,#2529,#2530,#2531,#2532,#2533,
    #2534,#2535,#2536,#2537,#2538,#2539,#2540,#2541,#2542,#2543,#2544,
    #2545,#2546),.UNSPECIFIED.,.F.,.F.,(1,1,2,1,1,1,1,1,1,1,1,1,1,1,1,1,
    1,1,1,1,1,1,1,1,1,1,1,1,2,1,1),(-11.12863082616,-5.192301994299,0.,
    5.192301994299,11.128630826161,17.776938881599,24.45001912988,
    31.413495273302,37.423694937206,45.431347527073,54.799378269977,
    61.156264300103,65.497922969321,69.325454811122,73.816557125699,
    78.820555526978,83.824553928257,88.315656242834,92.143188084635,
    96.484846753853,102.84173278397,112.20976352688,120.21741611674,
    126.22761578065,133.19109192407,139.86417217235,146.51248022779,
    152.44880905965,157.64111105395,162.83341304825,168.76974188011),
  .UNSPECIFIED.);
#2518 = CARTESIAN_POINT('',(-1.006182838394E-02,-1.768641273798));
#2519 = CARTESIAN_POINT('',(1.006182838394E-02,1.768641273798));
#2520 = CARTESIAN_POINT('',(0.679557694519,5.43688929192));
#2521 = CARTESIAN_POINT('',(3.476967810037,10.762421215776));
#2522 = CARTESIAN_POINT('',(7.647527531043,15.682325609354));
#2523 = CARTESIAN_POINT('',(13.153271810702,19.798981449094));
#2524 = CARTESIAN_POINT('',(19.529380101516,21.675578605216));
#2525 = CARTESIAN_POINT('',(26.424819211023,22.694099292906));
#2526 = CARTESIAN_POINT('',(34.259401626133,23.543530005257));
#2527 = CARTESIAN_POINT('',(42.04247020269,21.567881890683));
#2528 = CARTESIAN_POINT('',(48.515042192908,20.219540804845));
#2529 = CARTESIAN_POINT('',(53.282328570166,18.70753120153));
#2530 = CARTESIAN_POINT('',(55.976622149071,15.189593798554));
#2531 = CARTESIAN_POINT('',(57.087686041662,10.850658046142));
#2532 = CARTESIAN_POINT('',(57.730871045956,6.061049310282));
#2533 = CARTESIAN_POINT('',(58.096448875726,1.242295149398));
#2534 = CARTESIAN_POINT('',(57.910751295629,-3.232785010455));
#2535 = CARTESIAN_POINT('',(56.00583389243,-7.233584425486));
#2536 = CARTESIAN_POINT('',(51.656525748306,-9.702727152463));
#2537 = CARTESIAN_POINT('',(45.605086031896,-12.36593931405));
#2538 = CARTESIAN_POINT('',(38.402218085238,-15.9149310935));
#2539 = CARTESIAN_POINT('',(30.561486111589,-16.71122045679));
#2540 = CARTESIAN_POINT('',(23.606482984519,-17.1468301476));
#2541 = CARTESIAN_POINT('',(16.973208404945,-16.63606222019));
#2542 = CARTESIAN_POINT('',(10.756363140935,-13.75013773754));
#2543 = CARTESIAN_POINT('',(5.570379186545,-9.812558251992));
#2544 = CARTESIAN_POINT('',(1.999679065129,-5.155601554182));
#2545 = CARTESIAN_POINT('',(-1.006182838394E-02,-1.768641273798));
#2546 = CARTESIAN_POINT('',(1.006182838394E-02,1.768641273798));
#2547 = ( GEOMETRIC_REPRESENTATION_CONTEXT(2) 
PARAMETRIC_REPRESENTATION_CONTEXT() REPRESENTATION_CONTEXT('2D SPACE',''
  ) );
#2548 = ADVANCED_FACE('',(#2549),#2343,.T.);
#2549 = FACE_BOUND('',#2550,.T.);
#2550 = EDGE_LOOP('',(#2551,#2552,#2575,#2641));
#2551 = ORIENTED_EDGE('',*,*,#2262,.F.);
#2552 = ORIENTED_EDGE('',*,*,#2553,.T.);
#2553 = EDGE_CURVE('',#2263,#2554,#2556,.T.);
#2554 = VERTEX_POINT('',#2555);
#2555 = CARTESIAN_POINT('',(14.449459332498,-3.125,0.));
#2556 = SURFACE_CURVE('',#2557,(#2561,#2568),.PCURVE_S1.);
#2557 = LINE('',#2558,#2559);
#2558 = CARTESIAN_POINT('',(-64.,-3.125,0.));
#2559 = VECTOR('',#2560,1.);
#2560 = DIRECTION('',(-1.,0.,-0.));
#2561 = PCURVE('',#2343,#2562);
#2562 = DEFINITIONAL_REPRESENTATION('',(#2563),#2567);
#2563 = LINE('',#2564,#2565);
#2564 = CARTESIAN_POINT('',(100.,36.));
#2565 = VECTOR('',#2566,1.);
#2566 = DIRECTION('',(0.,-1.));
#2567 = ( GEOMETRIC_REPRESENTATION_CONTEXT(2) 
PARAMETRIC_REPRESENTATION_CONTEXT() REPRESENTATION_CONTEXT('2D SPACE',''
  ) );
#2568 = PCURVE('',#2399,#2569);
#2569 = DEFINITIONAL_REPRESENTATION('',(#2570),#2574);
#2570 = LINE('',#2571,#2572);
#2571 = CARTESIAN_POINT('',(-35.79016881194,-3.88322564534));
#2572 = VECTOR('',#2573,1.);
#2573 = DIRECTION('',(-0.994533904972,-0.104414136312));
#2574 = ( GEOMETRIC_REPRESENTATION_CONTEXT(2) 
PARAMETRIC_REPRESENTATION_CONTEXT() REPRESENTATION_CONTEXT('2D SPACE',''
  ) );
#2575 = ORIENTED_EDGE('',*,*,#2576,.T.);
#2576 = EDGE_CURVE('',#2554,#2577,#2579,.T.);
#2577 = VERTEX_POINT('',#2578);
#2578 = CARTESIAN_POINT('',(15.521256102223,-3.125,4.));
#2579 = SURFACE_CURVE('',#2580,(#2588,#2599),.PCURVE_S1.);
#2580 = B_SPLINE_CURVE_WITH_KNOTS('',3,(#2581,#2582,#2583,#2584,#2585,
    #2586,#2587),.UNSPECIFIED.,.F.,.F.,(4,1,1,1,4),(0.,0.3,0.6,0.88,1.),
  .UNSPECIFIED.);
#2581 = CARTESIAN_POINT('',(14.449459332498,-3.125,0.));
#2582 = CARTESIAN_POINT('',(14.556639009471,-3.125,0.4));
#2583 = CARTESIAN_POINT('',(14.770998363416,-3.125,1.2));
#2584 = CARTESIAN_POINT('',(15.085392082535,-3.125,2.373333333333));
#2585 = CARTESIAN_POINT('',(15.33547799547,-3.125,3.306666666667));
#2586 = CARTESIAN_POINT('',(15.478384231434,-3.125,3.84));
#2587 = CARTESIAN_POINT('',(15.521256102223,-3.125,4.));
#2588 = PCURVE('',#2343,#2589);
#2589 = DEFINITIONAL_REPRESENTATION('',(#2590),#2598);
#2590 = B_SPLINE_CURVE_WITH_KNOTS('',3,(#2591,#2592,#2593,#2594,#2595,
    #2596,#2597),.UNSPECIFIED.,.F.,.F.,(4,1,1,1,4),(0.,0.3,0.6,0.88,1.),
  .UNSPECIFIED.);
#2591 = CARTESIAN_POINT('',(100.,114.44945933249));
#2592 = CARTESIAN_POINT('',(100.4,114.55663900947));
#2593 = CARTESIAN_POINT('',(101.2,114.77099836341));
#2594 = CARTESIAN_POINT('',(102.37333333333,115.08539208253));
#2595 = CARTESIAN_POINT('',(103.30666666666,115.33547799547));
#2596 = CARTESIAN_POINT('',(103.84,115.47838423143));
#2597 = CARTESIAN_POINT('',(104.,115.52125610222));
#2598 = ( GEOMETRIC_REPRESENTATION_CONTEXT(2) 
PARAMETRIC_REPRESENTATION_CONTEXT() REPRESENTATION_CONTEXT('2D SPACE',''
  ) );
#2599 = PCURVE('',#2600,#2631);
#2600 = B_SPLINE_SURFACE_WITH_KNOTS('',14,1,(
    (#2601,#2602)
    ,(#2603,#2604)
    ,(#2605,#2606)
    ,(#2607,#2608)
    ,(#2609,#2610)
    ,(#2611,#2612)
    ,(#2613,#2614)
    ,(#2615,#2616)
    ,(#2617,#2618)
    ,(#2619,#2620)
    ,(#2621,#2622)
    ,(#2623,#2624)
    ,(#2625,#2626)
    ,(#2627,#2628)
    ,(#2629,#2630
    )),.UNSPECIFIED.,.T.,.F.,.F.,(15,15),(2,2),(0.,6.28318530718),(0.,1.
    ),.PIECEWISE_BEZIER_KNOTS.);
#2601 = CARTESIAN_POINT('',(9.091016151378,-3.,-20.));
#2602 = CARTESIAN_POINT('',(30.526951545867,-3.,60.));
#2603 = CARTESIAN_POINT('',(9.091016151381,3.485144834915,-20.));
#2604 = CARTESIAN_POINT('',(30.526951545871,3.485144834915,
    60.000000000007));
#2605 = CARTESIAN_POINT('',(5.956603632033,9.970292063633,-20.));
#2606 = CARTESIAN_POINT('',(27.392539026523,9.970292063633,
    59.999999999972));
#2607 = CARTESIAN_POINT('',(-0.312225413641,14.81423955799,
    -19.99999999998));
#2608 = CARTESIAN_POINT('',(21.123709980843,14.81423955799,
    60.000000000059));
#2609 = CARTESIAN_POINT('',(-8.778007231628,16.375970259668,
    -20.00000000004));
#2610 = CARTESIAN_POINT('',(12.657928162887,16.375970259668,
    59.999999999926));
#2611 = CARTESIAN_POINT('',(-17.56599214139,13.602715641629,
    -19.99999999991));
#2612 = CARTESIAN_POINT('',(3.869943253026,13.602715641629,
    60.00000000004));
#2613 = CARTESIAN_POINT('',(-24.27463643765,6.622041794024,
    -20.00000000014));
#2614 = CARTESIAN_POINT('',(-2.838701043053,6.622041794024,
    60.000000000049));
#2615 = CARTESIAN_POINT('',(-26.80030714814,-2.999999999754,
    -19.99999999983));
#2616 = CARTESIAN_POINT('',(-5.36437175381,-2.999999999754,
    59.999999999848));
#2617 = CARTESIAN_POINT('',(-24.27463643766,-12.62204179447,
    -20.00000000016));
#2618 = CARTESIAN_POINT('',(-2.838701043014,-12.62204179447,
    60.000000000211));
#2619 = CARTESIAN_POINT('',(-17.56599214138,-19.60271564128,
    -19.99999999987));
#2620 = CARTESIAN_POINT('',(3.869943252968,-19.60271564128,59.9999999998
    ));
#2621 = CARTESIAN_POINT('',(-8.778007231637,-22.37597025988,
    -20.00000000007));
#2622 = CARTESIAN_POINT('',(12.65792816294,-22.37597025988,
    60.000000000142));
#2623 = CARTESIAN_POINT('',(-0.312225413635,-20.81423955788,
    -19.99999999996));
#2624 = CARTESIAN_POINT('',(21.12370998081,-20.81423955788,
    59.999999999925));
#2625 = CARTESIAN_POINT('',(5.956603632031,-15.97029206367,
    -20.00000000001));
#2626 = CARTESIAN_POINT('',(27.392539026537,-15.97029206367,
    60.000000000028));
#2627 = CARTESIAN_POINT('',(9.091016151381,-9.485144834907,
    -19.99999999999));
#2628 = CARTESIAN_POINT('',(30.526951545867,-9.485144834907,
    59.999999999994));
#2629 = CARTESIAN_POINT('',(9.091016151378,-3.,-20.));
#2630 = CARTESIAN_POINT('',(30.526951545867,-3.,60.));
#2631 = DEFINITIONAL_REPRESENTATION('',(#2632),#2640);
#2632 = B_SPLINE_CURVE_WITH_KNOTS('',3,(#2633,#2634,#2635,#2636,#2637,
    #2638,#2639),.UNSPECIFIED.,.F.,.F.,(4,1,1,1,4),(0.,0.3,0.6,0.88,1.),
  .UNSPECIFIED.);
#2633 = CARTESIAN_POINT('',(6.274534680283,0.25));
#2634 = CARTESIAN_POINT('',(6.274534680283,0.255));
#2635 = CARTESIAN_POINT('',(6.274534680283,0.265));
#2636 = CARTESIAN_POINT('',(6.274534680283,0.279666666667));
#2637 = CARTESIAN_POINT('',(6.274534680283,0.291333333333));
#2638 = CARTESIAN_POINT('',(6.274534680283,0.298));
#2639 = CARTESIAN_POINT('',(6.274534680283,0.3));
#2640 = ( GEOMETRIC_REPRESENTATION_CONTEXT(2) 
PARAMETRIC_REPRESENTATION_CONTEXT() REPRESENTATION_CONTEXT('2D SPACE',''
  ) );
#2641 = ORIENTED_EDGE('',*,*,#2642,.F.);
#2642 = EDGE_CURVE('',#2265,#2577,#2643,.T.);
#2643 = SURFACE_CURVE('',#2644,(#2648,#2655),.PCURVE_S1.);
#2644 = LINE('',#2645,#2646);
#2645 = CARTESIAN_POINT('',(-63.46410161513,-3.125,4.));
#2646 = VECTOR('',#2647,1.);
#2647 = DIRECTION('',(-1.,0.,-2.011080212013E-18));
#2648 = PCURVE('',#2343,#2649);
#2649 = DEFINITIONAL_REPRESENTATION('',(#2650),#2654);
#2650 = LINE('',#2651,#2652);
#2651 = CARTESIAN_POINT('',(104.,36.535898384862));
#2652 = VECTOR('',#2653,1.);
#2653 = DIRECTION('',(-2.011080212013E-18,-1.));
#2654 = ( GEOMETRIC_REPRESENTATION_CONTEXT(2) 
PARAMETRIC_REPRESENTATION_CONTEXT() REPRESENTATION_CONTEXT('2D SPACE',''
  ) );
#2655 = PCURVE('',#2511,#2656);
#2656 = DEFINITIONAL_REPRESENTATION('',(#2657),#2661);
#2657 = LINE('',#2658,#2659);
#2658 = CARTESIAN_POINT('',(-36.3231379253,-3.939181012346));
#2659 = VECTOR('',#2660,1.);
#2660 = DIRECTION('',(-0.994533904972,-0.104414136312));
#2661 = ( GEOMETRIC_REPRESENTATION_CONTEXT(2) 
PARAMETRIC_REPRESENTATION_CONTEXT() REPRESENTATION_CONTEXT('2D SPACE',''
  ) );
#2662 = ADVANCED_FACE('',(#2663,#3355,#3390,#3662),#2511,.T.);
#2663 = FACE_BOUND('',#2664,.T.);
#2664 = EDGE_LOOP('',(#2665,#2666,#2667,#2747,#2775,#3334));
#2665 = ORIENTED_EDGE('',*,*,#2471,.F.);
#2666 = ORIENTED_EDGE('',*,*,#2642,.T.);
#2667 = ORIENTED_EDGE('',*,*,#2668,.T.);
#2668 = EDGE_CURVE('',#2577,#2669,#2671,.T.);
#2669 = VERTEX_POINT('',#2670);
#2670 = CARTESIAN_POINT('',(-9.428203230276,-12.92736119146,4.));
#2671 = SURFACE_CURVE('',#2672,(#2695,#2721),.PCURVE_S1.);
#2672 = B_SPLINE_CURVE_WITH_KNOTS('',6,(#2673,#2674,#2675,#2676,#2677,
    #2678,#2679,#2680,#2681,#2682,#2683,#2684,#2685,#2686,#2687,#2688,
    #2689,#2690,#2691,#2692,#2693,#2694),.UNSPECIFIED.,.F.,.F.,(7,5,5,5,
    7),(0.,0.250999673207,0.500999675762,0.750999677259,1.),
  .UNSPECIFIED.);
#2673 = CARTESIAN_POINT('',(15.521796769724,-3.,4.));
#2674 = CARTESIAN_POINT('',(15.521796769725,-4.441120384382,4.));
#2675 = CARTESIAN_POINT('',(15.349325164782,-5.882686721197,4.));
#2676 = CARTESIAN_POINT('',(15.004195501492,-7.297887028738,4.));
#2677 = CARTESIAN_POINT('',(14.492088631432,-8.661577977505,4.));
#2678 = CARTESIAN_POINT('',(13.822475594579,-9.949785386603,4.));
#2679 = CARTESIAN_POINT('',(12.201987874664,-12.32639605977,4.));
#2680 = CARTESIAN_POINT('',(11.251748508311,-13.41630142877,4.));
#2681 = CARTESIAN_POINT('',(10.174666710393,-14.38819319592,4.));
#2682 = CARTESIAN_POINT('',(8.989358057508,-15.22468719066,4.));
#2683 = CARTESIAN_POINT('',(7.716880853131,-15.91145522544,4.));
#2684 = CARTESIAN_POINT('',(5.046986438811,-16.966412745,4.));
#2685 = CARTESIAN_POINT('',(3.648756014176,-17.33492355756,4.));
#2686 = CARTESIAN_POINT('',(2.211807044775,-17.53456433898,4.));
#2687 = CARTESIAN_POINT('',(0.76130414173,-17.56139919023,4.));
#2688 = CARTESIAN_POINT('',(-0.677282170336,-17.41539247581,4.));
#2689 = CARTESIAN_POINT('',(-3.473403743779,-16.79084935489,4.));
#2690 = CARTESIAN_POINT('',(-4.832081671353,-16.31345703539,4.));
#2691 = CARTESIAN_POINT('',(-6.128607596526,-15.67584736202,4.));
#2692 = CARTESIAN_POINT('',(-7.340210578967,-14.88873632529,4.));
#2693 = CARTESIAN_POINT('',(-8.446025510195,-13.96619501117,4.));
#2694 = CARTESIAN_POINT('',(-9.4282091881,-12.92735488996,4.));
#2695 = PCURVE('',#2511,#2696);
#2696 = DEFINITIONAL_REPRESENTATION('',(#2697),#2720);
#2697 = B_SPLINE_CURVE_WITH_KNOTS('',6,(#2698,#2699,#2700,#2701,#2702,
    #2703,#2704,#2705,#2706,#2707,#2708,#2709,#2710,#2711,#2712,#2713,
    #2714,#2715,#2716,#2717,#2718,#2719),.UNSPECIFIED.,.F.,.F.,(7,5,5,5,
    7),(0.,0.250999673207,0.500999675762,0.750999677259,1.),
  .UNSPECIFIED.);
#2698 = CARTESIAN_POINT('',(42.217964266049,4.432380086429));
#2699 = CARTESIAN_POINT('',(42.368437606306,2.999137003015));
#2700 = CARTESIAN_POINT('',(42.34742865154,1.547441931118));
#2701 = CARTESIAN_POINT('',(42.151952417606,0.103940827235));
#2702 = CARTESIAN_POINT('',(41.785033384975,-1.305767253755));
#2703 = CARTESIAN_POINT('',(41.253587580624,-2.656850265644));
#2704 = CARTESIAN_POINT('',(39.890109351367,-5.189671984712));
#2705 = CARTESIAN_POINT('',(39.058865611456,-6.372838250118));
#2706 = CARTESIAN_POINT('',(38.089150484453,-7.451880130179));
#2707 = CARTESIAN_POINT('',(36.997662639293,-8.407564748508));
#2708 = CARTESIAN_POINT('',(35.803849207436,-9.223443452218));
#2709 = CARTESIAN_POINT('',(33.25870116795,-10.55140919304));
#2710 = CARTESIAN_POINT('',(31.906591341902,-11.06390071263));
#2711 = CARTESIAN_POINT('',(30.498342191883,-11.41248802412));
#2712 = CARTESIAN_POINT('',(29.058569813361,-11.59062920137));
#2713 = CARTESIAN_POINT('',(27.612601785801,-11.5956293208));
#2714 = CARTESIAN_POINT('',(24.766552948029,-11.26645463105));
#2715 = CARTESIAN_POINT('',(23.365455176397,-10.93353696566));
#2716 = CARTESIAN_POINT('',(22.009440721789,-10.43478816204));
#2717 = CARTESIAN_POINT('',(20.722274957305,-9.778488028006));
#2718 = CARTESIAN_POINT('',(19.52617816105,-8.976452123349));
#2719 = CARTESIAN_POINT('',(18.440893598442,-8.045844261388));
#2720 = ( GEOMETRIC_REPRESENTATION_CONTEXT(2) 
PARAMETRIC_REPRESENTATION_CONTEXT() REPRESENTATION_CONTEXT('2D SPACE',''
  ) );
#2721 = PCURVE('',#2600,#2722);
#2722 = DEFINITIONAL_REPRESENTATION('',(#2723),#2746);
#2723 = B_SPLINE_CURVE_WITH_KNOTS('',6,(#2724,#2725,#2726,#2727,#2728,
    #2729,#2730,#2731,#2732,#2733,#2734,#2735,#2736,#2737,#2738,#2739,
    #2740,#2741,#2742,#2743,#2744,#2745),.UNSPECIFIED.,.F.,.F.,(7,5,5,5,
    7),(0.,0.250999673207,0.500999675762,0.750999677259,1.),
  .UNSPECIFIED.);
#2724 = CARTESIAN_POINT('',(6.28318530718,0.3));
#2725 = CARTESIAN_POINT('',(6.183453792689,0.3));
#2726 = CARTESIAN_POINT('',(6.083692072071,0.3));
#2727 = CARTESIAN_POINT('',(5.983965612631,0.3));
#2728 = CARTESIAN_POINT('',(5.884239159821,0.3));
#2729 = CARTESIAN_POINT('',(5.784477429908,0.3));
#2730 = CARTESIAN_POINT('',(5.585411608386,0.3));
#2731 = CARTESIAN_POINT('',(5.48604767501,0.3));
#2732 = CARTESIAN_POINT('',(5.386718332013,0.3));
#2733 = CARTESIAN_POINT('',(5.287388988198,0.3));
#2734 = CARTESIAN_POINT('',(5.188025053587,0.3));
#2735 = CARTESIAN_POINT('',(4.9893564377,0.3));
#2736 = CARTESIAN_POINT('',(4.889992503718,0.3));
#2737 = CARTESIAN_POINT('',(4.790663160078,0.3));
#2738 = CARTESIAN_POINT('',(4.691333816499,0.3));
#2739 = CARTESIAN_POINT('',(4.591969882621,0.3));
#2740 = CARTESIAN_POINT('',(4.393698476767,0.3));
#2741 = CARTESIAN_POINT('',(4.2947323307,0.3));
#2742 = CARTESIAN_POINT('',(4.195800099209,0.3));
#2743 = CARTESIAN_POINT('',(4.096867867976,0.3));
#2744 = CARTESIAN_POINT('',(3.997901722504,0.3));
#2745 = CARTESIAN_POINT('',(3.898964625051,0.3));
#2746 = ( GEOMETRIC_REPRESENTATION_CONTEXT(2) 
PARAMETRIC_REPRESENTATION_CONTEXT() REPRESENTATION_CONTEXT('2D SPACE',''
  ) );
#2747 = ORIENTED_EDGE('',*,*,#2748,.F.);
#2748 = EDGE_CURVE('',#2749,#2669,#2751,.T.);
#2749 = VERTEX_POINT('',#2750);
#2750 = CARTESIAN_POINT('',(-9.428203230276,-13.1,4.));
#2751 = SURFACE_CURVE('',#2752,(#2756,#2763),.PCURVE_S1.);
#2752 = LINE('',#2753,#2754);
#2753 = CARTESIAN_POINT('',(-9.428203230276,-8.05,4.));
#2754 = VECTOR('',#2755,1.);
#2755 = DIRECTION('',(5.132655765613E-18,1.,1.915533209503E-17));
#2756 = PCURVE('',#2511,#2757);
#2757 = DEFINITIONAL_REPRESENTATION('',(#2758),#2762);
#2758 = LINE('',#2759,#2760);
#2759 = CARTESIAN_POINT('',(17.931634725379,-3.195148834654));
#2760 = VECTOR('',#2761,1.);
#2761 = DIRECTION('',(-0.104414136312,0.994533904972));
#2762 = ( GEOMETRIC_REPRESENTATION_CONTEXT(2) 
PARAMETRIC_REPRESENTATION_CONTEXT() REPRESENTATION_CONTEXT('2D SPACE',''
  ) );
#2763 = PCURVE('',#2764,#2769);
#2764 = PLANE('',#2765);
#2765 = AXIS2_PLACEMENT_3D('',#2766,#2767,#2768);
#2766 = CARTESIAN_POINT('',(5.576951545867,-13.1,60.));
#2767 = DIRECTION('',(0.965925826289,0.,-0.258819045103));
#2768 = DIRECTION('',(0.,1.,0.));
#2769 = DEFINITIONAL_REPRESENTATION('',(#2770),#2774);
#2770 = LINE('',#2771,#2772);
#2771 = CARTESIAN_POINT('',(5.05,-57.97546610296));
#2772 = VECTOR('',#2773,1.);
#2773 = DIRECTION('',(1.,1.983105904583E-17));
#2774 = ( GEOMETRIC_REPRESENTATION_CONTEXT(2) 
PARAMETRIC_REPRESENTATION_CONTEXT() REPRESENTATION_CONTEXT('2D SPACE',''
  ) );
#2775 = ORIENTED_EDGE('',*,*,#2776,.T.);
#2776 = EDGE_CURVE('',#2749,#2777,#2779,.T.);
#2777 = VERTEX_POINT('',#2778);
#2778 = CARTESIAN_POINT('',(-20.12820345492,-3.125,4.));
#2779 = SURFACE_CURVE('',#2780,(#2951,#3125),.PCURVE_S1.);
#2780 = B_SPLINE_CURVE_WITH_KNOTS('',8,(#2781,#2782,#2783,#2784,#2785,
    #2786,#2787,#2788,#2789,#2790,#2791,#2792,#2793,#2794,#2795,#2796,
    #2797,#2798,#2799,#2800,#2801,#2802,#2803,#2804,#2805,#2806,#2807,
    #2808,#2809,#2810,#2811,#2812,#2813,#2814,#2815,#2816,#2817,#2818,
    #2819,#2820,#2821,#2822,#2823,#2824,#2825,#2826,#2827,#2828,#2829,
    #2830,#2831,#2832,#2833,#2834,#2835,#2836,#2837,#2838,#2839,#2840,
    #2841,#2842,#2843,#2844,#2845,#2846,#2847,#2848,#2849,#2850,#2851,
    #2852,#2853,#2854,#2855,#2856,#2857,#2858,#2859,#2860,#2861,#2862,
    #2863,#2864,#2865,#2866,#2867,#2868,#2869,#2870,#2871,#2872,#2873,
    #2874,#2875,#2876,#2877,#2878,#2879,#2880,#2881,#2882,#2883,#2884,
    #2885,#2886,#2887,#2888,#2889,#2890,#2891,#2892,#2893,#2894,#2895,
    #2896,#2897,#2898,#2899,#2900,#2901,#2902,#2903,#2904,#2905,#2906,
    #2907,#2908,#2909,#2910,#2911,#2912,#2913,#2914,#2915,#2916,#2917,
    #2918,#2919,#2920,#2921,#2922,#2923,#2924,#2925,#2926,#2927,#2928,
    #2929,#2930,#2931,#2932,#2933,#2934,#2935,#2936,#2937,#2938,#2939,
    #2940,#2941,#2942,#2943,#2944,#2945,#2946,#2947,#2948,#2949,#2950),
  .UNSPECIFIED.,.F.,.F.,(9,7,7,7,7,7,7,7,7,7,7,7,7,7,7,7,7,7,7,7,7,7,7,7
    ,9),(0.,3.414385911034E-02,7.916187993041E-02,0.113182164107,
    0.131686306017,0.150190448161,0.187321337119,0.22827300028,
    0.242686617314,0.258701749842,0.314195879494,0.324515677588,
    0.360955099801,0.388136075703,0.409131242027,0.425025360465,
    0.471462425526,0.506611922342,0.523428205913,0.541773458805,
    0.609267462479,0.643079238249,0.777935508085,0.911730676989,1.),
  .UNSPECIFIED.);
#2781 = CARTESIAN_POINT('',(-9.428203230276,-13.1,4.));
#2782 = CARTESIAN_POINT('',(-9.540732596446,-13.11201732152,4.));
#2783 = CARTESIAN_POINT('',(-9.65327906922,-13.12442303602,4.));
#2784 = CARTESIAN_POINT('',(-9.765838215942,-13.13717238927,4.));
#2785 = CARTESIAN_POINT('',(-9.878405828816,-13.15022086739,4.));
#2786 = CARTESIAN_POINT('',(-9.990977924904,-13.1635241969,4.));
#2787 = CARTESIAN_POINT('',(-10.10355074612,-13.17703834467,4.));
#2788 = CARTESIAN_POINT('',(-10.21612075926,-13.19071951794,4.));
#2789 = CARTESIAN_POINT('',(-10.47709798642,-13.22272532483,4.));
#2790 = CARTESIAN_POINT('',(-10.62550018727,-13.24114095743,4.));
#2791 = CARTESIAN_POINT('',(-10.77388384687,-13.25967096272,4.));
#2792 = CARTESIAN_POINT('',(-10.92224141252,-13.27821547341,4.));
#2793 = CARTESIAN_POINT('',(-11.07056516902,-13.29667457233,4.));
#2794 = CARTESIAN_POINT('',(-11.21884721727,-13.31494801035,4.));
#2795 = CARTESIAN_POINT('',(-11.36707945285,-13.3329349243,4.));
#2796 = CARTESIAN_POINT('',(-11.62722925156,-13.363832905,4.));
#2797 = CARTESIAN_POINT('',(-11.73917146736,-13.37691041705,4.));
#2798 = CARTESIAN_POINT('',(-11.85107653478,-13.3897222898,4.));
#2799 = CARTESIAN_POINT('',(-11.96294044382,-13.40222427455,4.));
#2800 = CARTESIAN_POINT('',(-12.07475883165,-13.41437167516,4.));
#2801 = CARTESIAN_POINT('',(-12.18652698261,-13.4261193481,4.));
#2802 = CARTESIAN_POINT('',(-12.29823982823,-13.43742170246,4.));
#2803 = CARTESIAN_POINT('',(-12.47062120639,-13.45411296327,4.));
#2804 = CARTESIAN_POINT('',(-12.53130005048,-13.45984174451,4.));
#2805 = CARTESIAN_POINT('',(-12.59193275635,-13.4654304507,4.));
#2806 = CARTESIAN_POINT('',(-12.65252573856,-13.47092574905,4.));
#2807 = CARTESIAN_POINT('',(-12.71308261315,-13.47632771827,4.));
#2808 = CARTESIAN_POINT('',(-12.77360957173,-13.4816800059,4.));
#2809 = CARTESIAN_POINT('',(-12.83411117404,-13.48699765156,4.));
#2810 = CARTESIAN_POINT('',(-12.95507415069,-13.49761903573,4.));
#2811 = CARTESIAN_POINT('',(-13.01553550639,-13.50292235251,4.));
#2812 = CARTESIAN_POINT('',(-13.07598182017,-13.50824300278,4.));
#2813 = CARTESIAN_POINT('',(-13.13641818314,-13.51360569535,4.));
#2814 = CARTESIAN_POINT('',(-13.19684968641,-13.51903513902,4.));
#2815 = CARTESIAN_POINT('',(-13.25728142108,-13.52455604262,4.));
#2816 = CARTESIAN_POINT('',(-13.31771847825,-13.53019311494,4.));
#2817 = CARTESIAN_POINT('',(-13.4994614032,-13.54756524807,4.));
#2818 = CARTESIAN_POINT('',(-13.62075070375,-13.55972213274,4.));
#2819 = CARTESIAN_POINT('',(-13.74204593063,-13.57263764605,4.));
#2820 = CARTESIAN_POINT('',(-13.86335548232,-13.58650624424,4.));
#2821 = CARTESIAN_POINT('',(-13.98468401447,-13.60151942989,4.));
#2822 = CARTESIAN_POINT('',(-14.10603237857,-13.61786426921,4.));
#2823 = CARTESIAN_POINT('',(-14.22739756067,-13.63572190933,4.));
#2824 = CARTESIAN_POINT('',(-14.48263719175,-13.67682138176,4.));
#2825 = CARTESIAN_POINT('',(-14.61651266157,-13.70042794582,4.));
#2826 = CARTESIAN_POINT('',(-14.75038747246,-13.72631822218,4.));
#2827 = CARTESIAN_POINT('',(-14.88424176933,-13.75471289521,4.));
#2828 = CARTESIAN_POINT('',(-15.01804742069,-13.78581745482,4.));
#2829 = CARTESIAN_POINT('',(-15.15176804035,-13.81981875203,4.));
#2830 = CARTESIAN_POINT('',(-15.28535900905,-13.85688155447,4.));
#2831 = CARTESIAN_POINT('',(-15.46572282578,-13.91131652525,4.));
#2832 = CARTESIAN_POINT('',(-15.51275760869,-13.92592228524,4.));
#2833 = CARTESIAN_POINT('',(-15.55986074431,-13.94091442583,4.));
#2834 = CARTESIAN_POINT('',(-15.60702115629,-13.95624372431,4.));
#2835 = CARTESIAN_POINT('',(-15.65422777955,-13.97186023257,4.));
#2836 = CARTESIAN_POINT('',(-15.70146954726,-13.98771381846,4.));
#2837 = CARTESIAN_POINT('',(-15.74873537791,-14.00375470701,4.));
#2838 = CARTESIAN_POINT('',(-15.84854615306,-14.03791104103,4.));
#2839 = CARTESIAN_POINT('',(-15.90109416228,-14.05605860313,4.));
#2840 = CARTESIAN_POINT('',(-15.95364299346,-14.0743086658,4.));
#2841 = CARTESIAN_POINT('',(-16.00617745011,-14.09259318673,4.));
#2842 = CARTESIAN_POINT('',(-16.05868233575,-14.1108441236,4.));
#2843 = CARTESIAN_POINT('',(-16.1111424539,-14.1289934341,4.));
#2844 = CARTESIAN_POINT('',(-16.16354260806,-14.14697307591,4.));
#2845 = CARTESIAN_POINT('',(-16.39717924436,-14.22619267529,4.));
#2846 = CARTESIAN_POINT('',(-16.5780783141,-14.28498233115,4.));
#2847 = CARTESIAN_POINT('',(-16.75924936941,-14.33867492066,4.));
#2848 = CARTESIAN_POINT('',(-16.94083499122,-14.3845161822,4.));
#2849 = CARTESIAN_POINT('',(-17.12244397016,-14.41905829285,4.));
#2850 = CARTESIAN_POINT('',(-17.30316666207,-14.4381686133,4.));
#2851 = CARTESIAN_POINT('',(-17.48158951489,-14.43711629271,4.));
#2852 = CARTESIAN_POINT('',(-17.68825439699,-14.40690884276,4.));
#2853 = CARTESIAN_POINT('',(-17.72046522789,-14.40134770621,4.));
#2854 = CARTESIAN_POINT('',(-17.75247269419,-14.39491901216,4.));
#2855 = CARTESIAN_POINT('',(-17.78426994411,-14.38759179254,4.));
#2856 = CARTESIAN_POINT('',(-17.81585186902,-14.37934714026,4.));
#2857 = CARTESIAN_POINT('',(-17.84721510344,-14.37017820925,4.));
#2858 = CARTESIAN_POINT('',(-17.87835802504,-14.36009021446,4.));
#2859 = CARTESIAN_POINT('',(-18.0184695574,-14.31029528015,4.));
#2860 = CARTESIAN_POINT('',(-18.12433347641,-14.26053943579,4.));
#2861 = CARTESIAN_POINT('',(-18.2265090549,-14.20098770945,4.));
#2862 = CARTESIAN_POINT('',(-18.3248159332,-14.13289282752,4.));
#2863 = CARTESIAN_POINT('',(-18.41919894501,-14.05744877754,4.));
#2864 = CARTESIAN_POINT('',(-18.50969531883,-13.9757147185,4.));
#2865 = CARTESIAN_POINT('',(-18.59641408081,-13.88858294797,4.));
#2866 = CARTESIAN_POINT('',(-18.74150139735,-13.72825747479,4.));
#2867 = CARTESIAN_POINT('',(-18.80145757119,-13.65716673197,4.));
#2868 = CARTESIAN_POINT('',(-18.85943946201,-13.58378847428,4.));
#2869 = CARTESIAN_POINT('',(-18.91549944307,-13.50839766732,4.));
#2870 = CARTESIAN_POINT('',(-18.96968603829,-13.43124051053,4.));
#2871 = CARTESIAN_POINT('',(-19.02204388486,-13.35253698966,4.));
#2872 = CARTESIAN_POINT('',(-19.07261369591,-13.27248342937,4.));
#2873 = CARTESIAN_POINT('',(-19.15914069636,-13.1285125073,4.));
#2874 = CARTESIAN_POINT('',(-19.19580180132,-13.06507308509,4.));
#2875 = CARTESIAN_POINT('',(-19.23143102379,-13.00101989672,4.));
#2876 = CARTESIAN_POINT('',(-19.26604058878,-12.93643198199,4.));
#2877 = CARTESIAN_POINT('',(-19.29963942611,-12.87138518982,4.));
#2878 = CARTESIAN_POINT('',(-19.33223313597,-12.80595306528,4.));
#2879 = CARTESIAN_POINT('',(-19.36382395438,-12.74020773645,4.));
#2880 = CARTESIAN_POINT('',(-19.41756603218,-12.62426624793,4.));
#2881 = CARTESIAN_POINT('',(-19.44014630015,-12.57417116727,4.));
#2882 = CARTESIAN_POINT('',(-19.46214661419,-12.52398589148,4.));
#2883 = CARTESIAN_POINT('',(-19.4835713259,-12.4737081401,4.));
#2884 = CARTESIAN_POINT('',(-19.50442660634,-12.42332901287,4.));
#2885 = CARTESIAN_POINT('',(-19.52471704863,-12.37285377315,4.));
#2886 = CARTESIAN_POINT('',(-19.54444631384,-12.32229742226,4.));
#2887 = CARTESIAN_POINT('',(-19.6196459548,-12.12369577592,4.));
#2888 = CARTESIAN_POINT('',(-19.67094144477,-11.97501764082,4.));
#2889 = CARTESIAN_POINT('',(-19.71765911151,-11.82571495552,4.));
#2890 = CARTESIAN_POINT('',(-19.76000002454,-11.67587058813,4.));
#2891 = CARTESIAN_POINT('',(-19.79820778756,-11.52555562907,4.));
#2892 = CARTESIAN_POINT('',(-19.83256082464,-11.37482904149,4.));
#2893 = CARTESIAN_POINT('',(-19.86336466635,-11.22373731166,4.));
#2894 = CARTESIAN_POINT('',(-19.91181997376,-10.95769768891,4.));
#2895 = CARTESIAN_POINT('',(-19.93084842126,-10.84289098003,4.));
#2896 = CARTESIAN_POINT('',(-19.94817098552,-10.72790665455,4.));
#2897 = CARTESIAN_POINT('',(-19.96393493787,-10.61275393977,4.));
#2898 = CARTESIAN_POINT('',(-19.97829204635,-10.49743859704,4.));
#2899 = CARTESIAN_POINT('',(-19.99139720798,-10.38196291023,4.));
#2900 = CARTESIAN_POINT('',(-20.00340708121,-10.26632567417,4.));
#2901 = CARTESIAN_POINT('',(-20.01977563016,-10.09511927493,4.));
#2902 = CARTESIAN_POINT('',(-20.02486017122,-10.03966092796,4.));
#2903 = CARTESIAN_POINT('',(-20.02974283999,-9.984144669551,4.));
#2904 = CARTESIAN_POINT('',(-20.034463762,-9.928564823717,4.));
#2905 = CARTESIAN_POINT('',(-20.03901499063,-9.87292373278,4.));
#2906 = CARTESIAN_POINT('',(-20.04338255682,-9.817225486558,4.));
#2907 = CARTESIAN_POINT('',(-20.04759127741,-9.761469351216,4.));
#2908 = CARTESIAN_POINT('',(-20.05604707963,-9.644776541282,4.));
#2909 = CARTESIAN_POINT('',(-20.06026501208,-9.583827688885,4.));
#2910 = CARTESIAN_POINT('',(-20.06429409966,-9.522815658962,4.));
#2911 = CARTESIAN_POINT('',(-20.06813931284,-9.461742577928,4.));
#2912 = CARTESIAN_POINT('',(-20.0718056221,-9.400610572202,4.));
#2913 = CARTESIAN_POINT('',(-20.07529799789,-9.339421768201,4.));
#2914 = CARTESIAN_POINT('',(-20.07862141068,-9.278178292343,4.));
#2915 = CARTESIAN_POINT('',(-20.09340465123,-8.991368133354,4.));
#2916 = CARTESIAN_POINT('',(-20.10279332812,-8.765440459386,4.));
#2917 = CARTESIAN_POINT('',(-20.11020662428,-8.53917206729,4.));
#2918 = CARTESIAN_POINT('',(-20.11589949309,-8.312631149854,4.));
#2919 = CARTESIAN_POINT('',(-20.12012291926,-8.085881474235,4.));
#2920 = CARTESIAN_POINT('',(-20.12312475951,-7.858982581685,4.));
#2921 = CARTESIAN_POINT('',(-20.12515058314,-7.631989987282,4.));
#2922 = CARTESIAN_POINT('',(-20.12709271929,-7.29122019094,4.));
#2923 = CARTESIAN_POINT('',(-20.12755728538,-7.17747489597,4.));
#2924 = CARTESIAN_POINT('',(-20.12786885417,-7.063726196808,4.));
#2925 = CARTESIAN_POINT('',(-20.12805805787,-6.949980752193,4.));
#2926 = CARTESIAN_POINT('',(-20.12815551763,-6.836245177541,4.));
#2927 = CARTESIAN_POINT('',(-20.1281918436,-6.722526044945,4.));
#2928 = CARTESIAN_POINT('',(-20.12819763491,-6.608829883177,4.));
#2929 = CARTESIAN_POINT('',(-20.12822679114,-6.041810239016,4.));
#2930 = CARTESIAN_POINT('',(-20.12823640201,-5.588922963831,4.));
#2931 = CARTESIAN_POINT('',(-20.1282356592,-5.136423291734,4.));
#2932 = CARTESIAN_POINT('',(-20.12822815689,-4.684231820564,4.));
#2933 = CARTESIAN_POINT('',(-20.12821760001,-4.232268107618,4.));
#2934 = CARTESIAN_POINT('',(-20.12820766787,-3.780450970879,4.));
#2935 = CARTESIAN_POINT('',(-20.12820187769,-3.328698790231,4.));
#2936 = CARTESIAN_POINT('',(-20.12820500629,-2.428715519037,4.));
#2937 = CARTESIAN_POINT('',(-20.1282074769,-1.704088153945,4.));
#2938 = CARTESIAN_POINT('',(-20.12826599823,-0.963392965284,4.));
#2939 = CARTESIAN_POINT('',(-20.12820082215,-0.374996440623,4.));
#2940 = CARTESIAN_POINT('',(-20.12826838754,-1.369121357233E-02,4.));
#2941 = CARTESIAN_POINT('',(-20.12818551017,0.151033768778,4.));
#2942 = CARTESIAN_POINT('',(-20.12822889625,0.261170927864,4.));
#2943 = CARTESIAN_POINT('',(-20.12817754207,0.786692234584,4.));
#2944 = CARTESIAN_POINT('',(-20.12810105398,0.995670493203,4.));
#2945 = CARTESIAN_POINT('',(-20.12777839166,1.204696046934,4.));
#2946 = CARTESIAN_POINT('',(-20.12702000718,1.413728532986,4.));
#2947 = CARTESIAN_POINT('',(-20.12563618559,1.622726417261,4.));
#2948 = CARTESIAN_POINT('',(-20.12343632677,1.831646835621,4.));
#2949 = CARTESIAN_POINT('',(-20.12022822725,2.040445435171,4.));
#2950 = CARTESIAN_POINT('',(-20.11581736199,2.249076215526,4.));
#2951 = PCURVE('',#2511,#2952);
#2952 = DEFINITIONAL_REPRESENTATION('',(#2953),#3124);
#2953 = B_SPLINE_CURVE_WITH_KNOTS('',8,(#2954,#2955,#2956,#2957,#2958,
    #2959,#2960,#2961,#2962,#2963,#2964,#2965,#2966,#2967,#2968,#2969,
    #2970,#2971,#2972,#2973,#2974,#2975,#2976,#2977,#2978,#2979,#2980,
    #2981,#2982,#2983,#2984,#2985,#2986,#2987,#2988,#2989,#2990,#2991,
    #2992,#2993,#2994,#2995,#2996,#2997,#2998,#2999,#3000,#3001,#3002,
    #3003,#3004,#3005,#3006,#3007,#3008,#3009,#3010,#3011,#3012,#3013,
    #3014,#3015,#3016,#3017,#3018,#3019,#3020,#3021,#3022,#3023,#3024,
    #3025,#3026,#3027,#3028,#3029,#3030,#3031,#3032,#3033,#3034,#3035,
    #3036,#3037,#3038,#3039,#3040,#3041,#3042,#3043,#3044,#3045,#3046,
    #3047,#3048,#3049,#3050,#3051,#3052,#3053,#3054,#3055,#3056,#3057,
    #3058,#3059,#3060,#3061,#3062,#3063,#3064,#3065,#3066,#3067,#3068,
    #3069,#3070,#3071,#3072,#3073,#3074,#3075,#3076,#3077,#3078,#3079,
    #3080,#3081,#3082,#3083,#3084,#3085,#3086,#3087,#3088,#3089,#3090,
    #3091,#3092,#3093,#3094,#3095,#3096,#3097,#3098,#3099,#3100,#3101,
    #3102,#3103,#3104,#3105,#3106,#3107,#3108,#3109,#3110,#3111,#3112,
    #3113,#3114,#3115,#3116,#3117,#3118,#3119,#3120,#3121,#3122,#3123),
  .UNSPECIFIED.,.F.,.F.,(9,7,7,7,7,7,7,7,7,7,7,7,7,7,7,7,7,7,7,7,7,7,7,7
    ,9),(0.,3.414385911034E-02,7.916187993041E-02,0.113182164107,
    0.131686306017,0.150190448161,0.187321337119,0.22827300028,
    0.242686617314,0.258701749842,0.314195879494,0.324515677588,
    0.360955099801,0.388136075703,0.409131242027,0.425025360465,
    0.471462425526,0.506611922342,0.523428205913,0.541773458805,
    0.609267462479,0.643079238249,0.777935508085,0.911730676989,1.),
  .UNSPECIFIED.);
#2954 = CARTESIAN_POINT('',(18.458926113753,-8.217545054761));
#2955 = CARTESIAN_POINT('',(18.348266622038,-8.241246345038));
#2956 = CARTESIAN_POINT('',(18.237630670945,-8.265335691477));
#2957 = CARTESIAN_POINT('',(18.127017995923,-8.289768121638));
#2958 = CARTESIAN_POINT('',(18.016428133892,-8.314498925618));
#2959 = CARTESIAN_POINT('',(17.90586042324,-8.339483656049));
#2960 = CARTESIAN_POINT('',(17.795314003821,-8.3646781281));
#2961 = CARTESIAN_POINT('',(17.684787816961,-8.390038419478));
#2962 = CARTESIAN_POINT('',(17.428578974814,-8.449118991354));
#2963 = CARTESIAN_POINT('',(17.28291080687,-8.482929249985));
#2964 = CARTESIAN_POINT('',(17.13727302095,-8.516851320161));
#2965 = CARTESIAN_POINT('',(16.991662700921,-8.550785091878));
#2966 = CARTESIAN_POINT('',(16.846077087039,-8.584630388542));
#2967 = CARTESIAN_POINT('',(16.700513567801,-8.618286684206));
#2968 = CARTESIAN_POINT('',(16.554969671794,-8.65165282083));
#2969 = CARTESIAN_POINT('',(16.299468062575,-8.70954522677));
#2970 = CARTESIAN_POINT('',(16.189503210691,-8.734239605677));
#2971 = CARTESIAN_POINT('',(16.079547567627,-8.758665918485));
#2972 = CARTESIAN_POINT('',(15.969600501282,-8.782779739639));
#2973 = CARTESIAN_POINT('',(15.859661683732,-8.806536161789));
#2974 = CARTESIAN_POINT('',(15.74973109123,-8.829889795789));
#2975 = CARTESIAN_POINT('',(15.639809004204,-8.852794770696));
#2976 = CARTESIAN_POINT('',(15.47011268262,-8.887393848206));
#2977 = CARTESIAN_POINT('',(15.410363680612,-8.899427044481));
#2978 = CARTESIAN_POINT('',(15.350645938797,-8.911316113883));
#2979 = CARTESIAN_POINT('',(15.290957950421,-8.923108138311));
#2980 = CARTESIAN_POINT('',(15.231296127415,-8.934803573619));
#2981 = CARTESIAN_POINT('',(15.171658869425,-8.946446475237));
#2982 = CARTESIAN_POINT('',(15.112043212004,-8.958052276693));
#2983 = CARTESIAN_POINT('',(14.992850453131,-8.981245848096));
#2984 = CARTESIAN_POINT('',(14.933273326197,-8.992833196684));
#2985 = CARTESIAN_POINT('',(14.873712968813,-9.004436213421));
#2986 = CARTESIAN_POINT('',(14.814166897655,-9.016080003641));
#2987 = CARTESIAN_POINT('',(14.754632629396,-9.027789672679));
#2988 = CARTESIAN_POINT('',(14.695107680711,-9.03959032587));
#2989 = CARTESIAN_POINT('',(14.635589568273,-9.051507068549));
#2990 = CARTESIAN_POINT('',(14.4566539637,-9.087760774485));
#2991 = CARTESIAN_POINT('',(14.337296992612,-9.112515526033));
#2992 = CARTESIAN_POINT('',(14.218013339131,-9.138025378273));
#2993 = CARTESIAN_POINT('',(14.098814954678,-9.164484601454));
#2994 = CARTESIAN_POINT('',(13.979717204634,-9.192084137497));
#2995 = CARTESIAN_POINT('',(13.860738774502,-9.221010118998));
#2996 = CARTESIAN_POINT('',(13.741901576086,-9.251442388233));
#2997 = CARTESIAN_POINT('',(13.492348475,-9.318967832667));
#2998 = CARTESIAN_POINT('',(13.361669640217,-9.356423852562));
#2999 = CARTESIAN_POINT('',(13.231229912612,-9.396151032969));
#3000 = CARTESIAN_POINT('',(13.101072081315,-9.438366778815));
#3001 = CARTESIAN_POINT('',(12.971245580087,-9.483272519469));
#3002 = CARTESIAN_POINT('',(12.841806106123,-9.53105028536));
#3003 = CARTESIAN_POINT('',(12.712815238855,-9.581859284615));
#3004 = CARTESIAN_POINT('',(12.539121088353,-9.654829240823));
#3005 = CARTESIAN_POINT('',(12.493868449843,-9.674266260568));
#3006 = CARTESIAN_POINT('',(12.448588175848,-9.694094685919));
#3007 = CARTESIAN_POINT('',(12.403286142622,-9.714264406679));
#3008 = CARTESIAN_POINT('',(12.357968139481,-9.734724592422));
#3009 = CARTESIAN_POINT('',(12.312639938238,-9.755424229474));
#3010 = CARTESIAN_POINT('',(12.267307362637,-9.776312657891));
#3011 = CARTESIAN_POINT('',(12.171608566783,-9.82070394602));
#3012 = CARTESIAN_POINT('',(12.121242651992,-9.844239066824));
#3013 = CARTESIAN_POINT('',(12.070886622249,-9.867876213741));
#3014 = CARTESIAN_POINT('',(12.020548486391,-9.891546129655));
#3015 = CARTESIAN_POINT('',(11.970236253257,-9.915179557455));
#3016 = CARTESIAN_POINT('',(11.919957931684,-9.938707240024));
#3017 = CARTESIAN_POINT('',(11.86972153051,-9.962059920251));
#3018 = CARTESIAN_POINT('',(11.645633620322,-10.06524146535));
#3019 = CARTESIAN_POINT('',(11.471861833221,-10.14259819149));
#3020 = CARTESIAN_POINT('',(11.297287341477,-10.21491411148));
#3021 = CARTESIAN_POINT('',(11.121480759668,-10.27946490619));
#3022 = CARTESIAN_POINT('',(10.944471157316,-10.33278075107));
#3023 = CARTESIAN_POINT('',(10.766731700414,-10.37065661648));
#3024 = CARTESIAN_POINT('',(10.589174246718,-10.38823991605));
#3025 = CARTESIAN_POINT('',(10.380484929704,-10.37977631805));
#3026 = CARTESIAN_POINT('',(10.347869504994,-10.3776088453));
#3027 = CARTESIAN_POINT('',(10.315365748015,-10.37455732305));
#3028 = CARTESIAN_POINT('',(10.282977239578,-10.37059023709));
#3029 = CARTESIAN_POINT('',(10.250707086221,-10.36568825027));
#3030 = CARTESIAN_POINT('',(10.218557920203,-10.35984420255));
#3031 = CARTESIAN_POINT('',(10.18653189951,-10.35306311096));
#3032 = CARTESIAN_POINT('',(10.04198693504,-10.31816998513));
#3033 = CARTESIAN_POINT('',(9.931506464757,-10.27973980062));
#3034 = CARTESIAN_POINT('',(9.823671345622,-10.23118216445));
#3035 = CARTESIAN_POINT('',(9.718791753774,-10.17372412341));
#3036 = CARTESIAN_POINT('',(9.617047223157,-10.10854737844));
#3037 = CARTESIAN_POINT('',(9.518511319936,-10.03670918623));
#3038 = CARTESIAN_POINT('',(9.423168782388,-9.959108350887));
#3039 = CARTESIAN_POINT('',(9.262134281098,-9.814808398826));
#3040 = CARTESIAN_POINT('',(9.195082954884,-9.750366516871));
#3041 = CARTESIAN_POINT('',(9.129756271195,-9.683443480759));
#3042 = CARTESIAN_POINT('',(9.066130853321,-9.614318221622));
#3043 = CARTESIAN_POINT('',(9.004184149293,-9.543240659716));
#3044 = CARTESIAN_POINT('',(8.943894735534,-9.470434239102));
#3045 = CARTESIAN_POINT('',(8.885242620514,-9.396098462328));
#3046 = CARTESIAN_POINT('',(8.784155985391,-9.261949141015));
#3047 = CARTESIAN_POINT('',(8.74107130104,-9.202684422328));
#3048 = CARTESIAN_POINT('',(8.698948772945,-9.142701549263));
#3049 = CARTESIAN_POINT('',(8.657784495793,-9.082080406044));
#3050 = CARTESIAN_POINT('',(8.61757750827,-9.020897359411));
#3051 = CARTESIAN_POINT('',(8.578329919958,-8.959226137139));
#3052 = CARTESIAN_POINT('',(8.540047038233,-8.897138706545));
#3053 = CARTESIAN_POINT('',(8.47449278935,-8.78744239786));
#3054 = CARTESIAN_POINT('',(8.44680531269,-8.739978840848));
#3055 = CARTESIAN_POINT('',(8.41968520223,-8.692365026328));
#3056 = CARTESIAN_POINT('',(8.393127892047,-8.644599140688));
#3057 = CARTESIAN_POINT('',(8.367126315498,-8.59667297665));
#3058 = CARTESIAN_POINT('',(8.341676454131,-8.548592248397));
#3059 = CARTESIAN_POINT('',(8.316776233242,-8.500372257506));
#3060 = CARTESIAN_POINT('',(8.221250821293,-8.310708092203));
#3061 = CARTESIAN_POINT('',(8.154711618281,-8.168198620199));
#3062 = CARTESIAN_POINT('',(8.092660003812,-8.024590022387));
#3063 = CARTESIAN_POINT('',(8.034904660039,-7.879985708416));
#3064 = CARTESIAN_POINT('',(7.981210737656,-7.734481815784));
#3065 = CARTESIAN_POINT('',(7.931307491081,-7.588166056744));
#3066 = CARTESIAN_POINT('',(7.884895913618,-7.441116565202));
#3067 = CARTESIAN_POINT('',(7.80892717009,-7.181590559381));
#3068 = CARTESIAN_POINT('',(7.778015290542,-7.069398233794));
#3069 = CARTESIAN_POINT('',(7.748781424035,-6.956851144147));
#3070 = CARTESIAN_POINT('',(7.721080067682,-6.843973844516));
#3071 = CARTESIAN_POINT('',(7.694760884614,-6.730787911491));
#3072 = CARTESIAN_POINT('',(7.669670062938,-6.617311789894));
#3073 = CARTESIAN_POINT('',(7.645651674684,-6.503560638495));
#3074 = CARTESIAN_POINT('',(7.611496229476,-6.334999177599));
#3075 = CARTESIAN_POINT('',(7.600648845594,-6.280374869193));
#3076 = CARTESIAN_POINT('',(7.589996183782,-6.225671887566));
#3077 = CARTESIAN_POINT('',(7.579497745181,-6.170888777445));
#3078 = CARTESIAN_POINT('',(7.569161677545,-6.116027038604));
#3079 = CARTESIAN_POINT('',(7.559002300615,-6.061089279941));
#3080 = CARTESIAN_POINT('',(7.548994856581,-6.006077362858));
#3081 = CARTESIAN_POINT('',(7.528400895613,-5.890905312198));
#3082 = CARTESIAN_POINT('',(7.517842097006,-5.830730023794));
#3083 = CARTESIAN_POINT('',(7.50746451439,-5.770472185123));
#3084 = CARTESIAN_POINT('',(7.497263426496,-5.710134429968));
#3085 = CARTESIAN_POINT('',(7.487234112057,-5.649719392109));
#3086 = CARTESIAN_POINT('',(7.477371849801,-5.589229705328));
#3087 = CARTESIAN_POINT('',(7.467671918462,-5.528668003405));
#3088 = CARTESIAN_POINT('',(7.423022449476,-5.244969155293));
#3089 = CARTESIAN_POINT('',(7.390095049043,-5.021256734049));
#3090 = CARTESIAN_POINT('',(7.359096655931,-4.796999199402));
#3091 = CARTESIAN_POINT('',(7.329780830651,-4.572290992128));
#3092 = CARTESIAN_POINT('',(7.301904618584,-4.34722173718));
#3093 = CARTESIAN_POINT('',(7.275227734787,-4.121876530095));
#3094 = CARTESIAN_POINT('',(7.249511748808,-3.896336223408));
#3095 = CARTESIAN_POINT('',(7.211999044586,-3.557631893625));
#3096 = CARTESIAN_POINT('',(7.19966040113,-3.444556848513));
#3097 = CARTESIAN_POINT('',(7.187473563219,-3.331462442737));
#3098 = CARTESIAN_POINT('',(7.175408761371,-3.218358497072));
#3099 = CARTESIAN_POINT('',(7.163436232542,-3.105254788055));
#3100 = CARTESIAN_POINT('',(7.151526220122,-2.992161047989));
#3101 = CARTESIAN_POINT('',(7.139648973935,-2.879086964941));
#3102 = CARTESIAN_POINT('',(7.080415110651,-2.315169748361));
#3103 = CARTESIAN_POINT('',(7.033117718636,-1.864759001569));
#3104 = CARTESIAN_POINT('',(6.985871094939,-1.414732658121));
#3105 = CARTESIAN_POINT('',(6.938663374337,-0.965012125155));
#3106 = CARTESIAN_POINT('',(6.891482472778,-0.515517786527));
#3107 = CARTESIAN_POINT('',(6.844316254523,-6.616928813581E-02));
#3108 = CARTESIAN_POINT('',(6.797152699286,0.38311417674));
#3109 = CARTESIAN_POINT('',(6.703178611832,1.27817772718));
#3110 = CARTESIAN_POINT('',(6.627514814247,1.998843952266));
#3111 = CARTESIAN_POINT('',(6.55011756441,2.735484320186));
#3112 = CARTESIAN_POINT('',(6.4887454693,3.320671418833));
#3113 = CARTESIAN_POINT('',(6.450952899998,3.679994662396));
#3114 = CARTESIAN_POINT('',(6.433835707596,3.843827895909));
#3115 = CARTESIAN_POINT('',(6.422292682325,3.953358504697));
#3116 = CARTESIAN_POINT('',(6.367471902438,4.476012624117));
#3117 = CARTESIAN_POINT('',(6.345727688057,4.683856574153));
#3118 = CARTESIAN_POINT('',(6.324223364014,4.891773264851));
#3119 = CARTESIAN_POINT('',(6.303151656606,5.099742345532));
#3120 = CARTESIAN_POINT('',(6.282705580518,5.307742318047));
#3121 = CARTESIAN_POINT('',(6.263079169654,5.515750453905));
#3122 = CARTESIAN_POINT('',(6.244468207966,5.723742711409));
#3123 = CARTESIAN_POINT('',(6.227070960281,5.931693652779));
#3124 = ( GEOMETRIC_REPRESENTATION_CONTEXT(2) 
PARAMETRIC_REPRESENTATION_CONTEXT() REPRESENTATION_CONTEXT('2D SPACE',''
  ) );
#3125 = PCURVE('',#3126,#3161);
#3126 = B_SPLINE_SURFACE_WITH_KNOTS('',3,1,(
    (#3127,#3128)
    ,(#3129,#3130)
    ,(#3131,#3132)
    ,(#3133,#3134)
    ,(#3135,#3136)
    ,(#3137,#3138)
    ,(#3139,#3140)
    ,(#3141,#3142)
    ,(#3143,#3144)
    ,(#3145,#3146)
    ,(#3147,#3148)
    ,(#3149,#3150)
    ,(#3151,#3152)
    ,(#3153,#3154)
    ,(#3155,#3156)
    ,(#3157,#3158)
    ,(#3159,#3160
    )),.UNSPECIFIED.,.F.,.F.,.F.,(4,1,1,1,1,1,1,1,1,1,1,1,1,1,4),(2,2),(
    0.,3.020347662108,6.053909924531,8.500463623104,10.890155025775,
    13.5584878386,17.059916118603,20.559916118603,24.059916118603,
    27.561344398605,30.22967721143,32.619368614101,35.065922312674,
    38.099484575098,41.119832237205),(0.,1.),.UNSPECIFIED.);
#3127 = CARTESIAN_POINT('',(-15.85898384862,7.1,-20.));
#3128 = CARTESIAN_POINT('',(5.576951545867,7.1,60.));
#3129 = CARTESIAN_POINT('',(-16.85955749182,7.206854020275,-20.));
#3130 = CARTESIAN_POINT('',(4.576377902668,7.206854020275,60.));
#3131 = CARTESIAN_POINT('',(-18.88071527979,7.503114404475,-20.));
#3132 = CARTESIAN_POINT('',(2.555220114691,7.503114404475,60.));
#3133 = CARTESIAN_POINT('',(-21.62097742023,7.623125592086,-20.));
#3134 = CARTESIAN_POINT('',(-0.185042025742,7.623125592086,60.));
#3135 = CARTESIAN_POINT('',(-24.38651966125,8.992963864358,-20.));
#3136 = CARTESIAN_POINT('',(-2.950584266763,8.992963864358,60.));
#3137 = CARTESIAN_POINT('',(-26.12923782064,6.492176654313,-20.));
#3138 = CARTESIAN_POINT('',(-4.693302426155,6.492176654313,60.));
#3139 = CARTESIAN_POINT('',(-26.55860263748,3.75336269061,-20.));
#3140 = CARTESIAN_POINT('',(-5.122667242992,3.75336269061,60.));
#3141 = CARTESIAN_POINT('',(-26.55910508105,0.492256488987,-20.));
#3142 = CARTESIAN_POINT('',(-5.12316968656,0.492256488987,60.));
#3143 = CARTESIAN_POINT('',(-26.55892324477,-3.,-20.));
#3144 = CARTESIAN_POINT('',(-5.122987850284,-3.,60.));
#3145 = CARTESIAN_POINT('',(-26.55910508105,-6.492256488987,-20.));
#3146 = CARTESIAN_POINT('',(-5.12316968656,-6.492256488987,60.));
#3147 = CARTESIAN_POINT('',(-26.55860263748,-9.75336269061,-20.));
#3148 = CARTESIAN_POINT('',(-5.122667242992,-9.75336269061,60.));
#3149 = CARTESIAN_POINT('',(-26.12923782064,-12.49217665431,-20.));
#3150 = CARTESIAN_POINT('',(-4.693302426155,-12.49217665431,60.));
#3151 = CARTESIAN_POINT('',(-24.38651966125,-14.99296386435,-20.));
#3152 = CARTESIAN_POINT('',(-2.950584266763,-14.99296386435,60.));
#3153 = CARTESIAN_POINT('',(-21.62097742023,-13.62312559208,-20.));
#3154 = CARTESIAN_POINT('',(-0.185042025742,-13.62312559208,60.));
#3155 = CARTESIAN_POINT('',(-18.88071527979,-13.50311440447,-20.));
#3156 = CARTESIAN_POINT('',(2.555220114691,-13.50311440447,60.));
#3157 = CARTESIAN_POINT('',(-16.85955749182,-13.20685402027,-20.));
#3158 = CARTESIAN_POINT('',(4.576377902668,-13.20685402027,60.));
#3159 = CARTESIAN_POINT('',(-15.85898384862,-13.1,-20.));
#3160 = CARTESIAN_POINT('',(5.576951545867,-13.1,60.));
#3161 = DEFINITIONAL_REPRESENTATION('',(#3162),#3333);
#3162 = B_SPLINE_CURVE_WITH_KNOTS('',8,(#3163,#3164,#3165,#3166,#3167,
    #3168,#3169,#3170,#3171,#3172,#3173,#3174,#3175,#3176,#3177,#3178,
    #3179,#3180,#3181,#3182,#3183,#3184,#3185,#3186,#3187,#3188,#3189,
    #3190,#3191,#3192,#3193,#3194,#3195,#3196,#3197,#3198,#3199,#3200,
    #3201,#3202,#3203,#3204,#3205,#3206,#3207,#3208,#3209,#3210,#3211,
    #3212,#3213,#3214,#3215,#3216,#3217,#3218,#3219,#3220,#3221,#3222,
    #3223,#3224,#3225,#3226,#3227,#3228,#3229,#3230,#3231,#3232,#3233,
    #3234,#3235,#3236,#3237,#3238,#3239,#3240,#3241,#3242,#3243,#3244,
    #3245,#3246,#3247,#3248,#3249,#3250,#3251,#3252,#3253,#3254,#3255,
    #3256,#3257,#3258,#3259,#3260,#3261,#3262,#3263,#3264,#3265,#3266,
    #3267,#3268,#3269,#3270,#3271,#3272,#3273,#3274,#3275,#3276,#3277,
    #3278,#3279,#3280,#3281,#3282,#3283,#3284,#3285,#3286,#3287,#3288,
    #3289,#3290,#3291,#3292,#3293,#3294,#3295,#3296,#3297,#3298,#3299,
    #3300,#3301,#3302,#3303,#3304,#3305,#3306,#3307,#3308,#3309,#3310,
    #3311,#3312,#3313,#3314,#3315,#3316,#3317,#3318,#3319,#3320,#3321,
    #3322,#3323,#3324,#3325,#3326,#3327,#3328,#3329,#3330,#3331,#3332),
  .UNSPECIFIED.,.F.,.F.,(9,7,7,7,7,7,7,7,7,7,7,7,7,7,7,7,7,7,7,7,7,7,7,7
    ,9),(0.,3.414385911034E-02,7.916187993041E-02,0.113182164107,
    0.131686306017,0.150190448161,0.187321337119,0.22827300028,
    0.242686617314,0.258701749842,0.314195879494,0.324515677588,
    0.360955099801,0.388136075703,0.409131242027,0.425025360465,
    0.471462425526,0.506611922342,0.523428205913,0.541773458805,
    0.609267462479,0.643079238249,0.777935508085,0.911730676989,1.),
  .UNSPECIFIED.);
#3163 = CARTESIAN_POINT('',(41.119832237205,0.3));
#3164 = CARTESIAN_POINT('',(41.0066045868,0.3));
#3165 = CARTESIAN_POINT('',(40.893435333035,0.3));
#3166 = CARTESIAN_POINT('',(40.780316660499,0.3));
#3167 = CARTESIAN_POINT('',(40.66724057451,0.3));
#3168 = CARTESIAN_POINT('',(40.554198901119,0.3));
#3169 = CARTESIAN_POINT('',(40.441183287106,0.3));
#3170 = CARTESIAN_POINT('',(40.328185199981,0.3));
#3171 = CARTESIAN_POINT('',(40.066221748395,0.3));
#3172 = CARTESIAN_POINT('',(39.917263359852,0.3));
#3173 = CARTESIAN_POINT('',(39.768300538361,0.3));
#3174 = CARTESIAN_POINT('',(39.619313229303,0.3));
#3175 = CARTESIAN_POINT('',(39.470281491004,0.3));
#3176 = CARTESIAN_POINT('',(39.32118543831,0.3));
#3177 = CARTESIAN_POINT('',(39.172005186149,0.3));
#3178 = CARTESIAN_POINT('',(38.909906027335,0.3));
#3179 = CARTESIAN_POINT('',(38.797032059692,0.3));
#3180 = CARTESIAN_POINT('',(38.684090379534,0.3));
#3181 = CARTESIAN_POINT('',(38.571072705724,0.3));
#3182 = CARTESIAN_POINT('',(38.457970986631,0.3));
#3183 = CARTESIAN_POINT('',(38.344777400125,0.3));
#3184 = CARTESIAN_POINT('',(38.231484353584,0.3));
#3185 = CARTESIAN_POINT('',(38.056404596956,0.3));
#3186 = CARTESIAN_POINT('',(37.99472538351,0.3));
#3187 = CARTESIAN_POINT('',(37.933044646988,0.3));
#3188 = CARTESIAN_POINT('',(37.871366034924,0.3));
#3189 = CARTESIAN_POINT('',(37.809685446192,0.3));
#3190 = CARTESIAN_POINT('',(37.748006069282,0.3));
#3191 = CARTESIAN_POINT('',(37.68632624462,0.3));
#3192 = CARTESIAN_POINT('',(37.562966748687,0.3));
#3193 = CARTESIAN_POINT('',(37.501287000331,0.3));
#3194 = CARTESIAN_POINT('',(37.439607251975,0.3));
#3195 = CARTESIAN_POINT('',(37.37792750362,0.3));
#3196 = CARTESIAN_POINT('',(37.316247755264,0.3));
#3197 = CARTESIAN_POINT('',(37.254568006908,0.3));
#3198 = CARTESIAN_POINT('',(37.192888258552,0.3));
#3199 = CARTESIAN_POINT('',(37.007440336061,0.3));
#3200 = CARTESIAN_POINT('',(36.883721237465,0.3));
#3201 = CARTESIAN_POINT('',(36.760080767135,0.3));
#3202 = CARTESIAN_POINT('',(36.63655210188,0.3));
#3203 = CARTESIAN_POINT('',(36.513171804481,0.3));
#3204 = CARTESIAN_POINT('',(36.389979585582,0.3));
#3205 = CARTESIAN_POINT('',(36.267018065578,0.3));
#3206 = CARTESIAN_POINT('',(36.009022647554,0.3));
#3207 = CARTESIAN_POINT('',(35.874049592602,0.3));
#3208 = CARTESIAN_POINT('',(35.739476333531,0.3));
#3209 = CARTESIAN_POINT('',(35.605372229755,0.3));
#3210 = CARTESIAN_POINT('',(35.471812295879,0.3));
#3211 = CARTESIAN_POINT('',(35.338876459354,0.3));
#3212 = CARTESIAN_POINT('',(35.206648818134,0.3));
#3213 = CARTESIAN_POINT('',(35.028957254361,0.3));
#3214 = CARTESIAN_POINT('',(34.982697270705,0.3));
#3215 = CARTESIAN_POINT('',(34.936437353914,0.3));
#3216 = CARTESIAN_POINT('',(34.890177590379,0.3));
#3217 = CARTESIAN_POINT('',(34.843917885925,0.3));
#3218 = CARTESIAN_POINT('',(34.797658105403,0.3));
#3219 = CARTESIAN_POINT('',(34.751398212275,0.3));
#3220 = CARTESIAN_POINT('',(34.653738617905,0.3));
#3221 = CARTESIAN_POINT('',(34.602338827608,0.3));
#3222 = CARTESIAN_POINT('',(34.550939037312,0.3));
#3223 = CARTESIAN_POINT('',(34.499539247015,0.3));
#3224 = CARTESIAN_POINT('',(34.448139456719,0.3));
#3225 = CARTESIAN_POINT('',(34.396739666422,0.3));
#3226 = CARTESIAN_POINT('',(34.345339876125,0.3));
#3227 = CARTESIAN_POINT('',(34.115834371014,0.3));
#3228 = CARTESIAN_POINT('',(33.937247460768,0.3));
#3229 = CARTESIAN_POINT('',(33.756877304183,0.3));
#3230 = CARTESIAN_POINT('',(33.573904450565,0.3));
#3231 = CARTESIAN_POINT('',(33.387906937423,0.3));
#3232 = CARTESIAN_POINT('',(33.198850793716,0.3));
#3233 = CARTESIAN_POINT('',(33.007100062521,0.3));
#3234 = CARTESIAN_POINT('',(32.777647329313,0.3));
#3235 = CARTESIAN_POINT('',(32.741666319582,0.3));
#3236 = CARTESIAN_POINT('',(32.705685228011,0.3));
#3237 = CARTESIAN_POINT('',(32.669705245659,0.3));
#3238 = CARTESIAN_POINT('',(32.633726622727,0.3));
#3239 = CARTESIAN_POINT('',(32.597748668561,0.3));
#3240 = CARTESIAN_POINT('',(32.561769751651,0.3));
#3241 = CARTESIAN_POINT('',(32.398732511394,0.3));
#3242 = CARTESIAN_POINT('',(32.27231490828,0.3));
#3243 = CARTESIAN_POINT('',(32.146910533171,0.3));
#3244 = CARTESIAN_POINT('',(32.022739850067,0.3));
#3245 = CARTESIAN_POINT('',(31.899905787055,0.3));
#3246 = CARTESIAN_POINT('',(31.778408704391,0.3));
#3247 = CARTESIAN_POINT('',(31.658146907651,0.3));
#3248 = CARTESIAN_POINT('',(31.449970852226,0.3));
#3249 = CARTESIAN_POINT('',(31.361626504488,0.3));
#3250 = CARTESIAN_POINT('',(31.273807498991,0.3));
#3251 = CARTESIAN_POINT('',(31.186441375866,0.3));
#3252 = CARTESIAN_POINT('',(31.09945179077,0.3));
#3253 = CARTESIAN_POINT('',(31.012756306541,0.3));
#3254 = CARTESIAN_POINT('',(30.926264184859,0.3));
#3255 = CARTESIAN_POINT('',(30.773144691395,0.3));
#3256 = CARTESIAN_POINT('',(30.706480463942,0.3));
#3257 = CARTESIAN_POINT('',(30.639837078537,0.3));
#3258 = CARTESIAN_POINT('',(30.573169932511,0.3));
#3259 = CARTESIAN_POINT('',(30.506433365535,0.3));
#3260 = CARTESIAN_POINT('',(30.439579787626,0.3));
#3261 = CARTESIAN_POINT('',(30.372558807149,0.3));
#3262 = CARTESIAN_POINT('',(30.254411335193,0.3));
#3263 = CARTESIAN_POINT('',(30.203382737841,0.3));
#3264 = CARTESIAN_POINT('',(30.152187461348,0.3));
#3265 = CARTESIAN_POINT('',(30.100837895167,0.3));
#3266 = CARTESIAN_POINT('',(30.049353516489,0.3));
#3267 = CARTESIAN_POINT('',(29.997738982851,0.3));
#3268 = CARTESIAN_POINT('',(29.94598872449,0.3));
#3269 = CARTESIAN_POINT('',(29.742569995279,0.3));
#3270 = CARTESIAN_POINT('',(29.589972751912,0.3));
#3271 = CARTESIAN_POINT('',(29.436481598754,0.3));
#3272 = CARTESIAN_POINT('',(29.282245590702,0.3));
#3273 = CARTESIAN_POINT('',(29.127405889336,0.3));
#3274 = CARTESIAN_POINT('',(28.972094107104,0.3));
#3275 = CARTESIAN_POINT('',(28.816430651517,0.3));
#3276 = CARTESIAN_POINT('',(28.542512315282,0.3));
#3277 = CARTESIAN_POINT('',(28.424361308911,0.3));
#3278 = CARTESIAN_POINT('',(28.306114810056,0.3));
#3279 = CARTESIAN_POINT('',(28.187814148652,0.3));
#3280 = CARTESIAN_POINT('',(28.069497055056,0.3));
#3281 = CARTESIAN_POINT('',(27.951197490375,0.3));
#3282 = CARTESIAN_POINT('',(27.832945476788,0.3));
#3283 = CARTESIAN_POINT('',(27.658227740388,0.3));
#3284 = CARTESIAN_POINT('',(27.601687902601,0.3));
#3285 = CARTESIAN_POINT('',(27.545145723873,0.3));
#3286 = CARTESIAN_POINT('',(27.488607692852,0.3));
#3287 = CARTESIAN_POINT('',(27.432069937908,0.3));
#3288 = CARTESIAN_POINT('',(27.375528089917,0.3));
#3289 = CARTESIAN_POINT('',(27.318987876058,0.3));
#3290 = CARTESIAN_POINT('',(27.200769024911,0.3));
#3291 = CARTESIAN_POINT('',(27.139089276555,0.3));
#3292 = CARTESIAN_POINT('',(27.0774095282,0.3));
#3293 = CARTESIAN_POINT('',(27.015729779844,0.3));
#3294 = CARTESIAN_POINT('',(26.954050031488,0.3));
#3295 = CARTESIAN_POINT('',(26.892370283132,0.3));
#3296 = CARTESIAN_POINT('',(26.830690534776,0.3));
#3297 = CARTESIAN_POINT('',(26.542084878851,0.3));
#3298 = CARTESIAN_POINT('',(26.315458556402,0.3));
#3299 = CARTESIAN_POINT('',(26.089095182335,0.3));
#3300 = CARTESIAN_POINT('',(25.862955381226,0.3));
#3301 = CARTESIAN_POINT('',(25.636996853682,0.3));
#3302 = CARTESIAN_POINT('',(25.411174191053,0.3));
#3303 = CARTESIAN_POINT('',(25.185438690155,0.3));
#3304 = CARTESIAN_POINT('',(24.846671302315,0.3));
#3305 = CARTESIAN_POINT('',(24.733613633497,0.3));
#3306 = CARTESIAN_POINT('',(24.620558823739,0.3));
#3307 = CARTESIAN_POINT('',(24.507500478401,0.3));
#3308 = CARTESIAN_POINT('',(24.394432145995,0.3));
#3309 = CARTESIAN_POINT('',(24.281347318185,0.3));
#3310 = CARTESIAN_POINT('',(24.168239429786,0.3));
#3311 = CARTESIAN_POINT('',(23.603859341659,0.3));
#3312 = CARTESIAN_POINT('',(23.152149227693,0.3));
#3313 = CARTESIAN_POINT('',(22.700050706543,0.3));
#3314 = CARTESIAN_POINT('',(22.247643965559,0.3));
#3315 = CARTESIAN_POINT('',(21.795009888925,0.3));
#3316 = CARTESIAN_POINT('',(21.342229756824,0.3));
#3317 = CARTESIAN_POINT('',(20.889384944594,0.3));
#3318 = CARTESIAN_POINT('',(19.987291326372,0.3));
#3319 = CARTESIAN_POINT('',(19.26106207544,0.3));
#3320 = CARTESIAN_POINT('',(18.518519113429,0.3));
#3321 = CARTESIAN_POINT('',(17.931574385746,0.3));
#3322 = CARTESIAN_POINT('',(17.571622166193,0.3));
#3323 = CARTESIAN_POINT('',(17.407514926909,0.3));
#3324 = CARTESIAN_POINT('',(17.297548232623,0.3));
#3325 = CARTESIAN_POINT('',(16.774636319003,0.3));
#3326 = CARTESIAN_POINT('',(16.566870849869,0.3));
#3327 = CARTESIAN_POINT('',(16.359152244332,0.3));
#3328 = CARTESIAN_POINT('',(16.151439904831,0.3));
#3329 = CARTESIAN_POINT('',(15.94369454171,0.3));
#3330 = CARTESIAN_POINT('',(15.735878016466,0.3));
#3331 = CARTESIAN_POINT('',(15.527953184993,0.3));
#3332 = CARTESIAN_POINT('',(15.319883740818,0.3));
#3333 = ( GEOMETRIC_REPRESENTATION_CONTEXT(2) 
PARAMETRIC_REPRESENTATION_CONTEXT() REPRESENTATION_CONTEXT('2D SPACE',''
  ) );
#3334 = ORIENTED_EDGE('',*,*,#3335,.T.);
#3335 = EDGE_CURVE('',#2777,#2438,#3336,.T.);
#3336 = SURFACE_CURVE('',#3337,(#3341,#3348),.PCURVE_S1.);
#3337 = LINE('',#3338,#3339);
#3338 = CARTESIAN_POINT('',(-63.46410161513,-3.125,4.));
#3339 = VECTOR('',#3340,1.);
#3340 = DIRECTION('',(-1.,0.,-2.011080212013E-18));
#3341 = PCURVE('',#2511,#3342);
#3342 = DEFINITIONAL_REPRESENTATION('',(#3343),#3347);
#3343 = LINE('',#3344,#3345);
#3344 = CARTESIAN_POINT('',(-36.3231379253,-3.939181012346));
#3345 = VECTOR('',#3346,1.);
#3346 = DIRECTION('',(-0.994533904972,-0.104414136312));
#3347 = ( GEOMETRIC_REPRESENTATION_CONTEXT(2) 
PARAMETRIC_REPRESENTATION_CONTEXT() REPRESENTATION_CONTEXT('2D SPACE',''
  ) );
#3348 = PCURVE('',#2457,#3349);
#3349 = DEFINITIONAL_REPRESENTATION('',(#3350),#3354);
#3350 = LINE('',#3351,#3352);
#3351 = CARTESIAN_POINT('',(104.,36.535898384862));
#3352 = VECTOR('',#3353,1.);
#3353 = DIRECTION('',(-2.011080212013E-18,-1.));
#3354 = ( GEOMETRIC_REPRESENTATION_CONTEXT(2) 
PARAMETRIC_REPRESENTATION_CONTEXT() REPRESENTATION_CONTEXT('2D SPACE',''
  ) );
#3355 = FACE_BOUND('',#3356,.T.);
#3356 = EDGE_LOOP('',(#3357));
#3357 = ORIENTED_EDGE('',*,*,#3358,.T.);
#3358 = EDGE_CURVE('',#3359,#3359,#3361,.T.);
#3359 = VERTEX_POINT('',#3360);
#3360 = CARTESIAN_POINT('',(-7.928203230276,-17.375,4.));
#3361 = SURFACE_CURVE('',#3362,(#3367,#3378),.PCURVE_S1.);
#3362 = CIRCLE('',#3363,1.5);
#3363 = AXIS2_PLACEMENT_3D('',#3364,#3365,#3366);
#3364 = CARTESIAN_POINT('',(-9.428203230276,-17.375,4.));
#3365 = DIRECTION('',(0.,0.,-1.));
#3366 = DIRECTION('',(1.,0.,0.));
#3367 = PCURVE('',#2511,#3368);
#3368 = DEFINITIONAL_REPRESENTATION('',(#3369),#3377);
#3369 = ( BOUNDED_CURVE() B_SPLINE_CURVE(2,(#3370,#3371,#3372,#3373,
#3374,#3375,#3376),.UNSPECIFIED.,.T.,.F.) B_SPLINE_CURVE_WITH_KNOTS((1,2
    ,2,2,2,1),(-2.094395102393,0.,2.094395102393,4.188790204786,
6.28318530718,8.377580409573),.UNSPECIFIED.) CURVE() 
GEOMETRIC_REPRESENTATION_ITEM() RATIONAL_B_SPLINE_CURVE((1.,0.5,1.,0.5,
1.,0.5,1.)) REPRESENTATION_ITEM('') );
#3370 = CARTESIAN_POINT('',(20.397097403942,-12.31255629404));
#3371 = CARTESIAN_POINT('',(20.668373287623,-14.89643117393));
#3372 = CARTESIAN_POINT('',(18.295034059596,-13.83942554069));
#3373 = CARTESIAN_POINT('',(15.92169483157,-12.78241990745));
#3374 = CARTESIAN_POINT('',(18.023758175916,-11.2555506608));
#3375 = CARTESIAN_POINT('',(20.125821520262,-9.728681414156));
#3376 = CARTESIAN_POINT('',(20.397097403942,-12.31255629404));
#3377 = ( GEOMETRIC_REPRESENTATION_CONTEXT(2) 
PARAMETRIC_REPRESENTATION_CONTEXT() REPRESENTATION_CONTEXT('2D SPACE',''
  ) );
#3378 = PCURVE('',#3379,#3384);
#3379 = CYLINDRICAL_SURFACE('',#3380,1.5);
#3380 = AXIS2_PLACEMENT_3D('',#3381,#3382,#3383);
#3381 = CARTESIAN_POINT('',(-9.428203230276,-17.375,3.4));
#3382 = DIRECTION('',(-0.,-0.,-1.));
#3383 = DIRECTION('',(1.,0.,0.));
#3384 = DEFINITIONAL_REPRESENTATION('',(#3385),#3389);
#3385 = LINE('',#3386,#3387);
#3386 = CARTESIAN_POINT('',(-6.28318530718,-0.6));
#3387 = VECTOR('',#3388,1.);
#3388 = DIRECTION('',(1.,-0.));
#3389 = ( GEOMETRIC_REPRESENTATION_CONTEXT(2) 
PARAMETRIC_REPRESENTATION_CONTEXT() REPRESENTATION_CONTEXT('2D SPACE',''
  ) );
#3390 = FACE_BOUND('',#3391,.T.);
#3391 = EDGE_LOOP('',(#3392,#3422,#3450,#3478,#3580,#3608,#3636));
#3392 = ORIENTED_EDGE('',*,*,#3393,.F.);
#3393 = EDGE_CURVE('',#3394,#3396,#3398,.T.);
#3394 = VERTEX_POINT('',#3395);
#3395 = CARTESIAN_POINT('',(8.799804582224,-18.24399759928,4.));
#3396 = VERTEX_POINT('',#3397);
#3397 = CARTESIAN_POINT('',(8.799804582224,-20.20000020345,4.));
#3398 = SURFACE_CURVE('',#3399,(#3403,#3410),.PCURVE_S1.);
#3399 = LINE('',#3400,#3401);
#3400 = CARTESIAN_POINT('',(8.799804582224,-11.60000010172,4.));
#3401 = VECTOR('',#3402,1.);
#3402 = DIRECTION('',(-0.,-1.,-1.915533209503E-17));
#3403 = PCURVE('',#2511,#3404);
#3404 = DEFINITIONAL_REPRESENTATION('',(#3405),#3409);
#3405 = LINE('',#3406,#3407);
#3406 = CARTESIAN_POINT('',(36.430676709527,-4.822482606049));
#3407 = VECTOR('',#3408,1.);
#3408 = DIRECTION('',(0.104414136312,-0.994533904972));
#3409 = ( GEOMETRIC_REPRESENTATION_CONTEXT(2) 
PARAMETRIC_REPRESENTATION_CONTEXT() REPRESENTATION_CONTEXT('2D SPACE',''
  ) );
#3410 = PCURVE('',#3411,#3416);
#3411 = PLANE('',#3412);
#3412 = AXIS2_PLACEMENT_3D('',#3413,#3414,#3415);
#3413 = CARTESIAN_POINT('',(8.799804582224,-20.20000020345,3.4));
#3414 = DIRECTION('',(-1.,0.,0.));
#3415 = DIRECTION('',(0.,1.,0.));
#3416 = DEFINITIONAL_REPRESENTATION('',(#3417),#3421);
#3417 = LINE('',#3418,#3419);
#3418 = CARTESIAN_POINT('',(8.600000101725,-0.6));
#3419 = VECTOR('',#3420,1.);
#3420 = DIRECTION('',(-1.,1.915533209503E-17));
#3421 = ( GEOMETRIC_REPRESENTATION_CONTEXT(2) 
PARAMETRIC_REPRESENTATION_CONTEXT() REPRESENTATION_CONTEXT('2D SPACE',''
  ) );
#3422 = ORIENTED_EDGE('',*,*,#3423,.F.);
#3423 = EDGE_CURVE('',#3424,#3394,#3426,.T.);
#3424 = VERTEX_POINT('',#3425);
#3425 = CARTESIAN_POINT('',(8.119804582224,-18.24399759928,4.));
#3426 = SURFACE_CURVE('',#3427,(#3431,#3438),.PCURVE_S1.);
#3427 = LINE('',#3428,#3429);
#3428 = CARTESIAN_POINT('',(-9.064199324026,-18.24399759928,4.));
#3429 = VECTOR('',#3430,1.);
#3430 = DIRECTION('',(1.,0.,2.011080212013E-18));
#3431 = PCURVE('',#2511,#3432);
#3432 = DEFINITIONAL_REPRESENTATION('',(#3433),#3437);
#3433 = LINE('',#3434,#3435);
#3434 = CARTESIAN_POINT('',(19.358046406579,-13.29541792085));
#3435 = VECTOR('',#3436,1.);
#3436 = DIRECTION('',(0.994533904972,0.104414136312));
#3437 = ( GEOMETRIC_REPRESENTATION_CONTEXT(2) 
PARAMETRIC_REPRESENTATION_CONTEXT() REPRESENTATION_CONTEXT('2D SPACE',''
  ) );
#3438 = PCURVE('',#3439,#3444);
#3439 = PLANE('',#3440);
#3440 = AXIS2_PLACEMENT_3D('',#3441,#3442,#3443);
#3441 = CARTESIAN_POINT('',(8.799804582224,-18.24399759928,3.4));
#3442 = DIRECTION('',(0.,-1.,0.));
#3443 = DIRECTION('',(-1.,0.,0.));
#3444 = DEFINITIONAL_REPRESENTATION('',(#3445),#3449);
#3445 = LINE('',#3446,#3447);
#3446 = CARTESIAN_POINT('',(17.86400390625,-0.6));
#3447 = VECTOR('',#3448,1.);
#3448 = DIRECTION('',(-1.,-2.011080212013E-18));
#3449 = ( GEOMETRIC_REPRESENTATION_CONTEXT(2) 
PARAMETRIC_REPRESENTATION_CONTEXT() REPRESENTATION_CONTEXT('2D SPACE',''
  ) );
#3450 = ORIENTED_EDGE('',*,*,#3451,.F.);
#3451 = EDGE_CURVE('',#3452,#3424,#3454,.T.);
#3452 = VERTEX_POINT('',#3453);
#3453 = CARTESIAN_POINT('',(8.119804582224,-17.87200541178,4.));
#3454 = SURFACE_CURVE('',#3455,(#3459,#3466),.PCURVE_S1.);
#3455 = LINE('',#3456,#3457);
#3456 = CARTESIAN_POINT('',(8.119804582224,-10.62199879964,4.));
#3457 = VECTOR('',#3458,1.);
#3458 = DIRECTION('',(-0.,-1.,-1.915533209503E-17));
#3459 = PCURVE('',#2511,#3460);
#3460 = DEFINITIONAL_REPRESENTATION('',(#3461),#3465);
#3461 = LINE('',#3462,#3463);
#3462 = CARTESIAN_POINT('',(35.652276492878,-3.920828764712));
#3463 = VECTOR('',#3464,1.);
#3464 = DIRECTION('',(0.104414136312,-0.994533904972));
#3465 = ( GEOMETRIC_REPRESENTATION_CONTEXT(2) 
PARAMETRIC_REPRESENTATION_CONTEXT() REPRESENTATION_CONTEXT('2D SPACE',''
  ) );
#3466 = PCURVE('',#3467,#3472);
#3467 = PLANE('',#3468);
#3468 = AXIS2_PLACEMENT_3D('',#3469,#3470,#3471);
#3469 = CARTESIAN_POINT('',(8.119804582224,-18.24399759928,3.4));
#3470 = DIRECTION('',(-1.,0.,0.));
#3471 = DIRECTION('',(0.,1.,0.));
#3472 = DEFINITIONAL_REPRESENTATION('',(#3473),#3477);
#3473 = LINE('',#3474,#3475);
#3474 = CARTESIAN_POINT('',(7.621998799642,-0.6));
#3475 = VECTOR('',#3476,1.);
#3476 = DIRECTION('',(-1.,1.915533209503E-17));
#3477 = ( GEOMETRIC_REPRESENTATION_CONTEXT(2) 
PARAMETRIC_REPRESENTATION_CONTEXT() REPRESENTATION_CONTEXT('2D SPACE',''
  ) );
#3478 = ORIENTED_EDGE('',*,*,#3479,.F.);
#3479 = EDGE_CURVE('',#3480,#3452,#3482,.T.);
#3480 = VERTEX_POINT('',#3481);
#3481 = CARTESIAN_POINT('',(8.987799373891,-17.36399759928,4.));
#3482 = SURFACE_CURVE('',#3483,(#3511,#3542),.PCURVE_S1.);
#3483 = B_SPLINE_CURVE_WITH_KNOTS('',6,(#3484,#3485,#3486,#3487,#3488,
    #3489,#3490,#3491,#3492,#3493,#3494,#3495,#3496,#3497,#3498,#3499,
    #3500,#3501,#3502,#3503,#3504,#3505,#3506,#3507,#3508,#3509,#3510),
  .UNSPECIFIED.,.F.,.F.,(7,5,5,5,5,7),(0.,8.75965872643E-02,
    0.269967518896,0.531124541169,0.674056679085,1.),.UNSPECIFIED.);
#3484 = CARTESIAN_POINT('',(8.987799373891,-17.36399759928,4.));
#3485 = CARTESIAN_POINT('',(8.983851004228,-17.37919247425,4.));
#3486 = CARTESIAN_POINT('',(8.979554414017,-17.39420726179,4.));
#3487 = CARTESIAN_POINT('',(8.974903216048,-17.40903116344,4.));
#3488 = CARTESIAN_POINT('',(8.96989200497,-17.42365329007,4.));
#3489 = CARTESIAN_POINT('',(8.964516357288,-17.4380626619,4.));
#3490 = CARTESIAN_POINT('',(8.946815148924,-17.48178168029,4.));
#3491 = CARTESIAN_POINT('',(8.933262203664,-17.51034738927,4.));
#3492 = CARTESIAN_POINT('',(8.918085486025,-17.53784186669,4.));
#3493 = CARTESIAN_POINT('',(8.901278281268,-17.56417079429,4.));
#3494 = CARTESIAN_POINT('',(8.88286139668,-17.58925310122,4.));
#3495 = CARTESIAN_POINT('',(8.834288055079,-17.64706674831,4.));
#3496 = CARTESIAN_POINT('',(8.802488683447,-17.67843129238,4.));
#3497 = CARTESIAN_POINT('',(8.767652855864,-17.70692099829,4.));
#3498 = CARTESIAN_POINT('',(8.730035083073,-17.73247501404,4.));
#3499 = CARTESIAN_POINT('',(8.689946187464,-17.75513181159,4.));
#3500 = CARTESIAN_POINT('',(8.62460510795,-17.78586103557,4.));
#3501 = CARTESIAN_POINT('',(8.600848465773,-17.79589428392,4.));
#3502 = CARTESIAN_POINT('',(8.576497743136,-17.80510920675,4.));
#3503 = CARTESIAN_POINT('',(8.551602321301,-17.81352933636,4.));
#3504 = CARTESIAN_POINT('',(8.526208990903,-17.82118181203,4.));
#3505 = CARTESIAN_POINT('',(8.441415324563,-17.84386069129,4.));
#3506 = CARTESIAN_POINT('',(8.380115720084,-17.85577957002,4.));
#3507 = CARTESIAN_POINT('',(8.316945894109,-17.86420230824,4.));
#3508 = CARTESIAN_POINT('',(8.252316545777,-17.869499727,4.));
#3509 = CARTESIAN_POINT('',(8.186535828938,-17.87200541178,4.));
#3510 = CARTESIAN_POINT('',(8.119804582224,-17.87200541178,4.));
#3511 = PCURVE('',#2511,#3512);
#3512 = DEFINITIONAL_REPRESENTATION('',(#3513),#3541);
#3513 = B_SPLINE_CURVE_WITH_KNOTS('',6,(#3514,#3515,#3516,#3517,#3518,
    #3519,#3520,#3521,#3522,#3523,#3524,#3525,#3526,#3527,#3528,#3529,
    #3530,#3531,#3532,#3533,#3534,#3535,#3536,#3537,#3538,#3539,#3540),
  .UNSPECIFIED.,.F.,.F.,(7,5,5,5,5,7),(0.,8.75965872643E-02,
    0.269967518896,0.531124541169,0.674056679085,1.),.UNSPECIFIED.);
#3514 = CARTESIAN_POINT('',(37.219486724208,-10.53534423174));
#3515 = CARTESIAN_POINT('',(37.217146496454,-10.55086831568));
#3516 = CARTESIAN_POINT('',(37.214441147886,-10.56624965572));
#3517 = CARTESIAN_POINT('',(37.211363198695,-10.58147817934));
#3518 = CARTESIAN_POINT('',(37.207906136097,-10.59654362131));
#3519 = CARTESIAN_POINT('',(37.20406441433,-10.61143552375));
#3520 = CARTESIAN_POINT('',(37.191024845999,-10.65676382622));
#3521 = CARTESIAN_POINT('',(37.180528646257,-10.68658851139));
#3522 = CARTESIAN_POINT('',(37.168305698111,-10.71551736525));
#3523 = CARTESIAN_POINT('',(37.154339475368,-10.7434572862));
#3524 = CARTESIAN_POINT('',(37.138642206637,-10.77032547395));
#3525 = CARTESIAN_POINT('',(37.096370933565,-10.83289484967));
#3526 = CARTESIAN_POINT('',(37.0680202821,-10.86740825608));
#3527 = CARTESIAN_POINT('',(37.036349598497,-10.8993795874));
#3528 = CARTESIAN_POINT('',(37.001605648511,-10.92872174973));
#3529 = CARTESIAN_POINT('',(36.964101572562,-10.95544055048));
#3530 = CARTESIAN_POINT('',(36.90232621898,-10.99282433799));
#3531 = CARTESIAN_POINT('',(36.879747045827,-11.00528327292));
#3532 = CARTESIAN_POINT('',(36.856491594763,-11.01699038578));
#3533 = CARTESIAN_POINT('',(36.83261143423,-11.02796392413));
#3534 = CARTESIAN_POINT('',(36.808155932826,-11.0382259933));
#3535 = CARTESIAN_POINT('',(36.726193752315,-11.06963456509));
#3536 = CARTESIAN_POINT('',(36.666473716729,-11.08788883936));
#3537 = CARTESIAN_POINT('',(36.604528635962,-11.10286136091));
#3538 = CARTESIAN_POINT('',(36.540805683193,-11.11487804105));
#3539 = CARTESIAN_POINT('',(36.475646158916,-11.12423846626));
#3540 = CARTESIAN_POINT('',(36.409279671538,-11.13120615175));
#3541 = ( GEOMETRIC_REPRESENTATION_CONTEXT(2) 
PARAMETRIC_REPRESENTATION_CONTEXT() REPRESENTATION_CONTEXT('2D SPACE',''
  ) );
#3542 = PCURVE('',#3543,#3550);
#3543 = SURFACE_OF_LINEAR_EXTRUSION('',#3544,#3548);
#3544 = B_SPLINE_CURVE_WITH_KNOTS('',2,(#3545,#3546,#3547),
  .UNSPECIFIED.,.F.,.F.,(3,3),(0.,1.),.PIECEWISE_BEZIER_KNOTS.);
#3545 = CARTESIAN_POINT('',(8.119804582224,-17.87200541178,3.4));
#3546 = CARTESIAN_POINT('',(8.855794165558,-17.87200541178,3.4));
#3547 = CARTESIAN_POINT('',(8.987799373891,-17.36399759928,3.4));
#3548 = VECTOR('',#3549,1.);
#3549 = DIRECTION('',(-0.,-0.,-1.));
#3550 = DEFINITIONAL_REPRESENTATION('',(#3551),#3579);
#3551 = B_SPLINE_CURVE_WITH_KNOTS('',6,(#3552,#3553,#3554,#3555,#3556,
    #3557,#3558,#3559,#3560,#3561,#3562,#3563,#3564,#3565,#3566,#3567,
    #3568,#3569,#3570,#3571,#3572,#3573,#3574,#3575,#3576,#3577,#3578),
  .UNSPECIFIED.,.F.,.F.,(7,5,5,5,5,7),(0.,8.75965872643E-02,
    0.269967518896,0.531124541169,0.674056679085,1.),.UNSPECIFIED.);
#3552 = CARTESIAN_POINT('',(1.,-0.6));
#3553 = CARTESIAN_POINT('',(0.985044644401,-0.6));
#3554 = CARTESIAN_POINT('',(0.969998180389,-0.6));
#3555 = CARTESIAN_POINT('',(0.954864990758,-0.6));
#3556 = CARTESIAN_POINT('',(0.939650198561,-0.6));
#3557 = CARTESIAN_POINT('',(0.924359667116,-0.6));
#3558 = CARTESIAN_POINT('',(0.877022078382,-0.6));
#3559 = CARTESIAN_POINT('',(0.844742071571,-0.6));
#3560 = CARTESIAN_POINT('',(0.812224183746,-0.6));
#3561 = CARTESIAN_POINT('',(0.779540034683,-0.6));
#3562 = CARTESIAN_POINT('',(0.746769241432,-0.6));
#3563 = CARTESIAN_POINT('',(0.66707411418,-0.6));
#3564 = CARTESIAN_POINT('',(0.620137624172,-0.6));
#3565 = CARTESIAN_POINT('',(0.57346032107,-0.6));
#3566 = CARTESIAN_POINT('',(0.5272642592,-0.6));
#3567 = CARTESIAN_POINT('',(0.481729524018,-0.6));
#3568 = CARTESIAN_POINT('',(0.412519377422,-0.6));
#3569 = CARTESIAN_POINT('',(0.388276204546,-0.6));
#3570 = CARTESIAN_POINT('',(0.364290405643,-0.6));
#3571 = CARTESIAN_POINT('',(0.340576521038,-0.6));
#3572 = CARTESIAN_POINT('',(0.317144417729,-0.6));
#3573 = CARTESIAN_POINT('',(0.24122132835,-0.6));
#3574 = CARTESIAN_POINT('',(0.189950028504,-0.6));
#3575 = CARTESIAN_POINT('',(0.140232035653,-0.6));
#3576 = CARTESIAN_POINT('',(9.204684669113E-02,-0.6));
#3577 = CARTESIAN_POINT('',(4.533436900805E-02,-0.6));
#3578 = CARTESIAN_POINT('',(0.,-0.6));
#3579 = ( GEOMETRIC_REPRESENTATION_CONTEXT(2) 
PARAMETRIC_REPRESENTATION_CONTEXT() REPRESENTATION_CONTEXT('2D SPACE',''
  ) );
#3580 = ORIENTED_EDGE('',*,*,#3581,.F.);
#3581 = EDGE_CURVE('',#3582,#3480,#3584,.T.);
#3582 = VERTEX_POINT('',#3583);
#3583 = CARTESIAN_POINT('',(9.359804582224,-17.36399759928,4.));
#3584 = SURFACE_CURVE('',#3585,(#3589,#3596),.PCURVE_S1.);
#3585 = LINE('',#3586,#3587);
#3586 = CARTESIAN_POINT('',(-8.970201928192,-17.36399759928,4.));
#3587 = VECTOR('',#3588,1.);
#3588 = DIRECTION('',(-1.,0.,-2.011080212013E-18));
#3589 = PCURVE('',#2511,#3590);
#3590 = DEFINITIONAL_REPRESENTATION('',(#3591),#3595);
#3591 = LINE('',#3592,#3593);
#3592 = CARTESIAN_POINT('',(19.35964556376,-12.41041342758));
#3593 = VECTOR('',#3594,1.);
#3594 = DIRECTION('',(-0.994533904972,-0.104414136312));
#3595 = ( GEOMETRIC_REPRESENTATION_CONTEXT(2) 
PARAMETRIC_REPRESENTATION_CONTEXT() REPRESENTATION_CONTEXT('2D SPACE',''
  ) );
#3596 = PCURVE('',#3597,#3602);
#3597 = PLANE('',#3598);
#3598 = AXIS2_PLACEMENT_3D('',#3599,#3600,#3601);
#3599 = CARTESIAN_POINT('',(8.987799373891,-17.36399759928,3.4));
#3600 = DIRECTION('',(0.,1.,0.));
#3601 = DIRECTION('',(1.,0.,0.));
#3602 = DEFINITIONAL_REPRESENTATION('',(#3603),#3607);
#3603 = LINE('',#3604,#3605);
#3604 = CARTESIAN_POINT('',(-17.95800130208,-0.6));
#3605 = VECTOR('',#3606,1.);
#3606 = DIRECTION('',(-1.,2.011080212013E-18));
#3607 = ( GEOMETRIC_REPRESENTATION_CONTEXT(2) 
PARAMETRIC_REPRESENTATION_CONTEXT() REPRESENTATION_CONTEXT('2D SPACE',''
  ) );
#3608 = ORIENTED_EDGE('',*,*,#3609,.F.);
#3609 = EDGE_CURVE('',#3610,#3582,#3612,.T.);
#3610 = VERTEX_POINT('',#3611);
#3611 = CARTESIAN_POINT('',(9.359804582224,-20.20000020345,4.));
#3612 = SURFACE_CURVE('',#3613,(#3617,#3624),.PCURVE_S1.);
#3613 = LINE('',#3614,#3615);
#3614 = CARTESIAN_POINT('',(9.359804582224,-10.18199879964,4.));
#3615 = VECTOR('',#3616,1.);
#3616 = DIRECTION('',(-0.,1.,1.915533209503E-17));
#3617 = PCURVE('',#2511,#3618);
#3618 = DEFINITIONAL_REPRESENTATION('',(#3619),#3623);
#3619 = LINE('',#3620,#3621);
#3620 = CARTESIAN_POINT('',(36.839556315066,-3.353760317498));
#3621 = VECTOR('',#3622,1.);
#3622 = DIRECTION('',(-0.104414136312,0.994533904972));
#3623 = ( GEOMETRIC_REPRESENTATION_CONTEXT(2) 
PARAMETRIC_REPRESENTATION_CONTEXT() REPRESENTATION_CONTEXT('2D SPACE',''
  ) );
#3624 = PCURVE('',#3625,#3630);
#3625 = PLANE('',#3626);
#3626 = AXIS2_PLACEMENT_3D('',#3627,#3628,#3629);
#3627 = CARTESIAN_POINT('',(9.359804582224,-17.36399759928,3.4));
#3628 = DIRECTION('',(1.,0.,0.));
#3629 = DIRECTION('',(0.,-1.,0.));
#3630 = DEFINITIONAL_REPRESENTATION('',(#3631),#3635);
#3631 = LINE('',#3632,#3633);
#3632 = CARTESIAN_POINT('',(-7.181998799642,-0.6));
#3633 = VECTOR('',#3634,1.);
#3634 = DIRECTION('',(-1.,-1.915533209503E-17));
#3635 = ( GEOMETRIC_REPRESENTATION_CONTEXT(2) 
PARAMETRIC_REPRESENTATION_CONTEXT() REPRESENTATION_CONTEXT('2D SPACE',''
  ) );
#3636 = ORIENTED_EDGE('',*,*,#3637,.F.);
#3637 = EDGE_CURVE('',#3396,#3610,#3638,.T.);
#3638 = SURFACE_CURVE('',#3639,(#3643,#3650),.PCURVE_S1.);
#3639 = LINE('',#3640,#3641);
#3640 = CARTESIAN_POINT('',(-8.784199324026,-20.20000020345,4.));
#3641 = VECTOR('',#3642,1.);
#3642 = DIRECTION('',(1.,0.,2.011080212013E-18));
#3643 = PCURVE('',#2511,#3644);
#3644 = DEFINITIONAL_REPRESENTATION('',(#3645),#3649);
#3645 = LINE('',#3646,#3647);
#3646 = CARTESIAN_POINT('',(19.840750222508,-15.21149287074));
#3647 = VECTOR('',#3648,1.);
#3648 = DIRECTION('',(0.994533904972,0.104414136312));
#3649 = ( GEOMETRIC_REPRESENTATION_CONTEXT(2) 
PARAMETRIC_REPRESENTATION_CONTEXT() REPRESENTATION_CONTEXT('2D SPACE',''
  ) );
#3650 = PCURVE('',#3651,#3656);
#3651 = PLANE('',#3652);
#3652 = AXIS2_PLACEMENT_3D('',#3653,#3654,#3655);
#3653 = CARTESIAN_POINT('',(9.359804582224,-20.20000020345,3.4));
#3654 = DIRECTION('',(0.,-1.,0.));
#3655 = DIRECTION('',(-1.,0.,0.));
#3656 = DEFINITIONAL_REPRESENTATION('',(#3657),#3661);
#3657 = LINE('',#3658,#3659);
#3658 = CARTESIAN_POINT('',(18.14400390625,-0.6));
#3659 = VECTOR('',#3660,1.);
#3660 = DIRECTION('',(-1.,-2.011080212013E-18));
#3661 = ( GEOMETRIC_REPRESENTATION_CONTEXT(2) 
PARAMETRIC_REPRESENTATION_CONTEXT() REPRESENTATION_CONTEXT('2D SPACE',''
  ) );
#3662 = FACE_BOUND('',#3663,.T.);
#3663 = EDGE_LOOP('',(#3664,#3694,#3722,#3750,#3778,#3829,#3880,#3937,
    #3994,#4051,#4108,#4159,#4187,#4262,#4313,#4352,#4391,#4442,#4493,
    #4521));
#3664 = ORIENTED_EDGE('',*,*,#3665,.F.);
#3665 = EDGE_CURVE('',#3666,#3668,#3670,.T.);
#3666 = VERTEX_POINT('',#3667);
#3667 = CARTESIAN_POINT('',(12.027799373891,-17.36399759928,4.));
#3668 = VERTEX_POINT('',#3669);
#3669 = CARTESIAN_POINT('',(10.511796769724,-17.36399759928,4.));
#3670 = SURFACE_CURVE('',#3671,(#3675,#3682),.PCURVE_S1.);
#3671 = LINE('',#3672,#3673);
#3672 = CARTESIAN_POINT('',(-8.208203230276,-17.36399759928,4.));
#3673 = VECTOR('',#3674,1.);
#3674 = DIRECTION('',(-1.,0.,-2.011080212013E-18));
#3675 = PCURVE('',#2511,#3676);
#3676 = DEFINITIONAL_REPRESENTATION('',(#3677),#3681);
#3677 = LINE('',#3678,#3679);
#3678 = CARTESIAN_POINT('',(20.117479104382,-12.33084999166));
#3679 = VECTOR('',#3680,1.);
#3680 = DIRECTION('',(-0.994533904972,-0.104414136312));
#3681 = ( GEOMETRIC_REPRESENTATION_CONTEXT(2) 
PARAMETRIC_REPRESENTATION_CONTEXT() REPRESENTATION_CONTEXT('2D SPACE',''
  ) );
#3682 = PCURVE('',#3683,#3688);
#3683 = PLANE('',#3684);
#3684 = AXIS2_PLACEMENT_3D('',#3685,#3686,#3687);
#3685 = CARTESIAN_POINT('',(10.511796769724,-17.36399759928,3.4));
#3686 = DIRECTION('',(0.,1.,0.));
#3687 = DIRECTION('',(1.,0.,0.));
#3688 = DEFINITIONAL_REPRESENTATION('',(#3689),#3693);
#3689 = LINE('',#3690,#3691);
#3690 = CARTESIAN_POINT('',(-18.72,-0.6));
#3691 = VECTOR('',#3692,1.);
#3692 = DIRECTION('',(-1.,2.011080212013E-18));
#3693 = ( GEOMETRIC_REPRESENTATION_CONTEXT(2) 
PARAMETRIC_REPRESENTATION_CONTEXT() REPRESENTATION_CONTEXT('2D SPACE',''
  ) );
#3694 = ORIENTED_EDGE('',*,*,#3695,.F.);
#3695 = EDGE_CURVE('',#3696,#3666,#3698,.T.);
#3696 = VERTEX_POINT('',#3697);
#3697 = CARTESIAN_POINT('',(12.027799373891,-17.86399759928,4.));
#3698 = SURFACE_CURVE('',#3699,(#3703,#3710),.PCURVE_S1.);
#3699 = LINE('',#3700,#3701);
#3700 = CARTESIAN_POINT('',(12.027799373891,-10.18199879964,4.));
#3701 = VECTOR('',#3702,1.);
#3702 = DIRECTION('',(-0.,1.,1.915533209503E-17));
#3703 = PCURVE('',#2511,#3704);
#3704 = DEFINITIONAL_REPRESENTATION('',(#3705),#3709);
#3705 = LINE('',#3706,#3707);
#3706 = CARTESIAN_POINT('',(39.492967593666,-3.075183945643));
#3707 = VECTOR('',#3708,1.);
#3708 = DIRECTION('',(-0.104414136312,0.994533904972));
#3709 = ( GEOMETRIC_REPRESENTATION_CONTEXT(2) 
PARAMETRIC_REPRESENTATION_CONTEXT() REPRESENTATION_CONTEXT('2D SPACE',''
  ) );
#3710 = PCURVE('',#3711,#3716);
#3711 = PLANE('',#3712);
#3712 = AXIS2_PLACEMENT_3D('',#3713,#3714,#3715);
#3713 = CARTESIAN_POINT('',(12.027799373891,-17.36399759928,3.4));
#3714 = DIRECTION('',(1.,0.,0.));
#3715 = DIRECTION('',(0.,-1.,0.));
#3716 = DEFINITIONAL_REPRESENTATION('',(#3717),#3721);
#3717 = LINE('',#3718,#3719);
#3718 = CARTESIAN_POINT('',(-7.181998799642,-0.6));
#3719 = VECTOR('',#3720,1.);
#3720 = DIRECTION('',(-1.,-1.915533209503E-17));
#3721 = ( GEOMETRIC_REPRESENTATION_CONTEXT(2) 
PARAMETRIC_REPRESENTATION_CONTEXT() REPRESENTATION_CONTEXT('2D SPACE',''
  ) );
#3722 = ORIENTED_EDGE('',*,*,#3723,.F.);
#3723 = EDGE_CURVE('',#3724,#3696,#3726,.T.);
#3724 = VERTEX_POINT('',#3725);
#3725 = CARTESIAN_POINT('',(10.855794165558,-17.86399759928,4.));
#3726 = SURFACE_CURVE('',#3727,(#3731,#3738),.PCURVE_S1.);
#3727 = LINE('',#3728,#3729);
#3728 = CARTESIAN_POINT('',(-7.450201928192,-17.86399759928,4.));
#3729 = VECTOR('',#3730,1.);
#3730 = DIRECTION('',(1.,0.,2.011080212013E-18));
#3731 = PCURVE('',#2511,#3732);
#3732 = DEFINITIONAL_REPRESENTATION('',(#3733),#3737);
#3733 = LINE('',#3734,#3735);
#3734 = CARTESIAN_POINT('',(20.923544167472,-12.74897089287));
#3735 = VECTOR('',#3736,1.);
#3736 = DIRECTION('',(0.994533904972,0.104414136312));
#3737 = ( GEOMETRIC_REPRESENTATION_CONTEXT(2) 
PARAMETRIC_REPRESENTATION_CONTEXT() REPRESENTATION_CONTEXT('2D SPACE',''
  ) );
#3738 = PCURVE('',#3739,#3744);
#3739 = PLANE('',#3740);
#3740 = AXIS2_PLACEMENT_3D('',#3741,#3742,#3743);
#3741 = CARTESIAN_POINT('',(12.027799373891,-17.86399759928,3.4));
#3742 = DIRECTION('',(0.,-1.,0.));
#3743 = DIRECTION('',(-1.,0.,0.));
#3744 = DEFINITIONAL_REPRESENTATION('',(#3745),#3749);
#3745 = LINE('',#3746,#3747);
#3746 = CARTESIAN_POINT('',(19.478001302083,-0.6));
#3747 = VECTOR('',#3748,1.);
#3748 = DIRECTION('',(-1.,-2.011080212013E-18));
#3749 = ( GEOMETRIC_REPRESENTATION_CONTEXT(2) 
PARAMETRIC_REPRESENTATION_CONTEXT() REPRESENTATION_CONTEXT('2D SPACE',''
  ) );
#3750 = ORIENTED_EDGE('',*,*,#3751,.F.);
#3751 = EDGE_CURVE('',#3752,#3724,#3754,.T.);
#3752 = VERTEX_POINT('',#3753);
#3753 = CARTESIAN_POINT('',(10.763801978058,-18.45600280761,4.));
#3754 = SURFACE_CURVE('',#3755,(#3759,#3766),.PCURVE_S1.);
#3755 = LINE('',#3756,#3757);
#3756 = CARTESIAN_POINT('',(11.538013505425,-13.47365301239,4.));
#3757 = VECTOR('',#3758,1.);
#3758 = DIRECTION('',(0.153548088921,0.988141176345,1.923696991289E-17)
  );
#3759 = PCURVE('',#2511,#3760);
#3760 = DEFINITIONAL_REPRESENTATION('',(#3761),#3765);
#3761 = LINE('',#3762,#3763);
#3762 = CARTESIAN_POINT('',(39.349554172961,-6.3999862321));
#3763 = VECTOR('',#3764,1.);
#3764 = DIRECTION('',(4.953287299343E-02,0.998772493861));
#3765 = ( GEOMETRIC_REPRESENTATION_CONTEXT(2) 
PARAMETRIC_REPRESENTATION_CONTEXT() REPRESENTATION_CONTEXT('2D SPACE',''
  ) );
#3766 = PCURVE('',#3767,#3772);
#3767 = PLANE('',#3768);
#3768 = AXIS2_PLACEMENT_3D('',#3769,#3770,#3771);
#3769 = CARTESIAN_POINT('',(10.855794165558,-17.86399759928,3.4));
#3770 = DIRECTION('',(0.988141176345,-0.153548088921,0.));
#3771 = DIRECTION('',(-0.153548088921,-0.988141176345,0.));
#3772 = DEFINITIONAL_REPRESENTATION('',(#3773),#3777);
#3773 = LINE('',#3774,#3775);
#3774 = CARTESIAN_POINT('',(-4.443033740512,-0.6));
#3775 = VECTOR('',#3776,1.);
#3776 = DIRECTION('',(-1.,-1.923696991289E-17));
#3777 = ( GEOMETRIC_REPRESENTATION_CONTEXT(2) 
PARAMETRIC_REPRESENTATION_CONTEXT() REPRESENTATION_CONTEXT('2D SPACE',''
  ) );
#3778 = ORIENTED_EDGE('',*,*,#3779,.F.);
#3779 = EDGE_CURVE('',#3780,#3752,#3782,.T.);
#3780 = VERTEX_POINT('',#3781);
#3781 = CARTESIAN_POINT('',(11.255794165558,-18.28399759928,4.));
#3782 = SURFACE_CURVE('',#3783,(#3794,#3808),.PCURVE_S1.);
#3783 = B_SPLINE_CURVE_WITH_KNOTS('',5,(#3784,#3785,#3786,#3787,#3788,
    #3789,#3790,#3791,#3792,#3793),.UNSPECIFIED.,.F.,.F.,(6,4,6),(0.,
    0.306689116737,1.),.UNSPECIFIED.);
#3784 = CARTESIAN_POINT('',(11.255794165558,-18.28399759928,4.));
#3785 = CARTESIAN_POINT('',(11.223369133033,-18.28399759928,4.));
#3786 = CARTESIAN_POINT('',(11.191209425984,-18.28561930321,4.));
#3787 = CARTESIAN_POINT('',(11.159342210047,-18.28887771379,4.));
#3788 = CARTESIAN_POINT('',(11.1277932922,-18.29377784086,4.));
#3789 = CARTESIAN_POINT('',(11.026041486442,-18.31509212998,4.));
#3790 = CARTESIAN_POINT('',(10.957242053509,-18.33823488204,4.));
#3791 = CARTESIAN_POINT('',(10.890483575825,-18.36968368502,4.));
#3792 = CARTESIAN_POINT('',(10.825962302063,-18.40910744039,4.));
#3793 = CARTESIAN_POINT('',(10.763801978058,-18.45600280761,4.));
#3794 = PCURVE('',#2511,#3795);
#3795 = DEFINITIONAL_REPRESENTATION('',(#3796),#3807);
#3796 = B_SPLINE_CURVE_WITH_KNOTS('',5,(#3797,#3798,#3799,#3800,#3801,
    #3802,#3803,#3804,#3805,#3806),.UNSPECIFIED.,.F.,.F.,(6,4,6),(0.,
    0.306689116737,1.),.UNSPECIFIED.);
#3797 = CARTESIAN_POINT('',(39.571145446226,-11.21350470698));
#3798 = CARTESIAN_POINT('',(39.538897652011,-11.21689033874));
#3799 = CARTESIAN_POINT('',(39.507083061792,-11.22186110633));
#3800 = CARTESIAN_POINT('',(39.475730259212,-11.22842909395));
#3801 = CARTESIAN_POINT('',(39.444865433284,-11.23659658947));
#3802 = CARTESIAN_POINT('',(39.345895325655,-11.26841869957));
#3803 = CARTESIAN_POINT('',(39.279888387429,-11.29861858453));
#3804 = CARTESIAN_POINT('',(39.216778517528,-11.33686601414));
#3805 = CARTESIAN_POINT('',(39.156726320547,-11.38281120859));
#3806 = CARTESIAN_POINT('',(39.099802310046,-11.43594065783));
#3807 = ( GEOMETRIC_REPRESENTATION_CONTEXT(2) 
PARAMETRIC_REPRESENTATION_CONTEXT() REPRESENTATION_CONTEXT('2D SPACE',''
  ) );
#3808 = PCURVE('',#3809,#3816);
#3809 = SURFACE_OF_LINEAR_EXTRUSION('',#3810,#3814);
#3810 = B_SPLINE_CURVE_WITH_KNOTS('',2,(#3811,#3812,#3813),
  .UNSPECIFIED.,.F.,.F.,(3,3),(0.,1.),.PIECEWISE_BEZIER_KNOTS.);
#3811 = CARTESIAN_POINT('',(10.763801978058,-18.45600280761,3.4));
#3812 = CARTESIAN_POINT('',(10.991796769724,-18.28399759928,3.4));
#3813 = CARTESIAN_POINT('',(11.255794165558,-18.28399759928,3.4));
#3814 = VECTOR('',#3815,1.);
#3815 = DIRECTION('',(-0.,-0.,-1.));
#3816 = DEFINITIONAL_REPRESENTATION('',(#3817),#3828);
#3817 = B_SPLINE_CURVE_WITH_KNOTS('',5,(#3818,#3819,#3820,#3821,#3822,
    #3823,#3824,#3825,#3826,#3827),.UNSPECIFIED.,.F.,.F.,(6,4,6),(0.,
    0.306689116737,1.),.UNSPECIFIED.);
#3818 = CARTESIAN_POINT('',(1.,-0.6));
#3819 = CARTESIAN_POINT('',(0.938588347771,-0.6));
#3820 = CARTESIAN_POINT('',(0.877036324452,-0.6));
#3821 = CARTESIAN_POINT('',(0.815389433147,-0.6));
#3822 = CARTESIAN_POINT('',(0.753694565162,-0.6));
#3823 = CARTESIAN_POINT('',(0.55253136179,-0.6));
#3824 = CARTESIAN_POINT('',(0.413053719901,-0.6));
#3825 = CARTESIAN_POINT('',(0.274148822989,-0.6));
#3826 = CARTESIAN_POINT('',(0.136319614037,-0.6));
#3827 = CARTESIAN_POINT('',(0.,-0.6));
#3828 = ( GEOMETRIC_REPRESENTATION_CONTEXT(2) 
PARAMETRIC_REPRESENTATION_CONTEXT() REPRESENTATION_CONTEXT('2D SPACE',''
  ) );
#3829 = ORIENTED_EDGE('',*,*,#3830,.F.);
#3830 = EDGE_CURVE('',#3831,#3780,#3833,.T.);
#3831 = VERTEX_POINT('',#3832);
#3832 = CARTESIAN_POINT('',(11.893795467641,-18.5559962972,4.));
#3833 = SURFACE_CURVE('',#3834,(#3845,#3859),.PCURVE_S1.);
#3834 = B_SPLINE_CURVE_WITH_KNOTS('',5,(#3835,#3836,#3837,#3838,#3839,
    #3840,#3841,#3842,#3843,#3844),.UNSPECIFIED.,.F.,.F.,(6,4,6),(0.,
    0.397988134395,1.),.UNSPECIFIED.);
#3835 = CARTESIAN_POINT('',(11.893795467641,-18.5559962972,4.));
#3836 = CARTESIAN_POINT('',(11.854960059902,-18.51305585787,4.));
#3837 = CARTESIAN_POINT('',(11.813468392998,-18.47393001446,4.));
#3838 = CARTESIAN_POINT('',(11.769342824065,-18.43890916991,4.));
#3839 = CARTESIAN_POINT('',(11.722672211252,-18.40820652966,4.));
#3840 = CARTESIAN_POINT('',(11.599464827145,-18.34215079368,4.));
#3841 = CARTESIAN_POINT('',(11.519859359557,-18.31247017097,4.));
#3842 = CARTESIAN_POINT('',(11.435467366371,-18.29323105379,4.));
#3843 = CARTESIAN_POINT('',(11.347151623309,-18.28399759928,4.));
#3844 = CARTESIAN_POINT('',(11.255794165558,-18.28399759928,4.));
#3845 = PCURVE('',#2511,#3846);
#3846 = DEFINITIONAL_REPRESENTATION('',(#3847),#3858);
#3847 = B_SPLINE_CURVE_WITH_KNOTS('',5,(#3848,#3849,#3850,#3851,#3852,
    #3853,#3854,#3855,#3856,#3857),.UNSPECIFIED.,.F.,.F.,(6,4,6),(0.,
    0.397988134395,1.),.UNSPECIFIED.);
#3848 = CARTESIAN_POINT('',(40.234059881685,-11.41740027924));
#3849 = CARTESIAN_POINT('',(40.19095316309,-11.37874952199));
#3850 = CARTESIAN_POINT('',(40.145603002433,-11.34416986073));
#3851 = CARTESIAN_POINT('',(40.098061956817,-11.31394777661));
#3852 = CARTESIAN_POINT('',(40.048440660344,-11.28828603164));
#3853 = CARTESIAN_POINT('',(39.919009586886,-11.23545595518));
#3854 = CARTESIAN_POINT('',(39.836740173764,-11.21424950573));
#3855 = CARTESIAN_POINT('',(39.750800639428,-11.20392726846));
#3856 = CARTESIAN_POINT('',(39.662003535432,-11.20396569693));
#3857 = CARTESIAN_POINT('',(39.571145446226,-11.21350470698));
#3858 = ( GEOMETRIC_REPRESENTATION_CONTEXT(2) 
PARAMETRIC_REPRESENTATION_CONTEXT() REPRESENTATION_CONTEXT('2D SPACE',''
  ) );
#3859 = PCURVE('',#3860,#3867);
#3860 = SURFACE_OF_LINEAR_EXTRUSION('',#3861,#3865);
#3861 = B_SPLINE_CURVE_WITH_KNOTS('',2,(#3862,#3863,#3864),
  .UNSPECIFIED.,.F.,.F.,(3,3),(0.,1.),.PIECEWISE_BEZIER_KNOTS.);
#3862 = CARTESIAN_POINT('',(11.255794165558,-18.28399759928,3.4));
#3863 = CARTESIAN_POINT('',(11.647799373891,-18.28399759928,3.4));
#3864 = CARTESIAN_POINT('',(11.893795467641,-18.5559962972,3.4));
#3865 = VECTOR('',#3866,1.);
#3866 = DIRECTION('',(-0.,-0.,-1.));
#3867 = DEFINITIONAL_REPRESENTATION('',(#3868),#3879);
#3868 = B_SPLINE_CURVE_WITH_KNOTS('',5,(#3869,#3870,#3871,#3872,#3873,
    #3874,#3875,#3876,#3877,#3878),.UNSPECIFIED.,.F.,.F.,(6,4,6),(0.,
    0.397988134395,1.),.UNSPECIFIED.);
#3869 = CARTESIAN_POINT('',(1.,-0.6));
#3870 = CARTESIAN_POINT('',(0.921064991017,-0.6));
#3871 = CARTESIAN_POINT('',(0.841353740969,-0.6));
#3872 = CARTESIAN_POINT('',(0.761093600999,-0.6));
#3873 = CARTESIAN_POINT('',(0.680543887803,-0.6));
#3874 = CARTESIAN_POINT('',(0.478166276909,-0.6));
#3875 = CARTESIAN_POINT('',(0.356308139406,-0.6));
#3876 = CARTESIAN_POINT('',(0.235493971148,-0.6));
#3877 = CARTESIAN_POINT('',(0.116525821353,-0.6));
#3878 = CARTESIAN_POINT('',(0.,-0.6));
#3879 = ( GEOMETRIC_REPRESENTATION_CONTEXT(2) 
PARAMETRIC_REPRESENTATION_CONTEXT() REPRESENTATION_CONTEXT('2D SPACE',''
  ) );
#3880 = ORIENTED_EDGE('',*,*,#3881,.F.);
#3881 = EDGE_CURVE('',#3882,#3831,#3884,.T.);
#3882 = VERTEX_POINT('',#3883);
#3883 = CARTESIAN_POINT('',(12.139791561391,-19.26399759928,4.));
#3884 = SURFACE_CURVE('',#3885,(#3898,#3914),.PCURVE_S1.);
#3885 = B_SPLINE_CURVE_WITH_KNOTS('',6,(#3886,#3887,#3888,#3889,#3890,
    #3891,#3892,#3893,#3894,#3895,#3896,#3897),.UNSPECIFIED.,.F.,.F.,(7,
    5,7),(0.,0.821453964269,1.),.UNSPECIFIED.);
#3886 = CARTESIAN_POINT('',(12.139791561391,-19.26399759928,4.));
#3887 = CARTESIAN_POINT('',(12.139791561391,-19.15055426459,4.));
#3888 = CARTESIAN_POINT('',(12.129799304002,-19.04082638815,4.));
#3889 = CARTESIAN_POINT('',(12.108842268859,-18.93588854383,4.));
#3890 = CARTESIAN_POINT('',(12.076153382069,-18.83686417577,4.));
#3891 = CARTESIAN_POINT('',(12.031425398579,-18.74479273084,4.));
#3892 = CARTESIAN_POINT('',(11.962966629289,-18.64210110614,4.));
#3893 = CARTESIAN_POINT('',(11.950198955734,-18.62412897043,4.));
#3894 = CARTESIAN_POINT('',(11.936891370186,-18.60652691032,4.));
#3895 = CARTESIAN_POINT('',(11.923049867612,-18.58930094297,4.));
#3896 = CARTESIAN_POINT('',(11.908681718258,-18.57245607395,4.));
#3897 = CARTESIAN_POINT('',(11.893795467641,-18.5559962972,4.));
#3898 = PCURVE('',#2511,#3899);
#3899 = DEFINITIONAL_REPRESENTATION('',(#3900),#3913);
#3900 = B_SPLINE_CURVE_WITH_KNOTS('',6,(#3901,#3902,#3903,#3904,#3905,
    #3906,#3907,#3908,#3909,#3910,#3911,#3912),.UNSPECIFIED.,.F.,.F.,(7,
    5,7),(0.,0.821453964269,1.),.UNSPECIFIED.);
#3901 = CARTESIAN_POINT('',(40.552636681875,-12.09584610926));
#3902 = CARTESIAN_POINT('',(40.540791594063,-11.98302286662));
#3903 = CARTESIAN_POINT('',(40.519396813854,-11.87493810611));
#3904 = CARTESIAN_POINT('',(40.487597337476,-11.77276207274));
#3905 = CARTESIAN_POINT('',(40.444747587382,-11.67769216316));
#3906 = CARTESIAN_POINT('',(40.390650530899,-11.59079422327));
#3907 = CARTESIAN_POINT('',(40.311843506448,-11.49581198401));
#3908 = CARTESIAN_POINT('',(40.297269077183,-11.47927121132));
#3909 = CARTESIAN_POINT('',(40.282196328258,-11.46315486579));
#3910 = CARTESIAN_POINT('',(40.26663185015,-11.44746830575));
#3911 = CARTESIAN_POINT('',(40.250583396015,-11.43221575029));
#3912 = CARTESIAN_POINT('',(40.234059881685,-11.41740027924));
#3913 = ( GEOMETRIC_REPRESENTATION_CONTEXT(2) 
PARAMETRIC_REPRESENTATION_CONTEXT() REPRESENTATION_CONTEXT('2D SPACE',''
  ) );
#3914 = PCURVE('',#3915,#3922);
#3915 = SURFACE_OF_LINEAR_EXTRUSION('',#3916,#3920);
#3916 = B_SPLINE_CURVE_WITH_KNOTS('',2,(#3917,#3918,#3919),
  .UNSPECIFIED.,.F.,.F.,(3,3),(0.,1.),.PIECEWISE_BEZIER_KNOTS.);
#3917 = CARTESIAN_POINT('',(11.893795467641,-18.5559962972,3.4));
#3918 = CARTESIAN_POINT('',(12.139791561391,-18.82799499511,3.4));
#3919 = CARTESIAN_POINT('',(12.139791561391,-19.26399759928,3.4));
#3920 = VECTOR('',#3921,1.);
#3921 = DIRECTION('',(-0.,-0.,-1.));
#3922 = DEFINITIONAL_REPRESENTATION('',(#3923),#3936);
#3923 = B_SPLINE_CURVE_WITH_KNOTS('',6,(#3924,#3925,#3926,#3927,#3928,
    #3929,#3930,#3931,#3932,#3933,#3934,#3935),.UNSPECIFIED.,.F.,.F.,(7,
    5,7),(0.,0.821453964269,1.),.UNSPECIFIED.);
#3924 = CARTESIAN_POINT('',(1.,-0.6));
#3925 = CARTESIAN_POINT('',(0.869905209736,-0.6));
#3926 = CARTESIAN_POINT('',(0.736431642485,-0.6));
#3927 = CARTESIAN_POINT('',(0.600068058207,-0.6));
#3928 = CARTESIAN_POINT('',(0.461516334853,-0.6));
#3929 = CARTESIAN_POINT('',(0.321733586795,-0.6));
#3930 = CARTESIAN_POINT('',(0.151628391771,-0.6));
#3931 = CARTESIAN_POINT('',(0.121256719995,-0.6));
#3932 = CARTESIAN_POINT('',(9.089665361868E-02,-0.6));
#3933 = CARTESIAN_POINT('',(6.055967649738E-02,-0.6));
#3934 = CARTESIAN_POINT('',(3.025708739863E-02,-0.6));
#3935 = CARTESIAN_POINT('',(0.,-0.6));
#3936 = ( GEOMETRIC_REPRESENTATION_CONTEXT(2) 
PARAMETRIC_REPRESENTATION_CONTEXT() REPRESENTATION_CONTEXT('2D SPACE',''
  ) );
#3937 = ORIENTED_EDGE('',*,*,#3938,.F.);
#3938 = EDGE_CURVE('',#3939,#3882,#3941,.T.);
#3939 = VERTEX_POINT('',#3940);
#3940 = CARTESIAN_POINT('',(11.855794165558,-20.00800150553,4.));
#3941 = SURFACE_CURVE('',#3942,(#3955,#3971),.PCURVE_S1.);
#3942 = B_SPLINE_CURVE_WITH_KNOTS('',6,(#3943,#3944,#3945,#3946,#3947,
    #3948,#3949,#3950,#3951,#3952,#3953,#3954),.UNSPECIFIED.,.F.,.F.,(7,
    5,7),(0.,0.270048473492,1.),.UNSPECIFIED.);
#3943 = CARTESIAN_POINT('',(11.855794165558,-20.00800150553,4.));
#3944 = CARTESIAN_POINT('',(11.881554850856,-19.98224022969,4.));
#3945 = CARTESIAN_POINT('',(11.906018626465,-19.95550530964,4.));
#3946 = CARTESIAN_POINT('',(11.929139016895,-19.92780762595,4.));
#3947 = CARTESIAN_POINT('',(11.950878095176,-19.89916522473,4.));
#3948 = CARTESIAN_POINT('',(11.971206482852,-19.86960331771,4.));
#3949 = CARTESIAN_POINT('',(12.041182316777,-19.75684935488,4.));
#3950 = CARTESIAN_POINT('',(12.081822137274,-19.66803340165,4.));
#3951 = CARTESIAN_POINT('',(12.11156420452,-19.57341156645,4.));
#3952 = CARTESIAN_POINT('',(12.130666386714,-19.47389326848,4.));
#3953 = CARTESIAN_POINT('',(12.139791561391,-19.37044708489,4.));
#3954 = CARTESIAN_POINT('',(12.139791561391,-19.26399759928,4.));
#3955 = PCURVE('',#2511,#3956);
#3956 = DEFINITIONAL_REPRESENTATION('',(#3957),#3970);
#3957 = B_SPLINE_CURVE_WITH_KNOTS('',6,(#3958,#3959,#3960,#3961,#3962,
    #3963,#3964,#3965,#3966,#3967,#3968,#3969),.UNSPECIFIED.,.F.,.F.,(7,
    5,7),(0.,0.270048473492,1.),.UNSPECIFIED.);
#3958 = CARTESIAN_POINT('',(40.347876168078,-12.86543656226));
#3959 = CARTESIAN_POINT('',(40.370806201655,-12.8371263203));
#3960 = CARTESIAN_POINT('',(40.392344752356,-12.80798317186));
#3961 = CARTESIAN_POINT('',(40.412446734815,-12.77802279074));
#3962 = CARTESIAN_POINT('',(40.431076313643,-12.74726708453));
#3963 = CARTESIAN_POINT('',(40.448206903431,-12.71574419466));
#3964 = CARTESIAN_POINT('',(40.506027135153,-12.59630008944));
#3965 = CARTESIAN_POINT('',(40.537171173482,-12.50372624089));
#3966 = CARTESIAN_POINT('',(40.556870810563,-12.40651612537));
#3967 = CARTESIAN_POINT('',(40.565477461284,-12.30554726602));
#3968 = CARTESIAN_POINT('',(40.563751512976,-12.20171373187));
#3969 = CARTESIAN_POINT('',(40.552636681875,-12.09584610926));
#3970 = ( GEOMETRIC_REPRESENTATION_CONTEXT(2) 
PARAMETRIC_REPRESENTATION_CONTEXT() REPRESENTATION_CONTEXT('2D SPACE',''
  ) );
#3971 = PCURVE('',#3972,#3979);
#3972 = SURFACE_OF_LINEAR_EXTRUSION('',#3973,#3977);
#3973 = B_SPLINE_CURVE_WITH_KNOTS('',2,(#3974,#3975,#3976),
  .UNSPECIFIED.,.F.,.F.,(3,3),(0.,1.),.PIECEWISE_BEZIER_KNOTS.);
#3974 = CARTESIAN_POINT('',(12.139791561391,-19.26399759928,3.4));
#3975 = CARTESIAN_POINT('',(12.139791561391,-19.72399759928,3.4));
#3976 = CARTESIAN_POINT('',(11.855794165558,-20.00800150553,3.4));
#3977 = VECTOR('',#3978,1.);
#3978 = DIRECTION('',(-0.,-0.,-1.));
#3979 = DEFINITIONAL_REPRESENTATION('',(#3980),#3993);
#3980 = B_SPLINE_CURVE_WITH_KNOTS('',6,(#3981,#3982,#3983,#3984,#3985,
    #3986,#3987,#3988,#3989,#3990,#3991,#3992),.UNSPECIFIED.,.F.,.F.,(7,
    5,7),(0.,0.270048473492,1.),.UNSPECIFIED.);
#3981 = CARTESIAN_POINT('',(1.,-0.6));
#3982 = CARTESIAN_POINT('',(0.954646264938,-0.6));
#3983 = CARTESIAN_POINT('',(0.909107816841,-0.6));
#3984 = CARTESIAN_POINT('',(0.863427788198,-0.6));
#3985 = CARTESIAN_POINT('',(0.817651341908,-0.6));
#3986 = CARTESIAN_POINT('',(0.771825671272,-0.6));
#3987 = CARTESIAN_POINT('',(0.60213142831,-0.6));
#3988 = CARTESIAN_POINT('',(0.478217443461,-0.6));
#3989 = CARTESIAN_POINT('',(0.355333423057,-0.6));
#3990 = CARTESIAN_POINT('',(0.234294166706,-0.6));
#3991 = CARTESIAN_POINT('',(0.115705962622,-0.6));
#3992 = CARTESIAN_POINT('',(0.,-0.6));
#3993 = ( GEOMETRIC_REPRESENTATION_CONTEXT(2) 
PARAMETRIC_REPRESENTATION_CONTEXT() REPRESENTATION_CONTEXT('2D SPACE',''
  ) );
#3994 = ORIENTED_EDGE('',*,*,#3995,.F.);
#3995 = EDGE_CURVE('',#3996,#3939,#3998,.T.);
#3996 = VERTEX_POINT('',#3997);
#3997 = CARTESIAN_POINT('',(11.115794165558,-20.29200541178,4.));
#3998 = SURFACE_CURVE('',#3999,(#4012,#4028),.PCURVE_S1.);
#3999 = B_SPLINE_CURVE_WITH_KNOTS('',6,(#4000,#4001,#4002,#4003,#4004,
    #4005,#4006,#4007,#4008,#4009,#4010,#4011),.UNSPECIFIED.,.F.,.F.,(7,
    5,7),(0.,0.715791225735,1.),.UNSPECIFIED.);
#4000 = CARTESIAN_POINT('',(11.115794165558,-20.29200541178,4.));
#4001 = CARTESIAN_POINT('',(11.219489360245,-20.29200541178,4.));
#4002 = CARTESIAN_POINT('',(11.320324071261,-20.28319366516,4.));
#4003 = CARTESIAN_POINT('',(11.417439587011,-20.26478158021,4.));
#4004 = CARTESIAN_POINT('',(11.509942828835,-20.23616291575,4.));
#4005 = CARTESIAN_POINT('',(11.596996892697,-20.19710731839,4.));
#4006 = CARTESIAN_POINT('',(11.71008569562,-20.12854545133,4.));
#4007 = CARTESIAN_POINT('',(11.741268391316,-20.10747707333,4.));
#4008 = CARTESIAN_POINT('',(11.77145499656,-20.08484913807,4.));
#4009 = CARTESIAN_POINT('',(11.800616902877,-20.06069599584,4.));
#4010 = CARTESIAN_POINT('',(11.828734056514,-20.03506223491,4.));
#4011 = CARTESIAN_POINT('',(11.855794165558,-20.00800150553,4.));
#4012 = PCURVE('',#2511,#4013);
#4013 = DEFINITIONAL_REPRESENTATION('',(#4014),#4027);
#4014 = B_SPLINE_CURVE_WITH_KNOTS('',6,(#4015,#4016,#4017,#4018,#4019,
    #4020,#4021,#4022,#4023,#4024,#4025,#4026),.UNSPECIFIED.,.F.,.F.,(7,
    5,7),(0.,0.715791225735,1.),.UNSPECIFIED.);
#4015 = CARTESIAN_POINT('',(39.641575100979,-13.22515453704));
#4016 = CARTESIAN_POINT('',(39.744703487879,-13.21432729285));
#4017 = CARTESIAN_POINT('',(39.844066955869,-13.19503514281));
#4018 = CARTESIAN_POINT('',(39.938729147035,-13.16658346737));
#4019 = CARTESIAN_POINT('',(40.027738564215,-13.12846258915));
#4020 = CARTESIAN_POINT('',(40.110238825826,-13.08053079851));
#4021 = CARTESIAN_POINT('',(40.215550646471,-13.00053562744));
#4022 = CARTESIAN_POINT('',(40.244363058098,-12.97632649696));
#4023 = CARTESIAN_POINT('',(40.272021984172,-12.95067033982));
#4024 = CARTESIAN_POINT('',(40.298502559253,-12.92360430571));
#4025 = CARTESIAN_POINT('',(40.323789494848,-12.89517483303));
#4026 = CARTESIAN_POINT('',(40.347876168078,-12.86543656226));
#4027 = ( GEOMETRIC_REPRESENTATION_CONTEXT(2) 
PARAMETRIC_REPRESENTATION_CONTEXT() REPRESENTATION_CONTEXT('2D SPACE',''
  ) );
#4028 = PCURVE('',#4029,#4036);
#4029 = SURFACE_OF_LINEAR_EXTRUSION('',#4030,#4034);
#4030 = B_SPLINE_CURVE_WITH_KNOTS('',2,(#4031,#4032,#4033),
  .UNSPECIFIED.,.F.,.F.,(3,3),(0.,1.),.PIECEWISE_BEZIER_KNOTS.);
#4031 = CARTESIAN_POINT('',(11.855794165558,-20.00800150553,3.4));
#4032 = CARTESIAN_POINT('',(11.571796769724,-20.29200541178,3.4));
#4033 = CARTESIAN_POINT('',(11.115794165558,-20.29200541178,3.4));
#4034 = VECTOR('',#4035,1.);
#4035 = DIRECTION('',(-0.,-0.,-1.));
#4036 = DEFINITIONAL_REPRESENTATION('',(#4037),#4050);
#4037 = B_SPLINE_CURVE_WITH_KNOTS('',6,(#4038,#4039,#4040,#4041,#4042,
    #4043,#4044,#4045,#4046,#4047,#4048,#4049),.UNSPECIFIED.,.F.,.F.,(7,
    5,7),(0.,0.715791225735,1.),.UNSPECIFIED.);
#4038 = CARTESIAN_POINT('',(1.,-0.6));
#4039 = CARTESIAN_POINT('',(0.886299777962,-0.6));
#4040 = CARTESIAN_POINT('',(0.769884334435,-0.6));
#4041 = CARTESIAN_POINT('',(0.651171546318,-0.6));
#4042 = CARTESIAN_POINT('',(0.530738068687,-0.6));
#4043 = CARTESIAN_POINT('',(0.409348581321,-0.6));
#4044 = CARTESIAN_POINT('',(0.239817890027,-0.6));
#4045 = CARTESIAN_POINT('',(0.191635458554,-0.6));
#4046 = CARTESIAN_POINT('',(0.143509555532,-0.6));
#4047 = CARTESIAN_POINT('',(9.549436106046E-02,-0.6));
#4048 = CARTESIAN_POINT('',(4.764147390259E-02,-0.6));
#4049 = CARTESIAN_POINT('',(0.,-0.6));
#4050 = ( GEOMETRIC_REPRESENTATION_CONTEXT(2) 
PARAMETRIC_REPRESENTATION_CONTEXT() REPRESENTATION_CONTEXT('2D SPACE',''
  ) );
#4051 = ORIENTED_EDGE('',*,*,#4052,.F.);
#4052 = EDGE_CURVE('',#4053,#3996,#4055,.T.);
#4053 = VERTEX_POINT('',#4054);
#4054 = CARTESIAN_POINT('',(10.445800675974,-20.06200541178,4.));
#4055 = SURFACE_CURVE('',#4056,(#4069,#4085),.PCURVE_S1.);
#4056 = B_SPLINE_CURVE_WITH_KNOTS('',6,(#4057,#4058,#4059,#4060,#4061,
    #4062,#4063,#4064,#4065,#4066,#4067,#4068),.UNSPECIFIED.,.F.,.F.,(7,
    5,7),(0.,0.168887056758,1.),.UNSPECIFIED.);
#4057 = CARTESIAN_POINT('',(10.445800675974,-20.06200541178,4.));
#4058 = CARTESIAN_POINT('',(10.460562485483,-20.07516509803,4.));
#4059 = CARTESIAN_POINT('',(10.475644843854,-20.08788914307,4.));
#4060 = CARTESIAN_POINT('',(10.49104471382,-20.10017149914,4.));
#4061 = CARTESIAN_POINT('',(10.506758376086,-20.11200699421,4.));
#4062 = CARTESIAN_POINT('',(10.52278142934,-20.12339133195,4.));
#4063 = CARTESIAN_POINT('',(10.619457641352,-20.1881077172,4.));
#4064 = CARTESIAN_POINT('',(10.707202547336,-20.23090374364,4.));
#4065 = CARTESIAN_POINT('',(10.801671381867,-20.26223879468,4.));
#4066 = CARTESIAN_POINT('',(10.901935454877,-20.28237775365,4.));
#4067 = CARTESIAN_POINT('',(11.006974401204,-20.29200541178,4.));
#4068 = CARTESIAN_POINT('',(11.115794165558,-20.29200541178,4.));
#4069 = PCURVE('',#2511,#4070);
#4070 = DEFINITIONAL_REPRESENTATION('',(#4071),#4084);
#4071 = B_SPLINE_CURVE_WITH_KNOTS('',6,(#4072,#4073,#4074,#4075,#4076,
    #4077,#4078,#4079,#4080,#4081,#4082,#4083),.UNSPECIFIED.,.F.,.F.,(7,
    5,7),(0.,0.168887056758,1.),.UNSPECIFIED.);
#4072 = CARTESIAN_POINT('',(38.951228608127,-13.06636853045));
#4073 = CARTESIAN_POINT('',(38.967283785455,-13.07791494301));
#4074 = CARTESIAN_POINT('',(38.983612272396,-13.08899462579));
#4075 = CARTESIAN_POINT('',(39.00021041681,-13.09960188122));
#4076 = CARTESIAN_POINT('',(39.017073979701,-13.10973195387));
#4077 = CARTESIAN_POINT('',(39.034198135216,-13.11938103047));
#4078 = CARTESIAN_POINT('',(39.137103211336,-13.17364930663));
#4079 = CARTESIAN_POINT('',(39.228837005465,-13.20704959735));
#4080 = CARTESIAN_POINT('',(39.326061286659,-13.22834948625));
#4081 = CARTESIAN_POINT('',(39.427880098726,-13.23790937718));
#4082 = CARTESIAN_POINT('',(39.533350155799,-13.23651685875));
#4083 = CARTESIAN_POINT('',(39.641575100979,-13.22515453704));
#4084 = ( GEOMETRIC_REPRESENTATION_CONTEXT(2) 
PARAMETRIC_REPRESENTATION_CONTEXT() REPRESENTATION_CONTEXT('2D SPACE',''
  ) );
#4085 = PCURVE('',#4086,#4093);
#4086 = SURFACE_OF_LINEAR_EXTRUSION('',#4087,#4091);
#4087 = B_SPLINE_CURVE_WITH_KNOTS('',2,(#4088,#4089,#4090),
  .UNSPECIFIED.,.F.,.F.,(3,3),(0.,1.),.PIECEWISE_BEZIER_KNOTS.);
#4088 = CARTESIAN_POINT('',(11.115794165558,-20.29200541178,3.4));
#4089 = CARTESIAN_POINT('',(10.703801978058,-20.29200541178,3.4));
#4090 = CARTESIAN_POINT('',(10.445800675974,-20.06200541178,3.4));
#4091 = VECTOR('',#4092,1.);
#4092 = DIRECTION('',(-0.,-0.,-1.));
#4093 = DEFINITIONAL_REPRESENTATION('',(#4094),#4107);
#4094 = B_SPLINE_CURVE_WITH_KNOTS('',6,(#4095,#4096,#4097,#4098,#4099,
    #4100,#4101,#4102,#4103,#4104,#4105,#4106),.UNSPECIFIED.,.F.,.F.,(7,
    5,7),(0.,0.168887056758,1.),.UNSPECIFIED.);
#4095 = CARTESIAN_POINT('',(1.,-0.6));
#4096 = CARTESIAN_POINT('',(0.971391986419,-0.6));
#4097 = CARTESIAN_POINT('',(0.942748928569,-0.6));
#4098 = CARTESIAN_POINT('',(0.914079426617,-0.6));
#4099 = CARTESIAN_POINT('',(0.885392196876,-0.6));
#4100 = CARTESIAN_POINT('',(0.856696071803,-0.6));
#4101 = CARTESIAN_POINT('',(0.686783277102,-0.6));
#4102 = CARTESIAN_POINT('',(0.545520961553,-0.6));
#4103 = CARTESIAN_POINT('',(0.405410958833,-0.6));
#4104 = CARTESIAN_POINT('',(0.267365111331,-0.6));
#4105 = CARTESIAN_POINT('',(0.13206532509,-0.6));
#4106 = CARTESIAN_POINT('',(0.,-0.6));
#4107 = ( GEOMETRIC_REPRESENTATION_CONTEXT(2) 
PARAMETRIC_REPRESENTATION_CONTEXT() REPRESENTATION_CONTEXT('2D SPACE',''
  ) );
#4108 = ORIENTED_EDGE('',*,*,#4109,.F.);
#4109 = EDGE_CURVE('',#4110,#4053,#4112,.T.);
#4110 = VERTEX_POINT('',#4111);
#4111 = CARTESIAN_POINT('',(10.179791561391,-19.46000020345,4.));
#4112 = SURFACE_CURVE('',#4113,(#4124,#4138),.PCURVE_S1.);
#4113 = B_SPLINE_CURVE_WITH_KNOTS('',5,(#4114,#4115,#4116,#4117,#4118,
    #4119,#4120,#4121,#4122,#4123),.UNSPECIFIED.,.F.,.F.,(6,4,6),(0.,
    0.616041463133,1.),.UNSPECIFIED.);
#4114 = CARTESIAN_POINT('',(10.179791561391,-19.46000020345,4.));
#4115 = CARTESIAN_POINT('',(10.181704564151,-19.54886929102,4.));
#4116 = CARTESIAN_POINT('',(10.19257252709,-19.63443350131,4.));
#4117 = CARTESIAN_POINT('',(10.213091126012,-19.71585393385,4.));
#4118 = CARTESIAN_POINT('',(10.243635986132,-19.79233101469,4.));
#4119 = CARTESIAN_POINT('',(10.308949308394,-19.90751188045,4.));
#4120 = CARTESIAN_POINT('',(10.337795588248,-19.94959934482,4.));
#4121 = CARTESIAN_POINT('',(10.370335452969,-19.98941487269,4.));
#4122 = CARTESIAN_POINT('',(10.406409868374,-20.02688975277,4.));
#4123 = CARTESIAN_POINT('',(10.445800675974,-20.06200541178,4.));
#4124 = PCURVE('',#2511,#4125);
#4125 = DEFINITIONAL_REPRESENTATION('',(#4126),#4137);
#4126 = B_SPLINE_CURVE_WITH_KNOTS('',5,(#4127,#4128,#4129,#4130,#4131,
    #4132,#4133,#4134,#4135,#4136),.UNSPECIFIED.,.F.,.F.,(6,4,6),(0.,
    0.616041463133,1.),.UNSPECIFIED.);
#4127 = CARTESIAN_POINT('',(38.623815670759,-12.49542905174));
#4128 = CARTESIAN_POINT('',(38.634997405889,-12.58361262791));
#4129 = CARTESIAN_POINT('',(38.654740076625,-12.66757436713));
#4130 = CARTESIAN_POINT('',(38.683647963078,-12.74640731606));
#4131 = CARTESIAN_POINT('',(38.722011150433,-12.81927705072));
#4132 = CARTESIAN_POINT('',(38.798993974486,-12.92700869279));
#4133 = CARTESIAN_POINT('',(38.832077104076,-12.96585414369));
#4134 = CARTESIAN_POINT('',(38.868596406758,-13.00205441422));
#4135 = CARTESIAN_POINT('',(38.908386543217,-13.03555777412));
#4136 = CARTESIAN_POINT('',(38.951228608127,-13.06636853045));
#4137 = ( GEOMETRIC_REPRESENTATION_CONTEXT(2) 
PARAMETRIC_REPRESENTATION_CONTEXT() REPRESENTATION_CONTEXT('2D SPACE',''
  ) );
#4138 = PCURVE('',#4139,#4146);
#4139 = SURFACE_OF_LINEAR_EXTRUSION('',#4140,#4144);
#4140 = B_SPLINE_CURVE_WITH_KNOTS('',2,(#4141,#4142,#4143),
  .UNSPECIFIED.,.F.,.F.,(3,3),(0.,1.),.PIECEWISE_BEZIER_KNOTS.);
#4141 = CARTESIAN_POINT('',(10.445800675974,-20.06200541178,3.4));
#4142 = CARTESIAN_POINT('',(10.187799373891,-19.83200541178,3.4));
#4143 = CARTESIAN_POINT('',(10.179791561391,-19.46000020345,3.4));
#4144 = VECTOR('',#4145,1.);
#4145 = DIRECTION('',(-0.,-0.,-1.));
#4146 = DEFINITIONAL_REPRESENTATION('',(#4147),#4158);
#4147 = B_SPLINE_CURVE_WITH_KNOTS('',5,(#4148,#4149,#4150,#4151,#4152,
    #4153,#4154,#4155,#4156,#4157),.UNSPECIFIED.,.F.,.F.,(6,4,6),(0.,
    0.616041463133,1.),.UNSPECIFIED.);
#4148 = CARTESIAN_POINT('',(1.,-0.6));
#4149 = CARTESIAN_POINT('',(0.880553973993,-0.6));
#4150 = CARTESIAN_POINT('',(0.758741940132,-0.6));
#4151 = CARTESIAN_POINT('',(0.635153099289,-0.6));
#4152 = CARTESIAN_POINT('',(0.510565833265,-0.6));
#4153 = CARTESIAN_POINT('',(0.308362181855,-0.6));
#4154 = CARTESIAN_POINT('',(0.230719679451,-0.6));
#4155 = CARTESIAN_POINT('',(0.153308018767,-0.6));
#4156 = CARTESIAN_POINT('',(7.63383891532E-02,-0.6));
#4157 = CARTESIAN_POINT('',(0.,-0.6));
#4158 = ( GEOMETRIC_REPRESENTATION_CONTEXT(2) 
PARAMETRIC_REPRESENTATION_CONTEXT() REPRESENTATION_CONTEXT('2D SPACE',''
  ) );
#4159 = ORIENTED_EDGE('',*,*,#4160,.F.);
#4160 = EDGE_CURVE('',#4161,#4110,#4163,.T.);
#4161 = VERTEX_POINT('',#4162);
#4162 = CARTESIAN_POINT('',(10.731796769724,-19.46000020345,4.));
#4163 = SURFACE_CURVE('',#4164,(#4168,#4175),.PCURVE_S1.);
#4164 = LINE('',#4165,#4166);
#4165 = CARTESIAN_POINT('',(-8.374205834442,-19.46000020345,4.));
#4166 = VECTOR('',#4167,1.);
#4167 = DIRECTION('',(-1.,0.,-2.011080212013E-18));
#4168 = PCURVE('',#2511,#4169);
#4169 = DEFINITIONAL_REPRESENTATION('',(#4170),#4174);
#4170 = LINE('',#4171,#4172);
#4171 = CARTESIAN_POINT('',(20.171236187846,-14.43272866495));
#4172 = VECTOR('',#4173,1.);
#4173 = DIRECTION('',(-0.994533904972,-0.104414136312));
#4174 = ( GEOMETRIC_REPRESENTATION_CONTEXT(2) 
PARAMETRIC_REPRESENTATION_CONTEXT() REPRESENTATION_CONTEXT('2D SPACE',''
  ) );
#4175 = PCURVE('',#4176,#4181);
#4176 = PLANE('',#4177);
#4177 = AXIS2_PLACEMENT_3D('',#4178,#4179,#4180);
#4178 = CARTESIAN_POINT('',(10.179791561391,-19.46000020345,3.4));
#4179 = DIRECTION('',(0.,1.,0.));
#4180 = DIRECTION('',(1.,0.,0.));
#4181 = DEFINITIONAL_REPRESENTATION('',(#4182),#4186);
#4182 = LINE('',#4183,#4184);
#4183 = CARTESIAN_POINT('',(-18.55399739583,-0.6));
#4184 = VECTOR('',#4185,1.);
#4185 = DIRECTION('',(-1.,2.011080212013E-18));
#4186 = ( GEOMETRIC_REPRESENTATION_CONTEXT(2) 
PARAMETRIC_REPRESENTATION_CONTEXT() REPRESENTATION_CONTEXT('2D SPACE',''
  ) );
#4187 = ORIENTED_EDGE('',*,*,#4188,.F.);
#4188 = EDGE_CURVE('',#4189,#4161,#4191,.T.);
#4189 = VERTEX_POINT('',#4190);
#4190 = CARTESIAN_POINT('',(11.123801978058,-19.81200541178,4.));
#4191 = SURFACE_CURVE('',#4192,(#4211,#4233),.PCURVE_S1.);
#4192 = B_SPLINE_CURVE_WITH_KNOTS('',5,(#4193,#4194,#4195,#4196,#4197,
    #4198,#4199,#4200,#4201,#4202,#4203,#4204,#4205,#4206,#4207,#4208,
    #4209,#4210),.UNSPECIFIED.,.F.,.F.,(6,4,4,4,6),(0.,0.187183148963,
    0.529694787033,0.839860530794,1.),.UNSPECIFIED.);
#4193 = CARTESIAN_POINT('',(11.123801978058,-19.81200541178,4.));
#4194 = CARTESIAN_POINT('',(11.097751130431,-19.81200541178,4.));
#4195 = CARTESIAN_POINT('',(11.072394700846,-19.81092650873,4.));
#4196 = CARTESIAN_POINT('',(11.047808500112,-19.80870513058,4.));
#4197 = CARTESIAN_POINT('',(11.024076971303,-19.80527934446,4.));
#4198 = CARTESIAN_POINT('',(10.959579977765,-19.79203889141,4.));
#4199 = CARTESIAN_POINT('',(10.921008173745,-19.77927889372,4.));
#4200 = CARTESIAN_POINT('',(10.886124070492,-19.76202493497,4.));
#4201 = CARTESIAN_POINT('',(10.85541039425,-19.74014381933,4.));
#4202 = CARTESIAN_POINT('',(10.805270284498,-19.69008120623,4.));
#4203 = CARTESIAN_POINT('',(10.785042856865,-19.66268098185,4.));
#4204 = CARTESIAN_POINT('',(10.768589878757,-19.63183991125,4.));
#4205 = CARTESIAN_POINT('',(10.755841574909,-19.59789749213,4.));
#4206 = CARTESIAN_POINT('',(10.741833352554,-19.54234309226,4.));
#4207 = CARTESIAN_POINT('',(10.737998918132,-19.52270586657,4.));
#4208 = CARTESIAN_POINT('',(10.735071548892,-19.50240147219,4.));
#4209 = CARTESIAN_POINT('',(10.733017334324,-19.48148245825,4.));
#4210 = CARTESIAN_POINT('',(10.731796769724,-19.46000020345,4.));
#4211 = PCURVE('',#2511,#4212);
#4212 = DEFINITIONAL_REPRESENTATION('',(#4213),#4232);
#4213 = B_SPLINE_CURVE_WITH_KNOTS('',5,(#4214,#4215,#4216,#4217,#4218,
    #4219,#4220,#4221,#4222,#4223,#4224,#4225,#4226,#4227,#4228,#4229,
    #4230,#4231),.UNSPECIFIED.,.F.,.F.,(6,4,4,4,6),(0.,0.187183148963,
    0.529694787033,0.839860530794,1.),.UNSPECIFIED.);
#4214 = CARTESIAN_POINT('',(39.599420356586,-12.74694213383));
#4215 = CARTESIAN_POINT('',(39.573511905367,-12.74966221058));
#4216 = CARTESIAN_POINT('',(39.548181423707,-12.75123677462));
#4217 = CARTESIAN_POINT('',(39.5234976702,-12.75159468564));
#4218 = CARTESIAN_POINT('',(39.499538159684,-12.75066553228));
#4219 = CARTESIAN_POINT('',(39.434011222373,-12.74423185068));
#4220 = CARTESIAN_POINT('',(39.394317931361,-12.73556904196));
#4221 = CARTESIAN_POINT('',(39.357822950731,-12.72205178849));
#4222 = CARTESIAN_POINT('',(39.32499246057,-12.70349721908));
#4223 = CARTESIAN_POINT('',(39.269899176914,-12.65894358924));
#4224 = CARTESIAN_POINT('',(39.24692134356,-12.63380516649));
#4225 = CARTESIAN_POINT('',(39.227338055244,-12.6048505996));
#4226 = CARTESIAN_POINT('',(39.211115366459,-12.5724248161));
#4227 = CARTESIAN_POINT('',(39.191383049698,-12.5186367383));
#4228 = CARTESIAN_POINT('',(39.185519170699,-12.49950722072));
#4229 = CARTESIAN_POINT('',(39.180487736936,-12.47961947082));
#4230 = CARTESIAN_POINT('',(39.176260510126,-12.45902929123));
#4231 = CARTESIAN_POINT('',(39.172803566167,-12.43779190467));
#4232 = ( GEOMETRIC_REPRESENTATION_CONTEXT(2) 
PARAMETRIC_REPRESENTATION_CONTEXT() REPRESENTATION_CONTEXT('2D SPACE',''
  ) );
#4233 = PCURVE('',#4234,#4241);
#4234 = SURFACE_OF_LINEAR_EXTRUSION('',#4235,#4239);
#4235 = B_SPLINE_CURVE_WITH_KNOTS('',2,(#4236,#4237,#4238),
  .UNSPECIFIED.,.F.,.F.,(3,3),(0.,1.),.PIECEWISE_BEZIER_KNOTS.);
#4236 = CARTESIAN_POINT('',(10.731796769724,-19.46000020345,3.4));
#4237 = CARTESIAN_POINT('',(10.751796769724,-19.81200541178,3.4));
#4238 = CARTESIAN_POINT('',(11.123801978058,-19.81200541178,3.4));
#4239 = VECTOR('',#4240,1.);
#4240 = DIRECTION('',(-0.,-0.,-1.));
#4241 = DEFINITIONAL_REPRESENTATION('',(#4242),#4261);
#4242 = B_SPLINE_CURVE_WITH_KNOTS('',5,(#4243,#4244,#4245,#4246,#4247,
    #4248,#4249,#4250,#4251,#4252,#4253,#4254,#4255,#4256,#4257,#4258,
    #4259,#4260),.UNSPECIFIED.,.F.,.F.,(6,4,4,4,6),(0.,0.187183148963,
    0.529694787033,0.839860530794,1.),.UNSPECIFIED.);
#4243 = CARTESIAN_POINT('',(1.,-0.6));
#4244 = CARTESIAN_POINT('',(0.964985910085,-0.6));
#4245 = CARTESIAN_POINT('',(0.929455046483,-0.6));
#4246 = CARTESIAN_POINT('',(0.893423858896,-0.6));
#4247 = CARTESIAN_POINT('',(0.85692260257,-0.6));
#4248 = CARTESIAN_POINT('',(0.752438250142,-0.6));
#4249 = CARTESIAN_POINT('',(0.683444858977,-0.6));
#4250 = CARTESIAN_POINT('',(0.613367799791,-0.6));
#4251 = CARTESIAN_POINT('',(0.542676864947,-0.6));
#4252 = CARTESIAN_POINT('',(0.407997671476,-0.6));
#4253 = CARTESIAN_POINT('',(0.343982906443,-0.6));
#4254 = CARTESIAN_POINT('',(0.280416526654,-0.6));
#4255 = CARTESIAN_POINT('',(0.217661057209,-0.6));
#4256 = CARTESIAN_POINT('',(0.124164218097,-0.6));
#4257 = CARTESIAN_POINT('',(9.261672953935E-02,-0.6));
#4258 = CARTESIAN_POINT('',(6.139167798181E-02,-0.6));
#4259 = CARTESIAN_POINT('',(3.051411498224E-02,-0.6));
#4260 = CARTESIAN_POINT('',(0.,-0.6));
#4261 = ( GEOMETRIC_REPRESENTATION_CONTEXT(2) 
PARAMETRIC_REPRESENTATION_CONTEXT() REPRESENTATION_CONTEXT('2D SPACE',''
  ) );
#4262 = ORIENTED_EDGE('',*,*,#4263,.F.);
#4263 = EDGE_CURVE('',#4264,#4189,#4266,.T.);
#4264 = VERTEX_POINT('',#4265);
#4265 = CARTESIAN_POINT('',(11.457792863474,-19.66800150553,4.));
#4266 = SURFACE_CURVE('',#4267,(#4278,#4292),.PCURVE_S1.);
#4267 = B_SPLINE_CURVE_WITH_KNOTS('',5,(#4268,#4269,#4270,#4271,#4272,
    #4273,#4274,#4275,#4276,#4277),.UNSPECIFIED.,.F.,.F.,(6,4,6),(0.,
    0.336789908416,1.),.UNSPECIFIED.);
#4268 = CARTESIAN_POINT('',(11.457792863474,-19.66800150553,4.));
#4269 = CARTESIAN_POINT('',(11.441362336623,-19.68739564734,4.));
#4270 = CARTESIAN_POINT('',(11.423864312092,-19.70521326975,4.));
#4271 = CARTESIAN_POINT('',(11.405302059762,-19.72141732568,4.));
#4272 = CARTESIAN_POINT('',(11.385687364759,-19.73598277089,4.));
#4273 = CARTESIAN_POINT('',(11.32438256677,-19.77432653559,4.));
#4274 = CARTESIAN_POINT('',(11.27971938617,-19.79335386894,4.));
#4275 = CARTESIAN_POINT('',(11.231211977152,-19.80587515063,4.));
#4276 = CARTESIAN_POINT('',(11.179128425112,-19.81200541178,4.));
#4277 = CARTESIAN_POINT('',(11.123801978058,-19.81200541178,4.));
#4278 = PCURVE('',#2511,#4279);
#4279 = DEFINITIONAL_REPRESENTATION('',(#4280),#4291);
#4280 = B_SPLINE_CURVE_WITH_KNOTS('',5,(#4281,#4282,#4283,#4284,#4285,
    #4286,#4287,#4288,#4289,#4290),.UNSPECIFIED.,.F.,.F.,(6,4,6),(0.,
    0.336789908416,1.),.UNSPECIFIED.);
#4281 = CARTESIAN_POINT('',(39.916549572588,-12.56885199678));
#4282 = CARTESIAN_POINT('',(39.902233879124,-12.58985570764));
#4283 = CARTESIAN_POINT('',(39.886691912113,-12.60940297834));
#4284 = CARTESIAN_POINT('',(39.869923055323,-12.62745662292));
#4285 = CARTESIAN_POINT('',(39.851936414488,-12.64399050345));
#4286 = CARTESIAN_POINT('',(39.794970345425,-12.68852576503));
#4287 = CARTESIAN_POINT('',(39.752538020593,-12.71211256059));
#4288 = CARTESIAN_POINT('',(39.705603156495,-12.72963025898));
#4289 = CARTESIAN_POINT('',(39.654444384023,-12.74116527064));
#4290 = CARTESIAN_POINT('',(39.599420356586,-12.74694213383));
#4291 = ( GEOMETRIC_REPRESENTATION_CONTEXT(2) 
PARAMETRIC_REPRESENTATION_CONTEXT() REPRESENTATION_CONTEXT('2D SPACE',''
  ) );
#4292 = PCURVE('',#4293,#4300);
#4293 = SURFACE_OF_LINEAR_EXTRUSION('',#4294,#4298);
#4294 = B_SPLINE_CURVE_WITH_KNOTS('',2,(#4295,#4296,#4297),
  .UNSPECIFIED.,.F.,.F.,(3,3),(0.,1.),.PIECEWISE_BEZIER_KNOTS.);
#4295 = CARTESIAN_POINT('',(11.123801978058,-19.81200541178,3.4));
#4296 = CARTESIAN_POINT('',(11.335794165558,-19.81200541178,3.4));
#4297 = CARTESIAN_POINT('',(11.457792863474,-19.66800150553,3.4));
#4298 = VECTOR('',#4299,1.);
#4299 = DIRECTION('',(-0.,-0.,-1.));
#4300 = DEFINITIONAL_REPRESENTATION('',(#4301),#4312);
#4301 = B_SPLINE_CURVE_WITH_KNOTS('',5,(#4302,#4303,#4304,#4305,#4306,
    #4307,#4308,#4309,#4310,#4311),.UNSPECIFIED.,.F.,.F.,(6,4,6),(0.,
    0.336789908416,1.),.UNSPECIFIED.);
#4302 = CARTESIAN_POINT('',(1.,-0.6));
#4303 = CARTESIAN_POINT('',(0.932661056504,-0.6));
#4304 = CARTESIAN_POINT('',(0.865128070357,-0.6));
#4305 = CARTESIAN_POINT('',(0.797463359869,-0.6));
#4306 = CARTESIAN_POINT('',(0.729731635528,-0.6));
#4307 = CARTESIAN_POINT('',(0.528622178756,-0.6));
#4308 = CARTESIAN_POINT('',(0.395234996422,-0.6));
#4309 = CARTESIAN_POINT('',(0.262370591443,-0.6));
#4310 = CARTESIAN_POINT('',(0.130491712234,-0.6));
#4311 = CARTESIAN_POINT('',(0.,-0.6));
#4312 = ( GEOMETRIC_REPRESENTATION_CONTEXT(2) 
PARAMETRIC_REPRESENTATION_CONTEXT() REPRESENTATION_CONTEXT('2D SPACE',''
  ) );
#4313 = ORIENTED_EDGE('',*,*,#4314,.F.);
#4314 = EDGE_CURVE('',#4315,#4264,#4317,.T.);
#4315 = VERTEX_POINT('',#4316);
#4316 = CARTESIAN_POINT('',(11.579791561391,-19.27600280761,4.));
#4317 = SURFACE_CURVE('',#4318,(#4325,#4335),.PCURVE_S1.);
#4318 = B_SPLINE_CURVE_WITH_KNOTS('',5,(#4319,#4320,#4321,#4322,#4323,
    #4324),.UNSPECIFIED.,.F.,.F.,(6,6),(0.,1.),
  .PIECEWISE_BEZIER_KNOTS.);
#4319 = CARTESIAN_POINT('',(11.579791561391,-19.27600280761,4.));
#4320 = CARTESIAN_POINT('',(11.579791561391,-19.37240386101,4.));
#4321 = CARTESIAN_POINT('',(11.568269630078,-19.46095051174,4.));
#4322 = CARTESIAN_POINT('',(11.544287594032,-19.54036011302,4.));
#4323 = CARTESIAN_POINT('',(11.507320404274,-19.60954055911,4.));
#4324 = CARTESIAN_POINT('',(11.457792863474,-19.66800150553,4.));
#4325 = PCURVE('',#2511,#4326);
#4326 = DEFINITIONAL_REPRESENTATION('',(#4327),#4334);
#4327 = B_SPLINE_CURVE_WITH_KNOTS('',5,(#4328,#4329,#4330,#4331,#4332,
    #4333),.UNSPECIFIED.,.F.,.F.,(6,6),(0.,1.),
  .PIECEWISE_BEZIER_KNOTS.);
#4328 = CARTESIAN_POINT('',(39.99695120855,-12.16625761232));
#4329 = CARTESIAN_POINT('',(40.00701684128,-12.2621317284));
#4330 = CARTESIAN_POINT('',(40.004803411997,-12.35139742723));
#4331 = CARTESIAN_POINT('',(39.989243948971,-12.43287703166));
#4332 = CARTESIAN_POINT('',(39.959702241914,-12.50553922805));
#4333 = CARTESIAN_POINT('',(39.916549572588,-12.56885199678));
#4334 = ( GEOMETRIC_REPRESENTATION_CONTEXT(2) 
PARAMETRIC_REPRESENTATION_CONTEXT() REPRESENTATION_CONTEXT('2D SPACE',''
  ) );
#4335 = PCURVE('',#4336,#4343);
#4336 = SURFACE_OF_LINEAR_EXTRUSION('',#4337,#4341);
#4337 = B_SPLINE_CURVE_WITH_KNOTS('',2,(#4338,#4339,#4340),
  .UNSPECIFIED.,.F.,.F.,(3,3),(0.,1.),.PIECEWISE_BEZIER_KNOTS.);
#4338 = CARTESIAN_POINT('',(11.457792863474,-19.66800150553,3.4));
#4339 = CARTESIAN_POINT('',(11.579791561391,-19.52399759928,3.4));
#4340 = CARTESIAN_POINT('',(11.579791561391,-19.27600280761,3.4));
#4341 = VECTOR('',#4342,1.);
#4342 = DIRECTION('',(-0.,-0.,-1.));
#4343 = DEFINITIONAL_REPRESENTATION('',(#4344),#4351);
#4344 = B_SPLINE_CURVE_WITH_KNOTS('',5,(#4345,#4346,#4347,#4348,#4349,
    #4350),.UNSPECIFIED.,.F.,.F.,(6,6),(0.,1.),
  .PIECEWISE_BEZIER_KNOTS.);
#4345 = CARTESIAN_POINT('',(1.,-0.6));
#4346 = CARTESIAN_POINT('',(0.805638955663,-0.6));
#4347 = CARTESIAN_POINT('',(0.607312474037,-0.6));
#4348 = CARTESIAN_POINT('',(0.405994273061,-0.6));
#4349 = CARTESIAN_POINT('',(0.202983890996,-0.6));
#4350 = CARTESIAN_POINT('',(0.,-0.6));
#4351 = ( GEOMETRIC_REPRESENTATION_CONTEXT(2) 
PARAMETRIC_REPRESENTATION_CONTEXT() REPRESENTATION_CONTEXT('2D SPACE',''
  ) );
#4352 = ORIENTED_EDGE('',*,*,#4353,.F.);
#4353 = EDGE_CURVE('',#4354,#4315,#4356,.T.);
#4354 = VERTEX_POINT('',#4355);
#4355 = CARTESIAN_POINT('',(11.457792863474,-18.87399759928,4.));
#4356 = SURFACE_CURVE('',#4357,(#4364,#4374),.PCURVE_S1.);
#4357 = B_SPLINE_CURVE_WITH_KNOTS('',5,(#4358,#4359,#4360,#4361,#4362,
    #4363),.UNSPECIFIED.,.F.,.F.,(6,6),(0.,1.),
  .PIECEWISE_BEZIER_KNOTS.);
#4358 = CARTESIAN_POINT('',(11.457792863474,-18.87399759928,4.));
#4359 = CARTESIAN_POINT('',(11.50744493255,-18.93341898255,4.));
#4360 = CARTESIAN_POINT('',(11.54442532685,-19.00417888879,4.));
#4361 = CARTESIAN_POINT('',(11.56833650825,-19.0857084092,4.));
#4362 = CARTESIAN_POINT('',(11.579791561391,-19.17677906756,4.));
#4363 = CARTESIAN_POINT('',(11.579791561391,-19.27600280761,4.));
#4364 = PCURVE('',#2511,#4365);
#4365 = DEFINITIONAL_REPRESENTATION('',(#4366),#4373);
#4366 = B_SPLINE_CURVE_WITH_KNOTS('',5,(#4367,#4368,#4369,#4370,#4371,
    #4372),.UNSPECIFIED.,.F.,.F.,(6,6),(0.,1.),
  .PIECEWISE_BEZIER_KNOTS.);
#4367 = CARTESIAN_POINT('',(39.833644340488,-11.77918819133));
#4368 = CARTESIAN_POINT('',(39.889229439049,-11.83310039377));
#4369 = CARTESIAN_POINT('',(39.933396029495,-11.89961224371));
#4370 = CARTESIAN_POINT('',(39.965689344563,-11.97819945066));
#4371 = CARTESIAN_POINT('',(39.986590847431,-12.06757623866));
#4372 = CARTESIAN_POINT('',(39.99695120855,-12.16625761232));
#4373 = ( GEOMETRIC_REPRESENTATION_CONTEXT(2) 
PARAMETRIC_REPRESENTATION_CONTEXT() REPRESENTATION_CONTEXT('2D SPACE',''
  ) );
#4374 = PCURVE('',#4375,#4382);
#4375 = SURFACE_OF_LINEAR_EXTRUSION('',#4376,#4380);
#4376 = B_SPLINE_CURVE_WITH_KNOTS('',2,(#4377,#4378,#4379),
  .UNSPECIFIED.,.F.,.F.,(3,3),(0.,1.),.PIECEWISE_BEZIER_KNOTS.);
#4377 = CARTESIAN_POINT('',(11.579791561391,-19.27600280761,3.4));
#4378 = CARTESIAN_POINT('',(11.579791561391,-19.02000020345,3.4));
#4379 = CARTESIAN_POINT('',(11.457792863474,-18.87399759928,3.4));
#4380 = VECTOR('',#4381,1.);
#4381 = DIRECTION('',(-0.,-0.,-1.));
#4382 = DEFINITIONAL_REPRESENTATION('',(#4383),#4390);
#4383 = B_SPLINE_CURVE_WITH_KNOTS('',5,(#4384,#4385,#4386,#4387,#4388,
    #4389),.UNSPECIFIED.,.F.,.F.,(6,6),(0.,1.),
  .PIECEWISE_BEZIER_KNOTS.);
#4384 = CARTESIAN_POINT('',(1.,-0.6));
#4385 = CARTESIAN_POINT('',(0.796505741768,-0.6));
#4386 = CARTESIAN_POINT('',(0.593181168341,-0.6));
#4387 = CARTESIAN_POINT('',(0.39183748911,-0.6));
#4388 = CARTESIAN_POINT('',(0.193794395905,-0.6));
#4389 = CARTESIAN_POINT('',(0.,-0.6));
#4390 = ( GEOMETRIC_REPRESENTATION_CONTEXT(2) 
PARAMETRIC_REPRESENTATION_CONTEXT() REPRESENTATION_CONTEXT('2D SPACE',''
  ) );
#4391 = ORIENTED_EDGE('',*,*,#4392,.F.);
#4392 = EDGE_CURVE('',#4393,#4354,#4395,.T.);
#4393 = VERTEX_POINT('',#4394);
#4394 = CARTESIAN_POINT('',(11.123801978058,-18.72799499511,4.));
#4395 = SURFACE_CURVE('',#4396,(#4407,#4421),.PCURVE_S1.);
#4396 = B_SPLINE_CURVE_WITH_KNOTS('',5,(#4397,#4398,#4399,#4400,#4401,
    #4402,#4403,#4404,#4405,#4406),.UNSPECIFIED.,.F.,.F.,(6,4,6),(0.,
    0.650154119073,1.),.UNSPECIFIED.);
#4397 = CARTESIAN_POINT('',(11.123801978058,-18.72799499511,4.));
#4398 = CARTESIAN_POINT('',(11.178057693857,-18.72799499511,4.));
#4399 = CARTESIAN_POINT('',(11.22919479199,-18.73397209796,4.));
#4400 = CARTESIAN_POINT('',(11.276895263858,-18.74617561891,4.));
#4401 = CARTESIAN_POINT('',(11.32090302254,-18.76471491024,4.));
#4402 = CARTESIAN_POINT('',(11.382672172206,-18.80282360943,4.));
#4403 = CARTESIAN_POINT('',(11.403168359216,-18.81796236381,4.));
#4404 = CARTESIAN_POINT('',(11.422527682058,-18.83489282977,4.));
#4405 = CARTESIAN_POINT('',(11.44073689266,-18.8535857736,4.));
#4406 = CARTESIAN_POINT('',(11.457792863474,-18.87399759928,4.));
#4407 = PCURVE('',#2511,#4408);
#4408 = DEFINITIONAL_REPRESENTATION('',(#4409),#4420);
#4409 = B_SPLINE_CURVE_WITH_KNOTS('',5,(#4410,#4411,#4412,#4413,#4414,
    #4415,#4416,#4417,#4418,#4419),.UNSPECIFIED.,.F.,.F.,(6,4,6),(0.,
    0.650154119073,1.),.UNSPECIFIED.);
#4410 = CARTESIAN_POINT('',(39.486234345177,-11.66885702111));
#4411 = CARTESIAN_POINT('',(39.540193494078,-11.66319195741));
#4412 = CARTESIAN_POINT('',(39.591675166004,-11.66379695291));
#4413 = CARTESIAN_POINT('',(39.64038912266,-11.67095316468));
#4414 = CARTESIAN_POINT('',(39.686092094843,-11.68479608637));
#4415 = CARTESIAN_POINT('',(39.751502695379,-11.71624690737));
#4416 = CARTESIAN_POINT('',(39.773467548247,-11.72916282022));
#4417 = CARTESIAN_POINT('',(39.794488831171,-11.74397935566));
#4418 = CARTESIAN_POINT('',(39.814550316082,-11.76066882309));
#4419 = CARTESIAN_POINT('',(39.833644340488,-11.77918819133));
#4420 = ( GEOMETRIC_REPRESENTATION_CONTEXT(2) 
PARAMETRIC_REPRESENTATION_CONTEXT() REPRESENTATION_CONTEXT('2D SPACE',''
  ) );
#4421 = PCURVE('',#4422,#4429);
#4422 = SURFACE_OF_LINEAR_EXTRUSION('',#4423,#4427);
#4423 = B_SPLINE_CURVE_WITH_KNOTS('',2,(#4424,#4425,#4426),
  .UNSPECIFIED.,.F.,.F.,(3,3),(0.,1.),.PIECEWISE_BEZIER_KNOTS.);
#4424 = CARTESIAN_POINT('',(11.457792863474,-18.87399759928,3.4));
#4425 = CARTESIAN_POINT('',(11.335794165558,-18.72799499511,3.4));
#4426 = CARTESIAN_POINT('',(11.123801978058,-18.72799499511,3.4));
#4427 = VECTOR('',#4428,1.);
#4428 = DIRECTION('',(-0.,-0.,-1.));
#4429 = DEFINITIONAL_REPRESENTATION('',(#4430),#4441);
#4430 = B_SPLINE_CURVE_WITH_KNOTS('',5,(#4431,#4432,#4433,#4434,#4435,
    #4436,#4437,#4438,#4439,#4440),.UNSPECIFIED.,.F.,.F.,(6,4,6),(0.,
    0.650154119073,1.),.UNSPECIFIED.);
#4431 = CARTESIAN_POINT('',(1.,-0.6));
#4432 = CARTESIAN_POINT('',(0.872033690393,-0.6));
#4433 = CARTESIAN_POINT('',(0.742733450633,-0.6));
#4434 = CARTESIAN_POINT('',(0.612486877482,-0.6));
#4435 = CARTESIAN_POINT('',(0.481738996912,-0.6));
#4436 = CARTESIAN_POINT('',(0.280649758104,-0.6));
#4437 = CARTESIAN_POINT('',(0.210299395854,-0.6));
#4438 = CARTESIAN_POINT('',(0.140025649694,-0.6));
#4439 = CARTESIAN_POINT('',(6.990226578459E-02,-0.6));
#4440 = CARTESIAN_POINT('',(0.,-0.6));
#4441 = ( GEOMETRIC_REPRESENTATION_CONTEXT(2) 
PARAMETRIC_REPRESENTATION_CONTEXT() REPRESENTATION_CONTEXT('2D SPACE',''
  ) );
#4442 = ORIENTED_EDGE('',*,*,#4443,.F.);
#4443 = EDGE_CURVE('',#4444,#4393,#4446,.T.);
#4444 = VERTEX_POINT('',#4445);
#4445 = CARTESIAN_POINT('',(10.763801978058,-18.94399759928,4.));
#4446 = SURFACE_CURVE('',#4447,(#4458,#4472),.PCURVE_S1.);
#4447 = B_SPLINE_CURVE_WITH_KNOTS('',5,(#4448,#4449,#4450,#4451,#4452,
    #4453,#4454,#4455,#4456,#4457),.UNSPECIFIED.,.F.,.F.,(6,4,6),(0.,
    0.389819361809,1.),.UNSPECIFIED.);
#4448 = CARTESIAN_POINT('',(10.763801978058,-18.94399759928,4.));
#4449 = CARTESIAN_POINT('',(10.778036350352,-18.91057452752,4.));
#4450 = CARTESIAN_POINT('',(10.79504301173,-18.88005889789,4.));
#4451 = CARTESIAN_POINT('',(10.814883941571,-18.85267144266,4.));
#4452 = CARTESIAN_POINT('',(10.837557427448,-18.82857487392,4.));
#4453 = CARTESIAN_POINT('',(10.902750932695,-18.77539256905,4.));
#4454 = CARTESIAN_POINT('',(10.949257885657,-18.75117618374,4.));
#4455 = CARTESIAN_POINT('',(11.002128624828,-18.73550303012,4.));
#4456 = CARTESIAN_POINT('',(11.060599647421,-18.72799499511,4.));
#4457 = CARTESIAN_POINT('',(11.123801978058,-18.72799499511,4.));
#4458 = PCURVE('',#2511,#4459);
#4459 = DEFINITIONAL_REPRESENTATION('',(#4460),#4471);
#4460 = B_SPLINE_CURVE_WITH_KNOTS('',5,(#4461,#4462,#4463,#4464,#4465,
    #4466,#4467,#4468,#4469,#4470),.UNSPECIFIED.,.F.,.F.,(6,4,6),(0.,
    0.389819361809,1.),.UNSPECIFIED.);
#4461 = CARTESIAN_POINT('',(39.150755864742,-11.92126802359));
#4462 = CARTESIAN_POINT('',(39.161422589434,-11.88654137583));
#4463 = CARTESIAN_POINT('',(39.175150027673,-11.85441681167));
#4464 = CARTESIAN_POINT('',(39.192022867623,-11.82510738532));
#4465 = CARTESIAN_POINT('',(39.212056395658,-11.79877509827));
#4466 = CARTESIAN_POINT('',(39.271340562581,-11.73907636939));
#4467 = CARTESIAN_POINT('',(39.315064771162,-11.71013636982));
#4468 = CARTESIAN_POINT('',(39.366010015049,-11.68902843458));
#4469 = CARTESIAN_POINT('',(39.423377484485,-11.67545623788));
#4470 = CARTESIAN_POINT('',(39.486234345177,-11.66885702111));
#4471 = ( GEOMETRIC_REPRESENTATION_CONTEXT(2) 
PARAMETRIC_REPRESENTATION_CONTEXT() REPRESENTATION_CONTEXT('2D SPACE',''
  ) );
#4472 = PCURVE('',#4473,#4480);
#4473 = SURFACE_OF_LINEAR_EXTRUSION('',#4474,#4478);
#4474 = B_SPLINE_CURVE_WITH_KNOTS('',2,(#4475,#4476,#4477),
  .UNSPECIFIED.,.F.,.F.,(3,3),(0.,1.),.PIECEWISE_BEZIER_KNOTS.);
#4475 = CARTESIAN_POINT('',(11.123801978058,-18.72799499511,3.4));
#4476 = CARTESIAN_POINT('',(10.855794165558,-18.72799499511,3.4));
#4477 = CARTESIAN_POINT('',(10.763801978058,-18.94399759928,3.4));
#4478 = VECTOR('',#4479,1.);
#4479 = DIRECTION('',(-0.,-0.,-1.));
#4480 = DEFINITIONAL_REPRESENTATION('',(#4481),#4492);
#4481 = B_SPLINE_CURVE_WITH_KNOTS('',5,(#4482,#4483,#4484,#4485,#4486,
    #4487,#4488,#4489,#4490,#4491),.UNSPECIFIED.,.F.,.F.,(6,4,6),(0.,
    0.389819361809,1.),.UNSPECIFIED.);
#4482 = CARTESIAN_POINT('',(1.,-0.6));
#4483 = CARTESIAN_POINT('',(0.922632711098,-0.6));
#4484 = CARTESIAN_POINT('',(0.844513428432,-0.6));
#4485 = CARTESIAN_POINT('',(0.765862090258,-0.6));
#4486 = CARTESIAN_POINT('',(0.686929254235,-0.6));
#4487 = CARTESIAN_POINT('',(0.484452769053,-0.6));
#4488 = CARTESIAN_POINT('',(0.360873654497,-0.6));
#4489 = CARTESIAN_POINT('',(0.238409991763,-0.6));
#4490 = CARTESIAN_POINT('',(0.117911358717,-0.6));
#4491 = CARTESIAN_POINT('',(0.,-0.6));
#4492 = ( GEOMETRIC_REPRESENTATION_CONTEXT(2) 
PARAMETRIC_REPRESENTATION_CONTEXT() REPRESENTATION_CONTEXT('2D SPACE',''
  ) );
#4493 = ORIENTED_EDGE('',*,*,#4494,.F.);
#4494 = EDGE_CURVE('',#4495,#4444,#4497,.T.);
#4495 = VERTEX_POINT('',#4496);
#4496 = CARTESIAN_POINT('',(10.259791561391,-18.94399759928,4.));
#4497 = SURFACE_CURVE('',#4498,(#4502,#4509),.PCURVE_S1.);
#4498 = LINE('',#4499,#4500);
#4499 = CARTESIAN_POINT('',(-8.082200626109,-18.94399759928,4.));
#4500 = VECTOR('',#4501,1.);
#4501 = DIRECTION('',(1.,0.,2.011080212013E-18));
#4502 = PCURVE('',#2511,#4503);
#4503 = DEFINITIONAL_REPRESENTATION('',(#4504),#4508);
#4504 = LINE('',#4505,#4506);
#4505 = CARTESIAN_POINT('',(20.407767301713,-13.88905710843));
#4506 = VECTOR('',#4507,1.);
#4507 = DIRECTION('',(0.994533904972,0.104414136312));
#4508 = ( GEOMETRIC_REPRESENTATION_CONTEXT(2) 
PARAMETRIC_REPRESENTATION_CONTEXT() REPRESENTATION_CONTEXT('2D SPACE',''
  ) );
#4509 = PCURVE('',#4510,#4515);
#4510 = PLANE('',#4511);
#4511 = AXIS2_PLACEMENT_3D('',#4512,#4513,#4514);
#4512 = CARTESIAN_POINT('',(10.763801978058,-18.94399759928,3.4));
#4513 = DIRECTION('',(0.,-1.,0.));
#4514 = DIRECTION('',(-1.,0.,0.));
#4515 = DEFINITIONAL_REPRESENTATION('',(#4516),#4520);
#4516 = LINE('',#4517,#4518);
#4517 = CARTESIAN_POINT('',(18.846002604167,-0.6));
#4518 = VECTOR('',#4519,1.);
#4519 = DIRECTION('',(-1.,-2.011080212013E-18));
#4520 = ( GEOMETRIC_REPRESENTATION_CONTEXT(2) 
PARAMETRIC_REPRESENTATION_CONTEXT() REPRESENTATION_CONTEXT('2D SPACE',''
  ) );
#4521 = ORIENTED_EDGE('',*,*,#4522,.F.);
#4522 = EDGE_CURVE('',#3668,#4495,#4523,.T.);
#4523 = SURFACE_CURVE('',#4524,(#4528,#4535),.PCURVE_S1.);
#4524 = LINE('',#4525,#4526);
#4525 = CARTESIAN_POINT('',(11.038474113759,-14.06188249984,4.));
#4526 = VECTOR('',#4527,1.);
#4527 = DIRECTION('',(-0.157506127721,-0.987518009826,
    -1.923299288477E-17));
#4528 = PCURVE('',#2511,#4529);
#4529 = DEFINITIONAL_REPRESENTATION('',(#4530),#4534);
#4530 = LINE('',#4531,#4532);
#4531 = CARTESIAN_POINT('',(38.914164784966,-7.03715937541));
#4532 = VECTOR('',#4533,1.);
#4533 = DIRECTION('',(-5.353434417114E-02,-0.998566008832));
#4534 = ( GEOMETRIC_REPRESENTATION_CONTEXT(2) 
PARAMETRIC_REPRESENTATION_CONTEXT() REPRESENTATION_CONTEXT('2D SPACE',''
  ) );
#4535 = PCURVE('',#4536,#4541);
#4536 = PLANE('',#4537);
#4537 = AXIS2_PLACEMENT_3D('',#4538,#4539,#4540);
#4538 = CARTESIAN_POINT('',(10.259791561391,-18.94399759928,3.4));
#4539 = DIRECTION('',(-0.987518009826,0.157506127721,0.));
#4540 = DIRECTION('',(0.157506127721,0.987518009826,0.));
#4541 = DEFINITIONAL_REPRESENTATION('',(#4542),#4546);
#4542 = LINE('',#4543,#4544);
#4543 = CARTESIAN_POINT('',(4.943823860285,-0.6));
#4544 = VECTOR('',#4545,1.);
#4545 = DIRECTION('',(-1.,1.923299288477E-17));
#4546 = ( GEOMETRIC_REPRESENTATION_CONTEXT(2) 
PARAMETRIC_REPRESENTATION_CONTEXT() REPRESENTATION_CONTEXT('2D SPACE',''
  ) );
#4547 = ADVANCED_FACE('',(#4548),#2457,.T.);
#4548 = FACE_BOUND('',#4549,.T.);
#4549 = EDGE_LOOP('',(#4550,#4585,#4606,#4607));
#4550 = ORIENTED_EDGE('',*,*,#4551,.F.);
#4551 = EDGE_CURVE('',#4552,#2777,#4554,.T.);
#4552 = VERTEX_POINT('',#4553);
#4553 = CARTESIAN_POINT('',(-21.20000022465,-3.125,0.));
#4554 = SURFACE_CURVE('',#4555,(#4563,#4574),.PCURVE_S1.);
#4555 = B_SPLINE_CURVE_WITH_KNOTS('',3,(#4556,#4557,#4558,#4559,#4560,
    #4561,#4562),.UNSPECIFIED.,.F.,.F.,(4,1,1,1,4),(0.,0.3,0.6,0.88,1.),
  .UNSPECIFIED.);
#4556 = CARTESIAN_POINT('',(-21.20000022465,-3.125,0.));
#4557 = CARTESIAN_POINT('',(-21.09282054768,-3.125,0.4));
#4558 = CARTESIAN_POINT('',(-20.87846119373,-3.125,1.2));
#4559 = CARTESIAN_POINT('',(-20.56406747461,-3.125,2.373333333333));
#4560 = CARTESIAN_POINT('',(-20.31398156168,-3.125,3.306666666667));
#4561 = CARTESIAN_POINT('',(-20.17107532571,-3.125,3.84));
#4562 = CARTESIAN_POINT('',(-20.12820345492,-3.125,4.));
#4563 = PCURVE('',#2457,#4564);
#4564 = DEFINITIONAL_REPRESENTATION('',(#4565),#4573);
#4565 = B_SPLINE_CURVE_WITH_KNOTS('',3,(#4566,#4567,#4568,#4569,#4570,
    #4571,#4572),.UNSPECIFIED.,.F.,.F.,(4,1,1,1,4),(0.,0.3,0.6,0.88,1.),
  .UNSPECIFIED.);
#4566 = CARTESIAN_POINT('',(100.,78.799999775347));
#4567 = CARTESIAN_POINT('',(100.4,78.907179452319));
#4568 = CARTESIAN_POINT('',(101.2,79.121538806264));
#4569 = CARTESIAN_POINT('',(102.37333333333,79.435932525383));
#4570 = CARTESIAN_POINT('',(103.30666666666,79.686018438319));
#4571 = CARTESIAN_POINT('',(103.84,79.828924674282));
#4572 = CARTESIAN_POINT('',(104.,79.871796545071));
#4573 = ( GEOMETRIC_REPRESENTATION_CONTEXT(2) 
PARAMETRIC_REPRESENTATION_CONTEXT() REPRESENTATION_CONTEXT('2D SPACE',''
  ) );
#4574 = PCURVE('',#3126,#4575);
#4575 = DEFINITIONAL_REPRESENTATION('',(#4576),#4584);
#4576 = B_SPLINE_CURVE_WITH_KNOTS('',3,(#4577,#4578,#4579,#4580,#4581,
    #4582,#4583),.UNSPECIFIED.,.F.,.F.,(4,1,1,1,4),(0.,0.3,0.6,0.88,1.),
  .UNSPECIFIED.);
#4577 = CARTESIAN_POINT('',(20.685209948898,0.25));
#4578 = CARTESIAN_POINT('',(20.685209948898,0.255));
#4579 = CARTESIAN_POINT('',(20.685209948898,0.265));
#4580 = CARTESIAN_POINT('',(20.685209948898,0.279666666667));
#4581 = CARTESIAN_POINT('',(20.685209948898,0.291333333333));
#4582 = CARTESIAN_POINT('',(20.685209948898,0.298));
#4583 = CARTESIAN_POINT('',(20.685209948898,0.3));
#4584 = ( GEOMETRIC_REPRESENTATION_CONTEXT(2) 
PARAMETRIC_REPRESENTATION_CONTEXT() REPRESENTATION_CONTEXT('2D SPACE',''
  ) );
#4585 = ORIENTED_EDGE('',*,*,#4586,.T.);
#4586 = EDGE_CURVE('',#4552,#2358,#4587,.T.);
#4587 = SURFACE_CURVE('',#4588,(#4592,#4599),.PCURVE_S1.);
#4588 = LINE('',#4589,#4590);
#4589 = CARTESIAN_POINT('',(-64.,-3.125,0.));
#4590 = VECTOR('',#4591,1.);
#4591 = DIRECTION('',(-1.,0.,-0.));
#4592 = PCURVE('',#2457,#4593);
#4593 = DEFINITIONAL_REPRESENTATION('',(#4594),#4598);
#4594 = LINE('',#4595,#4596);
#4595 = CARTESIAN_POINT('',(100.,36.));
#4596 = VECTOR('',#4597,1.);
#4597 = DIRECTION('',(0.,-1.));
#4598 = ( GEOMETRIC_REPRESENTATION_CONTEXT(2) 
PARAMETRIC_REPRESENTATION_CONTEXT() REPRESENTATION_CONTEXT('2D SPACE',''
  ) );
#4599 = PCURVE('',#2399,#4600);
#4600 = DEFINITIONAL_REPRESENTATION('',(#4601),#4605);
#4601 = LINE('',#4602,#4603);
#4602 = CARTESIAN_POINT('',(-35.79016881194,-3.88322564534));
#4603 = VECTOR('',#4604,1.);
#4604 = DIRECTION('',(-0.994533904972,-0.104414136312));
#4605 = ( GEOMETRIC_REPRESENTATION_CONTEXT(2) 
PARAMETRIC_REPRESENTATION_CONTEXT() REPRESENTATION_CONTEXT('2D SPACE',''
  ) );
#4606 = ORIENTED_EDGE('',*,*,#2437,.T.);
#4607 = ORIENTED_EDGE('',*,*,#3335,.F.);
#4608 = ADVANCED_FACE('',(#4609,#5239),#2399,.F.);
#4609 = FACE_BOUND('',#4610,.F.);
#4610 = EDGE_LOOP('',(#4611,#4612,#4613,#4693,#4716,#5238));
#4611 = ORIENTED_EDGE('',*,*,#2357,.F.);
#4612 = ORIENTED_EDGE('',*,*,#2553,.T.);
#4613 = ORIENTED_EDGE('',*,*,#4614,.T.);
#4614 = EDGE_CURVE('',#2554,#4615,#4617,.T.);
#4615 = VERTEX_POINT('',#4616);
#4616 = CARTESIAN_POINT('',(-10.5,-12.92736119146,-1.33226762955E-15));
#4617 = SURFACE_CURVE('',#4618,(#4641,#4667),.PCURVE_S1.);
#4618 = B_SPLINE_CURVE_WITH_KNOTS('',6,(#4619,#4620,#4621,#4622,#4623,
    #4624,#4625,#4626,#4627,#4628,#4629,#4630,#4631,#4632,#4633,#4634,
    #4635,#4636,#4637,#4638,#4639,#4640),.UNSPECIFIED.,.F.,.F.,(7,5,5,5,
    7),(0.,0.250999673207,0.500999675762,0.750999677259,1.),
  .UNSPECIFIED.);
#4619 = CARTESIAN_POINT('',(14.45,-3.,0.));
#4620 = CARTESIAN_POINT('',(14.450000000001,-4.441120384382,0.));
#4621 = CARTESIAN_POINT('',(14.277528395058,-5.882686721196,0.));
#4622 = CARTESIAN_POINT('',(13.932398731766,-7.297887028739,0.));
#4623 = CARTESIAN_POINT('',(13.420291861709,-8.661577977504,0.));
#4624 = CARTESIAN_POINT('',(12.750678824854,-9.949785386604,0.));
#4625 = CARTESIAN_POINT('',(11.13019110494,-12.32639605977,0.));
#4626 = CARTESIAN_POINT('',(10.179951738585,-13.41630142877,0.));
#4627 = CARTESIAN_POINT('',(9.102869940672,-14.38819319592,0.));
#4628 = CARTESIAN_POINT('',(7.91756128778,-15.22468719066,0.));
#4629 = CARTESIAN_POINT('',(6.645084083408,-15.91145522544,0.));
#4630 = CARTESIAN_POINT('',(3.975189669087,-16.966412745,0.));
#4631 = CARTESIAN_POINT('',(2.57695924445,-17.33492355756,0.));
#4632 = CARTESIAN_POINT('',(1.140010275053,-17.53456433898,0.));
#4633 = CARTESIAN_POINT('',(-0.310492627995,-17.56139919023,0.));
#4634 = CARTESIAN_POINT('',(-1.74907894006,-17.41539247581,0.));
#4635 = CARTESIAN_POINT('',(-4.545200513504,-16.79084935489,0.));
#4636 = CARTESIAN_POINT('',(-5.903878441078,-16.31345703539,0.));
#4637 = CARTESIAN_POINT('',(-7.20040436625,-15.67584736201,0.));
#4638 = CARTESIAN_POINT('',(-8.412007348691,-14.88873632529,0.));
#4639 = CARTESIAN_POINT('',(-9.517822279919,-13.96619501117,0.));
#4640 = CARTESIAN_POINT('',(-10.50000595782,-12.92735488996,0.));
#4641 = PCURVE('',#2399,#4642);
#4642 = DEFINITIONAL_REPRESENTATION('',(#4643),#4666);
#4643 = B_SPLINE_CURVE_WITH_KNOTS('',6,(#4644,#4645,#4646,#4647,#4648,
    #4649,#4650,#4651,#4652,#4653,#4654,#4655,#4656,#4657,#4658,#4659,
    #4660,#4661,#4662,#4663,#4664,#4665),.UNSPECIFIED.,.F.,.F.,(7,5,5,5,
    7),(0.,0.250999673207,0.500999675762,0.750999677259,1.),
  .UNSPECIFIED.);
#4644 = CARTESIAN_POINT('',(42.217964266049,4.432380086429));
#4645 = CARTESIAN_POINT('',(42.368437606306,2.999137003015));
#4646 = CARTESIAN_POINT('',(42.34742865154,1.547441931119));
#4647 = CARTESIAN_POINT('',(42.151952417605,0.103940827233));
#4648 = CARTESIAN_POINT('',(41.785033384976,-1.305767253753));
#4649 = CARTESIAN_POINT('',(41.253587580624,-2.656850265645));
#4650 = CARTESIAN_POINT('',(39.890109351368,-5.189671984711));
#4651 = CARTESIAN_POINT('',(39.058865611454,-6.372838250121));
#4652 = CARTESIAN_POINT('',(38.089150484457,-7.451880130175));
#4653 = CARTESIAN_POINT('',(36.997662639291,-8.40756474851));
#4654 = CARTESIAN_POINT('',(35.803849207436,-9.223443452217));
#4655 = CARTESIAN_POINT('',(33.25870116795,-10.55140919304));
#4656 = CARTESIAN_POINT('',(31.906591341901,-11.06390071263));
#4657 = CARTESIAN_POINT('',(30.498342191885,-11.41248802412));
#4658 = CARTESIAN_POINT('',(29.05856981336,-11.59062920137));
#4659 = CARTESIAN_POINT('',(27.612601785802,-11.5956293208));
#4660 = CARTESIAN_POINT('',(24.766552948029,-11.26645463105));
#4661 = CARTESIAN_POINT('',(23.365455176397,-10.93353696566));
#4662 = CARTESIAN_POINT('',(22.009440721789,-10.43478816204));
#4663 = CARTESIAN_POINT('',(20.722274957306,-9.778488028006));
#4664 = CARTESIAN_POINT('',(19.52617816105,-8.976452123349));
#4665 = CARTESIAN_POINT('',(18.440893598442,-8.045844261388));
#4666 = ( GEOMETRIC_REPRESENTATION_CONTEXT(2) 
PARAMETRIC_REPRESENTATION_CONTEXT() REPRESENTATION_CONTEXT('2D SPACE',''
  ) );
#4667 = PCURVE('',#2600,#4668);
#4668 = DEFINITIONAL_REPRESENTATION('',(#4669),#4692);
#4669 = B_SPLINE_CURVE_WITH_KNOTS('',6,(#4670,#4671,#4672,#4673,#4674,
    #4675,#4676,#4677,#4678,#4679,#4680,#4681,#4682,#4683,#4684,#4685,
    #4686,#4687,#4688,#4689,#4690,#4691),.UNSPECIFIED.,.F.,.F.,(7,5,5,5,
    7),(0.,0.250999673207,0.500999675762,0.750999677259,1.),
  .UNSPECIFIED.);
#4670 = CARTESIAN_POINT('',(6.28318530718,0.25));
#4671 = CARTESIAN_POINT('',(6.183453792689,0.25));
#4672 = CARTESIAN_POINT('',(6.083692072071,0.25));
#4673 = CARTESIAN_POINT('',(5.983965612631,0.25));
#4674 = CARTESIAN_POINT('',(5.884239159821,0.25));
#4675 = CARTESIAN_POINT('',(5.784477429908,0.25));
#4676 = CARTESIAN_POINT('',(5.585411608386,0.25));
#4677 = CARTESIAN_POINT('',(5.48604767501,0.25));
#4678 = CARTESIAN_POINT('',(5.386718332014,0.25));
#4679 = CARTESIAN_POINT('',(5.287388988198,0.25));
#4680 = CARTESIAN_POINT('',(5.188025053587,0.25));
#4681 = CARTESIAN_POINT('',(4.9893564377,0.25));
#4682 = CARTESIAN_POINT('',(4.889992503718,0.25));
#4683 = CARTESIAN_POINT('',(4.790663160079,0.25));
#4684 = CARTESIAN_POINT('',(4.691333816499,0.25));
#4685 = CARTESIAN_POINT('',(4.591969882621,0.25));
#4686 = CARTESIAN_POINT('',(4.393698476767,0.25));
#4687 = CARTESIAN_POINT('',(4.2947323307,0.25));
#4688 = CARTESIAN_POINT('',(4.195800099209,0.25));
#4689 = CARTESIAN_POINT('',(4.096867867976,0.25));
#4690 = CARTESIAN_POINT('',(3.997901722504,0.25));
#4691 = CARTESIAN_POINT('',(3.898964625051,0.25));
#4692 = ( GEOMETRIC_REPRESENTATION_CONTEXT(2) 
PARAMETRIC_REPRESENTATION_CONTEXT() REPRESENTATION_CONTEXT('2D SPACE',''
  ) );
#4693 = ORIENTED_EDGE('',*,*,#4694,.F.);
#4694 = EDGE_CURVE('',#4695,#4615,#4697,.T.);
#4695 = VERTEX_POINT('',#4696);
#4696 = CARTESIAN_POINT('',(-10.5,-13.1,0.));
#4697 = SURFACE_CURVE('',#4698,(#4702,#4709),.PCURVE_S1.);
#4698 = LINE('',#4699,#4700);
#4699 = CARTESIAN_POINT('',(-10.5,-8.05,-3.552713678801E-15));
#4700 = VECTOR('',#4701,1.);
#4701 = DIRECTION('',(-0.,1.,-0.));
#4702 = PCURVE('',#2399,#4703);
#4703 = DEFINITIONAL_REPRESENTATION('',(#4704),#4708);
#4704 = LINE('',#4705,#4706);
#4705 = CARTESIAN_POINT('',(17.931634725379,-3.195148834654));
#4706 = VECTOR('',#4707,1.);
#4707 = DIRECTION('',(-0.104414136312,0.994533904972));
#4708 = ( GEOMETRIC_REPRESENTATION_CONTEXT(2) 
PARAMETRIC_REPRESENTATION_CONTEXT() REPRESENTATION_CONTEXT('2D SPACE',''
  ) );
#4709 = PCURVE('',#2764,#4710);
#4710 = DEFINITIONAL_REPRESENTATION('',(#4711),#4715);
#4711 = LINE('',#4712,#4713);
#4712 = CARTESIAN_POINT('',(5.05,-62.1165708246));
#4713 = VECTOR('',#4714,1.);
#4714 = DIRECTION('',(1.,0.));
#4715 = ( GEOMETRIC_REPRESENTATION_CONTEXT(2) 
PARAMETRIC_REPRESENTATION_CONTEXT() REPRESENTATION_CONTEXT('2D SPACE',''
  ) );
#4716 = ORIENTED_EDGE('',*,*,#4717,.T.);
#4717 = EDGE_CURVE('',#4695,#4552,#4718,.T.);
#4718 = SURFACE_CURVE('',#4719,(#4890,#5064),.PCURVE_S1.);
#4719 = B_SPLINE_CURVE_WITH_KNOTS('',8,(#4720,#4721,#4722,#4723,#4724,
    #4725,#4726,#4727,#4728,#4729,#4730,#4731,#4732,#4733,#4734,#4735,
    #4736,#4737,#4738,#4739,#4740,#4741,#4742,#4743,#4744,#4745,#4746,
    #4747,#4748,#4749,#4750,#4751,#4752,#4753,#4754,#4755,#4756,#4757,
    #4758,#4759,#4760,#4761,#4762,#4763,#4764,#4765,#4766,#4767,#4768,
    #4769,#4770,#4771,#4772,#4773,#4774,#4775,#4776,#4777,#4778,#4779,
    #4780,#4781,#4782,#4783,#4784,#4785,#4786,#4787,#4788,#4789,#4790,
    #4791,#4792,#4793,#4794,#4795,#4796,#4797,#4798,#4799,#4800,#4801,
    #4802,#4803,#4804,#4805,#4806,#4807,#4808,#4809,#4810,#4811,#4812,
    #4813,#4814,#4815,#4816,#4817,#4818,#4819,#4820,#4821,#4822,#4823,
    #4824,#4825,#4826,#4827,#4828,#4829,#4830,#4831,#4832,#4833,#4834,
    #4835,#4836,#4837,#4838,#4839,#4840,#4841,#4842,#4843,#4844,#4845,
    #4846,#4847,#4848,#4849,#4850,#4851,#4852,#4853,#4854,#4855,#4856,
    #4857,#4858,#4859,#4860,#4861,#4862,#4863,#4864,#4865,#4866,#4867,
    #4868,#4869,#4870,#4871,#4872,#4873,#4874,#4875,#4876,#4877,#4878,
    #4879,#4880,#4881,#4882,#4883,#4884,#4885,#4886,#4887,#4888,#4889),
  .UNSPECIFIED.,.F.,.F.,(9,7,7,7,7,7,7,7,7,7,7,7,7,7,7,7,7,7,7,7,7,7,7,7
    ,9),(0.,3.414385910877E-02,7.916187992677E-02,0.113182164102,
    0.131686306011,0.150190448155,0.187321337111,0.228273000271,
    0.242686617304,0.258701749832,0.314195879483,0.324515677577,
    0.36095509979,0.388136075693,0.409131242018,0.425025360456,
    0.471462425517,0.506611922333,0.523428205905,0.541773458798,
    0.609267462472,0.643079238243,0.777935508081,0.911730676987,1.),
  .UNSPECIFIED.);
#4720 = CARTESIAN_POINT('',(-10.5,-13.1,0.));
#4721 = CARTESIAN_POINT('',(-10.61252936617,-13.11201732152,0.));
#4722 = CARTESIAN_POINT('',(-10.72507583894,-13.12442303602,0.));
#4723 = CARTESIAN_POINT('',(-10.83763498566,-13.13717238927,0.));
#4724 = CARTESIAN_POINT('',(-10.95020259854,-13.15022086739,0.));
#4725 = CARTESIAN_POINT('',(-11.06277469462,-13.1635241969,0.));
#4726 = CARTESIAN_POINT('',(-11.17534751585,-13.17703834467,0.));
#4727 = CARTESIAN_POINT('',(-11.28791752899,-13.19071951794,0.));
#4728 = CARTESIAN_POINT('',(-11.54889475614,-13.22272532483,0.));
#4729 = CARTESIAN_POINT('',(-11.69729695699,-13.24114095743,0.));
#4730 = CARTESIAN_POINT('',(-11.84568061659,-13.25967096272,0.));
#4731 = CARTESIAN_POINT('',(-11.99403818224,-13.27821547341,0.));
#4732 = CARTESIAN_POINT('',(-12.14236193874,-13.29667457233,0.));
#4733 = CARTESIAN_POINT('',(-12.29064398699,-13.31494801035,0.));
#4734 = CARTESIAN_POINT('',(-12.43887622257,-13.3329349243,0.));
#4735 = CARTESIAN_POINT('',(-12.69902602128,-13.363832905,0.));
#4736 = CARTESIAN_POINT('',(-12.81096823708,-13.37691041705,0.));
#4737 = CARTESIAN_POINT('',(-12.92287330451,-13.3897222898,0.));
#4738 = CARTESIAN_POINT('',(-13.03473721355,-13.40222427455,0.));
#4739 = CARTESIAN_POINT('',(-13.14655560137,-13.41437167516,0.));
#4740 = CARTESIAN_POINT('',(-13.25832375233,-13.4261193481,0.));
#4741 = CARTESIAN_POINT('',(-13.37003659796,-13.43742170246,0.));
#4742 = CARTESIAN_POINT('',(-13.54241797612,-13.45411296327,0.));
#4743 = CARTESIAN_POINT('',(-13.6030968202,-13.45984174451,0.));
#4744 = CARTESIAN_POINT('',(-13.66372952608,-13.4654304507,0.));
#4745 = CARTESIAN_POINT('',(-13.72432250827,-13.47092574904,0.));
#4746 = CARTESIAN_POINT('',(-13.78487938287,-13.47632771827,0.));
#4747 = CARTESIAN_POINT('',(-13.84540634146,-13.4816800059,0.));
#4748 = CARTESIAN_POINT('',(-13.90590794377,-13.48699765156,0.));
#4749 = CARTESIAN_POINT('',(-14.02687092042,-13.49761903573,0.));
#4750 = CARTESIAN_POINT('',(-14.08733227611,-13.50292235251,0.));
#4751 = CARTESIAN_POINT('',(-14.14777858989,-13.50824300278,0.));
#4752 = CARTESIAN_POINT('',(-14.20821495286,-13.51360569535,0.));
#4753 = CARTESIAN_POINT('',(-14.26864645613,-13.51903513902,0.));
#4754 = CARTESIAN_POINT('',(-14.3290781908,-13.52455604262,0.));
#4755 = CARTESIAN_POINT('',(-14.38951524798,-13.53019311494,0.));
#4756 = CARTESIAN_POINT('',(-14.57125817293,-13.54756524807,0.));
#4757 = CARTESIAN_POINT('',(-14.69254747347,-13.55972213274,0.));
#4758 = CARTESIAN_POINT('',(-14.81384270036,-13.57263764605,0.));
#4759 = CARTESIAN_POINT('',(-14.93515225205,-13.58650624424,0.));
#4760 = CARTESIAN_POINT('',(-15.05648078419,-13.60151942989,0.));
#4761 = CARTESIAN_POINT('',(-15.17782914829,-13.61786426921,0.));
#4762 = CARTESIAN_POINT('',(-15.2991943304,-13.63572190933,0.));
#4763 = CARTESIAN_POINT('',(-15.55443396148,-13.67682138176,0.));
#4764 = CARTESIAN_POINT('',(-15.6883094313,-13.70042794582,0.));
#4765 = CARTESIAN_POINT('',(-15.82218424219,-13.72631822218,0.));
#4766 = CARTESIAN_POINT('',(-15.95603853905,-13.75471289521,0.));
#4767 = CARTESIAN_POINT('',(-16.08984419041,-13.78581745482,0.));
#4768 = CARTESIAN_POINT('',(-16.22356481007,-13.81981875203,0.));
#4769 = CARTESIAN_POINT('',(-16.35715577878,-13.85688155447,0.));
#4770 = CARTESIAN_POINT('',(-16.5375195955,-13.91131652525,0.));
#4771 = CARTESIAN_POINT('',(-16.58455437842,-13.92592228524,0.));
#4772 = CARTESIAN_POINT('',(-16.63165751404,-13.94091442583,0.));
#4773 = CARTESIAN_POINT('',(-16.67881792602,-13.95624372431,0.));
#4774 = CARTESIAN_POINT('',(-16.72602454927,-13.97186023257,0.));
#4775 = CARTESIAN_POINT('',(-16.77326631698,-13.98771381846,0.));
#4776 = CARTESIAN_POINT('',(-16.82053214763,-14.00375470701,0.));
#4777 = CARTESIAN_POINT('',(-16.92034292278,-14.03791104103,0.));
#4778 = CARTESIAN_POINT('',(-16.97289093201,-14.05605860313,0.));
#4779 = CARTESIAN_POINT('',(-17.02543976319,-14.0743086658,0.));
#4780 = CARTESIAN_POINT('',(-17.07797421984,-14.09259318673,0.));
#4781 = CARTESIAN_POINT('',(-17.13047910548,-14.1108441236,0.));
#4782 = CARTESIAN_POINT('',(-17.18293922362,-14.1289934341,0.));
#4783 = CARTESIAN_POINT('',(-17.23533937779,-14.14697307591,0.));
#4784 = CARTESIAN_POINT('',(-17.46897601408,-14.22619267529,0.));
#4785 = CARTESIAN_POINT('',(-17.64987508381,-14.28498233114,0.));
#4786 = CARTESIAN_POINT('',(-17.83104613918,-14.33867492067,0.));
#4787 = CARTESIAN_POINT('',(-18.01263176089,-14.38451618219,0.));
#4788 = CARTESIAN_POINT('',(-18.19424073992,-14.41905829286,0.));
#4789 = CARTESIAN_POINT('',(-18.37496343178,-14.4381686133,0.));
#4790 = CARTESIAN_POINT('',(-18.55338628462,-14.43711629271,0.));
#4791 = CARTESIAN_POINT('',(-18.76005116671,-14.40690884276,0.));
#4792 = CARTESIAN_POINT('',(-18.79226199762,-14.40134770621,0.));
#4793 = CARTESIAN_POINT('',(-18.82426946391,-14.39491901216,0.));
#4794 = CARTESIAN_POINT('',(-18.85606671383,-14.38759179254,0.));
#4795 = CARTESIAN_POINT('',(-18.88764863874,-14.37934714026,0.));
#4796 = CARTESIAN_POINT('',(-18.91901187317,-14.37017820925,0.));
#4797 = CARTESIAN_POINT('',(-18.95015479477,-14.36009021446,0.));
#4798 = CARTESIAN_POINT('',(-19.09026632713,-14.31029528015,0.));
#4799 = CARTESIAN_POINT('',(-19.19613024614,-14.26053943579,0.));
#4800 = CARTESIAN_POINT('',(-19.29830582462,-14.20098770945,0.));
#4801 = CARTESIAN_POINT('',(-19.39661270293,-14.13289282752,0.));
#4802 = CARTESIAN_POINT('',(-19.49099571474,-14.05744877754,0.));
#4803 = CARTESIAN_POINT('',(-19.58149208855,-13.9757147185,0.));
#4804 = CARTESIAN_POINT('',(-19.66821085053,-13.88858294797,0.));
#4805 = CARTESIAN_POINT('',(-19.81329816707,-13.72825747479,0.));
#4806 = CARTESIAN_POINT('',(-19.87325434092,-13.65716673197,0.));
#4807 = CARTESIAN_POINT('',(-19.93123623173,-13.58378847428,0.));
#4808 = CARTESIAN_POINT('',(-19.98729621279,-13.50839766732,0.));
#4809 = CARTESIAN_POINT('',(-20.04148280801,-13.43124051053,0.));
#4810 = CARTESIAN_POINT('',(-20.09384065458,-13.35253698966,0.));
#4811 = CARTESIAN_POINT('',(-20.14441046564,-13.27248342937,0.));
#4812 = CARTESIAN_POINT('',(-20.23093746608,-13.1285125073,0.));
#4813 = CARTESIAN_POINT('',(-20.26759857104,-13.06507308509,0.));
#4814 = CARTESIAN_POINT('',(-20.30322779351,-13.00101989672,0.));
#4815 = CARTESIAN_POINT('',(-20.3378373585,-12.93643198199,0.));
#4816 = CARTESIAN_POINT('',(-20.37143619584,-12.87138518982,0.));
#4817 = CARTESIAN_POINT('',(-20.40402990569,-12.80595306528,0.));
#4818 = CARTESIAN_POINT('',(-20.43562072411,-12.74020773645,0.));
#4819 = CARTESIAN_POINT('',(-20.48936280191,-12.62426624793,0.));
#4820 = CARTESIAN_POINT('',(-20.51194306988,-12.57417116727,0.));
#4821 = CARTESIAN_POINT('',(-20.53394338392,-12.52398589148,0.));
#4822 = CARTESIAN_POINT('',(-20.55536809563,-12.4737081401,0.));
#4823 = CARTESIAN_POINT('',(-20.57622337606,-12.42332901287,0.));
#4824 = CARTESIAN_POINT('',(-20.59651381835,-12.37285377315,0.));
#4825 = CARTESIAN_POINT('',(-20.61624308357,-12.32229742226,0.));
#4826 = CARTESIAN_POINT('',(-20.69144272453,-12.12369577592,0.));
#4827 = CARTESIAN_POINT('',(-20.7427382145,-11.97501764082,0.));
#4828 = CARTESIAN_POINT('',(-20.78945588124,-11.82571495552,0.));
#4829 = CARTESIAN_POINT('',(-20.83179679426,-11.67587058813,0.));
#4830 = CARTESIAN_POINT('',(-20.87000455729,-11.52555562907,0.));
#4831 = CARTESIAN_POINT('',(-20.90435759436,-11.37482904149,0.));
#4832 = CARTESIAN_POINT('',(-20.93516143608,-11.22373731166,0.));
#4833 = CARTESIAN_POINT('',(-20.98361674349,-10.95769768891,0.));
#4834 = CARTESIAN_POINT('',(-21.00264519099,-10.84289098003,0.));
#4835 = CARTESIAN_POINT('',(-21.01996775524,-10.72790665455,0.));
#4836 = CARTESIAN_POINT('',(-21.0357317076,-10.61275393977,0.));
#4837 = CARTESIAN_POINT('',(-21.05008881607,-10.49743859704,0.));
#4838 = CARTESIAN_POINT('',(-21.0631939777,-10.38196291023,0.));
#4839 = CARTESIAN_POINT('',(-21.07520385094,-10.26632567417,0.));
#4840 = CARTESIAN_POINT('',(-21.09157239988,-10.09511927493,0.));
#4841 = CARTESIAN_POINT('',(-21.09665694095,-10.03966092796,0.));
#4842 = CARTESIAN_POINT('',(-21.10153960972,-9.984144669552,0.));
#4843 = CARTESIAN_POINT('',(-21.10626053173,-9.928564823717,0.));
#4844 = CARTESIAN_POINT('',(-21.11081176036,-9.87292373278,0.));
#4845 = CARTESIAN_POINT('',(-21.11517932655,-9.817225486558,0.));
#4846 = CARTESIAN_POINT('',(-21.11938804713,-9.761469351216,0.));
#4847 = CARTESIAN_POINT('',(-21.12784384936,-9.644776541282,0.));
#4848 = CARTESIAN_POINT('',(-21.1320617818,-9.583827688885,0.));
#4849 = CARTESIAN_POINT('',(-21.13609086938,-9.522815658962,0.));
#4850 = CARTESIAN_POINT('',(-21.13993608257,-9.461742577928,0.));
#4851 = CARTESIAN_POINT('',(-21.14360239182,-9.400610572202,0.));
#4852 = CARTESIAN_POINT('',(-21.14709476762,-9.339421768201,0.));
#4853 = CARTESIAN_POINT('',(-21.15041818041,-9.278178292343,0.));
#4854 = CARTESIAN_POINT('',(-21.16520142096,-8.991368133354,0.));
#4855 = CARTESIAN_POINT('',(-21.17459009784,-8.765440459386,0.));
#4856 = CARTESIAN_POINT('',(-21.182003394,-8.53917206729,0.));
#4857 = CARTESIAN_POINT('',(-21.18769626281,-8.312631149854,0.));
#4858 = CARTESIAN_POINT('',(-21.19191968899,-8.085881474235,0.));
#4859 = CARTESIAN_POINT('',(-21.19492152923,-7.858982581685,0.));
#4860 = CARTESIAN_POINT('',(-21.19694735286,-7.631989987282,0.));
#4861 = CARTESIAN_POINT('',(-21.19888948902,-7.29122019094,0.));
#4862 = CARTESIAN_POINT('',(-21.1993540551,-7.17747489597,0.));
#4863 = CARTESIAN_POINT('',(-21.1996656239,-7.063726196808,0.));
#4864 = CARTESIAN_POINT('',(-21.19985482759,-6.949980752193,0.));
#4865 = CARTESIAN_POINT('',(-21.19995228735,-6.836245177541,0.));
#4866 = CARTESIAN_POINT('',(-21.19998861332,-6.722526044945,0.));
#4867 = CARTESIAN_POINT('',(-21.19999440463,-6.608829883177,0.));
#4868 = CARTESIAN_POINT('',(-21.20002356087,-6.041810239016,0.));
#4869 = CARTESIAN_POINT('',(-21.20003317173,-5.588922963831,0.));
#4870 = CARTESIAN_POINT('',(-21.20003242893,-5.136423291734,0.));
#4871 = CARTESIAN_POINT('',(-21.20002492661,-4.684231820564,0.));
#4872 = CARTESIAN_POINT('',(-21.20001436973,-4.232268107618,0.));
#4873 = CARTESIAN_POINT('',(-21.20000443759,-3.780450970879,0.));
#4874 = CARTESIAN_POINT('',(-21.19999864741,-3.328698790231,0.));
#4875 = CARTESIAN_POINT('',(-21.20000177601,-2.428715519037,0.));
#4876 = CARTESIAN_POINT('',(-21.20000424663,-1.704088153947,0.));
#4877 = CARTESIAN_POINT('',(-21.20006276795,-0.96339296528,0.));
#4878 = CARTESIAN_POINT('',(-21.19999759187,-0.374996440629,0.));
#4879 = CARTESIAN_POINT('',(-21.20006515727,-1.369121356781E-02,0.));
#4880 = CARTESIAN_POINT('',(-21.19998227989,0.151033768776,0.));
#4881 = CARTESIAN_POINT('',(-21.20002566597,0.261170927864,0.));
#4882 = CARTESIAN_POINT('',(-21.1999743118,0.786692234584,0.));
#4883 = CARTESIAN_POINT('',(-21.19989782371,0.995670493203,0.));
#4884 = CARTESIAN_POINT('',(-21.19957516139,1.204696046934,0.));
#4885 = CARTESIAN_POINT('',(-21.1988167769,1.413728532986,0.));
#4886 = CARTESIAN_POINT('',(-21.19743295531,1.622726417261,0.));
#4887 = CARTESIAN_POINT('',(-21.1952330965,1.831646835621,0.));
#4888 = CARTESIAN_POINT('',(-21.19202499697,2.040445435171,0.));
#4889 = CARTESIAN_POINT('',(-21.18761413171,2.249076215526,0.));
#4890 = PCURVE('',#2399,#4891);
#4891 = DEFINITIONAL_REPRESENTATION('',(#4892),#5063);
#4892 = B_SPLINE_CURVE_WITH_KNOTS('',8,(#4893,#4894,#4895,#4896,#4897,
    #4898,#4899,#4900,#4901,#4902,#4903,#4904,#4905,#4906,#4907,#4908,
    #4909,#4910,#4911,#4912,#4913,#4914,#4915,#4916,#4917,#4918,#4919,
    #4920,#4921,#4922,#4923,#4924,#4925,#4926,#4927,#4928,#4929,#4930,
    #4931,#4932,#4933,#4934,#4935,#4936,#4937,#4938,#4939,#4940,#4941,
    #4942,#4943,#4944,#4945,#4946,#4947,#4948,#4949,#4950,#4951,#4952,
    #4953,#4954,#4955,#4956,#4957,#4958,#4959,#4960,#4961,#4962,#4963,
    #4964,#4965,#4966,#4967,#4968,#4969,#4970,#4971,#4972,#4973,#4974,
    #4975,#4976,#4977,#4978,#4979,#4980,#4981,#4982,#4983,#4984,#4985,
    #4986,#4987,#4988,#4989,#4990,#4991,#4992,#4993,#4994,#4995,#4996,
    #4997,#4998,#4999,#5000,#5001,#5002,#5003,#5004,#5005,#5006,#5007,
    #5008,#5009,#5010,#5011,#5012,#5013,#5014,#5015,#5016,#5017,#5018,
    #5019,#5020,#5021,#5022,#5023,#5024,#5025,#5026,#5027,#5028,#5029,
    #5030,#5031,#5032,#5033,#5034,#5035,#5036,#5037,#5038,#5039,#5040,
    #5041,#5042,#5043,#5044,#5045,#5046,#5047,#5048,#5049,#5050,#5051,
    #5052,#5053,#5054,#5055,#5056,#5057,#5058,#5059,#5060,#5061,#5062),
  .UNSPECIFIED.,.F.,.F.,(9,7,7,7,7,7,7,7,7,7,7,7,7,7,7,7,7,7,7,7,7,7,7,7
    ,9),(0.,3.414385910877E-02,7.916187992677E-02,0.113182164102,
    0.131686306011,0.150190448155,0.187321337111,0.228273000271,
    0.242686617304,0.258701749832,0.314195879483,0.324515677577,
    0.36095509979,0.388136075693,0.409131242018,0.425025360456,
    0.471462425517,0.506611922333,0.523428205905,0.541773458798,
    0.609267462472,0.643079238243,0.777935508081,0.911730676987,1.),
  .UNSPECIFIED.);
#4893 = CARTESIAN_POINT('',(18.458926113753,-8.217545054761));
#4894 = CARTESIAN_POINT('',(18.348266622038,-8.241246345038));
#4895 = CARTESIAN_POINT('',(18.237630670945,-8.265335691477));
#4896 = CARTESIAN_POINT('',(18.127017995923,-8.289768121638));
#4897 = CARTESIAN_POINT('',(18.016428133892,-8.314498925618));
#4898 = CARTESIAN_POINT('',(17.90586042324,-8.339483656049));
#4899 = CARTESIAN_POINT('',(17.795314003821,-8.3646781281));
#4900 = CARTESIAN_POINT('',(17.684787816961,-8.390038419478));
#4901 = CARTESIAN_POINT('',(17.428578974814,-8.449118991354));
#4902 = CARTESIAN_POINT('',(17.28291080687,-8.482929249985));
#4903 = CARTESIAN_POINT('',(17.13727302095,-8.516851320161));
#4904 = CARTESIAN_POINT('',(16.991662700921,-8.550785091878));
#4905 = CARTESIAN_POINT('',(16.846077087039,-8.584630388542));
#4906 = CARTESIAN_POINT('',(16.700513567801,-8.618286684206));
#4907 = CARTESIAN_POINT('',(16.554969671794,-8.65165282083));
#4908 = CARTESIAN_POINT('',(16.299468062575,-8.70954522677));
#4909 = CARTESIAN_POINT('',(16.189503210691,-8.734239605677));
#4910 = CARTESIAN_POINT('',(16.079547567627,-8.758665918485));
#4911 = CARTESIAN_POINT('',(15.969600501282,-8.782779739639));
#4912 = CARTESIAN_POINT('',(15.859661683732,-8.806536161789));
#4913 = CARTESIAN_POINT('',(15.74973109123,-8.829889795789));
#4914 = CARTESIAN_POINT('',(15.639809004204,-8.852794770696));
#4915 = CARTESIAN_POINT('',(15.47011268262,-8.887393848206));
#4916 = CARTESIAN_POINT('',(15.410363680615,-8.899427044481));
#4917 = CARTESIAN_POINT('',(15.35064593879,-8.911316113884));
#4918 = CARTESIAN_POINT('',(15.290957950428,-8.92310813831));
#4919 = CARTESIAN_POINT('',(15.231296127411,-8.934803573619));
#4920 = CARTESIAN_POINT('',(15.171658869426,-8.946446475237));
#4921 = CARTESIAN_POINT('',(15.112043212003,-8.958052276693));
#4922 = CARTESIAN_POINT('',(14.992850453131,-8.981245848096));
#4923 = CARTESIAN_POINT('',(14.933273326197,-8.992833196684));
#4924 = CARTESIAN_POINT('',(14.873712968813,-9.004436213421));
#4925 = CARTESIAN_POINT('',(14.814166897655,-9.016080003641));
#4926 = CARTESIAN_POINT('',(14.754632629396,-9.027789672679));
#4927 = CARTESIAN_POINT('',(14.695107680711,-9.03959032587));
#4928 = CARTESIAN_POINT('',(14.635589568273,-9.051507068549));
#4929 = CARTESIAN_POINT('',(14.4566539637,-9.087760774485));
#4930 = CARTESIAN_POINT('',(14.337296992612,-9.112515526033));
#4931 = CARTESIAN_POINT('',(14.218013339131,-9.138025378273));
#4932 = CARTESIAN_POINT('',(14.098814954678,-9.164484601454));
#4933 = CARTESIAN_POINT('',(13.979717204634,-9.192084137497));
#4934 = CARTESIAN_POINT('',(13.860738774502,-9.221010118998));
#4935 = CARTESIAN_POINT('',(13.741901576086,-9.251442388233));
#4936 = CARTESIAN_POINT('',(13.492348475,-9.318967832667));
#4937 = CARTESIAN_POINT('',(13.361669640217,-9.356423852562));
#4938 = CARTESIAN_POINT('',(13.231229912612,-9.396151032969));
#4939 = CARTESIAN_POINT('',(13.101072081315,-9.438366778815));
#4940 = CARTESIAN_POINT('',(12.971245580087,-9.483272519469));
#4941 = CARTESIAN_POINT('',(12.841806106123,-9.53105028536));
#4942 = CARTESIAN_POINT('',(12.712815238855,-9.581859284615));
#4943 = CARTESIAN_POINT('',(12.539121088353,-9.654829240823));
#4944 = CARTESIAN_POINT('',(12.493868449843,-9.674266260568));
#4945 = CARTESIAN_POINT('',(12.448588175848,-9.694094685919));
#4946 = CARTESIAN_POINT('',(12.403286142622,-9.714264406679));
#4947 = CARTESIAN_POINT('',(12.357968139481,-9.734724592422));
#4948 = CARTESIAN_POINT('',(12.312639938238,-9.755424229474));
#4949 = CARTESIAN_POINT('',(12.267307362637,-9.776312657891));
#4950 = CARTESIAN_POINT('',(12.171608566783,-9.82070394602));
#4951 = CARTESIAN_POINT('',(12.121242651992,-9.844239066824));
#4952 = CARTESIAN_POINT('',(12.070886622249,-9.867876213741));
#4953 = CARTESIAN_POINT('',(12.020548486391,-9.891546129655));
#4954 = CARTESIAN_POINT('',(11.970236253257,-9.915179557455));
#4955 = CARTESIAN_POINT('',(11.919957931684,-9.938707240024));
#4956 = CARTESIAN_POINT('',(11.86972153051,-9.962059920251));
#4957 = CARTESIAN_POINT('',(11.645633620317,-10.06524146535));
#4958 = CARTESIAN_POINT('',(11.471861833241,-10.14259819148));
#4959 = CARTESIAN_POINT('',(11.297287341434,-10.21491411149));
#4960 = CARTESIAN_POINT('',(11.121480759721,-10.27946490618));
#4961 = CARTESIAN_POINT('',(10.944471157276,-10.33278075107));
#4962 = CARTESIAN_POINT('',(10.766731700432,-10.37065661647));
#4963 = CARTESIAN_POINT('',(10.589174246714,-10.38823991605));
#4964 = CARTESIAN_POINT('',(10.380484929704,-10.37977631805));
#4965 = CARTESIAN_POINT('',(10.347869504994,-10.3776088453));
#4966 = CARTESIAN_POINT('',(10.315365748015,-10.37455732305));
#4967 = CARTESIAN_POINT('',(10.282977239578,-10.37059023709));
#4968 = CARTESIAN_POINT('',(10.250707086221,-10.36568825027));
#4969 = CARTESIAN_POINT('',(10.218557920203,-10.35984420255));
#4970 = CARTESIAN_POINT('',(10.18653189951,-10.35306311096));
#4971 = CARTESIAN_POINT('',(10.04198693504,-10.31816998513));
#4972 = CARTESIAN_POINT('',(9.931506464757,-10.27973980062));
#4973 = CARTESIAN_POINT('',(9.823671345623,-10.23118216445));
#4974 = CARTESIAN_POINT('',(9.718791753774,-10.17372412341));
#4975 = CARTESIAN_POINT('',(9.617047223156,-10.10854737844));
#4976 = CARTESIAN_POINT('',(9.518511319937,-10.03670918624));
#4977 = CARTESIAN_POINT('',(9.423168782388,-9.959108350887));
#4978 = CARTESIAN_POINT('',(9.262134281098,-9.814808398827));
#4979 = CARTESIAN_POINT('',(9.195082954884,-9.750366516871));
#4980 = CARTESIAN_POINT('',(9.129756271195,-9.683443480759));
#4981 = CARTESIAN_POINT('',(9.066130853321,-9.614318221622));
#4982 = CARTESIAN_POINT('',(9.004184149293,-9.543240659716));
#4983 = CARTESIAN_POINT('',(8.943894735534,-9.470434239102));
#4984 = CARTESIAN_POINT('',(8.885242620514,-9.396098462328));
#4985 = CARTESIAN_POINT('',(8.784155985391,-9.261949141015));
#4986 = CARTESIAN_POINT('',(8.74107130104,-9.202684422329));
#4987 = CARTESIAN_POINT('',(8.698948772945,-9.142701549263));
#4988 = CARTESIAN_POINT('',(8.657784495793,-9.082080406044));
#4989 = CARTESIAN_POINT('',(8.61757750827,-9.020897359411));
#4990 = CARTESIAN_POINT('',(8.578329919958,-8.959226137139));
#4991 = CARTESIAN_POINT('',(8.540047038233,-8.897138706545));
#4992 = CARTESIAN_POINT('',(8.47449278935,-8.78744239786));
#4993 = CARTESIAN_POINT('',(8.44680531269,-8.739978840848));
#4994 = CARTESIAN_POINT('',(8.41968520223,-8.692365026328));
#4995 = CARTESIAN_POINT('',(8.393127892047,-8.644599140688));
#4996 = CARTESIAN_POINT('',(8.367126315498,-8.59667297665));
#4997 = CARTESIAN_POINT('',(8.341676454131,-8.548592248397));
#4998 = CARTESIAN_POINT('',(8.316776233242,-8.500372257506));
#4999 = CARTESIAN_POINT('',(8.221250821293,-8.310708092203));
#5000 = CARTESIAN_POINT('',(8.154711618281,-8.168198620199));
#5001 = CARTESIAN_POINT('',(8.092660003812,-8.024590022387));
#5002 = CARTESIAN_POINT('',(8.034904660039,-7.879985708416));
#5003 = CARTESIAN_POINT('',(7.981210737656,-7.734481815784));
#5004 = CARTESIAN_POINT('',(7.931307491081,-7.588166056744));
#5005 = CARTESIAN_POINT('',(7.884895913618,-7.441116565202));
#5006 = CARTESIAN_POINT('',(7.80892717009,-7.181590559381));
#5007 = CARTESIAN_POINT('',(7.778015290542,-7.069398233794));
#5008 = CARTESIAN_POINT('',(7.748781424035,-6.956851144147));
#5009 = CARTESIAN_POINT('',(7.721080067682,-6.843973844516));
#5010 = CARTESIAN_POINT('',(7.694760884614,-6.730787911491));
#5011 = CARTESIAN_POINT('',(7.669670062938,-6.617311789894));
#5012 = CARTESIAN_POINT('',(7.645651674684,-6.503560638495));
#5013 = CARTESIAN_POINT('',(7.611496229476,-6.334999177599));
#5014 = CARTESIAN_POINT('',(7.600648845594,-6.280374869193));
#5015 = CARTESIAN_POINT('',(7.589996183782,-6.225671887566));
#5016 = CARTESIAN_POINT('',(7.579497745181,-6.170888777445));
#5017 = CARTESIAN_POINT('',(7.569161677545,-6.116027038604));
#5018 = CARTESIAN_POINT('',(7.559002300615,-6.061089279941));
#5019 = CARTESIAN_POINT('',(7.548994856581,-6.006077362858));
#5020 = CARTESIAN_POINT('',(7.528400895613,-5.890905312198));
#5021 = CARTESIAN_POINT('',(7.517842097006,-5.830730023794));
#5022 = CARTESIAN_POINT('',(7.50746451439,-5.770472185123));
#5023 = CARTESIAN_POINT('',(7.497263426496,-5.710134429968));
#5024 = CARTESIAN_POINT('',(7.487234112057,-5.649719392109));
#5025 = CARTESIAN_POINT('',(7.477371849801,-5.589229705328));
#5026 = CARTESIAN_POINT('',(7.467671918462,-5.528668003405));
#5027 = CARTESIAN_POINT('',(7.423022449476,-5.244969155293));
#5028 = CARTESIAN_POINT('',(7.390095049043,-5.021256734049));
#5029 = CARTESIAN_POINT('',(7.359096655931,-4.796999199402));
#5030 = CARTESIAN_POINT('',(7.329780830651,-4.572290992128));
#5031 = CARTESIAN_POINT('',(7.301904618584,-4.34722173718));
#5032 = CARTESIAN_POINT('',(7.275227734787,-4.121876530095));
#5033 = CARTESIAN_POINT('',(7.249511748808,-3.896336223408));
#5034 = CARTESIAN_POINT('',(7.211999044586,-3.557631893625));
#5035 = CARTESIAN_POINT('',(7.19966040113,-3.444556848513));
#5036 = CARTESIAN_POINT('',(7.187473563219,-3.331462442737));
#5037 = CARTESIAN_POINT('',(7.175408761371,-3.218358497072));
#5038 = CARTESIAN_POINT('',(7.163436232542,-3.105254788055));
#5039 = CARTESIAN_POINT('',(7.151526220122,-2.992161047989));
#5040 = CARTESIAN_POINT('',(7.139648973935,-2.879086964941));
#5041 = CARTESIAN_POINT('',(7.080415110651,-2.315169748361));
#5042 = CARTESIAN_POINT('',(7.033117718636,-1.864759001569));
#5043 = CARTESIAN_POINT('',(6.985871094939,-1.414732658121));
#5044 = CARTESIAN_POINT('',(6.938663374337,-0.965012125155));
#5045 = CARTESIAN_POINT('',(6.891482472778,-0.515517786527));
#5046 = CARTESIAN_POINT('',(6.844316254523,-6.616928813581E-02));
#5047 = CARTESIAN_POINT('',(6.797152699286,0.38311417674));
#5048 = CARTESIAN_POINT('',(6.703178611832,1.27817772718));
#5049 = CARTESIAN_POINT('',(6.627514814247,1.998843952265));
#5050 = CARTESIAN_POINT('',(6.55011756441,2.73548432019));
#5051 = CARTESIAN_POINT('',(6.488745469301,3.320671418827));
#5052 = CARTESIAN_POINT('',(6.450952899998,3.679994662401));
#5053 = CARTESIAN_POINT('',(6.433835707597,3.843827895907));
#5054 = CARTESIAN_POINT('',(6.422292682325,3.953358504697));
#5055 = CARTESIAN_POINT('',(6.367471902438,4.476012624117));
#5056 = CARTESIAN_POINT('',(6.345727688057,4.683856574153));
#5057 = CARTESIAN_POINT('',(6.324223364014,4.891773264851));
#5058 = CARTESIAN_POINT('',(6.303151656606,5.099742345532));
#5059 = CARTESIAN_POINT('',(6.282705580518,5.307742318047));
#5060 = CARTESIAN_POINT('',(6.263079169654,5.515750453905));
#5061 = CARTESIAN_POINT('',(6.244468207966,5.723742711409));
#5062 = CARTESIAN_POINT('',(6.227070960281,5.931693652779));
#5063 = ( GEOMETRIC_REPRESENTATION_CONTEXT(2) 
PARAMETRIC_REPRESENTATION_CONTEXT() REPRESENTATION_CONTEXT('2D SPACE',''
  ) );
#5064 = PCURVE('',#3126,#5065);
#5065 = DEFINITIONAL_REPRESENTATION('',(#5066),#5237);
#5066 = B_SPLINE_CURVE_WITH_KNOTS('',8,(#5067,#5068,#5069,#5070,#5071,
    #5072,#5073,#5074,#5075,#5076,#5077,#5078,#5079,#5080,#5081,#5082,
    #5083,#5084,#5085,#5086,#5087,#5088,#5089,#5090,#5091,#5092,#5093,
    #5094,#5095,#5096,#5097,#5098,#5099,#5100,#5101,#5102,#5103,#5104,
    #5105,#5106,#5107,#5108,#5109,#5110,#5111,#5112,#5113,#5114,#5115,
    #5116,#5117,#5118,#5119,#5120,#5121,#5122,#5123,#5124,#5125,#5126,
    #5127,#5128,#5129,#5130,#5131,#5132,#5133,#5134,#5135,#5136,#5137,
    #5138,#5139,#5140,#5141,#5142,#5143,#5144,#5145,#5146,#5147,#5148,
    #5149,#5150,#5151,#5152,#5153,#5154,#5155,#5156,#5157,#5158,#5159,
    #5160,#5161,#5162,#5163,#5164,#5165,#5166,#5167,#5168,#5169,#5170,
    #5171,#5172,#5173,#5174,#5175,#5176,#5177,#5178,#5179,#5180,#5181,
    #5182,#5183,#5184,#5185,#5186,#5187,#5188,#5189,#5190,#5191,#5192,
    #5193,#5194,#5195,#5196,#5197,#5198,#5199,#5200,#5201,#5202,#5203,
    #5204,#5205,#5206,#5207,#5208,#5209,#5210,#5211,#5212,#5213,#5214,
    #5215,#5216,#5217,#5218,#5219,#5220,#5221,#5222,#5223,#5224,#5225,
    #5226,#5227,#5228,#5229,#5230,#5231,#5232,#5233,#5234,#5235,#5236),
  .UNSPECIFIED.,.F.,.F.,(9,7,7,7,7,7,7,7,7,7,7,7,7,7,7,7,7,7,7,7,7,7,7,7
    ,9),(0.,3.414385910877E-02,7.916187992677E-02,0.113182164102,
    0.131686306011,0.150190448155,0.187321337111,0.228273000271,
    0.242686617304,0.258701749832,0.314195879483,0.324515677577,
    0.36095509979,0.388136075693,0.409131242018,0.425025360456,
    0.471462425517,0.506611922333,0.523428205905,0.541773458798,
    0.609267462472,0.643079238243,0.777935508081,0.911730676987,1.),
  .UNSPECIFIED.);
#5067 = CARTESIAN_POINT('',(41.119832237205,0.25));
#5068 = CARTESIAN_POINT('',(41.0066045868,0.25));
#5069 = CARTESIAN_POINT('',(40.893435333035,0.25));
#5070 = CARTESIAN_POINT('',(40.780316660499,0.25));
#5071 = CARTESIAN_POINT('',(40.66724057451,0.25));
#5072 = CARTESIAN_POINT('',(40.554198901119,0.25));
#5073 = CARTESIAN_POINT('',(40.441183287106,0.25));
#5074 = CARTESIAN_POINT('',(40.328185199981,0.25));
#5075 = CARTESIAN_POINT('',(40.066221748395,0.25));
#5076 = CARTESIAN_POINT('',(39.917263359852,0.25));
#5077 = CARTESIAN_POINT('',(39.768300538361,0.25));
#5078 = CARTESIAN_POINT('',(39.619313229303,0.25));
#5079 = CARTESIAN_POINT('',(39.470281491004,0.25));
#5080 = CARTESIAN_POINT('',(39.32118543831,0.25));
#5081 = CARTESIAN_POINT('',(39.172005186149,0.25));
#5082 = CARTESIAN_POINT('',(38.909906027335,0.25));
#5083 = CARTESIAN_POINT('',(38.797032059692,0.25));
#5084 = CARTESIAN_POINT('',(38.684090379534,0.25));
#5085 = CARTESIAN_POINT('',(38.571072705724,0.25));
#5086 = CARTESIAN_POINT('',(38.457970986631,0.25));
#5087 = CARTESIAN_POINT('',(38.344777400125,0.25));
#5088 = CARTESIAN_POINT('',(38.231484353584,0.25));
#5089 = CARTESIAN_POINT('',(38.056404596955,0.25));
#5090 = CARTESIAN_POINT('',(37.994725383514,0.25));
#5091 = CARTESIAN_POINT('',(37.933044646979,0.25));
#5092 = CARTESIAN_POINT('',(37.871366034937,0.25));
#5093 = CARTESIAN_POINT('',(37.809685446184,0.25));
#5094 = CARTESIAN_POINT('',(37.748006069285,0.25));
#5095 = CARTESIAN_POINT('',(37.68632624462,0.25));
#5096 = CARTESIAN_POINT('',(37.562966748687,0.25));
#5097 = CARTESIAN_POINT('',(37.501287000331,0.25));
#5098 = CARTESIAN_POINT('',(37.439607251975,0.25));
#5099 = CARTESIAN_POINT('',(37.37792750362,0.25));
#5100 = CARTESIAN_POINT('',(37.316247755264,0.25));
#5101 = CARTESIAN_POINT('',(37.254568006908,0.25));
#5102 = CARTESIAN_POINT('',(37.192888258552,0.25));
#5103 = CARTESIAN_POINT('',(37.007440336061,0.25));
#5104 = CARTESIAN_POINT('',(36.883721237465,0.25));
#5105 = CARTESIAN_POINT('',(36.760080767135,0.25));
#5106 = CARTESIAN_POINT('',(36.63655210188,0.25));
#5107 = CARTESIAN_POINT('',(36.513171804481,0.25));
#5108 = CARTESIAN_POINT('',(36.389979585582,0.25));
#5109 = CARTESIAN_POINT('',(36.267018065578,0.25));
#5110 = CARTESIAN_POINT('',(36.009022647554,0.25));
#5111 = CARTESIAN_POINT('',(35.874049592602,0.25));
#5112 = CARTESIAN_POINT('',(35.739476333531,0.25));
#5113 = CARTESIAN_POINT('',(35.605372229755,0.25));
#5114 = CARTESIAN_POINT('',(35.471812295879,0.25));
#5115 = CARTESIAN_POINT('',(35.338876459354,0.25));
#5116 = CARTESIAN_POINT('',(35.206648818134,0.25));
#5117 = CARTESIAN_POINT('',(35.028957254361,0.25));
#5118 = CARTESIAN_POINT('',(34.982697270705,0.25));
#5119 = CARTESIAN_POINT('',(34.936437353914,0.25));
#5120 = CARTESIAN_POINT('',(34.890177590379,0.25));
#5121 = CARTESIAN_POINT('',(34.843917885925,0.25));
#5122 = CARTESIAN_POINT('',(34.797658105403,0.25));
#5123 = CARTESIAN_POINT('',(34.751398212275,0.25));
#5124 = CARTESIAN_POINT('',(34.653738617905,0.25));
#5125 = CARTESIAN_POINT('',(34.602338827608,0.25));
#5126 = CARTESIAN_POINT('',(34.550939037312,0.25));
#5127 = CARTESIAN_POINT('',(34.499539247015,0.25));
#5128 = CARTESIAN_POINT('',(34.448139456719,0.25));
#5129 = CARTESIAN_POINT('',(34.396739666422,0.25));
#5130 = CARTESIAN_POINT('',(34.345339876125,0.25));
#5131 = CARTESIAN_POINT('',(34.11583437101,0.25));
#5132 = CARTESIAN_POINT('',(33.93724746079,0.25));
#5133 = CARTESIAN_POINT('',(33.756877304132,0.25));
#5134 = CARTESIAN_POINT('',(33.57390445063,0.25));
#5135 = CARTESIAN_POINT('',(33.387906937373,0.25));
#5136 = CARTESIAN_POINT('',(33.198850793738,0.25));
#5137 = CARTESIAN_POINT('',(33.007100062517,0.25));
#5138 = CARTESIAN_POINT('',(32.777647329313,0.25));
#5139 = CARTESIAN_POINT('',(32.741666319582,0.25));
#5140 = CARTESIAN_POINT('',(32.705685228011,0.25));
#5141 = CARTESIAN_POINT('',(32.669705245659,0.25));
#5142 = CARTESIAN_POINT('',(32.633726622727,0.25));
#5143 = CARTESIAN_POINT('',(32.597748668561,0.25));
#5144 = CARTESIAN_POINT('',(32.561769751651,0.25));
#5145 = CARTESIAN_POINT('',(32.398732511394,0.25));
#5146 = CARTESIAN_POINT('',(32.272314908279,0.25));
#5147 = CARTESIAN_POINT('',(32.146910533172,0.25));
#5148 = CARTESIAN_POINT('',(32.022739850066,0.25));
#5149 = CARTESIAN_POINT('',(31.899905787054,0.25));
#5150 = CARTESIAN_POINT('',(31.778408704392,0.25));
#5151 = CARTESIAN_POINT('',(31.658146907651,0.25));
#5152 = CARTESIAN_POINT('',(31.449970852226,0.25));
#5153 = CARTESIAN_POINT('',(31.361626504488,0.25));
#5154 = CARTESIAN_POINT('',(31.273807498991,0.25));
#5155 = CARTESIAN_POINT('',(31.186441375866,0.25));
#5156 = CARTESIAN_POINT('',(31.09945179077,0.25));
#5157 = CARTESIAN_POINT('',(31.012756306541,0.25));
#5158 = CARTESIAN_POINT('',(30.926264184859,0.25));
#5159 = CARTESIAN_POINT('',(30.773144691395,0.25));
#5160 = CARTESIAN_POINT('',(30.706480463942,0.25));
#5161 = CARTESIAN_POINT('',(30.639837078537,0.25));
#5162 = CARTESIAN_POINT('',(30.573169932511,0.25));
#5163 = CARTESIAN_POINT('',(30.506433365535,0.25));
#5164 = CARTESIAN_POINT('',(30.439579787626,0.25));
#5165 = CARTESIAN_POINT('',(30.372558807149,0.25));
#5166 = CARTESIAN_POINT('',(30.254411335193,0.25));
#5167 = CARTESIAN_POINT('',(30.203382737841,0.25));
#5168 = CARTESIAN_POINT('',(30.152187461348,0.25));
#5169 = CARTESIAN_POINT('',(30.100837895167,0.25));
#5170 = CARTESIAN_POINT('',(30.049353516489,0.25));
#5171 = CARTESIAN_POINT('',(29.997738982851,0.25));
#5172 = CARTESIAN_POINT('',(29.94598872449,0.25));
#5173 = CARTESIAN_POINT('',(29.742569995279,0.25));
#5174 = CARTESIAN_POINT('',(29.589972751912,0.25));
#5175 = CARTESIAN_POINT('',(29.436481598754,0.25));
#5176 = CARTESIAN_POINT('',(29.282245590702,0.25));
#5177 = CARTESIAN_POINT('',(29.127405889336,0.25));
#5178 = CARTESIAN_POINT('',(28.972094107104,0.25));
#5179 = CARTESIAN_POINT('',(28.816430651517,0.25));
#5180 = CARTESIAN_POINT('',(28.542512315282,0.25));
#5181 = CARTESIAN_POINT('',(28.424361308911,0.25));
#5182 = CARTESIAN_POINT('',(28.306114810055,0.25));
#5183 = CARTESIAN_POINT('',(28.187814148652,0.25));
#5184 = CARTESIAN_POINT('',(28.069497055056,0.25));
#5185 = CARTESIAN_POINT('',(27.951197490375,0.25));
#5186 = CARTESIAN_POINT('',(27.832945476788,0.25));
#5187 = CARTESIAN_POINT('',(27.658227740388,0.25));
#5188 = CARTESIAN_POINT('',(27.601687902601,0.25));
#5189 = CARTESIAN_POINT('',(27.545145723874,0.25));
#5190 = CARTESIAN_POINT('',(27.488607692852,0.25));
#5191 = CARTESIAN_POINT('',(27.432069937907,0.25));
#5192 = CARTESIAN_POINT('',(27.375528089917,0.25));
#5193 = CARTESIAN_POINT('',(27.318987876058,0.25));
#5194 = CARTESIAN_POINT('',(27.200769024911,0.25));
#5195 = CARTESIAN_POINT('',(27.139089276555,0.25));
#5196 = CARTESIAN_POINT('',(27.0774095282,0.25));
#5197 = CARTESIAN_POINT('',(27.015729779844,0.25));
#5198 = CARTESIAN_POINT('',(26.954050031488,0.25));
#5199 = CARTESIAN_POINT('',(26.892370283132,0.25));
#5200 = CARTESIAN_POINT('',(26.830690534776,0.25));
#5201 = CARTESIAN_POINT('',(26.542084878851,0.25));
#5202 = CARTESIAN_POINT('',(26.315458556402,0.25));
#5203 = CARTESIAN_POINT('',(26.089095182335,0.25));
#5204 = CARTESIAN_POINT('',(25.862955381226,0.25));
#5205 = CARTESIAN_POINT('',(25.636996853682,0.25));
#5206 = CARTESIAN_POINT('',(25.411174191053,0.25));
#5207 = CARTESIAN_POINT('',(25.185438690155,0.25));
#5208 = CARTESIAN_POINT('',(24.846671302315,0.25));
#5209 = CARTESIAN_POINT('',(24.733613633497,0.25));
#5210 = CARTESIAN_POINT('',(24.620558823739,0.25));
#5211 = CARTESIAN_POINT('',(24.507500478401,0.25));
#5212 = CARTESIAN_POINT('',(24.394432145995,0.25));
#5213 = CARTESIAN_POINT('',(24.281347318185,0.25));
#5214 = CARTESIAN_POINT('',(24.168239429786,0.25));
#5215 = CARTESIAN_POINT('',(23.603859341659,0.25));
#5216 = CARTESIAN_POINT('',(23.152149227693,0.25));
#5217 = CARTESIAN_POINT('',(22.700050706543,0.25));
#5218 = CARTESIAN_POINT('',(22.247643965559,0.25));
#5219 = CARTESIAN_POINT('',(21.795009888925,0.25));
#5220 = CARTESIAN_POINT('',(21.342229756824,0.25));
#5221 = CARTESIAN_POINT('',(20.889384944594,0.25));
#5222 = CARTESIAN_POINT('',(19.987291326372,0.25));
#5223 = CARTESIAN_POINT('',(19.26106207544,0.25));
#5224 = CARTESIAN_POINT('',(18.518519113428,0.25));
#5225 = CARTESIAN_POINT('',(17.931574385748,0.25));
#5226 = CARTESIAN_POINT('',(17.571622166192,0.25));
#5227 = CARTESIAN_POINT('',(17.40751492691,0.25));
#5228 = CARTESIAN_POINT('',(17.297548232622,0.25));
#5229 = CARTESIAN_POINT('',(16.774636319003,0.25));
#5230 = CARTESIAN_POINT('',(16.566870849869,0.25));
#5231 = CARTESIAN_POINT('',(16.359152244332,0.25));
#5232 = CARTESIAN_POINT('',(16.151439904831,0.25));
#5233 = CARTESIAN_POINT('',(15.94369454171,0.25));
#5234 = CARTESIAN_POINT('',(15.735878016466,0.25));
#5235 = CARTESIAN_POINT('',(15.527953184993,0.25));
#5236 = CARTESIAN_POINT('',(15.319883740818,0.25));
#5237 = ( GEOMETRIC_REPRESENTATION_CONTEXT(2) 
PARAMETRIC_REPRESENTATION_CONTEXT() REPRESENTATION_CONTEXT('2D SPACE',''
  ) );
#5238 = ORIENTED_EDGE('',*,*,#4586,.T.);
#5239 = FACE_BOUND('',#5240,.F.);
#5240 = EDGE_LOOP('',(#5241,#5271,#5304,#5332));
#5241 = ORIENTED_EDGE('',*,*,#5242,.F.);
#5242 = EDGE_CURVE('',#5243,#5245,#5247,.T.);
#5243 = VERTEX_POINT('',#5244);
#5244 = CARTESIAN_POINT('',(18.234886774743,-13.32783345846,0.));
#5245 = VERTEX_POINT('',#5246);
#5246 = CARTESIAN_POINT('',(22.985323154484,-11.21280291446,0.));
#5247 = SURFACE_CURVE('',#5248,(#5252,#5259),.PCURVE_S1.);
#5248 = LINE('',#5249,#5250);
#5249 = CARTESIAN_POINT('',(3.235857813561,-20.00583140375,0.));
#5250 = VECTOR('',#5251,1.);
#5251 = DIRECTION('',(0.913545457643,0.406736643076,0.));
#5252 = PCURVE('',#2399,#5253);
#5253 = DEFINITIONAL_REPRESENTATION('',(#5254),#5258);
#5254 = LINE('',#5255,#5256);
#5255 = CARTESIAN_POINT('',(32.840768844746,-13.6514107977));
#5256 = VECTOR('',#5257,1.);
#5257 = DIRECTION('',(0.866082876065,0.499900441874));
#5258 = ( GEOMETRIC_REPRESENTATION_CONTEXT(2) 
PARAMETRIC_REPRESENTATION_CONTEXT() REPRESENTATION_CONTEXT('2D SPACE',''
  ) );
#5259 = PCURVE('',#5260,#5265);
#5260 = PLANE('',#5261);
#5261 = AXIS2_PLACEMENT_3D('',#5262,#5263,#5264);
#5262 = CARTESIAN_POINT('',(22.985323154484,-11.21280291446,-1.));
#5263 = DIRECTION('',(0.406736643076,-0.913545457643,0.));
#5264 = DIRECTION('',(-0.913545457643,-0.406736643076,0.));
#5265 = DEFINITIONAL_REPRESENTATION('',(#5266),#5270);
#5266 = LINE('',#5267,#5268);
#5267 = CARTESIAN_POINT('',(21.618481243273,-1.));
#5268 = VECTOR('',#5269,1.);
#5269 = DIRECTION('',(-1.,0.));
#5270 = ( GEOMETRIC_REPRESENTATION_CONTEXT(2) 
PARAMETRIC_REPRESENTATION_CONTEXT() REPRESENTATION_CONTEXT('2D SPACE',''
  ) );
#5271 = ORIENTED_EDGE('',*,*,#5272,.T.);
#5272 = EDGE_CURVE('',#5243,#5273,#5275,.T.);
#5273 = VERTEX_POINT('',#5274);
#5274 = CARTESIAN_POINT('',(17.014676845516,-10.58719708553,0.));
#5275 = SURFACE_CURVE('',#5276,(#5281,#5292),.PCURVE_S1.);
#5276 = CIRCLE('',#5277,1.5);
#5277 = AXIS2_PLACEMENT_3D('',#5278,#5279,#5280);
#5278 = CARTESIAN_POINT('',(17.624781810129,-11.95751527199,0.));
#5279 = DIRECTION('',(0.,-0.,-1.));
#5280 = DIRECTION('',(0.406736643076,-0.913545457643,0.));
#5281 = PCURVE('',#2399,#5282);
#5282 = DEFINITIONAL_REPRESENTATION('',(#5283),#5291);
#5283 = ( BOUNDED_CURVE() B_SPLINE_CURVE(2,(#5284,#5285,#5286,#5287,
#5288,#5289,#5290),.UNSPECIFIED.,.T.,.F.) B_SPLINE_CURVE_WITH_KNOTS((1,2
    ,2,2,2,1),(-2.094395102393,0.,2.094395102393,4.188790204786,
6.28318530718,8.377580409573),.UNSPECIFIED.) CURVE() 
GEOMETRIC_REPRESENTATION_ITEM() RATIONAL_B_SPLINE_CURVE((1.,0.5,1.,0.5,
1.,0.5,1.)) REPRESENTATION_ITEM('') );
#5284 = CARTESIAN_POINT('',(47.060534300546,-5.44380476929));
#5285 = CARTESIAN_POINT('',(44.81038498318,-6.742584215369));
#5286 = CARTESIAN_POINT('',(44.810683647645,-4.144508021182));
#5287 = CARTESIAN_POINT('',(44.810982312111,-1.546431826996));
#5288 = CARTESIAN_POINT('',(47.060832965011,-2.845728575103));
#5289 = CARTESIAN_POINT('',(49.310683617912,-4.145025323211));
#5290 = CARTESIAN_POINT('',(47.060534300546,-5.44380476929));
#5291 = ( GEOMETRIC_REPRESENTATION_CONTEXT(2) 
PARAMETRIC_REPRESENTATION_CONTEXT() REPRESENTATION_CONTEXT('2D SPACE',''
  ) );
#5292 = PCURVE('',#5293,#5298);
#5293 = CYLINDRICAL_SURFACE('',#5294,1.5);
#5294 = AXIS2_PLACEMENT_3D('',#5295,#5296,#5297);
#5295 = CARTESIAN_POINT('',(17.624781810129,-11.95751527199,-1.));
#5296 = DIRECTION('',(0.,-0.,-1.));
#5297 = DIRECTION('',(0.406736643076,-0.913545457643,0.));
#5298 = DEFINITIONAL_REPRESENTATION('',(#5299),#5303);
#5299 = LINE('',#5300,#5301);
#5300 = CARTESIAN_POINT('',(0.,-1.));
#5301 = VECTOR('',#5302,1.);
#5302 = DIRECTION('',(1.,0.));
#5303 = ( GEOMETRIC_REPRESENTATION_CONTEXT(2) 
PARAMETRIC_REPRESENTATION_CONTEXT() REPRESENTATION_CONTEXT('2D SPACE',''
  ) );
#5304 = ORIENTED_EDGE('',*,*,#5305,.F.);
#5305 = EDGE_CURVE('',#5306,#5273,#5308,.T.);
#5306 = VERTEX_POINT('',#5307);
#5307 = CARTESIAN_POINT('',(21.765113225257,-8.472166541539,0.));
#5308 = SURFACE_CURVE('',#5309,(#5313,#5320),.PCURVE_S1.);
#5309 = LINE('',#5310,#5311);
#5310 = CARTESIAN_POINT('',(-0.359570305538,-18.32271030282,0.));
#5311 = VECTOR('',#5312,1.);
#5312 = DIRECTION('',(-0.913545457643,-0.406736643076,0.));
#5313 = PCURVE('',#2399,#5314);
#5314 = DEFINITIONAL_REPRESENTATION('',(#5315),#5319);
#5315 = LINE('',#5316,#5317);
#5316 = CARTESIAN_POINT('',(29.089252041352,-12.35290331838));
#5317 = VECTOR('',#5318,1.);
#5318 = DIRECTION('',(-0.866082876065,-0.499900441874));
#5319 = ( GEOMETRIC_REPRESENTATION_CONTEXT(2) 
PARAMETRIC_REPRESENTATION_CONTEXT() REPRESENTATION_CONTEXT('2D SPACE',''
  ) );
#5320 = PCURVE('',#5321,#5326);
#5321 = PLANE('',#5322);
#5322 = AXIS2_PLACEMENT_3D('',#5323,#5324,#5325);
#5323 = CARTESIAN_POINT('',(17.014676845516,-10.58719708553,-1.));
#5324 = DIRECTION('',(-0.406736643076,0.913545457643,0.));
#5325 = DIRECTION('',(0.913545457643,0.406736643076,0.));
#5326 = DEFINITIONAL_REPRESENTATION('',(#5327),#5331);
#5327 = LINE('',#5328,#5329);
#5328 = CARTESIAN_POINT('',(-19.01848124327,-1.));
#5329 = VECTOR('',#5330,1.);
#5330 = DIRECTION('',(-1.,-0.));
#5331 = ( GEOMETRIC_REPRESENTATION_CONTEXT(2) 
PARAMETRIC_REPRESENTATION_CONTEXT() REPRESENTATION_CONTEXT('2D SPACE',''
  ) );
#5332 = ORIENTED_EDGE('',*,*,#5333,.T.);
#5333 = EDGE_CURVE('',#5306,#5245,#5334,.T.);
#5334 = SURFACE_CURVE('',#5335,(#5340,#5351),.PCURVE_S1.);
#5335 = CIRCLE('',#5336,1.5);
#5336 = AXIS2_PLACEMENT_3D('',#5337,#5338,#5339);
#5337 = CARTESIAN_POINT('',(22.375218189871,-9.842484728003,0.));
#5338 = DIRECTION('',(0.,0.,-1.));
#5339 = DIRECTION('',(-0.406736643076,0.913545457643,0.));
#5340 = PCURVE('',#2399,#5341);
#5341 = DEFINITIONAL_REPRESENTATION('',(#5342),#5350);
#5342 = ( BOUNDED_CURVE() B_SPLINE_CURVE(2,(#5343,#5344,#5345,#5346,
#5347,#5348,#5349),.UNSPECIFIED.,.T.,.F.) B_SPLINE_CURVE_WITH_KNOTS((1,2
    ,2,2,2,1),(-2.094395102393,0.,2.094395102393,4.188790204786,
6.28318530718,8.377580409573),.UNSPECIFIED.) CURVE() 
GEOMETRIC_REPRESENTATION_ITEM() RATIONAL_B_SPLINE_CURVE((1.,0.5,1.,0.5,
1.,0.5,1.)) REPRESENTATION_ITEM('') );
#5343 = CARTESIAN_POINT('',(50.064463930463,-0.246073843347));
#5344 = CARTESIAN_POINT('',(52.314613247829,1.052705602732));
#5345 = CARTESIAN_POINT('',(52.314314583363,-1.545370591455));
#5346 = CARTESIAN_POINT('',(52.314015918898,-4.143446785641));
#5347 = CARTESIAN_POINT('',(50.064165265997,-2.844150037534));
#5348 = CARTESIAN_POINT('',(47.814314613097,-1.544853289426));
#5349 = CARTESIAN_POINT('',(50.064463930463,-0.246073843347));
#5350 = ( GEOMETRIC_REPRESENTATION_CONTEXT(2) 
PARAMETRIC_REPRESENTATION_CONTEXT() REPRESENTATION_CONTEXT('2D SPACE',''
  ) );
#5351 = PCURVE('',#5352,#5357);
#5352 = CYLINDRICAL_SURFACE('',#5353,1.5);
#5353 = AXIS2_PLACEMENT_3D('',#5354,#5355,#5356);
#5354 = CARTESIAN_POINT('',(22.375218189871,-9.842484728003,-1.));
#5355 = DIRECTION('',(0.,0.,-1.));
#5356 = DIRECTION('',(-0.406736643076,0.913545457643,0.));
#5357 = DEFINITIONAL_REPRESENTATION('',(#5358),#5362);
#5358 = LINE('',#5359,#5360);
#5359 = CARTESIAN_POINT('',(0.,-1.));
#5360 = VECTOR('',#5361,1.);
#5361 = DIRECTION('',(1.,0.));
#5362 = ( GEOMETRIC_REPRESENTATION_CONTEXT(2) 
PARAMETRIC_REPRESENTATION_CONTEXT() REPRESENTATION_CONTEXT('2D SPACE',''
  ) );
#5363 = ADVANCED_FACE('',(#5364),#2600,.F.);
#5364 = FACE_BOUND('',#5365,.F.);
#5365 = EDGE_LOOP('',(#5366,#5393,#5394,#5395));
#5366 = ORIENTED_EDGE('',*,*,#5367,.F.);
#5367 = EDGE_CURVE('',#4615,#2669,#5368,.T.);
#5368 = SURFACE_CURVE('',#5369,(#5375,#5384),.PCURVE_S1.);
#5369 = B_SPLINE_CURVE_WITH_KNOTS('',4,(#5370,#5371,#5372,#5373,#5374),
  .UNSPECIFIED.,.F.,.F.,(5,5),(0.,1.),.PIECEWISE_BEZIER_KNOTS.);
#5370 = CARTESIAN_POINT('',(-15.85898384862,-12.92736119146,-20.));
#5371 = CARTESIAN_POINT('',(-10.5,-12.92736119146,-7.105427357601E-15));
#5372 = CARTESIAN_POINT('',(-5.141016151378,-12.92736119146,20.));
#5373 = CARTESIAN_POINT('',(0.217967697245,-12.92736119146,40.));
#5374 = CARTESIAN_POINT('',(5.576951545867,-12.92736119146,60.));
#5375 = PCURVE('',#2600,#5376);
#5376 = DEFINITIONAL_REPRESENTATION('',(#5377),#5383);
#5377 = B_SPLINE_CURVE_WITH_KNOTS('',4,(#5378,#5379,#5380,#5381,#5382),
  .UNSPECIFIED.,.F.,.F.,(5,5),(0.,1.),.PIECEWISE_BEZIER_KNOTS.);
#5378 = CARTESIAN_POINT('',(3.898965225193,0.));
#5379 = CARTESIAN_POINT('',(3.898965225193,0.25));
#5380 = CARTESIAN_POINT('',(3.898965225193,0.5));
#5381 = CARTESIAN_POINT('',(3.898965225193,0.75));
#5382 = CARTESIAN_POINT('',(3.898965225193,1.));
#5383 = ( GEOMETRIC_REPRESENTATION_CONTEXT(2) 
PARAMETRIC_REPRESENTATION_CONTEXT() REPRESENTATION_CONTEXT('2D SPACE',''
  ) );
#5384 = PCURVE('',#2764,#5385);
#5385 = DEFINITIONAL_REPRESENTATION('',(#5386),#5392);
#5386 = B_SPLINE_CURVE_WITH_KNOTS('',4,(#5387,#5388,#5389,#5390,#5391),
  .UNSPECIFIED.,.F.,.F.,(5,5),(0.,1.),.PIECEWISE_BEZIER_KNOTS.);
#5387 = CARTESIAN_POINT('',(0.172638808538,-82.8220944328));
#5388 = CARTESIAN_POINT('',(0.172638808538,-62.1165708246));
#5389 = CARTESIAN_POINT('',(0.172638808538,-41.4110472164));
#5390 = CARTESIAN_POINT('',(0.172638808538,-20.7055236082));
#5391 = CARTESIAN_POINT('',(0.172638808538,-3.552713678801E-14));
#5392 = ( GEOMETRIC_REPRESENTATION_CONTEXT(2) 
PARAMETRIC_REPRESENTATION_CONTEXT() REPRESENTATION_CONTEXT('2D SPACE',''
  ) );
#5393 = ORIENTED_EDGE('',*,*,#4614,.F.);
#5394 = ORIENTED_EDGE('',*,*,#2576,.T.);
#5395 = ORIENTED_EDGE('',*,*,#2668,.T.);
#5396 = ADVANCED_FACE('',(#5397),#3126,.F.);
#5397 = FACE_BOUND('',#5398,.F.);
#5398 = EDGE_LOOP('',(#5399,#5400,#5419,#5420));
#5399 = ORIENTED_EDGE('',*,*,#4717,.F.);
#5400 = ORIENTED_EDGE('',*,*,#5401,.T.);
#5401 = EDGE_CURVE('',#4695,#2749,#5402,.T.);
#5402 = SURFACE_CURVE('',#5403,(#5406,#5413),.PCURVE_S1.);
#5403 = B_SPLINE_CURVE_WITH_KNOTS('',1,(#5404,#5405),.UNSPECIFIED.,.F.,
  .F.,(2,2),(0.,1.),.PIECEWISE_BEZIER_KNOTS.);
#5404 = CARTESIAN_POINT('',(-15.85898384862,-13.1,-20.));
#5405 = CARTESIAN_POINT('',(5.576951545867,-13.1,60.));
#5406 = PCURVE('',#3126,#5407);
#5407 = DEFINITIONAL_REPRESENTATION('',(#5408),#5412);
#5408 = LINE('',#5409,#5410);
#5409 = CARTESIAN_POINT('',(41.119832237205,0.));
#5410 = VECTOR('',#5411,1.);
#5411 = DIRECTION('',(0.,1.));
#5412 = ( GEOMETRIC_REPRESENTATION_CONTEXT(2) 
PARAMETRIC_REPRESENTATION_CONTEXT() REPRESENTATION_CONTEXT('2D SPACE',''
  ) );
#5413 = PCURVE('',#2764,#5414);
#5414 = DEFINITIONAL_REPRESENTATION('',(#5415),#5418);
#5415 = B_SPLINE_CURVE_WITH_KNOTS('',1,(#5416,#5417),.UNSPECIFIED.,.F.,
  .F.,(2,2),(0.,1.),.PIECEWISE_BEZIER_KNOTS.);
#5416 = CARTESIAN_POINT('',(0.,-82.8220944328));
#5417 = CARTESIAN_POINT('',(0.,0.));
#5418 = ( GEOMETRIC_REPRESENTATION_CONTEXT(2) 
PARAMETRIC_REPRESENTATION_CONTEXT() REPRESENTATION_CONTEXT('2D SPACE',''
  ) );
#5419 = ORIENTED_EDGE('',*,*,#2776,.T.);
#5420 = ORIENTED_EDGE('',*,*,#4551,.F.);
#5421 = ADVANCED_FACE('',(#5422),#2764,.F.);
#5422 = FACE_BOUND('',#5423,.F.);
#5423 = EDGE_LOOP('',(#5424,#5425,#5426,#5427));
#5424 = ORIENTED_EDGE('',*,*,#5401,.F.);
#5425 = ORIENTED_EDGE('',*,*,#4694,.T.);
#5426 = ORIENTED_EDGE('',*,*,#5367,.T.);
#5427 = ORIENTED_EDGE('',*,*,#2748,.F.);
#5428 = ADVANCED_FACE('',(#5429),#3379,.T.);
#5429 = FACE_BOUND('',#5430,.F.);
#5430 = EDGE_LOOP('',(#5431,#5432,#5455,#5482));
#5431 = ORIENTED_EDGE('',*,*,#3358,.T.);
#5432 = ORIENTED_EDGE('',*,*,#5433,.T.);
#5433 = EDGE_CURVE('',#3359,#5434,#5436,.T.);
#5434 = VERTEX_POINT('',#5435);
#5435 = CARTESIAN_POINT('',(-7.928203230276,-17.375,5.85));
#5436 = SEAM_CURVE('',#5437,(#5441,#5448),.PCURVE_S1.);
#5437 = LINE('',#5438,#5439);
#5438 = CARTESIAN_POINT('',(-7.928203230276,-17.375,3.4));
#5439 = VECTOR('',#5440,1.);
#5440 = DIRECTION('',(0.,0.,1.));
#5441 = PCURVE('',#3379,#5442);
#5442 = DEFINITIONAL_REPRESENTATION('',(#5443),#5447);
#5443 = LINE('',#5444,#5445);
#5444 = CARTESIAN_POINT('',(-6.28318530718,0.));
#5445 = VECTOR('',#5446,1.);
#5446 = DIRECTION('',(-0.,-1.));
#5447 = ( GEOMETRIC_REPRESENTATION_CONTEXT(2) 
PARAMETRIC_REPRESENTATION_CONTEXT() REPRESENTATION_CONTEXT('2D SPACE',''
  ) );
#5448 = PCURVE('',#3379,#5449);
#5449 = DEFINITIONAL_REPRESENTATION('',(#5450),#5454);
#5450 = LINE('',#5451,#5452);
#5451 = CARTESIAN_POINT('',(-0.,0.));
#5452 = VECTOR('',#5453,1.);
#5453 = DIRECTION('',(-0.,-1.));
#5454 = ( GEOMETRIC_REPRESENTATION_CONTEXT(2) 
PARAMETRIC_REPRESENTATION_CONTEXT() REPRESENTATION_CONTEXT('2D SPACE',''
  ) );
#5455 = ORIENTED_EDGE('',*,*,#5456,.T.);
#5456 = EDGE_CURVE('',#5434,#5434,#5457,.T.);
#5457 = SURFACE_CURVE('',#5458,(#5463,#5470),.PCURVE_S1.);
#5458 = CIRCLE('',#5459,1.5);
#5459 = AXIS2_PLACEMENT_3D('',#5460,#5461,#5462);
#5460 = CARTESIAN_POINT('',(-9.428203230276,-17.375,5.85));
#5461 = DIRECTION('',(0.,0.,1.));
#5462 = DIRECTION('',(1.,0.,0.));
#5463 = PCURVE('',#3379,#5464);
#5464 = DEFINITIONAL_REPRESENTATION('',(#5465),#5469);
#5465 = LINE('',#5466,#5467);
#5466 = CARTESIAN_POINT('',(-0.,-2.45));
#5467 = VECTOR('',#5468,1.);
#5468 = DIRECTION('',(-1.,0.));
#5469 = ( GEOMETRIC_REPRESENTATION_CONTEXT(2) 
PARAMETRIC_REPRESENTATION_CONTEXT() REPRESENTATION_CONTEXT('2D SPACE',''
  ) );
#5470 = PCURVE('',#5471,#5476);
#5471 = PLANE('',#5472);
#5472 = AXIS2_PLACEMENT_3D('',#5473,#5474,#5475);
#5473 = CARTESIAN_POINT('',(-9.428203230276,-17.375,5.85));
#5474 = DIRECTION('',(0.,0.,1.));
#5475 = DIRECTION('',(1.,0.,0.));
#5476 = DEFINITIONAL_REPRESENTATION('',(#5477),#5481);
#5477 = CIRCLE('',#5478,1.5);
#5478 = AXIS2_PLACEMENT_2D('',#5479,#5480);
#5479 = CARTESIAN_POINT('',(0.,0.));
#5480 = DIRECTION('',(1.,0.));
#5481 = ( GEOMETRIC_REPRESENTATION_CONTEXT(2) 
PARAMETRIC_REPRESENTATION_CONTEXT() REPRESENTATION_CONTEXT('2D SPACE',''
  ) );
#5482 = ORIENTED_EDGE('',*,*,#5433,.F.);
#5483 = ADVANCED_FACE('',(#5484),#3411,.F.);
#5484 = FACE_BOUND('',#5485,.F.);
#5485 = EDGE_LOOP('',(#5486,#5516,#5537,#5538));
#5486 = ORIENTED_EDGE('',*,*,#5487,.F.);
#5487 = EDGE_CURVE('',#5488,#5490,#5492,.T.);
#5488 = VERTEX_POINT('',#5489);
#5489 = CARTESIAN_POINT('',(8.799804582224,-20.20000020345,3.4));
#5490 = VERTEX_POINT('',#5491);
#5491 = CARTESIAN_POINT('',(8.799804582224,-18.24399759928,3.4));
#5492 = SURFACE_CURVE('',#5493,(#5497,#5504),.PCURVE_S1.);
#5493 = LINE('',#5494,#5495);
#5494 = CARTESIAN_POINT('',(8.799804582224,-20.20000020345,3.4));
#5495 = VECTOR('',#5496,1.);
#5496 = DIRECTION('',(0.,1.,0.));
#5497 = PCURVE('',#3411,#5498);
#5498 = DEFINITIONAL_REPRESENTATION('',(#5499),#5503);
#5499 = LINE('',#5500,#5501);
#5500 = CARTESIAN_POINT('',(0.,0.));
#5501 = VECTOR('',#5502,1.);
#5502 = DIRECTION('',(1.,0.));
#5503 = ( GEOMETRIC_REPRESENTATION_CONTEXT(2) 
PARAMETRIC_REPRESENTATION_CONTEXT() REPRESENTATION_CONTEXT('2D SPACE',''
  ) );
#5504 = PCURVE('',#5505,#5510);
#5505 = PLANE('',#5506);
#5506 = AXIS2_PLACEMENT_3D('',#5507,#5508,#5509);
#5507 = CARTESIAN_POINT('',(7.847799373891,-20.20000020345,3.4));
#5508 = DIRECTION('',(0.,0.,1.));
#5509 = DIRECTION('',(1.,0.,0.));
#5510 = DEFINITIONAL_REPRESENTATION('',(#5511),#5515);
#5511 = LINE('',#5512,#5513);
#5512 = CARTESIAN_POINT('',(0.952005208333,0.));
#5513 = VECTOR('',#5514,1.);
#5514 = DIRECTION('',(0.,1.));
#5515 = ( GEOMETRIC_REPRESENTATION_CONTEXT(2) 
PARAMETRIC_REPRESENTATION_CONTEXT() REPRESENTATION_CONTEXT('2D SPACE',''
  ) );
#5516 = ORIENTED_EDGE('',*,*,#5517,.T.);
#5517 = EDGE_CURVE('',#5488,#3396,#5518,.T.);
#5518 = SURFACE_CURVE('',#5519,(#5523,#5530),.PCURVE_S1.);
#5519 = LINE('',#5520,#5521);
#5520 = CARTESIAN_POINT('',(8.799804582224,-20.20000020345,3.4));
#5521 = VECTOR('',#5522,1.);
#5522 = DIRECTION('',(0.,0.,1.));
#5523 = PCURVE('',#3411,#5524);
#5524 = DEFINITIONAL_REPRESENTATION('',(#5525),#5529);
#5525 = LINE('',#5526,#5527);
#5526 = CARTESIAN_POINT('',(0.,0.));
#5527 = VECTOR('',#5528,1.);
#5528 = DIRECTION('',(0.,-1.));
#5529 = ( GEOMETRIC_REPRESENTATION_CONTEXT(2) 
PARAMETRIC_REPRESENTATION_CONTEXT() REPRESENTATION_CONTEXT('2D SPACE',''
  ) );
#5530 = PCURVE('',#3651,#5531);
#5531 = DEFINITIONAL_REPRESENTATION('',(#5532),#5536);
#5532 = LINE('',#5533,#5534);
#5533 = CARTESIAN_POINT('',(0.56,0.));
#5534 = VECTOR('',#5535,1.);
#5535 = DIRECTION('',(0.,-1.));
#5536 = ( GEOMETRIC_REPRESENTATION_CONTEXT(2) 
PARAMETRIC_REPRESENTATION_CONTEXT() REPRESENTATION_CONTEXT('2D SPACE',''
  ) );
#5537 = ORIENTED_EDGE('',*,*,#3393,.F.);
#5538 = ORIENTED_EDGE('',*,*,#5539,.F.);
#5539 = EDGE_CURVE('',#5490,#3394,#5540,.T.);
#5540 = SURFACE_CURVE('',#5541,(#5545,#5552),.PCURVE_S1.);
#5541 = LINE('',#5542,#5543);
#5542 = CARTESIAN_POINT('',(8.799804582224,-18.24399759928,3.4));
#5543 = VECTOR('',#5544,1.);
#5544 = DIRECTION('',(0.,0.,1.));
#5545 = PCURVE('',#3411,#5546);
#5546 = DEFINITIONAL_REPRESENTATION('',(#5547),#5551);
#5547 = LINE('',#5548,#5549);
#5548 = CARTESIAN_POINT('',(1.956002604167,0.));
#5549 = VECTOR('',#5550,1.);
#5550 = DIRECTION('',(0.,-1.));
#5551 = ( GEOMETRIC_REPRESENTATION_CONTEXT(2) 
PARAMETRIC_REPRESENTATION_CONTEXT() REPRESENTATION_CONTEXT('2D SPACE',''
  ) );
#5552 = PCURVE('',#3439,#5553);
#5553 = DEFINITIONAL_REPRESENTATION('',(#5554),#5558);
#5554 = LINE('',#5555,#5556);
#5555 = CARTESIAN_POINT('',(0.,-0.));
#5556 = VECTOR('',#5557,1.);
#5557 = DIRECTION('',(0.,-1.));
#5558 = ( GEOMETRIC_REPRESENTATION_CONTEXT(2) 
PARAMETRIC_REPRESENTATION_CONTEXT() REPRESENTATION_CONTEXT('2D SPACE',''
  ) );
#5559 = ADVANCED_FACE('',(#5560),#3439,.F.);
#5560 = FACE_BOUND('',#5561,.F.);
#5561 = EDGE_LOOP('',(#5562,#5585,#5586,#5587));
#5562 = ORIENTED_EDGE('',*,*,#5563,.F.);
#5563 = EDGE_CURVE('',#5490,#5564,#5566,.T.);
#5564 = VERTEX_POINT('',#5565);
#5565 = CARTESIAN_POINT('',(8.119804582224,-18.24399759928,3.4));
#5566 = SURFACE_CURVE('',#5567,(#5571,#5578),.PCURVE_S1.);
#5567 = LINE('',#5568,#5569);
#5568 = CARTESIAN_POINT('',(8.799804582224,-18.24399759928,3.4));
#5569 = VECTOR('',#5570,1.);
#5570 = DIRECTION('',(-1.,0.,0.));
#5571 = PCURVE('',#3439,#5572);
#5572 = DEFINITIONAL_REPRESENTATION('',(#5573),#5577);
#5573 = LINE('',#5574,#5575);
#5574 = CARTESIAN_POINT('',(0.,-0.));
#5575 = VECTOR('',#5576,1.);
#5576 = DIRECTION('',(1.,0.));
#5577 = ( GEOMETRIC_REPRESENTATION_CONTEXT(2) 
PARAMETRIC_REPRESENTATION_CONTEXT() REPRESENTATION_CONTEXT('2D SPACE',''
  ) );
#5578 = PCURVE('',#5505,#5579);
#5579 = DEFINITIONAL_REPRESENTATION('',(#5580),#5584);
#5580 = LINE('',#5581,#5582);
#5581 = CARTESIAN_POINT('',(0.952005208333,1.956002604167));
#5582 = VECTOR('',#5583,1.);
#5583 = DIRECTION('',(-1.,0.));
#5584 = ( GEOMETRIC_REPRESENTATION_CONTEXT(2) 
PARAMETRIC_REPRESENTATION_CONTEXT() REPRESENTATION_CONTEXT('2D SPACE',''
  ) );
#5585 = ORIENTED_EDGE('',*,*,#5539,.T.);
#5586 = ORIENTED_EDGE('',*,*,#3423,.F.);
#5587 = ORIENTED_EDGE('',*,*,#5588,.F.);
#5588 = EDGE_CURVE('',#5564,#3424,#5589,.T.);
#5589 = SURFACE_CURVE('',#5590,(#5594,#5601),.PCURVE_S1.);
#5590 = LINE('',#5591,#5592);
#5591 = CARTESIAN_POINT('',(8.119804582224,-18.24399759928,3.4));
#5592 = VECTOR('',#5593,1.);
#5593 = DIRECTION('',(0.,0.,1.));
#5594 = PCURVE('',#3439,#5595);
#5595 = DEFINITIONAL_REPRESENTATION('',(#5596),#5600);
#5596 = LINE('',#5597,#5598);
#5597 = CARTESIAN_POINT('',(0.68,0.));
#5598 = VECTOR('',#5599,1.);
#5599 = DIRECTION('',(0.,-1.));
#5600 = ( GEOMETRIC_REPRESENTATION_CONTEXT(2) 
PARAMETRIC_REPRESENTATION_CONTEXT() REPRESENTATION_CONTEXT('2D SPACE',''
  ) );
#5601 = PCURVE('',#3467,#5602);
#5602 = DEFINITIONAL_REPRESENTATION('',(#5603),#5607);
#5603 = LINE('',#5604,#5605);
#5604 = CARTESIAN_POINT('',(0.,0.));
#5605 = VECTOR('',#5606,1.);
#5606 = DIRECTION('',(0.,-1.));
#5607 = ( GEOMETRIC_REPRESENTATION_CONTEXT(2) 
PARAMETRIC_REPRESENTATION_CONTEXT() REPRESENTATION_CONTEXT('2D SPACE',''
  ) );
#5608 = ADVANCED_FACE('',(#5609),#3651,.F.);
#5609 = FACE_BOUND('',#5610,.F.);
#5610 = EDGE_LOOP('',(#5611,#5634,#5655,#5656));
#5611 = ORIENTED_EDGE('',*,*,#5612,.F.);
#5612 = EDGE_CURVE('',#5613,#5488,#5615,.T.);
#5613 = VERTEX_POINT('',#5614);
#5614 = CARTESIAN_POINT('',(9.359804582224,-20.20000020345,3.4));
#5615 = SURFACE_CURVE('',#5616,(#5620,#5627),.PCURVE_S1.);
#5616 = LINE('',#5617,#5618);
#5617 = CARTESIAN_POINT('',(9.359804582224,-20.20000020345,3.4));
#5618 = VECTOR('',#5619,1.);
#5619 = DIRECTION('',(-1.,0.,0.));
#5620 = PCURVE('',#3651,#5621);
#5621 = DEFINITIONAL_REPRESENTATION('',(#5622),#5626);
#5622 = LINE('',#5623,#5624);
#5623 = CARTESIAN_POINT('',(0.,-0.));
#5624 = VECTOR('',#5625,1.);
#5625 = DIRECTION('',(1.,0.));
#5626 = ( GEOMETRIC_REPRESENTATION_CONTEXT(2) 
PARAMETRIC_REPRESENTATION_CONTEXT() REPRESENTATION_CONTEXT('2D SPACE',''
  ) );
#5627 = PCURVE('',#5505,#5628);
#5628 = DEFINITIONAL_REPRESENTATION('',(#5629),#5633);
#5629 = LINE('',#5630,#5631);
#5630 = CARTESIAN_POINT('',(1.512005208333,0.));
#5631 = VECTOR('',#5632,1.);
#5632 = DIRECTION('',(-1.,0.));
#5633 = ( GEOMETRIC_REPRESENTATION_CONTEXT(2) 
PARAMETRIC_REPRESENTATION_CONTEXT() REPRESENTATION_CONTEXT('2D SPACE',''
  ) );
#5634 = ORIENTED_EDGE('',*,*,#5635,.T.);
#5635 = EDGE_CURVE('',#5613,#3610,#5636,.T.);
#5636 = SURFACE_CURVE('',#5637,(#5641,#5648),.PCURVE_S1.);
#5637 = LINE('',#5638,#5639);
#5638 = CARTESIAN_POINT('',(9.359804582224,-20.20000020345,3.4));
#5639 = VECTOR('',#5640,1.);
#5640 = DIRECTION('',(0.,0.,1.));
#5641 = PCURVE('',#3651,#5642);
#5642 = DEFINITIONAL_REPRESENTATION('',(#5643),#5647);
#5643 = LINE('',#5644,#5645);
#5644 = CARTESIAN_POINT('',(0.,-0.));
#5645 = VECTOR('',#5646,1.);
#5646 = DIRECTION('',(0.,-1.));
#5647 = ( GEOMETRIC_REPRESENTATION_CONTEXT(2) 
PARAMETRIC_REPRESENTATION_CONTEXT() REPRESENTATION_CONTEXT('2D SPACE',''
  ) );
#5648 = PCURVE('',#3625,#5649);
#5649 = DEFINITIONAL_REPRESENTATION('',(#5650),#5654);
#5650 = LINE('',#5651,#5652);
#5651 = CARTESIAN_POINT('',(2.836002604167,0.));
#5652 = VECTOR('',#5653,1.);
#5653 = DIRECTION('',(0.,-1.));
#5654 = ( GEOMETRIC_REPRESENTATION_CONTEXT(2) 
PARAMETRIC_REPRESENTATION_CONTEXT() REPRESENTATION_CONTEXT('2D SPACE',''
  ) );
#5655 = ORIENTED_EDGE('',*,*,#3637,.F.);
#5656 = ORIENTED_EDGE('',*,*,#5517,.F.);
#5657 = ADVANCED_FACE('',(#5658),#3467,.F.);
#5658 = FACE_BOUND('',#5659,.F.);
#5659 = EDGE_LOOP('',(#5660,#5683,#5684,#5685));
#5660 = ORIENTED_EDGE('',*,*,#5661,.F.);
#5661 = EDGE_CURVE('',#5564,#5662,#5664,.T.);
#5662 = VERTEX_POINT('',#5663);
#5663 = CARTESIAN_POINT('',(8.119804582224,-17.87200541178,3.4));
#5664 = SURFACE_CURVE('',#5665,(#5669,#5676),.PCURVE_S1.);
#5665 = LINE('',#5666,#5667);
#5666 = CARTESIAN_POINT('',(8.119804582224,-18.24399759928,3.4));
#5667 = VECTOR('',#5668,1.);
#5668 = DIRECTION('',(0.,1.,0.));
#5669 = PCURVE('',#3467,#5670);
#5670 = DEFINITIONAL_REPRESENTATION('',(#5671),#5675);
#5671 = LINE('',#5672,#5673);
#5672 = CARTESIAN_POINT('',(-3.552713678801E-15,0.));
#5673 = VECTOR('',#5674,1.);
#5674 = DIRECTION('',(1.,0.));
#5675 = ( GEOMETRIC_REPRESENTATION_CONTEXT(2) 
PARAMETRIC_REPRESENTATION_CONTEXT() REPRESENTATION_CONTEXT('2D SPACE',''
  ) );
#5676 = PCURVE('',#5505,#5677);
#5677 = DEFINITIONAL_REPRESENTATION('',(#5678),#5682);
#5678 = LINE('',#5679,#5680);
#5679 = CARTESIAN_POINT('',(0.272005208333,1.956002604167));
#5680 = VECTOR('',#5681,1.);
#5681 = DIRECTION('',(0.,1.));
#5682 = ( GEOMETRIC_REPRESENTATION_CONTEXT(2) 
PARAMETRIC_REPRESENTATION_CONTEXT() REPRESENTATION_CONTEXT('2D SPACE',''
  ) );
#5683 = ORIENTED_EDGE('',*,*,#5588,.T.);
#5684 = ORIENTED_EDGE('',*,*,#3451,.F.);
#5685 = ORIENTED_EDGE('',*,*,#5686,.F.);
#5686 = EDGE_CURVE('',#5662,#3452,#5687,.T.);
#5687 = SURFACE_CURVE('',#5688,(#5692,#5699),.PCURVE_S1.);
#5688 = LINE('',#5689,#5690);
#5689 = CARTESIAN_POINT('',(8.119804582224,-17.87200541178,3.4));
#5690 = VECTOR('',#5691,1.);
#5691 = DIRECTION('',(0.,0.,1.));
#5692 = PCURVE('',#3467,#5693);
#5693 = DEFINITIONAL_REPRESENTATION('',(#5694),#5698);
#5694 = LINE('',#5695,#5696);
#5695 = CARTESIAN_POINT('',(0.3719921875,0.));
#5696 = VECTOR('',#5697,1.);
#5697 = DIRECTION('',(0.,-1.));
#5698 = ( GEOMETRIC_REPRESENTATION_CONTEXT(2) 
PARAMETRIC_REPRESENTATION_CONTEXT() REPRESENTATION_CONTEXT('2D SPACE',''
  ) );
#5699 = PCURVE('',#3543,#5700);
#5700 = DEFINITIONAL_REPRESENTATION('',(#5701),#5705);
#5701 = LINE('',#5702,#5703);
#5702 = CARTESIAN_POINT('',(0.,0.));
#5703 = VECTOR('',#5704,1.);
#5704 = DIRECTION('',(0.,-1.));
#5705 = ( GEOMETRIC_REPRESENTATION_CONTEXT(2) 
PARAMETRIC_REPRESENTATION_CONTEXT() REPRESENTATION_CONTEXT('2D SPACE',''
  ) );
#5706 = ADVANCED_FACE('',(#5707),#3625,.F.);
#5707 = FACE_BOUND('',#5708,.F.);
#5708 = EDGE_LOOP('',(#5709,#5732,#5753,#5754));
#5709 = ORIENTED_EDGE('',*,*,#5710,.F.);
#5710 = EDGE_CURVE('',#5711,#5613,#5713,.T.);
#5711 = VERTEX_POINT('',#5712);
#5712 = CARTESIAN_POINT('',(9.359804582224,-17.36399759928,3.4));
#5713 = SURFACE_CURVE('',#5714,(#5718,#5725),.PCURVE_S1.);
#5714 = LINE('',#5715,#5716);
#5715 = CARTESIAN_POINT('',(9.359804582224,-17.36399759928,3.4));
#5716 = VECTOR('',#5717,1.);
#5717 = DIRECTION('',(0.,-1.,0.));
#5718 = PCURVE('',#3625,#5719);
#5719 = DEFINITIONAL_REPRESENTATION('',(#5720),#5724);
#5720 = LINE('',#5721,#5722);
#5721 = CARTESIAN_POINT('',(0.,0.));
#5722 = VECTOR('',#5723,1.);
#5723 = DIRECTION('',(1.,0.));
#5724 = ( GEOMETRIC_REPRESENTATION_CONTEXT(2) 
PARAMETRIC_REPRESENTATION_CONTEXT() REPRESENTATION_CONTEXT('2D SPACE',''
  ) );
#5725 = PCURVE('',#5505,#5726);
#5726 = DEFINITIONAL_REPRESENTATION('',(#5727),#5731);
#5727 = LINE('',#5728,#5729);
#5728 = CARTESIAN_POINT('',(1.512005208333,2.836002604167));
#5729 = VECTOR('',#5730,1.);
#5730 = DIRECTION('',(0.,-1.));
#5731 = ( GEOMETRIC_REPRESENTATION_CONTEXT(2) 
PARAMETRIC_REPRESENTATION_CONTEXT() REPRESENTATION_CONTEXT('2D SPACE',''
  ) );
#5732 = ORIENTED_EDGE('',*,*,#5733,.T.);
#5733 = EDGE_CURVE('',#5711,#3582,#5734,.T.);
#5734 = SURFACE_CURVE('',#5735,(#5739,#5746),.PCURVE_S1.);
#5735 = LINE('',#5736,#5737);
#5736 = CARTESIAN_POINT('',(9.359804582224,-17.36399759928,3.4));
#5737 = VECTOR('',#5738,1.);
#5738 = DIRECTION('',(0.,0.,1.));
#5739 = PCURVE('',#3625,#5740);
#5740 = DEFINITIONAL_REPRESENTATION('',(#5741),#5745);
#5741 = LINE('',#5742,#5743);
#5742 = CARTESIAN_POINT('',(0.,0.));
#5743 = VECTOR('',#5744,1.);
#5744 = DIRECTION('',(0.,-1.));
#5745 = ( GEOMETRIC_REPRESENTATION_CONTEXT(2) 
PARAMETRIC_REPRESENTATION_CONTEXT() REPRESENTATION_CONTEXT('2D SPACE',''
  ) );
#5746 = PCURVE('',#3597,#5747);
#5747 = DEFINITIONAL_REPRESENTATION('',(#5748),#5752);
#5748 = LINE('',#5749,#5750);
#5749 = CARTESIAN_POINT('',(0.372005208333,0.));
#5750 = VECTOR('',#5751,1.);
#5751 = DIRECTION('',(0.,-1.));
#5752 = ( GEOMETRIC_REPRESENTATION_CONTEXT(2) 
PARAMETRIC_REPRESENTATION_CONTEXT() REPRESENTATION_CONTEXT('2D SPACE',''
  ) );
#5753 = ORIENTED_EDGE('',*,*,#3609,.F.);
#5754 = ORIENTED_EDGE('',*,*,#5635,.F.);
#5755 = ADVANCED_FACE('',(#5756),#3543,.F.);
#5756 = FACE_BOUND('',#5757,.F.);
#5757 = EDGE_LOOP('',(#5758,#5781,#5782,#5783));
#5758 = ORIENTED_EDGE('',*,*,#5759,.F.);
#5759 = EDGE_CURVE('',#5662,#5760,#5762,.T.);
#5760 = VERTEX_POINT('',#5761);
#5761 = CARTESIAN_POINT('',(8.987799373891,-17.36399759928,3.4));
#5762 = SURFACE_CURVE('',#5763,(#5767,#5774),.PCURVE_S1.);
#5763 = B_SPLINE_CURVE_WITH_KNOTS('',2,(#5764,#5765,#5766),
  .UNSPECIFIED.,.F.,.F.,(3,3),(0.,1.),.PIECEWISE_BEZIER_KNOTS.);
#5764 = CARTESIAN_POINT('',(8.119804582224,-17.87200541178,3.4));
#5765 = CARTESIAN_POINT('',(8.855794165558,-17.87200541178,3.4));
#5766 = CARTESIAN_POINT('',(8.987799373891,-17.36399759928,3.4));
#5767 = PCURVE('',#3543,#5768);
#5768 = DEFINITIONAL_REPRESENTATION('',(#5769),#5773);
#5769 = LINE('',#5770,#5771);
#5770 = CARTESIAN_POINT('',(0.,0.));
#5771 = VECTOR('',#5772,1.);
#5772 = DIRECTION('',(1.,0.));
#5773 = ( GEOMETRIC_REPRESENTATION_CONTEXT(2) 
PARAMETRIC_REPRESENTATION_CONTEXT() REPRESENTATION_CONTEXT('2D SPACE',''
  ) );
#5774 = PCURVE('',#5505,#5775);
#5775 = DEFINITIONAL_REPRESENTATION('',(#5776),#5780);
#5776 = B_SPLINE_CURVE_WITH_KNOTS('',2,(#5777,#5778,#5779),
  .UNSPECIFIED.,.F.,.F.,(3,3),(0.,1.),.PIECEWISE_BEZIER_KNOTS.);
#5777 = CARTESIAN_POINT('',(0.272005208333,2.327994791667));
#5778 = CARTESIAN_POINT('',(1.007994791667,2.327994791667));
#5779 = CARTESIAN_POINT('',(1.14,2.836002604167));
#5780 = ( GEOMETRIC_REPRESENTATION_CONTEXT(2) 
PARAMETRIC_REPRESENTATION_CONTEXT() REPRESENTATION_CONTEXT('2D SPACE',''
  ) );
#5781 = ORIENTED_EDGE('',*,*,#5686,.T.);
#5782 = ORIENTED_EDGE('',*,*,#3479,.F.);
#5783 = ORIENTED_EDGE('',*,*,#5784,.F.);
#5784 = EDGE_CURVE('',#5760,#3480,#5785,.T.);
#5785 = SURFACE_CURVE('',#5786,(#5790,#5797),.PCURVE_S1.);
#5786 = LINE('',#5787,#5788);
#5787 = CARTESIAN_POINT('',(8.987799373891,-17.36399759928,3.4));
#5788 = VECTOR('',#5789,1.);
#5789 = DIRECTION('',(0.,0.,1.));
#5790 = PCURVE('',#3543,#5791);
#5791 = DEFINITIONAL_REPRESENTATION('',(#5792),#5796);
#5792 = LINE('',#5793,#5794);
#5793 = CARTESIAN_POINT('',(1.,0.));
#5794 = VECTOR('',#5795,1.);
#5795 = DIRECTION('',(0.,-1.));
#5796 = ( GEOMETRIC_REPRESENTATION_CONTEXT(2) 
PARAMETRIC_REPRESENTATION_CONTEXT() REPRESENTATION_CONTEXT('2D SPACE',''
  ) );
#5797 = PCURVE('',#3597,#5798);
#5798 = DEFINITIONAL_REPRESENTATION('',(#5799),#5803);
#5799 = LINE('',#5800,#5801);
#5800 = CARTESIAN_POINT('',(0.,0.));
#5801 = VECTOR('',#5802,1.);
#5802 = DIRECTION('',(0.,-1.));
#5803 = ( GEOMETRIC_REPRESENTATION_CONTEXT(2) 
PARAMETRIC_REPRESENTATION_CONTEXT() REPRESENTATION_CONTEXT('2D SPACE',''
  ) );
#5804 = ADVANCED_FACE('',(#5805),#3597,.F.);
#5805 = FACE_BOUND('',#5806,.F.);
#5806 = EDGE_LOOP('',(#5807,#5828,#5829,#5830));
#5807 = ORIENTED_EDGE('',*,*,#5808,.F.);
#5808 = EDGE_CURVE('',#5760,#5711,#5809,.T.);
#5809 = SURFACE_CURVE('',#5810,(#5814,#5821),.PCURVE_S1.);
#5810 = LINE('',#5811,#5812);
#5811 = CARTESIAN_POINT('',(8.987799373891,-17.36399759928,3.4));
#5812 = VECTOR('',#5813,1.);
#5813 = DIRECTION('',(1.,0.,0.));
#5814 = PCURVE('',#3597,#5815);
#5815 = DEFINITIONAL_REPRESENTATION('',(#5816),#5820);
#5816 = LINE('',#5817,#5818);
#5817 = CARTESIAN_POINT('',(1.7763568394E-15,0.));
#5818 = VECTOR('',#5819,1.);
#5819 = DIRECTION('',(1.,0.));
#5820 = ( GEOMETRIC_REPRESENTATION_CONTEXT(2) 
PARAMETRIC_REPRESENTATION_CONTEXT() REPRESENTATION_CONTEXT('2D SPACE',''
  ) );
#5821 = PCURVE('',#5505,#5822);
#5822 = DEFINITIONAL_REPRESENTATION('',(#5823),#5827);
#5823 = LINE('',#5824,#5825);
#5824 = CARTESIAN_POINT('',(1.14,2.836002604167));
#5825 = VECTOR('',#5826,1.);
#5826 = DIRECTION('',(1.,0.));
#5827 = ( GEOMETRIC_REPRESENTATION_CONTEXT(2) 
PARAMETRIC_REPRESENTATION_CONTEXT() REPRESENTATION_CONTEXT('2D SPACE',''
  ) );
#5828 = ORIENTED_EDGE('',*,*,#5784,.T.);
#5829 = ORIENTED_EDGE('',*,*,#3581,.F.);
#5830 = ORIENTED_EDGE('',*,*,#5733,.F.);
#5831 = ADVANCED_FACE('',(#5832),#3683,.F.);
#5832 = FACE_BOUND('',#5833,.F.);
#5833 = EDGE_LOOP('',(#5834,#5864,#5885,#5886));
#5834 = ORIENTED_EDGE('',*,*,#5835,.F.);
#5835 = EDGE_CURVE('',#5836,#5838,#5840,.T.);
#5836 = VERTEX_POINT('',#5837);
#5837 = CARTESIAN_POINT('',(10.511796769724,-17.36399759928,3.4));
#5838 = VERTEX_POINT('',#5839);
#5839 = CARTESIAN_POINT('',(12.027799373891,-17.36399759928,3.4));
#5840 = SURFACE_CURVE('',#5841,(#5845,#5852),.PCURVE_S1.);
#5841 = LINE('',#5842,#5843);
#5842 = CARTESIAN_POINT('',(10.511796769724,-17.36399759928,3.4));
#5843 = VECTOR('',#5844,1.);
#5844 = DIRECTION('',(1.,0.,0.));
#5845 = PCURVE('',#3683,#5846);
#5846 = DEFINITIONAL_REPRESENTATION('',(#5847),#5851);
#5847 = LINE('',#5848,#5849);
#5848 = CARTESIAN_POINT('',(0.,0.));
#5849 = VECTOR('',#5850,1.);
#5850 = DIRECTION('',(1.,0.));
#5851 = ( GEOMETRIC_REPRESENTATION_CONTEXT(2) 
PARAMETRIC_REPRESENTATION_CONTEXT() REPRESENTATION_CONTEXT('2D SPACE',''
  ) );
#5852 = PCURVE('',#5853,#5858);
#5853 = PLANE('',#5854);
#5854 = AXIS2_PLACEMENT_3D('',#5855,#5856,#5857);
#5855 = CARTESIAN_POINT('',(10.071796769724,-20.20000020345,3.4));
#5856 = DIRECTION('',(0.,0.,1.));
#5857 = DIRECTION('',(1.,0.,0.));
#5858 = DEFINITIONAL_REPRESENTATION('',(#5859),#5863);
#5859 = LINE('',#5860,#5861);
#5860 = CARTESIAN_POINT('',(0.44,2.836002604167));
#5861 = VECTOR('',#5862,1.);
#5862 = DIRECTION('',(1.,0.));
#5863 = ( GEOMETRIC_REPRESENTATION_CONTEXT(2) 
PARAMETRIC_REPRESENTATION_CONTEXT() REPRESENTATION_CONTEXT('2D SPACE',''
  ) );
#5864 = ORIENTED_EDGE('',*,*,#5865,.T.);
#5865 = EDGE_CURVE('',#5836,#3668,#5866,.T.);
#5866 = SURFACE_CURVE('',#5867,(#5871,#5878),.PCURVE_S1.);
#5867 = LINE('',#5868,#5869);
#5868 = CARTESIAN_POINT('',(10.511796769724,-17.36399759928,3.4));
#5869 = VECTOR('',#5870,1.);
#5870 = DIRECTION('',(0.,0.,1.));
#5871 = PCURVE('',#3683,#5872);
#5872 = DEFINITIONAL_REPRESENTATION('',(#5873),#5877);
#5873 = LINE('',#5874,#5875);
#5874 = CARTESIAN_POINT('',(0.,0.));
#5875 = VECTOR('',#5876,1.);
#5876 = DIRECTION('',(0.,-1.));
#5877 = ( GEOMETRIC_REPRESENTATION_CONTEXT(2) 
PARAMETRIC_REPRESENTATION_CONTEXT() REPRESENTATION_CONTEXT('2D SPACE',''
  ) );
#5878 = PCURVE('',#4536,#5879);
#5879 = DEFINITIONAL_REPRESENTATION('',(#5880),#5884);
#5880 = LINE('',#5881,#5882);
#5881 = CARTESIAN_POINT('',(1.599970820055,0.));
#5882 = VECTOR('',#5883,1.);
#5883 = DIRECTION('',(0.,-1.));
#5884 = ( GEOMETRIC_REPRESENTATION_CONTEXT(2) 
PARAMETRIC_REPRESENTATION_CONTEXT() REPRESENTATION_CONTEXT('2D SPACE',''
  ) );
#5885 = ORIENTED_EDGE('',*,*,#3665,.F.);
#5886 = ORIENTED_EDGE('',*,*,#5887,.F.);
#5887 = EDGE_CURVE('',#5838,#3666,#5888,.T.);
#5888 = SURFACE_CURVE('',#5889,(#5893,#5900),.PCURVE_S1.);
#5889 = LINE('',#5890,#5891);
#5890 = CARTESIAN_POINT('',(12.027799373891,-17.36399759928,3.4));
#5891 = VECTOR('',#5892,1.);
#5892 = DIRECTION('',(0.,0.,1.));
#5893 = PCURVE('',#3683,#5894);
#5894 = DEFINITIONAL_REPRESENTATION('',(#5895),#5899);
#5895 = LINE('',#5896,#5897);
#5896 = CARTESIAN_POINT('',(1.516002604167,0.));
#5897 = VECTOR('',#5898,1.);
#5898 = DIRECTION('',(0.,-1.));
#5899 = ( GEOMETRIC_REPRESENTATION_CONTEXT(2) 
PARAMETRIC_REPRESENTATION_CONTEXT() REPRESENTATION_CONTEXT('2D SPACE',''
  ) );
#5900 = PCURVE('',#3711,#5901);
#5901 = DEFINITIONAL_REPRESENTATION('',(#5902),#5906);
#5902 = LINE('',#5903,#5904);
#5903 = CARTESIAN_POINT('',(0.,0.));
#5904 = VECTOR('',#5905,1.);
#5905 = DIRECTION('',(0.,-1.));
#5906 = ( GEOMETRIC_REPRESENTATION_CONTEXT(2) 
PARAMETRIC_REPRESENTATION_CONTEXT() REPRESENTATION_CONTEXT('2D SPACE',''
  ) );
#5907 = ADVANCED_FACE('',(#5908),#3711,.F.);
#5908 = FACE_BOUND('',#5909,.F.);
#5909 = EDGE_LOOP('',(#5910,#5933,#5934,#5935));
#5910 = ORIENTED_EDGE('',*,*,#5911,.F.);
#5911 = EDGE_CURVE('',#5838,#5912,#5914,.T.);
#5912 = VERTEX_POINT('',#5913);
#5913 = CARTESIAN_POINT('',(12.027799373891,-17.86399759928,3.4));
#5914 = SURFACE_CURVE('',#5915,(#5919,#5926),.PCURVE_S1.);
#5915 = LINE('',#5916,#5917);
#5916 = CARTESIAN_POINT('',(12.027799373891,-17.36399759928,3.4));
#5917 = VECTOR('',#5918,1.);
#5918 = DIRECTION('',(0.,-1.,0.));
#5919 = PCURVE('',#3711,#5920);
#5920 = DEFINITIONAL_REPRESENTATION('',(#5921),#5925);
#5921 = LINE('',#5922,#5923);
#5922 = CARTESIAN_POINT('',(0.,0.));
#5923 = VECTOR('',#5924,1.);
#5924 = DIRECTION('',(1.,0.));
#5925 = ( GEOMETRIC_REPRESENTATION_CONTEXT(2) 
PARAMETRIC_REPRESENTATION_CONTEXT() REPRESENTATION_CONTEXT('2D SPACE',''
  ) );
#5926 = PCURVE('',#5853,#5927);
#5927 = DEFINITIONAL_REPRESENTATION('',(#5928),#5932);
#5928 = LINE('',#5929,#5930);
#5929 = CARTESIAN_POINT('',(1.956002604167,2.836002604167));
#5930 = VECTOR('',#5931,1.);
#5931 = DIRECTION('',(0.,-1.));
#5932 = ( GEOMETRIC_REPRESENTATION_CONTEXT(2) 
PARAMETRIC_REPRESENTATION_CONTEXT() REPRESENTATION_CONTEXT('2D SPACE',''
  ) );
#5933 = ORIENTED_EDGE('',*,*,#5887,.T.);
#5934 = ORIENTED_EDGE('',*,*,#3695,.F.);
#5935 = ORIENTED_EDGE('',*,*,#5936,.F.);
#5936 = EDGE_CURVE('',#5912,#3696,#5937,.T.);
#5937 = SURFACE_CURVE('',#5938,(#5942,#5949),.PCURVE_S1.);
#5938 = LINE('',#5939,#5940);
#5939 = CARTESIAN_POINT('',(12.027799373891,-17.86399759928,3.4));
#5940 = VECTOR('',#5941,1.);
#5941 = DIRECTION('',(0.,0.,1.));
#5942 = PCURVE('',#3711,#5943);
#5943 = DEFINITIONAL_REPRESENTATION('',(#5944),#5948);
#5944 = LINE('',#5945,#5946);
#5945 = CARTESIAN_POINT('',(0.5,0.));
#5946 = VECTOR('',#5947,1.);
#5947 = DIRECTION('',(0.,-1.));
#5948 = ( GEOMETRIC_REPRESENTATION_CONTEXT(2) 
PARAMETRIC_REPRESENTATION_CONTEXT() REPRESENTATION_CONTEXT('2D SPACE',''
  ) );
#5949 = PCURVE('',#3739,#5950);
#5950 = DEFINITIONAL_REPRESENTATION('',(#5951),#5955);
#5951 = LINE('',#5952,#5953);
#5952 = CARTESIAN_POINT('',(0.,-0.));
#5953 = VECTOR('',#5954,1.);
#5954 = DIRECTION('',(0.,-1.));
#5955 = ( GEOMETRIC_REPRESENTATION_CONTEXT(2) 
PARAMETRIC_REPRESENTATION_CONTEXT() REPRESENTATION_CONTEXT('2D SPACE',''
  ) );
#5956 = ADVANCED_FACE('',(#5957),#4536,.F.);
#5957 = FACE_BOUND('',#5958,.F.);
#5958 = EDGE_LOOP('',(#5959,#5982,#6003,#6004));
#5959 = ORIENTED_EDGE('',*,*,#5960,.F.);
#5960 = EDGE_CURVE('',#5961,#5836,#5963,.T.);
#5961 = VERTEX_POINT('',#5962);
#5962 = CARTESIAN_POINT('',(10.259791561391,-18.94399759928,3.4));
#5963 = SURFACE_CURVE('',#5964,(#5968,#5975),.PCURVE_S1.);
#5964 = LINE('',#5965,#5966);
#5965 = CARTESIAN_POINT('',(10.259791561391,-18.94399759928,3.4));
#5966 = VECTOR('',#5967,1.);
#5967 = DIRECTION('',(0.157506127721,0.987518009826,0.));
#5968 = PCURVE('',#4536,#5969);
#5969 = DEFINITIONAL_REPRESENTATION('',(#5970),#5974);
#5970 = LINE('',#5971,#5972);
#5971 = CARTESIAN_POINT('',(0.,0.));
#5972 = VECTOR('',#5973,1.);
#5973 = DIRECTION('',(1.,0.));
#5974 = ( GEOMETRIC_REPRESENTATION_CONTEXT(2) 
PARAMETRIC_REPRESENTATION_CONTEXT() REPRESENTATION_CONTEXT('2D SPACE',''
  ) );
#5975 = PCURVE('',#5853,#5976);
#5976 = DEFINITIONAL_REPRESENTATION('',(#5977),#5981);
#5977 = LINE('',#5978,#5979);
#5978 = CARTESIAN_POINT('',(0.187994791667,1.256002604167));
#5979 = VECTOR('',#5980,1.);
#5980 = DIRECTION('',(0.157506127721,0.987518009826));
#5981 = ( GEOMETRIC_REPRESENTATION_CONTEXT(2) 
PARAMETRIC_REPRESENTATION_CONTEXT() REPRESENTATION_CONTEXT('2D SPACE',''
  ) );
#5982 = ORIENTED_EDGE('',*,*,#5983,.T.);
#5983 = EDGE_CURVE('',#5961,#4495,#5984,.T.);
#5984 = SURFACE_CURVE('',#5985,(#5989,#5996),.PCURVE_S1.);
#5985 = LINE('',#5986,#5987);
#5986 = CARTESIAN_POINT('',(10.259791561391,-18.94399759928,3.4));
#5987 = VECTOR('',#5988,1.);
#5988 = DIRECTION('',(0.,0.,1.));
#5989 = PCURVE('',#4536,#5990);
#5990 = DEFINITIONAL_REPRESENTATION('',(#5991),#5995);
#5991 = LINE('',#5992,#5993);
#5992 = CARTESIAN_POINT('',(0.,0.));
#5993 = VECTOR('',#5994,1.);
#5994 = DIRECTION('',(0.,-1.));
#5995 = ( GEOMETRIC_REPRESENTATION_CONTEXT(2) 
PARAMETRIC_REPRESENTATION_CONTEXT() REPRESENTATION_CONTEXT('2D SPACE',''
  ) );
#5996 = PCURVE('',#4510,#5997);
#5997 = DEFINITIONAL_REPRESENTATION('',(#5998),#6002);
#5998 = LINE('',#5999,#6000);
#5999 = CARTESIAN_POINT('',(0.504010416667,0.));
#6000 = VECTOR('',#6001,1.);
#6001 = DIRECTION('',(0.,-1.));
#6002 = ( GEOMETRIC_REPRESENTATION_CONTEXT(2) 
PARAMETRIC_REPRESENTATION_CONTEXT() REPRESENTATION_CONTEXT('2D SPACE',''
  ) );
#6003 = ORIENTED_EDGE('',*,*,#4522,.F.);
#6004 = ORIENTED_EDGE('',*,*,#5865,.F.);
#6005 = ADVANCED_FACE('',(#6006),#3739,.F.);
#6006 = FACE_BOUND('',#6007,.F.);
#6007 = EDGE_LOOP('',(#6008,#6031,#6032,#6033));
#6008 = ORIENTED_EDGE('',*,*,#6009,.F.);
#6009 = EDGE_CURVE('',#5912,#6010,#6012,.T.);
#6010 = VERTEX_POINT('',#6011);
#6011 = CARTESIAN_POINT('',(10.855794165558,-17.86399759928,3.4));
#6012 = SURFACE_CURVE('',#6013,(#6017,#6024),.PCURVE_S1.);
#6013 = LINE('',#6014,#6015);
#6014 = CARTESIAN_POINT('',(12.027799373891,-17.86399759928,3.4));
#6015 = VECTOR('',#6016,1.);
#6016 = DIRECTION('',(-1.,0.,0.));
#6017 = PCURVE('',#3739,#6018);
#6018 = DEFINITIONAL_REPRESENTATION('',(#6019),#6023);
#6019 = LINE('',#6020,#6021);
#6020 = CARTESIAN_POINT('',(0.,-0.));
#6021 = VECTOR('',#6022,1.);
#6022 = DIRECTION('',(1.,0.));
#6023 = ( GEOMETRIC_REPRESENTATION_CONTEXT(2) 
PARAMETRIC_REPRESENTATION_CONTEXT() REPRESENTATION_CONTEXT('2D SPACE',''
  ) );
#6024 = PCURVE('',#5853,#6025);
#6025 = DEFINITIONAL_REPRESENTATION('',(#6026),#6030);
#6026 = LINE('',#6027,#6028);
#6027 = CARTESIAN_POINT('',(1.956002604167,2.336002604167));
#6028 = VECTOR('',#6029,1.);
#6029 = DIRECTION('',(-1.,0.));
#6030 = ( GEOMETRIC_REPRESENTATION_CONTEXT(2) 
PARAMETRIC_REPRESENTATION_CONTEXT() REPRESENTATION_CONTEXT('2D SPACE',''
  ) );
#6031 = ORIENTED_EDGE('',*,*,#5936,.T.);
#6032 = ORIENTED_EDGE('',*,*,#3723,.F.);
#6033 = ORIENTED_EDGE('',*,*,#6034,.F.);
#6034 = EDGE_CURVE('',#6010,#3724,#6035,.T.);
#6035 = SURFACE_CURVE('',#6036,(#6040,#6047),.PCURVE_S1.);
#6036 = LINE('',#6037,#6038);
#6037 = CARTESIAN_POINT('',(10.855794165558,-17.86399759928,3.4));
#6038 = VECTOR('',#6039,1.);
#6039 = DIRECTION('',(0.,0.,1.));
#6040 = PCURVE('',#3739,#6041);
#6041 = DEFINITIONAL_REPRESENTATION('',(#6042),#6046);
#6042 = LINE('',#6043,#6044);
#6043 = CARTESIAN_POINT('',(1.172005208333,0.));
#6044 = VECTOR('',#6045,1.);
#6045 = DIRECTION('',(0.,-1.));
#6046 = ( GEOMETRIC_REPRESENTATION_CONTEXT(2) 
PARAMETRIC_REPRESENTATION_CONTEXT() REPRESENTATION_CONTEXT('2D SPACE',''
  ) );
#6047 = PCURVE('',#3767,#6048);
#6048 = DEFINITIONAL_REPRESENTATION('',(#6049),#6053);
#6049 = LINE('',#6050,#6051);
#6050 = CARTESIAN_POINT('',(0.,0.));
#6051 = VECTOR('',#6052,1.);
#6052 = DIRECTION('',(0.,-1.));
#6053 = ( GEOMETRIC_REPRESENTATION_CONTEXT(2) 
PARAMETRIC_REPRESENTATION_CONTEXT() REPRESENTATION_CONTEXT('2D SPACE',''
  ) );
#6054 = ADVANCED_FACE('',(#6055),#4510,.F.);
#6055 = FACE_BOUND('',#6056,.F.);
#6056 = EDGE_LOOP('',(#6057,#6080,#6101,#6102));
#6057 = ORIENTED_EDGE('',*,*,#6058,.F.);
#6058 = EDGE_CURVE('',#6059,#5961,#6061,.T.);
#6059 = VERTEX_POINT('',#6060);
#6060 = CARTESIAN_POINT('',(10.763801978058,-18.94399759928,3.4));
#6061 = SURFACE_CURVE('',#6062,(#6066,#6073),.PCURVE_S1.);
#6062 = LINE('',#6063,#6064);
#6063 = CARTESIAN_POINT('',(10.763801978058,-18.94399759928,3.4));
#6064 = VECTOR('',#6065,1.);
#6065 = DIRECTION('',(-1.,0.,0.));
#6066 = PCURVE('',#4510,#6067);
#6067 = DEFINITIONAL_REPRESENTATION('',(#6068),#6072);
#6068 = LINE('',#6069,#6070);
#6069 = CARTESIAN_POINT('',(0.,-0.));
#6070 = VECTOR('',#6071,1.);
#6071 = DIRECTION('',(1.,0.));
#6072 = ( GEOMETRIC_REPRESENTATION_CONTEXT(2) 
PARAMETRIC_REPRESENTATION_CONTEXT() REPRESENTATION_CONTEXT('2D SPACE',''
  ) );
#6073 = PCURVE('',#5853,#6074);
#6074 = DEFINITIONAL_REPRESENTATION('',(#6075),#6079);
#6075 = LINE('',#6076,#6077);
#6076 = CARTESIAN_POINT('',(0.692005208333,1.256002604167));
#6077 = VECTOR('',#6078,1.);
#6078 = DIRECTION('',(-1.,0.));
#6079 = ( GEOMETRIC_REPRESENTATION_CONTEXT(2) 
PARAMETRIC_REPRESENTATION_CONTEXT() REPRESENTATION_CONTEXT('2D SPACE',''
  ) );
#6080 = ORIENTED_EDGE('',*,*,#6081,.T.);
#6081 = EDGE_CURVE('',#6059,#4444,#6082,.T.);
#6082 = SURFACE_CURVE('',#6083,(#6087,#6094),.PCURVE_S1.);
#6083 = LINE('',#6084,#6085);
#6084 = CARTESIAN_POINT('',(10.763801978058,-18.94399759928,3.4));
#6085 = VECTOR('',#6086,1.);
#6086 = DIRECTION('',(0.,0.,1.));
#6087 = PCURVE('',#4510,#6088);
#6088 = DEFINITIONAL_REPRESENTATION('',(#6089),#6093);
#6089 = LINE('',#6090,#6091);
#6090 = CARTESIAN_POINT('',(0.,-0.));
#6091 = VECTOR('',#6092,1.);
#6092 = DIRECTION('',(0.,-1.));
#6093 = ( GEOMETRIC_REPRESENTATION_CONTEXT(2) 
PARAMETRIC_REPRESENTATION_CONTEXT() REPRESENTATION_CONTEXT('2D SPACE',''
  ) );
#6094 = PCURVE('',#4473,#6095);
#6095 = DEFINITIONAL_REPRESENTATION('',(#6096),#6100);
#6096 = LINE('',#6097,#6098);
#6097 = CARTESIAN_POINT('',(1.,0.));
#6098 = VECTOR('',#6099,1.);
#6099 = DIRECTION('',(0.,-1.));
#6100 = ( GEOMETRIC_REPRESENTATION_CONTEXT(2) 
PARAMETRIC_REPRESENTATION_CONTEXT() REPRESENTATION_CONTEXT('2D SPACE',''
  ) );
#6101 = ORIENTED_EDGE('',*,*,#4494,.F.);
#6102 = ORIENTED_EDGE('',*,*,#5983,.F.);
#6103 = ADVANCED_FACE('',(#6104),#3767,.F.);
#6104 = FACE_BOUND('',#6105,.F.);
#6105 = EDGE_LOOP('',(#6106,#6129,#6130,#6131));
#6106 = ORIENTED_EDGE('',*,*,#6107,.F.);
#6107 = EDGE_CURVE('',#6010,#6108,#6110,.T.);
#6108 = VERTEX_POINT('',#6109);
#6109 = CARTESIAN_POINT('',(10.763801978058,-18.45600280761,3.4));
#6110 = SURFACE_CURVE('',#6111,(#6115,#6122),.PCURVE_S1.);
#6111 = LINE('',#6112,#6113);
#6112 = CARTESIAN_POINT('',(10.855794165558,-17.86399759928,3.4));
#6113 = VECTOR('',#6114,1.);
#6114 = DIRECTION('',(-0.153548088921,-0.988141176345,0.));
#6115 = PCURVE('',#3767,#6116);
#6116 = DEFINITIONAL_REPRESENTATION('',(#6117),#6121);
#6117 = LINE('',#6118,#6119);
#6118 = CARTESIAN_POINT('',(0.,0.));
#6119 = VECTOR('',#6120,1.);
#6120 = DIRECTION('',(1.,-0.));
#6121 = ( GEOMETRIC_REPRESENTATION_CONTEXT(2) 
PARAMETRIC_REPRESENTATION_CONTEXT() REPRESENTATION_CONTEXT('2D SPACE',''
  ) );
#6122 = PCURVE('',#5853,#6123);
#6123 = DEFINITIONAL_REPRESENTATION('',(#6124),#6128);
#6124 = LINE('',#6125,#6126);
#6125 = CARTESIAN_POINT('',(0.783997395833,2.336002604167));
#6126 = VECTOR('',#6127,1.);
#6127 = DIRECTION('',(-0.153548088921,-0.988141176345));
#6128 = ( GEOMETRIC_REPRESENTATION_CONTEXT(2) 
PARAMETRIC_REPRESENTATION_CONTEXT() REPRESENTATION_CONTEXT('2D SPACE',''
  ) );
#6129 = ORIENTED_EDGE('',*,*,#6034,.T.);
#6130 = ORIENTED_EDGE('',*,*,#3751,.F.);
#6131 = ORIENTED_EDGE('',*,*,#6132,.F.);
#6132 = EDGE_CURVE('',#6108,#3752,#6133,.T.);
#6133 = SURFACE_CURVE('',#6134,(#6138,#6145),.PCURVE_S1.);
#6134 = LINE('',#6135,#6136);
#6135 = CARTESIAN_POINT('',(10.763801978058,-18.45600280761,3.4));
#6136 = VECTOR('',#6137,1.);
#6137 = DIRECTION('',(0.,0.,1.));
#6138 = PCURVE('',#3767,#6139);
#6139 = DEFINITIONAL_REPRESENTATION('',(#6140),#6144);
#6140 = LINE('',#6141,#6142);
#6141 = CARTESIAN_POINT('',(0.599109947551,-0.));
#6142 = VECTOR('',#6143,1.);
#6143 = DIRECTION('',(0.,-1.));
#6144 = ( GEOMETRIC_REPRESENTATION_CONTEXT(2) 
PARAMETRIC_REPRESENTATION_CONTEXT() REPRESENTATION_CONTEXT('2D SPACE',''
  ) );
#6145 = PCURVE('',#3809,#6146);
#6146 = DEFINITIONAL_REPRESENTATION('',(#6147),#6151);
#6147 = LINE('',#6148,#6149);
#6148 = CARTESIAN_POINT('',(0.,0.));
#6149 = VECTOR('',#6150,1.);
#6150 = DIRECTION('',(0.,-1.));
#6151 = ( GEOMETRIC_REPRESENTATION_CONTEXT(2) 
PARAMETRIC_REPRESENTATION_CONTEXT() REPRESENTATION_CONTEXT('2D SPACE',''
  ) );
#6152 = ADVANCED_FACE('',(#6153),#4473,.F.);
#6153 = FACE_BOUND('',#6154,.F.);
#6154 = EDGE_LOOP('',(#6155,#6178,#6199,#6200));
#6155 = ORIENTED_EDGE('',*,*,#6156,.F.);
#6156 = EDGE_CURVE('',#6157,#6059,#6159,.T.);
#6157 = VERTEX_POINT('',#6158);
#6158 = CARTESIAN_POINT('',(11.123801978058,-18.72799499511,3.4));
#6159 = SURFACE_CURVE('',#6160,(#6164,#6171),.PCURVE_S1.);
#6160 = B_SPLINE_CURVE_WITH_KNOTS('',2,(#6161,#6162,#6163),
  .UNSPECIFIED.,.F.,.F.,(3,3),(0.,1.),.PIECEWISE_BEZIER_KNOTS.);
#6161 = CARTESIAN_POINT('',(11.123801978058,-18.72799499511,3.4));
#6162 = CARTESIAN_POINT('',(10.855794165558,-18.72799499511,3.4));
#6163 = CARTESIAN_POINT('',(10.763801978058,-18.94399759928,3.4));
#6164 = PCURVE('',#4473,#6165);
#6165 = DEFINITIONAL_REPRESENTATION('',(#6166),#6170);
#6166 = LINE('',#6167,#6168);
#6167 = CARTESIAN_POINT('',(0.,0.));
#6168 = VECTOR('',#6169,1.);
#6169 = DIRECTION('',(1.,0.));
#6170 = ( GEOMETRIC_REPRESENTATION_CONTEXT(2) 
PARAMETRIC_REPRESENTATION_CONTEXT() REPRESENTATION_CONTEXT('2D SPACE',''
  ) );
#6171 = PCURVE('',#5853,#6172);
#6172 = DEFINITIONAL_REPRESENTATION('',(#6173),#6177);
#6173 = B_SPLINE_CURVE_WITH_KNOTS('',2,(#6174,#6175,#6176),
  .UNSPECIFIED.,.F.,.F.,(3,3),(0.,1.),.PIECEWISE_BEZIER_KNOTS.);
#6174 = CARTESIAN_POINT('',(1.052005208333,1.472005208333));
#6175 = CARTESIAN_POINT('',(0.783997395833,1.472005208333));
#6176 = CARTESIAN_POINT('',(0.692005208333,1.256002604167));
#6177 = ( GEOMETRIC_REPRESENTATION_CONTEXT(2) 
PARAMETRIC_REPRESENTATION_CONTEXT() REPRESENTATION_CONTEXT('2D SPACE',''
  ) );
#6178 = ORIENTED_EDGE('',*,*,#6179,.T.);
#6179 = EDGE_CURVE('',#6157,#4393,#6180,.T.);
#6180 = SURFACE_CURVE('',#6181,(#6185,#6192),.PCURVE_S1.);
#6181 = LINE('',#6182,#6183);
#6182 = CARTESIAN_POINT('',(11.123801978058,-18.72799499511,3.4));
#6183 = VECTOR('',#6184,1.);
#6184 = DIRECTION('',(0.,0.,1.));
#6185 = PCURVE('',#4473,#6186);
#6186 = DEFINITIONAL_REPRESENTATION('',(#6187),#6191);
#6187 = LINE('',#6188,#6189);
#6188 = CARTESIAN_POINT('',(0.,0.));
#6189 = VECTOR('',#6190,1.);
#6190 = DIRECTION('',(0.,-1.));
#6191 = ( GEOMETRIC_REPRESENTATION_CONTEXT(2) 
PARAMETRIC_REPRESENTATION_CONTEXT() REPRESENTATION_CONTEXT('2D SPACE',''
  ) );
#6192 = PCURVE('',#4422,#6193);
#6193 = DEFINITIONAL_REPRESENTATION('',(#6194),#6198);
#6194 = LINE('',#6195,#6196);
#6195 = CARTESIAN_POINT('',(1.,0.));
#6196 = VECTOR('',#6197,1.);
#6197 = DIRECTION('',(0.,-1.));
#6198 = ( GEOMETRIC_REPRESENTATION_CONTEXT(2) 
PARAMETRIC_REPRESENTATION_CONTEXT() REPRESENTATION_CONTEXT('2D SPACE',''
  ) );
#6199 = ORIENTED_EDGE('',*,*,#4443,.F.);
#6200 = ORIENTED_EDGE('',*,*,#6081,.F.);
#6201 = ADVANCED_FACE('',(#6202),#3809,.F.);
#6202 = FACE_BOUND('',#6203,.F.);
#6203 = EDGE_LOOP('',(#6204,#6227,#6228,#6229));
#6204 = ORIENTED_EDGE('',*,*,#6205,.F.);
#6205 = EDGE_CURVE('',#6108,#6206,#6208,.T.);
#6206 = VERTEX_POINT('',#6207);
#6207 = CARTESIAN_POINT('',(11.255794165558,-18.28399759928,3.4));
#6208 = SURFACE_CURVE('',#6209,(#6213,#6220),.PCURVE_S1.);
#6209 = B_SPLINE_CURVE_WITH_KNOTS('',2,(#6210,#6211,#6212),
  .UNSPECIFIED.,.F.,.F.,(3,3),(0.,1.),.PIECEWISE_BEZIER_KNOTS.);
#6210 = CARTESIAN_POINT('',(10.763801978058,-18.45600280761,3.4));
#6211 = CARTESIAN_POINT('',(10.991796769724,-18.28399759928,3.4));
#6212 = CARTESIAN_POINT('',(11.255794165558,-18.28399759928,3.4));
#6213 = PCURVE('',#3809,#6214);
#6214 = DEFINITIONAL_REPRESENTATION('',(#6215),#6219);
#6215 = LINE('',#6216,#6217);
#6216 = CARTESIAN_POINT('',(0.,0.));
#6217 = VECTOR('',#6218,1.);
#6218 = DIRECTION('',(1.,0.));
#6219 = ( GEOMETRIC_REPRESENTATION_CONTEXT(2) 
PARAMETRIC_REPRESENTATION_CONTEXT() REPRESENTATION_CONTEXT('2D SPACE',''
  ) );
#6220 = PCURVE('',#5853,#6221);
#6221 = DEFINITIONAL_REPRESENTATION('',(#6222),#6226);
#6222 = B_SPLINE_CURVE_WITH_KNOTS('',2,(#6223,#6224,#6225),
  .UNSPECIFIED.,.F.,.F.,(3,3),(0.,1.),.PIECEWISE_BEZIER_KNOTS.);
#6223 = CARTESIAN_POINT('',(0.692005208333,1.743997395833));
#6224 = CARTESIAN_POINT('',(0.92,1.916002604167));
#6225 = CARTESIAN_POINT('',(1.183997395833,1.916002604167));
#6226 = ( GEOMETRIC_REPRESENTATION_CONTEXT(2) 
PARAMETRIC_REPRESENTATION_CONTEXT() REPRESENTATION_CONTEXT('2D SPACE',''
  ) );
#6227 = ORIENTED_EDGE('',*,*,#6132,.T.);
#6228 = ORIENTED_EDGE('',*,*,#3779,.F.);
#6229 = ORIENTED_EDGE('',*,*,#6230,.F.);
#6230 = EDGE_CURVE('',#6206,#3780,#6231,.T.);
#6231 = SURFACE_CURVE('',#6232,(#6236,#6243),.PCURVE_S1.);
#6232 = LINE('',#6233,#6234);
#6233 = CARTESIAN_POINT('',(11.255794165558,-18.28399759928,3.4));
#6234 = VECTOR('',#6235,1.);
#6235 = DIRECTION('',(0.,0.,1.));
#6236 = PCURVE('',#3809,#6237);
#6237 = DEFINITIONAL_REPRESENTATION('',(#6238),#6242);
#6238 = LINE('',#6239,#6240);
#6239 = CARTESIAN_POINT('',(1.,0.));
#6240 = VECTOR('',#6241,1.);
#6241 = DIRECTION('',(0.,-1.));
#6242 = ( GEOMETRIC_REPRESENTATION_CONTEXT(2) 
PARAMETRIC_REPRESENTATION_CONTEXT() REPRESENTATION_CONTEXT('2D SPACE',''
  ) );
#6243 = PCURVE('',#3860,#6244);
#6244 = DEFINITIONAL_REPRESENTATION('',(#6245),#6249);
#6245 = LINE('',#6246,#6247);
#6246 = CARTESIAN_POINT('',(0.,0.));
#6247 = VECTOR('',#6248,1.);
#6248 = DIRECTION('',(0.,-1.));
#6249 = ( GEOMETRIC_REPRESENTATION_CONTEXT(2) 
PARAMETRIC_REPRESENTATION_CONTEXT() REPRESENTATION_CONTEXT('2D SPACE',''
  ) );
#6250 = ADVANCED_FACE('',(#6251),#4422,.F.);
#6251 = FACE_BOUND('',#6252,.F.);
#6252 = EDGE_LOOP('',(#6253,#6276,#6297,#6298));
#6253 = ORIENTED_EDGE('',*,*,#6254,.F.);
#6254 = EDGE_CURVE('',#6255,#6157,#6257,.T.);
#6255 = VERTEX_POINT('',#6256);
#6256 = CARTESIAN_POINT('',(11.457792863474,-18.87399759928,3.4));
#6257 = SURFACE_CURVE('',#6258,(#6262,#6269),.PCURVE_S1.);
#6258 = B_SPLINE_CURVE_WITH_KNOTS('',2,(#6259,#6260,#6261),
  .UNSPECIFIED.,.F.,.F.,(3,3),(0.,1.),.PIECEWISE_BEZIER_KNOTS.);
#6259 = CARTESIAN_POINT('',(11.457792863474,-18.87399759928,3.4));
#6260 = CARTESIAN_POINT('',(11.335794165558,-18.72799499511,3.4));
#6261 = CARTESIAN_POINT('',(11.123801978058,-18.72799499511,3.4));
#6262 = PCURVE('',#4422,#6263);
#6263 = DEFINITIONAL_REPRESENTATION('',(#6264),#6268);
#6264 = LINE('',#6265,#6266);
#6265 = CARTESIAN_POINT('',(0.,0.));
#6266 = VECTOR('',#6267,1.);
#6267 = DIRECTION('',(1.,0.));
#6268 = ( GEOMETRIC_REPRESENTATION_CONTEXT(2) 
PARAMETRIC_REPRESENTATION_CONTEXT() REPRESENTATION_CONTEXT('2D SPACE',''
  ) );
#6269 = PCURVE('',#5853,#6270);
#6270 = DEFINITIONAL_REPRESENTATION('',(#6271),#6275);
#6271 = B_SPLINE_CURVE_WITH_KNOTS('',2,(#6272,#6273,#6274),
  .UNSPECIFIED.,.F.,.F.,(3,3),(0.,1.),.PIECEWISE_BEZIER_KNOTS.);
#6272 = CARTESIAN_POINT('',(1.38599609375,1.326002604167));
#6273 = CARTESIAN_POINT('',(1.263997395833,1.472005208333));
#6274 = CARTESIAN_POINT('',(1.052005208333,1.472005208333));
#6275 = ( GEOMETRIC_REPRESENTATION_CONTEXT(2) 
PARAMETRIC_REPRESENTATION_CONTEXT() REPRESENTATION_CONTEXT('2D SPACE',''
  ) );
#6276 = ORIENTED_EDGE('',*,*,#6277,.T.);
#6277 = EDGE_CURVE('',#6255,#4354,#6278,.T.);
#6278 = SURFACE_CURVE('',#6279,(#6283,#6290),.PCURVE_S1.);
#6279 = LINE('',#6280,#6281);
#6280 = CARTESIAN_POINT('',(11.457792863474,-18.87399759928,3.4));
#6281 = VECTOR('',#6282,1.);
#6282 = DIRECTION('',(0.,0.,1.));
#6283 = PCURVE('',#4422,#6284);
#6284 = DEFINITIONAL_REPRESENTATION('',(#6285),#6289);
#6285 = LINE('',#6286,#6287);
#6286 = CARTESIAN_POINT('',(0.,0.));
#6287 = VECTOR('',#6288,1.);
#6288 = DIRECTION('',(0.,-1.));
#6289 = ( GEOMETRIC_REPRESENTATION_CONTEXT(2) 
PARAMETRIC_REPRESENTATION_CONTEXT() REPRESENTATION_CONTEXT('2D SPACE',''
  ) );
#6290 = PCURVE('',#4375,#6291);
#6291 = DEFINITIONAL_REPRESENTATION('',(#6292),#6296);
#6292 = LINE('',#6293,#6294);
#6293 = CARTESIAN_POINT('',(1.,0.));
#6294 = VECTOR('',#6295,1.);
#6295 = DIRECTION('',(0.,-1.));
#6296 = ( GEOMETRIC_REPRESENTATION_CONTEXT(2) 
PARAMETRIC_REPRESENTATION_CONTEXT() REPRESENTATION_CONTEXT('2D SPACE',''
  ) );
#6297 = ORIENTED_EDGE('',*,*,#4392,.F.);
#6298 = ORIENTED_EDGE('',*,*,#6179,.F.);
#6299 = ADVANCED_FACE('',(#6300),#3860,.F.);
#6300 = FACE_BOUND('',#6301,.F.);
#6301 = EDGE_LOOP('',(#6302,#6325,#6326,#6327));
#6302 = ORIENTED_EDGE('',*,*,#6303,.F.);
#6303 = EDGE_CURVE('',#6206,#6304,#6306,.T.);
#6304 = VERTEX_POINT('',#6305);
#6305 = CARTESIAN_POINT('',(11.893795467641,-18.5559962972,3.4));
#6306 = SURFACE_CURVE('',#6307,(#6311,#6318),.PCURVE_S1.);
#6307 = B_SPLINE_CURVE_WITH_KNOTS('',2,(#6308,#6309,#6310),
  .UNSPECIFIED.,.F.,.F.,(3,3),(0.,1.),.PIECEWISE_BEZIER_KNOTS.);
#6308 = CARTESIAN_POINT('',(11.255794165558,-18.28399759928,3.4));
#6309 = CARTESIAN_POINT('',(11.647799373891,-18.28399759928,3.4));
#6310 = CARTESIAN_POINT('',(11.893795467641,-18.5559962972,3.4));
#6311 = PCURVE('',#3860,#6312);
#6312 = DEFINITIONAL_REPRESENTATION('',(#6313),#6317);
#6313 = LINE('',#6314,#6315);
#6314 = CARTESIAN_POINT('',(0.,0.));
#6315 = VECTOR('',#6316,1.);
#6316 = DIRECTION('',(1.,0.));
#6317 = ( GEOMETRIC_REPRESENTATION_CONTEXT(2) 
PARAMETRIC_REPRESENTATION_CONTEXT() REPRESENTATION_CONTEXT('2D SPACE',''
  ) );
#6318 = PCURVE('',#5853,#6319);
#6319 = DEFINITIONAL_REPRESENTATION('',(#6320),#6324);
#6320 = B_SPLINE_CURVE_WITH_KNOTS('',2,(#6321,#6322,#6323),
  .UNSPECIFIED.,.F.,.F.,(3,3),(0.,1.),.PIECEWISE_BEZIER_KNOTS.);
#6321 = CARTESIAN_POINT('',(1.183997395833,1.916002604167));
#6322 = CARTESIAN_POINT('',(1.576002604167,1.916002604167));
#6323 = CARTESIAN_POINT('',(1.821998697917,1.64400390625));
#6324 = ( GEOMETRIC_REPRESENTATION_CONTEXT(2) 
PARAMETRIC_REPRESENTATION_CONTEXT() REPRESENTATION_CONTEXT('2D SPACE',''
  ) );
#6325 = ORIENTED_EDGE('',*,*,#6230,.T.);
#6326 = ORIENTED_EDGE('',*,*,#3830,.F.);
#6327 = ORIENTED_EDGE('',*,*,#6328,.F.);
#6328 = EDGE_CURVE('',#6304,#3831,#6329,.T.);
#6329 = SURFACE_CURVE('',#6330,(#6334,#6341),.PCURVE_S1.);
#6330 = LINE('',#6331,#6332);
#6331 = CARTESIAN_POINT('',(11.893795467641,-18.5559962972,3.4));
#6332 = VECTOR('',#6333,1.);
#6333 = DIRECTION('',(0.,0.,1.));
#6334 = PCURVE('',#3860,#6335);
#6335 = DEFINITIONAL_REPRESENTATION('',(#6336),#6340);
#6336 = LINE('',#6337,#6338);
#6337 = CARTESIAN_POINT('',(1.,0.));
#6338 = VECTOR('',#6339,1.);
#6339 = DIRECTION('',(0.,-1.));
#6340 = ( GEOMETRIC_REPRESENTATION_CONTEXT(2) 
PARAMETRIC_REPRESENTATION_CONTEXT() REPRESENTATION_CONTEXT('2D SPACE',''
  ) );
#6341 = PCURVE('',#3915,#6342);
#6342 = DEFINITIONAL_REPRESENTATION('',(#6343),#6347);
#6343 = LINE('',#6344,#6345);
#6344 = CARTESIAN_POINT('',(0.,0.));
#6345 = VECTOR('',#6346,1.);
#6346 = DIRECTION('',(0.,-1.));
#6347 = ( GEOMETRIC_REPRESENTATION_CONTEXT(2) 
PARAMETRIC_REPRESENTATION_CONTEXT() REPRESENTATION_CONTEXT('2D SPACE',''
  ) );
#6348 = ADVANCED_FACE('',(#6349),#4375,.F.);
#6349 = FACE_BOUND('',#6350,.F.);
#6350 = EDGE_LOOP('',(#6351,#6374,#6395,#6396));
#6351 = ORIENTED_EDGE('',*,*,#6352,.F.);
#6352 = EDGE_CURVE('',#6353,#6255,#6355,.T.);
#6353 = VERTEX_POINT('',#6354);
#6354 = CARTESIAN_POINT('',(11.579791561391,-19.27600280761,3.4));
#6355 = SURFACE_CURVE('',#6356,(#6360,#6367),.PCURVE_S1.);
#6356 = B_SPLINE_CURVE_WITH_KNOTS('',2,(#6357,#6358,#6359),
  .UNSPECIFIED.,.F.,.F.,(3,3),(0.,1.),.PIECEWISE_BEZIER_KNOTS.);
#6357 = CARTESIAN_POINT('',(11.579791561391,-19.27600280761,3.4));
#6358 = CARTESIAN_POINT('',(11.579791561391,-19.02000020345,3.4));
#6359 = CARTESIAN_POINT('',(11.457792863474,-18.87399759928,3.4));
#6360 = PCURVE('',#4375,#6361);
#6361 = DEFINITIONAL_REPRESENTATION('',(#6362),#6366);
#6362 = LINE('',#6363,#6364);
#6363 = CARTESIAN_POINT('',(0.,0.));
#6364 = VECTOR('',#6365,1.);
#6365 = DIRECTION('',(1.,0.));
#6366 = ( GEOMETRIC_REPRESENTATION_CONTEXT(2) 
PARAMETRIC_REPRESENTATION_CONTEXT() REPRESENTATION_CONTEXT('2D SPACE',''
  ) );
#6367 = PCURVE('',#5853,#6368);
#6368 = DEFINITIONAL_REPRESENTATION('',(#6369),#6373);
#6369 = B_SPLINE_CURVE_WITH_KNOTS('',2,(#6370,#6371,#6372),
  .UNSPECIFIED.,.F.,.F.,(3,3),(0.,1.),.PIECEWISE_BEZIER_KNOTS.);
#6370 = CARTESIAN_POINT('',(1.507994791667,0.923997395833));
#6371 = CARTESIAN_POINT('',(1.507994791667,1.18));
#6372 = CARTESIAN_POINT('',(1.38599609375,1.326002604167));
#6373 = ( GEOMETRIC_REPRESENTATION_CONTEXT(2) 
PARAMETRIC_REPRESENTATION_CONTEXT() REPRESENTATION_CONTEXT('2D SPACE',''
  ) );
#6374 = ORIENTED_EDGE('',*,*,#6375,.T.);
#6375 = EDGE_CURVE('',#6353,#4315,#6376,.T.);
#6376 = SURFACE_CURVE('',#6377,(#6381,#6388),.PCURVE_S1.);
#6377 = LINE('',#6378,#6379);
#6378 = CARTESIAN_POINT('',(11.579791561391,-19.27600280761,3.4));
#6379 = VECTOR('',#6380,1.);
#6380 = DIRECTION('',(0.,0.,1.));
#6381 = PCURVE('',#4375,#6382);
#6382 = DEFINITIONAL_REPRESENTATION('',(#6383),#6387);
#6383 = LINE('',#6384,#6385);
#6384 = CARTESIAN_POINT('',(0.,0.));
#6385 = VECTOR('',#6386,1.);
#6386 = DIRECTION('',(0.,-1.));
#6387 = ( GEOMETRIC_REPRESENTATION_CONTEXT(2) 
PARAMETRIC_REPRESENTATION_CONTEXT() REPRESENTATION_CONTEXT('2D SPACE',''
  ) );
#6388 = PCURVE('',#4336,#6389);
#6389 = DEFINITIONAL_REPRESENTATION('',(#6390),#6394);
#6390 = LINE('',#6391,#6392);
#6391 = CARTESIAN_POINT('',(1.,0.));
#6392 = VECTOR('',#6393,1.);
#6393 = DIRECTION('',(0.,-1.));
#6394 = ( GEOMETRIC_REPRESENTATION_CONTEXT(2) 
PARAMETRIC_REPRESENTATION_CONTEXT() REPRESENTATION_CONTEXT('2D SPACE',''
  ) );
#6395 = ORIENTED_EDGE('',*,*,#4353,.F.);
#6396 = ORIENTED_EDGE('',*,*,#6277,.F.);
#6397 = ADVANCED_FACE('',(#6398),#3915,.F.);
#6398 = FACE_BOUND('',#6399,.F.);
#6399 = EDGE_LOOP('',(#6400,#6423,#6424,#6425));
#6400 = ORIENTED_EDGE('',*,*,#6401,.F.);
#6401 = EDGE_CURVE('',#6304,#6402,#6404,.T.);
#6402 = VERTEX_POINT('',#6403);
#6403 = CARTESIAN_POINT('',(12.139791561391,-19.26399759928,3.4));
#6404 = SURFACE_CURVE('',#6405,(#6409,#6416),.PCURVE_S1.);
#6405 = B_SPLINE_CURVE_WITH_KNOTS('',2,(#6406,#6407,#6408),
  .UNSPECIFIED.,.F.,.F.,(3,3),(0.,1.),.PIECEWISE_BEZIER_KNOTS.);
#6406 = CARTESIAN_POINT('',(11.893795467641,-18.5559962972,3.4));
#6407 = CARTESIAN_POINT('',(12.139791561391,-18.82799499511,3.4));
#6408 = CARTESIAN_POINT('',(12.139791561391,-19.26399759928,3.4));
#6409 = PCURVE('',#3915,#6410);
#6410 = DEFINITIONAL_REPRESENTATION('',(#6411),#6415);
#6411 = LINE('',#6412,#6413);
#6412 = CARTESIAN_POINT('',(0.,0.));
#6413 = VECTOR('',#6414,1.);
#6414 = DIRECTION('',(1.,0.));
#6415 = ( GEOMETRIC_REPRESENTATION_CONTEXT(2) 
PARAMETRIC_REPRESENTATION_CONTEXT() REPRESENTATION_CONTEXT('2D SPACE',''
  ) );
#6416 = PCURVE('',#5853,#6417);
#6417 = DEFINITIONAL_REPRESENTATION('',(#6418),#6422);
#6418 = B_SPLINE_CURVE_WITH_KNOTS('',2,(#6419,#6420,#6421),
  .UNSPECIFIED.,.F.,.F.,(3,3),(0.,1.),.PIECEWISE_BEZIER_KNOTS.);
#6419 = CARTESIAN_POINT('',(1.821998697917,1.64400390625));
#6420 = CARTESIAN_POINT('',(2.067994791667,1.372005208333));
#6421 = CARTESIAN_POINT('',(2.067994791667,0.936002604167));
#6422 = ( GEOMETRIC_REPRESENTATION_CONTEXT(2) 
PARAMETRIC_REPRESENTATION_CONTEXT() REPRESENTATION_CONTEXT('2D SPACE',''
  ) );
#6423 = ORIENTED_EDGE('',*,*,#6328,.T.);
#6424 = ORIENTED_EDGE('',*,*,#3881,.F.);
#6425 = ORIENTED_EDGE('',*,*,#6426,.F.);
#6426 = EDGE_CURVE('',#6402,#3882,#6427,.T.);
#6427 = SURFACE_CURVE('',#6428,(#6432,#6439),.PCURVE_S1.);
#6428 = LINE('',#6429,#6430);
#6429 = CARTESIAN_POINT('',(12.139791561391,-19.26399759928,3.4));
#6430 = VECTOR('',#6431,1.);
#6431 = DIRECTION('',(0.,0.,1.));
#6432 = PCURVE('',#3915,#6433);
#6433 = DEFINITIONAL_REPRESENTATION('',(#6434),#6438);
#6434 = LINE('',#6435,#6436);
#6435 = CARTESIAN_POINT('',(1.,0.));
#6436 = VECTOR('',#6437,1.);
#6437 = DIRECTION('',(0.,-1.));
#6438 = ( GEOMETRIC_REPRESENTATION_CONTEXT(2) 
PARAMETRIC_REPRESENTATION_CONTEXT() REPRESENTATION_CONTEXT('2D SPACE',''
  ) );
#6439 = PCURVE('',#3972,#6440);
#6440 = DEFINITIONAL_REPRESENTATION('',(#6441),#6445);
#6441 = LINE('',#6442,#6443);
#6442 = CARTESIAN_POINT('',(0.,0.));
#6443 = VECTOR('',#6444,1.);
#6444 = DIRECTION('',(0.,-1.));
#6445 = ( GEOMETRIC_REPRESENTATION_CONTEXT(2) 
PARAMETRIC_REPRESENTATION_CONTEXT() REPRESENTATION_CONTEXT('2D SPACE',''
  ) );
#6446 = ADVANCED_FACE('',(#6447),#4336,.F.);
#6447 = FACE_BOUND('',#6448,.F.);
#6448 = EDGE_LOOP('',(#6449,#6472,#6493,#6494));
#6449 = ORIENTED_EDGE('',*,*,#6450,.F.);
#6450 = EDGE_CURVE('',#6451,#6353,#6453,.T.);
#6451 = VERTEX_POINT('',#6452);
#6452 = CARTESIAN_POINT('',(11.457792863474,-19.66800150553,3.4));
#6453 = SURFACE_CURVE('',#6454,(#6458,#6465),.PCURVE_S1.);
#6454 = B_SPLINE_CURVE_WITH_KNOTS('',2,(#6455,#6456,#6457),
  .UNSPECIFIED.,.F.,.F.,(3,3),(0.,1.),.PIECEWISE_BEZIER_KNOTS.);
#6455 = CARTESIAN_POINT('',(11.457792863474,-19.66800150553,3.4));
#6456 = CARTESIAN_POINT('',(11.579791561391,-19.52399759928,3.4));
#6457 = CARTESIAN_POINT('',(11.579791561391,-19.27600280761,3.4));
#6458 = PCURVE('',#4336,#6459);
#6459 = DEFINITIONAL_REPRESENTATION('',(#6460),#6464);
#6460 = LINE('',#6461,#6462);
#6461 = CARTESIAN_POINT('',(0.,0.));
#6462 = VECTOR('',#6463,1.);
#6463 = DIRECTION('',(1.,0.));
#6464 = ( GEOMETRIC_REPRESENTATION_CONTEXT(2) 
PARAMETRIC_REPRESENTATION_CONTEXT() REPRESENTATION_CONTEXT('2D SPACE',''
  ) );
#6465 = PCURVE('',#5853,#6466);
#6466 = DEFINITIONAL_REPRESENTATION('',(#6467),#6471);
#6467 = B_SPLINE_CURVE_WITH_KNOTS('',2,(#6468,#6469,#6470),
  .UNSPECIFIED.,.F.,.F.,(3,3),(0.,1.),.PIECEWISE_BEZIER_KNOTS.);
#6468 = CARTESIAN_POINT('',(1.38599609375,0.531998697917));
#6469 = CARTESIAN_POINT('',(1.507994791667,0.676002604167));
#6470 = CARTESIAN_POINT('',(1.507994791667,0.923997395833));
#6471 = ( GEOMETRIC_REPRESENTATION_CONTEXT(2) 
PARAMETRIC_REPRESENTATION_CONTEXT() REPRESENTATION_CONTEXT('2D SPACE',''
  ) );
#6472 = ORIENTED_EDGE('',*,*,#6473,.T.);
#6473 = EDGE_CURVE('',#6451,#4264,#6474,.T.);
#6474 = SURFACE_CURVE('',#6475,(#6479,#6486),.PCURVE_S1.);
#6475 = LINE('',#6476,#6477);
#6476 = CARTESIAN_POINT('',(11.457792863474,-19.66800150553,3.4));
#6477 = VECTOR('',#6478,1.);
#6478 = DIRECTION('',(0.,0.,1.));
#6479 = PCURVE('',#4336,#6480);
#6480 = DEFINITIONAL_REPRESENTATION('',(#6481),#6485);
#6481 = LINE('',#6482,#6483);
#6482 = CARTESIAN_POINT('',(0.,0.));
#6483 = VECTOR('',#6484,1.);
#6484 = DIRECTION('',(0.,-1.));
#6485 = ( GEOMETRIC_REPRESENTATION_CONTEXT(2) 
PARAMETRIC_REPRESENTATION_CONTEXT() REPRESENTATION_CONTEXT('2D SPACE',''
  ) );
#6486 = PCURVE('',#4293,#6487);
#6487 = DEFINITIONAL_REPRESENTATION('',(#6488),#6492);
#6488 = LINE('',#6489,#6490);
#6489 = CARTESIAN_POINT('',(1.,0.));
#6490 = VECTOR('',#6491,1.);
#6491 = DIRECTION('',(0.,-1.));
#6492 = ( GEOMETRIC_REPRESENTATION_CONTEXT(2) 
PARAMETRIC_REPRESENTATION_CONTEXT() REPRESENTATION_CONTEXT('2D SPACE',''
  ) );
#6493 = ORIENTED_EDGE('',*,*,#4314,.F.);
#6494 = ORIENTED_EDGE('',*,*,#6375,.F.);
#6495 = ADVANCED_FACE('',(#6496),#3972,.F.);
#6496 = FACE_BOUND('',#6497,.F.);
#6497 = EDGE_LOOP('',(#6498,#6521,#6522,#6523));
#6498 = ORIENTED_EDGE('',*,*,#6499,.F.);
#6499 = EDGE_CURVE('',#6402,#6500,#6502,.T.);
#6500 = VERTEX_POINT('',#6501);
#6501 = CARTESIAN_POINT('',(11.855794165558,-20.00800150553,3.4));
#6502 = SURFACE_CURVE('',#6503,(#6507,#6514),.PCURVE_S1.);
#6503 = B_SPLINE_CURVE_WITH_KNOTS('',2,(#6504,#6505,#6506),
  .UNSPECIFIED.,.F.,.F.,(3,3),(0.,1.),.PIECEWISE_BEZIER_KNOTS.);
#6504 = CARTESIAN_POINT('',(12.139791561391,-19.26399759928,3.4));
#6505 = CARTESIAN_POINT('',(12.139791561391,-19.72399759928,3.4));
#6506 = CARTESIAN_POINT('',(11.855794165558,-20.00800150553,3.4));
#6507 = PCURVE('',#3972,#6508);
#6508 = DEFINITIONAL_REPRESENTATION('',(#6509),#6513);
#6509 = LINE('',#6510,#6511);
#6510 = CARTESIAN_POINT('',(0.,0.));
#6511 = VECTOR('',#6512,1.);
#6512 = DIRECTION('',(1.,0.));
#6513 = ( GEOMETRIC_REPRESENTATION_CONTEXT(2) 
PARAMETRIC_REPRESENTATION_CONTEXT() REPRESENTATION_CONTEXT('2D SPACE',''
  ) );
#6514 = PCURVE('',#5853,#6515);
#6515 = DEFINITIONAL_REPRESENTATION('',(#6516),#6520);
#6516 = B_SPLINE_CURVE_WITH_KNOTS('',2,(#6517,#6518,#6519),
  .UNSPECIFIED.,.F.,.F.,(3,3),(0.,1.),.PIECEWISE_BEZIER_KNOTS.);
#6517 = CARTESIAN_POINT('',(2.067994791667,0.936002604167));
#6518 = CARTESIAN_POINT('',(2.067994791667,0.476002604167));
#6519 = CARTESIAN_POINT('',(1.783997395833,0.191998697917));
#6520 = ( GEOMETRIC_REPRESENTATION_CONTEXT(2) 
PARAMETRIC_REPRESENTATION_CONTEXT() REPRESENTATION_CONTEXT('2D SPACE',''
  ) );
#6521 = ORIENTED_EDGE('',*,*,#6426,.T.);
#6522 = ORIENTED_EDGE('',*,*,#3938,.F.);
#6523 = ORIENTED_EDGE('',*,*,#6524,.F.);
#6524 = EDGE_CURVE('',#6500,#3939,#6525,.T.);
#6525 = SURFACE_CURVE('',#6526,(#6530,#6537),.PCURVE_S1.);
#6526 = LINE('',#6527,#6528);
#6527 = CARTESIAN_POINT('',(11.855794165558,-20.00800150553,3.4));
#6528 = VECTOR('',#6529,1.);
#6529 = DIRECTION('',(0.,0.,1.));
#6530 = PCURVE('',#3972,#6531);
#6531 = DEFINITIONAL_REPRESENTATION('',(#6532),#6536);
#6532 = LINE('',#6533,#6534);
#6533 = CARTESIAN_POINT('',(1.,0.));
#6534 = VECTOR('',#6535,1.);
#6535 = DIRECTION('',(0.,-1.));
#6536 = ( GEOMETRIC_REPRESENTATION_CONTEXT(2) 
PARAMETRIC_REPRESENTATION_CONTEXT() REPRESENTATION_CONTEXT('2D SPACE',''
  ) );
#6537 = PCURVE('',#4029,#6538);
#6538 = DEFINITIONAL_REPRESENTATION('',(#6539),#6543);
#6539 = LINE('',#6540,#6541);
#6540 = CARTESIAN_POINT('',(0.,0.));
#6541 = VECTOR('',#6542,1.);
#6542 = DIRECTION('',(0.,-1.));
#6543 = ( GEOMETRIC_REPRESENTATION_CONTEXT(2) 
PARAMETRIC_REPRESENTATION_CONTEXT() REPRESENTATION_CONTEXT('2D SPACE',''
  ) );
#6544 = ADVANCED_FACE('',(#6545),#4293,.F.);
#6545 = FACE_BOUND('',#6546,.F.);
#6546 = EDGE_LOOP('',(#6547,#6570,#6591,#6592));
#6547 = ORIENTED_EDGE('',*,*,#6548,.F.);
#6548 = EDGE_CURVE('',#6549,#6451,#6551,.T.);
#6549 = VERTEX_POINT('',#6550);
#6550 = CARTESIAN_POINT('',(11.123801978058,-19.81200541178,3.4));
#6551 = SURFACE_CURVE('',#6552,(#6556,#6563),.PCURVE_S1.);
#6552 = B_SPLINE_CURVE_WITH_KNOTS('',2,(#6553,#6554,#6555),
  .UNSPECIFIED.,.F.,.F.,(3,3),(0.,1.),.PIECEWISE_BEZIER_KNOTS.);
#6553 = CARTESIAN_POINT('',(11.123801978058,-19.81200541178,3.4));
#6554 = CARTESIAN_POINT('',(11.335794165558,-19.81200541178,3.4));
#6555 = CARTESIAN_POINT('',(11.457792863474,-19.66800150553,3.4));
#6556 = PCURVE('',#4293,#6557);
#6557 = DEFINITIONAL_REPRESENTATION('',(#6558),#6562);
#6558 = LINE('',#6559,#6560);
#6559 = CARTESIAN_POINT('',(0.,0.));
#6560 = VECTOR('',#6561,1.);
#6561 = DIRECTION('',(1.,0.));
#6562 = ( GEOMETRIC_REPRESENTATION_CONTEXT(2) 
PARAMETRIC_REPRESENTATION_CONTEXT() REPRESENTATION_CONTEXT('2D SPACE',''
  ) );
#6563 = PCURVE('',#5853,#6564);
#6564 = DEFINITIONAL_REPRESENTATION('',(#6565),#6569);
#6565 = B_SPLINE_CURVE_WITH_KNOTS('',2,(#6566,#6567,#6568),
  .UNSPECIFIED.,.F.,.F.,(3,3),(0.,1.),.PIECEWISE_BEZIER_KNOTS.);
#6566 = CARTESIAN_POINT('',(1.052005208333,0.387994791667));
#6567 = CARTESIAN_POINT('',(1.263997395833,0.387994791667));
#6568 = CARTESIAN_POINT('',(1.38599609375,0.531998697917));
#6569 = ( GEOMETRIC_REPRESENTATION_CONTEXT(2) 
PARAMETRIC_REPRESENTATION_CONTEXT() REPRESENTATION_CONTEXT('2D SPACE',''
  ) );
#6570 = ORIENTED_EDGE('',*,*,#6571,.T.);
#6571 = EDGE_CURVE('',#6549,#4189,#6572,.T.);
#6572 = SURFACE_CURVE('',#6573,(#6577,#6584),.PCURVE_S1.);
#6573 = LINE('',#6574,#6575);
#6574 = CARTESIAN_POINT('',(11.123801978058,-19.81200541178,3.4));
#6575 = VECTOR('',#6576,1.);
#6576 = DIRECTION('',(0.,0.,1.));
#6577 = PCURVE('',#4293,#6578);
#6578 = DEFINITIONAL_REPRESENTATION('',(#6579),#6583);
#6579 = LINE('',#6580,#6581);
#6580 = CARTESIAN_POINT('',(0.,0.));
#6581 = VECTOR('',#6582,1.);
#6582 = DIRECTION('',(0.,-1.));
#6583 = ( GEOMETRIC_REPRESENTATION_CONTEXT(2) 
PARAMETRIC_REPRESENTATION_CONTEXT() REPRESENTATION_CONTEXT('2D SPACE',''
  ) );
#6584 = PCURVE('',#4234,#6585);
#6585 = DEFINITIONAL_REPRESENTATION('',(#6586),#6590);
#6586 = LINE('',#6587,#6588);
#6587 = CARTESIAN_POINT('',(1.,0.));
#6588 = VECTOR('',#6589,1.);
#6589 = DIRECTION('',(0.,-1.));
#6590 = ( GEOMETRIC_REPRESENTATION_CONTEXT(2) 
PARAMETRIC_REPRESENTATION_CONTEXT() REPRESENTATION_CONTEXT('2D SPACE',''
  ) );
#6591 = ORIENTED_EDGE('',*,*,#4263,.F.);
#6592 = ORIENTED_EDGE('',*,*,#6473,.F.);
#6593 = ADVANCED_FACE('',(#6594),#4029,.F.);
#6594 = FACE_BOUND('',#6595,.F.);
#6595 = EDGE_LOOP('',(#6596,#6619,#6620,#6621));
#6596 = ORIENTED_EDGE('',*,*,#6597,.F.);
#6597 = EDGE_CURVE('',#6500,#6598,#6600,.T.);
#6598 = VERTEX_POINT('',#6599);
#6599 = CARTESIAN_POINT('',(11.115794165558,-20.29200541178,3.4));
#6600 = SURFACE_CURVE('',#6601,(#6605,#6612),.PCURVE_S1.);
#6601 = B_SPLINE_CURVE_WITH_KNOTS('',2,(#6602,#6603,#6604),
  .UNSPECIFIED.,.F.,.F.,(3,3),(0.,1.),.PIECEWISE_BEZIER_KNOTS.);
#6602 = CARTESIAN_POINT('',(11.855794165558,-20.00800150553,3.4));
#6603 = CARTESIAN_POINT('',(11.571796769724,-20.29200541178,3.4));
#6604 = CARTESIAN_POINT('',(11.115794165558,-20.29200541178,3.4));
#6605 = PCURVE('',#4029,#6606);
#6606 = DEFINITIONAL_REPRESENTATION('',(#6607),#6611);
#6607 = LINE('',#6608,#6609);
#6608 = CARTESIAN_POINT('',(0.,0.));
#6609 = VECTOR('',#6610,1.);
#6610 = DIRECTION('',(1.,0.));
#6611 = ( GEOMETRIC_REPRESENTATION_CONTEXT(2) 
PARAMETRIC_REPRESENTATION_CONTEXT() REPRESENTATION_CONTEXT('2D SPACE',''
  ) );
#6612 = PCURVE('',#5853,#6613);
#6613 = DEFINITIONAL_REPRESENTATION('',(#6614),#6618);
#6614 = B_SPLINE_CURVE_WITH_KNOTS('',2,(#6615,#6616,#6617),
  .UNSPECIFIED.,.F.,.F.,(3,3),(0.,1.),.PIECEWISE_BEZIER_KNOTS.);
#6615 = CARTESIAN_POINT('',(1.783997395833,0.191998697917));
#6616 = CARTESIAN_POINT('',(1.5,-9.200520833333E-02));
#6617 = CARTESIAN_POINT('',(1.043997395833,-9.200520833333E-02));
#6618 = ( GEOMETRIC_REPRESENTATION_CONTEXT(2) 
PARAMETRIC_REPRESENTATION_CONTEXT() REPRESENTATION_CONTEXT('2D SPACE',''
  ) );
#6619 = ORIENTED_EDGE('',*,*,#6524,.T.);
#6620 = ORIENTED_EDGE('',*,*,#3995,.F.);
#6621 = ORIENTED_EDGE('',*,*,#6622,.F.);
#6622 = EDGE_CURVE('',#6598,#3996,#6623,.T.);
#6623 = SURFACE_CURVE('',#6624,(#6628,#6635),.PCURVE_S1.);
#6624 = LINE('',#6625,#6626);
#6625 = CARTESIAN_POINT('',(11.115794165558,-20.29200541178,3.4));
#6626 = VECTOR('',#6627,1.);
#6627 = DIRECTION('',(0.,0.,1.));
#6628 = PCURVE('',#4029,#6629);
#6629 = DEFINITIONAL_REPRESENTATION('',(#6630),#6634);
#6630 = LINE('',#6631,#6632);
#6631 = CARTESIAN_POINT('',(1.,0.));
#6632 = VECTOR('',#6633,1.);
#6633 = DIRECTION('',(0.,-1.));
#6634 = ( GEOMETRIC_REPRESENTATION_CONTEXT(2) 
PARAMETRIC_REPRESENTATION_CONTEXT() REPRESENTATION_CONTEXT('2D SPACE',''
  ) );
#6635 = PCURVE('',#4086,#6636);
#6636 = DEFINITIONAL_REPRESENTATION('',(#6637),#6641);
#6637 = LINE('',#6638,#6639);
#6638 = CARTESIAN_POINT('',(0.,0.));
#6639 = VECTOR('',#6640,1.);
#6640 = DIRECTION('',(0.,-1.));
#6641 = ( GEOMETRIC_REPRESENTATION_CONTEXT(2) 
PARAMETRIC_REPRESENTATION_CONTEXT() REPRESENTATION_CONTEXT('2D SPACE',''
  ) );
#6642 = ADVANCED_FACE('',(#6643),#4234,.F.);
#6643 = FACE_BOUND('',#6644,.F.);
#6644 = EDGE_LOOP('',(#6645,#6668,#6689,#6690));
#6645 = ORIENTED_EDGE('',*,*,#6646,.F.);
#6646 = EDGE_CURVE('',#6647,#6549,#6649,.T.);
#6647 = VERTEX_POINT('',#6648);
#6648 = CARTESIAN_POINT('',(10.731796769724,-19.46000020345,3.4));
#6649 = SURFACE_CURVE('',#6650,(#6654,#6661),.PCURVE_S1.);
#6650 = B_SPLINE_CURVE_WITH_KNOTS('',2,(#6651,#6652,#6653),
  .UNSPECIFIED.,.F.,.F.,(3,3),(0.,1.),.PIECEWISE_BEZIER_KNOTS.);
#6651 = CARTESIAN_POINT('',(10.731796769724,-19.46000020345,3.4));
#6652 = CARTESIAN_POINT('',(10.751796769724,-19.81200541178,3.4));
#6653 = CARTESIAN_POINT('',(11.123801978058,-19.81200541178,3.4));
#6654 = PCURVE('',#4234,#6655);
#6655 = DEFINITIONAL_REPRESENTATION('',(#6656),#6660);
#6656 = LINE('',#6657,#6658);
#6657 = CARTESIAN_POINT('',(0.,0.));
#6658 = VECTOR('',#6659,1.);
#6659 = DIRECTION('',(1.,0.));
#6660 = ( GEOMETRIC_REPRESENTATION_CONTEXT(2) 
PARAMETRIC_REPRESENTATION_CONTEXT() REPRESENTATION_CONTEXT('2D SPACE',''
  ) );
#6661 = PCURVE('',#5853,#6662);
#6662 = DEFINITIONAL_REPRESENTATION('',(#6663),#6667);
#6663 = B_SPLINE_CURVE_WITH_KNOTS('',2,(#6664,#6665,#6666),
  .UNSPECIFIED.,.F.,.F.,(3,3),(0.,1.),.PIECEWISE_BEZIER_KNOTS.);
#6664 = CARTESIAN_POINT('',(0.66,0.74));
#6665 = CARTESIAN_POINT('',(0.68,0.387994791667));
#6666 = CARTESIAN_POINT('',(1.052005208333,0.387994791667));
#6667 = ( GEOMETRIC_REPRESENTATION_CONTEXT(2) 
PARAMETRIC_REPRESENTATION_CONTEXT() REPRESENTATION_CONTEXT('2D SPACE',''
  ) );
#6668 = ORIENTED_EDGE('',*,*,#6669,.T.);
#6669 = EDGE_CURVE('',#6647,#4161,#6670,.T.);
#6670 = SURFACE_CURVE('',#6671,(#6675,#6682),.PCURVE_S1.);
#6671 = LINE('',#6672,#6673);
#6672 = CARTESIAN_POINT('',(10.731796769724,-19.46000020345,3.4));
#6673 = VECTOR('',#6674,1.);
#6674 = DIRECTION('',(0.,0.,1.));
#6675 = PCURVE('',#4234,#6676);
#6676 = DEFINITIONAL_REPRESENTATION('',(#6677),#6681);
#6677 = LINE('',#6678,#6679);
#6678 = CARTESIAN_POINT('',(0.,0.));
#6679 = VECTOR('',#6680,1.);
#6680 = DIRECTION('',(0.,-1.));
#6681 = ( GEOMETRIC_REPRESENTATION_CONTEXT(2) 
PARAMETRIC_REPRESENTATION_CONTEXT() REPRESENTATION_CONTEXT('2D SPACE',''
  ) );
#6682 = PCURVE('',#4176,#6683);
#6683 = DEFINITIONAL_REPRESENTATION('',(#6684),#6688);
#6684 = LINE('',#6685,#6686);
#6685 = CARTESIAN_POINT('',(0.552005208333,0.));
#6686 = VECTOR('',#6687,1.);
#6687 = DIRECTION('',(0.,-1.));
#6688 = ( GEOMETRIC_REPRESENTATION_CONTEXT(2) 
PARAMETRIC_REPRESENTATION_CONTEXT() REPRESENTATION_CONTEXT('2D SPACE',''
  ) );
#6689 = ORIENTED_EDGE('',*,*,#4188,.F.);
#6690 = ORIENTED_EDGE('',*,*,#6571,.F.);
#6691 = ADVANCED_FACE('',(#6692),#4086,.F.);
#6692 = FACE_BOUND('',#6693,.F.);
#6693 = EDGE_LOOP('',(#6694,#6717,#6718,#6719));
#6694 = ORIENTED_EDGE('',*,*,#6695,.F.);
#6695 = EDGE_CURVE('',#6598,#6696,#6698,.T.);
#6696 = VERTEX_POINT('',#6697);
#6697 = CARTESIAN_POINT('',(10.445800675974,-20.06200541178,3.4));
#6698 = SURFACE_CURVE('',#6699,(#6703,#6710),.PCURVE_S1.);
#6699 = B_SPLINE_CURVE_WITH_KNOTS('',2,(#6700,#6701,#6702),
  .UNSPECIFIED.,.F.,.F.,(3,3),(0.,1.),.PIECEWISE_BEZIER_KNOTS.);
#6700 = CARTESIAN_POINT('',(11.115794165558,-20.29200541178,3.4));
#6701 = CARTESIAN_POINT('',(10.703801978058,-20.29200541178,3.4));
#6702 = CARTESIAN_POINT('',(10.445800675974,-20.06200541178,3.4));
#6703 = PCURVE('',#4086,#6704);
#6704 = DEFINITIONAL_REPRESENTATION('',(#6705),#6709);
#6705 = LINE('',#6706,#6707);
#6706 = CARTESIAN_POINT('',(0.,0.));
#6707 = VECTOR('',#6708,1.);
#6708 = DIRECTION('',(1.,0.));
#6709 = ( GEOMETRIC_REPRESENTATION_CONTEXT(2) 
PARAMETRIC_REPRESENTATION_CONTEXT() REPRESENTATION_CONTEXT('2D SPACE',''
  ) );
#6710 = PCURVE('',#5853,#6711);
#6711 = DEFINITIONAL_REPRESENTATION('',(#6712),#6716);
#6712 = B_SPLINE_CURVE_WITH_KNOTS('',2,(#6713,#6714,#6715),
  .UNSPECIFIED.,.F.,.F.,(3,3),(0.,1.),.PIECEWISE_BEZIER_KNOTS.);
#6713 = CARTESIAN_POINT('',(1.043997395833,-9.200520833333E-02));
#6714 = CARTESIAN_POINT('',(0.632005208333,-9.200520833333E-02));
#6715 = CARTESIAN_POINT('',(0.37400390625,0.137994791667));
#6716 = ( GEOMETRIC_REPRESENTATION_CONTEXT(2) 
PARAMETRIC_REPRESENTATION_CONTEXT() REPRESENTATION_CONTEXT('2D SPACE',''
  ) );
#6717 = ORIENTED_EDGE('',*,*,#6622,.T.);
#6718 = ORIENTED_EDGE('',*,*,#4052,.F.);
#6719 = ORIENTED_EDGE('',*,*,#6720,.F.);
#6720 = EDGE_CURVE('',#6696,#4053,#6721,.T.);
#6721 = SURFACE_CURVE('',#6722,(#6726,#6733),.PCURVE_S1.);
#6722 = LINE('',#6723,#6724);
#6723 = CARTESIAN_POINT('',(10.445800675974,-20.06200541178,3.4));
#6724 = VECTOR('',#6725,1.);
#6725 = DIRECTION('',(0.,0.,1.));
#6726 = PCURVE('',#4086,#6727);
#6727 = DEFINITIONAL_REPRESENTATION('',(#6728),#6732);
#6728 = LINE('',#6729,#6730);
#6729 = CARTESIAN_POINT('',(1.,0.));
#6730 = VECTOR('',#6731,1.);
#6731 = DIRECTION('',(0.,-1.));
#6732 = ( GEOMETRIC_REPRESENTATION_CONTEXT(2) 
PARAMETRIC_REPRESENTATION_CONTEXT() REPRESENTATION_CONTEXT('2D SPACE',''
  ) );
#6733 = PCURVE('',#4139,#6734);
#6734 = DEFINITIONAL_REPRESENTATION('',(#6735),#6739);
#6735 = LINE('',#6736,#6737);
#6736 = CARTESIAN_POINT('',(0.,0.));
#6737 = VECTOR('',#6738,1.);
#6738 = DIRECTION('',(0.,-1.));
#6739 = ( GEOMETRIC_REPRESENTATION_CONTEXT(2) 
PARAMETRIC_REPRESENTATION_CONTEXT() REPRESENTATION_CONTEXT('2D SPACE',''
  ) );
#6740 = ADVANCED_FACE('',(#6741),#4176,.F.);
#6741 = FACE_BOUND('',#6742,.F.);
#6742 = EDGE_LOOP('',(#6743,#6766,#6787,#6788));
#6743 = ORIENTED_EDGE('',*,*,#6744,.F.);
#6744 = EDGE_CURVE('',#6745,#6647,#6747,.T.);
#6745 = VERTEX_POINT('',#6746);
#6746 = CARTESIAN_POINT('',(10.179791561391,-19.46000020345,3.4));
#6747 = SURFACE_CURVE('',#6748,(#6752,#6759),.PCURVE_S1.);
#6748 = LINE('',#6749,#6750);
#6749 = CARTESIAN_POINT('',(10.179791561391,-19.46000020345,3.4));
#6750 = VECTOR('',#6751,1.);
#6751 = DIRECTION('',(1.,0.,0.));
#6752 = PCURVE('',#4176,#6753);
#6753 = DEFINITIONAL_REPRESENTATION('',(#6754),#6758);
#6754 = LINE('',#6755,#6756);
#6755 = CARTESIAN_POINT('',(0.,0.));
#6756 = VECTOR('',#6757,1.);
#6757 = DIRECTION('',(1.,0.));
#6758 = ( GEOMETRIC_REPRESENTATION_CONTEXT(2) 
PARAMETRIC_REPRESENTATION_CONTEXT() REPRESENTATION_CONTEXT('2D SPACE',''
  ) );
#6759 = PCURVE('',#5853,#6760);
#6760 = DEFINITIONAL_REPRESENTATION('',(#6761),#6765);
#6761 = LINE('',#6762,#6763);
#6762 = CARTESIAN_POINT('',(0.107994791667,0.74));
#6763 = VECTOR('',#6764,1.);
#6764 = DIRECTION('',(1.,0.));
#6765 = ( GEOMETRIC_REPRESENTATION_CONTEXT(2) 
PARAMETRIC_REPRESENTATION_CONTEXT() REPRESENTATION_CONTEXT('2D SPACE',''
  ) );
#6766 = ORIENTED_EDGE('',*,*,#6767,.T.);
#6767 = EDGE_CURVE('',#6745,#4110,#6768,.T.);
#6768 = SURFACE_CURVE('',#6769,(#6773,#6780),.PCURVE_S1.);
#6769 = LINE('',#6770,#6771);
#6770 = CARTESIAN_POINT('',(10.179791561391,-19.46000020345,3.4));
#6771 = VECTOR('',#6772,1.);
#6772 = DIRECTION('',(0.,0.,1.));
#6773 = PCURVE('',#4176,#6774);
#6774 = DEFINITIONAL_REPRESENTATION('',(#6775),#6779);
#6775 = LINE('',#6776,#6777);
#6776 = CARTESIAN_POINT('',(0.,0.));
#6777 = VECTOR('',#6778,1.);
#6778 = DIRECTION('',(0.,-1.));
#6779 = ( GEOMETRIC_REPRESENTATION_CONTEXT(2) 
PARAMETRIC_REPRESENTATION_CONTEXT() REPRESENTATION_CONTEXT('2D SPACE',''
  ) );
#6780 = PCURVE('',#4139,#6781);
#6781 = DEFINITIONAL_REPRESENTATION('',(#6782),#6786);
#6782 = LINE('',#6783,#6784);
#6783 = CARTESIAN_POINT('',(1.,0.));
#6784 = VECTOR('',#6785,1.);
#6785 = DIRECTION('',(0.,-1.));
#6786 = ( GEOMETRIC_REPRESENTATION_CONTEXT(2) 
PARAMETRIC_REPRESENTATION_CONTEXT() REPRESENTATION_CONTEXT('2D SPACE',''
  ) );
#6787 = ORIENTED_EDGE('',*,*,#4160,.F.);
#6788 = ORIENTED_EDGE('',*,*,#6669,.F.);
#6789 = ADVANCED_FACE('',(#6790),#4139,.F.);
#6790 = FACE_BOUND('',#6791,.F.);
#6791 = EDGE_LOOP('',(#6792,#6813,#6814,#6815));
#6792 = ORIENTED_EDGE('',*,*,#6793,.F.);
#6793 = EDGE_CURVE('',#6696,#6745,#6794,.T.);
#6794 = SURFACE_CURVE('',#6795,(#6799,#6806),.PCURVE_S1.);
#6795 = B_SPLINE_CURVE_WITH_KNOTS('',2,(#6796,#6797,#6798),
  .UNSPECIFIED.,.F.,.F.,(3,3),(0.,1.),.PIECEWISE_BEZIER_KNOTS.);
#6796 = CARTESIAN_POINT('',(10.445800675974,-20.06200541178,3.4));
#6797 = CARTESIAN_POINT('',(10.187799373891,-19.83200541178,3.4));
#6798 = CARTESIAN_POINT('',(10.179791561391,-19.46000020345,3.4));
#6799 = PCURVE('',#4139,#6800);
#6800 = DEFINITIONAL_REPRESENTATION('',(#6801),#6805);
#6801 = LINE('',#6802,#6803);
#6802 = CARTESIAN_POINT('',(0.,0.));
#6803 = VECTOR('',#6804,1.);
#6804 = DIRECTION('',(1.,0.));
#6805 = ( GEOMETRIC_REPRESENTATION_CONTEXT(2) 
PARAMETRIC_REPRESENTATION_CONTEXT() REPRESENTATION_CONTEXT('2D SPACE',''
  ) );
#6806 = PCURVE('',#5853,#6807);
#6807 = DEFINITIONAL_REPRESENTATION('',(#6808),#6812);
#6808 = B_SPLINE_CURVE_WITH_KNOTS('',2,(#6809,#6810,#6811),
  .UNSPECIFIED.,.F.,.F.,(3,3),(0.,1.),.PIECEWISE_BEZIER_KNOTS.);
#6809 = CARTESIAN_POINT('',(0.37400390625,0.137994791667));
#6810 = CARTESIAN_POINT('',(0.116002604167,0.367994791667));
#6811 = CARTESIAN_POINT('',(0.107994791667,0.74));
#6812 = ( GEOMETRIC_REPRESENTATION_CONTEXT(2) 
PARAMETRIC_REPRESENTATION_CONTEXT() REPRESENTATION_CONTEXT('2D SPACE',''
  ) );
#6813 = ORIENTED_EDGE('',*,*,#6720,.T.);
#6814 = ORIENTED_EDGE('',*,*,#4109,.F.);
#6815 = ORIENTED_EDGE('',*,*,#6767,.F.);
#6816 = ADVANCED_FACE('',(#6817),#5260,.F.);
#6817 = FACE_BOUND('',#6818,.F.);
#6818 = EDGE_LOOP('',(#6819,#6820,#6843,#6871));
#6819 = ORIENTED_EDGE('',*,*,#5242,.T.);
#6820 = ORIENTED_EDGE('',*,*,#6821,.T.);
#6821 = EDGE_CURVE('',#5245,#6822,#6824,.T.);
#6822 = VERTEX_POINT('',#6823);
#6823 = CARTESIAN_POINT('',(22.985323154484,-11.21280291446,1.8));
#6824 = SURFACE_CURVE('',#6825,(#6829,#6836),.PCURVE_S1.);
#6825 = LINE('',#6826,#6827);
#6826 = CARTESIAN_POINT('',(22.985323154484,-11.21280291446,-1.));
#6827 = VECTOR('',#6828,1.);
#6828 = DIRECTION('',(0.,0.,1.));
#6829 = PCURVE('',#5260,#6830);
#6830 = DEFINITIONAL_REPRESENTATION('',(#6831),#6835);
#6831 = LINE('',#6832,#6833);
#6832 = CARTESIAN_POINT('',(0.,0.));
#6833 = VECTOR('',#6834,1.);
#6834 = DIRECTION('',(0.,-1.));
#6835 = ( GEOMETRIC_REPRESENTATION_CONTEXT(2) 
PARAMETRIC_REPRESENTATION_CONTEXT() REPRESENTATION_CONTEXT('2D SPACE',''
  ) );
#6836 = PCURVE('',#5352,#6837);
#6837 = DEFINITIONAL_REPRESENTATION('',(#6838),#6842);
#6838 = LINE('',#6839,#6840);
#6839 = CARTESIAN_POINT('',(3.14159265359,0.));
#6840 = VECTOR('',#6841,1.);
#6841 = DIRECTION('',(0.,-1.));
#6842 = ( GEOMETRIC_REPRESENTATION_CONTEXT(2) 
PARAMETRIC_REPRESENTATION_CONTEXT() REPRESENTATION_CONTEXT('2D SPACE',''
  ) );
#6843 = ORIENTED_EDGE('',*,*,#6844,.T.);
#6844 = EDGE_CURVE('',#6822,#6845,#6847,.T.);
#6845 = VERTEX_POINT('',#6846);
#6846 = CARTESIAN_POINT('',(18.234886774743,-13.32783345846,1.8));
#6847 = SURFACE_CURVE('',#6848,(#6852,#6859),.PCURVE_S1.);
#6848 = LINE('',#6849,#6850);
#6849 = CARTESIAN_POINT('',(22.985323154484,-11.21280291446,1.8));
#6850 = VECTOR('',#6851,1.);
#6851 = DIRECTION('',(-0.913545457643,-0.406736643076,0.));
#6852 = PCURVE('',#5260,#6853);
#6853 = DEFINITIONAL_REPRESENTATION('',(#6854),#6858);
#6854 = LINE('',#6855,#6856);
#6855 = CARTESIAN_POINT('',(0.,-2.8));
#6856 = VECTOR('',#6857,1.);
#6857 = DIRECTION('',(1.,0.));
#6858 = ( GEOMETRIC_REPRESENTATION_CONTEXT(2) 
PARAMETRIC_REPRESENTATION_CONTEXT() REPRESENTATION_CONTEXT('2D SPACE',''
  ) );
#6859 = PCURVE('',#6860,#6865);
#6860 = PLANE('',#6861);
#6861 = AXIS2_PLACEMENT_3D('',#6862,#6863,#6864);
#6862 = CARTESIAN_POINT('',(20.,-10.9,1.8));
#6863 = DIRECTION('',(-0.,-0.,-1.));
#6864 = DIRECTION('',(-1.,0.,0.));
#6865 = DEFINITIONAL_REPRESENTATION('',(#6866),#6870);
#6866 = LINE('',#6867,#6868);
#6867 = CARTESIAN_POINT('',(-2.985323154484,-0.312802914467));
#6868 = VECTOR('',#6869,1.);
#6869 = DIRECTION('',(0.913545457643,-0.406736643076));
#6870 = ( GEOMETRIC_REPRESENTATION_CONTEXT(2) 
PARAMETRIC_REPRESENTATION_CONTEXT() REPRESENTATION_CONTEXT('2D SPACE',''
  ) );
#6871 = ORIENTED_EDGE('',*,*,#6872,.F.);
#6872 = EDGE_CURVE('',#5243,#6845,#6873,.T.);
#6873 = SURFACE_CURVE('',#6874,(#6878,#6885),.PCURVE_S1.);
#6874 = LINE('',#6875,#6876);
#6875 = CARTESIAN_POINT('',(18.234886774743,-13.32783345846,-1.));
#6876 = VECTOR('',#6877,1.);
#6877 = DIRECTION('',(0.,0.,1.));
#6878 = PCURVE('',#5260,#6879);
#6879 = DEFINITIONAL_REPRESENTATION('',(#6880),#6884);
#6880 = LINE('',#6881,#6882);
#6881 = CARTESIAN_POINT('',(5.2,0.));
#6882 = VECTOR('',#6883,1.);
#6883 = DIRECTION('',(0.,-1.));
#6884 = ( GEOMETRIC_REPRESENTATION_CONTEXT(2) 
PARAMETRIC_REPRESENTATION_CONTEXT() REPRESENTATION_CONTEXT('2D SPACE',''
  ) );
#6885 = PCURVE('',#5293,#6886);
#6886 = DEFINITIONAL_REPRESENTATION('',(#6887),#6891);
#6887 = LINE('',#6888,#6889);
#6888 = CARTESIAN_POINT('',(0.,0.));
#6889 = VECTOR('',#6890,1.);
#6890 = DIRECTION('',(0.,-1.));
#6891 = ( GEOMETRIC_REPRESENTATION_CONTEXT(2) 
PARAMETRIC_REPRESENTATION_CONTEXT() REPRESENTATION_CONTEXT('2D SPACE',''
  ) );
#6892 = ADVANCED_FACE('',(#6893),#5352,.F.);
#6893 = FACE_BOUND('',#6894,.F.);
#6894 = EDGE_LOOP('',(#6895,#6896,#6919,#6941));
#6895 = ORIENTED_EDGE('',*,*,#5333,.F.);
#6896 = ORIENTED_EDGE('',*,*,#6897,.T.);
#6897 = EDGE_CURVE('',#5306,#6898,#6900,.T.);
#6898 = VERTEX_POINT('',#6899);
#6899 = CARTESIAN_POINT('',(21.765113225257,-8.472166541539,1.8));
#6900 = SURFACE_CURVE('',#6901,(#6905,#6912),.PCURVE_S1.);
#6901 = LINE('',#6902,#6903);
#6902 = CARTESIAN_POINT('',(21.765113225257,-8.472166541539,-1.));
#6903 = VECTOR('',#6904,1.);
#6904 = DIRECTION('',(0.,0.,1.));
#6905 = PCURVE('',#5352,#6906);
#6906 = DEFINITIONAL_REPRESENTATION('',(#6907),#6911);
#6907 = LINE('',#6908,#6909);
#6908 = CARTESIAN_POINT('',(0.,0.));
#6909 = VECTOR('',#6910,1.);
#6910 = DIRECTION('',(0.,-1.));
#6911 = ( GEOMETRIC_REPRESENTATION_CONTEXT(2) 
PARAMETRIC_REPRESENTATION_CONTEXT() REPRESENTATION_CONTEXT('2D SPACE',''
  ) );
#6912 = PCURVE('',#5321,#6913);
#6913 = DEFINITIONAL_REPRESENTATION('',(#6914),#6918);
#6914 = LINE('',#6915,#6916);
#6915 = CARTESIAN_POINT('',(5.2,0.));
#6916 = VECTOR('',#6917,1.);
#6917 = DIRECTION('',(0.,-1.));
#6918 = ( GEOMETRIC_REPRESENTATION_CONTEXT(2) 
PARAMETRIC_REPRESENTATION_CONTEXT() REPRESENTATION_CONTEXT('2D SPACE',''
  ) );
#6919 = ORIENTED_EDGE('',*,*,#6920,.T.);
#6920 = EDGE_CURVE('',#6898,#6822,#6921,.T.);
#6921 = SURFACE_CURVE('',#6922,(#6927,#6934),.PCURVE_S1.);
#6922 = CIRCLE('',#6923,1.5);
#6923 = AXIS2_PLACEMENT_3D('',#6924,#6925,#6926);
#6924 = CARTESIAN_POINT('',(22.375218189871,-9.842484728003,1.8));
#6925 = DIRECTION('',(0.,0.,-1.));
#6926 = DIRECTION('',(-0.406736643076,0.913545457643,0.));
#6927 = PCURVE('',#5352,#6928);
#6928 = DEFINITIONAL_REPRESENTATION('',(#6929),#6933);
#6929 = LINE('',#6930,#6931);
#6930 = CARTESIAN_POINT('',(0.,-2.8));
#6931 = VECTOR('',#6932,1.);
#6932 = DIRECTION('',(1.,0.));
#6933 = ( GEOMETRIC_REPRESENTATION_CONTEXT(2) 
PARAMETRIC_REPRESENTATION_CONTEXT() REPRESENTATION_CONTEXT('2D SPACE',''
  ) );
#6934 = PCURVE('',#6860,#6935);
#6935 = DEFINITIONAL_REPRESENTATION('',(#6936),#6940);
#6936 = CIRCLE('',#6937,1.5);
#6937 = AXIS2_PLACEMENT_2D('',#6938,#6939);
#6938 = CARTESIAN_POINT('',(-2.375218189871,1.057515271997));
#6939 = DIRECTION('',(0.406736643076,0.913545457643));
#6940 = ( GEOMETRIC_REPRESENTATION_CONTEXT(2) 
PARAMETRIC_REPRESENTATION_CONTEXT() REPRESENTATION_CONTEXT('2D SPACE',''
  ) );
#6941 = ORIENTED_EDGE('',*,*,#6821,.F.);
#6942 = ADVANCED_FACE('',(#6943),#5321,.F.);
#6943 = FACE_BOUND('',#6944,.F.);
#6944 = EDGE_LOOP('',(#6945,#6946,#6969,#6990));
#6945 = ORIENTED_EDGE('',*,*,#5305,.T.);
#6946 = ORIENTED_EDGE('',*,*,#6947,.T.);
#6947 = EDGE_CURVE('',#5273,#6948,#6950,.T.);
#6948 = VERTEX_POINT('',#6949);
#6949 = CARTESIAN_POINT('',(17.014676845516,-10.58719708553,1.8));
#6950 = SURFACE_CURVE('',#6951,(#6955,#6962),.PCURVE_S1.);
#6951 = LINE('',#6952,#6953);
#6952 = CARTESIAN_POINT('',(17.014676845516,-10.58719708553,-1.));
#6953 = VECTOR('',#6954,1.);
#6954 = DIRECTION('',(0.,0.,1.));
#6955 = PCURVE('',#5321,#6956);
#6956 = DEFINITIONAL_REPRESENTATION('',(#6957),#6961);
#6957 = LINE('',#6958,#6959);
#6958 = CARTESIAN_POINT('',(0.,0.));
#6959 = VECTOR('',#6960,1.);
#6960 = DIRECTION('',(0.,-1.));
#6961 = ( GEOMETRIC_REPRESENTATION_CONTEXT(2) 
PARAMETRIC_REPRESENTATION_CONTEXT() REPRESENTATION_CONTEXT('2D SPACE',''
  ) );
#6962 = PCURVE('',#5293,#6963);
#6963 = DEFINITIONAL_REPRESENTATION('',(#6964),#6968);
#6964 = LINE('',#6965,#6966);
#6965 = CARTESIAN_POINT('',(3.14159265359,0.));
#6966 = VECTOR('',#6967,1.);
#6967 = DIRECTION('',(0.,-1.));
#6968 = ( GEOMETRIC_REPRESENTATION_CONTEXT(2) 
PARAMETRIC_REPRESENTATION_CONTEXT() REPRESENTATION_CONTEXT('2D SPACE',''
  ) );
#6969 = ORIENTED_EDGE('',*,*,#6970,.T.);
#6970 = EDGE_CURVE('',#6948,#6898,#6971,.T.);
#6971 = SURFACE_CURVE('',#6972,(#6976,#6983),.PCURVE_S1.);
#6972 = LINE('',#6973,#6974);
#6973 = CARTESIAN_POINT('',(17.014676845516,-10.58719708553,1.8));
#6974 = VECTOR('',#6975,1.);
#6975 = DIRECTION('',(0.913545457643,0.406736643076,0.));
#6976 = PCURVE('',#5321,#6977);
#6977 = DEFINITIONAL_REPRESENTATION('',(#6978),#6982);
#6978 = LINE('',#6979,#6980);
#6979 = CARTESIAN_POINT('',(0.,-2.8));
#6980 = VECTOR('',#6981,1.);
#6981 = DIRECTION('',(1.,0.));
#6982 = ( GEOMETRIC_REPRESENTATION_CONTEXT(2) 
PARAMETRIC_REPRESENTATION_CONTEXT() REPRESENTATION_CONTEXT('2D SPACE',''
  ) );
#6983 = PCURVE('',#6860,#6984);
#6984 = DEFINITIONAL_REPRESENTATION('',(#6985),#6989);
#6985 = LINE('',#6986,#6987);
#6986 = CARTESIAN_POINT('',(2.985323154484,0.312802914467));
#6987 = VECTOR('',#6988,1.);
#6988 = DIRECTION('',(-0.913545457643,0.406736643076));
#6989 = ( GEOMETRIC_REPRESENTATION_CONTEXT(2) 
PARAMETRIC_REPRESENTATION_CONTEXT() REPRESENTATION_CONTEXT('2D SPACE',''
  ) );
#6990 = ORIENTED_EDGE('',*,*,#6897,.F.);
#6991 = ADVANCED_FACE('',(#6992),#5293,.F.);
#6992 = FACE_BOUND('',#6993,.F.);
#6993 = EDGE_LOOP('',(#6994,#6995,#6996,#7018));
#6994 = ORIENTED_EDGE('',*,*,#5272,.F.);
#6995 = ORIENTED_EDGE('',*,*,#6872,.T.);
#6996 = ORIENTED_EDGE('',*,*,#6997,.T.);
#6997 = EDGE_CURVE('',#6845,#6948,#6998,.T.);
#6998 = SURFACE_CURVE('',#6999,(#7004,#7011),.PCURVE_S1.);
#6999 = CIRCLE('',#7000,1.5);
#7000 = AXIS2_PLACEMENT_3D('',#7001,#7002,#7003);
#7001 = CARTESIAN_POINT('',(17.624781810129,-11.95751527199,1.8));
#7002 = DIRECTION('',(0.,-0.,-1.));
#7003 = DIRECTION('',(0.406736643076,-0.913545457643,0.));
#7004 = PCURVE('',#5293,#7005);
#7005 = DEFINITIONAL_REPRESENTATION('',(#7006),#7010);
#7006 = LINE('',#7007,#7008);
#7007 = CARTESIAN_POINT('',(0.,-2.8));
#7008 = VECTOR('',#7009,1.);
#7009 = DIRECTION('',(1.,0.));
#7010 = ( GEOMETRIC_REPRESENTATION_CONTEXT(2) 
PARAMETRIC_REPRESENTATION_CONTEXT() REPRESENTATION_CONTEXT('2D SPACE',''
  ) );
#7011 = PCURVE('',#6860,#7012);
#7012 = DEFINITIONAL_REPRESENTATION('',(#7013),#7017);
#7013 = CIRCLE('',#7014,1.5);
#7014 = AXIS2_PLACEMENT_2D('',#7015,#7016);
#7015 = CARTESIAN_POINT('',(2.375218189871,-1.057515271997));
#7016 = DIRECTION('',(-0.406736643076,-0.913545457643));
#7017 = ( GEOMETRIC_REPRESENTATION_CONTEXT(2) 
PARAMETRIC_REPRESENTATION_CONTEXT() REPRESENTATION_CONTEXT('2D SPACE',''
  ) );
#7018 = ORIENTED_EDGE('',*,*,#6947,.F.);
#7019 = ADVANCED_FACE('',(#7020),#5471,.T.);
#7020 = FACE_BOUND('',#7021,.T.);
#7021 = EDGE_LOOP('',(#7022));
#7022 = ORIENTED_EDGE('',*,*,#5456,.T.);
#7023 = ADVANCED_FACE('',(#7024),#5505,.T.);
#7024 = FACE_BOUND('',#7025,.F.);
#7025 = EDGE_LOOP('',(#7026,#7027,#7028,#7029,#7030,#7031,#7032));
#7026 = ORIENTED_EDGE('',*,*,#5487,.T.);
#7027 = ORIENTED_EDGE('',*,*,#5563,.T.);
#7028 = ORIENTED_EDGE('',*,*,#5661,.T.);
#7029 = ORIENTED_EDGE('',*,*,#5759,.T.);
#7030 = ORIENTED_EDGE('',*,*,#5808,.T.);
#7031 = ORIENTED_EDGE('',*,*,#5710,.T.);
#7032 = ORIENTED_EDGE('',*,*,#5612,.T.);
#7033 = ADVANCED_FACE('',(#7034),#5853,.T.);
#7034 = FACE_BOUND('',#7035,.F.);
#7035 = EDGE_LOOP('',(#7036,#7037,#7038,#7039,#7040,#7041,#7042,#7043,
    #7044,#7045,#7046,#7047,#7048,#7049,#7050,#7051,#7052,#7053,#7054,
    #7055));
#7036 = ORIENTED_EDGE('',*,*,#5835,.T.);
#7037 = ORIENTED_EDGE('',*,*,#5911,.T.);
#7038 = ORIENTED_EDGE('',*,*,#6009,.T.);
#7039 = ORIENTED_EDGE('',*,*,#6107,.T.);
#7040 = ORIENTED_EDGE('',*,*,#6205,.T.);
#7041 = ORIENTED_EDGE('',*,*,#6303,.T.);
#7042 = ORIENTED_EDGE('',*,*,#6401,.T.);
#7043 = ORIENTED_EDGE('',*,*,#6499,.T.);
#7044 = ORIENTED_EDGE('',*,*,#6597,.T.);
#7045 = ORIENTED_EDGE('',*,*,#6695,.T.);
#7046 = ORIENTED_EDGE('',*,*,#6793,.T.);
#7047 = ORIENTED_EDGE('',*,*,#6744,.T.);
#7048 = ORIENTED_EDGE('',*,*,#6646,.T.);
#7049 = ORIENTED_EDGE('',*,*,#6548,.T.);
#7050 = ORIENTED_EDGE('',*,*,#6450,.T.);
#7051 = ORIENTED_EDGE('',*,*,#6352,.T.);
#7052 = ORIENTED_EDGE('',*,*,#6254,.T.);
#7053 = ORIENTED_EDGE('',*,*,#6156,.T.);
#7054 = ORIENTED_EDGE('',*,*,#6058,.T.);
#7055 = ORIENTED_EDGE('',*,*,#5960,.T.);
#7056 = ADVANCED_FACE('',(#7057),#6860,.T.);
#7057 = FACE_BOUND('',#7058,.T.);
#7058 = EDGE_LOOP('',(#7059,#7060,#7061,#7062));
#7059 = ORIENTED_EDGE('',*,*,#6844,.T.);
#7060 = ORIENTED_EDGE('',*,*,#6997,.T.);
#7061 = ORIENTED_EDGE('',*,*,#6970,.T.);
#7062 = ORIENTED_EDGE('',*,*,#6920,.T.);
#7063 = ( GEOMETRIC_REPRESENTATION_CONTEXT(3) 
GLOBAL_UNCERTAINTY_ASSIGNED_CONTEXT((#7067)) 
GLOBAL_UNIT_ASSIGNED_CONTEXT((#7064,#7065,#7066)) REPRESENTATION_CONTEXT
('Context #1','3D Context with UNIT and UNCERTAINTY') );
#7064 = ( LENGTH_UNIT() NAMED_UNIT(*) SI_UNIT(.MILLI.,.METRE.) );
#7065 = ( NAMED_UNIT(*) PLANE_ANGLE_UNIT() SI_UNIT($,.RADIAN.) );
#7066 = ( NAMED_UNIT(*) SI_UNIT($,.STERADIAN.) SOLID_ANGLE_UNIT() );
#7067 = UNCERTAINTY_MEASURE_WITH_UNIT(LENGTH_MEASURE(2.E-06),#7064,
  'distance_accuracy_value','confusion accuracy');
#7068 = CONTEXT_DEPENDENT_SHAPE_REPRESENTATION(#7069,#7071);
#7069 = ( REPRESENTATION_RELATIONSHIP('','',#2255,#10) 
REPRESENTATION_RELATIONSHIP_WITH_TRANSFORMATION(#7070) 
SHAPE_REPRESENTATION_RELATIONSHIP() );
#7070 = ITEM_DEFINED_TRANSFORMATION('','',#11,#19);
#7071 = PRODUCT_DEFINITION_SHAPE('Placement','Placement of an item',
  #7072);
#7072 = NEXT_ASSEMBLY_USAGE_OCCURRENCE('6','','',#5,#2250,$);
#7073 = PRODUCT_RELATED_PRODUCT_CATEGORY('part',$,(#2252));
ENDSEC;
END-ISO-10303-21;
