ISO-10303-21;
HEADER;
FILE_DESCRIPTION(('Open CASCADE Model'),'2;1');
FILE_NAME('Open CASCADE Shape Model','2026-09-28T12:09:41',('Author'),(
    'Open CASCADE'),'Open CASCADE STEP processor 7.9','Open CASCADE 7.9'
  ,'Unknown');
FILE_SCHEMA(('AUTOMOTIVE_DESIGN { 1 0 10303 214 1 1 1 1 }'));
ENDSEC;
DATA;
#1 = APPLICATION_PROTOCOL_DEFINITION('international standard',
  'automotive_design',2000,#2);
#2 = APPLICATION_CONTEXT(
  'core data for automotive mechanical design processes');
#3 = SHAPE_DEFINITION_REPRESENTATION(#4,#10);
#4 = PRODUCT_DEFINITION_SHAPE('','',#5);
#5 = PRODUCT_DEFINITION('design','',#6,#9);
#6 = PRODUCT_DEFINITION_FORMATION('','',#7);
#7 = PRODUCT('Open CASCADE STEP translator 7.9 6',
  'Open CASCADE STEP translator 7.9 6','',(#8));
#8 = PRODUCT_CONTEXT('',#2,'mechanical');
#9 = PRODUCT_DEFINITION_CONTEXT('part definition',#2,'design');
#10 = SHAPE_REPRESENTATION('',(#11,#15,#19),#23);
#11 = AXIS2_PLACEMENT_3D('',#12,#13,#14);
#12 = CARTESIAN_POINT('',(0.,0.,0.));
#13 = DIRECTION('',(0.,0.,1.));
#14 = DIRECTION('',(1.,0.,-0.));
#15 = AXIS2_PLACEMENT_3D('',#16,#17,#18);
#16 = CARTESIAN_POINT('',(0.,0.,0.));
#17 = DIRECTION('',(0.,0.,1.));
#18 = DIRECTION('',(1.,0.,-0.));
#19 = AXIS2_PLACEMENT_3D('',#20,#21,#22);
#20 = CARTESIAN_POINT('',(0.,0.,0.));
#21 = DIRECTION('',(0.,0.,1.));
#22 = DIRECTION('',(1.,0.,-0.));
#23 = ( GEOMETRIC_REPRESENTATION_CONTEXT(3) 
GLOBAL_UNCERTAINTY_ASSIGNED_CONTEXT((#27)) GLOBAL_UNIT_ASSIGNED_CONTEXT(
(#24,#25,#26)) REPRESENTATION_CONTEXT('Context #1',
  '3D Context with UNIT and UNCERTAINTY') );
#24 = ( LENGTH_UNIT() NAMED_UNIT(*) SI_UNIT(.MILLI.,.METRE.) );
#25 = ( NAMED_UNIT(*) PLANE_ANGLE_UNIT() SI_UNIT($,.RADIAN.) );
#26 = ( NAMED_UNIT(*) SI_UNIT($,.STERADIAN.) SOLID_ANGLE_UNIT() );
#27 = UNCERTAINTY_MEASURE_WITH_UNIT(LENGTH_MEASURE(2.E-06),#24,
  'distance_accuracy_value','confusion accuracy');
#28 = PRODUCT_RELATED_PRODUCT_CATEGORY('part',$,(#7));
#29 = SHAPE_DEFINITION_REPRESENTATION(#30,#36);
#30 = PRODUCT_DEFINITION_SHAPE('','',#31);
#31 = PRODUCT_DEFINITION('design','',#32,#35);
#32 = PRODUCT_DEFINITION_FORMATION('','',#33);
#33 = PRODUCT('Open CASCADE STEP translator 7.9 6.1',
  'Open CASCADE STEP translator 7.9 6.1','',(#34));
#34 = PRODUCT_CONTEXT('',#2,'mechanical');
#35 = PRODUCT_DEFINITION_CONTEXT('part definition',#2,'design');
#36 = ADVANCED_BREP_SHAPE_REPRESENTATION('',(#11,#37),#2237);
#37 = MANIFOLD_SOLID_BREP('',#38);
#38 = CLOSED_SHELL('',(#39,#329,#447,#1129,#1190,#1903,#1928,#1961,#1968
    ,#2023,#2099,#2149,#2198,#2226,#2230));
#39 = ADVANCED_FACE('',(#40),#56,.F.);
#40 = FACE_BOUND('',#41,.F.);
#41 = EDGE_LOOP('',(#42,#137,#217,#251));
#42 = ORIENTED_EDGE('',*,*,#43,.F.);
#43 = EDGE_CURVE('',#44,#46,#48,.T.);
#44 = VERTEX_POINT('',#45);
#45 = CARTESIAN_POINT('',(-27.98564361377,3.125,0.));
#46 = VERTEX_POINT('',#47);
#47 = CARTESIAN_POINT('',(-26.68596482884,3.125,4.));
#48 = SURFACE_CURVE('',#49,(#55,#123),.PCURVE_S1.);
#49 = B_SPLINE_CURVE_WITH_KNOTS('',4,(#50,#51,#52,#53,#54),
  .UNSPECIFIED.,.F.,.F.,(5,5),(0.,1.),.PIECEWISE_BEZIER_KNOTS.);
#50 = CARTESIAN_POINT('',(-27.98564361377,3.125,0.));
#51 = CARTESIAN_POINT('',(-27.66072391753,3.125,1.));
#52 = CARTESIAN_POINT('',(-27.3358042213,3.125,2.));
#53 = CARTESIAN_POINT('',(-27.01088452507,3.125,3.));
#54 = CARTESIAN_POINT('',(-26.68596482884,3.125,4.));
#55 = PCURVE('',#56,#115);
#56 = B_SPLINE_SURFACE_WITH_KNOTS('',3,1,(
    (#57,#58)
    ,(#59,#60)
    ,(#61,#62)
    ,(#63,#64)
    ,(#65,#66)
    ,(#67,#68)
    ,(#69,#70)
    ,(#71,#72)
    ,(#73,#74)
    ,(#75,#76)
    ,(#77,#78)
    ,(#79,#80)
    ,(#81,#82)
    ,(#83,#84)
    ,(#85,#86)
    ,(#87,#88)
    ,(#89,#90)
    ,(#91,#92)
    ,(#93,#94)
    ,(#95,#96)
    ,(#97,#98)
    ,(#99,#100)
    ,(#101,#102)
    ,(#103,#104)
    ,(#105,#106)
    ,(#107,#108)
    ,(#109,#110)
    ,(#111,#112)
    ,(#113,#114
    )),.UNSPECIFIED.,.T.,.F.,.F.,(1,1,2,1,1,1,1,1,1,1,1,1,1,1,1,1,1,1,1,
    1,1,1,1,1,1,1,1,1,2,1,1),(2,2),(-11.12863082616,-5.192301994299,0.,
    5.192301994299,11.128630826161,17.776938881599,24.45001912988,
    31.413495273302,37.423694937206,45.431347527073,54.799378269977,
    61.156264300103,65.497922969321,69.325454811122,73.816557125699,
    78.820555526978,83.824553928257,88.315656242834,92.143188084635,
    96.484846753853,102.84173278397,112.20976352688,120.21741611674,
    126.22761578065,133.19109192407,139.86417217235,146.51248022779,
    152.44880905965,157.64111105395,162.83341304825,168.76974188011),(0.
    ,1.),.UNSPECIFIED.);
#57 = CARTESIAN_POINT('',(-28.19467798052,1.242076884596,0.));
#58 = CARTESIAN_POINT('',(-26.89499919559,1.242076884596,4.));
#59 = CARTESIAN_POINT('',(-27.80532201947,4.757923115404,0.));
#60 = CARTESIAN_POINT('',(-26.50564323454,4.757923115404,4.));
#61 = CARTESIAN_POINT('',(-26.75646873277,8.336215308645,0.));
#62 = CARTESIAN_POINT('',(-25.45678994784,8.336215308645,4.));
#63 = CARTESIAN_POINT('',(-23.41828871055,13.340548207808,0.));
#64 = CARTESIAN_POINT('',(-22.11860992562,13.340548207808,4.));
#65 = CARTESIAN_POINT('',(-18.75681809731,17.798094545236,0.));
#66 = CARTESIAN_POINT('',(-17.45713931238,17.798094545236,4.));
#67 = CARTESIAN_POINT('',(-12.85133167509,21.317370819243,0.));
#68 = CARTESIAN_POINT('',(-11.55165289016,21.317370819243,4.));
#69 = CARTESIAN_POINT('',(-6.314132526844,22.517954476765,0.));
#70 = CARTESIAN_POINT('',(-5.014453741912,22.517954476765,4.));
#71 = CARTESIAN_POINT('',(0.64996341515,22.81092651448,0.));
#72 = CARTESIAN_POINT('',(1.949642200081,22.81092651448,4.));
#73 = CARTESIAN_POINT('',(8.530413832458,22.837673001601,0.));
#74 = CARTESIAN_POINT('',(9.83009261739,22.837673001601,4.));
#75 = CARTESIAN_POINT('',(16.064653825025,20.060161584088,0.));
#76 = CARTESIAN_POINT('',(17.364332609956,20.060161584088,4.));
#77 = CARTESIAN_POINT('',(22.361060251736,18.043362644683,0.));
#78 = CARTESIAN_POINT('',(23.660739036667,18.043362644683,4.));
#79 = CARTESIAN_POINT('',(26.944413011804,16.041845739911,0.));
#80 = CARTESIAN_POINT('',(28.244091796736,16.041845739911,4.));
#81 = CARTESIAN_POINT('',(29.256656930442,12.261815380072,0.));
#82 = CARTESIAN_POINT('',(30.556335715374,12.261815380072,4.));
#83 = CARTESIAN_POINT('',(29.908601413114,7.830585886073,0.));
#84 = CARTESIAN_POINT('',(31.208280198046,7.830585886073,4.));
#85 = CARTESIAN_POINT('',(30.048167847629,3.,0.));
#86 = CARTESIAN_POINT('',(31.34784663256,3.,4.));
#87 = CARTESIAN_POINT('',(29.908601340434,-1.830585886073,0.));
#88 = CARTESIAN_POINT('',(31.208280125366,-1.830585886073,4.));
#89 = CARTESIAN_POINT('',(29.25665717114,-6.261815380072,0.));
#90 = CARTESIAN_POINT('',(30.556335956072,-6.261815380072,4.));
#91 = CARTESIAN_POINT('',(26.944412212012,-10.04184573991,0.));
#92 = CARTESIAN_POINT('',(28.244090996943,-10.04184573991,4.));
#93 = CARTESIAN_POINT('',(22.361064394243,-12.04336264468,0.));
#94 = CARTESIAN_POINT('',(23.660743179175,-12.04336264468,4.));
#95 = CARTESIAN_POINT('',(16.064625424713,-14.06016158408,0.));
#96 = CARTESIAN_POINT('',(17.364304209645,-14.06016158408,4.));
#97 = CARTESIAN_POINT('',(8.5305641273,-16.8376730016,0.));
#98 = CARTESIAN_POINT('',(9.830242912231,-16.8376730016,4.));
#99 = CARTESIAN_POINT('',(0.649546473588,-16.81092651448,0.));
#100 = CARTESIAN_POINT('',(1.94922525852,-16.81092651448,4.));
#101 = CARTESIAN_POINT('',(-6.312923755102,-16.51795447676,0.));
#102 = CARTESIAN_POINT('',(-5.013244970171,-16.51795447676,4.));
#103 = CARTESIAN_POINT('',(-12.85660883347,-15.31737081924,0.));
#104 = CARTESIAN_POINT('',(-11.55693004854,-15.31737081924,4.));
#105 = CARTESIAN_POINT('',(-18.73814091818,-11.79809454523,0.));
#106 = CARTESIAN_POINT('',(-17.43846213325,-11.79809454523,4.));
#107 = CARTESIAN_POINT('',(-23.48463883032,-7.340548207808,0.));
#108 = CARTESIAN_POINT('',(-22.18496004539,-7.340548207808,4.));
#109 = CARTESIAN_POINT('',(-26.54956905411,-2.336215308645,0.));
#110 = CARTESIAN_POINT('',(-25.24989026918,-2.336215308645,4.));
#111 = CARTESIAN_POINT('',(-28.19467798052,1.242076884596,0.));
#112 = CARTESIAN_POINT('',(-26.89499919559,1.242076884596,4.));
#113 = CARTESIAN_POINT('',(-27.80532201947,4.757923115404,0.));
#114 = CARTESIAN_POINT('',(-26.50564323454,4.757923115404,4.));
#115 = DEFINITIONAL_REPRESENTATION('',(#116),#122);
#116 = B_SPLINE_CURVE_WITH_KNOTS('',4,(#117,#118,#119,#120,#121),
  .UNSPECIFIED.,.F.,.F.,(5,5),(0.,1.),.PIECEWISE_BEZIER_KNOTS.);
#117 = CARTESIAN_POINT('',(0.123216183917,0.));
#118 = CARTESIAN_POINT('',(0.123216183917,0.25));
#119 = CARTESIAN_POINT('',(0.123216183917,0.5));
#120 = CARTESIAN_POINT('',(0.123216183917,0.75));
#121 = CARTESIAN_POINT('',(0.123216183917,1.));
#122 = ( GEOMETRIC_REPRESENTATION_CONTEXT(2) 
PARAMETRIC_REPRESENTATION_CONTEXT() REPRESENTATION_CONTEXT('2D SPACE',''
  ) );
#123 = PCURVE('',#124,#129);
#124 = PLANE('',#125);
#125 = AXIS2_PLACEMENT_3D('',#126,#127,#128);
#126 = CARTESIAN_POINT('',(-100.,3.125,-100.));
#127 = DIRECTION('',(0.,1.,0.));
#128 = DIRECTION('',(0.,0.,1.));
#129 = DEFINITIONAL_REPRESENTATION('',(#130),#136);
#130 = B_SPLINE_CURVE_WITH_KNOTS('',4,(#131,#132,#133,#134,#135),
  .UNSPECIFIED.,.F.,.F.,(5,5),(0.,1.),.PIECEWISE_BEZIER_KNOTS.);
#131 = CARTESIAN_POINT('',(100.,72.014356386228));
#132 = CARTESIAN_POINT('',(101.,72.339276082461));
#133 = CARTESIAN_POINT('',(102.,72.664195778694));
#134 = CARTESIAN_POINT('',(103.,72.989115474927));
#135 = CARTESIAN_POINT('',(104.,73.31403517116));
#136 = ( GEOMETRIC_REPRESENTATION_CONTEXT(2) 
PARAMETRIC_REPRESENTATION_CONTEXT() REPRESENTATION_CONTEXT('2D SPACE',''
  ) );
#137 = ORIENTED_EDGE('',*,*,#138,.T.);
#138 = EDGE_CURVE('',#44,#139,#141,.T.);
#139 = VERTEX_POINT('',#140);
#140 = CARTESIAN_POINT('',(29.999908872711,3.125,0.));
#141 = SURFACE_CURVE('',#142,(#172,#179),.PCURVE_S1.);
#142 = B_SPLINE_CURVE_WITH_KNOTS('',3,(#143,#144,#145,#146,#147,#148,
    #149,#150,#151,#152,#153,#154,#155,#156,#157,#158,#159,#160,#161,
    #162,#163,#164,#165,#166,#167,#168,#169,#170,#171),.UNSPECIFIED.,.T.
  ,.F.,(1,1,2,1,1,1,1,1,1,1,1,1,1,1,1,1,1,1,1,1,1,1,1,1,1,1,1,1,2,1,1),(
    -11.12863082616,-5.192301994299,0.,5.192301994299,11.128630826161,
    17.776938881599,24.45001912988,31.413495273302,37.423694937206,
    45.431347527073,54.799378269977,61.156264300103,65.497922969321,
    69.325454811122,73.816557125699,78.820555526978,83.824553928257,
    88.315656242834,92.143188084635,96.484846753853,102.84173278397,
    112.20976352688,120.21741611674,126.22761578065,133.19109192407,
    139.86417217235,146.51248022779,152.44880905965,157.64111105395,
    162.83341304825,168.76974188011),.UNSPECIFIED.);
#143 = CARTESIAN_POINT('',(-28.19467798052,1.242076884596,0.));
#144 = CARTESIAN_POINT('',(-27.80532201947,4.757923115404,0.));
#145 = CARTESIAN_POINT('',(-26.75646873277,8.336215308645,0.));
#146 = CARTESIAN_POINT('',(-23.41828871055,13.340548207808,0.));
#147 = CARTESIAN_POINT('',(-18.75681809731,17.798094545236,0.));
#148 = CARTESIAN_POINT('',(-12.85133167509,21.317370819243,0.));
#149 = CARTESIAN_POINT('',(-6.314132526844,22.517954476765,0.));
#150 = CARTESIAN_POINT('',(0.64996341515,22.81092651448,0.));
#151 = CARTESIAN_POINT('',(8.530413832458,22.837673001601,0.));
#152 = CARTESIAN_POINT('',(16.064653825025,20.060161584088,0.));
#153 = CARTESIAN_POINT('',(22.361060251736,18.043362644683,0.));
#154 = CARTESIAN_POINT('',(26.944413011804,16.041845739911,0.));
#155 = CARTESIAN_POINT('',(29.256656930442,12.261815380072,0.));
#156 = CARTESIAN_POINT('',(29.908601413114,7.830585886073,0.));
#157 = CARTESIAN_POINT('',(30.048167847629,3.,0.));
#158 = CARTESIAN_POINT('',(29.908601340434,-1.830585886073,0.));
#159 = CARTESIAN_POINT('',(29.25665717114,-6.261815380072,0.));
#160 = CARTESIAN_POINT('',(26.944412212012,-10.04184573991,0.));
#161 = CARTESIAN_POINT('',(22.361064394243,-12.04336264468,0.));
#162 = CARTESIAN_POINT('',(16.064625424713,-14.06016158408,0.));
#163 = CARTESIAN_POINT('',(8.5305641273,-16.8376730016,0.));
#164 = CARTESIAN_POINT('',(0.649546473588,-16.81092651448,0.));
#165 = CARTESIAN_POINT('',(-6.312923755102,-16.51795447676,0.));
#166 = CARTESIAN_POINT('',(-12.85660883347,-15.31737081924,0.));
#167 = CARTESIAN_POINT('',(-18.73814091818,-11.79809454523,0.));
#168 = CARTESIAN_POINT('',(-23.48463883032,-7.340548207808,0.));
#169 = CARTESIAN_POINT('',(-26.54956905411,-2.336215308645,0.));
#170 = CARTESIAN_POINT('',(-28.19467798052,1.242076884596,0.));
#171 = CARTESIAN_POINT('',(-27.80532201947,4.757923115404,0.));
#172 = PCURVE('',#56,#173);
#173 = DEFINITIONAL_REPRESENTATION('',(#174),#178);
#174 = LINE('',#175,#176);
#175 = CARTESIAN_POINT('',(0.,0.));
#176 = VECTOR('',#177,1.);
#177 = DIRECTION('',(1.,0.));
#178 = ( GEOMETRIC_REPRESENTATION_CONTEXT(2) 
PARAMETRIC_REPRESENTATION_CONTEXT() REPRESENTATION_CONTEXT('2D SPACE',''
  ) );
#179 = PCURVE('',#180,#185);
#180 = PLANE('',#181);
#181 = AXIS2_PLACEMENT_3D('',#182,#183,#184);
#182 = CARTESIAN_POINT('',(-28.,3.,0.));
#183 = DIRECTION('',(-0.,0.,1.));
#184 = DIRECTION('',(0.994533904972,-0.104414136312,0.));
#185 = DEFINITIONAL_REPRESENTATION('',(#186),#216);
#186 = B_SPLINE_CURVE_WITH_KNOTS('',3,(#187,#188,#189,#190,#191,#192,
    #193,#194,#195,#196,#197,#198,#199,#200,#201,#202,#203,#204,#205,
    #206,#207,#208,#209,#210,#211,#212,#213,#214,#215),.UNSPECIFIED.,.F.
  ,.F.,(1,1,2,1,1,1,1,1,1,1,1,1,1,1,1,1,1,1,1,1,1,1,1,1,1,1,1,1,2,1,1),(
    -11.12863082616,-5.192301994299,0.,5.192301994299,11.128630826161,
    17.776938881599,24.45001912988,31.413495273302,37.423694937206,
    45.431347527073,54.799378269977,61.156264300103,65.497922969321,
    69.325454811122,73.816557125699,78.820555526978,83.824553928257,
    88.315656242834,92.143188084635,96.484846753853,102.84173278397,
    112.20976352688,120.21741611674,126.22761578065,133.19109192407,
    139.86417217235,146.51248022779,152.44880905965,157.64111105395,
    162.83341304825,168.76974188011),.UNSPECIFIED.);
#187 = CARTESIAN_POINT('',(-1.006182838394E-02,-1.768641273798));
#188 = CARTESIAN_POINT('',(1.006182838394E-02,1.768641273798));
#189 = CARTESIAN_POINT('',(0.679557694519,5.43688929192));
#190 = CARTESIAN_POINT('',(3.476967810037,10.762421215776));
#191 = CARTESIAN_POINT('',(7.647527531043,15.682325609354));
#192 = CARTESIAN_POINT('',(13.153271810702,19.798981449094));
#193 = CARTESIAN_POINT('',(19.529380101516,21.675578605216));
#194 = CARTESIAN_POINT('',(26.424819211023,22.694099292906));
#195 = CARTESIAN_POINT('',(34.259401626133,23.543530005257));
#196 = CARTESIAN_POINT('',(42.04247020269,21.567881890683));
#197 = CARTESIAN_POINT('',(48.515042192908,20.219540804845));
#198 = CARTESIAN_POINT('',(53.282328570166,18.70753120153));
#199 = CARTESIAN_POINT('',(55.976622149071,15.189593798554));
#200 = CARTESIAN_POINT('',(57.087686041662,10.850658046142));
#201 = CARTESIAN_POINT('',(57.730871045956,6.061049310282));
#202 = CARTESIAN_POINT('',(58.096448875726,1.242295149398));
#203 = CARTESIAN_POINT('',(57.910751295629,-3.232785010455));
#204 = CARTESIAN_POINT('',(56.00583389243,-7.233584425486));
#205 = CARTESIAN_POINT('',(51.656525748306,-9.702727152463));
#206 = CARTESIAN_POINT('',(45.605086031896,-12.36593931405));
#207 = CARTESIAN_POINT('',(38.402218085238,-15.9149310935));
#208 = CARTESIAN_POINT('',(30.561486111589,-16.71122045679));
#209 = CARTESIAN_POINT('',(23.606482984519,-17.1468301476));
#210 = CARTESIAN_POINT('',(16.973208404945,-16.63606222019));
#211 = CARTESIAN_POINT('',(10.756363140935,-13.75013773754));
#212 = CARTESIAN_POINT('',(5.570379186545,-9.812558251992));
#213 = CARTESIAN_POINT('',(1.999679065129,-5.155601554182));
#214 = CARTESIAN_POINT('',(-1.006182838394E-02,-1.768641273798));
#215 = CARTESIAN_POINT('',(1.006182838394E-02,1.768641273798));
#216 = ( GEOMETRIC_REPRESENTATION_CONTEXT(2) 
PARAMETRIC_REPRESENTATION_CONTEXT() REPRESENTATION_CONTEXT('2D SPACE',''
  ) );
#217 = ORIENTED_EDGE('',*,*,#218,.T.);
#218 = EDGE_CURVE('',#139,#219,#221,.T.);
#219 = VERTEX_POINT('',#220);
#220 = CARTESIAN_POINT('',(31.299587657643,3.125,4.));
#221 = SURFACE_CURVE('',#222,(#228,#237),.PCURVE_S1.);
#222 = B_SPLINE_CURVE_WITH_KNOTS('',4,(#223,#224,#225,#226,#227),
  .UNSPECIFIED.,.F.,.F.,(5,5),(0.,1.),.PIECEWISE_BEZIER_KNOTS.);
#223 = CARTESIAN_POINT('',(29.999908872711,3.125,0.));
#224 = CARTESIAN_POINT('',(30.324828568944,3.125,1.));
#225 = CARTESIAN_POINT('',(30.649748265177,3.125,2.));
#226 = CARTESIAN_POINT('',(30.97466796141,3.125,3.));
#227 = CARTESIAN_POINT('',(31.299587657643,3.125,4.));
#228 = PCURVE('',#56,#229);
#229 = DEFINITIONAL_REPRESENTATION('',(#230),#236);
#230 = B_SPLINE_CURVE_WITH_KNOTS('',4,(#231,#232,#233,#234,#235),
  .UNSPECIFIED.,.F.,.F.,(5,5),(0.,1.),.PIECEWISE_BEZIER_KNOTS.);
#231 = CARTESIAN_POINT('',(78.695492179666,0.));
#232 = CARTESIAN_POINT('',(78.695492179666,0.25));
#233 = CARTESIAN_POINT('',(78.695492179666,0.5));
#234 = CARTESIAN_POINT('',(78.695492179666,0.75));
#235 = CARTESIAN_POINT('',(78.695492179666,1.));
#236 = ( GEOMETRIC_REPRESENTATION_CONTEXT(2) 
PARAMETRIC_REPRESENTATION_CONTEXT() REPRESENTATION_CONTEXT('2D SPACE',''
  ) );
#237 = PCURVE('',#238,#243);
#238 = PLANE('',#239);
#239 = AXIS2_PLACEMENT_3D('',#240,#241,#242);
#240 = CARTESIAN_POINT('',(-100.,3.125,-100.));
#241 = DIRECTION('',(0.,1.,0.));
#242 = DIRECTION('',(0.,0.,1.));
#243 = DEFINITIONAL_REPRESENTATION('',(#244),#250);
#244 = B_SPLINE_CURVE_WITH_KNOTS('',4,(#245,#246,#247,#248,#249),
  .UNSPECIFIED.,.F.,.F.,(5,5),(0.,1.),.PIECEWISE_BEZIER_KNOTS.);
#245 = CARTESIAN_POINT('',(100.,129.99990887271));
#246 = CARTESIAN_POINT('',(101.,130.32482856894));
#247 = CARTESIAN_POINT('',(102.,130.64974826517));
#248 = CARTESIAN_POINT('',(103.,130.97466796141));
#249 = CARTESIAN_POINT('',(104.,131.29958765764));
#250 = ( GEOMETRIC_REPRESENTATION_CONTEXT(2) 
PARAMETRIC_REPRESENTATION_CONTEXT() REPRESENTATION_CONTEXT('2D SPACE',''
  ) );
#251 = ORIENTED_EDGE('',*,*,#252,.F.);
#252 = EDGE_CURVE('',#46,#219,#253,.T.);
#253 = SURFACE_CURVE('',#254,(#284,#291),.PCURVE_S1.);
#254 = B_SPLINE_CURVE_WITH_KNOTS('',3,(#255,#256,#257,#258,#259,#260,
    #261,#262,#263,#264,#265,#266,#267,#268,#269,#270,#271,#272,#273,
    #274,#275,#276,#277,#278,#279,#280,#281,#282,#283),.UNSPECIFIED.,.T.
  ,.F.,(1,1,2,1,1,1,1,1,1,1,1,1,1,1,1,1,1,1,1,1,1,1,1,1,1,1,1,1,2,1,1),(
    -11.12863082616,-5.192301994299,0.,5.192301994299,11.128630826161,
    17.776938881599,24.45001912988,31.413495273302,37.423694937206,
    45.431347527073,54.799378269977,61.156264300103,65.497922969321,
    69.325454811122,73.816557125699,78.820555526978,83.824553928257,
    88.315656242834,92.143188084635,96.484846753853,102.84173278397,
    112.20976352688,120.21741611674,126.22761578065,133.19109192407,
    139.86417217235,146.51248022779,152.44880905965,157.64111105395,
    162.83341304825,168.76974188011),.UNSPECIFIED.);
#255 = CARTESIAN_POINT('',(-26.89499919559,1.242076884596,4.));
#256 = CARTESIAN_POINT('',(-26.50564323454,4.757923115404,4.));
#257 = CARTESIAN_POINT('',(-25.45678994784,8.336215308645,4.));
#258 = CARTESIAN_POINT('',(-22.11860992562,13.340548207808,4.));
#259 = CARTESIAN_POINT('',(-17.45713931238,17.798094545236,4.));
#260 = CARTESIAN_POINT('',(-11.55165289016,21.317370819243,4.));
#261 = CARTESIAN_POINT('',(-5.014453741912,22.517954476765,4.));
#262 = CARTESIAN_POINT('',(1.949642200081,22.81092651448,4.));
#263 = CARTESIAN_POINT('',(9.83009261739,22.837673001601,4.));
#264 = CARTESIAN_POINT('',(17.364332609956,20.060161584088,4.));
#265 = CARTESIAN_POINT('',(23.660739036667,18.043362644683,4.));
#266 = CARTESIAN_POINT('',(28.244091796736,16.041845739911,4.));
#267 = CARTESIAN_POINT('',(30.556335715374,12.261815380072,4.));
#268 = CARTESIAN_POINT('',(31.208280198046,7.830585886073,4.));
#269 = CARTESIAN_POINT('',(31.34784663256,3.,4.));
#270 = CARTESIAN_POINT('',(31.208280125366,-1.830585886073,4.));
#271 = CARTESIAN_POINT('',(30.556335956072,-6.261815380072,4.));
#272 = CARTESIAN_POINT('',(28.244090996943,-10.04184573991,4.));
#273 = CARTESIAN_POINT('',(23.660743179175,-12.04336264468,4.));
#274 = CARTESIAN_POINT('',(17.364304209645,-14.06016158408,4.));
#275 = CARTESIAN_POINT('',(9.830242912231,-16.8376730016,4.));
#276 = CARTESIAN_POINT('',(1.94922525852,-16.81092651448,4.));
#277 = CARTESIAN_POINT('',(-5.013244970171,-16.51795447676,4.));
#278 = CARTESIAN_POINT('',(-11.55693004854,-15.31737081924,4.));
#279 = CARTESIAN_POINT('',(-17.43846213325,-11.79809454523,4.));
#280 = CARTESIAN_POINT('',(-22.18496004539,-7.340548207808,4.));
#281 = CARTESIAN_POINT('',(-25.24989026918,-2.336215308645,4.));
#282 = CARTESIAN_POINT('',(-26.89499919559,1.242076884596,4.));
#283 = CARTESIAN_POINT('',(-26.50564323454,4.757923115404,4.));
#284 = PCURVE('',#56,#285);
#285 = DEFINITIONAL_REPRESENTATION('',(#286),#290);
#286 = LINE('',#287,#288);
#287 = CARTESIAN_POINT('',(0.,1.));
#288 = VECTOR('',#289,1.);
#289 = DIRECTION('',(1.,0.));
#290 = ( GEOMETRIC_REPRESENTATION_CONTEXT(2) 
PARAMETRIC_REPRESENTATION_CONTEXT() REPRESENTATION_CONTEXT('2D SPACE',''
  ) );
#291 = PCURVE('',#292,#297);
#292 = PLANE('',#293);
#293 = AXIS2_PLACEMENT_3D('',#294,#295,#296);
#294 = CARTESIAN_POINT('',(-26.70032121506,3.,4.));
#295 = DIRECTION('',(-2.011080212013E-18,-1.915533209503E-17,1.));
#296 = DIRECTION('',(0.994533904972,-0.104414136312,3.851859888774E-34)
  );
#297 = DEFINITIONAL_REPRESENTATION('',(#298),#328);
#298 = B_SPLINE_CURVE_WITH_KNOTS('',3,(#299,#300,#301,#302,#303,#304,
    #305,#306,#307,#308,#309,#310,#311,#312,#313,#314,#315,#316,#317,
    #318,#319,#320,#321,#322,#323,#324,#325,#326,#327),.UNSPECIFIED.,.F.
  ,.F.,(1,1,2,1,1,1,1,1,1,1,1,1,1,1,1,1,1,1,1,1,1,1,1,1,1,1,1,1,2,1,1),(
    -11.12863082616,-5.192301994299,0.,5.192301994299,11.128630826161,
    17.776938881599,24.45001912988,31.413495273302,37.423694937206,
    45.431347527073,54.799378269977,61.156264300103,65.497922969321,
    69.325454811122,73.816557125699,78.820555526978,83.824553928257,
    88.315656242834,92.143188084635,96.484846753853,102.84173278397,
    112.20976352688,120.21741611674,126.22761578065,133.19109192407,
    139.86417217235,146.51248022779,152.44880905965,157.64111105395,
    162.83341304825,168.76974188011),.UNSPECIFIED.);
#299 = CARTESIAN_POINT('',(-1.006182838394E-02,-1.768641273798));
#300 = CARTESIAN_POINT('',(1.006182838394E-02,1.768641273798));
#301 = CARTESIAN_POINT('',(0.679557694519,5.43688929192));
#302 = CARTESIAN_POINT('',(3.476967810037,10.762421215776));
#303 = CARTESIAN_POINT('',(7.647527531043,15.682325609354));
#304 = CARTESIAN_POINT('',(13.153271810702,19.798981449094));
#305 = CARTESIAN_POINT('',(19.529380101516,21.675578605216));
#306 = CARTESIAN_POINT('',(26.424819211023,22.694099292906));
#307 = CARTESIAN_POINT('',(34.259401626133,23.543530005257));
#308 = CARTESIAN_POINT('',(42.04247020269,21.567881890683));
#309 = CARTESIAN_POINT('',(48.515042192908,20.219540804845));
#310 = CARTESIAN_POINT('',(53.282328570166,18.70753120153));
#311 = CARTESIAN_POINT('',(55.976622149071,15.189593798554));
#312 = CARTESIAN_POINT('',(57.087686041662,10.850658046142));
#313 = CARTESIAN_POINT('',(57.730871045956,6.061049310282));
#314 = CARTESIAN_POINT('',(58.096448875726,1.242295149398));
#315 = CARTESIAN_POINT('',(57.910751295629,-3.232785010455));
#316 = CARTESIAN_POINT('',(56.00583389243,-7.233584425486));
#317 = CARTESIAN_POINT('',(51.656525748306,-9.702727152463));
#318 = CARTESIAN_POINT('',(45.605086031896,-12.36593931405));
#319 = CARTESIAN_POINT('',(38.402218085238,-15.9149310935));
#320 = CARTESIAN_POINT('',(30.561486111589,-16.71122045679));
#321 = CARTESIAN_POINT('',(23.606482984519,-17.1468301476));
#322 = CARTESIAN_POINT('',(16.973208404945,-16.63606222019));
#323 = CARTESIAN_POINT('',(10.756363140935,-13.75013773754));
#324 = CARTESIAN_POINT('',(5.570379186545,-9.812558251992));
#325 = CARTESIAN_POINT('',(1.999679065129,-5.155601554182));
#326 = CARTESIAN_POINT('',(-1.006182838394E-02,-1.768641273798));
#327 = CARTESIAN_POINT('',(1.006182838394E-02,1.768641273798));
#328 = ( GEOMETRIC_REPRESENTATION_CONTEXT(2) 
PARAMETRIC_REPRESENTATION_CONTEXT() REPRESENTATION_CONTEXT('2D SPACE',''
  ) );
#329 = ADVANCED_FACE('',(#330),#124,.F.);
#330 = FACE_BOUND('',#331,.F.);
#331 = EDGE_LOOP('',(#332,#404,#425,#426));
#332 = ORIENTED_EDGE('',*,*,#333,.F.);
#333 = EDGE_CURVE('',#334,#336,#338,.T.);
#334 = VERTEX_POINT('',#335);
#335 = CARTESIAN_POINT('',(-21.20000022465,3.125,0.));
#336 = VERTEX_POINT('',#337);
#337 = CARTESIAN_POINT('',(-19.90032143972,3.125,4.));
#338 = SURFACE_CURVE('',#339,(#347,#358),.PCURVE_S1.);
#339 = B_SPLINE_CURVE_WITH_KNOTS('',3,(#340,#341,#342,#343,#344,#345,
    #346),.UNSPECIFIED.,.F.,.F.,(4,1,1,1,4),(0.,0.3,0.6,0.88,1.),
  .UNSPECIFIED.);
#340 = CARTESIAN_POINT('',(-21.20000022465,3.125,0.));
#341 = CARTESIAN_POINT('',(-21.07003234616,3.125,0.4));
#342 = CARTESIAN_POINT('',(-20.81009658917,3.125,1.2));
#343 = CARTESIAN_POINT('',(-20.42885747892,3.125,2.373333333333));
#344 = CARTESIAN_POINT('',(-20.12559909577,3.125,3.306666666667));
#345 = CARTESIAN_POINT('',(-19.95230859111,3.125,3.84));
#346 = CARTESIAN_POINT('',(-19.90032143972,3.125,4.));
#347 = PCURVE('',#124,#348);
#348 = DEFINITIONAL_REPRESENTATION('',(#349),#357);
#349 = B_SPLINE_CURVE_WITH_KNOTS('',3,(#350,#351,#352,#353,#354,#355,
    #356),.UNSPECIFIED.,.F.,.F.,(4,1,1,1,4),(0.,0.3,0.6,0.88,1.),
  .UNSPECIFIED.);
#350 = CARTESIAN_POINT('',(100.,78.799999775347));
#351 = CARTESIAN_POINT('',(100.4,78.92996765384));
#352 = CARTESIAN_POINT('',(101.2,79.189903410826));
#353 = CARTESIAN_POINT('',(102.37333333333,79.571142521073));
#354 = CARTESIAN_POINT('',(103.30666666666,79.874400904224));
#355 = CARTESIAN_POINT('',(103.84,80.047691408881));
#356 = CARTESIAN_POINT('',(104.,80.099678560278));
#357 = ( GEOMETRIC_REPRESENTATION_CONTEXT(2) 
PARAMETRIC_REPRESENTATION_CONTEXT() REPRESENTATION_CONTEXT('2D SPACE',''
  ) );
#358 = PCURVE('',#359,#394);
#359 = B_SPLINE_SURFACE_WITH_KNOTS('',3,1,(
    (#360,#361)
    ,(#362,#363)
    ,(#364,#365)
    ,(#366,#367)
    ,(#368,#369)
    ,(#370,#371)
    ,(#372,#373)
    ,(#374,#375)
    ,(#376,#377)
    ,(#378,#379)
    ,(#380,#381)
    ,(#382,#383)
    ,(#384,#385)
    ,(#386,#387)
    ,(#388,#389)
    ,(#390,#391)
    ,(#392,#393
    )),.UNSPECIFIED.,.F.,.F.,.F.,(4,1,1,1,1,1,1,1,1,1,1,1,1,1,4),(2,2),(
    0.,3.020347662108,6.053909924531,8.500463623104,10.890155025775,
    13.5584878386,17.059916118603,20.559916118603,24.059916118603,
    27.561344398605,30.22967721143,32.619368614101,35.065922312674,
    38.099484575098,41.119832237205),(0.,1.),.UNSPECIFIED.);
#360 = CARTESIAN_POINT('',(-16.99839392465,13.1,-20.));
#361 = CARTESIAN_POINT('',(8.995181773974,13.1,60.));
#362 = CARTESIAN_POINT('',(-17.99896756785,13.206854020275,-20.));
#363 = CARTESIAN_POINT('',(7.994608130775,13.206854020275,60.));
#364 = CARTESIAN_POINT('',(-20.02012535583,13.503114404475,-20.));
#365 = CARTESIAN_POINT('',(5.973450342798,13.503114404475,60.));
#366 = CARTESIAN_POINT('',(-22.76038749626,13.623125592086,-20.));
#367 = CARTESIAN_POINT('',(3.233188202365,13.623125592086,60.));
#368 = CARTESIAN_POINT('',(-25.52592973728,14.992963864358,-20.));
#369 = CARTESIAN_POINT('',(0.467645961344,14.992963864358,60.));
#370 = CARTESIAN_POINT('',(-27.26864789668,12.492176654313,-20.));
#371 = CARTESIAN_POINT('',(-1.275072198048,12.492176654313,60.));
#372 = CARTESIAN_POINT('',(-27.69801271351,9.75336269061,-20.));
#373 = CARTESIAN_POINT('',(-1.704437014885,9.75336269061,60.));
#374 = CARTESIAN_POINT('',(-27.69851515708,6.492256488987,-20.));
#375 = CARTESIAN_POINT('',(-1.704939458453,6.492256488987,60.));
#376 = CARTESIAN_POINT('',(-27.69833332081,3.,-20.));
#377 = CARTESIAN_POINT('',(-1.704757622177,3.,60.));
#378 = CARTESIAN_POINT('',(-27.69851515708,-0.492256488987,-20.));
#379 = CARTESIAN_POINT('',(-1.704939458453,-0.492256488987,60.));
#380 = CARTESIAN_POINT('',(-27.69801271351,-3.75336269061,-20.));
#381 = CARTESIAN_POINT('',(-1.704437014885,-3.75336269061,60.));
#382 = CARTESIAN_POINT('',(-27.26864789668,-6.492176654313,-20.));
#383 = CARTESIAN_POINT('',(-1.275072198048,-6.492176654313,60.));
#384 = CARTESIAN_POINT('',(-25.52592973728,-8.992963864358,-20.));
#385 = CARTESIAN_POINT('',(0.467645961344,-8.992963864358,60.));
#386 = CARTESIAN_POINT('',(-22.76038749626,-7.623125592086,-20.));
#387 = CARTESIAN_POINT('',(3.233188202365,-7.623125592086,60.));
#388 = CARTESIAN_POINT('',(-20.02012535583,-7.503114404475,-20.));
#389 = CARTESIAN_POINT('',(5.973450342798,-7.503114404475,60.));
#390 = CARTESIAN_POINT('',(-17.99896756785,-7.206854020275,-20.));
#391 = CARTESIAN_POINT('',(7.994608130775,-7.206854020275,60.));
#392 = CARTESIAN_POINT('',(-16.99839392465,-7.1,-20.));
#393 = CARTESIAN_POINT('',(8.995181773974,-7.1,60.));
#394 = DEFINITIONAL_REPRESENTATION('',(#395),#403);
#395 = B_SPLINE_CURVE_WITH_KNOTS('',3,(#396,#397,#398,#399,#400,#401,
    #402),.UNSPECIFIED.,.F.,.F.,(4,1,1,1,4),(0.,0.3,0.6,0.88,1.),
  .UNSPECIFIED.);
#396 = CARTESIAN_POINT('',(20.434622288307,0.25));
#397 = CARTESIAN_POINT('',(20.434622288307,0.255));
#398 = CARTESIAN_POINT('',(20.434622288307,0.265));
#399 = CARTESIAN_POINT('',(20.434622288307,0.279666666667));
#400 = CARTESIAN_POINT('',(20.434622288307,0.291333333333));
#401 = CARTESIAN_POINT('',(20.434622288307,0.298));
#402 = CARTESIAN_POINT('',(20.434622288307,0.3));
#403 = ( GEOMETRIC_REPRESENTATION_CONTEXT(2) 
PARAMETRIC_REPRESENTATION_CONTEXT() REPRESENTATION_CONTEXT('2D SPACE',''
  ) );
#404 = ORIENTED_EDGE('',*,*,#405,.T.);
#405 = EDGE_CURVE('',#334,#44,#406,.T.);
#406 = SURFACE_CURVE('',#407,(#411,#418),.PCURVE_S1.);
#407 = LINE('',#408,#409);
#408 = CARTESIAN_POINT('',(-64.,3.125,0.));
#409 = VECTOR('',#410,1.);
#410 = DIRECTION('',(-1.,0.,-0.));
#411 = PCURVE('',#124,#412);
#412 = DEFINITIONAL_REPRESENTATION('',(#413),#417);
#413 = LINE('',#414,#415);
#414 = CARTESIAN_POINT('',(100.,36.));
#415 = VECTOR('',#416,1.);
#416 = DIRECTION('',(0.,-1.));
#417 = ( GEOMETRIC_REPRESENTATION_CONTEXT(2) 
PARAMETRIC_REPRESENTATION_CONTEXT() REPRESENTATION_CONTEXT('2D SPACE',''
  ) );
#418 = PCURVE('',#180,#419);
#419 = DEFINITIONAL_REPRESENTATION('',(#420),#424);
#420 = LINE('',#421,#422);
#421 = CARTESIAN_POINT('',(-35.81627234602,-3.634592169097));
#422 = VECTOR('',#423,1.);
#423 = DIRECTION('',(-0.994533904972,-0.104414136312));
#424 = ( GEOMETRIC_REPRESENTATION_CONTEXT(2) 
PARAMETRIC_REPRESENTATION_CONTEXT() REPRESENTATION_CONTEXT('2D SPACE',''
  ) );
#425 = ORIENTED_EDGE('',*,*,#43,.T.);
#426 = ORIENTED_EDGE('',*,*,#427,.F.);
#427 = EDGE_CURVE('',#336,#46,#428,.T.);
#428 = SURFACE_CURVE('',#429,(#433,#440),.PCURVE_S1.);
#429 = LINE('',#430,#431);
#430 = CARTESIAN_POINT('',(-63.35016060753,3.125,4.));
#431 = VECTOR('',#432,1.);
#432 = DIRECTION('',(-1.,0.,-2.011080212013E-18));
#433 = PCURVE('',#124,#434);
#434 = DEFINITIONAL_REPRESENTATION('',(#435),#439);
#435 = LINE('',#436,#437);
#436 = CARTESIAN_POINT('',(104.,36.649839392466));
#437 = VECTOR('',#438,1.);
#438 = DIRECTION('',(-2.011080212013E-18,-1.));
#439 = ( GEOMETRIC_REPRESENTATION_CONTEXT(2) 
PARAMETRIC_REPRESENTATION_CONTEXT() REPRESENTATION_CONTEXT('2D SPACE',''
  ) );
#440 = PCURVE('',#292,#441);
#441 = DEFINITIONAL_REPRESENTATION('',(#442),#446);
#442 = LINE('',#443,#444);
#443 = CARTESIAN_POINT('',(-36.46255965461,-3.702444588003));
#444 = VECTOR('',#445,1.);
#445 = DIRECTION('',(-0.994533904972,-0.104414136312));
#446 = ( GEOMETRIC_REPRESENTATION_CONTEXT(2) 
PARAMETRIC_REPRESENTATION_CONTEXT() REPRESENTATION_CONTEXT('2D SPACE',''
  ) );
#447 = ADVANCED_FACE('',(#448,#1094),#292,.T.);
#448 = FACE_BOUND('',#449,.T.);
#449 = EDGE_LOOP('',(#450,#451,#452,#934,#962,#1073));
#450 = ORIENTED_EDGE('',*,*,#252,.F.);
#451 = ORIENTED_EDGE('',*,*,#427,.F.);
#452 = ORIENTED_EDGE('',*,*,#453,.T.);
#453 = EDGE_CURVE('',#336,#454,#456,.T.);
#454 = VERTEX_POINT('',#455);
#455 = CARTESIAN_POINT('',(-9.200321215068,13.1,4.));
#456 = SURFACE_CURVE('',#457,(#614,#774),.PCURVE_S1.);
#457 = B_SPLINE_CURVE_WITH_KNOTS('',8,(#458,#459,#460,#461,#462,#463,
    #464,#465,#466,#467,#468,#469,#470,#471,#472,#473,#474,#475,#476,
    #477,#478,#479,#480,#481,#482,#483,#484,#485,#486,#487,#488,#489,
    #490,#491,#492,#493,#494,#495,#496,#497,#498,#499,#500,#501,#502,
    #503,#504,#505,#506,#507,#508,#509,#510,#511,#512,#513,#514,#515,
    #516,#517,#518,#519,#520,#521,#522,#523,#524,#525,#526,#527,#528,
    #529,#530,#531,#532,#533,#534,#535,#536,#537,#538,#539,#540,#541,
    #542,#543,#544,#545,#546,#547,#548,#549,#550,#551,#552,#553,#554,
    #555,#556,#557,#558,#559,#560,#561,#562,#563,#564,#565,#566,#567,
    #568,#569,#570,#571,#572,#573,#574,#575,#576,#577,#578,#579,#580,
    #581,#582,#583,#584,#585,#586,#587,#588,#589,#590,#591,#592,#593,
    #594,#595,#596,#597,#598,#599,#600,#601,#602,#603,#604,#605,#606,
    #607,#608,#609,#610,#611,#612,#613),.UNSPECIFIED.,.F.,.F.,(9,7,7,7,7
    ,7,7,7,7,7,7,7,7,7,7,7,7,7,7,7,7,7,9),(0.,0.192520487223,
    0.221682525559,0.278045429489,0.328411865072,0.353494458176,
    0.365052780937,0.378537431324,0.448225174799,0.483948056662,
    0.520580059348,0.568281348729,0.598421390241,0.611412589445,
    0.653400812854,0.703495165673,0.727434310074,0.801269336975,
    0.857001119893,0.870477054669,0.912933339487,0.949701184946,1.),
  .UNSPECIFIED.);
#458 = CARTESIAN_POINT('',(-19.90032549428,2.412589224562,4.));
#459 = CARTESIAN_POINT('',(-19.90031881781,2.922447441804,4.));
#460 = CARTESIAN_POINT('',(-19.90031549487,3.43220449332,4.));
#461 = CARTESIAN_POINT('',(-19.9003293594,3.941976693009,4.));
#462 = CARTESIAN_POINT('',(-19.9003427769,4.451882905049,4.));
#463 = CARTESIAN_POINT('',(-19.90035166486,4.962039731015,4.));
#464 = CARTESIAN_POINT('',(-19.90035695965,5.472562435437,4.));
#465 = CARTESIAN_POINT('',(-19.90034777085,5.983566310142,4.));
#466 = CARTESIAN_POINT('',(-19.9003174797,6.572657306647,4.));
#467 = CARTESIAN_POINT('',(-19.90031352666,6.650165142141,4.));
#468 = CARTESIAN_POINT('',(-19.90029990506,6.727684617146,4.));
#469 = CARTESIAN_POINT('',(-19.90026691512,6.805213659703,4.));
#470 = CARTESIAN_POINT('',(-19.90020485755,6.882750192918,4.));
#471 = CARTESIAN_POINT('',(-19.90010403358,6.960292134961,4.));
#472 = CARTESIAN_POINT('',(-19.89995474491,7.037837399068,4.));
#473 = CARTESIAN_POINT('',(-19.89934634268,7.265261812476,4.));
#474 = CARTESIAN_POINT('',(-19.89872799066,7.415144094273,4.));
#475 = CARTESIAN_POINT('',(-19.89782245063,7.565015885287,4.));
#476 = CARTESIAN_POINT('',(-19.89655956776,7.714861832151,4.));
#477 = CARTESIAN_POINT('',(-19.89486881945,7.864666081775,4.));
#478 = CARTESIAN_POINT('',(-19.89267931531,8.014412281347,4.));
#479 = CARTESIAN_POINT('',(-19.88991979718,8.164083578332,4.));
#480 = CARTESIAN_POINT('',(-19.88347933143,8.447327897907,4.));
#481 = CARTESIAN_POINT('',(-19.87992750927,8.580919209735,4.));
#482 = CARTESIAN_POINT('',(-19.875811979,8.714424144863,4.));
#483 = CARTESIAN_POINT('',(-19.87108106493,8.847829601642,4.));
#484 = CARTESIAN_POINT('',(-19.86568260938,8.981121787865,4.));
#485 = CARTESIAN_POINT('',(-19.85956397267,9.11428622077,4.));
#486 = CARTESIAN_POINT('',(-19.85267203309,9.247307727037,4.));
#487 = CARTESIAN_POINT('',(-19.84110918498,9.446336360616,4.));
#488 = CARTESIAN_POINT('',(-19.83706009668,9.512462860825,4.));
#489 = CARTESIAN_POINT('',(-19.83279929339,9.578547966153,4.));
#490 = CARTESIAN_POINT('',(-19.82832011288,9.644589639652,4.));
#491 = CARTESIAN_POINT('',(-19.8236158593,9.710585784694,4.));
#492 = CARTESIAN_POINT('',(-19.81867980324,9.776534244966,4.));
#493 = CARTESIAN_POINT('',(-19.81350518164,9.842432804476,4.));
#494 = CARTESIAN_POINT('',(-19.80558761238,9.938621893546,4.));
#495 = CARTESIAN_POINT('',(-19.80303855203,9.968946908154,4.));
#496 = CARTESIAN_POINT('',(-19.80043774544,9.999253803814,4.));
#497 = CARTESIAN_POINT('',(-19.79778418809,10.029542447962,4.));
#498 = CARTESIAN_POINT('',(-19.79507614241,10.059813003033,4.));
#499 = CARTESIAN_POINT('',(-19.7923111377,10.090065926461,4.));
#500 = CARTESIAN_POINT('',(-19.7894859702,10.120301970675,4.));
#501 = CARTESIAN_POINT('',(-19.78322590624,10.185778942034,4.));
#502 = CARTESIAN_POINT('',(-19.77976878546,10.221013616589,4.));
#503 = CARTESIAN_POINT('',(-19.77622089248,10.25622707194,4.));
#504 = CARTESIAN_POINT('',(-19.77257777907,10.291420173256,4.));
#505 = CARTESIAN_POINT('',(-19.76883499701,10.326593785706,4.));
#506 = CARTESIAN_POINT('',(-19.76498809806,10.361748774461,4.));
#507 = CARTESIAN_POINT('',(-19.76103263401,10.39688600469,4.));
#508 = CARTESIAN_POINT('',(-19.73593854596,10.613505821079,4.));
#509 = CARTESIAN_POINT('',(-19.71188909435,10.794601285303,4.));
#510 = CARTESIAN_POINT('',(-19.68421285576,10.975295833932,4.));
#511 = CARTESIAN_POINT('',(-19.65231876885,11.155565965858,4.));
#512 = CARTESIAN_POINT('',(-19.6156414841,11.335362325214,4.));
#513 = CARTESIAN_POINT('',(-19.57365749167,11.514610226515,4.));
#514 = CARTESIAN_POINT('',(-19.5259035499,11.693209958875,4.));
#515 = CARTESIAN_POINT('',(-19.44436439874,11.96219335389,4.));
#516 = CARTESIAN_POINT('',(-19.4151148855,12.05314631482,4.));
#517 = CARTESIAN_POINT('',(-19.38419758692,12.143878073901,4.));
#518 = CARTESIAN_POINT('',(-19.35156672572,12.234369867334,4.));
#519 = CARTESIAN_POINT('',(-19.31718251101,12.324601876244,4.));
#520 = CARTESIAN_POINT('',(-19.2810116142,12.414553257192,4.));
#521 = CARTESIAN_POINT('',(-19.2430276448,12.504202172699,4.));
#522 = CARTESIAN_POINT('',(-19.1623823198,12.685122691384,4.));
#523 = CARTESIAN_POINT('',(-19.11962664435,12.776381828577,4.));
#524 = CARTESIAN_POINT('',(-19.07495510177,12.867115940854,4.));
#525 = CARTESIAN_POINT('',(-19.02836455582,12.957135648038,4.));
#526 = CARTESIAN_POINT('',(-18.97983995385,13.046246691688,4.));
#527 = CARTESIAN_POINT('',(-18.9293549669,13.134246161127,4.));
#528 = CARTESIAN_POINT('',(-18.87687154817,13.220917736069,4.));
#529 = CARTESIAN_POINT('',(-18.75132670371,13.416851755132,4.));
#530 = CARTESIAN_POINT('',(-18.67686830566,13.524981651126,4.));
#531 = CARTESIAN_POINT('',(-18.59882976419,13.629938756025,4.));
#532 = CARTESIAN_POINT('',(-18.5170722039,13.731128587388,4.));
#533 = CARTESIAN_POINT('',(-18.43145889075,13.827829137667,4.));
#534 = CARTESIAN_POINT('',(-18.34186165326,13.91918468405,4.));
#535 = CARTESIAN_POINT('',(-18.24816615945,14.004203328633,4.));
#536 = CARTESIAN_POINT('',(-18.08842422123,14.130761328374,4.));
#537 = CARTESIAN_POINT('',(-18.02491493354,14.176771124025,4.));
#538 = CARTESIAN_POINT('',(-17.95973753042,14.21949646021,4.));
#539 = CARTESIAN_POINT('',(-17.89290305811,14.258616258422,4.));
#540 = CARTESIAN_POINT('',(-17.82444792504,14.293786813172,4.));
#541 = CARTESIAN_POINT('',(-17.75443888135,14.32465516457,4.));
#542 = CARTESIAN_POINT('',(-17.68297931826,14.350878587633,4.));
#543 = CARTESIAN_POINT('',(-17.57885424847,14.381318856274,4.));
#544 = CARTESIAN_POINT('',(-17.54727196652,14.389552403084,4.));
#545 = CARTESIAN_POINT('',(-17.51547499211,14.3968731915,4.));
#546 = CARTESIAN_POINT('',(-17.4834683709,14.403303893778,4.));
#547 = CARTESIAN_POINT('',(-17.45125724352,14.408867501667,4.));
#548 = CARTESIAN_POINT('',(-17.4188468456,14.413587326409,4.));
#549 = CARTESIAN_POINT('',(-17.38624250771,14.41748699874,4.));
#550 = CARTESIAN_POINT('',(-17.24746147172,14.430621043895,4.));
#551 = CARTESIAN_POINT('',(-17.1400935557,14.432273391289,4.));
#552 = CARTESIAN_POINT('',(-17.03179279531,14.426478746835,4.));
#553 = CARTESIAN_POINT('',(-16.92292326971,14.414234178668,4.));
#554 = CARTESIAN_POINT('',(-16.81375894479,14.396511096917,4.));
#555 = CARTESIAN_POINT('',(-16.70447896805,14.374199120955,4.));
#556 = CARTESIAN_POINT('',(-16.59516556307,14.348085304264,4.));
#557 = CARTESIAN_POINT('',(-16.3553305458,14.284011656654,4.));
#558 = CARTESIAN_POINT('',(-16.2248835829,14.244763338365,4.));
#559 = CARTESIAN_POINT('',(-16.09447385607,14.202325171741,4.));
#560 = CARTESIAN_POINT('',(-15.96409596767,14.157763145504,4.));
#561 = CARTESIAN_POINT('',(-15.83372669155,14.112052139488,4.));
#562 = CARTESIAN_POINT('',(-15.70332255883,14.066119660371,4.));
#563 = CARTESIAN_POINT('',(-15.57281723845,14.020889001052,4.));
#564 = CARTESIAN_POINT('',(-15.37966035752,13.956501893071,4.));
#565 = CARTESIAN_POINT('',(-15.31716583681,13.936053050385,4.));
#566 = CARTESIAN_POINT('',(-15.25462529917,13.916180715867,4.));
#567 = CARTESIAN_POINT('',(-15.19206262733,13.896607058917,4.));
#568 = CARTESIAN_POINT('',(-15.12943307999,13.878326202682,4.));
#569 = CARTESIAN_POINT('',(-15.06677997391,13.860373957872,4.));
#570 = CARTESIAN_POINT('',(-15.0040929484,13.843217617667,4.));
#571 = CARTESIAN_POINT('',(-14.74797347281,13.775759645802,4.));
#572 = CARTESIAN_POINT('',(-14.55432760088,13.731072271208,4.));
#573 = CARTESIAN_POINT('',(-14.36057225978,13.692130702708,4.));
#574 = CARTESIAN_POINT('',(-14.16679874056,13.658329116965,4.));
#575 = CARTESIAN_POINT('',(-13.97306474546,13.628987758375,4.));
#576 = CARTESIAN_POINT('',(-13.77939487957,13.60337396025,4.));
#577 = CARTESIAN_POINT('',(-13.5857809896,13.580720597209,4.));
#578 = CARTESIAN_POINT('',(-13.24605120036,13.544784393698,4.));
#579 = CARTESIAN_POINT('',(-13.09993592098,13.530566592069,4.));
#580 = CARTESIAN_POINT('',(-12.95381836093,13.517250122524,4.));
#581 = CARTESIAN_POINT('',(-12.80767917526,13.504491393306,4.));
#582 = CARTESIAN_POINT('',(-12.6614979849,13.491944200949,4.));
#583 = CARTESIAN_POINT('',(-12.51525353668,13.479262268941,4.));
#584 = CARTESIAN_POINT('',(-12.36892386334,13.466101786389,4.));
#585 = CARTESIAN_POINT('',(-12.18707790253,13.448744107625,4.));
#586 = CARTESIAN_POINT('',(-12.15165241861,13.445313434573,4.));
#587 = CARTESIAN_POINT('',(-12.11621032138,13.441832806086,4.));
#588 = CARTESIAN_POINT('',(-12.08075195988,13.438303283204,4.));
#589 = CARTESIAN_POINT('',(-12.04527770256,13.434726109446,4.));
#590 = CARTESIAN_POINT('',(-12.00978793729,13.431102710806,4.));
#591 = CARTESIAN_POINT('',(-11.97428307132,13.427434695754,4.));
#592 = CARTESIAN_POINT('',(-11.82685829202,13.412032755169,4.));
#593 = CARTESIAN_POINT('',(-11.71490076267,13.399924003314,4.));
#594 = CARTESIAN_POINT('',(-11.60289577223,13.387443070301,4.));
#595 = CARTESIAN_POINT('',(-11.49084786799,13.374635052393,4.));
#596 = CARTESIAN_POINT('',(-11.37876131549,13.361544671482,4.));
#597 = CARTESIAN_POINT('',(-11.2666400986,13.348216275092,4.));
#598 = CARTESIAN_POINT('',(-11.15448791945,13.334693836377,4.));
#599 = CARTESIAN_POINT('',(-10.94515870317,13.309180011755,4.));
#600 = CARTESIAN_POINT('',(-10.84798866657,13.29722633404,4.));
#601 = CARTESIAN_POINT('',(-10.75080033834,13.285188259368,4.));
#602 = CARTESIAN_POINT('',(-10.65359594074,13.273094072384,4.));
#603 = CARTESIAN_POINT('',(-10.55637766873,13.260972003993,4.));
#604 = CARTESIAN_POINT('',(-10.45914768989,13.248850231354,4.));
#605 = CARTESIAN_POINT('',(-10.36190814447,13.236756877885,4.));
#606 = CARTESIAN_POINT('',(-10.1316261861,13.208253450696,4.));
#607 = CARTESIAN_POINT('',(-9.998577555894,13.19189270565,4.));
#608 = CARTESIAN_POINT('',(-9.865520540322,13.175709795296,4.));
#609 = CARTESIAN_POINT('',(-9.732460794255,13.159776854269,4.));
#610 = CARTESIAN_POINT('',(-9.599404354127,13.144166284895,4.));
#611 = CARTESIAN_POINT('',(-9.466357650218,13.128950907412,4.));
#612 = CARTESIAN_POINT('',(-9.33332751893,13.114204110198,4.));
#613 = CARTESIAN_POINT('',(-9.200321215068,13.1,4.));
#614 = PCURVE('',#292,#615);
#615 = DEFINITIONAL_REPRESENTATION('',(#616),#773);
#616 = B_SPLINE_CURVE_WITH_KNOTS('',8,(#617,#618,#619,#620,#621,#622,
    #623,#624,#625,#626,#627,#628,#629,#630,#631,#632,#633,#634,#635,
    #636,#637,#638,#639,#640,#641,#642,#643,#644,#645,#646,#647,#648,
    #649,#650,#651,#652,#653,#654,#655,#656,#657,#658,#659,#660,#661,
    #662,#663,#664,#665,#666,#667,#668,#669,#670,#671,#672,#673,#674,
    #675,#676,#677,#678,#679,#680,#681,#682,#683,#684,#685,#686,#687,
    #688,#689,#690,#691,#692,#693,#694,#695,#696,#697,#698,#699,#700,
    #701,#702,#703,#704,#705,#706,#707,#708,#709,#710,#711,#712,#713,
    #714,#715,#716,#717,#718,#719,#720,#721,#722,#723,#724,#725,#726,
    #727,#728,#729,#730,#731,#732,#733,#734,#735,#736,#737,#738,#739,
    #740,#741,#742,#743,#744,#745,#746,#747,#748,#749,#750,#751,#752,
    #753,#754,#755,#756,#757,#758,#759,#760,#761,#762,#763,#764,#765,
    #766,#767,#768,#769,#770,#771,#772),.UNSPECIFIED.,.F.,.F.,(9,7,7,7,7
    ,7,7,7,7,7,7,7,7,7,7,7,7,7,7,7,7,7,9),(0.,0.192520487223,
    0.221682525559,0.278045429489,0.328411865072,0.353494458176,
    0.365052780937,0.378537431324,0.448225174799,0.483948056662,
    0.520580059348,0.568281348729,0.598421390241,0.611412589445,
    0.653400812854,0.703495165673,0.727434310074,0.801269336975,
    0.857001119893,0.870477054669,0.912933339487,0.949701184946,1.),
  .UNSPECIFIED.);
#617 = CARTESIAN_POINT('',(6.82416028676,0.12581574779));
#618 = CARTESIAN_POINT('',(6.77093052134,0.632887728683));
#619 = CARTESIAN_POINT('',(6.71770798385,1.139858746676));
#620 = CARTESIAN_POINT('',(6.664466771159,1.646843035425));
#621 = CARTESIAN_POINT('',(6.611212010279,2.153960650679));
#622 = CARTESIAN_POINT('',(6.557935586527,2.661327982925));
#623 = CARTESIAN_POINT('',(6.504624533428,3.16905956888));
#624 = CARTESIAN_POINT('',(6.451277643777,3.677271207287));
#625 = CARTESIAN_POINT('',(6.389798341744,4.26314533925));
#626 = CARTESIAN_POINT('',(6.381709359478,4.340229922303));
#627 = CARTESIAN_POINT('',(6.373628777591,4.417327090779));
#628 = CARTESIAN_POINT('',(6.365566459187,4.494435796837));
#629 = CARTESIAN_POINT('',(6.357532267389,4.57155498768));
#630 = CARTESIAN_POINT('',(6.349536065342,4.648683605548));
#631 = CARTESIAN_POINT('',(6.341587716212,4.72582058772));
#632 = CARTESIAN_POINT('',(6.318446469153,4.952065403465));
#633 = CARTESIAN_POINT('',(6.303411612199,5.10119297916));
#634 = CARTESIAN_POINT('',(6.288663468845,5.250340107902));
#635 = CARTESIAN_POINT('',(6.274273413554,5.399498845404));
#636 = CARTESIAN_POINT('',(6.260313238736,5.548660788789));
#637 = CARTESIAN_POINT('',(6.246855154745,5.697817076588));
#638 = CARTESIAN_POINT('',(6.23397178988,5.846958388743));
#639 = CARTESIAN_POINT('',(6.210802340442,6.12932694362));
#640 = CARTESIAN_POINT('',(6.200385926555,6.262558893085));
#641 = CARTESIAN_POINT('',(6.190539158455,6.39576379709));
#642 = CARTESIAN_POINT('',(6.18131479735,6.528934021272));
#643 = CARTESIAN_POINT('',(6.172766155926,6.662061294812));
#644 = CARTESIAN_POINT('',(6.164947098342,6.795136710439));
#645 = CARTESIAN_POINT('',(6.157912040237,6.928150724431));
#646 = CARTESIAN_POINT('',(6.148630281843,7.127298773384));
#647 = CARTESIAN_POINT('',(6.145752696035,7.193486601917));
#648 = CARTESIAN_POINT('',(6.14308999017,7.259655367875));
#649 = CARTESIAN_POINT('',(6.140649002756,7.325803741075));
#650 = CARTESIAN_POINT('',(6.138436611949,7.39193033549));
#651 = CARTESIAN_POINT('',(6.136459735546,7.458033709243));
#652 = CARTESIAN_POINT('',(6.13472533099,7.524112364608));
#653 = CARTESIAN_POINT('',(6.132556121409,7.620602381133));
#654 = CARTESIAN_POINT('',(6.131924888144,7.651027794265));
#655 = CARTESIAN_POINT('',(6.131347010148,7.681440590527));
#656 = CARTESIAN_POINT('',(6.130823500275,7.711840742966));
#657 = CARTESIAN_POINT('',(6.130356069659,7.742228594558));
#658 = CARTESIAN_POINT('',(6.129947127717,7.77260485821));
#659 = CARTESIAN_POINT('',(6.129599782142,7.802970616757));
#660 = CARTESIAN_POINT('',(6.128988906589,7.86874332394));
#661 = CARTESIAN_POINT('',(6.128748132308,7.904146374697));
#662 = CARTESIAN_POINT('',(6.128599849641,7.939537800136));
#663 = CARTESIAN_POINT('',(6.128548392167,7.974918925156));
#664 = CARTESIAN_POINT('',(6.128598093463,8.010291074654));
#665 = CARTESIAN_POINT('',(6.128753287105,8.045655573531));
#666 = CARTESIAN_POINT('',(6.129018306671,8.081013746683));
#667 = CARTESIAN_POINT('',(6.131357057007,8.2990696761));
#668 = CARTESIAN_POINT('',(6.13636612555,8.481686358027));
#669 = CARTESIAN_POINT('',(6.145024017955,8.664283003631));
#670 = CARTESIAN_POINT('',(6.157921018625,8.846897955423));
#671 = CARTESIAN_POINT('',(6.175624540275,9.029541157802));
#672 = CARTESIAN_POINT('',(6.198663029411,9.212192995349));
#673 = CARTESIAN_POINT('',(6.227507606805,9.394802671186));
#674 = CARTESIAN_POINT('',(6.280515388345,9.670829617447));
#675 = CARTESIAN_POINT('',(6.300108246096,9.764339483511));
#676 = CARTESIAN_POINT('',(6.321382869525,9.857803497203));
#677 = CARTESIAN_POINT('',(6.34438674489,9.951207777085));
#678 = CARTESIAN_POINT('',(6.369161514934,10.04453676734));
#679 = CARTESIAN_POINT('',(6.395742502436,10.137773218442));
#680 = CARTESIAN_POINT('',(6.424158233758,10.230898167816));
#681 = CARTESIAN_POINT('',(6.485472084055,10.419250269711));
#682 = CARTESIAN_POINT('',(6.518465308928,10.514474872713));
#683 = CARTESIAN_POINT('',(6.553418748639,10.609377364246));
#684 = CARTESIAN_POINT('',(6.590355296267,10.703769726772));
#685 = CARTESIAN_POINT('',(6.629310205495,10.797460335394));
#686 = CARTESIAN_POINT('',(6.670330848107,10.890250137679));
#687 = CARTESIAN_POINT('',(6.713477649844,10.981927968394));
#688 = CARTESIAN_POINT('',(6.81787797288,11.189899649992));
#689 = CARTESIAN_POINT('',(6.880639084551,11.305213007023));
#690 = CARTESIAN_POINT('',(6.947292054476,11.417744733319));
#691 = CARTESIAN_POINT('',(7.01803707133,11.526918096493));
#692 = CARTESIAN_POINT('',(7.093085509531,11.632029312524));
#693 = CARTESIAN_POINT('',(7.172654189537,11.732240718977));
#694 = CARTESIAN_POINT('',(7.256960386532,11.826577777632));
#695 = CARTESIAN_POINT('',(7.402614715894,11.969123315831));
#696 = CARTESIAN_POINT('',(7.460972782715,12.02151288499));
#697 = CARTESIAN_POINT('',(7.521332790878,12.070810122681));
#698 = CARTESIAN_POINT('',(7.583717279664,12.11669455206));
#699 = CARTESIAN_POINT('',(7.648125927376,12.158820544811));
#700 = CARTESIAN_POINT('',(7.714529202734,12.196830100698));
#701 = CARTESIAN_POINT('',(7.782860064989,12.2303715726));
#702 = CARTESIAN_POINT('',(7.883237582895,12.27151758107));
#703 = CARTESIAN_POINT('',(7.913787534411,12.283003759224));
#704 = CARTESIAN_POINT('',(7.944646309738,12.293604585135));
#705 = CARTESIAN_POINT('',(7.975806523492,12.303342080294));
#706 = CARTESIAN_POINT('',(8.00726066247,12.312238574017));
#707 = CARTESIAN_POINT('',(8.039001085655,12.320316703455));
#708 = CARTESIAN_POINT('',(8.071020024213,12.327599413587));
#709 = CARTESIAN_POINT('',(8.207671089893,12.355152368812));
#710 = CARTESIAN_POINT('',(8.314279594254,12.368006412537));
#711 = CARTESIAN_POINT('',(8.422593415193,12.373551572519));
#712 = CARTESIAN_POINT('',(8.532146355628,12.372741451811));
#713 = CARTESIAN_POINT('',(8.642564518255,12.366513544812));
#714 = CARTESIAN_POINT('',(8.753576845949,12.355733902618));
#715 = CARTESIAN_POINT('',(8.865019385091,12.3411766913));
#716 = CARTESIAN_POINT('',(9.110233635936,12.302495442521));
#717 = CARTESIAN_POINT('',(9.244065642604,12.277082166237));
#718 = CARTESIAN_POINT('',(9.37819368198,12.248492589657));
#719 = CARTESIAN_POINT('',(9.512511817942,12.217787438301));
#720 = CARTESIAN_POINT('',(9.646941358423,12.185938688356));
#721 = CARTESIAN_POINT('',(9.781428689899,12.153873315424));
#722 = CARTESIAN_POINT('',(9.915943376021,12.122516491499));
#723 = CARTESIAN_POINT('',(10.114767367354,12.078649638464));
#724 = CARTESIAN_POINT('',(10.179055435324,12.064837882499));
#725 = CARTESIAN_POINT('',(10.243329073088,12.051604288272));
#726 = CARTESIAN_POINT('',(10.307593537902,12.038670050136));
#727 = CARTESIAN_POINT('',(10.371789525998,12.027028528891));
#728 = CARTESIAN_POINT('',(10.435974632377,12.015716282716));
#729 = CARTESIAN_POINT('',(10.500110369099,12.005199132324));
#730 = CARTESIAN_POINT('',(10.761873437166,11.96485238598));
#731 = CARTESIAN_POINT('',(10.959126815979,11.94062864329));
#732 = CARTESIAN_POINT('',(11.155889122211,11.9221307297));
#733 = CARTESIAN_POINT('',(11.35213282035,11.908746601287));
#734 = CARTESIAN_POINT('',(11.547871499637,11.899794193124));
#735 = CARTESIAN_POINT('',(11.743157190245,11.89454227423));
#736 = CARTESIAN_POINT('',(11.938078099623,11.892228763723));
#737 = CARTESIAN_POINT('',(12.279703141204,11.891961583437));
#738 = CARTESIAN_POINT('',(12.426504280063,11.893077998363));
#739 = CARTESIAN_POINT('',(12.573213575309,11.895091056738));
#740 = CARTESIAN_POINT('',(12.719886141996,11.897661064799));
#741 = CARTESIAN_POINT('',(12.866578396332,11.900445839324));
#742 = CARTESIAN_POINT('',(13.013347631476,11.903103215713));
#743 = CARTESIAN_POINT('',(13.160251593339,11.905293556068));
#744 = CARTESIAN_POINT('',(13.342915953877,11.907018044965));
#745 = CARTESIAN_POINT('',(13.3785060095,11.907305045605));
#746 = CARTESIAN_POINT('',(13.414117803681,11.907544098535));
#747 = CARTESIAN_POINT('',(13.449750878493,11.907736222553));
#748 = CARTESIAN_POINT('',(13.485404737657,11.907882615906));
#749 = CARTESIAN_POINT('',(13.521078846539,11.907984656296));
#750 = CARTESIAN_POINT('',(13.556772632155,11.908043900877));
#751 = CARTESIAN_POINT('',(13.704999753924,11.908119379764));
#752 = CARTESIAN_POINT('',(13.817609637654,11.907766764229));
#753 = CARTESIAN_POINT('',(13.930305584006,11.907048957521));
#754 = CARTESIAN_POINT('',(14.043078361885,11.906010334602));
#755 = CARTESIAN_POINT('',(14.155919059451,11.904694927528));
#756 = CARTESIAN_POINT('',(14.268819084117,11.903146425444));
#757 = CARTESIAN_POINT('',(14.381770162552,11.901408174585));
#758 = CARTESIAN_POINT('',(14.592619169405,11.897890740275));
#759 = CARTESIAN_POINT('',(14.690506198285,11.896148327946));
#760 = CARTESIAN_POINT('',(14.788420231056,11.894323889886));
#761 = CARTESIAN_POINT('',(14.886356104264,11.892445324098));
#762 = CARTESIAN_POINT('',(14.984308687263,11.89054047799));
#763 = CARTESIAN_POINT('',(15.082272882217,11.888637148376));
#764 = CARTESIAN_POINT('',(15.1802436241,11.886763081477));
#765 = CARTESIAN_POINT('',(15.412243000138,11.882460148522));
#766 = CARTESIAN_POINT('',(15.546272666954,11.880080990674));
#767 = CARTESIAN_POINT('',(15.680292104843,11.877879571007));
#768 = CARTESIAN_POINT('',(15.81428815797,11.875927039413));
#769 = CARTESIAN_POINT('',(15.94824726307,11.874294772171));
#770 = CARTESIAN_POINT('',(16.082155421551,11.873054520065));
#771 = CARTESIAN_POINT('',(16.215998171594,11.872278556508));
#772 = CARTESIAN_POINT('',(16.349760560258,11.872039825668));
#773 = ( GEOMETRIC_REPRESENTATION_CONTEXT(2) 
PARAMETRIC_REPRESENTATION_CONTEXT() REPRESENTATION_CONTEXT('2D SPACE',''
  ) );
#774 = PCURVE('',#359,#775);
#775 = DEFINITIONAL_REPRESENTATION('',(#776),#933);
#776 = B_SPLINE_CURVE_WITH_KNOTS('',8,(#777,#778,#779,#780,#781,#782,
    #783,#784,#785,#786,#787,#788,#789,#790,#791,#792,#793,#794,#795,
    #796,#797,#798,#799,#800,#801,#802,#803,#804,#805,#806,#807,#808,
    #809,#810,#811,#812,#813,#814,#815,#816,#817,#818,#819,#820,#821,
    #822,#823,#824,#825,#826,#827,#828,#829,#830,#831,#832,#833,#834,
    #835,#836,#837,#838,#839,#840,#841,#842,#843,#844,#845,#846,#847,
    #848,#849,#850,#851,#852,#853,#854,#855,#856,#857,#858,#859,#860,
    #861,#862,#863,#864,#865,#866,#867,#868,#869,#870,#871,#872,#873,
    #874,#875,#876,#877,#878,#879,#880,#881,#882,#883,#884,#885,#886,
    #887,#888,#889,#890,#891,#892,#893,#894,#895,#896,#897,#898,#899,
    #900,#901,#902,#903,#904,#905,#906,#907,#908,#909,#910,#911,#912,
    #913,#914,#915,#916,#917,#918,#919,#920,#921,#922,#923,#924,#925,
    #926,#927,#928,#929,#930,#931,#932),.UNSPECIFIED.,.F.,.F.,(9,7,7,7,7
    ,7,7,7,7,7,7,7,7,7,7,7,7,7,7,7,7,7,9),(0.,0.192520487223,
    0.221682525559,0.278045429489,0.328411865072,0.353494458176,
    0.365052780937,0.378537431324,0.448225174799,0.483948056662,
    0.520580059348,0.568281348729,0.598421390241,0.611412589445,
    0.653400812854,0.703495165673,0.727434310074,0.801269336975,
    0.857001119893,0.870477054669,0.912933339487,0.949701184946,1.),
  .UNSPECIFIED.);
#777 = CARTESIAN_POINT('',(21.148670125641,0.3));
#778 = CARTESIAN_POINT('',(20.637713962159,0.3));
#779 = CARTESIAN_POINT('',(20.12665734791,0.3));
#780 = CARTESIAN_POINT('',(19.615615672122,0.3));
#781 = CARTESIAN_POINT('',(19.104707329787,0.3));
#782 = CARTESIAN_POINT('',(18.59404895237,0.3));
#783 = CARTESIAN_POINT('',(18.083756316578,0.3));
#784 = CARTESIAN_POINT('',(17.573945690756,0.3));
#785 = CARTESIAN_POINT('',(16.987596995528,0.3));
#786 = CARTESIAN_POINT('',(16.910477396855,0.3));
#787 = CARTESIAN_POINT('',(16.833369493021,0.3));
#788 = CARTESIAN_POINT('',(16.756271203588,0.3));
#789 = CARTESIAN_POINT('',(16.679180457083,0.3));
#790 = CARTESIAN_POINT('',(16.602095190998,0.3));
#791 = CARTESIAN_POINT('',(16.525013351791,0.3));
#792 = CARTESIAN_POINT('',(16.298955709632,0.3));
#793 = CARTESIAN_POINT('',(16.149983861591,0.3));
#794 = CARTESIAN_POINT('',(16.001002447797,0.3));
#795 = CARTESIAN_POINT('',(15.851996957731,0.3));
#796 = CARTESIAN_POINT('',(15.702953273323,0.3));
#797 = CARTESIAN_POINT('',(15.553857668945,0.3));
#798 = CARTESIAN_POINT('',(15.404696811417,0.3));
#799 = CARTESIAN_POINT('',(15.12209630157,0.3));
#800 = CARTESIAN_POINT('',(14.988672631578,0.3));
#801 = CARTESIAN_POINT('',(14.855177510803,0.3));
#802 = CARTESIAN_POINT('',(14.721602205015,0.3));
#803 = CARTESIAN_POINT('',(14.587938484975,0.3));
#804 = CARTESIAN_POINT('',(14.454178626435,0.3));
#805 = CARTESIAN_POINT('',(14.320315410143,0.3));
#806 = CARTESIAN_POINT('',(14.119623136494,0.3));
#807 = CARTESIAN_POINT('',(14.052876884304,0.3));
#808 = CARTESIAN_POINT('',(13.986102549786,0.3));
#809 = CARTESIAN_POINT('',(13.91929936321,0.3));
#810 = CARTESIAN_POINT('',(13.852466600587,0.3));
#811 = CARTESIAN_POINT('',(13.785603583675,0.3));
#812 = CARTESIAN_POINT('',(13.718709679981,0.3));
#813 = CARTESIAN_POINT('',(13.620944384897,0.3));
#814 = CARTESIAN_POINT('',(13.590104471401,0.3));
#815 = CARTESIAN_POINT('',(13.559264596063,0.3));
#816 = CARTESIAN_POINT('',(13.528424768892,0.3));
#817 = CARTESIAN_POINT('',(13.497584976105,0.3));
#818 = CARTESIAN_POINT('',(13.466745180127,0.3));
#819 = CARTESIAN_POINT('',(13.435905319588,0.3));
#820 = CARTESIAN_POINT('',(13.369085456122,0.3));
#821 = CARTESIAN_POINT('',(13.333105602914,0.3));
#822 = CARTESIAN_POINT('',(13.297125749707,0.3));
#823 = CARTESIAN_POINT('',(13.261145896499,0.3));
#824 = CARTESIAN_POINT('',(13.225166043291,0.3));
#825 = CARTESIAN_POINT('',(13.189186190084,0.3));
#826 = CARTESIAN_POINT('',(13.153206336876,0.3));
#827 = CARTESIAN_POINT('',(12.931285082993,0.3));
#828 = CARTESIAN_POINT('',(12.745295374961,0.3));
#829 = CARTESIAN_POINT('',(12.559376048993,0.3));
#830 = CARTESIAN_POINT('',(12.373675096031,0.3));
#831 = CARTESIAN_POINT('',(12.188367801681,0.3));
#832 = CARTESIAN_POINT('',(12.003654186533,0.3));
#833 = CARTESIAN_POINT('',(11.819755893632,0.3));
#834 = CARTESIAN_POINT('',(11.543184533124,0.3));
#835 = CARTESIAN_POINT('',(11.449734209494,0.3));
#836 = CARTESIAN_POINT('',(11.356594750225,0.3));
#837 = CARTESIAN_POINT('',(11.263799938054,0.3));
#838 = CARTESIAN_POINT('',(11.171384002286,0.3));
#839 = CARTESIAN_POINT('',(11.079381480595,0.3));
#840 = CARTESIAN_POINT('',(10.987827080838,0.3));
#841 = CARTESIAN_POINT('',(10.803366301852,0.3));
#842 = CARTESIAN_POINT('',(10.71049760114,0.3));
#843 = CARTESIAN_POINT('',(10.617998720677,0.3));
#844 = CARTESIAN_POINT('',(10.525733680088,0.3));
#845 = CARTESIAN_POINT('',(10.433577707909,0.3));
#846 = CARTESIAN_POINT('',(10.341413285386,0.3));
#847 = CARTESIAN_POINT('',(10.249125764842,0.3));
#848 = CARTESIAN_POINT('',(10.036111924494,0.3));
#849 = CARTESIAN_POINT('',(9.915268059362,0.3));
#850 = CARTESIAN_POINT('',(9.793769416808,0.3));
#851 = CARTESIAN_POINT('',(9.671380118178,0.3));
#852 = CARTESIAN_POINT('',(9.547912771697,0.3));
#853 = CARTESIAN_POINT('',(9.423218989049,0.3));
#854 = CARTESIAN_POINT('',(9.297183603408,0.3));
#855 = CARTESIAN_POINT('',(9.089186395467,0.3));
#856 = CARTESIAN_POINT('',(9.008103348293,0.3));
#857 = CARTESIAN_POINT('',(8.926468383257,0.3));
#858 = CARTESIAN_POINT('',(8.844303803301,0.3));
#859 = CARTESIAN_POINT('',(8.761659469829,0.3));
#860 = CARTESIAN_POINT('',(8.678614469624,0.3));
#861 = CARTESIAN_POINT('',(8.595280257273,0.3));
#862 = CARTESIAN_POINT('',(8.47582522485,0.3));
#863 = CARTESIAN_POINT('',(8.439845453328,0.3));
#864 = CARTESIAN_POINT('',(8.403865749502,0.3));
#865 = CARTESIAN_POINT('',(8.367885983162,0.3));
#866 = CARTESIAN_POINT('',(8.331906102929,0.3));
#867 = CARTESIAN_POINT('',(8.295926136246,0.3));
#868 = CARTESIAN_POINT('',(8.259946189384,0.3));
#869 = CARTESIAN_POINT('',(8.107678072579,0.3));
#870 = CARTESIAN_POINT('',(7.992039133218,0.3));
#871 = CARTESIAN_POINT('',(7.877303938292,0.3));
#872 = CARTESIAN_POINT('',(7.763620600786,0.3));
#873 = CARTESIAN_POINT('',(7.651046064818,0.3));
#874 = CARTESIAN_POINT('',(7.539555325414,0.3));
#875 = CARTESIAN_POINT('',(7.42904484094,0.3));
#876 = CARTESIAN_POINT('',(7.188434220724,0.3));
#877 = CARTESIAN_POINT('',(7.058766173097,0.3));
#878 = CARTESIAN_POINT('',(6.930045618077,0.3));
#879 = CARTESIAN_POINT('',(6.80200967645,0.3));
#880 = CARTESIAN_POINT('',(6.674399807416,0.3));
#881 = CARTESIAN_POINT('',(6.5469488054,0.3));
#882 = CARTESIAN_POINT('',(6.419367953319,0.3));
#883 = CARTESIAN_POINT('',(6.230149484711,0.3));
#884 = CARTESIAN_POINT('',(6.168871689178,0.3));
#885 = CARTESIAN_POINT('',(6.107442575158,0.3));
#886 = CARTESIAN_POINT('',(6.045951704432,0.3));
#887 = CARTESIAN_POINT('',(5.984120704749,0.3));
#888 = CARTESIAN_POINT('',(5.922219504656,0.3));
#889 = CARTESIAN_POINT('',(5.860128319798,0.3));
#890 = CARTESIAN_POINT('',(5.605955504813,0.3));
#891 = CARTESIAN_POINT('',(5.412605008416,0.3));
#892 = CARTESIAN_POINT('',(5.218091339525,0.3));
#893 = CARTESIAN_POINT('',(5.022644827761,0.3));
#894 = CARTESIAN_POINT('',(4.826475332772,0.3));
#895 = CARTESIAN_POINT('',(4.629768387475,0.3));
#896 = CARTESIAN_POINT('',(4.432681800873,0.3));
#897 = CARTESIAN_POINT('',(4.086388230213,0.3));
#898 = CARTESIAN_POINT('',(3.937297208348,0.3));
#899 = CARTESIAN_POINT('',(3.788123772198,0.3));
#900 = CARTESIAN_POINT('',(3.638921664972,0.3));
#901 = CARTESIAN_POINT('',(3.489743885932,0.3));
#902 = CARTESIAN_POINT('',(3.340642320594,0.3));
#903 = CARTESIAN_POINT('',(3.191667370927,0.3));
#904 = CARTESIAN_POINT('',(3.00688782504,0.3));
#905 = CARTESIAN_POINT('',(2.970907955067,0.3));
#906 = CARTESIAN_POINT('',(2.934928044112,0.3));
#907 = CARTESIAN_POINT('',(2.898948139061,0.3));
#908 = CARTESIAN_POINT('',(2.862968265208,0.3));
#909 = CARTESIAN_POINT('',(2.826988426254,0.3));
#910 = CARTESIAN_POINT('',(2.79100860431,0.3));
#911 = CARTESIAN_POINT('',(2.641673319424,0.3));
#912 = CARTESIAN_POINT('',(2.52841275662,0.3));
#913 = CARTESIAN_POINT('',(2.415239266342,0.3));
#914 = CARTESIAN_POINT('',(2.302144868132,0.3));
#915 = CARTESIAN_POINT('',(2.189121406214,0.3));
#916 = CARTESIAN_POINT('',(2.076160549493,0.3));
#917 = CARTESIAN_POINT('',(1.963253791557,0.3));
#918 = CARTESIAN_POINT('',(1.752652661202,0.3));
#919 = CARTESIAN_POINT('',(1.654947026826,0.3));
#920 = CARTESIAN_POINT('',(1.557269932506,0.3));
#921 = CARTESIAN_POINT('',(1.459615757529,0.3));
#922 = CARTESIAN_POINT('',(1.361978875506,0.3));
#923 = CARTESIAN_POINT('',(1.264353654376,0.3));
#924 = CARTESIAN_POINT('',(1.166734456401,0.3));
#925 = CARTESIAN_POINT('',(0.935572026274,0.3));
#926 = CARTESIAN_POINT('',(0.802029385729,0.3));
#927 = CARTESIAN_POINT('',(0.668473096741,0.3));
#928 = CARTESIAN_POINT('',(0.534888917385,0.3));
#929 = CARTESIAN_POINT('',(0.401262953546,0.3));
#930 = CARTESIAN_POINT('',(0.267581628865,0.3));
#931 = CARTESIAN_POINT('',(0.133831654686,0.3));
#932 = CARTESIAN_POINT('',(0.,0.3));
#933 = ( GEOMETRIC_REPRESENTATION_CONTEXT(2) 
PARAMETRIC_REPRESENTATION_CONTEXT() REPRESENTATION_CONTEXT('2D SPACE',''
  ) );
#934 = ORIENTED_EDGE('',*,*,#935,.F.);
#935 = EDGE_CURVE('',#936,#454,#938,.T.);
#936 = VERTEX_POINT('',#937);
#937 = CARTESIAN_POINT('',(-9.200321215068,12.927361191462,4.));
#938 = SURFACE_CURVE('',#939,(#943,#950),.PCURVE_S1.);
#939 = LINE('',#940,#941);
#940 = CARTESIAN_POINT('',(-9.200321215068,-2.05,4.));
#941 = VECTOR('',#942,1.);
#942 = DIRECTION('',(6.223944685557E-18,1.,1.915533209503E-17));
#943 = PCURVE('',#292,#944);
#944 = DEFINITIONAL_REPRESENTATION('',(#945),#949);
#945 = LINE('',#946,#947);
#946 = CARTESIAN_POINT('',(17.931634725379,-3.195148834654));
#947 = VECTOR('',#948,1.);
#948 = DIRECTION('',(-0.104414136312,0.994533904972));
#949 = ( GEOMETRIC_REPRESENTATION_CONTEXT(2) 
PARAMETRIC_REPRESENTATION_CONTEXT() REPRESENTATION_CONTEXT('2D SPACE',''
  ) );
#950 = PCURVE('',#951,#956);
#951 = PLANE('',#952);
#952 = AXIS2_PLACEMENT_3D('',#953,#954,#955);
#953 = CARTESIAN_POINT('',(8.995181773974,-7.1,60.));
#954 = DIRECTION('',(0.951056516295,0.,-0.309016994375));
#955 = DIRECTION('',(0.,1.,0.));
#956 = DEFINITIONAL_REPRESENTATION('',(#957),#961);
#957 = LINE('',#958,#959);
#958 = CARTESIAN_POINT('',(5.05,-58.88188455734));
#959 = VECTOR('',#960,1.);
#960 = DIRECTION('',(1.,2.014110809066E-17));
#961 = ( GEOMETRIC_REPRESENTATION_CONTEXT(2) 
PARAMETRIC_REPRESENTATION_CONTEXT() REPRESENTATION_CONTEXT('2D SPACE',''
  ) );
#962 = ORIENTED_EDGE('',*,*,#963,.T.);
#963 = EDGE_CURVE('',#936,#964,#966,.T.);
#964 = VERTEX_POINT('',#965);
#965 = CARTESIAN_POINT('',(15.74913811743,3.125,4.));
#966 = SURFACE_CURVE('',#967,(#990,#1016),.PCURVE_S1.);
#967 = B_SPLINE_CURVE_WITH_KNOTS('',6,(#968,#969,#970,#971,#972,#973,
    #974,#975,#976,#977,#978,#979,#980,#981,#982,#983,#984,#985,#986,
    #987,#988,#989),.UNSPECIFIED.,.F.,.F.,(7,5,5,5,7),(0.,0.250000000059
    ,0.499999999964,0.750000000935,1.),.UNSPECIFIED.);
#968 = CARTESIAN_POINT('',(-9.200327172893,12.927354889969,4.));
#969 = CARTESIAN_POINT('',(-8.214200253883,13.970365714846,4.));
#970 = CARTESIAN_POINT('',(-7.103443817218,14.896145758883,4.));
#971 = CARTESIAN_POINT('',(-5.886120910885,15.685324910508,4.));
#972 = CARTESIAN_POINT('',(-4.583363800406,16.323684293436,4.));
#973 = CARTESIAN_POINT('',(-3.218233027217,16.800409080713,4.));
#974 = CARTESIAN_POINT('',(-0.415025739499,17.419521689644,4.));
#975 = CARTESIAN_POINT('',(1.023904595622,17.562098085213,4.));
#976 = CARTESIAN_POINT('',(2.474339395837,17.531804994698,4.));
#977 = CARTESIAN_POINT('',(3.910808293864,17.328738780705,4.));
#978 = CARTESIAN_POINT('',(5.308156134126,16.956895328841,4.));
#979 = CARTESIAN_POINT('',(7.975527710777,15.895575196114,4.));
#980 = CARTESIAN_POINT('',(9.246363893358,15.205775249525,4.));
#981 = CARTESIAN_POINT('',(10.429674792738,14.366457597347,4.));
#982 = CARTESIAN_POINT('',(11.504436326993,13.392000594175,4.));
#983 = CARTESIAN_POINT('',(12.452074420202,12.299832744873,4.));
#984 = CARTESIAN_POINT('',(14.063669041892,9.924115109579,4.));
#985 = CARTESIAN_POINT('',(14.728116448623,8.639841701481,4.));
#986 = CARTESIAN_POINT('',(15.236195176399,7.280969076163,4.));
#987 = CARTESIAN_POINT('',(15.578578305942,5.87119868907,4.));
#988 = CARTESIAN_POINT('',(15.749678784932,4.435380741387,4.));
#989 = CARTESIAN_POINT('',(15.749678784932,3.,4.));
#990 = PCURVE('',#292,#991);
#991 = DEFINITIONAL_REPRESENTATION('',(#992),#1015);
#992 = B_SPLINE_CURVE_WITH_KNOTS('',6,(#993,#994,#995,#996,#997,#998,
    #999,#1000,#1001,#1002,#1003,#1004,#1005,#1006,#1007,#1008,#1009,
    #1010,#1011,#1012,#1013,#1014),.UNSPECIFIED.,.F.,.F.,(7,5,5,5,7),(0.
    ,0.250000000059,0.499999999964,0.750000000935,1.),.UNSPECIFIED.);
#993 = CARTESIAN_POINT('',(16.367781225051,11.700337788133));
#994 = CARTESIAN_POINT('',(17.239612806168,12.840613007268));
#995 = CARTESIAN_POINT('',(18.247633218885,13.877311323596));
#996 = CARTESIAN_POINT('',(19.37590066302,14.789282466861));
#997 = CARTESIAN_POINT('',(20.60488303571,15.560178775255));
#998 = CARTESIAN_POINT('',(21.912775067444,16.176836690177));
#999 = CARTESIAN_POINT('',(24.636015649403,17.085259638603));
#1000 = CARTESIAN_POINT('',(26.052193663371,17.3773013662));
#1001 = CARTESIAN_POINT('',(27.497863276018,17.498619757537));
#1002 = CARTESIAN_POINT('',(28.947683281891,17.446651182093));
#1003 = CARTESIAN_POINT('',(30.37621879894,17.222743129741));
#1004 = CARTESIAN_POINT('',(33.139827094087,16.445735573112));
#1005 = CARTESIAN_POINT('',(34.47574163098,15.892399400979));
#1006 = CARTESIAN_POINT('',(35.740221068279,15.181223924394));
#1007 = CARTESIAN_POINT('',(36.910854940213,14.324313693142));
#1008 = CARTESIAN_POINT('',(37.967350916244,13.33706255013));
#1009 = CARTESIAN_POINT('',(39.818194913595,11.142604073699));
#1010 = CARTESIAN_POINT('',(40.613106686354,9.934728328191));
#1011 = CARTESIAN_POINT('',(41.260293719052,8.636334031313));
#1012 = CARTESIAN_POINT('',(41.748005307239,7.270019221882));
#1013 = CARTESIAN_POINT('',(42.06809022566,5.859914900281));
#1014 = CARTESIAN_POINT('',(42.217964266049,4.432380086429));
#1015 = ( GEOMETRIC_REPRESENTATION_CONTEXT(2) 
PARAMETRIC_REPRESENTATION_CONTEXT() REPRESENTATION_CONTEXT('2D SPACE',''
  ) );
#1016 = PCURVE('',#1017,#1048);
#1017 = B_SPLINE_SURFACE_WITH_KNOTS('',14,1,(
    (#1018,#1019)
    ,(#1020,#1021)
    ,(#1022,#1023)
    ,(#1024,#1025)
    ,(#1026,#1027)
    ,(#1028,#1029)
    ,(#1030,#1031)
    ,(#1032,#1033)
    ,(#1034,#1035)
    ,(#1036,#1037)
    ,(#1038,#1039)
    ,(#1040,#1041)
    ,(#1042,#1043)
    ,(#1044,#1045)
    ,(#1046,#1047
    )),.UNSPECIFIED.,.T.,.F.,.F.,(15,15),(2,2),(0.,6.28318530718),(0.,1.
    ),.PIECEWISE_BEZIER_KNOTS.);
#1018 = CARTESIAN_POINT('',(7.951606075342,3.,-20.));
#1019 = CARTESIAN_POINT('',(33.945181773974,3.,60.));
#1020 = CARTESIAN_POINT('',(7.951606075346,9.485144834915,-20.));
#1021 = CARTESIAN_POINT('',(33.945181773976,9.485144834915,
    60.000000000007));
#1022 = CARTESIAN_POINT('',(4.817193555993,15.970292063633,-20.));
#1023 = CARTESIAN_POINT('',(30.810769254637,15.970292063633,
    59.999999999972));
#1024 = CARTESIAN_POINT('',(-1.451635489662,20.81423955799,
    -19.99999999998));
#1025 = CARTESIAN_POINT('',(24.541940208931,20.81423955799,
    60.000000000059));
#1026 = CARTESIAN_POINT('',(-9.917417307697,22.375970259668,
    -20.00000000004));
#1027 = CARTESIAN_POINT('',(16.076158391038,22.375970259668,
    59.999999999926));
#1028 = CARTESIAN_POINT('',(-18.70540221737,19.602715641629,
    -19.99999999991));
#1029 = CARTESIAN_POINT('',(7.288173481058,19.602715641629,
    60.00000000004));
#1030 = CARTESIAN_POINT('',(-25.41404651377,12.622041794024,
    -20.00000000014));
#1031 = CARTESIAN_POINT('',(0.579529185161,12.622041794024,
    60.000000000049));
#1032 = CARTESIAN_POINT('',(-27.93971722409,3.000000000246,
    -19.99999999983));
#1033 = CARTESIAN_POINT('',(-1.946141525826,3.000000000246,
    59.999999999848));
#1034 = CARTESIAN_POINT('',(-25.41404651378,-6.622041794475,
    -20.00000000016));
#1035 = CARTESIAN_POINT('',(0.579529185207,-6.622041794475,
    60.000000000211));
#1036 = CARTESIAN_POINT('',(-18.70540221736,-13.60271564128,
    -19.99999999987));
#1037 = CARTESIAN_POINT('',(7.288173480989,-13.60271564128,59.9999999998
    ));
#1038 = CARTESIAN_POINT('',(-9.917417307708,-16.37597025988,
    -20.00000000007));
#1039 = CARTESIAN_POINT('',(16.076158391099,-16.37597025988,
    60.000000000142));
#1040 = CARTESIAN_POINT('',(-1.451635489655,-14.81423955788,
    -19.99999999996));
#1041 = CARTESIAN_POINT('',(24.541940208893,-14.81423955788,
    59.999999999925));
#1042 = CARTESIAN_POINT('',(4.81719355599,-9.970292063671,
    -20.00000000001));
#1043 = CARTESIAN_POINT('',(30.810769254653,-9.970292063671,
    60.000000000028));
#1044 = CARTESIAN_POINT('',(7.951606075347,-3.485144834907,
    -19.99999999999));
#1045 = CARTESIAN_POINT('',(33.945181773973,-3.485144834907,
    59.999999999994));
#1046 = CARTESIAN_POINT('',(7.951606075342,3.,-20.));
#1047 = CARTESIAN_POINT('',(33.945181773974,3.,60.));
#1048 = DEFINITIONAL_REPRESENTATION('',(#1049),#1072);
#1049 = B_SPLINE_CURVE_WITH_KNOTS('',6,(#1050,#1051,#1052,#1053,#1054,
    #1055,#1056,#1057,#1058,#1059,#1060,#1061,#1062,#1063,#1064,#1065,
    #1066,#1067,#1068,#1069,#1070,#1071),.UNSPECIFIED.,.F.,.F.,(7,5,5,5,
    7),(0.,0.250000000059,0.499999999964,0.750000000935,1.),
  .UNSPECIFIED.);
#1050 = CARTESIAN_POINT('',(2.384220682128,0.3));
#1051 = CARTESIAN_POINT('',(2.284886375032,0.3));
#1052 = CARTESIAN_POINT('',(2.185522441291,0.3));
#1053 = CARTESIAN_POINT('',(2.086193097632,0.3));
#1054 = CARTESIAN_POINT('',(1.986863753712,0.3));
#1055 = CARTESIAN_POINT('',(1.887499819376,0.3));
#1056 = CARTESIAN_POINT('',(1.688831203878,0.3));
#1057 = CARTESIAN_POINT('',(1.589467270003,0.3));
#1058 = CARTESIAN_POINT('',(1.490137926423,0.3));
#1059 = CARTESIAN_POINT('',(1.390808582782,0.3));
#1060 = CARTESIAN_POINT('',(1.291444648797,0.3));
#1061 = CARTESIAN_POINT('',(1.092776032908,0.3));
#1062 = CARTESIAN_POINT('',(0.993412098301,0.3));
#1063 = CARTESIAN_POINT('',(0.894082754497,0.3));
#1064 = CARTESIAN_POINT('',(0.794753411511,0.3));
#1065 = CARTESIAN_POINT('',(0.69538947813,0.3));
#1066 = CARTESIAN_POINT('',(0.496720863691,0.3));
#1067 = CARTESIAN_POINT('',(0.39735692862,0.3));
#1068 = CARTESIAN_POINT('',(0.298027584139,0.3));
#1069 = CARTESIAN_POINT('',(0.198698233179,0.3));
#1070 = CARTESIAN_POINT('',(9.933430736235E-02,0.3));
#1071 = CARTESIAN_POINT('',(0.,0.3));
#1072 = ( GEOMETRIC_REPRESENTATION_CONTEXT(2) 
PARAMETRIC_REPRESENTATION_CONTEXT() REPRESENTATION_CONTEXT('2D SPACE',''
  ) );
#1073 = ORIENTED_EDGE('',*,*,#1074,.F.);
#1074 = EDGE_CURVE('',#219,#964,#1075,.T.);
#1075 = SURFACE_CURVE('',#1076,(#1080,#1087),.PCURVE_S1.);
#1076 = LINE('',#1077,#1078);
#1077 = CARTESIAN_POINT('',(-63.35016060753,3.125,4.));
#1078 = VECTOR('',#1079,1.);
#1079 = DIRECTION('',(-1.,0.,-2.011080212013E-18));
#1080 = PCURVE('',#292,#1081);
#1081 = DEFINITIONAL_REPRESENTATION('',(#1082),#1086);
#1082 = LINE('',#1083,#1084);
#1083 = CARTESIAN_POINT('',(-36.46255965461,-3.702444588003));
#1084 = VECTOR('',#1085,1.);
#1085 = DIRECTION('',(-0.994533904972,-0.104414136312));
#1086 = ( GEOMETRIC_REPRESENTATION_CONTEXT(2) 
PARAMETRIC_REPRESENTATION_CONTEXT() REPRESENTATION_CONTEXT('2D SPACE',''
  ) );
#1087 = PCURVE('',#238,#1088);
#1088 = DEFINITIONAL_REPRESENTATION('',(#1089),#1093);
#1089 = LINE('',#1090,#1091);
#1090 = CARTESIAN_POINT('',(104.,36.649839392466));
#1091 = VECTOR('',#1092,1.);
#1092 = DIRECTION('',(-2.011080212013E-18,-1.));
#1093 = ( GEOMETRIC_REPRESENTATION_CONTEXT(2) 
PARAMETRIC_REPRESENTATION_CONTEXT() REPRESENTATION_CONTEXT('2D SPACE',''
  ) );
#1094 = FACE_BOUND('',#1095,.T.);
#1095 = EDGE_LOOP('',(#1096));
#1096 = ORIENTED_EDGE('',*,*,#1097,.T.);
#1097 = EDGE_CURVE('',#1098,#1098,#1100,.T.);
#1098 = VERTEX_POINT('',#1099);
#1099 = CARTESIAN_POINT('',(-7.700321215068,17.375,4.));
#1100 = SURFACE_CURVE('',#1101,(#1106,#1117),.PCURVE_S1.);
#1101 = CIRCLE('',#1102,1.5);
#1102 = AXIS2_PLACEMENT_3D('',#1103,#1104,#1105);
#1103 = CARTESIAN_POINT('',(-9.200321215068,17.375,4.));
#1104 = DIRECTION('',(0.,0.,-1.));
#1105 = DIRECTION('',(1.,0.,0.));
#1106 = PCURVE('',#292,#1107);
#1107 = DEFINITIONAL_REPRESENTATION('',(#1108),#1116);
#1108 = ( BOUNDED_CURVE() B_SPLINE_CURVE(2,(#1109,#1110,#1111,#1112,
#1113,#1114,#1115),.UNSPECIFIED.,.T.,.F.) B_SPLINE_CURVE_WITH_KNOTS((1,2
    ,2,2,2,1),(-2.094395102393,0.,2.094395102393,4.188790204786,
6.28318530718,8.377580409573),.UNSPECIFIED.) CURVE() 
GEOMETRIC_REPRESENTATION_ITEM() RATIONAL_B_SPLINE_CURVE((1.,0.5,1.,0.5,
1.,0.5,1.)) REPRESENTATION_ITEM('') );
#1109 = CARTESIAN_POINT('',(17.395190984983,16.280293473889));
#1110 = CARTESIAN_POINT('',(17.666466868663,13.696418593998));
#1111 = CARTESIAN_POINT('',(15.293127640637,14.753424227243));
#1112 = CARTESIAN_POINT('',(12.91978841261,15.810429860487));
#1113 = CARTESIAN_POINT('',(15.021851756957,17.337299107134));
#1114 = CARTESIAN_POINT('',(17.123915101303,18.864168353781));
#1115 = CARTESIAN_POINT('',(17.395190984983,16.280293473889));
#1116 = ( GEOMETRIC_REPRESENTATION_CONTEXT(2) 
PARAMETRIC_REPRESENTATION_CONTEXT() REPRESENTATION_CONTEXT('2D SPACE',''
  ) );
#1117 = PCURVE('',#1118,#1123);
#1118 = CYLINDRICAL_SURFACE('',#1119,1.5);
#1119 = AXIS2_PLACEMENT_3D('',#1120,#1121,#1122);
#1120 = CARTESIAN_POINT('',(-9.200321215068,17.375,3.4));
#1121 = DIRECTION('',(-0.,-0.,-1.));
#1122 = DIRECTION('',(1.,0.,0.));
#1123 = DEFINITIONAL_REPRESENTATION('',(#1124),#1128);
#1124 = LINE('',#1125,#1126);
#1125 = CARTESIAN_POINT('',(-6.28318530718,-0.6));
#1126 = VECTOR('',#1127,1.);
#1127 = DIRECTION('',(1.,-0.));
#1128 = ( GEOMETRIC_REPRESENTATION_CONTEXT(2) 
PARAMETRIC_REPRESENTATION_CONTEXT() REPRESENTATION_CONTEXT('2D SPACE',''
  ) );
#1129 = ADVANCED_FACE('',(#1130),#238,.F.);
#1130 = FACE_BOUND('',#1131,.F.);
#1131 = EDGE_LOOP('',(#1132,#1133,#1156,#1189));
#1132 = ORIENTED_EDGE('',*,*,#218,.F.);
#1133 = ORIENTED_EDGE('',*,*,#1134,.T.);
#1134 = EDGE_CURVE('',#139,#1135,#1137,.T.);
#1135 = VERTEX_POINT('',#1136);
#1136 = CARTESIAN_POINT('',(14.449459332498,3.125,0.));
#1137 = SURFACE_CURVE('',#1138,(#1142,#1149),.PCURVE_S1.);
#1138 = LINE('',#1139,#1140);
#1139 = CARTESIAN_POINT('',(-64.,3.125,0.));
#1140 = VECTOR('',#1141,1.);
#1141 = DIRECTION('',(-1.,0.,-0.));
#1142 = PCURVE('',#238,#1143);
#1143 = DEFINITIONAL_REPRESENTATION('',(#1144),#1148);
#1144 = LINE('',#1145,#1146);
#1145 = CARTESIAN_POINT('',(100.,36.));
#1146 = VECTOR('',#1147,1.);
#1147 = DIRECTION('',(0.,-1.));
#1148 = ( GEOMETRIC_REPRESENTATION_CONTEXT(2) 
PARAMETRIC_REPRESENTATION_CONTEXT() REPRESENTATION_CONTEXT('2D SPACE',''
  ) );
#1149 = PCURVE('',#180,#1150);
#1150 = DEFINITIONAL_REPRESENTATION('',(#1151),#1155);
#1151 = LINE('',#1152,#1153);
#1152 = CARTESIAN_POINT('',(-35.81627234602,-3.634592169097));
#1153 = VECTOR('',#1154,1.);
#1154 = DIRECTION('',(-0.994533904972,-0.104414136312));
#1155 = ( GEOMETRIC_REPRESENTATION_CONTEXT(2) 
PARAMETRIC_REPRESENTATION_CONTEXT() REPRESENTATION_CONTEXT('2D SPACE',''
  ) );
#1156 = ORIENTED_EDGE('',*,*,#1157,.T.);
#1157 = EDGE_CURVE('',#1135,#964,#1158,.T.);
#1158 = SURFACE_CURVE('',#1159,(#1167,#1178),.PCURVE_S1.);
#1159 = B_SPLINE_CURVE_WITH_KNOTS('',3,(#1160,#1161,#1162,#1163,#1164,
    #1165,#1166),.UNSPECIFIED.,.F.,.F.,(4,1,1,1,4),(0.,0.3,0.58,0.86,1.)
  ,.UNSPECIFIED.);
#1160 = CARTESIAN_POINT('',(14.449459332498,3.125,0.));
#1161 = CARTESIAN_POINT('',(14.579427210991,3.125,0.4));
#1162 = CARTESIAN_POINT('',(14.830698442745,3.125,1.173333333333));
#1163 = CARTESIAN_POINT('',(15.203273027759,3.125,2.32));
#1164 = CARTESIAN_POINT('',(15.506531410909,3.125,3.253333333333));
#1165 = CARTESIAN_POINT('',(15.6884864408,3.125,3.813333333333));
#1166 = CARTESIAN_POINT('',(15.74913811743,3.125,4.));
#1167 = PCURVE('',#238,#1168);
#1168 = DEFINITIONAL_REPRESENTATION('',(#1169),#1177);
#1169 = B_SPLINE_CURVE_WITH_KNOTS('',3,(#1170,#1171,#1172,#1173,#1174,
    #1175,#1176),.UNSPECIFIED.,.F.,.F.,(4,1,1,1,4),(0.,0.3,0.58,0.86,1.)
  ,.UNSPECIFIED.);
#1170 = CARTESIAN_POINT('',(100.,114.44945933249));
#1171 = CARTESIAN_POINT('',(100.4,114.57942721099));
#1172 = CARTESIAN_POINT('',(101.17333333333,114.83069844274));
#1173 = CARTESIAN_POINT('',(102.32,115.20327302775));
#1174 = CARTESIAN_POINT('',(103.25333333333,115.5065314109));
#1175 = CARTESIAN_POINT('',(103.81333333333,115.6884864408));
#1176 = CARTESIAN_POINT('',(104.,115.74913811743));
#1177 = ( GEOMETRIC_REPRESENTATION_CONTEXT(2) 
PARAMETRIC_REPRESENTATION_CONTEXT() REPRESENTATION_CONTEXT('2D SPACE',''
  ) );
#1178 = PCURVE('',#1017,#1179);
#1179 = DEFINITIONAL_REPRESENTATION('',(#1180),#1188);
#1180 = B_SPLINE_CURVE_WITH_KNOTS('',3,(#1181,#1182,#1183,#1184,#1185,
    #1186,#1187),.UNSPECIFIED.,.F.,.F.,(4,1,1,1,4),(0.,0.3,0.58,0.86,1.)
  ,.UNSPECIFIED.);
#1181 = CARTESIAN_POINT('',(8.650626896472E-03,0.25));
#1182 = CARTESIAN_POINT('',(8.650626896472E-03,0.255));
#1183 = CARTESIAN_POINT('',(8.650626896472E-03,0.264666666667));
#1184 = CARTESIAN_POINT('',(8.650626896472E-03,0.279));
#1185 = CARTESIAN_POINT('',(8.650626896472E-03,0.290666666667));
#1186 = CARTESIAN_POINT('',(8.650626896472E-03,0.297666666667));
#1187 = CARTESIAN_POINT('',(8.650626896472E-03,0.3));
#1188 = ( GEOMETRIC_REPRESENTATION_CONTEXT(2) 
PARAMETRIC_REPRESENTATION_CONTEXT() REPRESENTATION_CONTEXT('2D SPACE',''
  ) );
#1189 = ORIENTED_EDGE('',*,*,#1074,.F.);
#1190 = ADVANCED_FACE('',(#1191,#1779),#180,.F.);
#1191 = FACE_BOUND('',#1192,.F.);
#1192 = EDGE_LOOP('',(#1193,#1194,#1195,#1677,#1700,#1778));
#1193 = ORIENTED_EDGE('',*,*,#138,.F.);
#1194 = ORIENTED_EDGE('',*,*,#405,.F.);
#1195 = ORIENTED_EDGE('',*,*,#1196,.T.);
#1196 = EDGE_CURVE('',#334,#1197,#1199,.T.);
#1197 = VERTEX_POINT('',#1198);
#1198 = CARTESIAN_POINT('',(-10.5,13.1,0.));
#1199 = SURFACE_CURVE('',#1200,(#1357,#1517),.PCURVE_S1.);
#1200 = B_SPLINE_CURVE_WITH_KNOTS('',8,(#1201,#1202,#1203,#1204,#1205,
    #1206,#1207,#1208,#1209,#1210,#1211,#1212,#1213,#1214,#1215,#1216,
    #1217,#1218,#1219,#1220,#1221,#1222,#1223,#1224,#1225,#1226,#1227,
    #1228,#1229,#1230,#1231,#1232,#1233,#1234,#1235,#1236,#1237,#1238,
    #1239,#1240,#1241,#1242,#1243,#1244,#1245,#1246,#1247,#1248,#1249,
    #1250,#1251,#1252,#1253,#1254,#1255,#1256,#1257,#1258,#1259,#1260,
    #1261,#1262,#1263,#1264,#1265,#1266,#1267,#1268,#1269,#1270,#1271,
    #1272,#1273,#1274,#1275,#1276,#1277,#1278,#1279,#1280,#1281,#1282,
    #1283,#1284,#1285,#1286,#1287,#1288,#1289,#1290,#1291,#1292,#1293,
    #1294,#1295,#1296,#1297,#1298,#1299,#1300,#1301,#1302,#1303,#1304,
    #1305,#1306,#1307,#1308,#1309,#1310,#1311,#1312,#1313,#1314,#1315,
    #1316,#1317,#1318,#1319,#1320,#1321,#1322,#1323,#1324,#1325,#1326,
    #1327,#1328,#1329,#1330,#1331,#1332,#1333,#1334,#1335,#1336,#1337,
    #1338,#1339,#1340,#1341,#1342,#1343,#1344,#1345,#1346,#1347,#1348,
    #1349,#1350,#1351,#1352,#1353,#1354,#1355,#1356),.UNSPECIFIED.,.F.,
  .F.,(9,7,7,7,7,7,7,7,7,7,7,7,7,7,7,7,7,7,7,7,7,7,9),(0.,0.192520487225
    ,0.221682525562,0.278045429492,0.328411865076,0.353494458181,
    0.365052780942,0.378537431329,0.448225174805,0.483948056669,
    0.520580059354,0.568281348736,0.598421390248,0.611412589452,
    0.653400812862,0.703495165681,0.727434310081,0.801269336981,
    0.857001119897,0.870477054673,0.912933339489,0.949701184947,1.),
  .UNSPECIFIED.);
#1201 = CARTESIAN_POINT('',(-21.20000427921,2.412589224562,0.));
#1202 = CARTESIAN_POINT('',(-21.19999760274,2.922447441804,0.));
#1203 = CARTESIAN_POINT('',(-21.19999427981,3.43220449332,0.));
#1204 = CARTESIAN_POINT('',(-21.20000814434,3.941976693009,0.));
#1205 = CARTESIAN_POINT('',(-21.20002156183,4.451882905049,0.));
#1206 = CARTESIAN_POINT('',(-21.20003044979,4.962039731014,0.));
#1207 = CARTESIAN_POINT('',(-21.20003574459,5.472562435437,0.));
#1208 = CARTESIAN_POINT('',(-21.20002655578,5.983566310141,0.));
#1209 = CARTESIAN_POINT('',(-21.19999626463,6.572657306647,0.));
#1210 = CARTESIAN_POINT('',(-21.19999231159,6.650165142141,0.));
#1211 = CARTESIAN_POINT('',(-21.19997868999,6.727684617146,0.));
#1212 = CARTESIAN_POINT('',(-21.19994570005,6.805213659703,0.));
#1213 = CARTESIAN_POINT('',(-21.19988364249,6.882750192918,0.));
#1214 = CARTESIAN_POINT('',(-21.19978281851,6.960292134961,0.));
#1215 = CARTESIAN_POINT('',(-21.19963352984,7.037837399068,0.));
#1216 = CARTESIAN_POINT('',(-21.19902512761,7.265261812476,0.));
#1217 = CARTESIAN_POINT('',(-21.19840677559,7.415144094273,0.));
#1218 = CARTESIAN_POINT('',(-21.19750123556,7.565015885287,0.));
#1219 = CARTESIAN_POINT('',(-21.19623835269,7.714861832151,0.));
#1220 = CARTESIAN_POINT('',(-21.19454760438,7.864666081775,0.));
#1221 = CARTESIAN_POINT('',(-21.19235810024,8.014412281347,0.));
#1222 = CARTESIAN_POINT('',(-21.18959858211,8.164083578332,0.));
#1223 = CARTESIAN_POINT('',(-21.18315811636,8.447327897907,0.));
#1224 = CARTESIAN_POINT('',(-21.1796062942,8.580919209735,0.));
#1225 = CARTESIAN_POINT('',(-21.17549076393,8.714424144863,0.));
#1226 = CARTESIAN_POINT('',(-21.17075984986,8.847829601642,0.));
#1227 = CARTESIAN_POINT('',(-21.16536139431,8.981121787865,0.));
#1228 = CARTESIAN_POINT('',(-21.1592427576,9.11428622077,0.));
#1229 = CARTESIAN_POINT('',(-21.15235081802,9.247307727037,0.));
#1230 = CARTESIAN_POINT('',(-21.14078796991,9.446336360616,0.));
#1231 = CARTESIAN_POINT('',(-21.13673888161,9.512462860825,0.));
#1232 = CARTESIAN_POINT('',(-21.13247807832,9.578547966153,0.));
#1233 = CARTESIAN_POINT('',(-21.12799889781,9.644589639652,0.));
#1234 = CARTESIAN_POINT('',(-21.12329464424,9.710585784694,0.));
#1235 = CARTESIAN_POINT('',(-21.11835858817,9.776534244966,0.));
#1236 = CARTESIAN_POINT('',(-21.11318396657,9.842432804476,0.));
#1237 = CARTESIAN_POINT('',(-21.10526639731,9.938621893546,0.));
#1238 = CARTESIAN_POINT('',(-21.10271733696,9.968946908154,0.));
#1239 = CARTESIAN_POINT('',(-21.10011653037,9.999253803814,0.));
#1240 = CARTESIAN_POINT('',(-21.09746297303,10.029542447962,0.));
#1241 = CARTESIAN_POINT('',(-21.09475492734,10.059813003033,0.));
#1242 = CARTESIAN_POINT('',(-21.09198992264,10.090065926461,0.));
#1243 = CARTESIAN_POINT('',(-21.08916475513,10.120301970675,0.));
#1244 = CARTESIAN_POINT('',(-21.08290469117,10.185778942034,0.));
#1245 = CARTESIAN_POINT('',(-21.07944757039,10.221013616589,0.));
#1246 = CARTESIAN_POINT('',(-21.07589967741,10.25622707194,0.));
#1247 = CARTESIAN_POINT('',(-21.072256564,10.291420173256,0.));
#1248 = CARTESIAN_POINT('',(-21.06851378194,10.326593785706,0.));
#1249 = CARTESIAN_POINT('',(-21.06466688299,10.361748774461,0.));
#1250 = CARTESIAN_POINT('',(-21.06071141894,10.39688600469,0.));
#1251 = CARTESIAN_POINT('',(-21.03561733089,10.613505821079,0.));
#1252 = CARTESIAN_POINT('',(-21.01156787928,10.794601285303,0.));
#1253 = CARTESIAN_POINT('',(-20.98389164069,10.975295833932,0.));
#1254 = CARTESIAN_POINT('',(-20.95199755378,11.155565965858,0.));
#1255 = CARTESIAN_POINT('',(-20.91532026903,11.335362325214,0.));
#1256 = CARTESIAN_POINT('',(-20.87333627661,11.514610226515,0.));
#1257 = CARTESIAN_POINT('',(-20.82558233483,11.693209958874,0.));
#1258 = CARTESIAN_POINT('',(-20.74404318367,11.96219335389,0.));
#1259 = CARTESIAN_POINT('',(-20.71479367044,12.05314631482,0.));
#1260 = CARTESIAN_POINT('',(-20.68387637186,12.143878073901,0.));
#1261 = CARTESIAN_POINT('',(-20.65124551065,12.234369867334,0.));
#1262 = CARTESIAN_POINT('',(-20.61686129594,12.324601876244,0.));
#1263 = CARTESIAN_POINT('',(-20.58069039913,12.414553257192,0.));
#1264 = CARTESIAN_POINT('',(-20.54270642974,12.504202172699,0.));
#1265 = CARTESIAN_POINT('',(-20.46206110473,12.685122691384,0.));
#1266 = CARTESIAN_POINT('',(-20.41930542928,12.776381828577,0.));
#1267 = CARTESIAN_POINT('',(-20.3746338867,12.867115940854,0.));
#1268 = CARTESIAN_POINT('',(-20.32804334075,12.957135648038,0.));
#1269 = CARTESIAN_POINT('',(-20.27951873878,13.046246691688,0.));
#1270 = CARTESIAN_POINT('',(-20.22903375183,13.134246161127,0.));
#1271 = CARTESIAN_POINT('',(-20.1765503331,13.220917736069,0.));
#1272 = CARTESIAN_POINT('',(-20.05100548864,13.416851755131,0.));
#1273 = CARTESIAN_POINT('',(-19.97654709059,13.524981651127,0.));
#1274 = CARTESIAN_POINT('',(-19.89850854912,13.629938756025,0.));
#1275 = CARTESIAN_POINT('',(-19.81675098883,13.731128587388,0.));
#1276 = CARTESIAN_POINT('',(-19.73113767568,13.827829137667,0.));
#1277 = CARTESIAN_POINT('',(-19.64154043819,13.91918468405,0.));
#1278 = CARTESIAN_POINT('',(-19.54784494438,14.004203328633,0.));
#1279 = CARTESIAN_POINT('',(-19.38810300617,14.130761328374,0.));
#1280 = CARTESIAN_POINT('',(-19.32459371847,14.176771124025,0.));
#1281 = CARTESIAN_POINT('',(-19.25941631535,14.21949646021,0.));
#1282 = CARTESIAN_POINT('',(-19.19258184305,14.258616258422,0.));
#1283 = CARTESIAN_POINT('',(-19.12412670997,14.293786813172,0.));
#1284 = CARTESIAN_POINT('',(-19.05411766628,14.32465516457,0.));
#1285 = CARTESIAN_POINT('',(-18.98265810319,14.350878587633,0.));
#1286 = CARTESIAN_POINT('',(-18.8785330334,14.381318856274,0.));
#1287 = CARTESIAN_POINT('',(-18.84695075145,14.389552403084,0.));
#1288 = CARTESIAN_POINT('',(-18.81515377704,14.3968731915,0.));
#1289 = CARTESIAN_POINT('',(-18.78314715583,14.403303893778,0.));
#1290 = CARTESIAN_POINT('',(-18.75093602845,14.408867501667,0.));
#1291 = CARTESIAN_POINT('',(-18.71852563053,14.413587326409,0.));
#1292 = CARTESIAN_POINT('',(-18.68592129264,14.41748699874,0.));
#1293 = CARTESIAN_POINT('',(-18.54714025665,14.430621043895,0.));
#1294 = CARTESIAN_POINT('',(-18.43977234063,14.432273391289,0.));
#1295 = CARTESIAN_POINT('',(-18.33147158024,14.426478746835,0.));
#1296 = CARTESIAN_POINT('',(-18.22260205464,14.414234178668,0.));
#1297 = CARTESIAN_POINT('',(-18.11343772972,14.396511096917,0.));
#1298 = CARTESIAN_POINT('',(-18.00415775299,14.374199120955,0.));
#1299 = CARTESIAN_POINT('',(-17.894844348,14.348085304264,0.));
#1300 = CARTESIAN_POINT('',(-17.65500933073,14.284011656654,0.));
#1301 = CARTESIAN_POINT('',(-17.52456236783,14.244763338365,0.));
#1302 = CARTESIAN_POINT('',(-17.39415264101,14.202325171741,0.));
#1303 = CARTESIAN_POINT('',(-17.2637747526,14.157763145504,0.));
#1304 = CARTESIAN_POINT('',(-17.13340547648,14.112052139488,0.));
#1305 = CARTESIAN_POINT('',(-17.00300134376,14.066119660371,0.));
#1306 = CARTESIAN_POINT('',(-16.87249602338,14.020889001052,0.));
#1307 = CARTESIAN_POINT('',(-16.67933914245,13.956501893072,0.));
#1308 = CARTESIAN_POINT('',(-16.61684462173,13.936053050382,0.));
#1309 = CARTESIAN_POINT('',(-16.55430408411,13.916180715874,0.));
#1310 = CARTESIAN_POINT('',(-16.49174141225,13.896607058907,0.));
#1311 = CARTESIAN_POINT('',(-16.42911186493,13.878326202688,0.));
#1312 = CARTESIAN_POINT('',(-16.36645875884,13.86037395787,0.));
#1313 = CARTESIAN_POINT('',(-16.30377173333,13.843217617667,0.));
#1314 = CARTESIAN_POINT('',(-16.04765225774,13.775759645802,0.));
#1315 = CARTESIAN_POINT('',(-15.85400638581,13.731072271208,0.));
#1316 = CARTESIAN_POINT('',(-15.66025104472,13.692130702708,0.));
#1317 = CARTESIAN_POINT('',(-15.46647752549,13.658329116965,0.));
#1318 = CARTESIAN_POINT('',(-15.27274353039,13.628987758376,0.));
#1319 = CARTESIAN_POINT('',(-15.0790736645,13.60337396025,0.));
#1320 = CARTESIAN_POINT('',(-14.88545977454,13.580720597209,0.));
#1321 = CARTESIAN_POINT('',(-14.54572998529,13.544784393698,0.));
#1322 = CARTESIAN_POINT('',(-14.39961470591,13.530566592069,0.));
#1323 = CARTESIAN_POINT('',(-14.25349714586,13.517250122524,0.));
#1324 = CARTESIAN_POINT('',(-14.10735796019,13.504491393306,0.));
#1325 = CARTESIAN_POINT('',(-13.96117676983,13.491944200949,0.));
#1326 = CARTESIAN_POINT('',(-13.81493232161,13.479262268941,0.));
#1327 = CARTESIAN_POINT('',(-13.66860264827,13.466101786389,0.));
#1328 = CARTESIAN_POINT('',(-13.48675668746,13.448744107625,0.));
#1329 = CARTESIAN_POINT('',(-13.45133120354,13.445313434573,0.));
#1330 = CARTESIAN_POINT('',(-13.41588910631,13.441832806086,0.));
#1331 = CARTESIAN_POINT('',(-13.38043074481,13.438303283204,0.));
#1332 = CARTESIAN_POINT('',(-13.34495648749,13.434726109446,0.));
#1333 = CARTESIAN_POINT('',(-13.30946672222,13.431102710806,0.));
#1334 = CARTESIAN_POINT('',(-13.27396185625,13.427434695754,0.));
#1335 = CARTESIAN_POINT('',(-13.12653707696,13.412032755169,0.));
#1336 = CARTESIAN_POINT('',(-13.0145795476,13.399924003314,0.));
#1337 = CARTESIAN_POINT('',(-12.90257455716,13.387443070301,0.));
#1338 = CARTESIAN_POINT('',(-12.79052665292,13.374635052393,0.));
#1339 = CARTESIAN_POINT('',(-12.67844010042,13.361544671482,0.));
#1340 = CARTESIAN_POINT('',(-12.56631888353,13.348216275092,0.));
#1341 = CARTESIAN_POINT('',(-12.45416670438,13.334693836377,0.));
#1342 = CARTESIAN_POINT('',(-12.24483748811,13.309180011755,0.));
#1343 = CARTESIAN_POINT('',(-12.14766745151,13.29722633404,0.));
#1344 = CARTESIAN_POINT('',(-12.05047912327,13.285188259368,0.));
#1345 = CARTESIAN_POINT('',(-11.95327472567,13.273094072384,0.));
#1346 = CARTESIAN_POINT('',(-11.85605645366,13.260972003993,0.));
#1347 = CARTESIAN_POINT('',(-11.75882647483,13.248850231354,0.));
#1348 = CARTESIAN_POINT('',(-11.6615869294,13.236756877885,0.));
#1349 = CARTESIAN_POINT('',(-11.43130497103,13.208253450696,0.));
#1350 = CARTESIAN_POINT('',(-11.29825634082,13.19189270565,0.));
#1351 = CARTESIAN_POINT('',(-11.16519932525,13.175709795296,0.));
#1352 = CARTESIAN_POINT('',(-11.03213957918,13.159776854269,0.));
#1353 = CARTESIAN_POINT('',(-10.89908313905,13.144166284895,0.));
#1354 = CARTESIAN_POINT('',(-10.76603643515,13.128950907412,0.));
#1355 = CARTESIAN_POINT('',(-10.63300630386,13.114204110198,0.));
#1356 = CARTESIAN_POINT('',(-10.5,13.1,0.));
#1357 = PCURVE('',#180,#1358);
#1358 = DEFINITIONAL_REPRESENTATION('',(#1359),#1516);
#1359 = B_SPLINE_CURVE_WITH_KNOTS('',8,(#1360,#1361,#1362,#1363,#1364,
    #1365,#1366,#1367,#1368,#1369,#1370,#1371,#1372,#1373,#1374,#1375,
    #1376,#1377,#1378,#1379,#1380,#1381,#1382,#1383,#1384,#1385,#1386,
    #1387,#1388,#1389,#1390,#1391,#1392,#1393,#1394,#1395,#1396,#1397,
    #1398,#1399,#1400,#1401,#1402,#1403,#1404,#1405,#1406,#1407,#1408,
    #1409,#1410,#1411,#1412,#1413,#1414,#1415,#1416,#1417,#1418,#1419,
    #1420,#1421,#1422,#1423,#1424,#1425,#1426,#1427,#1428,#1429,#1430,
    #1431,#1432,#1433,#1434,#1435,#1436,#1437,#1438,#1439,#1440,#1441,
    #1442,#1443,#1444,#1445,#1446,#1447,#1448,#1449,#1450,#1451,#1452,
    #1453,#1454,#1455,#1456,#1457,#1458,#1459,#1460,#1461,#1462,#1463,
    #1464,#1465,#1466,#1467,#1468,#1469,#1470,#1471,#1472,#1473,#1474,
    #1475,#1476,#1477,#1478,#1479,#1480,#1481,#1482,#1483,#1484,#1485,
    #1486,#1487,#1488,#1489,#1490,#1491,#1492,#1493,#1494,#1495,#1496,
    #1497,#1498,#1499,#1500,#1501,#1502,#1503,#1504,#1505,#1506,#1507,
    #1508,#1509,#1510,#1511,#1512,#1513,#1514,#1515),.UNSPECIFIED.,.F.,
  .F.,(9,7,7,7,7,7,7,7,7,7,7,7,7,7,7,7,7,7,7,7,7,7,9),(0.,0.192520487225
    ,0.221682525562,0.278045429492,0.328411865076,0.353494458181,
    0.365052780942,0.378537431329,0.448225174805,0.483948056669,
    0.520580059354,0.568281348736,0.598421390248,0.611412589452,
    0.653400812862,0.703495165681,0.727434310081,0.801269336981,
    0.857001119897,0.870477054673,0.912933339489,0.949701184947,1.),
  .UNSPECIFIED.);
#1360 = CARTESIAN_POINT('',(6.82416028676,0.12581574779));
#1361 = CARTESIAN_POINT('',(6.77093052134,0.632887728683));
#1362 = CARTESIAN_POINT('',(6.71770798385,1.139858746676));
#1363 = CARTESIAN_POINT('',(6.664466771159,1.646843035425));
#1364 = CARTESIAN_POINT('',(6.611212010279,2.153960650679));
#1365 = CARTESIAN_POINT('',(6.557935586527,2.661327982925));
#1366 = CARTESIAN_POINT('',(6.504624533428,3.16905956888));
#1367 = CARTESIAN_POINT('',(6.451277643777,3.677271207287));
#1368 = CARTESIAN_POINT('',(6.389798341744,4.26314533925));
#1369 = CARTESIAN_POINT('',(6.381709359478,4.340229922303));
#1370 = CARTESIAN_POINT('',(6.373628777591,4.417327090779));
#1371 = CARTESIAN_POINT('',(6.365566459187,4.494435796837));
#1372 = CARTESIAN_POINT('',(6.357532267389,4.57155498768));
#1373 = CARTESIAN_POINT('',(6.349536065342,4.648683605548));
#1374 = CARTESIAN_POINT('',(6.341587716212,4.72582058772));
#1375 = CARTESIAN_POINT('',(6.318446469153,4.952065403465));
#1376 = CARTESIAN_POINT('',(6.303411612199,5.10119297916));
#1377 = CARTESIAN_POINT('',(6.288663468845,5.250340107902));
#1378 = CARTESIAN_POINT('',(6.274273413554,5.399498845404));
#1379 = CARTESIAN_POINT('',(6.260313238736,5.548660788789));
#1380 = CARTESIAN_POINT('',(6.246855154745,5.697817076588));
#1381 = CARTESIAN_POINT('',(6.23397178988,5.846958388743));
#1382 = CARTESIAN_POINT('',(6.210802340442,6.12932694362));
#1383 = CARTESIAN_POINT('',(6.200385926555,6.262558893085));
#1384 = CARTESIAN_POINT('',(6.190539158455,6.39576379709));
#1385 = CARTESIAN_POINT('',(6.18131479735,6.528934021272));
#1386 = CARTESIAN_POINT('',(6.172766155926,6.662061294812));
#1387 = CARTESIAN_POINT('',(6.164947098342,6.795136710439));
#1388 = CARTESIAN_POINT('',(6.157912040237,6.928150724431));
#1389 = CARTESIAN_POINT('',(6.148630281843,7.127298773384));
#1390 = CARTESIAN_POINT('',(6.145752696035,7.193486601917));
#1391 = CARTESIAN_POINT('',(6.14308999017,7.259655367875));
#1392 = CARTESIAN_POINT('',(6.140649002756,7.325803741075));
#1393 = CARTESIAN_POINT('',(6.138436611949,7.39193033549));
#1394 = CARTESIAN_POINT('',(6.136459735546,7.458033709243));
#1395 = CARTESIAN_POINT('',(6.13472533099,7.524112364608));
#1396 = CARTESIAN_POINT('',(6.132556121409,7.620602381133));
#1397 = CARTESIAN_POINT('',(6.131924888144,7.651027794265));
#1398 = CARTESIAN_POINT('',(6.131347010148,7.681440590527));
#1399 = CARTESIAN_POINT('',(6.130823500275,7.711840742966));
#1400 = CARTESIAN_POINT('',(6.130356069659,7.742228594558));
#1401 = CARTESIAN_POINT('',(6.129947127717,7.77260485821));
#1402 = CARTESIAN_POINT('',(6.129599782142,7.802970616757));
#1403 = CARTESIAN_POINT('',(6.128988906589,7.86874332394));
#1404 = CARTESIAN_POINT('',(6.128748132308,7.904146374697));
#1405 = CARTESIAN_POINT('',(6.128599849641,7.939537800136));
#1406 = CARTESIAN_POINT('',(6.128548392167,7.974918925156));
#1407 = CARTESIAN_POINT('',(6.128598093463,8.010291074654));
#1408 = CARTESIAN_POINT('',(6.128753287105,8.045655573531));
#1409 = CARTESIAN_POINT('',(6.129018306671,8.081013746683));
#1410 = CARTESIAN_POINT('',(6.131357057007,8.2990696761));
#1411 = CARTESIAN_POINT('',(6.13636612555,8.481686358027));
#1412 = CARTESIAN_POINT('',(6.145024017955,8.664283003631));
#1413 = CARTESIAN_POINT('',(6.157921018625,8.846897955423));
#1414 = CARTESIAN_POINT('',(6.175624540275,9.029541157802));
#1415 = CARTESIAN_POINT('',(6.198663029411,9.212192995349));
#1416 = CARTESIAN_POINT('',(6.227507606805,9.394802671186));
#1417 = CARTESIAN_POINT('',(6.280515388345,9.670829617447));
#1418 = CARTESIAN_POINT('',(6.300108246096,9.764339483511));
#1419 = CARTESIAN_POINT('',(6.321382869525,9.857803497203));
#1420 = CARTESIAN_POINT('',(6.34438674489,9.951207777085));
#1421 = CARTESIAN_POINT('',(6.369161514934,10.04453676734));
#1422 = CARTESIAN_POINT('',(6.395742502436,10.137773218442));
#1423 = CARTESIAN_POINT('',(6.424158233758,10.230898167816));
#1424 = CARTESIAN_POINT('',(6.485472084055,10.419250269711));
#1425 = CARTESIAN_POINT('',(6.518465308928,10.514474872713));
#1426 = CARTESIAN_POINT('',(6.553418748639,10.609377364246));
#1427 = CARTESIAN_POINT('',(6.590355296267,10.703769726772));
#1428 = CARTESIAN_POINT('',(6.629310205495,10.797460335394));
#1429 = CARTESIAN_POINT('',(6.670330848107,10.890250137679));
#1430 = CARTESIAN_POINT('',(6.713477649844,10.981927968394));
#1431 = CARTESIAN_POINT('',(6.81787797288,11.189899649991));
#1432 = CARTESIAN_POINT('',(6.880639084551,11.305213007024));
#1433 = CARTESIAN_POINT('',(6.947292054476,11.417744733319));
#1434 = CARTESIAN_POINT('',(7.01803707133,11.526918096493));
#1435 = CARTESIAN_POINT('',(7.093085509531,11.632029312524));
#1436 = CARTESIAN_POINT('',(7.172654189537,11.732240718977));
#1437 = CARTESIAN_POINT('',(7.256960386531,11.826577777632));
#1438 = CARTESIAN_POINT('',(7.402614715894,11.969123315831));
#1439 = CARTESIAN_POINT('',(7.460972782715,12.02151288499));
#1440 = CARTESIAN_POINT('',(7.521332790878,12.070810122681));
#1441 = CARTESIAN_POINT('',(7.583717279663,12.11669455206));
#1442 = CARTESIAN_POINT('',(7.648125927376,12.158820544811));
#1443 = CARTESIAN_POINT('',(7.714529202734,12.196830100698));
#1444 = CARTESIAN_POINT('',(7.782860064989,12.2303715726));
#1445 = CARTESIAN_POINT('',(7.883237582895,12.27151758107));
#1446 = CARTESIAN_POINT('',(7.913787534411,12.283003759224));
#1447 = CARTESIAN_POINT('',(7.944646309738,12.293604585135));
#1448 = CARTESIAN_POINT('',(7.975806523492,12.303342080294));
#1449 = CARTESIAN_POINT('',(8.00726066247,12.312238574017));
#1450 = CARTESIAN_POINT('',(8.039001085655,12.320316703455));
#1451 = CARTESIAN_POINT('',(8.071020024213,12.327599413587));
#1452 = CARTESIAN_POINT('',(8.207671089893,12.355152368812));
#1453 = CARTESIAN_POINT('',(8.314279594254,12.368006412537));
#1454 = CARTESIAN_POINT('',(8.422593415193,12.373551572519));
#1455 = CARTESIAN_POINT('',(8.532146355628,12.372741451811));
#1456 = CARTESIAN_POINT('',(8.642564518255,12.366513544812));
#1457 = CARTESIAN_POINT('',(8.753576845949,12.355733902618));
#1458 = CARTESIAN_POINT('',(8.865019385091,12.3411766913));
#1459 = CARTESIAN_POINT('',(9.110233635936,12.302495442521));
#1460 = CARTESIAN_POINT('',(9.244065642604,12.277082166237));
#1461 = CARTESIAN_POINT('',(9.37819368198,12.248492589657));
#1462 = CARTESIAN_POINT('',(9.512511817942,12.217787438301));
#1463 = CARTESIAN_POINT('',(9.646941358423,12.185938688356));
#1464 = CARTESIAN_POINT('',(9.781428689899,12.153873315424));
#1465 = CARTESIAN_POINT('',(9.915943376021,12.122516491499));
#1466 = CARTESIAN_POINT('',(10.114767367352,12.078649638464));
#1467 = CARTESIAN_POINT('',(10.179055435328,12.064837882497));
#1468 = CARTESIAN_POINT('',(10.24332907308,12.051604288279));
#1469 = CARTESIAN_POINT('',(10.307593537911,12.038670050128));
#1470 = CARTESIAN_POINT('',(10.37178952599,12.027028528897));
#1471 = CARTESIAN_POINT('',(10.435974632381,12.015716282714));
#1472 = CARTESIAN_POINT('',(10.500110369099,12.005199132324));
#1473 = CARTESIAN_POINT('',(10.761873437166,11.96485238598));
#1474 = CARTESIAN_POINT('',(10.959126815979,11.940628643289));
#1475 = CARTESIAN_POINT('',(11.155889122211,11.9221307297));
#1476 = CARTESIAN_POINT('',(11.35213282035,11.908746601287));
#1477 = CARTESIAN_POINT('',(11.547871499637,11.899794193124));
#1478 = CARTESIAN_POINT('',(11.743157190245,11.89454227423));
#1479 = CARTESIAN_POINT('',(11.938078099623,11.892228763723));
#1480 = CARTESIAN_POINT('',(12.279703141204,11.891961583437));
#1481 = CARTESIAN_POINT('',(12.426504280063,11.893077998363));
#1482 = CARTESIAN_POINT('',(12.573213575309,11.895091056738));
#1483 = CARTESIAN_POINT('',(12.719886141996,11.897661064799));
#1484 = CARTESIAN_POINT('',(12.866578396332,11.900445839324));
#1485 = CARTESIAN_POINT('',(13.013347631476,11.903103215713));
#1486 = CARTESIAN_POINT('',(13.160251593339,11.905293556068));
#1487 = CARTESIAN_POINT('',(13.342915953877,11.907018044965));
#1488 = CARTESIAN_POINT('',(13.3785060095,11.907305045605));
#1489 = CARTESIAN_POINT('',(13.414117803681,11.907544098535));
#1490 = CARTESIAN_POINT('',(13.449750878493,11.907736222553));
#1491 = CARTESIAN_POINT('',(13.485404737657,11.907882615906));
#1492 = CARTESIAN_POINT('',(13.521078846539,11.907984656296));
#1493 = CARTESIAN_POINT('',(13.556772632155,11.908043900877));
#1494 = CARTESIAN_POINT('',(13.704999753924,11.908119379764));
#1495 = CARTESIAN_POINT('',(13.817609637654,11.907766764229));
#1496 = CARTESIAN_POINT('',(13.930305584006,11.907048957521));
#1497 = CARTESIAN_POINT('',(14.043078361885,11.906010334602));
#1498 = CARTESIAN_POINT('',(14.155919059451,11.904694927528));
#1499 = CARTESIAN_POINT('',(14.268819084117,11.903146425444));
#1500 = CARTESIAN_POINT('',(14.381770162552,11.901408174585));
#1501 = CARTESIAN_POINT('',(14.592619169405,11.897890740275));
#1502 = CARTESIAN_POINT('',(14.690506198285,11.896148327946));
#1503 = CARTESIAN_POINT('',(14.788420231056,11.894323889886));
#1504 = CARTESIAN_POINT('',(14.886356104264,11.892445324098));
#1505 = CARTESIAN_POINT('',(14.984308687263,11.89054047799));
#1506 = CARTESIAN_POINT('',(15.082272882217,11.888637148376));
#1507 = CARTESIAN_POINT('',(15.1802436241,11.886763081477));
#1508 = CARTESIAN_POINT('',(15.412243000138,11.882460148522));
#1509 = CARTESIAN_POINT('',(15.546272666954,11.880080990674));
#1510 = CARTESIAN_POINT('',(15.680292104843,11.877879571007));
#1511 = CARTESIAN_POINT('',(15.81428815797,11.875927039413));
#1512 = CARTESIAN_POINT('',(15.94824726307,11.874294772171));
#1513 = CARTESIAN_POINT('',(16.082155421551,11.873054520065));
#1514 = CARTESIAN_POINT('',(16.215998171594,11.872278556508));
#1515 = CARTESIAN_POINT('',(16.349760560258,11.872039825668));
#1516 = ( GEOMETRIC_REPRESENTATION_CONTEXT(2) 
PARAMETRIC_REPRESENTATION_CONTEXT() REPRESENTATION_CONTEXT('2D SPACE',''
  ) );
#1517 = PCURVE('',#359,#1518);
#1518 = DEFINITIONAL_REPRESENTATION('',(#1519),#1676);
#1519 = B_SPLINE_CURVE_WITH_KNOTS('',8,(#1520,#1521,#1522,#1523,#1524,
    #1525,#1526,#1527,#1528,#1529,#1530,#1531,#1532,#1533,#1534,#1535,
    #1536,#1537,#1538,#1539,#1540,#1541,#1542,#1543,#1544,#1545,#1546,
    #1547,#1548,#1549,#1550,#1551,#1552,#1553,#1554,#1555,#1556,#1557,
    #1558,#1559,#1560,#1561,#1562,#1563,#1564,#1565,#1566,#1567,#1568,
    #1569,#1570,#1571,#1572,#1573,#1574,#1575,#1576,#1577,#1578,#1579,
    #1580,#1581,#1582,#1583,#1584,#1585,#1586,#1587,#1588,#1589,#1590,
    #1591,#1592,#1593,#1594,#1595,#1596,#1597,#1598,#1599,#1600,#1601,
    #1602,#1603,#1604,#1605,#1606,#1607,#1608,#1609,#1610,#1611,#1612,
    #1613,#1614,#1615,#1616,#1617,#1618,#1619,#1620,#1621,#1622,#1623,
    #1624,#1625,#1626,#1627,#1628,#1629,#1630,#1631,#1632,#1633,#1634,
    #1635,#1636,#1637,#1638,#1639,#1640,#1641,#1642,#1643,#1644,#1645,
    #1646,#1647,#1648,#1649,#1650,#1651,#1652,#1653,#1654,#1655,#1656,
    #1657,#1658,#1659,#1660,#1661,#1662,#1663,#1664,#1665,#1666,#1667,
    #1668,#1669,#1670,#1671,#1672,#1673,#1674,#1675),.UNSPECIFIED.,.F.,
  .F.,(9,7,7,7,7,7,7,7,7,7,7,7,7,7,7,7,7,7,7,7,7,7,9),(0.,0.192520487225
    ,0.221682525562,0.278045429492,0.328411865076,0.353494458181,
    0.365052780942,0.378537431329,0.448225174805,0.483948056669,
    0.520580059354,0.568281348736,0.598421390248,0.611412589452,
    0.653400812862,0.703495165681,0.727434310081,0.801269336981,
    0.857001119897,0.870477054673,0.912933339489,0.949701184947,1.),
  .UNSPECIFIED.);
#1520 = CARTESIAN_POINT('',(21.148670125641,0.25));
#1521 = CARTESIAN_POINT('',(20.637713962159,0.25));
#1522 = CARTESIAN_POINT('',(20.12665734791,0.25));
#1523 = CARTESIAN_POINT('',(19.61561567212,0.25));
#1524 = CARTESIAN_POINT('',(19.104707329788,0.25));
#1525 = CARTESIAN_POINT('',(18.594048952371,0.25));
#1526 = CARTESIAN_POINT('',(18.083756316577,0.25));
#1527 = CARTESIAN_POINT('',(17.573945690757,0.25));
#1528 = CARTESIAN_POINT('',(16.987596995528,0.25));
#1529 = CARTESIAN_POINT('',(16.910477396855,0.25));
#1530 = CARTESIAN_POINT('',(16.833369493021,0.25));
#1531 = CARTESIAN_POINT('',(16.756271203587,0.25));
#1532 = CARTESIAN_POINT('',(16.679180457083,0.25));
#1533 = CARTESIAN_POINT('',(16.602095190998,0.25));
#1534 = CARTESIAN_POINT('',(16.525013351791,0.25));
#1535 = CARTESIAN_POINT('',(16.298955709632,0.25));
#1536 = CARTESIAN_POINT('',(16.149983861591,0.25));
#1537 = CARTESIAN_POINT('',(16.001002447797,0.25));
#1538 = CARTESIAN_POINT('',(15.851996957731,0.25));
#1539 = CARTESIAN_POINT('',(15.702953273323,0.25));
#1540 = CARTESIAN_POINT('',(15.553857668945,0.25));
#1541 = CARTESIAN_POINT('',(15.404696811417,0.25));
#1542 = CARTESIAN_POINT('',(15.12209630157,0.25));
#1543 = CARTESIAN_POINT('',(14.988672631578,0.25));
#1544 = CARTESIAN_POINT('',(14.855177510803,0.25));
#1545 = CARTESIAN_POINT('',(14.721602205015,0.25));
#1546 = CARTESIAN_POINT('',(14.587938484975,0.25));
#1547 = CARTESIAN_POINT('',(14.454178626435,0.25));
#1548 = CARTESIAN_POINT('',(14.320315410143,0.25));
#1549 = CARTESIAN_POINT('',(14.119623136494,0.25));
#1550 = CARTESIAN_POINT('',(14.052876884304,0.25));
#1551 = CARTESIAN_POINT('',(13.986102549786,0.25));
#1552 = CARTESIAN_POINT('',(13.91929936321,0.25));
#1553 = CARTESIAN_POINT('',(13.852466600587,0.25));
#1554 = CARTESIAN_POINT('',(13.785603583675,0.25));
#1555 = CARTESIAN_POINT('',(13.718709679981,0.25));
#1556 = CARTESIAN_POINT('',(13.620944384897,0.25));
#1557 = CARTESIAN_POINT('',(13.590104471401,0.25));
#1558 = CARTESIAN_POINT('',(13.559264596063,0.25));
#1559 = CARTESIAN_POINT('',(13.528424768892,0.25));
#1560 = CARTESIAN_POINT('',(13.497584976105,0.25));
#1561 = CARTESIAN_POINT('',(13.466745180127,0.25));
#1562 = CARTESIAN_POINT('',(13.435905319588,0.25));
#1563 = CARTESIAN_POINT('',(13.369085456122,0.25));
#1564 = CARTESIAN_POINT('',(13.333105602914,0.25));
#1565 = CARTESIAN_POINT('',(13.297125749707,0.25));
#1566 = CARTESIAN_POINT('',(13.261145896499,0.25));
#1567 = CARTESIAN_POINT('',(13.225166043291,0.25));
#1568 = CARTESIAN_POINT('',(13.189186190084,0.25));
#1569 = CARTESIAN_POINT('',(13.153206336876,0.25));
#1570 = CARTESIAN_POINT('',(12.931285082993,0.25));
#1571 = CARTESIAN_POINT('',(12.74529537496,0.25));
#1572 = CARTESIAN_POINT('',(12.559376048993,0.25));
#1573 = CARTESIAN_POINT('',(12.373675096031,0.25));
#1574 = CARTESIAN_POINT('',(12.188367801681,0.25));
#1575 = CARTESIAN_POINT('',(12.003654186532,0.25));
#1576 = CARTESIAN_POINT('',(11.819755893632,0.25));
#1577 = CARTESIAN_POINT('',(11.543184533124,0.25));
#1578 = CARTESIAN_POINT('',(11.449734209494,0.25));
#1579 = CARTESIAN_POINT('',(11.356594750225,0.25));
#1580 = CARTESIAN_POINT('',(11.263799938054,0.25));
#1581 = CARTESIAN_POINT('',(11.171384002286,0.25));
#1582 = CARTESIAN_POINT('',(11.079381480595,0.25));
#1583 = CARTESIAN_POINT('',(10.987827080838,0.25));
#1584 = CARTESIAN_POINT('',(10.803366301852,0.25));
#1585 = CARTESIAN_POINT('',(10.71049760114,0.25));
#1586 = CARTESIAN_POINT('',(10.617998720677,0.25));
#1587 = CARTESIAN_POINT('',(10.525733680088,0.25));
#1588 = CARTESIAN_POINT('',(10.433577707909,0.25));
#1589 = CARTESIAN_POINT('',(10.341413285386,0.25));
#1590 = CARTESIAN_POINT('',(10.249125764842,0.25));
#1591 = CARTESIAN_POINT('',(10.036111924494,0.25));
#1592 = CARTESIAN_POINT('',(9.915268059362,0.25));
#1593 = CARTESIAN_POINT('',(9.793769416808,0.25));
#1594 = CARTESIAN_POINT('',(9.671380118178,0.25));
#1595 = CARTESIAN_POINT('',(9.547912771697,0.25));
#1596 = CARTESIAN_POINT('',(9.423218989049,0.25));
#1597 = CARTESIAN_POINT('',(9.297183603408,0.25));
#1598 = CARTESIAN_POINT('',(9.089186395467,0.25));
#1599 = CARTESIAN_POINT('',(9.008103348293,0.25));
#1600 = CARTESIAN_POINT('',(8.926468383257,0.25));
#1601 = CARTESIAN_POINT('',(8.844303803301,0.25));
#1602 = CARTESIAN_POINT('',(8.761659469829,0.25));
#1603 = CARTESIAN_POINT('',(8.678614469624,0.25));
#1604 = CARTESIAN_POINT('',(8.595280257273,0.25));
#1605 = CARTESIAN_POINT('',(8.47582522485,0.25));
#1606 = CARTESIAN_POINT('',(8.439845453328,0.25));
#1607 = CARTESIAN_POINT('',(8.403865749502,0.25));
#1608 = CARTESIAN_POINT('',(8.367885983162,0.25));
#1609 = CARTESIAN_POINT('',(8.331906102929,0.25));
#1610 = CARTESIAN_POINT('',(8.295926136246,0.25));
#1611 = CARTESIAN_POINT('',(8.259946189384,0.25));
#1612 = CARTESIAN_POINT('',(8.107678072579,0.25));
#1613 = CARTESIAN_POINT('',(7.992039133218,0.25));
#1614 = CARTESIAN_POINT('',(7.877303938292,0.25));
#1615 = CARTESIAN_POINT('',(7.763620600786,0.25));
#1616 = CARTESIAN_POINT('',(7.651046064818,0.25));
#1617 = CARTESIAN_POINT('',(7.539555325414,0.25));
#1618 = CARTESIAN_POINT('',(7.42904484094,0.25));
#1619 = CARTESIAN_POINT('',(7.188434220724,0.25));
#1620 = CARTESIAN_POINT('',(7.058766173097,0.25));
#1621 = CARTESIAN_POINT('',(6.930045618077,0.25));
#1622 = CARTESIAN_POINT('',(6.80200967645,0.25));
#1623 = CARTESIAN_POINT('',(6.674399807416,0.25));
#1624 = CARTESIAN_POINT('',(6.5469488054,0.25));
#1625 = CARTESIAN_POINT('',(6.419367953319,0.25));
#1626 = CARTESIAN_POINT('',(6.230149484712,0.25));
#1627 = CARTESIAN_POINT('',(6.168871689173,0.25));
#1628 = CARTESIAN_POINT('',(6.107442575168,0.25));
#1629 = CARTESIAN_POINT('',(6.04595170442,0.25));
#1630 = CARTESIAN_POINT('',(5.984120704758,0.25));
#1631 = CARTESIAN_POINT('',(5.922219504652,0.25));
#1632 = CARTESIAN_POINT('',(5.860128319799,0.25));
#1633 = CARTESIAN_POINT('',(5.605955504813,0.25));
#1634 = CARTESIAN_POINT('',(5.412605008416,0.25));
#1635 = CARTESIAN_POINT('',(5.218091339525,0.25));
#1636 = CARTESIAN_POINT('',(5.022644827761,0.25));
#1637 = CARTESIAN_POINT('',(4.826475332772,0.25));
#1638 = CARTESIAN_POINT('',(4.629768387475,0.25));
#1639 = CARTESIAN_POINT('',(4.432681800873,0.25));
#1640 = CARTESIAN_POINT('',(4.086388230213,0.25));
#1641 = CARTESIAN_POINT('',(3.937297208348,0.25));
#1642 = CARTESIAN_POINT('',(3.788123772198,0.25));
#1643 = CARTESIAN_POINT('',(3.638921664972,0.25));
#1644 = CARTESIAN_POINT('',(3.489743885932,0.25));
#1645 = CARTESIAN_POINT('',(3.340642320594,0.25));
#1646 = CARTESIAN_POINT('',(3.191667370927,0.25));
#1647 = CARTESIAN_POINT('',(3.00688782504,0.25));
#1648 = CARTESIAN_POINT('',(2.970907955067,0.25));
#1649 = CARTESIAN_POINT('',(2.934928044112,0.25));
#1650 = CARTESIAN_POINT('',(2.898948139061,0.25));
#1651 = CARTESIAN_POINT('',(2.862968265208,0.25));
#1652 = CARTESIAN_POINT('',(2.826988426254,0.25));
#1653 = CARTESIAN_POINT('',(2.79100860431,0.25));
#1654 = CARTESIAN_POINT('',(2.641673319424,0.25));
#1655 = CARTESIAN_POINT('',(2.52841275662,0.25));
#1656 = CARTESIAN_POINT('',(2.415239266342,0.25));
#1657 = CARTESIAN_POINT('',(2.302144868132,0.25));
#1658 = CARTESIAN_POINT('',(2.189121406214,0.25));
#1659 = CARTESIAN_POINT('',(2.076160549493,0.25));
#1660 = CARTESIAN_POINT('',(1.963253791557,0.25));
#1661 = CARTESIAN_POINT('',(1.752652661202,0.25));
#1662 = CARTESIAN_POINT('',(1.654947026826,0.25));
#1663 = CARTESIAN_POINT('',(1.557269932506,0.25));
#1664 = CARTESIAN_POINT('',(1.459615757529,0.25));
#1665 = CARTESIAN_POINT('',(1.361978875506,0.25));
#1666 = CARTESIAN_POINT('',(1.264353654376,0.25));
#1667 = CARTESIAN_POINT('',(1.166734456401,0.25));
#1668 = CARTESIAN_POINT('',(0.935572026274,0.25));
#1669 = CARTESIAN_POINT('',(0.802029385729,0.25));
#1670 = CARTESIAN_POINT('',(0.668473096741,0.25));
#1671 = CARTESIAN_POINT('',(0.534888917385,0.25));
#1672 = CARTESIAN_POINT('',(0.401262953546,0.25));
#1673 = CARTESIAN_POINT('',(0.267581628865,0.25));
#1674 = CARTESIAN_POINT('',(0.133831654686,0.25));
#1675 = CARTESIAN_POINT('',(0.,0.25));
#1676 = ( GEOMETRIC_REPRESENTATION_CONTEXT(2) 
PARAMETRIC_REPRESENTATION_CONTEXT() REPRESENTATION_CONTEXT('2D SPACE',''
  ) );
#1677 = ORIENTED_EDGE('',*,*,#1678,.F.);
#1678 = EDGE_CURVE('',#1679,#1197,#1681,.T.);
#1679 = VERTEX_POINT('',#1680);
#1680 = CARTESIAN_POINT('',(-10.5,12.927361191462,-2.22044604925E-15));
#1681 = SURFACE_CURVE('',#1682,(#1686,#1693),.PCURVE_S1.);
#1682 = LINE('',#1683,#1684);
#1683 = CARTESIAN_POINT('',(-10.5,-2.05,-3.552713678801E-15));
#1684 = VECTOR('',#1685,1.);
#1685 = DIRECTION('',(-0.,1.,-0.));
#1686 = PCURVE('',#180,#1687);
#1687 = DEFINITIONAL_REPRESENTATION('',(#1688),#1692);
#1688 = LINE('',#1689,#1690);
#1689 = CARTESIAN_POINT('',(17.931634725379,-3.195148834654));
#1690 = VECTOR('',#1691,1.);
#1691 = DIRECTION('',(-0.104414136312,0.994533904972));
#1692 = ( GEOMETRIC_REPRESENTATION_CONTEXT(2) 
PARAMETRIC_REPRESENTATION_CONTEXT() REPRESENTATION_CONTEXT('2D SPACE',''
  ) );
#1693 = PCURVE('',#951,#1694);
#1694 = DEFINITIONAL_REPRESENTATION('',(#1695),#1699);
#1695 = LINE('',#1696,#1697);
#1696 = CARTESIAN_POINT('',(5.05,-63.08773345429));
#1697 = VECTOR('',#1698,1.);
#1698 = DIRECTION('',(1.,0.));
#1699 = ( GEOMETRIC_REPRESENTATION_CONTEXT(2) 
PARAMETRIC_REPRESENTATION_CONTEXT() REPRESENTATION_CONTEXT('2D SPACE',''
  ) );
#1700 = ORIENTED_EDGE('',*,*,#1701,.T.);
#1701 = EDGE_CURVE('',#1679,#1135,#1702,.T.);
#1702 = SURFACE_CURVE('',#1703,(#1726,#1752),.PCURVE_S1.);
#1703 = B_SPLINE_CURVE_WITH_KNOTS('',6,(#1704,#1705,#1706,#1707,#1708,
    #1709,#1710,#1711,#1712,#1713,#1714,#1715,#1716,#1717,#1718,#1719,
    #1720,#1721,#1722,#1723,#1724,#1725),.UNSPECIFIED.,.F.,.F.,(7,5,5,5,
    7),(0.,0.250000000059,0.499999999963,0.750000000934,1.),
  .UNSPECIFIED.);
#1704 = CARTESIAN_POINT('',(-10.50000595782,12.927354889969,0.));
#1705 = CARTESIAN_POINT('',(-9.513879038814,13.970365714846,0.));
#1706 = CARTESIAN_POINT('',(-8.403122602152,14.89614575888,0.));
#1707 = CARTESIAN_POINT('',(-7.185799695813,15.685324910511,0.));
#1708 = CARTESIAN_POINT('',(-5.88304258534,16.323684293435,0.));
#1709 = CARTESIAN_POINT('',(-4.517911812148,16.800409080714,0.));
#1710 = CARTESIAN_POINT('',(-1.71470452443,17.419521689644,0.));
#1711 = CARTESIAN_POINT('',(-0.275774189308,17.562098085213,0.));
#1712 = CARTESIAN_POINT('',(1.174660610904,17.531804994698,0.));
#1713 = CARTESIAN_POINT('',(2.611129508934,17.328738780705,0.));
#1714 = CARTESIAN_POINT('',(4.008477349193,16.956895328842,0.));
#1715 = CARTESIAN_POINT('',(6.675848925846,15.895575196114,0.));
#1716 = CARTESIAN_POINT('',(7.946685108426,15.205775249525,0.));
#1717 = CARTESIAN_POINT('',(9.129996007807,14.366457597347,0.));
#1718 = CARTESIAN_POINT('',(10.204757542062,13.392000594174,0.));
#1719 = CARTESIAN_POINT('',(11.15239563527,12.299832744874,0.));
#1720 = CARTESIAN_POINT('',(12.763990256961,9.924115109577,0.));
#1721 = CARTESIAN_POINT('',(13.428437663688,8.639841701485,0.));
#1722 = CARTESIAN_POINT('',(13.936516391471,7.280969076158,0.));
#1723 = CARTESIAN_POINT('',(14.278899521009,5.871198689072,0.));
#1724 = CARTESIAN_POINT('',(14.450000000001,4.435380741386,0.));
#1725 = CARTESIAN_POINT('',(14.45,3.,0.));
#1726 = PCURVE('',#180,#1727);
#1727 = DEFINITIONAL_REPRESENTATION('',(#1728),#1751);
#1728 = B_SPLINE_CURVE_WITH_KNOTS('',6,(#1729,#1730,#1731,#1732,#1733,
    #1734,#1735,#1736,#1737,#1738,#1739,#1740,#1741,#1742,#1743,#1744,
    #1745,#1746,#1747,#1748,#1749,#1750),.UNSPECIFIED.,.F.,.F.,(7,5,5,5,
    7),(0.,0.250000000059,0.499999999963,0.750000000934,1.),
  .UNSPECIFIED.);
#1729 = CARTESIAN_POINT('',(16.367781225051,11.700337788133));
#1730 = CARTESIAN_POINT('',(17.239612806169,12.840613007268));
#1731 = CARTESIAN_POINT('',(18.247633218883,13.877311323593));
#1732 = CARTESIAN_POINT('',(19.375900663023,14.789282466864));
#1733 = CARTESIAN_POINT('',(20.604883035708,15.560178775253));
#1734 = CARTESIAN_POINT('',(21.912775067445,16.176836690177));
#1735 = CARTESIAN_POINT('',(24.636015649403,17.085259638603));
#1736 = CARTESIAN_POINT('',(26.052193663372,17.3773013662));
#1737 = CARTESIAN_POINT('',(27.497863276016,17.498619757537));
#1738 = CARTESIAN_POINT('',(28.947683281893,17.446651182093));
#1739 = CARTESIAN_POINT('',(30.376218798939,17.222743129741));
#1740 = CARTESIAN_POINT('',(33.139827094087,16.445735573112));
#1741 = CARTESIAN_POINT('',(34.475741630979,15.892399400979));
#1742 = CARTESIAN_POINT('',(35.740221068279,15.181223924395));
#1743 = CARTESIAN_POINT('',(36.910854940214,14.324313693142));
#1744 = CARTESIAN_POINT('',(37.967350916244,13.337062550131));
#1745 = CARTESIAN_POINT('',(39.818194913596,11.142604073697));
#1746 = CARTESIAN_POINT('',(40.61310668635,9.934728328194));
#1747 = CARTESIAN_POINT('',(41.260293719056,8.636334031309));
#1748 = CARTESIAN_POINT('',(41.748005307237,7.270019221885));
#1749 = CARTESIAN_POINT('',(42.06809022566,5.859914900281));
#1750 = CARTESIAN_POINT('',(42.217964266049,4.432380086429));
#1751 = ( GEOMETRIC_REPRESENTATION_CONTEXT(2) 
PARAMETRIC_REPRESENTATION_CONTEXT() REPRESENTATION_CONTEXT('2D SPACE',''
  ) );
#1752 = PCURVE('',#1017,#1753);
#1753 = DEFINITIONAL_REPRESENTATION('',(#1754),#1777);
#1754 = B_SPLINE_CURVE_WITH_KNOTS('',6,(#1755,#1756,#1757,#1758,#1759,
    #1760,#1761,#1762,#1763,#1764,#1765,#1766,#1767,#1768,#1769,#1770,
    #1771,#1772,#1773,#1774,#1775,#1776),.UNSPECIFIED.,.F.,.F.,(7,5,5,5,
    7),(0.,0.250000000059,0.499999999963,0.750000000934,1.),
  .UNSPECIFIED.);
#1755 = CARTESIAN_POINT('',(2.384220682128,0.25));
#1756 = CARTESIAN_POINT('',(2.284886375031,0.25));
#1757 = CARTESIAN_POINT('',(2.185522441292,0.25));
#1758 = CARTESIAN_POINT('',(2.086193097631,0.25));
#1759 = CARTESIAN_POINT('',(1.986863753713,0.25));
#1760 = CARTESIAN_POINT('',(1.887499819376,0.25));
#1761 = CARTESIAN_POINT('',(1.688831203878,0.25));
#1762 = CARTESIAN_POINT('',(1.589467270002,0.25));
#1763 = CARTESIAN_POINT('',(1.490137926423,0.25));
#1764 = CARTESIAN_POINT('',(1.390808582782,0.25));
#1765 = CARTESIAN_POINT('',(1.291444648797,0.25));
#1766 = CARTESIAN_POINT('',(1.092776032908,0.25));
#1767 = CARTESIAN_POINT('',(0.993412098301,0.25));
#1768 = CARTESIAN_POINT('',(0.894082754497,0.25));
#1769 = CARTESIAN_POINT('',(0.794753411511,0.25));
#1770 = CARTESIAN_POINT('',(0.69538947813,0.25));
#1771 = CARTESIAN_POINT('',(0.496720863691,0.25));
#1772 = CARTESIAN_POINT('',(0.39735692862,0.25));
#1773 = CARTESIAN_POINT('',(0.298027584138,0.25));
#1774 = CARTESIAN_POINT('',(0.198698233179,0.25));
#1775 = CARTESIAN_POINT('',(9.93343073623E-02,0.25));
#1776 = CARTESIAN_POINT('',(0.,0.25));
#1777 = ( GEOMETRIC_REPRESENTATION_CONTEXT(2) 
PARAMETRIC_REPRESENTATION_CONTEXT() REPRESENTATION_CONTEXT('2D SPACE',''
  ) );
#1778 = ORIENTED_EDGE('',*,*,#1134,.F.);
#1779 = FACE_BOUND('',#1780,.F.);
#1780 = EDGE_LOOP('',(#1781,#1811,#1844,#1872));
#1781 = ORIENTED_EDGE('',*,*,#1782,.F.);
#1782 = EDGE_CURVE('',#1783,#1785,#1787,.T.);
#1783 = VERTEX_POINT('',#1784);
#1784 = CARTESIAN_POINT('',(17.014676845516,10.587197085533,0.));
#1785 = VERTEX_POINT('',#1786);
#1786 = CARTESIAN_POINT('',(21.765113225257,8.472166541539,0.));
#1787 = SURFACE_CURVE('',#1788,(#1792,#1799),.PCURVE_S1.);
#1788 = LINE('',#1789,#1790);
#1789 = CARTESIAN_POINT('',(2.015647884333,17.265195030825,0.));
#1790 = VECTOR('',#1791,1.);
#1791 = DIRECTION('',(0.913545457643,-0.406736643076,0.));
#1792 = PCURVE('',#180,#1793);
#1793 = DEFINITIONAL_REPRESENTATION('',(#1794),#1798);
#1794 = LINE('',#1795,#1796);
#1795 = CARTESIAN_POINT('',(28.362091482202,17.321278068866));
#1796 = VECTOR('',#1797,1.);
#1797 = DIRECTION('',(0.951020986652,-0.309126321992));
#1798 = ( GEOMETRIC_REPRESENTATION_CONTEXT(2) 
PARAMETRIC_REPRESENTATION_CONTEXT() REPRESENTATION_CONTEXT('2D SPACE',''
  ) );
#1799 = PCURVE('',#1800,#1805);
#1800 = PLANE('',#1801);
#1801 = AXIS2_PLACEMENT_3D('',#1802,#1803,#1804);
#1802 = CARTESIAN_POINT('',(21.765113225257,8.472166541539,-1.));
#1803 = DIRECTION('',(-0.406736643076,-0.913545457643,0.));
#1804 = DIRECTION('',(-0.913545457643,0.406736643076,0.));
#1805 = DEFINITIONAL_REPRESENTATION('',(#1806),#1810);
#1806 = LINE('',#1807,#1808);
#1807 = CARTESIAN_POINT('',(21.618481243273,-1.));
#1808 = VECTOR('',#1809,1.);
#1809 = DIRECTION('',(-1.,-0.));
#1810 = ( GEOMETRIC_REPRESENTATION_CONTEXT(2) 
PARAMETRIC_REPRESENTATION_CONTEXT() REPRESENTATION_CONTEXT('2D SPACE',''
  ) );
#1811 = ORIENTED_EDGE('',*,*,#1812,.T.);
#1812 = EDGE_CURVE('',#1783,#1813,#1815,.T.);
#1813 = VERTEX_POINT('',#1814);
#1814 = CARTESIAN_POINT('',(18.234886774743,13.327833458461,0.));
#1815 = SURFACE_CURVE('',#1816,(#1821,#1832),.PCURVE_S1.);
#1816 = CIRCLE('',#1817,1.5);
#1817 = AXIS2_PLACEMENT_3D('',#1818,#1819,#1820);
#1818 = CARTESIAN_POINT('',(17.624781810129,11.957515271997,0.));
#1819 = DIRECTION('',(-0.,0.,-1.));
#1820 = DIRECTION('',(-0.406736643076,-0.913545457643,0.));
#1821 = PCURVE('',#180,#1822);
#1822 = DEFINITIONAL_REPRESENTATION('',(#1823),#1831);
#1823 = ( BOUNDED_CURVE() B_SPLINE_CURVE(2,(#1824,#1825,#1826,#1827,
#1828,#1829,#1830),.UNSPECIFIED.,.T.,.F.) B_SPLINE_CURVE_WITH_KNOTS((1,2
    ,2,2,2,1),(-2.094395102393,0.,2.094395102393,4.188790204786,
6.28318530718,8.377580409573),.UNSPECIFIED.) CURVE() 
GEOMETRIC_REPRESENTATION_ITEM() RATIONAL_B_SPLINE_CURVE((1.,0.5,1.,0.5,
1.,0.5,1.)) REPRESENTATION_ITEM('') );
#1824 = CARTESIAN_POINT('',(43.976411713499,12.245893349437));
#1825 = CARTESIAN_POINT('',(41.505586711582,13.049027092908));
#1826 = CARTESIAN_POINT('',(43.436533437022,14.787257441138));
#1827 = CARTESIAN_POINT('',(45.367480162463,16.525487789369));
#1828 = CARTESIAN_POINT('',(45.907358438939,13.984123697667));
#1829 = CARTESIAN_POINT('',(46.447236715416,11.442759605966));
#1830 = CARTESIAN_POINT('',(43.976411713499,12.245893349437));
#1831 = ( GEOMETRIC_REPRESENTATION_CONTEXT(2) 
PARAMETRIC_REPRESENTATION_CONTEXT() REPRESENTATION_CONTEXT('2D SPACE',''
  ) );
#1832 = PCURVE('',#1833,#1838);
#1833 = CYLINDRICAL_SURFACE('',#1834,1.5);
#1834 = AXIS2_PLACEMENT_3D('',#1835,#1836,#1837);
#1835 = CARTESIAN_POINT('',(17.624781810129,11.957515271997,-1.));
#1836 = DIRECTION('',(-0.,0.,-1.));
#1837 = DIRECTION('',(-0.406736643076,-0.913545457643,0.));
#1838 = DEFINITIONAL_REPRESENTATION('',(#1839),#1843);
#1839 = LINE('',#1840,#1841);
#1840 = CARTESIAN_POINT('',(0.,-1.));
#1841 = VECTOR('',#1842,1.);
#1842 = DIRECTION('',(1.,0.));
#1843 = ( GEOMETRIC_REPRESENTATION_CONTEXT(2) 
PARAMETRIC_REPRESENTATION_CONTEXT() REPRESENTATION_CONTEXT('2D SPACE',''
  ) );
#1844 = ORIENTED_EDGE('',*,*,#1845,.F.);
#1845 = EDGE_CURVE('',#1846,#1813,#1848,.T.);
#1846 = VERTEX_POINT('',#1847);
#1847 = CARTESIAN_POINT('',(22.985323154484,11.212802914467,0.));
#1848 = SURFACE_CURVE('',#1849,(#1853,#1860),.PCURVE_S1.);
#1849 = LINE('',#1850,#1851);
#1850 = CARTESIAN_POINT('',(0.86063962369,21.06334667575,0.));
#1851 = VECTOR('',#1852,1.);
#1852 = DIRECTION('',(-0.913545457643,0.406736643076,-0.));
#1853 = PCURVE('',#180,#1854);
#1854 = DEFINITIONAL_REPRESENTATION('',(#1855),#1859);
#1855 = LINE('',#1856,#1857);
#1856 = CARTESIAN_POINT('',(26.816815882884,20.978069466));
#1857 = VECTOR('',#1858,1.);
#1858 = DIRECTION('',(-0.951020986652,0.309126321992));
#1859 = ( GEOMETRIC_REPRESENTATION_CONTEXT(2) 
PARAMETRIC_REPRESENTATION_CONTEXT() REPRESENTATION_CONTEXT('2D SPACE',''
  ) );
#1860 = PCURVE('',#1861,#1866);
#1861 = PLANE('',#1862);
#1862 = AXIS2_PLACEMENT_3D('',#1863,#1864,#1865);
#1863 = CARTESIAN_POINT('',(18.234886774743,13.327833458461,-1.));
#1864 = DIRECTION('',(0.406736643076,0.913545457643,-0.));
#1865 = DIRECTION('',(0.913545457643,-0.406736643076,0.));
#1866 = DEFINITIONAL_REPRESENTATION('',(#1867),#1871);
#1867 = LINE('',#1868,#1869);
#1868 = CARTESIAN_POINT('',(-19.01848124327,-1.));
#1869 = VECTOR('',#1870,1.);
#1870 = DIRECTION('',(-1.,-0.));
#1871 = ( GEOMETRIC_REPRESENTATION_CONTEXT(2) 
PARAMETRIC_REPRESENTATION_CONTEXT() REPRESENTATION_CONTEXT('2D SPACE',''
  ) );
#1872 = ORIENTED_EDGE('',*,*,#1873,.T.);
#1873 = EDGE_CURVE('',#1846,#1785,#1874,.T.);
#1874 = SURFACE_CURVE('',#1875,(#1880,#1891),.PCURVE_S1.);
#1875 = CIRCLE('',#1876,1.5);
#1876 = AXIS2_PLACEMENT_3D('',#1877,#1878,#1879);
#1877 = CARTESIAN_POINT('',(22.375218189871,9.842484728003,0.));
#1878 = DIRECTION('',(0.,0.,-1.));
#1879 = DIRECTION('',(0.406736643076,0.913545457643,0.));
#1880 = PCURVE('',#180,#1881);
#1881 = DEFINITIONAL_REPRESENTATION('',(#1882),#1890);
#1882 = ( BOUNDED_CURVE() B_SPLINE_CURVE(2,(#1883,#1884,#1885,#1886,
#1887,#1888,#1889),.UNSPECIFIED.,.T.,.F.) B_SPLINE_CURVE_WITH_KNOTS((1,2
    ,2,2,2,1),(-2.094395102393,0.,2.094395102393,4.188790204786,
6.28318530718,8.377580409573),.UNSPECIFIED.) CURVE() 
GEOMETRIC_REPRESENTATION_ITEM() RATIONAL_B_SPLINE_CURVE((1.,0.5,1.,0.5,
1.,0.5,1.)) REPRESENTATION_ITEM('') );
#1883 = CARTESIAN_POINT('',(49.849099810063,13.491499435032));
#1884 = CARTESIAN_POINT('',(52.31992481198,12.688365691562));
#1885 = CARTESIAN_POINT('',(50.388978086539,10.950135343331));
#1886 = CARTESIAN_POINT('',(48.458031361098,9.211904995101));
#1887 = CARTESIAN_POINT('',(47.918153084622,11.753269086802));
#1888 = CARTESIAN_POINT('',(47.378274808146,14.294633178503));
#1889 = CARTESIAN_POINT('',(49.849099810063,13.491499435032));
#1890 = ( GEOMETRIC_REPRESENTATION_CONTEXT(2) 
PARAMETRIC_REPRESENTATION_CONTEXT() REPRESENTATION_CONTEXT('2D SPACE',''
  ) );
#1891 = PCURVE('',#1892,#1897);
#1892 = CYLINDRICAL_SURFACE('',#1893,1.5);
#1893 = AXIS2_PLACEMENT_3D('',#1894,#1895,#1896);
#1894 = CARTESIAN_POINT('',(22.375218189871,9.842484728003,-1.));
#1895 = DIRECTION('',(0.,0.,-1.));
#1896 = DIRECTION('',(0.406736643076,0.913545457643,0.));
#1897 = DEFINITIONAL_REPRESENTATION('',(#1898),#1902);
#1898 = LINE('',#1899,#1900);
#1899 = CARTESIAN_POINT('',(0.,-1.));
#1900 = VECTOR('',#1901,1.);
#1901 = DIRECTION('',(1.,0.));
#1902 = ( GEOMETRIC_REPRESENTATION_CONTEXT(2) 
PARAMETRIC_REPRESENTATION_CONTEXT() REPRESENTATION_CONTEXT('2D SPACE',''
  ) );
#1903 = ADVANCED_FACE('',(#1904),#359,.F.);
#1904 = FACE_BOUND('',#1905,.F.);
#1905 = EDGE_LOOP('',(#1906,#1925,#1926,#1927));
#1906 = ORIENTED_EDGE('',*,*,#1907,.F.);
#1907 = EDGE_CURVE('',#1197,#454,#1908,.T.);
#1908 = SURFACE_CURVE('',#1909,(#1912,#1919),.PCURVE_S1.);
#1909 = B_SPLINE_CURVE_WITH_KNOTS('',1,(#1910,#1911),.UNSPECIFIED.,.F.,
  .F.,(2,2),(0.,1.),.PIECEWISE_BEZIER_KNOTS.);
#1910 = CARTESIAN_POINT('',(-16.99839392465,13.1,-20.));
#1911 = CARTESIAN_POINT('',(8.995181773974,13.1,60.));
#1912 = PCURVE('',#359,#1913);
#1913 = DEFINITIONAL_REPRESENTATION('',(#1914),#1918);
#1914 = LINE('',#1915,#1916);
#1915 = CARTESIAN_POINT('',(0.,0.));
#1916 = VECTOR('',#1917,1.);
#1917 = DIRECTION('',(0.,1.));
#1918 = ( GEOMETRIC_REPRESENTATION_CONTEXT(2) 
PARAMETRIC_REPRESENTATION_CONTEXT() REPRESENTATION_CONTEXT('2D SPACE',''
  ) );
#1919 = PCURVE('',#951,#1920);
#1920 = DEFINITIONAL_REPRESENTATION('',(#1921),#1924);
#1921 = B_SPLINE_CURVE_WITH_KNOTS('',1,(#1922,#1923),.UNSPECIFIED.,.F.,
  .F.,(2,2),(0.,1.),.PIECEWISE_BEZIER_KNOTS.);
#1922 = CARTESIAN_POINT('',(20.2,-84.11697793906));
#1923 = CARTESIAN_POINT('',(20.2,0.));
#1924 = ( GEOMETRIC_REPRESENTATION_CONTEXT(2) 
PARAMETRIC_REPRESENTATION_CONTEXT() REPRESENTATION_CONTEXT('2D SPACE',''
  ) );
#1925 = ORIENTED_EDGE('',*,*,#1196,.F.);
#1926 = ORIENTED_EDGE('',*,*,#333,.T.);
#1927 = ORIENTED_EDGE('',*,*,#453,.T.);
#1928 = ADVANCED_FACE('',(#1929),#1017,.F.);
#1929 = FACE_BOUND('',#1930,.F.);
#1930 = EDGE_LOOP('',(#1931,#1958,#1959,#1960));
#1931 = ORIENTED_EDGE('',*,*,#1932,.T.);
#1932 = EDGE_CURVE('',#1679,#936,#1933,.T.);
#1933 = SURFACE_CURVE('',#1934,(#1940,#1949),.PCURVE_S1.);
#1934 = B_SPLINE_CURVE_WITH_KNOTS('',4,(#1935,#1936,#1937,#1938,#1939),
  .UNSPECIFIED.,.F.,.F.,(5,5),(0.,1.),.PIECEWISE_BEZIER_KNOTS.);
#1935 = CARTESIAN_POINT('',(-16.99839392465,12.927361191462,-20.));
#1936 = CARTESIAN_POINT('',(-10.5,12.927361191462,3.552713678801E-14));
#1937 = CARTESIAN_POINT('',(-4.001606075342,12.927361191462,20.));
#1938 = CARTESIAN_POINT('',(2.496787849316,12.927361191462,40.));
#1939 = CARTESIAN_POINT('',(8.995181773974,12.927361191462,60.));
#1940 = PCURVE('',#1017,#1941);
#1941 = DEFINITIONAL_REPRESENTATION('',(#1942),#1948);
#1942 = B_SPLINE_CURVE_WITH_KNOTS('',4,(#1943,#1944,#1945,#1946,#1947),
  .UNSPECIFIED.,.F.,.F.,(5,5),(0.,1.),.PIECEWISE_BEZIER_KNOTS.);
#1943 = CARTESIAN_POINT('',(2.384220081986,0.));
#1944 = CARTESIAN_POINT('',(2.384220081986,0.25));
#1945 = CARTESIAN_POINT('',(2.384220081986,0.5));
#1946 = CARTESIAN_POINT('',(2.384220081986,0.75));
#1947 = CARTESIAN_POINT('',(2.384220081986,1.));
#1948 = ( GEOMETRIC_REPRESENTATION_CONTEXT(2) 
PARAMETRIC_REPRESENTATION_CONTEXT() REPRESENTATION_CONTEXT('2D SPACE',''
  ) );
#1949 = PCURVE('',#951,#1950);
#1950 = DEFINITIONAL_REPRESENTATION('',(#1951),#1957);
#1951 = B_SPLINE_CURVE_WITH_KNOTS('',4,(#1952,#1953,#1954,#1955,#1956),
  .UNSPECIFIED.,.F.,.F.,(5,5),(0.,1.),.PIECEWISE_BEZIER_KNOTS.);
#1952 = CARTESIAN_POINT('',(20.027361191462,-84.11697793906));
#1953 = CARTESIAN_POINT('',(20.027361191462,-63.08773345429));
#1954 = CARTESIAN_POINT('',(20.027361191462,-42.05848896953));
#1955 = CARTESIAN_POINT('',(20.027361191462,-21.02924448476));
#1956 = CARTESIAN_POINT('',(20.027361191462,7.105427357601E-14));
#1957 = ( GEOMETRIC_REPRESENTATION_CONTEXT(2) 
PARAMETRIC_REPRESENTATION_CONTEXT() REPRESENTATION_CONTEXT('2D SPACE',''
  ) );
#1958 = ORIENTED_EDGE('',*,*,#963,.T.);
#1959 = ORIENTED_EDGE('',*,*,#1157,.F.);
#1960 = ORIENTED_EDGE('',*,*,#1701,.F.);
#1961 = ADVANCED_FACE('',(#1962),#951,.F.);
#1962 = FACE_BOUND('',#1963,.F.);
#1963 = EDGE_LOOP('',(#1964,#1965,#1966,#1967));
#1964 = ORIENTED_EDGE('',*,*,#1932,.F.);
#1965 = ORIENTED_EDGE('',*,*,#1678,.T.);
#1966 = ORIENTED_EDGE('',*,*,#1907,.T.);
#1967 = ORIENTED_EDGE('',*,*,#935,.F.);
#1968 = ADVANCED_FACE('',(#1969),#1118,.T.);
#1969 = FACE_BOUND('',#1970,.F.);
#1970 = EDGE_LOOP('',(#1971,#1972,#1995,#2022));
#1971 = ORIENTED_EDGE('',*,*,#1097,.T.);
#1972 = ORIENTED_EDGE('',*,*,#1973,.T.);
#1973 = EDGE_CURVE('',#1098,#1974,#1976,.T.);
#1974 = VERTEX_POINT('',#1975);
#1975 = CARTESIAN_POINT('',(-7.700321215068,17.375,5.85));
#1976 = SEAM_CURVE('',#1977,(#1981,#1988),.PCURVE_S1.);
#1977 = LINE('',#1978,#1979);
#1978 = CARTESIAN_POINT('',(-7.700321215068,17.375,3.4));
#1979 = VECTOR('',#1980,1.);
#1980 = DIRECTION('',(0.,0.,1.));
#1981 = PCURVE('',#1118,#1982);
#1982 = DEFINITIONAL_REPRESENTATION('',(#1983),#1987);
#1983 = LINE('',#1984,#1985);
#1984 = CARTESIAN_POINT('',(-6.28318530718,0.));
#1985 = VECTOR('',#1986,1.);
#1986 = DIRECTION('',(-0.,-1.));
#1987 = ( GEOMETRIC_REPRESENTATION_CONTEXT(2) 
PARAMETRIC_REPRESENTATION_CONTEXT() REPRESENTATION_CONTEXT('2D SPACE',''
  ) );
#1988 = PCURVE('',#1118,#1989);
#1989 = DEFINITIONAL_REPRESENTATION('',(#1990),#1994);
#1990 = LINE('',#1991,#1992);
#1991 = CARTESIAN_POINT('',(-0.,0.));
#1992 = VECTOR('',#1993,1.);
#1993 = DIRECTION('',(-0.,-1.));
#1994 = ( GEOMETRIC_REPRESENTATION_CONTEXT(2) 
PARAMETRIC_REPRESENTATION_CONTEXT() REPRESENTATION_CONTEXT('2D SPACE',''
  ) );
#1995 = ORIENTED_EDGE('',*,*,#1996,.T.);
#1996 = EDGE_CURVE('',#1974,#1974,#1997,.T.);
#1997 = SURFACE_CURVE('',#1998,(#2003,#2010),.PCURVE_S1.);
#1998 = CIRCLE('',#1999,1.5);
#1999 = AXIS2_PLACEMENT_3D('',#2000,#2001,#2002);
#2000 = CARTESIAN_POINT('',(-9.200321215068,17.375,5.85));
#2001 = DIRECTION('',(0.,0.,1.));
#2002 = DIRECTION('',(1.,0.,0.));
#2003 = PCURVE('',#1118,#2004);
#2004 = DEFINITIONAL_REPRESENTATION('',(#2005),#2009);
#2005 = LINE('',#2006,#2007);
#2006 = CARTESIAN_POINT('',(-0.,-2.45));
#2007 = VECTOR('',#2008,1.);
#2008 = DIRECTION('',(-1.,0.));
#2009 = ( GEOMETRIC_REPRESENTATION_CONTEXT(2) 
PARAMETRIC_REPRESENTATION_CONTEXT() REPRESENTATION_CONTEXT('2D SPACE',''
  ) );
#2010 = PCURVE('',#2011,#2016);
#2011 = PLANE('',#2012);
#2012 = AXIS2_PLACEMENT_3D('',#2013,#2014,#2015);
#2013 = CARTESIAN_POINT('',(-9.200321215068,17.375,5.85));
#2014 = DIRECTION('',(0.,0.,1.));
#2015 = DIRECTION('',(1.,0.,0.));
#2016 = DEFINITIONAL_REPRESENTATION('',(#2017),#2021);
#2017 = CIRCLE('',#2018,1.5);
#2018 = AXIS2_PLACEMENT_2D('',#2019,#2020);
#2019 = CARTESIAN_POINT('',(0.,0.));
#2020 = DIRECTION('',(1.,0.));
#2021 = ( GEOMETRIC_REPRESENTATION_CONTEXT(2) 
PARAMETRIC_REPRESENTATION_CONTEXT() REPRESENTATION_CONTEXT('2D SPACE',''
  ) );
#2022 = ORIENTED_EDGE('',*,*,#1973,.F.);
#2023 = ADVANCED_FACE('',(#2024),#1800,.F.);
#2024 = FACE_BOUND('',#2025,.F.);
#2025 = EDGE_LOOP('',(#2026,#2027,#2050,#2078));
#2026 = ORIENTED_EDGE('',*,*,#1782,.T.);
#2027 = ORIENTED_EDGE('',*,*,#2028,.T.);
#2028 = EDGE_CURVE('',#1785,#2029,#2031,.T.);
#2029 = VERTEX_POINT('',#2030);
#2030 = CARTESIAN_POINT('',(21.765113225257,8.472166541539,1.8));
#2031 = SURFACE_CURVE('',#2032,(#2036,#2043),.PCURVE_S1.);
#2032 = LINE('',#2033,#2034);
#2033 = CARTESIAN_POINT('',(21.765113225257,8.472166541539,-1.));
#2034 = VECTOR('',#2035,1.);
#2035 = DIRECTION('',(0.,0.,1.));
#2036 = PCURVE('',#1800,#2037);
#2037 = DEFINITIONAL_REPRESENTATION('',(#2038),#2042);
#2038 = LINE('',#2039,#2040);
#2039 = CARTESIAN_POINT('',(0.,0.));
#2040 = VECTOR('',#2041,1.);
#2041 = DIRECTION('',(0.,-1.));
#2042 = ( GEOMETRIC_REPRESENTATION_CONTEXT(2) 
PARAMETRIC_REPRESENTATION_CONTEXT() REPRESENTATION_CONTEXT('2D SPACE',''
  ) );
#2043 = PCURVE('',#1892,#2044);
#2044 = DEFINITIONAL_REPRESENTATION('',(#2045),#2049);
#2045 = LINE('',#2046,#2047);
#2046 = CARTESIAN_POINT('',(3.14159265359,0.));
#2047 = VECTOR('',#2048,1.);
#2048 = DIRECTION('',(0.,-1.));
#2049 = ( GEOMETRIC_REPRESENTATION_CONTEXT(2) 
PARAMETRIC_REPRESENTATION_CONTEXT() REPRESENTATION_CONTEXT('2D SPACE',''
  ) );
#2050 = ORIENTED_EDGE('',*,*,#2051,.T.);
#2051 = EDGE_CURVE('',#2029,#2052,#2054,.T.);
#2052 = VERTEX_POINT('',#2053);
#2053 = CARTESIAN_POINT('',(17.014676845516,10.587197085533,1.8));
#2054 = SURFACE_CURVE('',#2055,(#2059,#2066),.PCURVE_S1.);
#2055 = LINE('',#2056,#2057);
#2056 = CARTESIAN_POINT('',(21.765113225257,8.472166541539,1.8));
#2057 = VECTOR('',#2058,1.);
#2058 = DIRECTION('',(-0.913545457643,0.406736643076,0.));
#2059 = PCURVE('',#1800,#2060);
#2060 = DEFINITIONAL_REPRESENTATION('',(#2061),#2065);
#2061 = LINE('',#2062,#2063);
#2062 = CARTESIAN_POINT('',(0.,-2.8));
#2063 = VECTOR('',#2064,1.);
#2064 = DIRECTION('',(1.,0.));
#2065 = ( GEOMETRIC_REPRESENTATION_CONTEXT(2) 
PARAMETRIC_REPRESENTATION_CONTEXT() REPRESENTATION_CONTEXT('2D SPACE',''
  ) );
#2066 = PCURVE('',#2067,#2072);
#2067 = PLANE('',#2068);
#2068 = AXIS2_PLACEMENT_3D('',#2069,#2070,#2071);
#2069 = CARTESIAN_POINT('',(20.,10.9,1.8));
#2070 = DIRECTION('',(-0.,-0.,-1.));
#2071 = DIRECTION('',(-1.,0.,0.));
#2072 = DEFINITIONAL_REPRESENTATION('',(#2073),#2077);
#2073 = LINE('',#2074,#2075);
#2074 = CARTESIAN_POINT('',(-1.765113225257,-2.427833458461));
#2075 = VECTOR('',#2076,1.);
#2076 = DIRECTION('',(0.913545457643,0.406736643076));
#2077 = ( GEOMETRIC_REPRESENTATION_CONTEXT(2) 
PARAMETRIC_REPRESENTATION_CONTEXT() REPRESENTATION_CONTEXT('2D SPACE',''
  ) );
#2078 = ORIENTED_EDGE('',*,*,#2079,.F.);
#2079 = EDGE_CURVE('',#1783,#2052,#2080,.T.);
#2080 = SURFACE_CURVE('',#2081,(#2085,#2092),.PCURVE_S1.);
#2081 = LINE('',#2082,#2083);
#2082 = CARTESIAN_POINT('',(17.014676845516,10.587197085533,-1.));
#2083 = VECTOR('',#2084,1.);
#2084 = DIRECTION('',(0.,0.,1.));
#2085 = PCURVE('',#1800,#2086);
#2086 = DEFINITIONAL_REPRESENTATION('',(#2087),#2091);
#2087 = LINE('',#2088,#2089);
#2088 = CARTESIAN_POINT('',(5.2,0.));
#2089 = VECTOR('',#2090,1.);
#2090 = DIRECTION('',(0.,-1.));
#2091 = ( GEOMETRIC_REPRESENTATION_CONTEXT(2) 
PARAMETRIC_REPRESENTATION_CONTEXT() REPRESENTATION_CONTEXT('2D SPACE',''
  ) );
#2092 = PCURVE('',#1833,#2093);
#2093 = DEFINITIONAL_REPRESENTATION('',(#2094),#2098);
#2094 = LINE('',#2095,#2096);
#2095 = CARTESIAN_POINT('',(0.,0.));
#2096 = VECTOR('',#2097,1.);
#2097 = DIRECTION('',(0.,-1.));
#2098 = ( GEOMETRIC_REPRESENTATION_CONTEXT(2) 
PARAMETRIC_REPRESENTATION_CONTEXT() REPRESENTATION_CONTEXT('2D SPACE',''
  ) );
#2099 = ADVANCED_FACE('',(#2100),#1892,.F.);
#2100 = FACE_BOUND('',#2101,.F.);
#2101 = EDGE_LOOP('',(#2102,#2103,#2126,#2148));
#2102 = ORIENTED_EDGE('',*,*,#1873,.F.);
#2103 = ORIENTED_EDGE('',*,*,#2104,.T.);
#2104 = EDGE_CURVE('',#1846,#2105,#2107,.T.);
#2105 = VERTEX_POINT('',#2106);
#2106 = CARTESIAN_POINT('',(22.985323154484,11.212802914467,1.8));
#2107 = SURFACE_CURVE('',#2108,(#2112,#2119),.PCURVE_S1.);
#2108 = LINE('',#2109,#2110);
#2109 = CARTESIAN_POINT('',(22.985323154484,11.212802914467,-1.));
#2110 = VECTOR('',#2111,1.);
#2111 = DIRECTION('',(0.,0.,1.));
#2112 = PCURVE('',#1892,#2113);
#2113 = DEFINITIONAL_REPRESENTATION('',(#2114),#2118);
#2114 = LINE('',#2115,#2116);
#2115 = CARTESIAN_POINT('',(0.,0.));
#2116 = VECTOR('',#2117,1.);
#2117 = DIRECTION('',(0.,-1.));
#2118 = ( GEOMETRIC_REPRESENTATION_CONTEXT(2) 
PARAMETRIC_REPRESENTATION_CONTEXT() REPRESENTATION_CONTEXT('2D SPACE',''
  ) );
#2119 = PCURVE('',#1861,#2120);
#2120 = DEFINITIONAL_REPRESENTATION('',(#2121),#2125);
#2121 = LINE('',#2122,#2123);
#2122 = CARTESIAN_POINT('',(5.2,0.));
#2123 = VECTOR('',#2124,1.);
#2124 = DIRECTION('',(0.,-1.));
#2125 = ( GEOMETRIC_REPRESENTATION_CONTEXT(2) 
PARAMETRIC_REPRESENTATION_CONTEXT() REPRESENTATION_CONTEXT('2D SPACE',''
  ) );
#2126 = ORIENTED_EDGE('',*,*,#2127,.T.);
#2127 = EDGE_CURVE('',#2105,#2029,#2128,.T.);
#2128 = SURFACE_CURVE('',#2129,(#2134,#2141),.PCURVE_S1.);
#2129 = CIRCLE('',#2130,1.5);
#2130 = AXIS2_PLACEMENT_3D('',#2131,#2132,#2133);
#2131 = CARTESIAN_POINT('',(22.375218189871,9.842484728003,1.8));
#2132 = DIRECTION('',(0.,0.,-1.));
#2133 = DIRECTION('',(0.406736643076,0.913545457643,0.));
#2134 = PCURVE('',#1892,#2135);
#2135 = DEFINITIONAL_REPRESENTATION('',(#2136),#2140);
#2136 = LINE('',#2137,#2138);
#2137 = CARTESIAN_POINT('',(0.,-2.8));
#2138 = VECTOR('',#2139,1.);
#2139 = DIRECTION('',(1.,0.));
#2140 = ( GEOMETRIC_REPRESENTATION_CONTEXT(2) 
PARAMETRIC_REPRESENTATION_CONTEXT() REPRESENTATION_CONTEXT('2D SPACE',''
  ) );
#2141 = PCURVE('',#2067,#2142);
#2142 = DEFINITIONAL_REPRESENTATION('',(#2143),#2147);
#2143 = CIRCLE('',#2144,1.5);
#2144 = AXIS2_PLACEMENT_2D('',#2145,#2146);
#2145 = CARTESIAN_POINT('',(-2.375218189871,-1.057515271997));
#2146 = DIRECTION('',(-0.406736643076,0.913545457643));
#2147 = ( GEOMETRIC_REPRESENTATION_CONTEXT(2) 
PARAMETRIC_REPRESENTATION_CONTEXT() REPRESENTATION_CONTEXT('2D SPACE',''
  ) );
#2148 = ORIENTED_EDGE('',*,*,#2028,.F.);
#2149 = ADVANCED_FACE('',(#2150),#1861,.F.);
#2150 = FACE_BOUND('',#2151,.F.);
#2151 = EDGE_LOOP('',(#2152,#2153,#2176,#2197));
#2152 = ORIENTED_EDGE('',*,*,#1845,.T.);
#2153 = ORIENTED_EDGE('',*,*,#2154,.T.);
#2154 = EDGE_CURVE('',#1813,#2155,#2157,.T.);
#2155 = VERTEX_POINT('',#2156);
#2156 = CARTESIAN_POINT('',(18.234886774743,13.327833458461,1.8));
#2157 = SURFACE_CURVE('',#2158,(#2162,#2169),.PCURVE_S1.);
#2158 = LINE('',#2159,#2160);
#2159 = CARTESIAN_POINT('',(18.234886774743,13.327833458461,-1.));
#2160 = VECTOR('',#2161,1.);
#2161 = DIRECTION('',(0.,0.,1.));
#2162 = PCURVE('',#1861,#2163);
#2163 = DEFINITIONAL_REPRESENTATION('',(#2164),#2168);
#2164 = LINE('',#2165,#2166);
#2165 = CARTESIAN_POINT('',(0.,0.));
#2166 = VECTOR('',#2167,1.);
#2167 = DIRECTION('',(0.,-1.));
#2168 = ( GEOMETRIC_REPRESENTATION_CONTEXT(2) 
PARAMETRIC_REPRESENTATION_CONTEXT() REPRESENTATION_CONTEXT('2D SPACE',''
  ) );
#2169 = PCURVE('',#1833,#2170);
#2170 = DEFINITIONAL_REPRESENTATION('',(#2171),#2175);
#2171 = LINE('',#2172,#2173);
#2172 = CARTESIAN_POINT('',(3.14159265359,0.));
#2173 = VECTOR('',#2174,1.);
#2174 = DIRECTION('',(0.,-1.));
#2175 = ( GEOMETRIC_REPRESENTATION_CONTEXT(2) 
PARAMETRIC_REPRESENTATION_CONTEXT() REPRESENTATION_CONTEXT('2D SPACE',''
  ) );
#2176 = ORIENTED_EDGE('',*,*,#2177,.T.);
#2177 = EDGE_CURVE('',#2155,#2105,#2178,.T.);
#2178 = SURFACE_CURVE('',#2179,(#2183,#2190),.PCURVE_S1.);
#2179 = LINE('',#2180,#2181);
#2180 = CARTESIAN_POINT('',(18.234886774743,13.327833458461,1.8));
#2181 = VECTOR('',#2182,1.);
#2182 = DIRECTION('',(0.913545457643,-0.406736643076,0.));
#2183 = PCURVE('',#1861,#2184);
#2184 = DEFINITIONAL_REPRESENTATION('',(#2185),#2189);
#2185 = LINE('',#2186,#2187);
#2186 = CARTESIAN_POINT('',(0.,-2.8));
#2187 = VECTOR('',#2188,1.);
#2188 = DIRECTION('',(1.,0.));
#2189 = ( GEOMETRIC_REPRESENTATION_CONTEXT(2) 
PARAMETRIC_REPRESENTATION_CONTEXT() REPRESENTATION_CONTEXT('2D SPACE',''
  ) );
#2190 = PCURVE('',#2067,#2191);
#2191 = DEFINITIONAL_REPRESENTATION('',(#2192),#2196);
#2192 = LINE('',#2193,#2194);
#2193 = CARTESIAN_POINT('',(1.765113225257,2.427833458461));
#2194 = VECTOR('',#2195,1.);
#2195 = DIRECTION('',(-0.913545457643,-0.406736643076));
#2196 = ( GEOMETRIC_REPRESENTATION_CONTEXT(2) 
PARAMETRIC_REPRESENTATION_CONTEXT() REPRESENTATION_CONTEXT('2D SPACE',''
  ) );
#2197 = ORIENTED_EDGE('',*,*,#2104,.F.);
#2198 = ADVANCED_FACE('',(#2199),#1833,.F.);
#2199 = FACE_BOUND('',#2200,.F.);
#2200 = EDGE_LOOP('',(#2201,#2202,#2203,#2225));
#2201 = ORIENTED_EDGE('',*,*,#1812,.F.);
#2202 = ORIENTED_EDGE('',*,*,#2079,.T.);
#2203 = ORIENTED_EDGE('',*,*,#2204,.T.);
#2204 = EDGE_CURVE('',#2052,#2155,#2205,.T.);
#2205 = SURFACE_CURVE('',#2206,(#2211,#2218),.PCURVE_S1.);
#2206 = CIRCLE('',#2207,1.5);
#2207 = AXIS2_PLACEMENT_3D('',#2208,#2209,#2210);
#2208 = CARTESIAN_POINT('',(17.624781810129,11.957515271997,1.8));
#2209 = DIRECTION('',(-0.,0.,-1.));
#2210 = DIRECTION('',(-0.406736643076,-0.913545457643,0.));
#2211 = PCURVE('',#1833,#2212);
#2212 = DEFINITIONAL_REPRESENTATION('',(#2213),#2217);
#2213 = LINE('',#2214,#2215);
#2214 = CARTESIAN_POINT('',(0.,-2.8));
#2215 = VECTOR('',#2216,1.);
#2216 = DIRECTION('',(1.,0.));
#2217 = ( GEOMETRIC_REPRESENTATION_CONTEXT(2) 
PARAMETRIC_REPRESENTATION_CONTEXT() REPRESENTATION_CONTEXT('2D SPACE',''
  ) );
#2218 = PCURVE('',#2067,#2219);
#2219 = DEFINITIONAL_REPRESENTATION('',(#2220),#2224);
#2220 = CIRCLE('',#2221,1.5);
#2221 = AXIS2_PLACEMENT_2D('',#2222,#2223);
#2222 = CARTESIAN_POINT('',(2.375218189871,1.057515271997));
#2223 = DIRECTION('',(0.406736643076,-0.913545457643));
#2224 = ( GEOMETRIC_REPRESENTATION_CONTEXT(2) 
PARAMETRIC_REPRESENTATION_CONTEXT() REPRESENTATION_CONTEXT('2D SPACE',''
  ) );
#2225 = ORIENTED_EDGE('',*,*,#2154,.F.);
#2226 = ADVANCED_FACE('',(#2227),#2011,.T.);
#2227 = FACE_BOUND('',#2228,.T.);
#2228 = EDGE_LOOP('',(#2229));
#2229 = ORIENTED_EDGE('',*,*,#1996,.T.);
#2230 = ADVANCED_FACE('',(#2231),#2067,.T.);
#2231 = FACE_BOUND('',#2232,.T.);
#2232 = EDGE_LOOP('',(#2233,#2234,#2235,#2236));
#2233 = ORIENTED_EDGE('',*,*,#2051,.T.);
#2234 = ORIENTED_EDGE('',*,*,#2204,.T.);
#2235 = ORIENTED_EDGE('',*,*,#2177,.T.);
#2236 = ORIENTED_EDGE('',*,*,#2127,.T.);
#2237 = ( GEOMETRIC_REPRESENTATION_CONTEXT(3) 
GLOBAL_UNCERTAINTY_ASSIGNED_CONTEXT((#2241)) 
GLOBAL_UNIT_ASSIGNED_CONTEXT((#2238,#2239,#2240)) REPRESENTATION_CONTEXT
('Context #1','3D Context with UNIT and UNCERTAINTY') );
#2238 = ( LENGTH_UNIT() NAMED_UNIT(*) SI_UNIT(.MILLI.,.METRE.) );
#2239 = ( NAMED_UNIT(*) PLANE_ANGLE_UNIT() SI_UNIT($,.RADIAN.) );
#2240 = ( NAMED_UNIT(*) SI_UNIT($,.STERADIAN.) SOLID_ANGLE_UNIT() );
#2241 = UNCERTAINTY_MEASURE_WITH_UNIT(LENGTH_MEASURE(2.E-06),#2238,
  'distance_accuracy_value','confusion accuracy');
#2242 = CONTEXT_DEPENDENT_SHAPE_REPRESENTATION(#2243,#2245);
#2243 = ( REPRESENTATION_RELATIONSHIP('','',#36,#10) 
REPRESENTATION_RELATIONSHIP_WITH_TRANSFORMATION(#2244) 
SHAPE_REPRESENTATION_RELATIONSHIP() );
#2244 = ITEM_DEFINED_TRANSFORMATION('','',#11,#15);
#2245 = PRODUCT_DEFINITION_SHAPE('Placement','Placement of an item',
  #2246);
#2246 = NEXT_ASSEMBLY_USAGE_OCCURRENCE('11','','',#5,#31,$);
#2247 = PRODUCT_RELATED_PRODUCT_CATEGORY('part',$,(#33));
#2248 = SHAPE_DEFINITION_REPRESENTATION(#2249,#2255);
#2249 = PRODUCT_DEFINITION_SHAPE('','',#2250);
#2250 = PRODUCT_DEFINITION('design','',#2251,#2254);
#2251 = PRODUCT_DEFINITION_FORMATION('','',#2252);
#2252 = PRODUCT('Open CASCADE STEP translator 7.9 6.2',
  'Open CASCADE STEP translator 7.9 6.2','',(#2253));
#2253 = PRODUCT_CONTEXT('',#2,'mechanical');
#2254 = PRODUCT_DEFINITION_CONTEXT('part definition',#2,'design');
#2255 = ADVANCED_BREP_SHAPE_REPRESENTATION('',(#11,#2256),#8360);
#2256 = MANIFOLD_SOLID_BREP('',#2257);
#2257 = CLOSED_SHELL('',(#2258,#2548,#2662,#4408,#4469,#5224,#5257,#5282
    ,#5289,#5344,#5420,#5469,#5518,#5567,#5616,#5665,#5692,#5768,#5817,
    #5866,#5915,#5964,#6013,#6062,#6111,#6160,#6209,#6258,#6307,#6356,
    #6405,#6454,#6481,#6557,#6607,#6656,#6684,#6688,#6698,#7201,#7208,
    #7305,#7375,#7445,#7515,#7585,#7655,#7725,#7773,#7870,#7940,#8010,
    #8080,#8150,#8220,#8290,#8338,#8349));
#2258 = ADVANCED_FACE('',(#2259),#2275,.F.);
#2259 = FACE_BOUND('',#2260,.F.);
#2260 = EDGE_LOOP('',(#2261,#2356,#2436,#2470));
#2261 = ORIENTED_EDGE('',*,*,#2262,.F.);
#2262 = EDGE_CURVE('',#2263,#2265,#2267,.T.);
#2263 = VERTEX_POINT('',#2264);
#2264 = CARTESIAN_POINT('',(29.999908870832,-3.125,0.));
#2265 = VERTEX_POINT('',#2266);
#2266 = CARTESIAN_POINT('',(31.299587655763,-3.125,4.));
#2267 = SURFACE_CURVE('',#2268,(#2274,#2342),.PCURVE_S1.);
#2268 = B_SPLINE_CURVE_WITH_KNOTS('',4,(#2269,#2270,#2271,#2272,#2273),
  .UNSPECIFIED.,.F.,.F.,(5,5),(0.,1.),.PIECEWISE_BEZIER_KNOTS.);
#2269 = CARTESIAN_POINT('',(29.999908870832,-3.125,0.));
#2270 = CARTESIAN_POINT('',(30.324828567064,-3.125,1.));
#2271 = CARTESIAN_POINT('',(30.649748263297,-3.125,2.));
#2272 = CARTESIAN_POINT('',(30.97466795953,-3.125,3.));
#2273 = CARTESIAN_POINT('',(31.299587655763,-3.125,4.));
#2274 = PCURVE('',#2275,#2334);
#2275 = B_SPLINE_SURFACE_WITH_KNOTS('',3,1,(
    (#2276,#2277)
    ,(#2278,#2279)
    ,(#2280,#2281)
    ,(#2282,#2283)
    ,(#2284,#2285)
    ,(#2286,#2287)
    ,(#2288,#2289)
    ,(#2290,#2291)
    ,(#2292,#2293)
    ,(#2294,#2295)
    ,(#2296,#2297)
    ,(#2298,#2299)
    ,(#2300,#2301)
    ,(#2302,#2303)
    ,(#2304,#2305)
    ,(#2306,#2307)
    ,(#2308,#2309)
    ,(#2310,#2311)
    ,(#2312,#2313)
    ,(#2314,#2315)
    ,(#2316,#2317)
    ,(#2318,#2319)
    ,(#2320,#2321)
    ,(#2322,#2323)
    ,(#2324,#2325)
    ,(#2326,#2327)
    ,(#2328,#2329)
    ,(#2330,#2331)
    ,(#2332,#2333
    )),.UNSPECIFIED.,.T.,.F.,.F.,(1,1,2,1,1,1,1,1,1,1,1,1,1,1,1,1,1,1,1,
    1,1,1,1,1,1,1,1,1,2,1,1),(2,2),(-11.12863082616,-5.192301994299,0.,
    5.192301994299,11.128630826161,17.776938881599,24.45001912988,
    31.413495273302,37.423694937206,45.431347527073,54.799378269977,
    61.156264300103,65.497922969321,69.325454811122,73.816557125699,
    78.820555526978,83.824553928257,88.315656242834,92.143188084635,
    96.484846753853,102.84173278397,112.20976352688,120.21741611674,
    126.22761578065,133.19109192407,139.86417217235,146.51248022779,
    152.44880905965,157.64111105395,162.83341304825,168.76974188011),(0.
    ,1.),.UNSPECIFIED.);
#2276 = CARTESIAN_POINT('',(-28.19467798052,-4.757923115404,0.));
#2277 = CARTESIAN_POINT('',(-26.89499919559,-4.757923115404,4.));
#2278 = CARTESIAN_POINT('',(-27.80532201947,-1.242076884596,0.));
#2279 = CARTESIAN_POINT('',(-26.50564323454,-1.242076884596,4.));
#2280 = CARTESIAN_POINT('',(-26.75646873277,2.336215308645,0.));
#2281 = CARTESIAN_POINT('',(-25.45678994784,2.336215308645,4.));
#2282 = CARTESIAN_POINT('',(-23.41828871055,7.340548207808,0.));
#2283 = CARTESIAN_POINT('',(-22.11860992562,7.340548207808,4.));
#2284 = CARTESIAN_POINT('',(-18.75681809731,11.798094545236,0.));
#2285 = CARTESIAN_POINT('',(-17.45713931238,11.798094545236,4.));
#2286 = CARTESIAN_POINT('',(-12.85133167509,15.317370819243,0.));
#2287 = CARTESIAN_POINT('',(-11.55165289016,15.317370819243,4.));
#2288 = CARTESIAN_POINT('',(-6.314132526844,16.517954476765,0.));
#2289 = CARTESIAN_POINT('',(-5.014453741912,16.517954476765,4.));
#2290 = CARTESIAN_POINT('',(0.64996341515,16.81092651448,0.));
#2291 = CARTESIAN_POINT('',(1.949642200081,16.81092651448,4.));
#2292 = CARTESIAN_POINT('',(8.530413832458,16.837673001601,0.));
#2293 = CARTESIAN_POINT('',(9.83009261739,16.837673001601,4.));
#2294 = CARTESIAN_POINT('',(16.064653825025,14.060161584088,0.));
#2295 = CARTESIAN_POINT('',(17.364332609956,14.060161584088,4.));
#2296 = CARTESIAN_POINT('',(22.361060251736,12.043362644683,0.));
#2297 = CARTESIAN_POINT('',(23.660739036667,12.043362644683,4.));
#2298 = CARTESIAN_POINT('',(26.944413011804,10.041845739911,0.));
#2299 = CARTESIAN_POINT('',(28.244091796736,10.041845739911,4.));
#2300 = CARTESIAN_POINT('',(29.256656930442,6.261815380072,0.));
#2301 = CARTESIAN_POINT('',(30.556335715374,6.261815380072,4.));
#2302 = CARTESIAN_POINT('',(29.908601413114,1.830585886073,0.));
#2303 = CARTESIAN_POINT('',(31.208280198046,1.830585886073,4.));
#2304 = CARTESIAN_POINT('',(30.048167847629,-3.,0.));
#2305 = CARTESIAN_POINT('',(31.34784663256,-3.,4.));
#2306 = CARTESIAN_POINT('',(29.908601340434,-7.830585886073,0.));
#2307 = CARTESIAN_POINT('',(31.208280125366,-7.830585886073,4.));
#2308 = CARTESIAN_POINT('',(29.25665717114,-12.26181538007,0.));
#2309 = CARTESIAN_POINT('',(30.556335956072,-12.26181538007,4.));
#2310 = CARTESIAN_POINT('',(26.944412212012,-16.04184573991,0.));
#2311 = CARTESIAN_POINT('',(28.244090996943,-16.04184573991,4.));
#2312 = CARTESIAN_POINT('',(22.361064394243,-18.04336264468,0.));
#2313 = CARTESIAN_POINT('',(23.660743179175,-18.04336264468,4.));
#2314 = CARTESIAN_POINT('',(16.064625424713,-20.06016158408,0.));
#2315 = CARTESIAN_POINT('',(17.364304209645,-20.06016158408,4.));
#2316 = CARTESIAN_POINT('',(8.5305641273,-22.8376730016,0.));
#2317 = CARTESIAN_POINT('',(9.830242912231,-22.8376730016,4.));
#2318 = CARTESIAN_POINT('',(0.649546473588,-22.81092651448,0.));
#2319 = CARTESIAN_POINT('',(1.94922525852,-22.81092651448,4.));
#2320 = CARTESIAN_POINT('',(-6.312923755102,-22.51795447676,0.));
#2321 = CARTESIAN_POINT('',(-5.013244970171,-22.51795447676,4.));
#2322 = CARTESIAN_POINT('',(-12.85660883347,-21.31737081924,0.));
#2323 = CARTESIAN_POINT('',(-11.55693004854,-21.31737081924,4.));
#2324 = CARTESIAN_POINT('',(-18.73814091818,-17.79809454523,0.));
#2325 = CARTESIAN_POINT('',(-17.43846213325,-17.79809454523,4.));
#2326 = CARTESIAN_POINT('',(-23.48463883032,-13.3405482078,0.));
#2327 = CARTESIAN_POINT('',(-22.18496004539,-13.3405482078,4.));
#2328 = CARTESIAN_POINT('',(-26.54956905411,-8.336215308645,0.));
#2329 = CARTESIAN_POINT('',(-25.24989026918,-8.336215308645,4.));
#2330 = CARTESIAN_POINT('',(-28.19467798052,-4.757923115404,0.));
#2331 = CARTESIAN_POINT('',(-26.89499919559,-4.757923115404,4.));
#2332 = CARTESIAN_POINT('',(-27.80532201947,-1.242076884596,0.));
#2333 = CARTESIAN_POINT('',(-26.50564323454,-1.242076884596,4.));
#2334 = DEFINITIONAL_REPRESENTATION('',(#2335),#2341);
#2335 = B_SPLINE_CURVE_WITH_KNOTS('',4,(#2336,#2337,#2338,#2339,#2340),
  .UNSPECIFIED.,.F.,.F.,(5,5),(0.,1.),.PIECEWISE_BEZIER_KNOTS.);
#2336 = CARTESIAN_POINT('',(78.94561887429,0.));
#2337 = CARTESIAN_POINT('',(78.94561887429,0.25));
#2338 = CARTESIAN_POINT('',(78.94561887429,0.5));
#2339 = CARTESIAN_POINT('',(78.94561887429,0.75));
#2340 = CARTESIAN_POINT('',(78.94561887429,1.));
#2341 = ( GEOMETRIC_REPRESENTATION_CONTEXT(2) 
PARAMETRIC_REPRESENTATION_CONTEXT() REPRESENTATION_CONTEXT('2D SPACE',''
  ) );
#2342 = PCURVE('',#2343,#2348);
#2343 = PLANE('',#2344);
#2344 = AXIS2_PLACEMENT_3D('',#2345,#2346,#2347);
#2345 = CARTESIAN_POINT('',(-100.,-3.125,-100.));
#2346 = DIRECTION('',(0.,1.,0.));
#2347 = DIRECTION('',(0.,0.,1.));
#2348 = DEFINITIONAL_REPRESENTATION('',(#2349),#2355);
#2349 = B_SPLINE_CURVE_WITH_KNOTS('',4,(#2350,#2351,#2352,#2353,#2354),
  .UNSPECIFIED.,.F.,.F.,(5,5),(0.,1.),.PIECEWISE_BEZIER_KNOTS.);
#2350 = CARTESIAN_POINT('',(100.,129.99990887083));
#2351 = CARTESIAN_POINT('',(101.,130.32482856706));
#2352 = CARTESIAN_POINT('',(102.,130.64974826329));
#2353 = CARTESIAN_POINT('',(103.,130.97466795953));
#2354 = CARTESIAN_POINT('',(104.,131.29958765576));
#2355 = ( GEOMETRIC_REPRESENTATION_CONTEXT(2) 
PARAMETRIC_REPRESENTATION_CONTEXT() REPRESENTATION_CONTEXT('2D SPACE',''
  ) );
#2356 = ORIENTED_EDGE('',*,*,#2357,.T.);
#2357 = EDGE_CURVE('',#2263,#2358,#2360,.T.);
#2358 = VERTEX_POINT('',#2359);
#2359 = CARTESIAN_POINT('',(-28.01224588709,-3.125,0.));
#2360 = SURFACE_CURVE('',#2361,(#2391,#2398),.PCURVE_S1.);
#2361 = B_SPLINE_CURVE_WITH_KNOTS('',3,(#2362,#2363,#2364,#2365,#2366,
    #2367,#2368,#2369,#2370,#2371,#2372,#2373,#2374,#2375,#2376,#2377,
    #2378,#2379,#2380,#2381,#2382,#2383,#2384,#2385,#2386,#2387,#2388,
    #2389,#2390),.UNSPECIFIED.,.T.,.F.,(1,1,2,1,1,1,1,1,1,1,1,1,1,1,1,1,
    1,1,1,1,1,1,1,1,1,1,1,1,2,1,1),(-11.12863082616,-5.192301994299,0.,
    5.192301994299,11.128630826161,17.776938881599,24.45001912988,
    31.413495273302,37.423694937206,45.431347527073,54.799378269977,
    61.156264300103,65.497922969321,69.325454811122,73.816557125699,
    78.820555526978,83.824553928257,88.315656242834,92.143188084635,
    96.484846753853,102.84173278397,112.20976352688,120.21741611674,
    126.22761578065,133.19109192407,139.86417217235,146.51248022779,
    152.44880905965,157.64111105395,162.83341304825,168.76974188011),
  .UNSPECIFIED.);
#2362 = CARTESIAN_POINT('',(-28.19467798052,-4.757923115404,0.));
#2363 = CARTESIAN_POINT('',(-27.80532201947,-1.242076884596,0.));
#2364 = CARTESIAN_POINT('',(-26.75646873277,2.336215308645,0.));
#2365 = CARTESIAN_POINT('',(-23.41828871055,7.340548207808,0.));
#2366 = CARTESIAN_POINT('',(-18.75681809731,11.798094545236,0.));
#2367 = CARTESIAN_POINT('',(-12.85133167509,15.317370819243,0.));
#2368 = CARTESIAN_POINT('',(-6.314132526844,16.517954476765,0.));
#2369 = CARTESIAN_POINT('',(0.64996341515,16.81092651448,0.));
#2370 = CARTESIAN_POINT('',(8.530413832458,16.837673001601,0.));
#2371 = CARTESIAN_POINT('',(16.064653825025,14.060161584088,0.));
#2372 = CARTESIAN_POINT('',(22.361060251736,12.043362644683,0.));
#2373 = CARTESIAN_POINT('',(26.944413011804,10.041845739911,0.));
#2374 = CARTESIAN_POINT('',(29.256656930442,6.261815380072,0.));
#2375 = CARTESIAN_POINT('',(29.908601413114,1.830585886073,0.));
#2376 = CARTESIAN_POINT('',(30.048167847629,-3.,0.));
#2377 = CARTESIAN_POINT('',(29.908601340434,-7.830585886073,0.));
#2378 = CARTESIAN_POINT('',(29.25665717114,-12.26181538007,0.));
#2379 = CARTESIAN_POINT('',(26.944412212012,-16.04184573991,0.));
#2380 = CARTESIAN_POINT('',(22.361064394243,-18.04336264468,0.));
#2381 = CARTESIAN_POINT('',(16.064625424713,-20.06016158408,0.));
#2382 = CARTESIAN_POINT('',(8.5305641273,-22.8376730016,0.));
#2383 = CARTESIAN_POINT('',(0.649546473588,-22.81092651448,0.));
#2384 = CARTESIAN_POINT('',(-6.312923755102,-22.51795447676,0.));
#2385 = CARTESIAN_POINT('',(-12.85660883347,-21.31737081924,0.));
#2386 = CARTESIAN_POINT('',(-18.73814091818,-17.79809454523,0.));
#2387 = CARTESIAN_POINT('',(-23.48463883032,-13.3405482078,0.));
#2388 = CARTESIAN_POINT('',(-26.54956905411,-8.336215308645,0.));
#2389 = CARTESIAN_POINT('',(-28.19467798052,-4.757923115404,0.));
#2390 = CARTESIAN_POINT('',(-27.80532201947,-1.242076884596,0.));
#2391 = PCURVE('',#2275,#2392);
#2392 = DEFINITIONAL_REPRESENTATION('',(#2393),#2397);
#2393 = LINE('',#2394,#2395);
#2394 = CARTESIAN_POINT('',(0.,0.));
#2395 = VECTOR('',#2396,1.);
#2396 = DIRECTION('',(1.,0.));
#2397 = ( GEOMETRIC_REPRESENTATION_CONTEXT(2) 
PARAMETRIC_REPRESENTATION_CONTEXT() REPRESENTATION_CONTEXT('2D SPACE',''
  ) );
#2398 = PCURVE('',#2399,#2404);
#2399 = PLANE('',#2400);
#2400 = AXIS2_PLACEMENT_3D('',#2401,#2402,#2403);
#2401 = CARTESIAN_POINT('',(-28.,-3.,0.));
#2402 = DIRECTION('',(-0.,0.,1.));
#2403 = DIRECTION('',(0.994533904972,-0.104414136312,0.));
#2404 = DEFINITIONAL_REPRESENTATION('',(#2405),#2435);
#2405 = B_SPLINE_CURVE_WITH_KNOTS('',3,(#2406,#2407,#2408,#2409,#2410,
    #2411,#2412,#2413,#2414,#2415,#2416,#2417,#2418,#2419,#2420,#2421,
    #2422,#2423,#2424,#2425,#2426,#2427,#2428,#2429,#2430,#2431,#2432,
    #2433,#2434),.UNSPECIFIED.,.F.,.F.,(1,1,2,1,1,1,1,1,1,1,1,1,1,1,1,1,
    1,1,1,1,1,1,1,1,1,1,1,1,2,1,1),(-11.12863082616,-5.192301994299,0.,
    5.192301994299,11.128630826161,17.776938881599,24.45001912988,
    31.413495273302,37.423694937206,45.431347527073,54.799378269977,
    61.156264300103,65.497922969321,69.325454811122,73.816557125699,
    78.820555526978,83.824553928257,88.315656242834,92.143188084635,
    96.484846753853,102.84173278397,112.20976352688,120.21741611674,
    126.22761578065,133.19109192407,139.86417217235,146.51248022779,
    152.44880905965,157.64111105395,162.83341304825,168.76974188011),
  .UNSPECIFIED.);
#2406 = CARTESIAN_POINT('',(-1.006182838394E-02,-1.768641273798));
#2407 = CARTESIAN_POINT('',(1.006182838394E-02,1.768641273798));
#2408 = CARTESIAN_POINT('',(0.679557694519,5.43688929192));
#2409 = CARTESIAN_POINT('',(3.476967810037,10.762421215776));
#2410 = CARTESIAN_POINT('',(7.647527531043,15.682325609354));
#2411 = CARTESIAN_POINT('',(13.153271810702,19.798981449094));
#2412 = CARTESIAN_POINT('',(19.529380101516,21.675578605216));
#2413 = CARTESIAN_POINT('',(26.424819211023,22.694099292906));
#2414 = CARTESIAN_POINT('',(34.259401626133,23.543530005257));
#2415 = CARTESIAN_POINT('',(42.04247020269,21.567881890683));
#2416 = CARTESIAN_POINT('',(48.515042192908,20.219540804845));
#2417 = CARTESIAN_POINT('',(53.282328570166,18.70753120153));
#2418 = CARTESIAN_POINT('',(55.976622149071,15.189593798554));
#2419 = CARTESIAN_POINT('',(57.087686041662,10.850658046142));
#2420 = CARTESIAN_POINT('',(57.730871045956,6.061049310282));
#2421 = CARTESIAN_POINT('',(58.096448875726,1.242295149398));
#2422 = CARTESIAN_POINT('',(57.910751295629,-3.232785010455));
#2423 = CARTESIAN_POINT('',(56.00583389243,-7.233584425486));
#2424 = CARTESIAN_POINT('',(51.656525748306,-9.702727152463));
#2425 = CARTESIAN_POINT('',(45.605086031896,-12.36593931405));
#2426 = CARTESIAN_POINT('',(38.402218085238,-15.9149310935));
#2427 = CARTESIAN_POINT('',(30.561486111589,-16.71122045679));
#2428 = CARTESIAN_POINT('',(23.606482984519,-17.1468301476));
#2429 = CARTESIAN_POINT('',(16.973208404945,-16.63606222019));
#2430 = CARTESIAN_POINT('',(10.756363140935,-13.75013773754));
#2431 = CARTESIAN_POINT('',(5.570379186545,-9.812558251992));
#2432 = CARTESIAN_POINT('',(1.999679065129,-5.155601554182));
#2433 = CARTESIAN_POINT('',(-1.006182838394E-02,-1.768641273798));
#2434 = CARTESIAN_POINT('',(1.006182838394E-02,1.768641273798));
#2435 = ( GEOMETRIC_REPRESENTATION_CONTEXT(2) 
PARAMETRIC_REPRESENTATION_CONTEXT() REPRESENTATION_CONTEXT('2D SPACE',''
  ) );
#2436 = ORIENTED_EDGE('',*,*,#2437,.T.);
#2437 = EDGE_CURVE('',#2358,#2438,#2440,.T.);
#2438 = VERTEX_POINT('',#2439);
#2439 = CARTESIAN_POINT('',(-26.71256710216,-3.125,4.));
#2440 = SURFACE_CURVE('',#2441,(#2447,#2456),.PCURVE_S1.);
#2441 = B_SPLINE_CURVE_WITH_KNOTS('',4,(#2442,#2443,#2444,#2445,#2446),
  .UNSPECIFIED.,.F.,.F.,(5,5),(0.,1.),.PIECEWISE_BEZIER_KNOTS.);
#2442 = CARTESIAN_POINT('',(-28.01224588709,-3.125,0.));
#2443 = CARTESIAN_POINT('',(-27.68732619086,-3.125,1.));
#2444 = CARTESIAN_POINT('',(-27.36240649463,-3.125,2.));
#2445 = CARTESIAN_POINT('',(-27.03748679839,-3.125,3.));
#2446 = CARTESIAN_POINT('',(-26.71256710216,-3.125,4.));
#2447 = PCURVE('',#2275,#2448);
#2448 = DEFINITIONAL_REPRESENTATION('',(#2449),#2455);
#2449 = B_SPLINE_CURVE_WITH_KNOTS('',4,(#2450,#2451,#2452,#2453,#2454),
  .UNSPECIFIED.,.F.,.F.,(5,5),(0.,1.),.PIECEWISE_BEZIER_KNOTS.);
#2450 = CARTESIAN_POINT('',(157.51789487003,0.));
#2451 = CARTESIAN_POINT('',(157.51789487003,0.25));
#2452 = CARTESIAN_POINT('',(157.51789487003,0.5));
#2453 = CARTESIAN_POINT('',(157.51789487003,0.75));
#2454 = CARTESIAN_POINT('',(157.51789487003,1.));
#2455 = ( GEOMETRIC_REPRESENTATION_CONTEXT(2) 
PARAMETRIC_REPRESENTATION_CONTEXT() REPRESENTATION_CONTEXT('2D SPACE',''
  ) );
#2456 = PCURVE('',#2457,#2462);
#2457 = PLANE('',#2458);
#2458 = AXIS2_PLACEMENT_3D('',#2459,#2460,#2461);
#2459 = CARTESIAN_POINT('',(-100.,-3.125,-100.));
#2460 = DIRECTION('',(0.,1.,0.));
#2461 = DIRECTION('',(0.,0.,1.));
#2462 = DEFINITIONAL_REPRESENTATION('',(#2463),#2469);
#2463 = B_SPLINE_CURVE_WITH_KNOTS('',4,(#2464,#2465,#2466,#2467,#2468),
  .UNSPECIFIED.,.F.,.F.,(5,5),(0.,1.),.PIECEWISE_BEZIER_KNOTS.);
#2464 = CARTESIAN_POINT('',(100.,71.987754112903));
#2465 = CARTESIAN_POINT('',(101.,72.312673809136));
#2466 = CARTESIAN_POINT('',(102.,72.637593505369));
#2467 = CARTESIAN_POINT('',(103.,72.962513201601));
#2468 = CARTESIAN_POINT('',(104.,73.287432897834));
#2469 = ( GEOMETRIC_REPRESENTATION_CONTEXT(2) 
PARAMETRIC_REPRESENTATION_CONTEXT() REPRESENTATION_CONTEXT('2D SPACE',''
  ) );
#2470 = ORIENTED_EDGE('',*,*,#2471,.F.);
#2471 = EDGE_CURVE('',#2265,#2438,#2472,.T.);
#2472 = SURFACE_CURVE('',#2473,(#2503,#2510),.PCURVE_S1.);
#2473 = B_SPLINE_CURVE_WITH_KNOTS('',3,(#2474,#2475,#2476,#2477,#2478,
    #2479,#2480,#2481,#2482,#2483,#2484,#2485,#2486,#2487,#2488,#2489,
    #2490,#2491,#2492,#2493,#2494,#2495,#2496,#2497,#2498,#2499,#2500,
    #2501,#2502),.UNSPECIFIED.,.T.,.F.,(1,1,2,1,1,1,1,1,1,1,1,1,1,1,1,1,
    1,1,1,1,1,1,1,1,1,1,1,1,2,1,1),(-11.12863082616,-5.192301994299,0.,
    5.192301994299,11.128630826161,17.776938881599,24.45001912988,
    31.413495273302,37.423694937206,45.431347527073,54.799378269977,
    61.156264300103,65.497922969321,69.325454811122,73.816557125699,
    78.820555526978,83.824553928257,88.315656242834,92.143188084635,
    96.484846753853,102.84173278397,112.20976352688,120.21741611674,
    126.22761578065,133.19109192407,139.86417217235,146.51248022779,
    152.44880905965,157.64111105395,162.83341304825,168.76974188011),
  .UNSPECIFIED.);
#2474 = CARTESIAN_POINT('',(-26.89499919559,-4.757923115404,4.));
#2475 = CARTESIAN_POINT('',(-26.50564323454,-1.242076884596,4.));
#2476 = CARTESIAN_POINT('',(-25.45678994784,2.336215308645,4.));
#2477 = CARTESIAN_POINT('',(-22.11860992562,7.340548207808,4.));
#2478 = CARTESIAN_POINT('',(-17.45713931238,11.798094545236,4.));
#2479 = CARTESIAN_POINT('',(-11.55165289016,15.317370819243,4.));
#2480 = CARTESIAN_POINT('',(-5.014453741912,16.517954476765,4.));
#2481 = CARTESIAN_POINT('',(1.949642200081,16.81092651448,4.));
#2482 = CARTESIAN_POINT('',(9.83009261739,16.837673001601,4.));
#2483 = CARTESIAN_POINT('',(17.364332609956,14.060161584088,4.));
#2484 = CARTESIAN_POINT('',(23.660739036667,12.043362644683,4.));
#2485 = CARTESIAN_POINT('',(28.244091796736,10.041845739911,4.));
#2486 = CARTESIAN_POINT('',(30.556335715374,6.261815380072,4.));
#2487 = CARTESIAN_POINT('',(31.208280198046,1.830585886073,4.));
#2488 = CARTESIAN_POINT('',(31.34784663256,-3.,4.));
#2489 = CARTESIAN_POINT('',(31.208280125366,-7.830585886073,4.));
#2490 = CARTESIAN_POINT('',(30.556335956072,-12.26181538007,4.));
#2491 = CARTESIAN_POINT('',(28.244090996943,-16.04184573991,4.));
#2492 = CARTESIAN_POINT('',(23.660743179175,-18.04336264468,4.));
#2493 = CARTESIAN_POINT('',(17.364304209645,-20.06016158408,4.));
#2494 = CARTESIAN_POINT('',(9.830242912231,-22.8376730016,4.));
#2495 = CARTESIAN_POINT('',(1.94922525852,-22.81092651448,4.));
#2496 = CARTESIAN_POINT('',(-5.013244970171,-22.51795447676,4.));
#2497 = CARTESIAN_POINT('',(-11.55693004854,-21.31737081924,4.));
#2498 = CARTESIAN_POINT('',(-17.43846213325,-17.79809454523,4.));
#2499 = CARTESIAN_POINT('',(-22.18496004539,-13.3405482078,4.));
#2500 = CARTESIAN_POINT('',(-25.24989026918,-8.336215308645,4.));
#2501 = CARTESIAN_POINT('',(-26.89499919559,-4.757923115404,4.));
#2502 = CARTESIAN_POINT('',(-26.50564323454,-1.242076884596,4.));
#2503 = PCURVE('',#2275,#2504);
#2504 = DEFINITIONAL_REPRESENTATION('',(#2505),#2509);
#2505 = LINE('',#2506,#2507);
#2506 = CARTESIAN_POINT('',(0.,1.));
#2507 = VECTOR('',#2508,1.);
#2508 = DIRECTION('',(1.,0.));
#2509 = ( GEOMETRIC_REPRESENTATION_CONTEXT(2) 
PARAMETRIC_REPRESENTATION_CONTEXT() REPRESENTATION_CONTEXT('2D SPACE',''
  ) );
#2510 = PCURVE('',#2511,#2516);
#2511 = PLANE('',#2512);
#2512 = AXIS2_PLACEMENT_3D('',#2513,#2514,#2515);
#2513 = CARTESIAN_POINT('',(-26.70032121506,-3.,4.));
#2514 = DIRECTION('',(-2.011080212013E-18,-1.915533209503E-17,1.));
#2515 = DIRECTION('',(0.994533904972,-0.104414136312,3.851859888774E-34)
  );
#2516 = DEFINITIONAL_REPRESENTATION('',(#2517),#2547);
#2517 = B_SPLINE_CURVE_WITH_KNOTS('',3,(#2518,#2519,#2520,#2521,#2522,
    #2523,#2524,#2525,#2526,#2527,#2528,#2529,#2530,#2531,#2532,#2533,
    #2534,#2535,#2536,#2537,#2538,#2539,#2540,#2541,#2542,#2543,#2544,
    #2545,#2546),.UNSPECIFIED.,.F.,.F.,(1,1,2,1,1,1,1,1,1,1,1,1,1,1,1,1,
    1,1,1,1,1,1,1,1,1,1,1,1,2,1,1),(-11.12863082616,-5.192301994299,0.,
    5.192301994299,11.128630826161,17.776938881599,24.45001912988,
    31.413495273302,37.423694937206,45.431347527073,54.799378269977,
    61.156264300103,65.497922969321,69.325454811122,73.816557125699,
    78.820555526978,83.824553928257,88.315656242834,92.143188084635,
    96.484846753853,102.84173278397,112.20976352688,120.21741611674,
    126.22761578065,133.19109192407,139.86417217235,146.51248022779,
    152.44880905965,157.64111105395,162.83341304825,168.76974188011),
  .UNSPECIFIED.);
#2518 = CARTESIAN_POINT('',(-1.006182838394E-02,-1.768641273798));
#2519 = CARTESIAN_POINT('',(1.006182838394E-02,1.768641273798));
#2520 = CARTESIAN_POINT('',(0.679557694519,5.43688929192));
#2521 = CARTESIAN_POINT('',(3.476967810037,10.762421215776));
#2522 = CARTESIAN_POINT('',(7.647527531043,15.682325609354));
#2523 = CARTESIAN_POINT('',(13.153271810702,19.798981449094));
#2524 = CARTESIAN_POINT('',(19.529380101516,21.675578605216));
#2525 = CARTESIAN_POINT('',(26.424819211023,22.694099292906));
#2526 = CARTESIAN_POINT('',(34.259401626133,23.543530005257));
#2527 = CARTESIAN_POINT('',(42.04247020269,21.567881890683));
#2528 = CARTESIAN_POINT('',(48.515042192908,20.219540804845));
#2529 = CARTESIAN_POINT('',(53.282328570166,18.70753120153));
#2530 = CARTESIAN_POINT('',(55.976622149071,15.189593798554));
#2531 = CARTESIAN_POINT('',(57.087686041662,10.850658046142));
#2532 = CARTESIAN_POINT('',(57.730871045956,6.061049310282));
#2533 = CARTESIAN_POINT('',(58.096448875726,1.242295149398));
#2534 = CARTESIAN_POINT('',(57.910751295629,-3.232785010455));
#2535 = CARTESIAN_POINT('',(56.00583389243,-7.233584425486));
#2536 = CARTESIAN_POINT('',(51.656525748306,-9.702727152463));
#2537 = CARTESIAN_POINT('',(45.605086031896,-12.36593931405));
#2538 = CARTESIAN_POINT('',(38.402218085238,-15.9149310935));
#2539 = CARTESIAN_POINT('',(30.561486111589,-16.71122045679));
#2540 = CARTESIAN_POINT('',(23.606482984519,-17.1468301476));
#2541 = CARTESIAN_POINT('',(16.973208404945,-16.63606222019));
#2542 = CARTESIAN_POINT('',(10.756363140935,-13.75013773754));
#2543 = CARTESIAN_POINT('',(5.570379186545,-9.812558251992));
#2544 = CARTESIAN_POINT('',(1.999679065129,-5.155601554182));
#2545 = CARTESIAN_POINT('',(-1.006182838394E-02,-1.768641273798));
#2546 = CARTESIAN_POINT('',(1.006182838394E-02,1.768641273798));
#2547 = ( GEOMETRIC_REPRESENTATION_CONTEXT(2) 
PARAMETRIC_REPRESENTATION_CONTEXT() REPRESENTATION_CONTEXT('2D SPACE',''
  ) );
#2548 = ADVANCED_FACE('',(#2549),#2343,.T.);
#2549 = FACE_BOUND('',#2550,.T.);
#2550 = EDGE_LOOP('',(#2551,#2552,#2575,#2641));
#2551 = ORIENTED_EDGE('',*,*,#2262,.F.);
#2552 = ORIENTED_EDGE('',*,*,#2553,.T.);
#2553 = EDGE_CURVE('',#2263,#2554,#2556,.T.);
#2554 = VERTEX_POINT('',#2555);
#2555 = CARTESIAN_POINT('',(14.449459332498,-3.125,0.));
#2556 = SURFACE_CURVE('',#2557,(#2561,#2568),.PCURVE_S1.);
#2557 = LINE('',#2558,#2559);
#2558 = CARTESIAN_POINT('',(-64.,-3.125,0.));
#2559 = VECTOR('',#2560,1.);
#2560 = DIRECTION('',(-1.,0.,-0.));
#2561 = PCURVE('',#2343,#2562);
#2562 = DEFINITIONAL_REPRESENTATION('',(#2563),#2567);
#2563 = LINE('',#2564,#2565);
#2564 = CARTESIAN_POINT('',(100.,36.));
#2565 = VECTOR('',#2566,1.);
#2566 = DIRECTION('',(0.,-1.));
#2567 = ( GEOMETRIC_REPRESENTATION_CONTEXT(2) 
PARAMETRIC_REPRESENTATION_CONTEXT() REPRESENTATION_CONTEXT('2D SPACE',''
  ) );
#2568 = PCURVE('',#2399,#2569);
#2569 = DEFINITIONAL_REPRESENTATION('',(#2570),#2574);
#2570 = LINE('',#2571,#2572);
#2571 = CARTESIAN_POINT('',(-35.79016881194,-3.88322564534));
#2572 = VECTOR('',#2573,1.);
#2573 = DIRECTION('',(-0.994533904972,-0.104414136312));
#2574 = ( GEOMETRIC_REPRESENTATION_CONTEXT(2) 
PARAMETRIC_REPRESENTATION_CONTEXT() REPRESENTATION_CONTEXT('2D SPACE',''
  ) );
#2575 = ORIENTED_EDGE('',*,*,#2576,.T.);
#2576 = EDGE_CURVE('',#2554,#2577,#2579,.T.);
#2577 = VERTEX_POINT('',#2578);
#2578 = CARTESIAN_POINT('',(15.74913811743,-3.125,4.));
#2579 = SURFACE_CURVE('',#2580,(#2588,#2599),.PCURVE_S1.);
#2580 = B_SPLINE_CURVE_WITH_KNOTS('',3,(#2581,#2582,#2583,#2584,#2585,
    #2586,#2587),.UNSPECIFIED.,.F.,.F.,(4,1,1,1,4),(0.,0.3,0.6,0.88,1.),
  .UNSPECIFIED.);
#2581 = CARTESIAN_POINT('',(14.449459332498,-3.125,0.));
#2582 = CARTESIAN_POINT('',(14.579427210991,-3.125,0.4));
#2583 = CARTESIAN_POINT('',(14.839362967978,-3.125,1.2));
#2584 = CARTESIAN_POINT('',(15.220602078224,-3.125,2.373333333333));
#2585 = CARTESIAN_POINT('',(15.523860461375,-3.125,3.306666666667));
#2586 = CARTESIAN_POINT('',(15.697150966033,-3.125,3.84));
#2587 = CARTESIAN_POINT('',(15.74913811743,-3.125,4.));
#2588 = PCURVE('',#2343,#2589);
#2589 = DEFINITIONAL_REPRESENTATION('',(#2590),#2598);
#2590 = B_SPLINE_CURVE_WITH_KNOTS('',3,(#2591,#2592,#2593,#2594,#2595,
    #2596,#2597),.UNSPECIFIED.,.F.,.F.,(4,1,1,1,4),(0.,0.3,0.6,0.88,1.),
  .UNSPECIFIED.);
#2591 = CARTESIAN_POINT('',(100.,114.44945933249));
#2592 = CARTESIAN_POINT('',(100.4,114.57942721099));
#2593 = CARTESIAN_POINT('',(101.2,114.83936296797));
#2594 = CARTESIAN_POINT('',(102.37333333333,115.22060207822));
#2595 = CARTESIAN_POINT('',(103.30666666666,115.52386046137));
#2596 = CARTESIAN_POINT('',(103.84,115.69715096603));
#2597 = CARTESIAN_POINT('',(104.,115.74913811743));
#2598 = ( GEOMETRIC_REPRESENTATION_CONTEXT(2) 
PARAMETRIC_REPRESENTATION_CONTEXT() REPRESENTATION_CONTEXT('2D SPACE',''
  ) );
#2599 = PCURVE('',#2600,#2631);
#2600 = B_SPLINE_SURFACE_WITH_KNOTS('',14,1,(
    (#2601,#2602)
    ,(#2603,#2604)
    ,(#2605,#2606)
    ,(#2607,#2608)
    ,(#2609,#2610)
    ,(#2611,#2612)
    ,(#2613,#2614)
    ,(#2615,#2616)
    ,(#2617,#2618)
    ,(#2619,#2620)
    ,(#2621,#2622)
    ,(#2623,#2624)
    ,(#2625,#2626)
    ,(#2627,#2628)
    ,(#2629,#2630
    )),.UNSPECIFIED.,.T.,.F.,.F.,(15,15),(2,2),(0.,6.28318530718),(0.,1.
    ),.PIECEWISE_BEZIER_KNOTS.);
#2601 = CARTESIAN_POINT('',(7.951606075342,-3.,-20.));
#2602 = CARTESIAN_POINT('',(33.945181773974,-3.,60.));
#2603 = CARTESIAN_POINT('',(7.951606075346,3.485144834915,-20.));
#2604 = CARTESIAN_POINT('',(33.945181773976,3.485144834915,
    60.000000000007));
#2605 = CARTESIAN_POINT('',(4.817193555993,9.970292063633,-20.));
#2606 = CARTESIAN_POINT('',(30.810769254637,9.970292063633,
    59.999999999972));
#2607 = CARTESIAN_POINT('',(-1.451635489662,14.81423955799,
    -19.99999999998));
#2608 = CARTESIAN_POINT('',(24.541940208931,14.81423955799,
    60.000000000059));
#2609 = CARTESIAN_POINT('',(-9.917417307697,16.375970259668,
    -20.00000000004));
#2610 = CARTESIAN_POINT('',(16.076158391038,16.375970259668,
    59.999999999926));
#2611 = CARTESIAN_POINT('',(-18.70540221737,13.602715641629,
    -19.99999999991));
#2612 = CARTESIAN_POINT('',(7.288173481058,13.602715641629,
    60.00000000004));
#2613 = CARTESIAN_POINT('',(-25.41404651377,6.622041794024,
    -20.00000000014));
#2614 = CARTESIAN_POINT('',(0.579529185161,6.622041794024,
    60.000000000049));
#2615 = CARTESIAN_POINT('',(-27.93971722409,-2.999999999754,
    -19.99999999983));
#2616 = CARTESIAN_POINT('',(-1.946141525826,-2.999999999754,
    59.999999999848));
#2617 = CARTESIAN_POINT('',(-25.41404651378,-12.62204179447,
    -20.00000000016));
#2618 = CARTESIAN_POINT('',(0.579529185207,-12.62204179447,
    60.000000000211));
#2619 = CARTESIAN_POINT('',(-18.70540221736,-19.60271564128,
    -19.99999999987));
#2620 = CARTESIAN_POINT('',(7.288173480989,-19.60271564128,59.9999999998
    ));
#2621 = CARTESIAN_POINT('',(-9.917417307708,-22.37597025988,
    -20.00000000007));
#2622 = CARTESIAN_POINT('',(16.076158391099,-22.37597025988,
    60.000000000142));
#2623 = CARTESIAN_POINT('',(-1.451635489655,-20.81423955788,
    -19.99999999996));
#2624 = CARTESIAN_POINT('',(24.541940208893,-20.81423955788,
    59.999999999925));
#2625 = CARTESIAN_POINT('',(4.81719355599,-15.97029206367,
    -20.00000000001));
#2626 = CARTESIAN_POINT('',(30.810769254653,-15.97029206367,
    60.000000000028));
#2627 = CARTESIAN_POINT('',(7.951606075347,-9.485144834907,
    -19.99999999999));
#2628 = CARTESIAN_POINT('',(33.945181773973,-9.485144834907,
    59.999999999994));
#2629 = CARTESIAN_POINT('',(7.951606075342,-3.,-20.));
#2630 = CARTESIAN_POINT('',(33.945181773974,-3.,60.));
#2631 = DEFINITIONAL_REPRESENTATION('',(#2632),#2640);
#2632 = B_SPLINE_CURVE_WITH_KNOTS('',3,(#2633,#2634,#2635,#2636,#2637,
    #2638,#2639),.UNSPECIFIED.,.F.,.F.,(4,1,1,1,4),(0.,0.3,0.6,0.88,1.),
  .UNSPECIFIED.);
#2633 = CARTESIAN_POINT('',(6.274534680283,0.25));
#2634 = CARTESIAN_POINT('',(6.274534680283,0.255));
#2635 = CARTESIAN_POINT('',(6.274534680283,0.265));
#2636 = CARTESIAN_POINT('',(6.274534680283,0.279666666667));
#2637 = CARTESIAN_POINT('',(6.274534680283,0.291333333333));
#2638 = CARTESIAN_POINT('',(6.274534680283,0.298));
#2639 = CARTESIAN_POINT('',(6.274534680283,0.3));
#2640 = ( GEOMETRIC_REPRESENTATION_CONTEXT(2) 
PARAMETRIC_REPRESENTATION_CONTEXT() REPRESENTATION_CONTEXT('2D SPACE',''
  ) );
#2641 = ORIENTED_EDGE('',*,*,#2642,.F.);
#2642 = EDGE_CURVE('',#2265,#2577,#2643,.T.);
#2643 = SURFACE_CURVE('',#2644,(#2648,#2655),.PCURVE_S1.);
#2644 = LINE('',#2645,#2646);
#2645 = CARTESIAN_POINT('',(-63.35016060753,-3.125,4.));
#2646 = VECTOR('',#2647,1.);
#2647 = DIRECTION('',(-1.,0.,-2.011080212013E-18));
#2648 = PCURVE('',#2343,#2649);
#2649 = DEFINITIONAL_REPRESENTATION('',(#2650),#2654);
#2650 = LINE('',#2651,#2652);
#2651 = CARTESIAN_POINT('',(104.,36.649839392466));
#2652 = VECTOR('',#2653,1.);
#2653 = DIRECTION('',(-2.011080212013E-18,-1.));
#2654 = ( GEOMETRIC_REPRESENTATION_CONTEXT(2) 
PARAMETRIC_REPRESENTATION_CONTEXT() REPRESENTATION_CONTEXT('2D SPACE',''
  ) );
#2655 = PCURVE('',#2511,#2656);
#2656 = DEFINITIONAL_REPRESENTATION('',(#2657),#2661);
#2657 = LINE('',#2658,#2659);
#2658 = CARTESIAN_POINT('',(-36.43645612053,-3.951078064246));
#2659 = VECTOR('',#2660,1.);
#2660 = DIRECTION('',(-0.994533904972,-0.104414136312));
#2661 = ( GEOMETRIC_REPRESENTATION_CONTEXT(2) 
PARAMETRIC_REPRESENTATION_CONTEXT() REPRESENTATION_CONTEXT('2D SPACE',''
  ) );
#2662 = ADVANCED_FACE('',(#2663,#3355,#3390,#3662),#2511,.T.);
#2663 = FACE_BOUND('',#2664,.T.);
#2664 = EDGE_LOOP('',(#2665,#2666,#2667,#2747,#2775,#3334));
#2665 = ORIENTED_EDGE('',*,*,#2471,.F.);
#2666 = ORIENTED_EDGE('',*,*,#2642,.T.);
#2667 = ORIENTED_EDGE('',*,*,#2668,.T.);
#2668 = EDGE_CURVE('',#2577,#2669,#2671,.T.);
#2669 = VERTEX_POINT('',#2670);
#2670 = CARTESIAN_POINT('',(-9.200321215068,-12.92736119146,4.));
#2671 = SURFACE_CURVE('',#2672,(#2695,#2721),.PCURVE_S1.);
#2672 = B_SPLINE_CURVE_WITH_KNOTS('',6,(#2673,#2674,#2675,#2676,#2677,
    #2678,#2679,#2680,#2681,#2682,#2683,#2684,#2685,#2686,#2687,#2688,
    #2689,#2690,#2691,#2692,#2693,#2694),.UNSPECIFIED.,.F.,.F.,(7,5,5,5,
    7),(0.,0.250999673206,0.500999675762,0.750999677259,1.),
  .UNSPECIFIED.);
#2673 = CARTESIAN_POINT('',(15.749678784932,-3.,4.));
#2674 = CARTESIAN_POINT('',(15.749678784932,-4.441120384383,4.));
#2675 = CARTESIAN_POINT('',(15.57720717999,-5.882686721195,4.));
#2676 = CARTESIAN_POINT('',(15.232077516696,-7.297887028741,4.));
#2677 = CARTESIAN_POINT('',(14.719970646642,-8.661577977503,4.));
#2678 = CARTESIAN_POINT('',(14.050357609785,-9.949785386604,4.));
#2679 = CARTESIAN_POINT('',(12.429869889871,-12.32639605977,4.));
#2680 = CARTESIAN_POINT('',(11.47963052352,-13.41630142877,4.));
#2681 = CARTESIAN_POINT('',(10.402548725599,-14.38819319592,4.));
#2682 = CARTESIAN_POINT('',(9.217240072715,-15.22468719066,4.));
#2683 = CARTESIAN_POINT('',(7.944762868339,-15.91145522544,4.));
#2684 = CARTESIAN_POINT('',(5.274868454018,-16.966412745,4.));
#2685 = CARTESIAN_POINT('',(3.876638029383,-17.33492355756,4.));
#2686 = CARTESIAN_POINT('',(2.439689059983,-17.53456433898,4.));
#2687 = CARTESIAN_POINT('',(0.989186156937,-17.56139919023,4.));
#2688 = CARTESIAN_POINT('',(-0.449400155128,-17.41539247581,4.));
#2689 = CARTESIAN_POINT('',(-3.245521728572,-16.79084935489,4.));
#2690 = CARTESIAN_POINT('',(-4.604199656146,-16.31345703539,4.));
#2691 = CARTESIAN_POINT('',(-5.900725581319,-15.67584736201,4.));
#2692 = CARTESIAN_POINT('',(-7.11232856376,-14.88873632529,4.));
#2693 = CARTESIAN_POINT('',(-8.218143494988,-13.96619501117,4.));
#2694 = CARTESIAN_POINT('',(-9.200327172893,-12.92735488996,4.));
#2695 = PCURVE('',#2511,#2696);
#2696 = DEFINITIONAL_REPRESENTATION('',(#2697),#2720);
#2697 = B_SPLINE_CURVE_WITH_KNOTS('',6,(#2698,#2699,#2700,#2701,#2702,
    #2703,#2704,#2705,#2706,#2707,#2708,#2709,#2710,#2711,#2712,#2713,
    #2714,#2715,#2716,#2717,#2718,#2719),.UNSPECIFIED.,.F.,.F.,(7,5,5,5,
    7),(0.,0.250999673206,0.500999675762,0.750999677259,1.),
  .UNSPECIFIED.);
#2698 = CARTESIAN_POINT('',(42.217964266049,4.432380086429));
#2699 = CARTESIAN_POINT('',(42.368437606306,2.999137003014));
#2700 = CARTESIAN_POINT('',(42.347428651541,1.54744193112));
#2701 = CARTESIAN_POINT('',(42.151952417604,0.103940827231));
#2702 = CARTESIAN_POINT('',(41.785033384977,-1.305767253752));
#2703 = CARTESIAN_POINT('',(41.253587580624,-2.656850265645));
#2704 = CARTESIAN_POINT('',(39.890109351367,-5.189671984713));
#2705 = CARTESIAN_POINT('',(39.058865611457,-6.372838250117));
#2706 = CARTESIAN_POINT('',(38.089150484452,-7.45188013018));
#2707 = CARTESIAN_POINT('',(36.997662639294,-8.407564748508));
#2708 = CARTESIAN_POINT('',(35.803849207436,-9.223443452218));
#2709 = CARTESIAN_POINT('',(33.25870116795,-10.55140919304));
#2710 = CARTESIAN_POINT('',(31.906591341902,-11.06390071263));
#2711 = CARTESIAN_POINT('',(30.498342191883,-11.41248802412));
#2712 = CARTESIAN_POINT('',(29.058569813361,-11.59062920137));
#2713 = CARTESIAN_POINT('',(27.612601785801,-11.5956293208));
#2714 = CARTESIAN_POINT('',(24.766552948029,-11.26645463105));
#2715 = CARTESIAN_POINT('',(23.365455176397,-10.93353696566));
#2716 = CARTESIAN_POINT('',(22.009440721789,-10.43478816204));
#2717 = CARTESIAN_POINT('',(20.722274957305,-9.778488028006));
#2718 = CARTESIAN_POINT('',(19.52617816105,-8.976452123349));
#2719 = CARTESIAN_POINT('',(18.440893598442,-8.045844261388));
#2720 = ( GEOMETRIC_REPRESENTATION_CONTEXT(2) 
PARAMETRIC_REPRESENTATION_CONTEXT() REPRESENTATION_CONTEXT('2D SPACE',''
  ) );
#2721 = PCURVE('',#2600,#2722);
#2722 = DEFINITIONAL_REPRESENTATION('',(#2723),#2746);
#2723 = B_SPLINE_CURVE_WITH_KNOTS('',6,(#2724,#2725,#2726,#2727,#2728,
    #2729,#2730,#2731,#2732,#2733,#2734,#2735,#2736,#2737,#2738,#2739,
    #2740,#2741,#2742,#2743,#2744,#2745),.UNSPECIFIED.,.F.,.F.,(7,5,5,5,
    7),(0.,0.250999673206,0.500999675762,0.750999677259,1.),
  .UNSPECIFIED.);
#2724 = CARTESIAN_POINT('',(6.28318530718,0.3));
#2725 = CARTESIAN_POINT('',(6.183453792689,0.3));
#2726 = CARTESIAN_POINT('',(6.083692072071,0.3));
#2727 = CARTESIAN_POINT('',(5.983965612631,0.3));
#2728 = CARTESIAN_POINT('',(5.884239159821,0.3));
#2729 = CARTESIAN_POINT('',(5.784477429908,0.3));
#2730 = CARTESIAN_POINT('',(5.585411608386,0.3));
#2731 = CARTESIAN_POINT('',(5.486047675011,0.3));
#2732 = CARTESIAN_POINT('',(5.386718332013,0.3));
#2733 = CARTESIAN_POINT('',(5.287388988198,0.3));
#2734 = CARTESIAN_POINT('',(5.188025053587,0.3));
#2735 = CARTESIAN_POINT('',(4.9893564377,0.3));
#2736 = CARTESIAN_POINT('',(4.889992503718,0.3));
#2737 = CARTESIAN_POINT('',(4.790663160078,0.3));
#2738 = CARTESIAN_POINT('',(4.691333816499,0.3));
#2739 = CARTESIAN_POINT('',(4.591969882621,0.3));
#2740 = CARTESIAN_POINT('',(4.393698476767,0.3));
#2741 = CARTESIAN_POINT('',(4.2947323307,0.3));
#2742 = CARTESIAN_POINT('',(4.195800099209,0.3));
#2743 = CARTESIAN_POINT('',(4.096867867976,0.3));
#2744 = CARTESIAN_POINT('',(3.997901722504,0.3));
#2745 = CARTESIAN_POINT('',(3.898964625051,0.3));
#2746 = ( GEOMETRIC_REPRESENTATION_CONTEXT(2) 
PARAMETRIC_REPRESENTATION_CONTEXT() REPRESENTATION_CONTEXT('2D SPACE',''
  ) );
#2747 = ORIENTED_EDGE('',*,*,#2748,.F.);
#2748 = EDGE_CURVE('',#2749,#2669,#2751,.T.);
#2749 = VERTEX_POINT('',#2750);
#2750 = CARTESIAN_POINT('',(-9.200321215068,-13.1,4.));
#2751 = SURFACE_CURVE('',#2752,(#2756,#2763),.PCURVE_S1.);
#2752 = LINE('',#2753,#2754);
#2753 = CARTESIAN_POINT('',(-9.200321215068,-8.05,4.));
#2754 = VECTOR('',#2755,1.);
#2755 = DIRECTION('',(6.223944685557E-18,1.,1.915533209503E-17));
#2756 = PCURVE('',#2511,#2757);
#2757 = DEFINITIONAL_REPRESENTATION('',(#2758),#2762);
#2758 = LINE('',#2759,#2760);
#2759 = CARTESIAN_POINT('',(17.931634725379,-3.195148834654));
#2760 = VECTOR('',#2761,1.);
#2761 = DIRECTION('',(-0.104414136312,0.994533904972));
#2762 = ( GEOMETRIC_REPRESENTATION_CONTEXT(2) 
PARAMETRIC_REPRESENTATION_CONTEXT() REPRESENTATION_CONTEXT('2D SPACE',''
  ) );
#2763 = PCURVE('',#2764,#2769);
#2764 = PLANE('',#2765);
#2765 = AXIS2_PLACEMENT_3D('',#2766,#2767,#2768);
#2766 = CARTESIAN_POINT('',(8.995181773974,-13.1,60.));
#2767 = DIRECTION('',(0.951056516295,0.,-0.309016994375));
#2768 = DIRECTION('',(0.,1.,0.));
#2769 = DEFINITIONAL_REPRESENTATION('',(#2770),#2774);
#2770 = LINE('',#2771,#2772);
#2771 = CARTESIAN_POINT('',(5.05,-58.88188455734));
#2772 = VECTOR('',#2773,1.);
#2773 = DIRECTION('',(1.,2.014110809066E-17));
#2774 = ( GEOMETRIC_REPRESENTATION_CONTEXT(2) 
PARAMETRIC_REPRESENTATION_CONTEXT() REPRESENTATION_CONTEXT('2D SPACE',''
  ) );
#2775 = ORIENTED_EDGE('',*,*,#2776,.T.);
#2776 = EDGE_CURVE('',#2749,#2777,#2779,.T.);
#2777 = VERTEX_POINT('',#2778);
#2778 = CARTESIAN_POINT('',(-19.90032143972,-3.125,4.));
#2779 = SURFACE_CURVE('',#2780,(#2951,#3125),.PCURVE_S1.);
#2780 = B_SPLINE_CURVE_WITH_KNOTS('',8,(#2781,#2782,#2783,#2784,#2785,
    #2786,#2787,#2788,#2789,#2790,#2791,#2792,#2793,#2794,#2795,#2796,
    #2797,#2798,#2799,#2800,#2801,#2802,#2803,#2804,#2805,#2806,#2807,
    #2808,#2809,#2810,#2811,#2812,#2813,#2814,#2815,#2816,#2817,#2818,
    #2819,#2820,#2821,#2822,#2823,#2824,#2825,#2826,#2827,#2828,#2829,
    #2830,#2831,#2832,#2833,#2834,#2835,#2836,#2837,#2838,#2839,#2840,
    #2841,#2842,#2843,#2844,#2845,#2846,#2847,#2848,#2849,#2850,#2851,
    #2852,#2853,#2854,#2855,#2856,#2857,#2858,#2859,#2860,#2861,#2862,
    #2863,#2864,#2865,#2866,#2867,#2868,#2869,#2870,#2871,#2872,#2873,
    #2874,#2875,#2876,#2877,#2878,#2879,#2880,#2881,#2882,#2883,#2884,
    #2885,#2886,#2887,#2888,#2889,#2890,#2891,#2892,#2893,#2894,#2895,
    #2896,#2897,#2898,#2899,#2900,#2901,#2902,#2903,#2904,#2905,#2906,
    #2907,#2908,#2909,#2910,#2911,#2912,#2913,#2914,#2915,#2916,#2917,
    #2918,#2919,#2920,#2921,#2922,#2923,#2924,#2925,#2926,#2927,#2928,
    #2929,#2930,#2931,#2932,#2933,#2934,#2935,#2936,#2937,#2938,#2939,
    #2940,#2941,#2942,#2943,#2944,#2945,#2946,#2947,#2948,#2949,#2950),
  .UNSPECIFIED.,.F.,.F.,(9,7,7,7,7,7,7,7,7,7,7,7,7,7,7,7,7,7,7,7,7,7,7,7
    ,9),(0.,3.414385910786E-02,7.916187992466E-02,0.113182164099,
    0.131686306008,0.150190448152,0.187321337109,0.228273000269,
    0.242686617303,0.258701749831,0.314195879483,0.324515677577,
    0.36095509979,0.388136075693,0.409131242018,0.425025360456,
    0.471462425517,0.506611922334,0.523428205906,0.541773458798,
    0.609267462473,0.643079238243,0.777935508081,0.911730676987,1.),
  .UNSPECIFIED.);
#2781 = CARTESIAN_POINT('',(-9.200321215068,-13.1,4.));
#2782 = CARTESIAN_POINT('',(-9.312850581239,-13.11201732152,4.));
#2783 = CARTESIAN_POINT('',(-9.425397054013,-13.12442303602,4.));
#2784 = CARTESIAN_POINT('',(-9.537956200735,-13.13717238927,4.));
#2785 = CARTESIAN_POINT('',(-9.650523813609,-13.15022086739,4.));
#2786 = CARTESIAN_POINT('',(-9.763095909696,-13.1635241969,4.));
#2787 = CARTESIAN_POINT('',(-9.87566873092,-13.17703834467,4.));
#2788 = CARTESIAN_POINT('',(-9.988238744061,-13.19071951794,4.));
#2789 = CARTESIAN_POINT('',(-10.24921597121,-13.22272532483,4.));
#2790 = CARTESIAN_POINT('',(-10.39761817206,-13.24114095743,4.));
#2791 = CARTESIAN_POINT('',(-10.54600183166,-13.25967096272,4.));
#2792 = CARTESIAN_POINT('',(-10.69435939731,-13.27821547341,4.));
#2793 = CARTESIAN_POINT('',(-10.84268315381,-13.29667457233,4.));
#2794 = CARTESIAN_POINT('',(-10.99096520206,-13.31494801035,4.));
#2795 = CARTESIAN_POINT('',(-11.13919743764,-13.3329349243,4.));
#2796 = CARTESIAN_POINT('',(-11.39934723635,-13.363832905,4.));
#2797 = CARTESIAN_POINT('',(-11.51128945215,-13.37691041705,4.));
#2798 = CARTESIAN_POINT('',(-11.62319451957,-13.3897222898,4.));
#2799 = CARTESIAN_POINT('',(-11.73505842862,-13.40222427455,4.));
#2800 = CARTESIAN_POINT('',(-11.84687681644,-13.41437167516,4.));
#2801 = CARTESIAN_POINT('',(-11.9586449674,-13.4261193481,4.));
#2802 = CARTESIAN_POINT('',(-12.07035781303,-13.43742170246,4.));
#2803 = CARTESIAN_POINT('',(-12.24273919119,-13.45411296327,4.));
#2804 = CARTESIAN_POINT('',(-12.30341803526,-13.45984174451,4.));
#2805 = CARTESIAN_POINT('',(-12.36405074116,-13.4654304507,4.));
#2806 = CARTESIAN_POINT('',(-12.42464372333,-13.47092574904,4.));
#2807 = CARTESIAN_POINT('',(-12.48520059795,-13.47632771827,4.));
#2808 = CARTESIAN_POINT('',(-12.54572755652,-13.4816800059,4.));
#2809 = CARTESIAN_POINT('',(-12.60622915884,-13.48699765156,4.));
#2810 = CARTESIAN_POINT('',(-12.72719213549,-13.49761903573,4.));
#2811 = CARTESIAN_POINT('',(-12.78765349118,-13.50292235251,4.));
#2812 = CARTESIAN_POINT('',(-12.84809980496,-13.50824300278,4.));
#2813 = CARTESIAN_POINT('',(-12.90853616793,-13.51360569535,4.));
#2814 = CARTESIAN_POINT('',(-12.9689676712,-13.51903513902,4.));
#2815 = CARTESIAN_POINT('',(-13.02939940587,-13.52455604262,4.));
#2816 = CARTESIAN_POINT('',(-13.08983646305,-13.53019311494,4.));
#2817 = CARTESIAN_POINT('',(-13.27157938799,-13.54756524807,4.));
#2818 = CARTESIAN_POINT('',(-13.39286868854,-13.55972213274,4.));
#2819 = CARTESIAN_POINT('',(-13.51416391542,-13.57263764605,4.));
#2820 = CARTESIAN_POINT('',(-13.63547346712,-13.58650624424,4.));
#2821 = CARTESIAN_POINT('',(-13.75680199926,-13.60151942989,4.));
#2822 = CARTESIAN_POINT('',(-13.87815036336,-13.61786426921,4.));
#2823 = CARTESIAN_POINT('',(-13.99951554547,-13.63572190933,4.));
#2824 = CARTESIAN_POINT('',(-14.25475517655,-13.67682138176,4.));
#2825 = CARTESIAN_POINT('',(-14.38863064637,-13.70042794582,4.));
#2826 = CARTESIAN_POINT('',(-14.52250545726,-13.72631822218,4.));
#2827 = CARTESIAN_POINT('',(-14.65635975412,-13.75471289521,4.));
#2828 = CARTESIAN_POINT('',(-14.79016540548,-13.78581745482,4.));
#2829 = CARTESIAN_POINT('',(-14.92388602514,-13.81981875203,4.));
#2830 = CARTESIAN_POINT('',(-15.05747699384,-13.85688155447,4.));
#2831 = CARTESIAN_POINT('',(-15.23784081057,-13.91131652525,4.));
#2832 = CARTESIAN_POINT('',(-15.28487559348,-13.92592228524,4.));
#2833 = CARTESIAN_POINT('',(-15.33197872911,-13.94091442583,4.));
#2834 = CARTESIAN_POINT('',(-15.37913914109,-13.95624372431,4.));
#2835 = CARTESIAN_POINT('',(-15.42634576434,-13.97186023257,4.));
#2836 = CARTESIAN_POINT('',(-15.47358753205,-13.98771381846,4.));
#2837 = CARTESIAN_POINT('',(-15.5208533627,-14.00375470701,4.));
#2838 = CARTESIAN_POINT('',(-15.62066413785,-14.03791104103,4.));
#2839 = CARTESIAN_POINT('',(-15.67321214708,-14.05605860313,4.));
#2840 = CARTESIAN_POINT('',(-15.72576097826,-14.0743086658,4.));
#2841 = CARTESIAN_POINT('',(-15.77829543491,-14.09259318673,4.));
#2842 = CARTESIAN_POINT('',(-15.83080032054,-14.1108441236,4.));
#2843 = CARTESIAN_POINT('',(-15.88326043869,-14.1289934341,4.));
#2844 = CARTESIAN_POINT('',(-15.93566059286,-14.14697307591,4.));
#2845 = CARTESIAN_POINT('',(-16.16929722915,-14.22619267529,4.));
#2846 = CARTESIAN_POINT('',(-16.35019629888,-14.28498233114,4.));
#2847 = CARTESIAN_POINT('',(-16.53136735423,-14.33867492067,4.));
#2848 = CARTESIAN_POINT('',(-16.71295297598,-14.3845161822,4.));
#2849 = CARTESIAN_POINT('',(-16.89456195497,-14.41905829286,4.));
#2850 = CARTESIAN_POINT('',(-17.07528464685,-14.4381686133,4.));
#2851 = CARTESIAN_POINT('',(-17.25370749968,-14.43711629271,4.));
#2852 = CARTESIAN_POINT('',(-17.46037238178,-14.40690884276,4.));
#2853 = CARTESIAN_POINT('',(-17.49258321269,-14.40134770621,4.));
#2854 = CARTESIAN_POINT('',(-17.52459067898,-14.39491901216,4.));
#2855 = CARTESIAN_POINT('',(-17.5563879289,-14.38759179254,4.));
#2856 = CARTESIAN_POINT('',(-17.58796985381,-14.37934714026,4.));
#2857 = CARTESIAN_POINT('',(-17.61933308824,-14.37017820925,4.));
#2858 = CARTESIAN_POINT('',(-17.65047600984,-14.36009021446,4.));
#2859 = CARTESIAN_POINT('',(-17.7905875422,-14.31029528015,4.));
#2860 = CARTESIAN_POINT('',(-17.89645146121,-14.26053943579,4.));
#2861 = CARTESIAN_POINT('',(-17.99862703969,-14.20098770945,4.));
#2862 = CARTESIAN_POINT('',(-18.096933918,-14.13289282752,4.));
#2863 = CARTESIAN_POINT('',(-18.1913169298,-14.05744877754,4.));
#2864 = CARTESIAN_POINT('',(-18.28181330362,-13.97571471849,4.));
#2865 = CARTESIAN_POINT('',(-18.3685320656,-13.88858294797,4.));
#2866 = CARTESIAN_POINT('',(-18.51361938214,-13.72825747479,4.));
#2867 = CARTESIAN_POINT('',(-18.57357555599,-13.65716673197,4.));
#2868 = CARTESIAN_POINT('',(-18.6315574468,-13.58378847428,4.));
#2869 = CARTESIAN_POINT('',(-18.68761742786,-13.50839766732,4.));
#2870 = CARTESIAN_POINT('',(-18.74180402308,-13.43124051053,4.));
#2871 = CARTESIAN_POINT('',(-18.79416186965,-13.35253698966,4.));
#2872 = CARTESIAN_POINT('',(-18.84473168071,-13.27248342937,4.));
#2873 = CARTESIAN_POINT('',(-18.93125868115,-13.1285125073,4.));
#2874 = CARTESIAN_POINT('',(-18.96791978611,-13.06507308509,4.));
#2875 = CARTESIAN_POINT('',(-19.00354900858,-13.00101989672,4.));
#2876 = CARTESIAN_POINT('',(-19.03815857357,-12.93643198199,4.));
#2877 = CARTESIAN_POINT('',(-19.07175741091,-12.87138518982,4.));
#2878 = CARTESIAN_POINT('',(-19.10435112076,-12.80595306528,4.));
#2879 = CARTESIAN_POINT('',(-19.13594193918,-12.74020773645,4.));
#2880 = CARTESIAN_POINT('',(-19.18968401698,-12.62426624793,4.));
#2881 = CARTESIAN_POINT('',(-19.21226428495,-12.57417116727,4.));
#2882 = CARTESIAN_POINT('',(-19.23426459899,-12.52398589148,4.));
#2883 = CARTESIAN_POINT('',(-19.25568931069,-12.4737081401,4.));
#2884 = CARTESIAN_POINT('',(-19.27654459113,-12.42332901287,4.));
#2885 = CARTESIAN_POINT('',(-19.29683503342,-12.37285377315,4.));
#2886 = CARTESIAN_POINT('',(-19.31656429864,-12.32229742226,4.));
#2887 = CARTESIAN_POINT('',(-19.3917639396,-12.12369577592,4.));
#2888 = CARTESIAN_POINT('',(-19.44305942957,-11.97501764082,4.));
#2889 = CARTESIAN_POINT('',(-19.48977709631,-11.82571495552,4.));
#2890 = CARTESIAN_POINT('',(-19.53211800933,-11.67587058813,4.));
#2891 = CARTESIAN_POINT('',(-19.57032577235,-11.52555562907,4.));
#2892 = CARTESIAN_POINT('',(-19.60467880943,-11.37482904149,4.));
#2893 = CARTESIAN_POINT('',(-19.63548265115,-11.22373731166,4.));
#2894 = CARTESIAN_POINT('',(-19.68393795856,-10.95769768891,4.));
#2895 = CARTESIAN_POINT('',(-19.70296640606,-10.84289098003,4.));
#2896 = CARTESIAN_POINT('',(-19.72028897031,-10.72790665455,4.));
#2897 = CARTESIAN_POINT('',(-19.73605292267,-10.61275393977,4.));
#2898 = CARTESIAN_POINT('',(-19.75041003114,-10.49743859704,4.));
#2899 = CARTESIAN_POINT('',(-19.76351519277,-10.38196291023,4.));
#2900 = CARTESIAN_POINT('',(-19.77552506601,-10.26632567417,4.));
#2901 = CARTESIAN_POINT('',(-19.79189361495,-10.09511927493,4.));
#2902 = CARTESIAN_POINT('',(-19.79697815602,-10.03966092796,4.));
#2903 = CARTESIAN_POINT('',(-19.80186082479,-9.984144669551,4.));
#2904 = CARTESIAN_POINT('',(-19.8065817468,-9.928564823717,4.));
#2905 = CARTESIAN_POINT('',(-19.81113297543,-9.87292373278,4.));
#2906 = CARTESIAN_POINT('',(-19.81550054162,-9.817225486558,4.));
#2907 = CARTESIAN_POINT('',(-19.8197092622,-9.761469351217,4.));
#2908 = CARTESIAN_POINT('',(-19.82816506442,-9.644776541282,4.));
#2909 = CARTESIAN_POINT('',(-19.83238299687,-9.583827688885,4.));
#2910 = CARTESIAN_POINT('',(-19.83641208445,-9.522815658962,4.));
#2911 = CARTESIAN_POINT('',(-19.84025729764,-9.461742577928,4.));
#2912 = CARTESIAN_POINT('',(-19.84392360689,-9.400610572202,4.));
#2913 = CARTESIAN_POINT('',(-19.84741598268,-9.339421768201,4.));
#2914 = CARTESIAN_POINT('',(-19.85073939548,-9.278178292343,4.));
#2915 = CARTESIAN_POINT('',(-19.86552263602,-8.991368133354,4.));
#2916 = CARTESIAN_POINT('',(-19.87491131291,-8.765440459386,4.));
#2917 = CARTESIAN_POINT('',(-19.88232460907,-8.53917206729,4.));
#2918 = CARTESIAN_POINT('',(-19.88801747788,-8.312631149854,4.));
#2919 = CARTESIAN_POINT('',(-19.89224090406,-8.085881474235,4.));
#2920 = CARTESIAN_POINT('',(-19.8952427443,-7.858982581685,4.));
#2921 = CARTESIAN_POINT('',(-19.89726856793,-7.631989987282,4.));
#2922 = CARTESIAN_POINT('',(-19.89921070409,-7.29122019094,4.));
#2923 = CARTESIAN_POINT('',(-19.89967527017,-7.17747489597,4.));
#2924 = CARTESIAN_POINT('',(-19.89998683897,-7.063726196808,4.));
#2925 = CARTESIAN_POINT('',(-19.90017604266,-6.949980752193,4.));
#2926 = CARTESIAN_POINT('',(-19.90027350242,-6.836245177541,4.));
#2927 = CARTESIAN_POINT('',(-19.90030982839,-6.722526044945,4.));
#2928 = CARTESIAN_POINT('',(-19.9003156197,-6.608829883177,4.));
#2929 = CARTESIAN_POINT('',(-19.90034477594,-6.041810239016,4.));
#2930 = CARTESIAN_POINT('',(-19.9003543868,-5.588922963831,4.));
#2931 = CARTESIAN_POINT('',(-19.90035364399,-5.136423291734,4.));
#2932 = CARTESIAN_POINT('',(-19.90034614168,-4.684231820564,4.));
#2933 = CARTESIAN_POINT('',(-19.9003355848,-4.232268107618,4.));
#2934 = CARTESIAN_POINT('',(-19.90032565266,-3.780450970879,4.));
#2935 = CARTESIAN_POINT('',(-19.90031986248,-3.328698790231,4.));
#2936 = CARTESIAN_POINT('',(-19.90032299108,-2.428715519037,4.));
#2937 = CARTESIAN_POINT('',(-19.90032546169,-1.704088153944,4.));
#2938 = CARTESIAN_POINT('',(-19.90038398302,-0.963392965285,4.));
#2939 = CARTESIAN_POINT('',(-19.90031880694,-0.374996440622,4.));
#2940 = CARTESIAN_POINT('',(-19.90038637234,-1.369121357216E-02,4.));
#2941 = CARTESIAN_POINT('',(-19.90030349496,0.151033768778,4.));
#2942 = CARTESIAN_POINT('',(-19.90034688104,0.261170927864,4.));
#2943 = CARTESIAN_POINT('',(-19.90029552687,0.786692234584,4.));
#2944 = CARTESIAN_POINT('',(-19.90021903878,0.995670493203,4.));
#2945 = CARTESIAN_POINT('',(-19.89989637646,1.204696046934,4.));
#2946 = CARTESIAN_POINT('',(-19.89913799197,1.413728532986,4.));
#2947 = CARTESIAN_POINT('',(-19.89775417038,1.62272641726,4.));
#2948 = CARTESIAN_POINT('',(-19.89555431157,1.831646835621,4.));
#2949 = CARTESIAN_POINT('',(-19.89234621204,2.040445435171,4.));
#2950 = CARTESIAN_POINT('',(-19.88793534678,2.249076215526,4.));
#2951 = PCURVE('',#2511,#2952);
#2952 = DEFINITIONAL_REPRESENTATION('',(#2953),#3124);
#2953 = B_SPLINE_CURVE_WITH_KNOTS('',8,(#2954,#2955,#2956,#2957,#2958,
    #2959,#2960,#2961,#2962,#2963,#2964,#2965,#2966,#2967,#2968,#2969,
    #2970,#2971,#2972,#2973,#2974,#2975,#2976,#2977,#2978,#2979,#2980,
    #2981,#2982,#2983,#2984,#2985,#2986,#2987,#2988,#2989,#2990,#2991,
    #2992,#2993,#2994,#2995,#2996,#2997,#2998,#2999,#3000,#3001,#3002,
    #3003,#3004,#3005,#3006,#3007,#3008,#3009,#3010,#3011,#3012,#3013,
    #3014,#3015,#3016,#3017,#3018,#3019,#3020,#3021,#3022,#3023,#3024,
    #3025,#3026,#3027,#3028,#3029,#3030,#3031,#3032,#3033,#3034,#3035,
    #3036,#3037,#3038,#3039,#3040,#3041,#3042,#3043,#3044,#3045,#3046,
    #3047,#3048,#3049,#3050,#3051,#3052,#3053,#3054,#3055,#3056,#3057,
    #3058,#3059,#3060,#3061,#3062,#3063,#3064,#3065,#3066,#3067,#3068,
    #3069,#3070,#3071,#3072,#3073,#3074,#3075,#3076,#3077,#3078,#3079,
    #3080,#3081,#3082,#3083,#3084,#3085,#3086,#3087,#3088,#3089,#3090,
    #3091,#3092,#3093,#3094,#3095,#3096,#3097,#3098,#3099,#3100,#3101,
    #3102,#3103,#3104,#3105,#3106,#3107,#3108,#3109,#3110,#3111,#3112,
    #3113,#3114,#3115,#3116,#3117,#3118,#3119,#3120,#3121,#3122,#3123),
  .UNSPECIFIED.,.F.,.F.,(9,7,7,7,7,7,7,7,7,7,7,7,7,7,7,7,7,7,7,7,7,7,7,7
    ,9),(0.,3.414385910786E-02,7.916187992466E-02,0.113182164099,
    0.131686306008,0.150190448152,0.187321337109,0.228273000269,
    0.242686617303,0.258701749831,0.314195879483,0.324515677577,
    0.36095509979,0.388136075693,0.409131242018,0.425025360456,
    0.471462425517,0.506611922334,0.523428205906,0.541773458798,
    0.609267462473,0.643079238243,0.777935508081,0.911730676987,1.),
  .UNSPECIFIED.);
#2954 = CARTESIAN_POINT('',(18.458926113753,-8.217545054761));
#2955 = CARTESIAN_POINT('',(18.348266622038,-8.241246345038));
#2956 = CARTESIAN_POINT('',(18.237630670945,-8.265335691477));
#2957 = CARTESIAN_POINT('',(18.127017995923,-8.289768121638));
#2958 = CARTESIAN_POINT('',(18.016428133892,-8.314498925618));
#2959 = CARTESIAN_POINT('',(17.90586042324,-8.339483656049));
#2960 = CARTESIAN_POINT('',(17.795314003821,-8.3646781281));
#2961 = CARTESIAN_POINT('',(17.684787816961,-8.390038419478));
#2962 = CARTESIAN_POINT('',(17.428578974814,-8.449118991354));
#2963 = CARTESIAN_POINT('',(17.28291080687,-8.482929249985));
#2964 = CARTESIAN_POINT('',(17.13727302095,-8.516851320161));
#2965 = CARTESIAN_POINT('',(16.991662700921,-8.550785091878));
#2966 = CARTESIAN_POINT('',(16.846077087039,-8.584630388542));
#2967 = CARTESIAN_POINT('',(16.700513567801,-8.618286684206));
#2968 = CARTESIAN_POINT('',(16.554969671794,-8.65165282083));
#2969 = CARTESIAN_POINT('',(16.299468062575,-8.70954522677));
#2970 = CARTESIAN_POINT('',(16.189503210691,-8.734239605677));
#2971 = CARTESIAN_POINT('',(16.079547567627,-8.758665918485));
#2972 = CARTESIAN_POINT('',(15.969600501282,-8.782779739639));
#2973 = CARTESIAN_POINT('',(15.859661683732,-8.806536161789));
#2974 = CARTESIAN_POINT('',(15.74973109123,-8.829889795789));
#2975 = CARTESIAN_POINT('',(15.639809004204,-8.852794770696));
#2976 = CARTESIAN_POINT('',(15.470112682619,-8.887393848207));
#2977 = CARTESIAN_POINT('',(15.410363680619,-8.89942704448));
#2978 = CARTESIAN_POINT('',(15.350645938784,-8.911316113885));
#2979 = CARTESIAN_POINT('',(15.290957950436,-8.923108138308));
#2980 = CARTESIAN_POINT('',(15.231296127404,-8.934803573621));
#2981 = CARTESIAN_POINT('',(15.17165886943,-8.946446475236));
#2982 = CARTESIAN_POINT('',(15.112043212002,-8.958052276694));
#2983 = CARTESIAN_POINT('',(14.992850453131,-8.981245848096));
#2984 = CARTESIAN_POINT('',(14.933273326197,-8.992833196684));
#2985 = CARTESIAN_POINT('',(14.873712968813,-9.004436213421));
#2986 = CARTESIAN_POINT('',(14.814166897655,-9.016080003641));
#2987 = CARTESIAN_POINT('',(14.754632629396,-9.027789672679));
#2988 = CARTESIAN_POINT('',(14.695107680711,-9.03959032587));
#2989 = CARTESIAN_POINT('',(14.635589568273,-9.051507068549));
#2990 = CARTESIAN_POINT('',(14.4566539637,-9.087760774485));
#2991 = CARTESIAN_POINT('',(14.337296992612,-9.112515526033));
#2992 = CARTESIAN_POINT('',(14.218013339131,-9.138025378273));
#2993 = CARTESIAN_POINT('',(14.098814954678,-9.164484601454));
#2994 = CARTESIAN_POINT('',(13.979717204634,-9.192084137497));
#2995 = CARTESIAN_POINT('',(13.860738774502,-9.221010118998));
#2996 = CARTESIAN_POINT('',(13.741901576086,-9.251442388234));
#2997 = CARTESIAN_POINT('',(13.492348475,-9.318967832667));
#2998 = CARTESIAN_POINT('',(13.361669640217,-9.356423852562));
#2999 = CARTESIAN_POINT('',(13.231229912612,-9.396151032969));
#3000 = CARTESIAN_POINT('',(13.101072081315,-9.438366778815));
#3001 = CARTESIAN_POINT('',(12.971245580087,-9.483272519469));
#3002 = CARTESIAN_POINT('',(12.841806106123,-9.53105028536));
#3003 = CARTESIAN_POINT('',(12.712815238855,-9.581859284615));
#3004 = CARTESIAN_POINT('',(12.539121088353,-9.654829240823));
#3005 = CARTESIAN_POINT('',(12.493868449843,-9.674266260568));
#3006 = CARTESIAN_POINT('',(12.448588175848,-9.694094685919));
#3007 = CARTESIAN_POINT('',(12.403286142622,-9.714264406679));
#3008 = CARTESIAN_POINT('',(12.357968139481,-9.734724592422));
#3009 = CARTESIAN_POINT('',(12.312639938238,-9.755424229474));
#3010 = CARTESIAN_POINT('',(12.267307362637,-9.776312657891));
#3011 = CARTESIAN_POINT('',(12.171608566783,-9.82070394602));
#3012 = CARTESIAN_POINT('',(12.121242651992,-9.844239066824));
#3013 = CARTESIAN_POINT('',(12.070886622249,-9.867876213741));
#3014 = CARTESIAN_POINT('',(12.020548486391,-9.891546129655));
#3015 = CARTESIAN_POINT('',(11.970236253257,-9.915179557455));
#3016 = CARTESIAN_POINT('',(11.919957931684,-9.938707240024));
#3017 = CARTESIAN_POINT('',(11.86972153051,-9.962059920251));
#3018 = CARTESIAN_POINT('',(11.645633620318,-10.06524146535));
#3019 = CARTESIAN_POINT('',(11.471861833235,-10.14259819149));
#3020 = CARTESIAN_POINT('',(11.297287341452,-10.21491411149));
#3021 = CARTESIAN_POINT('',(11.121480759696,-10.27946490618));
#3022 = CARTESIAN_POINT('',(10.944471157295,-10.33278075107));
#3023 = CARTESIAN_POINT('',(10.766731700424,-10.37065661647));
#3024 = CARTESIAN_POINT('',(10.589174246716,-10.38823991605));
#3025 = CARTESIAN_POINT('',(10.380484929704,-10.37977631805));
#3026 = CARTESIAN_POINT('',(10.347869504994,-10.3776088453));
#3027 = CARTESIAN_POINT('',(10.315365748015,-10.37455732305));
#3028 = CARTESIAN_POINT('',(10.282977239578,-10.37059023709));
#3029 = CARTESIAN_POINT('',(10.250707086221,-10.36568825027));
#3030 = CARTESIAN_POINT('',(10.218557920203,-10.35984420255));
#3031 = CARTESIAN_POINT('',(10.18653189951,-10.35306311096));
#3032 = CARTESIAN_POINT('',(10.04198693504,-10.31816998513));
#3033 = CARTESIAN_POINT('',(9.931506464758,-10.27973980062));
#3034 = CARTESIAN_POINT('',(9.823671345621,-10.23118216445));
#3035 = CARTESIAN_POINT('',(9.718791753774,-10.17372412341));
#3036 = CARTESIAN_POINT('',(9.617047223158,-10.10854737844));
#3037 = CARTESIAN_POINT('',(9.518511319935,-10.03670918623));
#3038 = CARTESIAN_POINT('',(9.423168782388,-9.959108350887));
#3039 = CARTESIAN_POINT('',(9.262134281098,-9.814808398826));
#3040 = CARTESIAN_POINT('',(9.195082954884,-9.750366516871));
#3041 = CARTESIAN_POINT('',(9.129756271195,-9.683443480759));
#3042 = CARTESIAN_POINT('',(9.066130853321,-9.614318221622));
#3043 = CARTESIAN_POINT('',(9.004184149293,-9.543240659716));
#3044 = CARTESIAN_POINT('',(8.943894735534,-9.470434239102));
#3045 = CARTESIAN_POINT('',(8.885242620514,-9.396098462328));
#3046 = CARTESIAN_POINT('',(8.784155985391,-9.261949141015));
#3047 = CARTESIAN_POINT('',(8.74107130104,-9.202684422328));
#3048 = CARTESIAN_POINT('',(8.698948772945,-9.142701549263));
#3049 = CARTESIAN_POINT('',(8.657784495793,-9.082080406044));
#3050 = CARTESIAN_POINT('',(8.61757750827,-9.020897359411));
#3051 = CARTESIAN_POINT('',(8.578329919958,-8.959226137139));
#3052 = CARTESIAN_POINT('',(8.540047038233,-8.897138706545));
#3053 = CARTESIAN_POINT('',(8.47449278935,-8.78744239786));
#3054 = CARTESIAN_POINT('',(8.44680531269,-8.739978840848));
#3055 = CARTESIAN_POINT('',(8.41968520223,-8.692365026328));
#3056 = CARTESIAN_POINT('',(8.393127892047,-8.644599140688));
#3057 = CARTESIAN_POINT('',(8.367126315498,-8.59667297665));
#3058 = CARTESIAN_POINT('',(8.341676454131,-8.548592248397));
#3059 = CARTESIAN_POINT('',(8.316776233242,-8.500372257506));
#3060 = CARTESIAN_POINT('',(8.221250821293,-8.310708092203));
#3061 = CARTESIAN_POINT('',(8.154711618281,-8.168198620199));
#3062 = CARTESIAN_POINT('',(8.092660003812,-8.024590022387));
#3063 = CARTESIAN_POINT('',(8.034904660039,-7.879985708416));
#3064 = CARTESIAN_POINT('',(7.981210737656,-7.734481815784));
#3065 = CARTESIAN_POINT('',(7.931307491081,-7.588166056744));
#3066 = CARTESIAN_POINT('',(7.884895913618,-7.441116565202));
#3067 = CARTESIAN_POINT('',(7.80892717009,-7.181590559381));
#3068 = CARTESIAN_POINT('',(7.778015290542,-7.069398233794));
#3069 = CARTESIAN_POINT('',(7.748781424035,-6.956851144147));
#3070 = CARTESIAN_POINT('',(7.721080067682,-6.843973844516));
#3071 = CARTESIAN_POINT('',(7.694760884614,-6.730787911491));
#3072 = CARTESIAN_POINT('',(7.669670062938,-6.617311789894));
#3073 = CARTESIAN_POINT('',(7.645651674684,-6.503560638495));
#3074 = CARTESIAN_POINT('',(7.611496229476,-6.334999177599));
#3075 = CARTESIAN_POINT('',(7.600648845595,-6.280374869194));
#3076 = CARTESIAN_POINT('',(7.589996183782,-6.225671887565));
#3077 = CARTESIAN_POINT('',(7.579497745181,-6.170888777445));
#3078 = CARTESIAN_POINT('',(7.569161677545,-6.116027038605));
#3079 = CARTESIAN_POINT('',(7.559002300615,-6.06108927994));
#3080 = CARTESIAN_POINT('',(7.548994856581,-6.006077362858));
#3081 = CARTESIAN_POINT('',(7.528400895613,-5.890905312198));
#3082 = CARTESIAN_POINT('',(7.517842097006,-5.830730023794));
#3083 = CARTESIAN_POINT('',(7.50746451439,-5.770472185123));
#3084 = CARTESIAN_POINT('',(7.497263426496,-5.710134429968));
#3085 = CARTESIAN_POINT('',(7.487234112057,-5.649719392109));
#3086 = CARTESIAN_POINT('',(7.477371849801,-5.589229705328));
#3087 = CARTESIAN_POINT('',(7.467671918462,-5.528668003405));
#3088 = CARTESIAN_POINT('',(7.423022449476,-5.244969155293));
#3089 = CARTESIAN_POINT('',(7.390095049043,-5.021256734049));
#3090 = CARTESIAN_POINT('',(7.359096655931,-4.796999199402));
#3091 = CARTESIAN_POINT('',(7.329780830651,-4.572290992128));
#3092 = CARTESIAN_POINT('',(7.301904618584,-4.34722173718));
#3093 = CARTESIAN_POINT('',(7.275227734787,-4.121876530095));
#3094 = CARTESIAN_POINT('',(7.249511748808,-3.896336223408));
#3095 = CARTESIAN_POINT('',(7.211999044586,-3.557631893625));
#3096 = CARTESIAN_POINT('',(7.19966040113,-3.444556848513));
#3097 = CARTESIAN_POINT('',(7.187473563219,-3.331462442737));
#3098 = CARTESIAN_POINT('',(7.175408761371,-3.218358497072));
#3099 = CARTESIAN_POINT('',(7.163436232542,-3.105254788055));
#3100 = CARTESIAN_POINT('',(7.151526220122,-2.992161047989));
#3101 = CARTESIAN_POINT('',(7.139648973935,-2.879086964941));
#3102 = CARTESIAN_POINT('',(7.080415110651,-2.315169748361));
#3103 = CARTESIAN_POINT('',(7.033117718636,-1.864759001569));
#3104 = CARTESIAN_POINT('',(6.985871094939,-1.414732658121));
#3105 = CARTESIAN_POINT('',(6.938663374337,-0.965012125155));
#3106 = CARTESIAN_POINT('',(6.891482472778,-0.515517786527));
#3107 = CARTESIAN_POINT('',(6.844316254523,-6.616928813581E-02));
#3108 = CARTESIAN_POINT('',(6.797152699286,0.38311417674));
#3109 = CARTESIAN_POINT('',(6.703178611832,1.278177727179));
#3110 = CARTESIAN_POINT('',(6.627514814247,1.998843952267));
#3111 = CARTESIAN_POINT('',(6.55011756441,2.735484320185));
#3112 = CARTESIAN_POINT('',(6.488745469301,3.320671418834));
#3113 = CARTESIAN_POINT('',(6.450952899998,3.679994662396));
#3114 = CARTESIAN_POINT('',(6.433835707596,3.843827895909));
#3115 = CARTESIAN_POINT('',(6.422292682325,3.953358504697));
#3116 = CARTESIAN_POINT('',(6.367471902438,4.476012624117));
#3117 = CARTESIAN_POINT('',(6.345727688057,4.683856574153));
#3118 = CARTESIAN_POINT('',(6.324223364014,4.891773264851));
#3119 = CARTESIAN_POINT('',(6.303151656606,5.099742345532));
#3120 = CARTESIAN_POINT('',(6.282705580518,5.307742318047));
#3121 = CARTESIAN_POINT('',(6.263079169654,5.515750453905));
#3122 = CARTESIAN_POINT('',(6.244468207966,5.723742711409));
#3123 = CARTESIAN_POINT('',(6.227070960281,5.931693652779));
#3124 = ( GEOMETRIC_REPRESENTATION_CONTEXT(2) 
PARAMETRIC_REPRESENTATION_CONTEXT() REPRESENTATION_CONTEXT('2D SPACE',''
  ) );
#3125 = PCURVE('',#3126,#3161);
#3126 = B_SPLINE_SURFACE_WITH_KNOTS('',3,1,(
    (#3127,#3128)
    ,(#3129,#3130)
    ,(#3131,#3132)
    ,(#3133,#3134)
    ,(#3135,#3136)
    ,(#3137,#3138)
    ,(#3139,#3140)
    ,(#3141,#3142)
    ,(#3143,#3144)
    ,(#3145,#3146)
    ,(#3147,#3148)
    ,(#3149,#3150)
    ,(#3151,#3152)
    ,(#3153,#3154)
    ,(#3155,#3156)
    ,(#3157,#3158)
    ,(#3159,#3160
    )),.UNSPECIFIED.,.F.,.F.,.F.,(4,1,1,1,1,1,1,1,1,1,1,1,1,1,4),(2,2),(
    0.,3.020347662108,6.053909924531,8.500463623104,10.890155025775,
    13.5584878386,17.059916118603,20.559916118603,24.059916118603,
    27.561344398605,30.22967721143,32.619368614101,35.065922312674,
    38.099484575098,41.119832237205),(0.,1.),.UNSPECIFIED.);
#3127 = CARTESIAN_POINT('',(-16.99839392465,7.1,-20.));
#3128 = CARTESIAN_POINT('',(8.995181773974,7.1,60.));
#3129 = CARTESIAN_POINT('',(-17.99896756785,7.206854020275,-20.));
#3130 = CARTESIAN_POINT('',(7.994608130775,7.206854020275,60.));
#3131 = CARTESIAN_POINT('',(-20.02012535583,7.503114404475,-20.));
#3132 = CARTESIAN_POINT('',(5.973450342798,7.503114404475,60.));
#3133 = CARTESIAN_POINT('',(-22.76038749626,7.623125592086,-20.));
#3134 = CARTESIAN_POINT('',(3.233188202365,7.623125592086,60.));
#3135 = CARTESIAN_POINT('',(-25.52592973728,8.992963864358,-20.));
#3136 = CARTESIAN_POINT('',(0.467645961344,8.992963864358,60.));
#3137 = CARTESIAN_POINT('',(-27.26864789668,6.492176654313,-20.));
#3138 = CARTESIAN_POINT('',(-1.275072198048,6.492176654313,60.));
#3139 = CARTESIAN_POINT('',(-27.69801271351,3.75336269061,-20.));
#3140 = CARTESIAN_POINT('',(-1.704437014885,3.75336269061,60.));
#3141 = CARTESIAN_POINT('',(-27.69851515708,0.492256488987,-20.));
#3142 = CARTESIAN_POINT('',(-1.704939458453,0.492256488987,60.));
#3143 = CARTESIAN_POINT('',(-27.69833332081,-3.,-20.));
#3144 = CARTESIAN_POINT('',(-1.704757622177,-3.,60.));
#3145 = CARTESIAN_POINT('',(-27.69851515708,-6.492256488987,-20.));
#3146 = CARTESIAN_POINT('',(-1.704939458453,-6.492256488987,60.));
#3147 = CARTESIAN_POINT('',(-27.69801271351,-9.75336269061,-20.));
#3148 = CARTESIAN_POINT('',(-1.704437014885,-9.75336269061,60.));
#3149 = CARTESIAN_POINT('',(-27.26864789668,-12.49217665431,-20.));
#3150 = CARTESIAN_POINT('',(-1.275072198048,-12.49217665431,60.));
#3151 = CARTESIAN_POINT('',(-25.52592973728,-14.99296386435,-20.));
#3152 = CARTESIAN_POINT('',(0.467645961344,-14.99296386435,60.));
#3153 = CARTESIAN_POINT('',(-22.76038749626,-13.62312559208,-20.));
#3154 = CARTESIAN_POINT('',(3.233188202365,-13.62312559208,60.));
#3155 = CARTESIAN_POINT('',(-20.02012535583,-13.50311440447,-20.));
#3156 = CARTESIAN_POINT('',(5.973450342798,-13.50311440447,60.));
#3157 = CARTESIAN_POINT('',(-17.99896756785,-13.20685402027,-20.));
#3158 = CARTESIAN_POINT('',(7.994608130775,-13.20685402027,60.));
#3159 = CARTESIAN_POINT('',(-16.99839392465,-13.1,-20.));
#3160 = CARTESIAN_POINT('',(8.995181773974,-13.1,60.));
#3161 = DEFINITIONAL_REPRESENTATION('',(#3162),#3333);
#3162 = B_SPLINE_CURVE_WITH_KNOTS('',8,(#3163,#3164,#3165,#3166,#3167,
    #3168,#3169,#3170,#3171,#3172,#3173,#3174,#3175,#3176,#3177,#3178,
    #3179,#3180,#3181,#3182,#3183,#3184,#3185,#3186,#3187,#3188,#3189,
    #3190,#3191,#3192,#3193,#3194,#3195,#3196,#3197,#3198,#3199,#3200,
    #3201,#3202,#3203,#3204,#3205,#3206,#3207,#3208,#3209,#3210,#3211,
    #3212,#3213,#3214,#3215,#3216,#3217,#3218,#3219,#3220,#3221,#3222,
    #3223,#3224,#3225,#3226,#3227,#3228,#3229,#3230,#3231,#3232,#3233,
    #3234,#3235,#3236,#3237,#3238,#3239,#3240,#3241,#3242,#3243,#3244,
    #3245,#3246,#3247,#3248,#3249,#3250,#3251,#3252,#3253,#3254,#3255,
    #3256,#3257,#3258,#3259,#3260,#3261,#3262,#3263,#3264,#3265,#3266,
    #3267,#3268,#3269,#3270,#3271,#3272,#3273,#3274,#3275,#3276,#3277,
    #3278,#3279,#3280,#3281,#3282,#3283,#3284,#3285,#3286,#3287,#3288,
    #3289,#3290,#3291,#3292,#3293,#3294,#3295,#3296,#3297,#3298,#3299,
    #3300,#3301,#3302,#3303,#3304,#3305,#3306,#3307,#3308,#3309,#3310,
    #3311,#3312,#3313,#3314,#3315,#3316,#3317,#3318,#3319,#3320,#3321,
    #3322,#3323,#3324,#3325,#3326,#3327,#3328,#3329,#3330,#3331,#3332),
  .UNSPECIFIED.,.F.,.F.,(9,7,7,7,7,7,7,7,7,7,7,7,7,7,7,7,7,7,7,7,7,7,7,7
    ,9),(0.,3.414385910786E-02,7.916187992466E-02,0.113182164099,
    0.131686306008,0.150190448152,0.187321337109,0.228273000269,
    0.242686617303,0.258701749831,0.314195879483,0.324515677577,
    0.36095509979,0.388136075693,0.409131242018,0.425025360456,
    0.471462425517,0.506611922334,0.523428205906,0.541773458798,
    0.609267462473,0.643079238243,0.777935508081,0.911730676987,1.),
  .UNSPECIFIED.);
#3163 = CARTESIAN_POINT('',(41.119832237205,0.3));
#3164 = CARTESIAN_POINT('',(41.0066045868,0.3));
#3165 = CARTESIAN_POINT('',(40.893435333035,0.3));
#3166 = CARTESIAN_POINT('',(40.780316660499,0.3));
#3167 = CARTESIAN_POINT('',(40.66724057451,0.3));
#3168 = CARTESIAN_POINT('',(40.554198901119,0.3));
#3169 = CARTESIAN_POINT('',(40.441183287106,0.3));
#3170 = CARTESIAN_POINT('',(40.328185199981,0.3));
#3171 = CARTESIAN_POINT('',(40.066221748395,0.3));
#3172 = CARTESIAN_POINT('',(39.917263359852,0.3));
#3173 = CARTESIAN_POINT('',(39.768300538361,0.3));
#3174 = CARTESIAN_POINT('',(39.619313229303,0.3));
#3175 = CARTESIAN_POINT('',(39.470281491004,0.3));
#3176 = CARTESIAN_POINT('',(39.321185438309,0.3));
#3177 = CARTESIAN_POINT('',(39.172005186149,0.3));
#3178 = CARTESIAN_POINT('',(38.909906027335,0.3));
#3179 = CARTESIAN_POINT('',(38.797032059692,0.3));
#3180 = CARTESIAN_POINT('',(38.684090379534,0.3));
#3181 = CARTESIAN_POINT('',(38.571072705724,0.3));
#3182 = CARTESIAN_POINT('',(38.457970986631,0.3));
#3183 = CARTESIAN_POINT('',(38.344777400125,0.3));
#3184 = CARTESIAN_POINT('',(38.231484353584,0.3));
#3185 = CARTESIAN_POINT('',(38.056404596954,0.3));
#3186 = CARTESIAN_POINT('',(37.994725383519,0.3));
#3187 = CARTESIAN_POINT('',(37.933044646968,0.3));
#3188 = CARTESIAN_POINT('',(37.871366034951,0.3));
#3189 = CARTESIAN_POINT('',(37.809685446172,0.3));
#3190 = CARTESIAN_POINT('',(37.748006069291,0.3));
#3191 = CARTESIAN_POINT('',(37.686326244618,0.3));
#3192 = CARTESIAN_POINT('',(37.562966748687,0.3));
#3193 = CARTESIAN_POINT('',(37.501287000331,0.3));
#3194 = CARTESIAN_POINT('',(37.439607251975,0.3));
#3195 = CARTESIAN_POINT('',(37.37792750362,0.3));
#3196 = CARTESIAN_POINT('',(37.316247755264,0.3));
#3197 = CARTESIAN_POINT('',(37.254568006908,0.3));
#3198 = CARTESIAN_POINT('',(37.192888258552,0.3));
#3199 = CARTESIAN_POINT('',(37.007440336061,0.3));
#3200 = CARTESIAN_POINT('',(36.883721237465,0.3));
#3201 = CARTESIAN_POINT('',(36.760080767135,0.3));
#3202 = CARTESIAN_POINT('',(36.63655210188,0.3));
#3203 = CARTESIAN_POINT('',(36.513171804481,0.3));
#3204 = CARTESIAN_POINT('',(36.389979585582,0.3));
#3205 = CARTESIAN_POINT('',(36.267018065577,0.3));
#3206 = CARTESIAN_POINT('',(36.009022647554,0.3));
#3207 = CARTESIAN_POINT('',(35.874049592602,0.3));
#3208 = CARTESIAN_POINT('',(35.739476333531,0.3));
#3209 = CARTESIAN_POINT('',(35.605372229755,0.3));
#3210 = CARTESIAN_POINT('',(35.471812295879,0.3));
#3211 = CARTESIAN_POINT('',(35.338876459354,0.3));
#3212 = CARTESIAN_POINT('',(35.206648818134,0.3));
#3213 = CARTESIAN_POINT('',(35.028957254361,0.3));
#3214 = CARTESIAN_POINT('',(34.982697270705,0.3));
#3215 = CARTESIAN_POINT('',(34.936437353914,0.3));
#3216 = CARTESIAN_POINT('',(34.890177590379,0.3));
#3217 = CARTESIAN_POINT('',(34.843917885925,0.3));
#3218 = CARTESIAN_POINT('',(34.797658105403,0.3));
#3219 = CARTESIAN_POINT('',(34.751398212275,0.3));
#3220 = CARTESIAN_POINT('',(34.653738617905,0.3));
#3221 = CARTESIAN_POINT('',(34.602338827608,0.3));
#3222 = CARTESIAN_POINT('',(34.550939037312,0.3));
#3223 = CARTESIAN_POINT('',(34.499539247015,0.3));
#3224 = CARTESIAN_POINT('',(34.448139456719,0.3));
#3225 = CARTESIAN_POINT('',(34.396739666422,0.3));
#3226 = CARTESIAN_POINT('',(34.345339876125,0.3));
#3227 = CARTESIAN_POINT('',(34.115834371011,0.3));
#3228 = CARTESIAN_POINT('',(33.937247460786,0.3));
#3229 = CARTESIAN_POINT('',(33.756877304143,0.3));
#3230 = CARTESIAN_POINT('',(33.573904450612,0.3));
#3231 = CARTESIAN_POINT('',(33.387906937388,0.3));
#3232 = CARTESIAN_POINT('',(33.19885079373,0.3));
#3233 = CARTESIAN_POINT('',(33.007100062518,0.3));
#3234 = CARTESIAN_POINT('',(32.777647329313,0.3));
#3235 = CARTESIAN_POINT('',(32.741666319582,0.3));
#3236 = CARTESIAN_POINT('',(32.705685228011,0.3));
#3237 = CARTESIAN_POINT('',(32.669705245659,0.3));
#3238 = CARTESIAN_POINT('',(32.633726622727,0.3));
#3239 = CARTESIAN_POINT('',(32.597748668561,0.3));
#3240 = CARTESIAN_POINT('',(32.561769751651,0.3));
#3241 = CARTESIAN_POINT('',(32.398732511393,0.3));
#3242 = CARTESIAN_POINT('',(32.272314908281,0.3));
#3243 = CARTESIAN_POINT('',(32.14691053317,0.3));
#3244 = CARTESIAN_POINT('',(32.022739850066,0.3));
#3245 = CARTESIAN_POINT('',(31.899905787056,0.3));
#3246 = CARTESIAN_POINT('',(31.778408704391,0.3));
#3247 = CARTESIAN_POINT('',(31.658146907652,0.3));
#3248 = CARTESIAN_POINT('',(31.449970852226,0.3));
#3249 = CARTESIAN_POINT('',(31.361626504488,0.3));
#3250 = CARTESIAN_POINT('',(31.273807498991,0.3));
#3251 = CARTESIAN_POINT('',(31.186441375866,0.3));
#3252 = CARTESIAN_POINT('',(31.09945179077,0.3));
#3253 = CARTESIAN_POINT('',(31.012756306541,0.3));
#3254 = CARTESIAN_POINT('',(30.926264184859,0.3));
#3255 = CARTESIAN_POINT('',(30.773144691395,0.3));
#3256 = CARTESIAN_POINT('',(30.706480463942,0.3));
#3257 = CARTESIAN_POINT('',(30.639837078537,0.3));
#3258 = CARTESIAN_POINT('',(30.573169932511,0.3));
#3259 = CARTESIAN_POINT('',(30.506433365535,0.3));
#3260 = CARTESIAN_POINT('',(30.439579787626,0.3));
#3261 = CARTESIAN_POINT('',(30.372558807149,0.3));
#3262 = CARTESIAN_POINT('',(30.254411335193,0.3));
#3263 = CARTESIAN_POINT('',(30.203382737841,0.3));
#3264 = CARTESIAN_POINT('',(30.152187461348,0.3));
#3265 = CARTESIAN_POINT('',(30.100837895167,0.3));
#3266 = CARTESIAN_POINT('',(30.049353516489,0.3));
#3267 = CARTESIAN_POINT('',(29.997738982851,0.3));
#3268 = CARTESIAN_POINT('',(29.94598872449,0.3));
#3269 = CARTESIAN_POINT('',(29.742569995279,0.3));
#3270 = CARTESIAN_POINT('',(29.589972751912,0.3));
#3271 = CARTESIAN_POINT('',(29.436481598754,0.3));
#3272 = CARTESIAN_POINT('',(29.282245590702,0.3));
#3273 = CARTESIAN_POINT('',(29.127405889336,0.3));
#3274 = CARTESIAN_POINT('',(28.972094107104,0.3));
#3275 = CARTESIAN_POINT('',(28.816430651517,0.3));
#3276 = CARTESIAN_POINT('',(28.542512315282,0.3));
#3277 = CARTESIAN_POINT('',(28.424361308911,0.3));
#3278 = CARTESIAN_POINT('',(28.306114810055,0.3));
#3279 = CARTESIAN_POINT('',(28.187814148652,0.3));
#3280 = CARTESIAN_POINT('',(28.069497055056,0.3));
#3281 = CARTESIAN_POINT('',(27.951197490375,0.3));
#3282 = CARTESIAN_POINT('',(27.832945476788,0.3));
#3283 = CARTESIAN_POINT('',(27.658227740388,0.3));
#3284 = CARTESIAN_POINT('',(27.601687902602,0.3));
#3285 = CARTESIAN_POINT('',(27.545145723873,0.3));
#3286 = CARTESIAN_POINT('',(27.488607692852,0.3));
#3287 = CARTESIAN_POINT('',(27.432069937908,0.3));
#3288 = CARTESIAN_POINT('',(27.375528089916,0.3));
#3289 = CARTESIAN_POINT('',(27.318987876058,0.3));
#3290 = CARTESIAN_POINT('',(27.200769024911,0.3));
#3291 = CARTESIAN_POINT('',(27.139089276555,0.3));
#3292 = CARTESIAN_POINT('',(27.0774095282,0.3));
#3293 = CARTESIAN_POINT('',(27.015729779844,0.3));
#3294 = CARTESIAN_POINT('',(26.954050031488,0.3));
#3295 = CARTESIAN_POINT('',(26.892370283132,0.3));
#3296 = CARTESIAN_POINT('',(26.830690534776,0.3));
#3297 = CARTESIAN_POINT('',(26.542084878851,0.3));
#3298 = CARTESIAN_POINT('',(26.315458556402,0.3));
#3299 = CARTESIAN_POINT('',(26.089095182335,0.3));
#3300 = CARTESIAN_POINT('',(25.862955381226,0.3));
#3301 = CARTESIAN_POINT('',(25.636996853682,0.3));
#3302 = CARTESIAN_POINT('',(25.411174191053,0.3));
#3303 = CARTESIAN_POINT('',(25.185438690155,0.3));
#3304 = CARTESIAN_POINT('',(24.846671302315,0.3));
#3305 = CARTESIAN_POINT('',(24.733613633497,0.3));
#3306 = CARTESIAN_POINT('',(24.620558823739,0.3));
#3307 = CARTESIAN_POINT('',(24.507500478401,0.3));
#3308 = CARTESIAN_POINT('',(24.394432145995,0.3));
#3309 = CARTESIAN_POINT('',(24.281347318185,0.3));
#3310 = CARTESIAN_POINT('',(24.168239429786,0.3));
#3311 = CARTESIAN_POINT('',(23.603859341659,0.3));
#3312 = CARTESIAN_POINT('',(23.152149227693,0.3));
#3313 = CARTESIAN_POINT('',(22.700050706543,0.3));
#3314 = CARTESIAN_POINT('',(22.247643965559,0.3));
#3315 = CARTESIAN_POINT('',(21.795009888925,0.3));
#3316 = CARTESIAN_POINT('',(21.342229756824,0.3));
#3317 = CARTESIAN_POINT('',(20.889384944594,0.3));
#3318 = CARTESIAN_POINT('',(19.987291326372,0.3));
#3319 = CARTESIAN_POINT('',(19.261062075439,0.3));
#3320 = CARTESIAN_POINT('',(18.518519113429,0.3));
#3321 = CARTESIAN_POINT('',(17.931574385748,0.3));
#3322 = CARTESIAN_POINT('',(17.571622166191,0.3));
#3323 = CARTESIAN_POINT('',(17.40751492691,0.3));
#3324 = CARTESIAN_POINT('',(17.297548232622,0.3));
#3325 = CARTESIAN_POINT('',(16.774636319003,0.3));
#3326 = CARTESIAN_POINT('',(16.566870849869,0.3));
#3327 = CARTESIAN_POINT('',(16.359152244332,0.3));
#3328 = CARTESIAN_POINT('',(16.151439904831,0.3));
#3329 = CARTESIAN_POINT('',(15.94369454171,0.3));
#3330 = CARTESIAN_POINT('',(15.735878016466,0.3));
#3331 = CARTESIAN_POINT('',(15.527953184993,0.3));
#3332 = CARTESIAN_POINT('',(15.319883740818,0.3));
#3333 = ( GEOMETRIC_REPRESENTATION_CONTEXT(2) 
PARAMETRIC_REPRESENTATION_CONTEXT() REPRESENTATION_CONTEXT('2D SPACE',''
  ) );
#3334 = ORIENTED_EDGE('',*,*,#3335,.T.);
#3335 = EDGE_CURVE('',#2777,#2438,#3336,.T.);
#3336 = SURFACE_CURVE('',#3337,(#3341,#3348),.PCURVE_S1.);
#3337 = LINE('',#3338,#3339);
#3338 = CARTESIAN_POINT('',(-63.35016060753,-3.125,4.));
#3339 = VECTOR('',#3340,1.);
#3340 = DIRECTION('',(-1.,0.,-2.011080212013E-18));
#3341 = PCURVE('',#2511,#3342);
#3342 = DEFINITIONAL_REPRESENTATION('',(#3343),#3347);
#3343 = LINE('',#3344,#3345);
#3344 = CARTESIAN_POINT('',(-36.43645612053,-3.951078064246));
#3345 = VECTOR('',#3346,1.);
#3346 = DIRECTION('',(-0.994533904972,-0.104414136312));
#3347 = ( GEOMETRIC_REPRESENTATION_CONTEXT(2) 
PARAMETRIC_REPRESENTATION_CONTEXT() REPRESENTATION_CONTEXT('2D SPACE',''
  ) );
#3348 = PCURVE('',#2457,#3349);
#3349 = DEFINITIONAL_REPRESENTATION('',(#3350),#3354);
#3350 = LINE('',#3351,#3352);
#3351 = CARTESIAN_POINT('',(104.,36.649839392466));
#3352 = VECTOR('',#3353,1.);
#3353 = DIRECTION('',(-2.011080212013E-18,-1.));
#3354 = ( GEOMETRIC_REPRESENTATION_CONTEXT(2) 
PARAMETRIC_REPRESENTATION_CONTEXT() REPRESENTATION_CONTEXT('2D SPACE',''
  ) );
#3355 = FACE_BOUND('',#3356,.T.);
#3356 = EDGE_LOOP('',(#3357));
#3357 = ORIENTED_EDGE('',*,*,#3358,.T.);
#3358 = EDGE_CURVE('',#3359,#3359,#3361,.T.);
#3359 = VERTEX_POINT('',#3360);
#3360 = CARTESIAN_POINT('',(-7.700321215068,-17.375,4.));
#3361 = SURFACE_CURVE('',#3362,(#3367,#3378),.PCURVE_S1.);
#3362 = CIRCLE('',#3363,1.5);
#3363 = AXIS2_PLACEMENT_3D('',#3364,#3365,#3366);
#3364 = CARTESIAN_POINT('',(-9.200321215068,-17.375,4.));
#3365 = DIRECTION('',(0.,0.,-1.));
#3366 = DIRECTION('',(1.,0.,0.));
#3367 = PCURVE('',#2511,#3368);
#3368 = DEFINITIONAL_REPRESENTATION('',(#3369),#3377);
#3369 = ( BOUNDED_CURVE() B_SPLINE_CURVE(2,(#3370,#3371,#3372,#3373,
#3374,#3375,#3376),.UNSPECIFIED.,.T.,.F.) B_SPLINE_CURVE_WITH_KNOTS((1,2
    ,2,2,2,1),(-2.094395102393,0.,2.094395102393,4.188790204786,
6.28318530718,8.377580409573),.UNSPECIFIED.) CURVE() 
GEOMETRIC_REPRESENTATION_ITEM() RATIONAL_B_SPLINE_CURVE((1.,0.5,1.,0.5,
1.,0.5,1.)) REPRESENTATION_ITEM('') );
#3370 = CARTESIAN_POINT('',(20.397097403942,-12.31255629404));
#3371 = CARTESIAN_POINT('',(20.668373287623,-14.89643117393));
#3372 = CARTESIAN_POINT('',(18.295034059596,-13.83942554069));
#3373 = CARTESIAN_POINT('',(15.92169483157,-12.78241990745));
#3374 = CARTESIAN_POINT('',(18.023758175916,-11.2555506608));
#3375 = CARTESIAN_POINT('',(20.125821520262,-9.728681414156));
#3376 = CARTESIAN_POINT('',(20.397097403942,-12.31255629404));
#3377 = ( GEOMETRIC_REPRESENTATION_CONTEXT(2) 
PARAMETRIC_REPRESENTATION_CONTEXT() REPRESENTATION_CONTEXT('2D SPACE',''
  ) );
#3378 = PCURVE('',#3379,#3384);
#3379 = CYLINDRICAL_SURFACE('',#3380,1.5);
#3380 = AXIS2_PLACEMENT_3D('',#3381,#3382,#3383);
#3381 = CARTESIAN_POINT('',(-9.200321215068,-17.375,3.4));
#3382 = DIRECTION('',(-0.,-0.,-1.));
#3383 = DIRECTION('',(1.,0.,0.));
#3384 = DEFINITIONAL_REPRESENTATION('',(#3385),#3389);
#3385 = LINE('',#3386,#3387);
#3386 = CARTESIAN_POINT('',(-6.28318530718,-0.6));
#3387 = VECTOR('',#3388,1.);
#3388 = DIRECTION('',(1.,-0.));
#3389 = ( GEOMETRIC_REPRESENTATION_CONTEXT(2) 
PARAMETRIC_REPRESENTATION_CONTEXT() REPRESENTATION_CONTEXT('2D SPACE',''
  ) );
#3390 = FACE_BOUND('',#3391,.T.);
#3391 = EDGE_LOOP('',(#3392,#3422,#3450,#3478,#3580,#3608,#3636));
#3392 = ORIENTED_EDGE('',*,*,#3393,.F.);
#3393 = EDGE_CURVE('',#3394,#3396,#3398,.T.);
#3394 = VERTEX_POINT('',#3395);
#3395 = CARTESIAN_POINT('',(9.027686597432,-18.24399759928,4.));
#3396 = VERTEX_POINT('',#3397);
#3397 = CARTESIAN_POINT('',(9.027686597432,-20.20000020345,4.));
#3398 = SURFACE_CURVE('',#3399,(#3403,#3410),.PCURVE_S1.);
#3399 = LINE('',#3400,#3401);
#3400 = CARTESIAN_POINT('',(9.027686597432,-11.60000010172,4.));
#3401 = VECTOR('',#3402,1.);
#3402 = DIRECTION('',(-0.,-1.,-1.915533209503E-17));
#3403 = PCURVE('',#2511,#3404);
#3404 = DEFINITIONAL_REPRESENTATION('',(#3405),#3409);
#3405 = LINE('',#3406,#3407);
#3406 = CARTESIAN_POINT('',(36.430676709527,-4.822482606049));
#3407 = VECTOR('',#3408,1.);
#3408 = DIRECTION('',(0.104414136312,-0.994533904972));
#3409 = ( GEOMETRIC_REPRESENTATION_CONTEXT(2) 
PARAMETRIC_REPRESENTATION_CONTEXT() REPRESENTATION_CONTEXT('2D SPACE',''
  ) );
#3410 = PCURVE('',#3411,#3416);
#3411 = PLANE('',#3412);
#3412 = AXIS2_PLACEMENT_3D('',#3413,#3414,#3415);
#3413 = CARTESIAN_POINT('',(9.027686597432,-20.20000020345,3.4));
#3414 = DIRECTION('',(-1.,0.,0.));
#3415 = DIRECTION('',(0.,1.,0.));
#3416 = DEFINITIONAL_REPRESENTATION('',(#3417),#3421);
#3417 = LINE('',#3418,#3419);
#3418 = CARTESIAN_POINT('',(8.600000101725,-0.6));
#3419 = VECTOR('',#3420,1.);
#3420 = DIRECTION('',(-1.,1.915533209503E-17));
#3421 = ( GEOMETRIC_REPRESENTATION_CONTEXT(2) 
PARAMETRIC_REPRESENTATION_CONTEXT() REPRESENTATION_CONTEXT('2D SPACE',''
  ) );
#3422 = ORIENTED_EDGE('',*,*,#3423,.F.);
#3423 = EDGE_CURVE('',#3424,#3394,#3426,.T.);
#3424 = VERTEX_POINT('',#3425);
#3425 = CARTESIAN_POINT('',(8.347686597432,-18.24399759928,4.));
#3426 = SURFACE_CURVE('',#3427,(#3431,#3438),.PCURVE_S1.);
#3427 = LINE('',#3428,#3429);
#3428 = CARTESIAN_POINT('',(-8.836317308818,-18.24399759928,4.));
#3429 = VECTOR('',#3430,1.);
#3430 = DIRECTION('',(1.,0.,2.011080212013E-18));
#3431 = PCURVE('',#2511,#3432);
#3432 = DEFINITIONAL_REPRESENTATION('',(#3433),#3437);
#3433 = LINE('',#3434,#3435);
#3434 = CARTESIAN_POINT('',(19.358046406579,-13.29541792085));
#3435 = VECTOR('',#3436,1.);
#3436 = DIRECTION('',(0.994533904972,0.104414136312));
#3437 = ( GEOMETRIC_REPRESENTATION_CONTEXT(2) 
PARAMETRIC_REPRESENTATION_CONTEXT() REPRESENTATION_CONTEXT('2D SPACE',''
  ) );
#3438 = PCURVE('',#3439,#3444);
#3439 = PLANE('',#3440);
#3440 = AXIS2_PLACEMENT_3D('',#3441,#3442,#3443);
#3441 = CARTESIAN_POINT('',(9.027686597432,-18.24399759928,3.4));
#3442 = DIRECTION('',(0.,-1.,0.));
#3443 = DIRECTION('',(-1.,0.,0.));
#3444 = DEFINITIONAL_REPRESENTATION('',(#3445),#3449);
#3445 = LINE('',#3446,#3447);
#3446 = CARTESIAN_POINT('',(17.86400390625,-0.6));
#3447 = VECTOR('',#3448,1.);
#3448 = DIRECTION('',(-1.,-2.011080212013E-18));
#3449 = ( GEOMETRIC_REPRESENTATION_CONTEXT(2) 
PARAMETRIC_REPRESENTATION_CONTEXT() REPRESENTATION_CONTEXT('2D SPACE',''
  ) );
#3450 = ORIENTED_EDGE('',*,*,#3451,.F.);
#3451 = EDGE_CURVE('',#3452,#3424,#3454,.T.);
#3452 = VERTEX_POINT('',#3453);
#3453 = CARTESIAN_POINT('',(8.347686597432,-17.87200541178,4.));
#3454 = SURFACE_CURVE('',#3455,(#3459,#3466),.PCURVE_S1.);
#3455 = LINE('',#3456,#3457);
#3456 = CARTESIAN_POINT('',(8.347686597432,-10.62199879964,4.));
#3457 = VECTOR('',#3458,1.);
#3458 = DIRECTION('',(-0.,-1.,-1.915533209503E-17));
#3459 = PCURVE('',#2511,#3460);
#3460 = DEFINITIONAL_REPRESENTATION('',(#3461),#3465);
#3461 = LINE('',#3462,#3463);
#3462 = CARTESIAN_POINT('',(35.652276492878,-3.920828764712));
#3463 = VECTOR('',#3464,1.);
#3464 = DIRECTION('',(0.104414136312,-0.994533904972));
#3465 = ( GEOMETRIC_REPRESENTATION_CONTEXT(2) 
PARAMETRIC_REPRESENTATION_CONTEXT() REPRESENTATION_CONTEXT('2D SPACE',''
  ) );
#3466 = PCURVE('',#3467,#3472);
#3467 = PLANE('',#3468);
#3468 = AXIS2_PLACEMENT_3D('',#3469,#3470,#3471);
#3469 = CARTESIAN_POINT('',(8.347686597432,-18.24399759928,3.4));
#3470 = DIRECTION('',(-1.,0.,0.));
#3471 = DIRECTION('',(0.,1.,0.));
#3472 = DEFINITIONAL_REPRESENTATION('',(#3473),#3477);
#3473 = LINE('',#3474,#3475);
#3474 = CARTESIAN_POINT('',(7.621998799642,-0.6));
#3475 = VECTOR('',#3476,1.);
#3476 = DIRECTION('',(-1.,1.915533209503E-17));
#3477 = ( GEOMETRIC_REPRESENTATION_CONTEXT(2) 
PARAMETRIC_REPRESENTATION_CONTEXT() REPRESENTATION_CONTEXT('2D SPACE',''
  ) );
#3478 = ORIENTED_EDGE('',*,*,#3479,.F.);
#3479 = EDGE_CURVE('',#3480,#3452,#3482,.T.);
#3480 = VERTEX_POINT('',#3481);
#3481 = CARTESIAN_POINT('',(9.215681389098,-17.36399759928,4.));
#3482 = SURFACE_CURVE('',#3483,(#3511,#3542),.PCURVE_S1.);
#3483 = B_SPLINE_CURVE_WITH_KNOTS('',6,(#3484,#3485,#3486,#3487,#3488,
    #3489,#3490,#3491,#3492,#3493,#3494,#3495,#3496,#3497,#3498,#3499,
    #3500,#3501,#3502,#3503,#3504,#3505,#3506,#3507,#3508,#3509,#3510),
  .UNSPECIFIED.,.F.,.F.,(7,5,5,5,5,7),(0.,8.75965872643E-02,
    0.269967518896,0.531124541169,0.674056679085,1.),.UNSPECIFIED.);
#3484 = CARTESIAN_POINT('',(9.215681389098,-17.36399759928,4.));
#3485 = CARTESIAN_POINT('',(9.211733019435,-17.37919247425,4.));
#3486 = CARTESIAN_POINT('',(9.207436429224,-17.39420726179,4.));
#3487 = CARTESIAN_POINT('',(9.202785231255,-17.40903116344,4.));
#3488 = CARTESIAN_POINT('',(9.197774020177,-17.42365329007,4.));
#3489 = CARTESIAN_POINT('',(9.192398372495,-17.4380626619,4.));
#3490 = CARTESIAN_POINT('',(9.174697164131,-17.48178168029,4.));
#3491 = CARTESIAN_POINT('',(9.161144218871,-17.51034738927,4.));
#3492 = CARTESIAN_POINT('',(9.145967501232,-17.53784186669,4.));
#3493 = CARTESIAN_POINT('',(9.129160296475,-17.56417079429,4.));
#3494 = CARTESIAN_POINT('',(9.110743411887,-17.58925310122,4.));
#3495 = CARTESIAN_POINT('',(9.062170070286,-17.64706674831,4.));
#3496 = CARTESIAN_POINT('',(9.030370698654,-17.67843129238,4.));
#3497 = CARTESIAN_POINT('',(8.995534871071,-17.70692099829,4.));
#3498 = CARTESIAN_POINT('',(8.95791709828,-17.73247501404,4.));
#3499 = CARTESIAN_POINT('',(8.917828202671,-17.75513181159,4.));
#3500 = CARTESIAN_POINT('',(8.852487123157,-17.78586103557,4.));
#3501 = CARTESIAN_POINT('',(8.82873048098,-17.79589428392,4.));
#3502 = CARTESIAN_POINT('',(8.804379758343,-17.80510920675,4.));
#3503 = CARTESIAN_POINT('',(8.779484336508,-17.81352933636,4.));
#3504 = CARTESIAN_POINT('',(8.75409100611,-17.82118181203,4.));
#3505 = CARTESIAN_POINT('',(8.66929733977,-17.84386069129,4.));
#3506 = CARTESIAN_POINT('',(8.607997735291,-17.85577957002,4.));
#3507 = CARTESIAN_POINT('',(8.544827909316,-17.86420230824,4.));
#3508 = CARTESIAN_POINT('',(8.480198560984,-17.869499727,4.));
#3509 = CARTESIAN_POINT('',(8.414417844145,-17.87200541178,4.));
#3510 = CARTESIAN_POINT('',(8.347686597432,-17.87200541178,4.));
#3511 = PCURVE('',#2511,#3512);
#3512 = DEFINITIONAL_REPRESENTATION('',(#3513),#3541);
#3513 = B_SPLINE_CURVE_WITH_KNOTS('',6,(#3514,#3515,#3516,#3517,#3518,
    #3519,#3520,#3521,#3522,#3523,#3524,#3525,#3526,#3527,#3528,#3529,
    #3530,#3531,#3532,#3533,#3534,#3535,#3536,#3537,#3538,#3539,#3540),
  .UNSPECIFIED.,.F.,.F.,(7,5,5,5,5,7),(0.,8.75965872643E-02,
    0.269967518896,0.531124541169,0.674056679085,1.),.UNSPECIFIED.);
#3514 = CARTESIAN_POINT('',(37.219486724208,-10.53534423174));
#3515 = CARTESIAN_POINT('',(37.217146496454,-10.55086831568));
#3516 = CARTESIAN_POINT('',(37.214441147886,-10.56624965572));
#3517 = CARTESIAN_POINT('',(37.211363198695,-10.58147817934));
#3518 = CARTESIAN_POINT('',(37.207906136097,-10.59654362131));
#3519 = CARTESIAN_POINT('',(37.20406441433,-10.61143552375));
#3520 = CARTESIAN_POINT('',(37.191024845999,-10.65676382622));
#3521 = CARTESIAN_POINT('',(37.180528646257,-10.68658851139));
#3522 = CARTESIAN_POINT('',(37.168305698111,-10.71551736525));
#3523 = CARTESIAN_POINT('',(37.154339475368,-10.7434572862));
#3524 = CARTESIAN_POINT('',(37.138642206637,-10.77032547395));
#3525 = CARTESIAN_POINT('',(37.096370933565,-10.83289484967));
#3526 = CARTESIAN_POINT('',(37.0680202821,-10.86740825608));
#3527 = CARTESIAN_POINT('',(37.036349598497,-10.8993795874));
#3528 = CARTESIAN_POINT('',(37.001605648511,-10.92872174973));
#3529 = CARTESIAN_POINT('',(36.964101572562,-10.95544055048));
#3530 = CARTESIAN_POINT('',(36.90232621898,-10.99282433799));
#3531 = CARTESIAN_POINT('',(36.879747045827,-11.00528327292));
#3532 = CARTESIAN_POINT('',(36.856491594763,-11.01699038578));
#3533 = CARTESIAN_POINT('',(36.83261143423,-11.02796392413));
#3534 = CARTESIAN_POINT('',(36.808155932826,-11.0382259933));
#3535 = CARTESIAN_POINT('',(36.726193752315,-11.06963456509));
#3536 = CARTESIAN_POINT('',(36.666473716729,-11.08788883936));
#3537 = CARTESIAN_POINT('',(36.604528635962,-11.10286136091));
#3538 = CARTESIAN_POINT('',(36.540805683193,-11.11487804105));
#3539 = CARTESIAN_POINT('',(36.475646158916,-11.12423846626));
#3540 = CARTESIAN_POINT('',(36.409279671538,-11.13120615175));
#3541 = ( GEOMETRIC_REPRESENTATION_CONTEXT(2) 
PARAMETRIC_REPRESENTATION_CONTEXT() REPRESENTATION_CONTEXT('2D SPACE',''
  ) );
#3542 = PCURVE('',#3543,#3550);
#3543 = SURFACE_OF_LINEAR_EXTRUSION('',#3544,#3548);
#3544 = B_SPLINE_CURVE_WITH_KNOTS('',2,(#3545,#3546,#3547),
  .UNSPECIFIED.,.F.,.F.,(3,3),(0.,1.),.PIECEWISE_BEZIER_KNOTS.);
#3545 = CARTESIAN_POINT('',(8.347686597432,-17.87200541178,3.4));
#3546 = CARTESIAN_POINT('',(9.083676180765,-17.87200541178,3.4));
#3547 = CARTESIAN_POINT('',(9.215681389098,-17.36399759928,3.4));
#3548 = VECTOR('',#3549,1.);
#3549 = DIRECTION('',(-0.,-0.,-1.));
#3550 = DEFINITIONAL_REPRESENTATION('',(#3551),#3579);
#3551 = B_SPLINE_CURVE_WITH_KNOTS('',6,(#3552,#3553,#3554,#3555,#3556,
    #3557,#3558,#3559,#3560,#3561,#3562,#3563,#3564,#3565,#3566,#3567,
    #3568,#3569,#3570,#3571,#3572,#3573,#3574,#3575,#3576,#3577,#3578),
  .UNSPECIFIED.,.F.,.F.,(7,5,5,5,5,7),(0.,8.75965872643E-02,
    0.269967518896,0.531124541169,0.674056679085,1.),.UNSPECIFIED.);
#3552 = CARTESIAN_POINT('',(1.,-0.6));
#3553 = CARTESIAN_POINT('',(0.985044644401,-0.6));
#3554 = CARTESIAN_POINT('',(0.969998180389,-0.6));
#3555 = CARTESIAN_POINT('',(0.954864990758,-0.6));
#3556 = CARTESIAN_POINT('',(0.939650198561,-0.6));
#3557 = CARTESIAN_POINT('',(0.924359667116,-0.6));
#3558 = CARTESIAN_POINT('',(0.877022078382,-0.6));
#3559 = CARTESIAN_POINT('',(0.844742071571,-0.6));
#3560 = CARTESIAN_POINT('',(0.812224183746,-0.6));
#3561 = CARTESIAN_POINT('',(0.779540034683,-0.6));
#3562 = CARTESIAN_POINT('',(0.746769241432,-0.6));
#3563 = CARTESIAN_POINT('',(0.66707411418,-0.6));
#3564 = CARTESIAN_POINT('',(0.620137624172,-0.6));
#3565 = CARTESIAN_POINT('',(0.57346032107,-0.6));
#3566 = CARTESIAN_POINT('',(0.527264259201,-0.6));
#3567 = CARTESIAN_POINT('',(0.481729524018,-0.6));
#3568 = CARTESIAN_POINT('',(0.412519377422,-0.6));
#3569 = CARTESIAN_POINT('',(0.388276204547,-0.6));
#3570 = CARTESIAN_POINT('',(0.364290405643,-0.6));
#3571 = CARTESIAN_POINT('',(0.340576521038,-0.6));
#3572 = CARTESIAN_POINT('',(0.317144417729,-0.6));
#3573 = CARTESIAN_POINT('',(0.24122132835,-0.6));
#3574 = CARTESIAN_POINT('',(0.189950028504,-0.6));
#3575 = CARTESIAN_POINT('',(0.140232035654,-0.6));
#3576 = CARTESIAN_POINT('',(9.20468466911E-02,-0.6));
#3577 = CARTESIAN_POINT('',(4.533436900806E-02,-0.6));
#3578 = CARTESIAN_POINT('',(0.,-0.6));
#3579 = ( GEOMETRIC_REPRESENTATION_CONTEXT(2) 
PARAMETRIC_REPRESENTATION_CONTEXT() REPRESENTATION_CONTEXT('2D SPACE',''
  ) );
#3580 = ORIENTED_EDGE('',*,*,#3581,.F.);
#3581 = EDGE_CURVE('',#3582,#3480,#3584,.T.);
#3582 = VERTEX_POINT('',#3583);
#3583 = CARTESIAN_POINT('',(9.587686597432,-17.36399759928,4.));
#3584 = SURFACE_CURVE('',#3585,(#3589,#3596),.PCURVE_S1.);
#3585 = LINE('',#3586,#3587);
#3586 = CARTESIAN_POINT('',(-8.742319912985,-17.36399759928,4.));
#3587 = VECTOR('',#3588,1.);
#3588 = DIRECTION('',(-1.,0.,-2.011080212013E-18));
#3589 = PCURVE('',#2511,#3590);
#3590 = DEFINITIONAL_REPRESENTATION('',(#3591),#3595);
#3591 = LINE('',#3592,#3593);
#3592 = CARTESIAN_POINT('',(19.35964556376,-12.41041342758));
#3593 = VECTOR('',#3594,1.);
#3594 = DIRECTION('',(-0.994533904972,-0.104414136312));
#3595 = ( GEOMETRIC_REPRESENTATION_CONTEXT(2) 
PARAMETRIC_REPRESENTATION_CONTEXT() REPRESENTATION_CONTEXT('2D SPACE',''
  ) );
#3596 = PCURVE('',#3597,#3602);
#3597 = PLANE('',#3598);
#3598 = AXIS2_PLACEMENT_3D('',#3599,#3600,#3601);
#3599 = CARTESIAN_POINT('',(9.215681389098,-17.36399759928,3.4));
#3600 = DIRECTION('',(0.,1.,0.));
#3601 = DIRECTION('',(1.,0.,0.));
#3602 = DEFINITIONAL_REPRESENTATION('',(#3603),#3607);
#3603 = LINE('',#3604,#3605);
#3604 = CARTESIAN_POINT('',(-17.95800130208,-0.6));
#3605 = VECTOR('',#3606,1.);
#3606 = DIRECTION('',(-1.,2.011080212013E-18));
#3607 = ( GEOMETRIC_REPRESENTATION_CONTEXT(2) 
PARAMETRIC_REPRESENTATION_CONTEXT() REPRESENTATION_CONTEXT('2D SPACE',''
  ) );
#3608 = ORIENTED_EDGE('',*,*,#3609,.F.);
#3609 = EDGE_CURVE('',#3610,#3582,#3612,.T.);
#3610 = VERTEX_POINT('',#3611);
#3611 = CARTESIAN_POINT('',(9.587686597432,-20.20000020345,4.));
#3612 = SURFACE_CURVE('',#3613,(#3617,#3624),.PCURVE_S1.);
#3613 = LINE('',#3614,#3615);
#3614 = CARTESIAN_POINT('',(9.587686597432,-10.18199879964,4.));
#3615 = VECTOR('',#3616,1.);
#3616 = DIRECTION('',(-0.,1.,1.915533209503E-17));
#3617 = PCURVE('',#2511,#3618);
#3618 = DEFINITIONAL_REPRESENTATION('',(#3619),#3623);
#3619 = LINE('',#3620,#3621);
#3620 = CARTESIAN_POINT('',(36.839556315066,-3.353760317498));
#3621 = VECTOR('',#3622,1.);
#3622 = DIRECTION('',(-0.104414136312,0.994533904972));
#3623 = ( GEOMETRIC_REPRESENTATION_CONTEXT(2) 
PARAMETRIC_REPRESENTATION_CONTEXT() REPRESENTATION_CONTEXT('2D SPACE',''
  ) );
#3624 = PCURVE('',#3625,#3630);
#3625 = PLANE('',#3626);
#3626 = AXIS2_PLACEMENT_3D('',#3627,#3628,#3629);
#3627 = CARTESIAN_POINT('',(9.587686597432,-17.36399759928,3.4));
#3628 = DIRECTION('',(1.,0.,0.));
#3629 = DIRECTION('',(0.,-1.,0.));
#3630 = DEFINITIONAL_REPRESENTATION('',(#3631),#3635);
#3631 = LINE('',#3632,#3633);
#3632 = CARTESIAN_POINT('',(-7.181998799642,-0.6));
#3633 = VECTOR('',#3634,1.);
#3634 = DIRECTION('',(-1.,-1.915533209503E-17));
#3635 = ( GEOMETRIC_REPRESENTATION_CONTEXT(2) 
PARAMETRIC_REPRESENTATION_CONTEXT() REPRESENTATION_CONTEXT('2D SPACE',''
  ) );
#3636 = ORIENTED_EDGE('',*,*,#3637,.F.);
#3637 = EDGE_CURVE('',#3396,#3610,#3638,.T.);
#3638 = SURFACE_CURVE('',#3639,(#3643,#3650),.PCURVE_S1.);
#3639 = LINE('',#3640,#3641);
#3640 = CARTESIAN_POINT('',(-8.556317308818,-20.20000020345,4.));
#3641 = VECTOR('',#3642,1.);
#3642 = DIRECTION('',(1.,0.,2.011080212013E-18));
#3643 = PCURVE('',#2511,#3644);
#3644 = DEFINITIONAL_REPRESENTATION('',(#3645),#3649);
#3645 = LINE('',#3646,#3647);
#3646 = CARTESIAN_POINT('',(19.840750222508,-15.21149287074));
#3647 = VECTOR('',#3648,1.);
#3648 = DIRECTION('',(0.994533904972,0.104414136312));
#3649 = ( GEOMETRIC_REPRESENTATION_CONTEXT(2) 
PARAMETRIC_REPRESENTATION_CONTEXT() REPRESENTATION_CONTEXT('2D SPACE',''
  ) );
#3650 = PCURVE('',#3651,#3656);
#3651 = PLANE('',#3652);
#3652 = AXIS2_PLACEMENT_3D('',#3653,#3654,#3655);
#3653 = CARTESIAN_POINT('',(9.587686597432,-20.20000020345,3.4));
#3654 = DIRECTION('',(0.,-1.,0.));
#3655 = DIRECTION('',(-1.,0.,0.));
#3656 = DEFINITIONAL_REPRESENTATION('',(#3657),#3661);
#3657 = LINE('',#3658,#3659);
#3658 = CARTESIAN_POINT('',(18.14400390625,-0.6));
#3659 = VECTOR('',#3660,1.);
#3660 = DIRECTION('',(-1.,-2.011080212013E-18));
#3661 = ( GEOMETRIC_REPRESENTATION_CONTEXT(2) 
PARAMETRIC_REPRESENTATION_CONTEXT() REPRESENTATION_CONTEXT('2D SPACE',''
  ) );
#3662 = FACE_BOUND('',#3663,.T.);
#3663 = EDGE_LOOP('',(#3664,#3705,#3744,#3783,#3822,#3873,#3930,#3987,
    #4038,#4077,#4116,#4155,#4194,#4245,#4302,#4359));
#3664 = ORIENTED_EDGE('',*,*,#3665,.F.);
#3665 = EDGE_CURVE('',#3666,#3668,#3670,.T.);
#3666 = VERTEX_POINT('',#3667);
#3667 = CARTESIAN_POINT('',(12.205674878682,-18.43000020345,4.));
#3668 = VERTEX_POINT('',#3669);
#3669 = CARTESIAN_POINT('',(12.303676180765,-18.07200541178,4.));
#3670 = SURFACE_CURVE('',#3671,(#3678,#3688),.PCURVE_S1.);
#3671 = B_SPLINE_CURVE_WITH_KNOTS('',5,(#3672,#3673,#3674,#3675,#3676,
    #3677),.UNSPECIFIED.,.F.,.F.,(6,6),(0.,1.),
  .PIECEWISE_BEZIER_KNOTS.);
#3672 = CARTESIAN_POINT('',(12.205674878682,-18.43000020345,4.));
#3673 = CARTESIAN_POINT('',(12.245457761924,-18.37560497971,4.));
#3674 = CARTESIAN_POINT('',(12.275061882571,-18.31205667367,4.));
#3675 = CARTESIAN_POINT('',(12.294343319982,-18.23975140693,4.));
#3676 = CARTESIAN_POINT('',(12.303676180765,-18.15944143929,4.));
#3677 = CARTESIAN_POINT('',(12.303676180765,-18.07200541178,4.));
#3678 = PCURVE('',#2511,#3679);
#3679 = DEFINITIONAL_REPRESENTATION('',(#3680),#3687);
#3680 = B_SPLINE_CURVE_WITH_KNOTS('',5,(#3681,#3682,#3683,#3684,#3685,
    #3686),.UNSPECIFIED.,.F.,.F.,(6,6),(0.,1.),
  .PIECEWISE_BEZIER_KNOTS.);
#3681 = CARTESIAN_POINT('',(40.304442366463,-11.28332237658));
#3682 = CARTESIAN_POINT('',(40.338328162379,-11.22507058691));
#3683 = CARTESIAN_POINT('',(40.3611351226,-11.15877855326));
#3684 = CARTESIAN_POINT('',(40.372761473865,-11.08485525935));
#3685 = CARTESIAN_POINT('',(40.373657824436,-11.00400979102));
#3686 = CARTESIAN_POINT('',(40.36452826714,-10.91705169714));
#3687 = ( GEOMETRIC_REPRESENTATION_CONTEXT(2) 
PARAMETRIC_REPRESENTATION_CONTEXT() REPRESENTATION_CONTEXT('2D SPACE',''
  ) );
#3688 = PCURVE('',#3689,#3696);
#3689 = SURFACE_OF_LINEAR_EXTRUSION('',#3690,#3694);
#3690 = B_SPLINE_CURVE_WITH_KNOTS('',2,(#3691,#3692,#3693),
  .UNSPECIFIED.,.F.,.F.,(3,3),(0.,1.),.PIECEWISE_BEZIER_KNOTS.);
#3691 = CARTESIAN_POINT('',(12.303676180765,-18.07200541178,3.4));
#3692 = CARTESIAN_POINT('',(12.303676180765,-18.29600280761,3.4));
#3693 = CARTESIAN_POINT('',(12.205674878682,-18.43000020345,3.4));
#3694 = VECTOR('',#3695,1.);
#3695 = DIRECTION('',(-0.,-0.,-1.));
#3696 = DEFINITIONAL_REPRESENTATION('',(#3697),#3704);
#3697 = B_SPLINE_CURVE_WITH_KNOTS('',5,(#3698,#3699,#3700,#3701,#3702,
    #3703),.UNSPECIFIED.,.F.,.F.,(6,6),(0.,1.),
  .PIECEWISE_BEZIER_KNOTS.);
#3698 = CARTESIAN_POINT('',(1.,-0.6));
#3699 = CARTESIAN_POINT('',(0.797028802698,-0.6));
#3700 = CARTESIAN_POINT('',(0.594492067355,-0.6));
#3701 = CARTESIAN_POINT('',(0.393569030608,-0.6));
#3702 = CARTESIAN_POINT('',(0.195171973284,-0.6));
#3703 = CARTESIAN_POINT('',(0.,-0.6));
#3704 = ( GEOMETRIC_REPRESENTATION_CONTEXT(2) 
PARAMETRIC_REPRESENTATION_CONTEXT() REPRESENTATION_CONTEXT('2D SPACE',''
  ) );
#3705 = ORIENTED_EDGE('',*,*,#3706,.F.);
#3706 = EDGE_CURVE('',#3707,#3666,#3709,.T.);
#3707 = VERTEX_POINT('',#3708);
#3708 = CARTESIAN_POINT('',(11.935681389098,-18.65600280761,4.));
#3709 = SURFACE_CURVE('',#3710,(#3717,#3727),.PCURVE_S1.);
#3710 = B_SPLINE_CURVE_WITH_KNOTS('',5,(#3711,#3712,#3713,#3714,#3715,
    #3716),.UNSPECIFIED.,.F.,.F.,(6,6),(0.,1.),
  .PIECEWISE_BEZIER_KNOTS.);
#3711 = CARTESIAN_POINT('',(11.935681389098,-18.65600280761,4.));
#3712 = CARTESIAN_POINT('',(12.003702250181,-18.61961584384,4.));
#3713 = CARTESIAN_POINT('',(12.065009046816,-18.57884620358,4.));
#3714 = CARTESIAN_POINT('',(12.119258161818,-18.53363430108,4.));
#3715 = CARTESIAN_POINT('',(12.166191060658,-18.48398651465,4.));
#3716 = CARTESIAN_POINT('',(12.205674878682,-18.43000020345,4.));
#3717 = PCURVE('',#2511,#3718);
#3718 = DEFINITIONAL_REPRESENTATION('',(#3719),#3726);
#3719 = B_SPLINE_CURVE_WITH_KNOTS('',5,(#3720,#3721,#3722,#3723,#3724,
    #3725),.UNSPECIFIED.,.F.,.F.,(6,6),(0.,1.),
  .PIECEWISE_BEZIER_KNOTS.);
#3720 = CARTESIAN_POINT('',(40.059522553669,-11.53628076606));
#3721 = CARTESIAN_POINT('',(40.123372292867,-11.49299035743));
#3722 = CARTESIAN_POINT('',(40.180087053949,-11.44604227167));
#3723 = CARTESIAN_POINT('',(40.229318876383,-11.39541312724));
#3724 = CARTESIAN_POINT('',(40.270811304798,-11.34113626223));
#3725 = CARTESIAN_POINT('',(40.304442366463,-11.28332237658));
#3726 = ( GEOMETRIC_REPRESENTATION_CONTEXT(2) 
PARAMETRIC_REPRESENTATION_CONTEXT() REPRESENTATION_CONTEXT('2D SPACE',''
  ) );
#3727 = PCURVE('',#3728,#3735);
#3728 = SURFACE_OF_LINEAR_EXTRUSION('',#3729,#3733);
#3729 = B_SPLINE_CURVE_WITH_KNOTS('',2,(#3730,#3731,#3732),
  .UNSPECIFIED.,.F.,.F.,(3,3),(0.,1.),.PIECEWISE_BEZIER_KNOTS.);
#3730 = CARTESIAN_POINT('',(12.205674878682,-18.43000020345,3.4));
#3731 = CARTESIAN_POINT('',(12.107673576598,-18.56399759928,3.4));
#3732 = CARTESIAN_POINT('',(11.935681389098,-18.65600280761,3.4));
#3733 = VECTOR('',#3734,1.);
#3734 = DIRECTION('',(-0.,-0.,-1.));
#3735 = DEFINITIONAL_REPRESENTATION('',(#3736),#3743);
#3736 = B_SPLINE_CURVE_WITH_KNOTS('',5,(#3737,#3738,#3739,#3740,#3741,
    #3742),.UNSPECIFIED.,.F.,.F.,(6,6),(0.,1.),
  .PIECEWISE_BEZIER_KNOTS.);
#3737 = CARTESIAN_POINT('',(1.,-0.6));
#3738 = CARTESIAN_POINT('',(0.802255956879,-0.6));
#3739 = CARTESIAN_POINT('',(0.603002995779,-0.6));
#3740 = CARTESIAN_POINT('',(0.402598227367,-0.6));
#3741 = CARTESIAN_POINT('',(0.201445374625,-0.6));
#3742 = CARTESIAN_POINT('',(0.,-0.6));
#3743 = ( GEOMETRIC_REPRESENTATION_CONTEXT(2) 
PARAMETRIC_REPRESENTATION_CONTEXT() REPRESENTATION_CONTEXT('2D SPACE',''
  ) );
#3744 = ORIENTED_EDGE('',*,*,#3745,.F.);
#3745 = EDGE_CURVE('',#3746,#3707,#3748,.T.);
#3746 = VERTEX_POINT('',#3747);
#3747 = CARTESIAN_POINT('',(12.289678784932,-18.96000020345,4.));
#3748 = SURFACE_CURVE('',#3749,(#3756,#3766),.PCURVE_S1.);
#3749 = B_SPLINE_CURVE_WITH_KNOTS('',5,(#3750,#3751,#3752,#3753,#3754,
    #3755),.UNSPECIFIED.,.F.,.F.,(6,6),(0.,1.),
  .PIECEWISE_BEZIER_KNOTS.);
#3750 = CARTESIAN_POINT('',(12.289678784932,-18.96000020345,4.));
#3751 = CARTESIAN_POINT('',(12.244614207342,-18.88953345747,4.));
#3752 = CARTESIAN_POINT('',(12.185800732003,-18.82374547929,4.));
#3753 = CARTESIAN_POINT('',(12.113892103974,-18.76293522424,4.));
#3754 = CARTESIAN_POINT('',(12.030093813443,-18.70707590359,4.));
#3755 = CARTESIAN_POINT('',(11.935681389098,-18.65600280761,4.));
#3756 = PCURVE('',#2511,#3757);
#3757 = DEFINITIONAL_REPRESENTATION('',(#3758),#3765);
#3758 = B_SPLINE_CURVE_WITH_KNOTS('',5,(#3759,#3760,#3761,#3762,#3763,
    #3764),.UNSPECIFIED.,.F.,.F.,(6,6),(0.,1.),
  .PIECEWISE_BEZIER_KNOTS.);
#3759 = CARTESIAN_POINT('',(40.443326591624,-11.80165415089));
#3760 = CARTESIAN_POINT('',(40.391150616878,-11.7362779618));
#3761 = CARTESIAN_POINT('',(40.325789426662,-11.67699054518));
#3762 = CARTESIAN_POINT('',(40.247924407768,-11.62402096206));
#3763 = CARTESIAN_POINT('',(40.158751663936,-11.57721669989));
#3764 = CARTESIAN_POINT('',(40.059522553669,-11.53628076606));
#3765 = ( GEOMETRIC_REPRESENTATION_CONTEXT(2) 
PARAMETRIC_REPRESENTATION_CONTEXT() REPRESENTATION_CONTEXT('2D SPACE',''
  ) );
#3766 = PCURVE('',#3767,#3774);
#3767 = SURFACE_OF_LINEAR_EXTRUSION('',#3768,#3772);
#3768 = B_SPLINE_CURVE_WITH_KNOTS('',2,(#3769,#3770,#3771),
  .UNSPECIFIED.,.F.,.F.,(3,3),(0.,1.),.PIECEWISE_BEZIER_KNOTS.);
#3769 = CARTESIAN_POINT('',(11.935681389098,-18.65600280761,3.4));
#3770 = CARTESIAN_POINT('',(12.179678784932,-18.78799499511,3.4));
#3771 = CARTESIAN_POINT('',(12.289678784932,-18.96000020345,3.4));
#3772 = VECTOR('',#3773,1.);
#3773 = DIRECTION('',(-0.,-0.,-1.));
#3774 = DEFINITIONAL_REPRESENTATION('',(#3775),#3782);
#3775 = B_SPLINE_CURVE_WITH_KNOTS('',5,(#3776,#3777,#3778,#3779,#3780,
    #3781),.UNSPECIFIED.,.F.,.F.,(6,6),(0.,1.),
  .PIECEWISE_BEZIER_KNOTS.);
#3776 = CARTESIAN_POINT('',(1.,-0.6));
#3777 = CARTESIAN_POINT('',(0.795161010954,-0.6));
#3778 = CARTESIAN_POINT('',(0.59172108667,-0.6));
#3779 = CARTESIAN_POINT('',(0.390886389646,-0.6));
#3780 = CARTESIAN_POINT('',(0.193470147544,-0.6));
#3781 = CARTESIAN_POINT('',(0.,-0.6));
#3782 = ( GEOMETRIC_REPRESENTATION_CONTEXT(2) 
PARAMETRIC_REPRESENTATION_CONTEXT() REPRESENTATION_CONTEXT('2D SPACE',''
  ) );
#3783 = ORIENTED_EDGE('',*,*,#3784,.F.);
#3784 = EDGE_CURVE('',#3785,#3746,#3787,.T.);
#3785 = VERTEX_POINT('',#3786);
#3786 = CARTESIAN_POINT('',(12.399678784932,-19.38399759928,4.));
#3787 = SURFACE_CURVE('',#3788,(#3795,#3805),.PCURVE_S1.);
#3788 = B_SPLINE_CURVE_WITH_KNOTS('',5,(#3789,#3790,#3791,#3792,#3793,
    #3794),.UNSPECIFIED.,.F.,.F.,(6,6),(0.,1.),
  .PIECEWISE_BEZIER_KNOTS.);
#3789 = CARTESIAN_POINT('',(12.399678784932,-19.38399759928,4.));
#3790 = CARTESIAN_POINT('',(12.399678784932,-19.28548471838,4.));
#3791 = CARTESIAN_POINT('',(12.389171512018,-19.19305064223,4.));
#3792 = CARTESIAN_POINT('',(12.367491628644,-19.10754625122,4.));
#3793 = CARTESIAN_POINT('',(12.334261565162,-19.02971357073,4.));
#3794 = CARTESIAN_POINT('',(12.289678784932,-18.96000020345,4.));
#3795 = PCURVE('',#2511,#3796);
#3796 = DEFINITIONAL_REPRESENTATION('',(#3797),#3804);
#3797 = B_SPLINE_CURVE_WITH_KNOTS('',5,(#3798,#3799,#3800,#3801,#3802,
    #3803),.UNSPECIFIED.,.F.,.F.,(6,6),(0.,1.),
  .PIECEWISE_BEZIER_KNOTS.);
#3798 = CARTESIAN_POINT('',(40.596996643055,-12.21184838167));
#3799 = CARTESIAN_POINT('',(40.586710505681,-12.11387398154));
#3800 = CARTESIAN_POINT('',(40.566609242291,-12.02304226666));
#3801 = CARTESIAN_POINT('',(40.536119996083,-11.94026893708));
#3802 = CARTESIAN_POINT('',(40.494944739176,-11.8663313858));
#3803 = CARTESIAN_POINT('',(40.443326591624,-11.80165415089));
#3804 = ( GEOMETRIC_REPRESENTATION_CONTEXT(2) 
PARAMETRIC_REPRESENTATION_CONTEXT() REPRESENTATION_CONTEXT('2D SPACE',''
  ) );
#3805 = PCURVE('',#3806,#3813);
#3806 = SURFACE_OF_LINEAR_EXTRUSION('',#3807,#3811);
#3807 = B_SPLINE_CURVE_WITH_KNOTS('',2,(#3808,#3809,#3810),
  .UNSPECIFIED.,.F.,.F.,(3,3),(0.,1.),.PIECEWISE_BEZIER_KNOTS.);
#3808 = CARTESIAN_POINT('',(12.289678784932,-18.96000020345,3.4));
#3809 = CARTESIAN_POINT('',(12.399678784932,-19.13200541178,3.4));
#3810 = CARTESIAN_POINT('',(12.399678784932,-19.38399759928,3.4));
#3811 = VECTOR('',#3812,1.);
#3812 = DIRECTION('',(-0.,-0.,-1.));
#3813 = DEFINITIONAL_REPRESENTATION('',(#3814),#3821);
#3814 = B_SPLINE_CURVE_WITH_KNOTS('',5,(#3815,#3816,#3817,#3818,#3819,
    #3820),.UNSPECIFIED.,.F.,.F.,(6,6),(0.,1.),
  .PIECEWISE_BEZIER_KNOTS.);
#3815 = CARTESIAN_POINT('',(1.,-0.6));
#3816 = CARTESIAN_POINT('',(0.804531874823,-0.6));
#3817 = CARTESIAN_POINT('',(0.605965231911,-0.6));
#3818 = CARTESIAN_POINT('',(0.405028421838,-0.6));
#3819 = CARTESIAN_POINT('',(0.202649001047,-0.6));
#3820 = CARTESIAN_POINT('',(0.,-0.6));
#3821 = ( GEOMETRIC_REPRESENTATION_CONTEXT(2) 
PARAMETRIC_REPRESENTATION_CONTEXT() REPRESENTATION_CONTEXT('2D SPACE',''
  ) );
#3822 = ORIENTED_EDGE('',*,*,#3823,.F.);
#3823 = EDGE_CURVE('',#3824,#3785,#3826,.T.);
#3824 = VERTEX_POINT('',#3825);
#3825 = CARTESIAN_POINT('',(12.119678784932,-20.03800150553,4.));
#3826 = SURFACE_CURVE('',#3827,(#3838,#3852),.PCURVE_S1.);
#3827 = B_SPLINE_CURVE_WITH_KNOTS('',5,(#3828,#3829,#3830,#3831,#3832,
    #3833,#3834,#3835,#3836,#3837),.UNSPECIFIED.,.F.,.F.,(6,4,6),(0.,
    0.412228748611,1.),.UNSPECIFIED.);
#3828 = CARTESIAN_POINT('',(12.119678784932,-20.03800150553,4.));
#3829 = CARTESIAN_POINT('',(12.165366799093,-19.99655531244,4.));
#3830 = CARTESIAN_POINT('',(12.206889017861,-19.95223193026,4.));
#3831 = CARTESIAN_POINT('',(12.243901927031,-19.90505527863,4.));
#3832 = CARTESIAN_POINT('',(12.276151544609,-19.85512774505,4.));
#3833 = CARTESIAN_POINT('',(12.342562148952,-19.72785709603,4.));
#3834 = CARTESIAN_POINT('',(12.37170107218,-19.6478695338,4.));
#3835 = CARTESIAN_POINT('',(12.390601290145,-19.56333834639,4.));
#3836 = CARTESIAN_POINT('',(12.399678784932,-19.47509753483,4.));
#3837 = CARTESIAN_POINT('',(12.399678784932,-19.38399759928,4.));
#3838 = PCURVE('',#2511,#3839);
#3839 = DEFINITIONAL_REPRESENTATION('',(#3840),#3851);
#3840 = B_SPLINE_CURVE_WITH_KNOTS('',5,(#3841,#3842,#3843,#3844,#3845,
    #3846,#3847,#3848,#3849,#3850),.UNSPECIFIED.,.F.,.F.,(6,4,6),(0.,
    0.412228748611,1.),.UNSPECIFIED.);
#3841 = CARTESIAN_POINT('',(40.386814402679,-12.89151339859));
#3842 = CARTESIAN_POINT('',(40.427925113358,-12.84552327979));
#3843 = CARTESIAN_POINT('',(40.464592380063,-12.79710666682));
#3844 = CARTESIAN_POINT('',(40.496477063822,-12.74632321631));
#3845 = CARTESIAN_POINT('',(40.523337261627,-12.6933012754));
#3846 = CARTESIAN_POINT('',(40.576096004402,-12.55979209396));
#3847 = CARTESIAN_POINT('',(40.59672381928,-12.47719923584));
#3848 = CARTESIAN_POINT('',(40.606694475933,-12.39115665399));
#3849 = CARTESIAN_POINT('',(40.606508764144,-12.30245035632));
#3850 = CARTESIAN_POINT('',(40.596996643055,-12.21184838167));
#3851 = ( GEOMETRIC_REPRESENTATION_CONTEXT(2) 
PARAMETRIC_REPRESENTATION_CONTEXT() REPRESENTATION_CONTEXT('2D SPACE',''
  ) );
#3852 = PCURVE('',#3853,#3860);
#3853 = SURFACE_OF_LINEAR_EXTRUSION('',#3854,#3858);
#3854 = B_SPLINE_CURVE_WITH_KNOTS('',2,(#3855,#3856,#3857),
  .UNSPECIFIED.,.F.,.F.,(3,3),(0.,1.),.PIECEWISE_BEZIER_KNOTS.);
#3855 = CARTESIAN_POINT('',(12.399678784932,-19.38399759928,3.4));
#3856 = CARTESIAN_POINT('',(12.399678784932,-19.78399759928,3.4));
#3857 = CARTESIAN_POINT('',(12.119678784932,-20.03800150553,3.4));
#3858 = VECTOR('',#3859,1.);
#3859 = DIRECTION('',(-0.,-0.,-1.));
#3860 = DEFINITIONAL_REPRESENTATION('',(#3861),#3872);
#3861 = B_SPLINE_CURVE_WITH_KNOTS('',5,(#3862,#3863,#3864,#3865,#3866,
    #3867,#3868,#3869,#3870,#3871),.UNSPECIFIED.,.F.,.F.,(6,4,6),(0.,
    0.412228748611,1.),.UNSPECIFIED.);
#3862 = CARTESIAN_POINT('',(1.,-0.6));
#3863 = CARTESIAN_POINT('',(0.918414260425,-0.6));
#3864 = CARTESIAN_POINT('',(0.835947167774,-0.6));
#3865 = CARTESIAN_POINT('',(0.752852513255,-0.6));
#3866 = CARTESIAN_POINT('',(0.669423818634,-0.6));
#3867 = CARTESIAN_POINT('',(0.467051182288,-0.6));
#3868 = CARTESIAN_POINT('',(0.348074903752,-0.6));
#3869 = CARTESIAN_POINT('',(0.230092357008,-0.6));
#3870 = CARTESIAN_POINT('',(0.113874919444,-0.6));
#3871 = CARTESIAN_POINT('',(0.,-0.6));
#3872 = ( GEOMETRIC_REPRESENTATION_CONTEXT(2) 
PARAMETRIC_REPRESENTATION_CONTEXT() REPRESENTATION_CONTEXT('2D SPACE',''
  ) );
#3873 = ORIENTED_EDGE('',*,*,#3874,.F.);
#3874 = EDGE_CURVE('',#3875,#3824,#3877,.T.);
#3875 = VERTEX_POINT('',#3876);
#3876 = CARTESIAN_POINT('',(11.395681389098,-20.29200541178,4.));
#3877 = SURFACE_CURVE('',#3878,(#3891,#3907),.PCURVE_S1.);
#3878 = B_SPLINE_CURVE_WITH_KNOTS('',6,(#3879,#3880,#3881,#3882,#3883,
    #3884,#3885,#3886,#3887,#3888,#3889,#3890),.UNSPECIFIED.,.F.,.F.,(7,
    5,7),(0.,0.799609597797,1.),.UNSPECIFIED.);
#3879 = CARTESIAN_POINT('',(11.395681389098,-20.29200541178,4.));
#3880 = CARTESIAN_POINT('',(11.508233728186,-20.29200541178,4.));
#3881 = CARTESIAN_POINT('',(11.617315429232,-20.28221177408,4.));
#3882 = CARTESIAN_POINT('',(11.721906179192,-20.26169430872,4.));
#3883 = CARTESIAN_POINT('',(11.820939816697,-20.22972442941,4.));
#3884 = CARTESIAN_POINT('',(11.913424400205,-20.18601394473,4.));
#3885 = CARTESIAN_POINT('',(12.019963227823,-20.11729356898,4.));
#3886 = CARTESIAN_POINT('',(12.040856281573,-20.10281555044,4.));
#3887 = CARTESIAN_POINT('',(12.061282450053,-20.08763729552,4.));
#3888 = CARTESIAN_POINT('',(12.081232815833,-20.07176778989,4.));
#3889 = CARTESIAN_POINT('',(12.100700124555,-20.0552181265,4.));
#3890 = CARTESIAN_POINT('',(12.119678784932,-20.03800150553,4.));
#3891 = PCURVE('',#2511,#3892);
#3892 = DEFINITIONAL_REPRESENTATION('',(#3893),#3906);
#3893 = B_SPLINE_CURVE_WITH_KNOTS('',6,(#3894,#3895,#3896,#3897,#3898,
    #3899,#3900,#3901,#3902,#3903,#3904,#3905),.UNSPECIFIED.,.F.,.F.,(7,
    5,7),(0.,0.799609597797,1.),.UNSPECIFIED.);
#3894 = CARTESIAN_POINT('',(39.693296043902,-13.21972445813));
#3895 = CARTESIAN_POINT('',(39.805233161209,-13.20797240285));
#3896 = CARTESIAN_POINT('',(39.91269601709,-13.18684262651));
#3897 = CARTESIAN_POINT('',(40.014572750645,-13.15551655873));
#3898 = CARTESIAN_POINT('',(40.10972695354,-13.1133809181));
#3899 = CARTESIAN_POINT('',(40.197142015021,-13.06025266117));
#3900 = CARTESIAN_POINT('',(40.295923112603,-12.98078375786));
#3901 = CARTESIAN_POINT('',(40.315190253134,-12.96420334739));
#3902 = CARTESIAN_POINT('',(40.333919945858,-12.94697527751));
#3903 = CARTESIAN_POINT('',(40.352104260319,-12.92910941589));
#3904 = CARTESIAN_POINT('',(40.369737140072,-12.9106175523));
#3905 = CARTESIAN_POINT('',(40.386814402679,-12.89151339859));
#3906 = ( GEOMETRIC_REPRESENTATION_CONTEXT(2) 
PARAMETRIC_REPRESENTATION_CONTEXT() REPRESENTATION_CONTEXT('2D SPACE',''
  ) );
#3907 = PCURVE('',#3908,#3915);
#3908 = SURFACE_OF_LINEAR_EXTRUSION('',#3909,#3913);
#3909 = B_SPLINE_CURVE_WITH_KNOTS('',2,(#3910,#3911,#3912),
  .UNSPECIFIED.,.F.,.F.,(3,3),(0.,1.),.PIECEWISE_BEZIER_KNOTS.);
#3910 = CARTESIAN_POINT('',(12.119678784932,-20.03800150553,3.4));
#3911 = CARTESIAN_POINT('',(11.839678784932,-20.29200541178,3.4));
#3912 = CARTESIAN_POINT('',(11.395681389098,-20.29200541178,3.4));
#3913 = VECTOR('',#3914,1.);
#3914 = DIRECTION('',(-0.,-0.,-1.));
#3915 = DEFINITIONAL_REPRESENTATION('',(#3916),#3929);
#3916 = B_SPLINE_CURVE_WITH_KNOTS('',6,(#3917,#3918,#3919,#3920,#3921,
    #3922,#3923,#3924,#3925,#3926,#3927,#3928),.UNSPECIFIED.,.F.,.F.,(7,
    5,7),(0.,0.799609597797,1.),.UNSPECIFIED.);
#3917 = CARTESIAN_POINT('',(1.,-0.6));
#3918 = CARTESIAN_POINT('',(0.873251126984,-0.6));
#3919 = CARTESIAN_POINT('',(0.743289830381,-0.6));
#3920 = CARTESIAN_POINT('',(0.610588789446,-0.6));
#3921 = CARTESIAN_POINT('',(0.475818898081,-0.6));
#3922 = CARTESIAN_POINT('',(0.339887674,-0.6));
#3923 = CARTESIAN_POINT('',(0.16994514908,-0.6));
#3924 = CARTESIAN_POINT('',(0.1358900242,-0.6));
#3925 = CARTESIAN_POINT('',(0.101851541615,-0.6));
#3926 = CARTESIAN_POINT('',(6.784627690225E-02,-0.6));
#3927 = CARTESIAN_POINT('',(3.389046495776E-02,-0.6));
#3928 = CARTESIAN_POINT('',(0.,-0.6));
#3929 = ( GEOMETRIC_REPRESENTATION_CONTEXT(2) 
PARAMETRIC_REPRESENTATION_CONTEXT() REPRESENTATION_CONTEXT('2D SPACE',''
  ) );
#3930 = ORIENTED_EDGE('',*,*,#3931,.F.);
#3931 = EDGE_CURVE('',#3932,#3875,#3934,.T.);
#3932 = VERTEX_POINT('',#3933);
#3933 = CARTESIAN_POINT('',(10.667673576598,-20.04000020345,4.));
#3934 = SURFACE_CURVE('',#3935,(#3948,#3964),.PCURVE_S1.);
#3935 = B_SPLINE_CURVE_WITH_KNOTS('',6,(#3936,#3937,#3938,#3939,#3940,
    #3941,#3942,#3943,#3944,#3945,#3946,#3947),.UNSPECIFIED.,.F.,.F.,(7,
    5,7),(0.,0.176449093957,1.),.UNSPECIFIED.);
#3936 = CARTESIAN_POINT('',(10.667673576598,-20.04000020345,4.));
#3937 = CARTESIAN_POINT('',(10.684431217209,-20.05508239171,4.));
#3938 = CARTESIAN_POINT('',(10.701575232868,-20.06964578175,4.));
#3939 = CARTESIAN_POINT('',(10.7191014898,-20.08368169669,4.));
#3940 = CARTESIAN_POINT('',(10.737004831513,-20.09718274549,4.));
#3941 = CARTESIAN_POINT('',(10.755279078797,-20.11014282295,4.));
#3942 = CARTESIAN_POINT('',(10.860906999622,-20.18049901731,4.));
#3943 = CARTESIAN_POINT('',(10.955852310509,-20.22657334072,4.));
#3944 = CARTESIAN_POINT('',(11.057936102787,-20.26021227437,4.));
#3945 = CARTESIAN_POINT('',(11.166050317642,-20.28175022168,4.));
#3946 = CARTESIAN_POINT('',(11.27900719501,-20.29200541178,4.));
#3947 = CARTESIAN_POINT('',(11.395681389098,-20.29200541178,4.));
#3948 = PCURVE('',#2511,#3949);
#3949 = DEFINITIONAL_REPRESENTATION('',(#3950),#3963);
#3950 = B_SPLINE_CURVE_WITH_KNOTS('',6,(#3951,#3952,#3953,#3954,#3955,
    #3956,#3957,#3958,#3959,#3960,#3961,#3962),.UNSPECIFIED.,.F.,.F.,(7,
    5,7),(0.,0.176449093957,1.),.UNSPECIFIED.);
#3951 = CARTESIAN_POINT('',(38.942954685112,-13.04511104118));
#3952 = CARTESIAN_POINT('',(38.961195520528,-13.0583610542));
#3953 = CARTESIAN_POINT('',(38.979766449161,-13.07105476178));
#3954 = CARTESIAN_POINT('',(38.998662453844,-13.0831839661));
#3955 = CARTESIAN_POINT('',(39.017877634539,-13.09474185492));
#3956 = CARTESIAN_POINT('',(39.037405208345,-13.10572300161));
#3957 = CARTESIAN_POINT('',(39.149801938185,-13.16466557421));
#3958 = CARTESIAN_POINT('',(39.249039079666,-13.20057441835));
#3959 = CARTESIAN_POINT('',(39.354077252437,-13.22337048739));
#3960 = CARTESIAN_POINT('',(39.463849370886,-13.23350205387));
#3961 = CARTESIAN_POINT('',(39.577259602046,-13.23190689334));
#3962 = CARTESIAN_POINT('',(39.693296043902,-13.21972445813));
#3963 = ( GEOMETRIC_REPRESENTATION_CONTEXT(2) 
PARAMETRIC_REPRESENTATION_CONTEXT() REPRESENTATION_CONTEXT('2D SPACE',''
  ) );
#3964 = PCURVE('',#3965,#3972);
#3965 = SURFACE_OF_LINEAR_EXTRUSION('',#3966,#3970);
#3966 = B_SPLINE_CURVE_WITH_KNOTS('',2,(#3967,#3968,#3969),
  .UNSPECIFIED.,.F.,.F.,(3,3),(0.,1.),.PIECEWISE_BEZIER_KNOTS.);
#3967 = CARTESIAN_POINT('',(11.395681389098,-20.29200541178,3.4));
#3968 = CARTESIAN_POINT('',(10.947673576598,-20.29200541178,3.4));
#3969 = CARTESIAN_POINT('',(10.667673576598,-20.04000020345,3.4));
#3970 = VECTOR('',#3971,1.);
#3971 = DIRECTION('',(-0.,-0.,-1.));
#3972 = DEFINITIONAL_REPRESENTATION('',(#3973),#3986);
#3973 = B_SPLINE_CURVE_WITH_KNOTS('',6,(#3974,#3975,#3976,#3977,#3978,
    #3979,#3980,#3981,#3982,#3983,#3984,#3985),.UNSPECIFIED.,.F.,.F.,(7,
    5,7),(0.,0.176449093957,1.),.UNSPECIFIED.);
#3974 = CARTESIAN_POINT('',(1.,-0.6));
#3975 = CARTESIAN_POINT('',(0.970075641767,-0.6));
#3976 = CARTESIAN_POINT('',(0.940106082721,-0.6));
#3977 = CARTESIAN_POINT('',(0.910102392439,-0.6));
#3978 = CARTESIAN_POINT('',(0.880075825167,-0.6));
#3979 = CARTESIAN_POINT('',(0.850037819824,-0.6));
#3980 = CARTESIAN_POINT('',(0.679802772702,-0.6));
#3981 = CARTESIAN_POINT('',(0.53955709336,-0.6));
#3982 = CARTESIAN_POINT('',(0.400597097651,-0.6));
#3983 = CARTESIAN_POINT('',(0.263910622634,-0.6));
#3984 = CARTESIAN_POINT('',(0.130214463714,-0.6));
#3985 = CARTESIAN_POINT('',(0.,-0.6));
#3986 = ( GEOMETRIC_REPRESENTATION_CONTEXT(2) 
PARAMETRIC_REPRESENTATION_CONTEXT() REPRESENTATION_CONTEXT('2D SPACE',''
  ) );
#3987 = ORIENTED_EDGE('',*,*,#3988,.F.);
#3988 = EDGE_CURVE('',#3989,#3932,#3991,.T.);
#3989 = VERTEX_POINT('',#3990);
#3990 = CARTESIAN_POINT('',(10.387673576598,-19.38399759928,4.));
#3991 = SURFACE_CURVE('',#3992,(#4003,#4017),.PCURVE_S1.);
#3992 = B_SPLINE_CURVE_WITH_KNOTS('',5,(#3993,#3994,#3995,#3996,#3997,
    #3998,#3999,#4000,#4001,#4002),.UNSPECIFIED.,.F.,.F.,(6,4,6),(0.,
    0.606188748753,1.),.UNSPECIFIED.);
#3993 = CARTESIAN_POINT('',(10.387673576598,-19.38399759928,4.));
#3994 = CARTESIAN_POINT('',(10.387673576598,-19.47861764098,4.));
#3995 = CARTESIAN_POINT('',(10.397273414528,-19.57011712234,4.));
#3996 = CARTESIAN_POINT('',(10.417318946368,-19.65753743785,4.));
#3997 = CARTESIAN_POINT('',(10.448300216018,-19.73992829891,4.));
#3998 = CARTESIAN_POINT('',(10.516796770376,-19.86637236904,4.));
#3999 = CARTESIAN_POINT('',(10.548225850341,-19.91375503327,4.));
#4000 = CARTESIAN_POINT('',(10.584009379941,-19.95853691459,4.));
#4001 = CARTESIAN_POINT('',(10.623925492,-20.00062611354,4.));
#4002 = CARTESIAN_POINT('',(10.667673576598,-20.04000020345,4.));
#4003 = PCURVE('',#2511,#4004);
#4004 = DEFINITIONAL_REPRESENTATION('',(#4005),#4016);
#4005 = B_SPLINE_CURVE_WITH_KNOTS('',5,(#4006,#4007,#4008,#4009,#4010,
    #4011,#4012,#4013,#4014,#4015),.UNSPECIFIED.,.F.,.F.,(6,4,6),(0.,
    0.606188748753,1.),.UNSPECIFIED.);
#4006 = CARTESIAN_POINT('',(38.595989246388,-12.42193016776));
#4007 = CARTESIAN_POINT('',(38.60586891632,-12.51603300732));
#4008 = CARTESIAN_POINT('',(38.624970119943,-12.60602998503));
#4009 = CARTESIAN_POINT('',(38.654033997741,-12.6908794159));
#4010 = CARTESIAN_POINT('',(38.693448691424,-12.76958503817));
#4011 = CARTESIAN_POINT('',(38.774773385482,-12.88818594443));
#4012 = CARTESIAN_POINT('',(38.81097809107,-12.93202797028));
#4013 = CARTESIAN_POINT('',(38.851241885958,-12.97282876324));
#4014 = CARTESIAN_POINT('',(38.895334520111,-13.01052009226));
#4015 = CARTESIAN_POINT('',(38.942954685112,-13.04511104118));
#4016 = ( GEOMETRIC_REPRESENTATION_CONTEXT(2) 
PARAMETRIC_REPRESENTATION_CONTEXT() REPRESENTATION_CONTEXT('2D SPACE',''
  ) );
#4017 = PCURVE('',#4018,#4025);
#4018 = SURFACE_OF_LINEAR_EXTRUSION('',#4019,#4023);
#4019 = B_SPLINE_CURVE_WITH_KNOTS('',2,(#4020,#4021,#4022),
  .UNSPECIFIED.,.F.,.F.,(3,3),(0.,1.),.PIECEWISE_BEZIER_KNOTS.);
#4020 = CARTESIAN_POINT('',(10.667673576598,-20.04000020345,3.4));
#4021 = CARTESIAN_POINT('',(10.387673576598,-19.78799499511,3.4));
#4022 = CARTESIAN_POINT('',(10.387673576598,-19.38399759928,3.4));
#4023 = VECTOR('',#4024,1.);
#4024 = DIRECTION('',(-0.,-0.,-1.));
#4025 = DEFINITIONAL_REPRESENTATION('',(#4026),#4037);
#4026 = B_SPLINE_CURVE_WITH_KNOTS('',5,(#4027,#4028,#4029,#4030,#4031,
    #4032,#4033,#4034,#4035,#4036),.UNSPECIFIED.,.F.,.F.,(6,4,6),(0.,
    0.606188748753,1.),.UNSPECIFIED.);
#4027 = CARTESIAN_POINT('',(1.,-0.6));
#4028 = CARTESIAN_POINT('',(0.882895233139,-0.6));
#4029 = CARTESIAN_POINT('',(0.763203181788,-0.6));
#4030 = CARTESIAN_POINT('',(0.641541981293,-0.6));
#4031 = CARTESIAN_POINT('',(0.51875851638,-0.6));
#4032 = CARTESIAN_POINT('',(0.316249781877,-0.6));
#4033 = CARTESIAN_POINT('',(0.236492723387,-0.6));
#4034 = CARTESIAN_POINT('',(0.157029058282,-0.6));
#4035 = CARTESIAN_POINT('',(7.812157963963E-02,-0.6));
#4036 = CARTESIAN_POINT('',(0.,-0.6));
#4037 = ( GEOMETRIC_REPRESENTATION_CONTEXT(2) 
PARAMETRIC_REPRESENTATION_CONTEXT() REPRESENTATION_CONTEXT('2D SPACE',''
  ) );
#4038 = ORIENTED_EDGE('',*,*,#4039,.F.);
#4039 = EDGE_CURVE('',#4040,#3989,#4042,.T.);
#4040 = VERTEX_POINT('',#4041);
#4041 = CARTESIAN_POINT('',(10.497673576598,-18.96000020345,4.));
#4042 = SURFACE_CURVE('',#4043,(#4050,#4060),.PCURVE_S1.);
#4043 = B_SPLINE_CURVE_WITH_KNOTS('',5,(#4044,#4045,#4046,#4047,#4048,
    #4049),.UNSPECIFIED.,.F.,.F.,(6,6),(0.,1.),
  .PIECEWISE_BEZIER_KNOTS.);
#4044 = CARTESIAN_POINT('',(10.497673576598,-18.96000020345,4.));
#4045 = CARTESIAN_POINT('',(10.453090796355,-19.02971357075,4.));
#4046 = CARTESIAN_POINT('',(10.419860732893,-19.10754625122,4.));
#4047 = CARTESIAN_POINT('',(10.398180849506,-19.19305064222,4.));
#4048 = CARTESIAN_POINT('',(10.387673576598,-19.28548471841,4.));
#4049 = CARTESIAN_POINT('',(10.387673576598,-19.38399759928,4.));
#4050 = PCURVE('',#2511,#4051);
#4051 = DEFINITIONAL_REPRESENTATION('',(#4052),#4059);
#4052 = B_SPLINE_CURVE_WITH_KNOTS('',5,(#4053,#4054,#4055,#4056,#4057,
    #4058),.UNSPECIFIED.,.F.,.F.,(6,6),(0.,1.),
  .PIECEWISE_BEZIER_KNOTS.);
#4053 = CARTESIAN_POINT('',(38.661116654051,-11.98876482699));
#4054 = CARTESIAN_POINT('',(38.624056628557,-12.0627522069));
#4055 = CARTESIAN_POINT('',(38.599135035888,-12.14362913492));
#4056 = CARTESIAN_POINT('',(38.586501523941,-12.23092983709));
#4057 = CARTESIAN_POINT('',(38.585703109016,-12.32395576765));
#4058 = CARTESIAN_POINT('',(38.595989246388,-12.42193016776));
#4059 = ( GEOMETRIC_REPRESENTATION_CONTEXT(2) 
PARAMETRIC_REPRESENTATION_CONTEXT() REPRESENTATION_CONTEXT('2D SPACE',''
  ) );
#4060 = PCURVE('',#4061,#4068);
#4061 = SURFACE_OF_LINEAR_EXTRUSION('',#4062,#4066);
#4062 = B_SPLINE_CURVE_WITH_KNOTS('',2,(#4063,#4064,#4065),
  .UNSPECIFIED.,.F.,.F.,(3,3),(0.,1.),.PIECEWISE_BEZIER_KNOTS.);
#4063 = CARTESIAN_POINT('',(10.387673576598,-19.38399759928,3.4));
#4064 = CARTESIAN_POINT('',(10.387673576598,-19.13200541178,3.4));
#4065 = CARTESIAN_POINT('',(10.497673576598,-18.96000020345,3.4));
#4066 = VECTOR('',#4067,1.);
#4067 = DIRECTION('',(-0.,-0.,-1.));
#4068 = DEFINITIONAL_REPRESENTATION('',(#4069),#4076);
#4069 = B_SPLINE_CURVE_WITH_KNOTS('',5,(#4070,#4071,#4072,#4073,#4074,
    #4075),.UNSPECIFIED.,.F.,.F.,(6,6),(0.,1.),
  .PIECEWISE_BEZIER_KNOTS.);
#4070 = CARTESIAN_POINT('',(1.,-0.6));
#4071 = CARTESIAN_POINT('',(0.797350998893,-0.6));
#4072 = CARTESIAN_POINT('',(0.594971578165,-0.6));
#4073 = CARTESIAN_POINT('',(0.394034768088,-0.6));
#4074 = CARTESIAN_POINT('',(0.195468125123,-0.6));
#4075 = CARTESIAN_POINT('',(0.,-0.6));
#4076 = ( GEOMETRIC_REPRESENTATION_CONTEXT(2) 
PARAMETRIC_REPRESENTATION_CONTEXT() REPRESENTATION_CONTEXT('2D SPACE',''
  ) );
#4077 = ORIENTED_EDGE('',*,*,#4078,.F.);
#4078 = EDGE_CURVE('',#4079,#4040,#4081,.T.);
#4079 = VERTEX_POINT('',#4080);
#4080 = CARTESIAN_POINT('',(10.851683993265,-18.65600280761,4.));
#4081 = SURFACE_CURVE('',#4082,(#4089,#4099),.PCURVE_S1.);
#4082 = B_SPLINE_CURVE_WITH_KNOTS('',5,(#4083,#4084,#4085,#4086,#4087,
    #4088),.UNSPECIFIED.,.F.,.F.,(6,6),(0.,1.),
  .PIECEWISE_BEZIER_KNOTS.);
#4083 = CARTESIAN_POINT('',(10.851683993265,-18.65600280761,4.));
#4084 = CARTESIAN_POINT('',(10.757267053251,-18.7070756209,4.));
#4085 = CARTESIAN_POINT('',(10.673464936139,-18.76293477345,4.));
#4086 = CARTESIAN_POINT('',(10.601553432789,-18.8237450157,4.));
#4087 = CARTESIAN_POINT('',(10.542738343171,-18.88953316197,4.));
#4088 = CARTESIAN_POINT('',(10.497673576598,-18.96000020345,4.));
#4089 = PCURVE('',#2511,#4090);
#4090 = DEFINITIONAL_REPRESENTATION('',(#4091),#4098);
#4091 = B_SPLINE_CURVE_WITH_KNOTS('',5,(#4092,#4093,#4094,#4095,#4096,
    #4097),.UNSPECIFIED.,.F.,.F.,(6,6),(0.,1.),
  .PIECEWISE_BEZIER_KNOTS.);
#4092 = CARTESIAN_POINT('',(38.981450390612,-11.64946541791));
#4093 = CARTESIAN_POINT('',(38.892882266252,-11.71011752558));
#4094 = CARTESIAN_POINT('',(38.815370704645,-11.77442147238));
#4095 = CARTESIAN_POINT('',(38.75020172533,-11.84240789758));
#4096 = CARTESIAN_POINT('',(38.698577337052,-11.91397756637));
#4097 = CARTESIAN_POINT('',(38.661116654051,-11.98876482699));
#4098 = ( GEOMETRIC_REPRESENTATION_CONTEXT(2) 
PARAMETRIC_REPRESENTATION_CONTEXT() REPRESENTATION_CONTEXT('2D SPACE',''
  ) );
#4099 = PCURVE('',#4100,#4107);
#4100 = SURFACE_OF_LINEAR_EXTRUSION('',#4101,#4105);
#4101 = B_SPLINE_CURVE_WITH_KNOTS('',2,(#4102,#4103,#4104),
  .UNSPECIFIED.,.F.,.F.,(3,3),(0.,1.),.PIECEWISE_BEZIER_KNOTS.);
#4102 = CARTESIAN_POINT('',(10.497673576598,-18.96000020345,3.4));
#4103 = CARTESIAN_POINT('',(10.607673576598,-18.78799499511,3.4));
#4104 = CARTESIAN_POINT('',(10.851683993265,-18.65600280761,3.4));
#4105 = VECTOR('',#4106,1.);
#4106 = DIRECTION('',(-0.,-0.,-1.));
#4107 = DEFINITIONAL_REPRESENTATION('',(#4108),#4115);
#4108 = B_SPLINE_CURVE_WITH_KNOTS('',5,(#4109,#4110,#4111,#4112,#4113,
    #4114),.UNSPECIFIED.,.F.,.F.,(6,6),(0.,1.),
  .PIECEWISE_BEZIER_KNOTS.);
#4109 = CARTESIAN_POINT('',(1.,-0.6));
#4110 = CARTESIAN_POINT('',(0.806530923344,-0.6));
#4111 = CARTESIAN_POINT('',(0.609115161458,-0.6));
#4112 = CARTESIAN_POINT('',(0.408280363585,-0.6));
#4113 = CARTESIAN_POINT('',(0.204839848059,-0.6));
#4114 = CARTESIAN_POINT('',(0.,-0.6));
#4115 = ( GEOMETRIC_REPRESENTATION_CONTEXT(2) 
PARAMETRIC_REPRESENTATION_CONTEXT() REPRESENTATION_CONTEXT('2D SPACE',''
  ) );
#4116 = ORIENTED_EDGE('',*,*,#4117,.F.);
#4117 = EDGE_CURVE('',#4118,#4079,#4120,.T.);
#4118 = VERTEX_POINT('',#4119);
#4119 = CARTESIAN_POINT('',(10.571677482848,-18.41600280761,4.));
#4120 = SURFACE_CURVE('',#4121,(#4128,#4138),.PCURVE_S1.);
#4121 = B_SPLINE_CURVE_WITH_KNOTS('',5,(#4122,#4123,#4124,#4125,#4126,
    #4127),.UNSPECIFIED.,.F.,.F.,(6,6),(0.,1.),
  .PIECEWISE_BEZIER_KNOTS.);
#4122 = CARTESIAN_POINT('',(10.571677482848,-18.41600280761,4.));
#4123 = CARTESIAN_POINT('',(10.607428564828,-18.47125472021,4.));
#4124 = CARTESIAN_POINT('',(10.653751757104,-18.52296364256,4.));
#4125 = CARTESIAN_POINT('',(10.710325533743,-18.57098172007,4.));
#4126 = CARTESIAN_POINT('',(10.776542966505,-18.61530354132,4.));
#4127 = CARTESIAN_POINT('',(10.851683993265,-18.65600280761,4.));
#4128 = PCURVE('',#2511,#4129);
#4129 = DEFINITIONAL_REPRESENTATION('',(#4130),#4137);
#4130 = B_SPLINE_CURVE_WITH_KNOTS('',5,(#4131,#4132,#4133,#4134,#4135,
    #4136),.UNSPECIFIED.,.F.,.F.,(6,6),(0.,1.),
  .PIECEWISE_BEZIER_KNOTS.);
#4131 = CARTESIAN_POINT('',(38.677915029675,-11.44001391866));
#4132 = CARTESIAN_POINT('',(38.719239773577,-11.4912309007));
#4133 = CARTESIAN_POINT('',(38.770708901348,-11.53782038106));
#4134 = CARTESIAN_POINT('',(38.831987206439,-11.57966888517));
#4135 = CARTESIAN_POINT('',(38.902470513107,-11.61683440308));
#4136 = CARTESIAN_POINT('',(38.981450390612,-11.64946541791));
#4137 = ( GEOMETRIC_REPRESENTATION_CONTEXT(2) 
PARAMETRIC_REPRESENTATION_CONTEXT() REPRESENTATION_CONTEXT('2D SPACE',''
  ) );
#4138 = PCURVE('',#4139,#4146);
#4139 = SURFACE_OF_LINEAR_EXTRUSION('',#4140,#4144);
#4140 = B_SPLINE_CURVE_WITH_KNOTS('',2,(#4141,#4142,#4143),
  .UNSPECIFIED.,.F.,.F.,(3,3),(0.,1.),.PIECEWISE_BEZIER_KNOTS.);
#4141 = CARTESIAN_POINT('',(10.851683993265,-18.65600280761,3.4));
#4142 = CARTESIAN_POINT('',(10.659678784932,-18.55200541178,3.4));
#4143 = CARTESIAN_POINT('',(10.571677482848,-18.41600280761,3.4));
#4144 = VECTOR('',#4145,1.);
#4145 = DIRECTION('',(-0.,-0.,-1.));
#4146 = DEFINITIONAL_REPRESENTATION('',(#4147),#4154);
#4147 = B_SPLINE_CURVE_WITH_KNOTS('',5,(#4148,#4149,#4150,#4151,#4152,
    #4153),.UNSPECIFIED.,.F.,.F.,(6,6),(0.,1.),
  .PIECEWISE_BEZIER_KNOTS.);
#4148 = CARTESIAN_POINT('',(1.,-0.6));
#4149 = CARTESIAN_POINT('',(0.796871857952,-0.6));
#4150 = CARTESIAN_POINT('',(0.594631685252,-0.6));
#4151 = CARTESIAN_POINT('',(0.394036144323,-0.6));
#4152 = CARTESIAN_POINT('',(0.195674449177,-0.6));
#4153 = CARTESIAN_POINT('',(0.,-0.6));
#4154 = ( GEOMETRIC_REPRESENTATION_CONTEXT(2) 
PARAMETRIC_REPRESENTATION_CONTEXT() REPRESENTATION_CONTEXT('2D SPACE',''
  ) );
#4155 = ORIENTED_EDGE('',*,*,#4156,.F.);
#4156 = EDGE_CURVE('',#4157,#4118,#4159,.T.);
#4157 = VERTEX_POINT('',#4158);
#4158 = CARTESIAN_POINT('',(10.483676180765,-18.07600280761,4.));
#4159 = SURFACE_CURVE('',#4160,(#4167,#4177),.PCURVE_S1.);
#4160 = B_SPLINE_CURVE_WITH_KNOTS('',5,(#4161,#4162,#4163,#4164,#4165,
    #4166),.UNSPECIFIED.,.F.,.F.,(6,6),(0.,1.),
  .PIECEWISE_BEZIER_KNOTS.);
#4161 = CARTESIAN_POINT('',(10.483676180765,-18.07600280761,4.));
#4162 = CARTESIAN_POINT('',(10.483676180765,-18.15622226981,4.));
#4163 = CARTESIAN_POINT('',(10.492181302264,-18.23081384832,4.));
#4164 = CARTESIAN_POINT('',(10.509591578948,-18.29923805849,4.));
#4165 = CARTESIAN_POINT('',(10.53612188791,-18.36105301267,4.));
#4166 = CARTESIAN_POINT('',(10.571677482848,-18.41600280761,4.));
#4167 = PCURVE('',#2511,#4168);
#4168 = DEFINITIONAL_REPRESENTATION('',(#4169),#4176);
#4169 = B_SPLINE_CURVE_WITH_KNOTS('',5,(#4170,#4171,#4172,#4173,#4174,
    #4175),.UNSPECIFIED.,.F.,.F.,(6,6),(0.,1.),
  .PIECEWISE_BEZIER_KNOTS.);
#4170 = CARTESIAN_POINT('',(38.554893944725,-11.11106097092));
#4171 = CARTESIAN_POINT('',(38.563269990587,-11.19084194592));
#4172 = CARTESIAN_POINT('',(38.579517037529,-11.26413774485));
#4173 = CARTESIAN_POINT('',(38.603976602794,-11.33037006278));
#4174 = CARTESIAN_POINT('',(38.636816249618,-11.38907699125));
#4175 = CARTESIAN_POINT('',(38.677915029675,-11.44001391866));
#4176 = ( GEOMETRIC_REPRESENTATION_CONTEXT(2) 
PARAMETRIC_REPRESENTATION_CONTEXT() REPRESENTATION_CONTEXT('2D SPACE',''
  ) );
#4177 = PCURVE('',#4178,#4185);
#4178 = SURFACE_OF_LINEAR_EXTRUSION('',#4179,#4183);
#4179 = B_SPLINE_CURVE_WITH_KNOTS('',2,(#4180,#4181,#4182),
  .UNSPECIFIED.,.F.,.F.,(3,3),(0.,1.),.PIECEWISE_BEZIER_KNOTS.);
#4180 = CARTESIAN_POINT('',(10.571677482848,-18.41600280761,3.4));
#4181 = CARTESIAN_POINT('',(10.483676180765,-18.28000020345,3.4));
#4182 = CARTESIAN_POINT('',(10.483676180765,-18.07600280761,3.4));
#4183 = VECTOR('',#4184,1.);
#4184 = DIRECTION('',(-0.,-0.,-1.));
#4185 = DEFINITIONAL_REPRESENTATION('',(#4186),#4193);
#4186 = B_SPLINE_CURVE_WITH_KNOTS('',5,(#4187,#4188,#4189,#4190,#4191,
    #4192),.UNSPECIFIED.,.F.,.F.,(6,6),(0.,1.),
  .PIECEWISE_BEZIER_KNOTS.);
#4187 = CARTESIAN_POINT('',(1.,-0.6));
#4188 = CARTESIAN_POINT('',(0.803381161132,-0.6));
#4189 = CARTESIAN_POINT('',(0.604449412766,-0.6));
#4190 = CARTESIAN_POINT('',(0.403769458069,-0.6));
#4191 = CARTESIAN_POINT('',(0.202017436652,-0.6));
#4192 = CARTESIAN_POINT('',(0.,-0.6));
#4193 = ( GEOMETRIC_REPRESENTATION_CONTEXT(2) 
PARAMETRIC_REPRESENTATION_CONTEXT() REPRESENTATION_CONTEXT('2D SPACE',''
  ) );
#4194 = ORIENTED_EDGE('',*,*,#4195,.F.);
#4195 = EDGE_CURVE('',#4196,#4157,#4198,.T.);
#4196 = VERTEX_POINT('',#4197);
#4197 = CARTESIAN_POINT('',(10.741677482848,-17.52199890136,4.));
#4198 = SURFACE_CURVE('',#4199,(#4210,#4224),.PCURVE_S1.);
#4199 = B_SPLINE_CURVE_WITH_KNOTS('',5,(#4200,#4201,#4202,#4203,#4204,
    #4205,#4206,#4207,#4208,#4209),.UNSPECIFIED.,.F.,.F.,(6,4,6),(0.,
    0.50813447405,1.),.UNSPECIFIED.);
#4200 = CARTESIAN_POINT('',(10.741677482848,-17.52199890136,4.));
#4201 = CARTESIAN_POINT('',(10.690260199335,-17.56544455324,4.));
#4202 = CARTESIAN_POINT('',(10.644521869103,-17.61243231568,4.));
#4203 = CARTESIAN_POINT('',(10.605023061844,-17.66295910439,4.));
#4204 = CARTESIAN_POINT('',(10.57217881984,-17.71690031647,4.));
#4205 = CARTESIAN_POINT('',(10.520913233233,-17.82915366425,4.));
#4206 = CARTESIAN_POINT('',(10.502058514205,-17.88728207777,4.));
#4207 = CARTESIAN_POINT('',(10.489696748076,-17.94804240376,4.));
#4208 = CARTESIAN_POINT('',(10.483676180765,-18.01107805547,4.));
#4209 = CARTESIAN_POINT('',(10.483676180765,-18.07600280761,4.));
#4210 = PCURVE('',#2511,#4211);
#4211 = DEFINITIONAL_REPRESENTATION('',(#4212),#4223);
#4212 = B_SPLINE_CURVE_WITH_KNOTS('',5,(#4213,#4214,#4215,#4216,#4217,
    #4218,#4219,#4220,#4221,#4222),.UNSPECIFIED.,.F.,.F.,(6,4,6),(0.,
    0.50813447405,1.),.UNSPECIFIED.);
#4213 = CARTESIAN_POINT('',(38.75363914779,-10.53314631954));
#4214 = CARTESIAN_POINT('',(38.707039256252,-10.58172318461));
#4215 = CARTESIAN_POINT('',(38.666457122712,-10.63322983573));
#4216 = CARTESIAN_POINT('',(38.632449930691,-10.68760467405));
#4217 = CARTESIAN_POINT('',(38.605417443505,-10.74468044149));
#4218 = CARTESIAN_POINT('',(38.566152915822,-10.86167305376));
#4219 = CARTESIAN_POINT('',(38.553470686573,-10.92145243105));
#4220 = CARTESIAN_POINT('',(38.547520727993,-10.98317137846));
#4221 = CARTESIAN_POINT('',(38.548114882805,-11.04649110364));
#4222 = CARTESIAN_POINT('',(38.554893944725,-11.11106097092));
#4223 = ( GEOMETRIC_REPRESENTATION_CONTEXT(2) 
PARAMETRIC_REPRESENTATION_CONTEXT() REPRESENTATION_CONTEXT('2D SPACE',''
  ) );
#4224 = PCURVE('',#4225,#4232);
#4225 = SURFACE_OF_LINEAR_EXTRUSION('',#4226,#4230);
#4226 = B_SPLINE_CURVE_WITH_KNOTS('',2,(#4227,#4228,#4229),
  .UNSPECIFIED.,.F.,.F.,(3,3),(0.,1.),.PIECEWISE_BEZIER_KNOTS.);
#4227 = CARTESIAN_POINT('',(10.483676180765,-18.07600280761,3.4));
#4228 = CARTESIAN_POINT('',(10.483676180765,-17.74000020345,3.4));
#4229 = CARTESIAN_POINT('',(10.741677482848,-17.52199890136,3.4));
#4230 = VECTOR('',#4231,1.);
#4231 = DIRECTION('',(-0.,-0.,-1.));
#4232 = DEFINITIONAL_REPRESENTATION('',(#4233),#4244);
#4233 = B_SPLINE_CURVE_WITH_KNOTS('',5,(#4234,#4235,#4236,#4237,#4238,
    #4239,#4240,#4241,#4242,#4243),.UNSPECIFIED.,.F.,.F.,(6,4,6),(0.,
    0.50813447405,1.),.UNSPECIFIED.);
#4234 = CARTESIAN_POINT('',(1.,-0.6));
#4235 = CARTESIAN_POINT('',(0.900354604613,-0.6));
#4236 = CARTESIAN_POINT('',(0.799303350658,-0.6));
#4237 = CARTESIAN_POINT('',(0.697232351825,-0.6));
#4238 = CARTESIAN_POINT('',(0.594609505654,-0.6));
#4239 = CARTESIAN_POINT('',(0.39267574423,-0.6));
#4240 = CARTESIAN_POINT('',(0.293343268115,-0.6));
#4241 = CARTESIAN_POINT('',(0.194513392932,-0.6));
#4242 = CARTESIAN_POINT('',(9.661346569631E-02,-0.6));
#4243 = CARTESIAN_POINT('',(0.,-0.6));
#4244 = ( GEOMETRIC_REPRESENTATION_CONTEXT(2) 
PARAMETRIC_REPRESENTATION_CONTEXT() REPRESENTATION_CONTEXT('2D SPACE',''
  ) );
#4245 = ORIENTED_EDGE('',*,*,#4246,.F.);
#4246 = EDGE_CURVE('',#4247,#4196,#4249,.T.);
#4247 = VERTEX_POINT('',#4248);
#4248 = CARTESIAN_POINT('',(11.395681389098,-17.30399759928,4.));
#4249 = SURFACE_CURVE('',#4250,(#4263,#4279),.PCURVE_S1.);
#4250 = B_SPLINE_CURVE_WITH_KNOTS('',6,(#4251,#4252,#4253,#4254,#4255,
    #4256,#4257,#4258,#4259,#4260,#4261,#4262),.UNSPECIFIED.,.F.,.F.,(7,
    5,7),(0.,0.82279982543,1.),.UNSPECIFIED.);
#4251 = CARTESIAN_POINT('',(11.395681389098,-17.30399759928,4.));
#4252 = CARTESIAN_POINT('',(11.291524154433,-17.30399759928,4.));
#4253 = CARTESIAN_POINT('',(11.19084392178,-17.31304650928,4.));
#4254 = CARTESIAN_POINT('',(11.094471373101,-17.33187731814,4.));
#4255 = CARTESIAN_POINT('',(11.00324087376,-17.36103890531,4.));
#4256 = CARTESIAN_POINT('',(10.917905825193,-17.40073018897,4.));
#4257 = CARTESIAN_POINT('',(10.822042130319,-17.46131781222,4.));
#4258 = CARTESIAN_POINT('',(10.805353611219,-17.47252583588,4.));
#4259 = CARTESIAN_POINT('',(10.788968747362,-17.48420251302,4.));
#4260 = CARTESIAN_POINT('',(10.77289200208,-17.49634372846,4.));
#4261 = CARTESIAN_POINT('',(10.75712719116,-17.50894448458,4.));
#4262 = CARTESIAN_POINT('',(10.741677482848,-17.52199890136,4.));
#4263 = PCURVE('',#2511,#4264);
#4264 = DEFINITIONAL_REPRESENTATION('',(#4265),#4278);
#4265 = B_SPLINE_CURVE_WITH_KNOTS('',6,(#4266,#4267,#4268,#4269,#4270,
    #4271,#4272,#4273,#4274,#4275,#4276,#4277),.UNSPECIFIED.,.F.,.F.,(7,
    5,7),(0.,0.82279982543,1.),.UNSPECIFIED.);
#4266 = CARTESIAN_POINT('',(39.381305788867,-10.24804938028));
#4267 = CARTESIAN_POINT('',(39.277717887545,-10.25892486798));
#4268 = CARTESIAN_POINT('',(39.178532816734,-10.27843675531));
#4269 = CARTESIAN_POINT('',(39.084653252207,-10.30722728962));
#4270 = CARTESIAN_POINT('',(38.996966309383,-10.34575523057));
#4271 = CARTESIAN_POINT('',(38.916242041403,-10.39413974329));
#4272 = CARTESIAN_POINT('',(38.827228550947,-10.46440571374));
#4273 = CARTESIAN_POINT('',(38.811801528989,-10.47729499059));
#4274 = CARTESIAN_POINT('',(38.796725436513,-10.49061865331));
#4275 = CARTESIAN_POINT('',(38.782004282772,-10.50437214318));
#4276 = CARTESIAN_POINT('',(38.767641340874,-10.51855009149));
#4277 = CARTESIAN_POINT('',(38.75363914779,-10.53314631954));
#4278 = ( GEOMETRIC_REPRESENTATION_CONTEXT(2) 
PARAMETRIC_REPRESENTATION_CONTEXT() REPRESENTATION_CONTEXT('2D SPACE',''
  ) );
#4279 = PCURVE('',#4280,#4287);
#4280 = SURFACE_OF_LINEAR_EXTRUSION('',#4281,#4285);
#4281 = B_SPLINE_CURVE_WITH_KNOTS('',2,(#4282,#4283,#4284),
  .UNSPECIFIED.,.F.,.F.,(3,3),(0.,1.),.PIECEWISE_BEZIER_KNOTS.);
#4282 = CARTESIAN_POINT('',(10.741677482848,-17.52199890136,3.4));
#4283 = CARTESIAN_POINT('',(10.999678784932,-17.30399759928,3.4));
#4284 = CARTESIAN_POINT('',(11.395681389098,-17.30399759928,3.4));
#4285 = VECTOR('',#4286,1.);
#4286 = DIRECTION('',(-0.,-0.,-1.));
#4287 = DEFINITIONAL_REPRESENTATION('',(#4288),#4301);
#4288 = B_SPLINE_CURVE_WITH_KNOTS('',6,(#4289,#4290,#4291,#4292,#4293,
    #4294,#4295,#4296,#4297,#4298,#4299,#4300),.UNSPECIFIED.,.F.,.F.,(7,
    5,7),(0.,0.82279982543,1.),.UNSPECIFIED.);
#4289 = CARTESIAN_POINT('',(1.,-0.6));
#4290 = CARTESIAN_POINT('',(0.868489204908,-0.6));
#4291 = CARTESIAN_POINT('',(0.734135970292,-0.6));
#4292 = CARTESIAN_POINT('',(0.597403270683,-0.6));
#4293 = CARTESIAN_POINT('',(0.458905885316,-0.6));
#4294 = CARTESIAN_POINT('',(0.319436082117,-0.6));
#4295 = CARTESIAN_POINT('',(0.149970705718,-0.6));
#4296 = CARTESIAN_POINT('',(0.119941192184,-0.6));
#4297 = CARTESIAN_POINT('',(8.992049634991E-02,-0.6));
#4298 = CARTESIAN_POINT('',(5.991754286511E-02,-0.6));
#4299 = CARTESIAN_POINT('',(2.994114407032E-02,-0.6));
#4300 = CARTESIAN_POINT('',(0.,-0.6));
#4301 = ( GEOMETRIC_REPRESENTATION_CONTEXT(2) 
PARAMETRIC_REPRESENTATION_CONTEXT() REPRESENTATION_CONTEXT('2D SPACE',''
  ) );
#4302 = ORIENTED_EDGE('',*,*,#4303,.F.);
#4303 = EDGE_CURVE('',#4304,#4247,#4306,.T.);
#4304 = VERTEX_POINT('',#4305);
#4305 = CARTESIAN_POINT('',(12.045674878682,-17.52199890136,4.));
#4306 = SURFACE_CURVE('',#4307,(#4320,#4336),.PCURVE_S1.);
#4307 = B_SPLINE_CURVE_WITH_KNOTS('',6,(#4308,#4309,#4310,#4311,#4312,
    #4313,#4314,#4315,#4316,#4317,#4318,#4319),.UNSPECIFIED.,.F.,.F.,(7,
    5,7),(0.,0.195204998378,1.),.UNSPECIFIED.);
#4308 = CARTESIAN_POINT('',(12.045674878682,-17.52199890136,4.));
#4309 = CARTESIAN_POINT('',(12.02868683009,-17.50764464546,4.));
#4310 = CARTESIAN_POINT('',(12.011326325068,-17.49383727105,4.));
#4311 = CARTESIAN_POINT('',(11.993597359084,-17.48058474269,4.));
#4312 = CARTESIAN_POINT('',(11.975504843231,-17.46789376021,4.));
#4313 = CARTESIAN_POINT('',(11.95705460422,-17.45576975877,4.));
#4314 = CARTESIAN_POINT('',(11.860739345947,-17.39658659195,4.));
#4315 = CARTESIAN_POINT('',(11.7772397135,-17.35865207667,4.));
#4316 = CARTESIAN_POINT('',(11.688272249894,-17.33074447618,4.));
#4317 = CARTESIAN_POINT('',(11.59451896173,-17.31269060567,4.));
#4318 = CARTESIAN_POINT('',(11.496735930541,-17.30399759928,4.));
#4319 = CARTESIAN_POINT('',(11.395681389098,-17.30399759928,4.));
#4320 = PCURVE('',#2511,#4321);
#4321 = DEFINITIONAL_REPRESENTATION('',(#4322),#4335);
#4322 = B_SPLINE_CURVE_WITH_KNOTS('',6,(#4323,#4324,#4325,#4326,#4327,
    #4328,#4329,#4330,#4331,#4332,#4333,#4334),.UNSPECIFIED.,.F.,.F.,(7,
    5,7),(0.,0.195204998378,1.),.UNSPECIFIED.);
#4323 = CARTESIAN_POINT('',(40.050508769941,-10.3969905577));
#4324 = CARTESIAN_POINT('',(40.032114792405,-10.38448855595));
#4325 = CARTESIAN_POINT('',(40.01340749648,-10.3725693361));
#4326 = CARTESIAN_POINT('',(39.994391687406,-10.36124040199));
#4327 = CARTESIAN_POINT('',(39.975072948989,-10.35050790404));
#4328 = CARTESIAN_POINT('',(39.955457643598,-10.34037663931));
#4329 = CARTESIAN_POINT('',(39.853489294432,-10.29157364782));
#4330 = CARTESIAN_POINT('',(39.766485179262,-10.2625650282));
#4331 = CARTESIAN_POINT('',(39.675090072264,-10.24409943419));
#4332 = CARTESIAN_POINT('',(39.579964169185,-10.23593341645));
#4333 = CARTESIAN_POINT('',(39.481807956584,-10.23749785761));
#4334 = CARTESIAN_POINT('',(39.381305788867,-10.24804938028));
#4335 = ( GEOMETRIC_REPRESENTATION_CONTEXT(2) 
PARAMETRIC_REPRESENTATION_CONTEXT() REPRESENTATION_CONTEXT('2D SPACE',''
  ) );
#4336 = PCURVE('',#4337,#4344);
#4337 = SURFACE_OF_LINEAR_EXTRUSION('',#4338,#4342);
#4338 = B_SPLINE_CURVE_WITH_KNOTS('',2,(#4339,#4340,#4341),
  .UNSPECIFIED.,.F.,.F.,(3,3),(0.,1.),.PIECEWISE_BEZIER_KNOTS.);
#4339 = CARTESIAN_POINT('',(11.395681389098,-17.30399759928,3.4));
#4340 = CARTESIAN_POINT('',(11.787673576598,-17.30399759928,3.4));
#4341 = CARTESIAN_POINT('',(12.045674878682,-17.52199890136,3.4));
#4342 = VECTOR('',#4343,1.);
#4343 = DIRECTION('',(-0.,-0.,-1.));
#4344 = DEFINITIONAL_REPRESENTATION('',(#4345),#4358);
#4345 = B_SPLINE_CURVE_WITH_KNOTS('',6,(#4346,#4347,#4348,#4349,#4350,
    #4351,#4352,#4353,#4354,#4355,#4356,#4357),.UNSPECIFIED.,.F.,.F.,(7,
    5,7),(0.,0.195204998378,1.),.UNSPECIFIED.);
#4346 = CARTESIAN_POINT('',(1.,-0.6));
#4347 = CARTESIAN_POINT('',(0.967077591365,-0.6));
#4348 = CARTESIAN_POINT('',(0.934108849165,-0.6));
#4349 = CARTESIAN_POINT('',(0.901105113868,-0.6));
#4350 = CARTESIAN_POINT('',(0.868077902338,-0.6));
#4351 = CARTESIAN_POINT('',(0.835038907831,-0.6));
#4352 = CARTESIAN_POINT('',(0.665786541829,-0.6));
#4353 = CARTESIAN_POINT('',(0.529539625896,-0.6));
#4354 = CARTESIAN_POINT('',(0.394179265582,-0.6));
#4355 = CARTESIAN_POINT('',(0.260439609985,-0.6));
#4356 = CARTESIAN_POINT('',(0.12889866771,-0.6));
#4357 = CARTESIAN_POINT('',(0.,-0.6));
#4358 = ( GEOMETRIC_REPRESENTATION_CONTEXT(2) 
PARAMETRIC_REPRESENTATION_CONTEXT() REPRESENTATION_CONTEXT('2D SPACE',''
  ) );
#4359 = ORIENTED_EDGE('',*,*,#4360,.F.);
#4360 = EDGE_CURVE('',#3668,#4304,#4361,.T.);
#4361 = SURFACE_CURVE('',#4362,(#4373,#4387),.PCURVE_S1.);
#4362 = B_SPLINE_CURVE_WITH_KNOTS('',5,(#4363,#4364,#4365,#4366,#4367,
    #4368,#4369,#4370,#4371,#4372),.UNSPECIFIED.,.F.,.F.,(6,4,6),(0.,
    0.475542157272,1.),.UNSPECIFIED.);
#4363 = CARTESIAN_POINT('',(12.303676180765,-18.07200541178,4.));
#4364 = CARTESIAN_POINT('',(12.303676180765,-18.0098575632,4.));
#4365 = CARTESIAN_POINT('',(12.298025979209,-17.94943589273,4.));
#4366 = CARTESIAN_POINT('',(12.286445360082,-17.89108127391,4.));
#4367 = CARTESIAN_POINT('',(12.268804983109,-17.83510754541,4.));
#4368 = CARTESIAN_POINT('',(12.219207476339,-17.72293969218,4.));
#4369 = CARTESIAN_POINT('',(12.185958597076,-17.66730222339,4.));
#4370 = CARTESIAN_POINT('',(12.145621092638,-17.61519939959,4.));
#4371 = CARTESIAN_POINT('',(12.098654197547,-17.5667644138,4.));
#4372 = CARTESIAN_POINT('',(12.045674878682,-17.52199890136,4.));
#4373 = PCURVE('',#2511,#4374);
#4374 = DEFINITIONAL_REPRESENTATION('',(#4375),#4386);
#4375 = B_SPLINE_CURVE_WITH_KNOTS('',5,(#4376,#4377,#4378,#4379,#4380,
    #4381,#4382,#4383,#4384,#4385),.UNSPECIFIED.,.F.,.F.,(6,4,6),(0.,
    0.475542157272,1.),.UNSPECIFIED.);
#4376 = CARTESIAN_POINT('',(40.36452826714,-10.91705169714));
#4377 = CARTESIAN_POINT('',(40.358039153207,-10.85524355461));
#4378 = CARTESIAN_POINT('',(40.346110959654,-10.79574211565));
#4379 = CARTESIAN_POINT('',(40.328500594167,-10.73891564906));
#4380 = CARTESIAN_POINT('',(40.305112192654,-10.68508978301));
#4381 = CARTESIAN_POINT('',(40.244073881052,-10.57871373076));
#4382 = CARTESIAN_POINT('',(40.205197405072,-10.52685203467));
#4383 = CARTESIAN_POINT('',(40.159640117921,-10.47924581554));
#4384 = CARTESIAN_POINT('',(40.107872651132,-10.43597958777));
#4385 = CARTESIAN_POINT('',(40.050508769941,-10.3969905577));
#4386 = ( GEOMETRIC_REPRESENTATION_CONTEXT(2) 
PARAMETRIC_REPRESENTATION_CONTEXT() REPRESENTATION_CONTEXT('2D SPACE',''
  ) );
#4387 = PCURVE('',#4388,#4395);
#4388 = SURFACE_OF_LINEAR_EXTRUSION('',#4389,#4393);
#4389 = B_SPLINE_CURVE_WITH_KNOTS('',2,(#4390,#4391,#4392),
  .UNSPECIFIED.,.F.,.F.,(3,3),(0.,1.),.PIECEWISE_BEZIER_KNOTS.);
#4390 = CARTESIAN_POINT('',(12.045674878682,-17.52199890136,3.4));
#4391 = CARTESIAN_POINT('',(12.303676180765,-17.74000020345,3.4));
#4392 = CARTESIAN_POINT('',(12.303676180765,-18.07200541178,3.4));
#4393 = VECTOR('',#4394,1.);
#4394 = DIRECTION('',(-0.,-0.,-1.));
#4395 = DEFINITIONAL_REPRESENTATION('',(#4396),#4407);
#4396 = B_SPLINE_CURVE_WITH_KNOTS('',5,(#4397,#4398,#4399,#4400,#4401,
    #4402,#4403,#4404,#4405,#4406),.UNSPECIFIED.,.F.,.F.,(6,4,6),(0.,
    0.475542157272,1.),.UNSPECIFIED.);
#4397 = CARTESIAN_POINT('',(1.,-0.6));
#4398 = CARTESIAN_POINT('',(0.906405310787,-0.6));
#4399 = CARTESIAN_POINT('',(0.811650254967,-0.6));
#4400 = CARTESIAN_POINT('',(0.716061715239,-0.6));
#4401 = CARTESIAN_POINT('',(0.620026261857,-0.6));
#4402 = CARTESIAN_POINT('',(0.418096190278,-0.6));
#4403 = CARTESIAN_POINT('',(0.31218028664,-0.6));
#4404 = CARTESIAN_POINT('',(0.206870352806,-0.6));
#4405 = CARTESIAN_POINT('',(0.102672580404,-0.6));
#4406 = CARTESIAN_POINT('',(0.,-0.6));
#4407 = ( GEOMETRIC_REPRESENTATION_CONTEXT(2) 
PARAMETRIC_REPRESENTATION_CONTEXT() REPRESENTATION_CONTEXT('2D SPACE',''
  ) );
#4408 = ADVANCED_FACE('',(#4409),#2457,.T.);
#4409 = FACE_BOUND('',#4410,.T.);
#4410 = EDGE_LOOP('',(#4411,#4446,#4467,#4468));
#4411 = ORIENTED_EDGE('',*,*,#4412,.F.);
#4412 = EDGE_CURVE('',#4413,#2777,#4415,.T.);
#4413 = VERTEX_POINT('',#4414);
#4414 = CARTESIAN_POINT('',(-21.20000022465,-3.125,0.));
#4415 = SURFACE_CURVE('',#4416,(#4424,#4435),.PCURVE_S1.);
#4416 = B_SPLINE_CURVE_WITH_KNOTS('',3,(#4417,#4418,#4419,#4420,#4421,
    #4422,#4423),.UNSPECIFIED.,.F.,.F.,(4,1,1,1,4),(0.,0.3,0.6,0.88,1.),
  .UNSPECIFIED.);
#4417 = CARTESIAN_POINT('',(-21.20000022465,-3.125,0.));
#4418 = CARTESIAN_POINT('',(-21.07003234616,-3.125,0.4));
#4419 = CARTESIAN_POINT('',(-20.81009658917,-3.125,1.2));
#4420 = CARTESIAN_POINT('',(-20.42885747892,-3.125,2.373333333333));
#4421 = CARTESIAN_POINT('',(-20.12559909577,-3.125,3.306666666667));
#4422 = CARTESIAN_POINT('',(-19.95230859111,-3.125,3.84));
#4423 = CARTESIAN_POINT('',(-19.90032143972,-3.125,4.));
#4424 = PCURVE('',#2457,#4425);
#4425 = DEFINITIONAL_REPRESENTATION('',(#4426),#4434);
#4426 = B_SPLINE_CURVE_WITH_KNOTS('',3,(#4427,#4428,#4429,#4430,#4431,
    #4432,#4433),.UNSPECIFIED.,.F.,.F.,(4,1,1,1,4),(0.,0.3,0.6,0.88,1.),
  .UNSPECIFIED.);
#4427 = CARTESIAN_POINT('',(100.,78.799999775347));
#4428 = CARTESIAN_POINT('',(100.4,78.92996765384));
#4429 = CARTESIAN_POINT('',(101.2,79.189903410826));
#4430 = CARTESIAN_POINT('',(102.37333333333,79.571142521073));
#4431 = CARTESIAN_POINT('',(103.30666666666,79.874400904224));
#4432 = CARTESIAN_POINT('',(103.84,80.047691408881));
#4433 = CARTESIAN_POINT('',(104.,80.099678560278));
#4434 = ( GEOMETRIC_REPRESENTATION_CONTEXT(2) 
PARAMETRIC_REPRESENTATION_CONTEXT() REPRESENTATION_CONTEXT('2D SPACE',''
  ) );
#4435 = PCURVE('',#3126,#4436);
#4436 = DEFINITIONAL_REPRESENTATION('',(#4437),#4445);
#4437 = B_SPLINE_CURVE_WITH_KNOTS('',3,(#4438,#4439,#4440,#4441,#4442,
    #4443,#4444),.UNSPECIFIED.,.F.,.F.,(4,1,1,1,4),(0.,0.3,0.6,0.88,1.),
  .UNSPECIFIED.);
#4438 = CARTESIAN_POINT('',(20.685209948898,0.25));
#4439 = CARTESIAN_POINT('',(20.685209948898,0.255));
#4440 = CARTESIAN_POINT('',(20.685209948898,0.265));
#4441 = CARTESIAN_POINT('',(20.685209948898,0.279666666667));
#4442 = CARTESIAN_POINT('',(20.685209948898,0.291333333333));
#4443 = CARTESIAN_POINT('',(20.685209948898,0.298));
#4444 = CARTESIAN_POINT('',(20.685209948898,0.3));
#4445 = ( GEOMETRIC_REPRESENTATION_CONTEXT(2) 
PARAMETRIC_REPRESENTATION_CONTEXT() REPRESENTATION_CONTEXT('2D SPACE',''
  ) );
#4446 = ORIENTED_EDGE('',*,*,#4447,.T.);
#4447 = EDGE_CURVE('',#4413,#2358,#4448,.T.);
#4448 = SURFACE_CURVE('',#4449,(#4453,#4460),.PCURVE_S1.);
#4449 = LINE('',#4450,#4451);
#4450 = CARTESIAN_POINT('',(-64.,-3.125,0.));
#4451 = VECTOR('',#4452,1.);
#4452 = DIRECTION('',(-1.,0.,-0.));
#4453 = PCURVE('',#2457,#4454);
#4454 = DEFINITIONAL_REPRESENTATION('',(#4455),#4459);
#4455 = LINE('',#4456,#4457);
#4456 = CARTESIAN_POINT('',(100.,36.));
#4457 = VECTOR('',#4458,1.);
#4458 = DIRECTION('',(0.,-1.));
#4459 = ( GEOMETRIC_REPRESENTATION_CONTEXT(2) 
PARAMETRIC_REPRESENTATION_CONTEXT() REPRESENTATION_CONTEXT('2D SPACE',''
  ) );
#4460 = PCURVE('',#2399,#4461);
#4461 = DEFINITIONAL_REPRESENTATION('',(#4462),#4466);
#4462 = LINE('',#4463,#4464);
#4463 = CARTESIAN_POINT('',(-35.79016881194,-3.88322564534));
#4464 = VECTOR('',#4465,1.);
#4465 = DIRECTION('',(-0.994533904972,-0.104414136312));
#4466 = ( GEOMETRIC_REPRESENTATION_CONTEXT(2) 
PARAMETRIC_REPRESENTATION_CONTEXT() REPRESENTATION_CONTEXT('2D SPACE',''
  ) );
#4467 = ORIENTED_EDGE('',*,*,#2437,.T.);
#4468 = ORIENTED_EDGE('',*,*,#3335,.F.);
#4469 = ADVANCED_FACE('',(#4470,#5100),#2399,.F.);
#4470 = FACE_BOUND('',#4471,.F.);
#4471 = EDGE_LOOP('',(#4472,#4473,#4474,#4554,#4577,#5099));
#4472 = ORIENTED_EDGE('',*,*,#2357,.F.);
#4473 = ORIENTED_EDGE('',*,*,#2553,.T.);
#4474 = ORIENTED_EDGE('',*,*,#4475,.T.);
#4475 = EDGE_CURVE('',#2554,#4476,#4478,.T.);
#4476 = VERTEX_POINT('',#4477);
#4477 = CARTESIAN_POINT('',(-10.5,-12.92736119146,-2.22044604925E-15));
#4478 = SURFACE_CURVE('',#4479,(#4502,#4528),.PCURVE_S1.);
#4479 = B_SPLINE_CURVE_WITH_KNOTS('',6,(#4480,#4481,#4482,#4483,#4484,
    #4485,#4486,#4487,#4488,#4489,#4490,#4491,#4492,#4493,#4494,#4495,
    #4496,#4497,#4498,#4499,#4500,#4501),.UNSPECIFIED.,.F.,.F.,(7,5,5,5,
    7),(0.,0.250999673207,0.500999675762,0.750999677259,1.),
  .UNSPECIFIED.);
#4480 = CARTESIAN_POINT('',(14.45,-3.,0.));
#4481 = CARTESIAN_POINT('',(14.450000000001,-4.441120384382,0.));
#4482 = CARTESIAN_POINT('',(14.277528395059,-5.882686721197,0.));
#4483 = CARTESIAN_POINT('',(13.932398731765,-7.297887028738,0.));
#4484 = CARTESIAN_POINT('',(13.42029186171,-8.661577977504,0.));
#4485 = CARTESIAN_POINT('',(12.750678824854,-9.949785386604,0.));
#4486 = CARTESIAN_POINT('',(11.13019110494,-12.32639605977,0.));
#4487 = CARTESIAN_POINT('',(10.179951738583,-13.41630142877,0.));
#4488 = CARTESIAN_POINT('',(9.102869940675,-14.38819319592,0.));
#4489 = CARTESIAN_POINT('',(7.917561287778,-15.22468719067,0.));
#4490 = CARTESIAN_POINT('',(6.645084083409,-15.91145522544,0.));
#4491 = CARTESIAN_POINT('',(3.975189669087,-16.966412745,0.));
#4492 = CARTESIAN_POINT('',(2.57695924445,-17.33492355756,0.));
#4493 = CARTESIAN_POINT('',(1.140010275053,-17.53456433898,0.));
#4494 = CARTESIAN_POINT('',(-0.310492627995,-17.56139919023,0.));
#4495 = CARTESIAN_POINT('',(-1.74907894006,-17.41539247581,0.));
#4496 = CARTESIAN_POINT('',(-4.545200513504,-16.79084935489,0.));
#4497 = CARTESIAN_POINT('',(-5.903878441077,-16.31345703539,0.));
#4498 = CARTESIAN_POINT('',(-7.200404366251,-15.67584736201,0.));
#4499 = CARTESIAN_POINT('',(-8.412007348691,-14.88873632529,0.));
#4500 = CARTESIAN_POINT('',(-9.517822279919,-13.96619501117,0.));
#4501 = CARTESIAN_POINT('',(-10.50000595782,-12.92735488996,0.));
#4502 = PCURVE('',#2399,#4503);
#4503 = DEFINITIONAL_REPRESENTATION('',(#4504),#4527);
#4504 = B_SPLINE_CURVE_WITH_KNOTS('',6,(#4505,#4506,#4507,#4508,#4509,
    #4510,#4511,#4512,#4513,#4514,#4515,#4516,#4517,#4518,#4519,#4520,
    #4521,#4522,#4523,#4524,#4525,#4526),.UNSPECIFIED.,.F.,.F.,(7,5,5,5,
    7),(0.,0.250999673207,0.500999675762,0.750999677259,1.),
  .UNSPECIFIED.);
#4505 = CARTESIAN_POINT('',(42.217964266049,4.432380086429));
#4506 = CARTESIAN_POINT('',(42.368437606306,2.999137003015));
#4507 = CARTESIAN_POINT('',(42.347428651541,1.547441931118));
#4508 = CARTESIAN_POINT('',(42.151952417604,0.103940827234));
#4509 = CARTESIAN_POINT('',(41.785033384977,-1.305767253753));
#4510 = CARTESIAN_POINT('',(41.253587580624,-2.656850265645));
#4511 = CARTESIAN_POINT('',(39.890109351368,-5.189671984711));
#4512 = CARTESIAN_POINT('',(39.058865611453,-6.372838250122));
#4513 = CARTESIAN_POINT('',(38.089150484459,-7.451880130174));
#4514 = CARTESIAN_POINT('',(36.997662639289,-8.407564748511));
#4515 = CARTESIAN_POINT('',(35.803849207437,-9.223443452217));
#4516 = CARTESIAN_POINT('',(33.25870116795,-10.55140919304));
#4517 = CARTESIAN_POINT('',(31.9065913419,-11.06390071263));
#4518 = CARTESIAN_POINT('',(30.498342191885,-11.41248802412));
#4519 = CARTESIAN_POINT('',(29.05856981336,-11.59062920137));
#4520 = CARTESIAN_POINT('',(27.612601785801,-11.5956293208));
#4521 = CARTESIAN_POINT('',(24.766552948029,-11.26645463105));
#4522 = CARTESIAN_POINT('',(23.365455176397,-10.93353696566));
#4523 = CARTESIAN_POINT('',(22.009440721789,-10.43478816204));
#4524 = CARTESIAN_POINT('',(20.722274957306,-9.778488028006));
#4525 = CARTESIAN_POINT('',(19.52617816105,-8.976452123349));
#4526 = CARTESIAN_POINT('',(18.440893598442,-8.045844261388));
#4527 = ( GEOMETRIC_REPRESENTATION_CONTEXT(2) 
PARAMETRIC_REPRESENTATION_CONTEXT() REPRESENTATION_CONTEXT('2D SPACE',''
  ) );
#4528 = PCURVE('',#2600,#4529);
#4529 = DEFINITIONAL_REPRESENTATION('',(#4530),#4553);
#4530 = B_SPLINE_CURVE_WITH_KNOTS('',6,(#4531,#4532,#4533,#4534,#4535,
    #4536,#4537,#4538,#4539,#4540,#4541,#4542,#4543,#4544,#4545,#4546,
    #4547,#4548,#4549,#4550,#4551,#4552),.UNSPECIFIED.,.F.,.F.,(7,5,5,5,
    7),(0.,0.250999673207,0.500999675762,0.750999677259,1.),
  .UNSPECIFIED.);
#4531 = CARTESIAN_POINT('',(6.28318530718,0.25));
#4532 = CARTESIAN_POINT('',(6.183453792689,0.25));
#4533 = CARTESIAN_POINT('',(6.083692072071,0.25));
#4534 = CARTESIAN_POINT('',(5.983965612631,0.25));
#4535 = CARTESIAN_POINT('',(5.884239159821,0.25));
#4536 = CARTESIAN_POINT('',(5.784477429908,0.25));
#4537 = CARTESIAN_POINT('',(5.585411608386,0.25));
#4538 = CARTESIAN_POINT('',(5.48604767501,0.25));
#4539 = CARTESIAN_POINT('',(5.386718332014,0.25));
#4540 = CARTESIAN_POINT('',(5.287388988198,0.25));
#4541 = CARTESIAN_POINT('',(5.188025053587,0.25));
#4542 = CARTESIAN_POINT('',(4.9893564377,0.25));
#4543 = CARTESIAN_POINT('',(4.889992503718,0.25));
#4544 = CARTESIAN_POINT('',(4.790663160079,0.25));
#4545 = CARTESIAN_POINT('',(4.691333816499,0.25));
#4546 = CARTESIAN_POINT('',(4.591969882621,0.25));
#4547 = CARTESIAN_POINT('',(4.393698476767,0.25));
#4548 = CARTESIAN_POINT('',(4.2947323307,0.25));
#4549 = CARTESIAN_POINT('',(4.195800099209,0.25));
#4550 = CARTESIAN_POINT('',(4.096867867976,0.25));
#4551 = CARTESIAN_POINT('',(3.997901722504,0.25));
#4552 = CARTESIAN_POINT('',(3.898964625051,0.25));
#4553 = ( GEOMETRIC_REPRESENTATION_CONTEXT(2) 
PARAMETRIC_REPRESENTATION_CONTEXT() REPRESENTATION_CONTEXT('2D SPACE',''
  ) );
#4554 = ORIENTED_EDGE('',*,*,#4555,.F.);
#4555 = EDGE_CURVE('',#4556,#4476,#4558,.T.);
#4556 = VERTEX_POINT('',#4557);
#4557 = CARTESIAN_POINT('',(-10.5,-13.1,0.));
#4558 = SURFACE_CURVE('',#4559,(#4563,#4570),.PCURVE_S1.);
#4559 = LINE('',#4560,#4561);
#4560 = CARTESIAN_POINT('',(-10.5,-8.05,-3.552713678801E-15));
#4561 = VECTOR('',#4562,1.);
#4562 = DIRECTION('',(-0.,1.,-0.));
#4563 = PCURVE('',#2399,#4564);
#4564 = DEFINITIONAL_REPRESENTATION('',(#4565),#4569);
#4565 = LINE('',#4566,#4567);
#4566 = CARTESIAN_POINT('',(17.931634725379,-3.195148834654));
#4567 = VECTOR('',#4568,1.);
#4568 = DIRECTION('',(-0.104414136312,0.994533904972));
#4569 = ( GEOMETRIC_REPRESENTATION_CONTEXT(2) 
PARAMETRIC_REPRESENTATION_CONTEXT() REPRESENTATION_CONTEXT('2D SPACE',''
  ) );
#4570 = PCURVE('',#2764,#4571);
#4571 = DEFINITIONAL_REPRESENTATION('',(#4572),#4576);
#4572 = LINE('',#4573,#4574);
#4573 = CARTESIAN_POINT('',(5.05,-63.08773345429));
#4574 = VECTOR('',#4575,1.);
#4575 = DIRECTION('',(1.,0.));
#4576 = ( GEOMETRIC_REPRESENTATION_CONTEXT(2) 
PARAMETRIC_REPRESENTATION_CONTEXT() REPRESENTATION_CONTEXT('2D SPACE',''
  ) );
#4577 = ORIENTED_EDGE('',*,*,#4578,.T.);
#4578 = EDGE_CURVE('',#4556,#4413,#4579,.T.);
#4579 = SURFACE_CURVE('',#4580,(#4751,#4925),.PCURVE_S1.);
#4580 = B_SPLINE_CURVE_WITH_KNOTS('',8,(#4581,#4582,#4583,#4584,#4585,
    #4586,#4587,#4588,#4589,#4590,#4591,#4592,#4593,#4594,#4595,#4596,
    #4597,#4598,#4599,#4600,#4601,#4602,#4603,#4604,#4605,#4606,#4607,
    #4608,#4609,#4610,#4611,#4612,#4613,#4614,#4615,#4616,#4617,#4618,
    #4619,#4620,#4621,#4622,#4623,#4624,#4625,#4626,#4627,#4628,#4629,
    #4630,#4631,#4632,#4633,#4634,#4635,#4636,#4637,#4638,#4639,#4640,
    #4641,#4642,#4643,#4644,#4645,#4646,#4647,#4648,#4649,#4650,#4651,
    #4652,#4653,#4654,#4655,#4656,#4657,#4658,#4659,#4660,#4661,#4662,
    #4663,#4664,#4665,#4666,#4667,#4668,#4669,#4670,#4671,#4672,#4673,
    #4674,#4675,#4676,#4677,#4678,#4679,#4680,#4681,#4682,#4683,#4684,
    #4685,#4686,#4687,#4688,#4689,#4690,#4691,#4692,#4693,#4694,#4695,
    #4696,#4697,#4698,#4699,#4700,#4701,#4702,#4703,#4704,#4705,#4706,
    #4707,#4708,#4709,#4710,#4711,#4712,#4713,#4714,#4715,#4716,#4717,
    #4718,#4719,#4720,#4721,#4722,#4723,#4724,#4725,#4726,#4727,#4728,
    #4729,#4730,#4731,#4732,#4733,#4734,#4735,#4736,#4737,#4738,#4739,
    #4740,#4741,#4742,#4743,#4744,#4745,#4746,#4747,#4748,#4749,#4750),
  .UNSPECIFIED.,.F.,.F.,(9,7,7,7,7,7,7,7,7,7,7,7,7,7,7,7,7,7,7,7,7,7,7,7
    ,9),(0.,3.414385911248E-02,7.91618799354E-02,0.113182164114,
    0.131686306025,0.150190448168,0.187321337124,0.228273000284,
    0.242686617318,0.258701749845,0.314195879496,0.32451567759,
    0.360955099803,0.388136075706,0.40913124203,0.425025360467,
    0.471462425528,0.506611922344,0.523428205915,0.541773458807,
    0.60926746248,0.64307923825,0.777935508086,0.911730676989,1.),
  .UNSPECIFIED.);
#4581 = CARTESIAN_POINT('',(-10.5,-13.1,0.));
#4582 = CARTESIAN_POINT('',(-10.61252936617,-13.11201732152,0.));
#4583 = CARTESIAN_POINT('',(-10.72507583894,-13.12442303602,0.));
#4584 = CARTESIAN_POINT('',(-10.83763498566,-13.13717238927,0.));
#4585 = CARTESIAN_POINT('',(-10.95020259854,-13.15022086739,0.));
#4586 = CARTESIAN_POINT('',(-11.06277469462,-13.1635241969,0.));
#4587 = CARTESIAN_POINT('',(-11.17534751585,-13.17703834467,0.));
#4588 = CARTESIAN_POINT('',(-11.28791752899,-13.19071951794,0.));
#4589 = CARTESIAN_POINT('',(-11.54889475614,-13.22272532483,0.));
#4590 = CARTESIAN_POINT('',(-11.69729695699,-13.24114095743,0.));
#4591 = CARTESIAN_POINT('',(-11.84568061659,-13.25967096272,0.));
#4592 = CARTESIAN_POINT('',(-11.99403818224,-13.27821547341,0.));
#4593 = CARTESIAN_POINT('',(-12.14236193874,-13.29667457233,0.));
#4594 = CARTESIAN_POINT('',(-12.290643987,-13.31494801035,0.));
#4595 = CARTESIAN_POINT('',(-12.43887622257,-13.3329349243,0.));
#4596 = CARTESIAN_POINT('',(-12.69902602128,-13.363832905,0.));
#4597 = CARTESIAN_POINT('',(-12.81096823708,-13.37691041705,0.));
#4598 = CARTESIAN_POINT('',(-12.92287330451,-13.3897222898,0.));
#4599 = CARTESIAN_POINT('',(-13.03473721355,-13.40222427455,0.));
#4600 = CARTESIAN_POINT('',(-13.14655560137,-13.41437167516,0.));
#4601 = CARTESIAN_POINT('',(-13.25832375233,-13.4261193481,0.));
#4602 = CARTESIAN_POINT('',(-13.37003659796,-13.43742170246,0.));
#4603 = CARTESIAN_POINT('',(-13.54241797611,-13.45411296327,0.));
#4604 = CARTESIAN_POINT('',(-13.60309682021,-13.45984174451,0.));
#4605 = CARTESIAN_POINT('',(-13.66372952605,-13.4654304507,0.));
#4606 = CARTESIAN_POINT('',(-13.72432250831,-13.47092574905,0.));
#4607 = CARTESIAN_POINT('',(-13.78487938285,-13.47632771827,0.));
#4608 = CARTESIAN_POINT('',(-13.84540634147,-13.4816800059,0.));
#4609 = CARTESIAN_POINT('',(-13.90590794376,-13.48699765156,0.));
#4610 = CARTESIAN_POINT('',(-14.02687092042,-13.49761903573,0.));
#4611 = CARTESIAN_POINT('',(-14.08733227611,-13.50292235251,0.));
#4612 = CARTESIAN_POINT('',(-14.14777858989,-13.50824300278,0.));
#4613 = CARTESIAN_POINT('',(-14.20821495286,-13.51360569535,0.));
#4614 = CARTESIAN_POINT('',(-14.26864645613,-13.51903513902,0.));
#4615 = CARTESIAN_POINT('',(-14.3290781908,-13.52455604262,0.));
#4616 = CARTESIAN_POINT('',(-14.38951524798,-13.53019311494,0.));
#4617 = CARTESIAN_POINT('',(-14.57125817293,-13.54756524807,0.));
#4618 = CARTESIAN_POINT('',(-14.69254747347,-13.55972213274,0.));
#4619 = CARTESIAN_POINT('',(-14.81384270036,-13.57263764605,0.));
#4620 = CARTESIAN_POINT('',(-14.93515225205,-13.58650624424,0.));
#4621 = CARTESIAN_POINT('',(-15.05648078419,-13.60151942989,0.));
#4622 = CARTESIAN_POINT('',(-15.17782914829,-13.61786426921,0.));
#4623 = CARTESIAN_POINT('',(-15.2991943304,-13.63572190933,0.));
#4624 = CARTESIAN_POINT('',(-15.55443396148,-13.67682138176,0.));
#4625 = CARTESIAN_POINT('',(-15.6883094313,-13.70042794582,0.));
#4626 = CARTESIAN_POINT('',(-15.82218424219,-13.72631822218,0.));
#4627 = CARTESIAN_POINT('',(-15.95603853905,-13.75471289521,0.));
#4628 = CARTESIAN_POINT('',(-16.08984419041,-13.78581745482,0.));
#4629 = CARTESIAN_POINT('',(-16.22356481007,-13.81981875203,0.));
#4630 = CARTESIAN_POINT('',(-16.35715577878,-13.85688155447,0.));
#4631 = CARTESIAN_POINT('',(-16.5375195955,-13.91131652525,0.));
#4632 = CARTESIAN_POINT('',(-16.58455437842,-13.92592228524,0.));
#4633 = CARTESIAN_POINT('',(-16.63165751404,-13.94091442583,0.));
#4634 = CARTESIAN_POINT('',(-16.67881792602,-13.95624372431,0.));
#4635 = CARTESIAN_POINT('',(-16.72602454927,-13.97186023257,0.));
#4636 = CARTESIAN_POINT('',(-16.77326631698,-13.98771381846,0.));
#4637 = CARTESIAN_POINT('',(-16.82053214763,-14.00375470701,0.));
#4638 = CARTESIAN_POINT('',(-16.92034292278,-14.03791104103,0.));
#4639 = CARTESIAN_POINT('',(-16.97289093201,-14.05605860313,0.));
#4640 = CARTESIAN_POINT('',(-17.02543976319,-14.0743086658,0.));
#4641 = CARTESIAN_POINT('',(-17.07797421984,-14.09259318673,0.));
#4642 = CARTESIAN_POINT('',(-17.13047910548,-14.1108441236,0.));
#4643 = CARTESIAN_POINT('',(-17.18293922362,-14.1289934341,0.));
#4644 = CARTESIAN_POINT('',(-17.23533937779,-14.14697307591,0.));
#4645 = CARTESIAN_POINT('',(-17.46897601408,-14.22619267529,0.));
#4646 = CARTESIAN_POINT('',(-17.64987508381,-14.28498233114,0.));
#4647 = CARTESIAN_POINT('',(-17.83104613916,-14.33867492067,0.));
#4648 = CARTESIAN_POINT('',(-18.01263176091,-14.3845161822,0.));
#4649 = CARTESIAN_POINT('',(-18.1942407399,-14.41905829286,0.));
#4650 = CARTESIAN_POINT('',(-18.37496343178,-14.4381686133,0.));
#4651 = CARTESIAN_POINT('',(-18.55338628462,-14.43711629271,0.));
#4652 = CARTESIAN_POINT('',(-18.76005116671,-14.40690884276,0.));
#4653 = CARTESIAN_POINT('',(-18.79226199762,-14.40134770621,0.));
#4654 = CARTESIAN_POINT('',(-18.82426946391,-14.39491901216,0.));
#4655 = CARTESIAN_POINT('',(-18.85606671383,-14.38759179254,0.));
#4656 = CARTESIAN_POINT('',(-18.88764863874,-14.37934714026,0.));
#4657 = CARTESIAN_POINT('',(-18.91901187317,-14.37017820925,0.));
#4658 = CARTESIAN_POINT('',(-18.95015479477,-14.36009021446,0.));
#4659 = CARTESIAN_POINT('',(-19.09026632713,-14.31029528015,0.));
#4660 = CARTESIAN_POINT('',(-19.19613024614,-14.26053943579,0.));
#4661 = CARTESIAN_POINT('',(-19.29830582462,-14.20098770945,0.));
#4662 = CARTESIAN_POINT('',(-19.39661270293,-14.13289282752,0.));
#4663 = CARTESIAN_POINT('',(-19.49099571474,-14.05744877754,0.));
#4664 = CARTESIAN_POINT('',(-19.58149208855,-13.97571471849,0.));
#4665 = CARTESIAN_POINT('',(-19.66821085053,-13.88858294797,0.));
#4666 = CARTESIAN_POINT('',(-19.81329816707,-13.72825747479,0.));
#4667 = CARTESIAN_POINT('',(-19.87325434092,-13.65716673197,0.));
#4668 = CARTESIAN_POINT('',(-19.93123623173,-13.58378847428,0.));
#4669 = CARTESIAN_POINT('',(-19.98729621279,-13.50839766732,0.));
#4670 = CARTESIAN_POINT('',(-20.04148280801,-13.43124051053,0.));
#4671 = CARTESIAN_POINT('',(-20.09384065458,-13.35253698966,0.));
#4672 = CARTESIAN_POINT('',(-20.14441046564,-13.27248342937,0.));
#4673 = CARTESIAN_POINT('',(-20.23093746608,-13.1285125073,0.));
#4674 = CARTESIAN_POINT('',(-20.26759857104,-13.06507308509,0.));
#4675 = CARTESIAN_POINT('',(-20.30322779351,-13.00101989672,0.));
#4676 = CARTESIAN_POINT('',(-20.3378373585,-12.93643198199,0.));
#4677 = CARTESIAN_POINT('',(-20.37143619584,-12.87138518982,0.));
#4678 = CARTESIAN_POINT('',(-20.40402990569,-12.80595306528,0.));
#4679 = CARTESIAN_POINT('',(-20.43562072411,-12.74020773645,0.));
#4680 = CARTESIAN_POINT('',(-20.48936280191,-12.62426624793,0.));
#4681 = CARTESIAN_POINT('',(-20.51194306988,-12.57417116727,0.));
#4682 = CARTESIAN_POINT('',(-20.53394338392,-12.52398589148,0.));
#4683 = CARTESIAN_POINT('',(-20.55536809563,-12.4737081401,0.));
#4684 = CARTESIAN_POINT('',(-20.57622337606,-12.42332901287,0.));
#4685 = CARTESIAN_POINT('',(-20.59651381835,-12.37285377315,0.));
#4686 = CARTESIAN_POINT('',(-20.61624308357,-12.32229742226,0.));
#4687 = CARTESIAN_POINT('',(-20.69144272453,-12.12369577592,0.));
#4688 = CARTESIAN_POINT('',(-20.7427382145,-11.97501764082,0.));
#4689 = CARTESIAN_POINT('',(-20.78945588124,-11.82571495552,0.));
#4690 = CARTESIAN_POINT('',(-20.83179679426,-11.67587058813,0.));
#4691 = CARTESIAN_POINT('',(-20.87000455729,-11.52555562907,0.));
#4692 = CARTESIAN_POINT('',(-20.90435759436,-11.37482904149,0.));
#4693 = CARTESIAN_POINT('',(-20.93516143608,-11.22373731166,0.));
#4694 = CARTESIAN_POINT('',(-20.98361674349,-10.95769768891,0.));
#4695 = CARTESIAN_POINT('',(-21.00264519099,-10.84289098003,0.));
#4696 = CARTESIAN_POINT('',(-21.01996775524,-10.72790665455,0.));
#4697 = CARTESIAN_POINT('',(-21.0357317076,-10.61275393977,0.));
#4698 = CARTESIAN_POINT('',(-21.05008881607,-10.49743859704,0.));
#4699 = CARTESIAN_POINT('',(-21.0631939777,-10.38196291023,0.));
#4700 = CARTESIAN_POINT('',(-21.07520385094,-10.26632567417,0.));
#4701 = CARTESIAN_POINT('',(-21.09157239988,-10.09511927493,0.));
#4702 = CARTESIAN_POINT('',(-21.09665694095,-10.03966092796,0.));
#4703 = CARTESIAN_POINT('',(-21.10153960972,-9.984144669551,0.));
#4704 = CARTESIAN_POINT('',(-21.10626053173,-9.928564823717,0.));
#4705 = CARTESIAN_POINT('',(-21.11081176036,-9.87292373278,0.));
#4706 = CARTESIAN_POINT('',(-21.11517932655,-9.817225486558,0.));
#4707 = CARTESIAN_POINT('',(-21.11938804713,-9.761469351216,0.));
#4708 = CARTESIAN_POINT('',(-21.12784384936,-9.644776541282,0.));
#4709 = CARTESIAN_POINT('',(-21.1320617818,-9.583827688885,0.));
#4710 = CARTESIAN_POINT('',(-21.13609086938,-9.522815658962,0.));
#4711 = CARTESIAN_POINT('',(-21.13993608257,-9.461742577928,0.));
#4712 = CARTESIAN_POINT('',(-21.14360239182,-9.400610572202,0.));
#4713 = CARTESIAN_POINT('',(-21.14709476762,-9.339421768201,0.));
#4714 = CARTESIAN_POINT('',(-21.15041818041,-9.278178292343,0.));
#4715 = CARTESIAN_POINT('',(-21.16520142096,-8.991368133354,0.));
#4716 = CARTESIAN_POINT('',(-21.17459009784,-8.765440459386,0.));
#4717 = CARTESIAN_POINT('',(-21.182003394,-8.53917206729,0.));
#4718 = CARTESIAN_POINT('',(-21.18769626281,-8.312631149854,0.));
#4719 = CARTESIAN_POINT('',(-21.19191968899,-8.085881474235,0.));
#4720 = CARTESIAN_POINT('',(-21.19492152923,-7.858982581685,0.));
#4721 = CARTESIAN_POINT('',(-21.19694735286,-7.631989987282,0.));
#4722 = CARTESIAN_POINT('',(-21.19888948902,-7.29122019094,0.));
#4723 = CARTESIAN_POINT('',(-21.1993540551,-7.17747489597,0.));
#4724 = CARTESIAN_POINT('',(-21.1996656239,-7.063726196808,0.));
#4725 = CARTESIAN_POINT('',(-21.19985482759,-6.949980752193,0.));
#4726 = CARTESIAN_POINT('',(-21.19995228735,-6.836245177541,0.));
#4727 = CARTESIAN_POINT('',(-21.19998861332,-6.722526044945,0.));
#4728 = CARTESIAN_POINT('',(-21.19999440463,-6.608829883177,0.));
#4729 = CARTESIAN_POINT('',(-21.20002356087,-6.041810239016,0.));
#4730 = CARTESIAN_POINT('',(-21.20003317173,-5.588922963831,0.));
#4731 = CARTESIAN_POINT('',(-21.20003242893,-5.136423291734,0.));
#4732 = CARTESIAN_POINT('',(-21.20002492661,-4.684231820564,0.));
#4733 = CARTESIAN_POINT('',(-21.20001436973,-4.232268107618,0.));
#4734 = CARTESIAN_POINT('',(-21.20000443759,-3.780450970879,0.));
#4735 = CARTESIAN_POINT('',(-21.19999864741,-3.328698790231,0.));
#4736 = CARTESIAN_POINT('',(-21.20000177601,-2.428715519037,0.));
#4737 = CARTESIAN_POINT('',(-21.20000424663,-1.704088153947,0.));
#4738 = CARTESIAN_POINT('',(-21.20006276795,-0.963392965279,0.));
#4739 = CARTESIAN_POINT('',(-21.19999759187,-0.37499644063,0.));
#4740 = CARTESIAN_POINT('',(-21.20006515727,-1.369121356646E-02,0.));
#4741 = CARTESIAN_POINT('',(-21.19998227989,0.151033768776,0.));
#4742 = CARTESIAN_POINT('',(-21.20002566597,0.261170927864,0.));
#4743 = CARTESIAN_POINT('',(-21.1999743118,0.786692234584,0.));
#4744 = CARTESIAN_POINT('',(-21.19989782371,0.995670493203,0.));
#4745 = CARTESIAN_POINT('',(-21.19957516139,1.204696046934,0.));
#4746 = CARTESIAN_POINT('',(-21.1988167769,1.413728532986,0.));
#4747 = CARTESIAN_POINT('',(-21.19743295531,1.622726417261,0.));
#4748 = CARTESIAN_POINT('',(-21.1952330965,1.831646835621,0.));
#4749 = CARTESIAN_POINT('',(-21.19202499697,2.040445435171,0.));
#4750 = CARTESIAN_POINT('',(-21.18761413171,2.249076215526,0.));
#4751 = PCURVE('',#2399,#4752);
#4752 = DEFINITIONAL_REPRESENTATION('',(#4753),#4924);
#4753 = B_SPLINE_CURVE_WITH_KNOTS('',8,(#4754,#4755,#4756,#4757,#4758,
    #4759,#4760,#4761,#4762,#4763,#4764,#4765,#4766,#4767,#4768,#4769,
    #4770,#4771,#4772,#4773,#4774,#4775,#4776,#4777,#4778,#4779,#4780,
    #4781,#4782,#4783,#4784,#4785,#4786,#4787,#4788,#4789,#4790,#4791,
    #4792,#4793,#4794,#4795,#4796,#4797,#4798,#4799,#4800,#4801,#4802,
    #4803,#4804,#4805,#4806,#4807,#4808,#4809,#4810,#4811,#4812,#4813,
    #4814,#4815,#4816,#4817,#4818,#4819,#4820,#4821,#4822,#4823,#4824,
    #4825,#4826,#4827,#4828,#4829,#4830,#4831,#4832,#4833,#4834,#4835,
    #4836,#4837,#4838,#4839,#4840,#4841,#4842,#4843,#4844,#4845,#4846,
    #4847,#4848,#4849,#4850,#4851,#4852,#4853,#4854,#4855,#4856,#4857,
    #4858,#4859,#4860,#4861,#4862,#4863,#4864,#4865,#4866,#4867,#4868,
    #4869,#4870,#4871,#4872,#4873,#4874,#4875,#4876,#4877,#4878,#4879,
    #4880,#4881,#4882,#4883,#4884,#4885,#4886,#4887,#4888,#4889,#4890,
    #4891,#4892,#4893,#4894,#4895,#4896,#4897,#4898,#4899,#4900,#4901,
    #4902,#4903,#4904,#4905,#4906,#4907,#4908,#4909,#4910,#4911,#4912,
    #4913,#4914,#4915,#4916,#4917,#4918,#4919,#4920,#4921,#4922,#4923),
  .UNSPECIFIED.,.F.,.F.,(9,7,7,7,7,7,7,7,7,7,7,7,7,7,7,7,7,7,7,7,7,7,7,7
    ,9),(0.,3.414385911248E-02,7.91618799354E-02,0.113182164114,
    0.131686306025,0.150190448168,0.187321337124,0.228273000284,
    0.242686617318,0.258701749845,0.314195879496,0.32451567759,
    0.360955099803,0.388136075706,0.40913124203,0.425025360467,
    0.471462425528,0.506611922344,0.523428205915,0.541773458807,
    0.60926746248,0.64307923825,0.777935508086,0.911730676989,1.),
  .UNSPECIFIED.);
#4754 = CARTESIAN_POINT('',(18.458926113753,-8.217545054761));
#4755 = CARTESIAN_POINT('',(18.348266622038,-8.241246345038));
#4756 = CARTESIAN_POINT('',(18.237630670945,-8.265335691477));
#4757 = CARTESIAN_POINT('',(18.127017995923,-8.289768121638));
#4758 = CARTESIAN_POINT('',(18.016428133892,-8.314498925618));
#4759 = CARTESIAN_POINT('',(17.90586042324,-8.339483656049));
#4760 = CARTESIAN_POINT('',(17.795314003821,-8.3646781281));
#4761 = CARTESIAN_POINT('',(17.684787816961,-8.390038419478));
#4762 = CARTESIAN_POINT('',(17.428578974814,-8.449118991354));
#4763 = CARTESIAN_POINT('',(17.28291080687,-8.482929249985));
#4764 = CARTESIAN_POINT('',(17.13727302095,-8.516851320161));
#4765 = CARTESIAN_POINT('',(16.991662700921,-8.550785091878));
#4766 = CARTESIAN_POINT('',(16.846077087039,-8.584630388542));
#4767 = CARTESIAN_POINT('',(16.700513567801,-8.618286684206));
#4768 = CARTESIAN_POINT('',(16.554969671794,-8.65165282083));
#4769 = CARTESIAN_POINT('',(16.299468062575,-8.70954522677));
#4770 = CARTESIAN_POINT('',(16.189503210691,-8.734239605677));
#4771 = CARTESIAN_POINT('',(16.079547567627,-8.758665918485));
#4772 = CARTESIAN_POINT('',(15.969600501282,-8.782779739639));
#4773 = CARTESIAN_POINT('',(15.859661683732,-8.806536161789));
#4774 = CARTESIAN_POINT('',(15.74973109123,-8.829889795789));
#4775 = CARTESIAN_POINT('',(15.639809004204,-8.852794770696));
#4776 = CARTESIAN_POINT('',(15.470112682624,-8.887393848206));
#4777 = CARTESIAN_POINT('',(15.410363680599,-8.899427044484));
#4778 = CARTESIAN_POINT('',(15.350645938822,-8.911316113878));
#4779 = CARTESIAN_POINT('',(15.290957950391,-8.923108138316));
#4780 = CARTESIAN_POINT('',(15.231296127438,-8.934803573614));
#4781 = CARTESIAN_POINT('',(15.171658869414,-8.94644647524));
#4782 = CARTESIAN_POINT('',(15.112043212006,-8.958052276693));
#4783 = CARTESIAN_POINT('',(14.992850453131,-8.981245848096));
#4784 = CARTESIAN_POINT('',(14.933273326197,-8.992833196684));
#4785 = CARTESIAN_POINT('',(14.873712968813,-9.004436213421));
#4786 = CARTESIAN_POINT('',(14.814166897655,-9.016080003641));
#4787 = CARTESIAN_POINT('',(14.754632629396,-9.027789672679));
#4788 = CARTESIAN_POINT('',(14.695107680711,-9.03959032587));
#4789 = CARTESIAN_POINT('',(14.635589568273,-9.051507068549));
#4790 = CARTESIAN_POINT('',(14.4566539637,-9.087760774485));
#4791 = CARTESIAN_POINT('',(14.337296992612,-9.112515526033));
#4792 = CARTESIAN_POINT('',(14.218013339131,-9.138025378273));
#4793 = CARTESIAN_POINT('',(14.098814954678,-9.164484601454));
#4794 = CARTESIAN_POINT('',(13.979717204634,-9.192084137497));
#4795 = CARTESIAN_POINT('',(13.860738774502,-9.221010118998));
#4796 = CARTESIAN_POINT('',(13.741901576086,-9.251442388234));
#4797 = CARTESIAN_POINT('',(13.492348474999,-9.318967832667));
#4798 = CARTESIAN_POINT('',(13.361669640217,-9.356423852562));
#4799 = CARTESIAN_POINT('',(13.231229912612,-9.396151032969));
#4800 = CARTESIAN_POINT('',(13.101072081315,-9.438366778815));
#4801 = CARTESIAN_POINT('',(12.971245580087,-9.483272519469));
#4802 = CARTESIAN_POINT('',(12.841806106123,-9.53105028536));
#4803 = CARTESIAN_POINT('',(12.712815238855,-9.581859284615));
#4804 = CARTESIAN_POINT('',(12.539121088353,-9.654829240823));
#4805 = CARTESIAN_POINT('',(12.493868449843,-9.674266260568));
#4806 = CARTESIAN_POINT('',(12.448588175848,-9.694094685919));
#4807 = CARTESIAN_POINT('',(12.403286142622,-9.714264406679));
#4808 = CARTESIAN_POINT('',(12.357968139481,-9.734724592422));
#4809 = CARTESIAN_POINT('',(12.312639938238,-9.755424229474));
#4810 = CARTESIAN_POINT('',(12.267307362637,-9.776312657891));
#4811 = CARTESIAN_POINT('',(12.171608566783,-9.82070394602));
#4812 = CARTESIAN_POINT('',(12.121242651992,-9.844239066824));
#4813 = CARTESIAN_POINT('',(12.070886622249,-9.867876213741));
#4814 = CARTESIAN_POINT('',(12.020548486391,-9.891546129655));
#4815 = CARTESIAN_POINT('',(11.970236253257,-9.915179557455));
#4816 = CARTESIAN_POINT('',(11.919957931684,-9.938707240024));
#4817 = CARTESIAN_POINT('',(11.86972153051,-9.962059920251));
#4818 = CARTESIAN_POINT('',(11.645633620318,-10.06524146535));
#4819 = CARTESIAN_POINT('',(11.471861833234,-10.14259819149));
#4820 = CARTESIAN_POINT('',(11.297287341451,-10.21491411149));
#4821 = CARTESIAN_POINT('',(11.1214807597,-10.27946490618));
#4822 = CARTESIAN_POINT('',(10.944471157292,-10.33278075107));
#4823 = CARTESIAN_POINT('',(10.766731700426,-10.37065661647));
#4824 = CARTESIAN_POINT('',(10.589174246715,-10.38823991605));
#4825 = CARTESIAN_POINT('',(10.380484929704,-10.37977631805));
#4826 = CARTESIAN_POINT('',(10.347869504994,-10.3776088453));
#4827 = CARTESIAN_POINT('',(10.315365748015,-10.37455732305));
#4828 = CARTESIAN_POINT('',(10.282977239578,-10.37059023709));
#4829 = CARTESIAN_POINT('',(10.250707086221,-10.36568825027));
#4830 = CARTESIAN_POINT('',(10.218557920203,-10.35984420255));
#4831 = CARTESIAN_POINT('',(10.18653189951,-10.35306311096));
#4832 = CARTESIAN_POINT('',(10.04198693504,-10.31816998513));
#4833 = CARTESIAN_POINT('',(9.931506464757,-10.27973980062));
#4834 = CARTESIAN_POINT('',(9.823671345622,-10.23118216445));
#4835 = CARTESIAN_POINT('',(9.718791753774,-10.17372412341));
#4836 = CARTESIAN_POINT('',(9.617047223157,-10.10854737844));
#4837 = CARTESIAN_POINT('',(9.518511319936,-10.03670918623));
#4838 = CARTESIAN_POINT('',(9.423168782388,-9.959108350887));
#4839 = CARTESIAN_POINT('',(9.262134281098,-9.814808398826));
#4840 = CARTESIAN_POINT('',(9.195082954884,-9.750366516871));
#4841 = CARTESIAN_POINT('',(9.129756271195,-9.683443480759));
#4842 = CARTESIAN_POINT('',(9.066130853321,-9.614318221622));
#4843 = CARTESIAN_POINT('',(9.004184149293,-9.543240659716));
#4844 = CARTESIAN_POINT('',(8.943894735534,-9.470434239102));
#4845 = CARTESIAN_POINT('',(8.885242620514,-9.396098462328));
#4846 = CARTESIAN_POINT('',(8.784155985391,-9.261949141015));
#4847 = CARTESIAN_POINT('',(8.74107130104,-9.202684422328));
#4848 = CARTESIAN_POINT('',(8.698948772945,-9.142701549263));
#4849 = CARTESIAN_POINT('',(8.657784495793,-9.082080406044));
#4850 = CARTESIAN_POINT('',(8.61757750827,-9.020897359411));
#4851 = CARTESIAN_POINT('',(8.578329919958,-8.959226137139));
#4852 = CARTESIAN_POINT('',(8.540047038233,-8.897138706545));
#4853 = CARTESIAN_POINT('',(8.47449278935,-8.78744239786));
#4854 = CARTESIAN_POINT('',(8.44680531269,-8.739978840848));
#4855 = CARTESIAN_POINT('',(8.41968520223,-8.692365026328));
#4856 = CARTESIAN_POINT('',(8.393127892047,-8.644599140688));
#4857 = CARTESIAN_POINT('',(8.367126315498,-8.59667297665));
#4858 = CARTESIAN_POINT('',(8.341676454131,-8.548592248397));
#4859 = CARTESIAN_POINT('',(8.316776233242,-8.500372257506));
#4860 = CARTESIAN_POINT('',(8.221250821293,-8.310708092203));
#4861 = CARTESIAN_POINT('',(8.154711618281,-8.168198620199));
#4862 = CARTESIAN_POINT('',(8.092660003812,-8.024590022387));
#4863 = CARTESIAN_POINT('',(8.034904660039,-7.879985708416));
#4864 = CARTESIAN_POINT('',(7.981210737656,-7.734481815784));
#4865 = CARTESIAN_POINT('',(7.931307491081,-7.588166056744));
#4866 = CARTESIAN_POINT('',(7.884895913618,-7.441116565202));
#4867 = CARTESIAN_POINT('',(7.80892717009,-7.181590559381));
#4868 = CARTESIAN_POINT('',(7.778015290542,-7.069398233794));
#4869 = CARTESIAN_POINT('',(7.748781424035,-6.956851144147));
#4870 = CARTESIAN_POINT('',(7.721080067682,-6.843973844516));
#4871 = CARTESIAN_POINT('',(7.694760884614,-6.730787911491));
#4872 = CARTESIAN_POINT('',(7.669670062938,-6.617311789894));
#4873 = CARTESIAN_POINT('',(7.645651674684,-6.503560638495));
#4874 = CARTESIAN_POINT('',(7.611496229476,-6.334999177599));
#4875 = CARTESIAN_POINT('',(7.600648845594,-6.280374869194));
#4876 = CARTESIAN_POINT('',(7.589996183782,-6.225671887565));
#4877 = CARTESIAN_POINT('',(7.579497745181,-6.170888777445));
#4878 = CARTESIAN_POINT('',(7.569161677545,-6.116027038605));
#4879 = CARTESIAN_POINT('',(7.559002300615,-6.061089279941));
#4880 = CARTESIAN_POINT('',(7.548994856581,-6.006077362858));
#4881 = CARTESIAN_POINT('',(7.528400895613,-5.890905312198));
#4882 = CARTESIAN_POINT('',(7.517842097006,-5.830730023794));
#4883 = CARTESIAN_POINT('',(7.50746451439,-5.770472185123));
#4884 = CARTESIAN_POINT('',(7.497263426496,-5.710134429968));
#4885 = CARTESIAN_POINT('',(7.487234112057,-5.649719392109));
#4886 = CARTESIAN_POINT('',(7.477371849801,-5.589229705328));
#4887 = CARTESIAN_POINT('',(7.467671918462,-5.528668003405));
#4888 = CARTESIAN_POINT('',(7.423022449476,-5.244969155293));
#4889 = CARTESIAN_POINT('',(7.390095049043,-5.021256734049));
#4890 = CARTESIAN_POINT('',(7.359096655931,-4.796999199402));
#4891 = CARTESIAN_POINT('',(7.329780830651,-4.572290992128));
#4892 = CARTESIAN_POINT('',(7.301904618584,-4.34722173718));
#4893 = CARTESIAN_POINT('',(7.275227734787,-4.121876530095));
#4894 = CARTESIAN_POINT('',(7.249511748808,-3.896336223408));
#4895 = CARTESIAN_POINT('',(7.211999044586,-3.557631893625));
#4896 = CARTESIAN_POINT('',(7.19966040113,-3.444556848513));
#4897 = CARTESIAN_POINT('',(7.187473563219,-3.331462442737));
#4898 = CARTESIAN_POINT('',(7.175408761371,-3.218358497072));
#4899 = CARTESIAN_POINT('',(7.163436232542,-3.105254788055));
#4900 = CARTESIAN_POINT('',(7.151526220122,-2.992161047989));
#4901 = CARTESIAN_POINT('',(7.139648973935,-2.879086964941));
#4902 = CARTESIAN_POINT('',(7.080415110651,-2.315169748361));
#4903 = CARTESIAN_POINT('',(7.033117718636,-1.864759001569));
#4904 = CARTESIAN_POINT('',(6.985871094939,-1.414732658121));
#4905 = CARTESIAN_POINT('',(6.938663374337,-0.965012125155));
#4906 = CARTESIAN_POINT('',(6.891482472778,-0.515517786527));
#4907 = CARTESIAN_POINT('',(6.844316254523,-6.61692881358E-02));
#4908 = CARTESIAN_POINT('',(6.797152699286,0.38311417674));
#4909 = CARTESIAN_POINT('',(6.703178611832,1.27817772718));
#4910 = CARTESIAN_POINT('',(6.627514814247,1.998843952265));
#4911 = CARTESIAN_POINT('',(6.55011756441,2.735484320191));
#4912 = CARTESIAN_POINT('',(6.488745469301,3.320671418826));
#4913 = CARTESIAN_POINT('',(6.450952899997,3.679994662402));
#4914 = CARTESIAN_POINT('',(6.433835707597,3.843827895906));
#4915 = CARTESIAN_POINT('',(6.422292682325,3.953358504697));
#4916 = CARTESIAN_POINT('',(6.367471902438,4.476012624117));
#4917 = CARTESIAN_POINT('',(6.345727688057,4.683856574153));
#4918 = CARTESIAN_POINT('',(6.324223364014,4.891773264851));
#4919 = CARTESIAN_POINT('',(6.303151656606,5.099742345532));
#4920 = CARTESIAN_POINT('',(6.282705580518,5.307742318047));
#4921 = CARTESIAN_POINT('',(6.263079169654,5.515750453905));
#4922 = CARTESIAN_POINT('',(6.244468207966,5.723742711409));
#4923 = CARTESIAN_POINT('',(6.227070960281,5.931693652779));
#4924 = ( GEOMETRIC_REPRESENTATION_CONTEXT(2) 
PARAMETRIC_REPRESENTATION_CONTEXT() REPRESENTATION_CONTEXT('2D SPACE',''
  ) );
#4925 = PCURVE('',#3126,#4926);
#4926 = DEFINITIONAL_REPRESENTATION('',(#4927),#5098);
#4927 = B_SPLINE_CURVE_WITH_KNOTS('',8,(#4928,#4929,#4930,#4931,#4932,
    #4933,#4934,#4935,#4936,#4937,#4938,#4939,#4940,#4941,#4942,#4943,
    #4944,#4945,#4946,#4947,#4948,#4949,#4950,#4951,#4952,#4953,#4954,
    #4955,#4956,#4957,#4958,#4959,#4960,#4961,#4962,#4963,#4964,#4965,
    #4966,#4967,#4968,#4969,#4970,#4971,#4972,#4973,#4974,#4975,#4976,
    #4977,#4978,#4979,#4980,#4981,#4982,#4983,#4984,#4985,#4986,#4987,
    #4988,#4989,#4990,#4991,#4992,#4993,#4994,#4995,#4996,#4997,#4998,
    #4999,#5000,#5001,#5002,#5003,#5004,#5005,#5006,#5007,#5008,#5009,
    #5010,#5011,#5012,#5013,#5014,#5015,#5016,#5017,#5018,#5019,#5020,
    #5021,#5022,#5023,#5024,#5025,#5026,#5027,#5028,#5029,#5030,#5031,
    #5032,#5033,#5034,#5035,#5036,#5037,#5038,#5039,#5040,#5041,#5042,
    #5043,#5044,#5045,#5046,#5047,#5048,#5049,#5050,#5051,#5052,#5053,
    #5054,#5055,#5056,#5057,#5058,#5059,#5060,#5061,#5062,#5063,#5064,
    #5065,#5066,#5067,#5068,#5069,#5070,#5071,#5072,#5073,#5074,#5075,
    #5076,#5077,#5078,#5079,#5080,#5081,#5082,#5083,#5084,#5085,#5086,
    #5087,#5088,#5089,#5090,#5091,#5092,#5093,#5094,#5095,#5096,#5097),
  .UNSPECIFIED.,.F.,.F.,(9,7,7,7,7,7,7,7,7,7,7,7,7,7,7,7,7,7,7,7,7,7,7,7
    ,9),(0.,3.414385911248E-02,7.91618799354E-02,0.113182164114,
    0.131686306025,0.150190448168,0.187321337124,0.228273000284,
    0.242686617318,0.258701749845,0.314195879496,0.32451567759,
    0.360955099803,0.388136075706,0.40913124203,0.425025360467,
    0.471462425528,0.506611922344,0.523428205915,0.541773458807,
    0.60926746248,0.64307923825,0.777935508086,0.911730676989,1.),
  .UNSPECIFIED.);
#4928 = CARTESIAN_POINT('',(41.119832237205,0.25));
#4929 = CARTESIAN_POINT('',(41.0066045868,0.25));
#4930 = CARTESIAN_POINT('',(40.893435333035,0.25));
#4931 = CARTESIAN_POINT('',(40.780316660499,0.25));
#4932 = CARTESIAN_POINT('',(40.66724057451,0.25));
#4933 = CARTESIAN_POINT('',(40.554198901119,0.25));
#4934 = CARTESIAN_POINT('',(40.441183287106,0.25));
#4935 = CARTESIAN_POINT('',(40.328185199981,0.25));
#4936 = CARTESIAN_POINT('',(40.066221748395,0.25));
#4937 = CARTESIAN_POINT('',(39.917263359852,0.25));
#4938 = CARTESIAN_POINT('',(39.768300538361,0.25));
#4939 = CARTESIAN_POINT('',(39.619313229303,0.25));
#4940 = CARTESIAN_POINT('',(39.470281491004,0.25));
#4941 = CARTESIAN_POINT('',(39.321185438309,0.25));
#4942 = CARTESIAN_POINT('',(39.172005186149,0.25));
#4943 = CARTESIAN_POINT('',(38.909906027335,0.25));
#4944 = CARTESIAN_POINT('',(38.797032059692,0.25));
#4945 = CARTESIAN_POINT('',(38.684090379534,0.25));
#4946 = CARTESIAN_POINT('',(38.571072705724,0.25));
#4947 = CARTESIAN_POINT('',(38.457970986631,0.25));
#4948 = CARTESIAN_POINT('',(38.344777400125,0.25));
#4949 = CARTESIAN_POINT('',(38.231484353584,0.25));
#4950 = CARTESIAN_POINT('',(38.056404596959,0.25));
#4951 = CARTESIAN_POINT('',(37.994725383496,0.25));
#4952 = CARTESIAN_POINT('',(37.933044647016,0.25));
#4953 = CARTESIAN_POINT('',(37.871366034891,0.25));
#4954 = CARTESIAN_POINT('',(37.809685446217,0.25));
#4955 = CARTESIAN_POINT('',(37.748006069271,0.25));
#4956 = CARTESIAN_POINT('',(37.686326244622,0.25));
#4957 = CARTESIAN_POINT('',(37.562966748687,0.25));
#4958 = CARTESIAN_POINT('',(37.501287000331,0.25));
#4959 = CARTESIAN_POINT('',(37.439607251975,0.25));
#4960 = CARTESIAN_POINT('',(37.37792750362,0.25));
#4961 = CARTESIAN_POINT('',(37.316247755264,0.25));
#4962 = CARTESIAN_POINT('',(37.254568006908,0.25));
#4963 = CARTESIAN_POINT('',(37.192888258552,0.25));
#4964 = CARTESIAN_POINT('',(37.007440336061,0.25));
#4965 = CARTESIAN_POINT('',(36.883721237465,0.25));
#4966 = CARTESIAN_POINT('',(36.760080767135,0.25));
#4967 = CARTESIAN_POINT('',(36.63655210188,0.25));
#4968 = CARTESIAN_POINT('',(36.513171804481,0.25));
#4969 = CARTESIAN_POINT('',(36.389979585582,0.25));
#4970 = CARTESIAN_POINT('',(36.267018065577,0.25));
#4971 = CARTESIAN_POINT('',(36.009022647554,0.25));
#4972 = CARTESIAN_POINT('',(35.874049592602,0.25));
#4973 = CARTESIAN_POINT('',(35.739476333531,0.25));
#4974 = CARTESIAN_POINT('',(35.605372229755,0.25));
#4975 = CARTESIAN_POINT('',(35.471812295879,0.25));
#4976 = CARTESIAN_POINT('',(35.338876459354,0.25));
#4977 = CARTESIAN_POINT('',(35.206648818134,0.25));
#4978 = CARTESIAN_POINT('',(35.028957254361,0.25));
#4979 = CARTESIAN_POINT('',(34.982697270705,0.25));
#4980 = CARTESIAN_POINT('',(34.936437353914,0.25));
#4981 = CARTESIAN_POINT('',(34.890177590379,0.25));
#4982 = CARTESIAN_POINT('',(34.843917885925,0.25));
#4983 = CARTESIAN_POINT('',(34.797658105403,0.25));
#4984 = CARTESIAN_POINT('',(34.751398212275,0.25));
#4985 = CARTESIAN_POINT('',(34.653738617905,0.25));
#4986 = CARTESIAN_POINT('',(34.602338827608,0.25));
#4987 = CARTESIAN_POINT('',(34.550939037312,0.25));
#4988 = CARTESIAN_POINT('',(34.499539247015,0.25));
#4989 = CARTESIAN_POINT('',(34.448139456719,0.25));
#4990 = CARTESIAN_POINT('',(34.396739666422,0.25));
#4991 = CARTESIAN_POINT('',(34.345339876125,0.25));
#4992 = CARTESIAN_POINT('',(34.115834371011,0.25));
#4993 = CARTESIAN_POINT('',(33.937247460786,0.25));
#4994 = CARTESIAN_POINT('',(33.756877304141,0.25));
#4995 = CARTESIAN_POINT('',(33.573904450618,0.25));
#4996 = CARTESIAN_POINT('',(33.387906937383,0.25));
#4997 = CARTESIAN_POINT('',(33.198850793733,0.25));
#4998 = CARTESIAN_POINT('',(33.007100062518,0.25));
#4999 = CARTESIAN_POINT('',(32.777647329313,0.25));
#5000 = CARTESIAN_POINT('',(32.741666319582,0.25));
#5001 = CARTESIAN_POINT('',(32.705685228011,0.25));
#5002 = CARTESIAN_POINT('',(32.669705245659,0.25));
#5003 = CARTESIAN_POINT('',(32.633726622727,0.25));
#5004 = CARTESIAN_POINT('',(32.597748668561,0.25));
#5005 = CARTESIAN_POINT('',(32.561769751651,0.25));
#5006 = CARTESIAN_POINT('',(32.398732511394,0.25));
#5007 = CARTESIAN_POINT('',(32.272314908281,0.25));
#5008 = CARTESIAN_POINT('',(32.14691053317,0.25));
#5009 = CARTESIAN_POINT('',(32.022739850067,0.25));
#5010 = CARTESIAN_POINT('',(31.899905787056,0.25));
#5011 = CARTESIAN_POINT('',(31.77840870439,0.25));
#5012 = CARTESIAN_POINT('',(31.658146907652,0.25));
#5013 = CARTESIAN_POINT('',(31.449970852225,0.25));
#5014 = CARTESIAN_POINT('',(31.361626504488,0.25));
#5015 = CARTESIAN_POINT('',(31.273807498991,0.25));
#5016 = CARTESIAN_POINT('',(31.186441375866,0.25));
#5017 = CARTESIAN_POINT('',(31.09945179077,0.25));
#5018 = CARTESIAN_POINT('',(31.012756306541,0.25));
#5019 = CARTESIAN_POINT('',(30.926264184859,0.25));
#5020 = CARTESIAN_POINT('',(30.773144691395,0.25));
#5021 = CARTESIAN_POINT('',(30.706480463942,0.25));
#5022 = CARTESIAN_POINT('',(30.639837078537,0.25));
#5023 = CARTESIAN_POINT('',(30.573169932511,0.25));
#5024 = CARTESIAN_POINT('',(30.506433365535,0.25));
#5025 = CARTESIAN_POINT('',(30.439579787626,0.25));
#5026 = CARTESIAN_POINT('',(30.372558807149,0.25));
#5027 = CARTESIAN_POINT('',(30.254411335193,0.25));
#5028 = CARTESIAN_POINT('',(30.203382737841,0.25));
#5029 = CARTESIAN_POINT('',(30.152187461348,0.25));
#5030 = CARTESIAN_POINT('',(30.100837895167,0.25));
#5031 = CARTESIAN_POINT('',(30.049353516489,0.25));
#5032 = CARTESIAN_POINT('',(29.997738982851,0.25));
#5033 = CARTESIAN_POINT('',(29.94598872449,0.25));
#5034 = CARTESIAN_POINT('',(29.742569995279,0.25));
#5035 = CARTESIAN_POINT('',(29.589972751912,0.25));
#5036 = CARTESIAN_POINT('',(29.436481598754,0.25));
#5037 = CARTESIAN_POINT('',(29.282245590702,0.25));
#5038 = CARTESIAN_POINT('',(29.127405889336,0.25));
#5039 = CARTESIAN_POINT('',(28.972094107104,0.25));
#5040 = CARTESIAN_POINT('',(28.816430651517,0.25));
#5041 = CARTESIAN_POINT('',(28.542512315282,0.25));
#5042 = CARTESIAN_POINT('',(28.424361308911,0.25));
#5043 = CARTESIAN_POINT('',(28.306114810055,0.25));
#5044 = CARTESIAN_POINT('',(28.187814148652,0.25));
#5045 = CARTESIAN_POINT('',(28.069497055056,0.25));
#5046 = CARTESIAN_POINT('',(27.951197490375,0.25));
#5047 = CARTESIAN_POINT('',(27.832945476788,0.25));
#5048 = CARTESIAN_POINT('',(27.658227740388,0.25));
#5049 = CARTESIAN_POINT('',(27.601687902601,0.25));
#5050 = CARTESIAN_POINT('',(27.545145723873,0.25));
#5051 = CARTESIAN_POINT('',(27.488607692852,0.25));
#5052 = CARTESIAN_POINT('',(27.432069937908,0.25));
#5053 = CARTESIAN_POINT('',(27.375528089916,0.25));
#5054 = CARTESIAN_POINT('',(27.318987876058,0.25));
#5055 = CARTESIAN_POINT('',(27.200769024911,0.25));
#5056 = CARTESIAN_POINT('',(27.139089276555,0.25));
#5057 = CARTESIAN_POINT('',(27.0774095282,0.25));
#5058 = CARTESIAN_POINT('',(27.015729779844,0.25));
#5059 = CARTESIAN_POINT('',(26.954050031488,0.25));
#5060 = CARTESIAN_POINT('',(26.892370283132,0.25));
#5061 = CARTESIAN_POINT('',(26.830690534776,0.25));
#5062 = CARTESIAN_POINT('',(26.542084878851,0.25));
#5063 = CARTESIAN_POINT('',(26.315458556402,0.25));
#5064 = CARTESIAN_POINT('',(26.089095182335,0.25));
#5065 = CARTESIAN_POINT('',(25.862955381226,0.25));
#5066 = CARTESIAN_POINT('',(25.636996853682,0.25));
#5067 = CARTESIAN_POINT('',(25.411174191053,0.25));
#5068 = CARTESIAN_POINT('',(25.185438690155,0.25));
#5069 = CARTESIAN_POINT('',(24.846671302315,0.25));
#5070 = CARTESIAN_POINT('',(24.733613633497,0.25));
#5071 = CARTESIAN_POINT('',(24.620558823739,0.25));
#5072 = CARTESIAN_POINT('',(24.507500478401,0.25));
#5073 = CARTESIAN_POINT('',(24.394432145995,0.25));
#5074 = CARTESIAN_POINT('',(24.281347318185,0.25));
#5075 = CARTESIAN_POINT('',(24.168239429786,0.25));
#5076 = CARTESIAN_POINT('',(23.603859341659,0.25));
#5077 = CARTESIAN_POINT('',(23.152149227693,0.25));
#5078 = CARTESIAN_POINT('',(22.700050706543,0.25));
#5079 = CARTESIAN_POINT('',(22.247643965559,0.25));
#5080 = CARTESIAN_POINT('',(21.795009888925,0.25));
#5081 = CARTESIAN_POINT('',(21.342229756824,0.25));
#5082 = CARTESIAN_POINT('',(20.889384944594,0.25));
#5083 = CARTESIAN_POINT('',(19.987291326372,0.25));
#5084 = CARTESIAN_POINT('',(19.261062075441,0.25));
#5085 = CARTESIAN_POINT('',(18.518519113427,0.25));
#5086 = CARTESIAN_POINT('',(17.931574385749,0.25));
#5087 = CARTESIAN_POINT('',(17.571622166191,0.25));
#5088 = CARTESIAN_POINT('',(17.407514926911,0.25));
#5089 = CARTESIAN_POINT('',(17.297548232622,0.25));
#5090 = CARTESIAN_POINT('',(16.774636319003,0.25));
#5091 = CARTESIAN_POINT('',(16.566870849869,0.25));
#5092 = CARTESIAN_POINT('',(16.359152244332,0.25));
#5093 = CARTESIAN_POINT('',(16.151439904831,0.25));
#5094 = CARTESIAN_POINT('',(15.94369454171,0.25));
#5095 = CARTESIAN_POINT('',(15.735878016466,0.25));
#5096 = CARTESIAN_POINT('',(15.527953184993,0.25));
#5097 = CARTESIAN_POINT('',(15.319883740818,0.25));
#5098 = ( GEOMETRIC_REPRESENTATION_CONTEXT(2) 
PARAMETRIC_REPRESENTATION_CONTEXT() REPRESENTATION_CONTEXT('2D SPACE',''
  ) );
#5099 = ORIENTED_EDGE('',*,*,#4447,.T.);
#5100 = FACE_BOUND('',#5101,.F.);
#5101 = EDGE_LOOP('',(#5102,#5132,#5165,#5193));
#5102 = ORIENTED_EDGE('',*,*,#5103,.F.);
#5103 = EDGE_CURVE('',#5104,#5106,#5108,.T.);
#5104 = VERTEX_POINT('',#5105);
#5105 = CARTESIAN_POINT('',(18.234886774743,-13.32783345846,0.));
#5106 = VERTEX_POINT('',#5107);
#5107 = CARTESIAN_POINT('',(22.985323154484,-11.21280291446,0.));
#5108 = SURFACE_CURVE('',#5109,(#5113,#5120),.PCURVE_S1.);
#5109 = LINE('',#5110,#5111);
#5110 = CARTESIAN_POINT('',(3.235857813561,-20.00583140375,0.));
#5111 = VECTOR('',#5112,1.);
#5112 = DIRECTION('',(0.913545457643,0.406736643076,0.));
#5113 = PCURVE('',#2399,#5114);
#5114 = DEFINITIONAL_REPRESENTATION('',(#5115),#5119);
#5115 = LINE('',#5116,#5117);
#5116 = CARTESIAN_POINT('',(32.840768844746,-13.6514107977));
#5117 = VECTOR('',#5118,1.);
#5118 = DIRECTION('',(0.866082876065,0.499900441874));
#5119 = ( GEOMETRIC_REPRESENTATION_CONTEXT(2) 
PARAMETRIC_REPRESENTATION_CONTEXT() REPRESENTATION_CONTEXT('2D SPACE',''
  ) );
#5120 = PCURVE('',#5121,#5126);
#5121 = PLANE('',#5122);
#5122 = AXIS2_PLACEMENT_3D('',#5123,#5124,#5125);
#5123 = CARTESIAN_POINT('',(22.985323154484,-11.21280291446,-1.));
#5124 = DIRECTION('',(0.406736643076,-0.913545457643,0.));
#5125 = DIRECTION('',(-0.913545457643,-0.406736643076,0.));
#5126 = DEFINITIONAL_REPRESENTATION('',(#5127),#5131);
#5127 = LINE('',#5128,#5129);
#5128 = CARTESIAN_POINT('',(21.618481243273,-1.));
#5129 = VECTOR('',#5130,1.);
#5130 = DIRECTION('',(-1.,0.));
#5131 = ( GEOMETRIC_REPRESENTATION_CONTEXT(2) 
PARAMETRIC_REPRESENTATION_CONTEXT() REPRESENTATION_CONTEXT('2D SPACE',''
  ) );
#5132 = ORIENTED_EDGE('',*,*,#5133,.T.);
#5133 = EDGE_CURVE('',#5104,#5134,#5136,.T.);
#5134 = VERTEX_POINT('',#5135);
#5135 = CARTESIAN_POINT('',(17.014676845516,-10.58719708553,0.));
#5136 = SURFACE_CURVE('',#5137,(#5142,#5153),.PCURVE_S1.);
#5137 = CIRCLE('',#5138,1.5);
#5138 = AXIS2_PLACEMENT_3D('',#5139,#5140,#5141);
#5139 = CARTESIAN_POINT('',(17.624781810129,-11.95751527199,0.));
#5140 = DIRECTION('',(0.,-0.,-1.));
#5141 = DIRECTION('',(0.406736643076,-0.913545457643,0.));
#5142 = PCURVE('',#2399,#5143);
#5143 = DEFINITIONAL_REPRESENTATION('',(#5144),#5152);
#5144 = ( BOUNDED_CURVE() B_SPLINE_CURVE(2,(#5145,#5146,#5147,#5148,
#5149,#5150,#5151),.UNSPECIFIED.,.T.,.F.) B_SPLINE_CURVE_WITH_KNOTS((1,2
    ,2,2,2,1),(-2.094395102393,0.,2.094395102393,4.188790204786,
6.28318530718,8.377580409573),.UNSPECIFIED.) CURVE() 
GEOMETRIC_REPRESENTATION_ITEM() RATIONAL_B_SPLINE_CURVE((1.,0.5,1.,0.5,
1.,0.5,1.)) REPRESENTATION_ITEM('') );
#5145 = CARTESIAN_POINT('',(47.060534300546,-5.44380476929));
#5146 = CARTESIAN_POINT('',(44.81038498318,-6.742584215369));
#5147 = CARTESIAN_POINT('',(44.810683647645,-4.144508021182));
#5148 = CARTESIAN_POINT('',(44.810982312111,-1.546431826996));
#5149 = CARTESIAN_POINT('',(47.060832965011,-2.845728575103));
#5150 = CARTESIAN_POINT('',(49.310683617912,-4.145025323211));
#5151 = CARTESIAN_POINT('',(47.060534300546,-5.44380476929));
#5152 = ( GEOMETRIC_REPRESENTATION_CONTEXT(2) 
PARAMETRIC_REPRESENTATION_CONTEXT() REPRESENTATION_CONTEXT('2D SPACE',''
  ) );
#5153 = PCURVE('',#5154,#5159);
#5154 = CYLINDRICAL_SURFACE('',#5155,1.5);
#5155 = AXIS2_PLACEMENT_3D('',#5156,#5157,#5158);
#5156 = CARTESIAN_POINT('',(17.624781810129,-11.95751527199,-1.));
#5157 = DIRECTION('',(0.,-0.,-1.));
#5158 = DIRECTION('',(0.406736643076,-0.913545457643,0.));
#5159 = DEFINITIONAL_REPRESENTATION('',(#5160),#5164);
#5160 = LINE('',#5161,#5162);
#5161 = CARTESIAN_POINT('',(0.,-1.));
#5162 = VECTOR('',#5163,1.);
#5163 = DIRECTION('',(1.,0.));
#5164 = ( GEOMETRIC_REPRESENTATION_CONTEXT(2) 
PARAMETRIC_REPRESENTATION_CONTEXT() REPRESENTATION_CONTEXT('2D SPACE',''
  ) );
#5165 = ORIENTED_EDGE('',*,*,#5166,.F.);
#5166 = EDGE_CURVE('',#5167,#5134,#5169,.T.);
#5167 = VERTEX_POINT('',#5168);
#5168 = CARTESIAN_POINT('',(21.765113225257,-8.472166541539,0.));
#5169 = SURFACE_CURVE('',#5170,(#5174,#5181),.PCURVE_S1.);
#5170 = LINE('',#5171,#5172);
#5171 = CARTESIAN_POINT('',(-0.359570305538,-18.32271030282,0.));
#5172 = VECTOR('',#5173,1.);
#5173 = DIRECTION('',(-0.913545457643,-0.406736643076,0.));
#5174 = PCURVE('',#2399,#5175);
#5175 = DEFINITIONAL_REPRESENTATION('',(#5176),#5180);
#5176 = LINE('',#5177,#5178);
#5177 = CARTESIAN_POINT('',(29.089252041352,-12.35290331838));
#5178 = VECTOR('',#5179,1.);
#5179 = DIRECTION('',(-0.866082876065,-0.499900441874));
#5180 = ( GEOMETRIC_REPRESENTATION_CONTEXT(2) 
PARAMETRIC_REPRESENTATION_CONTEXT() REPRESENTATION_CONTEXT('2D SPACE',''
  ) );
#5181 = PCURVE('',#5182,#5187);
#5182 = PLANE('',#5183);
#5183 = AXIS2_PLACEMENT_3D('',#5184,#5185,#5186);
#5184 = CARTESIAN_POINT('',(17.014676845516,-10.58719708553,-1.));
#5185 = DIRECTION('',(-0.406736643076,0.913545457643,0.));
#5186 = DIRECTION('',(0.913545457643,0.406736643076,0.));
#5187 = DEFINITIONAL_REPRESENTATION('',(#5188),#5192);
#5188 = LINE('',#5189,#5190);
#5189 = CARTESIAN_POINT('',(-19.01848124327,-1.));
#5190 = VECTOR('',#5191,1.);
#5191 = DIRECTION('',(-1.,-0.));
#5192 = ( GEOMETRIC_REPRESENTATION_CONTEXT(2) 
PARAMETRIC_REPRESENTATION_CONTEXT() REPRESENTATION_CONTEXT('2D SPACE',''
  ) );
#5193 = ORIENTED_EDGE('',*,*,#5194,.T.);
#5194 = EDGE_CURVE('',#5167,#5106,#5195,.T.);
#5195 = SURFACE_CURVE('',#5196,(#5201,#5212),.PCURVE_S1.);
#5196 = CIRCLE('',#5197,1.5);
#5197 = AXIS2_PLACEMENT_3D('',#5198,#5199,#5200);
#5198 = CARTESIAN_POINT('',(22.375218189871,-9.842484728003,0.));
#5199 = DIRECTION('',(0.,0.,-1.));
#5200 = DIRECTION('',(-0.406736643076,0.913545457643,0.));
#5201 = PCURVE('',#2399,#5202);
#5202 = DEFINITIONAL_REPRESENTATION('',(#5203),#5211);
#5203 = ( BOUNDED_CURVE() B_SPLINE_CURVE(2,(#5204,#5205,#5206,#5207,
#5208,#5209,#5210),.UNSPECIFIED.,.T.,.F.) B_SPLINE_CURVE_WITH_KNOTS((1,2
    ,2,2,2,1),(-2.094395102393,0.,2.094395102393,4.188790204786,
6.28318530718,8.377580409573),.UNSPECIFIED.) CURVE() 
GEOMETRIC_REPRESENTATION_ITEM() RATIONAL_B_SPLINE_CURVE((1.,0.5,1.,0.5,
1.,0.5,1.)) REPRESENTATION_ITEM('') );
#5204 = CARTESIAN_POINT('',(50.064463930463,-0.246073843347));
#5205 = CARTESIAN_POINT('',(52.314613247829,1.052705602732));
#5206 = CARTESIAN_POINT('',(52.314314583363,-1.545370591455));
#5207 = CARTESIAN_POINT('',(52.314015918898,-4.143446785641));
#5208 = CARTESIAN_POINT('',(50.064165265997,-2.844150037534));
#5209 = CARTESIAN_POINT('',(47.814314613097,-1.544853289426));
#5210 = CARTESIAN_POINT('',(50.064463930463,-0.246073843347));
#5211 = ( GEOMETRIC_REPRESENTATION_CONTEXT(2) 
PARAMETRIC_REPRESENTATION_CONTEXT() REPRESENTATION_CONTEXT('2D SPACE',''
  ) );
#5212 = PCURVE('',#5213,#5218);
#5213 = CYLINDRICAL_SURFACE('',#5214,1.5);
#5214 = AXIS2_PLACEMENT_3D('',#5215,#5216,#5217);
#5215 = CARTESIAN_POINT('',(22.375218189871,-9.842484728003,-1.));
#5216 = DIRECTION('',(0.,0.,-1.));
#5217 = DIRECTION('',(-0.406736643076,0.913545457643,0.));
#5218 = DEFINITIONAL_REPRESENTATION('',(#5219),#5223);
#5219 = LINE('',#5220,#5221);
#5220 = CARTESIAN_POINT('',(0.,-1.));
#5221 = VECTOR('',#5222,1.);
#5222 = DIRECTION('',(1.,0.));
#5223 = ( GEOMETRIC_REPRESENTATION_CONTEXT(2) 
PARAMETRIC_REPRESENTATION_CONTEXT() REPRESENTATION_CONTEXT('2D SPACE',''
  ) );
#5224 = ADVANCED_FACE('',(#5225),#2600,.F.);
#5225 = FACE_BOUND('',#5226,.F.);
#5226 = EDGE_LOOP('',(#5227,#5254,#5255,#5256));
#5227 = ORIENTED_EDGE('',*,*,#5228,.F.);
#5228 = EDGE_CURVE('',#4476,#2669,#5229,.T.);
#5229 = SURFACE_CURVE('',#5230,(#5236,#5245),.PCURVE_S1.);
#5230 = B_SPLINE_CURVE_WITH_KNOTS('',4,(#5231,#5232,#5233,#5234,#5235),
  .UNSPECIFIED.,.F.,.F.,(5,5),(0.,1.),.PIECEWISE_BEZIER_KNOTS.);
#5231 = CARTESIAN_POINT('',(-16.99839392465,-12.92736119146,-20.));
#5232 = CARTESIAN_POINT('',(-10.5,-12.92736119146,1.350031197944E-13));
#5233 = CARTESIAN_POINT('',(-4.001606075342,-12.92736119146,20.));
#5234 = CARTESIAN_POINT('',(2.496787849316,-12.92736119146,40.));
#5235 = CARTESIAN_POINT('',(8.995181773974,-12.92736119146,60.));
#5236 = PCURVE('',#2600,#5237);
#5237 = DEFINITIONAL_REPRESENTATION('',(#5238),#5244);
#5238 = B_SPLINE_CURVE_WITH_KNOTS('',4,(#5239,#5240,#5241,#5242,#5243),
  .UNSPECIFIED.,.F.,.F.,(5,5),(0.,1.),.PIECEWISE_BEZIER_KNOTS.);
#5239 = CARTESIAN_POINT('',(3.898965225193,0.));
#5240 = CARTESIAN_POINT('',(3.898965225193,0.25));
#5241 = CARTESIAN_POINT('',(3.898965225193,0.5));
#5242 = CARTESIAN_POINT('',(3.898965225193,0.75));
#5243 = CARTESIAN_POINT('',(3.898965225193,1.));
#5244 = ( GEOMETRIC_REPRESENTATION_CONTEXT(2) 
PARAMETRIC_REPRESENTATION_CONTEXT() REPRESENTATION_CONTEXT('2D SPACE',''
  ) );
#5245 = PCURVE('',#2764,#5246);
#5246 = DEFINITIONAL_REPRESENTATION('',(#5247),#5253);
#5247 = B_SPLINE_CURVE_WITH_KNOTS('',4,(#5248,#5249,#5250,#5251,#5252),
  .UNSPECIFIED.,.F.,.F.,(5,5),(0.,1.),.PIECEWISE_BEZIER_KNOTS.);
#5248 = CARTESIAN_POINT('',(0.172638808538,-84.11697793906));
#5249 = CARTESIAN_POINT('',(0.172638808538,-63.08773345429));
#5250 = CARTESIAN_POINT('',(0.172638808538,-42.05848896953));
#5251 = CARTESIAN_POINT('',(0.172638808538,-21.02924448476));
#5252 = CARTESIAN_POINT('',(0.172638808538,-3.552713678801E-14));
#5253 = ( GEOMETRIC_REPRESENTATION_CONTEXT(2) 
PARAMETRIC_REPRESENTATION_CONTEXT() REPRESENTATION_CONTEXT('2D SPACE',''
  ) );
#5254 = ORIENTED_EDGE('',*,*,#4475,.F.);
#5255 = ORIENTED_EDGE('',*,*,#2576,.T.);
#5256 = ORIENTED_EDGE('',*,*,#2668,.T.);
#5257 = ADVANCED_FACE('',(#5258),#3126,.F.);
#5258 = FACE_BOUND('',#5259,.F.);
#5259 = EDGE_LOOP('',(#5260,#5261,#5280,#5281));
#5260 = ORIENTED_EDGE('',*,*,#4578,.F.);
#5261 = ORIENTED_EDGE('',*,*,#5262,.T.);
#5262 = EDGE_CURVE('',#4556,#2749,#5263,.T.);
#5263 = SURFACE_CURVE('',#5264,(#5267,#5274),.PCURVE_S1.);
#5264 = B_SPLINE_CURVE_WITH_KNOTS('',1,(#5265,#5266),.UNSPECIFIED.,.F.,
  .F.,(2,2),(0.,1.),.PIECEWISE_BEZIER_KNOTS.);
#5265 = CARTESIAN_POINT('',(-16.99839392465,-13.1,-20.));
#5266 = CARTESIAN_POINT('',(8.995181773974,-13.1,60.));
#5267 = PCURVE('',#3126,#5268);
#5268 = DEFINITIONAL_REPRESENTATION('',(#5269),#5273);
#5269 = LINE('',#5270,#5271);
#5270 = CARTESIAN_POINT('',(41.119832237205,0.));
#5271 = VECTOR('',#5272,1.);
#5272 = DIRECTION('',(0.,1.));
#5273 = ( GEOMETRIC_REPRESENTATION_CONTEXT(2) 
PARAMETRIC_REPRESENTATION_CONTEXT() REPRESENTATION_CONTEXT('2D SPACE',''
  ) );
#5274 = PCURVE('',#2764,#5275);
#5275 = DEFINITIONAL_REPRESENTATION('',(#5276),#5279);
#5276 = B_SPLINE_CURVE_WITH_KNOTS('',1,(#5277,#5278),.UNSPECIFIED.,.F.,
  .F.,(2,2),(0.,1.),.PIECEWISE_BEZIER_KNOTS.);
#5277 = CARTESIAN_POINT('',(0.,-84.11697793906));
#5278 = CARTESIAN_POINT('',(0.,0.));
#5279 = ( GEOMETRIC_REPRESENTATION_CONTEXT(2) 
PARAMETRIC_REPRESENTATION_CONTEXT() REPRESENTATION_CONTEXT('2D SPACE',''
  ) );
#5280 = ORIENTED_EDGE('',*,*,#2776,.T.);
#5281 = ORIENTED_EDGE('',*,*,#4412,.F.);
#5282 = ADVANCED_FACE('',(#5283),#2764,.F.);
#5283 = FACE_BOUND('',#5284,.F.);
#5284 = EDGE_LOOP('',(#5285,#5286,#5287,#5288));
#5285 = ORIENTED_EDGE('',*,*,#5262,.F.);
#5286 = ORIENTED_EDGE('',*,*,#4555,.T.);
#5287 = ORIENTED_EDGE('',*,*,#5228,.T.);
#5288 = ORIENTED_EDGE('',*,*,#2748,.F.);
#5289 = ADVANCED_FACE('',(#5290),#3379,.T.);
#5290 = FACE_BOUND('',#5291,.F.);
#5291 = EDGE_LOOP('',(#5292,#5293,#5316,#5343));
#5292 = ORIENTED_EDGE('',*,*,#3358,.T.);
#5293 = ORIENTED_EDGE('',*,*,#5294,.T.);
#5294 = EDGE_CURVE('',#3359,#5295,#5297,.T.);
#5295 = VERTEX_POINT('',#5296);
#5296 = CARTESIAN_POINT('',(-7.700321215068,-17.375,5.85));
#5297 = SEAM_CURVE('',#5298,(#5302,#5309),.PCURVE_S1.);
#5298 = LINE('',#5299,#5300);
#5299 = CARTESIAN_POINT('',(-7.700321215068,-17.375,3.4));
#5300 = VECTOR('',#5301,1.);
#5301 = DIRECTION('',(0.,0.,1.));
#5302 = PCURVE('',#3379,#5303);
#5303 = DEFINITIONAL_REPRESENTATION('',(#5304),#5308);
#5304 = LINE('',#5305,#5306);
#5305 = CARTESIAN_POINT('',(-6.28318530718,0.));
#5306 = VECTOR('',#5307,1.);
#5307 = DIRECTION('',(-0.,-1.));
#5308 = ( GEOMETRIC_REPRESENTATION_CONTEXT(2) 
PARAMETRIC_REPRESENTATION_CONTEXT() REPRESENTATION_CONTEXT('2D SPACE',''
  ) );
#5309 = PCURVE('',#3379,#5310);
#5310 = DEFINITIONAL_REPRESENTATION('',(#5311),#5315);
#5311 = LINE('',#5312,#5313);
#5312 = CARTESIAN_POINT('',(-0.,0.));
#5313 = VECTOR('',#5314,1.);
#5314 = DIRECTION('',(-0.,-1.));
#5315 = ( GEOMETRIC_REPRESENTATION_CONTEXT(2) 
PARAMETRIC_REPRESENTATION_CONTEXT() REPRESENTATION_CONTEXT('2D SPACE',''
  ) );
#5316 = ORIENTED_EDGE('',*,*,#5317,.T.);
#5317 = EDGE_CURVE('',#5295,#5295,#5318,.T.);
#5318 = SURFACE_CURVE('',#5319,(#5324,#5331),.PCURVE_S1.);
#5319 = CIRCLE('',#5320,1.5);
#5320 = AXIS2_PLACEMENT_3D('',#5321,#5322,#5323);
#5321 = CARTESIAN_POINT('',(-9.200321215068,-17.375,5.85));
#5322 = DIRECTION('',(0.,0.,1.));
#5323 = DIRECTION('',(1.,0.,0.));
#5324 = PCURVE('',#3379,#5325);
#5325 = DEFINITIONAL_REPRESENTATION('',(#5326),#5330);
#5326 = LINE('',#5327,#5328);
#5327 = CARTESIAN_POINT('',(-0.,-2.45));
#5328 = VECTOR('',#5329,1.);
#5329 = DIRECTION('',(-1.,0.));
#5330 = ( GEOMETRIC_REPRESENTATION_CONTEXT(2) 
PARAMETRIC_REPRESENTATION_CONTEXT() REPRESENTATION_CONTEXT('2D SPACE',''
  ) );
#5331 = PCURVE('',#5332,#5337);
#5332 = PLANE('',#5333);
#5333 = AXIS2_PLACEMENT_3D('',#5334,#5335,#5336);
#5334 = CARTESIAN_POINT('',(-9.200321215068,-17.375,5.85));
#5335 = DIRECTION('',(0.,0.,1.));
#5336 = DIRECTION('',(1.,0.,0.));
#5337 = DEFINITIONAL_REPRESENTATION('',(#5338),#5342);
#5338 = CIRCLE('',#5339,1.5);
#5339 = AXIS2_PLACEMENT_2D('',#5340,#5341);
#5340 = CARTESIAN_POINT('',(0.,0.));
#5341 = DIRECTION('',(1.,0.));
#5342 = ( GEOMETRIC_REPRESENTATION_CONTEXT(2) 
PARAMETRIC_REPRESENTATION_CONTEXT() REPRESENTATION_CONTEXT('2D SPACE',''
  ) );
#5343 = ORIENTED_EDGE('',*,*,#5294,.F.);
#5344 = ADVANCED_FACE('',(#5345),#3411,.F.);
#5345 = FACE_BOUND('',#5346,.F.);
#5346 = EDGE_LOOP('',(#5347,#5377,#5398,#5399));
#5347 = ORIENTED_EDGE('',*,*,#5348,.F.);
#5348 = EDGE_CURVE('',#5349,#5351,#5353,.T.);
#5349 = VERTEX_POINT('',#5350);
#5350 = CARTESIAN_POINT('',(9.027686597432,-20.20000020345,3.4));
#5351 = VERTEX_POINT('',#5352);
#5352 = CARTESIAN_POINT('',(9.027686597432,-18.24399759928,3.4));
#5353 = SURFACE_CURVE('',#5354,(#5358,#5365),.PCURVE_S1.);
#5354 = LINE('',#5355,#5356);
#5355 = CARTESIAN_POINT('',(9.027686597432,-20.20000020345,3.4));
#5356 = VECTOR('',#5357,1.);
#5357 = DIRECTION('',(0.,1.,0.));
#5358 = PCURVE('',#3411,#5359);
#5359 = DEFINITIONAL_REPRESENTATION('',(#5360),#5364);
#5360 = LINE('',#5361,#5362);
#5361 = CARTESIAN_POINT('',(0.,0.));
#5362 = VECTOR('',#5363,1.);
#5363 = DIRECTION('',(1.,0.));
#5364 = ( GEOMETRIC_REPRESENTATION_CONTEXT(2) 
PARAMETRIC_REPRESENTATION_CONTEXT() REPRESENTATION_CONTEXT('2D SPACE',''
  ) );
#5365 = PCURVE('',#5366,#5371);
#5366 = PLANE('',#5367);
#5367 = AXIS2_PLACEMENT_3D('',#5368,#5369,#5370);
#5368 = CARTESIAN_POINT('',(8.075681389098,-20.20000020345,3.4));
#5369 = DIRECTION('',(0.,0.,1.));
#5370 = DIRECTION('',(1.,0.,0.));
#5371 = DEFINITIONAL_REPRESENTATION('',(#5372),#5376);
#5372 = LINE('',#5373,#5374);
#5373 = CARTESIAN_POINT('',(0.952005208333,0.));
#5374 = VECTOR('',#5375,1.);
#5375 = DIRECTION('',(0.,1.));
#5376 = ( GEOMETRIC_REPRESENTATION_CONTEXT(2) 
PARAMETRIC_REPRESENTATION_CONTEXT() REPRESENTATION_CONTEXT('2D SPACE',''
  ) );
#5377 = ORIENTED_EDGE('',*,*,#5378,.T.);
#5378 = EDGE_CURVE('',#5349,#3396,#5379,.T.);
#5379 = SURFACE_CURVE('',#5380,(#5384,#5391),.PCURVE_S1.);
#5380 = LINE('',#5381,#5382);
#5381 = CARTESIAN_POINT('',(9.027686597432,-20.20000020345,3.4));
#5382 = VECTOR('',#5383,1.);
#5383 = DIRECTION('',(0.,0.,1.));
#5384 = PCURVE('',#3411,#5385);
#5385 = DEFINITIONAL_REPRESENTATION('',(#5386),#5390);
#5386 = LINE('',#5387,#5388);
#5387 = CARTESIAN_POINT('',(0.,0.));
#5388 = VECTOR('',#5389,1.);
#5389 = DIRECTION('',(0.,-1.));
#5390 = ( GEOMETRIC_REPRESENTATION_CONTEXT(2) 
PARAMETRIC_REPRESENTATION_CONTEXT() REPRESENTATION_CONTEXT('2D SPACE',''
  ) );
#5391 = PCURVE('',#3651,#5392);
#5392 = DEFINITIONAL_REPRESENTATION('',(#5393),#5397);
#5393 = LINE('',#5394,#5395);
#5394 = CARTESIAN_POINT('',(0.56,0.));
#5395 = VECTOR('',#5396,1.);
#5396 = DIRECTION('',(0.,-1.));
#5397 = ( GEOMETRIC_REPRESENTATION_CONTEXT(2) 
PARAMETRIC_REPRESENTATION_CONTEXT() REPRESENTATION_CONTEXT('2D SPACE',''
  ) );
#5398 = ORIENTED_EDGE('',*,*,#3393,.F.);
#5399 = ORIENTED_EDGE('',*,*,#5400,.F.);
#5400 = EDGE_CURVE('',#5351,#3394,#5401,.T.);
#5401 = SURFACE_CURVE('',#5402,(#5406,#5413),.PCURVE_S1.);
#5402 = LINE('',#5403,#5404);
#5403 = CARTESIAN_POINT('',(9.027686597432,-18.24399759928,3.4));
#5404 = VECTOR('',#5405,1.);
#5405 = DIRECTION('',(0.,0.,1.));
#5406 = PCURVE('',#3411,#5407);
#5407 = DEFINITIONAL_REPRESENTATION('',(#5408),#5412);
#5408 = LINE('',#5409,#5410);
#5409 = CARTESIAN_POINT('',(1.956002604167,0.));
#5410 = VECTOR('',#5411,1.);
#5411 = DIRECTION('',(0.,-1.));
#5412 = ( GEOMETRIC_REPRESENTATION_CONTEXT(2) 
PARAMETRIC_REPRESENTATION_CONTEXT() REPRESENTATION_CONTEXT('2D SPACE',''
  ) );
#5413 = PCURVE('',#3439,#5414);
#5414 = DEFINITIONAL_REPRESENTATION('',(#5415),#5419);
#5415 = LINE('',#5416,#5417);
#5416 = CARTESIAN_POINT('',(0.,-0.));
#5417 = VECTOR('',#5418,1.);
#5418 = DIRECTION('',(0.,-1.));
#5419 = ( GEOMETRIC_REPRESENTATION_CONTEXT(2) 
PARAMETRIC_REPRESENTATION_CONTEXT() REPRESENTATION_CONTEXT('2D SPACE',''
  ) );
#5420 = ADVANCED_FACE('',(#5421),#3439,.F.);
#5421 = FACE_BOUND('',#5422,.F.);
#5422 = EDGE_LOOP('',(#5423,#5446,#5447,#5448));
#5423 = ORIENTED_EDGE('',*,*,#5424,.F.);
#5424 = EDGE_CURVE('',#5351,#5425,#5427,.T.);
#5425 = VERTEX_POINT('',#5426);
#5426 = CARTESIAN_POINT('',(8.347686597432,-18.24399759928,3.4));
#5427 = SURFACE_CURVE('',#5428,(#5432,#5439),.PCURVE_S1.);
#5428 = LINE('',#5429,#5430);
#5429 = CARTESIAN_POINT('',(9.027686597432,-18.24399759928,3.4));
#5430 = VECTOR('',#5431,1.);
#5431 = DIRECTION('',(-1.,0.,0.));
#5432 = PCURVE('',#3439,#5433);
#5433 = DEFINITIONAL_REPRESENTATION('',(#5434),#5438);
#5434 = LINE('',#5435,#5436);
#5435 = CARTESIAN_POINT('',(0.,-0.));
#5436 = VECTOR('',#5437,1.);
#5437 = DIRECTION('',(1.,0.));
#5438 = ( GEOMETRIC_REPRESENTATION_CONTEXT(2) 
PARAMETRIC_REPRESENTATION_CONTEXT() REPRESENTATION_CONTEXT('2D SPACE',''
  ) );
#5439 = PCURVE('',#5366,#5440);
#5440 = DEFINITIONAL_REPRESENTATION('',(#5441),#5445);
#5441 = LINE('',#5442,#5443);
#5442 = CARTESIAN_POINT('',(0.952005208333,1.956002604167));
#5443 = VECTOR('',#5444,1.);
#5444 = DIRECTION('',(-1.,0.));
#5445 = ( GEOMETRIC_REPRESENTATION_CONTEXT(2) 
PARAMETRIC_REPRESENTATION_CONTEXT() REPRESENTATION_CONTEXT('2D SPACE',''
  ) );
#5446 = ORIENTED_EDGE('',*,*,#5400,.T.);
#5447 = ORIENTED_EDGE('',*,*,#3423,.F.);
#5448 = ORIENTED_EDGE('',*,*,#5449,.F.);
#5449 = EDGE_CURVE('',#5425,#3424,#5450,.T.);
#5450 = SURFACE_CURVE('',#5451,(#5455,#5462),.PCURVE_S1.);
#5451 = LINE('',#5452,#5453);
#5452 = CARTESIAN_POINT('',(8.347686597432,-18.24399759928,3.4));
#5453 = VECTOR('',#5454,1.);
#5454 = DIRECTION('',(0.,0.,1.));
#5455 = PCURVE('',#3439,#5456);
#5456 = DEFINITIONAL_REPRESENTATION('',(#5457),#5461);
#5457 = LINE('',#5458,#5459);
#5458 = CARTESIAN_POINT('',(0.68,0.));
#5459 = VECTOR('',#5460,1.);
#5460 = DIRECTION('',(0.,-1.));
#5461 = ( GEOMETRIC_REPRESENTATION_CONTEXT(2) 
PARAMETRIC_REPRESENTATION_CONTEXT() REPRESENTATION_CONTEXT('2D SPACE',''
  ) );
#5462 = PCURVE('',#3467,#5463);
#5463 = DEFINITIONAL_REPRESENTATION('',(#5464),#5468);
#5464 = LINE('',#5465,#5466);
#5465 = CARTESIAN_POINT('',(0.,0.));
#5466 = VECTOR('',#5467,1.);
#5467 = DIRECTION('',(0.,-1.));
#5468 = ( GEOMETRIC_REPRESENTATION_CONTEXT(2) 
PARAMETRIC_REPRESENTATION_CONTEXT() REPRESENTATION_CONTEXT('2D SPACE',''
  ) );
#5469 = ADVANCED_FACE('',(#5470),#3651,.F.);
#5470 = FACE_BOUND('',#5471,.F.);
#5471 = EDGE_LOOP('',(#5472,#5495,#5516,#5517));
#5472 = ORIENTED_EDGE('',*,*,#5473,.F.);
#5473 = EDGE_CURVE('',#5474,#5349,#5476,.T.);
#5474 = VERTEX_POINT('',#5475);
#5475 = CARTESIAN_POINT('',(9.587686597432,-20.20000020345,3.4));
#5476 = SURFACE_CURVE('',#5477,(#5481,#5488),.PCURVE_S1.);
#5477 = LINE('',#5478,#5479);
#5478 = CARTESIAN_POINT('',(9.587686597432,-20.20000020345,3.4));
#5479 = VECTOR('',#5480,1.);
#5480 = DIRECTION('',(-1.,0.,0.));
#5481 = PCURVE('',#3651,#5482);
#5482 = DEFINITIONAL_REPRESENTATION('',(#5483),#5487);
#5483 = LINE('',#5484,#5485);
#5484 = CARTESIAN_POINT('',(0.,-0.));
#5485 = VECTOR('',#5486,1.);
#5486 = DIRECTION('',(1.,0.));
#5487 = ( GEOMETRIC_REPRESENTATION_CONTEXT(2) 
PARAMETRIC_REPRESENTATION_CONTEXT() REPRESENTATION_CONTEXT('2D SPACE',''
  ) );
#5488 = PCURVE('',#5366,#5489);
#5489 = DEFINITIONAL_REPRESENTATION('',(#5490),#5494);
#5490 = LINE('',#5491,#5492);
#5491 = CARTESIAN_POINT('',(1.512005208333,0.));
#5492 = VECTOR('',#5493,1.);
#5493 = DIRECTION('',(-1.,0.));
#5494 = ( GEOMETRIC_REPRESENTATION_CONTEXT(2) 
PARAMETRIC_REPRESENTATION_CONTEXT() REPRESENTATION_CONTEXT('2D SPACE',''
  ) );
#5495 = ORIENTED_EDGE('',*,*,#5496,.T.);
#5496 = EDGE_CURVE('',#5474,#3610,#5497,.T.);
#5497 = SURFACE_CURVE('',#5498,(#5502,#5509),.PCURVE_S1.);
#5498 = LINE('',#5499,#5500);
#5499 = CARTESIAN_POINT('',(9.587686597432,-20.20000020345,3.4));
#5500 = VECTOR('',#5501,1.);
#5501 = DIRECTION('',(0.,0.,1.));
#5502 = PCURVE('',#3651,#5503);
#5503 = DEFINITIONAL_REPRESENTATION('',(#5504),#5508);
#5504 = LINE('',#5505,#5506);
#5505 = CARTESIAN_POINT('',(0.,-0.));
#5506 = VECTOR('',#5507,1.);
#5507 = DIRECTION('',(0.,-1.));
#5508 = ( GEOMETRIC_REPRESENTATION_CONTEXT(2) 
PARAMETRIC_REPRESENTATION_CONTEXT() REPRESENTATION_CONTEXT('2D SPACE',''
  ) );
#5509 = PCURVE('',#3625,#5510);
#5510 = DEFINITIONAL_REPRESENTATION('',(#5511),#5515);
#5511 = LINE('',#5512,#5513);
#5512 = CARTESIAN_POINT('',(2.836002604167,0.));
#5513 = VECTOR('',#5514,1.);
#5514 = DIRECTION('',(0.,-1.));
#5515 = ( GEOMETRIC_REPRESENTATION_CONTEXT(2) 
PARAMETRIC_REPRESENTATION_CONTEXT() REPRESENTATION_CONTEXT('2D SPACE',''
  ) );
#5516 = ORIENTED_EDGE('',*,*,#3637,.F.);
#5517 = ORIENTED_EDGE('',*,*,#5378,.F.);
#5518 = ADVANCED_FACE('',(#5519),#3467,.F.);
#5519 = FACE_BOUND('',#5520,.F.);
#5520 = EDGE_LOOP('',(#5521,#5544,#5545,#5546));
#5521 = ORIENTED_EDGE('',*,*,#5522,.F.);
#5522 = EDGE_CURVE('',#5425,#5523,#5525,.T.);
#5523 = VERTEX_POINT('',#5524);
#5524 = CARTESIAN_POINT('',(8.347686597432,-17.87200541178,3.4));
#5525 = SURFACE_CURVE('',#5526,(#5530,#5537),.PCURVE_S1.);
#5526 = LINE('',#5527,#5528);
#5527 = CARTESIAN_POINT('',(8.347686597432,-18.24399759928,3.4));
#5528 = VECTOR('',#5529,1.);
#5529 = DIRECTION('',(0.,1.,0.));
#5530 = PCURVE('',#3467,#5531);
#5531 = DEFINITIONAL_REPRESENTATION('',(#5532),#5536);
#5532 = LINE('',#5533,#5534);
#5533 = CARTESIAN_POINT('',(-3.552713678801E-15,0.));
#5534 = VECTOR('',#5535,1.);
#5535 = DIRECTION('',(1.,0.));
#5536 = ( GEOMETRIC_REPRESENTATION_CONTEXT(2) 
PARAMETRIC_REPRESENTATION_CONTEXT() REPRESENTATION_CONTEXT('2D SPACE',''
  ) );
#5537 = PCURVE('',#5366,#5538);
#5538 = DEFINITIONAL_REPRESENTATION('',(#5539),#5543);
#5539 = LINE('',#5540,#5541);
#5540 = CARTESIAN_POINT('',(0.272005208333,1.956002604167));
#5541 = VECTOR('',#5542,1.);
#5542 = DIRECTION('',(0.,1.));
#5543 = ( GEOMETRIC_REPRESENTATION_CONTEXT(2) 
PARAMETRIC_REPRESENTATION_CONTEXT() REPRESENTATION_CONTEXT('2D SPACE',''
  ) );
#5544 = ORIENTED_EDGE('',*,*,#5449,.T.);
#5545 = ORIENTED_EDGE('',*,*,#3451,.F.);
#5546 = ORIENTED_EDGE('',*,*,#5547,.F.);
#5547 = EDGE_CURVE('',#5523,#3452,#5548,.T.);
#5548 = SURFACE_CURVE('',#5549,(#5553,#5560),.PCURVE_S1.);
#5549 = LINE('',#5550,#5551);
#5550 = CARTESIAN_POINT('',(8.347686597432,-17.87200541178,3.4));
#5551 = VECTOR('',#5552,1.);
#5552 = DIRECTION('',(0.,0.,1.));
#5553 = PCURVE('',#3467,#5554);
#5554 = DEFINITIONAL_REPRESENTATION('',(#5555),#5559);
#5555 = LINE('',#5556,#5557);
#5556 = CARTESIAN_POINT('',(0.3719921875,0.));
#5557 = VECTOR('',#5558,1.);
#5558 = DIRECTION('',(0.,-1.));
#5559 = ( GEOMETRIC_REPRESENTATION_CONTEXT(2) 
PARAMETRIC_REPRESENTATION_CONTEXT() REPRESENTATION_CONTEXT('2D SPACE',''
  ) );
#5560 = PCURVE('',#3543,#5561);
#5561 = DEFINITIONAL_REPRESENTATION('',(#5562),#5566);
#5562 = LINE('',#5563,#5564);
#5563 = CARTESIAN_POINT('',(0.,0.));
#5564 = VECTOR('',#5565,1.);
#5565 = DIRECTION('',(0.,-1.));
#5566 = ( GEOMETRIC_REPRESENTATION_CONTEXT(2) 
PARAMETRIC_REPRESENTATION_CONTEXT() REPRESENTATION_CONTEXT('2D SPACE',''
  ) );
#5567 = ADVANCED_FACE('',(#5568),#3625,.F.);
#5568 = FACE_BOUND('',#5569,.F.);
#5569 = EDGE_LOOP('',(#5570,#5593,#5614,#5615));
#5570 = ORIENTED_EDGE('',*,*,#5571,.F.);
#5571 = EDGE_CURVE('',#5572,#5474,#5574,.T.);
#5572 = VERTEX_POINT('',#5573);
#5573 = CARTESIAN_POINT('',(9.587686597432,-17.36399759928,3.4));
#5574 = SURFACE_CURVE('',#5575,(#5579,#5586),.PCURVE_S1.);
#5575 = LINE('',#5576,#5577);
#5576 = CARTESIAN_POINT('',(9.587686597432,-17.36399759928,3.4));
#5577 = VECTOR('',#5578,1.);
#5578 = DIRECTION('',(0.,-1.,0.));
#5579 = PCURVE('',#3625,#5580);
#5580 = DEFINITIONAL_REPRESENTATION('',(#5581),#5585);
#5581 = LINE('',#5582,#5583);
#5582 = CARTESIAN_POINT('',(0.,0.));
#5583 = VECTOR('',#5584,1.);
#5584 = DIRECTION('',(1.,0.));
#5585 = ( GEOMETRIC_REPRESENTATION_CONTEXT(2) 
PARAMETRIC_REPRESENTATION_CONTEXT() REPRESENTATION_CONTEXT('2D SPACE',''
  ) );
#5586 = PCURVE('',#5366,#5587);
#5587 = DEFINITIONAL_REPRESENTATION('',(#5588),#5592);
#5588 = LINE('',#5589,#5590);
#5589 = CARTESIAN_POINT('',(1.512005208333,2.836002604167));
#5590 = VECTOR('',#5591,1.);
#5591 = DIRECTION('',(0.,-1.));
#5592 = ( GEOMETRIC_REPRESENTATION_CONTEXT(2) 
PARAMETRIC_REPRESENTATION_CONTEXT() REPRESENTATION_CONTEXT('2D SPACE',''
  ) );
#5593 = ORIENTED_EDGE('',*,*,#5594,.T.);
#5594 = EDGE_CURVE('',#5572,#3582,#5595,.T.);
#5595 = SURFACE_CURVE('',#5596,(#5600,#5607),.PCURVE_S1.);
#5596 = LINE('',#5597,#5598);
#5597 = CARTESIAN_POINT('',(9.587686597432,-17.36399759928,3.4));
#5598 = VECTOR('',#5599,1.);
#5599 = DIRECTION('',(0.,0.,1.));
#5600 = PCURVE('',#3625,#5601);
#5601 = DEFINITIONAL_REPRESENTATION('',(#5602),#5606);
#5602 = LINE('',#5603,#5604);
#5603 = CARTESIAN_POINT('',(0.,0.));
#5604 = VECTOR('',#5605,1.);
#5605 = DIRECTION('',(0.,-1.));
#5606 = ( GEOMETRIC_REPRESENTATION_CONTEXT(2) 
PARAMETRIC_REPRESENTATION_CONTEXT() REPRESENTATION_CONTEXT('2D SPACE',''
  ) );
#5607 = PCURVE('',#3597,#5608);
#5608 = DEFINITIONAL_REPRESENTATION('',(#5609),#5613);
#5609 = LINE('',#5610,#5611);
#5610 = CARTESIAN_POINT('',(0.372005208333,0.));
#5611 = VECTOR('',#5612,1.);
#5612 = DIRECTION('',(0.,-1.));
#5613 = ( GEOMETRIC_REPRESENTATION_CONTEXT(2) 
PARAMETRIC_REPRESENTATION_CONTEXT() REPRESENTATION_CONTEXT('2D SPACE',''
  ) );
#5614 = ORIENTED_EDGE('',*,*,#3609,.F.);
#5615 = ORIENTED_EDGE('',*,*,#5496,.F.);
#5616 = ADVANCED_FACE('',(#5617),#3543,.F.);
#5617 = FACE_BOUND('',#5618,.F.);
#5618 = EDGE_LOOP('',(#5619,#5642,#5643,#5644));
#5619 = ORIENTED_EDGE('',*,*,#5620,.F.);
#5620 = EDGE_CURVE('',#5523,#5621,#5623,.T.);
#5621 = VERTEX_POINT('',#5622);
#5622 = CARTESIAN_POINT('',(9.215681389098,-17.36399759928,3.4));
#5623 = SURFACE_CURVE('',#5624,(#5628,#5635),.PCURVE_S1.);
#5624 = B_SPLINE_CURVE_WITH_KNOTS('',2,(#5625,#5626,#5627),
  .UNSPECIFIED.,.F.,.F.,(3,3),(0.,1.),.PIECEWISE_BEZIER_KNOTS.);
#5625 = CARTESIAN_POINT('',(8.347686597432,-17.87200541178,3.4));
#5626 = CARTESIAN_POINT('',(9.083676180765,-17.87200541178,3.4));
#5627 = CARTESIAN_POINT('',(9.215681389098,-17.36399759928,3.4));
#5628 = PCURVE('',#3543,#5629);
#5629 = DEFINITIONAL_REPRESENTATION('',(#5630),#5634);
#5630 = LINE('',#5631,#5632);
#5631 = CARTESIAN_POINT('',(0.,0.));
#5632 = VECTOR('',#5633,1.);
#5633 = DIRECTION('',(1.,0.));
#5634 = ( GEOMETRIC_REPRESENTATION_CONTEXT(2) 
PARAMETRIC_REPRESENTATION_CONTEXT() REPRESENTATION_CONTEXT('2D SPACE',''
  ) );
#5635 = PCURVE('',#5366,#5636);
#5636 = DEFINITIONAL_REPRESENTATION('',(#5637),#5641);
#5637 = B_SPLINE_CURVE_WITH_KNOTS('',2,(#5638,#5639,#5640),
  .UNSPECIFIED.,.F.,.F.,(3,3),(0.,1.),.PIECEWISE_BEZIER_KNOTS.);
#5638 = CARTESIAN_POINT('',(0.272005208333,2.327994791667));
#5639 = CARTESIAN_POINT('',(1.007994791667,2.327994791667));
#5640 = CARTESIAN_POINT('',(1.14,2.836002604167));
#5641 = ( GEOMETRIC_REPRESENTATION_CONTEXT(2) 
PARAMETRIC_REPRESENTATION_CONTEXT() REPRESENTATION_CONTEXT('2D SPACE',''
  ) );
#5642 = ORIENTED_EDGE('',*,*,#5547,.T.);
#5643 = ORIENTED_EDGE('',*,*,#3479,.F.);
#5644 = ORIENTED_EDGE('',*,*,#5645,.F.);
#5645 = EDGE_CURVE('',#5621,#3480,#5646,.T.);
#5646 = SURFACE_CURVE('',#5647,(#5651,#5658),.PCURVE_S1.);
#5647 = LINE('',#5648,#5649);
#5648 = CARTESIAN_POINT('',(9.215681389098,-17.36399759928,3.4));
#5649 = VECTOR('',#5650,1.);
#5650 = DIRECTION('',(0.,0.,1.));
#5651 = PCURVE('',#3543,#5652);
#5652 = DEFINITIONAL_REPRESENTATION('',(#5653),#5657);
#5653 = LINE('',#5654,#5655);
#5654 = CARTESIAN_POINT('',(1.,0.));
#5655 = VECTOR('',#5656,1.);
#5656 = DIRECTION('',(0.,-1.));
#5657 = ( GEOMETRIC_REPRESENTATION_CONTEXT(2) 
PARAMETRIC_REPRESENTATION_CONTEXT() REPRESENTATION_CONTEXT('2D SPACE',''
  ) );
#5658 = PCURVE('',#3597,#5659);
#5659 = DEFINITIONAL_REPRESENTATION('',(#5660),#5664);
#5660 = LINE('',#5661,#5662);
#5661 = CARTESIAN_POINT('',(0.,0.));
#5662 = VECTOR('',#5663,1.);
#5663 = DIRECTION('',(0.,-1.));
#5664 = ( GEOMETRIC_REPRESENTATION_CONTEXT(2) 
PARAMETRIC_REPRESENTATION_CONTEXT() REPRESENTATION_CONTEXT('2D SPACE',''
  ) );
#5665 = ADVANCED_FACE('',(#5666),#3597,.F.);
#5666 = FACE_BOUND('',#5667,.F.);
#5667 = EDGE_LOOP('',(#5668,#5689,#5690,#5691));
#5668 = ORIENTED_EDGE('',*,*,#5669,.F.);
#5669 = EDGE_CURVE('',#5621,#5572,#5670,.T.);
#5670 = SURFACE_CURVE('',#5671,(#5675,#5682),.PCURVE_S1.);
#5671 = LINE('',#5672,#5673);
#5672 = CARTESIAN_POINT('',(9.215681389098,-17.36399759928,3.4));
#5673 = VECTOR('',#5674,1.);
#5674 = DIRECTION('',(1.,0.,0.));
#5675 = PCURVE('',#3597,#5676);
#5676 = DEFINITIONAL_REPRESENTATION('',(#5677),#5681);
#5677 = LINE('',#5678,#5679);
#5678 = CARTESIAN_POINT('',(0.,0.));
#5679 = VECTOR('',#5680,1.);
#5680 = DIRECTION('',(1.,0.));
#5681 = ( GEOMETRIC_REPRESENTATION_CONTEXT(2) 
PARAMETRIC_REPRESENTATION_CONTEXT() REPRESENTATION_CONTEXT('2D SPACE',''
  ) );
#5682 = PCURVE('',#5366,#5683);
#5683 = DEFINITIONAL_REPRESENTATION('',(#5684),#5688);
#5684 = LINE('',#5685,#5686);
#5685 = CARTESIAN_POINT('',(1.14,2.836002604167));
#5686 = VECTOR('',#5687,1.);
#5687 = DIRECTION('',(1.,0.));
#5688 = ( GEOMETRIC_REPRESENTATION_CONTEXT(2) 
PARAMETRIC_REPRESENTATION_CONTEXT() REPRESENTATION_CONTEXT('2D SPACE',''
  ) );
#5689 = ORIENTED_EDGE('',*,*,#5645,.T.);
#5690 = ORIENTED_EDGE('',*,*,#3581,.F.);
#5691 = ORIENTED_EDGE('',*,*,#5594,.F.);
#5692 = ADVANCED_FACE('',(#5693),#3689,.F.);
#5693 = FACE_BOUND('',#5694,.F.);
#5694 = EDGE_LOOP('',(#5695,#5725,#5746,#5747));
#5695 = ORIENTED_EDGE('',*,*,#5696,.F.);
#5696 = EDGE_CURVE('',#5697,#5699,#5701,.T.);
#5697 = VERTEX_POINT('',#5698);
#5698 = CARTESIAN_POINT('',(12.303676180765,-18.07200541178,3.4));
#5699 = VERTEX_POINT('',#5700);
#5700 = CARTESIAN_POINT('',(12.205674878682,-18.43000020345,3.4));
#5701 = SURFACE_CURVE('',#5702,(#5706,#5713),.PCURVE_S1.);
#5702 = B_SPLINE_CURVE_WITH_KNOTS('',2,(#5703,#5704,#5705),
  .UNSPECIFIED.,.F.,.F.,(3,3),(0.,1.),.PIECEWISE_BEZIER_KNOTS.);
#5703 = CARTESIAN_POINT('',(12.303676180765,-18.07200541178,3.4));
#5704 = CARTESIAN_POINT('',(12.303676180765,-18.29600280761,3.4));
#5705 = CARTESIAN_POINT('',(12.205674878682,-18.43000020345,3.4));
#5706 = PCURVE('',#3689,#5707);
#5707 = DEFINITIONAL_REPRESENTATION('',(#5708),#5712);
#5708 = LINE('',#5709,#5710);
#5709 = CARTESIAN_POINT('',(0.,0.));
#5710 = VECTOR('',#5711,1.);
#5711 = DIRECTION('',(1.,0.));
#5712 = ( GEOMETRIC_REPRESENTATION_CONTEXT(2) 
PARAMETRIC_REPRESENTATION_CONTEXT() REPRESENTATION_CONTEXT('2D SPACE',''
  ) );
#5713 = PCURVE('',#5714,#5719);
#5714 = PLANE('',#5715);
#5715 = AXIS2_PLACEMENT_3D('',#5716,#5717,#5718);
#5716 = CARTESIAN_POINT('',(10.299678784932,-20.20000020345,3.4));
#5717 = DIRECTION('',(0.,0.,1.));
#5718 = DIRECTION('',(1.,0.,0.));
#5719 = DEFINITIONAL_REPRESENTATION('',(#5720),#5724);
#5720 = B_SPLINE_CURVE_WITH_KNOTS('',2,(#5721,#5722,#5723),
  .UNSPECIFIED.,.F.,.F.,(3,3),(0.,1.),.PIECEWISE_BEZIER_KNOTS.);
#5721 = CARTESIAN_POINT('',(2.003997395833,2.127994791667));
#5722 = CARTESIAN_POINT('',(2.003997395833,1.903997395833));
#5723 = CARTESIAN_POINT('',(1.90599609375,1.77));
#5724 = ( GEOMETRIC_REPRESENTATION_CONTEXT(2) 
PARAMETRIC_REPRESENTATION_CONTEXT() REPRESENTATION_CONTEXT('2D SPACE',''
  ) );
#5725 = ORIENTED_EDGE('',*,*,#5726,.T.);
#5726 = EDGE_CURVE('',#5697,#3668,#5727,.T.);
#5727 = SURFACE_CURVE('',#5728,(#5732,#5739),.PCURVE_S1.);
#5728 = LINE('',#5729,#5730);
#5729 = CARTESIAN_POINT('',(12.303676180765,-18.07200541178,3.4));
#5730 = VECTOR('',#5731,1.);
#5731 = DIRECTION('',(0.,0.,1.));
#5732 = PCURVE('',#3689,#5733);
#5733 = DEFINITIONAL_REPRESENTATION('',(#5734),#5738);
#5734 = LINE('',#5735,#5736);
#5735 = CARTESIAN_POINT('',(0.,0.));
#5736 = VECTOR('',#5737,1.);
#5737 = DIRECTION('',(0.,-1.));
#5738 = ( GEOMETRIC_REPRESENTATION_CONTEXT(2) 
PARAMETRIC_REPRESENTATION_CONTEXT() REPRESENTATION_CONTEXT('2D SPACE',''
  ) );
#5739 = PCURVE('',#4388,#5740);
#5740 = DEFINITIONAL_REPRESENTATION('',(#5741),#5745);
#5741 = LINE('',#5742,#5743);
#5742 = CARTESIAN_POINT('',(1.,0.));
#5743 = VECTOR('',#5744,1.);
#5744 = DIRECTION('',(0.,-1.));
#5745 = ( GEOMETRIC_REPRESENTATION_CONTEXT(2) 
PARAMETRIC_REPRESENTATION_CONTEXT() REPRESENTATION_CONTEXT('2D SPACE',''
  ) );
#5746 = ORIENTED_EDGE('',*,*,#3665,.F.);
#5747 = ORIENTED_EDGE('',*,*,#5748,.F.);
#5748 = EDGE_CURVE('',#5699,#3666,#5749,.T.);
#5749 = SURFACE_CURVE('',#5750,(#5754,#5761),.PCURVE_S1.);
#5750 = LINE('',#5751,#5752);
#5751 = CARTESIAN_POINT('',(12.205674878682,-18.43000020345,3.4));
#5752 = VECTOR('',#5753,1.);
#5753 = DIRECTION('',(0.,0.,1.));
#5754 = PCURVE('',#3689,#5755);
#5755 = DEFINITIONAL_REPRESENTATION('',(#5756),#5760);
#5756 = LINE('',#5757,#5758);
#5757 = CARTESIAN_POINT('',(1.,0.));
#5758 = VECTOR('',#5759,1.);
#5759 = DIRECTION('',(0.,-1.));
#5760 = ( GEOMETRIC_REPRESENTATION_CONTEXT(2) 
PARAMETRIC_REPRESENTATION_CONTEXT() REPRESENTATION_CONTEXT('2D SPACE',''
  ) );
#5761 = PCURVE('',#3728,#5762);
#5762 = DEFINITIONAL_REPRESENTATION('',(#5763),#5767);
#5763 = LINE('',#5764,#5765);
#5764 = CARTESIAN_POINT('',(0.,0.));
#5765 = VECTOR('',#5766,1.);
#5766 = DIRECTION('',(0.,-1.));
#5767 = ( GEOMETRIC_REPRESENTATION_CONTEXT(2) 
PARAMETRIC_REPRESENTATION_CONTEXT() REPRESENTATION_CONTEXT('2D SPACE',''
  ) );
#5768 = ADVANCED_FACE('',(#5769),#3728,.F.);
#5769 = FACE_BOUND('',#5770,.F.);
#5770 = EDGE_LOOP('',(#5771,#5794,#5795,#5796));
#5771 = ORIENTED_EDGE('',*,*,#5772,.F.);
#5772 = EDGE_CURVE('',#5699,#5773,#5775,.T.);
#5773 = VERTEX_POINT('',#5774);
#5774 = CARTESIAN_POINT('',(11.935681389098,-18.65600280761,3.4));
#5775 = SURFACE_CURVE('',#5776,(#5780,#5787),.PCURVE_S1.);
#5776 = B_SPLINE_CURVE_WITH_KNOTS('',2,(#5777,#5778,#5779),
  .UNSPECIFIED.,.F.,.F.,(3,3),(0.,1.),.PIECEWISE_BEZIER_KNOTS.);
#5777 = CARTESIAN_POINT('',(12.205674878682,-18.43000020345,3.4));
#5778 = CARTESIAN_POINT('',(12.107673576598,-18.56399759928,3.4));
#5779 = CARTESIAN_POINT('',(11.935681389098,-18.65600280761,3.4));
#5780 = PCURVE('',#3728,#5781);
#5781 = DEFINITIONAL_REPRESENTATION('',(#5782),#5786);
#5782 = LINE('',#5783,#5784);
#5783 = CARTESIAN_POINT('',(0.,0.));
#5784 = VECTOR('',#5785,1.);
#5785 = DIRECTION('',(1.,0.));
#5786 = ( GEOMETRIC_REPRESENTATION_CONTEXT(2) 
PARAMETRIC_REPRESENTATION_CONTEXT() REPRESENTATION_CONTEXT('2D SPACE',''
  ) );
#5787 = PCURVE('',#5714,#5788);
#5788 = DEFINITIONAL_REPRESENTATION('',(#5789),#5793);
#5789 = B_SPLINE_CURVE_WITH_KNOTS('',2,(#5790,#5791,#5792),
  .UNSPECIFIED.,.F.,.F.,(3,3),(0.,1.),.PIECEWISE_BEZIER_KNOTS.);
#5790 = CARTESIAN_POINT('',(1.90599609375,1.77));
#5791 = CARTESIAN_POINT('',(1.807994791667,1.636002604167));
#5792 = CARTESIAN_POINT('',(1.636002604167,1.543997395833));
#5793 = ( GEOMETRIC_REPRESENTATION_CONTEXT(2) 
PARAMETRIC_REPRESENTATION_CONTEXT() REPRESENTATION_CONTEXT('2D SPACE',''
  ) );
#5794 = ORIENTED_EDGE('',*,*,#5748,.T.);
#5795 = ORIENTED_EDGE('',*,*,#3706,.F.);
#5796 = ORIENTED_EDGE('',*,*,#5797,.F.);
#5797 = EDGE_CURVE('',#5773,#3707,#5798,.T.);
#5798 = SURFACE_CURVE('',#5799,(#5803,#5810),.PCURVE_S1.);
#5799 = LINE('',#5800,#5801);
#5800 = CARTESIAN_POINT('',(11.935681389098,-18.65600280761,3.4));
#5801 = VECTOR('',#5802,1.);
#5802 = DIRECTION('',(0.,0.,1.));
#5803 = PCURVE('',#3728,#5804);
#5804 = DEFINITIONAL_REPRESENTATION('',(#5805),#5809);
#5805 = LINE('',#5806,#5807);
#5806 = CARTESIAN_POINT('',(1.,0.));
#5807 = VECTOR('',#5808,1.);
#5808 = DIRECTION('',(0.,-1.));
#5809 = ( GEOMETRIC_REPRESENTATION_CONTEXT(2) 
PARAMETRIC_REPRESENTATION_CONTEXT() REPRESENTATION_CONTEXT('2D SPACE',''
  ) );
#5810 = PCURVE('',#3767,#5811);
#5811 = DEFINITIONAL_REPRESENTATION('',(#5812),#5816);
#5812 = LINE('',#5813,#5814);
#5813 = CARTESIAN_POINT('',(0.,0.));
#5814 = VECTOR('',#5815,1.);
#5815 = DIRECTION('',(0.,-1.));
#5816 = ( GEOMETRIC_REPRESENTATION_CONTEXT(2) 
PARAMETRIC_REPRESENTATION_CONTEXT() REPRESENTATION_CONTEXT('2D SPACE',''
  ) );
#5817 = ADVANCED_FACE('',(#5818),#4388,.F.);
#5818 = FACE_BOUND('',#5819,.F.);
#5819 = EDGE_LOOP('',(#5820,#5843,#5864,#5865));
#5820 = ORIENTED_EDGE('',*,*,#5821,.F.);
#5821 = EDGE_CURVE('',#5822,#5697,#5824,.T.);
#5822 = VERTEX_POINT('',#5823);
#5823 = CARTESIAN_POINT('',(12.045674878682,-17.52199890136,3.4));
#5824 = SURFACE_CURVE('',#5825,(#5829,#5836),.PCURVE_S1.);
#5825 = B_SPLINE_CURVE_WITH_KNOTS('',2,(#5826,#5827,#5828),
  .UNSPECIFIED.,.F.,.F.,(3,3),(0.,1.),.PIECEWISE_BEZIER_KNOTS.);
#5826 = CARTESIAN_POINT('',(12.045674878682,-17.52199890136,3.4));
#5827 = CARTESIAN_POINT('',(12.303676180765,-17.74000020345,3.4));
#5828 = CARTESIAN_POINT('',(12.303676180765,-18.07200541178,3.4));
#5829 = PCURVE('',#4388,#5830);
#5830 = DEFINITIONAL_REPRESENTATION('',(#5831),#5835);
#5831 = LINE('',#5832,#5833);
#5832 = CARTESIAN_POINT('',(0.,0.));
#5833 = VECTOR('',#5834,1.);
#5834 = DIRECTION('',(1.,0.));
#5835 = ( GEOMETRIC_REPRESENTATION_CONTEXT(2) 
PARAMETRIC_REPRESENTATION_CONTEXT() REPRESENTATION_CONTEXT('2D SPACE',''
  ) );
#5836 = PCURVE('',#5714,#5837);
#5837 = DEFINITIONAL_REPRESENTATION('',(#5838),#5842);
#5838 = B_SPLINE_CURVE_WITH_KNOTS('',2,(#5839,#5840,#5841),
  .UNSPECIFIED.,.F.,.F.,(3,3),(0.,1.),.PIECEWISE_BEZIER_KNOTS.);
#5839 = CARTESIAN_POINT('',(1.74599609375,2.678001302083));
#5840 = CARTESIAN_POINT('',(2.003997395833,2.46));
#5841 = CARTESIAN_POINT('',(2.003997395833,2.127994791667));
#5842 = ( GEOMETRIC_REPRESENTATION_CONTEXT(2) 
PARAMETRIC_REPRESENTATION_CONTEXT() REPRESENTATION_CONTEXT('2D SPACE',''
  ) );
#5843 = ORIENTED_EDGE('',*,*,#5844,.T.);
#5844 = EDGE_CURVE('',#5822,#4304,#5845,.T.);
#5845 = SURFACE_CURVE('',#5846,(#5850,#5857),.PCURVE_S1.);
#5846 = LINE('',#5847,#5848);
#5847 = CARTESIAN_POINT('',(12.045674878682,-17.52199890136,3.4));
#5848 = VECTOR('',#5849,1.);
#5849 = DIRECTION('',(0.,0.,1.));
#5850 = PCURVE('',#4388,#5851);
#5851 = DEFINITIONAL_REPRESENTATION('',(#5852),#5856);
#5852 = LINE('',#5853,#5854);
#5853 = CARTESIAN_POINT('',(0.,0.));
#5854 = VECTOR('',#5855,1.);
#5855 = DIRECTION('',(0.,-1.));
#5856 = ( GEOMETRIC_REPRESENTATION_CONTEXT(2) 
PARAMETRIC_REPRESENTATION_CONTEXT() REPRESENTATION_CONTEXT('2D SPACE',''
  ) );
#5857 = PCURVE('',#4337,#5858);
#5858 = DEFINITIONAL_REPRESENTATION('',(#5859),#5863);
#5859 = LINE('',#5860,#5861);
#5860 = CARTESIAN_POINT('',(1.,0.));
#5861 = VECTOR('',#5862,1.);
#5862 = DIRECTION('',(0.,-1.));
#5863 = ( GEOMETRIC_REPRESENTATION_CONTEXT(2) 
PARAMETRIC_REPRESENTATION_CONTEXT() REPRESENTATION_CONTEXT('2D SPACE',''
  ) );
#5864 = ORIENTED_EDGE('',*,*,#4360,.F.);
#5865 = ORIENTED_EDGE('',*,*,#5726,.F.);
#5866 = ADVANCED_FACE('',(#5867),#3767,.F.);
#5867 = FACE_BOUND('',#5868,.F.);
#5868 = EDGE_LOOP('',(#5869,#5892,#5893,#5894));
#5869 = ORIENTED_EDGE('',*,*,#5870,.F.);
#5870 = EDGE_CURVE('',#5773,#5871,#5873,.T.);
#5871 = VERTEX_POINT('',#5872);
#5872 = CARTESIAN_POINT('',(12.289678784932,-18.96000020345,3.4));
#5873 = SURFACE_CURVE('',#5874,(#5878,#5885),.PCURVE_S1.);
#5874 = B_SPLINE_CURVE_WITH_KNOTS('',2,(#5875,#5876,#5877),
  .UNSPECIFIED.,.F.,.F.,(3,3),(0.,1.),.PIECEWISE_BEZIER_KNOTS.);
#5875 = CARTESIAN_POINT('',(11.935681389098,-18.65600280761,3.4));
#5876 = CARTESIAN_POINT('',(12.179678784932,-18.78799499511,3.4));
#5877 = CARTESIAN_POINT('',(12.289678784932,-18.96000020345,3.4));
#5878 = PCURVE('',#3767,#5879);
#5879 = DEFINITIONAL_REPRESENTATION('',(#5880),#5884);
#5880 = LINE('',#5881,#5882);
#5881 = CARTESIAN_POINT('',(0.,0.));
#5882 = VECTOR('',#5883,1.);
#5883 = DIRECTION('',(1.,0.));
#5884 = ( GEOMETRIC_REPRESENTATION_CONTEXT(2) 
PARAMETRIC_REPRESENTATION_CONTEXT() REPRESENTATION_CONTEXT('2D SPACE',''
  ) );
#5885 = PCURVE('',#5714,#5886);
#5886 = DEFINITIONAL_REPRESENTATION('',(#5887),#5891);
#5887 = B_SPLINE_CURVE_WITH_KNOTS('',2,(#5888,#5889,#5890),
  .UNSPECIFIED.,.F.,.F.,(3,3),(0.,1.),.PIECEWISE_BEZIER_KNOTS.);
#5888 = CARTESIAN_POINT('',(1.636002604167,1.543997395833));
#5889 = CARTESIAN_POINT('',(1.88,1.412005208333));
#5890 = CARTESIAN_POINT('',(1.99,1.24));
#5891 = ( GEOMETRIC_REPRESENTATION_CONTEXT(2) 
PARAMETRIC_REPRESENTATION_CONTEXT() REPRESENTATION_CONTEXT('2D SPACE',''
  ) );
#5892 = ORIENTED_EDGE('',*,*,#5797,.T.);
#5893 = ORIENTED_EDGE('',*,*,#3745,.F.);
#5894 = ORIENTED_EDGE('',*,*,#5895,.F.);
#5895 = EDGE_CURVE('',#5871,#3746,#5896,.T.);
#5896 = SURFACE_CURVE('',#5897,(#5901,#5908),.PCURVE_S1.);
#5897 = LINE('',#5898,#5899);
#5898 = CARTESIAN_POINT('',(12.289678784932,-18.96000020345,3.4));
#5899 = VECTOR('',#5900,1.);
#5900 = DIRECTION('',(0.,0.,1.));
#5901 = PCURVE('',#3767,#5902);
#5902 = DEFINITIONAL_REPRESENTATION('',(#5903),#5907);
#5903 = LINE('',#5904,#5905);
#5904 = CARTESIAN_POINT('',(1.,0.));
#5905 = VECTOR('',#5906,1.);
#5906 = DIRECTION('',(0.,-1.));
#5907 = ( GEOMETRIC_REPRESENTATION_CONTEXT(2) 
PARAMETRIC_REPRESENTATION_CONTEXT() REPRESENTATION_CONTEXT('2D SPACE',''
  ) );
#5908 = PCURVE('',#3806,#5909);
#5909 = DEFINITIONAL_REPRESENTATION('',(#5910),#5914);
#5910 = LINE('',#5911,#5912);
#5911 = CARTESIAN_POINT('',(0.,0.));
#5912 = VECTOR('',#5913,1.);
#5913 = DIRECTION('',(0.,-1.));
#5914 = ( GEOMETRIC_REPRESENTATION_CONTEXT(2) 
PARAMETRIC_REPRESENTATION_CONTEXT() REPRESENTATION_CONTEXT('2D SPACE',''
  ) );
#5915 = ADVANCED_FACE('',(#5916),#4337,.F.);
#5916 = FACE_BOUND('',#5917,.F.);
#5917 = EDGE_LOOP('',(#5918,#5941,#5962,#5963));
#5918 = ORIENTED_EDGE('',*,*,#5919,.F.);
#5919 = EDGE_CURVE('',#5920,#5822,#5922,.T.);
#5920 = VERTEX_POINT('',#5921);
#5921 = CARTESIAN_POINT('',(11.395681389098,-17.30399759928,3.4));
#5922 = SURFACE_CURVE('',#5923,(#5927,#5934),.PCURVE_S1.);
#5923 = B_SPLINE_CURVE_WITH_KNOTS('',2,(#5924,#5925,#5926),
  .UNSPECIFIED.,.F.,.F.,(3,3),(0.,1.),.PIECEWISE_BEZIER_KNOTS.);
#5924 = CARTESIAN_POINT('',(11.395681389098,-17.30399759928,3.4));
#5925 = CARTESIAN_POINT('',(11.787673576598,-17.30399759928,3.4));
#5926 = CARTESIAN_POINT('',(12.045674878682,-17.52199890136,3.4));
#5927 = PCURVE('',#4337,#5928);
#5928 = DEFINITIONAL_REPRESENTATION('',(#5929),#5933);
#5929 = LINE('',#5930,#5931);
#5930 = CARTESIAN_POINT('',(0.,0.));
#5931 = VECTOR('',#5932,1.);
#5932 = DIRECTION('',(1.,0.));
#5933 = ( GEOMETRIC_REPRESENTATION_CONTEXT(2) 
PARAMETRIC_REPRESENTATION_CONTEXT() REPRESENTATION_CONTEXT('2D SPACE',''
  ) );
#5934 = PCURVE('',#5714,#5935);
#5935 = DEFINITIONAL_REPRESENTATION('',(#5936),#5940);
#5936 = B_SPLINE_CURVE_WITH_KNOTS('',2,(#5937,#5938,#5939),
  .UNSPECIFIED.,.F.,.F.,(3,3),(0.,1.),.PIECEWISE_BEZIER_KNOTS.);
#5937 = CARTESIAN_POINT('',(1.096002604167,2.896002604167));
#5938 = CARTESIAN_POINT('',(1.487994791667,2.896002604167));
#5939 = CARTESIAN_POINT('',(1.74599609375,2.678001302083));
#5940 = ( GEOMETRIC_REPRESENTATION_CONTEXT(2) 
PARAMETRIC_REPRESENTATION_CONTEXT() REPRESENTATION_CONTEXT('2D SPACE',''
  ) );
#5941 = ORIENTED_EDGE('',*,*,#5942,.T.);
#5942 = EDGE_CURVE('',#5920,#4247,#5943,.T.);
#5943 = SURFACE_CURVE('',#5944,(#5948,#5955),.PCURVE_S1.);
#5944 = LINE('',#5945,#5946);
#5945 = CARTESIAN_POINT('',(11.395681389098,-17.30399759928,3.4));
#5946 = VECTOR('',#5947,1.);
#5947 = DIRECTION('',(0.,0.,1.));
#5948 = PCURVE('',#4337,#5949);
#5949 = DEFINITIONAL_REPRESENTATION('',(#5950),#5954);
#5950 = LINE('',#5951,#5952);
#5951 = CARTESIAN_POINT('',(0.,0.));
#5952 = VECTOR('',#5953,1.);
#5953 = DIRECTION('',(0.,-1.));
#5954 = ( GEOMETRIC_REPRESENTATION_CONTEXT(2) 
PARAMETRIC_REPRESENTATION_CONTEXT() REPRESENTATION_CONTEXT('2D SPACE',''
  ) );
#5955 = PCURVE('',#4280,#5956);
#5956 = DEFINITIONAL_REPRESENTATION('',(#5957),#5961);
#5957 = LINE('',#5958,#5959);
#5958 = CARTESIAN_POINT('',(1.,0.));
#5959 = VECTOR('',#5960,1.);
#5960 = DIRECTION('',(0.,-1.));
#5961 = ( GEOMETRIC_REPRESENTATION_CONTEXT(2) 
PARAMETRIC_REPRESENTATION_CONTEXT() REPRESENTATION_CONTEXT('2D SPACE',''
  ) );
#5962 = ORIENTED_EDGE('',*,*,#4303,.F.);
#5963 = ORIENTED_EDGE('',*,*,#5844,.F.);
#5964 = ADVANCED_FACE('',(#5965),#3806,.F.);
#5965 = FACE_BOUND('',#5966,.F.);
#5966 = EDGE_LOOP('',(#5967,#5990,#5991,#5992));
#5967 = ORIENTED_EDGE('',*,*,#5968,.F.);
#5968 = EDGE_CURVE('',#5871,#5969,#5971,.T.);
#5969 = VERTEX_POINT('',#5970);
#5970 = CARTESIAN_POINT('',(12.399678784932,-19.38399759928,3.4));
#5971 = SURFACE_CURVE('',#5972,(#5976,#5983),.PCURVE_S1.);
#5972 = B_SPLINE_CURVE_WITH_KNOTS('',2,(#5973,#5974,#5975),
  .UNSPECIFIED.,.F.,.F.,(3,3),(0.,1.),.PIECEWISE_BEZIER_KNOTS.);
#5973 = CARTESIAN_POINT('',(12.289678784932,-18.96000020345,3.4));
#5974 = CARTESIAN_POINT('',(12.399678784932,-19.13200541178,3.4));
#5975 = CARTESIAN_POINT('',(12.399678784932,-19.38399759928,3.4));
#5976 = PCURVE('',#3806,#5977);
#5977 = DEFINITIONAL_REPRESENTATION('',(#5978),#5982);
#5978 = LINE('',#5979,#5980);
#5979 = CARTESIAN_POINT('',(0.,0.));
#5980 = VECTOR('',#5981,1.);
#5981 = DIRECTION('',(1.,0.));
#5982 = ( GEOMETRIC_REPRESENTATION_CONTEXT(2) 
PARAMETRIC_REPRESENTATION_CONTEXT() REPRESENTATION_CONTEXT('2D SPACE',''
  ) );
#5983 = PCURVE('',#5714,#5984);
#5984 = DEFINITIONAL_REPRESENTATION('',(#5985),#5989);
#5985 = B_SPLINE_CURVE_WITH_KNOTS('',2,(#5986,#5987,#5988),
  .UNSPECIFIED.,.F.,.F.,(3,3),(0.,1.),.PIECEWISE_BEZIER_KNOTS.);
#5986 = CARTESIAN_POINT('',(1.99,1.24));
#5987 = CARTESIAN_POINT('',(2.1,1.067994791667));
#5988 = CARTESIAN_POINT('',(2.1,0.816002604167));
#5989 = ( GEOMETRIC_REPRESENTATION_CONTEXT(2) 
PARAMETRIC_REPRESENTATION_CONTEXT() REPRESENTATION_CONTEXT('2D SPACE',''
  ) );
#5990 = ORIENTED_EDGE('',*,*,#5895,.T.);
#5991 = ORIENTED_EDGE('',*,*,#3784,.F.);
#5992 = ORIENTED_EDGE('',*,*,#5993,.F.);
#5993 = EDGE_CURVE('',#5969,#3785,#5994,.T.);
#5994 = SURFACE_CURVE('',#5995,(#5999,#6006),.PCURVE_S1.);
#5995 = LINE('',#5996,#5997);
#5996 = CARTESIAN_POINT('',(12.399678784932,-19.38399759928,3.4));
#5997 = VECTOR('',#5998,1.);
#5998 = DIRECTION('',(0.,0.,1.));
#5999 = PCURVE('',#3806,#6000);
#6000 = DEFINITIONAL_REPRESENTATION('',(#6001),#6005);
#6001 = LINE('',#6002,#6003);
#6002 = CARTESIAN_POINT('',(1.,0.));
#6003 = VECTOR('',#6004,1.);
#6004 = DIRECTION('',(0.,-1.));
#6005 = ( GEOMETRIC_REPRESENTATION_CONTEXT(2) 
PARAMETRIC_REPRESENTATION_CONTEXT() REPRESENTATION_CONTEXT('2D SPACE',''
  ) );
#6006 = PCURVE('',#3853,#6007);
#6007 = DEFINITIONAL_REPRESENTATION('',(#6008),#6012);
#6008 = LINE('',#6009,#6010);
#6009 = CARTESIAN_POINT('',(0.,0.));
#6010 = VECTOR('',#6011,1.);
#6011 = DIRECTION('',(0.,-1.));
#6012 = ( GEOMETRIC_REPRESENTATION_CONTEXT(2) 
PARAMETRIC_REPRESENTATION_CONTEXT() REPRESENTATION_CONTEXT('2D SPACE',''
  ) );
#6013 = ADVANCED_FACE('',(#6014),#4280,.F.);
#6014 = FACE_BOUND('',#6015,.F.);
#6015 = EDGE_LOOP('',(#6016,#6039,#6060,#6061));
#6016 = ORIENTED_EDGE('',*,*,#6017,.F.);
#6017 = EDGE_CURVE('',#6018,#5920,#6020,.T.);
#6018 = VERTEX_POINT('',#6019);
#6019 = CARTESIAN_POINT('',(10.741677482848,-17.52199890136,3.4));
#6020 = SURFACE_CURVE('',#6021,(#6025,#6032),.PCURVE_S1.);
#6021 = B_SPLINE_CURVE_WITH_KNOTS('',2,(#6022,#6023,#6024),
  .UNSPECIFIED.,.F.,.F.,(3,3),(0.,1.),.PIECEWISE_BEZIER_KNOTS.);
#6022 = CARTESIAN_POINT('',(10.741677482848,-17.52199890136,3.4));
#6023 = CARTESIAN_POINT('',(10.999678784932,-17.30399759928,3.4));
#6024 = CARTESIAN_POINT('',(11.395681389098,-17.30399759928,3.4));
#6025 = PCURVE('',#4280,#6026);
#6026 = DEFINITIONAL_REPRESENTATION('',(#6027),#6031);
#6027 = LINE('',#6028,#6029);
#6028 = CARTESIAN_POINT('',(0.,0.));
#6029 = VECTOR('',#6030,1.);
#6030 = DIRECTION('',(1.,0.));
#6031 = ( GEOMETRIC_REPRESENTATION_CONTEXT(2) 
PARAMETRIC_REPRESENTATION_CONTEXT() REPRESENTATION_CONTEXT('2D SPACE',''
  ) );
#6032 = PCURVE('',#5714,#6033);
#6033 = DEFINITIONAL_REPRESENTATION('',(#6034),#6038);
#6034 = B_SPLINE_CURVE_WITH_KNOTS('',2,(#6035,#6036,#6037),
  .UNSPECIFIED.,.F.,.F.,(3,3),(0.,1.),.PIECEWISE_BEZIER_KNOTS.);
#6035 = CARTESIAN_POINT('',(0.441998697917,2.678001302083));
#6036 = CARTESIAN_POINT('',(0.7,2.896002604167));
#6037 = CARTESIAN_POINT('',(1.096002604167,2.896002604167));
#6038 = ( GEOMETRIC_REPRESENTATION_CONTEXT(2) 
PARAMETRIC_REPRESENTATION_CONTEXT() REPRESENTATION_CONTEXT('2D SPACE',''
  ) );
#6039 = ORIENTED_EDGE('',*,*,#6040,.T.);
#6040 = EDGE_CURVE('',#6018,#4196,#6041,.T.);
#6041 = SURFACE_CURVE('',#6042,(#6046,#6053),.PCURVE_S1.);
#6042 = LINE('',#6043,#6044);
#6043 = CARTESIAN_POINT('',(10.741677482848,-17.52199890136,3.4));
#6044 = VECTOR('',#6045,1.);
#6045 = DIRECTION('',(0.,0.,1.));
#6046 = PCURVE('',#4280,#6047);
#6047 = DEFINITIONAL_REPRESENTATION('',(#6048),#6052);
#6048 = LINE('',#6049,#6050);
#6049 = CARTESIAN_POINT('',(0.,0.));
#6050 = VECTOR('',#6051,1.);
#6051 = DIRECTION('',(0.,-1.));
#6052 = ( GEOMETRIC_REPRESENTATION_CONTEXT(2) 
PARAMETRIC_REPRESENTATION_CONTEXT() REPRESENTATION_CONTEXT('2D SPACE',''
  ) );
#6053 = PCURVE('',#4225,#6054);
#6054 = DEFINITIONAL_REPRESENTATION('',(#6055),#6059);
#6055 = LINE('',#6056,#6057);
#6056 = CARTESIAN_POINT('',(1.,0.));
#6057 = VECTOR('',#6058,1.);
#6058 = DIRECTION('',(0.,-1.));
#6059 = ( GEOMETRIC_REPRESENTATION_CONTEXT(2) 
PARAMETRIC_REPRESENTATION_CONTEXT() REPRESENTATION_CONTEXT('2D SPACE',''
  ) );
#6060 = ORIENTED_EDGE('',*,*,#4246,.F.);
#6061 = ORIENTED_EDGE('',*,*,#5942,.F.);
#6062 = ADVANCED_FACE('',(#6063),#3853,.F.);
#6063 = FACE_BOUND('',#6064,.F.);
#6064 = EDGE_LOOP('',(#6065,#6088,#6089,#6090));
#6065 = ORIENTED_EDGE('',*,*,#6066,.F.);
#6066 = EDGE_CURVE('',#5969,#6067,#6069,.T.);
#6067 = VERTEX_POINT('',#6068);
#6068 = CARTESIAN_POINT('',(12.119678784932,-20.03800150553,3.4));
#6069 = SURFACE_CURVE('',#6070,(#6074,#6081),.PCURVE_S1.);
#6070 = B_SPLINE_CURVE_WITH_KNOTS('',2,(#6071,#6072,#6073),
  .UNSPECIFIED.,.F.,.F.,(3,3),(0.,1.),.PIECEWISE_BEZIER_KNOTS.);
#6071 = CARTESIAN_POINT('',(12.399678784932,-19.38399759928,3.4));
#6072 = CARTESIAN_POINT('',(12.399678784932,-19.78399759928,3.4));
#6073 = CARTESIAN_POINT('',(12.119678784932,-20.03800150553,3.4));
#6074 = PCURVE('',#3853,#6075);
#6075 = DEFINITIONAL_REPRESENTATION('',(#6076),#6080);
#6076 = LINE('',#6077,#6078);
#6077 = CARTESIAN_POINT('',(0.,0.));
#6078 = VECTOR('',#6079,1.);
#6079 = DIRECTION('',(1.,0.));
#6080 = ( GEOMETRIC_REPRESENTATION_CONTEXT(2) 
PARAMETRIC_REPRESENTATION_CONTEXT() REPRESENTATION_CONTEXT('2D SPACE',''
  ) );
#6081 = PCURVE('',#5714,#6082);
#6082 = DEFINITIONAL_REPRESENTATION('',(#6083),#6087);
#6083 = B_SPLINE_CURVE_WITH_KNOTS('',2,(#6084,#6085,#6086),
  .UNSPECIFIED.,.F.,.F.,(3,3),(0.,1.),.PIECEWISE_BEZIER_KNOTS.);
#6084 = CARTESIAN_POINT('',(2.1,0.816002604167));
#6085 = CARTESIAN_POINT('',(2.1,0.416002604167));
#6086 = CARTESIAN_POINT('',(1.82,0.161998697917));
#6087 = ( GEOMETRIC_REPRESENTATION_CONTEXT(2) 
PARAMETRIC_REPRESENTATION_CONTEXT() REPRESENTATION_CONTEXT('2D SPACE',''
  ) );
#6088 = ORIENTED_EDGE('',*,*,#5993,.T.);
#6089 = ORIENTED_EDGE('',*,*,#3823,.F.);
#6090 = ORIENTED_EDGE('',*,*,#6091,.F.);
#6091 = EDGE_CURVE('',#6067,#3824,#6092,.T.);
#6092 = SURFACE_CURVE('',#6093,(#6097,#6104),.PCURVE_S1.);
#6093 = LINE('',#6094,#6095);
#6094 = CARTESIAN_POINT('',(12.119678784932,-20.03800150553,3.4));
#6095 = VECTOR('',#6096,1.);
#6096 = DIRECTION('',(0.,0.,1.));
#6097 = PCURVE('',#3853,#6098);
#6098 = DEFINITIONAL_REPRESENTATION('',(#6099),#6103);
#6099 = LINE('',#6100,#6101);
#6100 = CARTESIAN_POINT('',(1.,0.));
#6101 = VECTOR('',#6102,1.);
#6102 = DIRECTION('',(0.,-1.));
#6103 = ( GEOMETRIC_REPRESENTATION_CONTEXT(2) 
PARAMETRIC_REPRESENTATION_CONTEXT() REPRESENTATION_CONTEXT('2D SPACE',''
  ) );
#6104 = PCURVE('',#3908,#6105);
#6105 = DEFINITIONAL_REPRESENTATION('',(#6106),#6110);
#6106 = LINE('',#6107,#6108);
#6107 = CARTESIAN_POINT('',(0.,0.));
#6108 = VECTOR('',#6109,1.);
#6109 = DIRECTION('',(0.,-1.));
#6110 = ( GEOMETRIC_REPRESENTATION_CONTEXT(2) 
PARAMETRIC_REPRESENTATION_CONTEXT() REPRESENTATION_CONTEXT('2D SPACE',''
  ) );
#6111 = ADVANCED_FACE('',(#6112),#4225,.F.);
#6112 = FACE_BOUND('',#6113,.F.);
#6113 = EDGE_LOOP('',(#6114,#6137,#6158,#6159));
#6114 = ORIENTED_EDGE('',*,*,#6115,.F.);
#6115 = EDGE_CURVE('',#6116,#6018,#6118,.T.);
#6116 = VERTEX_POINT('',#6117);
#6117 = CARTESIAN_POINT('',(10.483676180765,-18.07600280761,3.4));
#6118 = SURFACE_CURVE('',#6119,(#6123,#6130),.PCURVE_S1.);
#6119 = B_SPLINE_CURVE_WITH_KNOTS('',2,(#6120,#6121,#6122),
  .UNSPECIFIED.,.F.,.F.,(3,3),(0.,1.),.PIECEWISE_BEZIER_KNOTS.);
#6120 = CARTESIAN_POINT('',(10.483676180765,-18.07600280761,3.4));
#6121 = CARTESIAN_POINT('',(10.483676180765,-17.74000020345,3.4));
#6122 = CARTESIAN_POINT('',(10.741677482848,-17.52199890136,3.4));
#6123 = PCURVE('',#4225,#6124);
#6124 = DEFINITIONAL_REPRESENTATION('',(#6125),#6129);
#6125 = LINE('',#6126,#6127);
#6126 = CARTESIAN_POINT('',(0.,0.));
#6127 = VECTOR('',#6128,1.);
#6128 = DIRECTION('',(1.,0.));
#6129 = ( GEOMETRIC_REPRESENTATION_CONTEXT(2) 
PARAMETRIC_REPRESENTATION_CONTEXT() REPRESENTATION_CONTEXT('2D SPACE',''
  ) );
#6130 = PCURVE('',#5714,#6131);
#6131 = DEFINITIONAL_REPRESENTATION('',(#6132),#6136);
#6132 = B_SPLINE_CURVE_WITH_KNOTS('',2,(#6133,#6134,#6135),
  .UNSPECIFIED.,.F.,.F.,(3,3),(0.,1.),.PIECEWISE_BEZIER_KNOTS.);
#6133 = CARTESIAN_POINT('',(0.183997395833,2.123997395833));
#6134 = CARTESIAN_POINT('',(0.183997395833,2.46));
#6135 = CARTESIAN_POINT('',(0.441998697917,2.678001302083));
#6136 = ( GEOMETRIC_REPRESENTATION_CONTEXT(2) 
PARAMETRIC_REPRESENTATION_CONTEXT() REPRESENTATION_CONTEXT('2D SPACE',''
  ) );
#6137 = ORIENTED_EDGE('',*,*,#6138,.T.);
#6138 = EDGE_CURVE('',#6116,#4157,#6139,.T.);
#6139 = SURFACE_CURVE('',#6140,(#6144,#6151),.PCURVE_S1.);
#6140 = LINE('',#6141,#6142);
#6141 = CARTESIAN_POINT('',(10.483676180765,-18.07600280761,3.4));
#6142 = VECTOR('',#6143,1.);
#6143 = DIRECTION('',(0.,0.,1.));
#6144 = PCURVE('',#4225,#6145);
#6145 = DEFINITIONAL_REPRESENTATION('',(#6146),#6150);
#6146 = LINE('',#6147,#6148);
#6147 = CARTESIAN_POINT('',(0.,0.));
#6148 = VECTOR('',#6149,1.);
#6149 = DIRECTION('',(0.,-1.));
#6150 = ( GEOMETRIC_REPRESENTATION_CONTEXT(2) 
PARAMETRIC_REPRESENTATION_CONTEXT() REPRESENTATION_CONTEXT('2D SPACE',''
  ) );
#6151 = PCURVE('',#4178,#6152);
#6152 = DEFINITIONAL_REPRESENTATION('',(#6153),#6157);
#6153 = LINE('',#6154,#6155);
#6154 = CARTESIAN_POINT('',(1.,0.));
#6155 = VECTOR('',#6156,1.);
#6156 = DIRECTION('',(0.,-1.));
#6157 = ( GEOMETRIC_REPRESENTATION_CONTEXT(2) 
PARAMETRIC_REPRESENTATION_CONTEXT() REPRESENTATION_CONTEXT('2D SPACE',''
  ) );
#6158 = ORIENTED_EDGE('',*,*,#4195,.F.);
#6159 = ORIENTED_EDGE('',*,*,#6040,.F.);
#6160 = ADVANCED_FACE('',(#6161),#3908,.F.);
#6161 = FACE_BOUND('',#6162,.F.);
#6162 = EDGE_LOOP('',(#6163,#6186,#6187,#6188));
#6163 = ORIENTED_EDGE('',*,*,#6164,.F.);
#6164 = EDGE_CURVE('',#6067,#6165,#6167,.T.);
#6165 = VERTEX_POINT('',#6166);
#6166 = CARTESIAN_POINT('',(11.395681389098,-20.29200541178,3.4));
#6167 = SURFACE_CURVE('',#6168,(#6172,#6179),.PCURVE_S1.);
#6168 = B_SPLINE_CURVE_WITH_KNOTS('',2,(#6169,#6170,#6171),
  .UNSPECIFIED.,.F.,.F.,(3,3),(0.,1.),.PIECEWISE_BEZIER_KNOTS.);
#6169 = CARTESIAN_POINT('',(12.119678784932,-20.03800150553,3.4));
#6170 = CARTESIAN_POINT('',(11.839678784932,-20.29200541178,3.4));
#6171 = CARTESIAN_POINT('',(11.395681389098,-20.29200541178,3.4));
#6172 = PCURVE('',#3908,#6173);
#6173 = DEFINITIONAL_REPRESENTATION('',(#6174),#6178);
#6174 = LINE('',#6175,#6176);
#6175 = CARTESIAN_POINT('',(0.,0.));
#6176 = VECTOR('',#6177,1.);
#6177 = DIRECTION('',(1.,0.));
#6178 = ( GEOMETRIC_REPRESENTATION_CONTEXT(2) 
PARAMETRIC_REPRESENTATION_CONTEXT() REPRESENTATION_CONTEXT('2D SPACE',''
  ) );
#6179 = PCURVE('',#5714,#6180);
#6180 = DEFINITIONAL_REPRESENTATION('',(#6181),#6185);
#6181 = B_SPLINE_CURVE_WITH_KNOTS('',2,(#6182,#6183,#6184),
  .UNSPECIFIED.,.F.,.F.,(3,3),(0.,1.),.PIECEWISE_BEZIER_KNOTS.);
#6182 = CARTESIAN_POINT('',(1.82,0.161998697917));
#6183 = CARTESIAN_POINT('',(1.54,-9.200520833333E-02));
#6184 = CARTESIAN_POINT('',(1.096002604167,-9.200520833333E-02));
#6185 = ( GEOMETRIC_REPRESENTATION_CONTEXT(2) 
PARAMETRIC_REPRESENTATION_CONTEXT() REPRESENTATION_CONTEXT('2D SPACE',''
  ) );
#6186 = ORIENTED_EDGE('',*,*,#6091,.T.);
#6187 = ORIENTED_EDGE('',*,*,#3874,.F.);
#6188 = ORIENTED_EDGE('',*,*,#6189,.F.);
#6189 = EDGE_CURVE('',#6165,#3875,#6190,.T.);
#6190 = SURFACE_CURVE('',#6191,(#6195,#6202),.PCURVE_S1.);
#6191 = LINE('',#6192,#6193);
#6192 = CARTESIAN_POINT('',(11.395681389098,-20.29200541178,3.4));
#6193 = VECTOR('',#6194,1.);
#6194 = DIRECTION('',(0.,0.,1.));
#6195 = PCURVE('',#3908,#6196);
#6196 = DEFINITIONAL_REPRESENTATION('',(#6197),#6201);
#6197 = LINE('',#6198,#6199);
#6198 = CARTESIAN_POINT('',(1.,0.));
#6199 = VECTOR('',#6200,1.);
#6200 = DIRECTION('',(0.,-1.));
#6201 = ( GEOMETRIC_REPRESENTATION_CONTEXT(2) 
PARAMETRIC_REPRESENTATION_CONTEXT() REPRESENTATION_CONTEXT('2D SPACE',''
  ) );
#6202 = PCURVE('',#3965,#6203);
#6203 = DEFINITIONAL_REPRESENTATION('',(#6204),#6208);
#6204 = LINE('',#6205,#6206);
#6205 = CARTESIAN_POINT('',(0.,0.));
#6206 = VECTOR('',#6207,1.);
#6207 = DIRECTION('',(0.,-1.));
#6208 = ( GEOMETRIC_REPRESENTATION_CONTEXT(2) 
PARAMETRIC_REPRESENTATION_CONTEXT() REPRESENTATION_CONTEXT('2D SPACE',''
  ) );
#6209 = ADVANCED_FACE('',(#6210),#4178,.F.);
#6210 = FACE_BOUND('',#6211,.F.);
#6211 = EDGE_LOOP('',(#6212,#6235,#6256,#6257));
#6212 = ORIENTED_EDGE('',*,*,#6213,.F.);
#6213 = EDGE_CURVE('',#6214,#6116,#6216,.T.);
#6214 = VERTEX_POINT('',#6215);
#6215 = CARTESIAN_POINT('',(10.571677482848,-18.41600280761,3.4));
#6216 = SURFACE_CURVE('',#6217,(#6221,#6228),.PCURVE_S1.);
#6217 = B_SPLINE_CURVE_WITH_KNOTS('',2,(#6218,#6219,#6220),
  .UNSPECIFIED.,.F.,.F.,(3,3),(0.,1.),.PIECEWISE_BEZIER_KNOTS.);
#6218 = CARTESIAN_POINT('',(10.571677482848,-18.41600280761,3.4));
#6219 = CARTESIAN_POINT('',(10.483676180765,-18.28000020345,3.4));
#6220 = CARTESIAN_POINT('',(10.483676180765,-18.07600280761,3.4));
#6221 = PCURVE('',#4178,#6222);
#6222 = DEFINITIONAL_REPRESENTATION('',(#6223),#6227);
#6223 = LINE('',#6224,#6225);
#6224 = CARTESIAN_POINT('',(0.,0.));
#6225 = VECTOR('',#6226,1.);
#6226 = DIRECTION('',(1.,0.));
#6227 = ( GEOMETRIC_REPRESENTATION_CONTEXT(2) 
PARAMETRIC_REPRESENTATION_CONTEXT() REPRESENTATION_CONTEXT('2D SPACE',''
  ) );
#6228 = PCURVE('',#5714,#6229);
#6229 = DEFINITIONAL_REPRESENTATION('',(#6230),#6234);
#6230 = B_SPLINE_CURVE_WITH_KNOTS('',2,(#6231,#6232,#6233),
  .UNSPECIFIED.,.F.,.F.,(3,3),(0.,1.),.PIECEWISE_BEZIER_KNOTS.);
#6231 = CARTESIAN_POINT('',(0.271998697917,1.783997395833));
#6232 = CARTESIAN_POINT('',(0.183997395833,1.92));
#6233 = CARTESIAN_POINT('',(0.183997395833,2.123997395833));
#6234 = ( GEOMETRIC_REPRESENTATION_CONTEXT(2) 
PARAMETRIC_REPRESENTATION_CONTEXT() REPRESENTATION_CONTEXT('2D SPACE',''
  ) );
#6235 = ORIENTED_EDGE('',*,*,#6236,.T.);
#6236 = EDGE_CURVE('',#6214,#4118,#6237,.T.);
#6237 = SURFACE_CURVE('',#6238,(#6242,#6249),.PCURVE_S1.);
#6238 = LINE('',#6239,#6240);
#6239 = CARTESIAN_POINT('',(10.571677482848,-18.41600280761,3.4));
#6240 = VECTOR('',#6241,1.);
#6241 = DIRECTION('',(0.,0.,1.));
#6242 = PCURVE('',#4178,#6243);
#6243 = DEFINITIONAL_REPRESENTATION('',(#6244),#6248);
#6244 = LINE('',#6245,#6246);
#6245 = CARTESIAN_POINT('',(0.,0.));
#6246 = VECTOR('',#6247,1.);
#6247 = DIRECTION('',(0.,-1.));
#6248 = ( GEOMETRIC_REPRESENTATION_CONTEXT(2) 
PARAMETRIC_REPRESENTATION_CONTEXT() REPRESENTATION_CONTEXT('2D SPACE',''
  ) );
#6249 = PCURVE('',#4139,#6250);
#6250 = DEFINITIONAL_REPRESENTATION('',(#6251),#6255);
#6251 = LINE('',#6252,#6253);
#6252 = CARTESIAN_POINT('',(1.,0.));
#6253 = VECTOR('',#6254,1.);
#6254 = DIRECTION('',(0.,-1.));
#6255 = ( GEOMETRIC_REPRESENTATION_CONTEXT(2) 
PARAMETRIC_REPRESENTATION_CONTEXT() REPRESENTATION_CONTEXT('2D SPACE',''
  ) );
#6256 = ORIENTED_EDGE('',*,*,#4156,.F.);
#6257 = ORIENTED_EDGE('',*,*,#6138,.F.);
#6258 = ADVANCED_FACE('',(#6259),#3965,.F.);
#6259 = FACE_BOUND('',#6260,.F.);
#6260 = EDGE_LOOP('',(#6261,#6284,#6285,#6286));
#6261 = ORIENTED_EDGE('',*,*,#6262,.F.);
#6262 = EDGE_CURVE('',#6165,#6263,#6265,.T.);
#6263 = VERTEX_POINT('',#6264);
#6264 = CARTESIAN_POINT('',(10.667673576598,-20.04000020345,3.4));
#6265 = SURFACE_CURVE('',#6266,(#6270,#6277),.PCURVE_S1.);
#6266 = B_SPLINE_CURVE_WITH_KNOTS('',2,(#6267,#6268,#6269),
  .UNSPECIFIED.,.F.,.F.,(3,3),(0.,1.),.PIECEWISE_BEZIER_KNOTS.);
#6267 = CARTESIAN_POINT('',(11.395681389098,-20.29200541178,3.4));
#6268 = CARTESIAN_POINT('',(10.947673576598,-20.29200541178,3.4));
#6269 = CARTESIAN_POINT('',(10.667673576598,-20.04000020345,3.4));
#6270 = PCURVE('',#3965,#6271);
#6271 = DEFINITIONAL_REPRESENTATION('',(#6272),#6276);
#6272 = LINE('',#6273,#6274);
#6273 = CARTESIAN_POINT('',(0.,0.));
#6274 = VECTOR('',#6275,1.);
#6275 = DIRECTION('',(1.,0.));
#6276 = ( GEOMETRIC_REPRESENTATION_CONTEXT(2) 
PARAMETRIC_REPRESENTATION_CONTEXT() REPRESENTATION_CONTEXT('2D SPACE',''
  ) );
#6277 = PCURVE('',#5714,#6278);
#6278 = DEFINITIONAL_REPRESENTATION('',(#6279),#6283);
#6279 = B_SPLINE_CURVE_WITH_KNOTS('',2,(#6280,#6281,#6282),
  .UNSPECIFIED.,.F.,.F.,(3,3),(0.,1.),.PIECEWISE_BEZIER_KNOTS.);
#6280 = CARTESIAN_POINT('',(1.096002604167,-9.200520833333E-02));
#6281 = CARTESIAN_POINT('',(0.647994791667,-9.200520833333E-02));
#6282 = CARTESIAN_POINT('',(0.367994791667,0.16));
#6283 = ( GEOMETRIC_REPRESENTATION_CONTEXT(2) 
PARAMETRIC_REPRESENTATION_CONTEXT() REPRESENTATION_CONTEXT('2D SPACE',''
  ) );
#6284 = ORIENTED_EDGE('',*,*,#6189,.T.);
#6285 = ORIENTED_EDGE('',*,*,#3931,.F.);
#6286 = ORIENTED_EDGE('',*,*,#6287,.F.);
#6287 = EDGE_CURVE('',#6263,#3932,#6288,.T.);
#6288 = SURFACE_CURVE('',#6289,(#6293,#6300),.PCURVE_S1.);
#6289 = LINE('',#6290,#6291);
#6290 = CARTESIAN_POINT('',(10.667673576598,-20.04000020345,3.4));
#6291 = VECTOR('',#6292,1.);
#6292 = DIRECTION('',(0.,0.,1.));
#6293 = PCURVE('',#3965,#6294);
#6294 = DEFINITIONAL_REPRESENTATION('',(#6295),#6299);
#6295 = LINE('',#6296,#6297);
#6296 = CARTESIAN_POINT('',(1.,0.));
#6297 = VECTOR('',#6298,1.);
#6298 = DIRECTION('',(0.,-1.));
#6299 = ( GEOMETRIC_REPRESENTATION_CONTEXT(2) 
PARAMETRIC_REPRESENTATION_CONTEXT() REPRESENTATION_CONTEXT('2D SPACE',''
  ) );
#6300 = PCURVE('',#4018,#6301);
#6301 = DEFINITIONAL_REPRESENTATION('',(#6302),#6306);
#6302 = LINE('',#6303,#6304);
#6303 = CARTESIAN_POINT('',(0.,0.));
#6304 = VECTOR('',#6305,1.);
#6305 = DIRECTION('',(0.,-1.));
#6306 = ( GEOMETRIC_REPRESENTATION_CONTEXT(2) 
PARAMETRIC_REPRESENTATION_CONTEXT() REPRESENTATION_CONTEXT('2D SPACE',''
  ) );
#6307 = ADVANCED_FACE('',(#6308),#4139,.F.);
#6308 = FACE_BOUND('',#6309,.F.);
#6309 = EDGE_LOOP('',(#6310,#6333,#6354,#6355));
#6310 = ORIENTED_EDGE('',*,*,#6311,.F.);
#6311 = EDGE_CURVE('',#6312,#6214,#6314,.T.);
#6312 = VERTEX_POINT('',#6313);
#6313 = CARTESIAN_POINT('',(10.851683993265,-18.65600280761,3.4));
#6314 = SURFACE_CURVE('',#6315,(#6319,#6326),.PCURVE_S1.);
#6315 = B_SPLINE_CURVE_WITH_KNOTS('',2,(#6316,#6317,#6318),
  .UNSPECIFIED.,.F.,.F.,(3,3),(0.,1.),.PIECEWISE_BEZIER_KNOTS.);
#6316 = CARTESIAN_POINT('',(10.851683993265,-18.65600280761,3.4));
#6317 = CARTESIAN_POINT('',(10.659678784932,-18.55200541178,3.4));
#6318 = CARTESIAN_POINT('',(10.571677482848,-18.41600280761,3.4));
#6319 = PCURVE('',#4139,#6320);
#6320 = DEFINITIONAL_REPRESENTATION('',(#6321),#6325);
#6321 = LINE('',#6322,#6323);
#6322 = CARTESIAN_POINT('',(0.,0.));
#6323 = VECTOR('',#6324,1.);
#6324 = DIRECTION('',(1.,0.));
#6325 = ( GEOMETRIC_REPRESENTATION_CONTEXT(2) 
PARAMETRIC_REPRESENTATION_CONTEXT() REPRESENTATION_CONTEXT('2D SPACE',''
  ) );
#6326 = PCURVE('',#5714,#6327);
#6327 = DEFINITIONAL_REPRESENTATION('',(#6328),#6332);
#6328 = B_SPLINE_CURVE_WITH_KNOTS('',2,(#6329,#6330,#6331),
  .UNSPECIFIED.,.F.,.F.,(3,3),(0.,1.),.PIECEWISE_BEZIER_KNOTS.);
#6329 = CARTESIAN_POINT('',(0.552005208333,1.543997395833));
#6330 = CARTESIAN_POINT('',(0.36,1.647994791667));
#6331 = CARTESIAN_POINT('',(0.271998697917,1.783997395833));
#6332 = ( GEOMETRIC_REPRESENTATION_CONTEXT(2) 
PARAMETRIC_REPRESENTATION_CONTEXT() REPRESENTATION_CONTEXT('2D SPACE',''
  ) );
#6333 = ORIENTED_EDGE('',*,*,#6334,.T.);
#6334 = EDGE_CURVE('',#6312,#4079,#6335,.T.);
#6335 = SURFACE_CURVE('',#6336,(#6340,#6347),.PCURVE_S1.);
#6336 = LINE('',#6337,#6338);
#6337 = CARTESIAN_POINT('',(10.851683993265,-18.65600280761,3.4));
#6338 = VECTOR('',#6339,1.);
#6339 = DIRECTION('',(0.,0.,1.));
#6340 = PCURVE('',#4139,#6341);
#6341 = DEFINITIONAL_REPRESENTATION('',(#6342),#6346);
#6342 = LINE('',#6343,#6344);
#6343 = CARTESIAN_POINT('',(0.,0.));
#6344 = VECTOR('',#6345,1.);
#6345 = DIRECTION('',(0.,-1.));
#6346 = ( GEOMETRIC_REPRESENTATION_CONTEXT(2) 
PARAMETRIC_REPRESENTATION_CONTEXT() REPRESENTATION_CONTEXT('2D SPACE',''
  ) );
#6347 = PCURVE('',#4100,#6348);
#6348 = DEFINITIONAL_REPRESENTATION('',(#6349),#6353);
#6349 = LINE('',#6350,#6351);
#6350 = CARTESIAN_POINT('',(1.,0.));
#6351 = VECTOR('',#6352,1.);
#6352 = DIRECTION('',(0.,-1.));
#6353 = ( GEOMETRIC_REPRESENTATION_CONTEXT(2) 
PARAMETRIC_REPRESENTATION_CONTEXT() REPRESENTATION_CONTEXT('2D SPACE',''
  ) );
#6354 = ORIENTED_EDGE('',*,*,#4117,.F.);
#6355 = ORIENTED_EDGE('',*,*,#6236,.F.);
#6356 = ADVANCED_FACE('',(#6357),#4018,.F.);
#6357 = FACE_BOUND('',#6358,.F.);
#6358 = EDGE_LOOP('',(#6359,#6382,#6383,#6384));
#6359 = ORIENTED_EDGE('',*,*,#6360,.F.);
#6360 = EDGE_CURVE('',#6263,#6361,#6363,.T.);
#6361 = VERTEX_POINT('',#6362);
#6362 = CARTESIAN_POINT('',(10.387673576598,-19.38399759928,3.4));
#6363 = SURFACE_CURVE('',#6364,(#6368,#6375),.PCURVE_S1.);
#6364 = B_SPLINE_CURVE_WITH_KNOTS('',2,(#6365,#6366,#6367),
  .UNSPECIFIED.,.F.,.F.,(3,3),(0.,1.),.PIECEWISE_BEZIER_KNOTS.);
#6365 = CARTESIAN_POINT('',(10.667673576598,-20.04000020345,3.4));
#6366 = CARTESIAN_POINT('',(10.387673576598,-19.78799499511,3.4));
#6367 = CARTESIAN_POINT('',(10.387673576598,-19.38399759928,3.4));
#6368 = PCURVE('',#4018,#6369);
#6369 = DEFINITIONAL_REPRESENTATION('',(#6370),#6374);
#6370 = LINE('',#6371,#6372);
#6371 = CARTESIAN_POINT('',(0.,0.));
#6372 = VECTOR('',#6373,1.);
#6373 = DIRECTION('',(1.,0.));
#6374 = ( GEOMETRIC_REPRESENTATION_CONTEXT(2) 
PARAMETRIC_REPRESENTATION_CONTEXT() REPRESENTATION_CONTEXT('2D SPACE',''
  ) );
#6375 = PCURVE('',#5714,#6376);
#6376 = DEFINITIONAL_REPRESENTATION('',(#6377),#6381);
#6377 = B_SPLINE_CURVE_WITH_KNOTS('',2,(#6378,#6379,#6380),
  .UNSPECIFIED.,.F.,.F.,(3,3),(0.,1.),.PIECEWISE_BEZIER_KNOTS.);
#6378 = CARTESIAN_POINT('',(0.367994791667,0.16));
#6379 = CARTESIAN_POINT('',(8.799479166667E-02,0.412005208333));
#6380 = CARTESIAN_POINT('',(8.799479166667E-02,0.816002604167));
#6381 = ( GEOMETRIC_REPRESENTATION_CONTEXT(2) 
PARAMETRIC_REPRESENTATION_CONTEXT() REPRESENTATION_CONTEXT('2D SPACE',''
  ) );
#6382 = ORIENTED_EDGE('',*,*,#6287,.T.);
#6383 = ORIENTED_EDGE('',*,*,#3988,.F.);
#6384 = ORIENTED_EDGE('',*,*,#6385,.F.);
#6385 = EDGE_CURVE('',#6361,#3989,#6386,.T.);
#6386 = SURFACE_CURVE('',#6387,(#6391,#6398),.PCURVE_S1.);
#6387 = LINE('',#6388,#6389);
#6388 = CARTESIAN_POINT('',(10.387673576598,-19.38399759928,3.4));
#6389 = VECTOR('',#6390,1.);
#6390 = DIRECTION('',(0.,0.,1.));
#6391 = PCURVE('',#4018,#6392);
#6392 = DEFINITIONAL_REPRESENTATION('',(#6393),#6397);
#6393 = LINE('',#6394,#6395);
#6394 = CARTESIAN_POINT('',(1.,0.));
#6395 = VECTOR('',#6396,1.);
#6396 = DIRECTION('',(0.,-1.));
#6397 = ( GEOMETRIC_REPRESENTATION_CONTEXT(2) 
PARAMETRIC_REPRESENTATION_CONTEXT() REPRESENTATION_CONTEXT('2D SPACE',''
  ) );
#6398 = PCURVE('',#4061,#6399);
#6399 = DEFINITIONAL_REPRESENTATION('',(#6400),#6404);
#6400 = LINE('',#6401,#6402);
#6401 = CARTESIAN_POINT('',(0.,0.));
#6402 = VECTOR('',#6403,1.);
#6403 = DIRECTION('',(0.,-1.));
#6404 = ( GEOMETRIC_REPRESENTATION_CONTEXT(2) 
PARAMETRIC_REPRESENTATION_CONTEXT() REPRESENTATION_CONTEXT('2D SPACE',''
  ) );
#6405 = ADVANCED_FACE('',(#6406),#4100,.F.);
#6406 = FACE_BOUND('',#6407,.F.);
#6407 = EDGE_LOOP('',(#6408,#6431,#6452,#6453));
#6408 = ORIENTED_EDGE('',*,*,#6409,.F.);
#6409 = EDGE_CURVE('',#6410,#6312,#6412,.T.);
#6410 = VERTEX_POINT('',#6411);
#6411 = CARTESIAN_POINT('',(10.497673576598,-18.96000020345,3.4));
#6412 = SURFACE_CURVE('',#6413,(#6417,#6424),.PCURVE_S1.);
#6413 = B_SPLINE_CURVE_WITH_KNOTS('',2,(#6414,#6415,#6416),
  .UNSPECIFIED.,.F.,.F.,(3,3),(0.,1.),.PIECEWISE_BEZIER_KNOTS.);
#6414 = CARTESIAN_POINT('',(10.497673576598,-18.96000020345,3.4));
#6415 = CARTESIAN_POINT('',(10.607673576598,-18.78799499511,3.4));
#6416 = CARTESIAN_POINT('',(10.851683993265,-18.65600280761,3.4));
#6417 = PCURVE('',#4100,#6418);
#6418 = DEFINITIONAL_REPRESENTATION('',(#6419),#6423);
#6419 = LINE('',#6420,#6421);
#6420 = CARTESIAN_POINT('',(0.,0.));
#6421 = VECTOR('',#6422,1.);
#6422 = DIRECTION('',(1.,0.));
#6423 = ( GEOMETRIC_REPRESENTATION_CONTEXT(2) 
PARAMETRIC_REPRESENTATION_CONTEXT() REPRESENTATION_CONTEXT('2D SPACE',''
  ) );
#6424 = PCURVE('',#5714,#6425);
#6425 = DEFINITIONAL_REPRESENTATION('',(#6426),#6430);
#6426 = B_SPLINE_CURVE_WITH_KNOTS('',2,(#6427,#6428,#6429),
  .UNSPECIFIED.,.F.,.F.,(3,3),(0.,1.),.PIECEWISE_BEZIER_KNOTS.);
#6427 = CARTESIAN_POINT('',(0.197994791667,1.24));
#6428 = CARTESIAN_POINT('',(0.307994791667,1.412005208333));
#6429 = CARTESIAN_POINT('',(0.552005208333,1.543997395833));
#6430 = ( GEOMETRIC_REPRESENTATION_CONTEXT(2) 
PARAMETRIC_REPRESENTATION_CONTEXT() REPRESENTATION_CONTEXT('2D SPACE',''
  ) );
#6431 = ORIENTED_EDGE('',*,*,#6432,.T.);
#6432 = EDGE_CURVE('',#6410,#4040,#6433,.T.);
#6433 = SURFACE_CURVE('',#6434,(#6438,#6445),.PCURVE_S1.);
#6434 = LINE('',#6435,#6436);
#6435 = CARTESIAN_POINT('',(10.497673576598,-18.96000020345,3.4));
#6436 = VECTOR('',#6437,1.);
#6437 = DIRECTION('',(0.,0.,1.));
#6438 = PCURVE('',#4100,#6439);
#6439 = DEFINITIONAL_REPRESENTATION('',(#6440),#6444);
#6440 = LINE('',#6441,#6442);
#6441 = CARTESIAN_POINT('',(0.,0.));
#6442 = VECTOR('',#6443,1.);
#6443 = DIRECTION('',(0.,-1.));
#6444 = ( GEOMETRIC_REPRESENTATION_CONTEXT(2) 
PARAMETRIC_REPRESENTATION_CONTEXT() REPRESENTATION_CONTEXT('2D SPACE',''
  ) );
#6445 = PCURVE('',#4061,#6446);
#6446 = DEFINITIONAL_REPRESENTATION('',(#6447),#6451);
#6447 = LINE('',#6448,#6449);
#6448 = CARTESIAN_POINT('',(1.,0.));
#6449 = VECTOR('',#6450,1.);
#6450 = DIRECTION('',(0.,-1.));
#6451 = ( GEOMETRIC_REPRESENTATION_CONTEXT(2) 
PARAMETRIC_REPRESENTATION_CONTEXT() REPRESENTATION_CONTEXT('2D SPACE',''
  ) );
#6452 = ORIENTED_EDGE('',*,*,#4078,.F.);
#6453 = ORIENTED_EDGE('',*,*,#6334,.F.);
#6454 = ADVANCED_FACE('',(#6455),#4061,.F.);
#6455 = FACE_BOUND('',#6456,.F.);
#6456 = EDGE_LOOP('',(#6457,#6478,#6479,#6480));
#6457 = ORIENTED_EDGE('',*,*,#6458,.F.);
#6458 = EDGE_CURVE('',#6361,#6410,#6459,.T.);
#6459 = SURFACE_CURVE('',#6460,(#6464,#6471),.PCURVE_S1.);
#6460 = B_SPLINE_CURVE_WITH_KNOTS('',2,(#6461,#6462,#6463),
  .UNSPECIFIED.,.F.,.F.,(3,3),(0.,1.),.PIECEWISE_BEZIER_KNOTS.);
#6461 = CARTESIAN_POINT('',(10.387673576598,-19.38399759928,3.4));
#6462 = CARTESIAN_POINT('',(10.387673576598,-19.13200541178,3.4));
#6463 = CARTESIAN_POINT('',(10.497673576598,-18.96000020345,3.4));
#6464 = PCURVE('',#4061,#6465);
#6465 = DEFINITIONAL_REPRESENTATION('',(#6466),#6470);
#6466 = LINE('',#6467,#6468);
#6467 = CARTESIAN_POINT('',(0.,0.));
#6468 = VECTOR('',#6469,1.);
#6469 = DIRECTION('',(1.,0.));
#6470 = ( GEOMETRIC_REPRESENTATION_CONTEXT(2) 
PARAMETRIC_REPRESENTATION_CONTEXT() REPRESENTATION_CONTEXT('2D SPACE',''
  ) );
#6471 = PCURVE('',#5714,#6472);
#6472 = DEFINITIONAL_REPRESENTATION('',(#6473),#6477);
#6473 = B_SPLINE_CURVE_WITH_KNOTS('',2,(#6474,#6475,#6476),
  .UNSPECIFIED.,.F.,.F.,(3,3),(0.,1.),.PIECEWISE_BEZIER_KNOTS.);
#6474 = CARTESIAN_POINT('',(8.799479166667E-02,0.816002604167));
#6475 = CARTESIAN_POINT('',(8.799479166667E-02,1.067994791667));
#6476 = CARTESIAN_POINT('',(0.197994791667,1.24));
#6477 = ( GEOMETRIC_REPRESENTATION_CONTEXT(2) 
PARAMETRIC_REPRESENTATION_CONTEXT() REPRESENTATION_CONTEXT('2D SPACE',''
  ) );
#6478 = ORIENTED_EDGE('',*,*,#6385,.T.);
#6479 = ORIENTED_EDGE('',*,*,#4039,.F.);
#6480 = ORIENTED_EDGE('',*,*,#6432,.F.);
#6481 = ADVANCED_FACE('',(#6482),#5121,.F.);
#6482 = FACE_BOUND('',#6483,.F.);
#6483 = EDGE_LOOP('',(#6484,#6485,#6508,#6536));
#6484 = ORIENTED_EDGE('',*,*,#5103,.T.);
#6485 = ORIENTED_EDGE('',*,*,#6486,.T.);
#6486 = EDGE_CURVE('',#5106,#6487,#6489,.T.);
#6487 = VERTEX_POINT('',#6488);
#6488 = CARTESIAN_POINT('',(22.985323154484,-11.21280291446,1.8));
#6489 = SURFACE_CURVE('',#6490,(#6494,#6501),.PCURVE_S1.);
#6490 = LINE('',#6491,#6492);
#6491 = CARTESIAN_POINT('',(22.985323154484,-11.21280291446,-1.));
#6492 = VECTOR('',#6493,1.);
#6493 = DIRECTION('',(0.,0.,1.));
#6494 = PCURVE('',#5121,#6495);
#6495 = DEFINITIONAL_REPRESENTATION('',(#6496),#6500);
#6496 = LINE('',#6497,#6498);
#6497 = CARTESIAN_POINT('',(0.,0.));
#6498 = VECTOR('',#6499,1.);
#6499 = DIRECTION('',(0.,-1.));
#6500 = ( GEOMETRIC_REPRESENTATION_CONTEXT(2) 
PARAMETRIC_REPRESENTATION_CONTEXT() REPRESENTATION_CONTEXT('2D SPACE',''
  ) );
#6501 = PCURVE('',#5213,#6502);
#6502 = DEFINITIONAL_REPRESENTATION('',(#6503),#6507);
#6503 = LINE('',#6504,#6505);
#6504 = CARTESIAN_POINT('',(3.14159265359,0.));
#6505 = VECTOR('',#6506,1.);
#6506 = DIRECTION('',(0.,-1.));
#6507 = ( GEOMETRIC_REPRESENTATION_CONTEXT(2) 
PARAMETRIC_REPRESENTATION_CONTEXT() REPRESENTATION_CONTEXT('2D SPACE',''
  ) );
#6508 = ORIENTED_EDGE('',*,*,#6509,.T.);
#6509 = EDGE_CURVE('',#6487,#6510,#6512,.T.);
#6510 = VERTEX_POINT('',#6511);
#6511 = CARTESIAN_POINT('',(18.234886774743,-13.32783345846,1.8));
#6512 = SURFACE_CURVE('',#6513,(#6517,#6524),.PCURVE_S1.);
#6513 = LINE('',#6514,#6515);
#6514 = CARTESIAN_POINT('',(22.985323154484,-11.21280291446,1.8));
#6515 = VECTOR('',#6516,1.);
#6516 = DIRECTION('',(-0.913545457643,-0.406736643076,0.));
#6517 = PCURVE('',#5121,#6518);
#6518 = DEFINITIONAL_REPRESENTATION('',(#6519),#6523);
#6519 = LINE('',#6520,#6521);
#6520 = CARTESIAN_POINT('',(0.,-2.8));
#6521 = VECTOR('',#6522,1.);
#6522 = DIRECTION('',(1.,0.));
#6523 = ( GEOMETRIC_REPRESENTATION_CONTEXT(2) 
PARAMETRIC_REPRESENTATION_CONTEXT() REPRESENTATION_CONTEXT('2D SPACE',''
  ) );
#6524 = PCURVE('',#6525,#6530);
#6525 = PLANE('',#6526);
#6526 = AXIS2_PLACEMENT_3D('',#6527,#6528,#6529);
#6527 = CARTESIAN_POINT('',(20.,-10.9,1.8));
#6528 = DIRECTION('',(-0.,-0.,-1.));
#6529 = DIRECTION('',(-1.,0.,0.));
#6530 = DEFINITIONAL_REPRESENTATION('',(#6531),#6535);
#6531 = LINE('',#6532,#6533);
#6532 = CARTESIAN_POINT('',(-2.985323154484,-0.312802914467));
#6533 = VECTOR('',#6534,1.);
#6534 = DIRECTION('',(0.913545457643,-0.406736643076));
#6535 = ( GEOMETRIC_REPRESENTATION_CONTEXT(2) 
PARAMETRIC_REPRESENTATION_CONTEXT() REPRESENTATION_CONTEXT('2D SPACE',''
  ) );
#6536 = ORIENTED_EDGE('',*,*,#6537,.F.);
#6537 = EDGE_CURVE('',#5104,#6510,#6538,.T.);
#6538 = SURFACE_CURVE('',#6539,(#6543,#6550),.PCURVE_S1.);
#6539 = LINE('',#6540,#6541);
#6540 = CARTESIAN_POINT('',(18.234886774743,-13.32783345846,-1.));
#6541 = VECTOR('',#6542,1.);
#6542 = DIRECTION('',(0.,0.,1.));
#6543 = PCURVE('',#5121,#6544);
#6544 = DEFINITIONAL_REPRESENTATION('',(#6545),#6549);
#6545 = LINE('',#6546,#6547);
#6546 = CARTESIAN_POINT('',(5.2,0.));
#6547 = VECTOR('',#6548,1.);
#6548 = DIRECTION('',(0.,-1.));
#6549 = ( GEOMETRIC_REPRESENTATION_CONTEXT(2) 
PARAMETRIC_REPRESENTATION_CONTEXT() REPRESENTATION_CONTEXT('2D SPACE',''
  ) );
#6550 = PCURVE('',#5154,#6551);
#6551 = DEFINITIONAL_REPRESENTATION('',(#6552),#6556);
#6552 = LINE('',#6553,#6554);
#6553 = CARTESIAN_POINT('',(0.,0.));
#6554 = VECTOR('',#6555,1.);
#6555 = DIRECTION('',(0.,-1.));
#6556 = ( GEOMETRIC_REPRESENTATION_CONTEXT(2) 
PARAMETRIC_REPRESENTATION_CONTEXT() REPRESENTATION_CONTEXT('2D SPACE',''
  ) );
#6557 = ADVANCED_FACE('',(#6558),#5213,.F.);
#6558 = FACE_BOUND('',#6559,.F.);
#6559 = EDGE_LOOP('',(#6560,#6561,#6584,#6606));
#6560 = ORIENTED_EDGE('',*,*,#5194,.F.);
#6561 = ORIENTED_EDGE('',*,*,#6562,.T.);
#6562 = EDGE_CURVE('',#5167,#6563,#6565,.T.);
#6563 = VERTEX_POINT('',#6564);
#6564 = CARTESIAN_POINT('',(21.765113225257,-8.472166541539,1.8));
#6565 = SURFACE_CURVE('',#6566,(#6570,#6577),.PCURVE_S1.);
#6566 = LINE('',#6567,#6568);
#6567 = CARTESIAN_POINT('',(21.765113225257,-8.472166541539,-1.));
#6568 = VECTOR('',#6569,1.);
#6569 = DIRECTION('',(0.,0.,1.));
#6570 = PCURVE('',#5213,#6571);
#6571 = DEFINITIONAL_REPRESENTATION('',(#6572),#6576);
#6572 = LINE('',#6573,#6574);
#6573 = CARTESIAN_POINT('',(0.,0.));
#6574 = VECTOR('',#6575,1.);
#6575 = DIRECTION('',(0.,-1.));
#6576 = ( GEOMETRIC_REPRESENTATION_CONTEXT(2) 
PARAMETRIC_REPRESENTATION_CONTEXT() REPRESENTATION_CONTEXT('2D SPACE',''
  ) );
#6577 = PCURVE('',#5182,#6578);
#6578 = DEFINITIONAL_REPRESENTATION('',(#6579),#6583);
#6579 = LINE('',#6580,#6581);
#6580 = CARTESIAN_POINT('',(5.2,0.));
#6581 = VECTOR('',#6582,1.);
#6582 = DIRECTION('',(0.,-1.));
#6583 = ( GEOMETRIC_REPRESENTATION_CONTEXT(2) 
PARAMETRIC_REPRESENTATION_CONTEXT() REPRESENTATION_CONTEXT('2D SPACE',''
  ) );
#6584 = ORIENTED_EDGE('',*,*,#6585,.T.);
#6585 = EDGE_CURVE('',#6563,#6487,#6586,.T.);
#6586 = SURFACE_CURVE('',#6587,(#6592,#6599),.PCURVE_S1.);
#6587 = CIRCLE('',#6588,1.5);
#6588 = AXIS2_PLACEMENT_3D('',#6589,#6590,#6591);
#6589 = CARTESIAN_POINT('',(22.375218189871,-9.842484728003,1.8));
#6590 = DIRECTION('',(0.,0.,-1.));
#6591 = DIRECTION('',(-0.406736643076,0.913545457643,0.));
#6592 = PCURVE('',#5213,#6593);
#6593 = DEFINITIONAL_REPRESENTATION('',(#6594),#6598);
#6594 = LINE('',#6595,#6596);
#6595 = CARTESIAN_POINT('',(0.,-2.8));
#6596 = VECTOR('',#6597,1.);
#6597 = DIRECTION('',(1.,0.));
#6598 = ( GEOMETRIC_REPRESENTATION_CONTEXT(2) 
PARAMETRIC_REPRESENTATION_CONTEXT() REPRESENTATION_CONTEXT('2D SPACE',''
  ) );
#6599 = PCURVE('',#6525,#6600);
#6600 = DEFINITIONAL_REPRESENTATION('',(#6601),#6605);
#6601 = CIRCLE('',#6602,1.5);
#6602 = AXIS2_PLACEMENT_2D('',#6603,#6604);
#6603 = CARTESIAN_POINT('',(-2.375218189871,1.057515271997));
#6604 = DIRECTION('',(0.406736643076,0.913545457643));
#6605 = ( GEOMETRIC_REPRESENTATION_CONTEXT(2) 
PARAMETRIC_REPRESENTATION_CONTEXT() REPRESENTATION_CONTEXT('2D SPACE',''
  ) );
#6606 = ORIENTED_EDGE('',*,*,#6486,.F.);
#6607 = ADVANCED_FACE('',(#6608),#5182,.F.);
#6608 = FACE_BOUND('',#6609,.F.);
#6609 = EDGE_LOOP('',(#6610,#6611,#6634,#6655));
#6610 = ORIENTED_EDGE('',*,*,#5166,.T.);
#6611 = ORIENTED_EDGE('',*,*,#6612,.T.);
#6612 = EDGE_CURVE('',#5134,#6613,#6615,.T.);
#6613 = VERTEX_POINT('',#6614);
#6614 = CARTESIAN_POINT('',(17.014676845516,-10.58719708553,1.8));
#6615 = SURFACE_CURVE('',#6616,(#6620,#6627),.PCURVE_S1.);
#6616 = LINE('',#6617,#6618);
#6617 = CARTESIAN_POINT('',(17.014676845516,-10.58719708553,-1.));
#6618 = VECTOR('',#6619,1.);
#6619 = DIRECTION('',(0.,0.,1.));
#6620 = PCURVE('',#5182,#6621);
#6621 = DEFINITIONAL_REPRESENTATION('',(#6622),#6626);
#6622 = LINE('',#6623,#6624);
#6623 = CARTESIAN_POINT('',(0.,0.));
#6624 = VECTOR('',#6625,1.);
#6625 = DIRECTION('',(0.,-1.));
#6626 = ( GEOMETRIC_REPRESENTATION_CONTEXT(2) 
PARAMETRIC_REPRESENTATION_CONTEXT() REPRESENTATION_CONTEXT('2D SPACE',''
  ) );
#6627 = PCURVE('',#5154,#6628);
#6628 = DEFINITIONAL_REPRESENTATION('',(#6629),#6633);
#6629 = LINE('',#6630,#6631);
#6630 = CARTESIAN_POINT('',(3.14159265359,0.));
#6631 = VECTOR('',#6632,1.);
#6632 = DIRECTION('',(0.,-1.));
#6633 = ( GEOMETRIC_REPRESENTATION_CONTEXT(2) 
PARAMETRIC_REPRESENTATION_CONTEXT() REPRESENTATION_CONTEXT('2D SPACE',''
  ) );
#6634 = ORIENTED_EDGE('',*,*,#6635,.T.);
#6635 = EDGE_CURVE('',#6613,#6563,#6636,.T.);
#6636 = SURFACE_CURVE('',#6637,(#6641,#6648),.PCURVE_S1.);
#6637 = LINE('',#6638,#6639);
#6638 = CARTESIAN_POINT('',(17.014676845516,-10.58719708553,1.8));
#6639 = VECTOR('',#6640,1.);
#6640 = DIRECTION('',(0.913545457643,0.406736643076,0.));
#6641 = PCURVE('',#5182,#6642);
#6642 = DEFINITIONAL_REPRESENTATION('',(#6643),#6647);
#6643 = LINE('',#6644,#6645);
#6644 = CARTESIAN_POINT('',(0.,-2.8));
#6645 = VECTOR('',#6646,1.);
#6646 = DIRECTION('',(1.,0.));
#6647 = ( GEOMETRIC_REPRESENTATION_CONTEXT(2) 
PARAMETRIC_REPRESENTATION_CONTEXT() REPRESENTATION_CONTEXT('2D SPACE',''
  ) );
#6648 = PCURVE('',#6525,#6649);
#6649 = DEFINITIONAL_REPRESENTATION('',(#6650),#6654);
#6650 = LINE('',#6651,#6652);
#6651 = CARTESIAN_POINT('',(2.985323154484,0.312802914467));
#6652 = VECTOR('',#6653,1.);
#6653 = DIRECTION('',(-0.913545457643,0.406736643076));
#6654 = ( GEOMETRIC_REPRESENTATION_CONTEXT(2) 
PARAMETRIC_REPRESENTATION_CONTEXT() REPRESENTATION_CONTEXT('2D SPACE',''
  ) );
#6655 = ORIENTED_EDGE('',*,*,#6562,.F.);
#6656 = ADVANCED_FACE('',(#6657),#5154,.F.);
#6657 = FACE_BOUND('',#6658,.F.);
#6658 = EDGE_LOOP('',(#6659,#6660,#6661,#6683));
#6659 = ORIENTED_EDGE('',*,*,#5133,.F.);
#6660 = ORIENTED_EDGE('',*,*,#6537,.T.);
#6661 = ORIENTED_EDGE('',*,*,#6662,.T.);
#6662 = EDGE_CURVE('',#6510,#6613,#6663,.T.);
#6663 = SURFACE_CURVE('',#6664,(#6669,#6676),.PCURVE_S1.);
#6664 = CIRCLE('',#6665,1.5);
#6665 = AXIS2_PLACEMENT_3D('',#6666,#6667,#6668);
#6666 = CARTESIAN_POINT('',(17.624781810129,-11.95751527199,1.8));
#6667 = DIRECTION('',(0.,-0.,-1.));
#6668 = DIRECTION('',(0.406736643076,-0.913545457643,0.));
#6669 = PCURVE('',#5154,#6670);
#6670 = DEFINITIONAL_REPRESENTATION('',(#6671),#6675);
#6671 = LINE('',#6672,#6673);
#6672 = CARTESIAN_POINT('',(0.,-2.8));
#6673 = VECTOR('',#6674,1.);
#6674 = DIRECTION('',(1.,0.));
#6675 = ( GEOMETRIC_REPRESENTATION_CONTEXT(2) 
PARAMETRIC_REPRESENTATION_CONTEXT() REPRESENTATION_CONTEXT('2D SPACE',''
  ) );
#6676 = PCURVE('',#6525,#6677);
#6677 = DEFINITIONAL_REPRESENTATION('',(#6678),#6682);
#6678 = CIRCLE('',#6679,1.5);
#6679 = AXIS2_PLACEMENT_2D('',#6680,#6681);
#6680 = CARTESIAN_POINT('',(2.375218189871,-1.057515271997));
#6681 = DIRECTION('',(-0.406736643076,-0.913545457643));
#6682 = ( GEOMETRIC_REPRESENTATION_CONTEXT(2) 
PARAMETRIC_REPRESENTATION_CONTEXT() REPRESENTATION_CONTEXT('2D SPACE',''
  ) );
#6683 = ORIENTED_EDGE('',*,*,#6612,.F.);
#6684 = ADVANCED_FACE('',(#6685),#5332,.T.);
#6685 = FACE_BOUND('',#6686,.T.);
#6686 = EDGE_LOOP('',(#6687));
#6687 = ORIENTED_EDGE('',*,*,#5317,.T.);
#6688 = ADVANCED_FACE('',(#6689),#5366,.T.);
#6689 = FACE_BOUND('',#6690,.F.);
#6690 = EDGE_LOOP('',(#6691,#6692,#6693,#6694,#6695,#6696,#6697));
#6691 = ORIENTED_EDGE('',*,*,#5348,.T.);
#6692 = ORIENTED_EDGE('',*,*,#5424,.T.);
#6693 = ORIENTED_EDGE('',*,*,#5522,.T.);
#6694 = ORIENTED_EDGE('',*,*,#5620,.T.);
#6695 = ORIENTED_EDGE('',*,*,#5669,.T.);
#6696 = ORIENTED_EDGE('',*,*,#5571,.T.);
#6697 = ORIENTED_EDGE('',*,*,#5473,.T.);
#6698 = ADVANCED_FACE('',(#6699,#6717,#6959),#5714,.T.);
#6699 = FACE_BOUND('',#6700,.F.);
#6700 = EDGE_LOOP('',(#6701,#6702,#6703,#6704,#6705,#6706,#6707,#6708,
    #6709,#6710,#6711,#6712,#6713,#6714,#6715,#6716));
#6701 = ORIENTED_EDGE('',*,*,#5696,.T.);
#6702 = ORIENTED_EDGE('',*,*,#5772,.T.);
#6703 = ORIENTED_EDGE('',*,*,#5870,.T.);
#6704 = ORIENTED_EDGE('',*,*,#5968,.T.);
#6705 = ORIENTED_EDGE('',*,*,#6066,.T.);
#6706 = ORIENTED_EDGE('',*,*,#6164,.T.);
#6707 = ORIENTED_EDGE('',*,*,#6262,.T.);
#6708 = ORIENTED_EDGE('',*,*,#6360,.T.);
#6709 = ORIENTED_EDGE('',*,*,#6458,.T.);
#6710 = ORIENTED_EDGE('',*,*,#6409,.T.);
#6711 = ORIENTED_EDGE('',*,*,#6311,.T.);
#6712 = ORIENTED_EDGE('',*,*,#6213,.T.);
#6713 = ORIENTED_EDGE('',*,*,#6115,.T.);
#6714 = ORIENTED_EDGE('',*,*,#6017,.T.);
#6715 = ORIENTED_EDGE('',*,*,#5919,.T.);
#6716 = ORIENTED_EDGE('',*,*,#5821,.T.);
#6717 = FACE_BOUND('',#6718,.F.);
#6718 = EDGE_LOOP('',(#6719,#6751,#6781,#6811,#6841,#6871,#6901,#6931));
#6719 = ORIENTED_EDGE('',*,*,#6720,.T.);
#6720 = EDGE_CURVE('',#6721,#6723,#6725,.T.);
#6721 = VERTEX_POINT('',#6722);
#6722 = CARTESIAN_POINT('',(11.703676180765,-17.86000020345,3.4));
#6723 = VERTEX_POINT('',#6724);
#6724 = CARTESIAN_POINT('',(11.399678784932,-17.75600280761,3.4));
#6725 = SURFACE_CURVE('',#6726,(#6730,#6737),.PCURVE_S1.);
#6726 = B_SPLINE_CURVE_WITH_KNOTS('',2,(#6727,#6728,#6729),
  .UNSPECIFIED.,.F.,.F.,(3,3),(0.,1.),.PIECEWISE_BEZIER_KNOTS.);
#6727 = CARTESIAN_POINT('',(11.703676180765,-17.86000020345,3.4));
#6728 = CARTESIAN_POINT('',(11.587673576598,-17.75600280761,3.4));
#6729 = CARTESIAN_POINT('',(11.399678784932,-17.75600280761,3.4));
#6730 = PCURVE('',#5714,#6731);
#6731 = DEFINITIONAL_REPRESENTATION('',(#6732),#6736);
#6732 = B_SPLINE_CURVE_WITH_KNOTS('',2,(#6733,#6734,#6735),
  .UNSPECIFIED.,.F.,.F.,(3,3),(0.,1.),.PIECEWISE_BEZIER_KNOTS.);
#6733 = CARTESIAN_POINT('',(1.403997395833,2.34));
#6734 = CARTESIAN_POINT('',(1.287994791667,2.443997395833));
#6735 = CARTESIAN_POINT('',(1.1,2.443997395833));
#6736 = ( GEOMETRIC_REPRESENTATION_CONTEXT(2) 
PARAMETRIC_REPRESENTATION_CONTEXT() REPRESENTATION_CONTEXT('2D SPACE',''
  ) );
#6737 = PCURVE('',#6738,#6745);
#6738 = SURFACE_OF_LINEAR_EXTRUSION('',#6739,#6743);
#6739 = B_SPLINE_CURVE_WITH_KNOTS('',2,(#6740,#6741,#6742),
  .UNSPECIFIED.,.F.,.F.,(3,3),(0.,1.),.PIECEWISE_BEZIER_KNOTS.);
#6740 = CARTESIAN_POINT('',(11.703676180765,-17.86000020345,3.4));
#6741 = CARTESIAN_POINT('',(11.587673576598,-17.75600280761,3.4));
#6742 = CARTESIAN_POINT('',(11.399678784932,-17.75600280761,3.4));
#6743 = VECTOR('',#6744,1.);
#6744 = DIRECTION('',(-0.,-0.,-1.));
#6745 = DEFINITIONAL_REPRESENTATION('',(#6746),#6750);
#6746 = LINE('',#6747,#6748);
#6747 = CARTESIAN_POINT('',(0.,0.));
#6748 = VECTOR('',#6749,1.);
#6749 = DIRECTION('',(1.,0.));
#6750 = ( GEOMETRIC_REPRESENTATION_CONTEXT(2) 
PARAMETRIC_REPRESENTATION_CONTEXT() REPRESENTATION_CONTEXT('2D SPACE',''
  ) );
#6751 = ORIENTED_EDGE('',*,*,#6752,.T.);
#6752 = EDGE_CURVE('',#6723,#6753,#6755,.T.);
#6753 = VERTEX_POINT('',#6754);
#6754 = CARTESIAN_POINT('',(11.093682691182,-17.85800150553,3.4));
#6755 = SURFACE_CURVE('',#6756,(#6760,#6767),.PCURVE_S1.);
#6756 = B_SPLINE_CURVE_WITH_KNOTS('',2,(#6757,#6758,#6759),
  .UNSPECIFIED.,.F.,.F.,(3,3),(0.,1.),.PIECEWISE_BEZIER_KNOTS.);
#6757 = CARTESIAN_POINT('',(11.399678784932,-17.75600280761,3.4));
#6758 = CARTESIAN_POINT('',(11.211683993265,-17.75600280761,3.4));
#6759 = CARTESIAN_POINT('',(11.093682691182,-17.85800150553,3.4));
#6760 = PCURVE('',#5714,#6761);
#6761 = DEFINITIONAL_REPRESENTATION('',(#6762),#6766);
#6762 = B_SPLINE_CURVE_WITH_KNOTS('',2,(#6763,#6764,#6765),
  .UNSPECIFIED.,.F.,.F.,(3,3),(0.,1.),.PIECEWISE_BEZIER_KNOTS.);
#6763 = CARTESIAN_POINT('',(1.1,2.443997395833));
#6764 = CARTESIAN_POINT('',(0.912005208333,2.443997395833));
#6765 = CARTESIAN_POINT('',(0.79400390625,2.341998697917));
#6766 = ( GEOMETRIC_REPRESENTATION_CONTEXT(2) 
PARAMETRIC_REPRESENTATION_CONTEXT() REPRESENTATION_CONTEXT('2D SPACE',''
  ) );
#6767 = PCURVE('',#6768,#6775);
#6768 = SURFACE_OF_LINEAR_EXTRUSION('',#6769,#6773);
#6769 = B_SPLINE_CURVE_WITH_KNOTS('',2,(#6770,#6771,#6772),
  .UNSPECIFIED.,.F.,.F.,(3,3),(0.,1.),.PIECEWISE_BEZIER_KNOTS.);
#6770 = CARTESIAN_POINT('',(11.399678784932,-17.75600280761,3.4));
#6771 = CARTESIAN_POINT('',(11.211683993265,-17.75600280761,3.4));
#6772 = CARTESIAN_POINT('',(11.093682691182,-17.85800150553,3.4));
#6773 = VECTOR('',#6774,1.);
#6774 = DIRECTION('',(-0.,-0.,-1.));
#6775 = DEFINITIONAL_REPRESENTATION('',(#6776),#6780);
#6776 = LINE('',#6777,#6778);
#6777 = CARTESIAN_POINT('',(0.,0.));
#6778 = VECTOR('',#6779,1.);
#6779 = DIRECTION('',(1.,0.));
#6780 = ( GEOMETRIC_REPRESENTATION_CONTEXT(2) 
PARAMETRIC_REPRESENTATION_CONTEXT() REPRESENTATION_CONTEXT('2D SPACE',''
  ) );
#6781 = ORIENTED_EDGE('',*,*,#6782,.T.);
#6782 = EDGE_CURVE('',#6753,#6783,#6785,.T.);
#6783 = VERTEX_POINT('',#6784);
#6784 = CARTESIAN_POINT('',(10.975681389098,-18.12399759928,3.4));
#6785 = SURFACE_CURVE('',#6786,(#6790,#6797),.PCURVE_S1.);
#6786 = B_SPLINE_CURVE_WITH_KNOTS('',2,(#6787,#6788,#6789),
  .UNSPECIFIED.,.F.,.F.,(3,3),(0.,1.),.PIECEWISE_BEZIER_KNOTS.);
#6787 = CARTESIAN_POINT('',(11.093682691182,-17.85800150553,3.4));
#6788 = CARTESIAN_POINT('',(10.975681389098,-17.96000020345,3.4));
#6789 = CARTESIAN_POINT('',(10.975681389098,-18.12399759928,3.4));
#6790 = PCURVE('',#5714,#6791);
#6791 = DEFINITIONAL_REPRESENTATION('',(#6792),#6796);
#6792 = B_SPLINE_CURVE_WITH_KNOTS('',2,(#6793,#6794,#6795),
  .UNSPECIFIED.,.F.,.F.,(3,3),(0.,1.),.PIECEWISE_BEZIER_KNOTS.);
#6793 = CARTESIAN_POINT('',(0.79400390625,2.341998697917));
#6794 = CARTESIAN_POINT('',(0.676002604167,2.24));
#6795 = CARTESIAN_POINT('',(0.676002604167,2.076002604167));
#6796 = ( GEOMETRIC_REPRESENTATION_CONTEXT(2) 
PARAMETRIC_REPRESENTATION_CONTEXT() REPRESENTATION_CONTEXT('2D SPACE',''
  ) );
#6797 = PCURVE('',#6798,#6805);
#6798 = SURFACE_OF_LINEAR_EXTRUSION('',#6799,#6803);
#6799 = B_SPLINE_CURVE_WITH_KNOTS('',2,(#6800,#6801,#6802),
  .UNSPECIFIED.,.F.,.F.,(3,3),(0.,1.),.PIECEWISE_BEZIER_KNOTS.);
#6800 = CARTESIAN_POINT('',(11.093682691182,-17.85800150553,3.4));
#6801 = CARTESIAN_POINT('',(10.975681389098,-17.96000020345,3.4));
#6802 = CARTESIAN_POINT('',(10.975681389098,-18.12399759928,3.4));
#6803 = VECTOR('',#6804,1.);
#6804 = DIRECTION('',(-0.,-0.,-1.));
#6805 = DEFINITIONAL_REPRESENTATION('',(#6806),#6810);
#6806 = LINE('',#6807,#6808);
#6807 = CARTESIAN_POINT('',(0.,0.));
#6808 = VECTOR('',#6809,1.);
#6809 = DIRECTION('',(1.,0.));
#6810 = ( GEOMETRIC_REPRESENTATION_CONTEXT(2) 
PARAMETRIC_REPRESENTATION_CONTEXT() REPRESENTATION_CONTEXT('2D SPACE',''
  ) );
#6811 = ORIENTED_EDGE('',*,*,#6812,.T.);
#6812 = EDGE_CURVE('',#6783,#6813,#6815,.T.);
#6813 = VERTEX_POINT('',#6814);
#6814 = CARTESIAN_POINT('',(11.093682691182,-18.39399759928,3.4));
#6815 = SURFACE_CURVE('',#6816,(#6820,#6827),.PCURVE_S1.);
#6816 = B_SPLINE_CURVE_WITH_KNOTS('',2,(#6817,#6818,#6819),
  .UNSPECIFIED.,.F.,.F.,(3,3),(0.,1.),.PIECEWISE_BEZIER_KNOTS.);
#6817 = CARTESIAN_POINT('',(10.975681389098,-18.12399759928,3.4));
#6818 = CARTESIAN_POINT('',(10.975681389098,-18.28799499511,3.4));
#6819 = CARTESIAN_POINT('',(11.093682691182,-18.39399759928,3.4));
#6820 = PCURVE('',#5714,#6821);
#6821 = DEFINITIONAL_REPRESENTATION('',(#6822),#6826);
#6822 = B_SPLINE_CURVE_WITH_KNOTS('',2,(#6823,#6824,#6825),
  .UNSPECIFIED.,.F.,.F.,(3,3),(0.,1.),.PIECEWISE_BEZIER_KNOTS.);
#6823 = CARTESIAN_POINT('',(0.676002604167,2.076002604167));
#6824 = CARTESIAN_POINT('',(0.676002604167,1.912005208333));
#6825 = CARTESIAN_POINT('',(0.79400390625,1.806002604167));
#6826 = ( GEOMETRIC_REPRESENTATION_CONTEXT(2) 
PARAMETRIC_REPRESENTATION_CONTEXT() REPRESENTATION_CONTEXT('2D SPACE',''
  ) );
#6827 = PCURVE('',#6828,#6835);
#6828 = SURFACE_OF_LINEAR_EXTRUSION('',#6829,#6833);
#6829 = B_SPLINE_CURVE_WITH_KNOTS('',2,(#6830,#6831,#6832),
  .UNSPECIFIED.,.F.,.F.,(3,3),(0.,1.),.PIECEWISE_BEZIER_KNOTS.);
#6830 = CARTESIAN_POINT('',(10.975681389098,-18.12399759928,3.4));
#6831 = CARTESIAN_POINT('',(10.975681389098,-18.28799499511,3.4));
#6832 = CARTESIAN_POINT('',(11.093682691182,-18.39399759928,3.4));
#6833 = VECTOR('',#6834,1.);
#6834 = DIRECTION('',(-0.,-0.,-1.));
#6835 = DEFINITIONAL_REPRESENTATION('',(#6836),#6840);
#6836 = LINE('',#6837,#6838);
#6837 = CARTESIAN_POINT('',(0.,0.));
#6838 = VECTOR('',#6839,1.);
#6839 = DIRECTION('',(1.,0.));
#6840 = ( GEOMETRIC_REPRESENTATION_CONTEXT(2) 
PARAMETRIC_REPRESENTATION_CONTEXT() REPRESENTATION_CONTEXT('2D SPACE',''
  ) );
#6841 = ORIENTED_EDGE('',*,*,#6842,.T.);
#6842 = EDGE_CURVE('',#6813,#6843,#6845,.T.);
#6843 = VERTEX_POINT('',#6844);
#6844 = CARTESIAN_POINT('',(11.399678784932,-18.50000020345,3.4));
#6845 = SURFACE_CURVE('',#6846,(#6850,#6857),.PCURVE_S1.);
#6846 = B_SPLINE_CURVE_WITH_KNOTS('',2,(#6847,#6848,#6849),
  .UNSPECIFIED.,.F.,.F.,(3,3),(0.,1.),.PIECEWISE_BEZIER_KNOTS.);
#6847 = CARTESIAN_POINT('',(11.093682691182,-18.39399759928,3.4));
#6848 = CARTESIAN_POINT('',(11.211683993265,-18.50000020345,3.4));
#6849 = CARTESIAN_POINT('',(11.399678784932,-18.50000020345,3.4));
#6850 = PCURVE('',#5714,#6851);
#6851 = DEFINITIONAL_REPRESENTATION('',(#6852),#6856);
#6852 = B_SPLINE_CURVE_WITH_KNOTS('',2,(#6853,#6854,#6855),
  .UNSPECIFIED.,.F.,.F.,(3,3),(0.,1.),.PIECEWISE_BEZIER_KNOTS.);
#6853 = CARTESIAN_POINT('',(0.79400390625,1.806002604167));
#6854 = CARTESIAN_POINT('',(0.912005208333,1.7));
#6855 = CARTESIAN_POINT('',(1.1,1.7));
#6856 = ( GEOMETRIC_REPRESENTATION_CONTEXT(2) 
PARAMETRIC_REPRESENTATION_CONTEXT() REPRESENTATION_CONTEXT('2D SPACE',''
  ) );
#6857 = PCURVE('',#6858,#6865);
#6858 = SURFACE_OF_LINEAR_EXTRUSION('',#6859,#6863);
#6859 = B_SPLINE_CURVE_WITH_KNOTS('',2,(#6860,#6861,#6862),
  .UNSPECIFIED.,.F.,.F.,(3,3),(0.,1.),.PIECEWISE_BEZIER_KNOTS.);
#6860 = CARTESIAN_POINT('',(11.093682691182,-18.39399759928,3.4));
#6861 = CARTESIAN_POINT('',(11.211683993265,-18.50000020345,3.4));
#6862 = CARTESIAN_POINT('',(11.399678784932,-18.50000020345,3.4));
#6863 = VECTOR('',#6864,1.);
#6864 = DIRECTION('',(-0.,-0.,-1.));
#6865 = DEFINITIONAL_REPRESENTATION('',(#6866),#6870);
#6866 = LINE('',#6867,#6868);
#6867 = CARTESIAN_POINT('',(0.,0.));
#6868 = VECTOR('',#6869,1.);
#6869 = DIRECTION('',(1.,0.));
#6870 = ( GEOMETRIC_REPRESENTATION_CONTEXT(2) 
PARAMETRIC_REPRESENTATION_CONTEXT() REPRESENTATION_CONTEXT('2D SPACE',''
  ) );
#6871 = ORIENTED_EDGE('',*,*,#6872,.T.);
#6872 = EDGE_CURVE('',#6843,#6873,#6875,.T.);
#6873 = VERTEX_POINT('',#6874);
#6874 = CARTESIAN_POINT('',(11.701677482848,-18.39600280761,3.4));
#6875 = SURFACE_CURVE('',#6876,(#6880,#6887),.PCURVE_S1.);
#6876 = B_SPLINE_CURVE_WITH_KNOTS('',2,(#6877,#6878,#6879),
  .UNSPECIFIED.,.F.,.F.,(3,3),(0.,1.),.PIECEWISE_BEZIER_KNOTS.);
#6877 = CARTESIAN_POINT('',(11.399678784932,-18.50000020345,3.4));
#6878 = CARTESIAN_POINT('',(11.583676180765,-18.50000020345,3.4));
#6879 = CARTESIAN_POINT('',(11.701677482848,-18.39600280761,3.4));
#6880 = PCURVE('',#5714,#6881);
#6881 = DEFINITIONAL_REPRESENTATION('',(#6882),#6886);
#6882 = B_SPLINE_CURVE_WITH_KNOTS('',2,(#6883,#6884,#6885),
  .UNSPECIFIED.,.F.,.F.,(3,3),(0.,1.),.PIECEWISE_BEZIER_KNOTS.);
#6883 = CARTESIAN_POINT('',(1.1,1.7));
#6884 = CARTESIAN_POINT('',(1.283997395833,1.7));
#6885 = CARTESIAN_POINT('',(1.401998697917,1.803997395833));
#6886 = ( GEOMETRIC_REPRESENTATION_CONTEXT(2) 
PARAMETRIC_REPRESENTATION_CONTEXT() REPRESENTATION_CONTEXT('2D SPACE',''
  ) );
#6887 = PCURVE('',#6888,#6895);
#6888 = SURFACE_OF_LINEAR_EXTRUSION('',#6889,#6893);
#6889 = B_SPLINE_CURVE_WITH_KNOTS('',2,(#6890,#6891,#6892),
  .UNSPECIFIED.,.F.,.F.,(3,3),(0.,1.),.PIECEWISE_BEZIER_KNOTS.);
#6890 = CARTESIAN_POINT('',(11.399678784932,-18.50000020345,3.4));
#6891 = CARTESIAN_POINT('',(11.583676180765,-18.50000020345,3.4));
#6892 = CARTESIAN_POINT('',(11.701677482848,-18.39600280761,3.4));
#6893 = VECTOR('',#6894,1.);
#6894 = DIRECTION('',(-0.,-0.,-1.));
#6895 = DEFINITIONAL_REPRESENTATION('',(#6896),#6900);
#6896 = LINE('',#6897,#6898);
#6897 = CARTESIAN_POINT('',(0.,0.));
#6898 = VECTOR('',#6899,1.);
#6899 = DIRECTION('',(1.,0.));
#6900 = ( GEOMETRIC_REPRESENTATION_CONTEXT(2) 
PARAMETRIC_REPRESENTATION_CONTEXT() REPRESENTATION_CONTEXT('2D SPACE',''
  ) );
#6901 = ORIENTED_EDGE('',*,*,#6902,.T.);
#6902 = EDGE_CURVE('',#6873,#6903,#6905,.T.);
#6903 = VERTEX_POINT('',#6904);
#6904 = CARTESIAN_POINT('',(11.819678784932,-18.12800150553,3.4));
#6905 = SURFACE_CURVE('',#6906,(#6910,#6917),.PCURVE_S1.);
#6906 = B_SPLINE_CURVE_WITH_KNOTS('',2,(#6907,#6908,#6909),
  .UNSPECIFIED.,.F.,.F.,(3,3),(0.,1.),.PIECEWISE_BEZIER_KNOTS.);
#6907 = CARTESIAN_POINT('',(11.701677482848,-18.39600280761,3.4));
#6908 = CARTESIAN_POINT('',(11.819678784932,-18.29200541178,3.4));
#6909 = CARTESIAN_POINT('',(11.819678784932,-18.12800150553,3.4));
#6910 = PCURVE('',#5714,#6911);
#6911 = DEFINITIONAL_REPRESENTATION('',(#6912),#6916);
#6912 = B_SPLINE_CURVE_WITH_KNOTS('',2,(#6913,#6914,#6915),
  .UNSPECIFIED.,.F.,.F.,(3,3),(0.,1.),.PIECEWISE_BEZIER_KNOTS.);
#6913 = CARTESIAN_POINT('',(1.401998697917,1.803997395833));
#6914 = CARTESIAN_POINT('',(1.52,1.907994791667));
#6915 = CARTESIAN_POINT('',(1.52,2.071998697917));
#6916 = ( GEOMETRIC_REPRESENTATION_CONTEXT(2) 
PARAMETRIC_REPRESENTATION_CONTEXT() REPRESENTATION_CONTEXT('2D SPACE',''
  ) );
#6917 = PCURVE('',#6918,#6925);
#6918 = SURFACE_OF_LINEAR_EXTRUSION('',#6919,#6923);
#6919 = B_SPLINE_CURVE_WITH_KNOTS('',2,(#6920,#6921,#6922),
  .UNSPECIFIED.,.F.,.F.,(3,3),(0.,1.),.PIECEWISE_BEZIER_KNOTS.);
#6920 = CARTESIAN_POINT('',(11.701677482848,-18.39600280761,3.4));
#6921 = CARTESIAN_POINT('',(11.819678784932,-18.29200541178,3.4));
#6922 = CARTESIAN_POINT('',(11.819678784932,-18.12800150553,3.4));
#6923 = VECTOR('',#6924,1.);
#6924 = DIRECTION('',(-0.,-0.,-1.));
#6925 = DEFINITIONAL_REPRESENTATION('',(#6926),#6930);
#6926 = LINE('',#6927,#6928);
#6927 = CARTESIAN_POINT('',(0.,0.));
#6928 = VECTOR('',#6929,1.);
#6929 = DIRECTION('',(1.,0.));
#6930 = ( GEOMETRIC_REPRESENTATION_CONTEXT(2) 
PARAMETRIC_REPRESENTATION_CONTEXT() REPRESENTATION_CONTEXT('2D SPACE',''
  ) );
#6931 = ORIENTED_EDGE('',*,*,#6932,.T.);
#6932 = EDGE_CURVE('',#6903,#6721,#6933,.T.);
#6933 = SURFACE_CURVE('',#6934,(#6938,#6945),.PCURVE_S1.);
#6934 = B_SPLINE_CURVE_WITH_KNOTS('',2,(#6935,#6936,#6937),
  .UNSPECIFIED.,.F.,.F.,(3,3),(0.,1.),.PIECEWISE_BEZIER_KNOTS.);
#6935 = CARTESIAN_POINT('',(11.819678784932,-18.12800150553,3.4));
#6936 = CARTESIAN_POINT('',(11.819678784932,-17.96399759928,3.4));
#6937 = CARTESIAN_POINT('',(11.703676180765,-17.86000020345,3.4));
#6938 = PCURVE('',#5714,#6939);
#6939 = DEFINITIONAL_REPRESENTATION('',(#6940),#6944);
#6940 = B_SPLINE_CURVE_WITH_KNOTS('',2,(#6941,#6942,#6943),
  .UNSPECIFIED.,.F.,.F.,(3,3),(0.,1.),.PIECEWISE_BEZIER_KNOTS.);
#6941 = CARTESIAN_POINT('',(1.52,2.071998697917));
#6942 = CARTESIAN_POINT('',(1.52,2.236002604167));
#6943 = CARTESIAN_POINT('',(1.403997395833,2.34));
#6944 = ( GEOMETRIC_REPRESENTATION_CONTEXT(2) 
PARAMETRIC_REPRESENTATION_CONTEXT() REPRESENTATION_CONTEXT('2D SPACE',''
  ) );
#6945 = PCURVE('',#6946,#6953);
#6946 = SURFACE_OF_LINEAR_EXTRUSION('',#6947,#6951);
#6947 = B_SPLINE_CURVE_WITH_KNOTS('',2,(#6948,#6949,#6950),
  .UNSPECIFIED.,.F.,.F.,(3,3),(0.,1.),.PIECEWISE_BEZIER_KNOTS.);
#6948 = CARTESIAN_POINT('',(11.819678784932,-18.12800150553,3.4));
#6949 = CARTESIAN_POINT('',(11.819678784932,-17.96399759928,3.4));
#6950 = CARTESIAN_POINT('',(11.703676180765,-17.86000020345,3.4));
#6951 = VECTOR('',#6952,1.);
#6952 = DIRECTION('',(-0.,-0.,-1.));
#6953 = DEFINITIONAL_REPRESENTATION('',(#6954),#6958);
#6954 = LINE('',#6955,#6956);
#6955 = CARTESIAN_POINT('',(0.,0.));
#6956 = VECTOR('',#6957,1.);
#6957 = DIRECTION('',(1.,0.));
#6958 = ( GEOMETRIC_REPRESENTATION_CONTEXT(2) 
PARAMETRIC_REPRESENTATION_CONTEXT() REPRESENTATION_CONTEXT('2D SPACE',''
  ) );
#6959 = FACE_BOUND('',#6960,.F.);
#6960 = EDGE_LOOP('',(#6961,#6993,#7023,#7053,#7083,#7113,#7143,#7173));
#6961 = ORIENTED_EDGE('',*,*,#6962,.T.);
#6962 = EDGE_CURVE('',#6963,#6965,#6967,.T.);
#6963 = VERTEX_POINT('',#6964);
#6964 = CARTESIAN_POINT('',(11.391683993265,-18.88000020345,3.4));
#6965 = VERTEX_POINT('',#6966);
#6966 = CARTESIAN_POINT('',(11.069678784932,-19.00800150553,3.4));
#6967 = SURFACE_CURVE('',#6968,(#6972,#6979),.PCURVE_S1.);
#6968 = B_SPLINE_CURVE_WITH_KNOTS('',2,(#6969,#6970,#6971),
  .UNSPECIFIED.,.F.,.F.,(3,3),(0.,1.),.PIECEWISE_BEZIER_KNOTS.);
#6969 = CARTESIAN_POINT('',(11.391683993265,-18.88000020345,3.4));
#6970 = CARTESIAN_POINT('',(11.191683993265,-18.88000020345,3.4));
#6971 = CARTESIAN_POINT('',(11.069678784932,-19.00800150553,3.4));
#6972 = PCURVE('',#5714,#6973);
#6973 = DEFINITIONAL_REPRESENTATION('',(#6974),#6978);
#6974 = B_SPLINE_CURVE_WITH_KNOTS('',2,(#6975,#6976,#6977),
  .UNSPECIFIED.,.F.,.F.,(3,3),(0.,1.),.PIECEWISE_BEZIER_KNOTS.);
#6975 = CARTESIAN_POINT('',(1.092005208333,1.32));
#6976 = CARTESIAN_POINT('',(0.892005208333,1.32));
#6977 = CARTESIAN_POINT('',(0.77,1.191998697917));
#6978 = ( GEOMETRIC_REPRESENTATION_CONTEXT(2) 
PARAMETRIC_REPRESENTATION_CONTEXT() REPRESENTATION_CONTEXT('2D SPACE',''
  ) );
#6979 = PCURVE('',#6980,#6987);
#6980 = SURFACE_OF_LINEAR_EXTRUSION('',#6981,#6985);
#6981 = B_SPLINE_CURVE_WITH_KNOTS('',2,(#6982,#6983,#6984),
  .UNSPECIFIED.,.F.,.F.,(3,3),(0.,1.),.PIECEWISE_BEZIER_KNOTS.);
#6982 = CARTESIAN_POINT('',(11.391683993265,-18.88000020345,3.4));
#6983 = CARTESIAN_POINT('',(11.191683993265,-18.88000020345,3.4));
#6984 = CARTESIAN_POINT('',(11.069678784932,-19.00800150553,3.4));
#6985 = VECTOR('',#6986,1.);
#6986 = DIRECTION('',(-0.,-0.,-1.));
#6987 = DEFINITIONAL_REPRESENTATION('',(#6988),#6992);
#6988 = LINE('',#6989,#6990);
#6989 = CARTESIAN_POINT('',(0.,0.));
#6990 = VECTOR('',#6991,1.);
#6991 = DIRECTION('',(1.,0.));
#6992 = ( GEOMETRIC_REPRESENTATION_CONTEXT(2) 
PARAMETRIC_REPRESENTATION_CONTEXT() REPRESENTATION_CONTEXT('2D SPACE',''
  ) );
#6993 = ORIENTED_EDGE('',*,*,#6994,.T.);
#6994 = EDGE_CURVE('',#6965,#6995,#6997,.T.);
#6995 = VERTEX_POINT('',#6996);
#6996 = CARTESIAN_POINT('',(10.947673576598,-19.35200541178,3.4));
#6997 = SURFACE_CURVE('',#6998,(#7002,#7009),.PCURVE_S1.);
#6998 = B_SPLINE_CURVE_WITH_KNOTS('',2,(#6999,#7000,#7001),
  .UNSPECIFIED.,.F.,.F.,(3,3),(0.,1.),.PIECEWISE_BEZIER_KNOTS.);
#6999 = CARTESIAN_POINT('',(11.069678784932,-19.00800150553,3.4));
#7000 = CARTESIAN_POINT('',(10.947673576598,-19.13600280761,3.4));
#7001 = CARTESIAN_POINT('',(10.947673576598,-19.35200541178,3.4));
#7002 = PCURVE('',#5714,#7003);
#7003 = DEFINITIONAL_REPRESENTATION('',(#7004),#7008);
#7004 = B_SPLINE_CURVE_WITH_KNOTS('',2,(#7005,#7006,#7007),
  .UNSPECIFIED.,.F.,.F.,(3,3),(0.,1.),.PIECEWISE_BEZIER_KNOTS.);
#7005 = CARTESIAN_POINT('',(0.77,1.191998697917));
#7006 = CARTESIAN_POINT('',(0.647994791667,1.063997395833));
#7007 = CARTESIAN_POINT('',(0.647994791667,0.847994791667));
#7008 = ( GEOMETRIC_REPRESENTATION_CONTEXT(2) 
PARAMETRIC_REPRESENTATION_CONTEXT() REPRESENTATION_CONTEXT('2D SPACE',''
  ) );
#7009 = PCURVE('',#7010,#7017);
#7010 = SURFACE_OF_LINEAR_EXTRUSION('',#7011,#7015);
#7011 = B_SPLINE_CURVE_WITH_KNOTS('',2,(#7012,#7013,#7014),
  .UNSPECIFIED.,.F.,.F.,(3,3),(0.,1.),.PIECEWISE_BEZIER_KNOTS.);
#7012 = CARTESIAN_POINT('',(11.069678784932,-19.00800150553,3.4));
#7013 = CARTESIAN_POINT('',(10.947673576598,-19.13600280761,3.4));
#7014 = CARTESIAN_POINT('',(10.947673576598,-19.35200541178,3.4));
#7015 = VECTOR('',#7016,1.);
#7016 = DIRECTION('',(-0.,-0.,-1.));
#7017 = DEFINITIONAL_REPRESENTATION('',(#7018),#7022);
#7018 = LINE('',#7019,#7020);
#7019 = CARTESIAN_POINT('',(0.,0.));
#7020 = VECTOR('',#7021,1.);
#7021 = DIRECTION('',(1.,0.));
#7022 = ( GEOMETRIC_REPRESENTATION_CONTEXT(2) 
PARAMETRIC_REPRESENTATION_CONTEXT() REPRESENTATION_CONTEXT('2D SPACE',''
  ) );
#7023 = ORIENTED_EDGE('',*,*,#7024,.T.);
#7024 = EDGE_CURVE('',#6995,#7025,#7027,.T.);
#7025 = VERTEX_POINT('',#7026);
#7026 = CARTESIAN_POINT('',(11.067673576598,-19.68800150553,3.4));
#7027 = SURFACE_CURVE('',#7028,(#7032,#7039),.PCURVE_S1.);
#7028 = B_SPLINE_CURVE_WITH_KNOTS('',2,(#7029,#7030,#7031),
  .UNSPECIFIED.,.F.,.F.,(3,3),(0.,1.),.PIECEWISE_BEZIER_KNOTS.);
#7029 = CARTESIAN_POINT('',(10.947673576598,-19.35200541178,3.4));
#7030 = CARTESIAN_POINT('',(10.947673576598,-19.56399759928,3.4));
#7031 = CARTESIAN_POINT('',(11.067673576598,-19.68800150553,3.4));
#7032 = PCURVE('',#5714,#7033);
#7033 = DEFINITIONAL_REPRESENTATION('',(#7034),#7038);
#7034 = B_SPLINE_CURVE_WITH_KNOTS('',2,(#7035,#7036,#7037),
  .UNSPECIFIED.,.F.,.F.,(3,3),(0.,1.),.PIECEWISE_BEZIER_KNOTS.);
#7035 = CARTESIAN_POINT('',(0.647994791667,0.847994791667));
#7036 = CARTESIAN_POINT('',(0.647994791667,0.636002604167));
#7037 = CARTESIAN_POINT('',(0.767994791667,0.511998697917));
#7038 = ( GEOMETRIC_REPRESENTATION_CONTEXT(2) 
PARAMETRIC_REPRESENTATION_CONTEXT() REPRESENTATION_CONTEXT('2D SPACE',''
  ) );
#7039 = PCURVE('',#7040,#7047);
#7040 = SURFACE_OF_LINEAR_EXTRUSION('',#7041,#7045);
#7041 = B_SPLINE_CURVE_WITH_KNOTS('',2,(#7042,#7043,#7044),
  .UNSPECIFIED.,.F.,.F.,(3,3),(0.,1.),.PIECEWISE_BEZIER_KNOTS.);
#7042 = CARTESIAN_POINT('',(10.947673576598,-19.35200541178,3.4));
#7043 = CARTESIAN_POINT('',(10.947673576598,-19.56399759928,3.4));
#7044 = CARTESIAN_POINT('',(11.067673576598,-19.68800150553,3.4));
#7045 = VECTOR('',#7046,1.);
#7046 = DIRECTION('',(-0.,-0.,-1.));
#7047 = DEFINITIONAL_REPRESENTATION('',(#7048),#7052);
#7048 = LINE('',#7049,#7050);
#7049 = CARTESIAN_POINT('',(0.,0.));
#7050 = VECTOR('',#7051,1.);
#7051 = DIRECTION('',(1.,0.));
#7052 = ( GEOMETRIC_REPRESENTATION_CONTEXT(2) 
PARAMETRIC_REPRESENTATION_CONTEXT() REPRESENTATION_CONTEXT('2D SPACE',''
  ) );
#7053 = ORIENTED_EDGE('',*,*,#7054,.T.);
#7054 = EDGE_CURVE('',#7025,#7055,#7057,.T.);
#7055 = VERTEX_POINT('',#7056);
#7056 = CARTESIAN_POINT('',(11.391677482848,-19.81200541178,3.4));
#7057 = SURFACE_CURVE('',#7058,(#7062,#7069),.PCURVE_S1.);
#7058 = B_SPLINE_CURVE_WITH_KNOTS('',2,(#7059,#7060,#7061),
  .UNSPECIFIED.,.F.,.F.,(3,3),(0.,1.),.PIECEWISE_BEZIER_KNOTS.);
#7059 = CARTESIAN_POINT('',(11.067673576598,-19.68800150553,3.4));
#7060 = CARTESIAN_POINT('',(11.187673576598,-19.81200541178,3.4));
#7061 = CARTESIAN_POINT('',(11.391677482848,-19.81200541178,3.4));
#7062 = PCURVE('',#5714,#7063);
#7063 = DEFINITIONAL_REPRESENTATION('',(#7064),#7068);
#7064 = B_SPLINE_CURVE_WITH_KNOTS('',2,(#7065,#7066,#7067),
  .UNSPECIFIED.,.F.,.F.,(3,3),(0.,1.),.PIECEWISE_BEZIER_KNOTS.);
#7065 = CARTESIAN_POINT('',(0.767994791667,0.511998697917));
#7066 = CARTESIAN_POINT('',(0.887994791667,0.387994791667));
#7067 = CARTESIAN_POINT('',(1.091998697917,0.387994791667));
#7068 = ( GEOMETRIC_REPRESENTATION_CONTEXT(2) 
PARAMETRIC_REPRESENTATION_CONTEXT() REPRESENTATION_CONTEXT('2D SPACE',''
  ) );
#7069 = PCURVE('',#7070,#7077);
#7070 = SURFACE_OF_LINEAR_EXTRUSION('',#7071,#7075);
#7071 = B_SPLINE_CURVE_WITH_KNOTS('',2,(#7072,#7073,#7074),
  .UNSPECIFIED.,.F.,.F.,(3,3),(0.,1.),.PIECEWISE_BEZIER_KNOTS.);
#7072 = CARTESIAN_POINT('',(11.067673576598,-19.68800150553,3.4));
#7073 = CARTESIAN_POINT('',(11.187673576598,-19.81200541178,3.4));
#7074 = CARTESIAN_POINT('',(11.391677482848,-19.81200541178,3.4));
#7075 = VECTOR('',#7076,1.);
#7076 = DIRECTION('',(-0.,-0.,-1.));
#7077 = DEFINITIONAL_REPRESENTATION('',(#7078),#7082);
#7078 = LINE('',#7079,#7080);
#7079 = CARTESIAN_POINT('',(0.,0.));
#7080 = VECTOR('',#7081,1.);
#7081 = DIRECTION('',(1.,0.));
#7082 = ( GEOMETRIC_REPRESENTATION_CONTEXT(2) 
PARAMETRIC_REPRESENTATION_CONTEXT() REPRESENTATION_CONTEXT('2D SPACE',''
  ) );
#7083 = ORIENTED_EDGE('',*,*,#7084,.T.);
#7084 = EDGE_CURVE('',#7055,#7085,#7087,.T.);
#7085 = VERTEX_POINT('',#7086);
#7086 = CARTESIAN_POINT('',(11.717680087015,-19.68800150553,3.4));
#7087 = SURFACE_CURVE('',#7088,(#7092,#7099),.PCURVE_S1.);
#7088 = B_SPLINE_CURVE_WITH_KNOTS('',2,(#7089,#7090,#7091),
  .UNSPECIFIED.,.F.,.F.,(3,3),(0.,1.),.PIECEWISE_BEZIER_KNOTS.);
#7089 = CARTESIAN_POINT('',(11.391677482848,-19.81200541178,3.4));
#7090 = CARTESIAN_POINT('',(11.595681389098,-19.81200541178,3.4));
#7091 = CARTESIAN_POINT('',(11.717680087015,-19.68800150553,3.4));
#7092 = PCURVE('',#5714,#7093);
#7093 = DEFINITIONAL_REPRESENTATION('',(#7094),#7098);
#7094 = B_SPLINE_CURVE_WITH_KNOTS('',2,(#7095,#7096,#7097),
  .UNSPECIFIED.,.F.,.F.,(3,3),(0.,1.),.PIECEWISE_BEZIER_KNOTS.);
#7095 = CARTESIAN_POINT('',(1.091998697917,0.387994791667));
#7096 = CARTESIAN_POINT('',(1.296002604167,0.387994791667));
#7097 = CARTESIAN_POINT('',(1.418001302083,0.511998697917));
#7098 = ( GEOMETRIC_REPRESENTATION_CONTEXT(2) 
PARAMETRIC_REPRESENTATION_CONTEXT() REPRESENTATION_CONTEXT('2D SPACE',''
  ) );
#7099 = PCURVE('',#7100,#7107);
#7100 = SURFACE_OF_LINEAR_EXTRUSION('',#7101,#7105);
#7101 = B_SPLINE_CURVE_WITH_KNOTS('',2,(#7102,#7103,#7104),
  .UNSPECIFIED.,.F.,.F.,(3,3),(0.,1.),.PIECEWISE_BEZIER_KNOTS.);
#7102 = CARTESIAN_POINT('',(11.391677482848,-19.81200541178,3.4));
#7103 = CARTESIAN_POINT('',(11.595681389098,-19.81200541178,3.4));
#7104 = CARTESIAN_POINT('',(11.717680087015,-19.68800150553,3.4));
#7105 = VECTOR('',#7106,1.);
#7106 = DIRECTION('',(-0.,-0.,-1.));
#7107 = DEFINITIONAL_REPRESENTATION('',(#7108),#7112);
#7108 = LINE('',#7109,#7110);
#7109 = CARTESIAN_POINT('',(0.,0.));
#7110 = VECTOR('',#7111,1.);
#7111 = DIRECTION('',(1.,0.));
#7112 = ( GEOMETRIC_REPRESENTATION_CONTEXT(2) 
PARAMETRIC_REPRESENTATION_CONTEXT() REPRESENTATION_CONTEXT('2D SPACE',''
  ) );
#7113 = ORIENTED_EDGE('',*,*,#7114,.T.);
#7114 = EDGE_CURVE('',#7085,#7115,#7117,.T.);
#7115 = VERTEX_POINT('',#7116);
#7116 = CARTESIAN_POINT('',(11.839678784932,-19.36000020345,3.4));
#7117 = SURFACE_CURVE('',#7118,(#7122,#7129),.PCURVE_S1.);
#7118 = B_SPLINE_CURVE_WITH_KNOTS('',2,(#7119,#7120,#7121),
  .UNSPECIFIED.,.F.,.F.,(3,3),(0.,1.),.PIECEWISE_BEZIER_KNOTS.);
#7119 = CARTESIAN_POINT('',(11.717680087015,-19.68800150553,3.4));
#7120 = CARTESIAN_POINT('',(11.839678784932,-19.56399759928,3.4));
#7121 = CARTESIAN_POINT('',(11.839678784932,-19.36000020345,3.4));
#7122 = PCURVE('',#5714,#7123);
#7123 = DEFINITIONAL_REPRESENTATION('',(#7124),#7128);
#7124 = B_SPLINE_CURVE_WITH_KNOTS('',2,(#7125,#7126,#7127),
  .UNSPECIFIED.,.F.,.F.,(3,3),(0.,1.),.PIECEWISE_BEZIER_KNOTS.);
#7125 = CARTESIAN_POINT('',(1.418001302083,0.511998697917));
#7126 = CARTESIAN_POINT('',(1.54,0.636002604167));
#7127 = CARTESIAN_POINT('',(1.54,0.84));
#7128 = ( GEOMETRIC_REPRESENTATION_CONTEXT(2) 
PARAMETRIC_REPRESENTATION_CONTEXT() REPRESENTATION_CONTEXT('2D SPACE',''
  ) );
#7129 = PCURVE('',#7130,#7137);
#7130 = SURFACE_OF_LINEAR_EXTRUSION('',#7131,#7135);
#7131 = B_SPLINE_CURVE_WITH_KNOTS('',2,(#7132,#7133,#7134),
  .UNSPECIFIED.,.F.,.F.,(3,3),(0.,1.),.PIECEWISE_BEZIER_KNOTS.);
#7132 = CARTESIAN_POINT('',(11.717680087015,-19.68800150553,3.4));
#7133 = CARTESIAN_POINT('',(11.839678784932,-19.56399759928,3.4));
#7134 = CARTESIAN_POINT('',(11.839678784932,-19.36000020345,3.4));
#7135 = VECTOR('',#7136,1.);
#7136 = DIRECTION('',(-0.,-0.,-1.));
#7137 = DEFINITIONAL_REPRESENTATION('',(#7138),#7142);
#7138 = LINE('',#7139,#7140);
#7139 = CARTESIAN_POINT('',(0.,0.));
#7140 = VECTOR('',#7141,1.);
#7141 = DIRECTION('',(1.,0.));
#7142 = ( GEOMETRIC_REPRESENTATION_CONTEXT(2) 
PARAMETRIC_REPRESENTATION_CONTEXT() REPRESENTATION_CONTEXT('2D SPACE',''
  ) );
#7143 = ORIENTED_EDGE('',*,*,#7144,.T.);
#7144 = EDGE_CURVE('',#7115,#7145,#7147,.T.);
#7145 = VERTEX_POINT('',#7146);
#7146 = CARTESIAN_POINT('',(11.719678784932,-19.01000020345,3.4));
#7147 = SURFACE_CURVE('',#7148,(#7152,#7159),.PCURVE_S1.);
#7148 = B_SPLINE_CURVE_WITH_KNOTS('',2,(#7149,#7150,#7151),
  .UNSPECIFIED.,.F.,.F.,(3,3),(0.,1.),.PIECEWISE_BEZIER_KNOTS.);
#7149 = CARTESIAN_POINT('',(11.839678784932,-19.36000020345,3.4));
#7150 = CARTESIAN_POINT('',(11.839678784932,-19.14000020345,3.4));
#7151 = CARTESIAN_POINT('',(11.719678784932,-19.01000020345,3.4));
#7152 = PCURVE('',#5714,#7153);
#7153 = DEFINITIONAL_REPRESENTATION('',(#7154),#7158);
#7154 = B_SPLINE_CURVE_WITH_KNOTS('',2,(#7155,#7156,#7157),
  .UNSPECIFIED.,.F.,.F.,(3,3),(0.,1.),.PIECEWISE_BEZIER_KNOTS.);
#7155 = CARTESIAN_POINT('',(1.54,0.84));
#7156 = CARTESIAN_POINT('',(1.54,1.06));
#7157 = CARTESIAN_POINT('',(1.42,1.19));
#7158 = ( GEOMETRIC_REPRESENTATION_CONTEXT(2) 
PARAMETRIC_REPRESENTATION_CONTEXT() REPRESENTATION_CONTEXT('2D SPACE',''
  ) );
#7159 = PCURVE('',#7160,#7167);
#7160 = SURFACE_OF_LINEAR_EXTRUSION('',#7161,#7165);
#7161 = B_SPLINE_CURVE_WITH_KNOTS('',2,(#7162,#7163,#7164),
  .UNSPECIFIED.,.F.,.F.,(3,3),(0.,1.),.PIECEWISE_BEZIER_KNOTS.);
#7162 = CARTESIAN_POINT('',(11.839678784932,-19.36000020345,3.4));
#7163 = CARTESIAN_POINT('',(11.839678784932,-19.14000020345,3.4));
#7164 = CARTESIAN_POINT('',(11.719678784932,-19.01000020345,3.4));
#7165 = VECTOR('',#7166,1.);
#7166 = DIRECTION('',(-0.,-0.,-1.));
#7167 = DEFINITIONAL_REPRESENTATION('',(#7168),#7172);
#7168 = LINE('',#7169,#7170);
#7169 = CARTESIAN_POINT('',(0.,0.));
#7170 = VECTOR('',#7171,1.);
#7171 = DIRECTION('',(1.,0.));
#7172 = ( GEOMETRIC_REPRESENTATION_CONTEXT(2) 
PARAMETRIC_REPRESENTATION_CONTEXT() REPRESENTATION_CONTEXT('2D SPACE',''
  ) );
#7173 = ORIENTED_EDGE('',*,*,#7174,.T.);
#7174 = EDGE_CURVE('',#7145,#6963,#7175,.T.);
#7175 = SURFACE_CURVE('',#7176,(#7180,#7187),.PCURVE_S1.);
#7176 = B_SPLINE_CURVE_WITH_KNOTS('',2,(#7177,#7178,#7179),
  .UNSPECIFIED.,.F.,.F.,(3,3),(0.,1.),.PIECEWISE_BEZIER_KNOTS.);
#7177 = CARTESIAN_POINT('',(11.719678784932,-19.01000020345,3.4));
#7178 = CARTESIAN_POINT('',(11.599678784932,-18.88000020345,3.4));
#7179 = CARTESIAN_POINT('',(11.391683993265,-18.88000020345,3.4));
#7180 = PCURVE('',#5714,#7181);
#7181 = DEFINITIONAL_REPRESENTATION('',(#7182),#7186);
#7182 = B_SPLINE_CURVE_WITH_KNOTS('',2,(#7183,#7184,#7185),
  .UNSPECIFIED.,.F.,.F.,(3,3),(0.,1.),.PIECEWISE_BEZIER_KNOTS.);
#7183 = CARTESIAN_POINT('',(1.42,1.19));
#7184 = CARTESIAN_POINT('',(1.3,1.32));
#7185 = CARTESIAN_POINT('',(1.092005208333,1.32));
#7186 = ( GEOMETRIC_REPRESENTATION_CONTEXT(2) 
PARAMETRIC_REPRESENTATION_CONTEXT() REPRESENTATION_CONTEXT('2D SPACE',''
  ) );
#7187 = PCURVE('',#7188,#7195);
#7188 = SURFACE_OF_LINEAR_EXTRUSION('',#7189,#7193);
#7189 = B_SPLINE_CURVE_WITH_KNOTS('',2,(#7190,#7191,#7192),
  .UNSPECIFIED.,.F.,.F.,(3,3),(0.,1.),.PIECEWISE_BEZIER_KNOTS.);
#7190 = CARTESIAN_POINT('',(11.719678784932,-19.01000020345,3.4));
#7191 = CARTESIAN_POINT('',(11.599678784932,-18.88000020345,3.4));
#7192 = CARTESIAN_POINT('',(11.391683993265,-18.88000020345,3.4));
#7193 = VECTOR('',#7194,1.);
#7194 = DIRECTION('',(-0.,-0.,-1.));
#7195 = DEFINITIONAL_REPRESENTATION('',(#7196),#7200);
#7196 = LINE('',#7197,#7198);
#7197 = CARTESIAN_POINT('',(0.,0.));
#7198 = VECTOR('',#7199,1.);
#7199 = DIRECTION('',(1.,0.));
#7200 = ( GEOMETRIC_REPRESENTATION_CONTEXT(2) 
PARAMETRIC_REPRESENTATION_CONTEXT() REPRESENTATION_CONTEXT('2D SPACE',''
  ) );
#7201 = ADVANCED_FACE('',(#7202),#6525,.T.);
#7202 = FACE_BOUND('',#7203,.T.);
#7203 = EDGE_LOOP('',(#7204,#7205,#7206,#7207));
#7204 = ORIENTED_EDGE('',*,*,#6509,.T.);
#7205 = ORIENTED_EDGE('',*,*,#6662,.T.);
#7206 = ORIENTED_EDGE('',*,*,#6635,.T.);
#7207 = ORIENTED_EDGE('',*,*,#6585,.T.);
#7208 = ADVANCED_FACE('',(#7209),#6738,.F.);
#7209 = FACE_BOUND('',#7210,.F.);
#7210 = EDGE_LOOP('',(#7211,#7212,#7235,#7284));
#7211 = ORIENTED_EDGE('',*,*,#6720,.F.);
#7212 = ORIENTED_EDGE('',*,*,#7213,.T.);
#7213 = EDGE_CURVE('',#6721,#7214,#7216,.T.);
#7214 = VERTEX_POINT('',#7215);
#7215 = CARTESIAN_POINT('',(11.703676180765,-17.86000020345,4.));
#7216 = SURFACE_CURVE('',#7217,(#7221,#7228),.PCURVE_S1.);
#7217 = LINE('',#7218,#7219);
#7218 = CARTESIAN_POINT('',(11.703676180765,-17.86000020345,3.4));
#7219 = VECTOR('',#7220,1.);
#7220 = DIRECTION('',(0.,0.,1.));
#7221 = PCURVE('',#6738,#7222);
#7222 = DEFINITIONAL_REPRESENTATION('',(#7223),#7227);
#7223 = LINE('',#7224,#7225);
#7224 = CARTESIAN_POINT('',(0.,0.));
#7225 = VECTOR('',#7226,1.);
#7226 = DIRECTION('',(0.,-1.));
#7227 = ( GEOMETRIC_REPRESENTATION_CONTEXT(2) 
PARAMETRIC_REPRESENTATION_CONTEXT() REPRESENTATION_CONTEXT('2D SPACE',''
  ) );
#7228 = PCURVE('',#6946,#7229);
#7229 = DEFINITIONAL_REPRESENTATION('',(#7230),#7234);
#7230 = LINE('',#7231,#7232);
#7231 = CARTESIAN_POINT('',(1.,0.));
#7232 = VECTOR('',#7233,1.);
#7233 = DIRECTION('',(0.,-1.));
#7234 = ( GEOMETRIC_REPRESENTATION_CONTEXT(2) 
PARAMETRIC_REPRESENTATION_CONTEXT() REPRESENTATION_CONTEXT('2D SPACE',''
  ) );
#7235 = ORIENTED_EDGE('',*,*,#7236,.F.);
#7236 = EDGE_CURVE('',#7237,#7214,#7239,.T.);
#7237 = VERTEX_POINT('',#7238);
#7238 = CARTESIAN_POINT('',(11.399678784932,-17.75600280761,4.));
#7239 = SURFACE_CURVE('',#7240,(#7251,#7265),.PCURVE_S1.);
#7240 = B_SPLINE_CURVE_WITH_KNOTS('',5,(#7241,#7242,#7243,#7244,#7245,
    #7246,#7247,#7248,#7249,#7250),.UNSPECIFIED.,.F.,.F.,(6,4,6),(0.,
    0.846865355918,1.),.UNSPECIFIED.);
#7241 = CARTESIAN_POINT('',(11.399678784932,-17.75600280761,4.));
#7242 = CARTESIAN_POINT('',(11.462437344018,-17.75600280761,4.));
#7243 = CARTESIAN_POINT('',(11.520806801344,-17.76324642808,4.));
#7244 = CARTESIAN_POINT('',(11.574404764545,-17.77802246186,4.));
#7245 = CARTESIAN_POINT('',(11.622935690167,-17.80045657387,4.));
#7246 = CARTESIAN_POINT('',(11.674070527002,-17.83585633806,4.));
#7247 = CARTESIAN_POINT('',(11.681730226518,-17.84152402273,4.));
#7248 = CARTESIAN_POINT('',(11.689218204794,-17.84743783394,4.));
#7249 = CARTESIAN_POINT('',(11.696533717314,-17.85359691962,4.));
#7250 = CARTESIAN_POINT('',(11.703676180765,-17.86000020345,4.));
#7251 = PCURVE('',#6738,#7252);
#7252 = DEFINITIONAL_REPRESENTATION('',(#7253),#7264);
#7253 = B_SPLINE_CURVE_WITH_KNOTS('',5,(#7254,#7255,#7256,#7257,#7258,
    #7259,#7260,#7261,#7262,#7263),.UNSPECIFIED.,.F.,.F.,(6,4,6),(0.,
    0.846865355918,1.),.UNSPECIFIED.);
#7254 = CARTESIAN_POINT('',(1.,-0.6));
#7255 = CARTESIAN_POINT('',(0.833084314383,-0.6));
#7256 = CARTESIAN_POINT('',(0.664505567197,-0.6));
#7257 = CARTESIAN_POINT('',(0.494749079184,-0.6));
#7258 = CARTESIAN_POINT('',(0.324369525078,-0.6));
#7259 = CARTESIAN_POINT('',(0.123192887154,-0.6));
#7260 = CARTESIAN_POINT('',(9.23857738487E-02,-0.6));
#7261 = CARTESIAN_POINT('',(6.158222490118E-02,-0.6));
#7262 = CARTESIAN_POINT('',(3.078578925867E-02,-0.6));
#7263 = CARTESIAN_POINT('',(0.,-0.6));
#7264 = ( GEOMETRIC_REPRESENTATION_CONTEXT(2) 
PARAMETRIC_REPRESENTATION_CONTEXT() REPRESENTATION_CONTEXT('2D SPACE',''
  ) );
#7265 = PCURVE('',#7266,#7271);
#7266 = PLANE('',#7267);
#7267 = AXIS2_PLACEMENT_3D('',#7268,#7269,#7270);
#7268 = CARTESIAN_POINT('',(-26.70032121506,-3.,4.));
#7269 = DIRECTION('',(-2.011080212013E-18,-1.915533209503E-17,1.));
#7270 = DIRECTION('',(0.994533904972,-0.104414136312,3.851859888774E-34)
  );
#7271 = DEFINITIONAL_REPRESENTATION('',(#7272),#7283);
#7272 = B_SPLINE_CURVE_WITH_KNOTS('',5,(#7273,#7274,#7275,#7276,#7277,
    #7278,#7279,#7280,#7281,#7282),.UNSPECIFIED.,.F.,.F.,(6,4,6),(0.,
    0.846865355918,1.),.UNSPECIFIED.);
#7273 = CARTESIAN_POINT('',(39.432477067992,-10.69716650056));
#7274 = CARTESIAN_POINT('',(39.494892582831,-10.69061361981));
#7275 = CARTESIAN_POINT('',(39.553699323531,-10.69172304949));
#7276 = CARTESIAN_POINT('',(39.608547141976,-10.70082193103));
#7277 = CARTESIAN_POINT('',(39.659155231377,-10.71806610137));
#7278 = CARTESIAN_POINT('',(39.713706796138,-10.74793316726));
#7279 = CARTESIAN_POINT('',(39.721916413408,-10.75277009091));
#7280 = CARTESIAN_POINT('',(39.729980947174,-10.75786972589));
#7281 = CARTESIAN_POINT('',(39.737899568019,-10.7632313025));
#7282 = CARTESIAN_POINT('',(39.745671583436,-10.76885381121));
#7283 = ( GEOMETRIC_REPRESENTATION_CONTEXT(2) 
PARAMETRIC_REPRESENTATION_CONTEXT() REPRESENTATION_CONTEXT('2D SPACE',''
  ) );
#7284 = ORIENTED_EDGE('',*,*,#7285,.F.);
#7285 = EDGE_CURVE('',#6723,#7237,#7286,.T.);
#7286 = SURFACE_CURVE('',#7287,(#7291,#7298),.PCURVE_S1.);
#7287 = LINE('',#7288,#7289);
#7288 = CARTESIAN_POINT('',(11.399678784932,-17.75600280761,3.4));
#7289 = VECTOR('',#7290,1.);
#7290 = DIRECTION('',(0.,0.,1.));
#7291 = PCURVE('',#6738,#7292);
#7292 = DEFINITIONAL_REPRESENTATION('',(#7293),#7297);
#7293 = LINE('',#7294,#7295);
#7294 = CARTESIAN_POINT('',(1.,0.));
#7295 = VECTOR('',#7296,1.);
#7296 = DIRECTION('',(0.,-1.));
#7297 = ( GEOMETRIC_REPRESENTATION_CONTEXT(2) 
PARAMETRIC_REPRESENTATION_CONTEXT() REPRESENTATION_CONTEXT('2D SPACE',''
  ) );
#7298 = PCURVE('',#6768,#7299);
#7299 = DEFINITIONAL_REPRESENTATION('',(#7300),#7304);
#7300 = LINE('',#7301,#7302);
#7301 = CARTESIAN_POINT('',(0.,0.));
#7302 = VECTOR('',#7303,1.);
#7303 = DIRECTION('',(0.,-1.));
#7304 = ( GEOMETRIC_REPRESENTATION_CONTEXT(2) 
PARAMETRIC_REPRESENTATION_CONTEXT() REPRESENTATION_CONTEXT('2D SPACE',''
  ) );
#7305 = ADVANCED_FACE('',(#7306),#6768,.F.);
#7306 = FACE_BOUND('',#7307,.F.);
#7307 = EDGE_LOOP('',(#7308,#7309,#7310,#7354));
#7308 = ORIENTED_EDGE('',*,*,#6752,.F.);
#7309 = ORIENTED_EDGE('',*,*,#7285,.T.);
#7310 = ORIENTED_EDGE('',*,*,#7311,.F.);
#7311 = EDGE_CURVE('',#7312,#7237,#7314,.T.);
#7312 = VERTEX_POINT('',#7313);
#7313 = CARTESIAN_POINT('',(11.093682691182,-17.85800150553,4.));
#7314 = SURFACE_CURVE('',#7315,(#7326,#7340),.PCURVE_S1.);
#7315 = B_SPLINE_CURVE_WITH_KNOTS('',5,(#7316,#7317,#7318,#7319,#7320,
    #7321,#7322,#7323,#7324,#7325),.UNSPECIFIED.,.F.,.F.,(6,4,6),(0.,
    0.140198871035,1.),.UNSPECIFIED.);
#7316 = CARTESIAN_POINT('',(11.093682691182,-17.85800150553,4.));
#7317 = CARTESIAN_POINT('',(11.100335526455,-17.85225088648,4.));
#7318 = CARTESIAN_POINT('',(11.107129246629,-17.84670131814,4.));
#7319 = CARTESIAN_POINT('',(11.114063392493,-17.84135355369,4.));
#7320 = CARTESIAN_POINT('',(11.121137399734,-17.83620819824,4.));
#7321 = CARTESIAN_POINT('',(11.172587166399,-17.80095478018,4.));
#7322 = CARTESIAN_POINT('',(11.22206130221,-17.77827194177,4.));
#7323 = CARTESIAN_POINT('',(11.276612204761,-17.76332972269,4.));
#7324 = CARTESIAN_POINT('',(11.335945013433,-17.75600280761,4.));
#7325 = CARTESIAN_POINT('',(11.399678784932,-17.75600280761,4.));
#7326 = PCURVE('',#6768,#7327);
#7327 = DEFINITIONAL_REPRESENTATION('',(#7328),#7339);
#7328 = B_SPLINE_CURVE_WITH_KNOTS('',5,(#7329,#7330,#7331,#7332,#7333,
    #7334,#7335,#7336,#7337,#7338),.UNSPECIFIED.,.F.,.F.,(6,4,6),(0.,
    0.140198871035,1.),.UNSPECIFIED.);
#7329 = CARTESIAN_POINT('',(1.,-0.6));
#7330 = CARTESIAN_POINT('',(0.971810331089,-0.6));
#7331 = CARTESIAN_POINT('',(0.943612896006,-0.6));
#7332 = CARTESIAN_POINT('',(0.915410290744,-0.6));
#7333 = CARTESIAN_POINT('',(0.887205120565,-0.6));
#7334 = CARTESIAN_POINT('',(0.686025750453,-0.6));
#7335 = CARTESIAN_POINT('',(0.513043456761,-0.6));
#7336 = CARTESIAN_POINT('',(0.340686171711,-0.6));
#7337 = CARTESIAN_POINT('',(0.169509407506,-0.6));
#7338 = CARTESIAN_POINT('',(0.,-0.6));
#7339 = ( GEOMETRIC_REPRESENTATION_CONTEXT(2) 
PARAMETRIC_REPRESENTATION_CONTEXT() REPRESENTATION_CONTEXT('2D SPACE',''
  ) );
#7340 = PCURVE('',#7266,#7341);
#7341 = DEFINITIONAL_REPRESENTATION('',(#7342),#7353);
#7342 = B_SPLINE_CURVE_WITH_KNOTS('',5,(#7343,#7344,#7345,#7346,#7347,
    #7348,#7349,#7350,#7351,#7352),.UNSPECIFIED.,.F.,.F.,(6,4,6),(0.,
    0.140198871035,1.),.UNSPECIFIED.);
#7343 = CARTESIAN_POINT('',(39.138803683916,-10.83055798174));
#7344 = CARTESIAN_POINT('',(39.144819708239,-10.82414414607));
#7345 = CARTESIAN_POINT('',(39.150996839907,-10.81791555177));
#7346 = CARTESIAN_POINT('',(39.157334700864,-10.81187299586));
#7347 = CARTESIAN_POINT('',(39.163832793065,-10.80601713906));
#7348 = CARTESIAN_POINT('',(39.211320375217,-10.76558433658));
#7349 = CARTESIAN_POINT('',(39.258155671719,-10.73785968556));
#7350 = CARTESIAN_POINT('',(39.310848214953,-10.7173032567));
#7351 = CARTESIAN_POINT('',(39.369091671344,-10.70382120726));
#7352 = CARTESIAN_POINT('',(39.432477067992,-10.69716650056));
#7353 = ( GEOMETRIC_REPRESENTATION_CONTEXT(2) 
PARAMETRIC_REPRESENTATION_CONTEXT() REPRESENTATION_CONTEXT('2D SPACE',''
  ) );
#7354 = ORIENTED_EDGE('',*,*,#7355,.F.);
#7355 = EDGE_CURVE('',#6753,#7312,#7356,.T.);
#7356 = SURFACE_CURVE('',#7357,(#7361,#7368),.PCURVE_S1.);
#7357 = LINE('',#7358,#7359);
#7358 = CARTESIAN_POINT('',(11.093682691182,-17.85800150553,3.4));
#7359 = VECTOR('',#7360,1.);
#7360 = DIRECTION('',(0.,0.,1.));
#7361 = PCURVE('',#6768,#7362);
#7362 = DEFINITIONAL_REPRESENTATION('',(#7363),#7367);
#7363 = LINE('',#7364,#7365);
#7364 = CARTESIAN_POINT('',(1.,0.));
#7365 = VECTOR('',#7366,1.);
#7366 = DIRECTION('',(0.,-1.));
#7367 = ( GEOMETRIC_REPRESENTATION_CONTEXT(2) 
PARAMETRIC_REPRESENTATION_CONTEXT() REPRESENTATION_CONTEXT('2D SPACE',''
  ) );
#7368 = PCURVE('',#6798,#7369);
#7369 = DEFINITIONAL_REPRESENTATION('',(#7370),#7374);
#7370 = LINE('',#7371,#7372);
#7371 = CARTESIAN_POINT('',(0.,0.));
#7372 = VECTOR('',#7373,1.);
#7373 = DIRECTION('',(0.,-1.));
#7374 = ( GEOMETRIC_REPRESENTATION_CONTEXT(2) 
PARAMETRIC_REPRESENTATION_CONTEXT() REPRESENTATION_CONTEXT('2D SPACE',''
  ) );
#7375 = ADVANCED_FACE('',(#7376),#6798,.F.);
#7376 = FACE_BOUND('',#7377,.F.);
#7377 = EDGE_LOOP('',(#7378,#7379,#7380,#7424));
#7378 = ORIENTED_EDGE('',*,*,#6782,.F.);
#7379 = ORIENTED_EDGE('',*,*,#7355,.T.);
#7380 = ORIENTED_EDGE('',*,*,#7381,.F.);
#7381 = EDGE_CURVE('',#7382,#7312,#7384,.T.);
#7382 = VERTEX_POINT('',#7383);
#7383 = CARTESIAN_POINT('',(10.975681389098,-18.12399759928,4.));
#7384 = SURFACE_CURVE('',#7385,(#7396,#7410),.PCURVE_S1.);
#7385 = B_SPLINE_CURVE_WITH_KNOTS('',5,(#7386,#7387,#7388,#7389,#7390,
    #7391,#7392,#7393,#7394,#7395),.UNSPECIFIED.,.F.,.F.,(6,4,6),(0.,
    0.573380507532,1.),.UNSPECIFIED.);
#7386 = CARTESIAN_POINT('',(10.975681389098,-18.12399759928,4.));
#7387 = CARTESIAN_POINT('',(10.975681389098,-18.08667412418,4.));
#7388 = CARTESIAN_POINT('',(10.979501327106,-18.0511620427,4.));
#7389 = CARTESIAN_POINT('',(10.987221331964,-18.01756450806,4.));
#7390 = CARTESIAN_POINT('',(10.998872207544,-17.98596312183,4.));
#7391 = CARTESIAN_POINT('',(11.025996309012,-17.93442567453,4.));
#7392 = CARTESIAN_POINT('',(11.03972818028,-17.91357378348,4.));
#7393 = CARTESIAN_POINT('',(11.05560813859,-17.89387901774,4.));
#7394 = CARTESIAN_POINT('',(11.073607836147,-17.87535393333,4.));
#7395 = CARTESIAN_POINT('',(11.093682691182,-17.85800150553,4.));
#7396 = PCURVE('',#6798,#7397);
#7397 = DEFINITIONAL_REPRESENTATION('',(#7398),#7409);
#7398 = B_SPLINE_CURVE_WITH_KNOTS('',5,(#7399,#7400,#7401,#7402,#7403,
    #7404,#7405,#7406,#7407,#7408),.UNSPECIFIED.,.F.,.F.,(6,4,6),(0.,
    0.573380507532,1.),.UNSPECIFIED.);
#7399 = CARTESIAN_POINT('',(1.,-0.6));
#7400 = CARTESIAN_POINT('',(0.886207110469,-0.6));
#7401 = CARTESIAN_POINT('',(0.771817784126,-0.6));
#7402 = CARTESIAN_POINT('',(0.65701816113,-0.6));
#7403 = CARTESIAN_POINT('',(0.542007686671,-0.6));
#7404 = CARTESIAN_POINT('',(0.341429388037,-0.6));
#7405 = CARTESIAN_POINT('',(0.255858788639,-0.6));
#7406 = CARTESIAN_POINT('',(0.170375097839,-0.6));
#7407 = CARTESIAN_POINT('',(8.506200643798E-02,-0.6));
#7408 = CARTESIAN_POINT('',(0.,-0.6));
#7409 = ( GEOMETRIC_REPRESENTATION_CONTEXT(2) 
PARAMETRIC_REPRESENTATION_CONTEXT() REPRESENTATION_CONTEXT('2D SPACE',''
  ) );
#7410 = PCURVE('',#7266,#7411);
#7411 = DEFINITIONAL_REPRESENTATION('',(#7412),#7423);
#7412 = B_SPLINE_CURVE_WITH_KNOTS('',5,(#7413,#7414,#7415,#7416,#7417,
    #7418,#7419,#7420,#7421,#7422),.UNSPECIFIED.,.F.,.F.,(6,4,6),(0.,
    0.573380507532,1.),.UNSPECIFIED.);
#7413 = CARTESIAN_POINT('',(39.049221140555,-11.10742111961));
#7414 = CARTESIAN_POINT('',(39.045324042139,-11.07030165817));
#7415 = CARTESIAN_POINT('',(39.045415136685,-11.03458483357));
#7416 = CARTESIAN_POINT('',(39.049584885702,-11.00036486861));
#7417 = CARTESIAN_POINT('',(39.057872445039,-10.96771970245));
#7418 = CARTESIAN_POINT('',(39.079467045544,-10.91363182411));
#7419 = CARTESIAN_POINT('',(39.090946624903,-10.89146010999));
#7420 = CARTESIAN_POINT('',(39.104683369897,-10.87021490558));
#7421 = CARTESIAN_POINT('',(39.120650398708,-10.84991165817));
#7422 = CARTESIAN_POINT('',(39.138803683916,-10.83055798174));
#7423 = ( GEOMETRIC_REPRESENTATION_CONTEXT(2) 
PARAMETRIC_REPRESENTATION_CONTEXT() REPRESENTATION_CONTEXT('2D SPACE',''
  ) );
#7424 = ORIENTED_EDGE('',*,*,#7425,.F.);
#7425 = EDGE_CURVE('',#6783,#7382,#7426,.T.);
#7426 = SURFACE_CURVE('',#7427,(#7431,#7438),.PCURVE_S1.);
#7427 = LINE('',#7428,#7429);
#7428 = CARTESIAN_POINT('',(10.975681389098,-18.12399759928,3.4));
#7429 = VECTOR('',#7430,1.);
#7430 = DIRECTION('',(0.,0.,1.));
#7431 = PCURVE('',#6798,#7432);
#7432 = DEFINITIONAL_REPRESENTATION('',(#7433),#7437);
#7433 = LINE('',#7434,#7435);
#7434 = CARTESIAN_POINT('',(1.,0.));
#7435 = VECTOR('',#7436,1.);
#7436 = DIRECTION('',(0.,-1.));
#7437 = ( GEOMETRIC_REPRESENTATION_CONTEXT(2) 
PARAMETRIC_REPRESENTATION_CONTEXT() REPRESENTATION_CONTEXT('2D SPACE',''
  ) );
#7438 = PCURVE('',#6828,#7439);
#7439 = DEFINITIONAL_REPRESENTATION('',(#7440),#7444);
#7440 = LINE('',#7441,#7442);
#7441 = CARTESIAN_POINT('',(0.,0.));
#7442 = VECTOR('',#7443,1.);
#7443 = DIRECTION('',(0.,-1.));
#7444 = ( GEOMETRIC_REPRESENTATION_CONTEXT(2) 
PARAMETRIC_REPRESENTATION_CONTEXT() REPRESENTATION_CONTEXT('2D SPACE',''
  ) );
#7445 = ADVANCED_FACE('',(#7446),#6828,.F.);
#7446 = FACE_BOUND('',#7447,.F.);
#7447 = EDGE_LOOP('',(#7448,#7449,#7450,#7494));
#7448 = ORIENTED_EDGE('',*,*,#6812,.F.);
#7449 = ORIENTED_EDGE('',*,*,#7425,.T.);
#7450 = ORIENTED_EDGE('',*,*,#7451,.F.);
#7451 = EDGE_CURVE('',#7452,#7382,#7454,.T.);
#7452 = VERTEX_POINT('',#7453);
#7453 = CARTESIAN_POINT('',(11.093682691182,-18.39399759928,4.));
#7454 = SURFACE_CURVE('',#7455,(#7466,#7480),.PCURVE_S1.);
#7455 = B_SPLINE_CURVE_WITH_KNOTS('',5,(#7456,#7457,#7458,#7459,#7460,
    #7461,#7462,#7463,#7464,#7465),.UNSPECIFIED.,.F.,.F.,(6,4,6),(0.,
    0.449738627703,1.),.UNSPECIFIED.);
#7456 = CARTESIAN_POINT('',(11.093682691182,-18.39399759928,4.));
#7457 = CARTESIAN_POINT('',(11.07253275039,-18.37499824281,4.));
#7458 = CARTESIAN_POINT('',(11.053684835482,-18.35477423332,4.));
#7459 = CARTESIAN_POINT('',(11.037191007277,-18.33332986259,4.));
#7460 = CARTESIAN_POINT('',(11.02308391234,-18.31068024354,4.));
#7461 = CARTESIAN_POINT('',(10.99705294982,-18.25769628385,4.));
#7462 = CARTESIAN_POINT('',(10.986321347316,-18.22677531427,4.));
#7463 = CARTESIAN_POINT('',(10.979205907507,-18.19413657193,4.));
#7464 = CARTESIAN_POINT('',(10.975681389098,-18.15984880391,4.));
#7465 = CARTESIAN_POINT('',(10.975681389098,-18.12399759928,4.));
#7466 = PCURVE('',#6828,#7467);
#7467 = DEFINITIONAL_REPRESENTATION('',(#7468),#7479);
#7468 = B_SPLINE_CURVE_WITH_KNOTS('',5,(#7469,#7470,#7471,#7472,#7473,
    #7474,#7475,#7476,#7477,#7478),.UNSPECIFIED.,.F.,.F.,(6,4,6),(0.,
    0.449738627703,1.),.UNSPECIFIED.);
#7469 = CARTESIAN_POINT('',(1.,-0.6));
#7470 = CARTESIAN_POINT('',(0.91038259571,-0.6));
#7471 = CARTESIAN_POINT('',(0.820480848879,-0.6));
#7472 = CARTESIAN_POINT('',(0.730385853717,-0.6));
#7473 = CARTESIAN_POINT('',(0.640192605387,-0.6));
#7474 = CARTESIAN_POINT('',(0.439648111694,-0.6));
#7475 = CARTESIAN_POINT('',(0.329294855807,-0.6));
#7476 = CARTESIAN_POINT('',(0.219122956229,-0.6));
#7477 = CARTESIAN_POINT('',(0.109304188781,-0.6));
#7478 = CARTESIAN_POINT('',(0.,-0.6));
#7479 = ( GEOMETRIC_REPRESENTATION_CONTEXT(2) 
PARAMETRIC_REPRESENTATION_CONTEXT() REPRESENTATION_CONTEXT('2D SPACE',''
  ) );
#7480 = PCURVE('',#7266,#7481);
#7481 = DEFINITIONAL_REPRESENTATION('',(#7482),#7493);
#7482 = B_SPLINE_CURVE_WITH_KNOTS('',5,(#7483,#7484,#7485,#7486,#7487,
    #7488,#7489,#7490,#7491,#7492),.UNSPECIFIED.,.F.,.F.,(6,4,6),(0.,
    0.449738627703,1.),.UNSPECIFIED.);
#7483 = CARTESIAN_POINT('',(39.194769253112,-11.36362426991));
#7484 = CARTESIAN_POINT('',(39.171751118511,-11.34693711853));
#7485 = CARTESIAN_POINT('',(39.150894555613,-11.32879164415));
#7486 = CARTESIAN_POINT('',(39.132251788791,-11.30918667921));
#7487 = CARTESIAN_POINT('',(39.115856864164,-11.28813384526));
#7488 = CARTESIAN_POINT('',(39.084435914971,-11.23815750141));
#7489 = CARTESIAN_POINT('',(39.070534386092,-11.20852607979));
#7490 = CARTESIAN_POINT('',(39.060049893862,-11.17680869643));
#7491 = CARTESIAN_POINT('',(39.052964513122,-11.14307635814));
#7492 = CARTESIAN_POINT('',(39.049221140555,-11.10742111961));
#7493 = ( GEOMETRIC_REPRESENTATION_CONTEXT(2) 
PARAMETRIC_REPRESENTATION_CONTEXT() REPRESENTATION_CONTEXT('2D SPACE',''
  ) );
#7494 = ORIENTED_EDGE('',*,*,#7495,.F.);
#7495 = EDGE_CURVE('',#6813,#7452,#7496,.T.);
#7496 = SURFACE_CURVE('',#7497,(#7501,#7508),.PCURVE_S1.);
#7497 = LINE('',#7498,#7499);
#7498 = CARTESIAN_POINT('',(11.093682691182,-18.39399759928,3.4));
#7499 = VECTOR('',#7500,1.);
#7500 = DIRECTION('',(0.,0.,1.));
#7501 = PCURVE('',#6828,#7502);
#7502 = DEFINITIONAL_REPRESENTATION('',(#7503),#7507);
#7503 = LINE('',#7504,#7505);
#7504 = CARTESIAN_POINT('',(1.,0.));
#7505 = VECTOR('',#7506,1.);
#7506 = DIRECTION('',(0.,-1.));
#7507 = ( GEOMETRIC_REPRESENTATION_CONTEXT(2) 
PARAMETRIC_REPRESENTATION_CONTEXT() REPRESENTATION_CONTEXT('2D SPACE',''
  ) );
#7508 = PCURVE('',#6858,#7509);
#7509 = DEFINITIONAL_REPRESENTATION('',(#7510),#7514);
#7510 = LINE('',#7511,#7512);
#7511 = CARTESIAN_POINT('',(0.,0.));
#7512 = VECTOR('',#7513,1.);
#7513 = DIRECTION('',(0.,-1.));
#7514 = ( GEOMETRIC_REPRESENTATION_CONTEXT(2) 
PARAMETRIC_REPRESENTATION_CONTEXT() REPRESENTATION_CONTEXT('2D SPACE',''
  ) );
#7515 = ADVANCED_FACE('',(#7516),#6858,.F.);
#7516 = FACE_BOUND('',#7517,.F.);
#7517 = EDGE_LOOP('',(#7518,#7519,#7520,#7564));
#7518 = ORIENTED_EDGE('',*,*,#6842,.F.);
#7519 = ORIENTED_EDGE('',*,*,#7495,.T.);
#7520 = ORIENTED_EDGE('',*,*,#7521,.F.);
#7521 = EDGE_CURVE('',#7522,#7452,#7524,.T.);
#7522 = VERTEX_POINT('',#7523);
#7523 = CARTESIAN_POINT('',(11.399678784932,-18.50000020345,4.));
#7524 = SURFACE_CURVE('',#7525,(#7536,#7550),.PCURVE_S1.);
#7525 = B_SPLINE_CURVE_WITH_KNOTS('',5,(#7526,#7527,#7528,#7529,#7530,
    #7531,#7532,#7533,#7534,#7535),.UNSPECIFIED.,.F.,.F.,(6,4,6),(0.,
    0.816914914052,1.),.UNSPECIFIED.);
#7526 = CARTESIAN_POINT('',(11.399678784932,-18.50000020345,4.));
#7527 = CARTESIAN_POINT('',(11.339093454164,-18.50000020345,4.));
#7528 = CARTESIAN_POINT('',(11.282485193344,-18.49311940662,4.));
#7529 = CARTESIAN_POINT('',(11.230190810234,-18.47910043261,4.));
#7530 = CARTESIAN_POINT('',(11.18247211363,-18.45783311398,4.));
#7531 = CARTESIAN_POINT('',(11.129840875102,-18.42304934391,4.));
#7532 = CARTESIAN_POINT('',(11.120442020773,-18.41632183945,4.));
#7533 = CARTESIAN_POINT('',(11.111281907533,-18.40923628288,4.));
#7534 = CARTESIAN_POINT('',(11.102361812874,-18.40179420394,4.));
#7535 = CARTESIAN_POINT('',(11.093682691182,-18.39399759928,4.));
#7536 = PCURVE('',#6858,#7537);
#7537 = DEFINITIONAL_REPRESENTATION('',(#7538),#7549);
#7538 = B_SPLINE_CURVE_WITH_KNOTS('',5,(#7539,#7540,#7541,#7542,#7543,
    #7544,#7545,#7546,#7547,#7548),.UNSPECIFIED.,.F.,.F.,(6,4,6),(0.,
    0.816914914052,1.),.UNSPECIFIED.);
#7539 = CARTESIAN_POINT('',(1.,-0.6));
#7540 = CARTESIAN_POINT('',(0.838864337063,-0.6));
#7541 = CARTESIAN_POINT('',(0.676222466836,-0.6));
#7542 = CARTESIAN_POINT('',(0.512518177095,-0.6));
#7543 = CARTESIAN_POINT('',(0.348254314941,-0.6));
#7544 = CARTESIAN_POINT('',(0.147187701863,-0.6));
#7545 = CARTESIAN_POINT('',(0.110375448971,-0.6));
#7546 = CARTESIAN_POINT('',(7.356936482461E-02,-0.6));
#7547 = CARTESIAN_POINT('',(3.677553357071E-02,-0.6));
#7548 = CARTESIAN_POINT('',(0.,-0.6));
#7549 = ( GEOMETRIC_REPRESENTATION_CONTEXT(2) 
PARAMETRIC_REPRESENTATION_CONTEXT() REPRESENTATION_CONTEXT('2D SPACE',''
  ) );
#7550 = PCURVE('',#7266,#7551);
#7551 = DEFINITIONAL_REPRESENTATION('',(#7552),#7563);
#7552 = B_SPLINE_CURVE_WITH_KNOTS('',5,(#7553,#7554,#7555,#7556,#7557,
    #7558,#7559,#7560,#7561,#7562),.UNSPECIFIED.,.F.,.F.,(6,4,6),(0.,
    0.816914914052,1.),.UNSPECIFIED.);
#7553 = CARTESIAN_POINT('',(39.510160913496,-11.43709713592));
#7554 = CARTESIAN_POINT('',(39.449906747903,-11.44342310091));
#7555 = CARTESIAN_POINT('',(39.392889460759,-11.44249061783));
#7556 = CARTESIAN_POINT('',(39.339417144653,-11.43400854571));
#7557 = CARTESIAN_POINT('',(39.289738674273,-11.41783998276));
#7558 = CARTESIAN_POINT('',(39.233763205787,-11.3887417894));
#7559 = CARTESIAN_POINT('',(39.22371327992,-11.38303243137));
#7560 = CARTESIAN_POINT('',(39.213863404461,-11.37694205044));
#7561 = CARTESIAN_POINT('',(39.204215009641,-11.37047203459));
#7562 = CARTESIAN_POINT('',(39.194769253112,-11.36362426991));
#7563 = ( GEOMETRIC_REPRESENTATION_CONTEXT(2) 
PARAMETRIC_REPRESENTATION_CONTEXT() REPRESENTATION_CONTEXT('2D SPACE',''
  ) );
#7564 = ORIENTED_EDGE('',*,*,#7565,.F.);
#7565 = EDGE_CURVE('',#6843,#7522,#7566,.T.);
#7566 = SURFACE_CURVE('',#7567,(#7571,#7578),.PCURVE_S1.);
#7567 = LINE('',#7568,#7569);
#7568 = CARTESIAN_POINT('',(11.399678784932,-18.50000020345,3.4));
#7569 = VECTOR('',#7570,1.);
#7570 = DIRECTION('',(0.,0.,1.));
#7571 = PCURVE('',#6858,#7572);
#7572 = DEFINITIONAL_REPRESENTATION('',(#7573),#7577);
#7573 = LINE('',#7574,#7575);
#7574 = CARTESIAN_POINT('',(1.,0.));
#7575 = VECTOR('',#7576,1.);
#7576 = DIRECTION('',(0.,-1.));
#7577 = ( GEOMETRIC_REPRESENTATION_CONTEXT(2) 
PARAMETRIC_REPRESENTATION_CONTEXT() REPRESENTATION_CONTEXT('2D SPACE',''
  ) );
#7578 = PCURVE('',#6888,#7579);
#7579 = DEFINITIONAL_REPRESENTATION('',(#7580),#7584);
#7580 = LINE('',#7581,#7582);
#7581 = CARTESIAN_POINT('',(0.,0.));
#7582 = VECTOR('',#7583,1.);
#7583 = DIRECTION('',(0.,-1.));
#7584 = ( GEOMETRIC_REPRESENTATION_CONTEXT(2) 
PARAMETRIC_REPRESENTATION_CONTEXT() REPRESENTATION_CONTEXT('2D SPACE',''
  ) );
#7585 = ADVANCED_FACE('',(#7586),#6888,.F.);
#7586 = FACE_BOUND('',#7587,.F.);
#7587 = EDGE_LOOP('',(#7588,#7589,#7590,#7634));
#7588 = ORIENTED_EDGE('',*,*,#6872,.F.);
#7589 = ORIENTED_EDGE('',*,*,#7565,.T.);
#7590 = ORIENTED_EDGE('',*,*,#7591,.F.);
#7591 = EDGE_CURVE('',#7592,#7522,#7594,.T.);
#7592 = VERTEX_POINT('',#7593);
#7593 = CARTESIAN_POINT('',(11.701677482848,-18.39600280761,4.));
#7594 = SURFACE_CURVE('',#7595,(#7606,#7620),.PCURVE_S1.);
#7595 = B_SPLINE_CURVE_WITH_KNOTS('',5,(#7596,#7597,#7598,#7599,#7600,
    #7601,#7602,#7603,#7604,#7605),.UNSPECIFIED.,.F.,.F.,(6,4,6),(0.,
    0.200118477227,1.),.UNSPECIFIED.);
#7596 = CARTESIAN_POINT('',(11.701677482848,-18.39600280761,4.));
#7597 = CARTESIAN_POINT('',(11.692197162097,-18.40435804313,4.));
#7598 = CARTESIAN_POINT('',(11.682445355162,-18.41229836313,4.));
#7599 = CARTESIAN_POINT('',(11.672423220742,-18.41982129371,4.));
#7600 = CARTESIAN_POINT('',(11.662132326933,-18.42692497515,4.));
#7601 = CARTESIAN_POINT('',(11.609375200995,-18.46032112572,4.));
#7602 = CARTESIAN_POINT('',(11.562911724832,-18.48031733252,4.));
#7603 = CARTESIAN_POINT('',(11.512315007687,-18.49351276498,4.));
#7604 = CARTESIAN_POINT('',(11.457808424668,-18.50000020345,4.));
#7605 = CARTESIAN_POINT('',(11.399678784932,-18.50000020345,4.));
#7606 = PCURVE('',#6888,#7607);
#7607 = DEFINITIONAL_REPRESENTATION('',(#7608),#7619);
#7608 = B_SPLINE_CURVE_WITH_KNOTS('',5,(#7609,#7610,#7611,#7612,#7613,
    #7614,#7615,#7616,#7617,#7618),.UNSPECIFIED.,.F.,.F.,(6,4,6),(0.,
    0.200118477227,1.),.UNSPECIFIED.);
#7609 = CARTESIAN_POINT('',(1.,-0.6));
#7610 = CARTESIAN_POINT('',(0.959829592625,-0.6));
#7611 = CARTESIAN_POINT('',(0.919636947401,-0.6));
#7612 = CARTESIAN_POINT('',(0.879429479204,-0.6));
#7613 = CARTESIAN_POINT('',(0.83921465623,-0.6));
#7614 = CARTESIAN_POINT('',(0.638260417583,-0.6));
#7615 = CARTESIAN_POINT('',(0.477516448756,-0.6));
#7616 = CARTESIAN_POINT('',(0.31726837736,-0.6));
#7617 = CARTESIAN_POINT('',(0.15796321321,-0.6));
#7618 = CARTESIAN_POINT('',(0.,-0.6));
#7619 = ( GEOMETRIC_REPRESENTATION_CONTEXT(2) 
PARAMETRIC_REPRESENTATION_CONTEXT() REPRESENTATION_CONTEXT('2D SPACE',''
  ) );
#7620 = PCURVE('',#7266,#7621);
#7621 = DEFINITIONAL_REPRESENTATION('',(#7622),#7633);
#7622 = B_SPLINE_CURVE_WITH_KNOTS('',5,(#7623,#7624,#7625,#7626,#7627,
    #7628,#7629,#7630,#7631,#7632),.UNSPECIFIED.,.F.,.F.,(6,4,6),(0.,
    0.200118477227,1.),.UNSPECIFIED.);
#7623 = CARTESIAN_POINT('',(39.799650059567,-11.30213526653));
#7624 = CARTESIAN_POINT('',(39.79109396385,-11.31143471103));
#7625 = CARTESIAN_POINT('',(39.782224542874,-11.320349855));
#7626 = CARTESIAN_POINT('',(39.773042690692,-11.32887811703));
#7627 = CARTESIAN_POINT('',(39.763549772648,-11.33701748386));
#7628 = CARTESIAN_POINT('',(39.714568052391,-11.37573967763));
#7629 = CARTESIAN_POINT('',(39.670446436667,-11.40047802701));
#7630 = CARTESIAN_POINT('',(39.62150407567,-11.4188843445));
#7631 = CARTESIAN_POINT('',(39.567972811097,-11.4310275798));
#7632 = CARTESIAN_POINT('',(39.510160913496,-11.43709713592));
#7633 = ( GEOMETRIC_REPRESENTATION_CONTEXT(2) 
PARAMETRIC_REPRESENTATION_CONTEXT() REPRESENTATION_CONTEXT('2D SPACE',''
  ) );
#7634 = ORIENTED_EDGE('',*,*,#7635,.F.);
#7635 = EDGE_CURVE('',#6873,#7592,#7636,.T.);
#7636 = SURFACE_CURVE('',#7637,(#7641,#7648),.PCURVE_S1.);
#7637 = LINE('',#7638,#7639);
#7638 = CARTESIAN_POINT('',(11.701677482848,-18.39600280761,3.4));
#7639 = VECTOR('',#7640,1.);
#7640 = DIRECTION('',(0.,0.,1.));
#7641 = PCURVE('',#6888,#7642);
#7642 = DEFINITIONAL_REPRESENTATION('',(#7643),#7647);
#7643 = LINE('',#7644,#7645);
#7644 = CARTESIAN_POINT('',(1.,0.));
#7645 = VECTOR('',#7646,1.);
#7646 = DIRECTION('',(0.,-1.));
#7647 = ( GEOMETRIC_REPRESENTATION_CONTEXT(2) 
PARAMETRIC_REPRESENTATION_CONTEXT() REPRESENTATION_CONTEXT('2D SPACE',''
  ) );
#7648 = PCURVE('',#6918,#7649);
#7649 = DEFINITIONAL_REPRESENTATION('',(#7650),#7654);
#7650 = LINE('',#7651,#7652);
#7651 = CARTESIAN_POINT('',(0.,0.));
#7652 = VECTOR('',#7653,1.);
#7653 = DIRECTION('',(0.,-1.));
#7654 = ( GEOMETRIC_REPRESENTATION_CONTEXT(2) 
PARAMETRIC_REPRESENTATION_CONTEXT() REPRESENTATION_CONTEXT('2D SPACE',''
  ) );
#7655 = ADVANCED_FACE('',(#7656),#6918,.F.);
#7656 = FACE_BOUND('',#7657,.F.);
#7657 = EDGE_LOOP('',(#7658,#7659,#7660,#7704));
#7658 = ORIENTED_EDGE('',*,*,#6902,.F.);
#7659 = ORIENTED_EDGE('',*,*,#7635,.T.);
#7660 = ORIENTED_EDGE('',*,*,#7661,.F.);
#7661 = EDGE_CURVE('',#7662,#7592,#7664,.T.);
#7662 = VERTEX_POINT('',#7663);
#7663 = CARTESIAN_POINT('',(11.819678784932,-18.12800150553,4.));
#7664 = SURFACE_CURVE('',#7665,(#7676,#7690),.PCURVE_S1.);
#7665 = B_SPLINE_CURVE_WITH_KNOTS('',5,(#7666,#7667,#7668,#7669,#7670,
    #7671,#7672,#7673,#7674,#7675),.UNSPECIFIED.,.F.,.F.,(6,4,6),(0.,
    0.561324795822,1.),.UNSPECIFIED.);
#7666 = CARTESIAN_POINT('',(11.819678784932,-18.12800150553,4.));
#7667 = CARTESIAN_POINT('',(11.819678784932,-18.16455813974,4.));
#7668 = CARTESIAN_POINT('',(11.816014492263,-18.19943299613,4.));
#7669 = CARTESIAN_POINT('',(11.808613057667,-18.23253229278,4.));
#7670 = CARTESIAN_POINT('',(11.7974465606,-18.26378125186,4.));
#7671 = CARTESIAN_POINT('',(11.77089283703,-18.31606350936,4.));
#7672 = CARTESIAN_POINT('',(11.756960643115,-18.33783738114,4.));
#7673 = CARTESIAN_POINT('',(11.740757367292,-18.3584260875,4.));
#7674 = CARTESIAN_POINT('',(11.722313522524,-18.37781576773,4.));
#7675 = CARTESIAN_POINT('',(11.701677482848,-18.39600280761,4.));
#7676 = PCURVE('',#6918,#7677);
#7677 = DEFINITIONAL_REPRESENTATION('',(#7678),#7689);
#7678 = B_SPLINE_CURVE_WITH_KNOTS('',5,(#7679,#7680,#7681,#7682,#7683,
    #7684,#7685,#7686,#7687,#7688),.UNSPECIFIED.,.F.,.F.,(6,4,6),(0.,
    0.561324795822,1.),.UNSPECIFIED.);
#7679 = CARTESIAN_POINT('',(1.,-0.6));
#7680 = CARTESIAN_POINT('',(0.888549501522,-0.6));
#7681 = CARTESIAN_POINT('',(0.776545347153,-0.6));
#7682 = CARTESIAN_POINT('',(0.664160509386,-0.6));
#7683 = CARTESIAN_POINT('',(0.551579677551,-0.6));
#7684 = CARTESIAN_POINT('',(0.351019006815,-0.6));
#7685 = CARTESIAN_POINT('',(0.26303717352,-0.6));
#7686 = CARTESIAN_POINT('',(0.175147610723,-0.6));
#7687 = CARTESIAN_POINT('',(8.74398812204E-02,-0.6));
#7688 = CARTESIAN_POINT('',(0.,-0.6));
#7689 = ( GEOMETRIC_REPRESENTATION_CONTEXT(2) 
PARAMETRIC_REPRESENTATION_CONTEXT() REPRESENTATION_CONTEXT('2D SPACE',''
  ) );
#7690 = PCURVE('',#7266,#7691);
#7691 = DEFINITIONAL_REPRESENTATION('',(#7692),#7703);
#7692 = B_SPLINE_CURVE_WITH_KNOTS('',5,(#7693,#7694,#7695,#7696,#7697,
    #7698,#7699,#7700,#7701,#7702),.UNSPECIFIED.,.F.,.F.,(6,4,6),(0.,
    0.561324795822,1.),.UNSPECIFIED.);
#7693 = CARTESIAN_POINT('',(39.889023230832,-11.02327788099));
#7694 = CARTESIAN_POINT('',(39.892840260219,-11.05963469316));
#7695 = CARTESIAN_POINT('',(39.892837424932,-11.09470152423));
#7696 = CARTESIAN_POINT('',(39.888932481752,-11.12839271138));
#7697 = CARTESIAN_POINT('',(39.881089854893,-11.16063680083));
#7698 = CARTESIAN_POINT('',(39.860140283261,-11.21540586265));
#7699 = CARTESIAN_POINT('',(39.848557744058,-11.23851543437));
#7700 = CARTESIAN_POINT('',(39.834592788872,-11.26068345196));
#7701 = CARTESIAN_POINT('',(39.818274316628,-11.28189294448));
#7702 = CARTESIAN_POINT('',(39.799650059567,-11.30213526653));
#7703 = ( GEOMETRIC_REPRESENTATION_CONTEXT(2) 
PARAMETRIC_REPRESENTATION_CONTEXT() REPRESENTATION_CONTEXT('2D SPACE',''
  ) );
#7704 = ORIENTED_EDGE('',*,*,#7705,.F.);
#7705 = EDGE_CURVE('',#6903,#7662,#7706,.T.);
#7706 = SURFACE_CURVE('',#7707,(#7711,#7718),.PCURVE_S1.);
#7707 = LINE('',#7708,#7709);
#7708 = CARTESIAN_POINT('',(11.819678784932,-18.12800150553,3.4));
#7709 = VECTOR('',#7710,1.);
#7710 = DIRECTION('',(0.,0.,1.));
#7711 = PCURVE('',#6918,#7712);
#7712 = DEFINITIONAL_REPRESENTATION('',(#7713),#7717);
#7713 = LINE('',#7714,#7715);
#7714 = CARTESIAN_POINT('',(1.,0.));
#7715 = VECTOR('',#7716,1.);
#7716 = DIRECTION('',(0.,-1.));
#7717 = ( GEOMETRIC_REPRESENTATION_CONTEXT(2) 
PARAMETRIC_REPRESENTATION_CONTEXT() REPRESENTATION_CONTEXT('2D SPACE',''
  ) );
#7718 = PCURVE('',#6946,#7719);
#7719 = DEFINITIONAL_REPRESENTATION('',(#7720),#7724);
#7720 = LINE('',#7721,#7722);
#7721 = CARTESIAN_POINT('',(0.,0.));
#7722 = VECTOR('',#7723,1.);
#7723 = DIRECTION('',(0.,-1.));
#7724 = ( GEOMETRIC_REPRESENTATION_CONTEXT(2) 
PARAMETRIC_REPRESENTATION_CONTEXT() REPRESENTATION_CONTEXT('2D SPACE',''
  ) );
#7725 = ADVANCED_FACE('',(#7726),#6946,.F.);
#7726 = FACE_BOUND('',#7727,.F.);
#7727 = EDGE_LOOP('',(#7728,#7729,#7730,#7772));
#7728 = ORIENTED_EDGE('',*,*,#6932,.F.);
#7729 = ORIENTED_EDGE('',*,*,#7705,.T.);
#7730 = ORIENTED_EDGE('',*,*,#7731,.F.);
#7731 = EDGE_CURVE('',#7214,#7662,#7732,.T.);
#7732 = SURFACE_CURVE('',#7733,(#7744,#7758),.PCURVE_S1.);
#7733 = B_SPLINE_CURVE_WITH_KNOTS('',5,(#7734,#7735,#7736,#7737,#7738,
    #7739,#7740,#7741,#7742,#7743),.UNSPECIFIED.,.F.,.F.,(6,4,6),(0.,
    0.422609954691,1.),.UNSPECIFIED.);
#7734 = CARTESIAN_POINT('',(11.703676180765,-17.86000020345,4.));
#7735 = CARTESIAN_POINT('',(11.723230817755,-17.87753111439,4.));
#7736 = CARTESIAN_POINT('',(11.740779630521,-17.8961763874,4.));
#7737 = CARTESIAN_POINT('',(11.756281926599,-17.91593236181,4.));
#7738 = CARTESIAN_POINT('',(11.769711804543,-17.93678680358,4.));
#7739 = CARTESIAN_POINT('',(11.796560082157,-17.9886835973,4.));
#7740 = CARTESIAN_POINT('',(11.808173327298,-18.02066048179,4.));
#7741 = CARTESIAN_POINT('',(11.81586959363,-18.05459560669,4.));
#7742 = CARTESIAN_POINT('',(11.819678784932,-18.09040936429,4.));
#7743 = CARTESIAN_POINT('',(11.819678784932,-18.12800150553,4.));
#7744 = PCURVE('',#6946,#7745);
#7745 = DEFINITIONAL_REPRESENTATION('',(#7746),#7757);
#7746 = B_SPLINE_CURVE_WITH_KNOTS('',5,(#7747,#7748,#7749,#7750,#7751,
    #7752,#7753,#7754,#7755,#7756),.UNSPECIFIED.,.F.,.F.,(6,4,6),(0.,
    0.422609954691,1.),.UNSPECIFIED.);
#7747 = CARTESIAN_POINT('',(1.,-0.6));
#7748 = CARTESIAN_POINT('',(0.915714663776,-0.6));
#7749 = CARTESIAN_POINT('',(0.831195255423,-0.6));
#7750 = CARTESIAN_POINT('',(0.746517109385,-0.6));
#7751 = CARTESIAN_POINT('',(0.661758371699,-0.6));
#7752 = CARTESIAN_POINT('',(0.461199036173,-0.6));
#7753 = CARTESIAN_POINT('',(0.345396147032,-0.6));
#7754 = CARTESIAN_POINT('',(0.229800440374,-0.6));
#7755 = CARTESIAN_POINT('',(0.114607456906,-0.6));
#7756 = CARTESIAN_POINT('',(0.,-0.6));
#7757 = ( GEOMETRIC_REPRESENTATION_CONTEXT(2) 
PARAMETRIC_REPRESENTATION_CONTEXT() REPRESENTATION_CONTEXT('2D SPACE',''
  ) );
#7758 = PCURVE('',#7266,#7759);
#7759 = DEFINITIONAL_REPRESENTATION('',(#7760),#7771);
#7760 = B_SPLINE_CURVE_WITH_KNOTS('',5,(#7761,#7762,#7763,#7764,#7765,
    #7766,#7767,#7768,#7769,#7770),.UNSPECIFIED.,.F.,.F.,(6,4,6),(0.,
    0.422609954691,1.),.UNSPECIFIED.);
#7761 = CARTESIAN_POINT('',(39.745671583436,-10.76885381121));
#7762 = CARTESIAN_POINT('',(39.766949807847,-10.784247116));
#7763 = CARTESIAN_POINT('',(39.786349527212,-10.80095812805));
#7764 = CARTESIAN_POINT('',(39.803829889272,-10.81898745557));
#7765 = CARTESIAN_POINT('',(39.819363856752,-10.83832563587));
#7766 = CARTESIAN_POINT('',(39.851484138023,-10.88713541707));
#7767 = CARTESIAN_POINT('',(39.866372742839,-10.91772492591));
#7768 = CARTESIAN_POINT('',(39.877570247404,-10.95067095918));
#7769 = CARTESIAN_POINT('',(39.885098079873,-10.98589122197));
#7770 = CARTESIAN_POINT('',(39.889023230832,-11.02327788099));
#7771 = ( GEOMETRIC_REPRESENTATION_CONTEXT(2) 
PARAMETRIC_REPRESENTATION_CONTEXT() REPRESENTATION_CONTEXT('2D SPACE',''
  ) );
#7772 = ORIENTED_EDGE('',*,*,#7213,.F.);
#7773 = ADVANCED_FACE('',(#7774),#6980,.F.);
#7774 = FACE_BOUND('',#7775,.F.);
#7775 = EDGE_LOOP('',(#7776,#7777,#7800,#7849));
#7776 = ORIENTED_EDGE('',*,*,#6962,.F.);
#7777 = ORIENTED_EDGE('',*,*,#7778,.T.);
#7778 = EDGE_CURVE('',#6963,#7779,#7781,.T.);
#7779 = VERTEX_POINT('',#7780);
#7780 = CARTESIAN_POINT('',(11.391683993265,-18.88000020345,4.));
#7781 = SURFACE_CURVE('',#7782,(#7786,#7793),.PCURVE_S1.);
#7782 = LINE('',#7783,#7784);
#7783 = CARTESIAN_POINT('',(11.391683993265,-18.88000020345,3.4));
#7784 = VECTOR('',#7785,1.);
#7785 = DIRECTION('',(0.,0.,1.));
#7786 = PCURVE('',#6980,#7787);
#7787 = DEFINITIONAL_REPRESENTATION('',(#7788),#7792);
#7788 = LINE('',#7789,#7790);
#7789 = CARTESIAN_POINT('',(0.,0.));
#7790 = VECTOR('',#7791,1.);
#7791 = DIRECTION('',(0.,-1.));
#7792 = ( GEOMETRIC_REPRESENTATION_CONTEXT(2) 
PARAMETRIC_REPRESENTATION_CONTEXT() REPRESENTATION_CONTEXT('2D SPACE',''
  ) );
#7793 = PCURVE('',#7188,#7794);
#7794 = DEFINITIONAL_REPRESENTATION('',(#7795),#7799);
#7795 = LINE('',#7796,#7797);
#7796 = CARTESIAN_POINT('',(1.,0.));
#7797 = VECTOR('',#7798,1.);
#7798 = DIRECTION('',(0.,-1.));
#7799 = ( GEOMETRIC_REPRESENTATION_CONTEXT(2) 
PARAMETRIC_REPRESENTATION_CONTEXT() REPRESENTATION_CONTEXT('2D SPACE',''
  ) );
#7800 = ORIENTED_EDGE('',*,*,#7801,.F.);
#7801 = EDGE_CURVE('',#7802,#7779,#7804,.T.);
#7802 = VERTEX_POINT('',#7803);
#7803 = CARTESIAN_POINT('',(11.069678784932,-19.00800150553,4.));
#7804 = SURFACE_CURVE('',#7805,(#7816,#7830),.PCURVE_S1.);
#7805 = B_SPLINE_CURVE_WITH_KNOTS('',5,(#7806,#7807,#7808,#7809,#7810,
    #7811,#7812,#7813,#7814,#7815),.UNSPECIFIED.,.F.,.F.,(6,4,6),(0.,
    0.304907288362,1.),.UNSPECIFIED.);
#7806 = CARTESIAN_POINT('',(11.069678784932,-19.00800150553,4.));
#7807 = CARTESIAN_POINT('',(11.084574979723,-18.9923732192,4.));
#7808 = CARTESIAN_POINT('',(11.100225628627,-18.97790833486,4.));
#7809 = CARTESIAN_POINT('',(11.11662714763,-18.96462534355,4.));
#7810 = CARTESIAN_POINT('',(11.133772079292,-18.95253698318,4.));
#7811 = CARTESIAN_POINT('',(11.192403060363,-18.9168318852,4.));
#7812 = CARTESIAN_POINT('',(11.236963834673,-18.89825677234,4.));
#7813 = CARTESIAN_POINT('',(11.285192385902,-18.88601137022,4.));
#7814 = CARTESIAN_POINT('',(11.336860998799,-18.88000020345,4.));
#7815 = CARTESIAN_POINT('',(11.391683993265,-18.88000020345,4.));
#7816 = PCURVE('',#6980,#7817);
#7817 = DEFINITIONAL_REPRESENTATION('',(#7818),#7829);
#7818 = B_SPLINE_CURVE_WITH_KNOTS('',5,(#7819,#7820,#7821,#7822,#7823,
    #7824,#7825,#7826,#7827,#7828),.UNSPECIFIED.,.F.,.F.,(6,4,6),(0.,
    0.304907288362,1.),.UNSPECIFIED.);
#7819 = CARTESIAN_POINT('',(1.,-0.6));
#7820 = CARTESIAN_POINT('',(0.938952627536,-0.6));
#7821 = CARTESIAN_POINT('',(0.877791353636,-0.6));
#7822 = CARTESIAN_POINT('',(0.816553306099,-0.6));
#7823 = CARTESIAN_POINT('',(0.755276532462,-0.6));
#7824 = CARTESIAN_POINT('',(0.554308779966,-0.6));
#7825 = CARTESIAN_POINT('',(0.414610998101,-0.6));
#7826 = CARTESIAN_POINT('',(0.275385950659,-0.6));
#7827 = CARTESIAN_POINT('',(0.137057486165,-0.6));
#7828 = CARTESIAN_POINT('',(0.,-0.6));
#7829 = ( GEOMETRIC_REPRESENTATION_CONTEXT(2) 
PARAMETRIC_REPRESENTATION_CONTEXT() REPRESENTATION_CONTEXT('2D SPACE',''
  ) );
#7830 = PCURVE('',#7831,#7836);
#7831 = PLANE('',#7832);
#7832 = AXIS2_PLACEMENT_3D('',#7833,#7834,#7835);
#7833 = CARTESIAN_POINT('',(-26.70032121506,-3.,4.));
#7834 = DIRECTION('',(-2.011080212013E-18,-1.915533209503E-17,1.));
#7835 = DIRECTION('',(0.994533904972,-0.104414136312,3.851859888774E-34)
  );
#7836 = DEFINITIONAL_REPRESENTATION('',(#7837),#7848);
#7837 = B_SPLINE_CURVE_WITH_KNOTS('',5,(#7838,#7839,#7840,#7841,#7842,
    #7843,#7844,#7845,#7846,#7847),.UNSPECIFIED.,.F.,.F.,(6,4,6),(0.,
    0.304907288362,1.),.UNSPECIFIED.);
#7838 = CARTESIAN_POINT('',(39.235007242057,-11.9767783196));
#7839 = CARTESIAN_POINT('',(39.248190198813,-11.95968008565));
#7840 = CARTESIAN_POINT('',(39.262244961378,-11.94366011876));
#7841 = CARTESIAN_POINT('',(39.277169896054,-11.9287371831));
#7842 = CARTESIAN_POINT('',(39.292958916183,-11.91492472563));
#7843 = CARTESIAN_POINT('',(39.347541297772,-11.87329289185));
#7844 = CARTESIAN_POINT('',(39.389918994289,-11.85016653756));
#7845 = CARTESIAN_POINT('',(39.436605330589,-11.83295232745));
#7846 = CARTESIAN_POINT('',(39.48736386715,-11.8215790847));
#7847 = CARTESIAN_POINT('',(39.541887193919,-11.81585478908));
#7848 = ( GEOMETRIC_REPRESENTATION_CONTEXT(2) 
PARAMETRIC_REPRESENTATION_CONTEXT() REPRESENTATION_CONTEXT('2D SPACE',''
  ) );
#7849 = ORIENTED_EDGE('',*,*,#7850,.F.);
#7850 = EDGE_CURVE('',#6965,#7802,#7851,.T.);
#7851 = SURFACE_CURVE('',#7852,(#7856,#7863),.PCURVE_S1.);
#7852 = LINE('',#7853,#7854);
#7853 = CARTESIAN_POINT('',(11.069678784932,-19.00800150553,3.4));
#7854 = VECTOR('',#7855,1.);
#7855 = DIRECTION('',(0.,0.,1.));
#7856 = PCURVE('',#6980,#7857);
#7857 = DEFINITIONAL_REPRESENTATION('',(#7858),#7862);
#7858 = LINE('',#7859,#7860);
#7859 = CARTESIAN_POINT('',(1.,0.));
#7860 = VECTOR('',#7861,1.);
#7861 = DIRECTION('',(0.,-1.));
#7862 = ( GEOMETRIC_REPRESENTATION_CONTEXT(2) 
PARAMETRIC_REPRESENTATION_CONTEXT() REPRESENTATION_CONTEXT('2D SPACE',''
  ) );
#7863 = PCURVE('',#7010,#7864);
#7864 = DEFINITIONAL_REPRESENTATION('',(#7865),#7869);
#7865 = LINE('',#7866,#7867);
#7866 = CARTESIAN_POINT('',(0.,0.));
#7867 = VECTOR('',#7868,1.);
#7868 = DIRECTION('',(0.,-1.));
#7869 = ( GEOMETRIC_REPRESENTATION_CONTEXT(2) 
PARAMETRIC_REPRESENTATION_CONTEXT() REPRESENTATION_CONTEXT('2D SPACE',''
  ) );
#7870 = ADVANCED_FACE('',(#7871),#7010,.F.);
#7871 = FACE_BOUND('',#7872,.F.);
#7872 = EDGE_LOOP('',(#7873,#7874,#7875,#7919));
#7873 = ORIENTED_EDGE('',*,*,#6994,.F.);
#7874 = ORIENTED_EDGE('',*,*,#7850,.T.);
#7875 = ORIENTED_EDGE('',*,*,#7876,.F.);
#7876 = EDGE_CURVE('',#7877,#7802,#7879,.T.);
#7877 = VERTEX_POINT('',#7878);
#7878 = CARTESIAN_POINT('',(10.947673576598,-19.35200541178,4.));
#7879 = SURFACE_CURVE('',#7880,(#7891,#7905),.PCURVE_S1.);
#7880 = B_SPLINE_CURVE_WITH_KNOTS('',5,(#7881,#7882,#7883,#7884,#7885,
    #7886,#7887,#7888,#7889,#7890),.UNSPECIFIED.,.F.,.F.,(6,4,6),(0.,
    0.841205134842,1.),.UNSPECIFIED.);
#7881 = CARTESIAN_POINT('',(10.947673576598,-19.35200541178,4.));
#7882 = CARTESIAN_POINT('',(10.947673576598,-19.28074714531,4.));
#7883 = CARTESIAN_POINT('',(10.955972296164,-19.21452457778,4.));
#7884 = CARTESIAN_POINT('',(10.973012277738,-19.15392057774,4.));
#7885 = CARTESIAN_POINT('',(10.999002639885,-19.09940202688,4.));
#7886 = CARTESIAN_POINT('',(11.040321707344,-19.04211841156,4.));
#7887 = CARTESIAN_POINT('',(11.047195512549,-19.03324750502,4.));
#7888 = CARTESIAN_POINT('',(11.054380733305,-19.0246036049,4.));
#7889 = CARTESIAN_POINT('',(11.061875815522,-19.01618796132,4.));
#7890 = CARTESIAN_POINT('',(11.069678784932,-19.00800150553,4.));
#7891 = PCURVE('',#7010,#7892);
#7892 = DEFINITIONAL_REPRESENTATION('',(#7893),#7904);
#7893 = B_SPLINE_CURVE_WITH_KNOTS('',5,(#7894,#7895,#7896,#7897,#7898,
    #7899,#7900,#7901,#7902,#7903),.UNSPECIFIED.,.F.,.F.,(6,4,6),(0.,
    0.841205134842,1.),.UNSPECIFIED.);
#7894 = CARTESIAN_POINT('',(1.,-0.6));
#7895 = CARTESIAN_POINT('',(0.835052297762,-0.6));
#7896 = CARTESIAN_POINT('',(0.667905326329,-0.6));
#7897 = CARTESIAN_POINT('',(0.499169417518,-0.6));
#7898 = CARTESIAN_POINT('',(0.329576151065,-0.6));
#7899 = CARTESIAN_POINT('',(0.127988994685,-0.6));
#7900 = CARTESIAN_POINT('',(9.597798521106E-02,-0.6));
#7901 = CARTESIAN_POINT('',(6.397249669181E-02,-0.6));
#7902 = CARTESIAN_POINT('',(3.197801764659E-02,-0.6));
#7903 = CARTESIAN_POINT('',(0.,-0.6));
#7904 = ( GEOMETRIC_REPRESENTATION_CONTEXT(2) 
PARAMETRIC_REPRESENTATION_CONTEXT() REPRESENTATION_CONTEXT('2D SPACE',''
  ) );
#7905 = PCURVE('',#7831,#7906);
#7906 = DEFINITIONAL_REPRESENTATION('',(#7907),#7918);
#7907 = B_SPLINE_CURVE_WITH_KNOTS('',5,(#7908,#7909,#7910,#7911,#7912,
    #7913,#7914,#7915,#7916,#7917),.UNSPECIFIED.,.F.,.F.,(6,4,6),(0.,
    0.841205134842,1.),.UNSPECIFIED.);
#7908 = CARTESIAN_POINT('',(39.149587796546,-12.33164093626));
#7909 = CARTESIAN_POINT('',(39.142147426197,-12.26077217425));
#7910 = CARTESIAN_POINT('',(39.14348621198,-12.19404508192));
#7911 = CARTESIAN_POINT('',(39.154105137075,-12.13199313416));
#7912 = CARTESIAN_POINT('',(39.174260926031,-12.07505882565));
#7913 = CARTESIAN_POINT('',(39.209372920322,-12.01377403328));
#7914 = CARTESIAN_POINT('',(39.21528290461,-12.00423389352));
#7915 = CARTESIAN_POINT('',(39.221526304901,-11.99488700316));
#7916 = CARTESIAN_POINT('',(39.228101706131,-11.98573476776));
#7917 = CARTESIAN_POINT('',(39.235007242057,-11.9767783196));
#7918 = ( GEOMETRIC_REPRESENTATION_CONTEXT(2) 
PARAMETRIC_REPRESENTATION_CONTEXT() REPRESENTATION_CONTEXT('2D SPACE',''
  ) );
#7919 = ORIENTED_EDGE('',*,*,#7920,.F.);
#7920 = EDGE_CURVE('',#6995,#7877,#7921,.T.);
#7921 = SURFACE_CURVE('',#7922,(#7926,#7933),.PCURVE_S1.);
#7922 = LINE('',#7923,#7924);
#7923 = CARTESIAN_POINT('',(10.947673576598,-19.35200541178,3.4));
#7924 = VECTOR('',#7925,1.);
#7925 = DIRECTION('',(0.,0.,1.));
#7926 = PCURVE('',#7010,#7927);
#7927 = DEFINITIONAL_REPRESENTATION('',(#7928),#7932);
#7928 = LINE('',#7929,#7930);
#7929 = CARTESIAN_POINT('',(1.,0.));
#7930 = VECTOR('',#7931,1.);
#7931 = DIRECTION('',(0.,-1.));
#7932 = ( GEOMETRIC_REPRESENTATION_CONTEXT(2) 
PARAMETRIC_REPRESENTATION_CONTEXT() REPRESENTATION_CONTEXT('2D SPACE',''
  ) );
#7933 = PCURVE('',#7040,#7934);
#7934 = DEFINITIONAL_REPRESENTATION('',(#7935),#7939);
#7935 = LINE('',#7936,#7937);
#7936 = CARTESIAN_POINT('',(0.,0.));
#7937 = VECTOR('',#7938,1.);
#7938 = DIRECTION('',(0.,-1.));
#7939 = ( GEOMETRIC_REPRESENTATION_CONTEXT(2) 
PARAMETRIC_REPRESENTATION_CONTEXT() REPRESENTATION_CONTEXT('2D SPACE',''
  ) );
#7940 = ADVANCED_FACE('',(#7941),#7040,.F.);
#7941 = FACE_BOUND('',#7942,.F.);
#7942 = EDGE_LOOP('',(#7943,#7944,#7945,#7989));
#7943 = ORIENTED_EDGE('',*,*,#7024,.F.);
#7944 = ORIENTED_EDGE('',*,*,#7920,.T.);
#7945 = ORIENTED_EDGE('',*,*,#7946,.F.);
#7946 = EDGE_CURVE('',#7947,#7877,#7949,.T.);
#7947 = VERTEX_POINT('',#7948);
#7948 = CARTESIAN_POINT('',(11.067673576598,-19.68800150553,4.));
#7949 = SURFACE_CURVE('',#7950,(#7961,#7975),.PCURVE_S1.);
#7950 = B_SPLINE_CURVE_WITH_KNOTS('',5,(#7951,#7952,#7953,#7954,#7955,
    #7956,#7957,#7958,#7959,#7960),.UNSPECIFIED.,.F.,.F.,(6,4,6),(0.,
    0.157809489774,1.),.UNSPECIFIED.);
#7951 = CARTESIAN_POINT('',(11.067673576598,-19.68800150553,4.));
#7952 = CARTESIAN_POINT('',(11.060046600605,-19.68012004873,4.));
#7953 = CARTESIAN_POINT('',(11.052718817322,-19.67201253605,4.));
#7954 = CARTESIAN_POINT('',(11.045692092425,-19.66367983175,4.));
#7955 = CARTESIAN_POINT('',(11.038967894812,-19.65512310534,4.));
#7956 = CARTESIAN_POINT('',(10.998282139964,-19.59949100266,4.));
#7957 = CARTESIAN_POINT('',(10.972660361023,-19.54629519714,4.));
#7958 = CARTESIAN_POINT('',(10.955858718961,-19.48699240126,4.));
#7959 = CARTESIAN_POINT('',(10.947673576598,-19.42203834067,4.));
#7960 = CARTESIAN_POINT('',(10.947673576598,-19.35200541178,4.));
#7961 = PCURVE('',#7040,#7962);
#7962 = DEFINITIONAL_REPRESENTATION('',(#7963),#7974);
#7963 = B_SPLINE_CURVE_WITH_KNOTS('',5,(#7964,#7965,#7966,#7967,#7968,
    #7969,#7970,#7971,#7972,#7973),.UNSPECIFIED.,.F.,.F.,(6,4,6),(0.,
    0.157809489774,1.),.UNSPECIFIED.);
#7964 = CARTESIAN_POINT('',(1.,-0.6));
#7965 = CARTESIAN_POINT('',(0.968220933363,-0.6));
#7966 = CARTESIAN_POINT('',(0.936426118253,-0.6));
#7967 = CARTESIAN_POINT('',(0.90462081956,-0.6));
#7968 = CARTESIAN_POINT('',(0.872810335977,-0.6));
#7969 = CARTESIAN_POINT('',(0.671236045214,-0.6));
#7970 = CARTESIAN_POINT('',(0.501459486931,-0.6));
#7971 = CARTESIAN_POINT('',(0.332532603074,-0.6));
#7972 = CARTESIAN_POINT('',(0.165178089144,-0.6));
#7973 = CARTESIAN_POINT('',(0.,-0.6));
#7974 = ( GEOMETRIC_REPRESENTATION_CONTEXT(2) 
PARAMETRIC_REPRESENTATION_CONTEXT() REPRESENTATION_CONTEXT('2D SPACE',''
  ) );
#7975 = PCURVE('',#7831,#7976);
#7976 = DEFINITIONAL_REPRESENTATION('',(#7977),#7988);
#7977 = B_SPLINE_CURVE_WITH_KNOTS('',5,(#7978,#7979,#7980,#7981,#7982,
    #7983,#7984,#7985,#7986,#7987),.UNSPECIFIED.,.F.,.F.,(6,4,6),(0.,
    0.157809489774,1.),.UNSPECIFIED.);
#7978 = CARTESIAN_POINT('',(39.304014607075,-12.65327074707));
#7979 = CARTESIAN_POINT('',(39.295606385353,-12.64622873518));
#7980 = CARTESIAN_POINT('',(39.287472117496,-12.6389306631));
#7981 = CARTESIAN_POINT('',(39.279613749223,-12.63137719556));
#7982 = CARTESIAN_POINT('',(39.272032863515,-12.62356934232));
#7983 = CARTESIAN_POINT('',(39.225760722916,-12.57248949795));
#7984 = CARTESIAN_POINT('',(39.194724600965,-12.52225974167));
#7985 = CARTESIAN_POINT('',(39.171822748062,-12.46503542946));
#7986 = CARTESIAN_POINT('',(39.156900224329,-12.4012910585));
#7987 = CARTESIAN_POINT('',(39.149587796546,-12.33164093626));
#7988 = ( GEOMETRIC_REPRESENTATION_CONTEXT(2) 
PARAMETRIC_REPRESENTATION_CONTEXT() REPRESENTATION_CONTEXT('2D SPACE',''
  ) );
#7989 = ORIENTED_EDGE('',*,*,#7990,.F.);
#7990 = EDGE_CURVE('',#7025,#7947,#7991,.T.);
#7991 = SURFACE_CURVE('',#7992,(#7996,#8003),.PCURVE_S1.);
#7992 = LINE('',#7993,#7994);
#7993 = CARTESIAN_POINT('',(11.067673576598,-19.68800150553,3.4));
#7994 = VECTOR('',#7995,1.);
#7995 = DIRECTION('',(0.,0.,1.));
#7996 = PCURVE('',#7040,#7997);
#7997 = DEFINITIONAL_REPRESENTATION('',(#7998),#8002);
#7998 = LINE('',#7999,#8000);
#7999 = CARTESIAN_POINT('',(1.,0.));
#8000 = VECTOR('',#8001,1.);
#8001 = DIRECTION('',(0.,-1.));
#8002 = ( GEOMETRIC_REPRESENTATION_CONTEXT(2) 
PARAMETRIC_REPRESENTATION_CONTEXT() REPRESENTATION_CONTEXT('2D SPACE',''
  ) );
#8003 = PCURVE('',#7070,#8004);
#8004 = DEFINITIONAL_REPRESENTATION('',(#8005),#8009);
#8005 = LINE('',#8006,#8007);
#8006 = CARTESIAN_POINT('',(0.,0.));
#8007 = VECTOR('',#8008,1.);
#8008 = DIRECTION('',(0.,-1.));
#8009 = ( GEOMETRIC_REPRESENTATION_CONTEXT(2) 
PARAMETRIC_REPRESENTATION_CONTEXT() REPRESENTATION_CONTEXT('2D SPACE',''
  ) );
#8010 = ADVANCED_FACE('',(#8011),#7070,.F.);
#8011 = FACE_BOUND('',#8012,.F.);
#8012 = EDGE_LOOP('',(#8013,#8014,#8015,#8059));
#8013 = ORIENTED_EDGE('',*,*,#7054,.F.);
#8014 = ORIENTED_EDGE('',*,*,#7990,.T.);
#8015 = ORIENTED_EDGE('',*,*,#8016,.F.);
#8016 = EDGE_CURVE('',#8017,#7947,#8019,.T.);
#8017 = VERTEX_POINT('',#8018);
#8018 = CARTESIAN_POINT('',(11.391677482848,-19.81200541178,4.));
#8019 = SURFACE_CURVE('',#8020,(#8031,#8045),.PCURVE_S1.);
#8020 = B_SPLINE_CURVE_WITH_KNOTS('',5,(#8021,#8022,#8023,#8024,#8025,
    #8026,#8027,#8028,#8029,#8030),.UNSPECIFIED.,.F.,.F.,(6,4,6),(0.,
    0.766251240063,1.),.UNSPECIFIED.);
#8021 = CARTESIAN_POINT('',(11.391677482848,-19.81200541178,4.));
#8022 = CARTESIAN_POINT('',(11.330196909426,-19.81200541178,4.));
#8023 = CARTESIAN_POINT('',(11.272799053512,-19.80496637283,4.));
#8024 = CARTESIAN_POINT('',(11.219893726654,-19.79057417372,4.));
#8025 = CARTESIAN_POINT('',(11.171804962264,-19.76868837191,4.));
#8026 = CARTESIAN_POINT('',(11.115567180594,-19.7305114077,4.));
#8027 = CARTESIAN_POINT('',(11.102886338469,-19.72090178438,4.));
#8028 = CARTESIAN_POINT('',(11.090675056301,-19.71060971717,4.));
#8029 = CARTESIAN_POINT('',(11.078936793113,-19.69964052924,4.));
#8030 = CARTESIAN_POINT('',(11.067673576598,-19.68800150553,4.));
#8031 = PCURVE('',#7070,#8032);
#8032 = DEFINITIONAL_REPRESENTATION('',(#8033),#8044);
#8033 = B_SPLINE_CURVE_WITH_KNOTS('',5,(#8034,#8035,#8036,#8037,#8038,
    #8039,#8040,#8041,#8042,#8043),.UNSPECIFIED.,.F.,.F.,(6,4,6),(0.,
    0.766251240063,1.),.UNSPECIFIED.);
#8034 = CARTESIAN_POINT('',(1.,-0.6));
#8035 = CARTESIAN_POINT('',(0.849315205398,-0.6));
#8036 = CARTESIAN_POINT('',(0.696949719349,-0.6));
#8037 = CARTESIAN_POINT('',(0.543386416332,-0.6));
#8038 = CARTESIAN_POINT('',(0.389186299081,-0.6));
#8039 = CARTESIAN_POINT('',(0.187964700969,-0.6));
#8040 = CARTESIAN_POINT('',(0.140929609933,-0.6));
#8041 = CARTESIAN_POINT('',(9.391229385438E-02,-0.6));
#8042 = CARTESIAN_POINT('',(4.693006881251E-02,-0.6));
#8043 = CARTESIAN_POINT('',(0.,-0.6));
#8044 = ( GEOMETRIC_REPRESENTATION_CONTEXT(2) 
PARAMETRIC_REPRESENTATION_CONTEXT() REPRESENTATION_CONTEXT('2D SPACE',''
  ) );
#8045 = PCURVE('',#7831,#8046);
#8046 = DEFINITIONAL_REPRESENTATION('',(#8047),#8058);
#8047 = B_SPLINE_CURVE_WITH_KNOTS('',5,(#8048,#8049,#8050,#8051,#8052,
    #8053,#8054,#8055,#8056,#8057),.UNSPECIFIED.,.F.,.F.,(6,4,6),(0.,
    0.766251240063,1.),.UNSPECIFIED.);
#8048 = CARTESIAN_POINT('',(39.639195237955,-12.74276624816));
#8049 = CARTESIAN_POINT('',(39.578050723189,-12.74918568913));
#8050 = CARTESIAN_POINT('',(39.520231634238,-12.74817827379));
#8051 = CARTESIAN_POINT('',(39.466112743883,-12.73938880782));
#8052 = CARTESIAN_POINT('',(39.416001650157,-12.72264378268));
#8053 = CARTESIAN_POINT('',(39.3560850548,-12.69054751679));
#8054 = CARTESIAN_POINT('',(39.342470146844,-12.68231447976));
#8055 = CARTESIAN_POINT('',(39.329250975396,-12.67335370044));
#8056 = CARTESIAN_POINT('',(39.316431536386,-12.66367011175));
#8057 = CARTESIAN_POINT('',(39.304014607075,-12.65327074707));
#8058 = ( GEOMETRIC_REPRESENTATION_CONTEXT(2) 
PARAMETRIC_REPRESENTATION_CONTEXT() REPRESENTATION_CONTEXT('2D SPACE',''
  ) );
#8059 = ORIENTED_EDGE('',*,*,#8060,.F.);
#8060 = EDGE_CURVE('',#7055,#8017,#8061,.T.);
#8061 = SURFACE_CURVE('',#8062,(#8066,#8073),.PCURVE_S1.);
#8062 = LINE('',#8063,#8064);
#8063 = CARTESIAN_POINT('',(11.391677482848,-19.81200541178,3.4));
#8064 = VECTOR('',#8065,1.);
#8065 = DIRECTION('',(0.,0.,1.));
#8066 = PCURVE('',#7070,#8067);
#8067 = DEFINITIONAL_REPRESENTATION('',(#8068),#8072);
#8068 = LINE('',#8069,#8070);
#8069 = CARTESIAN_POINT('',(1.,0.));
#8070 = VECTOR('',#8071,1.);
#8071 = DIRECTION('',(0.,-1.));
#8072 = ( GEOMETRIC_REPRESENTATION_CONTEXT(2) 
PARAMETRIC_REPRESENTATION_CONTEXT() REPRESENTATION_CONTEXT('2D SPACE',''
  ) );
#8073 = PCURVE('',#7100,#8074);
#8074 = DEFINITIONAL_REPRESENTATION('',(#8075),#8079);
#8075 = LINE('',#8076,#8077);
#8076 = CARTESIAN_POINT('',(0.,0.));
#8077 = VECTOR('',#8078,1.);
#8078 = DIRECTION('',(0.,-1.));
#8079 = ( GEOMETRIC_REPRESENTATION_CONTEXT(2) 
PARAMETRIC_REPRESENTATION_CONTEXT() REPRESENTATION_CONTEXT('2D SPACE',''
  ) );
#8080 = ADVANCED_FACE('',(#8081),#7100,.F.);
#8081 = FACE_BOUND('',#8082,.F.);
#8082 = EDGE_LOOP('',(#8083,#8084,#8085,#8129));
#8083 = ORIENTED_EDGE('',*,*,#7084,.F.);
#8084 = ORIENTED_EDGE('',*,*,#8060,.T.);
#8085 = ORIENTED_EDGE('',*,*,#8086,.F.);
#8086 = EDGE_CURVE('',#8087,#8017,#8089,.T.);
#8087 = VERTEX_POINT('',#8088);
#8088 = CARTESIAN_POINT('',(11.717680087015,-19.68800150553,4.));
#8089 = SURFACE_CURVE('',#8090,(#8101,#8115),.PCURVE_S1.);
#8090 = B_SPLINE_CURVE_WITH_KNOTS('',5,(#8091,#8092,#8093,#8094,#8095,
    #8096,#8097,#8098,#8099,#8100),.UNSPECIFIED.,.F.,.F.,(6,4,6),(0.,
    0.241770898623,1.),.UNSPECIFIED.);
#8091 = CARTESIAN_POINT('',(11.717680087015,-19.68800150553,4.));
#8092 = CARTESIAN_POINT('',(11.705840248729,-19.70003594706,4.));
#8093 = CARTESIAN_POINT('',(11.693503908493,-19.71135444149,4.));
#8094 = CARTESIAN_POINT('',(11.680673330819,-19.72194897158,4.));
#8095 = CARTESIAN_POINT('',(11.667352354834,-19.73181372559,4.));
#8096 = CARTESIAN_POINT('',(11.610248871198,-19.7695824222,4.));
#8097 = CARTESIAN_POINT('',(11.562178315828,-19.79100871719,4.));
#8098 = CARTESIAN_POINT('',(11.509508886723,-19.80510568511,4.));
#8099 = CARTESIAN_POINT('',(11.452546628578,-19.81200541178,4.));
#8100 = CARTESIAN_POINT('',(11.391677482848,-19.81200541178,4.));
#8101 = PCURVE('',#7100,#8102);
#8102 = DEFINITIONAL_REPRESENTATION('',(#8103),#8114);
#8103 = B_SPLINE_CURVE_WITH_KNOTS('',5,(#8104,#8105,#8106,#8107,#8108,
    #8109,#8110,#8111,#8112,#8113),.UNSPECIFIED.,.F.,.F.,(6,4,6),(0.,
    0.241770898623,1.),.UNSPECIFIED.);
#8104 = CARTESIAN_POINT('',(1.,-0.6));
#8105 = CARTESIAN_POINT('',(0.951475554705,-0.6));
#8106 = CARTESIAN_POINT('',(0.902894645031,-0.6));
#8107 = CARTESIAN_POINT('',(0.854275815757,-0.6));
#8108 = CARTESIAN_POINT('',(0.805637896156,-0.6));
#8109 = CARTESIAN_POINT('',(0.604464403262,-0.6));
#8110 = CARTESIAN_POINT('',(0.451918278941,-0.6));
#8111 = CARTESIAN_POINT('',(0.299980217692,-0.6));
#8112 = CARTESIAN_POINT('',(0.14918622601,-0.6));
#8113 = CARTESIAN_POINT('',(0.,-0.6));
#8114 = ( GEOMETRIC_REPRESENTATION_CONTEXT(2) 
PARAMETRIC_REPRESENTATION_CONTEXT() REPRESENTATION_CONTEXT('2D SPACE',''
  ) );
#8115 = PCURVE('',#7831,#8116);
#8116 = DEFINITIONAL_REPRESENTATION('',(#8117),#8128);
#8117 = B_SPLINE_CURVE_WITH_KNOTS('',5,(#8118,#8119,#8120,#8121,#8122,
    #8123,#8124,#8125,#8126,#8127),.UNSPECIFIED.,.F.,.F.,(6,4,6),(0.,
    0.241770898623,1.),.UNSPECIFIED.);
#8118 = CARTESIAN_POINT('',(39.950468120137,-12.58540087869));
#8119 = CARTESIAN_POINT('',(39.93994956535,-12.59860578531));
#8120 = CARTESIAN_POINT('',(39.928862467543,-12.61115050009));
#8121 = CARTESIAN_POINT('',(39.917208241734,-12.62302681315));
#8122 = CARTESIAN_POINT('',(39.90499009924,-12.63422854368));
#8123 = CARTESIAN_POINT('',(39.852142334508,-12.67775320393));
#8124 = CARTESIAN_POINT('',(39.806571745447,-12.70408162628));
#8125 = CARTESIAN_POINT('',(39.755662135178,-12.72360097179));
#8126 = CARTESIAN_POINT('',(39.699731667149,-12.73641064888));
#8127 = CARTESIAN_POINT('',(39.639195237955,-12.74276624816));
#8128 = ( GEOMETRIC_REPRESENTATION_CONTEXT(2) 
PARAMETRIC_REPRESENTATION_CONTEXT() REPRESENTATION_CONTEXT('2D SPACE',''
  ) );
#8129 = ORIENTED_EDGE('',*,*,#8130,.F.);
#8130 = EDGE_CURVE('',#7085,#8087,#8131,.T.);
#8131 = SURFACE_CURVE('',#8132,(#8136,#8143),.PCURVE_S1.);
#8132 = LINE('',#8133,#8134);
#8133 = CARTESIAN_POINT('',(11.717680087015,-19.68800150553,3.4));
#8134 = VECTOR('',#8135,1.);
#8135 = DIRECTION('',(0.,0.,1.));
#8136 = PCURVE('',#7100,#8137);
#8137 = DEFINITIONAL_REPRESENTATION('',(#8138),#8142);
#8138 = LINE('',#8139,#8140);
#8139 = CARTESIAN_POINT('',(1.,0.));
#8140 = VECTOR('',#8141,1.);
#8141 = DIRECTION('',(0.,-1.));
#8142 = ( GEOMETRIC_REPRESENTATION_CONTEXT(2) 
PARAMETRIC_REPRESENTATION_CONTEXT() REPRESENTATION_CONTEXT('2D SPACE',''
  ) );
#8143 = PCURVE('',#7130,#8144);
#8144 = DEFINITIONAL_REPRESENTATION('',(#8145),#8149);
#8145 = LINE('',#8146,#8147);
#8146 = CARTESIAN_POINT('',(0.,0.));
#8147 = VECTOR('',#8148,1.);
#8148 = DIRECTION('',(0.,-1.));
#8149 = ( GEOMETRIC_REPRESENTATION_CONTEXT(2) 
PARAMETRIC_REPRESENTATION_CONTEXT() REPRESENTATION_CONTEXT('2D SPACE',''
  ) );
#8150 = ADVANCED_FACE('',(#8151),#7130,.F.);
#8151 = FACE_BOUND('',#8152,.F.);
#8152 = EDGE_LOOP('',(#8153,#8154,#8155,#8199));
#8153 = ORIENTED_EDGE('',*,*,#7114,.F.);
#8154 = ORIENTED_EDGE('',*,*,#8130,.T.);
#8155 = ORIENTED_EDGE('',*,*,#8156,.F.);
#8156 = EDGE_CURVE('',#8157,#8087,#8159,.T.);
#8157 = VERTEX_POINT('',#8158);
#8158 = CARTESIAN_POINT('',(11.839678784932,-19.36000020345,4.));
#8159 = SURFACE_CURVE('',#8160,(#8171,#8185),.PCURVE_S1.);
#8160 = B_SPLINE_CURVE_WITH_KNOTS('',5,(#8161,#8162,#8163,#8164,#8165,
    #8166,#8167,#8168,#8169,#8170),.UNSPECIFIED.,.F.,.F.,(6,4,6),(0.,
    0.769187231264,1.),.UNSPECIFIED.);
#8161 = CARTESIAN_POINT('',(11.839678784932,-19.36000020345,4.));
#8162 = CARTESIAN_POINT('',(11.839678784932,-19.42176217532,4.));
#8163 = CARTESIAN_POINT('',(11.832689587923,-19.47960015937,4.));
#8164 = CARTESIAN_POINT('',(11.818412909973,-19.53312789929,4.));
#8165 = CARTESIAN_POINT('',(11.796717029038,-19.58203901554,4.));
#8166 = CARTESIAN_POINT('',(11.759020090077,-19.63939710225,4.));
#8167 = CARTESIAN_POINT('',(11.749661636025,-19.65220485906,4.));
#8168 = CARTESIAN_POINT('',(11.739648685791,-19.66457685123,4.));
#8169 = CARTESIAN_POINT('',(11.728986002026,-19.676509763,4.));
#8170 = CARTESIAN_POINT('',(11.717680087015,-19.68800150553,4.));
#8171 = PCURVE('',#7130,#8172);
#8172 = DEFINITIONAL_REPRESENTATION('',(#8173),#8184);
#8173 = B_SPLINE_CURVE_WITH_KNOTS('',5,(#8174,#8175,#8176,#8177,#8178,
    #8179,#8180,#8181,#8182,#8183),.UNSPECIFIED.,.F.,.F.,(6,4,6),(0.,
    0.769187231264,1.),.UNSPECIFIED.);
#8174 = CARTESIAN_POINT('',(1.,-0.6));
#8175 = CARTESIAN_POINT('',(0.848620685515,-0.6));
#8176 = CARTESIAN_POINT('',(0.695626722691,-0.6));
#8177 = CARTESIAN_POINT('',(0.541485455962,-0.6));
#8178 = CARTESIAN_POINT('',(0.386736133766,-0.6));
#8179 = CARTESIAN_POINT('',(0.185567773871,-0.6));
#8180 = CARTESIAN_POINT('',(0.139135774083,-0.6));
#8181 = CARTESIAN_POINT('',(9.271999304641E-02,-0.6));
#8182 = CARTESIAN_POINT('',(4.633621179729E-02,-0.6));
#8183 = CARTESIAN_POINT('',(0.,-0.6));
#8184 = ( GEOMETRIC_REPRESENTATION_CONTEXT(2) 
PARAMETRIC_REPRESENTATION_CONTEXT() REPRESENTATION_CONTEXT('2D SPACE',''
  ) );
#8185 = PCURVE('',#7831,#8186);
#8186 = DEFINITIONAL_REPRESENTATION('',(#8187),#8198);
#8187 = B_SPLINE_CURVE_WITH_KNOTS('',5,(#8188,#8189,#8190,#8191,#8192,
    #8193,#8194,#8195,#8196,#8197),.UNSPECIFIED.,.F.,.F.,(6,4,6),(0.,
    0.769187231264,1.),.UNSPECIFIED.);
#8188 = CARTESIAN_POINT('',(40.037551988911,-12.24645407422));
#8189 = CARTESIAN_POINT('',(40.044000811862,-12.30787844929));
#8190 = CARTESIAN_POINT('',(40.043088921618,-12.36613005639));
#8191 = CARTESIAN_POINT('',(40.03447933408,-12.4208558956));
#8192 = CARTESIAN_POINT('',(40.018009056851,-12.47176501571));
#8193 = CARTESIAN_POINT('',(39.986507168024,-12.53274567098));
#8194 = CARTESIAN_POINT('',(39.978537179037,-12.54646057428));
#8195 = CARTESIAN_POINT('',(39.969870771417,-12.55981043351));
#8196 = CARTESIAN_POINT('',(39.960512335572,-12.57279145377));
#8197 = CARTESIAN_POINT('',(39.950468120137,-12.58540087869));
#8198 = ( GEOMETRIC_REPRESENTATION_CONTEXT(2) 
PARAMETRIC_REPRESENTATION_CONTEXT() REPRESENTATION_CONTEXT('2D SPACE',''
  ) );
#8199 = ORIENTED_EDGE('',*,*,#8200,.F.);
#8200 = EDGE_CURVE('',#7115,#8157,#8201,.T.);
#8201 = SURFACE_CURVE('',#8202,(#8206,#8213),.PCURVE_S1.);
#8202 = LINE('',#8203,#8204);
#8203 = CARTESIAN_POINT('',(11.839678784932,-19.36000020345,3.4));
#8204 = VECTOR('',#8205,1.);
#8205 = DIRECTION('',(0.,0.,1.));
#8206 = PCURVE('',#7130,#8207);
#8207 = DEFINITIONAL_REPRESENTATION('',(#8208),#8212);
#8208 = LINE('',#8209,#8210);
#8209 = CARTESIAN_POINT('',(1.,0.));
#8210 = VECTOR('',#8211,1.);
#8211 = DIRECTION('',(0.,-1.));
#8212 = ( GEOMETRIC_REPRESENTATION_CONTEXT(2) 
PARAMETRIC_REPRESENTATION_CONTEXT() REPRESENTATION_CONTEXT('2D SPACE',''
  ) );
#8213 = PCURVE('',#7160,#8214);
#8214 = DEFINITIONAL_REPRESENTATION('',(#8215),#8219);
#8215 = LINE('',#8216,#8217);
#8216 = CARTESIAN_POINT('',(0.,0.));
#8217 = VECTOR('',#8218,1.);
#8218 = DIRECTION('',(0.,-1.));
#8219 = ( GEOMETRIC_REPRESENTATION_CONTEXT(2) 
PARAMETRIC_REPRESENTATION_CONTEXT() REPRESENTATION_CONTEXT('2D SPACE',''
  ) );
#8220 = ADVANCED_FACE('',(#8221),#7160,.F.);
#8221 = FACE_BOUND('',#8222,.F.);
#8222 = EDGE_LOOP('',(#8223,#8224,#8225,#8269));
#8223 = ORIENTED_EDGE('',*,*,#7144,.F.);
#8224 = ORIENTED_EDGE('',*,*,#8200,.T.);
#8225 = ORIENTED_EDGE('',*,*,#8226,.F.);
#8226 = EDGE_CURVE('',#8227,#8157,#8229,.T.);
#8227 = VERTEX_POINT('',#8228);
#8228 = CARTESIAN_POINT('',(11.719678784932,-19.01000020345,4.));
#8229 = SURFACE_CURVE('',#8230,(#8241,#8255),.PCURVE_S1.);
#8230 = B_SPLINE_CURVE_WITH_KNOTS('',5,(#8231,#8232,#8233,#8234,#8235,
    #8236,#8237,#8238,#8239,#8240),.UNSPECIFIED.,.F.,.F.,(6,4,6),(0.,
    0.118950611066,1.),.UNSPECIFIED.);
#8231 = CARTESIAN_POINT('',(11.719678784932,-19.01000020345,4.));
#8232 = CARTESIAN_POINT('',(11.725436572905,-19.01623780708,4.));
#8233 = CARTESIAN_POINT('',(11.731023351271,-19.0226067069,4.));
#8234 = CARTESIAN_POINT('',(11.736438370319,-19.0291064558,4.));
#8235 = CARTESIAN_POINT('',(11.741681011001,-19.03573650487,4.));
#8236 = CARTESIAN_POINT('',(11.784301842327,-19.09256427997,4.));
#8237 = CARTESIAN_POINT('',(11.812373591093,-19.14975096765,4.));
#8238 = CARTESIAN_POINT('',(11.830749079952,-19.21377642455,4.));
#8239 = CARTESIAN_POINT('',(11.839678784932,-19.28408826492,4.));
#8240 = CARTESIAN_POINT('',(11.839678784932,-19.36000020345,4.));
#8241 = PCURVE('',#7160,#8242);
#8242 = DEFINITIONAL_REPRESENTATION('',(#8243),#8254);
#8243 = B_SPLINE_CURVE_WITH_KNOTS('',5,(#8244,#8245,#8246,#8247,#8248,
    #8249,#8250,#8251,#8252,#8253),.UNSPECIFIED.,.F.,.F.,(6,4,6),(0.,
    0.118950611066,1.),.UNSPECIFIED.);
#8244 = CARTESIAN_POINT('',(1.,-0.6));
#8245 = CARTESIAN_POINT('',(0.976009216777,-0.6));
#8246 = CARTESIAN_POINT('',(0.952011526791,-0.6));
#8247 = CARTESIAN_POINT('',(0.928009224108,-0.6));
#8248 = CARTESIAN_POINT('',(0.904004611413,-0.6));
#8249 = CARTESIAN_POINT('',(0.702201432787,-0.6));
#8250 = CARTESIAN_POINT('',(0.52438211631,-0.6));
#8251 = CARTESIAN_POINT('',(0.347547858256,-0.6));
#8252 = CARTESIAN_POINT('',(0.172527133017,-0.6));
#8253 = CARTESIAN_POINT('',(0.,-0.6));
#8254 = ( GEOMETRIC_REPRESENTATION_CONTEXT(2) 
PARAMETRIC_REPRESENTATION_CONTEXT() REPRESENTATION_CONTEXT('2D SPACE',''
  ) );
#8255 = PCURVE('',#7831,#8256);
#8256 = DEFINITIONAL_REPRESENTATION('',(#8257),#8268);
#8257 = B_SPLINE_CURVE_WITH_KNOTS('',5,(#8258,#8259,#8260,#8261,#8262,
    #8263,#8264,#8265,#8266,#8267),.UNSPECIFIED.,.F.,.F.,(6,4,6),(0.,
    0.118950611066,1.),.UNSPECIFIED.);
#8258 = CARTESIAN_POINT('',(39.881662972606,-11.91089690384));
#8259 = CARTESIAN_POINT('',(39.88804058196,-11.91649921768));
#8260 = CARTESIAN_POINT('',(39.894261825638,-11.92224996585));
#8261 = CARTESIAN_POINT('',(39.900325911344,-11.92814878197));
#8262 = CARTESIAN_POINT('',(39.906232166102,-11.93419518476));
#8263 = CARTESIAN_POINT('',(39.954553650969,-11.98626211655));
#8264 = CARTESIAN_POINT('',(39.988443055491,-12.04020512896));
#8265 = CARTESIAN_POINT('',(40.013403264966,-12.10196195583));
#8266 = CARTESIAN_POINT('',(40.029625709414,-12.17095707756));
#8267 = CARTESIAN_POINT('',(40.037551988911,-12.24645407422));
#8268 = ( GEOMETRIC_REPRESENTATION_CONTEXT(2) 
PARAMETRIC_REPRESENTATION_CONTEXT() REPRESENTATION_CONTEXT('2D SPACE',''
  ) );
#8269 = ORIENTED_EDGE('',*,*,#8270,.F.);
#8270 = EDGE_CURVE('',#7145,#8227,#8271,.T.);
#8271 = SURFACE_CURVE('',#8272,(#8276,#8283),.PCURVE_S1.);
#8272 = LINE('',#8273,#8274);
#8273 = CARTESIAN_POINT('',(11.719678784932,-19.01000020345,3.4));
#8274 = VECTOR('',#8275,1.);
#8275 = DIRECTION('',(0.,0.,1.));
#8276 = PCURVE('',#7160,#8277);
#8277 = DEFINITIONAL_REPRESENTATION('',(#8278),#8282);
#8278 = LINE('',#8279,#8280);
#8279 = CARTESIAN_POINT('',(1.,0.));
#8280 = VECTOR('',#8281,1.);
#8281 = DIRECTION('',(0.,-1.));
#8282 = ( GEOMETRIC_REPRESENTATION_CONTEXT(2) 
PARAMETRIC_REPRESENTATION_CONTEXT() REPRESENTATION_CONTEXT('2D SPACE',''
  ) );
#8283 = PCURVE('',#7188,#8284);
#8284 = DEFINITIONAL_REPRESENTATION('',(#8285),#8289);
#8285 = LINE('',#8286,#8287);
#8286 = CARTESIAN_POINT('',(0.,0.));
#8287 = VECTOR('',#8288,1.);
#8288 = DIRECTION('',(0.,-1.));
#8289 = ( GEOMETRIC_REPRESENTATION_CONTEXT(2) 
PARAMETRIC_REPRESENTATION_CONTEXT() REPRESENTATION_CONTEXT('2D SPACE',''
  ) );
#8290 = ADVANCED_FACE('',(#8291),#7188,.F.);
#8291 = FACE_BOUND('',#8292,.F.);
#8292 = EDGE_LOOP('',(#8293,#8294,#8295,#8337));
#8293 = ORIENTED_EDGE('',*,*,#7174,.F.);
#8294 = ORIENTED_EDGE('',*,*,#8270,.T.);
#8295 = ORIENTED_EDGE('',*,*,#8296,.F.);
#8296 = EDGE_CURVE('',#7779,#8227,#8297,.T.);
#8297 = SURFACE_CURVE('',#8298,(#8309,#8323),.PCURVE_S1.);
#8298 = B_SPLINE_CURVE_WITH_KNOTS('',5,(#8299,#8300,#8301,#8302,#8303,
    #8304,#8305,#8306,#8307,#8308),.UNSPECIFIED.,.F.,.F.,(6,4,6),(0.,
    0.745332097741,1.),.UNSPECIFIED.);
#8299 = CARTESIAN_POINT('',(11.391683993265,-18.88000020345,4.));
#8300 = CARTESIAN_POINT('',(11.452615613097,-18.88000020345,4.));
#8301 = CARTESIAN_POINT('',(11.509529280773,-18.88697293806,4.));
#8302 = CARTESIAN_POINT('',(11.562006892967,-18.90123970127,4.));
#8303 = CARTESIAN_POINT('',(11.609716127614,-18.92294535559,4.));
#8304 = CARTESIAN_POINT('',(11.667080932887,-18.96187367753,4.));
#8305 = CARTESIAN_POINT('',(11.681112004463,-18.97264105213,4.));
#8306 = CARTESIAN_POINT('',(11.694558110992,-18.98425713486,4.));
#8307 = CARTESIAN_POINT('',(11.707414511278,-18.99671390699,4.));
#8308 = CARTESIAN_POINT('',(11.719678784932,-19.01000020345,4.));
#8309 = PCURVE('',#7188,#8310);
#8310 = DEFINITIONAL_REPRESENTATION('',(#8311),#8322);
#8311 = B_SPLINE_CURVE_WITH_KNOTS('',5,(#8312,#8313,#8314,#8315,#8316,
    #8317,#8318,#8319,#8320,#8321),.UNSPECIFIED.,.F.,.F.,(6,4,6),(0.,
    0.745332097741,1.),.UNSPECIFIED.);
#8312 = CARTESIAN_POINT('',(1.,-0.6));
#8313 = CARTESIAN_POINT('',(0.853526092304,-0.6));
#8314 = CARTESIAN_POINT('',(0.705365186936,-0.6));
#8315 = CARTESIAN_POINT('',(0.555999567336,-0.6));
#8316 = CARTESIAN_POINT('',(0.405992389672,-0.6));
#8317 = CARTESIAN_POINT('',(0.204750030559,-0.6));
#8318 = CARTESIAN_POINT('',(0.153500370987,-0.6));
#8319 = CARTESIAN_POINT('',(0.102275925819,-0.6));
#8320 = CARTESIAN_POINT('',(5.110114022399E-02,-0.6));
#8321 = CARTESIAN_POINT('',(0.,-0.6));
#8322 = ( GEOMETRIC_REPRESENTATION_CONTEXT(2) 
PARAMETRIC_REPRESENTATION_CONTEXT() REPRESENTATION_CONTEXT('2D SPACE',''
  ) );
#8323 = PCURVE('',#7831,#8324);
#8324 = DEFINITIONAL_REPRESENTATION('',(#8325),#8336);
#8325 = B_SPLINE_CURVE_WITH_KNOTS('',5,(#8326,#8327,#8328,#8329,#8330,
    #8331,#8332,#8333,#8334,#8335),.UNSPECIFIED.,.F.,.F.,(6,4,6),(0.,
    0.745332097741,1.),.UNSPECIFIED.);
#8326 = CARTESIAN_POINT('',(39.541887193919,-11.81585478908));
#8327 = CARTESIAN_POINT('',(39.602485755726,-11.80949266662));
#8328 = CARTESIAN_POINT('',(39.659816379949,-11.81048469615));
#8329 = CARTESIAN_POINT('',(39.713496796287,-11.81919407133));
#8330 = CARTESIAN_POINT('',(39.763211624872,-11.83579956194));
#8331 = CARTESIAN_POINT('',(39.824327535782,-11.86852540138));
#8332 = CARTESIAN_POINT('',(39.839406178306,-11.87776887827));
#8333 = CARTESIAN_POINT('',(39.853991670384,-11.88791750278));
#8334 = CARTESIAN_POINT('',(39.868078459468,-11.89896379508));
#8335 = CARTESIAN_POINT('',(39.881662972606,-11.91089690384));
#8336 = ( GEOMETRIC_REPRESENTATION_CONTEXT(2) 
PARAMETRIC_REPRESENTATION_CONTEXT() REPRESENTATION_CONTEXT('2D SPACE',''
  ) );
#8337 = ORIENTED_EDGE('',*,*,#7778,.F.);
#8338 = ADVANCED_FACE('',(#8339),#7266,.T.);
#8339 = FACE_BOUND('',#8340,.T.);
#8340 = EDGE_LOOP('',(#8341,#8342,#8343,#8344,#8345,#8346,#8347,#8348));
#8341 = ORIENTED_EDGE('',*,*,#7236,.F.);
#8342 = ORIENTED_EDGE('',*,*,#7311,.F.);
#8343 = ORIENTED_EDGE('',*,*,#7381,.F.);
#8344 = ORIENTED_EDGE('',*,*,#7451,.F.);
#8345 = ORIENTED_EDGE('',*,*,#7521,.F.);
#8346 = ORIENTED_EDGE('',*,*,#7591,.F.);
#8347 = ORIENTED_EDGE('',*,*,#7661,.F.);
#8348 = ORIENTED_EDGE('',*,*,#7731,.F.);
#8349 = ADVANCED_FACE('',(#8350),#7831,.T.);
#8350 = FACE_BOUND('',#8351,.T.);
#8351 = EDGE_LOOP('',(#8352,#8353,#8354,#8355,#8356,#8357,#8358,#8359));
#8352 = ORIENTED_EDGE('',*,*,#7801,.F.);
#8353 = ORIENTED_EDGE('',*,*,#7876,.F.);
#8354 = ORIENTED_EDGE('',*,*,#7946,.F.);
#8355 = ORIENTED_EDGE('',*,*,#8016,.F.);
#8356 = ORIENTED_EDGE('',*,*,#8086,.F.);
#8357 = ORIENTED_EDGE('',*,*,#8156,.F.);
#8358 = ORIENTED_EDGE('',*,*,#8226,.F.);
#8359 = ORIENTED_EDGE('',*,*,#8296,.F.);
#8360 = ( GEOMETRIC_REPRESENTATION_CONTEXT(3) 
GLOBAL_UNCERTAINTY_ASSIGNED_CONTEXT((#8364)) 
GLOBAL_UNIT_ASSIGNED_CONTEXT((#8361,#8362,#8363)) REPRESENTATION_CONTEXT
('Context #1','3D Context with UNIT and UNCERTAINTY') );
#8361 = ( LENGTH_UNIT() NAMED_UNIT(*) SI_UNIT(.MILLI.,.METRE.) );
#8362 = ( NAMED_UNIT(*) PLANE_ANGLE_UNIT() SI_UNIT($,.RADIAN.) );
#8363 = ( NAMED_UNIT(*) SI_UNIT($,.STERADIAN.) SOLID_ANGLE_UNIT() );
#8364 = UNCERTAINTY_MEASURE_WITH_UNIT(LENGTH_MEASURE(2.E-06),#8361,
  'distance_accuracy_value','confusion accuracy');
#8365 = CONTEXT_DEPENDENT_SHAPE_REPRESENTATION(#8366,#8368);
#8366 = ( REPRESENTATION_RELATIONSHIP('','',#2255,#10) 
REPRESENTATION_RELATIONSHIP_WITH_TRANSFORMATION(#8367) 
SHAPE_REPRESENTATION_RELATIONSHIP() );
#8367 = ITEM_DEFINED_TRANSFORMATION('','',#11,#19);
#8368 = PRODUCT_DEFINITION_SHAPE('Placement','Placement of an item',
  #8369);
#8369 = NEXT_ASSEMBLY_USAGE_OCCURRENCE('12','','',#5,#2250,$);
#8370 = PRODUCT_RELATED_PRODUCT_CATEGORY('part',$,(#2252));
ENDSEC;
END-ISO-10303-21;
